// Generated by scripts/gen_radix_tables.py from postgres-18.3 C sources. Do not edit.
use crate::{LocalToUtfCombined, PgMbRadixTree, UtfToLocalCombined};
static EUC_JIS_2004_TO_UNICODE_TREE_TABLE: [u32; 11727] = [
    0x000000, 0x000000, 0x000000, 0x000000, 0x000000, 0x000000, 0x000000, 0x000000, 0x000000,
    0x000000, 0x000000, 0x000000, 0x000000, 0x000000, 0x000000, 0x000000, 0x000000, 0x000000,
    0x000000, 0x000000, 0x000000, 0x000000, 0x000000, 0x000000, 0x000000, 0x000000, 0x000000,
    0x000000, 0x000000, 0x000000, 0x000000, 0x000000, 0x000000, 0x000000, 0x000000, 0x000000,
    0x000000, 0x000000, 0x000000, 0x000000, 0x000000, 0x000000, 0x000000, 0x000000, 0x000000,
    0x000000, 0x000000, 0x000000, 0x000000, 0x000000, 0x000000, 0x000000, 0x000000, 0x000000,
    0x000000, 0x000000, 0x000000, 0x000000, 0x000000, 0x000000, 0x000000, 0x000000, 0x000000,
    0x000000, 0x000000, 0x000000, 0x000000, 0x000000, 0x000000, 0x000000, 0x000000, 0x000000,
    0x000000, 0x000000, 0x000000, 0x000000, 0x000000, 0x000000, 0x000000, 0x000000, 0x000000,
    0x000000, 0x000000, 0x000000, 0x000000, 0x000000, 0x000000, 0x000000, 0x000000, 0x000000,
    0x000000, 0x000000, 0x000000, 0x000000, 0x000000, 0x000000, 0x000000, 0x000000, 0x000000,
    0x000000, 0x000000, 0x000000, 0x000000, 0x000000, 0x000000, 0x000000, 0x000000, 0x000000,
    0x000000, 0x000000, 0x000000, 0x000000, 0x000000, 0x00c280, 0x00c281, 0x00c282, 0x00c283,
    0x00c284, 0x00c285, 0x00c286, 0x00c287, 0x00c288, 0x00c289, 0x00c28a, 0x00c28b, 0x00c28c,
    0x00c28d, 0x00c28e, 0x00c28f, 0x00c290, 0x00c291, 0x00c292, 0x00c293, 0x00c294, 0x00c295,
    0x00c296, 0x00c297, 0x00c298, 0x00c299, 0x00c29a, 0x00c29b, 0x00c29c, 0x00c29d, 0x00c29e,
    0x00c29f, 0x000102, 0x000000, 0x000000, 0x000000, 0x000000, 0x000000, 0x000000, 0x000000,
    0x000000, 0x000000, 0x000000, 0x000000, 0x000000, 0x000000, 0x000000, 0x000000, 0x000000,
    0x000000, 0x000000, 0x000160, 0x0001be, 0x00021c, 0x00027a, 0x0002d8, 0x000336, 0x000394,
    0x0003f2, 0x000450, 0x0004ae, 0x00050c, 0x00056a, 0x0005c8, 0x000626, 0x000684, 0x0006e2,
    0x000740, 0x00079e, 0x0007fc, 0x00085a, 0x0008b8, 0x000916, 0x000974, 0x0009d2, 0x000a30,
    0x000a8e, 0x000aec, 0x000b4a, 0x000ba8, 0x000c06, 0x000c64, 0x000cc2, 0x000d20, 0x000d7e,
    0x000ddc, 0x000e3a, 0x000e98, 0x000ef6, 0x000f54, 0x000fb2, 0x001010, 0x00106e, 0x0010cc,
    0x00112a, 0x001188, 0x0011e6, 0x001244, 0x0012a2, 0x001300, 0x00135e, 0x0013bc, 0x00141a,
    0x001478, 0x0014d6, 0x001534, 0x001592, 0x0015f0, 0x00164e, 0x0016ac, 0x00170a, 0x001768,
    0x0017c6, 0x001824, 0x001882, 0x0018e0, 0x00193e, 0x00199c, 0x0019fa, 0x001a58, 0x001ab6,
    0x001b14, 0x001b72, 0x001bd0, 0x001c2e, 0x001c8c, 0x001cea, 0x001d48, 0x001da6, 0x001e04,
    0x001e62, 0x001ec0, 0x001f1e, 0x001f7c, 0x001fda, 0x002038, 0x002096, 0x0020f4, 0x002152,
    0x0021b0, 0x00220e, 0x00226c, 0x0022ca, 0x002328, 0x002386, 0xefbda1, 0xefbda2, 0xefbda3,
    0xefbda4, 0xefbda5, 0xefbda6, 0xefbda7, 0xefbda8, 0xefbda9, 0xefbdaa, 0xefbdab, 0xefbdac,
    0xefbdad, 0xefbdae, 0xefbdaf, 0xefbdb0, 0xefbdb1, 0xefbdb2, 0xefbdb3, 0xefbdb4, 0xefbdb5,
    0xefbdb6, 0xefbdb7, 0xefbdb8, 0xefbdb9, 0xefbdba, 0xefbdbb, 0xefbdbc, 0xefbdbd, 0xefbdbe,
    0xefbdbf, 0xefbe80, 0xefbe81, 0xefbe82, 0xefbe83, 0xefbe84, 0xefbe85, 0xefbe86, 0xefbe87,
    0xefbe88, 0xefbe89, 0xefbe8a, 0xefbe8b, 0xefbe8c, 0xefbe8d, 0xefbe8e, 0xefbe8f, 0xefbe90,
    0xefbe91, 0xefbe92, 0xefbe93, 0xefbe94, 0xefbe95, 0xefbe96, 0xefbe97, 0xefbe98, 0xefbe99,
    0xefbe9a, 0xefbe9b, 0xefbe9c, 0xefbe9d, 0xefbe9e, 0xefbe9f, 0x000000, 0x000000, 0x000000,
    0x000000, 0x000000, 0x000000, 0x000000, 0x000000, 0x000000, 0x000000, 0x000000, 0x000000,
    0x000000, 0x000000, 0x000000, 0x000000, 0x000000, 0x000000, 0x000000, 0x000000, 0x000000,
    0x000000, 0x000000, 0x000000, 0x000000, 0x000000, 0x000000, 0x000000, 0x000000, 0x000000,
    0x000000, 0xe38080, 0xe38081, 0xe38082, 0xefbc8c, 0xefbc8e, 0xe383bb, 0xefbc9a, 0xefbc9b,
    0xefbc9f, 0xefbc81, 0xe3829b, 0xe3829c, 0x00c2b4, 0xefbd80, 0x00c2a8, 0xefbcbe, 0xe280be,
    0xefbcbf, 0xe383bd, 0xe383be, 0xe3829d, 0xe3829e, 0xe38083, 0xe4bb9d, 0xe38085, 0xe38086,
    0xe38087, 0xe383bc, 0xe28094, 0xe28090, 0xefbc8f, 0xefbcbc, 0xe3809c, 0xe28096, 0xefbd9c,
    0xe280a6, 0xe280a5, 0xe28098, 0xe28099, 0xe2809c, 0xe2809d, 0xefbc88, 0xefbc89, 0xe38094,
    0xe38095, 0xefbcbb, 0xefbcbd, 0xefbd9b, 0xefbd9d, 0xe38088, 0xe38089, 0xe3808a, 0xe3808b,
    0xe3808c, 0xe3808d, 0xe3808e, 0xe3808f, 0xe38090, 0xe38091, 0xefbc8b, 0xe28892, 0x00c2b1,
    0x00c397, 0x00c3b7, 0xefbc9d, 0xe289a0, 0xefbc9c, 0xefbc9e, 0xe289a6, 0xe289a7, 0xe2889e,
    0xe288b4, 0xe29982, 0xe29980, 0x00c2b0, 0xe280b2, 0xe280b3, 0xe28483, 0x00c2a5, 0xefbc84,
    0x00c2a2, 0x00c2a3, 0xefbc85, 0xefbc83, 0xefbc86, 0xefbc8a, 0xefbca0, 0x00c2a7, 0xe29886,
    0xe29885, 0xe2978b, 0xe2978f, 0xe2978e, 0xe29787, 0xe29786, 0xe296a1, 0xe296a0, 0xe296b3,
    0xe296b2, 0xe296bd, 0xe296bc, 0xe280bb, 0xe38092, 0xe28692, 0xe28690, 0xe28691, 0xe28693,
    0xe38093, 0xefbc87, 0xefbc82, 0xefbc8d, 0xefbd9e, 0xe380b3, 0xe380b4, 0xe380b5, 0xe380bb,
    0xe380bc, 0xe383bf, 0xe3829f, 0xe28888, 0xe2888b, 0xe28a86, 0xe28a87, 0xe28a82, 0xe28a83,
    0xe288aa, 0xe288a9, 0xe28a84, 0xe28a85, 0xe28a8a, 0xe28a8b, 0xe28889, 0xe28885, 0xe28c85,
    0xe28c86, 0xe288a7, 0xe288a8, 0x00c2ac, 0xe28792, 0xe28794, 0xe28880, 0xe28883, 0xe28a95,
    0xe28a96, 0xe28a97, 0xe288a5, 0xe288a6, 0xefbd9f, 0xefbda0, 0xe38098, 0xe38099, 0xe38096,
    0xe38097, 0xe288a0, 0xe28aa5, 0xe28c92, 0xe28882, 0xe28887, 0xe289a1, 0xe28992, 0xe289aa,
    0xe289ab, 0xe2889a, 0xe288bd, 0xe2889d, 0xe288b5, 0xe288ab, 0xe288ac, 0xe289a2, 0xe28983,
    0xe28985, 0xe28988, 0xe289b6, 0xe289b7, 0xe28694, 0xe284ab, 0xe280b0, 0xe299af, 0xe299ad,
    0xe299aa, 0xe280a0, 0xe280a1, 0x00c2b6, 0xe299ae, 0xe299ab, 0xe299ac, 0xe299a9, 0xe297af,
    0xe296b7, 0xe296b6, 0xe29781, 0xe29780, 0xe28697, 0xe28698, 0xe28696, 0xe28699, 0xe28784,
    0xe287a8, 0xe287a6, 0xe287a7, 0xe287a9, 0xe2a4b4, 0xe2a4b5, 0xefbc90, 0xefbc91, 0xefbc92,
    0xefbc93, 0xefbc94, 0xefbc95, 0xefbc96, 0xefbc97, 0xefbc98, 0xefbc99, 0xe2a6bf, 0xe29789,
    0xe380bd, 0xefb986, 0xefb985, 0xe297a6, 0xe280a2, 0xefbca1, 0xefbca2, 0xefbca3, 0xefbca4,
    0xefbca5, 0xefbca6, 0xefbca7, 0xefbca8, 0xefbca9, 0xefbcaa, 0xefbcab, 0xefbcac, 0xefbcad,
    0xefbcae, 0xefbcaf, 0xefbcb0, 0xefbcb1, 0xefbcb2, 0xefbcb3, 0xefbcb4, 0xefbcb5, 0xefbcb6,
    0xefbcb7, 0xefbcb8, 0xefbcb9, 0xefbcba, 0xe28893, 0xe284b5, 0xe2848f, 0xe38f8b, 0xe28493,
    0xe284a7, 0xefbd81, 0xefbd82, 0xefbd83, 0xefbd84, 0xefbd85, 0xefbd86, 0xefbd87, 0xefbd88,
    0xefbd89, 0xefbd8a, 0xefbd8b, 0xefbd8c, 0xefbd8d, 0xefbd8e, 0xefbd8f, 0xefbd90, 0xefbd91,
    0xefbd92, 0xefbd93, 0xefbd94, 0xefbd95, 0xefbd96, 0xefbd97, 0xefbd98, 0xefbd99, 0xefbd9a,
    0xe382a0, 0xe28093, 0xe2a7ba, 0xe2a7bb, 0xe38181, 0xe38182, 0xe38183, 0xe38184, 0xe38185,
    0xe38186, 0xe38187, 0xe38188, 0xe38189, 0xe3818a, 0xe3818b, 0xe3818c, 0xe3818d, 0xe3818e,
    0xe3818f, 0xe38190, 0xe38191, 0xe38192, 0xe38193, 0xe38194, 0xe38195, 0xe38196, 0xe38197,
    0xe38198, 0xe38199, 0xe3819a, 0xe3819b, 0xe3819c, 0xe3819d, 0xe3819e, 0xe3819f, 0xe381a0,
    0xe381a1, 0xe381a2, 0xe381a3, 0xe381a4, 0xe381a5, 0xe381a6, 0xe381a7, 0xe381a8, 0xe381a9,
    0xe381aa, 0xe381ab, 0xe381ac, 0xe381ad, 0xe381ae, 0xe381af, 0xe381b0, 0xe381b1, 0xe381b2,
    0xe381b3, 0xe381b4, 0xe381b5, 0xe381b6, 0xe381b7, 0xe381b8, 0xe381b9, 0xe381ba, 0xe381bb,
    0xe381bc, 0xe381bd, 0xe381be, 0xe381bf, 0xe38280, 0xe38281, 0xe38282, 0xe38283, 0xe38284,
    0xe38285, 0xe38286, 0xe38287, 0xe38288, 0xe38289, 0xe3828a, 0xe3828b, 0xe3828c, 0xe3828d,
    0xe3828e, 0xe3828f, 0xe38290, 0xe38291, 0xe38292, 0xe38293, 0xe38294, 0xe38295, 0xe38296,
    0x000000, 0x000000, 0x000000, 0x000000, 0x000000, 0x000000, 0x000000, 0x000000, 0xe382a1,
    0xe382a2, 0xe382a3, 0xe382a4, 0xe382a5, 0xe382a6, 0xe382a7, 0xe382a8, 0xe382a9, 0xe382aa,
    0xe382ab, 0xe382ac, 0xe382ad, 0xe382ae, 0xe382af, 0xe382b0, 0xe382b1, 0xe382b2, 0xe382b3,
    0xe382b4, 0xe382b5, 0xe382b6, 0xe382b7, 0xe382b8, 0xe382b9, 0xe382ba, 0xe382bb, 0xe382bc,
    0xe382bd, 0xe382be, 0xe382bf, 0xe38380, 0xe38381, 0xe38382, 0xe38383, 0xe38384, 0xe38385,
    0xe38386, 0xe38387, 0xe38388, 0xe38389, 0xe3838a, 0xe3838b, 0xe3838c, 0xe3838d, 0xe3838e,
    0xe3838f, 0xe38390, 0xe38391, 0xe38392, 0xe38393, 0xe38394, 0xe38395, 0xe38396, 0xe38397,
    0xe38398, 0xe38399, 0xe3839a, 0xe3839b, 0xe3839c, 0xe3839d, 0xe3839e, 0xe3839f, 0xe383a0,
    0xe383a1, 0xe383a2, 0xe383a3, 0xe383a4, 0xe383a5, 0xe383a6, 0xe383a7, 0xe383a8, 0xe383a9,
    0xe383aa, 0xe383ab, 0xe383ac, 0xe383ad, 0xe383ae, 0xe383af, 0xe383b0, 0xe383b1, 0xe383b2,
    0xe383b3, 0xe383b4, 0xe383b5, 0xe383b6, 0x000000, 0x000000, 0x000000, 0x000000, 0x000000,
    0x000000, 0x000000, 0x000000, 0x00ce91, 0x00ce92, 0x00ce93, 0x00ce94, 0x00ce95, 0x00ce96,
    0x00ce97, 0x00ce98, 0x00ce99, 0x00ce9a, 0x00ce9b, 0x00ce9c, 0x00ce9d, 0x00ce9e, 0x00ce9f,
    0x00cea0, 0x00cea1, 0x00cea3, 0x00cea4, 0x00cea5, 0x00cea6, 0x00cea7, 0x00cea8, 0x00cea9,
    0xe299a4, 0xe299a0, 0xe299a2, 0xe299a6, 0xe299a1, 0xe299a5, 0xe299a7, 0xe299a3, 0x00ceb1,
    0x00ceb2, 0x00ceb3, 0x00ceb4, 0x00ceb5, 0x00ceb6, 0x00ceb7, 0x00ceb8, 0x00ceb9, 0x00ceba,
    0x00cebb, 0x00cebc, 0x00cebd, 0x00cebe, 0x00cebf, 0x00cf80, 0x00cf81, 0x00cf83, 0x00cf84,
    0x00cf85, 0x00cf86, 0x00cf87, 0x00cf88, 0x00cf89, 0x00cf82, 0xe293b5, 0xe293b6, 0xe293b7,
    0xe293b8, 0xe293b9, 0xe293ba, 0xe293bb, 0xe293bc, 0xe293bd, 0xe293be, 0xe29896, 0xe29897,
    0xe380a0, 0xe2988e, 0xe29880, 0xe29881, 0xe29882, 0xe29883, 0xe299a8, 0xe296b1, 0xe387b0,
    0xe387b1, 0xe387b2, 0xe387b3, 0xe387b4, 0xe387b5, 0xe387b6, 0xe387b7, 0xe387b8, 0xe387b9,
    0x000000, 0xe387ba, 0xe387bb, 0xe387bc, 0xe387bd, 0xe387be, 0xe387bf, 0x00d090, 0x00d091,
    0x00d092, 0x00d093, 0x00d094, 0x00d095, 0x00d081, 0x00d096, 0x00d097, 0x00d098, 0x00d099,
    0x00d09a, 0x00d09b, 0x00d09c, 0x00d09d, 0x00d09e, 0x00d09f, 0x00d0a0, 0x00d0a1, 0x00d0a2,
    0x00d0a3, 0x00d0a4, 0x00d0a5, 0x00d0a6, 0x00d0a7, 0x00d0a8, 0x00d0a9, 0x00d0aa, 0x00d0ab,
    0x00d0ac, 0x00d0ad, 0x00d0ae, 0x00d0af, 0xe28ebe, 0xe28ebf, 0xe28f80, 0xe28f81, 0xe28f82,
    0xe28f83, 0xe28f84, 0xe28f85, 0xe28f86, 0xe28f87, 0xe28f88, 0xe28f89, 0xe28f8a, 0xe28f8b,
    0xe28f8c, 0x00d0b0, 0x00d0b1, 0x00d0b2, 0x00d0b3, 0x00d0b4, 0x00d0b5, 0x00d191, 0x00d0b6,
    0x00d0b7, 0x00d0b8, 0x00d0b9, 0x00d0ba, 0x00d0bb, 0x00d0bc, 0x00d0bd, 0x00d0be, 0x00d0bf,
    0x00d180, 0x00d181, 0x00d182, 0x00d183, 0x00d184, 0x00d185, 0x00d186, 0x00d187, 0x00d188,
    0x00d189, 0x00d18a, 0x00d18b, 0x00d18c, 0x00d18d, 0x00d18e, 0x00d18f, 0xe383b7, 0xe383b8,
    0xe383b9, 0xe383ba, 0xe28b9a, 0xe28b9b, 0xe28593, 0xe28594, 0xe28595, 0xe29c93, 0xe28c98,
    0xe290a3, 0xe28f8e, 0xe29480, 0xe29482, 0xe2948c, 0xe29490, 0xe29498, 0xe29494, 0xe2949c,
    0xe294ac, 0xe294a4, 0xe294b4, 0xe294bc, 0xe29481, 0xe29483, 0xe2948f, 0xe29493, 0xe2949b,
    0xe29497, 0xe294a3, 0xe294b3, 0xe294ab, 0xe294bb, 0xe2958b, 0xe294a0, 0xe294af, 0xe294a8,
    0xe294b7, 0xe294bf, 0xe2949d, 0xe294b0, 0xe294a5, 0xe294b8, 0xe29582, 0xe38991, 0xe38992,
    0xe38993, 0xe38994, 0xe38995, 0xe38996, 0xe38997, 0xe38998, 0xe38999, 0xe3899a, 0xe3899b,
    0xe3899c, 0xe3899d, 0xe3899e, 0xe3899f, 0xe38ab1, 0xe38ab2, 0xe38ab3, 0xe38ab4, 0xe38ab5,
    0xe38ab6, 0xe38ab7, 0xe38ab8, 0xe38ab9, 0xe38aba, 0xe38abb, 0xe38abc, 0xe38abd, 0xe38abe,
    0xe38abf, 0x000000, 0x000000, 0x000000, 0x000000, 0x000000, 0x000000, 0x000000, 0x000000,
    0xe29790, 0xe29791, 0xe29792, 0xe29793, 0xe280bc, 0xe28187, 0xe28188, 0xe28189, 0x00c78d,
    0x00c78e, 0x00c790, 0xe1b8be, 0xe1b8bf, 0x00c7b8, 0x00c7b9, 0x00c791, 0x00c792, 0x00c794,
    0x00c796, 0x00c798, 0x00c79a, 0x00c79c, 0x000000, 0x000000, 0xe282ac, 0x00c2a0, 0x00c2a1,
    0x00c2a4, 0x00c2a6, 0x00c2a9, 0x00c2aa, 0x00c2ab, 0x00c2ad, 0x00c2ae, 0x00c2af, 0x00c2b2,
    0x00c2b3, 0x00c2b7, 0x00c2b8, 0x00c2b9, 0x00c2ba, 0x00c2bb, 0x00c2bc, 0x00c2bd, 0x00c2be,
    0x00c2bf, 0x00c380, 0x00c381, 0x00c382, 0x00c383, 0x00c384, 0x00c385, 0x00c386, 0x00c387,
    0x00c388, 0x00c389, 0x00c38a, 0x00c38b, 0x00c38c, 0x00c38d, 0x00c38e, 0x00c38f, 0x00c390,
    0x00c391, 0x00c392, 0x00c393, 0x00c394, 0x00c395, 0x00c396, 0x00c398, 0x00c399, 0x00c39a,
    0x00c39b, 0x00c39c, 0x00c39d, 0x00c39e, 0x00c39f, 0x00c3a0, 0x00c3a1, 0x00c3a2, 0x00c3a3,
    0x00c3a4, 0x00c3a5, 0x00c3a6, 0x00c3a7, 0x00c3a8, 0x00c3a9, 0x00c3aa, 0x00c3ab, 0x00c3ac,
    0x00c3ad, 0x00c3ae, 0x00c3af, 0x00c3b0, 0x00c3b1, 0x00c3b2, 0x00c3b3, 0x00c3b4, 0x00c3b5,
    0x00c3b6, 0x00c3b8, 0x00c3b9, 0x00c3ba, 0x00c3bb, 0x00c3bc, 0x00c3bd, 0x00c3be, 0x00c3bf,
    0x00c480, 0x00c4aa, 0x00c5aa, 0x00c492, 0x00c58c, 0x00c481, 0x00c4ab, 0x00c5ab, 0x00c493,
    0x00c58d, 0x00c484, 0x00cb98, 0x00c581, 0x00c4bd, 0x00c59a, 0x00c5a0, 0x00c59e, 0x00c5a4,
    0x00c5b9, 0x00c5bd, 0x00c5bb, 0x00c485, 0x00cb9b, 0x00c582, 0x00c4be, 0x00c59b, 0x00cb87,
    0x00c5a1, 0x00c59f, 0x00c5a5, 0x00c5ba, 0x00cb9d, 0x00c5be, 0x00c5bc, 0x00c594, 0x00c482,
    0x00c4b9, 0x00c486, 0x00c48c, 0x00c498, 0x00c49a, 0x00c48e, 0x00c583, 0x00c587, 0x00c590,
    0x00c598, 0x00c5ae, 0x00c5b0, 0x00c5a2, 0x00c595, 0x00c483, 0x00c4ba, 0x00c487, 0x00c48d,
    0x00c499, 0x00c49b, 0x00c48f, 0x00c491, 0x00c584, 0x00c588, 0x00c591, 0x00c599, 0x00c5af,
    0x00c5b1, 0x00c5a3, 0x00cb99, 0x00c488, 0x00c49c, 0x00c4a4, 0x00c4b4, 0x00c59c, 0x00c5ac,
    0x00c489, 0x00c49d, 0x00c4a5, 0x00c4b5, 0x00c59d, 0x00c5ad, 0x00c9b1, 0x00ca8b, 0x00c9be,
    0x00ca83, 0x00ca92, 0x00c9ac, 0x00c9ae, 0x00c9b9, 0x00ca88, 0x00c996, 0x00c9b3, 0x00c9bd,
    0x00ca82, 0x00ca90, 0x00c9bb, 0x00c9ad, 0x00c99f, 0x00c9b2, 0x00ca9d, 0x00ca8e, 0x00c9a1,
    0x00c58b, 0x00c9b0, 0x00ca81, 0x00c4a7, 0x00ca95, 0x00ca94, 0x00c9a6, 0x00ca98, 0x00c782,
    0x00c993, 0x00c997, 0x00ca84, 0x00c9a0, 0x00c693, 0x00c593, 0x00c592, 0x00c9a8, 0x00ca89,
    0x00c998, 0x00c9b5, 0x00c999, 0x00c99c, 0x00c99e, 0x00c990, 0x00c9af, 0x00ca8a, 0x00c9a4,
    0x00ca8c, 0x00c994, 0x00c991, 0x00c992, 0x00ca8d, 0x00c9a5, 0x00caa2, 0x00caa1, 0x00c995,
    0x00ca91, 0x00c9ba, 0x00c9a7, 0x00c99a, 0x000000, 0x00c7bd, 0xe1bdb0, 0xe1bdb1, 0x000000,
    0x000000, 0x000000, 0x000000, 0x000000, 0x000000, 0x000000, 0x000000, 0xe1bdb2, 0xe1bdb3,
    0x00cda1, 0x00cb88, 0x00cb8c, 0x00cb90, 0x00cb91, 0x00cc86, 0xe280bf, 0x00cc8b, 0x00cc81,
    0x00cc84, 0x00cc80, 0x00cc8f, 0x00cc8c, 0x00cc82, 0x00cba5, 0x00cba6, 0x00cba7, 0x00cba8,
    0x00cba9, 0x000000, 0x000000, 0x00cca5, 0x00ccac, 0x00ccb9, 0x00cc9c, 0x00cc9f, 0x00cca0,
    0x00cc88, 0x00ccbd, 0x00cca9, 0x00ccaf, 0x00cb9e, 0x00cca4, 0x00ccb0, 0x00ccbc, 0x00ccb4,
    0x00cc9d, 0x00cc9e, 0x00cc98, 0x00cc99, 0x00ccaa, 0x00ccba, 0x00ccbb, 0x00cc83, 0x00cc9a,
    0xe29db6, 0xe29db7, 0xe29db8, 0xe29db9, 0xe29dba, 0xe29dbb, 0xe29dbc, 0xe29dbd, 0xe29dbe,
    0xe29dbf, 0xe293ab, 0xe293ac, 0xe293ad, 0xe293ae, 0xe293af, 0xe293b0, 0xe293b1, 0xe293b2,
    0xe293b3, 0xe293b4, 0xe285b0, 0xe285b1, 0xe285b2, 0xe285b3, 0xe285b4, 0xe285b5, 0xe285b6,
    0xe285b7, 0xe285b8, 0xe285b9, 0xe285ba, 0xe285bb, 0xe29390, 0xe29391, 0xe29392, 0xe29393,
    0xe29394, 0xe29395, 0xe29396, 0xe29397, 0xe29398, 0xe29399, 0xe2939a, 0xe2939b, 0xe2939c,
    0xe2939d, 0xe2939e, 0xe2939f, 0xe293a0, 0xe293a1, 0xe293a2, 0xe293a3, 0xe293a4, 0xe293a5,
    0xe293a6, 0xe293a7, 0xe293a8, 0xe293a9, 0xe38b90, 0xe38b91, 0xe38b92, 0xe38b93, 0xe38b94,
    0xe38b95, 0xe38b96, 0xe38b97, 0xe38b98, 0xe38b99, 0xe38b9a, 0xe38b9b, 0xe38b9c, 0xe38b9d,
    0xe38b9e, 0xe38b9f, 0xe38ba0, 0xe38ba1, 0xe38ba2, 0xe38ba3, 0xe38bba, 0xe38ba9, 0xe38ba5,
    0xe38bad, 0xe38bac, 0x000000, 0x000000, 0x000000, 0x000000, 0x000000, 0x000000, 0x000000,
    0x000000, 0x000000, 0xe28191, 0xe28182, 0xe291a0, 0xe291a1, 0xe291a2, 0xe291a3, 0xe291a4,
    0xe291a5, 0xe291a6, 0xe291a7, 0xe291a8, 0xe291a9, 0xe291aa, 0xe291ab, 0xe291ac, 0xe291ad,
    0xe291ae, 0xe291af, 0xe291b0, 0xe291b1, 0xe291b2, 0xe291b3, 0xe285a0, 0xe285a1, 0xe285a2,
    0xe285a3, 0xe285a4, 0xe285a5, 0xe285a6, 0xe285a7, 0xe285a8, 0xe285a9, 0xe285aa, 0xe38d89,
    0xe38c94, 0xe38ca2, 0xe38d8d, 0xe38c98, 0xe38ca7, 0xe38c83, 0xe38cb6, 0xe38d91, 0xe38d97,
    0xe38c8d, 0xe38ca6, 0xe38ca3, 0xe38cab, 0xe38d8a, 0xe38cbb, 0xe38e9c, 0xe38e9d, 0xe38e9e,
    0xe38e8e, 0xe38e8f, 0xe38f84, 0xe38ea1, 0xe285ab, 0x000000, 0x000000, 0x000000, 0x000000,
    0x000000, 0x000000, 0x000000, 0xe38dbb, 0xe3809d, 0xe3809f, 0xe28496, 0xe38f8d, 0xe284a1,
    0xe38aa4, 0xe38aa5, 0xe38aa6, 0xe38aa7, 0xe38aa8, 0xe388b1, 0xe388b2, 0xe388b9, 0xe38dbe,
    0xe38dbd, 0xe38dbc, 0x000000, 0x000000, 0x000000, 0xe288ae, 0x000000, 0x000000, 0x000000,
    0x000000, 0xe2889f, 0xe28abf, 0x000000, 0x000000, 0x000000, 0xe29d96, 0xe2989e, 0xe4bfb1,
    0xf0a0808b, 0xe39082, 0xe4b8a8, 0xe4b8af, 0xe4b8b0, 0xe4ba8d, 0xe4bba1, 0xe4bbbd, 0xe4bbbf,
    0xe4bc83, 0xe4bc8b, 0xe4bda0, 0xe4bd88, 0xe4bd89, 0xe4bd96, 0xe4bd9f, 0xe4bdaa, 0xe4bdac,
    0xe4bdbe, 0xe4be8a, 0xe4be94, 0xe4be97, 0xefa8b0, 0xe4bf89, 0xe4bfa0, 0xe58081, 0xe58082,
    0xe5808e, 0xe58098, 0xe580a7, 0xe580ae, 0xe58180, 0xe580bb, 0xe58181, 0xe58294, 0xe5838c,
    0xe583b2, 0xe58390, 0xe583a6, 0xefa8b1, 0xe58486, 0xe58483, 0xe5848b, 0xe5849e, 0xe584b5,
    0xe5858a, 0xefa8b2, 0xe58595, 0xe58597, 0xe392b5, 0xe5869d, 0xe58783, 0xe5878a, 0xe5879e,
    0xe587a2, 0xe587ae, 0xe58881, 0xe3939b, 0xe58893, 0xe58895, 0xe58989, 0xe58997, 0xe589a1,
    0xe58a93, 0xe58b88, 0xefa8b3, 0xe58b8c, 0xe58b90, 0xe58b96, 0xe58b9b, 0xefa8b4, 0xe58bb0,
    0xe58bbb, 0xe58c80, 0xe58c87, 0xe58c9c, 0xefa8b5, 0xe58da1, 0xe58da3, 0xe58dbd, 0xe58e93,
    0xe58e9d, 0xe58eb2, 0xe59092, 0xe590a7, 0xe5918d, 0xe5929c, 0xe591ab, 0xe591b4, 0xe591bf,
    0xe59288, 0xe59296, 0xe592a1, 0xe592a9, 0xe59386, 0xe593bf, 0xe5948e, 0xe594ab, 0xe594b5,
    0xe59590, 0xe5959e, 0xe59681, 0xe59686, 0xe5968e, 0xefa8b6, 0xe596ad, 0xe5978e, 0xefa8b7,
    0xe59888, 0xe5988e, 0xe598bb, 0xe59989, 0xe599b6, 0xe599a6, 0xefa8b8, 0xe599af, 0xe599b1,
    0xe599b2, 0xe59a99, 0xe59a9e, 0xe59aa9, 0xe59aac, 0xe59ab3, 0xe59b89, 0xe59b8a, 0xe59c8a,
    0xf0a188bd, 0xe59ca1, 0xe59caf, 0xe59cb3, 0xe59cb4, 0xe59db0, 0xe59db7, 0xe59dbc, 0xe59e9c,
    0xefa88f, 0xf0a18c9b, 0xe59eb8, 0xe59f87, 0xe59f88, 0xe59f8f, 0xe59fa4, 0xe59fad, 0xe59fb5,
    0xe59fb6, 0xe59fbf, 0xe5a089, 0xefa890, 0xe5a1a1, 0xe5a1a4, 0xefa8b9, 0xe5a1bc, 0xe5a289,
    0xe5a29e, 0xefa8ba, 0xe5a2a9, 0xf0a191ae, 0xe5a392, 0xe5a38e, 0xe5a394, 0xe5a39a, 0xe5a3a0,
    0xe5a3a9, 0xe5a48c, 0xe89981, 0xe5a59d, 0xe5a5ad, 0xe5a68b, 0xe5a692, 0xe5a6a4, 0xe5a783,
    0xe5a792, 0xe5a79d, 0xe5a893, 0xe5a8a3, 0xe5a9a7, 0xe5a9ad, 0xe5a9b7, 0xe5a9be, 0xe5aa84,
    0xe5aa9e, 0xe5aaa7, 0xe5ab84, 0xf0a1a2bd, 0xe5ac99, 0xe5aca5, 0xe5899d, 0xe4ba9c, 0xe59496,
    0xe5a883, 0xe998bf, 0xe59380, 0xe6849b, 0xe68ca8, 0xe5a7b6, 0xe980a2, 0xe891b5, 0xe88c9c,
    0xe7a990, 0xe682aa, 0xe68fa1, 0xe6b8a5, 0xe697ad, 0xe891a6, 0xe88aa6, 0xe9afb5, 0xe6a293,
    0xe59ca7, 0xe696a1, 0xe689b1, 0xe5ae9b, 0xe5a790, 0xe899bb, 0xe9a3b4, 0xe7b5a2, 0xe7b6be,
    0xe9ae8e, 0xe68896, 0xe7b29f, 0xe8a2b7, 0xe5ae89, 0xe5bab5, 0xe68c89, 0xe69a97, 0xe6a188,
    0xe99787, 0xe99e8d, 0xe69d8f, 0xe4bba5, 0xe4bc8a, 0xe4bd8d, 0xe4be9d, 0xe58189, 0xe59bb2,
    0xe5a4b7, 0xe5a794, 0xe5a881, 0xe5b089, 0xe6839f, 0xe6848f, 0xe685b0, 0xe69893, 0xe6a485,
    0xe782ba, 0xe7958f, 0xe795b0, 0xe7a7bb, 0xe7b6ad, 0xe7b7af, 0xe88383, 0xe8908e, 0xe8a1a3,
    0xe8ac82, 0xe98195, 0xe981ba, 0xe58cbb, 0xe4ba95, 0xe4baa5, 0xe59f9f, 0xe882b2, 0xe98381,
    0xe7a3af, 0xe4b880, 0xe5a3b1, 0xe6baa2, 0xe980b8, 0xe7a8b2, 0xe88ca8, 0xe88a8b, 0xe9b0af,
    0xe58581, 0xe58db0, 0xe592bd, 0xe593a1, 0xe59ba0, 0xe5a7bb, 0xe5bc95, 0xe9a3b2, 0xe6b7ab,
    0xe883a4, 0xe894ad, 0xe999a2, 0xe999b0, 0xe99aa0, 0xe99fbb, 0xe5908b, 0xe58fb3, 0xe5ae87,
    0xe7838f, 0xe7bebd, 0xe8bf82, 0xe99ba8, 0xe58daf, 0xe9b59c, 0xe7aaba, 0xe4b891, 0xe7a293,
    0xe887bc, 0xe6b8a6, 0xe59898, 0xe59484, 0xe6ac9d, 0xe8949a, 0xe9b0bb, 0xe5a7a5, 0xe58ea9,
    0xe6b5a6, 0xe7939c, 0xe9968f, 0xe59982, 0xe4ba91, 0xe9818b, 0xe99bb2, 0xe88d8f, 0xe9a48c,
    0xe58fa1, 0xe596b6, 0xe5acb0, 0xe5bdb1, 0xe698a0, 0xe69bb3, 0xe6a084, 0xe6b0b8, 0xe6b3b3,
    0xe6b4a9, 0xe7919b, 0xe79b88, 0xe7a98e, 0xe9a0b4, 0xe88bb1, 0xe8a19b, 0xe8a9a0, 0xe98bad,
    0xe6b6b2, 0xe796ab, 0xe79b8a, 0xe9a785, 0xe682a6, 0xe8ac81, 0xe8b68a, 0xe996b2, 0xe6a68e,
    0xe58ead, 0xe58686, 0xe59c92, 0xe5a0b0, 0xe5a584, 0xe5aeb4, 0xe5bbb6, 0xe680a8, 0xe68ea9,
    0xe68fb4, 0xe6b2bf, 0xe6bc94, 0xe7828e, 0xe78494, 0xe78599, 0xe78795, 0xe78cbf, 0xe7b881,
    0xe889b6, 0xe88b91, 0xe89697, 0xe981a0, 0xe9899b, 0xe9b49b, 0xe5a1a9, 0xe696bc, 0xe6b19a,
    0xe794a5, 0xe587b9, 0xe5a4ae, 0xe5a5a5, 0xe5be80, 0xe5bf9c, 0xe68abc, 0xe697ba, 0xe6a8aa,
    0xe6aca7, 0xe6aeb4, 0xe78e8b, 0xe7bf81, 0xe8a596, 0xe9b4ac, 0xe9b48e, 0xe9bb84, 0xe5b2a1,
    0xe6b296, 0xe88dbb, 0xe58484, 0xe5b18b, 0xe686b6, 0xe88786, 0xe6a1b6, 0xe789a1, 0xe4b999,
    0xe4bfba, 0xe58db8, 0xe681a9, 0xe6b8a9, 0xe7a98f, 0xe99fb3, 0xe4b88b, 0xe58c96, 0xe4bbae,
    0xe4bd95, 0xe4bcbd, 0xe4bea1, 0xe4bdb3, 0xe58aa0, 0xe58faf, 0xe59889, 0xe5a48f, 0xe5ab81,
    0xe5aeb6, 0xe5afa1, 0xe7a791, 0xe69a87, 0xe69e9c, 0xe69eb6, 0xe6ad8c, 0xe6b2b3, 0xe781ab,
    0xe78f82, 0xe7a68d, 0xe7a6be, 0xe7a8bc, 0xe7ae87, 0xe88ab1, 0xe88b9b, 0xe88c84, 0xe88db7,
    0xe88faf, 0xe88f93, 0xe89da6, 0xe8aab2, 0xe598a9, 0xe8b2a8, 0xe8bfa6, 0xe9818e, 0xe99c9e,
    0xe89a8a, 0xe4bf84, 0xe5b3a8, 0xe68891, 0xe78999, 0xe794bb, 0xe887a5, 0xe88abd, 0xe89bbe,
    0xe8b380, 0xe99b85, 0xe9a493, 0xe9a795, 0xe4bb8b, 0xe4bc9a, 0xe8a7a3, 0xe59b9e, 0xe5a18a,
    0xe5a38a, 0xe5bbbb, 0xe5bfab, 0xe680aa, 0xe68294, 0xe681a2, 0xe68790, 0xe68892, 0xe68b90,
    0xe694b9, 0xe9ad81, 0xe699a6, 0xe6a2b0, 0xe6b5b7, 0xe781b0, 0xe7958c, 0xe79a86, 0xe7b5b5,
    0xe88aa5, 0xe89fb9, 0xe9968b, 0xe99a8e, 0xe8b29d, 0xe587b1, 0xe58abe, 0xe5a496, 0xe592b3,
    0xe5aeb3, 0xe5b496, 0xe685a8, 0xe6a682, 0xe6b6af, 0xe7a28d, 0xe8938b, 0xe8a197, 0xe8a9b2,
    0xe98ea7, 0xe9aab8, 0xe6b5ac, 0xe9a6a8, 0xe89b99, 0xe59ea3, 0xe69fbf, 0xe89b8e, 0xe9888e,
    0xe58a83, 0xe59a87, 0xe59084, 0xe5bb93, 0xe68ba1, 0xe692b9, 0xe6a0bc, 0xe6a0b8, 0xe6aebb,
    0xe78db2, 0xe7a2ba, 0xe7a9ab, 0xe8a69a, 0xe8a792, 0xe8b5ab, 0xe8bc83, 0xe983ad, 0xe996a3,
    0xe99a94, 0xe99da9, 0xe5ada6, 0xe5b2b3, 0xe6a5bd, 0xe9a18d, 0xe9a18e, 0xe68e9b, 0xe7aca0,
    0xe6a8ab, 0xe6a9bf, 0xe6a2b6, 0xe9b08d, 0xe6bd9f, 0xe589b2, 0xe5969d, 0xe681b0, 0xe68bac,
    0xe6b4bb, 0xe6b887, 0xe6bb91, 0xe8919b, 0xe8a490, 0xe8bd84, 0xe4b894, 0xe9b0b9, 0xe58fb6,
    0xe6a49b, 0xe6a8ba, 0xe99e84, 0xe6a0aa, 0xe5859c, 0xe7ab83, 0xe892b2, 0xe9879c, 0xe98e8c,
    0xe5999b, 0xe9b4a8, 0xe6a0a2, 0xe88c85, 0xe890b1, 0xe7b2a5, 0xe58888, 0xe88b85, 0xe793a6,
    0xe4b9be, 0xe4be83, 0xe586a0, 0xe5af92, 0xe5888a, 0xe58b98, 0xe58ba7, 0xe5b7bb, 0xe5969a,
    0xe5a0aa, 0xe5a7a6, 0xe5ae8c, 0xe5ae98, 0xe5af9b, 0xe5b9b2, 0xe5b9b9, 0xe682a3, 0xe6849f,
    0xe685a3, 0xe686be, 0xe68f9b, 0xe695a2, 0xe69f91, 0xe6a193, 0xe6a3ba, 0xe6acbe, 0xe6ad93,
    0xe6b197, 0xe6bca2, 0xe6be97, 0xe6bd85, 0xe792b0, 0xe79498, 0xe79ba3, 0xe79c8b, 0xe7abbf,
    0xe7aea1, 0xe7b0a1, 0xe7b7a9, 0xe7bcb6, 0xe7bfb0, 0xe8829d, 0xe889a6, 0xe88e9e, 0xe8a6b3,
    0xe8ab8c, 0xe8b2ab, 0xe98284, 0xe99191, 0xe99693, 0xe99691, 0xe996a2, 0xe999a5, 0xe99f93,
    0xe9a4a8, 0xe88898, 0xe4b8b8, 0xe590ab, 0xe5b2b8, 0xe5b78c, 0xe78ea9, 0xe7998c, 0xe79cbc,
    0xe5b2a9, 0xe7bfab, 0xe8b48b, 0xe99b81, 0xe9a091, 0xe9a194, 0xe9a198, 0xe4bc81, 0xe4bc8e,
    0xe58db1, 0xe5969c, 0xe599a8, 0xe59fba, 0xe5a587, 0xe5ac89, 0xe5af84, 0xe5b290, 0xe5b88c,
    0xe5b9be, 0xe5bf8c, 0xe68fae, 0xe69cba, 0xe69797, 0xe697a2, 0xe69c9f, 0xe6a38b, 0xe6a384,
    0xe6a99f, 0xe5b8b0, 0xe6af85, 0xe6b097, 0xe6b1bd, 0xe795bf, 0xe7a588, 0xe5ada3, 0xe7a880,
    0xe7b480, 0xe5bebd, 0xe8a68f, 0xe8a898, 0xe8b2b4, 0xe8b5b7, 0xe8bb8c, 0xe8bc9d, 0xe9a3a2,
    0xe9a88e, 0xe9acbc, 0xe4ba80, 0xe581bd, 0xe58480, 0xe5a693, 0xe5ae9c, 0xe688af, 0xe68a80,
    0xe693ac, 0xe6acba, 0xe78aa0, 0xe79691, 0xe7a587, 0xe7bea9, 0xe89fbb, 0xe8aabc, 0xe8adb0,
    0xe68eac, 0xe88f8a, 0xe99ea0, 0xe59089, 0xe59083, 0xe596ab, 0xe6a194, 0xe6a998, 0xe8a9b0,
    0xe7a0a7, 0xe69db5, 0xe9bb8d, 0xe58db4, 0xe5aea2, 0xe8849a, 0xe89990, 0xe98086, 0xe4b898,
    0xe4b985, 0xe4bb87, 0xe4bc91, 0xe58f8a, 0xe590b8, 0xe5aeae, 0xe5bc93, 0xe680a5, 0xe69591,
    0xe69cbd, 0xe6b182, 0xe6b1b2, 0xe6b3a3, 0xe781b8, 0xe79083, 0xe7a9b6, 0xe7aaae, 0xe7ac88,
    0xe7b49a, 0xe7b3be, 0xe7b5a6, 0xe697a7, 0xe7899b, 0xe58ebb, 0xe5b185, 0xe5b7a8, 0xe68b92,
    0xe68ba0, 0xe68c99, 0xe6b8a0, 0xe8999a, 0xe8a8b1, 0xe8b79d, 0xe98bb8, 0xe6bc81, 0xe7a6a6,
    0xe9ad9a, 0xe4baa8, 0xe4baab, 0xe4baac, 0xe4be9b, 0xe4bea0, 0xe58391, 0xe58587, 0xe7abb6,
    0xe585b1, 0xe587b6, 0xe58d94, 0xe58ca1, 0xe58dbf, 0xe58fab, 0xe596ac, 0xe5a283, 0xe5b3a1,
    0xe5bcb7, 0xe5bd8a, 0xe680af, 0xe68190, 0xe681ad, 0xe68c9f, 0xe69599, 0xe6a98b, 0xe6b381,
    0xe78b82, 0xe78bad, 0xe79faf, 0xe883b8, 0xe88485, 0xe88888, 0xe8958e, 0xe983b7, 0xe98fa1,
    0xe99fbf, 0xe9a597, 0xe9a99a, 0xe4bbb0, 0xe5879d, 0xe5b0ad, 0xe69a81, 0xe6a5ad, 0xe5b180,
    0xe69bb2, 0xe6a5b5, 0xe78e89, 0xe6a190, 0xe7b281, 0xe58385, 0xe58ba4, 0xe59d87, 0xe5b7be,
    0xe98ca6, 0xe696a4, 0xe6aca3, 0xe6acbd, 0xe790b4, 0xe7a681, 0xe7a6bd, 0xe7ad8b, 0xe7b78a,
    0xe88ab9, 0xe88f8c, 0xe8a1bf, 0xe8a59f, 0xe8acb9, 0xe8bf91, 0xe98791, 0xe5909f, 0xe98a80,
    0xe4b99d, 0xe580b6, 0xe58fa5, 0xe58cba, 0xe78b97, 0xe78e96, 0xe79fa9, 0xe88ba6, 0xe8baaf,
    0xe9a786, 0xe9a788, 0xe9a792, 0xe585b7, 0xe6849a, 0xe8999e, 0xe596b0, 0xe7a9ba, 0xe581b6,
    0xe5af93, 0xe98187, 0xe99a85, 0xe4b8b2, 0xe6ab9b, 0xe987a7, 0xe5b191, 0xe5b188, 0xe68e98,
    0xe7aa9f, 0xe6b293, 0xe99db4, 0xe8bda1, 0xe7aaaa, 0xe7868a, 0xe99a88, 0xe7b282, 0xe6a097,
    0xe7b9b0, 0xe6a191, 0xe98dac, 0xe58bb2, 0xe5909b, 0xe896ab, 0xe8a893, 0xe7bea4, 0xe8bb8d,
    0xe983a1, 0xe58da6, 0xe8a288, 0xe7a581, 0xe4bf82, 0xe582be, 0xe58891, 0xe58584, 0xe59593,
    0xe59cad, 0xe78faa, 0xe59e8b, 0xe5a591, 0xe5bda2, 0xe5be84, 0xe681b5, 0xe685b6, 0xe685a7,
    0xe686a9, 0xe68eb2, 0xe690ba, 0xe695ac, 0xe699af, 0xe6a182, 0xe6b893, 0xe795a6, 0xe7a8bd,
    0xe7b3bb, 0xe7b58c, 0xe7b699, 0xe7b98b, 0xe7bdab, 0xe88c8e, 0xe88d8a, 0xe89b8d, 0xe8a888,
    0xe8a9a3, 0xe8ada6, 0xe8bbbd, 0xe9a09a, 0xe9b68f, 0xe88ab8, 0xe8bf8e, 0xe9afa8, 0xe58a87,
    0xe6889f, 0xe69283, 0xe6bf80, 0xe99a99, 0xe6a181, 0xe58291, 0xe6aca0, 0xe6b1ba, 0xe6bd94,
    0xe7a9b4, 0xe7b590, 0xe8a180, 0xe8a8a3, 0xe69c88, 0xe4bbb6, 0xe580b9, 0xe580a6, 0xe581a5,
    0xe585bc, 0xe588b8, 0xe589a3, 0xe596a7, 0xe59c8f, 0xe5a085, 0xe5ab8c, 0xe5bbba, 0xe686b2,
    0xe687b8, 0xe68bb3, 0xe68db2, 0xe6a49c, 0xe6a8a9, 0xe789bd, 0xe78aac, 0xe78cae, 0xe7a094,
    0xe7a1af, 0xe7b5b9, 0xe79c8c, 0xe882a9, 0xe8a68b, 0xe8ac99, 0xe8b3a2, 0xe8bb92, 0xe981a3,
    0xe98db5, 0xe999ba, 0xe9a195, 0xe9a893, 0xe9b9b8, 0xe58583, 0xe58e9f, 0xe58eb3, 0xe5b9bb,
    0xe5bca6, 0xe6b89b, 0xe6ba90, 0xe78e84, 0xe78fbe, 0xe7b583, 0xe888b7, 0xe8a880, 0xe8abba,
    0xe99990, 0xe4b98e, 0xe5808b, 0xe58fa4, 0xe591bc, 0xe59bba, 0xe5a791, 0xe5ada4, 0xe5b7b1,
    0xe5baab, 0xe5bca7, 0xe688b8, 0xe69585, 0xe69eaf, 0xe6b996, 0xe78b90, 0xe7b38a, 0xe8a2b4,
    0xe882a1, 0xe883a1, 0xe88fb0, 0xe8998e, 0xe8aa87, 0xe8b7a8, 0xe988b7, 0xe99b87, 0xe9a1a7,
    0xe9bc93, 0xe4ba94, 0xe4ba92, 0xe4bc8d, 0xe58d88, 0xe59189, 0xe590be, 0xe5a8af, 0xe5be8c,
    0xe5bea1, 0xe6829f, 0xe6a2a7, 0xe6aa8e, 0xe7919a, 0xe7a281, 0xe8aa9e, 0xe8aaa4, 0xe8adb7,
    0xe98690, 0xe4b99e, 0xe9af89, 0xe4baa4, 0xe4bdbc, 0xe4beaf, 0xe58099, 0xe58096, 0xe58589,
    0xe585ac, 0xe58a9f, 0xe58ab9, 0xe58bbe, 0xe58e9a, 0xe58fa3, 0xe59091, 0xe5908e, 0xe59689,
    0xe59d91, 0xe59ea2, 0xe5a5bd, 0xe5ad94, 0xe5ad9d, 0xe5ae8f, 0xe5b7a5, 0xe5b7a7, 0xe5b7b7,
    0xe5b9b8, 0xe5ba83, 0xe5ba9a, 0xe5bab7, 0xe5bc98, 0xe68192, 0xe6858c, 0xe68a97, 0xe68b98,
    0xe68ea7, 0xe694bb, 0xe69882, 0xe69983, 0xe69bb4, 0xe69dad, 0xe6a0a1, 0xe6a297, 0xe6a78b,
    0xe6b19f, 0xe6b4aa, 0xe6b5a9, 0xe6b8af, 0xe6ba9d, 0xe794b2, 0xe79a87, 0xe7a1ac, 0xe7a8bf,
    0xe7b3a0, 0xe7b485, 0xe7b498, 0xe7b59e, 0xe7b6b1, 0xe88095, 0xe88083, 0xe882af, 0xe882b1,
    0xe88594, 0xe8868f, 0xe888aa, 0xe88d92, 0xe8a18c, 0xe8a1a1, 0xe8ac9b, 0xe8b2a2, 0xe8b3bc,
    0xe9838a, 0xe985b5, 0xe989b1, 0xe7a0bf, 0xe98bbc, 0xe996a4, 0xe9998d, 0xe9a085, 0xe9a699,
    0xe9ab98, 0xe9b4bb, 0xe5899b, 0xe58aab, 0xe58fb7, 0xe59088, 0xe5a395, 0xe68bb7, 0xe6bfa0,
    0xe8b1aa, 0xe8bd9f, 0xe9bab9, 0xe5858b, 0xe588bb, 0xe5918a, 0xe59bbd, 0xe7a980, 0xe985b7,
    0xe9b5a0, 0xe9bb92, 0xe78d84, 0xe6bc89, 0xe885b0, 0xe79491, 0xe5bfbd, 0xe6839a, 0xe9aaa8,
    0xe78b9b, 0xe8bebc, 0xe6ada4, 0xe9a083, 0xe4bb8a, 0xe59bb0, 0xe59da4, 0xe5a2be, 0xe5a99a,
    0xe681a8, 0xe68787, 0xe6988f, 0xe69886, 0xe6a0b9, 0xe6a2b1, 0xe6b7b7, 0xe79795, 0xe7b4ba,
    0xe889ae, 0xe9ad82, 0xe4ba9b, 0xe4bd90, 0xe58f89, 0xe59486, 0xe5b5af, 0xe5b7a6, 0xe5b7ae,
    0xe69fbb, 0xe6b299, 0xe791b3, 0xe7a082, 0xe8a990, 0xe98e96, 0xe8a39f, 0xe59d90, 0xe5baa7,
    0xe68cab, 0xe582b5, 0xe582ac, 0xe5868d, 0xe69c80, 0xe59389, 0xe5a19e, 0xe5a6bb, 0xe5aeb0,
    0xe5bda9, 0xe6898d, 0xe68ea1, 0xe6a0bd, 0xe6adb3, 0xe6b888, 0xe781bd, 0xe98787, 0xe78a80,
    0xe7a095, 0xe7a0a6, 0xe7a5ad, 0xe6968e, 0xe7b4b0, 0xe88f9c, 0xe8a381, 0xe8bc89, 0xe99a9b,
    0xe589a4, 0xe59ca8, 0xe69d90, 0xe7bdaa, 0xe8b2a1, 0xe586b4, 0xe59d82, 0xe998aa, 0xe5a0ba,
    0xe6a68a, 0xe882b4, 0xe592b2, 0xe5b48e, 0xe59fbc, 0xe7a295, 0xe9b7ba, 0xe4bd9c, 0xe5898a,
    0xe5928b, 0xe690be, 0xe698a8, 0xe69c94, 0xe69fb5, 0xe7aa84, 0xe7ad96, 0xe7b4a2, 0xe98caf,
    0xe6a19c, 0xe9aead, 0xe7acb9, 0xe58c99, 0xe5868a, 0xe588b7, 0xe5af9f, 0xe68bb6, 0xe692ae,
    0xe693a6, 0xe69cad, 0xe6aeba, 0xe896a9, 0xe99b91, 0xe79a90, 0xe9af96, 0xe68d8c, 0xe98c86,
    0xe9aeab, 0xe79abf, 0xe69992, 0xe4b889, 0xe58298, 0xe58f82, 0xe5b1b1, 0xe683a8, 0xe69292,
    0xe695a3, 0xe6a19f, 0xe787a6, 0xe78f8a, 0xe794a3, 0xe7ae97, 0xe7ba82, 0xe89a95, 0xe8ae83,
    0xe8b39b, 0xe985b8, 0xe9a490, 0xe696ac, 0xe69aab, 0xe6ae8b, 0xe4bb95, 0xe4bb94, 0xe4bcba,
    0xe4bdbf, 0xe588ba, 0xe58fb8, 0xe58fb2, 0xe597a3, 0xe59b9b, 0xe5a3ab, 0xe5a78b, 0xe5a789,
    0xe5a7bf, 0xe5ad90, 0xe5b18d, 0xe5b882, 0xe5b8ab, 0xe5bf97, 0xe6809d, 0xe68c87, 0xe694af,
    0xe5ad9c, 0xe696af, 0xe696bd, 0xe697a8, 0xe69e9d, 0xe6ada2, 0xe6adbb, 0xe6b08f, 0xe78d85,
    0xe7a589, 0xe7a781, 0xe7b3b8, 0xe7b499, 0xe7b4ab, 0xe882a2, 0xe88482, 0xe887b3, 0xe8a696,
    0xe8a99e, 0xe8a9a9, 0xe8a9a6, 0xe8aa8c, 0xe8abae, 0xe8b387, 0xe8b39c, 0xe99b8c, 0xe9a3bc,
    0xe6adaf, 0xe4ba8b, 0xe4bcbc, 0xe4be8d, 0xe58590, 0xe5ad97, 0xe5afba, 0xe68588, 0xe68c81,
    0xe69982, 0xe6aca1, 0xe6bb8b, 0xe6b2bb, 0xe788be, 0xe792bd, 0xe79794, 0xe7a381, 0xe7a4ba,
    0xe8808c, 0xe880b3, 0xe887aa, 0xe89294, 0xe8be9e, 0xe6b190, 0xe9b9bf, 0xe5bc8f, 0xe8ad98,
    0xe9b4ab, 0xe7abba, 0xe8bbb8, 0xe5ae8d, 0xe99bab, 0xe4b883, 0xe58fb1, 0xe59fb7, 0xe5a4b1,
    0xe5ab89, 0xe5aea4, 0xe68289, 0xe6b9bf, 0xe6bc86, 0xe796be, 0xe8b3aa, 0xe5ae9f, 0xe89480,
    0xe7afa0, 0xe581b2, 0xe69fb4, 0xe88a9d, 0xe5b1a1, 0xe8958a, 0xe7b89e, 0xe8888e, 0xe58699,
    0xe5b084, 0xe68da8, 0xe8b5a6, 0xe6969c, 0xe785ae, 0xe7a4be, 0xe7b497, 0xe88085, 0xe8ac9d,
    0xe8bb8a, 0xe981ae, 0xe89b87, 0xe982aa, 0xe5809f, 0xe58bba, 0xe5b0ba, 0xe69d93, 0xe781bc,
    0xe788b5, 0xe9858c, 0xe98788, 0xe98cab, 0xe88ba5, 0xe5af82, 0xe5bcb1, 0xe683b9, 0xe4b8bb,
    0xe58f96, 0xe5ae88, 0xe6898b, 0xe69cb1, 0xe6ae8a, 0xe78ba9, 0xe78fa0, 0xe7a8ae, 0xe885ab,
    0xe8b6a3, 0xe98592, 0xe9a696, 0xe58492, 0xe58f97, 0xe591aa, 0xe5afbf, 0xe68e88, 0xe6a8b9,
    0xe7b6ac, 0xe99c80, 0xe59b9a, 0xe58f8e, 0xe591a8, 0xe5ae97, 0xe5b0b1, 0xe5b79e, 0xe4bfae,
    0xe68481, 0xe68bbe, 0xe6b4b2, 0xe7a780, 0xe7a78b, 0xe7b582, 0xe7b98d, 0xe7bf92, 0xe887ad,
    0xe8889f, 0xe89290, 0xe8a186, 0xe8a5b2, 0xe8ae90, 0xe8b9b4, 0xe8bcaf, 0xe980b1, 0xe9858b,
    0xe985ac, 0xe99b86, 0xe9869c, 0xe4bb80, 0xe4bd8f, 0xe58585, 0xe58d81, 0xe5be93, 0xe6888e,
    0xe69f94, 0xe6b181, 0xe6b88b, 0xe78da3, 0xe7b8a6, 0xe9878d, 0xe98a83, 0xe58f94, 0xe5a499,
    0xe5aebf, 0xe6b791, 0xe7a59d, 0xe7b8ae, 0xe7b29b, 0xe5a1be, 0xe7869f, 0xe587ba, 0xe8a193,
    0xe8bfb0, 0xe4bf8a, 0xe5b3bb, 0xe698a5, 0xe79eac, 0xe7aba3, 0xe8889c, 0xe9a7bf, 0xe58786,
    0xe5beaa, 0xe697ac, 0xe6a5af, 0xe6ae89, 0xe6b7b3, 0xe6ba96, 0xe6bda4, 0xe79bbe, 0xe7b494,
    0xe5b7a1, 0xe981b5, 0xe98687, 0xe9a086, 0xe587a6, 0xe5889d, 0xe68980, 0xe69a91, 0xe69b99,
    0xe6b89a, 0xe5bab6, 0xe7b792, 0xe7bdb2, 0xe69bb8, 0xe896af, 0xe897b7, 0xe8abb8, 0xe58aa9,
    0xe58f99, 0xe5a5b3, 0xe5ba8f, 0xe5be90, 0xe68195, 0xe98ba4, 0xe999a4, 0xe582b7, 0xe5849f,
    0xe58b9d, 0xe58ca0, 0xe58d87, 0xe58fac, 0xe593a8, 0xe59586, 0xe594b1, 0xe59897, 0xe5a5a8,
    0xe5a6be, 0xe5a8bc, 0xe5aeb5, 0xe5b086, 0xe5b08f, 0xe5b091, 0xe5b09a, 0xe5ba84, 0xe5ba8a,
    0xe5bba0, 0xe5bdb0, 0xe689bf, 0xe68a84, 0xe68b9b, 0xe68e8c, 0xe68db7, 0xe69887, 0xe6988c,
    0xe698ad, 0xe699b6, 0xe69dbe, 0xe6a2a2, 0xe6a89f, 0xe6a8b5, 0xe6b2bc, 0xe6b688, 0xe6b889,
    0xe6b998, 0xe784bc, 0xe784a6, 0xe785a7, 0xe79787, 0xe79c81, 0xe7a19d, 0xe7a481, 0xe7a5a5,
    0xe7a7b0, 0xe7aba0, 0xe7ac91, 0xe7b2a7, 0xe7b4b9, 0xe88296, 0xe88f96, 0xe8928b, 0xe89589,
    0xe8a19d, 0xe8a3b3, 0xe8a89f, 0xe8a8bc, 0xe8a994, 0xe8a9b3, 0xe8b1a1, 0xe8b39e, 0xe986a4,
    0xe989a6, 0xe98dbe, 0xe99098, 0xe99a9c, 0xe99e98, 0xe4b88a, 0xe4b888, 0xe4b89e, 0xe4b997,
    0xe58697, 0xe589b0, 0xe59f8e, 0xe5a0b4, 0xe5a38c, 0xe5aca2, 0xe5b8b8, 0xe68385, 0xe693be,
    0xe69da1, 0xe69d96, 0xe6b584, 0xe78ab6, 0xe795b3, 0xe7a9a3, 0xe892b8, 0xe8adb2, 0xe986b8,
    0xe98ca0, 0xe598b1, 0xe59fb4, 0xe9a3be, 0xe68bad, 0xe6a48d, 0xe6ae96, 0xe787ad, 0xe7b994,
    0xe881b7, 0xe889b2, 0xe8a7a6, 0xe9a39f, 0xe89d95, 0xe8beb1, 0xe5b0bb, 0xe4bcb8, 0xe4bfa1,
    0xe4beb5, 0xe59487, 0xe5a8a0, 0xe5af9d, 0xe5afa9, 0xe5bf83, 0xe6858e, 0xe68caf, 0xe696b0,
    0xe6998b, 0xe6a3ae, 0xe6a69b, 0xe6b5b8, 0xe6b7b1, 0xe794b3, 0xe796b9, 0xe79c9f, 0xe7a59e,
    0xe7a7a6, 0xe7b4b3, 0xe887a3, 0xe88aaf, 0xe896aa, 0xe8a6aa, 0xe8a8ba, 0xe8baab, 0xe8be9b,
    0xe980b2, 0xe9879d, 0xe99c87, 0xe4baba, 0xe4bb81, 0xe58883, 0xe5a1b5, 0xe5a3ac, 0xe5b08b,
    0xe7949a, 0xe5b0bd, 0xe8858e, 0xe8a88a, 0xe8bf85, 0xe999a3, 0xe99dad, 0xe7aca5, 0xe8ab8f,
    0xe9a088, 0xe985a2, 0xe59bb3, 0xe58ea8, 0xe98097, 0xe590b9, 0xe59e82, 0xe5b8a5, 0xe68ea8,
    0xe6b0b4, 0xe7828a, 0xe79da1, 0xe7b28b, 0xe7bfa0, 0xe8a1b0, 0xe98182, 0xe98594, 0xe98c90,
    0xe98c98, 0xe99a8f, 0xe7919e, 0xe9ab84, 0xe5b487, 0xe5b5a9, 0xe695b0, 0xe69ea2, 0xe8b6a8,
    0xe99b9b, 0xe68dae, 0xe69d89, 0xe6a499, 0xe88f85, 0xe9a097, 0xe99b80, 0xe8a3be, 0xe6be84,
    0xe691ba, 0xe5afb8, 0xe4b896, 0xe780ac, 0xe7959d, 0xe698af, 0xe58784, 0xe588b6, 0xe58ba2,
    0xe5a793, 0xe5be81, 0xe680a7, 0xe68890, 0xe694bf, 0xe695b4, 0xe6989f, 0xe699b4, 0xe6a3b2,
    0xe6a096, 0xe6ada3, 0xe6b885, 0xe789b2, 0xe7949f, 0xe79b9b, 0xe7b2be, 0xe88196, 0xe5a3b0,
    0xe8a3bd, 0xe8a5bf, 0xe8aaa0, 0xe8aa93, 0xe8ab8b, 0xe9809d, 0xe98692, 0xe99d92, 0xe99d99,
    0xe69689, 0xe7a88e, 0xe88486, 0xe99abb, 0xe5b8ad, 0xe6839c, 0xe6889a, 0xe696a5, 0xe69894,
    0xe69e90, 0xe79fb3, 0xe7a98d, 0xe7b18d, 0xe7b8be, 0xe8848a, 0xe8b2ac, 0xe8b5a4, 0xe8b7a1,
    0xe8b99f, 0xe7a2a9, 0xe58887, 0xe68b99, 0xe68ea5, 0xe69182, 0xe68a98, 0xe8a8ad, 0xe7aa83,
    0xe7af80, 0xe8aaac, 0xe99baa, 0xe7b5b6, 0xe8888c, 0xe89d89, 0xe4bb99, 0xe58588, 0xe58d83,
    0xe58da0, 0xe5aea3, 0xe5b082, 0xe5b096, 0xe5b79d, 0xe688a6, 0xe68987, 0xe692b0, 0xe6a093,
    0xe6a0b4, 0xe6b389, 0xe6b585, 0xe6b497, 0xe69f93, 0xe6bd9c, 0xe7858e, 0xe785bd, 0xe6978b,
    0xe7a9bf, 0xe7aead, 0xe7b79a, 0xe7b98a, 0xe7bea8, 0xe885ba, 0xe8889b, 0xe888b9, 0xe896a6,
    0xe8a9ae, 0xe8b38e, 0xe8b7b5, 0xe981b8, 0xe981b7, 0xe98aad, 0xe98a91, 0xe99683, 0xe9aeae,
    0xe5898d, 0xe59684, 0xe6bcb8, 0xe784b6, 0xe585a8, 0xe7a685, 0xe7b995, 0xe886b3, 0xe7b38e,
    0xe5998c, 0xe5a191, 0xe5b2a8, 0xe68eaa, 0xe69bbe, 0xe69bbd, 0xe6a59a, 0xe78b99, 0xe7968f,
    0xe7968e, 0xe7a48e, 0xe7a596, 0xe7a79f, 0xe7b297, 0xe7b4a0, 0xe7b584, 0xe89887, 0xe8a8b4,
    0xe998bb, 0xe981a1, 0xe9bca0, 0xe583a7, 0xe589b5, 0xe58f8c, 0xe58fa2, 0xe58089, 0xe596aa,
    0xe5a3ae, 0xe5a58f, 0xe788bd, 0xe5ae8b, 0xe5b1a4, 0xe58c9d, 0xe683a3, 0xe683b3, 0xe68d9c,
    0xe68e83, 0xe68cbf, 0xe68ebb, 0xe6938d, 0xe697a9, 0xe69bb9, 0xe5b7a3, 0xe6a78d, 0xe6a7bd,
    0xe6bc95, 0xe787a5, 0xe4ba89, 0xe797a9, 0xe79bb8, 0xe7aa93, 0xe7b39f, 0xe7b78f, 0xe7b69c,
    0xe881a1, 0xe88d89, 0xe88d98, 0xe891ac, 0xe892bc, 0xe897bb, 0xe8a385, 0xe8b5b0, 0xe98081,
    0xe981ad, 0xe98e97, 0xe99c9c, 0xe9a892, 0xe5838f, 0xe5a297, 0xe6868e, 0xe88793, 0xe894b5,
    0xe8b488, 0xe980a0, 0xe4bf83, 0xe581b4, 0xe58987, 0xe58db3, 0xe681af, 0xe68d89, 0xe69d9f,
    0xe6b8ac, 0xe8b6b3, 0xe9809f, 0xe4bf97, 0xe5b19e, 0xe8b38a, 0xe6978f, 0xe7b69a, 0xe58d92,
    0xe8a296, 0xe585b6, 0xe68f83, 0xe5ad98, 0xe5adab, 0xe5b08a, 0xe6908d, 0xe69d91, 0xe9819c,
    0xe4bb96, 0xe5a49a, 0xe5a4aa, 0xe6b1b0, 0xe8a991, 0xe594be, 0xe5a095, 0xe5a6a5, 0xe683b0,
    0xe68993, 0xe69f81, 0xe888b5, 0xe6a595, 0xe99980, 0xe9a784, 0xe9a8a8, 0xe4bd93, 0xe5a086,
    0xe5afbe, 0xe88090, 0xe5b2b1, 0xe5b8af, 0xe5be85, 0xe680a0, 0xe6858b, 0xe688b4, 0xe69bbf,
    0xe6b3b0, 0xe6bb9e, 0xe8838e, 0xe885bf, 0xe88b94, 0xe8a28b, 0xe8b2b8, 0xe98080, 0xe980ae,
    0xe99a8a, 0xe9bb9b, 0xe9af9b, 0xe4bba3, 0xe58fb0, 0xe5a4a7, 0xe7acac, 0xe9868d, 0xe9a18c,
    0xe9b7b9, 0xe6bb9d, 0xe780a7, 0xe58d93, 0xe59584, 0xe5ae85, 0xe68998, 0xe68a9e, 0xe68b93,
    0xe6b2a2, 0xe6bfaf, 0xe790a2, 0xe8a897, 0xe990b8, 0xe6bf81, 0xe8abbe, 0xe88cb8, 0xe587a7,
    0xe89bb8, 0xe58faa, 0xe58fa9, 0xe4bd86, 0xe98194, 0xe8beb0, 0xe5a5aa, 0xe884b1, 0xe5b7bd,
    0xe7abaa, 0xe8bebf, 0xe6a39a, 0xe8b0b7, 0xe78bb8, 0xe9b188, 0xe6a8bd, 0xe8aab0, 0xe4b8b9,
    0xe58d98, 0xe59886, 0xe59da6, 0xe68b85, 0xe68ea2, 0xe697a6, 0xe6ad8e, 0xe6b7a1, 0xe6b99b,
    0xe782ad, 0xe79fad, 0xe7abaf, 0xe7aeaa, 0xe7b6bb, 0xe880bd, 0xe88386, 0xe89b8b, 0xe8aa95,
    0xe98d9b, 0xe59ba3, 0xe5a387, 0xe5bcbe, 0xe696ad, 0xe69a96, 0xe6aa80, 0xe6aeb5, 0xe794b7,
    0xe8ab87, 0xe580a4, 0xe79fa5, 0xe59cb0, 0xe5bc9b, 0xe681a5, 0xe699ba, 0xe6b1a0, 0xe797b4,
    0xe7a89a, 0xe7bdae, 0xe887b4, 0xe89c98, 0xe98185, 0xe9a6b3, 0xe7af89, 0xe7959c, 0xe7abb9,
    0xe7ad91, 0xe89384, 0xe98090, 0xe7a7a9, 0xe7aa92, 0xe88cb6, 0xe5aba1, 0xe79d80, 0xe4b8ad,
    0xe4bbb2, 0xe5ae99, 0xe5bfa0, 0xe68abd, 0xe698bc, 0xe69fb1, 0xe6b3a8, 0xe899ab, 0xe8a1b7,
    0xe8a8bb, 0xe9858e, 0xe98bb3, 0xe9a790, 0xe6a897, 0xe780a6, 0xe78caa, 0xe88ba7, 0xe89197,
    0xe8b2af, 0xe4b881, 0xe58586, 0xe5878b, 0xe5968b, 0xe5afb5, 0xe5b896, 0xe5b8b3, 0xe5ba81,
    0xe5bc94, 0xe5bcb5, 0xe5bdab, 0xe5beb4, 0xe687b2, 0xe68c91, 0xe69aa2, 0xe69c9d, 0xe6bdae,
    0xe78992, 0xe794ba, 0xe79cba, 0xe881b4, 0xe884b9, 0xe885b8, 0xe89db6, 0xe8aabf, 0xe8ab9c,
    0xe8b685, 0xe8b7b3, 0xe98a9a, 0xe995b7, 0xe9a082, 0xe9b3a5, 0xe58b85, 0xe68d97, 0xe79bb4,
    0xe69c95, 0xe6b288, 0xe78f8d, 0xe8b383, 0xe98eae, 0xe999b3, 0xe6b4a5, 0xe5a29c, 0xe6a48e,
    0xe6a78c, 0xe8bfbd, 0xe98e9a, 0xe7979b, 0xe9809a, 0xe5a19a, 0xe6a082, 0xe68eb4, 0xe6a7bb,
    0xe4bd83, 0xe6bcac, 0xe69f98, 0xe8bebb, 0xe894a6, 0xe7b6b4, 0xe98d94, 0xe6a4bf, 0xe6bdb0,
    0xe59daa, 0xe5a3b7, 0xe5acac, 0xe7b4ac, 0xe788aa, 0xe5908a, 0xe987a3, 0xe9b6b4, 0xe4baad,
    0xe4bd8e, 0xe5819c, 0xe581b5, 0xe58983, 0xe8b29e, 0xe59188, 0xe5a0a4, 0xe5ae9a, 0xe5b89d,
    0xe5ba95, 0xe5baad, 0xe5bbb7, 0xe5bc9f, 0xe6828c, 0xe68ab5, 0xe68cba, 0xe68f90, 0xe6a2af,
    0xe6b180, 0xe7a287, 0xe7a68e, 0xe7a88b, 0xe7b7a0, 0xe88987, 0xe8a882, 0xe8aba6, 0xe8b984,
    0xe98093, 0xe982b8, 0xe984ad, 0xe98798, 0xe9bc8e, 0xe6b3a5, 0xe69198, 0xe693a2, 0xe695b5,
    0xe6bbb4, 0xe79a84, 0xe7ac9b, 0xe981a9, 0xe98f91, 0xe6baba, 0xe593b2, 0xe5beb9, 0xe692a4,
    0xe8bd8d, 0xe8bfad, 0xe98984, 0xe585b8, 0xe5a1ab, 0xe5a4a9, 0xe5b195, 0xe5ba97, 0xe6b7bb,
    0xe7ba8f, 0xe7949c, 0xe8b2bc, 0xe8bba2, 0xe9a19b, 0xe782b9, 0xe4bc9d, 0xe6aebf, 0xe6beb1,
    0xe794b0, 0xe99bbb, 0xe5858e, 0xe59090, 0xe5a0b5, 0xe5a197, 0xe5a6ac, 0xe5b1a0, 0xe5be92,
    0xe69697, 0xe69d9c, 0xe6b8a1, 0xe799bb, 0xe88f9f, 0xe8b3ad, 0xe98094, 0xe983bd, 0xe98d8d,
    0xe7a0a5, 0xe7a0ba, 0xe58aaa, 0xe5baa6, 0xe59c9f, 0xe5a5b4, 0xe68092, 0xe58092, 0xe5859a,
    0xe586ac, 0xe5878d, 0xe58880, 0xe59490, 0xe5a194, 0xe5a198, 0xe5a597, 0xe5ae95, 0xe5b3b6,
    0xe5b68b, 0xe682bc, 0xe68a95, 0xe690ad, 0xe69db1, 0xe6a183, 0xe6a2bc, 0xe6a39f, 0xe79b97,
    0xe6b798, 0xe6b9af, 0xe6b69b, 0xe781af, 0xe78788, 0xe5bd93, 0xe79798, 0xe7a5b7, 0xe7ad89,
    0xe7ad94, 0xe7ad92, 0xe7b396, 0xe7b5b1, 0xe588b0, 0xe891a3, 0xe895a9, 0xe897a4, 0xe8a88e,
    0xe8ac84, 0xe8b186, 0xe8b88f, 0xe98083, 0xe9808f, 0xe99099, 0xe999b6, 0xe9a0ad, 0xe9a8b0,
    0xe99798, 0xe5838d, 0xe58b95, 0xe5908c, 0xe5a082, 0xe5b08e, 0xe686a7, 0xe6929e, 0xe6b49e,
    0xe79eb3, 0xe7aba5, 0xe883b4, 0xe89084, 0xe98193, 0xe98a85, 0xe5b3a0, 0xe9b487, 0xe58cbf,
    0xe5be97, 0xe5beb3, 0xe6b69c, 0xe789b9, 0xe79da3, 0xe7a6bf, 0xe7afa4, 0xe6af92, 0xe78bac,
    0xe8aaad, 0xe6a083, 0xe6a9a1, 0xe587b8, 0xe7aa81, 0xe6a4b4, 0xe5b18a, 0xe9b3b6, 0xe88bab,
    0xe5af85, 0xe98589, 0xe7809e, 0xe599b8, 0xe5b1af, 0xe68387, 0xe695a6, 0xe6b28c, 0xe8b19a,
    0xe98181, 0xe9a093, 0xe59191, 0xe69b87, 0xe9888d, 0xe5a588, 0xe982a3, 0xe58685, 0xe4b98d,
    0xe587aa, 0xe89699, 0xe8ac8e, 0xe78198, 0xe68dba, 0xe98d8b, 0xe6a5a2, 0xe9a6b4, 0xe7b884,
    0xe795b7, 0xe58d97, 0xe6a5a0, 0xe8bb9f, 0xe99ba3, 0xe6b19d, 0xe4ba8c, 0xe5b0bc, 0xe5bc90,
    0xe8bfa9, 0xe58c82, 0xe8b391, 0xe88289, 0xe899b9, 0xe5bbbf, 0xe697a5, 0xe4b9b3, 0xe585a5,
    0xe5a682, 0xe5b0bf, 0xe99fae, 0xe4bbbb, 0xe5a68a, 0xe5bf8d, 0xe8aa8d, 0xe6bfa1, 0xe7a6b0,
    0xe7a5a2, 0xe5afa7, 0xe891b1, 0xe78cab, 0xe786b1, 0xe5b9b4, 0xe5bfb5, 0xe68dbb, 0xe6929a,
    0xe78783, 0xe7b298, 0xe4b983, 0xe5bbbc, 0xe4b98b, 0xe59f9c, 0xe59aa2, 0xe682a9, 0xe6bf83,
    0xe7b48d, 0xe883bd, 0xe884b3, 0xe886bf, 0xe8beb2, 0xe8a697, 0xe89aa4, 0xe5b7b4, 0xe68a8a,
    0xe692ad, 0xe8a687, 0xe69db7, 0xe6b3a2, 0xe6b4be, 0xe790b6, 0xe7a0b4, 0xe5a986, 0xe7bdb5,
    0xe88aad, 0xe9a6ac, 0xe4bfb3, 0xe5bb83, 0xe68b9d, 0xe68e92, 0xe69597, 0xe69daf, 0xe79b83,
    0xe7898c, 0xe8838c, 0xe882ba, 0xe8bca9, 0xe9858d, 0xe5808d, 0xe59fb9, 0xe5aa92, 0xe6a285,
    0xe6a5b3, 0xe785a4, 0xe78bbd, 0xe8b2b7, 0xe5a3b2, 0xe8b3a0, 0xe999aa, 0xe98099, 0xe89dbf,
    0xe7a7a4, 0xe79fa7, 0xe890a9, 0xe4bcaf, 0xe589a5, 0xe58d9a, 0xe68b8d, 0xe69f8f, 0xe6b38a,
    0xe799bd, 0xe7ae94, 0xe7b295, 0xe888b6, 0xe89684, 0xe8bfab, 0xe69b9d, 0xe6bca0, 0xe78886,
    0xe7b89b, 0xe88eab, 0xe9a781, 0xe9baa6, 0xe587bd, 0xe7aeb1, 0xe7a1b2, 0xe7aeb8, 0xe88287,
    0xe7ad88, 0xe6aba8, 0xe5b9a1, 0xe8828c, 0xe79591, 0xe795a0, 0xe585ab, 0xe989a2, 0xe6ba8c,
    0xe799ba, 0xe98697, 0xe9abaa, 0xe4bc90, 0xe7bdb0, 0xe68a9c, 0xe7ad8f, 0xe996a5, 0xe9b3a9,
    0xe599ba, 0xe5a199, 0xe89ba4, 0xe99abc, 0xe4bcb4, 0xe588a4, 0xe58d8a, 0xe58f8d, 0xe58f9b,
    0xe5b886, 0xe690ac, 0xe69691, 0xe69dbf, 0xe6b0be, 0xe6b18e, 0xe78988, 0xe78aaf, 0xe78fad,
    0xe79594, 0xe7b981, 0xe888ac, 0xe897a9, 0xe8b2a9, 0xe7af84, 0xe98786, 0xe785a9, 0xe9a092,
    0xe9a3af, 0xe68cbd, 0xe699a9, 0xe795aa, 0xe79ba4, 0xe7a390, 0xe89583, 0xe89bae, 0xe58caa,
    0xe58d91, 0xe590a6, 0xe5a683, 0xe5ba87, 0xe5bdbc, 0xe682b2, 0xe68989, 0xe689b9, 0xe68aab,
    0xe69690, 0xe6af94, 0xe6b38c, 0xe796b2, 0xe79aae, 0xe7a291, 0xe7a798, 0xe7b78b, 0xe7bdb7,
    0xe882a5, 0xe8a2ab, 0xe8aab9, 0xe8b2bb, 0xe981bf, 0xe99d9e, 0xe9a39b, 0xe6a88b, 0xe7b0b8,
    0xe58299, 0xe5b0be, 0xe5beae, 0xe69e87, 0xe6af98, 0xe790b5, 0xe79c89, 0xe7be8e, 0xe9bcbb,
    0xe69f8a, 0xe7a897, 0xe58cb9, 0xe7968b, 0xe9abad, 0xe5bda6, 0xe8869d, 0xe88fb1, 0xe88298,
    0xe5bcbc, 0xe5bf85, 0xe795a2, 0xe7ad86, 0xe980bc, 0xe6a1a7, 0xe5a7ab, 0xe5aa9b, 0xe7b490,
    0xe799be, 0xe8acac, 0xe4bfb5, 0xe5bdaa, 0xe6a899, 0xe6b0b7, 0xe6bc82, 0xe793a2, 0xe7a5a8,
    0xe8a1a8, 0xe8a995, 0xe8b1b9, 0xe5bb9f, 0xe68f8f, 0xe79785, 0xe7a792, 0xe88b97, 0xe98ca8,
    0xe98bb2, 0xe8929c, 0xe89bad, 0xe9b0ad, 0xe59381, 0xe5bdac, 0xe6968c, 0xe6b59c, 0xe78095,
    0xe8b2a7, 0xe8b393, 0xe9a0bb, 0xe6958f, 0xe793b6, 0xe4b88d, 0xe4bb98, 0xe59fa0, 0xe5a4ab,
    0xe5a9a6, 0xe5af8c, 0xe586a8, 0xe5b883, 0xe5ba9c, 0xe68096, 0xe689b6, 0xe695b7, 0xe696a7,
    0xe699ae, 0xe6b5ae, 0xe788b6, 0xe7aca6, 0xe88590, 0xe8869a, 0xe88a99, 0xe8ad9c, 0xe8b2a0,
    0xe8b3a6, 0xe8b5b4, 0xe9989c, 0xe99984, 0xe4beae, 0xe692ab, 0xe6ada6, 0xe8889e, 0xe891a1,
    0xe895aa, 0xe983a8, 0xe5b081, 0xe6a593, 0xe9a2a8, 0xe891ba, 0xe89597, 0xe4bc8f, 0xe589af,
    0xe5bea9, 0xe5b985, 0xe69c8d, 0xe7a68f, 0xe885b9, 0xe8a487, 0xe8a686, 0xe6b7b5, 0xe5bc97,
    0xe68995, 0xe6b2b8, 0xe4bb8f, 0xe789a9, 0xe9ae92, 0xe58886, 0xe590bb, 0xe599b4, 0xe5a2b3,
    0xe686a4, 0xe689ae, 0xe7849a, 0xe5a5ae, 0xe7b289, 0xe7b39e, 0xe7b49b, 0xe99bb0, 0xe69687,
    0xe8819e, 0xe4b899, 0xe4bdb5, 0xe585b5, 0xe5a180, 0xe5b9a3, 0xe5b9b3, 0xe5bc8a, 0xe69f84,
    0xe4b8a6, 0xe894bd, 0xe99689, 0xe9999b, 0xe7b1b3, 0xe9a081, 0xe583bb, 0xe5a381, 0xe79996,
    0xe7a2a7, 0xe588a5, 0xe79ea5, 0xe89491, 0xe7ae86, 0xe5818f, 0xe5a489, 0xe78987, 0xe7af87,
    0xe7b7a8, 0xe8beba, 0xe8bf94, 0xe9818d, 0xe4bebf, 0xe58b89, 0xe5a8a9, 0xe5bc81, 0xe99ead,
    0xe4bf9d, 0xe88897, 0xe98baa, 0xe59c83, 0xe68d95, 0xe6ada9, 0xe794ab, 0xe8a39c, 0xe8bc94,
    0xe7a982, 0xe58b9f, 0xe5a293, 0xe68595, 0xe6888a, 0xe69aae, 0xe6af8d, 0xe7b0bf, 0xe88fa9,
    0xe580a3, 0xe4bfb8, 0xe58c85, 0xe59186, 0xe5a0b1, 0xe5a589, 0xe5ae9d, 0xe5b3b0, 0xe5b3af,
    0xe5b4a9, 0xe5ba96, 0xe68ab1, 0xe68da7, 0xe694be, 0xe696b9, 0xe69c8b, 0xe6b395, 0xe6b3a1,
    0xe783b9, 0xe7a0b2, 0xe7b8ab, 0xe8839e, 0xe88ab3, 0xe8908c, 0xe893ac, 0xe89c82, 0xe8a492,
    0xe8a8aa, 0xe8b18a, 0xe982a6, 0xe98b92, 0xe9a3bd, 0xe9b3b3, 0xe9b5ac, 0xe4b98f, 0xe4baa1,
    0xe5828d, 0xe58996, 0xe59d8a, 0xe5a6a8, 0xe5b8bd, 0xe5bf98, 0xe5bf99, 0xe688bf, 0xe69ab4,
    0xe69c9b, 0xe69f90, 0xe6a392, 0xe58692, 0xe7b4a1, 0xe882aa, 0xe886a8, 0xe8ac80, 0xe8b28c,
    0xe8b2bf, 0xe989be, 0xe998b2, 0xe590a0, 0xe9a0ac, 0xe58c97, 0xe58395, 0xe58d9c, 0xe5a2a8,
    0xe692b2, 0xe69cb4, 0xe789a7, 0xe79da6, 0xe7a986, 0xe987a6, 0xe58b83, 0xe6b2a1, 0xe6ae86,
    0xe5a080, 0xe5b98c, 0xe5a594, 0xe69cac, 0xe7bfbb, 0xe587a1, 0xe79b86, 0xe691a9, 0xe7a3a8,
    0xe9ad94, 0xe9babb, 0xe59f8b, 0xe5a6b9, 0xe698a7, 0xe69e9a, 0xe6af8e, 0xe593a9, 0xe6a799,
    0xe5b995, 0xe8869c, 0xe69e95, 0xe9aeaa, 0xe69fbe, 0xe9b192, 0xe6a19d, 0xe4baa6, 0xe4bfa3,
    0xe58f88, 0xe68ab9, 0xe69cab, 0xe6b2ab, 0xe8bf84, 0xe4bead, 0xe7b9ad, 0xe9babf, 0xe4b887,
    0xe685a2, 0xe6ba80, 0xe6bcab, 0xe89493, 0xe591b3, 0xe69caa, 0xe9ad85, 0xe5b7b3, 0xe7ae95,
    0xe5b2ac, 0xe5af86, 0xe89c9c, 0xe6b98a, 0xe89391, 0xe7a894, 0xe88488, 0xe5a699, 0xe7b28d,
    0xe6b091, 0xe79ca0, 0xe58b99, 0xe5a4a2, 0xe784a1, 0xe7899f, 0xe79f9b, 0xe99ca7, 0xe9b5a1,
    0xe6a48b, 0xe5a9bf, 0xe5a898, 0xe586a5, 0xe5908d, 0xe591bd, 0xe6988e, 0xe79b9f, 0xe8bfb7,
    0xe98a98, 0xe9b3b4, 0xe5a7aa, 0xe7899d, 0xe6bb85, 0xe5858d, 0xe6a389, 0xe7b6bf, 0xe7b7ac,
    0xe99da2, 0xe9baba, 0xe691b8, 0xe6a8a1, 0xe88c82, 0xe5a684, 0xe5ad9f, 0xe6af9b, 0xe78c9b,
    0xe79bb2, 0xe7b6b2, 0xe88097, 0xe89299, 0xe584b2, 0xe69ca8, 0xe9bb99, 0xe79bae, 0xe69da2,
    0xe58bbf, 0xe9a485, 0xe5b0a4, 0xe688bb, 0xe7b1be, 0xe8b2b0, 0xe5958f, 0xe682b6, 0xe7b48b,
    0xe99680, 0xe58c81, 0xe4b99f, 0xe586b6, 0xe5a49c, 0xe788ba, 0xe880b6, 0xe9878e, 0xe5bca5,
    0xe79fa2, 0xe58e84, 0xe5bdb9, 0xe7b484, 0xe896ac, 0xe8a8b3, 0xe8ba8d, 0xe99d96, 0xe69fb3,
    0xe896ae, 0xe99193, 0xe68489, 0xe68488, 0xe6b2b9, 0xe79992, 0xe8abad, 0xe8bcb8, 0xe594af,
    0xe4bd91, 0xe584aa, 0xe58b87, 0xe58f8b, 0xe5aea5, 0xe5b9bd, 0xe682a0, 0xe68682, 0xe68f96,
    0xe69c89, 0xe69f9a, 0xe6b9a7, 0xe6b68c, 0xe78cb6, 0xe78cb7, 0xe794b1, 0xe7a590, 0xe8a395,
    0xe8aa98, 0xe9818a, 0xe98291, 0xe983b5, 0xe99b84, 0xe89e8d, 0xe5a495, 0xe4ba88, 0xe4bd99,
    0xe4b88e, 0xe8aa89, 0xe8bcbf, 0xe9a090, 0xe582ad, 0xe5b9bc, 0xe5a696, 0xe5aeb9, 0xe5bab8,
    0xe68f9a, 0xe68fba, 0xe69381, 0xe69b9c, 0xe6a58a, 0xe6a798, 0xe6b48b, 0xe6bab6, 0xe78694,
    0xe794a8, 0xe7aaaf, 0xe7be8a, 0xe88080, 0xe89189, 0xe89389, 0xe8a681, 0xe8aca1, 0xe8b88a,
    0xe981a5, 0xe999bd, 0xe9a48a, 0xe685be, 0xe68a91, 0xe6acb2, 0xe6b283, 0xe6b5b4, 0xe7bf8c,
    0xe7bfbc, 0xe6b780, 0xe7be85, 0xe89eba, 0xe8a3b8, 0xe69da5, 0xe88eb1, 0xe9a0bc, 0xe99bb7,
    0xe6b49b, 0xe7b5a1, 0xe890bd, 0xe985aa, 0xe4b9b1, 0xe58db5, 0xe5b590, 0xe6ac84, 0xe6bfab,
    0xe8978d, 0xe898ad, 0xe8a6a7, 0xe588a9, 0xe5908f, 0xe5b1a5, 0xe69d8e, 0xe6a2a8, 0xe79086,
    0xe79283, 0xe797a2, 0xe8a38f, 0xe8a3a1, 0xe9878c, 0xe99ba2, 0xe999b8, 0xe5be8b, 0xe78e87,
    0xe7ab8b, 0xe8918e, 0xe68ea0, 0xe795a5, 0xe58a89, 0xe6b581, 0xe6ba9c, 0xe79089, 0xe79599,
    0xe7a1ab, 0xe7b292, 0xe99a86, 0xe7ab9c, 0xe9be8d, 0xe4beb6, 0xe685ae, 0xe69785, 0xe8999c,
    0xe4ba86, 0xe4baae, 0xe5839a, 0xe4b8a1, 0xe5878c, 0xe5afae, 0xe69699, 0xe6a281, 0xe6b6bc,
    0xe78c9f, 0xe79982, 0xe79ead, 0xe7a89c, 0xe7b3a7, 0xe889af, 0xe8ab92, 0xe981bc, 0xe9878f,
    0xe999b5, 0xe9a098, 0xe58a9b, 0xe7b791, 0xe580ab, 0xe58e98, 0xe69e97, 0xe6b78b, 0xe78790,
    0xe790b3, 0xe887a8, 0xe8bcaa, 0xe99aa3, 0xe9b197, 0xe9ba9f, 0xe791a0, 0xe5a181, 0xe6b699,
    0xe7b4af, 0xe9a19e, 0xe4bba4, 0xe4bcb6, 0xe4be8b, 0xe586b7, 0xe58ab1, 0xe5b6ba, 0xe6809c,
    0xe78eb2, 0xe7a4bc, 0xe88b93, 0xe988b4, 0xe99ab7, 0xe99bb6, 0xe99c8a, 0xe9ba97, 0xe9bda2,
    0xe69aa6, 0xe6adb4, 0xe58897, 0xe58aa3, 0xe78388, 0xe8a382, 0xe5bb89, 0xe6818b, 0xe68690,
    0xe6bca3, 0xe78589, 0xe7b0be, 0xe7b7b4, 0xe881af, 0xe893ae, 0xe980a3, 0xe98cac, 0xe59182,
    0xe9adaf, 0xe6ab93, 0xe78289, 0xe8b382, 0xe8b7af, 0xe99cb2, 0xe58ab4, 0xe5a981, 0xe5bb8a,
    0xe5bc84, 0xe69c97, 0xe6a5bc, 0xe6a694, 0xe6b5aa, 0xe6bc8f, 0xe789a2, 0xe78bbc, 0xe7afad,
    0xe88081, 0xe881be, 0xe89d8b, 0xe9838e, 0xe585ad, 0xe9ba93, 0xe7a684, 0xe8828b, 0xe98cb2,
    0xe8ab96, 0xe580ad, 0xe5928c, 0xe8a9b1, 0xe6adaa, 0xe8b384, 0xe88487, 0xe68391, 0xe69ea0,
    0xe9b7b2, 0xe4ba99, 0xe4ba98, 0xe9b090, 0xe8a9ab, 0xe89781, 0xe895a8, 0xe6a480, 0xe6b9be,
    0xe7a297, 0xe88595, 0xf0a0ae9f, 0xe5ad81, 0xe5ad96, 0xe5adbd, 0xe5ae93, 0xe5af98, 0xe5afac,
    0xe5b092, 0xe5b09e, 0xe5b0a3, 0xe5b0ab, 0xe39e8d, 0xe5b1a2, 0xefa8bb, 0xefa8bc, 0xf0a19ab4,
    0xe5b1ba, 0xe5b28f, 0xe5b29f, 0xe5b2a3, 0xe5b2aa, 0xe5b2ba, 0xe5b38b, 0xe5b390, 0xe5b392,
    0xe5b3b4, 0xf0a1b8b4, 0xe39fa2, 0xe5b48d, 0xe5b4a7, 0xefa891, 0xe5b586, 0xe5b587, 0xe5b593,
    0xe5b58a, 0xe5b5ad, 0xe5b681, 0xe5b6a0, 0xe5b6a4, 0xe5b6a7, 0xe5b6b8, 0xe5b78b, 0xe5909e,
    0xe5bc8c, 0xe4b890, 0xe4b895, 0xe4b8aa, 0xe4b8b1, 0xe4b8b6, 0xe4b8bc, 0xe4b8bf, 0xe4b982,
    0xe4b996, 0xe4b998, 0xe4ba82, 0xe4ba85, 0xe8b1ab, 0xe4ba8a, 0xe88892, 0xe5bc8d, 0xe4ba8e,
    0xe4ba9e, 0xe4ba9f, 0xe4baa0, 0xe4baa2, 0xe4bab0, 0xe4bab3, 0xe4bab6, 0xe4bb8e, 0xe4bb8d,
    0xe4bb84, 0xe4bb86, 0xe4bb82, 0xe4bb97, 0xe4bb9e, 0xe4bbad, 0xe4bb9f, 0xe4bbb7, 0xe4bc89,
    0xe4bd9a, 0xe4bcb0, 0xe4bd9b, 0xe4bd9d, 0xe4bd97, 0xe4bd87, 0xe4bdb6, 0xe4be88, 0xe4be8f,
    0xe4be98, 0xe4bdbb, 0xe4bda9, 0xe4bdb0, 0xe4be91, 0xe4bdaf, 0xe4be86, 0xe4be96, 0xe58498,
    0xe4bf94, 0xe4bf9f, 0xe4bf8e, 0xe4bf98, 0xe4bf9b, 0xe4bf91, 0xe4bf9a, 0xe4bf90, 0xe4bfa4,
    0xe4bfa5, 0xe5809a, 0xe580a8, 0xe58094, 0xe580aa, 0xe580a5, 0xe58085, 0xe4bc9c, 0xe4bfb6,
    0xe580a1, 0xe580a9, 0xe580ac, 0xe4bfbe, 0xe4bfaf, 0xe58091, 0xe58086, 0xe58183, 0xe58187,
    0xe69c83, 0xe58195, 0xe58190, 0xe58188, 0xe5819a, 0xe58196, 0xe581ac, 0xe581b8, 0xe58280,
    0xe5829a, 0xe58285, 0xe582b4, 0xe582b2, 0xe58389, 0xe5838a, 0xe582b3, 0xe58382, 0xe58396,
    0xe5839e, 0xe583a5, 0xe583ad, 0xe583a3, 0xe583ae, 0xe583b9, 0xe583b5, 0xe58489, 0xe58481,
    0xe58482, 0xe58496, 0xe58495, 0xe58494, 0xe5849a, 0xe584a1, 0xe584ba, 0xe584b7, 0xe584bc,
    0xe584bb, 0xe584bf, 0xe58580, 0xe58592, 0xe5858c, 0xe58594, 0xe585a2, 0xe7abb8, 0xe585a9,
    0xe585aa, 0xe585ae, 0xe58680, 0xe58682, 0xe59b98, 0xe5868c, 0xe58689, 0xe5868f, 0xe58691,
    0xe58693, 0xe58695, 0xe58696, 0xe586a4, 0xe586a6, 0xe586a2, 0xe586a9, 0xe586aa, 0xe586ab,
    0xe586b3, 0xe586b1, 0xe586b2, 0xe586b0, 0xe586b5, 0xe586bd, 0xe58785, 0xe58789, 0xe5879b,
    0xe587a0, 0xe89995, 0xe587a9, 0xe587ad, 0xe587b0, 0xe587b5, 0xe587be, 0xe58884, 0xe5888b,
    0xe58894, 0xe5888e, 0xe588a7, 0xe588aa, 0xe588ae, 0xe588b3, 0xe588b9, 0xe5898f, 0xe58984,
    0xe5898b, 0xe5898c, 0xe5899e, 0xe58994, 0xe589aa, 0xe589b4, 0xe589a9, 0xe589b3, 0xe589bf,
    0xe589bd, 0xe58a8d, 0xe58a94, 0xe58a92, 0xe589b1, 0xe58a88, 0xe58a91, 0xe8bea8, 0xe8bea7,
    0xe58aac, 0xe58aad, 0xe58abc, 0xe58ab5, 0xe58b81, 0xe58b8d, 0xe58b97, 0xe58b9e, 0xe58ba3,
    0xe58ba6, 0xe9a3ad, 0xe58ba0, 0xe58bb3, 0xe58bb5, 0xe58bb8, 0xe58bb9, 0xe58c86, 0xe58c88,
    0xe794b8, 0xe58c8d, 0xe58c90, 0xe58c8f, 0xe58c95, 0xe58c9a, 0xe58ca3, 0xe58caf, 0xe58cb1,
    0xe58cb3, 0xe58cb8, 0xe58d80, 0xe58d86, 0xe58d85, 0xe4b897, 0xe58d89, 0xe58d8d, 0xe58796,
    0xe58d9e, 0xe58da9, 0xe58dae, 0xe5a498, 0xe58dbb, 0xe58db7, 0xe58e82, 0xe58e96, 0xe58ea0,
    0xe58ea6, 0xe58ea5, 0xe58eae, 0xe58eb0, 0xe58eb6, 0xe58f83, 0xe7b092, 0xe99b99, 0xe58f9f,
    0xe69bbc, 0xe787ae, 0xe58fae, 0xe58fa8, 0xe58fad, 0xe58fba, 0xe59081, 0xe590bd, 0xe59180,
    0xe590ac, 0xe590ad, 0xe590bc, 0xe590ae, 0xe590b6, 0xe590a9, 0xe5909d, 0xe5918e, 0xe5928f,
    0xe591b5, 0xe5928e, 0xe5919f, 0xe591b1, 0xe591b7, 0xe591b0, 0xe59292, 0xe591bb, 0xe59280,
    0xe591b6, 0xe59284, 0xe59290, 0xe59286, 0xe59387, 0xe592a2, 0xe592b8, 0xe592a5, 0xe592ac,
    0xe59384, 0xe59388, 0xe592a8, 0xe592ab, 0xe59382, 0xe592a4, 0xe592be, 0xe592bc, 0xe59398,
    0xe593a5, 0xe593a6, 0xe5948f, 0xe59494, 0xe593bd, 0xe593ae, 0xe593ad, 0xe593ba, 0xe593a2,
    0xe594b9, 0xe59580, 0xe595a3, 0xe5958c, 0xe594ae, 0xe5959c, 0xe59585, 0xe59596, 0xe59597,
    0xe594b8, 0xe594b3, 0xe5959d, 0xe59699, 0xe59680, 0xe592af, 0xe5968a, 0xe5969f, 0xe595bb,
    0xe595be, 0xe59698, 0xe5969e, 0xe596ae, 0xe595bc, 0xe59683, 0xe596a9, 0xe59687, 0xe596a8,
    0xe5979a, 0xe59785, 0xe5979f, 0xe59784, 0xe5979c, 0xe597a4, 0xe59794, 0xe59894, 0xe597b7,
    0xe59896, 0xe597be, 0xe597bd, 0xe5989b, 0xe597b9, 0xe5998e, 0xe59990, 0xe7879f, 0xe598b4,
    0xe598b6, 0xe598b2, 0xe598b8, 0xe599ab, 0xe599a4, 0xe598af, 0xe599ac, 0xe599aa, 0xe59a86,
    0xe59a80, 0xe59a8a, 0xe59aa0, 0xe59a94, 0xe59a8f, 0xe59aa5, 0xe59aae, 0xe59ab6, 0xe59ab4,
    0xe59b82, 0xe59abc, 0xe59b81, 0xe59b83, 0xe59b80, 0xe59b88, 0xe59b8e, 0xe59b91, 0xe59b93,
    0xe59b97, 0xe59bae, 0xe59bb9, 0xe59c80, 0xe59bbf, 0xe59c84, 0xe59c89, 0xe59c88, 0xe59c8b,
    0xe59c8d, 0xe59c93, 0xe59c98, 0xe59c96, 0xe59787, 0xe59c9c, 0xe59ca6, 0xe59cb7, 0xe59cb8,
    0xe59d8e, 0xe59cbb, 0xe59d80, 0xe59d8f, 0xe59da9, 0xe59f80, 0xe59e88, 0xe59da1, 0xe59dbf,
    0xe59e89, 0xe59e93, 0xe59ea0, 0xe59eb3, 0xe59ea4, 0xe59eaa, 0xe59eb0, 0xe59f83, 0xe59f86,
    0xe59f94, 0xe59f92, 0xe59f93, 0xe5a08a, 0xe59f96, 0xe59fa3, 0xe5a08b, 0xe5a099, 0xe5a09d,
    0xe5a1b2, 0xe5a0a1, 0xe5a1a2, 0xe5a18b, 0xe5a1b0, 0xe6af80, 0xe5a192, 0xe5a0bd, 0xe5a1b9,
    0xe5a285, 0xe5a2b9, 0xe5a29f, 0xe5a2ab, 0xe5a2ba, 0xe5a39e, 0xe5a2bb, 0xe5a2b8, 0xe5a2ae,
    0xe5a385, 0xe5a393, 0xe5a391, 0xe5a397, 0xe5a399, 0xe5a398, 0xe5a3a5, 0xe5a39c, 0xe5a3a4,
    0xe5a39f, 0xe5a3af, 0xe5a3ba, 0xe5a3b9, 0xe5a3bb, 0xe5a3bc, 0xe5a3bd, 0xe5a482, 0xe5a48a,
    0xe5a490, 0xe5a49b, 0xe6a2a6, 0xe5a4a5, 0xe5a4ac, 0xe5a4ad, 0xe5a4b2, 0xe5a4b8, 0xe5a4be,
    0xe7ab92, 0xe5a595, 0xe5a590, 0xe5a58e, 0xe5a59a, 0xe5a598, 0xe5a5a2, 0xe5a5a0, 0xe5a5a7,
    0xe5a5ac, 0xe5a5a9, 0xe5a5b8, 0xe5a681, 0xe5a69d, 0xe4bd9e, 0xe4beab, 0xe5a6a3, 0xe5a6b2,
    0xe5a786, 0xe5a7a8, 0xe5a79c, 0xe5a68d, 0xe5a799, 0xe5a79a, 0xe5a8a5, 0xe5a89f, 0xe5a891,
    0xe5a89c, 0xe5a889, 0xe5a89a, 0xe5a980, 0xe5a9ac, 0xe5a989, 0xe5a8b5, 0xe5a8b6, 0xe5a9a2,
    0xe5a9aa, 0xe5aa9a, 0xe5aabc, 0xe5aabe, 0xe5ab8b, 0xe5ab82, 0xe5aabd, 0xe5aba3, 0xe5ab97,
    0xe5aba6, 0xe5aba9, 0xe5ab96, 0xe5abba, 0xe5abbb, 0xe5ac8c, 0xe5ac8b, 0xe5ac96, 0xe5acb2,
    0xe5ab90, 0xe5acaa, 0xe5acb6, 0xe5acbe, 0xe5ad83, 0xe5ad85, 0xe5ad80, 0xe5ad91, 0xe5ad95,
    0xe5ad9a, 0xe5ad9b, 0xe5ada5, 0xe5ada9, 0xe5adb0, 0xe5adb3, 0xe5adb5, 0xe5adb8, 0xe69688,
    0xe5adba, 0xe5ae80, 0xe5ae83, 0xe5aea6, 0xe5aeb8, 0xe5af83, 0xe5af87, 0xe5af89, 0xe5af94,
    0xe5af90, 0xe5afa4, 0xe5afa6, 0xe5afa2, 0xe5af9e, 0xe5afa5, 0xe5afab, 0xe5afb0, 0xe5afb6,
    0xe5afb3, 0xe5b085, 0xe5b087, 0xe5b088, 0xe5b08d, 0xe5b093, 0xe5b0a0, 0xe5b0a2, 0xe5b0a8,
    0xe5b0b8, 0xe5b0b9, 0xe5b181, 0xe5b186, 0xe5b18e, 0xe5b193, 0xe5b190, 0xe5b18f, 0xe5adb1,
    0xe5b1ac, 0xe5b1ae, 0xe4b9a2, 0xe5b1b6, 0xe5b1b9, 0xe5b28c, 0xe5b291, 0xe5b294, 0xe5a69b,
    0xe5b2ab, 0xe5b2bb, 0xe5b2b6, 0xe5b2bc, 0xe5b2b7, 0xe5b385, 0xe5b2be, 0xe5b387, 0xe5b399,
    0xe5b3a9, 0xe5b3bd, 0xe5b3ba, 0xe5b3ad, 0xe5b68c, 0xe5b3aa, 0xe5b48b, 0xe5b495, 0xe5b497,
    0xe5b59c, 0xe5b49f, 0xe5b49b, 0xe5b491, 0xe5b494, 0xe5b4a2, 0xe5b49a, 0xe5b499, 0xe5b498,
    0xe5b58c, 0xe5b592, 0xe5b58e, 0xe5b58b, 0xe5b5ac, 0xe5b5b3, 0xe5b5b6, 0xe5b687, 0xe5b684,
    0xe5b682, 0xe5b6a2, 0xe5b69d, 0xe5b6ac, 0xe5b6ae, 0xe5b6bd, 0xe5b690, 0xe5b6b7, 0xe5b6bc,
    0xe5b789, 0xe5b78d, 0xe5b793, 0xe5b792, 0xe5b796, 0xe5b79b, 0xe5b7ab, 0xe5b7b2, 0xe5b7b5,
    0xe5b88b, 0xe5b89a, 0xe5b899, 0xe5b891, 0xe5b89b, 0xe5b8b6, 0xe5b8b7, 0xe5b984, 0xe5b983,
    0xe5b980, 0xe5b98e, 0xe5b997, 0xe5b994, 0xe5b99f, 0xe5b9a2, 0xe5b9a4, 0xe5b987, 0xe5b9b5,
    0xe5b9b6, 0xe5b9ba, 0xe9babc, 0xe5b9bf, 0xe5baa0, 0xe5bb81, 0xe5bb82, 0xe5bb88, 0xe5bb90,
    0xe5bb8f, 0xe5bb96, 0xe5bba3, 0xe5bb9d, 0xe5bb9a, 0xe5bb9b, 0xe5bba2, 0xe5bba1, 0xe5bba8,
    0xe5bba9, 0xe5bbac, 0xe5bbb1, 0xe5bbb3, 0xe5bbb0, 0xe5bbb4, 0xe5bbb8, 0xe5bbbe, 0xe5bc83,
    0xe5bc89, 0xe5bd9d, 0xe5bd9c, 0xe5bc8b, 0xe5bc91, 0xe5bc96, 0xe5bca9, 0xe5bcad, 0xe5bcb8,
    0xe5bd81, 0xe5bd88, 0xe5bd8c, 0xe5bd8e, 0xe5bcaf, 0xe5bd91, 0xe5bd96, 0xe5bd97, 0xe5bd99,
    0xe5bda1, 0xe5bdad, 0xe5bdb3, 0xe5bdb7, 0xe5be83, 0xe5be82, 0xe5bdbf, 0xe5be8a, 0xe5be88,
    0xe5be91, 0xe5be87, 0xe5be9e, 0xe5be99, 0xe5be98, 0xe5bea0, 0xe5bea8, 0xe5bead, 0xe5bebc,
    0xe5bf96, 0xe5bfbb, 0xe5bfa4, 0xe5bfb8, 0xe5bfb1, 0xe5bf9d, 0xe682b3, 0xe5bfbf, 0xe680a1,
    0xe681a0, 0xe68099, 0xe68090, 0xe680a9, 0xe6808e, 0xe680b1, 0xe6809b, 0xe68095, 0xe680ab,
    0xe680a6, 0xe6808f, 0xe680ba, 0xe6819a, 0xe68181, 0xe681aa, 0xe681b7, 0xe6819f, 0xe6818a,
    0xe68186, 0xe6818d, 0xe681a3, 0xe68183, 0xe681a4, 0xe68182, 0xe681ac, 0xe681ab, 0xe68199,
    0xe68281, 0xe6828d, 0xe683a7, 0xe68283, 0xe6829a, 0xe68284, 0xe6829b, 0xe68296, 0xe68297,
    0xe68292, 0xe682a7, 0xe6828b, 0xe683a1, 0xe682b8, 0xe683a0, 0xe68393, 0xe682b4, 0xe5bfb0,
    0xe682bd, 0xe68386, 0xe682b5, 0xe68398, 0xe6858d, 0xe68495, 0xe68486, 0xe683b6, 0xe683b7,
    0xe68480, 0xe683b4, 0xe683ba, 0xe68483, 0xe684a1, 0xe683bb, 0xe683b1, 0xe6848d, 0xe6848e,
    0xe68587, 0xe684be, 0xe684a8, 0xe684a7, 0xe6858a, 0xe684bf, 0xe684bc, 0xe684ac, 0xe684b4,
    0xe684bd, 0xe68582, 0xe68584, 0xe685b3, 0xe685b7, 0xe68598, 0xe68599, 0xe6859a, 0xe685ab,
    0xe685b4, 0xe685af, 0xe685a5, 0xe685b1, 0xe6859f, 0xe6859d, 0xe68593, 0xe685b5, 0xe68699,
    0xe68696, 0xe68687, 0xe686ac, 0xe68694, 0xe6869a, 0xe6868a, 0xe68691, 0xe686ab, 0xe686ae,
    0xe6878c, 0xe6878a, 0xe68789, 0xe687b7, 0xe68788, 0xe68783, 0xe68786, 0xe686ba, 0xe6878b,
    0xe7bdb9, 0xe6878d, 0xe687a6, 0xe687a3, 0xe687b6, 0xe687ba, 0xe687b4, 0xe687bf, 0xe687bd,
    0xe687bc, 0xe687be, 0xe68880, 0xe68888, 0xe68889, 0xe6888d, 0xe6888c, 0xe68894, 0xe6889b,
    0xe6889e, 0xe688a1, 0xe688aa, 0xe688ae, 0xe688b0, 0xe688b2, 0xe688b3, 0xe68981, 0xe6898e,
    0xe6899e, 0xe689a3, 0xe6899b, 0xe689a0, 0xe689a8, 0xe689bc, 0xe68a82, 0xe68a89, 0xe689be,
    0xe68a92, 0xe68a93, 0xe68a96, 0xe68b94, 0xe68a83, 0xe68a94, 0xe68b97, 0xe68b91, 0xe68abb,
    0xe68b8f, 0xe68bbf, 0xe68b86, 0xe69394, 0xe68b88, 0xe68b9c, 0xe68b8c, 0xe68b8a, 0xe68b82,
    0xe68b87, 0xe68a9b, 0xe68b89, 0xe68c8c, 0xe68bae, 0xe68bb1, 0xe68ca7, 0xe68c82, 0xe68c88,
    0xe68baf, 0xe68bb5, 0xe68d90, 0xe68cbe, 0xe68d8d, 0xe6909c, 0xe68d8f, 0xe68e96, 0xe68e8e,
    0xe68e80, 0xe68eab, 0xe68db6, 0xe68ea3, 0xe68e8f, 0xe68e89, 0xe68e9f, 0xe68eb5, 0xe68dab,
    0xe68da9, 0xe68ebe, 0xe68fa9, 0xe68f80, 0xe68f86, 0xe68fa3, 0xe68f89, 0xe68f92, 0xe68fb6,
    0xe68f84, 0xe69096, 0xe690b4, 0xe69086, 0xe69093, 0xe690a6, 0xe690b6, 0xe6949d, 0xe69097,
    0xe690a8, 0xe6908f, 0xe691a7, 0xe691af, 0xe691b6, 0xe6918e, 0xe694aa, 0xe69295, 0xe69293,
    0xe692a5, 0xe692a9, 0xe69288, 0xe692bc, 0xe6939a, 0xe69392, 0xe69385, 0xe69387, 0xe692bb,
    0xe69398, 0xe69382, 0xe693b1, 0xe693a7, 0xe88889, 0xe693a0, 0xe693a1, 0xe68aac, 0xe693a3,
    0xe693af, 0xe694ac, 0xe693b6, 0xe693b4, 0xe693b2, 0xe693ba, 0xe69480, 0xe693bd, 0xe69498,
    0xe6949c, 0xe69485, 0xe694a4, 0xe694a3, 0xe694ab, 0xe694b4, 0xe694b5, 0xe694b7, 0xe694b6,
    0xe694b8, 0xe7958b, 0xe69588, 0xe69596, 0xe69595, 0xe6958d, 0xe69598, 0xe6959e, 0xe6959d,
    0xe695b2, 0xe695b8, 0xe69682, 0xe69683, 0xe8ae8a, 0xe6969b, 0xe6969f, 0xe696ab, 0xe696b7,
    0xe69783, 0xe69786, 0xe69781, 0xe69784, 0xe6978c, 0xe69792, 0xe6979b, 0xe69799, 0xe697a0,
    0xe697a1, 0xe697b1, 0xe69db2, 0xe6988a, 0xe69883, 0xe697bb, 0xe69db3, 0xe698b5, 0xe698b6,
    0xe698b4, 0xe6989c, 0xe6998f, 0xe69984, 0xe69989, 0xe69981, 0xe6999e, 0xe6999d, 0xe699a4,
    0xe699a7, 0xe699a8, 0xe6999f, 0xe699a2, 0xe699b0, 0xe69a83, 0xe69a88, 0xe69a8e, 0xe69a89,
    0xe69a84, 0xe69a98, 0xe69a9d, 0xe69b81, 0xe69ab9, 0xe69b89, 0xe69abe, 0xe69abc, 0xe69b84,
    0xe69ab8, 0xe69b96, 0xe69b9a, 0xe69ba0, 0xe698bf, 0xe69ba6, 0xe69ba9, 0xe69bb0, 0xe69bb5,
    0xe69bb7, 0xe69c8f, 0xe69c96, 0xe69c9e, 0xe69ca6, 0xe69ca7, 0xe99cb8, 0xe69cae, 0xe69cbf,
    0xe69cb6, 0xe69d81, 0xe69cb8, 0xe69cb7, 0xe69d86, 0xe69d9e, 0xe69da0, 0xe69d99, 0xe69da3,
    0xe69da4, 0xe69e89, 0xe69db0, 0xe69ea9, 0xe69dbc, 0xe69daa, 0xe69e8c, 0xe69e8b, 0xe69ea6,
    0xe69ea1, 0xe69e85, 0xe69eb7, 0xe69faf, 0xe69eb4, 0xe69fac, 0xe69eb3, 0xe69fa9, 0xe69eb8,
    0xe69fa4, 0xe69f9e, 0xe69f9d, 0xe69fa2, 0xe69fae, 0xe69eb9, 0xe69f8e, 0xe69f86, 0xe69fa7,
    0xe6aa9c, 0xe6a09e, 0xe6a186, 0xe6a0a9, 0xe6a180, 0xe6a18d, 0xe6a0b2, 0xe6a18e, 0xe6a2b3,
    0xe6a0ab, 0xe6a199, 0xe6a1a3, 0xe6a1b7, 0xe6a1bf, 0xe6a29f, 0xe6a28f, 0xe6a2ad, 0xe6a294,
    0xe6a29d, 0xe6a29b, 0xe6a283, 0xe6aaae, 0xe6a2b9, 0xe6a1b4, 0xe6a2b5, 0xe6a2a0, 0xe6a2ba,
    0xe6a48f, 0xe6a28d, 0xe6a1be, 0xe6a481, 0xe6a38a, 0xe6a488, 0xe6a398, 0xe6a4a2, 0xe6a4a6,
    0xe6a3a1, 0xe6a48c, 0xe6a38d, 0xe6a394, 0xe6a3a7, 0xe6a395, 0xe6a4b6, 0xe6a492, 0xe6a484,
    0xe6a397, 0xe6a3a3, 0xe6a4a5, 0xe6a3b9, 0xe6a3a0, 0xe6a3af, 0xe6a4a8, 0xe6a4aa, 0xe6a49a,
    0xe6a4a3, 0xe6a4a1, 0xe6a386, 0xe6a5b9, 0xe6a5b7, 0xe6a59c, 0xe6a5b8, 0xe6a5ab, 0xe6a594,
    0xe6a5be, 0xe6a5ae, 0xe6a4b9, 0xe6a5b4, 0xe6a4bd, 0xe6a599, 0xe6a4b0, 0xe6a5a1, 0xe6a59e,
    0xe6a59d, 0xe6a681, 0xe6a5aa, 0xe6a6b2, 0xe6a6ae, 0xe6a790, 0xe6a6bf, 0xe6a781, 0xe6a793,
    0xe6a6be, 0xe6a78e, 0xe5afa8, 0xe6a78a, 0xe6a79d, 0xe6a6bb, 0xe6a783, 0xe6a6a7, 0xe6a8ae,
    0xe6a691, 0xe6a6a0, 0xe6a69c, 0xe6a695, 0xe6a6b4, 0xe6a79e, 0xe6a7a8, 0xe6a882, 0xe6a89b,
    0xe6a7bf, 0xe6ac8a, 0xe6a7b9, 0xe6a7b2, 0xe6a7a7, 0xe6a885, 0xe6a6b1, 0xe6a89e, 0xe6a7ad,
    0xe6a894, 0xe6a7ab, 0xe6a88a, 0xe6a892, 0xe6ab81, 0xe6a8a3, 0xe6a893, 0xe6a984, 0xe6a88c,
    0xe6a9b2, 0xe6a8b6, 0xe6a9b8, 0xe6a987, 0xe6a9a2, 0xe6a999, 0xe6a9a6, 0xe6a988, 0xe6a8b8,
    0xe6a8a2, 0xe6aa90, 0xe6aa8d, 0xe6aaa0, 0xe6aa84, 0xe6aaa2, 0xe6aaa3, 0xe6aa97, 0xe89897,
    0xe6aabb, 0xe6ab83, 0xe6ab82, 0xe6aab8, 0xe6aab3, 0xe6aaac, 0xe6ab9e, 0xe6ab91, 0xe6ab9f,
    0xe6aaaa, 0xe6ab9a, 0xe6abaa, 0xe6abbb, 0xe6ac85, 0xe89896, 0xe6abba, 0xe6ac92, 0xe6ac96,
    0xe9acb1, 0xe6ac9f, 0xe6acb8, 0xe6acb7, 0xe79b9c, 0xe6acb9, 0xe9a3ae, 0xe6ad87, 0xe6ad83,
    0xe6ad89, 0xe6ad90, 0xe6ad99, 0xe6ad94, 0xe6ad9b, 0xe6ad9f, 0xe6ada1, 0xe6adb8, 0xe6adb9,
    0xe6adbf, 0xe6ae80, 0xe6ae84, 0xe6ae83, 0xe6ae8d, 0xe6ae98, 0xe6ae95, 0xe6ae9e, 0xe6aea4,
    0xe6aeaa, 0xe6aeab, 0xe6aeaf, 0xe6aeb2, 0xe6aeb1, 0xe6aeb3, 0xe6aeb7, 0xe6aebc, 0xe6af86,
    0xe6af8b, 0xe6af93, 0xe6af9f, 0xe6afac, 0xe6afab, 0xe6afb3, 0xe6afaf, 0xe9babe, 0xe6b088,
    0xe6b093, 0xe6b094, 0xe6b09b, 0xe6b0a4, 0xe6b0a3, 0xe6b19e, 0xe6b195, 0xe6b1a2, 0xe6b1aa,
    0xe6b282, 0xe6b28d, 0xe6b29a, 0xe6b281, 0xe6b29b, 0xe6b1be, 0xe6b1a8, 0xe6b1b3, 0xe6b292,
    0xe6b290, 0xe6b384, 0xe6b3b1, 0xe6b393, 0xe6b2bd, 0xe6b397, 0xe6b385, 0xe6b39d, 0xe6b2ae,
    0xe6b2b1, 0xe6b2be, 0xe6b2ba, 0xe6b39b, 0xe6b3af, 0xe6b399, 0xe6b3aa, 0xe6b49f, 0xe8a18d,
    0xe6b4b6, 0xe6b4ab, 0xe6b4bd, 0xe6b4b8, 0xe6b499, 0xe6b4b5, 0xe6b4b3, 0xe6b492, 0xe6b48c,
    0xe6b5a3, 0xe6b693, 0xe6b5a4, 0xe6b59a, 0xe6b5b9, 0xe6b599, 0xe6b68e, 0xe6b695, 0xe6bfa4,
    0xe6b685, 0xe6b7b9, 0xe6b895, 0xe6b88a, 0xe6b6b5, 0xe6b787, 0xe6b7a6, 0xe6b6b8, 0xe6b786,
    0xe6b7ac, 0xe6b79e, 0xe6b78c, 0xe6b7a8, 0xe6b792, 0xe6b785, 0xe6b7ba, 0xe6b799, 0xe6b7a4,
    0xe6b795, 0xe6b7aa, 0xe6b7ae, 0xe6b8ad, 0xe6b9ae, 0xe6b8ae, 0xe6b899, 0xe6b9b2, 0xe6b99f,
    0xe6b8be, 0xe6b8a3, 0xe6b9ab, 0xe6b8ab, 0xe6b9b6, 0xe6b98d, 0xe6b89f, 0xe6b983, 0xe6b8ba,
    0xe6b98e, 0xe6b8a4, 0xe6bbbf, 0xe6b89d, 0xe6b8b8, 0xe6ba82, 0xe6baaa, 0xe6ba98, 0xe6bb89,
    0xe6bab7, 0xe6bb93, 0xe6babd, 0xe6baaf, 0xe6bb84, 0xe6bab2, 0xe6bb94, 0xe6bb95, 0xe6ba8f,
    0xe6baa5, 0xe6bb82, 0xe6ba9f, 0xe6bd81, 0xe6bc91, 0xe7818c, 0xe6bbac, 0xe6bbb8, 0xe6bbbe,
    0xe6bcbf, 0xe6bbb2, 0xe6bcb1, 0xe6bbaf, 0xe6bcb2, 0xe6bb8c, 0xe6bcbe, 0xe6bc93, 0xe6bbb7,
    0xe6be86, 0xe6bdba, 0xe6bdb8, 0xe6be81, 0xe6be80, 0xe6bdaf, 0xe6bd9b, 0xe6bfb3, 0xe6bdad,
    0xe6be82, 0xe6bdbc, 0xe6bd98, 0xe6be8e, 0xe6be91, 0xe6bf82, 0xe6bda6, 0xe6beb3, 0xe6bea3,
    0xe6bea1, 0xe6bea4, 0xe6beb9, 0xe6bf86, 0xe6beaa, 0xe6bf9f, 0xe6bf95, 0xe6bfac, 0xe6bf94,
    0xe6bf98, 0xe6bfb1, 0xe6bfae, 0xe6bf9b, 0xe78089, 0xe7808b, 0xe6bfba, 0xe78091, 0xe78081,
    0xe7808f, 0xe6bfbe, 0xe7809b, 0xe7809a, 0xe6bdb4, 0xe7809d, 0xe78098, 0xe7809f, 0xe780b0,
    0xe780be, 0xe780b2, 0xe78191, 0xe781a3, 0xe78299, 0xe78292, 0xe782af, 0xe783b1, 0xe782ac,
    0xe782b8, 0xe782b3, 0xe782ae, 0xe7839f, 0xe7838b, 0xe7839d, 0xe78399, 0xe78489, 0xe783bd,
    0xe7849c, 0xe78499, 0xe785a5, 0xe78595, 0xe78688, 0xe785a6, 0xe785a2, 0xe7858c, 0xe78596,
    0xe785ac, 0xe7868f, 0xe787bb, 0xe78684, 0xe78695, 0xe786a8, 0xe786ac, 0xe78797, 0xe786b9,
    0xe786be, 0xe78792, 0xe78789, 0xe78794, 0xe7878e, 0xe787a0, 0xe787ac, 0xe787a7, 0xe787b5,
    0xe787bc, 0xe787b9, 0xe787bf, 0xe7888d, 0xe78890, 0xe7889b, 0xe788a8, 0xe788ad, 0xe788ac,
    0xe788b0, 0xe788b2, 0xe788bb, 0xe788bc, 0xe788bf, 0xe78980, 0xe78986, 0xe7898b, 0xe78998,
    0xe789b4, 0xe789be, 0xe78a82, 0xe78a81, 0xe78a87, 0xe78a92, 0xe78a96, 0xe78aa2, 0xe78aa7,
    0xe78ab9, 0xe78ab2, 0xe78b83, 0xe78b86, 0xe78b84, 0xe78b8e, 0xe78b92, 0xe78ba2, 0xe78ba0,
    0xe78ba1, 0xe78bb9, 0xe78bb7, 0xe5808f, 0xe78c97, 0xe78c8a, 0xe78c9c, 0xe78c96, 0xe78c9d,
    0xe78cb4, 0xe78caf, 0xe78ca9, 0xe78ca5, 0xe78cbe, 0xe78d8e, 0xe78d8f, 0xe9bb98, 0xe78d97,
    0xe78daa, 0xe78da8, 0xe78db0, 0xe78db8, 0xe78db5, 0xe78dbb, 0xe78dba, 0xe78f88, 0xe78eb3,
    0xe78f8e, 0xe78ebb, 0xe78f80, 0xe78fa5, 0xe78fae, 0xe78f9e, 0xe792a2, 0xe79085, 0xe791af,
    0xe790a5, 0xe78fb8, 0xe790b2, 0xe790ba, 0xe79195, 0xe790bf, 0xe7919f, 0xe79199, 0xe79181,
    0xe7919c, 0xe791a9, 0xe791b0, 0xe791a3, 0xe791aa, 0xe791b6, 0xe791be, 0xe7928b, 0xe7929e,
    0xe792a7, 0xe7938a, 0xe7938f, 0xe79394, 0xe78fb1, 0xe793a0, 0xe793a3, 0xe793a7, 0xe793a9,
    0xe793ae, 0xe793b2, 0xe793b0, 0xe793b1, 0xe793b8, 0xe793b7, 0xe79484, 0xe79483, 0xe79485,
    0xe7948c, 0xe7948e, 0xe7948d, 0xe79495, 0xe79493, 0xe7949e, 0xe794a6, 0xe794ac, 0xe794bc,
    0xe79584, 0xe7958d, 0xe7958a, 0xe79589, 0xe7959b, 0xe79586, 0xe7959a, 0xe795a9, 0xe795a4,
    0xe795a7, 0xe795ab, 0xe795ad, 0xe795b8, 0xe795b6, 0xe79686, 0xe79687, 0xe795b4, 0xe7968a,
    0xe79689, 0xe79682, 0xe79694, 0xe7969a, 0xe7969d, 0xe796a5, 0xe796a3, 0xe79782, 0xe796b3,
    0xe79783, 0xe796b5, 0xe796bd, 0xe796b8, 0xe796bc, 0xe796b1, 0xe7978d, 0xe7978a, 0xe79792,
    0xe79799, 0xe797a3, 0xe7979e, 0xe797be, 0xe797bf, 0xe797bc, 0xe79881, 0xe797b0, 0xe797ba,
    0xe797b2, 0xe797b3, 0xe7988b, 0xe7988d, 0xe79889, 0xe7989f, 0xe798a7, 0xe798a0, 0xe798a1,
    0xe798a2, 0xe798a4, 0xe798b4, 0xe798b0, 0xe798bb, 0xe79987, 0xe79988, 0xe79986, 0xe7999c,
    0xe79998, 0xe799a1, 0xe799a2, 0xe799a8, 0xe799a9, 0xe799aa, 0xe799a7, 0xe799ac, 0xe799b0,
    0xe799b2, 0xe799b6, 0xe799b8, 0xe799bc, 0xe79a80, 0xe79a83, 0xe79a88, 0xe79a8b, 0xe79a8e,
    0xe79a96, 0xe79a93, 0xe79a99, 0xe79a9a, 0xe79ab0, 0xe79ab4, 0xe79ab8, 0xe79ab9, 0xe79aba,
    0xe79b82, 0xe79b8d, 0xe79b96, 0xe79b92, 0xe79b9e, 0xe79ba1, 0xe79ba5, 0xe79ba7, 0xe79baa,
    0xe898af, 0xe79bbb, 0xe79c88, 0xe79c87, 0xe79c84, 0xe79ca9, 0xe79ca4, 0xe79c9e, 0xe79ca5,
    0xe79ca6, 0xe79c9b, 0xe79cb7, 0xe79cb8, 0xe79d87, 0xe79d9a, 0xe79da8, 0xe79dab, 0xe79d9b,
    0xe79da5, 0xe79dbf, 0xe79dbe, 0xe79db9, 0xe79e8e, 0xe79e8b, 0xe79e91, 0xe79ea0, 0xe79e9e,
    0xe79eb0, 0xe79eb6, 0xe79eb9, 0xe79ebf, 0xe79ebc, 0xe79ebd, 0xe79ebb, 0xe79f87, 0xe79f8d,
    0xe79f97, 0xe79f9a, 0xe79f9c, 0xe79fa3, 0xe79fae, 0xe79fbc, 0xe7a08c, 0xe7a092, 0xe7a4a6,
    0xe7a0a0, 0xe7a4aa, 0xe7a185, 0xe7a28e, 0xe7a1b4, 0xe7a286, 0xe7a1bc, 0xe7a29a, 0xe7a28c,
    0xe7a2a3, 0xe7a2b5, 0xe7a2aa, 0xe7a2af, 0xe7a391, 0xe7a386, 0xe7a38b, 0xe7a394, 0xe7a2be,
    0xe7a2bc, 0xe7a385, 0xe7a38a, 0xe7a3ac, 0xe7a3a7, 0xe7a39a, 0xe7a3bd, 0xe7a3b4, 0xe7a487,
    0xe7a492, 0xe7a491, 0xe7a499, 0xe7a4ac, 0xe7a4ab, 0xe7a580, 0xe7a5a0, 0xe7a597, 0xe7a59f,
    0xe7a59a, 0xe7a595, 0xe7a593, 0xe7a5ba, 0xe7a5bf, 0xe7a68a, 0xe7a69d, 0xe7a6a7, 0xe9bd8b,
    0xe7a6aa, 0xe7a6ae, 0xe7a6b3, 0xe7a6b9, 0xe7a6ba, 0xe7a789, 0xe7a795, 0xe7a7a7, 0xe7a7ac,
    0xe7a7a1, 0xe7a7a3, 0xe7a888, 0xe7a88d, 0xe7a898, 0xe7a899, 0xe7a8a0, 0xe7a89f, 0xe7a680,
    0xe7a8b1, 0xe7a8bb, 0xe7a8be, 0xe7a8b7, 0xe7a983, 0xe7a997, 0xe7a989, 0xe7a9a1, 0xe7a9a2,
    0xe7a9a9, 0xe9be9d, 0xe7a9b0, 0xe7a9b9, 0xe7a9bd, 0xe7aa88, 0xe7aa97, 0xe7aa95, 0xe7aa98,
    0xe7aa96, 0xe7aaa9, 0xe7ab88, 0xe7aab0, 0xe7aab6, 0xe7ab85, 0xe7ab84, 0xe7aabf, 0xe98283,
    0xe7ab87, 0xe7ab8a, 0xe7ab8d, 0xe7ab8f, 0xe7ab95, 0xe7ab93, 0xe7ab99, 0xe7ab9a, 0xe7ab9d,
    0xe7aba1, 0xe7aba2, 0xe7aba6, 0xe7abad, 0xe7abb0, 0xe7ac82, 0xe7ac8f, 0xe7ac8a, 0xe7ac86,
    0xe7acb3, 0xe7ac98, 0xe7ac99, 0xe7ac9e, 0xe7acb5, 0xe7aca8, 0xe7acb6, 0xe7ad90, 0xe7adba,
    0xe7ac84, 0xe7ad8d, 0xe7ac8b, 0xe7ad8c, 0xe7ad85, 0xe7adb5, 0xe7ada5, 0xe7adb4, 0xe7ada7,
    0xe7adb0, 0xe7adb1, 0xe7adac, 0xe7adae, 0xe7ae9d, 0xe7ae98, 0xe7ae9f, 0xe7ae8d, 0xe7ae9c,
    0xe7ae9a, 0xe7ae8b, 0xe7ae92, 0xe7ae8f, 0xe7ad9d, 0xe7ae99, 0xe7af8b, 0xe7af81, 0xe7af8c,
    0xe7af8f, 0xe7aeb4, 0xe7af86, 0xe7af9d, 0xe7afa9, 0xe7b091, 0xe7b094, 0xe7afa6, 0xe7afa5,
    0xe7b1a0, 0xe7b080, 0xe7b087, 0xe7b093, 0xe7afb3, 0xe7afb7, 0xe7b097, 0xe7b08d, 0xe7afb6,
    0xe7b0a3, 0xe7b0a7, 0xe7b0aa, 0xe7b09f, 0xe7b0b7, 0xe7b0ab, 0xe7b0bd, 0xe7b18c, 0xe7b183,
    0xe7b194, 0xe7b18f, 0xe7b180, 0xe7b190, 0xe7b198, 0xe7b19f, 0xe7b1a4, 0xe7b196, 0xe7b1a5,
    0xe7b1ac, 0xe7b1b5, 0xe7b283, 0xe7b290, 0xe7b2a4, 0xe7b2ad, 0xe7b2a2, 0xe7b2ab, 0xe7b2a1,
    0xe7b2a8, 0xe7b2b3, 0xe7b2b2, 0xe7b2b1, 0xe7b2ae, 0xe7b2b9, 0xe7b2bd, 0xe7b380, 0xe7b385,
    0xe7b382, 0xe7b398, 0xe7b392, 0xe7b39c, 0xe7b3a2, 0xe9acbb, 0xe7b3af, 0xe7b3b2, 0xe7b3b4,
    0xe7b3b6, 0xe7b3ba, 0xe7b486, 0xe7b482, 0xe7b49c, 0xe7b495, 0xe7b48a, 0xe7b585, 0xe7b58b,
    0xe7b4ae, 0xe7b4b2, 0xe7b4bf, 0xe7b4b5, 0xe7b586, 0xe7b5b3, 0xe7b596, 0xe7b58e, 0xe7b5b2,
    0xe7b5a8, 0xe7b5ae, 0xe7b58f, 0xe7b5a3, 0xe7b693, 0xe7b689, 0xe7b59b, 0xe7b68f, 0xe7b5bd,
    0xe7b69b, 0xe7b6ba, 0xe7b6ae, 0xe7b6a3, 0xe7b6b5, 0xe7b787, 0xe7b6bd, 0xe7b6ab, 0xe7b8bd,
    0xe7b6a2, 0xe7b6af, 0xe7b79c, 0xe7b6b8, 0xe7b69f, 0xe7b6b0, 0xe7b798, 0xe7b79d, 0xe7b7a4,
    0xe7b79e, 0xe7b7bb, 0xe7b7b2, 0xe7b7a1, 0xe7b885, 0xe7b88a, 0xe7b8a3, 0xe7b8a1, 0xe7b892,
    0xe7b8b1, 0xe7b89f, 0xe7b889, 0xe7b88b, 0xe7b8a2, 0xe7b986, 0xe7b9a6, 0xe7b8bb, 0xe7b8b5,
    0xe7b8b9, 0xe7b983, 0xe7b8b7, 0xe7b8b2, 0xe7b8ba, 0xe7b9a7, 0xe7b99d, 0xe7b996, 0xe7b99e,
    0xe7b999, 0xe7b99a, 0xe7b9b9, 0xe7b9aa, 0xe7b9a9, 0xe7b9bc, 0xe7b9bb, 0xe7ba83, 0xe7b795,
    0xe7b9bd, 0xe8beae, 0xe7b9bf, 0xe7ba88, 0xe7ba89, 0xe7ba8c, 0xe7ba92, 0xe7ba90, 0xe7ba93,
    0xe7ba94, 0xe7ba96, 0xe7ba8e, 0xe7ba9b, 0xe7ba9c, 0xe7bcb8, 0xe7bcba, 0xe7bd85, 0xe7bd8c,
    0xe7bd8d, 0xe7bd8e, 0xe7bd90, 0xe7bd91, 0xe7bd95, 0xe7bd94, 0xe7bd98, 0xe7bd9f, 0xe7bda0,
    0xe7bda8, 0xe7bda9, 0xe7bda7, 0xe7bdb8, 0xe7be82, 0xe7be86, 0xe7be83, 0xe7be88, 0xe7be87,
    0xe7be8c, 0xe7be94, 0xe7be9e, 0xe7be9d, 0xe7be9a, 0xe7bea3, 0xe7beaf, 0xe7beb2, 0xe7beb9,
    0xe7beae, 0xe7beb6, 0xe7beb8, 0xe8adb1, 0xe7bf85, 0xe7bf86, 0xe7bf8a, 0xe7bf95, 0xe7bf94,
    0xe7bfa1, 0xe7bfa6, 0xe7bfa9, 0xe7bfb3, 0xe7bfb9, 0xe9a39c, 0xe88086, 0xe88084, 0xe8808b,
    0xe88092, 0xe88098, 0xe88099, 0xe8809c, 0xe880a1, 0xe880a8, 0xe880bf, 0xe880bb, 0xe8818a,
    0xe88186, 0xe88192, 0xe88198, 0xe8819a, 0xe8819f, 0xe881a2, 0xe881a8, 0xe881b3, 0xe881b2,
    0xe881b0, 0xe881b6, 0xe881b9, 0xe881bd, 0xe881bf, 0xe88284, 0xe88286, 0xe88285, 0xe8829b,
    0xe88293, 0xe8829a, 0xe882ad, 0xe58690, 0xe882ac, 0xe8839b, 0xe883a5, 0xe88399, 0xe8839d,
    0xe88384, 0xe8839a, 0xe88396, 0xe88489, 0xe883af, 0xe883b1, 0xe8849b, 0xe884a9, 0xe884a3,
    0xe884af, 0xe8858b, 0xe99a8b, 0xe88586, 0xe884be, 0xe88593, 0xe88591, 0xe883bc, 0xe885b1,
    0xe885ae, 0xe885a5, 0xe885a6, 0xe885b4, 0xe88683, 0xe88688, 0xe8868a, 0xe88680, 0xe88682,
    0xe886a0, 0xe88695, 0xe886a4, 0xe886a3, 0xe8859f, 0xe88693, 0xe886a9, 0xe886b0, 0xe886b5,
    0xe886be, 0xe886b8, 0xe886bd, 0xe88780, 0xe88782, 0xe886ba, 0xe88789, 0xe8878d, 0xe88791,
    0xe88799, 0xe88798, 0xe88788, 0xe8879a, 0xe8879f, 0xe887a0, 0xe887a7, 0xe887ba, 0xe887bb,
    0xe887be, 0xe88881, 0xe88882, 0xe88885, 0xe88887, 0xe8888a, 0xe8888d, 0xe88890, 0xe88896,
    0xe888a9, 0xe888ab, 0xe888b8, 0xe888b3, 0xe88980, 0xe88999, 0xe88998, 0xe8899d, 0xe8899a,
    0xe8899f, 0xe889a4, 0xe889a2, 0xe889a8, 0xe889aa, 0xe889ab, 0xe888ae, 0xe889b1, 0xe889b7,
    0xe889b8, 0xe889be, 0xe88a8d, 0xe88a92, 0xe88aab, 0xe88a9f, 0xe88abb, 0xe88aac, 0xe88ba1,
    0xe88ba3, 0xe88b9f, 0xe88b92, 0xe88bb4, 0xe88bb3, 0xe88bba, 0xe88e93, 0xe88c83, 0xe88bbb,
    0xe88bb9, 0xe88b9e, 0xe88c86, 0xe88b9c, 0xe88c89, 0xe88b99, 0xe88cb5, 0xe88cb4, 0xe88c96,
    0xe88cb2, 0xe88cb1, 0xe88d80, 0xe88cb9, 0xe88d90, 0xe88d85, 0xe88caf, 0xe88cab, 0xe88c97,
    0xe88c98, 0xe88e85, 0xe88e9a, 0xe88eaa, 0xe88e9f, 0xe88ea2, 0xe88e96, 0xe88ca3, 0xe88e8e,
    0xe88e87, 0xe88e8a, 0xe88dbc, 0xe88eb5, 0xe88db3, 0xe88db5, 0xe88ea0, 0xe88e89, 0xe88ea8,
    0xe88fb4, 0xe89093, 0xe88fab, 0xe88f8e, 0xe88fbd, 0xe89083, 0xe88f98, 0xe8908b, 0xe88f81,
    0xe88fb7, 0xe89087, 0xe88fa0, 0xe88fb2, 0xe8908d, 0xe890a2, 0xe890a0, 0xe88ebd, 0xe890b8,
    0xe89486, 0xe88fbb, 0xe891ad, 0xe890aa, 0xe890bc, 0xe8959a, 0xe89284, 0xe891b7, 0xe891ab,
    0xe892ad, 0xe891ae, 0xe89282, 0xe891a9, 0xe89186, 0xe890ac, 0xe891af, 0xe891b9, 0xe890b5,
    0xe8938a, 0xe891a2, 0xe892b9, 0xe892bf, 0xe8929f, 0xe89399, 0xe8938d, 0xe892bb, 0xe8939a,
    0xe89390, 0xe89381, 0xe89386, 0xe89396, 0xe892a1, 0xe894a1, 0xe893bf, 0xe893b4, 0xe89497,
    0xe89498, 0xe894ac, 0xe8949f, 0xe89495, 0xe89494, 0xe893bc, 0xe89580, 0xe895a3, 0xe89598,
    0xe89588, 0xe89581, 0xe89882, 0xe8958b, 0xe89595, 0xe89680, 0xe896a4, 0xe89688, 0xe89691,
    0xe8968a, 0xe896a8, 0xe895ad, 0xe89694, 0xe8969b, 0xe897aa, 0xe89687, 0xe8969c, 0xe895b7,
    0xe895be, 0xe89690, 0xe89789, 0xe896ba, 0xe8978f, 0xe896b9, 0xe89790, 0xe89795, 0xe8979d,
    0xe897a5, 0xe8979c, 0xe897b9, 0xe8988a, 0xe89893, 0xe8988b, 0xe897be, 0xe897ba, 0xe89886,
    0xe898a2, 0xe8989a, 0xe898b0, 0xe898bf, 0xe8998d, 0xe4b995, 0xe89994, 0xe8999f, 0xe899a7,
    0xe899b1, 0xe89a93, 0xe89aa3, 0xe89aa9, 0xe89aaa, 0xe89a8b, 0xe89a8c, 0xe89ab6, 0xe89aaf,
    0xe89b84, 0xe89b86, 0xe89ab0, 0xe89b89, 0xe8a0a3, 0xe89aab, 0xe89b94, 0xe89b9e, 0xe89ba9,
    0xe89bac, 0xe89b9f, 0xe89b9b, 0xe89baf, 0xe89c92, 0xe89c86, 0xe89c88, 0xe89c80, 0xe89c83,
    0xe89bbb, 0xe89c91, 0xe89c89, 0xe89c8d, 0xe89bb9, 0xe89c8a, 0xe89cb4, 0xe89cbf, 0xe89cb7,
    0xe89cbb, 0xe89ca5, 0xe89ca9, 0xe89c9a, 0xe89da0, 0xe89d9f, 0xe89db8, 0xe89d8c, 0xe89d8e,
    0xe89db4, 0xe89d97, 0xe89da8, 0xe89dae, 0xe89d99, 0xe89d93, 0xe89da3, 0xe89daa, 0xe8a085,
    0xe89ea2, 0xe89e9f, 0xe89e82, 0xe89eaf, 0xe89f8b, 0xe89ebd, 0xe89f80, 0xe89f90, 0xe99b96,
    0xe89eab, 0xe89f84, 0xe89eb3, 0xe89f87, 0xe89f86, 0xe89ebb, 0xe89faf, 0xe89fb2, 0xe89fa0,
    0xe8a08f, 0xe8a08d, 0xe89fbe, 0xe89fb6, 0xe89fb7, 0xe8a08e, 0xe89f92, 0xe8a091, 0xe8a096,
    0xe8a095, 0xe8a0a2, 0xe8a0a1, 0xe8a0b1, 0xe8a0b6, 0xe8a0b9, 0xe8a0a7, 0xe8a0bb, 0xe8a184,
    0xe8a182, 0xe8a192, 0xe8a199, 0xe8a19e, 0xe8a1a2, 0xe8a1ab, 0xe8a281, 0xe8a1be, 0xe8a29e,
    0xe8a1b5, 0xe8a1bd, 0xe8a2b5, 0xe8a1b2, 0xe8a282, 0xe8a297, 0xe8a292, 0xe8a2ae, 0xe8a299,
    0xe8a2a2, 0xe8a28d, 0xe8a2a4, 0xe8a2b0, 0xe8a2bf, 0xe8a2b1, 0xe8a383, 0xe8a384, 0xe8a394,
    0xe8a398, 0xe8a399, 0xe8a39d, 0xe8a3b9, 0xe8a482, 0xe8a3bc, 0xe8a3b4, 0xe8a3a8, 0xe8a3b2,
    0xe8a484, 0xe8a48c, 0xe8a48a, 0xe8a493, 0xe8a583, 0xe8a49e, 0xe8a4a5, 0xe8a4aa, 0xe8a4ab,
    0xe8a581, 0xe8a584, 0xe8a4bb, 0xe8a4b6, 0xe8a4b8, 0xe8a58c, 0xe8a49d, 0xe8a5a0, 0xe8a59e,
    0xe8a5a6, 0xe8a5a4, 0xe8a5ad, 0xe8a5aa, 0xe8a5af, 0xe8a5b4, 0xe8a5b7, 0xe8a5be, 0xe8a683,
    0xe8a688, 0xe8a68a, 0xe8a693, 0xe8a698, 0xe8a6a1, 0xe8a6a9, 0xe8a6a6, 0xe8a6ac, 0xe8a6af,
    0xe8a6b2, 0xe8a6ba, 0xe8a6bd, 0xe8a6bf, 0xe8a780, 0xe8a79a, 0xe8a79c, 0xe8a79d, 0xe8a7a7,
    0xe8a7b4, 0xe8a7b8, 0xe8a883, 0xe8a896, 0xe8a890, 0xe8a88c, 0xe8a89b, 0xe8a89d, 0xe8a8a5,
    0xe8a8b6, 0xe8a981, 0xe8a99b, 0xe8a992, 0xe8a986, 0xe8a988, 0xe8a9bc, 0xe8a9ad, 0xe8a9ac,
    0xe8a9a2, 0xe8aa85, 0xe8aa82, 0xe8aa84, 0xe8aaa8, 0xe8aaa1, 0xe8aa91, 0xe8aaa5, 0xe8aaa6,
    0xe8aa9a, 0xe8aaa3, 0xe8ab84, 0xe8ab8d, 0xe8ab82, 0xe8ab9a, 0xe8abab, 0xe8abb3, 0xe8aba7,
    0xe8aba4, 0xe8abb1, 0xe8ac94, 0xe8aba0, 0xe8aba2, 0xe8abb7, 0xe8ab9e, 0xe8ab9b, 0xe8ac8c,
    0xe8ac87, 0xe8ac9a, 0xe8aba1, 0xe8ac96, 0xe8ac90, 0xe8ac97, 0xe8aca0, 0xe8acb3, 0xe99eab,
    0xe8aca6, 0xe8acab, 0xe8acbe, 0xe8aca8, 0xe8ad81, 0xe8ad8c, 0xe8ad8f, 0xe8ad8e, 0xe8ad89,
    0xe8ad96, 0xe8ad9b, 0xe8ad9a, 0xe8adab, 0xe8ad9f, 0xe8adac, 0xe8adaf, 0xe8adb4, 0xe8adbd,
    0xe8ae80, 0xe8ae8c, 0xe8ae8e, 0xe8ae92, 0xe8ae93, 0xe8ae96, 0xe8ae99, 0xe8ae9a, 0xe8b0ba,
    0xe8b181, 0xe8b0bf, 0xe8b188, 0xe8b18c, 0xe8b18e, 0xe8b190, 0xe8b195, 0xe8b1a2, 0xe8b1ac,
    0xe8b1b8, 0xe8b1ba, 0xe8b282, 0xe8b289, 0xe8b285, 0xe8b28a, 0xe8b28d, 0xe8b28e, 0xe8b294,
    0xe8b1bc, 0xe8b298, 0xe6889d, 0xe8b2ad, 0xe8b2aa, 0xe8b2bd, 0xe8b2b2, 0xe8b2b3, 0xe8b2ae,
    0xe8b2b6, 0xe8b388, 0xe8b381, 0xe8b3a4, 0xe8b3a3, 0xe8b39a, 0xe8b3bd, 0xe8b3ba, 0xe8b3bb,
    0xe8b484, 0xe8b485, 0xe8b48a, 0xe8b487, 0xe8b48f, 0xe8b48d, 0xe8b490, 0xe9bd8e, 0xe8b493,
    0xe8b38d, 0xe8b494, 0xe8b496, 0xe8b5a7, 0xe8b5ad, 0xe8b5b1, 0xe8b5b3, 0xe8b681, 0xe8b699,
    0xe8b782, 0xe8b6be, 0xe8b6ba, 0xe8b78f, 0xe8b79a, 0xe8b796, 0xe8b78c, 0xe8b79b, 0xe8b78b,
    0xe8b7aa, 0xe8b7ab, 0xe8b79f, 0xe8b7a3, 0xe8b7bc, 0xe8b888, 0xe8b889, 0xe8b7bf, 0xe8b89d,
    0xe8b89e, 0xe8b890, 0xe8b89f, 0xe8b982, 0xe8b8b5, 0xe8b8b0, 0xe8b8b4, 0xe8b98a, 0xe8b987,
    0xe8b989, 0xe8b98c, 0xe8b990, 0xe8b988, 0xe8b999, 0xe8b9a4, 0xe8b9a0, 0xe8b8aa, 0xe8b9a3,
    0xe8b995, 0xe8b9b6, 0xe8b9b2, 0xe8b9bc, 0xe8ba81, 0xe8ba87, 0xe8ba85, 0xe8ba84, 0xe8ba8b,
    0xe8ba8a, 0xe8ba93, 0xe8ba91, 0xe8ba94, 0xe8ba99, 0xe8baaa, 0xe8baa1, 0xe8baac, 0xe8bab0,
    0xe8bb86, 0xe8bab1, 0xe8babe, 0xe8bb85, 0xe8bb88, 0xe8bb8b, 0xe8bb9b, 0xe8bba3, 0xe8bbbc,
    0xe8bbbb, 0xe8bbab, 0xe8bbbe, 0xe8bc8a, 0xe8bc85, 0xe8bc95, 0xe8bc92, 0xe8bc99, 0xe8bc93,
    0xe8bc9c, 0xe8bc9f, 0xe8bc9b, 0xe8bc8c, 0xe8bca6, 0xe8bcb3, 0xe8bcbb, 0xe8bcb9, 0xe8bd85,
    0xe8bd82, 0xe8bcbe, 0xe8bd8c, 0xe8bd89, 0xe8bd86, 0xe8bd8e, 0xe8bd97, 0xe8bd9c, 0xe8bda2,
    0xe8bda3, 0xe8bda4, 0xe8be9c, 0xe8be9f, 0xe8bea3, 0xe8bead, 0xe8beaf, 0xe8beb7, 0xe8bf9a,
    0xe8bfa5, 0xe8bfa2, 0xe8bfaa, 0xe8bfaf, 0xe98287, 0xe8bfb4, 0xe98085, 0xe8bfb9, 0xe8bfba,
    0xe98091, 0xe98095, 0xe980a1, 0xe9808d, 0xe9809e, 0xe98096, 0xe9808b, 0xe980a7, 0xe980b6,
    0xe980b5, 0xe980b9, 0xe8bfb8, 0xe9818f, 0xe98190, 0xe98191, 0xe98192, 0xe9808e, 0xe98189,
    0xe980be, 0xe98196, 0xe98198, 0xe9819e, 0xe981a8, 0xe981af, 0xe981b6, 0xe99aa8, 0xe981b2,
    0xe98282, 0xe981bd, 0xe98281, 0xe98280, 0xe9828a, 0xe98289, 0xe9828f, 0xe982a8, 0xe982af,
    0xe982b1, 0xe982b5, 0xe983a2, 0xe983a4, 0xe68988, 0xe9839b, 0xe98482, 0xe98492, 0xe98499,
    0xe984b2, 0xe984b0, 0xe9858a, 0xe98596, 0xe98598, 0xe985a3, 0xe985a5, 0xe985a9, 0xe985b3,
    0xe985b2, 0xe9868b, 0xe98689, 0xe98682, 0xe986a2, 0xe986ab, 0xe986af, 0xe986aa, 0xe986b5,
    0xe986b4, 0xe986ba, 0xe98780, 0xe98781, 0xe98789, 0xe9878b, 0xe98790, 0xe98796, 0xe9879f,
    0xe987a1, 0xe9879b, 0xe987bc, 0xe987b5, 0xe987b6, 0xe9889e, 0xe987bf, 0xe98894, 0xe988ac,
    0xe98895, 0xe98891, 0xe9899e, 0xe98997, 0xe98985, 0xe98989, 0xe989a4, 0xe98988, 0xe98a95,
    0xe988bf, 0xe9898b, 0xe98990, 0xe98a9c, 0xe98a96, 0xe98a93, 0xe98a9b, 0xe9899a, 0xe98b8f,
    0xe98ab9, 0xe98ab7, 0xe98ba9, 0xe98c8f, 0xe98bba, 0xe98d84, 0xe98cae, 0xe98c99, 0xe98ca2,
    0xe98c9a, 0xe98ca3, 0xe98cba, 0xe98cb5, 0xe98cbb, 0xe98d9c, 0xe98da0, 0xe98dbc, 0xe98dae,
    0xe98d96, 0xe98eb0, 0xe98eac, 0xe98ead, 0xe98e94, 0xe98eb9, 0xe98f96, 0xe98f97, 0xe98fa8,
    0xe98fa5, 0xe98f98, 0xe98f83, 0xe98f9d, 0xe98f90, 0xe98f88, 0xe98fa4, 0xe9909a, 0xe99094,
    0xe99093, 0xe99083, 0xe99087, 0xe99090, 0xe990b6, 0xe990ab, 0xe990b5, 0xe990a1, 0xe990ba,
    0xe99181, 0xe99192, 0xe99184, 0xe9919b, 0xe991a0, 0xe991a2, 0xe9919e, 0xe991aa, 0xe988a9,
    0xe991b0, 0xe991b5, 0xe991b7, 0xe991bd, 0xe9919a, 0xe991bc, 0xe991be, 0xe99281, 0xe991bf,
    0xe99682, 0xe99687, 0xe9968a, 0xe99694, 0xe99696, 0xe99698, 0xe99699, 0xe996a0, 0xe996a8,
    0xe996a7, 0xe996ad, 0xe996bc, 0xe996bb, 0xe996b9, 0xe996be, 0xe9978a, 0xe6bfb6, 0xe99783,
    0xe9978d, 0xe9978c, 0xe99795, 0xe99794, 0xe99796, 0xe9979c, 0xe997a1, 0xe997a5, 0xe997a2,
    0xe998a1, 0xe998a8, 0xe998ae, 0xe998af, 0xe99982, 0xe9998c, 0xe9998f, 0xe9998b, 0xe999b7,
    0xe9999c, 0xe9999e, 0xe9999d, 0xe9999f, 0xe999a6, 0xe999b2, 0xe999ac, 0xe99a8d, 0xe99a98,
    0xe99a95, 0xe99a97, 0xe99aaa, 0xe99aa7, 0xe99ab1, 0xe99ab2, 0xe99ab0, 0xe99ab4, 0xe99ab6,
    0xe99ab8, 0xe99ab9, 0xe99b8e, 0xe99b8b, 0xe99b89, 0xe99b8d, 0xe8a58d, 0xe99b9c, 0xe99c8d,
    0xe99b95, 0xe99bb9, 0xe99c84, 0xe99c86, 0xe99c88, 0xe99c93, 0xe99c8e, 0xe99c91, 0xe99c8f,
    0xe99c96, 0xe99c99, 0xe99ca4, 0xe99caa, 0xe99cb0, 0xe99cb9, 0xe99cbd, 0xe99cbe, 0xe99d84,
    0xe99d86, 0xe99d88, 0xe99d82, 0xe99d89, 0xe99d9c, 0xe99da0, 0xe99da4, 0xe99da6, 0xe99da8,
    0xe58b92, 0xe99dab, 0xe99db1, 0xe99db9, 0xe99e85, 0xe99dbc, 0xe99e81, 0xe99dba, 0xe99e86,
    0xe99e8b, 0xe99e8f, 0xe99e90, 0xe99e9c, 0xe99ea8, 0xe99ea6, 0xe99ea3, 0xe99eb3, 0xe99eb4,
    0xe99f83, 0xe99f86, 0xe99f88, 0xe99f8b, 0xe99f9c, 0xe99fad, 0xe9bd8f, 0xe99fb2, 0xe7ab9f,
    0xe99fb6, 0xe99fb5, 0xe9a08f, 0xe9a08c, 0xe9a0b8, 0xe9a0a4, 0xe9a0a1, 0xe9a0b7, 0xe9a0bd,
    0xe9a186, 0xe9a18f, 0xe9a18b, 0xe9a1ab, 0xe9a1af, 0xe9a1b0, 0xe9a1b1, 0xe9a1b4, 0xe9a1b3,
    0xe9a2aa, 0xe9a2af, 0xe9a2b1, 0xe9a2b6, 0xe9a384, 0xe9a383, 0xe9a386, 0xe9a3a9, 0xe9a3ab,
    0xe9a483, 0xe9a489, 0xe9a492, 0xe9a494, 0xe9a498, 0xe9a4a1, 0xe9a49d, 0xe9a49e, 0xe9a4a4,
    0xe9a4a0, 0xe9a4ac, 0xe9a4ae, 0xe9a4bd, 0xe9a4be, 0xe9a582, 0xe9a589, 0xe9a585, 0xe9a590,
    0xe9a58b, 0xe9a591, 0xe9a592, 0xe9a58c, 0xe9a595, 0xe9a697, 0xe9a698, 0xe9a6a5, 0xe9a6ad,
    0xe9a6ae, 0xe9a6bc, 0xe9a79f, 0xe9a79b, 0xe9a79d, 0xe9a798, 0xe9a791, 0xe9a7ad, 0xe9a7ae,
    0xe9a7b1, 0xe9a7b2, 0xe9a7bb, 0xe9a7b8, 0xe9a881, 0xe9a88f, 0xe9a885, 0xe9a7a2, 0xe9a899,
    0xe9a8ab, 0xe9a8b7, 0xe9a985, 0xe9a982, 0xe9a980, 0xe9a983, 0xe9a8be, 0xe9a995, 0xe9a98d,
    0xe9a99b, 0xe9a997, 0xe9a99f, 0xe9a9a2, 0xe9a9a5, 0xe9a9a4, 0xe9a9a9, 0xe9a9ab, 0xe9a9aa,
    0xe9aaad, 0xe9aab0, 0xe9aabc, 0xe9ab80, 0xe9ab8f, 0xe9ab91, 0xe9ab93, 0xe9ab94, 0xe9ab9e,
    0xe9ab9f, 0xe9aba2, 0xe9aba3, 0xe9aba6, 0xe9abaf, 0xe9abab, 0xe9abae, 0xe9abb4, 0xe9abb1,
    0xe9abb7, 0xe9abbb, 0xe9ac86, 0xe9ac98, 0xe9ac9a, 0xe9ac9f, 0xe9aca2, 0xe9aca3, 0xe9aca5,
    0xe9aca7, 0xe9aca8, 0xe9aca9, 0xe9acaa, 0xe9acae, 0xe9acaf, 0xe9acb2, 0xe9ad84, 0xe9ad83,
    0xe9ad8f, 0xe9ad8d, 0xe9ad8e, 0xe9ad91, 0xe9ad98, 0xe9adb4, 0xe9ae93, 0xe9ae83, 0xe9ae91,
    0xe9ae96, 0xe9ae97, 0xe9ae9f, 0xe9aea0, 0xe9aea8, 0xe9aeb4, 0xe9af80, 0xe9af8a, 0xe9aeb9,
    0xe9af86, 0xe9af8f, 0xe9af91, 0xe9af92, 0xe9afa3, 0xe9afa2, 0xe9afa4, 0xe9af94, 0xe9afa1,
    0xe9b0ba, 0xe9afb2, 0xe9afb1, 0xe9afb0, 0xe9b095, 0xe9b094, 0xe9b089, 0xe9b093, 0xe9b08c,
    0xe9b086, 0xe9b088, 0xe9b092, 0xe9b08a, 0xe9b084, 0xe9b0ae, 0xe9b09b, 0xe9b0a5, 0xe9b0a4,
    0xe9b0a1, 0xe9b0b0, 0xe9b187, 0xe9b0b2, 0xe9b186, 0xe9b0be, 0xe9b19a, 0xe9b1a0, 0xe9b1a7,
    0xe9b1b6, 0xe9b1b8, 0xe9b3a7, 0xe9b3ac, 0xe9b3b0, 0xe9b489, 0xe9b488, 0xe9b3ab, 0xe9b483,
    0xe9b486, 0xe9b4aa, 0xe9b4a6, 0xe9b6af, 0xe9b4a3, 0xe9b49f, 0xe9b584, 0xe9b495, 0xe9b492,
    0xe9b581, 0xe9b4bf, 0xe9b4be, 0xe9b586, 0xe9b588, 0xe9b59d, 0xe9b59e, 0xe9b5a4, 0xe9b591,
    0xe9b590, 0xe9b599, 0xe9b5b2, 0xe9b689, 0xe9b687, 0xe9b6ab, 0xe9b5af, 0xe9b5ba, 0xe9b69a,
    0xe9b6a4, 0xe9b6a9, 0xe9b6b2, 0xe9b784, 0xe9b781, 0xe9b6bb, 0xe9b6b8, 0xe9b6ba, 0xe9b786,
    0xe9b78f, 0xe9b782, 0xe9b799, 0xe9b793, 0xe9b7b8, 0xe9b7a6, 0xe9b7ad, 0xe9b7af, 0xe9b7bd,
    0xe9b89a, 0xe9b89b, 0xe9b89e, 0xe9b9b5, 0xe9b9b9, 0xe9b9bd, 0xe9ba81, 0xe9ba88, 0xe9ba8b,
    0xe9ba8c, 0xe9ba92, 0xe9ba95, 0xe9ba91, 0xe9ba9d, 0xe9baa5, 0xe9baa9, 0xe9bab8, 0xe9baaa,
    0xe9baad, 0xe99da1, 0xe9bb8c, 0xe9bb8e, 0xe9bb8f, 0xe9bb90, 0xe9bb94, 0xe9bb9c, 0xe9bb9e,
    0xe9bb9d, 0xe9bba0, 0xe9bba5, 0xe9bba8, 0xe9bbaf, 0xe9bbb4, 0xe9bbb6, 0xe9bbb7, 0xe9bbb9,
    0xe9bbbb, 0xe9bbbc, 0xe9bbbd, 0xe9bc87, 0xe9bc88, 0xe79ab7, 0xe9bc95, 0xe9bca1, 0xe9bcac,
    0xe9bcbe, 0xe9bd8a, 0xe9bd92, 0xe9bd94, 0xe9bda3, 0xe9bd9f, 0xe9bda0, 0xe9bda1, 0xe9bda6,
    0xe9bda7, 0xe9bdac, 0xe9bdaa, 0xe9bdb7, 0xe9bdb2, 0xe9bdb6, 0xe9be95, 0xe9be9c, 0xe9bea0,
    0xe5a0af, 0xe6a787, 0xe98199, 0xe791a4, 0xe5879c, 0xe78699, 0xe59993, 0xe5b7a2, 0xe5b894,
    0xe5b898, 0xe5b998, 0xe5b99e, 0xe5babe, 0xefa4a8, 0xe5bb8b, 0xe5bbb9, 0xe5bc80, 0xe5bc82,
    0xe5bc87, 0xe5bc9d, 0xe5bca3, 0xe5bcb4, 0xe5bcb6, 0xe5bcbd, 0xe5bd80, 0xe5bd85, 0xe5bd94,
    0xe5bd98, 0xe5bda4, 0xe5bda7, 0xe5bdbd, 0xe5be89, 0xe5be9c, 0xe5bea7, 0xe5beaf, 0xe5beb5,
    0xe5beb7, 0xe5bf89, 0xe5bf9e, 0xe5bfa1, 0xe5bfa9, 0xe6808d, 0xe68094, 0xe68098, 0xe680b3,
    0xe680b5, 0xe68187, 0xefa8bd, 0xe6829d, 0xe6829e, 0xe6838b, 0xe68394, 0xe68395, 0xe6839d,
    0xe683b8, 0xe6849c, 0xe684ab, 0xe684b0, 0xe684b7, 0xefa8be, 0xe6868d, 0xefa8bf, 0xe686bc,
    0xe686b9, 0xefa980, 0xe688a2, 0xe688be, 0xe68983, 0xe68996, 0xe6899a, 0xe689af, 0xe68a85,
    0xe68b84, 0xe68b96, 0xe68bbc, 0xe68c8a, 0xe68c98, 0xe68cb9, 0xe68d83, 0xe68da5, 0xe68dbc,
    0xe68fa5, 0xe68fad, 0xe68fb5, 0xe69090, 0xe69094, 0xe690a2, 0xe691b9, 0xe69191, 0xe691a0,
    0xe691ad, 0xe6938e, 0xe692be, 0xe692bf, 0xe69384, 0xe6938a, 0xe69390, 0xe693b7, 0xe693bb,
    0xe694a2, 0xe694a9, 0xefa981, 0xe695a7, 0xe6969d, 0xefa982, 0xe69880, 0xe69889, 0xe69895,
    0xe6989e, 0xe698ba, 0xe698a2, 0xe698a4, 0xe698ab, 0xe698b0, 0xe698b1, 0xe698b3, 0xe69bbb,
    0xe69988, 0xe6998c, 0xf0a38784, 0xe69999, 0xe6999a, 0xe699a1, 0xe699a5, 0xe699b3, 0xe699b7,
    0xe699b8, 0xe69a8d, 0xefa983, 0xe69aa0, 0xe69ab2, 0xe69abb, 0xe69b86, 0xe69b88, 0xe3aca2,
    0xe69b9b, 0xe69ba8, 0xe69bba, 0xe69c93, 0xefa4a9, 0xe69cb3, 0xe69da6, 0xe69d87, 0xe69d88,
    0xe69dbb, 0xe69e81, 0xe69e93, 0xe69e98, 0xe69e9b, 0xe69ebb, 0xe69fb9, 0xe69f80, 0xe69f97,
    0xe69fbc, 0xe6a081, 0xe6a192, 0xe6a09d, 0xe6a0ac, 0xe6a0b1, 0xe6a19b, 0xe6a1b2, 0xe6a1b5,
    0xefa984, 0xe6a2a3, 0xe6a2a5, 0xe6a2b2, 0xe6a388, 0xe6a390, 0xe6a3a8, 0xe6a3ad, 0xe6a3b0,
    0xe6a3b1, 0xe6a3bc, 0xe6a48a, 0xe6a589, 0xf0a39784, 0xe6a4b5, 0xe6a582, 0xe6a597, 0xe6a5a3,
    0xe6a5a4, 0xe6a5a8, 0xe6a680, 0xefa894, 0xe6a6a5, 0xe6a6ad, 0xe6a78f, 0xe3aeb6, 0xe3af83,
    0xe6a7a2, 0xe6a7a9, 0xe6a7aa, 0xe6a7b5, 0xe6a7b6, 0xe6a88f, 0xe6a895, 0xf0a39cbf, 0xe6a8bb,
    0xe6a8be, 0xe6a985, 0xe6a990, 0xe6a996, 0xe6a99b, 0xe6a9ab, 0xe6a9b3, 0xf0a39da3, 0xe6aa89,
    0xe6aa94, 0xe6aa9d, 0xe6aa9e, 0xe6aaa5, 0xe6aba4, 0xe6aba7, 0xe3b08f, 0xefa49d, 0xe6ac9b,
    0xe6ac9e, 0xe6acac, 0xe6acb5, 0xe6ad86, 0xe6ad96, 0xe6ada0, 0xe6ada5, 0xe6ada7, 0xe6adb7,
    0xe6ae82, 0xe6aea9, 0xe6aead, 0xefa5b0, 0xe6af8f, 0xe6af96, 0xe6af97, 0xe6afbf, 0xe6b085,
    0xe6b090, 0xe6b0b3, 0xe6b199, 0xe6b19c, 0xe6b2aa, 0xe6b1b4, 0xe6b1b6, 0xe6b285, 0xe6b286,
    0xe6b298, 0xe6b29c, 0xe6b3bb, 0xe6b386, 0xe6b394, 0xe6b3a0, 0xe6b3ab, 0xe6b3ae, 0xf0a3b3be,
    0xe6b484, 0xe6b48e, 0xe6b4ae, 0xe6b4b1, 0xe6b4b9, 0xe6b4bf, 0xe6b598, 0xe6b5a5, 0xefa985,
    0xe6b682, 0xe6b687, 0xe6b689, 0xe6b694, 0xe6b6aa, 0xe6b6ac, 0xe6b6bf, 0xe6b784, 0xe6b796,
    0xe6b79a, 0xe6b79b, 0xe6b79d, 0xe6b7bc, 0xefa986, 0xe6b8b4, 0xe6b984, 0xe6b99c, 0xe6b99e,
    0xe6baab, 0xe6bab1, 0xe6bb81, 0xe6bb87, 0xe6bb8e, 0xe6bc90, 0xe6bc9a, 0xefa987, 0xe6bcaa,
    0xe6bcaf, 0xe6bcb3, 0xe6bd91, 0xe6bd99, 0xe6bd9e, 0xe6bda1, 0xe6bda2, 0xe6bdbe, 0xe6be88,
    0xe6be8c, 0xe6be8d, 0xe6be94, 0xe6bea0, 0xe6bea7, 0xe6beb6, 0xe6bebc, 0xe6bf87, 0xe6bf8a,
    0xe6bfb9, 0xe6bfb0, 0xe6bfb5, 0xe78085, 0xe78086, 0xe780a8, 0xe7818a, 0xe7819d, 0xe7819e,
    0xe7818e, 0xe781a4, 0xe781b5, 0xe78285, 0xe782a4, 0xe782ab, 0xe782b7, 0xe78394, 0xe78398,
    0xe783a4, 0xe7848f, 0xe784ab, 0xe7849e, 0xe784a0, 0xe784ae, 0xe784b0, 0xe78586, 0xe78587,
    0xe78591, 0xefa988, 0xe78592, 0xe7859c, 0xe785a0, 0xe785a8, 0xefa895, 0xe78685, 0xe78687,
    0xe78692, 0xe78781, 0xe786ba, 0xe78784, 0xe787be, 0xe78880, 0xe78895, 0xe78995, 0xe78996,
    0xe3b8bf, 0xe78a8d, 0xe78a9b, 0xe78abe, 0xe78b80, 0xe78bbb, 0xf0a49fb1, 0xe78ca7, 0xe78ca8,
    0xefa896, 0xe78d90, 0xe78da6, 0xe78dbc, 0xe78e95, 0xe78e9f, 0xe78ea0, 0xe78ea2, 0xe78ea6,
    0xe78eab, 0xe78f89, 0xe78f8f, 0xe78f96, 0xe78f99, 0xe78fa3, 0xe78fa9, 0xe79087, 0xe7908a,
    0xe7909a, 0xe7909b, 0xefa98a, 0xe790a6, 0xe790a8, 0xe790aa, 0xe790ab, 0xe790ac, 0xe790ae,
    0xe790af, 0xe790b0, 0xe79184, 0xe79186, 0xe79187, 0xe7918b, 0xe79197, 0xe791a2, 0xe791ab,
    0xe791ad, 0xe79286, 0xe79287, 0xe79289, 0xe79298, 0xe7929c, 0xe7929f, 0xe792a3, 0xe79290,
    0xe792a6, 0xe792a8, 0xe792a9, 0xe792b5, 0xe792bf, 0xe79388, 0xe79389, 0xe7939a, 0xe793bf,
    0xe79481, 0xe79497, 0xe794af, 0xe795af, 0xe795b9, 0xe79692, 0xe3bdb2, 0xe7978e, 0xe797a4,
    0xe79880, 0xe79882, 0xe79888, 0xe79895, 0xe79896, 0xe79899, 0xe7989e, 0xe798ad, 0xe798b5,
    0xe79983, 0xe7998b, 0xe799a4, 0xe799a5, 0xe799ad, 0xe799af, 0xe799b1, 0xe79a81, 0xe79a9b,
    0xe79a9d, 0xe79a9e, 0xe79aa6, 0xe79aaa, 0xe79ab6, 0xe79b85, 0xe79b8c, 0xe79b8e, 0xe79b94,
    0xe79ba6, 0xe79bb1, 0xe79bbc, 0xe79c8a, 0xe79c99, 0xe79cb4, 0xe79cb6, 0xe79d86, 0xe79d8d,
    0xe79d8e, 0xe79d9c, 0xe79d9f, 0xe79da2, 0xe79dba, 0xe79e80, 0xe79e94, 0xe79eaa, 0xe79fa0,
    0xe7a0ad, 0xf0a5928e, 0xe7a183, 0xe7a18e, 0xe7a18f, 0xe7a191, 0xe7a1a8, 0xe7a1ae, 0xefa98b,
    0xe7a2b0, 0xf0a5948e, 0xe7a2ad, 0xe7a3a4, 0xe7a3b2, 0xe7a480, 0xe7a3b7, 0xe7a49c, 0xe7a4ae,
    0xe7a4b1, 0xe7a4b4, 0xefa98c, 0xefa98d, 0xe7a585, 0xe7a586, 0xefa98e, 0xefa98f, 0xefa990,
    0xe7a59c, 0xefa991, 0xefa899, 0xefa89a, 0xe7a5b9, 0xefa992, 0xefa993, 0xefa89b, 0xe7a698,
    0xe7a6b1, 0xe7a6b8, 0xe7a788, 0xe7a78a, 0xf0a59db1, 0xe7a794, 0xe7a79e, 0xe7a7ab, 0xe7a7ad,
    0xe7a883, 0xefa994, 0xe7a8b9, 0xe7a99d, 0xe7a9ad, 0xefa995, 0xe7aa85, 0xe7aaa0, 0xf0a5a784,
    0xe7aab3, 0xe7aabb, 0xe7ab8e, 0xe7abab, 0xe7abbd, 0xe7ac92, 0xe7acad, 0xe7acbb, 0xe7ad87,
    0xe7ad8e, 0xe7ada0, 0xe7adad, 0xe7adaf, 0xe7adb2, 0xe7ae9e, 0xefa996, 0xe7af97, 0xe7af99,
    0xe7b081, 0xe7b0b1, 0xe7b09e, 0xe7b0a0, 0xe7b0b3, 0xe7b0b6, 0xe489a4, 0xf0a5b6a1, 0xe7b199,
    0xe7b1ad, 0xe7b1b9, 0xe7b28f, 0xe7b294, 0xe7b2a0, 0xe7b2bc, 0xe7b395, 0xe7b399, 0xe7b39d,
    0xe7b487, 0xe7b488, 0xe7b493, 0xe7b49d, 0xe7b4a3, 0xe7b4b1, 0xe7b581, 0xe7b588, 0xe7b593,
    0xe7b59c, 0xe7b5ba, 0xe7b683, 0xe7b68b, 0xe7b6a0, 0xe7b6a6, 0xe7b782, 0xe7b78c, 0xe7b796,
    0xe7b7a3, 0xefa997, 0xe7b8a8, 0xe7b888, 0xe7b891, 0xe7b895, 0xefa999, 0xe7b987, 0xe7b992,
    0xe7b9a1, 0xe7ba8a, 0xe7ba8d, 0xe7bd87, 0xefa99a, 0xe7be91, 0xe7be97, 0xe7bebf, 0xe7bf8e,
    0xe7bf9b, 0xe7bf9f, 0xe7bfac, 0xe7bfae, 0xe7bfba, 0xefa99b, 0xe88094, 0xe880a6, 0xe880b5,
    0xe880b7, 0xe880bc, 0xe8838a, 0xe88397, 0xe883a0, 0xe883b3, 0xe88498, 0xe8858a, 0xe885a0,
    0xe885a7, 0xe885a8, 0xe885ad, 0xe886bb, 0xe8878a, 0xe8878f, 0xe88797, 0xefa99c, 0xe49193,
    0xe4919b, 0xe889a0, 0xe889b4, 0xf0a6abbf, 0xe88a8e, 0xe88aa1, 0xe88aa3, 0xe88aa4, 0xe88aa9,
    0xe88aae, 0xe88ab7, 0xe88abe, 0xe88abf, 0xe88b86, 0xe88b95, 0xe88bbd, 0xe88bbe, 0xe88c80,
    0xe88c81, 0xe88da2, 0xe88ca2, 0xe88cad, 0xe88cba, 0xe88d83, 0xe88d87, 0xe88d91, 0xe88d95,
    0xe88dbd, 0xe88e86, 0xe88e92, 0xe88e98, 0xe88ea7, 0xe88ea9, 0xe88ebf, 0xe88f80, 0xe88f87,
    0xe88f8f, 0xe88f91, 0xe88fa1, 0xe88faa, 0xe89081, 0xe89086, 0xe8908a, 0xefa99f, 0xe89188,
    0xe8919f, 0xe891b0, 0xe891b3, 0xe89285, 0xe8929e, 0xe892af, 0xe892b4, 0xe892ba, 0xe89380,
    0xe89382, 0xf0a6b980, 0xe894b2, 0xe8949e, 0xe894a3, 0xe894af, 0xe89599, 0xe895a4, 0xefa89f,
    0xe896ad, 0xe895ba, 0xe8968c, 0xe8968f, 0xe896a2, 0xe896b0, 0xe8978b, 0xe8978e, 0xe897ad,
    0xe89892, 0xe897bf, 0xe89884, 0xe89885, 0xe89890, 0xf0a783b4, 0xe89898, 0xe898a9, 0xe898b8,
    0xe89997, 0xe8999b, 0xefa4b6, 0xe899a2, 0xe4969d, 0xe899ac, 0xe899b5, 0xe89a98, 0xe89ab8,
    0xe89bba, 0xe89bbc, 0xe89bbd, 0xe89c8b, 0xe89db1, 0xe89e87, 0xe89e88, 0xe89eac, 0xe89ead,
    0xe89eb5, 0xe497aa, 0xe89f96, 0xe89fac, 0xe8a086, 0xe8a08a, 0xe8a090, 0xe8a094, 0xe8a09f,
    0xe8a298, 0xe8a2aa, 0xe8a38a, 0xe8a38e, 0xf0a79a84, 0xe8a3b5, 0xe8a49c, 0xefa9a0, 0xe8a498,
    0xe8a499, 0xe8a49a, 0xe8a4a7, 0xe8a4b0, 0xe8a4b2, 0xe8a4b9, 0xe8a580, 0xe8a694, 0xefa9a1,
    0xe8a794, 0xe8a7a5, 0xe8a7b6, 0xe8a892, 0xe8a895, 0xe8a8a2, 0xe8a8b7, 0xe8a987, 0xe8a98e,
    0xe8a99d, 0xe8a9a1, 0xe8a9b5, 0xe8a9b9, 0xe8aaa7, 0xe8ab90, 0xe8ab9f, 0xe8abb4, 0xe8abb6,
    0xefa8a2, 0xefa9a2, 0xefa9a3, 0xe8ad86, 0xe8ad94, 0xe8ad99, 0xe8ada9, 0xe8ae9d, 0xe8b189,
    0xe8b1a8, 0xefa9a4, 0xe8b3a1, 0xe8b3b4, 0xe8b3b8, 0xe8b3be, 0xefa9a5, 0xe8b492, 0xe8b49b,
    0xe8b6af, 0xe8b78e, 0xe8b791, 0xe8b797, 0xe8b8a0, 0xe8b8a3, 0xe8b8bd, 0xe8b9b0, 0xe8b9bb,
    0xf0a889b7, 0xe8bb80, 0xe4a184, 0xe8bbba, 0xe8bc9e, 0xe8bcad, 0xe8bcb6, 0xe8bd94, 0xf0a88f8d,
    0xe8bea6, 0xe8beb5, 0xe8bfa4, 0xe8bfa8, 0xe8bfae, 0xe98088, 0xe980ad, 0xefa9a7, 0xe98288,
    0xe98295, 0xe98297, 0xe98299, 0xe9829b, 0xe982a2, 0xe982b3, 0xe982be, 0xe98384, 0xe98385,
    0xe98387, 0xe98397, 0xe9839d, 0xe9839e, 0xe983af, 0xe983b4, 0xefa8a6, 0xe98494, 0xe98495,
    0xe98496, 0xe984a2, 0xe984a3, 0xe984a7, 0xe984af, 0xe984b1, 0xe984b4, 0xe984bd, 0xe98588,
    0xe9859b, 0xe98683, 0xe9869e, 0xe986ac, 0xe986b1, 0xe986bc, 0xe98797, 0xe987bb, 0xe987a4,
    0xe987a5, 0xe987ad, 0xe987b1, 0xe98887, 0xe98890, 0xe988b8, 0xe988b9, 0xe988ba, 0xe988bc,
    0xe98980, 0xe98983, 0xe9898f, 0xe989b8, 0xe98a88, 0xe98b82, 0xe98b8b, 0xe98b8c, 0xe98b93,
    0xe98ba0, 0xe98bbf, 0xe98c84, 0xe98c9f, 0xe98ca1, 0xe98ca5, 0xe98d88, 0xe98d89, 0xe98d8a,
    0xe98da4, 0xe98da5, 0xe98daa, 0xe98db0, 0xe98e9b, 0xe98ea3, 0xe98eba, 0xe98f86, 0xe98f9e,
    0xe98f9f, 0xe99084, 0xe98fbd, 0xe990b3, 0xe9918a, 0xe991a3, 0xe991ab, 0xe991b1, 0xe991b2,
    0xe9968e, 0xe9969f, 0xe996a6, 0xe996a9, 0xe996ac, 0xe996b6, 0xe996bd, 0xe9978b, 0xe99790,
    0xe99793, 0xe4a6b0, 0xe9979a, 0xe9979e, 0xe99998, 0xe99a84, 0xefa79c, 0xe99a9d, 0xe99aa4,
    0xe99aa5, 0xe99b92, 0xe99b9e, 0xefa9a8, 0xe99ba9, 0xe99baf, 0xe99cb3, 0xe99cbb, 0xe99d8d,
    0xe99d8e, 0xe99d8f, 0xe99d9a, 0xe99dae, 0xe99db3, 0xe99e95, 0xe99eae, 0xe99eba, 0xe99f81,
    0xe99f89, 0xe99f9e, 0xe99f9b, 0xe99fb4, 0xefa9a9, 0xe9a08a, 0xe9a09e, 0xe9a0ab, 0xe9a0b0,
    0xefa9aa, 0xe9a192, 0xe9a193, 0xe9a196, 0xe9a197, 0xe9a199, 0xe9a19a, 0xefa790, 0xe9a1a5,
    0xe9a1ac, 0xe9a2ba, 0xe9a388, 0xe9a3a7, 0xe9a598, 0xe9a69e, 0xe9a882, 0xe9a883, 0xe9a8a4,
    0xe9a8ad, 0xe9a8ae, 0xe9a8b8, 0xe9a98a, 0xe9a98e, 0xe9a992, 0xe9aab6, 0xe9ab81, 0xe9ab83,
    0xe9ab8e, 0xe9ab96, 0xe9abb9, 0xe9ac82, 0xe9ac88, 0xe9aca0, 0xe4b097, 0xe9acad, 0xe9ad9e,
    0xe9adb9, 0xe9ada6, 0xe9adb2, 0xe9adb5, 0xe9ae84, 0xe9ae8a, 0xe9ae8f, 0xe9ae9e, 0xe9aea7,
    0xe9af81, 0xe9af8e, 0xe9afa5, 0xe9afb8, 0xe9afbd, 0xe9b080, 0xe9b0a3, 0xe9b181, 0xe9b18f,
    0xe9b190, 0xe9b193, 0xe9b1a3, 0xe9b1a5, 0xe9b1b7, 0xe9b49d, 0xe9b49e, 0xe9b583, 0xe9b587,
    0xe9b592, 0xe9b5a3, 0xe9b5b0, 0xe9b5bc, 0xe9b68a, 0xe9b696, 0xe9b780, 0xe9b6ac, 0xe9b6bc,
    0xe9b797, 0xf0aa8690, 0xe9b7a7, 0xe9b887, 0xe9b895, 0xe9b9bc, 0xe9ba9e, 0xe9baa4, 0xe9baac,
    0xe9baaf, 0xe9bab4, 0xe9bab5, 0xe9bb83, 0xe9bb91, 0xe9bc90, 0xe9bcb9, 0xe9bd97, 0xe9be90,
    0xe9be94, 0xe9be97, 0xe9bea2, 0xe5a7b8, 0xe5b19b, 0xe5b9b7, 0xe798a6, 0xe7b9ab, 0x0023e5,
    0x002443, 0x000000, 0x0024a1, 0x0024ff, 0x00255d, 0x000000, 0x000000, 0x0025bb, 0x000000,
    0x000000, 0x000000, 0x002619, 0x002677, 0x0026d5, 0x002733, 0x000000, 0x000000, 0x000000,
    0x000000, 0x000000, 0x000000, 0x000000, 0x000000, 0x000000, 0x000000, 0x000000, 0x000000,
    0x000000, 0x000000, 0x000000, 0x000000, 0x000000, 0x000000, 0x000000, 0x000000, 0x000000,
    0x000000, 0x000000, 0x000000, 0x000000, 0x000000, 0x000000, 0x000000, 0x000000, 0x000000,
    0x000000, 0x000000, 0x000000, 0x000000, 0x000000, 0x000000, 0x000000, 0x000000, 0x000000,
    0x000000, 0x000000, 0x000000, 0x000000, 0x000000, 0x000000, 0x000000, 0x000000, 0x000000,
    0x000000, 0x000000, 0x000000, 0x000000, 0x000000, 0x000000, 0x000000, 0x000000, 0x000000,
    0x000000, 0x000000, 0x000000, 0x000000, 0x000000, 0x002791, 0x0027ef, 0x00284d, 0x0028ab,
    0x002909, 0x002967, 0x0029c5, 0x002a23, 0x002a81, 0x002adf, 0x002b3d, 0x002b9b, 0x002bf9,
    0x002c57, 0x002cb5, 0x002d13, 0x002d71, 0xf0a08289, 0xe4b882, 0xe4b88f, 0xe4b892, 0xe4b8a9,
    0xe4b8ab, 0xe4b8ae, 0xe4b980, 0xe4b987, 0xe4b988, 0xf0a082a2, 0xe4b991, 0xe39086, 0xf0a082a4,
    0xe4b99a, 0xe4b9a9, 0xe4ba9d, 0xe390ac, 0xe390ae, 0xe4bab9, 0xe4babb, 0xf0a086a2, 0xe4babc,
    0xe4bb83, 0xe4bb88, 0xe4bb90, 0xe4bbab, 0xe4bb9a, 0xe4bbb1, 0xe4bbb5, 0xe4bc80, 0xe4bc96,
    0xe4bda4, 0xe4bcb7, 0xe4bcbe, 0xe4bd94, 0xe4bd98, 0xf0a08893, 0xe4bdb7, 0xe4bdb8, 0xe4bdba,
    0xe4bdbd, 0xe4be82, 0xe4be85, 0xe4be92, 0xe4be9a, 0xe4bfa6, 0xe4beb2, 0xe4bebe, 0xe4bf85,
    0xe4bf8b, 0xe4bf8f, 0xe4bf92, 0xe391aa, 0xe4bfb2, 0xe58080, 0xe58090, 0xe58093, 0xe5809c,
    0xe5809e, 0xe580a2, 0xe391a8, 0xe58182, 0xe58186, 0xe5818e, 0xe58193, 0xe58197, 0xe581a3,
    0xe581a6, 0xe581aa, 0xe581b0, 0xe582a3, 0xe58288, 0xe58292, 0xe58293, 0xe58295, 0xe58296,
    0xe5829c, 0xe582aa, 0xf0a08cab, 0xe582b1, 0xe582ba, 0xe582bb, 0xe58384, 0xe58387, 0xe583b3,
    0xf0a08e81, 0xe5838e, 0xf0a08db1, 0xe58394, 0xe58399, 0xe583a1, 0xe583a9, 0xe39292, 0xe58488,
    0xf0a08fb9, 0xe58497, 0xe5849b, 0xf0a0918a, 0xe585a0, 0xf0a09489, 0xe585b3, 0xe58683, 0xe5868b,
    0xe392bc, 0xe58698, 0xe586a3, 0xe586ad, 0xe39387, 0xe586bc, 0xf0a09796, 0xf0a098a8, 0xe587b3,
    0xe587b4, 0xe58882, 0xe58892, 0xe58896, 0xf0a09d8f, 0xe58995, 0xe5899c, 0xe589ac, 0xe589b7,
    0xe58a84, 0xe58a82, 0xf0a0a087, 0xe58a98, 0xf0a0a0ba, 0xe58aa4, 0xe58aa6, 0xe58aaf, 0xe58aba,
    0xe58abb, 0xe58b8a, 0xe3949f, 0xe58b91, 0xf0a0a2b9, 0xe58bb7, 0xe58c8a, 0xe58c8b, 0xe58ca4,
    0xe58cb5, 0xe58cbe, 0xe58d82, 0xf0a0a5bc, 0xf0a0a69d, 0xe58da7, 0xe58dac, 0xe58dba, 0xe58ea4,
    0xe58eb4, 0xf0a0ab93, 0xe58eb7, 0xe58f80, 0xf0a0ac9d, 0xe3959d, 0xe3959e, 0xe58f95, 0xe58f9a,
    0xe395a3, 0xe58fb4, 0xe58fb5, 0xe59195, 0xe590a4, 0xe590a8, 0xe395ae, 0xe59183, 0xe591a2,
    0xe591a6, 0xe591ac, 0xe5928a, 0xe5928d, 0xe59295, 0xe592a0, 0xe592a6, 0xe592ad, 0xe592ae,
    0xe592b7, 0xe592ba, 0xe592bf, 0xe59383, 0xf0a0b585, 0xe593ac, 0xe593af, 0xe593b1, 0xe593b3,
    0xe59480, 0xe59481, 0xe59489, 0xe594bc, 0xe59581, 0xe396a6, 0xe59587, 0xe5958a, 0xe396a8,
    0xe595a0, 0xe595a1, 0xe595a4, 0xf0a0b7a1, 0xe595bd, 0xe59682, 0xe59688, 0xe59691, 0xe39785,
    0xe59792, 0xf0a0ba95, 0xf0a0b9ad, 0xe596bf, 0xe59789, 0xe5978c, 0xe59791, 0xe5979d, 0xe3979a,
    0xe597a2, 0xf0a0b9a4, 0xe597a9, 0xe598a8, 0xf0a0bd9f, 0xe59887, 0xe59890, 0xe598b0, 0xe598b7,
    0xe397b4, 0xe598bd, 0xe598bf, 0xe59980, 0xe59987, 0xe5999e, 0xe599a0, 0xe599ad, 0xe39885,
    0xe59a88, 0xe59a8c, 0xe59a95, 0xe59a9a, 0xe59a9d, 0xe59aa8, 0xe59aad, 0xe59ab2, 0xe59b85,
    0xe59b8d, 0xe59b9f, 0xe59ba8, 0xe59bb6, 0xe59bb7, 0xf0a18881, 0xe59c95, 0xe59ca3, 0xf0a18995,
    0xe59ca9, 0xf0a189bb, 0xe59d85, 0xe59d86, 0xe59d8c, 0xe59d8d, 0xf0a189b4, 0xe59da8, 0xe59daf,
    0xe59db3, 0xe59db4, 0xe59db5, 0xe59dbb, 0xf0a18ba4, 0xf0a18b97, 0xe59eac, 0xe59e9a, 0xe59e9d,
    0xe59e9e, 0xe59ea8, 0xe59f97, 0xf0a18bbd, 0xe59f8c, 0xf0a18cb6, 0xf0a18d84, 0xe59f9e, 0xe59fa6,
    0xe59fb0, 0xe3998a, 0xe59fb8, 0xe59fbb, 0xe59fbd, 0xe5a084, 0xe5a09e, 0xe5a0a0, 0xe5a0a7,
    0xe5a0b2, 0xe5a0b9, 0xf0a18f84, 0xe5a189, 0xe5a18c, 0xe5a1a7, 0xe5a28a, 0xe5a28b, 0xe5a28d,
    0xe5a28f, 0xe5a290, 0xe5a294, 0xe5a29d, 0xe5a2aa, 0xe5a2b1, 0xf0a191ad, 0xe5a383, 0xe5a38d,
    0xe5a3a2, 0xe5a3b3, 0xe5a3b4, 0xe5a485, 0xe5a486, 0xe5a48b, 0xe5a48d, 0xe5a494, 0xe5a4a4,
    0xf0a19797, 0xe39a91, 0xe5a4bd, 0xe39a99, 0xe5a586, 0xe39a96, 0xf0a6b0a9, 0xe5a59b, 0xe5a59f,
    0xf0a19987, 0xe5a5b5, 0xe5a5b6, 0xe5a5bc, 0xe5a69f, 0xe5a6ae, 0xe5a6bc, 0xe5a788, 0xe5a78d,
    0xe5a79e, 0xe5a7a3, 0xe5a7a4, 0xe5a7a7, 0xe5a7ae, 0xf0a19c86, 0xf0a19d82, 0xe39b8f, 0xe5a88c,
    0xe5a88d, 0xe5a897, 0xe5a8a7, 0xe5a8ad, 0xe5a995, 0xe5a9a5, 0xe5a9ba, 0xe5aa8b, 0xe5aa9c,
    0xe5aa9f, 0xe5aaa0, 0xe5aaa2, 0xe5aab1, 0xe5aab3, 0xe5aab5, 0xe5aaba, 0xe5aabf, 0xe5ab9a,
    0xe5ab9c, 0xe5aba0, 0xe5aba5, 0xe5abb0, 0xe5abae, 0xe5abb5, 0xe5ac80, 0xe5ac88, 0xe5ac97,
    0xe5acb4, 0xe5acad, 0xe5ad8c, 0xe5ad92, 0xe5ada8, 0xe5adaf, 0xe5adbc, 0xe5adbf, 0xe5ae81,
    0xe5ae84, 0xf0a1a783, 0xe5ae96, 0xe5aeac, 0xe39da1, 0xe5af80, 0xe39da2, 0xe5af8e, 0xe5af96,
    0xe39dac, 0xe39dab, 0xe5afb1, 0xe5afbd, 0xe39db5, 0xe5b083, 0xe5b0a9, 0xe5b0b0, 0xf0a1b196,
    0xe5b19f, 0xe5b1a3, 0xe5b1a7, 0xe5b1a8, 0xe5b1a9, 0xe5b1b0, 0xf0a1b4ad, 0xf0a1b585, 0xe5b1bc,
    0xf0a1b5b8, 0xf0a1b5a2, 0xe5b288, 0xe5b28a, 0xe39f81, 0xf0a1b6a1, 0xf0a1b69c, 0xe5b2a0,
    0xe5b2a2, 0xe5b2a6, 0xe5b2a7, 0xf0a1b692, 0xe5b2ad, 0xe5b2b5, 0xf0a1b6b7, 0xe5b389, 0xf0a1b7a0,
    0xf0a1b8b3, 0xe5b486, 0xe5b490, 0xe5b4ab, 0xe5b49d, 0xe5b4a0, 0xe5b4a4, 0xe5b4a6, 0xe5b4b1,
    0xe5b4b9, 0xe5b582, 0xe39fa8, 0xe5b5a1, 0xe5b5aa, 0xe39fb4, 0xe5b5b0, 0xf0a1bc9e, 0xe39fbd,
    0xe5b688, 0xe3a080, 0xe5b692, 0xe5b694, 0xe5b697, 0xe5b699, 0xe5b6b0, 0xe5b6b2, 0xe5b6b4,
    0xf0a1bdb6, 0xe5b6b9, 0xe5b791, 0xe5b797, 0xe5b798, 0xe5b7a0, 0xf0a1bfba, 0xe5b7a4, 0xe5b7a9,
    0xe3a0af, 0xe5b880, 0xe3a0b6, 0xe5b892, 0xe5b895, 0xe3a180, 0xe5b89f, 0xe5b8ae, 0xe5b8be,
    0xe5b989, 0xe3a19c, 0xe5b996, 0xe3a1a1, 0xe5b9ab, 0xe5b9ac, 0xe5b9ad, 0xe5b9ae, 0xf0a285bb,
    0xe5baa5, 0xe5baaa, 0xe5baac, 0xe5bab9, 0xe5babf, 0xe5bb86, 0xe5bb92, 0xe5bb99, 0xf0a28c9e,
    0xe5bbbd, 0xe5bc88, 0xe5bc8e, 0xe5bc9c, 0xf0a28ead, 0xe5bc9e, 0xe5bd87, 0xe5bda3, 0xe5bdb2,
    0xe5bdbe, 0xe5be8f, 0xe5bea2, 0xe5bea4, 0xe5beb8, 0xe5bf84, 0xe3a3ba, 0xe5bf87, 0xe5bf8b,
    0xe5bf92, 0xe5bf93, 0xe5bf94, 0xe5bfa2, 0xe5bfae, 0xe5bfaf, 0xe5bfb3, 0xe5bfbc, 0xe3a497,
    0xe68097, 0xe680a2, 0xe680a4, 0xe3a49a, 0xe6818c, 0xe681bf, 0xe6828a, 0xe68295, 0xe682a8,
    0xf0a29bb3, 0xe682b0, 0xe682b1, 0xe682be, 0xe68388, 0xe68399, 0xe6839b, 0xe683ae, 0xe683b2,
    0xe683b5, 0xe68490, 0xe68492, 0xe68493, 0xe68499, 0xe6849e, 0xe684ba, 0xe3a5af, 0xe68581,
    0xe68586, 0xe685a0, 0xe685bc, 0xf0a2a19b, 0xe68692, 0xe68693, 0xe68697, 0xe68698, 0xe686a5,
    0xe686a8, 0xe686ad, 0xf0a2a2ab, 0xe68795, 0xe6879d, 0xe6879f, 0xe687b5, 0xf0a2a68f, 0xe68895,
    0xe688a3, 0xe688a9, 0xe68986, 0xe6898c, 0xe68991, 0xe68992, 0xe689a1, 0xe689a4, 0xe689bb,
    0xe689ad, 0xe689b3, 0xe68a99, 0xe68aa6, 0xe68b95, 0xf0a2aab8, 0xe68bbd, 0xe68c83, 0xe68c8d,
    0xe68c90, 0xf0a2ad8f, 0xf0a2ad90, 0xe68cb2, 0xe68cb5, 0xe68cbb, 0xe68cbc, 0xe68d81, 0xe68d84,
    0xe68d8e, 0xf0a2ad86, 0xe68d99, 0xf0a2b09d, 0xf0a2aea6, 0xe68dac, 0xe68e84, 0xe68e99,
    0xf0a2b0a4, 0xe68e94, 0xe68ebd, 0xe68fb7, 0xe68f94, 0xe68f95, 0xe68f9c, 0xe68fa0, 0xe68fab,
    0xe68fac, 0xe68fb2, 0xe69089, 0xe6909e, 0xe690a5, 0xe690a9, 0xe690af, 0xe6919a, 0xe6919b,
    0xe6919d, 0xe691b3, 0xe691bd, 0xe69287, 0xe69291, 0xe6929d, 0xe6929f, 0xe6938b, 0xe6938c,
    0xe69395, 0xe69397, 0xf0a2b7a1, 0xe693a4, 0xe693a5, 0xe693bf, 0xe69484, 0xe3a9ae, 0xe6948f,
    0xe69494, 0xe69496, 0xe3a9b3, 0xe6949e, 0xe694b2, 0xe69584, 0xe69594, 0xe695ab, 0xe695ba,
    0xe69681, 0xe69684, 0xe69685, 0xe6968a, 0xe696b2, 0xe696b5, 0xe696b8, 0xe696bf, 0xe69782,
    0xe69789, 0xe69794, 0xe3ab96, 0xe697b2, 0xe697b9, 0xe697bc, 0xe69884, 0xe69888, 0xe698a1,
    0xe698aa, 0xe69985, 0xe69991, 0xe6998e, 0xe3abaa, 0xf0a38783, 0xe69997, 0xe6999b, 0xe699a3,
    0xf0a387b5, 0xf0a386b6, 0xe699aa, 0xe699ab, 0xe699ac, 0xe699ad, 0xe699bb, 0xe69a80, 0xe69a90,
    0xe69a92, 0xe69a99, 0xe3ac8e, 0xe69aad, 0xe69ab1, 0xe69ab5, 0xe3ac9a, 0xe69abf, 0xe3ac9c,
    0xe69bac, 0xe3ab97, 0xe69c81, 0xe69c85, 0xe69c92, 0xf0a38db2, 0xe69c99, 0xf0a38f93, 0xf0a38f92,
    0xe69d8c, 0xe69d8d, 0xe69d94, 0xe69d9d, 0xf0a38f90, 0xf0a38fa4, 0xf0a38f95, 0xe69db4, 0xe69db6,
    0xf0a38f9a, 0xe69e92, 0xf0a38f9f, 0xe88da3, 0xe6a090, 0xe69eb0, 0xe69eb2, 0xe69f83, 0xe69f88,
    0xe69f92, 0xe69f99, 0xe69f9b, 0xe69fb0, 0xe69fb7, 0xf0a3918a, 0xf0a39191, 0xf0a3918b, 0xe6a098,
    0xe6a09f, 0xe6a0ad, 0xf0a391a5, 0xe6a0b3, 0xe6a0bb, 0xe6a0be, 0xe6a184, 0xe6a185, 0xe6a189,
    0xe6a18c, 0xe6a195, 0xe6a197, 0xe3adb7, 0xe6a1ab, 0xe6a1ae, 0xe6a1ba, 0xe6a1bc, 0xe6a282,
    0xe6a290, 0xe6a296, 0xe3adad, 0xe6a298, 0xe6a299, 0xe6a29a, 0xe6a29c, 0xe6a2aa, 0xe6a2ab,
    0xe6a2b4, 0xe6a2bb, 0xe6a3bb, 0xf0a393a4, 0xf0a3959a, 0xefa893, 0xe6a383, 0xe6a385, 0xe6a38c,
    0xe6a38f, 0xe6a396, 0xe6a399, 0xe6a3a4, 0xe6a3a5, 0xe6a3ac, 0xe6a3b7, 0xe6a483, 0xe6a487,
    0xe3ae87, 0xe3ae88, 0xf0a39694, 0xe6a4bb, 0xe3ae8d, 0xe6a586, 0xe6a5a9, 0xe6a5ac, 0xe6a5b2,
    0xe6a5ba, 0xe6a5bf, 0xe6a692, 0xe3aea4, 0xe6a696, 0xe6a698, 0xe6a6a6, 0xe6a6b0, 0xe6a6b7,
    0xe6a6ba, 0xe6a6bc, 0xe6a780, 0xe6a791, 0xe6a796, 0xf0a398b9, 0xf0a39987, 0xe6a8b0, 0xf0a398b8,
    0xf0a398ba, 0xe6a7a3, 0xe6a7ae, 0xe6a7af, 0xe6a7b3, 0xe3af8d, 0xe6a7b4, 0xe6a7be, 0xe6a891,
    0xe6a89a, 0xe6a89d, 0xf0a39c9c, 0xe6a8b2, 0xe6a8b3, 0xe6a8b4, 0xe6a8bf, 0xe6a986, 0xe6a989,
    0xe6a9ba, 0xe6a98e, 0xe6a992, 0xe6a9a4, 0xf0a39c8c, 0xe6a9be, 0xe6aa83, 0xe6aa8b, 0xe3afb0,
    0xe6aa91, 0xe6aa9f, 0xe6aaa1, 0xf0a39da4, 0xe6aaab, 0xe6aabd, 0xe6ab86, 0xe6ab94, 0xe6ab90,
    0xe6ab9c, 0xe6ab9d, 0xf0a39fbf, 0xf0a39fa7, 0xe6abac, 0xe6abb1, 0xe6abb2, 0xe6abb3, 0xe6abbd,
    0xf0a3a0a4, 0xe6ac8b, 0xe6ac8f, 0xe6ac90, 0xe6ac91, 0xf0a3a0bd, 0xe6ac97, 0xe3b0a6, 0xe6acaf,
    0xe6ad8a, 0xe6ad98, 0xe6adac, 0xe6adb5, 0xe6adba, 0xe6ae81, 0xe6ae9b, 0xe6aeae, 0xf0a3aa98,
    0xe6aebd, 0xe6aebe, 0xe6af87, 0xe6af88, 0xe6af89, 0xe6af9a, 0xe6afa6, 0xe6afa7, 0xe6afae,
    0xe6afb1, 0xe6b082, 0xe6b08a, 0xe6b08e, 0xe6b0b5, 0xe6b0b6, 0xe6b0ba, 0xf0a3b1bf, 0xe6b0bf,
    0xe6b18d, 0xe6b19b, 0xe6b1ad, 0xe6b284, 0xe6b289, 0xe3b383, 0xe6b294, 0xe6b295, 0xe6b297,
    0xe6b2ad, 0xe6b382, 0xe6b390, 0xe3b392, 0xe6b396, 0xe6b39a, 0xe6b39c, 0xe6b3a9, 0xe6b3ac,
    0xe6b3ad, 0xf0a3b480, 0xe6b480, 0xe6b48a, 0xe6b4a4, 0xe6b4a6, 0xe6b4a7, 0xe6b1a7, 0xe6b4af,
    0xe6b4bc, 0xe6b59b, 0xe6b59e, 0xe6b5a0, 0xe6b5b0, 0xe6b680, 0xe6b681, 0xe6b68a, 0xe6b68d,
    0xe6b691, 0xe6b698, 0xf0a3b580, 0xe6b897, 0xf0a3b7ba, 0xf0a3b7b9, 0xf0a3b793, 0xe6b6ab,
    0xe6b6ae, 0xe6b6b4, 0xe6b782, 0xe6b4b4, 0xe6b788, 0xe6b78e, 0xe6b78f, 0xe6b790, 0xe6b79f,
    0xe6b7a9, 0xe6b7b6, 0xe6b8b6, 0xe6b89e, 0xe6b8a2, 0xe6b8a7, 0xe3b491, 0xe6b8b2, 0xe6b8bc,
    0xe6b988, 0xe6b989, 0xe6b98b, 0xe6b98c, 0xe6b98f, 0xe6b991, 0xe6b993, 0xe6b994, 0xe6b997,
    0xe6b9a3, 0xe3b49e, 0xe6ba93, 0xe6baa7, 0xe6bab4, 0xe6babf, 0xe6bb83, 0xe6bb8a, 0xe6bb99,
    0xe6bcb5, 0xe6bbab, 0xe6bbb9, 0xe6bbbb, 0xe6bc8a, 0xe6bc8c, 0xe6bc98, 0xe6bca5, 0xe6bcb6,
    0xe6bcbc, 0xf0a3bdbe, 0xe6bd92, 0xe6bd97, 0xe6bd9a, 0xe6bda0, 0xe6bda8, 0xe6be98, 0xe6bdbd,
    0xe6be90, 0xe6be96, 0xe6bebe, 0xe6be9f, 0xe6bea5, 0xe6beaf, 0xe3b5a4, 0xe6beb5, 0xe6bf88,
    0xe6bf89, 0xe6bf9a, 0xe6bf9e, 0xe6bfa9, 0xf0a48296, 0xe6bfbc, 0xe78080, 0xe78087, 0xe7808a,
    0xe780a3, 0xf0a48483, 0xe780b9, 0xe780ba, 0xe780bc, 0xe78183, 0xe78187, 0xe7818b, 0xe3b69a,
    0xe78194, 0xe781a5, 0xe781a9, 0xe781ac, 0xe781ae, 0xe781b6, 0xe781be, 0xe78281, 0xe78286,
    0xe78295, 0xe78297, 0xe782bb, 0xf0a48786, 0xe7829f, 0xe782b1, 0xf0a487be, 0xe783ac, 0xe7838a,
    0xe78391, 0xe78393, 0xe7839c, 0xe78483, 0xe78484, 0xe78486, 0xe78487, 0xe78488, 0xe7848c,
    0xe3b780, 0xe784af, 0xe784b1, 0xe78590, 0xe7858a, 0xe78593, 0xe7859e, 0xe3b794, 0xe78696,
    0xe78680, 0xe7869b, 0xe786a0, 0xe786a2, 0xe786ae, 0xe786af, 0xe786b3, 0xf0a48ebc, 0xe7878b,
    0xe78793, 0xe78799, 0xe7879c, 0xe78887, 0xe3b885, 0xefa989, 0xe788ab, 0xe788b4, 0xe788b8,
    0xe788b9, 0xe4b8ac, 0xe78982, 0xe78993, 0xe78997, 0xe789a3, 0xf0a498a9, 0xe789ae, 0xe789af,
    0xe789b8, 0xe789bf, 0xe78a8e, 0xf0a49aa5, 0xe78aad, 0xe78aae, 0xe78ab0, 0xe78ab1, 0xe78b81,
    0xe3b9a0, 0xe78b8c, 0xe3b9a6, 0xe3b9a8, 0xe78bb3, 0xe78bba, 0xe78c87, 0xe78c92, 0xe78c98,
    0xe78c99, 0xe3ba83, 0xe78cb9, 0xe78cac, 0xe78cb1, 0xe78cb3, 0xe78cbd, 0xe78d92, 0xe3ba94,
    0xe78dab, 0xe78dac, 0xf0a4a296, 0xe78dae, 0xe78daf, 0xe78db1, 0xe78db7, 0xe78e81, 0xe78e85,
    0xe78e8a, 0xe78e94, 0xe78e98, 0xe78e9c, 0xe78e9e, 0xe78ea5, 0xe78ea8, 0xe78eb5, 0xe78eb7,
    0xe78eb9, 0xe78ebc, 0xe78ebf, 0xe78f85, 0xe78f8b, 0xe78fa1, 0xe78fa7, 0xe78fb9, 0xe79093,
    0xe78fba, 0xe79081, 0xe790a4, 0xe790b1, 0xe790b9, 0xe79193, 0xe79180, 0xe79183, 0xe7918d,
    0xe79192, 0xe7919d, 0xe791b1, 0xe79281, 0xe79285, 0xe79288, 0xf0a4a98d, 0xe79292, 0xe79297,
    0xe79299, 0xe792a0, 0xe792a1, 0xe792a5, 0xe792aa, 0xe792ab, 0xe792b9, 0xe792bb, 0xe792ba,
    0xe79396, 0xe79398, 0xe7939e, 0xe793af, 0xe793ab, 0xf0a4ad96, 0xe793ba, 0xf0a4adaf, 0xe794a0,
    0xe794a4, 0xe794aa, 0xe3bd97, 0xf0a4b096, 0xe794bd, 0xe794be, 0xe79580, 0xe79588, 0xe7958e,
    0xe79590, 0xe79592, 0xe795ac, 0xe795b2, 0xe795b1, 0xe795ba, 0xe795bd, 0xe795be, 0xe79681,
    0xf0a4b494, 0xe7968c, 0xe3bdb5, 0xe796a2, 0xe3bdb7, 0xe796b0, 0xe796b7, 0xe796bf, 0xe79780,
    0xe79786, 0xe7978f, 0xe79793, 0xe7979d, 0xe7979f, 0xe797a0, 0xe797a7, 0xe797ac, 0xe797ae,
    0xe797b1, 0xe797b9, 0xe79883, 0xe79898, 0xe79887, 0xe7988f, 0xe3beae, 0xf0a4b88e, 0xe79893,
    0xe7989b, 0xe7989c, 0xf0a4b8b7, 0xe798a5, 0xe798a8, 0xe798bc, 0xe798b3, 0xf0a4b9aa, 0xe3bf89,
    0xe79981, 0xf0a4ba8b, 0xe79989, 0xe79995, 0xe3bf97, 0xe799ae, 0xe79a95, 0xe79a9c, 0xe79aa1,
    0xe79aa0, 0xe79aa7, 0xe79aa8, 0xe79aaf, 0xf0a5818a, 0xe79b89, 0xf0a58195, 0xe79ba8, 0xe79bac,
    0xf0a584a2, 0xe79c97, 0xe79c9a, 0xe79cad, 0xe79cb5, 0xf0a586a9, 0xe480b9, 0xf0a587a5,
    0xf0a5878d, 0xe79d98, 0xe79da0, 0xe79daa, 0xf0a5889e, 0xe79db2, 0xe79dbc, 0xe79dbd, 0xf0a5898c,
    0xe48198, 0xe79e9a, 0xe79e9f, 0xe79ea2, 0xe79ea4, 0xe79ea9, 0xe79f9e, 0xe79f9f, 0xe79fa4,
    0xe79fa6, 0xe79faa, 0xe79fac, 0xe48293, 0xe79fb0, 0xe79fb4, 0xe79fbb, 0xf0a590ae, 0xe7a085,
    0xe7a086, 0xe7a089, 0xe7a08d, 0xe7a099, 0xe7a0a1, 0xe7a0ac, 0xe7a187, 0xe7a1a4, 0xe7a1aa,
    0xf0a59399, 0xe7a28a, 0xe7a294, 0xe7a2a4, 0xe7a29d, 0xe7a29e, 0xe7a29f, 0xe7a2bb, 0xe7a388,
    0xe7a38c, 0xe7a38e, 0xe7a395, 0xe7a3a0, 0xe7a3a1, 0xe7a3a6, 0xe7a3b9, 0xe7a3ba, 0xe7a3bb,
    0xe7a3be, 0xf0a596a7, 0xe7a490, 0xe7a49b, 0xe7a4b0, 0xe7a4a5, 0xe7a4bb, 0xe7a58a, 0xe7a598,
    0xe7a59b, 0xe48485, 0xe7a5a7, 0xe7a5b2, 0xe7a694, 0xe7a695, 0xe7a696, 0xe7a69b, 0xe7a6a1,
    0xe7a6a9, 0xe7a6b4, 0xe7a6bb, 0xe7a782, 0xe7a787, 0xe7a78c, 0xe7a78d, 0xe7a796, 0xe48588,
    0xf0a59ea9, 0xf0a59eb4, 0xe4858f, 0xe7a88a, 0xe7a891, 0xe7a895, 0xe7a89b, 0xe7a89e, 0xe485a3,
    0xe7a8ad, 0xe7a8b8, 0xe7a987, 0xe7a98c, 0xe7a996, 0xe7a999, 0xe7a99c, 0xe7a99f, 0xe7a9a0,
    0xe7a9a7, 0xe7a9aa, 0xe7a9b5, 0xe7a9b8, 0xe7aa82, 0xe7aa8a, 0xe7aa90, 0xe7aaa3, 0xe7aaac,
    0xf0a5a794, 0xe486b4, 0xe7aab9, 0xe7aabc, 0xe7aabe, 0xe486bf, 0xe7ab8c, 0xe7ab91, 0xe7aba7,
    0xe7aba8, 0xe7abb4, 0xf0a5aba4, 0xf0a5aba3, 0xe7ac87, 0xf0a5abb1, 0xe7acbd, 0xe7aca7, 0xe7acaa,
    0xe7acae, 0xe7acaf, 0xe7acb1, 0xe487a6, 0xe487b3, 0xe7adbf, 0xe7ad81, 0xe487ae, 0xe7ad95,
    0xe7adb9, 0xe7ada4, 0xe7ada6, 0xe7ada9, 0xe7adb3, 0xf0a5aeb2, 0xe48887, 0xe7ae90, 0xe7ae91,
    0xe7ae9b, 0xe4888e, 0xe7aeaf, 0xe7aeb5, 0xe7aebc, 0xe7af85, 0xe7af8a, 0xf0a5b18b, 0xf0a5b1a4,
    0xe7af94, 0xe7af96, 0xe7af9a, 0xe7afaa, 0xe7afb0, 0xe7b083, 0xe7b08b, 0xe7b08e, 0xe7b08f,
    0xe7b0a6, 0xe7b185, 0xe7b18a, 0xe7b191, 0xe7b197, 0xe7b19e, 0xe7b1a1, 0xe7b1a9, 0xe7b1ae,
    0xe7b1af, 0xe7b1b0, 0xf0a5b8ae, 0xf0a5b996, 0xf0a5b9a5, 0xe7b2a6, 0xf0a5b9a2, 0xe7b2b6,
    0xe7b2b7, 0xe7b2bf, 0xf0a5bb98, 0xe7b384, 0xf0a5bb82, 0xe7b388, 0xe7b38d, 0xf0a5bba8, 0xe7b397,
    0xf0a5bca3, 0xe7b3a6, 0xe7b3ab, 0xf0a5bd9c, 0xe7b3b5, 0xe7b483, 0xe7b489, 0xe48b86, 0xe7b492,
    0xe7b49e, 0xf0a5bfa0, 0xf0a5bf94, 0xe7b4bd, 0xe7b4be, 0xe7b580, 0xe7b587, 0xf0a6808c,
    0xf0a5bfbb, 0xe48b96, 0xe7b599, 0xe7b59a, 0xe7b5aa, 0xe7b5b0, 0xe48b9d, 0xe7b5bf, 0xf0a68097,
    0xe7b686, 0xe7b688, 0xe7b68c, 0xe7b697, 0xf0a681a0, 0xe7b69d, 0xe7b6a7, 0xe7b6aa, 0xe7b6b6,
    0xe7b6b7, 0xe7b780, 0xe7b797, 0xe7b799, 0xe7b7a6, 0xe7b7b1, 0xe7b7b9, 0xe48c82, 0xf0a683ad,
    0xefa998, 0xe7b890, 0xe7b897, 0xe7b89d, 0xe7b8a0, 0xe7b8a7, 0xe7b8ac, 0xe7b985, 0xe7b9b3,
    0xe7b9b5, 0xe7b9be, 0xe7ba86, 0xe7ba87, 0xe48cab, 0xe7ba91, 0xe7ba98, 0xe7ba9a, 0xe48d83,
    0xe7bcbc, 0xe7bcbb, 0xe7bcbe, 0xe7bd83, 0xe7bd84, 0xe7bd8f, 0xe39381, 0xf0a689b0, 0xe7bd92,
    0xf0a68a86, 0xe7bda1, 0xe7bda3, 0xe7bda4, 0xe7bdad, 0xe7bdbd, 0xe7bdbe, 0xf0a68d8c, 0xe7be90,
    0xe585bb, 0xf0a3b48e, 0xe7be96, 0xe7be9c, 0xe7bead, 0xf0a69082, 0xe7bf83, 0xe7bf8f, 0xe7bfa3,
    0xe7bfa5, 0xe7bfaf, 0xe7bfb2, 0xe88082, 0xe8808a, 0xe88088, 0xe8808e, 0xe88091, 0xe88096,
    0xe880a4, 0xe880ac, 0xe880b0, 0xe88183, 0xe881a6, 0xe881b1, 0xe881b5, 0xe881bb, 0xe88299,
    0xe8829c, 0xe882a4, 0xe882a7, 0xe882b8, 0xf0a699be, 0xe88385, 0xe88395, 0xe88398, 0xe883a6,
    0xf0a69ab0, 0xe8848d, 0xe883b5, 0xe883bb, 0xe48fae, 0xe884b5, 0xe88496, 0xe8849e, 0xe48fb0,
    0xe884a4, 0xe884a7, 0xe884ac, 0xf0a69c9d, 0xe884bd, 0xe49088, 0xe885a9, 0xe49097, 0xe88681,
    0xe4909c, 0xe88684, 0xe88685, 0xe490a2, 0xe88698, 0xe886b2, 0xe88781, 0xe88783, 0xe88796,
    0xe8879b, 0xf0a6a39d, 0xe887a4, 0xf0a6a3aa, 0xe887ac, 0xf0a6a591, 0xe887bd, 0xe887bf,
    0xf0a6a5af, 0xe88884, 0xf0a6a79d, 0xe88899, 0xe888a1, 0xe888a2, 0xf0a6a89e, 0xe888b2, 0xe888b4,
    0xe888bc, 0xe88986, 0xe88989, 0xe88985, 0xf0a6a998, 0xe8898b, 0xe491b6, 0xe8898f, 0xe491ba,
    0xe88997, 0xf0a6aa8c, 0xe8899c, 0xe889a3, 0xf0a6aab7, 0xefa99d, 0xefa99e, 0xe889b9, 0xe49291,
    0xe889bd, 0xe889bf, 0xe88a83, 0xe88a8a, 0xe88a93, 0xe88aa7, 0xe88aa8, 0xe88ab2, 0xe88ab4,
    0xe88aba, 0xe88abc, 0xe88ba2, 0xe88ba8, 0xe88bb7, 0xe88c87, 0xe88c88, 0xe88c8c, 0xe88d94,
    0xe88c9b, 0xe88c9d, 0xe88cb0, 0xe88cbc, 0xe88d84, 0xe88d97, 0xe492be, 0xe88dbf, 0xe49394,
    0xe492b3, 0xe88e8d, 0xe88e94, 0xe88e95, 0xe88e9b, 0xe88e9d, 0xe88f89, 0xe88f90, 0xe88f94,
    0xe88f9d, 0xe88fa5, 0xe88fb9, 0xe8908f, 0xe89091, 0xe89095, 0xf0a6b1b3, 0xe89097, 0xe890b9,
    0xe8918a, 0xe8918f, 0xe89191, 0xe89192, 0xe89199, 0xe8919a, 0xe8919c, 0xf0a6b39d, 0xe891a5,
    0xe891b6, 0xe891b8, 0xe891bc, 0xe89281, 0xe4948d, 0xe8939c, 0xe89297, 0xe892a6, 0xe892be,
    0xe49488, 0xe8938e, 0xe8938f, 0xe89393, 0xf0a6b9a5, 0xe893a7, 0xe893aa, 0xe893af, 0xe893b0,
    0xe893b1, 0xe893ba, 0xe893bd, 0xe8948c, 0xe8949b, 0xe894a4, 0xe894a5, 0xe894ab, 0xe894b4,
    0xe8958f, 0xe895af, 0xe494a5, 0xe49583, 0xe894be, 0xe89591, 0xe89593, 0xe8959e, 0xe895a1,
    0xe895a2, 0xf0a6be94, 0xe895bb, 0xe895bd, 0xe895bf, 0xe89681, 0xe89686, 0xe89693, 0xe8969d,
    0xe8969f, 0xf0a6bfb8, 0xf0a6bfb6, 0xf0a6bfb7, 0xe896b7, 0xe896bc, 0xe89787, 0xe8978a, 0xe89798,
    0xe89799, 0xe8979f, 0xe897a1, 0xe897a6, 0xe897b6, 0xe89880, 0xe89891, 0xe8989e, 0xe898a1,
    0xe898a4, 0xe898a7, 0xf0a7848d, 0xe898b9, 0xe898bc, 0xf0a784b9, 0xe89980, 0xefa8a0, 0xe89993,
    0xe89996, 0xe899af, 0xe899b7, 0xe899ba, 0xe89a87, 0xe89a89, 0xe89a8d, 0xe89a91, 0xe89a9c,
    0xe89a9d, 0xe89aa8, 0xefa8a1, 0xe89ab1, 0xe89ab3, 0xe89b81, 0xe89b83, 0xe89b91, 0xe89b95,
    0xe89b97, 0xe89ba3, 0xe89ba6, 0xe496b8, 0xe89c85, 0xe89c87, 0xe89c8e, 0xe89c90, 0xe89c93,
    0xe89c99, 0xe89c9f, 0xe89ca1, 0xe89ca3, 0xe89cb1, 0xe89cba, 0xe89cbe, 0xe89d80, 0xe89d83,
    0xe89d91, 0xe89d98, 0xe89da4, 0xe89da5, 0xe89db2, 0xe89dbc, 0xf0a78f9b, 0xf0a78f9a, 0xe89ea7,
    0xe89e89, 0xe89e8b, 0xe89e93, 0xe89ea0, 0xf0a78fbe, 0xe497a5, 0xe89ebe, 0xf0a79090, 0xe89f81,
    0xe89f8e, 0xe89fb5, 0xe89f9f, 0xf0a79189, 0xe89fa3, 0xe89fa5, 0xe89fa6, 0xe89faa, 0xe89fab,
    0xe89fad, 0xe8a081, 0xe8a083, 0xe8a08b, 0xe8a093, 0xe8a0a8, 0xe8a0ae, 0xe8a0b2, 0xe8a0bc,
    0xe4988f, 0xe8a18a, 0xe8a198, 0xe8a19f, 0xe8a1a4, 0xf0a79895, 0xf0a79894, 0xe8a1a9, 0xf0a798b1,
    0xe8a1af, 0xe8a2a0, 0xe8a2bc, 0xe8a2bd, 0xe8a2be, 0xe8a380, 0xe8a392, 0xf0a79a93, 0xe8a391,
    0xe8a393, 0xe8a39b, 0xe8a3b0, 0xe8a3b1, 0xe49981, 0xe8a481, 0xf0a79c8e, 0xe8a4b7, 0xf0a79ca3,
    0xe8a582, 0xe8a585, 0xe8a589, 0xf0a79d92, 0xe499a5, 0xe8a5a2, 0xe8a680, 0xe8a689, 0xe8a690,
    0xe8a69f, 0xe8a6b0, 0xe8a6b7, 0xe8a796, 0xe8a798, 0xe8a7ab, 0xe49aa1, 0xe8a7b1, 0xe8a7b3,
    0xe8a7bd, 0xe8a7bf, 0xe49aaf, 0xe8a891, 0xe8a894, 0xf0a7a685, 0xe8a8a1, 0xe8a8b5, 0xe8a8be,
    0xe8a985, 0xe8a98d, 0xe8a998, 0xe8aaae, 0xe8aa90, 0xe8aab7, 0xe8aabe, 0xe8ab97, 0xe8abbc,
    0xf0a7aa84, 0xe8ac8a, 0xe8ac85, 0xe8ac8d, 0xe8ac9c, 0xe8ac9f, 0xe8acad, 0xe8ad83, 0xe49c8c,
    0xe8ad91, 0xe8ad9e, 0xe8adb6, 0xe8adbf, 0xe8ae81, 0xe8ae8b, 0xe8ae94, 0xe8ae95, 0xe8ae9c,
    0xe8ae9e, 0xe8b0b9, 0xf0a7aeb3, 0xe8b0bd, 0xf0a7aebe, 0xf0a7af87, 0xe8b185, 0xe8b187, 0xe8b18f,
    0xe8b194, 0xe8b197, 0xe8b1a9, 0xe8b1ad, 0xe8b1b3, 0xf0a7b2b8, 0xe8b293, 0xe8b292, 0xe8b299,
    0xe49da4, 0xe8b29b, 0xe8b2a4, 0xe8b396, 0xe8b395, 0xe8b399, 0xf0a7b6a0, 0xe8b3b0, 0xe8b3b1,
    0xf0a7b890, 0xe8b489, 0xe8b48e, 0xe8b5ac, 0xe8b684, 0xe8b695, 0xe8b6a6, 0xf0a7beb7, 0xe8b786,
    0xe8b788, 0xe8b799, 0xe8b7ac, 0xe8b88c, 0xe49fbd, 0xe8b7bd, 0xe8b886, 0xf0a8828a, 0xe8b894,
    0xe8b896, 0xe8b8a1, 0xe8b8a2, 0xe8b8a7, 0xf0a882bb, 0xe4a096, 0xe8b8b6, 0xe8b8b9, 0xe8b98b,
    0xe8b994, 0xe8b9a2, 0xe8b9ac, 0xe8b9ad, 0xe8b9af, 0xe8ba98, 0xe8ba9e, 0xe8baae, 0xe8bab3,
    0xe8bab5, 0xe8bab6, 0xe8babb, 0xf0a88a82, 0xe8bb91, 0xe8bb94, 0xe4a18e, 0xe8bbb9, 0xf0a88bb3,
    0xe8bc80, 0xe8bc88, 0xe8bc97, 0xe8bcab, 0xe8bd80, 0xe8bd8a, 0xe8bd98, 0xf0a8908c, 0xe8bea4,
    0xe8beb4, 0xefa9a6, 0xe8beb6, 0xf0a89195, 0xe8bf81, 0xe8bf86, 0xefa8a4, 0xe8bf8a, 0xe8bf8d,
    0xe8bf93, 0xe8bf95, 0xe8bfa0, 0xe8bfb1, 0xe8bfb5, 0xe8bfbb, 0xe98082, 0xe9808c, 0xe980b7,
    0xf0a895ab, 0xe98183, 0xe98184, 0xe9819d, 0xf0a89788, 0xf0a89789, 0xe98285, 0xe9828c, 0xe98290,
    0xe9989d, 0xe982a1, 0xe4a2b5, 0xe982b0, 0xe982b6, 0xe98383, 0xe98388, 0xf0a89b97, 0xe9839c,
    0xe9839f, 0xf0a89bba, 0xe983b6, 0xe983b2, 0xe98480, 0xe983ab, 0xe983be, 0xe983bf, 0xe98484,
    0xe98486, 0xe98498, 0xe9849c, 0xe9849e, 0xe984b7, 0xe984b9, 0xe984ba, 0xe98586, 0xe98587,
    0xe98597, 0xe98599, 0xe985a1, 0xe985a4, 0xe985b4, 0xe985b9, 0xe98685, 0xe9868e, 0xe986a8,
    0xe986ae, 0xe986b3, 0xe986b6, 0xe98783, 0xe98784, 0xe9879a, 0xf0a8a589, 0xf0a8a586, 0xe987ac,
    0xe987ae, 0xe98881, 0xe9888a, 0xe98896, 0xe98897, 0xf0a8a5ab, 0xe988b3, 0xe98982, 0xe98987,
    0xe9898a, 0xe9898e, 0xe98991, 0xe98996, 0xe98999, 0xe989a0, 0xe989a1, 0xe989a5, 0xe989a7,
    0xe989a8, 0xf0a8a687, 0xf0a8a688, 0xe989bc, 0xe989bd, 0xe989bf, 0xe98a89, 0xe98a8d, 0xe98a97,
    0xe98a99, 0xe98a9f, 0xe98aa7, 0xe98aab, 0xf0a8a6ba, 0xf0a8a6bb, 0xe98ab2, 0xe98abf, 0xe98b80,
    0xe98b86, 0xe98b8e, 0xe98b90, 0xe98b97, 0xe98b99, 0xe98ba5, 0xe98ba7, 0xe98c91, 0xf0a8a89e,
    0xf0a8a8a9, 0xe98bb7, 0xe98bb9, 0xe98bbb, 0xe98c82, 0xe98c8d, 0xe98c95, 0xe98c9d, 0xe98c9e,
    0xe98ca7, 0xe98ca9, 0xf0a8a9b1, 0xf0a8a983, 0xe98d87, 0xe98d91, 0xe98d97, 0xe98d9a, 0xe98dab,
    0xe98db1, 0xe98db3, 0xe98ea1, 0xf0a8aa99, 0xf0a8ab8d, 0xe98e88, 0xe98e8b, 0xe98e8f, 0xe98e9e,
    0xe98fb5, 0xf0a8aba4, 0xf0a8ab9d, 0xe98fb1, 0xe98f81, 0xe98f87, 0xe98f9c, 0xe98fa2, 0xe98fa7,
    0xe99089, 0xe9908f, 0xe99096, 0xe99097, 0xe98fbb, 0xe990b2, 0xe990b4, 0xe990bb, 0xe99185,
    0xf0a8af81, 0xf0a8afaf, 0xe991ad, 0xe991af, 0xe995b8, 0xe995b9, 0xe99686, 0xe9968c, 0xe9968d,
    0xf0a8b490, 0xe996ab, 0xe996b4, 0xf0a8b5b1, 0xe99788, 0xf0a8b7bb, 0xf0a8b89f, 0xe998ac,
    0xe998b3, 0xe998b4, 0xf0a8b8b6, 0xe998bc, 0xe99981, 0xe999a1, 0xf0a8ba89, 0xe99a82, 0xf0a8bbab,
    0xe99a9a, 0xf0a8bcb2, 0xe4a7a7, 0xe99aa9, 0xe99aaf, 0xe99ab3, 0xe99aba, 0xe99abd, 0xe4a7ba,
    0xf0a8bfb8, 0xe99b98, 0xe99b9a, 0xe99b9d, 0xe4a884, 0xe99c94, 0xe99ca3, 0xe4a8a9, 0xe99cb6,
    0xe99d81, 0xe99d87, 0xe99d95, 0xe99d97, 0xe99d9b, 0xe99daa, 0xf0a98aa0, 0xf0a98ab1, 0xe99e96,
    0xe99e9a, 0xe99e9e, 0xe99ea2, 0xe99eb1, 0xe99eb2, 0xe99ebe, 0xe99f8c, 0xe99f91, 0xe99f94,
    0xe99f98, 0xe99f99, 0xe99fa1, 0xe99fb1, 0xe9a084, 0xe9a08d, 0xe9a08e, 0xe9a094, 0xe9a096,
    0xe4aabc, 0xf0a99290, 0xe9a0a3, 0xe9a0b2, 0xe9a0b3, 0xe9a0a5, 0xe9a187, 0xe9a1a6, 0xe9a2ab,
    0xe9a2ad, 0xe9a2b0, 0xf0a9978f, 0xe9a2b7, 0xe9a2b8, 0xe9a2bb, 0xe9a2bc, 0xe9a2bf, 0xe9a382,
    0xe9a387, 0xe9a38b, 0xe9a3a0, 0xf0a999bf, 0xe9a3a1, 0xe9a3a3, 0xe9a3a5, 0xe9a3aa, 0xe9a3b0,
    0xe9a3b1, 0xe9a3b3, 0xe9a488, 0xe4acbb, 0xf0a99bb0, 0xe9a496, 0xe9a497, 0xf0a99c99, 0xe9a49a,
    0xe9a49b, 0xe9a49c, 0xf0a99d90, 0xe9a4b1, 0xe9a4b2, 0xe9a4b3, 0xe9a4ba, 0xe9a4bb, 0xe9a4bc,
    0xe9a580, 0xe9a581, 0xe9a586, 0xe9a58d, 0xe9a58e, 0xe9a59c, 0xe9a59f, 0xe9a5a0, 0xe9a6a3,
    0xe9a6a6, 0xe9a6b9, 0xe9a6bd, 0xe9a6bf, 0xe9a783, 0xe9a789, 0xe9a794, 0xe9a799, 0xe9a79e,
    0xf0a9a386, 0xe9a7b0, 0xe9a7b9, 0xe9a7bc, 0xe9a88a, 0xe9a891, 0xe9a896, 0xe9a89a, 0xe9a8a0,
    0xe9a8b1, 0xe9a8b6, 0xe9a984, 0xe9a98c, 0xe9a998, 0xe4af82, 0xe9aaaf, 0xe4af8a, 0xe9aab7,
    0xe4af92, 0xe9aab9, 0xf0a9a9b2, 0xe9ab86, 0xe9ab90, 0xe9ab92, 0xe9ab95, 0xe4afa8, 0xe9ab9c,
    0xe9aba0, 0xe9aba5, 0xe9aba9, 0xe9ac83, 0xe9ac8c, 0xe9ac90, 0xe9ac92, 0xe9ac96, 0xe9ac9c,
    0xe9acab, 0xe9acb3, 0xe9acbd, 0xe4b0a0, 0xe9ad8b, 0xe9ada3, 0xe9ada5, 0xe9adab, 0xe9adac,
    0xe9adb3, 0xe9adb6, 0xe9adb7, 0xe9aea6, 0xe9aeac, 0xe9aeb1, 0xf0a9b79b, 0xf0a9b8bd, 0xe9aeb2,
    0xe9aeb8, 0xe9aebe, 0xe9af87, 0xe9afb3, 0xe9af98, 0xe9af9d, 0xe9afa7, 0xe9afaa, 0xe9afab,
    0xe9afaf, 0xe9afae, 0xf0a9b895, 0xe9afba, 0xf0a9ba8a, 0xe9afb7, 0xf0a9b989, 0xe9b096, 0xe9b098,
    0xe9b099, 0xe9b09a, 0xe9b09d, 0xe9b0a2, 0xe9b0a7, 0xe9b0a9, 0xe9b0aa, 0xf0a9bb84, 0xe9b0b1,
    0xe9b0b6, 0xe9b0b7, 0xe9b185, 0xe9b19c, 0xf0a9bba9, 0xe9b189, 0xe9b18a, 0xf0a9bb9b, 0xe9b194,
    0xe9b198, 0xe9b19b, 0xe9b19d, 0xe9b19f, 0xe9b1a9, 0xe9b1aa, 0xe9b1ab, 0xe9b1ad, 0xe9b1ae,
    0xe9b1b0, 0xe9b1b2, 0xe9b1b5, 0xe9b1ba, 0xe9b3a6, 0xe9b3b2, 0xe9b48b, 0xe9b482, 0xf0a9bf8e,
    0xe9b491, 0xe9b497, 0xe9b498, 0xf0aa80af, 0xe4b384, 0xf0aa809a, 0xe9b4b2, 0xe4b391, 0xe9b582,
    0xe9b58a, 0xe9b59f, 0xe9b5a2, 0xf0aa83b9, 0xe9b5a9, 0xe9b5ab, 0xf0aa8282, 0xe9b5b3, 0xe9b5b6,
    0xe9b5b7, 0xe9b5be, 0xe9b684, 0xe9b68d, 0xe9b699, 0xe9b6a1, 0xe9b6bf, 0xe9b6b5, 0xe9b6b9,
    0xe9b6bd, 0xe9b783, 0xe9b787, 0xe9b789, 0xe9b796, 0xe9b79a, 0xe9b79f, 0xe9b7a0, 0xe9b7a3,
    0xe9b7b4, 0xe4b487, 0xe9b88a, 0xe9b882, 0xe9b88d, 0xe9b899, 0xe9b89c, 0xe9b89d, 0xe9b9bb,
    0xf0a28898, 0xe9ba80, 0xe9ba85, 0xe9ba9b, 0xe9baa8, 0xf0aa8e8c, 0xe9babd, 0xf0aa90b7, 0xe9bb9f,
    0xe9bba7, 0xe9bbae, 0xe9bbbf, 0xe9bc82, 0xe4b5b7, 0xe9bc83, 0xe9bc97, 0xe9bc99, 0xe9bcaf,
    0xe9bcb7, 0xe9bcba, 0xe9bcbd, 0xe9bd81, 0xe9bd85, 0xe9bd86, 0xe9bd93, 0xe9bd95, 0xe9bd98,
    0xf0aa97b1, 0xe9bd9d, 0xf0aa9882, 0xe9bda9, 0xf0aa989a, 0xe9bdad, 0xe9bdb0, 0xe9bdb5,
    0xf0aa9ab2, 0x000000, 0x000000, 0x000000, 0x000000, 0x000000, 0x000000, 0x000000, 0x000000,
];
pub static EUC_JIS_2004_TO_UNICODE_TREE: PgMbRadixTree = PgMbRadixTree {
    chars16: &[],
    chars32: &EUC_JIS_2004_TO_UNICODE_TREE_TABLE,
    b1root: 0x71,
    b1_lower: 0x80,
    b1_upper: 0x9f,
    b2root: 0x91,
    b2_1_lower: 0x8e,
    b2_1_upper: 0xfe,
    b2_2_lower: 0xa1,
    b2_2_upper: 0xfe,
    b3root: 0x23e4,
    b3_1_lower: 0x8f,
    b3_1_upper: 0x8f,
    b3_2_lower: 0xa1,
    b3_2_upper: 0xfe,
    b3_3_lower: 0xa1,
    b3_3_upper: 0xfe,
    b4root: 0x0,
    b4_1_lower: 0x0,
    b4_1_upper: 0x0,
    b4_2_lower: 0x0,
    b4_2_upper: 0x0,
    b4_3_lower: 0x0,
    b4_3_upper: 0x0,
    b4_4_lower: 0x0,
    b4_4_upper: 0x0,
};
pub static LUMAPEUC_JIS_2004_COMBINED: [LocalToUtfCombined; 25] = [
    LocalToUtfCombined {
        code: 0xa4f7,
        utf1: 0xe3818b,
        utf2: 0xe3829a,
    },
    LocalToUtfCombined {
        code: 0xa4f8,
        utf1: 0xe3818d,
        utf2: 0xe3829a,
    },
    LocalToUtfCombined {
        code: 0xa4f9,
        utf1: 0xe3818f,
        utf2: 0xe3829a,
    },
    LocalToUtfCombined {
        code: 0xa4fa,
        utf1: 0xe38191,
        utf2: 0xe3829a,
    },
    LocalToUtfCombined {
        code: 0xa4fb,
        utf1: 0xe38193,
        utf2: 0xe3829a,
    },
    LocalToUtfCombined {
        code: 0xa5f7,
        utf1: 0xe382ab,
        utf2: 0xe3829a,
    },
    LocalToUtfCombined {
        code: 0xa5f8,
        utf1: 0xe382ad,
        utf2: 0xe3829a,
    },
    LocalToUtfCombined {
        code: 0xa5f9,
        utf1: 0xe382af,
        utf2: 0xe3829a,
    },
    LocalToUtfCombined {
        code: 0xa5fa,
        utf1: 0xe382b1,
        utf2: 0xe3829a,
    },
    LocalToUtfCombined {
        code: 0xa5fb,
        utf1: 0xe382b3,
        utf2: 0xe3829a,
    },
    LocalToUtfCombined {
        code: 0xa5fc,
        utf1: 0xe382bb,
        utf2: 0xe3829a,
    },
    LocalToUtfCombined {
        code: 0xa5fd,
        utf1: 0xe38384,
        utf2: 0xe3829a,
    },
    LocalToUtfCombined {
        code: 0xa5fe,
        utf1: 0xe38388,
        utf2: 0xe3829a,
    },
    LocalToUtfCombined {
        code: 0xa6f8,
        utf1: 0xe387b7,
        utf2: 0xe3829a,
    },
    LocalToUtfCombined {
        code: 0xabc4,
        utf1: 0xc3a6,
        utf2: 0xcc80,
    },
    LocalToUtfCombined {
        code: 0xabc8,
        utf1: 0xc994,
        utf2: 0xcc80,
    },
    LocalToUtfCombined {
        code: 0xabc9,
        utf1: 0xc994,
        utf2: 0xcc81,
    },
    LocalToUtfCombined {
        code: 0xabca,
        utf1: 0xca8c,
        utf2: 0xcc80,
    },
    LocalToUtfCombined {
        code: 0xabcb,
        utf1: 0xca8c,
        utf2: 0xcc81,
    },
    LocalToUtfCombined {
        code: 0xabcc,
        utf1: 0xc999,
        utf2: 0xcc80,
    },
    LocalToUtfCombined {
        code: 0xabcd,
        utf1: 0xc999,
        utf2: 0xcc81,
    },
    LocalToUtfCombined {
        code: 0xabce,
        utf1: 0xc99a,
        utf2: 0xcc80,
    },
    LocalToUtfCombined {
        code: 0xabcf,
        utf1: 0xc99a,
        utf2: 0xcc81,
    },
    LocalToUtfCombined {
        code: 0xabe5,
        utf1: 0xcba9,
        utf2: 0xcba5,
    },
    LocalToUtfCombined {
        code: 0xabe6,
        utf1: 0xcba5,
        utf2: 0xcba9,
    },
];
static EUC_JIS_2004_FROM_UNICODE_TREE_TABLE: [u32; 39163] = [
    0x000000, 0x000000, 0x000000, 0x000000, 0x000000, 0x000000, 0x000000, 0x000000, 0x000000,
    0x000000, 0x000000, 0x000000, 0x000000, 0x000000, 0x000000, 0x000000, 0x000000, 0x000000,
    0x000000, 0x000000, 0x000000, 0x000000, 0x000000, 0x000000, 0x000000, 0x000000, 0x000000,
    0x000000, 0x000000, 0x000000, 0x000000, 0x000000, 0x000000, 0x000000, 0x000000, 0x000000,
    0x000000, 0x000000, 0x000000, 0x000000, 0x000000, 0x000000, 0x000000, 0x000000, 0x000000,
    0x000000, 0x000000, 0x000000, 0x000000, 0x000000, 0x000000, 0x000000, 0x000000, 0x000000,
    0x000000, 0x000000, 0x000000, 0x000000, 0x000000, 0x000000, 0x000000, 0x000000, 0x000000,
    0x000000, 0x000050, 0x000090, 0x0000d0, 0x00010f, 0x00014e, 0x00018c, 0x000000, 0x0001ca,
    0x000209, 0x000242, 0x000282, 0x0002c0, 0x0002ef, 0x00032f, 0x00036e, 0x0003ae, 0x000080,
    0x000081, 0x000082, 0x000083, 0x000084, 0x000085, 0x000086, 0x000087, 0x000088, 0x000089,
    0x00008a, 0x00008b, 0x00008c, 0x00008d, 0x00008e, 0x00008f, 0x000090, 0x000091, 0x000092,
    0x000093, 0x000094, 0x000095, 0x000096, 0x000097, 0x000098, 0x000099, 0x00009a, 0x00009b,
    0x00009c, 0x00009d, 0x00009e, 0x00009f, 0x00a9a2, 0x00a9a3, 0x00a1f1, 0x00a1f2, 0x00a9a4,
    0x00a1ef, 0x00a9a5, 0x00a1f8, 0x00a1af, 0x00a9a6, 0x00a9a7, 0x00a9a8, 0x00a2cc, 0x00a9a9,
    0x00a9aa, 0x00a9ab, 0x00a1eb, 0x00a1de, 0x00a9ac, 0x00a9ad, 0x00a1ad, 0x000000, 0x00a2f9,
    0x00a9ae, 0x00a9af, 0x00a9b0, 0x00a9b1, 0x00a9b2, 0x00a9b3, 0x00a9b4, 0x00a9b5, 0x00a9b6,
    0x00a9b7, 0x00a9b8, 0x00a9b9, 0x00a9ba, 0x00a9bb, 0x00a9bc, 0x00a9bd, 0x00a9be, 0x00a9bf,
    0x00a9c0, 0x00a9c1, 0x00a9c2, 0x00a9c3, 0x00a9c4, 0x00a9c5, 0x00a9c6, 0x00a9c7, 0x00a9c8,
    0x00a9c9, 0x00a9ca, 0x00a9cb, 0x00a9cc, 0x00a9cd, 0x00a1df, 0x00a9ce, 0x00a9cf, 0x00a9d0,
    0x00a9d1, 0x00a9d2, 0x00a9d3, 0x00a9d4, 0x00a9d5, 0x00a9d6, 0x00a9d7, 0x00a9d8, 0x00a9d9,
    0x00a9da, 0x00a9db, 0x00a9dc, 0x00a9dd, 0x00a9de, 0x00a9df, 0x00a9e0, 0x00a9e1, 0x00a9e2,
    0x00a9e3, 0x00a9e4, 0x00a9e5, 0x00a9e6, 0x00a9e7, 0x00a9e8, 0x00a9e9, 0x00a9ea, 0x00a9eb,
    0x00a9ec, 0x00a1e0, 0x00a9ed, 0x00a9ee, 0x00a9ef, 0x00a9f0, 0x00a9f1, 0x00a9f2, 0x00a9f3,
    0x00a9f4, 0x00a9f5, 0x00a9fa, 0x00aaba, 0x00aac9, 0x00aaa1, 0x00aaac, 0x00aabc, 0x00aacb,
    0x00aad9, 0x00aadf, 0x000000, 0x000000, 0x00aabd, 0x00aacc, 0x00aac0, 0x00aacf, 0x000000,
    0x00aad0, 0x00a9f8, 0x00a9fd, 0x000000, 0x000000, 0x000000, 0x000000, 0x00aabe, 0x00aacd,
    0x00aabf, 0x00aace, 0x00aada, 0x00aae0, 0x000000, 0x000000, 0x000000, 0x000000, 0x000000,
    0x000000, 0x00aadb, 0x00aae1, 0x000000, 0x00aafd, 0x000000, 0x000000, 0x00a9f6, 0x00a9fb,
    0x000000, 0x000000, 0x000000, 0x000000, 0x000000, 0x000000, 0x000000, 0x000000, 0x00aadc,
    0x00aae2, 0x000000, 0x000000, 0x000000, 0x00aabb, 0x00aaca, 0x000000, 0x000000, 0x00aaa4,
    0x00aaaf, 0x000000, 0x00aaa3, 0x00aaae, 0x00aac1, 0x00aad1, 0x000000, 0x000000, 0x00aac2,
    0x00aad2, 0x000000, 0x000000, 0x00aafa, 0x00a9f9, 0x00a9fe, 0x000000, 0x000000, 0x00aac3,
    0x00aad3, 0x00abab, 0x00abaa, 0x00aab9, 0x00aac8, 0x000000, 0x000000, 0x00aac4, 0x00aad4,
    0x00aaa5, 0x00aab0, 0x00aadd, 0x00aae3, 0x00aaa7, 0x00aab3, 0x00aaa6, 0x00aab2, 0x00aac7,
    0x00aad7, 0x00aaa8, 0x00aab4, 0x000000, 0x000000, 0x000000, 0x000000, 0x00a9f7, 0x00a9fc,
    0x00aade, 0x00aae4, 0x00aac5, 0x00aad5, 0x00aac6, 0x00aad6, 0x000000, 0x000000, 0x000000,
    0x000000, 0x000000, 0x000000, 0x000000, 0x00aaa9, 0x00aab5, 0x00aaab, 0x00aab8, 0x00aaaa,
    0x00aab7, 0x000000, 0x000000, 0x000000, 0x000000, 0x000000, 0x000000, 0x000000, 0x000000,
    0x000000, 0x000000, 0x000000, 0x000000, 0x000000, 0x000000, 0x000000, 0x000000, 0x000000,
    0x000000, 0x000000, 0x00aba9, 0x000000, 0x000000, 0x000000, 0x000000, 0x000000, 0x000000,
    0x000000, 0x000000, 0x000000, 0x000000, 0x000000, 0x000000, 0x000000, 0x000000, 0x000000,
    0x000000, 0x000000, 0x000000, 0x000000, 0x000000, 0x000000, 0x000000, 0x000000, 0x000000,
    0x000000, 0x000000, 0x000000, 0x000000, 0x000000, 0x000000, 0x000000, 0x000000, 0x000000,
    0x000000, 0x000000, 0x000000, 0x000000, 0x000000, 0x000000, 0x000000, 0x000000, 0x000000,
    0x000000, 0x000000, 0x00aba4, 0x000000, 0x000000, 0x000000, 0x000000, 0x000000, 0x000000,
    0x000000, 0x000000, 0x000000, 0x000000, 0x00a8ef, 0x00a8f0, 0x000000, 0x00a8f1, 0x00a8f6,
    0x00a8f7, 0x000000, 0x00a8f8, 0x000000, 0x00a8f9, 0x000000, 0x00a8fa, 0x000000, 0x00a8fb,
    0x000000, 0x00a8fc, 0x000000, 0x000000, 0x000000, 0x000000, 0x000000, 0x000000, 0x000000,
    0x000000, 0x000000, 0x000000, 0x000000, 0x000000, 0x000000, 0x000000, 0x000000, 0x000000,
    0x000000, 0x000000, 0x000000, 0x000000, 0x000000, 0x000000, 0x000000, 0x000000, 0x000000,
    0x000000, 0x000000, 0x00a8f4, 0x00a8f5, 0x000000, 0x000000, 0x000000, 0x00abc5, 0x000000,
    0x000000, 0x000000, 0x000000, 0x000000, 0x000000, 0x000000, 0x000000, 0x000000, 0x000000,
    0x000000, 0x000000, 0x000000, 0x000000, 0x000000, 0x000000, 0x00abb3, 0x00abb9, 0x00abba,
    0x00aba5, 0x00abb8, 0x00abbf, 0x00aaee, 0x00aba6, 0x00abae, 0x00abb0, 0x00abc3, 0x000000,
    0x00abb1, 0x000000, 0x00abb2, 0x00aaf5, 0x00aba8, 0x00aaf9, 0x000000, 0x000000, 0x00abb6,
    0x00abbc, 0x00aba2, 0x00abc2, 0x00abac, 0x000000, 0x000000, 0x000000, 0x00aaea, 0x00aaf4,
    0x00aaeb, 0x00abb4, 0x00aafb, 0x00aae5, 0x00aaf6, 0x00aaef, 0x000000, 0x00abaf, 0x000000,
    0x000000, 0x000000, 0x00aaec, 0x00abc1, 0x00aaf3, 0x000000, 0x00aaf0, 0x00aae7, 0x000000,
    0x00aafc, 0x00aaf1, 0x00aae8, 0x00aba7, 0x000000, 0x000000, 0x000000, 0x00aaed, 0x00abad,
    0x00abb5, 0x00aae6, 0x00abb7, 0x00abbb, 0x00aaf8, 0x000000, 0x00aaf2, 0x00abc0, 0x00aae9,
    0x000000, 0x00aba1, 0x00aafe, 0x000000, 0x000000, 0x00aba3, 0x000000, 0x000000, 0x000000,
    0x000000, 0x00aaf7, 0x000000, 0x000000, 0x000000, 0x00abbe, 0x00abbd, 0x000000, 0x000000,
    0x000000, 0x000000, 0x000000, 0x000000, 0x000000, 0x000000, 0x000000, 0x000000, 0x000000,
    0x000000, 0x000000, 0x000000, 0x000000, 0x000000, 0x000000, 0x000000, 0x000000, 0x000000,
    0x000000, 0x000000, 0x000000, 0x000000, 0x000000, 0x000000, 0x000000, 0x000000, 0x000000,
    0x00aab1, 0x00abd3, 0x000000, 0x000000, 0x000000, 0x00abd4, 0x000000, 0x000000, 0x000000,
    0x00abd5, 0x00abd6, 0x000000, 0x000000, 0x000000, 0x000000, 0x000000, 0x000000, 0x00aaa2,
    0x00aad8, 0x000000, 0x00aaad, 0x000000, 0x00aab6, 0x00abf1, 0x000000, 0x000000, 0x000000,
    0x000000, 0x000000, 0x000000, 0x00abe0, 0x00abe1, 0x00abe2, 0x00abe3, 0x00abe4, 0x000000,
    0x000000, 0x000000, 0x000000, 0x000000, 0x000000, 0x000000, 0x000000, 0x000000, 0x000000,
    0x000000, 0x000000, 0x000000, 0x000000, 0x000000, 0x000000, 0x000000, 0x000000, 0x000000,
    0x000000, 0x000000, 0x000000, 0x00abdc, 0x00abda, 0x00abdf, 0x00abfd, 0x00abdb, 0x000000,
    0x00abd7, 0x000000, 0x00abed, 0x000000, 0x000000, 0x00abd9, 0x00abde, 0x000000, 0x000000,
    0x00abdd, 0x000000, 0x000000, 0x000000, 0x000000, 0x000000, 0x000000, 0x000000, 0x000000,
    0x00abf8, 0x00abf9, 0x00abfe, 0x000000, 0x00abea, 0x00abf6, 0x00abf7, 0x00abeb, 0x00abec,
    0x000000, 0x000000, 0x000000, 0x00abf2, 0x00abe7, 0x000000, 0x000000, 0x000000, 0x00abef,
    0x00abfa, 0x000000, 0x00abe8, 0x000000, 0x000000, 0x00abf0, 0x00abf3, 0x000000, 0x000000,
    0x000000, 0x00abf5, 0x000000, 0x000000, 0x000000, 0x000000, 0x00abe9, 0x00abfb, 0x00abfc,
    0x00abf4, 0x00abee, 0x000000, 0x000000, 0x000000, 0x000000, 0x000000, 0x000000, 0x000000,
    0x000000, 0x000000, 0x000000, 0x000000, 0x000000, 0x000000, 0x000000, 0x000000, 0x000000,
    0x000000, 0x000000, 0x000000, 0x000000, 0x000000, 0x000000, 0x000000, 0x000000, 0x000000,
    0x000000, 0x000000, 0x000000, 0x000000, 0x000000, 0x000000, 0x000000, 0x000000, 0x00abd2,
    0x000000, 0x000000, 0x000000, 0x000000, 0x000000, 0x000000, 0x000000, 0x000000, 0x000000,
    0x000000, 0x000000, 0x000000, 0x000000, 0x000000, 0x000000, 0x000000, 0x000000, 0x000000,
    0x000000, 0x000000, 0x000000, 0x000000, 0x000000, 0x000000, 0x000000, 0x000000, 0x000000,
    0x000000, 0x000000, 0x000000, 0x00a6a1, 0x00a6a2, 0x00a6a3, 0x00a6a4, 0x00a6a5, 0x00a6a6,
    0x00a6a7, 0x00a6a8, 0x00a6a9, 0x00a6aa, 0x00a6ab, 0x00a6ac, 0x00a6ad, 0x00a6ae, 0x00a6af,
    0x00a6b0, 0x00a6b1, 0x000000, 0x00a6b2, 0x00a6b3, 0x00a6b4, 0x00a6b5, 0x00a6b6, 0x00a6b7,
    0x00a6b8, 0x000000, 0x000000, 0x000000, 0x000000, 0x000000, 0x000000, 0x000000, 0x00a6c1,
    0x00a6c2, 0x00a6c3, 0x00a6c4, 0x00a6c5, 0x00a6c6, 0x00a6c7, 0x00a6c8, 0x00a6c9, 0x00a6ca,
    0x00a6cb, 0x00a6cc, 0x00a6cd, 0x00a6ce, 0x00a6cf, 0x00a6d0, 0x00a6d1, 0x00a6d9, 0x00a6d2,
    0x00a6d3, 0x00a6d4, 0x00a6d5, 0x00a6d6, 0x00a6d7, 0x00a6d8, 0x000000, 0x000000, 0x000000,
    0x000000, 0x000000, 0x000000, 0x000000, 0x000000, 0x000000, 0x000000, 0x000000, 0x000000,
    0x000000, 0x000000, 0x000000, 0x000000, 0x000000, 0x000000, 0x000000, 0x000000, 0x000000,
    0x000000, 0x000000, 0x000000, 0x000000, 0x000000, 0x000000, 0x000000, 0x000000, 0x000000,
    0x000000, 0x000000, 0x000000, 0x000000, 0x000000, 0x000000, 0x000000, 0x000000, 0x000000,
    0x000000, 0x000000, 0x000000, 0x000000, 0x000000, 0x000000, 0x000000, 0x000000, 0x000000,
    0x000000, 0x000000, 0x000000, 0x000000, 0x000000, 0x000000, 0x00a7a7, 0x000000, 0x000000,
    0x000000, 0x000000, 0x000000, 0x000000, 0x000000, 0x000000, 0x000000, 0x000000, 0x000000,
    0x000000, 0x000000, 0x000000, 0x00a7a1, 0x00a7a2, 0x00a7a3, 0x00a7a4, 0x00a7a5, 0x00a7a6,
    0x00a7a8, 0x00a7a9, 0x00a7aa, 0x00a7ab, 0x00a7ac, 0x00a7ad, 0x00a7ae, 0x00a7af, 0x00a7b0,
    0x00a7b1, 0x00a7b2, 0x00a7b3, 0x00a7b4, 0x00a7b5, 0x00a7b6, 0x00a7b7, 0x00a7b8, 0x00a7b9,
    0x00a7ba, 0x00a7bb, 0x00a7bc, 0x00a7bd, 0x00a7be, 0x00a7bf, 0x00a7c0, 0x00a7c1, 0x00a7d1,
    0x00a7d2, 0x00a7d3, 0x00a7d4, 0x00a7d5, 0x00a7d6, 0x00a7d8, 0x00a7d9, 0x00a7da, 0x00a7db,
    0x00a7dc, 0x00a7dd, 0x00a7de, 0x00a7df, 0x00a7e0, 0x00a7e1, 0x00a7e2, 0x00a7e3, 0x00a7e4,
    0x00a7e5, 0x00a7e6, 0x00a7e7, 0x00a7e8, 0x00a7e9, 0x00a7ea, 0x00a7eb, 0x00a7ec, 0x00a7ed,
    0x00a7ee, 0x00a7ef, 0x00a7f0, 0x00a7f1, 0x000000, 0x00a7d7, 0x000000, 0x000000, 0x000000,
    0x000000, 0x000000, 0x000000, 0x000000, 0x000000, 0x000000, 0x000000, 0x000000, 0x000000,
    0x000000, 0x000000, 0x000000, 0x000000, 0x000000, 0x000000, 0x000000, 0x000000, 0x000000,
    0x000000, 0x000000, 0x000000, 0x000000, 0x000000, 0x000000, 0x000000, 0x000000, 0x000000,
    0x000000, 0x000000, 0x000000, 0x000000, 0x000000, 0x000000, 0x000000, 0x000000, 0x000000,
    0x000000, 0x000000, 0x000000, 0x000000, 0x000000, 0x000000, 0x000000, 0x0003fd, 0x00043d,
    0x00047d, 0x0004bd, 0x0004fd, 0x00053d, 0x00057d, 0x0005bd, 0x0005fd, 0x000000, 0x000000,
    0x000000, 0x000000, 0x000000, 0x00063c, 0x000000, 0x000000, 0x000000, 0x000000, 0x000000,
    0x000000, 0x000000, 0x000000, 0x000000, 0x000000, 0x000000, 0x000000, 0x000000, 0x000000,
    0x000000, 0x000000, 0x000000, 0x000000, 0x000000, 0x000000, 0x000000, 0x000000, 0x000000,
    0x000000, 0x000000, 0x000000, 0x000000, 0x000000, 0x000000, 0x000000, 0x000000, 0x000000,
    0x000000, 0x000000, 0x000000, 0x000000, 0x000000, 0x000000, 0x000000, 0x000000, 0x000000,
    0x000000, 0x000000, 0x000000, 0x000000, 0x000000, 0x000000, 0x000000, 0x000000, 0x000000,
    0x000000, 0x000000, 0x000000, 0x000000, 0x000000, 0x000000, 0x00067b, 0x000000, 0x000000,
    0x000000, 0x000000, 0x0006bb, 0x000000, 0x000000, 0x0006ef, 0x00072f, 0x000743, 0x000000,
    0x000780, 0x0007b6, 0x0007f2, 0x00082e, 0x00086e, 0x0008ac, 0x0008ea, 0x00092a, 0x000965,
    0x000000, 0x00097e, 0x0009be, 0x0009db, 0x0009ff, 0x000000, 0x000a33, 0x000a73, 0x000ab3,
    0x000ad3, 0x000b13, 0x000b53, 0x000b93, 0x000000, 0x000000, 0x000bc3, 0x000bed, 0x000000,
    0x000000, 0x000000, 0x000000, 0x000000, 0x000000, 0x000c2d, 0x000000, 0x000c63, 0x000ca3,
    0x000000, 0x000000, 0x000000, 0x000000, 0x000000, 0x000000, 0x000000, 0x000000, 0x000000,
    0x000000, 0x000000, 0x000000, 0x000000, 0x000000, 0x000000, 0x000000, 0x000000, 0x000000,
    0x000000, 0x000000, 0x000000, 0x000000, 0x000000, 0x000000, 0x000ce3, 0x000d22, 0x000d62,
    0x000da2, 0x000000, 0x000000, 0x000000, 0x000de2, 0x000e22, 0x000e5c, 0x000e7c, 0x000ebc,
    0x000ef9, 0x000f35, 0x000f74, 0x000fb0, 0x000fee, 0x00101d, 0x00104b, 0x00108a, 0x0010ab,
    0x0010ce, 0x0010fd, 0x001138, 0x001173, 0x0011a9, 0x0011d8, 0x001209, 0x000000, 0x001228,
    0x00125e, 0x00129d, 0x0012dd, 0x00131d, 0x000000, 0x00133f, 0x00137a, 0x001395, 0x000000,
    0x000000, 0x000000, 0x0013c5, 0x000000, 0x0013f9, 0x00142b, 0x00144e, 0x001487, 0x0014c4,
    0x0014f5, 0x000000, 0x000000, 0x001532, 0x001561, 0x001580, 0x0015a6, 0x0015e6, 0x001621,
    0x001661, 0x00169e, 0x000000, 0x000000, 0x0016c7, 0x0016ff, 0x001736, 0x00174e, 0x001788,
    0x0017b5, 0x000000, 0x0017f0, 0x001828, 0x00184c, 0x00188c, 0x0018c5, 0x0018e1, 0x000000,
    0x00191b, 0x001959, 0x001996, 0x000000, 0x0019a8, 0x0019e0, 0x001a0d, 0x001a48, 0x001a87,
    0x001abf, 0x001afc, 0x001b1f, 0x001b58, 0x001b89, 0x001bc8, 0x001bee, 0x000000, 0x001c22,
    0x001c3e, 0x000000, 0x001c63, 0x001ca1, 0x001cdd, 0x001cec, 0x000000, 0x000000, 0x000000,
    0x001d22, 0x001d53, 0x001d8f, 0x000000, 0x001db9, 0x000000, 0x001df6, 0x000000, 0x000000,
    0x001e34, 0x001e5d, 0x000000, 0x000000, 0x001e99, 0x001ed2, 0x001edb, 0x000000, 0x000000,
    0x001f1b, 0x001f5b, 0x001f9b, 0x001fdb, 0x00201b, 0x00205a, 0x00209a, 0x0020da, 0x00211a,
    0x00215a, 0x00219a, 0x0021d9, 0x002219, 0x002259, 0x002299, 0x0022d7, 0x002317, 0x002354,
    0x002394, 0x0023d3, 0x002413, 0x002453, 0x002493, 0x0024d3, 0x002512, 0x002552, 0x002592,
    0x0025d2, 0x002612, 0x002652, 0x002692, 0x0026d2, 0x002711, 0x002751, 0x002791, 0x0027d1,
    0x002811, 0x002851, 0x002891, 0x0028d1, 0x002911, 0x002951, 0x002990, 0x0029cf, 0x002a0d,
    0x002a4c, 0x002a8b, 0x002aca, 0x002b0a, 0x002b4a, 0x002b8a, 0x002bca, 0x002c0a, 0x002c4a,
    0x002c8a, 0x002cca, 0x002d0a, 0x002d4a, 0x002d87, 0x002dc6, 0x002e04, 0x002e42, 0x002e81,
    0x002ebf, 0x002eff, 0x002f3f, 0x002f7f, 0x002fbf, 0x002fff, 0x00303f, 0x00307f, 0x0030bd,
    0x0030fd, 0x00313c, 0x00317c, 0x0031bb, 0x0031fb, 0x00323b, 0x00327a, 0x0032b9, 0x0032f9,
    0x003339, 0x003379, 0x0033b7, 0x0033f7, 0x003437, 0x003477, 0x0034b7, 0x0034f2, 0x003531,
    0x00356f, 0x0035af, 0x0035ef, 0x00362f, 0x00366e, 0x0036ae, 0x0036ee, 0x00372e, 0x00376e,
    0x0037ae, 0x0037ee, 0x00382e, 0x00386e, 0x0038ae, 0x0038ee, 0x00392e, 0x00396e, 0x0039ab,
    0x0039eb, 0x003a2b, 0x003a6b, 0x003aab, 0x003aeb, 0x003b2b, 0x003b6b, 0x003baa, 0x003be8,
    0x003c27, 0x003c67, 0x003ca7, 0x003ce7, 0x003d27, 0x003d66, 0x003da6, 0x003de6, 0x003e26,
    0x003e66, 0x003ea6, 0x003ee3, 0x003f22, 0x003f62, 0x003fa2, 0x003fe2, 0x004022, 0x004062,
    0x0040a2, 0x0040e2, 0x004121, 0x004160, 0x00419c, 0x0041da, 0x004217, 0x004257, 0x004296,
    0x0042d6, 0x004316, 0x004356, 0x004396, 0x0043d4, 0x004414, 0x004453, 0x004493, 0x0044d2,
    0x004512, 0x004551, 0x004591, 0x0045d1, 0x004611, 0x004651, 0x004691, 0x0046d1, 0x004710,
    0x004750, 0x004790, 0x0047cf, 0x00480f, 0x00484f, 0x00488f, 0x0048cd, 0x00490d, 0x00494c,
    0x00498b, 0x0049cb, 0x004a0b, 0x004a4b, 0x004a8b, 0x004acb, 0x004b0b, 0x004b4b, 0x004b8b,
    0x004bcb, 0x004c0a, 0x004c4a, 0x004c8a, 0x004cca, 0x004d0a, 0x004d49, 0x004d89, 0x004dc9,
    0x004e09, 0x004e49, 0x004e89, 0x004ec8, 0x004f07, 0x004f47, 0x000000, 0x004f64, 0x004fa3,
    0x004fe2, 0x005022, 0x005062, 0x0050a2, 0x0050e2, 0x00511f, 0x00515d, 0x00519c, 0x0051dc,
    0x00521c, 0x00525c, 0x00529c, 0x0052dc, 0x00531c, 0x00535c, 0x00539c, 0x0053dc, 0x00541c,
    0x00545b, 0x005499, 0x0054d8, 0x005518, 0x005558, 0x005598, 0x0055d8, 0x005617, 0x005657,
    0x005697, 0x0056d3, 0x005712, 0x005752, 0x005792, 0x0057d2, 0x005812, 0x005851, 0x005891,
    0x0058d1, 0x005911, 0x005950, 0x005990, 0x0059d0, 0x005a10, 0x005a50, 0x005a8f, 0x005acd,
    0x005b0d, 0x005b4d, 0x005b8c, 0x005bcc, 0x000000, 0x005beb, 0x005c2b, 0x005c69, 0x005ca9,
    0x005ce8, 0x005d04, 0x005d43, 0x005d82, 0x005dc2, 0x005e00, 0x005e3f, 0x005e7f, 0x005ebf,
    0x005eff, 0x005f24, 0x005f64, 0x005fa4, 0x005fe3, 0x006023, 0x006062, 0x0060a2, 0x0060e0,
    0x00611e, 0x00615e, 0x00619e, 0x0061de, 0x00621e, 0x00625e, 0x00629e, 0x0062da, 0x006319,
    0x006358, 0x006396, 0x0063d5, 0x006415, 0x000000, 0x000000, 0x00641e, 0x00645e, 0x00649d,
    0x0064c3, 0x006503, 0x006541, 0x006581, 0x0065c1, 0x006600, 0x00663f, 0x00667e, 0x0066be,
    0x0066fc, 0x006731, 0x006771, 0x0067b0, 0x0067f0, 0x00681a, 0x00685a, 0x00689a, 0x0068da,
    0x006906, 0x006946, 0x006984, 0x0069c3, 0x006a00, 0x006a40, 0x006a80, 0x006abf, 0x000000,
    0x006afa, 0x006b38, 0x006b78, 0x006bb7, 0x006bf7, 0x006c35, 0x006c54, 0x006c94, 0x006cd4,
    0x006d14, 0x006d53, 0x006d8b, 0x000000, 0x000000, 0x000000, 0x000000, 0x000000, 0x000000,
    0x000000, 0x000000, 0x000000, 0x000000, 0x000000, 0x000000, 0x000000, 0x000000, 0x000000,
    0x000000, 0x000000, 0x000000, 0x000000, 0x000000, 0x000000, 0x000000, 0x000000, 0x000000,
    0x000000, 0x000000, 0x000000, 0x000000, 0x000000, 0x000000, 0x000000, 0x000000, 0x000000,
    0x000000, 0x000000, 0x000000, 0x006dae, 0x006de5, 0x000000, 0x006e16, 0x006e47, 0x006e87,
    0x000000, 0x000000, 0x000000, 0x000000, 0x000000, 0x000000, 0x000000, 0x000000, 0x000000,
    0x000000, 0x000000, 0x000000, 0x000000, 0x000000, 0x000000, 0x006ec2, 0x000000, 0x000000,
    0x006f01, 0x006f41, 0x006f81, 0x000000, 0x000000, 0x000000, 0x000000, 0x000000, 0x000000,
    0x000000, 0x000000, 0x000000, 0x000000, 0x000000, 0x000000, 0x000000, 0x000000, 0x000000,
    0x000000, 0x000000, 0x000000, 0x000000, 0x000000, 0x000000, 0x000000, 0x000000, 0x000000,
    0x000000, 0x000000, 0x000000, 0x000000, 0x000000, 0x000000, 0x000000, 0x000000, 0x000000,
    0x000000, 0x000000, 0x000000, 0x000000, 0x000000, 0x000000, 0x000000, 0x000000, 0x000000,
    0x000000, 0x000000, 0x000000, 0x000000, 0x000000, 0x000000, 0x000000, 0x000000, 0x000000,
    0x000000, 0x000000, 0x000000, 0x000000, 0x000000, 0x000000, 0x000000, 0x000000, 0x000000,
    0x000000, 0x000000, 0x00a8f2, 0x00a8f3, 0x000000, 0x000000, 0x000000, 0x000000, 0x000000,
    0x000000, 0x000000, 0x000000, 0x000000, 0x000000, 0x000000, 0x000000, 0x000000, 0x000000,
    0x000000, 0x000000, 0x000000, 0x000000, 0x000000, 0x000000, 0x000000, 0x000000, 0x000000,
    0x000000, 0x000000, 0x000000, 0x000000, 0x000000, 0x000000, 0x000000, 0x000000, 0x000000,
    0x000000, 0x000000, 0x000000, 0x000000, 0x000000, 0x000000, 0x000000, 0x000000, 0x000000,
    0x000000, 0x000000, 0x000000, 0x000000, 0x000000, 0x000000, 0x000000, 0x00abc6, 0x00abc7,
    0x00abd0, 0x00abd1, 0x000000, 0x000000, 0x000000, 0x000000, 0x000000, 0x000000, 0x000000,
    0x000000, 0x000000, 0x000000, 0x000000, 0x000000, 0x000000, 0x000000, 0x000000, 0x000000,
    0x00a1be, 0x000000, 0x000000, 0x00a3fc, 0x00a1bd, 0x000000, 0x00a1c2, 0x000000, 0x00a1c6,
    0x00a1c7, 0x000000, 0x000000, 0x00a1c8, 0x00a1c9, 0x000000, 0x000000, 0x00a2f7, 0x00a2f8,
    0x00a3c0, 0x000000, 0x000000, 0x00a1c5, 0x00a1c4, 0x000000, 0x000000, 0x000000, 0x000000,
    0x000000, 0x000000, 0x000000, 0x000000, 0x000000, 0x00a2f3, 0x000000, 0x00a1ec, 0x00a1ed,
    0x000000, 0x000000, 0x000000, 0x000000, 0x000000, 0x000000, 0x000000, 0x00a2a8, 0x00a8eb,
    0x000000, 0x00a1b1, 0x00abd8, 0x000000, 0x000000, 0x00acfe, 0x000000, 0x000000, 0x000000,
    0x000000, 0x00a8ec, 0x00a8ed, 0x00a8ee, 0x000000, 0x000000, 0x000000, 0x000000, 0x000000,
    0x000000, 0x000000, 0x00acfd, 0x000000, 0x000000, 0x000000, 0x000000, 0x000000, 0x000000,
    0x000000, 0x000000, 0x000000, 0x000000, 0x000000, 0x000000, 0x000000, 0x000000, 0x000000,
    0x000000, 0x000000, 0x000000, 0x000000, 0x000000, 0x000000, 0x000000, 0x000000, 0x000000,
    0x000000, 0x000000, 0x000000, 0x000000, 0x000000, 0x000000, 0x000000, 0x000000, 0x000000,
    0x000000, 0x000000, 0x000000, 0x000000, 0x000000, 0x000000, 0x000000, 0x000000, 0x000000,
    0x000000, 0x000000, 0x000000, 0x000000, 0x00a9a1, 0x000000, 0x000000, 0x000000, 0x000000,
    0x000000, 0x000000, 0x000000, 0x000000, 0x000000, 0x000000, 0x000000, 0x000000, 0x000000,
    0x000000, 0x000000, 0x000000, 0x000000, 0x000000, 0x000000, 0x00a1ee, 0x000000, 0x000000,
    0x000000, 0x000000, 0x000000, 0x000000, 0x000000, 0x000000, 0x000000, 0x000000, 0x000000,
    0x00a3dd, 0x000000, 0x000000, 0x000000, 0x00a3df, 0x000000, 0x000000, 0x00ade2, 0x000000,
    0x000000, 0x000000, 0x000000, 0x000000, 0x000000, 0x000000, 0x000000, 0x000000, 0x000000,
    0x00ade4, 0x000000, 0x000000, 0x000000, 0x000000, 0x000000, 0x00a3e0, 0x000000, 0x000000,
    0x000000, 0x00a2f2, 0x000000, 0x000000, 0x000000, 0x000000, 0x000000, 0x000000, 0x000000,
    0x000000, 0x000000, 0x00a3dc, 0x000000, 0x000000, 0x000000, 0x000000, 0x000000, 0x000000,
    0x000000, 0x000000, 0x000000, 0x000000, 0x000000, 0x000000, 0x000000, 0x000000, 0x000000,
    0x000000, 0x000000, 0x000000, 0x000000, 0x00a7f8, 0x00a7f9, 0x00a7fa, 0x000000, 0x000000,
    0x000000, 0x000000, 0x000000, 0x000000, 0x000000, 0x000000, 0x000000, 0x000000, 0x00adb5,
    0x00adb6, 0x00adb7, 0x00adb8, 0x00adb9, 0x00adba, 0x00adbb, 0x00adbc, 0x00adbd, 0x00adbe,
    0x00adbf, 0x00add7, 0x000000, 0x000000, 0x000000, 0x000000, 0x00acb5, 0x00acb6, 0x00acb7,
    0x00acb8, 0x00acb9, 0x00acba, 0x00acbb, 0x00acbc, 0x00acbd, 0x00acbe, 0x00acbf, 0x00acc0,
    0x000000, 0x000000, 0x000000, 0x000000, 0x000000, 0x000000, 0x000000, 0x000000, 0x000000,
    0x000000, 0x000000, 0x000000, 0x000000, 0x000000, 0x000000, 0x000000, 0x00a2ab, 0x00a2ac,
    0x00a2aa, 0x00a2ad, 0x00a2f1, 0x000000, 0x00a3a7, 0x00a3a5, 0x00a3a6, 0x00a3a8, 0x000000,
    0x000000, 0x000000, 0x000000, 0x000000, 0x000000, 0x000000, 0x000000, 0x000000, 0x000000,
    0x000000, 0x000000, 0x000000, 0x000000, 0x000000, 0x000000, 0x000000, 0x000000, 0x000000,
    0x000000, 0x000000, 0x000000, 0x000000, 0x000000, 0x000000, 0x000000, 0x000000, 0x000000,
    0x000000, 0x000000, 0x000000, 0x000000, 0x000000, 0x000000, 0x000000, 0x000000, 0x000000,
    0x000000, 0x00a3a9, 0x000000, 0x000000, 0x000000, 0x000000, 0x000000, 0x000000, 0x000000,
    0x000000, 0x000000, 0x000000, 0x000000, 0x000000, 0x000000, 0x00a2cd, 0x000000, 0x00a2ce,
    0x000000, 0x000000, 0x000000, 0x000000, 0x000000, 0x000000, 0x000000, 0x000000, 0x000000,
    0x000000, 0x000000, 0x000000, 0x000000, 0x000000, 0x000000, 0x000000, 0x000000, 0x00a3ab,
    0x00a3ac, 0x00a3aa, 0x00a3ad, 0x000000, 0x000000, 0x000000, 0x000000, 0x000000, 0x000000,
    0x000000, 0x000000, 0x000000, 0x000000, 0x000000, 0x000000, 0x000000, 0x000000, 0x000000,
    0x000000, 0x000000, 0x000000, 0x000000, 0x000000, 0x000000, 0x000000, 0x00a2cf, 0x000000,
    0x00a2df, 0x00a2d0, 0x000000, 0x00a2c7, 0x000000, 0x00a2e0, 0x00a2ba, 0x00a2c6, 0x000000,
    0x00a2bb, 0x000000, 0x000000, 0x000000, 0x000000, 0x000000, 0x000000, 0x00a1dd, 0x00a3db,
    0x000000, 0x000000, 0x000000, 0x000000, 0x000000, 0x000000, 0x00a2e5, 0x000000, 0x000000,
    0x00a2e7, 0x00a1e7, 0x00adf8, 0x00a2dc, 0x000000, 0x000000, 0x000000, 0x000000, 0x00a2d4,
    0x00a2d5, 0x00a2ca, 0x00a2cb, 0x00a2c1, 0x00a2c0, 0x00a2e9, 0x00a2ea, 0x000000, 0x00adf3,
    0x000000, 0x000000, 0x000000, 0x000000, 0x000000, 0x00a1e8, 0x00a2e8, 0x000000, 0x000000,
    0x000000, 0x000000, 0x000000, 0x000000, 0x000000, 0x00a2e6, 0x000000, 0x000000, 0x000000,
    0x00a2ec, 0x000000, 0x00a2ed, 0x000000, 0x000000, 0x00a2ee, 0x000000, 0x000000, 0x000000,
    0x000000, 0x000000, 0x000000, 0x000000, 0x000000, 0x000000, 0x00a2e2, 0x000000, 0x000000,
    0x000000, 0x000000, 0x000000, 0x000000, 0x000000, 0x000000, 0x000000, 0x000000, 0x000000,
    0x000000, 0x000000, 0x00a1e2, 0x00a2e1, 0x00a2eb, 0x000000, 0x000000, 0x000000, 0x00a1e5,
    0x00a1e6, 0x000000, 0x000000, 0x00a2e3, 0x00a2e4, 0x000000, 0x000000, 0x000000, 0x000000,
    0x000000, 0x000000, 0x000000, 0x000000, 0x000000, 0x000000, 0x00a2ef, 0x00a2f0, 0x000000,
    0x000000, 0x000000, 0x000000, 0x000000, 0x000000, 0x000000, 0x000000, 0x00a2be, 0x00a2bf,
    0x00a2c2, 0x00a2c3, 0x00a2bc, 0x00a2bd, 0x000000, 0x000000, 0x00a2c4, 0x00a2c5, 0x000000,
    0x000000, 0x000000, 0x000000, 0x000000, 0x000000, 0x000000, 0x000000, 0x000000, 0x00a2d1,
    0x00a2d2, 0x00a2d3, 0x000000, 0x000000, 0x000000, 0x000000, 0x000000, 0x000000, 0x000000,
    0x000000, 0x000000, 0x000000, 0x000000, 0x000000, 0x000000, 0x00a2dd, 0x000000, 0x000000,
    0x000000, 0x000000, 0x000000, 0x000000, 0x000000, 0x000000, 0x000000, 0x000000, 0x000000,
    0x000000, 0x000000, 0x000000, 0x000000, 0x000000, 0x000000, 0x000000, 0x000000, 0x000000,
    0x000000, 0x000000, 0x000000, 0x000000, 0x000000, 0x00adf9, 0x000000, 0x000000, 0x000000,
    0x000000, 0x000000, 0x000000, 0x000000, 0x000000, 0x000000, 0x000000, 0x000000, 0x000000,
    0x000000, 0x000000, 0x000000, 0x000000, 0x000000, 0x000000, 0x000000, 0x000000, 0x000000,
    0x000000, 0x000000, 0x000000, 0x000000, 0x000000, 0x00a7f6, 0x00a7f7, 0x000000, 0x000000,
    0x000000, 0x000000, 0x000000, 0x000000, 0x000000, 0x000000, 0x000000, 0x000000, 0x000000,
    0x000000, 0x000000, 0x000000, 0x000000, 0x000000, 0x000000, 0x000000, 0x000000, 0x000000,
    0x000000, 0x000000, 0x000000, 0x000000, 0x000000, 0x000000, 0x000000, 0x000000, 0x000000,
    0x000000, 0x000000, 0x000000, 0x000000, 0x000000, 0x000000, 0x000000, 0x00a2c8, 0x00a2c9,
    0x000000, 0x000000, 0x000000, 0x000000, 0x000000, 0x000000, 0x000000, 0x000000, 0x000000,
    0x000000, 0x000000, 0x00a2de, 0x000000, 0x000000, 0x000000, 0x000000, 0x000000, 0x00a7fc,
    0x000000, 0x000000, 0x000000, 0x000000, 0x000000, 0x000000, 0x000000, 0x000000, 0x000000,
    0x000000, 0x000000, 0x000000, 0x000000, 0x000000, 0x000000, 0x000000, 0x000000, 0x000000,
    0x000000, 0x000000, 0x000000, 0x000000, 0x000000, 0x000000, 0x000000, 0x000000, 0x000000,
    0x000000, 0x000000, 0x000000, 0x000000, 0x000000, 0x000000, 0x000000, 0x000000, 0x000000,
    0x000000, 0x000000, 0x000000, 0x000000, 0x000000, 0x000000, 0x000000, 0x000000, 0x000000,
    0x000000, 0x000000, 0x000000, 0x000000, 0x000000, 0x000000, 0x000000, 0x000000, 0x000000,
    0x000000, 0x000000, 0x000000, 0x000000, 0x000000, 0x000000, 0x000000, 0x000000, 0x00a7c2,
    0x00a7c3, 0x00a7c4, 0x00a7c5, 0x00a7c6, 0x00a7c7, 0x00a7c8, 0x00a7c9, 0x00a7ca, 0x00a7cb,
    0x00a7cc, 0x00a7cd, 0x00a7ce, 0x00a7cf, 0x00a7d0, 0x000000, 0x00a7fe, 0x000000, 0x000000,
    0x000000, 0x000000, 0x000000, 0x000000, 0x000000, 0x000000, 0x000000, 0x000000, 0x000000,
    0x000000, 0x000000, 0x000000, 0x000000, 0x000000, 0x000000, 0x000000, 0x000000, 0x000000,
    0x000000, 0x000000, 0x000000, 0x000000, 0x000000, 0x000000, 0x000000, 0x000000, 0x000000,
    0x000000, 0x000000, 0x000000, 0x000000, 0x000000, 0x000000, 0x000000, 0x000000, 0x000000,
    0x000000, 0x000000, 0x000000, 0x000000, 0x000000, 0x000000, 0x000000, 0x000000, 0x000000,
    0x000000, 0x000000, 0x00a7fd, 0x000000, 0x000000, 0x000000, 0x000000, 0x000000, 0x000000,
    0x000000, 0x000000, 0x000000, 0x000000, 0x000000, 0x000000, 0x000000, 0x000000, 0x000000,
    0x000000, 0x000000, 0x000000, 0x000000, 0x000000, 0x000000, 0x000000, 0x000000, 0x000000,
    0x000000, 0x000000, 0x000000, 0x000000, 0x000000, 0x000000, 0x000000, 0x000000, 0x00ada1,
    0x00ada2, 0x00ada3, 0x00ada4, 0x00ada5, 0x00ada6, 0x00ada7, 0x00ada8, 0x00ada9, 0x00adaa,
    0x00adab, 0x00adac, 0x00adad, 0x00adae, 0x00adaf, 0x00adb0, 0x00adb1, 0x00adb2, 0x00adb3,
    0x00adb4, 0x000000, 0x000000, 0x000000, 0x000000, 0x000000, 0x000000, 0x000000, 0x000000,
    0x000000, 0x000000, 0x000000, 0x000000, 0x000000, 0x000000, 0x000000, 0x000000, 0x00acc1,
    0x00acc2, 0x00acc3, 0x00acc4, 0x00acc5, 0x00acc6, 0x00acc7, 0x00acc8, 0x00acc9, 0x00acca,
    0x00accb, 0x00accc, 0x00accd, 0x00acce, 0x00accf, 0x00acd0, 0x00acd1, 0x00acd2, 0x00acd3,
    0x00acd4, 0x00acd5, 0x00acd6, 0x00acd7, 0x00acd8, 0x00acd9, 0x00acda, 0x000000, 0x00acab,
    0x00acac, 0x00acad, 0x00acae, 0x00acaf, 0x00acb0, 0x00acb1, 0x00acb2, 0x00acb3, 0x00acb4,
    0x00a6da, 0x00a6db, 0x00a6dc, 0x00a6dd, 0x00a6de, 0x00a6df, 0x00a6e0, 0x00a6e1, 0x00a6e2,
    0x00a6e3, 0x000000, 0x00a8a1, 0x00a8ac, 0x00a8a2, 0x00a8ad, 0x000000, 0x000000, 0x000000,
    0x000000, 0x000000, 0x000000, 0x000000, 0x000000, 0x00a8a3, 0x000000, 0x000000, 0x00a8ae,
    0x00a8a4, 0x000000, 0x000000, 0x00a8af, 0x00a8a6, 0x000000, 0x000000, 0x00a8b1, 0x00a8a5,
    0x000000, 0x000000, 0x00a8b0, 0x00a8a7, 0x00a8bc, 0x000000, 0x000000, 0x00a8b7, 0x000000,
    0x000000, 0x00a8b2, 0x00a8a9, 0x00a8be, 0x000000, 0x000000, 0x00a8b9, 0x000000, 0x000000,
    0x00a8b4, 0x00a8a8, 0x000000, 0x000000, 0x00a8b8, 0x00a8bd, 0x000000, 0x000000, 0x00a8b3,
    0x00a8aa, 0x000000, 0x000000, 0x00a8ba, 0x00a8bf, 0x000000, 0x000000, 0x00a8b5, 0x00a8ab,
    0x000000, 0x000000, 0x00a8bb, 0x000000, 0x000000, 0x00a8c0, 0x000000, 0x000000, 0x000000,
    0x000000, 0x000000, 0x000000, 0x000000, 0x000000, 0x00a8b6, 0x000000, 0x000000, 0x000000,
    0x000000, 0x000000, 0x000000, 0x000000, 0x000000, 0x000000, 0x000000, 0x000000, 0x000000,
    0x000000, 0x000000, 0x000000, 0x000000, 0x000000, 0x000000, 0x000000, 0x000000, 0x000000,
    0x000000, 0x000000, 0x000000, 0x000000, 0x000000, 0x000000, 0x000000, 0x000000, 0x000000,
    0x000000, 0x000000, 0x000000, 0x000000, 0x000000, 0x000000, 0x000000, 0x000000, 0x000000,
    0x000000, 0x000000, 0x000000, 0x000000, 0x000000, 0x000000, 0x000000, 0x000000, 0x000000,
    0x000000, 0x000000, 0x000000, 0x000000, 0x00a2a3, 0x00a2a2, 0x000000, 0x000000, 0x000000,
    0x000000, 0x000000, 0x000000, 0x000000, 0x000000, 0x000000, 0x000000, 0x000000, 0x000000,
    0x000000, 0x000000, 0x000000, 0x00a6ed, 0x00a2a5, 0x00a2a4, 0x000000, 0x000000, 0x00a3a2,
    0x00a3a1, 0x000000, 0x000000, 0x000000, 0x000000, 0x00a2a7, 0x00a2a6, 0x000000, 0x000000,
    0x00a3a4, 0x00a3a3, 0x000000, 0x000000, 0x000000, 0x000000, 0x00a2a1, 0x00a1fe, 0x000000,
    0x00a3bb, 0x000000, 0x00a1fb, 0x000000, 0x000000, 0x00a1fd, 0x00a1fc, 0x00a8e7, 0x00a8e8,
    0x00a8e9, 0x00a8ea, 0x000000, 0x000000, 0x000000, 0x000000, 0x000000, 0x000000, 0x000000,
    0x000000, 0x000000, 0x000000, 0x000000, 0x000000, 0x000000, 0x000000, 0x000000, 0x000000,
    0x000000, 0x000000, 0x00a3bf, 0x000000, 0x000000, 0x000000, 0x000000, 0x000000, 0x000000,
    0x000000, 0x000000, 0x00a2fe, 0x000000, 0x000000, 0x000000, 0x000000, 0x000000, 0x000000,
    0x000000, 0x000000, 0x000000, 0x000000, 0x000000, 0x000000, 0x000000, 0x000000, 0x000000,
    0x000000, 0x00a6e8, 0x00a6e9, 0x00a6ea, 0x00a6eb, 0x000000, 0x00a1fa, 0x00a1f9, 0x000000,
    0x000000, 0x000000, 0x000000, 0x000000, 0x000000, 0x000000, 0x00a6e7, 0x000000, 0x000000,
    0x000000, 0x000000, 0x000000, 0x000000, 0x000000, 0x00a6e4, 0x00a6e5, 0x000000, 0x000000,
    0x000000, 0x000000, 0x000000, 0x000000, 0x00adfe, 0x000000, 0x000000, 0x000000, 0x000000,
    0x000000, 0x000000, 0x000000, 0x000000, 0x000000, 0x000000, 0x000000, 0x000000, 0x000000,
    0x000000, 0x000000, 0x000000, 0x000000, 0x000000, 0x000000, 0x000000, 0x000000, 0x000000,
    0x000000, 0x000000, 0x000000, 0x000000, 0x000000, 0x000000, 0x000000, 0x000000, 0x000000,
    0x000000, 0x000000, 0x00a1ea, 0x000000, 0x00a1e9, 0x000000, 0x000000, 0x000000, 0x000000,
    0x000000, 0x000000, 0x000000, 0x000000, 0x000000, 0x000000, 0x000000, 0x000000, 0x000000,
    0x000000, 0x000000, 0x000000, 0x000000, 0x000000, 0x000000, 0x000000, 0x000000, 0x000000,
    0x000000, 0x000000, 0x000000, 0x000000, 0x000000, 0x000000, 0x000000, 0x00a6ba, 0x00a6bd,
    0x00a6bb, 0x00a6c0, 0x00a6b9, 0x00a6be, 0x00a6bc, 0x00a6bf, 0x00a6ec, 0x00a2fd, 0x00a2f6,
    0x00a2fb, 0x00a2fc, 0x00a2f5, 0x00a2fa, 0x00a2f4, 0x000000, 0x000000, 0x000000, 0x000000,
    0x000000, 0x000000, 0x000000, 0x000000, 0x000000, 0x000000, 0x000000, 0x000000, 0x000000,
    0x000000, 0x000000, 0x000000, 0x000000, 0x000000, 0x000000, 0x00a7fb, 0x000000, 0x000000,
    0x000000, 0x000000, 0x000000, 0x000000, 0x000000, 0x000000, 0x000000, 0x000000, 0x000000,
    0x000000, 0x000000, 0x000000, 0x000000, 0x000000, 0x000000, 0x000000, 0x000000, 0x000000,
    0x000000, 0x000000, 0x000000, 0x000000, 0x000000, 0x000000, 0x000000, 0x000000, 0x000000,
    0x000000, 0x000000, 0x000000, 0x000000, 0x000000, 0x000000, 0x000000, 0x000000, 0x000000,
    0x000000, 0x000000, 0x000000, 0x000000, 0x000000, 0x000000, 0x00adfd, 0x000000, 0x000000,
    0x000000, 0x000000, 0x000000, 0x000000, 0x000000, 0x000000, 0x000000, 0x000000, 0x000000,
    0x000000, 0x000000, 0x000000, 0x000000, 0x000000, 0x000000, 0x000000, 0x000000, 0x000000,
    0x000000, 0x000000, 0x000000, 0x000000, 0x000000, 0x000000, 0x000000, 0x000000, 0x000000,
    0x000000, 0x000000, 0x00aca1, 0x00aca2, 0x00aca3, 0x00aca4, 0x00aca5, 0x00aca6, 0x00aca7,
    0x00aca8, 0x00aca9, 0x00acaa, 0x000000, 0x000000, 0x000000, 0x000000, 0x000000, 0x000000,
    0x000000, 0x000000, 0x000000, 0x000000, 0x000000, 0x000000, 0x000000, 0x000000, 0x000000,
    0x000000, 0x000000, 0x000000, 0x000000, 0x000000, 0x000000, 0x000000, 0x000000, 0x000000,
    0x000000, 0x000000, 0x000000, 0x000000, 0x000000, 0x000000, 0x000000, 0x000000, 0x000000,
    0x000000, 0x000000, 0x000000, 0x000000, 0x000000, 0x000000, 0x000000, 0x000000, 0x000000,
    0x000000, 0x000000, 0x000000, 0x000000, 0x000000, 0x000000, 0x000000, 0x000000, 0x000000,
    0x000000, 0x00a3ae, 0x00a3af, 0x000000, 0x000000, 0x000000, 0x000000, 0x000000, 0x000000,
    0x000000, 0x000000, 0x000000, 0x000000, 0x000000, 0x000000, 0x000000, 0x000000, 0x000000,
    0x000000, 0x000000, 0x000000, 0x000000, 0x000000, 0x000000, 0x000000, 0x000000, 0x000000,
    0x000000, 0x000000, 0x000000, 0x000000, 0x000000, 0x000000, 0x000000, 0x000000, 0x000000,
    0x000000, 0x000000, 0x000000, 0x000000, 0x000000, 0x000000, 0x000000, 0x000000, 0x000000,
    0x000000, 0x000000, 0x000000, 0x000000, 0x000000, 0x000000, 0x000000, 0x000000, 0x000000,
    0x000000, 0x000000, 0x000000, 0x000000, 0x000000, 0x000000, 0x000000, 0x000000, 0x000000,
    0x000000, 0x000000, 0x000000, 0x00a3ba, 0x000000, 0x000000, 0x000000, 0x000000, 0x000000,
    0x000000, 0x000000, 0x000000, 0x000000, 0x000000, 0x000000, 0x000000, 0x000000, 0x000000,
    0x000000, 0x000000, 0x000000, 0x000000, 0x000000, 0x000000, 0x000000, 0x000000, 0x000000,
    0x000000, 0x000000, 0x000000, 0x000000, 0x000000, 0x000000, 0x000000, 0x000000, 0x000000,
    0x000000, 0x000000, 0x000000, 0x000000, 0x000000, 0x000000, 0x000000, 0x000000, 0x000000,
    0x000000, 0x000000, 0x000000, 0x000000, 0x000000, 0x000000, 0x000000, 0x000000, 0x000000,
    0x000000, 0x000000, 0x000000, 0x000000, 0x000000, 0x000000, 0x000000, 0x000000, 0x00a3fd,
    0x00a3fe, 0x000000, 0x000000, 0x000000, 0x000000, 0x00a1a1, 0x00a1a2, 0x00a1a3, 0x00a1b7,
    0x000000, 0x00a1b9, 0x00a1ba, 0x00a1bb, 0x00a1d2, 0x00a1d3, 0x00a1d4, 0x00a1d5, 0x00a1d6,
    0x00a1d7, 0x00a1d8, 0x00a1d9, 0x00a1da, 0x00a1db, 0x00a2a9, 0x00a2ae, 0x00a1cc, 0x00a1cd,
    0x00a2da, 0x00a2db, 0x00a2d8, 0x00a2d9, 0x000000, 0x000000, 0x00a1c1, 0x00ade0, 0x000000,
    0x00ade1, 0x00a6e6, 0x000000, 0x000000, 0x000000, 0x000000, 0x000000, 0x000000, 0x000000,
    0x000000, 0x000000, 0x000000, 0x000000, 0x000000, 0x000000, 0x000000, 0x000000, 0x000000,
    0x000000, 0x000000, 0x00a2b3, 0x00a2b4, 0x00a2b5, 0x000000, 0x000000, 0x000000, 0x000000,
    0x000000, 0x00a2b6, 0x00a2b7, 0x00a3bc, 0x000000, 0x000000, 0x00a4a1, 0x00a4a2, 0x00a4a3,
    0x00a4a4, 0x00a4a5, 0x00a4a6, 0x00a4a7, 0x00a4a8, 0x00a4a9, 0x00a4aa, 0x00a4ab, 0x00a4ac,
    0x00a4ad, 0x00a4ae, 0x00a4af, 0x00a4b0, 0x00a4b1, 0x00a4b2, 0x00a4b3, 0x00a4b4, 0x00a4b5,
    0x00a4b6, 0x00a4b7, 0x00a4b8, 0x00a4b9, 0x00a4ba, 0x00a4bb, 0x00a4bc, 0x00a4bd, 0x00a4be,
    0x00a4bf, 0x00a4c0, 0x00a4c1, 0x00a4c2, 0x00a4c3, 0x00a4c4, 0x00a4c5, 0x00a4c6, 0x00a4c7,
    0x00a4c8, 0x00a4c9, 0x00a4ca, 0x00a4cb, 0x00a4cc, 0x00a4cd, 0x00a4ce, 0x00a4cf, 0x00a4d0,
    0x00a4d1, 0x00a4d2, 0x00a4d3, 0x00a4d4, 0x00a4d5, 0x00a4d6, 0x00a4d7, 0x00a4d8, 0x00a4d9,
    0x00a4da, 0x00a4db, 0x00a4dc, 0x00a4dd, 0x00a4de, 0x00a4df, 0x00a4e0, 0x00a4e1, 0x00a4e2,
    0x00a4e3, 0x00a4e4, 0x00a4e5, 0x00a4e6, 0x00a4e7, 0x00a4e8, 0x00a4e9, 0x00a4ea, 0x00a4eb,
    0x00a4ec, 0x00a4ed, 0x00a4ee, 0x00a4ef, 0x00a4f0, 0x00a4f1, 0x00a4f2, 0x00a4f3, 0x00a4f4,
    0x00a4f5, 0x00a4f6, 0x000000, 0x000000, 0x000000, 0x000000, 0x00a1ab, 0x00a1ac, 0x00a1b5,
    0x00a1b6, 0x00a2b9, 0x00a3fb, 0x00a5a1, 0x00a5a2, 0x00a5a3, 0x00a5a4, 0x00a5a5, 0x00a5a6,
    0x00a5a7, 0x00a5a8, 0x00a5a9, 0x00a5aa, 0x00a5ab, 0x00a5ac, 0x00a5ad, 0x00a5ae, 0x00a5af,
    0x00a5b0, 0x00a5b1, 0x00a5b2, 0x00a5b3, 0x00a5b4, 0x00a5b5, 0x00a5b6, 0x00a5b7, 0x00a5b8,
    0x00a5b9, 0x00a5ba, 0x00a5bb, 0x00a5bc, 0x00a5bd, 0x00a5be, 0x00a5bf, 0x00a5c0, 0x00a5c1,
    0x00a5c2, 0x00a5c3, 0x00a5c4, 0x00a5c5, 0x00a5c6, 0x00a5c7, 0x00a5c8, 0x00a5c9, 0x00a5ca,
    0x00a5cb, 0x00a5cc, 0x00a5cd, 0x00a5ce, 0x00a5cf, 0x00a5d0, 0x00a5d1, 0x00a5d2, 0x00a5d3,
    0x00a5d4, 0x00a5d5, 0x00a5d6, 0x00a5d7, 0x00a5d8, 0x00a5d9, 0x00a5da, 0x00a5db, 0x00a5dc,
    0x00a5dd, 0x00a5de, 0x00a5df, 0x00a5e0, 0x00a5e1, 0x00a5e2, 0x00a5e3, 0x00a5e4, 0x00a5e5,
    0x00a5e6, 0x00a5e7, 0x00a5e8, 0x00a5e9, 0x00a5ea, 0x00a5eb, 0x00a5ec, 0x00a5ed, 0x00a5ee,
    0x00a5ef, 0x00a5f0, 0x00a5f1, 0x00a5f2, 0x00a5f3, 0x00a5f4, 0x00a5f5, 0x00a5f6, 0x00a7f2,
    0x00a7f3, 0x00a7f4, 0x00a7f5, 0x00a1a6, 0x00a1bc, 0x00a1b3, 0x00a1b4, 0x00a2b8, 0x000000,
    0x000000, 0x000000, 0x000000, 0x000000, 0x000000, 0x000000, 0x000000, 0x000000, 0x000000,
    0x000000, 0x000000, 0x000000, 0x000000, 0x000000, 0x000000, 0x000000, 0x000000, 0x000000,
    0x000000, 0x000000, 0x000000, 0x000000, 0x000000, 0x000000, 0x000000, 0x000000, 0x000000,
    0x000000, 0x000000, 0x000000, 0x000000, 0x000000, 0x000000, 0x000000, 0x000000, 0x000000,
    0x000000, 0x000000, 0x000000, 0x000000, 0x000000, 0x000000, 0x000000, 0x000000, 0x000000,
    0x000000, 0x000000, 0x00a6ee, 0x00a6ef, 0x00a6f0, 0x00a6f1, 0x00a6f2, 0x00a6f3, 0x00a6f4,
    0x00a6f5, 0x00a6f6, 0x00a6f7, 0x00a6f9, 0x00a6fa, 0x00a6fb, 0x00a6fc, 0x00a6fd, 0x00a6fe,
    0x000000, 0x000000, 0x000000, 0x000000, 0x000000, 0x000000, 0x000000, 0x000000, 0x000000,
    0x000000, 0x000000, 0x000000, 0x000000, 0x000000, 0x000000, 0x000000, 0x000000, 0x000000,
    0x000000, 0x000000, 0x000000, 0x000000, 0x000000, 0x000000, 0x000000, 0x000000, 0x000000,
    0x000000, 0x000000, 0x000000, 0x000000, 0x000000, 0x000000, 0x000000, 0x000000, 0x000000,
    0x000000, 0x000000, 0x000000, 0x000000, 0x000000, 0x000000, 0x000000, 0x000000, 0x000000,
    0x000000, 0x000000, 0x000000, 0x000000, 0x00adea, 0x00adeb, 0x000000, 0x000000, 0x000000,
    0x000000, 0x000000, 0x000000, 0x00adec, 0x000000, 0x000000, 0x000000, 0x000000, 0x000000,
    0x000000, 0x000000, 0x000000, 0x000000, 0x000000, 0x000000, 0x000000, 0x000000, 0x000000,
    0x000000, 0x000000, 0x000000, 0x00a8c1, 0x00a8c2, 0x00a8c3, 0x00a8c4, 0x00a8c5, 0x00a8c6,
    0x00a8c7, 0x00a8c8, 0x00a8c9, 0x00a8ca, 0x00a8cb, 0x00a8cc, 0x00a8cd, 0x00a8ce, 0x00a8cf,
    0x000000, 0x000000, 0x000000, 0x000000, 0x000000, 0x000000, 0x000000, 0x000000, 0x000000,
    0x000000, 0x000000, 0x000000, 0x000000, 0x000000, 0x000000, 0x000000, 0x000000, 0x000000,
    0x000000, 0x000000, 0x000000, 0x000000, 0x000000, 0x000000, 0x000000, 0x000000, 0x000000,
    0x000000, 0x000000, 0x000000, 0x000000, 0x000000, 0x000000, 0x000000, 0x000000, 0x000000,
    0x00ade5, 0x00ade6, 0x00ade7, 0x00ade8, 0x00ade9, 0x000000, 0x000000, 0x000000, 0x000000,
    0x000000, 0x000000, 0x000000, 0x000000, 0x00a8d0, 0x00a8d1, 0x00a8d2, 0x00a8d3, 0x00a8d4,
    0x00a8d5, 0x00a8d6, 0x00a8d7, 0x00a8d8, 0x00a8d9, 0x00a8da, 0x00a8db, 0x00a8dc, 0x00a8dd,
    0x00a8de, 0x000000, 0x000000, 0x000000, 0x000000, 0x000000, 0x000000, 0x000000, 0x000000,
    0x000000, 0x000000, 0x000000, 0x000000, 0x000000, 0x000000, 0x000000, 0x000000, 0x00acdb,
    0x00acdc, 0x00acdd, 0x00acde, 0x00acdf, 0x00ace0, 0x00ace1, 0x00ace2, 0x00ace3, 0x00ace4,
    0x00ace5, 0x00ace6, 0x00ace7, 0x00ace8, 0x00ace9, 0x00acea, 0x00aceb, 0x00acec, 0x00aced,
    0x00acee, 0x000000, 0x00acf1, 0x000000, 0x000000, 0x000000, 0x00acf0, 0x000000, 0x000000,
    0x00acf3, 0x00acf2, 0x000000, 0x000000, 0x000000, 0x000000, 0x000000, 0x000000, 0x000000,
    0x000000, 0x000000, 0x000000, 0x000000, 0x000000, 0x00acef, 0x000000, 0x000000, 0x000000,
    0x000000, 0x000000, 0x00adc6, 0x000000, 0x000000, 0x000000, 0x000000, 0x000000, 0x000000,
    0x000000, 0x000000, 0x000000, 0x00adca, 0x000000, 0x000000, 0x000000, 0x000000, 0x000000,
    0x000000, 0x00adc1, 0x000000, 0x000000, 0x000000, 0x00adc4, 0x000000, 0x000000, 0x000000,
    0x000000, 0x000000, 0x000000, 0x000000, 0x000000, 0x000000, 0x00adc2, 0x00adcc, 0x000000,
    0x000000, 0x00adcb, 0x00adc5, 0x000000, 0x000000, 0x000000, 0x00adcd, 0x000000, 0x000000,
    0x000000, 0x000000, 0x000000, 0x000000, 0x000000, 0x000000, 0x000000, 0x000000, 0x00adc7,
    0x000000, 0x000000, 0x000000, 0x000000, 0x00adcf, 0x000000, 0x000000, 0x000000, 0x000000,
    0x000000, 0x000000, 0x000000, 0x000000, 0x000000, 0x00adc0, 0x00adce, 0x000000, 0x000000,
    0x00adc3, 0x000000, 0x000000, 0x000000, 0x00adc8, 0x000000, 0x000000, 0x000000, 0x000000,
    0x000000, 0x00adc9, 0x000000, 0x000000, 0x000000, 0x000000, 0x000000, 0x000000, 0x000000,
    0x000000, 0x000000, 0x000000, 0x000000, 0x000000, 0x000000, 0x000000, 0x000000, 0x000000,
    0x000000, 0x000000, 0x000000, 0x000000, 0x000000, 0x000000, 0x000000, 0x000000, 0x000000,
    0x000000, 0x000000, 0x000000, 0x000000, 0x000000, 0x000000, 0x000000, 0x000000, 0x000000,
    0x000000, 0x00addf, 0x00adef, 0x00adee, 0x00aded, 0x000000, 0x000000, 0x000000, 0x000000,
    0x000000, 0x000000, 0x000000, 0x000000, 0x000000, 0x000000, 0x000000, 0x000000, 0x000000,
    0x000000, 0x00add3, 0x00add4, 0x000000, 0x000000, 0x000000, 0x000000, 0x000000, 0x000000,
    0x000000, 0x000000, 0x000000, 0x000000, 0x000000, 0x000000, 0x00add0, 0x00add1, 0x00add2,
    0x000000, 0x000000, 0x00add6, 0x000000, 0x000000, 0x000000, 0x000000, 0x000000, 0x000000,
    0x000000, 0x000000, 0x000000, 0x000000, 0x000000, 0x000000, 0x000000, 0x000000, 0x000000,
    0x000000, 0x000000, 0x000000, 0x000000, 0x000000, 0x000000, 0x000000, 0x000000, 0x000000,
    0x000000, 0x000000, 0x000000, 0x000000, 0x000000, 0x000000, 0x00add5, 0x000000, 0x000000,
    0x000000, 0x000000, 0x000000, 0x000000, 0x00a3de, 0x000000, 0x00ade3, 0x000000, 0x000000,
    0x000000, 0x000000, 0x000000, 0x000000, 0x000000, 0x000000, 0x000000, 0x000000, 0x000000,
    0x000000, 0x000000, 0x000000, 0x000000, 0x000000, 0x000000, 0x000000, 0x000000, 0x000000,
    0x000000, 0x000000, 0x000000, 0x000000, 0x000000, 0x000000, 0x000000, 0x000000, 0x000000,
    0x000000, 0x000000, 0x000000, 0x000000, 0x000000, 0x000000, 0x000000, 0x000000, 0x000000,
    0x000000, 0x000000, 0x000000, 0x000000, 0x000000, 0x000000, 0x000000, 0x000000, 0x000000,
    0x000000, 0x000000, 0x000000, 0x00aea3, 0x000000, 0x000000, 0x000000, 0x8fa1ad, 0x000000,
    0x000000, 0x000000, 0x000000, 0x000000, 0x000000, 0x000000, 0x000000, 0x000000, 0x000000,
    0x000000, 0x000000, 0x000000, 0x000000, 0x000000, 0x000000, 0x000000, 0x000000, 0x000000,
    0x000000, 0x000000, 0x000000, 0x000000, 0x000000, 0x000000, 0x000000, 0x000000, 0x000000,
    0x000000, 0x000000, 0x000000, 0x000000, 0x000000, 0x000000, 0x000000, 0x000000, 0x000000,
    0x8fa1b2, 0x000000, 0x8fa1b3, 0x000000, 0x000000, 0x000000, 0x000000, 0x000000, 0x000000,
    0x000000, 0x000000, 0x000000, 0x000000, 0x000000, 0x000000, 0x000000, 0x000000, 0x000000,
    0x000000, 0x000000, 0x000000, 0x000000, 0x000000, 0x000000, 0x000000, 0x000000, 0x000000,
    0x000000, 0x000000, 0x000000, 0x000000, 0x000000, 0x000000, 0x000000, 0x000000, 0x000000,
    0x000000, 0x000000, 0x000000, 0x000000, 0x000000, 0x000000, 0x000000, 0x8fa1de, 0x000000,
    0x8fa1d6, 0x000000, 0x000000, 0x000000, 0x000000, 0x000000, 0x000000, 0x000000, 0x000000,
    0x000000, 0x000000, 0x000000, 0x000000, 0x000000, 0x000000, 0x000000, 0x000000, 0x000000,
    0x000000, 0x000000, 0x000000, 0x000000, 0x8fa1fe, 0x000000, 0x000000, 0x000000, 0x000000,
    0x000000, 0x000000, 0x000000, 0x000000, 0x000000, 0x000000, 0x000000, 0x000000, 0x000000,
    0x000000, 0x000000, 0x000000, 0x000000, 0x000000, 0x000000, 0x000000, 0x000000, 0x000000,
    0x000000, 0x000000, 0x000000, 0x000000, 0x000000, 0x000000, 0x000000, 0x000000, 0x000000,
    0x000000, 0x000000, 0x000000, 0x00aed3, 0x000000, 0x000000, 0x000000, 0x000000, 0x000000,
    0x000000, 0x8fa3ab, 0x000000, 0x000000, 0x000000, 0x8ff4e8, 0x000000, 0x000000, 0x000000,
    0x000000, 0x000000, 0x8fa3af, 0x000000, 0x000000, 0x000000, 0x000000, 0x000000, 0x000000,
    0x000000, 0x000000, 0x000000, 0x000000, 0x000000, 0x000000, 0x000000, 0x000000, 0x000000,
    0x000000, 0x000000, 0x000000, 0x000000, 0x00aedb, 0x000000, 0x000000, 0x000000, 0x000000,
    0x000000, 0x000000, 0x000000, 0x000000, 0x000000, 0x000000, 0x000000, 0x000000, 0x000000,
    0x000000, 0x000000, 0x000000, 0x000000, 0x000000, 0x000000, 0x000000, 0x000000, 0x000000,
    0x000000, 0x000000, 0x000000, 0x000000, 0x000000, 0x000000, 0x000000, 0x000000, 0x000000,
    0x000000, 0x000000, 0x000000, 0x000000, 0x000000, 0x8fa3c8, 0x000000, 0x000000, 0x000000,
    0x000000, 0x000000, 0x000000, 0x000000, 0x000000, 0x000000, 0x000000, 0x000000, 0x000000,
    0x000000, 0x000000, 0x000000, 0x000000, 0x000000, 0x000000, 0x000000, 0x000000, 0x000000,
    0x000000, 0x000000, 0x000000, 0x000000, 0x000000, 0x000000, 0x000000, 0x000000, 0x000000,
    0x000000, 0x000000, 0x8fa3dd, 0x8fa3de, 0x000000, 0x000000, 0x000000, 0x000000, 0x8fa3e1,
    0x000000, 0x000000, 0x000000, 0x000000, 0x000000, 0x000000, 0x000000, 0x000000, 0x000000,
    0x000000, 0x8fa3e7, 0x000000, 0x000000, 0x000000, 0x000000, 0x000000, 0x000000, 0x000000,
    0x000000, 0x000000, 0x000000, 0x000000, 0x000000, 0x000000, 0x000000, 0x000000, 0x000000,
    0x000000, 0x000000, 0x000000, 0x000000, 0x000000, 0x000000, 0x000000, 0x000000, 0x000000,
    0x000000, 0x000000, 0x000000, 0x000000, 0x000000, 0x000000, 0x000000, 0x000000, 0x000000,
    0x000000, 0x000000, 0x000000, 0x000000, 0x8fa4a3, 0x000000, 0x8fa4a6, 0x000000, 0x000000,
    0x000000, 0x000000, 0x000000, 0x000000, 0x000000, 0x000000, 0x000000, 0x000000, 0x000000,
    0x000000, 0x000000, 0x000000, 0x000000, 0x000000, 0x000000, 0x000000, 0x000000, 0x000000,
    0x000000, 0x000000, 0x000000, 0x8fa4af, 0x000000, 0x000000, 0x000000, 0x000000, 0x000000,
    0x000000, 0x000000, 0x000000, 0x000000, 0x000000, 0x000000, 0x000000, 0x000000, 0x000000,
    0x000000, 0x000000, 0x000000, 0x000000, 0x000000, 0x000000, 0x8fa4b8, 0x000000, 0x000000,
    0x000000, 0x000000, 0x000000, 0x000000, 0x000000, 0x000000, 0x000000, 0x000000, 0x000000,
    0x000000, 0x000000, 0x000000, 0x000000, 0x000000, 0x000000, 0x000000, 0x000000, 0x000000,
    0x000000, 0x000000, 0x000000, 0x000000, 0x000000, 0x8fa4c2, 0x000000, 0x000000, 0x000000,
    0x000000, 0x000000, 0x000000, 0x000000, 0x000000, 0x000000, 0x000000, 0x000000, 0x8fa4ca,
    0x000000, 0x000000, 0x000000, 0x000000, 0x000000, 0x000000, 0x000000, 0x000000, 0x000000,
    0x000000, 0x000000, 0x000000, 0x000000, 0x000000, 0x000000, 0x000000, 0x000000, 0x000000,
    0x000000, 0x000000, 0x000000, 0x000000, 0x000000, 0x000000, 0x000000, 0x000000, 0x000000,
    0x000000, 0x000000, 0x000000, 0x000000, 0x000000, 0x000000, 0x000000, 0x000000, 0x000000,
    0x000000, 0x000000, 0x000000, 0x000000, 0x000000, 0x000000, 0x000000, 0x000000, 0x000000,
    0x000000, 0x000000, 0x000000, 0x000000, 0x000000, 0x000000, 0x000000, 0x000000, 0x000000,
    0x000000, 0x000000, 0x000000, 0x000000, 0x8fa4f9, 0x000000, 0x000000, 0x000000, 0x000000,
    0x000000, 0x000000, 0x000000, 0x000000, 0x000000, 0x000000, 0x000000, 0x000000, 0x000000,
    0x000000, 0x000000, 0x000000, 0x000000, 0x000000, 0x000000, 0x000000, 0x000000, 0x000000,
    0x000000, 0x000000, 0x000000, 0x000000, 0x000000, 0x000000, 0x000000, 0x000000, 0x000000,
    0x000000, 0x000000, 0x000000, 0x000000, 0x000000, 0x000000, 0x000000, 0x000000, 0x000000,
    0x000000, 0x000000, 0x000000, 0x000000, 0x000000, 0x000000, 0x000000, 0x000000, 0x000000,
    0x000000, 0x000000, 0x000000, 0x000000, 0x8fa5bf, 0x000000, 0x000000, 0x000000, 0x000000,
    0x8fa5c3, 0x000000, 0x000000, 0x8fa5c1, 0x000000, 0x000000, 0x000000, 0x000000, 0x000000,
    0x000000, 0x000000, 0x000000, 0x000000, 0x000000, 0x000000, 0x000000, 0x000000, 0x000000,
    0x000000, 0x000000, 0x000000, 0x000000, 0x000000, 0x000000, 0x000000, 0x000000, 0x000000,
    0x000000, 0x000000, 0x000000, 0x000000, 0x000000, 0x000000, 0x000000, 0x000000, 0x000000,
    0x000000, 0x000000, 0x000000, 0x000000, 0x000000, 0x000000, 0x8fa5d7, 0x000000, 0x000000,
    0x000000, 0x000000, 0x000000, 0x000000, 0x000000, 0x000000, 0x000000, 0x000000, 0x000000,
    0x000000, 0x000000, 0x000000, 0x000000, 0x000000, 0x000000, 0x000000, 0x000000, 0x000000,
    0x000000, 0x000000, 0x000000, 0x000000, 0x000000, 0x000000, 0x000000, 0x000000, 0x000000,
    0x000000, 0x000000, 0x000000, 0x000000, 0x000000, 0x000000, 0x000000, 0x000000, 0x000000,
    0x000000, 0x000000, 0x000000, 0x000000, 0x000000, 0x000000, 0x000000, 0x000000, 0x000000,
    0x000000, 0x8fa8a3, 0x8fa8a5, 0x000000, 0x000000, 0x000000, 0x000000, 0x000000, 0x000000,
    0x000000, 0x000000, 0x8fa8a9, 0x8fa8a8, 0x000000, 0x000000, 0x000000, 0x000000, 0x000000,
    0x000000, 0x000000, 0x000000, 0x8fa8ac, 0x000000, 0x000000, 0x000000, 0x000000, 0x000000,
    0x000000, 0x000000, 0x000000, 0x000000, 0x000000, 0x000000, 0x000000, 0x000000, 0x00cfdf,
    0x000000, 0x000000, 0x000000, 0x000000, 0x000000, 0x000000, 0x000000, 0x000000, 0x000000,
    0x000000, 0x000000, 0x000000, 0x000000, 0x000000, 0x000000, 0x000000, 0x000000, 0x000000,
    0x000000, 0x000000, 0x000000, 0x000000, 0x000000, 0x000000, 0x000000, 0x000000, 0x000000,
    0x000000, 0x000000, 0x000000, 0x000000, 0x000000, 0x000000, 0x000000, 0x000000, 0x000000,
    0x000000, 0x000000, 0x000000, 0x000000, 0x000000, 0x000000, 0x000000, 0x000000, 0x000000,
    0x000000, 0x000000, 0x000000, 0x000000, 0x000000, 0x8fa8be, 0x000000, 0x000000, 0x000000,
    0x000000, 0x000000, 0x000000, 0x000000, 0x000000, 0x000000, 0x000000, 0x000000, 0x000000,
    0x000000, 0x000000, 0x000000, 0x000000, 0x000000, 0x000000, 0x000000, 0x000000, 0x000000,
    0x000000, 0x000000, 0x000000, 0x000000, 0x000000, 0x000000, 0x000000, 0x000000, 0x000000,
    0x000000, 0x000000, 0x00cfef, 0x000000, 0x000000, 0x000000, 0x000000, 0x000000, 0x8fa8d6,
    0x000000, 0x000000, 0x000000, 0x000000, 0x000000, 0x000000, 0x000000, 0x000000, 0x000000,
    0x000000, 0x000000, 0x8fa8d9, 0x000000, 0x000000, 0x000000, 0x000000, 0x000000, 0x000000,
    0x000000, 0x000000, 0x8fa8dc, 0x000000, 0x000000, 0x8fa8de, 0x000000, 0x000000, 0x000000,
    0x000000, 0x000000, 0x000000, 0x000000, 0x000000, 0x000000, 0x000000, 0x000000, 0x000000,
    0x000000, 0x000000, 0x000000, 0x000000, 0x000000, 0x000000, 0x000000, 0x000000, 0x000000,
    0x000000, 0x000000, 0x000000, 0x000000, 0x000000, 0x000000, 0x000000, 0x000000, 0x000000,
    0x000000, 0x000000, 0x000000, 0x000000, 0x000000, 0x000000, 0x000000, 0x000000, 0x000000,
    0x000000, 0x000000, 0x000000, 0x000000, 0x000000, 0x000000, 0x000000, 0x8fa8ef, 0x000000,
    0x000000, 0x000000, 0x000000, 0x000000, 0x000000, 0x8fa8f1, 0x000000, 0x000000, 0x000000,
    0x000000, 0x000000, 0x000000, 0x000000, 0x000000, 0x000000, 0x8fa8f4, 0x000000, 0x000000,
    0x000000, 0x000000, 0x000000, 0x000000, 0x000000, 0x000000, 0x000000, 0x000000, 0x000000,
    0x000000, 0x000000, 0x000000, 0x000000, 0x000000, 0x000000, 0x000000, 0x000000, 0x000000,
    0x000000, 0x000000, 0x000000, 0x000000, 0x000000, 0x000000, 0x000000, 0x8fa8f9, 0x000000,
    0x000000, 0x000000, 0x000000, 0x8fa8fb, 0x000000, 0x000000, 0x000000, 0x000000, 0x000000,
    0x000000, 0x000000, 0x000000, 0x000000, 0x000000, 0x000000, 0x000000, 0x000000, 0x000000,
    0x000000, 0x000000, 0x000000, 0x000000, 0x000000, 0x000000, 0x000000, 0x000000, 0x000000,
    0x000000, 0x000000, 0x000000, 0x000000, 0x000000, 0x000000, 0x000000, 0x000000, 0x000000,
    0x000000, 0x000000, 0x000000, 0x000000, 0x000000, 0x000000, 0x000000, 0x000000, 0x000000,
    0x000000, 0x000000, 0x000000, 0x000000, 0x000000, 0x000000, 0x000000, 0x000000, 0x000000,
    0x000000, 0x000000, 0x000000, 0x000000, 0x000000, 0x000000, 0x000000, 0x000000, 0x8facbb,
    0x000000, 0x000000, 0x000000, 0x000000, 0x000000, 0x000000, 0x000000, 0x000000, 0x000000,
    0x000000, 0x000000, 0x000000, 0x000000, 0x000000, 0x000000, 0x000000, 0x000000, 0x000000,
    0x000000, 0x000000, 0x000000, 0x000000, 0x000000, 0x8facc6, 0x000000, 0x000000, 0x8facca,
    0x000000, 0x000000, 0x000000, 0x000000, 0x000000, 0x000000, 0x000000, 0x000000, 0x000000,
    0x000000, 0x000000, 0x000000, 0x000000, 0x000000, 0x000000, 0x000000, 0x000000, 0x000000,
    0x000000, 0x000000, 0x000000, 0x000000, 0x000000, 0x000000, 0x000000, 0x000000, 0x000000,
    0x000000, 0x000000, 0x000000, 0x000000, 0x000000, 0x000000, 0x000000, 0x000000, 0x000000,
    0x000000, 0x000000, 0x000000, 0x000000, 0x000000, 0x000000, 0x000000, 0x000000, 0x000000,
    0x000000, 0x000000, 0x8face0, 0x000000, 0x000000, 0x000000, 0x000000, 0x000000, 0x000000,
    0x000000, 0x000000, 0x000000, 0x000000, 0x000000, 0x000000, 0x000000, 0x000000, 0x000000,
    0x000000, 0x000000, 0x000000, 0x000000, 0x000000, 0x000000, 0x000000, 0x000000, 0x000000,
    0x000000, 0x000000, 0x000000, 0x000000, 0x000000, 0x000000, 0x000000, 0x000000, 0x000000,
    0x000000, 0x000000, 0x000000, 0x000000, 0x000000, 0x000000, 0x000000, 0x000000, 0x000000,
    0x000000, 0x000000, 0x000000, 0x000000, 0x8faddb, 0x000000, 0x000000, 0x000000, 0x000000,
    0x8faddf, 0x000000, 0x000000, 0x000000, 0x000000, 0x000000, 0x000000, 0x000000, 0x000000,
    0x000000, 0x000000, 0x000000, 0x000000, 0x000000, 0x000000, 0x000000, 0x000000, 0x000000,
    0x000000, 0x000000, 0x000000, 0x000000, 0x000000, 0x8fadf1, 0x8faeb6, 0x000000, 0x000000,
    0x000000, 0x000000, 0x000000, 0x000000, 0x000000, 0x000000, 0x000000, 0x000000, 0x000000,
    0x000000, 0x000000, 0x000000, 0x000000, 0x000000, 0x000000, 0x000000, 0x8fadfc, 0x000000,
    0x000000, 0x000000, 0x000000, 0x000000, 0x000000, 0x000000, 0x000000, 0x000000, 0x000000,
    0x000000, 0x000000, 0x000000, 0x000000, 0x000000, 0x000000, 0x000000, 0x000000, 0x000000,
    0x000000, 0x000000, 0x8faeae, 0x000000, 0x000000, 0x000000, 0x000000, 0x000000, 0x000000,
    0x000000, 0x000000, 0x000000, 0x000000, 0x000000, 0x8faeb2, 0x000000, 0x8faeb4, 0x000000,
    0x000000, 0x000000, 0x000000, 0x000000, 0x00f5c9, 0x000000, 0x000000, 0x000000, 0x000000,
    0x000000, 0x000000, 0x000000, 0x000000, 0x000000, 0x000000, 0x000000, 0x000000, 0x000000,
    0x000000, 0x000000, 0x000000, 0x000000, 0x000000, 0x000000, 0x000000, 0x000000, 0x000000,
    0x000000, 0x000000, 0x000000, 0x000000, 0x000000, 0x000000, 0x000000, 0x000000, 0x000000,
    0x000000, 0x000000, 0x000000, 0x000000, 0x000000, 0x000000, 0x000000, 0x000000, 0x000000,
    0x000000, 0x000000, 0x000000, 0x000000, 0x000000, 0x8faeed, 0x000000, 0x000000, 0x000000,
    0x000000, 0x000000, 0x000000, 0x000000, 0x000000, 0x000000, 0x8faee5, 0x000000, 0x000000,
    0x000000, 0x000000, 0x000000, 0x000000, 0x000000, 0x000000, 0x8fafa8, 0x8fafa9, 0x000000,
    0x000000, 0x000000, 0x000000, 0x8fafac, 0x000000, 0x000000, 0x000000, 0x000000, 0x000000,
    0x000000, 0x000000, 0x000000, 0x000000, 0x000000, 0x000000, 0x000000, 0x000000, 0x000000,
    0x000000, 0x000000, 0x000000, 0x000000, 0x000000, 0x000000, 0x000000, 0x000000, 0x8fafb4,
    0x000000, 0x000000, 0x000000, 0x000000, 0x000000, 0x000000, 0x000000, 0x000000, 0x000000,
    0x000000, 0x000000, 0x000000, 0x000000, 0x000000, 0x000000, 0x000000, 0x000000, 0x00f5fe,
    0x000000, 0x000000, 0x000000, 0x000000, 0x000000, 0x000000, 0x000000, 0x000000, 0x000000,
    0x00f6a1, 0x000000, 0x000000, 0x000000, 0x000000, 0x000000, 0x000000, 0x000000, 0x000000,
    0x000000, 0x8fafc8, 0x000000, 0x000000, 0x000000, 0x000000, 0x000000, 0x000000, 0x000000,
    0x000000, 0x000000, 0x000000, 0x000000, 0x000000, 0x000000, 0x000000, 0x000000, 0x000000,
    0x000000, 0x000000, 0x000000, 0x000000, 0x000000, 0x000000, 0x000000, 0x000000, 0x000000,
    0x000000, 0x000000, 0x000000, 0x000000, 0x000000, 0x000000, 0x000000, 0x000000, 0x000000,
    0x8fafdd, 0x000000, 0x000000, 0x000000, 0x000000, 0x000000, 0x000000, 0x000000, 0x000000,
    0x000000, 0x000000, 0x000000, 0x000000, 0x000000, 0x000000, 0x000000, 0x00f6ba, 0x000000,
    0x000000, 0x000000, 0x000000, 0x000000, 0x000000, 0x000000, 0x000000, 0x000000, 0x000000,
    0x000000, 0x000000, 0x000000, 0x000000, 0x000000, 0x000000, 0x000000, 0x000000, 0x000000,
    0x000000, 0x000000, 0x000000, 0x8faff7, 0x000000, 0x000000, 0x000000, 0x000000, 0x000000,
    0x000000, 0x000000, 0x000000, 0x000000, 0x000000, 0x000000, 0x000000, 0x000000, 0x000000,
    0x000000, 0x000000, 0x000000, 0x000000, 0x000000, 0x000000, 0x000000, 0x000000, 0x000000,
    0x000000, 0x000000, 0x8feebb, 0x000000, 0x000000, 0x000000, 0x000000, 0x000000, 0x000000,
    0x000000, 0x000000, 0x000000, 0x000000, 0x000000, 0x000000, 0x000000, 0x000000, 0x8feec2,
    0x000000, 0x000000, 0x000000, 0x000000, 0x000000, 0x000000, 0x000000, 0x000000, 0x000000,
    0x000000, 0x000000, 0x000000, 0x000000, 0x000000, 0x000000, 0x000000, 0x000000, 0x000000,
    0x000000, 0x000000, 0x000000, 0x000000, 0x000000, 0x000000, 0x000000, 0x000000, 0x000000,
    0x000000, 0x000000, 0x000000, 0x000000, 0x000000, 0x000000, 0x000000, 0x000000, 0x000000,
    0x000000, 0x000000, 0x000000, 0x000000, 0x000000, 0x000000, 0x000000, 0x000000, 0x000000,
    0x8feef1, 0x000000, 0x000000, 0x000000, 0x000000, 0x000000, 0x000000, 0x000000, 0x000000,
    0x000000, 0x000000, 0x000000, 0x000000, 0x8feefe, 0x000000, 0x000000, 0x000000, 0x000000,
    0x000000, 0x000000, 0x000000, 0x000000, 0x000000, 0x000000, 0x000000, 0x000000, 0x000000,
    0x000000, 0x000000, 0x000000, 0x000000, 0x000000, 0x000000, 0x000000, 0x000000, 0x000000,
    0x000000, 0x000000, 0x000000, 0x000000, 0x000000, 0x000000, 0x000000, 0x000000, 0x000000,
    0x000000, 0x000000, 0x000000, 0x000000, 0x000000, 0x8fefc0, 0x000000, 0x000000, 0x000000,
    0x000000, 0x000000, 0x000000, 0x000000, 0x000000, 0x000000, 0x000000, 0x000000, 0x000000,
    0x000000, 0x000000, 0x000000, 0x000000, 0x000000, 0x000000, 0x000000, 0x000000, 0x000000,
    0x000000, 0x000000, 0x000000, 0x000000, 0x000000, 0x000000, 0x8fefd4, 0x000000, 0x000000,
    0x000000, 0x000000, 0x000000, 0x000000, 0x000000, 0x000000, 0x000000, 0x000000, 0x000000,
    0x000000, 0x000000, 0x000000, 0x000000, 0x000000, 0x000000, 0x000000, 0x000000, 0x000000,
    0x000000, 0x000000, 0x000000, 0x000000, 0x000000, 0x000000, 0x000000, 0x000000, 0x000000,
    0x000000, 0x000000, 0x000000, 0x000000, 0x000000, 0x000000, 0x000000, 0x000000, 0x8feff0,
    0x000000, 0x000000, 0x000000, 0x000000, 0x000000, 0x000000, 0x000000, 0x000000, 0x000000,
    0x000000, 0x000000, 0x000000, 0x000000, 0x000000, 0x000000, 0x000000, 0x000000, 0x000000,
    0x000000, 0x8feff7, 0x000000, 0x000000, 0x000000, 0x000000, 0x000000, 0x000000, 0x000000,
    0x000000, 0x000000, 0x000000, 0x000000, 0x000000, 0x000000, 0x000000, 0x000000, 0x000000,
    0x000000, 0x000000, 0x000000, 0x000000, 0x000000, 0x000000, 0x000000, 0x000000, 0x000000,
    0x000000, 0x000000, 0x000000, 0x000000, 0x000000, 0x000000, 0x000000, 0x000000, 0x000000,
    0x000000, 0x000000, 0x000000, 0x000000, 0x000000, 0x000000, 0x000000, 0x000000, 0x000000,
    0x8ff0a8, 0x000000, 0x000000, 0x000000, 0x000000, 0x000000, 0x000000, 0x000000, 0x000000,
    0x000000, 0x000000, 0x000000, 0x000000, 0x000000, 0x000000, 0x000000, 0x000000, 0x000000,
    0x000000, 0x000000, 0x000000, 0x000000, 0x000000, 0x000000, 0x000000, 0x000000, 0x000000,
    0x000000, 0x000000, 0x000000, 0x000000, 0x000000, 0x000000, 0x000000, 0x000000, 0x000000,
    0x000000, 0x000000, 0x000000, 0x000000, 0x000000, 0x000000, 0x000000, 0x000000, 0x000000,
    0x000000, 0x000000, 0x000000, 0x000000, 0x000000, 0x000000, 0x000000, 0x000000, 0x000000,
    0x000000, 0x000000, 0x000000, 0x000000, 0x00f7e6, 0x000000, 0x000000, 0x000000, 0x000000,
    0x000000, 0x000000, 0x000000, 0x000000, 0x000000, 0x000000, 0x000000, 0x000000, 0x000000,
    0x000000, 0x000000, 0x000000, 0x000000, 0x000000, 0x000000, 0x000000, 0x000000, 0x000000,
    0x000000, 0x000000, 0x000000, 0x000000, 0x000000, 0x000000, 0x000000, 0x000000, 0x000000,
    0x000000, 0x8ff0bf, 0x000000, 0x000000, 0x000000, 0x000000, 0x000000, 0x8ff0c1, 0x000000,
    0x8ff0c2, 0x000000, 0x000000, 0x000000, 0x000000, 0x000000, 0x000000, 0x000000, 0x000000,
    0x000000, 0x000000, 0x000000, 0x000000, 0x000000, 0x000000, 0x000000, 0x000000, 0x000000,
    0x000000, 0x000000, 0x000000, 0x000000, 0x000000, 0x000000, 0x8ff0c9, 0x000000, 0x000000,
    0x000000, 0x000000, 0x000000, 0x000000, 0x000000, 0x000000, 0x000000, 0x000000, 0x000000,
    0x000000, 0x000000, 0x000000, 0x000000, 0x000000, 0x8ff0d0, 0x000000, 0x000000, 0x000000,
    0x000000, 0x000000, 0x000000, 0x000000, 0x000000, 0x000000, 0x000000, 0x000000, 0x000000,
    0x000000, 0x000000, 0x000000, 0x000000, 0x000000, 0x000000, 0x000000, 0x000000, 0x000000,
    0x000000, 0x000000, 0x000000, 0x000000, 0x000000, 0x000000, 0x000000, 0x000000, 0x000000,
    0x000000, 0x000000, 0x000000, 0x000000, 0x000000, 0x000000, 0x000000, 0x000000, 0x000000,
    0x000000, 0x000000, 0x000000, 0x000000, 0x8ff1b4, 0x000000, 0x000000, 0x000000, 0x000000,
    0x000000, 0x000000, 0x000000, 0x000000, 0x000000, 0x000000, 0x000000, 0x000000, 0x000000,
    0x000000, 0x000000, 0x000000, 0x000000, 0x000000, 0x000000, 0x000000, 0x000000, 0x000000,
    0x000000, 0x000000, 0x000000, 0x000000, 0x00f8cd, 0x000000, 0x000000, 0x8ff1c6, 0x000000,
    0x8ff1c8, 0x000000, 0x000000, 0x000000, 0x000000, 0x000000, 0x000000, 0x000000, 0x000000,
    0x000000, 0x000000, 0x000000, 0x000000, 0x000000, 0x000000, 0x000000, 0x000000, 0x000000,
    0x000000, 0x000000, 0x000000, 0x000000, 0x000000, 0x000000, 0x000000, 0x000000, 0x000000,
    0x000000, 0x000000, 0x000000, 0x000000, 0x000000, 0x000000, 0x000000, 0x000000, 0x000000,
    0x000000, 0x000000, 0x000000, 0x000000, 0x000000, 0x000000, 0x000000, 0x000000, 0x000000,
    0x000000, 0x000000, 0x8ff1dc, 0x000000, 0x000000, 0x000000, 0x000000, 0x000000, 0x000000,
    0x000000, 0x000000, 0x000000, 0x000000, 0x000000, 0x000000, 0x000000, 0x000000, 0x000000,
    0x000000, 0x000000, 0x8ff1e7, 0x000000, 0x000000, 0x000000, 0x000000, 0x000000, 0x000000,
    0x000000, 0x000000, 0x000000, 0x000000, 0x000000, 0x000000, 0x000000, 0x8ff1ec, 0x000000,
    0x000000, 0x000000, 0x000000, 0x000000, 0x000000, 0x000000, 0x000000, 0x000000, 0x000000,
    0x000000, 0x000000, 0x000000, 0x000000, 0x000000, 0x000000, 0x000000, 0x000000, 0x000000,
    0x000000, 0x000000, 0x000000, 0x000000, 0x000000, 0x000000, 0x000000, 0x000000, 0x000000,
    0x000000, 0x000000, 0x000000, 0x000000, 0x000000, 0x000000, 0x000000, 0x000000, 0x000000,
    0x000000, 0x000000, 0x000000, 0x000000, 0x000000, 0x000000, 0x000000, 0x000000, 0x000000,
    0x000000, 0x000000, 0x000000, 0x000000, 0x000000, 0x000000, 0x000000, 0x000000, 0x000000,
    0x000000, 0x000000, 0x8ff2a2, 0x000000, 0x000000, 0x000000, 0x000000, 0x000000, 0x000000,
    0x000000, 0x000000, 0x000000, 0x000000, 0x000000, 0x000000, 0x000000, 0x000000, 0x000000,
    0x000000, 0x000000, 0x000000, 0x000000, 0x000000, 0x000000, 0x000000, 0x000000, 0x000000,
    0x8ff2ad, 0x000000, 0x000000, 0x000000, 0x000000, 0x000000, 0x000000, 0x000000, 0x000000,
    0x000000, 0x000000, 0x000000, 0x000000, 0x000000, 0x000000, 0x000000, 0x000000, 0x000000,
    0x000000, 0x000000, 0x000000, 0x000000, 0x000000, 0x000000, 0x000000, 0x000000, 0x000000,
    0x000000, 0x000000, 0x000000, 0x000000, 0x000000, 0x000000, 0x000000, 0x000000, 0x000000,
    0x000000, 0x000000, 0x000000, 0x000000, 0x8ff2b9, 0x000000, 0x000000, 0x000000, 0x000000,
    0x000000, 0x000000, 0x000000, 0x000000, 0x000000, 0x000000, 0x000000, 0x000000, 0x000000,
    0x000000, 0x000000, 0x000000, 0x000000, 0x000000, 0x000000, 0x000000, 0x000000, 0x000000,
    0x000000, 0x000000, 0x000000, 0x000000, 0x000000, 0x000000, 0x000000, 0x000000, 0x000000,
    0x000000, 0x000000, 0x000000, 0x000000, 0x000000, 0x000000, 0x000000, 0x000000, 0x000000,
    0x000000, 0x000000, 0x000000, 0x000000, 0x8ff2e4, 0x000000, 0x000000, 0x000000, 0x000000,
    0x000000, 0x000000, 0x000000, 0x000000, 0x000000, 0x000000, 0x000000, 0x000000, 0x000000,
    0x000000, 0x000000, 0x000000, 0x000000, 0x000000, 0x000000, 0x000000, 0x000000, 0x000000,
    0x000000, 0x000000, 0x000000, 0x000000, 0x000000, 0x000000, 0x000000, 0x000000, 0x000000,
    0x000000, 0x000000, 0x000000, 0x000000, 0x000000, 0x000000, 0x000000, 0x000000, 0x000000,
    0x000000, 0x000000, 0x000000, 0x000000, 0x000000, 0x000000, 0x000000, 0x000000, 0x000000,
    0x000000, 0x000000, 0x000000, 0x000000, 0x000000, 0x000000, 0x000000, 0x000000, 0x000000,
    0x8ff2f4, 0x000000, 0x000000, 0x000000, 0x000000, 0x000000, 0x000000, 0x8ff2f7, 0x000000,
    0x000000, 0x000000, 0x000000, 0x000000, 0x000000, 0x000000, 0x000000, 0x000000, 0x000000,
    0x000000, 0x000000, 0x000000, 0x000000, 0x000000, 0x000000, 0x000000, 0x000000, 0x000000,
    0x8ff2fd, 0x000000, 0x000000, 0x000000, 0x000000, 0x000000, 0x000000, 0x000000, 0x000000,
    0x000000, 0x000000, 0x000000, 0x000000, 0x000000, 0x000000, 0x000000, 0x000000, 0x000000,
    0x000000, 0x000000, 0x000000, 0x000000, 0x000000, 0x000000, 0x000000, 0x000000, 0x000000,
    0x000000, 0x000000, 0x000000, 0x000000, 0x000000, 0x000000, 0x000000, 0x000000, 0x000000,
    0x000000, 0x000000, 0x000000, 0x000000, 0x000000, 0x000000, 0x000000, 0x000000, 0x000000,
    0x000000, 0x000000, 0x000000, 0x000000, 0x000000, 0x000000, 0x000000, 0x000000, 0x8ff3b3,
    0x000000, 0x000000, 0x000000, 0x000000, 0x000000, 0x000000, 0x000000, 0x000000, 0x000000,
    0x000000, 0x8ff3b7, 0x000000, 0x000000, 0x000000, 0x000000, 0x000000, 0x000000, 0x000000,
    0x000000, 0x000000, 0x000000, 0x000000, 0x000000, 0x000000, 0x000000, 0x000000, 0x000000,
    0x000000, 0x000000, 0x000000, 0x000000, 0x000000, 0x000000, 0x000000, 0x000000, 0x000000,
    0x000000, 0x000000, 0x000000, 0x000000, 0x000000, 0x000000, 0x000000, 0x000000, 0x000000,
    0x000000, 0x000000, 0x000000, 0x000000, 0x8ff3c7, 0x000000, 0x000000, 0x000000, 0x000000,
    0x000000, 0x000000, 0x000000, 0x8ff3cb, 0x000000, 0x000000, 0x000000, 0x000000, 0x8ff3c8,
    0x000000, 0x000000, 0x000000, 0x000000, 0x000000, 0x000000, 0x000000, 0x000000, 0x000000,
    0x000000, 0x000000, 0x000000, 0x8ff3d3, 0x000000, 0x000000, 0x000000, 0x000000, 0x000000,
    0x000000, 0x8ff3d7, 0x000000, 0x000000, 0x000000, 0x000000, 0x000000, 0x000000, 0x000000,
    0x000000, 0x000000, 0x000000, 0x000000, 0x000000, 0x000000, 0x000000, 0x000000, 0x000000,
    0x000000, 0x000000, 0x000000, 0x000000, 0x000000, 0x000000, 0x000000, 0x000000, 0x000000,
    0x000000, 0x000000, 0x000000, 0x000000, 0x000000, 0x000000, 0x000000, 0x000000, 0x000000,
    0x000000, 0x000000, 0x000000, 0x000000, 0x000000, 0x000000, 0x000000, 0x000000, 0x000000,
    0x000000, 0x000000, 0x000000, 0x000000, 0x000000, 0x000000, 0x00f9ed, 0x000000, 0x000000,
    0x000000, 0x000000, 0x000000, 0x000000, 0x000000, 0x000000, 0x000000, 0x000000, 0x000000,
    0x000000, 0x000000, 0x000000, 0x000000, 0x000000, 0x000000, 0x000000, 0x000000, 0x000000,
    0x000000, 0x000000, 0x000000, 0x000000, 0x000000, 0x000000, 0x000000, 0x8ff4ab, 0x000000,
    0x000000, 0x000000, 0x000000, 0x000000, 0x000000, 0x000000, 0x000000, 0x000000, 0x000000,
    0x000000, 0x000000, 0x000000, 0x000000, 0x000000, 0x8ff4b6, 0x000000, 0x000000, 0x000000,
    0x000000, 0x000000, 0x000000, 0x8ff4bb, 0x000000, 0x000000, 0x000000, 0x000000, 0x000000,
    0x000000, 0x000000, 0x000000, 0x000000, 0x000000, 0x000000, 0x000000, 0x000000, 0x000000,
    0x000000, 0x000000, 0x000000, 0x000000, 0x000000, 0x000000, 0x000000, 0x000000, 0x000000,
    0x000000, 0x000000, 0x000000, 0x000000, 0x000000, 0x000000, 0x000000, 0x000000, 0x000000,
    0x000000, 0x000000, 0x8ff4ce, 0x000000, 0x000000, 0x000000, 0x000000, 0x000000, 0x000000,
    0x000000, 0x000000, 0x000000, 0x000000, 0x000000, 0x000000, 0x000000, 0x000000, 0x000000,
    0x000000, 0x000000, 0x000000, 0x000000, 0x000000, 0x000000, 0x000000, 0x000000, 0x000000,
    0x000000, 0x000000, 0x000000, 0x000000, 0x000000, 0x000000, 0x000000, 0x000000, 0x000000,
    0x000000, 0x000000, 0x000000, 0x000000, 0x000000, 0x000000, 0x000000, 0x8ff4dd, 0x000000,
    0x000000, 0x000000, 0x000000, 0x000000, 0x000000, 0x000000, 0x000000, 0x000000, 0x000000,
    0x000000, 0x000000, 0x000000, 0x000000, 0x000000, 0x000000, 0x000000, 0x000000, 0x000000,
    0x000000, 0x8ff4e1, 0x000000, 0x000000, 0x000000, 0x000000, 0x000000, 0x000000, 0x000000,
    0x000000, 0x000000, 0x000000, 0x000000, 0x000000, 0x000000, 0x000000, 0x000000, 0x000000,
    0x000000, 0x000000, 0x000000, 0x000000, 0x000000, 0x000000, 0x000000, 0x000000, 0x000000,
    0x000000, 0x000000, 0x000000, 0x000000, 0x000000, 0x000000, 0x000000, 0x000000, 0x000000,
    0x000000, 0x000000, 0x000000, 0x000000, 0x000000, 0x000000, 0x000000, 0x000000, 0x000000,
    0x000000, 0x000000, 0x000000, 0x000000, 0x000000, 0x000000, 0x000000, 0x000000, 0x000000,
    0x000000, 0x000000, 0x000000, 0x000000, 0x000000, 0x000000, 0x000000, 0x000000, 0x8ff5be,
    0x000000, 0x8ff5c2, 0x000000, 0x000000, 0x000000, 0x000000, 0x000000, 0x000000, 0x000000,
    0x000000, 0x000000, 0x000000, 0x000000, 0x000000, 0x000000, 0x000000, 0x000000, 0x8ff5c8,
    0x000000, 0x000000, 0x000000, 0x000000, 0x000000, 0x000000, 0x000000, 0x000000, 0x000000,
    0x000000, 0x000000, 0x000000, 0x000000, 0x000000, 0x8ff5ca, 0x000000, 0x000000, 0x000000,
    0x000000, 0x8ff5cc, 0x000000, 0x000000, 0x000000, 0x000000, 0x000000, 0x8ff5cf, 0x000000,
    0x000000, 0x000000, 0x000000, 0x000000, 0x000000, 0x000000, 0x000000, 0x000000, 0x000000,
    0x000000, 0x000000, 0x000000, 0x000000, 0x000000, 0x000000, 0x000000, 0x000000, 0x000000,
    0x000000, 0x000000, 0x000000, 0x000000, 0x000000, 0x000000, 0x000000, 0x000000, 0x000000,
    0x000000, 0x00fad9, 0x000000, 0x000000, 0x000000, 0x000000, 0x000000, 0x000000, 0x000000,
    0x00fada, 0x000000, 0x000000, 0x000000, 0x000000, 0x000000, 0x000000, 0x000000, 0x000000,
    0x000000, 0x000000, 0x000000, 0x000000, 0x000000, 0x000000, 0x000000, 0x000000, 0x000000,
    0x000000, 0x000000, 0x000000, 0x000000, 0x000000, 0x000000, 0x000000, 0x000000, 0x000000,
    0x8ff5ec, 0x000000, 0x000000, 0x000000, 0x8ff5ee, 0x000000, 0x000000, 0x000000, 0x000000,
    0x000000, 0x000000, 0x000000, 0x000000, 0x000000, 0x000000, 0x000000, 0x000000, 0x000000,
    0x000000, 0x000000, 0x000000, 0x000000, 0x8ff5f7, 0x000000, 0x000000, 0x000000, 0x000000,
    0x000000, 0x000000, 0x000000, 0x000000, 0x000000, 0x000000, 0x000000, 0x000000, 0x000000,
    0x000000, 0x000000, 0x000000, 0x000000, 0x000000, 0x000000, 0x000000, 0x000000, 0x000000,
    0x000000, 0x000000, 0x000000, 0x000000, 0x000000, 0x000000, 0x000000, 0x000000, 0x000000,
    0x000000, 0x000000, 0x8ff6b5, 0x000000, 0x000000, 0x000000, 0x000000, 0x000000, 0x000000,
    0x000000, 0x000000, 0x000000, 0x000000, 0x8ff6b2, 0x000000, 0x000000, 0x000000, 0x000000,
    0x000000, 0x000000, 0x000000, 0x000000, 0x000000, 0x000000, 0x000000, 0x000000, 0x000000,
    0x000000, 0x000000, 0x000000, 0x000000, 0x000000, 0x000000, 0x000000, 0x8ff6b4, 0x000000,
    0x000000, 0x000000, 0x000000, 0x000000, 0x000000, 0x000000, 0x000000, 0x000000, 0x000000,
    0x000000, 0x000000, 0x000000, 0x000000, 0x000000, 0x000000, 0x000000, 0x000000, 0x000000,
    0x000000, 0x000000, 0x000000, 0x000000, 0x000000, 0x000000, 0x000000, 0x000000, 0x000000,
    0x000000, 0x000000, 0x000000, 0x000000, 0x000000, 0x000000, 0x000000, 0x000000, 0x000000,
    0x000000, 0x000000, 0x000000, 0x000000, 0x000000, 0x000000, 0x8ff6d9, 0x000000, 0x000000,
    0x000000, 0x000000, 0x8ff6d4, 0x000000, 0x000000, 0x000000, 0x000000, 0x000000, 0x000000,
    0x000000, 0x000000, 0x000000, 0x000000, 0x000000, 0x000000, 0x000000, 0x000000, 0x000000,
    0x000000, 0x000000, 0x000000, 0x000000, 0x000000, 0x000000, 0x000000, 0x000000, 0x8ff6ed,
    0x000000, 0x000000, 0x000000, 0x000000, 0x000000, 0x000000, 0x000000, 0x000000, 0x000000,
    0x000000, 0x000000, 0x000000, 0x000000, 0x000000, 0x000000, 0x000000, 0x000000, 0x000000,
    0x000000, 0x000000, 0x000000, 0x000000, 0x000000, 0x000000, 0x000000, 0x000000, 0x8ff6ee,
    0x000000, 0x000000, 0x000000, 0x000000, 0x000000, 0x000000, 0x000000, 0x000000, 0x000000,
    0x000000, 0x000000, 0x000000, 0x000000, 0x000000, 0x000000, 0x000000, 0x000000, 0x000000,
    0x000000, 0x000000, 0x000000, 0x000000, 0x000000, 0x000000, 0x000000, 0x000000, 0x000000,
    0x000000, 0x000000, 0x000000, 0x000000, 0x000000, 0x000000, 0x000000, 0x000000, 0x000000,
    0x000000, 0x000000, 0x000000, 0x000000, 0x000000, 0x000000, 0x000000, 0x000000, 0x000000,
    0x000000, 0x000000, 0x000000, 0x000000, 0x000000, 0x000000, 0x000000, 0x000000, 0x000000,
    0x000000, 0x000000, 0x000000, 0x000000, 0x000000, 0x000000, 0x00fbd1, 0x000000, 0x000000,
    0x000000, 0x000000, 0x000000, 0x000000, 0x000000, 0x000000, 0x000000, 0x000000, 0x000000,
    0x000000, 0x000000, 0x000000, 0x000000, 0x000000, 0x000000, 0x000000, 0x000000, 0x000000,
    0x000000, 0x000000, 0x000000, 0x000000, 0x000000, 0x000000, 0x8ff7cf, 0x000000, 0x000000,
    0x000000, 0x000000, 0x000000, 0x000000, 0x000000, 0x000000, 0x000000, 0x000000, 0x000000,
    0x000000, 0x000000, 0x000000, 0x000000, 0x000000, 0x000000, 0x000000, 0x000000, 0x000000,
    0x000000, 0x000000, 0x000000, 0x000000, 0x000000, 0x000000, 0x000000, 0x000000, 0x000000,
    0x000000, 0x000000, 0x000000, 0x000000, 0x000000, 0x000000, 0x000000, 0x000000, 0x8ff7ec,
    0x000000, 0x000000, 0x000000, 0x000000, 0x00fbe0, 0x000000, 0x000000, 0x000000, 0x000000,
    0x000000, 0x000000, 0x000000, 0x000000, 0x000000, 0x000000, 0x000000, 0x000000, 0x000000,
    0x000000, 0x000000, 0x000000, 0x000000, 0x000000, 0x000000, 0x000000, 0x000000, 0x8ff8a4,
    0x000000, 0x000000, 0x000000, 0x000000, 0x000000, 0x000000, 0x000000, 0x000000, 0x000000,
    0x000000, 0x000000, 0x000000, 0x000000, 0x000000, 0x000000, 0x000000, 0x000000, 0x000000,
    0x000000, 0x000000, 0x000000, 0x000000, 0x000000, 0x000000, 0x000000, 0x000000, 0x000000,
    0x000000, 0x000000, 0x000000, 0x000000, 0x000000, 0x000000, 0x000000, 0x000000, 0x000000,
    0x000000, 0x000000, 0x000000, 0x000000, 0x000000, 0x000000, 0x000000, 0x000000, 0x000000,
    0x000000, 0x000000, 0x000000, 0x8ff8ba, 0x000000, 0x000000, 0x000000, 0x000000, 0x000000,
    0x000000, 0x000000, 0x000000, 0x000000, 0x000000, 0x000000, 0x000000, 0x000000, 0x000000,
    0x000000, 0x000000, 0x000000, 0x000000, 0x000000, 0x000000, 0x000000, 0x000000, 0x000000,
    0x000000, 0x000000, 0x000000, 0x000000, 0x000000, 0x000000, 0x000000, 0x000000, 0x000000,
    0x000000, 0x000000, 0x000000, 0x8ff8c3, 0x000000, 0x000000, 0x000000, 0x000000, 0x000000,
    0x000000, 0x000000, 0x000000, 0x000000, 0x000000, 0x000000, 0x000000, 0x000000, 0x000000,
    0x000000, 0x000000, 0x000000, 0x000000, 0x000000, 0x000000, 0x000000, 0x000000, 0x000000,
    0x000000, 0x000000, 0x000000, 0x000000, 0x000000, 0x000000, 0x000000, 0x000000, 0x000000,
    0x000000, 0x8ff8ce, 0x000000, 0x000000, 0x000000, 0x000000, 0x000000, 0x000000, 0x000000,
    0x000000, 0x000000, 0x000000, 0x000000, 0x000000, 0x000000, 0x8ff8d3, 0x000000, 0x000000,
    0x000000, 0x000000, 0x000000, 0x000000, 0x000000, 0x000000, 0x000000, 0x000000, 0x000000,
    0x000000, 0x000000, 0x000000, 0x000000, 0x000000, 0x8ff8eb, 0x000000, 0x000000, 0x000000,
    0x000000, 0x000000, 0x000000, 0x000000, 0x000000, 0x000000, 0x000000, 0x000000, 0x000000,
    0x000000, 0x000000, 0x000000, 0x000000, 0x000000, 0x000000, 0x000000, 0x000000, 0x000000,
    0x000000, 0x000000, 0x000000, 0x000000, 0x000000, 0x000000, 0x000000, 0x000000, 0x000000,
    0x000000, 0x000000, 0x000000, 0x000000, 0x000000, 0x000000, 0x000000, 0x000000, 0x000000,
    0x000000, 0x000000, 0x000000, 0x000000, 0x000000, 0x000000, 0x000000, 0x000000, 0x000000,
    0x000000, 0x000000, 0x000000, 0x8ff9a9, 0x000000, 0x000000, 0x000000, 0x000000, 0x000000,
    0x000000, 0x000000, 0x000000, 0x000000, 0x000000, 0x000000, 0x000000, 0x000000, 0x000000,
    0x000000, 0x000000, 0x000000, 0x000000, 0x000000, 0x000000, 0x000000, 0x000000, 0x000000,
    0x000000, 0x000000, 0x000000, 0x000000, 0x000000, 0x000000, 0x000000, 0x000000, 0x000000,
    0x000000, 0x000000, 0x000000, 0x000000, 0x000000, 0x000000, 0x000000, 0x000000, 0x000000,
    0x000000, 0x000000, 0x000000, 0x000000, 0x000000, 0x000000, 0x000000, 0x000000, 0x000000,
    0x000000, 0x000000, 0x000000, 0x000000, 0x000000, 0x000000, 0x000000, 0x000000, 0x000000,
    0x000000, 0x000000, 0x8ff9bf, 0x000000, 0x000000, 0x000000, 0x000000, 0x000000, 0x000000,
    0x000000, 0x000000, 0x000000, 0x000000, 0x000000, 0x000000, 0x000000, 0x000000, 0x000000,
    0x000000, 0x000000, 0x000000, 0x000000, 0x000000, 0x000000, 0x000000, 0x8ff9c9, 0x000000,
    0x000000, 0x000000, 0x000000, 0x000000, 0x000000, 0x000000, 0x000000, 0x000000, 0x000000,
    0x000000, 0x000000, 0x000000, 0x000000, 0x000000, 0x000000, 0x000000, 0x000000, 0x000000,
    0x000000, 0x000000, 0x000000, 0x000000, 0x000000, 0x000000, 0x000000, 0x000000, 0x000000,
    0x000000, 0x000000, 0x000000, 0x000000, 0x000000, 0x000000, 0x000000, 0x000000, 0x000000,
    0x000000, 0x000000, 0x000000, 0x000000, 0x00fccb, 0x000000, 0x000000, 0x000000, 0x000000,
    0x000000, 0x000000, 0x000000, 0x000000, 0x000000, 0x8ff9dc, 0x000000, 0x000000, 0x000000,
    0x000000, 0x000000, 0x000000, 0x000000, 0x000000, 0x000000, 0x000000, 0x000000, 0x000000,
    0x000000, 0x000000, 0x000000, 0x000000, 0x000000, 0x000000, 0x000000, 0x000000, 0x000000,
    0x000000, 0x000000, 0x000000, 0x000000, 0x000000, 0x000000, 0x000000, 0x000000, 0x000000,
    0x000000, 0x000000, 0x000000, 0x000000, 0x000000, 0x000000, 0x000000, 0x000000, 0x000000,
    0x000000, 0x000000, 0x000000, 0x000000, 0x000000, 0x000000, 0x000000, 0x000000, 0x000000,
    0x000000, 0x000000, 0x000000, 0x000000, 0x000000, 0x8ffaa7, 0x000000, 0x000000, 0x000000,
    0x000000, 0x000000, 0x000000, 0x000000, 0x000000, 0x000000, 0x000000, 0x000000, 0x000000,
    0x000000, 0x000000, 0x000000, 0x000000, 0x000000, 0x000000, 0x000000, 0x000000, 0x000000,
    0x000000, 0x000000, 0x000000, 0x000000, 0x000000, 0x000000, 0x000000, 0x000000, 0x000000,
    0x000000, 0x000000, 0x000000, 0x000000, 0x000000, 0x000000, 0x000000, 0x000000, 0x000000,
    0x000000, 0x000000, 0x000000, 0x000000, 0x000000, 0x000000, 0x000000, 0x000000, 0x000000,
    0x00fdd8, 0x000000, 0x000000, 0x000000, 0x000000, 0x000000, 0x000000, 0x000000, 0x000000,
    0x000000, 0x000000, 0x000000, 0x000000, 0x000000, 0x000000, 0x000000, 0x000000, 0x000000,
    0x000000, 0x000000, 0x000000, 0x000000, 0x000000, 0x000000, 0x000000, 0x000000, 0x000000,
    0x000000, 0x000000, 0x000000, 0x000000, 0x000000, 0x000000, 0x000000, 0x000000, 0x000000,
    0x000000, 0x000000, 0x000000, 0x000000, 0x8ffbea, 0x000000, 0x000000, 0x000000, 0x000000,
    0x000000, 0x000000, 0x000000, 0x000000, 0x000000, 0x000000, 0x000000, 0x000000, 0x000000,
    0x000000, 0x000000, 0x000000, 0x000000, 0x000000, 0x8ffbf0, 0x000000, 0x000000, 0x000000,
    0x000000, 0x000000, 0x8ffbf5, 0x000000, 0x000000, 0x000000, 0x000000, 0x000000, 0x000000,
    0x000000, 0x000000, 0x000000, 0x000000, 0x000000, 0x000000, 0x000000, 0x000000, 0x000000,
    0x000000, 0x000000, 0x000000, 0x000000, 0x000000, 0x000000, 0x000000, 0x000000, 0x000000,
    0x000000, 0x000000, 0x000000, 0x000000, 0x000000, 0x000000, 0x000000, 0x000000, 0x000000,
    0x000000, 0x000000, 0x000000, 0x8ffbf8, 0x000000, 0x000000, 0x000000, 0x000000, 0x000000,
    0x000000, 0x000000, 0x000000, 0x000000, 0x000000, 0x000000, 0x000000, 0x000000, 0x000000,
    0x000000, 0x000000, 0x000000, 0x000000, 0x000000, 0x000000, 0x000000, 0x000000, 0x000000,
    0x000000, 0x000000, 0x000000, 0x000000, 0x000000, 0x000000, 0x000000, 0x000000, 0x000000,
    0x000000, 0x000000, 0x000000, 0x000000, 0x000000, 0x000000, 0x000000, 0x000000, 0x000000,
    0x000000, 0x000000, 0x000000, 0x000000, 0x000000, 0x000000, 0x000000, 0x000000, 0x000000,
    0x000000, 0x000000, 0x000000, 0x000000, 0x000000, 0x000000, 0x000000, 0x000000, 0x000000,
    0x000000, 0x8ffcb7, 0x000000, 0x000000, 0x000000, 0x000000, 0x000000, 0x000000, 0x000000,
    0x000000, 0x000000, 0x000000, 0x000000, 0x000000, 0x000000, 0x000000, 0x000000, 0x000000,
    0x000000, 0x000000, 0x000000, 0x000000, 0x000000, 0x000000, 0x000000, 0x000000, 0x000000,
    0x000000, 0x000000, 0x000000, 0x000000, 0x000000, 0x000000, 0x000000, 0x000000, 0x000000,
    0x000000, 0x000000, 0x000000, 0x000000, 0x000000, 0x000000, 0x000000, 0x000000, 0x000000,
    0x000000, 0x000000, 0x000000, 0x000000, 0x000000, 0x000000, 0x000000, 0x000000, 0x000000,
    0x000000, 0x000000, 0x000000, 0x000000, 0x000000, 0x000000, 0x000000, 0x8ffcd5, 0x000000,
    0x000000, 0x000000, 0x000000, 0x8ffda6, 0x000000, 0x000000, 0x000000, 0x000000, 0x000000,
    0x000000, 0x000000, 0x8ffda8, 0x000000, 0x000000, 0x000000, 0x000000, 0x000000, 0x000000,
    0x000000, 0x8ffdaa, 0x000000, 0x000000, 0x000000, 0x000000, 0x000000, 0x000000, 0x000000,
    0x000000, 0x000000, 0x000000, 0x000000, 0x000000, 0x000000, 0x000000, 0x000000, 0x000000,
    0x000000, 0x000000, 0x000000, 0x000000, 0x000000, 0x8ffdb1, 0x000000, 0x000000, 0x000000,
    0x000000, 0x000000, 0x000000, 0x000000, 0x000000, 0x000000, 0x000000, 0x000000, 0x000000,
    0x000000, 0x000000, 0x000000, 0x000000, 0x000000, 0x000000, 0x000000, 0x000000, 0x000000,
    0x000000, 0x000000, 0x00febe, 0x000000, 0x000000, 0x000000, 0x000000, 0x000000, 0x000000,
    0x000000, 0x000000, 0x8ffdbf, 0x000000, 0x000000, 0x000000, 0x000000, 0x000000, 0x000000,
    0x000000, 0x000000, 0x000000, 0x000000, 0x000000, 0x000000, 0x000000, 0x000000, 0x000000,
    0x000000, 0x000000, 0x000000, 0x000000, 0x000000, 0x000000, 0x000000, 0x000000, 0x000000,
    0x000000, 0x000000, 0x000000, 0x000000, 0x000000, 0x000000, 0x000000, 0x8ffeaa, 0x000000,
    0x000000, 0x000000, 0x000000, 0x000000, 0x000000, 0x000000, 0x000000, 0x000000, 0x000000,
    0x000000, 0x000000, 0x8ffead, 0x000000, 0x000000, 0x000000, 0x000000, 0x000000, 0x000000,
    0x000000, 0x000000, 0x000000, 0x000000, 0x000000, 0x000000, 0x000000, 0x000000, 0x000000,
    0x000000, 0x000000, 0x000000, 0x000000, 0x000000, 0x000000, 0x000000, 0x000000, 0x000000,
    0x000000, 0x000000, 0x000000, 0x000000, 0x000000, 0x000000, 0x000000, 0x000000, 0x000000,
    0x000000, 0x000000, 0x000000, 0x000000, 0x000000, 0x000000, 0x000000, 0x000000, 0x000000,
    0x000000, 0x000000, 0x000000, 0x000000, 0x8ffecb, 0x000000, 0x000000, 0x000000, 0x000000,
    0x000000, 0x000000, 0x000000, 0x000000, 0x000000, 0x000000, 0x000000, 0x000000, 0x000000,
    0x000000, 0x000000, 0x000000, 0x000000, 0x000000, 0x000000, 0x000000, 0x000000, 0x000000,
    0x000000, 0x000000, 0x000000, 0x000000, 0x000000, 0x000000, 0x000000, 0x000000, 0x000000,
    0x000000, 0x000000, 0x000000, 0x000000, 0x000000, 0x000000, 0x000000, 0x000000, 0x000000,
    0x000000, 0x000000, 0x000000, 0x000000, 0x000000, 0x000000, 0x000000, 0x000000, 0x000000,
    0x000000, 0x000000, 0x000000, 0x000000, 0x000000, 0x000000, 0x000000, 0x8ffee0, 0x000000,
    0x000000, 0x000000, 0x000000, 0x000000, 0x000000, 0x000000, 0x000000, 0x00b0ec, 0x00c3fa,
    0x8fa1a2, 0x00bcb7, 0x000000, 0x000000, 0x000000, 0x00cbfc, 0x00bee6, 0x00bbb0, 0x00bee5,
    0x00b2bc, 0x000000, 0x00c9d4, 0x00cdbf, 0x8fa1a3, 0x00d0a2, 0x00b1af, 0x8fa1a4, 0x000000,
    0x00b3ee, 0x00d0a3, 0x00c0a4, 0x00d2c2, 0x00b5d6, 0x00caba, 0x000000, 0x000000, 0x000000,
    0x000000, 0x00bee7, 0x000000, 0x000000, 0x00cebe, 0x000000, 0x000000, 0x000000, 0x000000,
    0x00cac2, 0x000000, 0x00aea4, 0x8fa1a5, 0x00d0a4, 0x8fa1a6, 0x8ff0ae, 0x00c3e6, 0x8fa1a7,
    0x00aea5, 0x00aea6, 0x00d0a5, 0x00b6fa, 0x000000, 0x000000, 0x000000, 0x00d0a6, 0x000000,
    0x00b4dd, 0x00c3b0, 0x000000, 0x00bce7, 0x00d0a7, 0x000000, 0x000000, 0x00d0a8, 0x8fa1a8,
    0x000000, 0x00d0a9, 0x00c7b5, 0x000000, 0x00b5d7, 0x000000, 0x8fa1a9, 0x8fa1aa, 0x000000,
    0x000000, 0x00c7b7, 0x000000, 0x00c6e3, 0x00b8c3, 0x00cbb3, 0x000000, 0x8fa1ac, 0x000000,
    0x000000, 0x000000, 0x00e9c9, 0x00d0aa, 0x00bee8, 0x00d0ab, 0x00b2b5, 0x8fa1af, 0x000000,
    0x000000, 0x00b6e5, 0x00b8f0, 0x00cce9, 0x000000, 0x000000, 0x00d6a6, 0x000000, 0x000000,
    0x000000, 0x000000, 0x000000, 0x000000, 0x8fa1b0, 0x000000, 0x000000, 0x000000, 0x000000,
    0x000000, 0x000000, 0x000000, 0x00cdf0, 0x000000, 0x00c6fd, 0x000000, 0x000000, 0x000000,
    0x000000, 0x000000, 0x000000, 0x000000, 0x000000, 0x000000, 0x000000, 0x00b4a5, 0x000000,
    0x00b5b5, 0x000000, 0x00d0ac, 0x000000, 0x000000, 0x00d0ad, 0x00cebb, 0x000000, 0x00cdbd,
    0x00c1e8, 0x00d0af, 0x00bbf6, 0x00c6f3, 0x00aea7, 0x00d0b2, 0x000000, 0x000000, 0x00b1be,
    0x00b8df, 0x000000, 0x00b8de, 0x00b0e6, 0x000000, 0x000000, 0x00cfcb, 0x00cfca, 0x000000,
    0x00bab3, 0x00b0a1, 0x8fa1b1, 0x00d0b3, 0x00d0b4, 0x00d0b5, 0x00cbb4, 0x00d0b6, 0x000000,
    0x00b8f2, 0x00b0e7, 0x00cbf2, 0x000000, 0x00b5fc, 0x000000, 0x000000, 0x00b5fd, 0x00b5fe,
    0x00c4e2, 0x00cebc, 0x000000, 0x00d0b7, 0x000000, 0x000000, 0x00d0b8, 0x000000, 0x000000,
    0x00d0b9, 0x000000, 0x000000, 0x8fa1b4, 0x00bfcd, 0x8fa1b5, 0x8fa1b7, 0x000000, 0x000000,
    0x000000, 0x00bdba, 0x00bfce, 0x00d0be, 0x8fa1b8, 0x00d0bc, 0x000000, 0x00d0bd, 0x00b5d8,
    0x8fa1b9, 0x000000, 0x00baa3, 0x00b2f0, 0x000000, 0x00d0bb, 0x00d0ba, 0x00caa9, 0x8fa1ba,
    0x000000, 0x000000, 0x000000, 0x00bbc6, 0x00bbc5, 0x00c2be, 0x00d0bf, 0x00c9d5, 0x00c0e7,
    0x8fa1bc, 0x000000, 0x000000, 0x00a1b8, 0x00d0c0, 0x00d0c2, 0x000000, 0x00aea8, 0x000000,
    0x00c2e5, 0x00cee1, 0x00b0ca, 0x000000, 0x000000, 0x000000, 0x000000, 0x000000, 0x8fa1bb,
    0x000000, 0x00d0c1, 0x00b2be, 0x000000, 0x00b6c4, 0x8fa1bd, 0x00c3e7, 0x000000, 0x000000,
    0x8fa1be, 0x00b7ef, 0x00d0c3, 0x000000, 0x000000, 0x000000, 0x00c7a4, 0x000000, 0x00aea9,
    0x000000, 0x00aeaa, 0x8fa1bf, 0x00b4eb, 0x000000, 0x00aeab, 0x000000, 0x000000, 0x000000,
    0x000000, 0x000000, 0x00d0c4, 0x00b0cb, 0x00aeac, 0x000000, 0x00b8e0, 0x00b4ec, 0x00c9fa,
    0x00c8b2, 0x00b5d9, 0x000000, 0x000000, 0x000000, 0x000000, 0x8fa1c0, 0x000000, 0x000000,
    0x000000, 0x00b2f1, 0x000000, 0x00d0e7, 0x00c5c1, 0x000000, 0x000000, 0x000000, 0x000000,
    0x000000, 0x000000, 0x000000, 0x000000, 0x000000, 0x000000, 0x000000, 0x000000, 0x000000,
    0x000000, 0x000000, 0x000000, 0x000000, 0x00c7ec, 0x00d0c6, 0x000000, 0x000000, 0x000000,
    0x00c8bc, 0x000000, 0x00cee2, 0x8fa1c2, 0x00bfad, 0x000000, 0x00bbc7, 0x000000, 0x00bbf7,
    0x00b2c0, 0x8fa1c3, 0x000000, 0x000000, 0x000000, 0x00c4d1, 0x000000, 0x000000, 0x00c3a2,
    0x00d0ca, 0x00aeae, 0x00aeaf, 0x000000, 0x000000, 0x000000, 0x00b0cc, 0x00c4e3, 0x00bdbb,
    0x00bab4, 0x00cda4, 0x000000, 0x00c2ce, 0x8fa1c4, 0x00b2bf, 0x00aeb0, 0x00d0c9, 0x8fa1c5,
    0x00cdbe, 0x00d0c5, 0x00d0c7, 0x00baee, 0x00d0c8, 0x00d5a4, 0x00aeb1, 0x00aead, 0x000000,
    0x000000, 0x000000, 0x8fa1c1, 0x000000, 0x000000, 0x000000, 0x000000, 0x00d0d0, 0x00aeb2,
    0x000000, 0x00aeb3, 0x000000, 0x000000, 0x00d0d3, 0x00d0d1, 0x000000, 0x000000, 0x00b2c2,
    0x000000, 0x00cabb, 0x00d0cb, 0x8fa1c7, 0x8fa1c8, 0x000000, 0x8fa1c9, 0x00d0cf, 0x00b8f3,
    0x8fa1ca, 0x00aeb4, 0x00bbc8, 0x000000, 0x000000, 0x8fa1cb, 0x00b4a6, 0x000000, 0x8fa1cc,
    0x00d0d4, 0x000000, 0x00d0cc, 0x000000, 0x00aeb5, 0x00cee3, 0x000000, 0x00bbf8, 0x000000,
    0x00d0cd, 0x000000, 0x00d0d2, 0x8fa1cd, 0x000000, 0x00aeb6, 0x000000, 0x00d0d5, 0x00aeb7,
    0x00d0ce, 0x000000, 0x8fa1ce, 0x00b6a1, 0x000000, 0x00b0cd, 0x000000, 0x000000, 0x00b6a2,
    0x00b2c1, 0x000000, 0x000000, 0x000000, 0x000000, 0x000000, 0x000000, 0x000000, 0x000000,
    0x000000, 0x00d5a5, 0x000000, 0x00cbf9, 0x00c9ee, 0x00b8f4, 0x000000, 0x000000, 0x8fa1d0,
    0x000000, 0x000000, 0x00bfaf, 0x00ceb7, 0x000000, 0x000000, 0x000000, 0x000000, 0x000000,
    0x000000, 0x000000, 0x8fa1d1, 0x00cad8, 0x000000, 0x000000, 0x00b7b8, 0x00c2a5, 0x00b2e4,
    0x8fa1d2, 0x000000, 0x000000, 0x000000, 0x00aeb9, 0x00bdd3, 0x8fa1d3, 0x000000, 0x000000,
    0x00d0d9, 0x8fa1d4, 0x00d0de, 0x00d0dc, 0x8fa1d5, 0x000000, 0x00d0d7, 0x000000, 0x000000,
    0x00c2af, 0x00d0da, 0x000000, 0x00d0dd, 0x00d0db, 0x000000, 0x00cadd, 0x000000, 0x00d0d8,
    0x00aeba, 0x00bfae, 0x000000, 0x00cbf3, 0x00d0df, 0x00d0e0, 0x8fa1cf, 0x000000, 0x000000,
    0x000000, 0x000000, 0x000000, 0x000000, 0x000000, 0x00bda4, 0x00d0ed, 0x000000, 0x00aea1,
    0x8fa1d7, 0x00c7d0, 0x000000, 0x00c9b6, 0x00d0e8, 0x000000, 0x00caf0, 0x000000, 0x00b2b6,
    0x000000, 0x000000, 0x000000, 0x00d0ec, 0x000000, 0x8fa1d8, 0x00aebb, 0x00aebc, 0x000000,
    0x000000, 0x00d0e6, 0x00d0ef, 0x000000, 0x000000, 0x00c1d2, 0x000000, 0x00b8c4, 0x000000,
    0x00c7dc, 0x00aebd, 0x00e0c7, 0x8fa1d9, 0x00d0ee, 0x00c5dd, 0x8fa1da, 0x00d0e3, 0x000000,
    0x00b8f6, 0x000000, 0x00aebe, 0x00b8f5, 0x00d0e1, 0x000000, 0x8fa1db, 0x000000, 0x8fa1dc,
    0x00bcda, 0x000000, 0x00d0e9, 0x8fa1dd, 0x00caef, 0x00c3cd, 0x00d0e5, 0x00b7f1, 0x00aebf,
    0x00d0e2, 0x00d0ea, 0x00d0e4, 0x00ced1, 0x00d0eb, 0x00cfc1, 0x00aec0, 0x000000, 0x000000,
    0x000000, 0x000000, 0x000000, 0x000000, 0x000000, 0x00b6e6, 0x000000, 0x000000, 0x00b7f0,
    0x000000, 0x00aec2, 0x000000, 0x000000, 0x000000, 0x000000, 0x00aec1, 0x00aec3, 0x8fa1df,
    0x00d0f0, 0x000000, 0x000000, 0x8fa1e0, 0x00d0f1, 0x00d0f5, 0x00b0ce, 0x000000, 0x000000,
    0x000000, 0x000000, 0x8fa1e1, 0x00cad0, 0x00d0f4, 0x000000, 0x000000, 0x8fa1e2, 0x000000,
    0x00d0f3, 0x00d0f7, 0x8fa1e3, 0x000000, 0x000000, 0x00d0f6, 0x000000, 0x00c4e4, 0x000000,
    0x000000, 0x000000, 0x000000, 0x000000, 0x000000, 0x8fa1e4, 0x000000, 0x00b7f2, 0x8fa1e5,
    0x000000, 0x000000, 0x000000, 0x8fa1e6, 0x000000, 0x00d0f8, 0x000000, 0x000000, 0x000000,
    0x8fa1e7, 0x000000, 0x00bcc5, 0x000000, 0x00c2a6, 0x00c4e5, 0x00b6f6, 0x000000, 0x00d0f9,
    0x000000, 0x000000, 0x000000, 0x000000, 0x00b5b6, 0x000000, 0x000000, 0x00d0fa, 0x000000,
    0x000000, 0x000000, 0x000000, 0x00d0fc, 0x000000, 0x000000, 0x8fa1e9, 0x000000, 0x000000,
    0x000000, 0x000000, 0x00cbb5, 0x000000, 0x000000, 0x000000, 0x00b7e6, 0x8fa1ea, 0x8fa1eb,
    0x00aec4, 0x8fa1ec, 0x8fa1ed, 0x000000, 0x00bbb1, 0x00c8f7, 0x00d0fb, 0x000000, 0x8fa1ee,
    0x000000, 0x000000, 0x000000, 0x000000, 0x000000, 0x000000, 0x8fa1e8, 0x000000, 0x000000,
    0x000000, 0x000000, 0x000000, 0x000000, 0x8fa1ef, 0x000000, 0x00bac5, 0x00cdc3, 0x000000,
    0x000000, 0x000000, 0x8fa1f1, 0x00d0fe, 0x00d1a3, 0x00d0fd, 0x00bac4, 0x000000, 0x00bdfd,
    0x000000, 0x000000, 0x8fa1f2, 0x8fa1f3, 0x000000, 0x000000, 0x00b7b9, 0x000000, 0x000000,
    0x00d1a4, 0x000000, 0x8fa1f4, 0x00b6cf, 0x000000, 0x8fa1f5, 0x000000, 0x00d1a1, 0x00d1a2,
    0x000000, 0x00aec5, 0x00c6af, 0x8fa1f8, 0x00c1fc, 0x00aec7, 0x00b6a3, 0x000000, 0x000000,
    0x8fa1fa, 0x00cbcd, 0x00d1a5, 0x000000, 0x000000, 0x8fa1fb, 0x00cebd, 0x000000, 0x000000,
    0x000000, 0x00d1a6, 0x000000, 0x000000, 0x8fa1fc, 0x000000, 0x00d1a9, 0x000000, 0x00d1a7,
    0x00aec8, 0x00c1ce, 0x000000, 0x8fa1fd, 0x000000, 0x000000, 0x000000, 0x00d1a8, 0x00d1aa,
    0x000000, 0x000000, 0x000000, 0x00aec6, 0x8fa1f6, 0x000000, 0x00d1ac, 0x000000, 0x000000,
    0x000000, 0x00d1ab, 0x000000, 0x00cac8, 0x000000, 0x000000, 0x000000, 0x000000, 0x00b5b7,
    0x00d1ae, 0x00d1af, 0x00aecb, 0x00b2af, 0x000000, 0x00aeca, 0x000000, 0x8fa3a1, 0x00d1ad,
    0x000000, 0x00aecc, 0x000000, 0x000000, 0x000000, 0x000000, 0x000000, 0x000000, 0x00bcf4,
    0x000000, 0x00d1b2, 0x00d1b1, 0x00d1b0, 0x8fa3a3, 0x00d0d6, 0x000000, 0x00d1b3, 0x8fa3a4,
    0x000000, 0x000000, 0x00aecd, 0x00bdfe, 0x000000, 0x00d1b4, 0x000000, 0x000000, 0x000000,
    0x000000, 0x000000, 0x000000, 0x000000, 0x000000, 0x00cda5, 0x000000, 0x000000, 0x000000,
    0x000000, 0x000000, 0x000000, 0x000000, 0x00ccd9, 0x000000, 0x000000, 0x00aece, 0x000000,
    0x00d1b6, 0x000000, 0x000000, 0x00d1b5, 0x00d1b8, 0x00d1b7, 0x000000, 0x000000, 0x00d1b9,
    0x00d1ba, 0x00b0f4, 0x000000, 0x00b8b5, 0x00b7bb, 0x00bdbc, 0x00c3fb, 0x00b6a4, 0x00c0e8,
    0x00b8f7, 0x00aecf, 0x00b9ee, 0x00d1bc, 0x00ccc8, 0x00c5c6, 0x000000, 0x00bbf9, 0x000000,
    0x00d1bb, 0x000000, 0x00d1bd, 0x00aed1, 0x000000, 0x00aed2, 0x000000, 0x000000, 0x00c5de,
    0x000000, 0x00b3f5, 0x000000, 0x000000, 0x000000, 0x8fa3a6, 0x000000, 0x00d1be, 0x000000,
    0x000000, 0x00c6fe, 0x000000, 0x000000, 0x00c1b4, 0x00d1c0, 0x00d1c1, 0x00c8ac, 0x00b8f8,
    0x00cfbb, 0x00d1c2, 0x000000, 0x000000, 0x00b6a6, 0x000000, 0x8fa3a8, 0x000000, 0x00cabc,
    0x00c2b6, 0x00b6f1, 0x00c5b5, 0x000000, 0x000000, 0x8ff4f4, 0x00b7f3, 0x000000, 0x000000,
    0x000000, 0x00d1c3, 0x000000, 0x00d1c4, 0x8fa3a9, 0x000000, 0x00c6e2, 0x00b1df, 0x000000,
    0x000000, 0x00d1c7, 0x00bafd, 0x8fa3aa, 0x00d1c6, 0x00bac6, 0x000000, 0x00d1c8, 0x00e6ee,
    0x00d1c9, 0x00cbc1, 0x00d1ca, 0x000000, 0x00d1cb, 0x00d1cc, 0x00bee9, 0x8fa3ac, 0x00bccc,
    0x000000, 0x000000, 0x000000, 0x00aed4, 0x000000, 0x000000, 0x00b4a7, 0x000000, 0x00d1cf,
    0x8fa3ad, 0x00d1cd, 0x00ccbd, 0x00d1ce, 0x000000, 0x00c9da, 0x00d1d0, 0x00d1d1, 0x00d1d2,
    0x00c5df, 0x8fa3ae, 0x000000, 0x000000, 0x00d1d6, 0x00d1d4, 0x00d1d5, 0x00d1d3, 0x00bae3,
    0x00d1d7, 0x00ccea, 0x00cee4, 0x000000, 0x000000, 0x000000, 0x000000, 0x8fa3b0, 0x00d1d8,
    0x000000, 0x000000, 0x000000, 0x00aed5, 0x00c0a8, 0x00d1d9, 0x00bdda, 0x000000, 0x000000,
    0x00d1da, 0x00aed6, 0x00c3fc, 0x00cebf, 0x00c5e0, 0x000000, 0x000000, 0x000000, 0x000000,
    0x000000, 0x000000, 0x000000, 0x000000, 0x00d2c5, 0x000000, 0x000000, 0x000000, 0x000000,
    0x00d1db, 0x00f4a5, 0x00b6c5, 0x00aed7, 0x000000, 0x00d1dc, 0x00cbde, 0x00aed8, 0x000000,
    0x000000, 0x000000, 0x00bde8, 0x00c2fc, 0x000000, 0x00d1de, 0x00c6e4, 0x000000, 0x000000,
    0x00d1df, 0x00aed9, 0x000000, 0x00d1e0, 0x00b3ae, 0x000000, 0x8fa3b3, 0x8fa3b4, 0x00d1e1,
    0x00b6a7, 0x000000, 0x00c6cc, 0x00b1fa, 0x00bdd0, 0x000000, 0x000000, 0x00c8a1, 0x00d1e2,
    0x000000, 0x00c5e1, 0x00aeda, 0x8fa3b5, 0x00bfcf, 0x00d1e3, 0x000000, 0x00caac, 0x00c0da,
    0x00b4a2, 0x000000, 0x00b4a9, 0x00d1e4, 0x000000, 0x000000, 0x00d1e6, 0x000000, 0x000000,
    0x00b7ba, 0x8fa3b6, 0x00aedc, 0x00d1e5, 0x00aedd, 0x8fa3b7, 0x00cef3, 0x000000, 0x000000,
    0x000000, 0x000000, 0x000000, 0x00bde9, 0x000000, 0x000000, 0x000000, 0x000000, 0x000000,
    0x000000, 0x00c8bd, 0x00cacc, 0x000000, 0x00d1e7, 0x000000, 0x00cdf8, 0x00d1e8, 0x000000,
    0x000000, 0x000000, 0x00d1e9, 0x000000, 0x00c5fe, 0x000000, 0x000000, 0x00d1ea, 0x000000,
    0x000000, 0x00c0a9, 0x00bafe, 0x00b7f4, 0x00d1eb, 0x00bbc9, 0x00b9ef, 0x000000, 0x000000,
    0x000000, 0x000000, 0x00c4e6, 0x00d1ed, 0x000000, 0x000000, 0x00c2a7, 0x000000, 0x00aede,
    0x00baef, 0x00d1ee, 0x00d1ef, 0x00c1b0, 0x000000, 0x00d1ec, 0x000000, 0x000000, 0x000000,
    0x000000, 0x00d1f1, 0x8fa3b9, 0x00cbb6, 0x00aedf, 0x000000, 0x000000, 0x000000, 0x00b9e4,
    0x8fa3ba, 0x00affe, 0x00d1f0, 0x000000, 0x000000, 0x00aee0, 0x000000, 0x00b7f5, 0x00bade,
    0x00c7ed, 0x000000, 0x000000, 0x000000, 0x00d1f4, 0x00d1f2, 0x000000, 0x8fa3bb, 0x000000,
    0x000000, 0x00c9fb, 0x00beea, 0x00d1fb, 0x00b3e4, 0x00d1f5, 0x00d1f3, 0x00c1cf, 0x000000,
    0x8fa3bc, 0x000000, 0x000000, 0x000000, 0x000000, 0x000000, 0x00d1f7, 0x000000, 0x00d1f6,
    0x000000, 0x000000, 0x8fa3be, 0x00b3c4, 0x8fa3bd, 0x000000, 0x000000, 0x00b7e0, 0x00d1fc,
    0x00cead, 0x000000, 0x000000, 0x000000, 0x00d1f8, 0x000000, 0x000000, 0x000000, 0x00d1fd,
    0x00d1fa, 0x00aee1, 0x00d1f9, 0x000000, 0x000000, 0x000000, 0x8fa3c0, 0x000000, 0x000000,
    0x00cecf, 0x000000, 0x000000, 0x000000, 0x00b8f9, 0x00b2c3, 0x000000, 0x000000, 0x00cef4,
    0x8fa3c2, 0x000000, 0x8fa3c3, 0x000000, 0x000000, 0x00bdf5, 0x00c5d8, 0x00b9e5, 0x00d2a2,
    0x00d2a3, 0x000000, 0x8fa3c4, 0x000000, 0x00cee5, 0x000000, 0x000000, 0x00cfab, 0x00d2a5,
    0x000000, 0x000000, 0x000000, 0x00b8fa, 0x8fa3c5, 0x8fa3c6, 0x00d2a4, 0x000000, 0x00b3af,
    0x000000, 0x00d2a6, 0x000000, 0x00cbd6, 0x000000, 0x00c4bc, 0x000000, 0x00cda6, 0x00aee2,
    0x00cad9, 0x8fa3c7, 0x000000, 0x00aee4, 0x00d2a7, 0x000000, 0x000000, 0x00aee5, 0x8fa3c9,
    0x00f0d5, 0x000000, 0x000000, 0x00c6b0, 0x00aee6, 0x00d2a8, 0x00b4aa, 0x00ccb3, 0x000000,
    0x00aee7, 0x000000, 0x00bea1, 0x00d2a9, 0x00cae7, 0x00d2ad, 0x000000, 0x00c0aa, 0x00d2aa,
    0x00b6d0, 0x000000, 0x00d2ab, 0x00b4ab, 0x000000, 0x000000, 0x000000, 0x000000, 0x000000,
    0x000000, 0x000000, 0x000000, 0x00aee9, 0x000000, 0x00b7ae, 0x00d2ae, 0x000000, 0x00d2af,
    0x000000, 0x8fa3cb, 0x00d2b0, 0x00d2b1, 0x00bcdb, 0x00aeea, 0x000000, 0x000000, 0x00b8fb,
    0x00ccde, 0x00aeeb, 0x00cce8, 0x00c6f7, 0x000000, 0x000000, 0x00caf1, 0x00d2b2, 0x00aeec,
    0x00d2b3, 0x000000, 0x8fa3cc, 0x8fa3cd, 0x000000, 0x00d2b5, 0x000000, 0x00d2b7, 0x00d2b6,
    0x000000, 0x000000, 0x000000, 0x000000, 0x00d2b8, 0x00b2bd, 0x00cbcc, 0x000000, 0x00bafc,
    0x00d2b9, 0x000000, 0x00aeed, 0x00c1d9, 0x000000, 0x000000, 0x00bea2, 0x00b6a9, 0x000000,
    0x00d2ba, 0x8fa3ce, 0x000000, 0x000000, 0x000000, 0x000000, 0x000000, 0x00c8db, 0x000000,
    0x000000, 0x000000, 0x000000, 0x00d2bb, 0x000000, 0x00d2bc, 0x000000, 0x00d2bd, 0x000000,
    0x8fa3cf, 0x000000, 0x000000, 0x00d2be, 0x00c9a4, 0x00b6e8, 0x00b0e5, 0x000000, 0x000000,
    0x8fa3d0, 0x00c6bf, 0x00d2bf, 0x00bdbd, 0x8fa3d1, 0x00c0e9, 0x000000, 0x00d2c1, 0x00d2c0,
    0x00bea3, 0x00b8e1, 0x00d2c3, 0x00c8be, 0x000000, 0x000000, 0x00d2c4, 0x000000, 0x000000,
    0x000000, 0x00c8dc, 0x00c2b4, 0x00c2ee, 0x00b6a8, 0x000000, 0x000000, 0x00c6ee, 0x00c3b1,
    0x000000, 0x00c7ee, 0x000000, 0x00cbce, 0x000000, 0x00d2c6, 0x000000, 0x00c0ea, 0x00aeef,
    0x000000, 0x00aef0, 0x000000, 0x000000, 0x00b7b5, 0x8fa3d4, 0x000000, 0x00d2c7, 0x000000,
    0x000000, 0x8fa3d5, 0x000000, 0x00d2c8, 0x00b1ac, 0x00b0f5, 0x00b4ed, 0x000000, 0x00c2a8,
    0x00b5d1, 0x00cdf1, 0x000000, 0x00d2cb, 0x00b2b7, 0x000000, 0x8fa3d6, 0x00d2ca, 0x000000,
    0x00aef1, 0x000000, 0x00b6aa, 0x000000, 0x000000, 0x00d2cc, 0x000000, 0x00ccf1, 0x000000,
    0x000000, 0x000000, 0x000000, 0x000000, 0x000000, 0x000000, 0x000000, 0x000000, 0x000000,
    0x000000, 0x000000, 0x000000, 0x000000, 0x00aef2, 0x000000, 0x000000, 0x00d2cd, 0x000000,
    0x00ced2, 0x000000, 0x00b8fc, 0x000000, 0x000000, 0x00aef3, 0x000000, 0x00b8b6, 0x00d2ce,
    0x000000, 0x000000, 0x000000, 0x8fa3d7, 0x00d2d0, 0x00d2cf, 0x000000, 0x00bfdf, 0x00b1b9,
    0x000000, 0x000000, 0x000000, 0x00b1de, 0x00d2d1, 0x000000, 0x00d2d2, 0x000000, 0x00aef4,
    0x00b8b7, 0x8fa3d8, 0x000000, 0x00d2d3, 0x8fa3da, 0x000000, 0x000000, 0x000000, 0x00b5ee,
    0x000000, 0x000000, 0x000000, 0x000000, 0x8fa3db, 0x000000, 0x00bbb2, 0x00d2d4, 0x000000,
    0x000000, 0x000000, 0x000000, 0x00cbf4, 0x00bab5, 0x00b5da, 0x00cda7, 0x00c1d0, 0x00c8bf,
    0x00bcfd, 0x000000, 0x000000, 0x000000, 0x000000, 0x000000, 0x00bdc7, 0x8fa3df, 0x00bce8,
    0x00bcf5, 0x000000, 0x00bdf6, 0x8fa3e0, 0x00c8c0, 0x000000, 0x000000, 0x000000, 0x00d2d7,
    0x000000, 0x00b1c3, 0x00c1d1, 0x00b8fd, 0x00b8c5, 0x00b6e7, 0x000000, 0x000000, 0x00d2db,
    0x00c3a1, 0x00c2fe, 0x00b6ab, 0x00bea4, 0x00d2dc, 0x00d2da, 0x00b2c4, 0x00c2e6, 0x00bcb8,
    0x00bbcb, 0x00b1a6, 0x8fa3e2, 0x8fa3e3, 0x00b3f0, 0x00b9e6, 0x00bbca, 0x000000, 0x00d2dd,
    0x000000, 0x000000, 0x000000, 0x000000, 0x000000, 0x00d2de, 0x000000, 0x00b5c9, 0x00b3c6,
    0x000000, 0x000000, 0x000000, 0x00b9e7, 0x00b5c8, 0x00c4df, 0x00b1a5, 0x00c6b1, 0x00ccbe,
    0x00b9a1, 0x00cdf9, 0x00c5c7, 0x00b8fe, 0x00aef5, 0x000000, 0x000000, 0x000000, 0x000000,
    0x000000, 0x000000, 0x000000, 0x000000, 0x00b7af, 0x000000, 0x00d2e7, 0x00cffe, 0x00b6e3,
    0x00cbca, 0x000000, 0x000000, 0x000000, 0x8fa3e5, 0x000000, 0x00c8dd, 0x00aef6, 0x8fa3e6,
    0x00d2e6, 0x000000, 0x00b4de, 0x00d2e1, 0x00d2e2, 0x00d2e4, 0x000000, 0x000000, 0x000000,
    0x000000, 0x000000, 0x000000, 0x000000, 0x00d2e5, 0x000000, 0x00b5db, 0x00bfe1, 0x000000,
    0x00caad, 0x00d2e3, 0x00d2df, 0x00b8e3, 0x000000, 0x00d2e0, 0x000000, 0x00cfa4, 0x8fa3e8,
    0x000000, 0x000000, 0x00caf2, 0x000000, 0x00c4e8, 0x00b8e2, 0x00b9f0, 0x000000, 0x000000,
    0x00aef7, 0x00d2e8, 0x000000, 0x000000, 0x00c6dd, 0x000000, 0x000000, 0x000000, 0x8fa3e4,
    0x000000, 0x000000, 0x000000, 0x000000, 0x000000, 0x000000, 0x000000, 0x000000, 0x000000,
    0x00d2ec, 0x000000, 0x000000, 0x8fa3e9, 0x000000, 0x000000, 0x000000, 0x8fa3ea, 0x000000,
    0x00bcfe, 0x000000, 0x00bcf6, 0x00aef9, 0x8fa3eb, 0x000000, 0x000000, 0x000000, 0x00d2ef,
    0x00d2ed, 0x000000, 0x00cca3, 0x00aefa, 0x00d2ea, 0x00d2f3, 0x00d2ee, 0x000000, 0x000000,
    0x000000, 0x00d2f1, 0x00b8c6, 0x00ccbf, 0x000000, 0x00aefb, 0x00d2f2, 0x000000, 0x000000,
    0x000000, 0x00d2f4, 0x000000, 0x00d2f6, 0x000000, 0x00aefc, 0x000000, 0x8fa3ec, 0x00baf0,
    0x00cfc2, 0x8fa3ed, 0x00d2eb, 0x00d2e9, 0x00d2f5, 0x000000, 0x00d2f0, 0x000000, 0x000000,
    0x8fa3ee, 0x00aefd, 0x000000, 0x000000, 0x000000, 0x000000, 0x000000, 0x00aef8, 0x000000,
    0x000000, 0x000000, 0x8fa3ef, 0x00aefe, 0x00d2f8, 0x000000, 0x00d3a3, 0x00d2fa, 0x8fa3f0,
    0x000000, 0x00d2fe, 0x00afa1, 0x000000, 0x00d3a1, 0x00d2fb, 0x8fa3f1, 0x8fa3f2, 0x00d3be,
    0x000000, 0x000000, 0x00bae9, 0x00b3b1, 0x000000, 0x000000, 0x000000, 0x8fa3f3, 0x00d2f9,
    0x000000, 0x8fa3f4, 0x000000, 0x00d3a5, 0x00b0f6, 0x00d3a4, 0x8fa3f5, 0x00b0a5, 0x00c9ca,
    0x00d3a2, 0x8fa3f6, 0x00d2fc, 0x000000, 0x00afa2, 0x00d2f7, 0x00d2fd, 0x00bac8, 0x000000,
    0x000000, 0x000000, 0x000000, 0x000000, 0x000000, 0x000000, 0x000000, 0x000000, 0x000000,
    0x000000, 0x000000, 0x000000, 0x000000, 0x00d3a6, 0x000000, 0x000000, 0x000000, 0x000000,
    0x000000, 0x000000, 0x000000, 0x000000, 0x00b0f7, 0x00d3af, 0x000000, 0x000000, 0x00d3a7,
    0x00d3a8, 0x000000, 0x00bea5, 0x00cbe9, 0x000000, 0x000000, 0x8fa3f8, 0x00d3ad, 0x00d3ac,
    0x8fa3f9, 0x000000, 0x8fa3fa, 0x00c5af, 0x8fa3fb, 0x000000, 0x000000, 0x000000, 0x000000,
    0x000000, 0x000000, 0x00d3ae, 0x000000, 0x000000, 0x00d3ab, 0x000000, 0x00afa3, 0x8fa3fc,
    0x8fa3fd, 0x000000, 0x000000, 0x00b1b4, 0x000000, 0x00bab6, 0x00bfb0, 0x000000, 0x8fa3fe,
    0x000000, 0x000000, 0x000000, 0x000000, 0x00afa4, 0x00d3a9, 0x00c5e2, 0x000000, 0x000000,
    0x000000, 0x00d3aa, 0x000000, 0x00b0a2, 0x000000, 0x000000, 0x000000, 0x000000, 0x000000,
    0x000000, 0x000000, 0x000000, 0x000000, 0x000000, 0x000000, 0x000000, 0x000000, 0x000000,
    0x000000, 0x000000, 0x000000, 0x000000, 0x000000, 0x000000, 0x00afa5, 0x000000, 0x000000,
    0x00d3b4, 0x00cda3, 0x000000, 0x00bea7, 0x000000, 0x00d3ba, 0x000000, 0x00afa6, 0x000000,
    0x000000, 0x00d3b9, 0x00d3b0, 0x000000, 0x000000, 0x8fa4a1, 0x000000, 0x00c2c3, 0x000000,
    0x00d3b1, 0x8fa4a2, 0x000000, 0x000000, 0x00c2ef, 0x00d3b6, 0x00bea6, 0x8fa4a4, 0x000000,
    0x000000, 0x8fa4a5, 0x000000, 0x00d3b3, 0x000000, 0x000000, 0x00cce4, 0x00afa7, 0x000000,
    0x000000, 0x00b7bc, 0x000000, 0x000000, 0x00d3b7, 0x00d3b8, 0x000000, 0x000000, 0x000000,
    0x000000, 0x00d3b5, 0x00d3bb, 0x00afa8, 0x000000, 0x8fa4a7, 0x8fa4a8, 0x000000, 0x00d3b2,
    0x8fa4a9, 0x000000, 0x000000, 0x000000, 0x000000, 0x000000, 0x000000, 0x000000, 0x000000,
    0x000000, 0x000000, 0x000000, 0x000000, 0x000000, 0x000000, 0x000000, 0x000000, 0x000000,
    0x000000, 0x000000, 0x000000, 0x000000, 0x000000, 0x00d3c1, 0x00d3c6, 0x8fa4ab, 0x00d3c2,
    0x000000, 0x00d3bd, 0x00afa9, 0x8fa4ac, 0x00d3c7, 0x00c1b1, 0x000000, 0x00afaa, 0x00d3c9,
    0x8fa4ad, 0x00b9a2, 0x00d3bf, 0x00c3fd, 0x000000, 0x000000, 0x00afab, 0x000000, 0x000000,
    0x8fa4ae, 0x000000, 0x000000, 0x000000, 0x000000, 0x000000, 0x000000, 0x00d3c3, 0x00d3bc,
    0x00b4ad, 0x000000, 0x00b4ee, 0x00b3e5, 0x00d3c4, 0x00d3c0, 0x000000, 0x000000, 0x000000,
    0x000000, 0x000000, 0x000000, 0x000000, 0x00b7f6, 0x00d3ca, 0x00d3c8, 0x00c1d3, 0x00b5ca,
    0x00b6ac, 0x00afad, 0x00d3c5, 0x000000, 0x00b6f4, 0x000000, 0x000000, 0x000000, 0x000000,
    0x000000, 0x00b1c4, 0x000000, 0x000000, 0x000000, 0x000000, 0x000000, 0x000000, 0x000000,
    0x000000, 0x8fa4b3, 0x000000, 0x000000, 0x000000, 0x000000, 0x00d3ce, 0x00d3cc, 0x000000,
    0x00d4a7, 0x000000, 0x8fa4b4, 0x000000, 0x000000, 0x8fa4b5, 0x000000, 0x00afae, 0x000000,
    0x000000, 0x8fa4b6, 0x8fa4b0, 0x000000, 0x00d3d1, 0x000000, 0x000000, 0x000000, 0x000000,
    0x000000, 0x00d3cb, 0x000000, 0x00d3cf, 0x8fa4b7, 0x000000, 0x00d3cd, 0x000000, 0x000000,
    0x8fa4b9, 0x00bbcc, 0x00d3d0, 0x000000, 0x000000, 0x000000, 0x000000, 0x8fa4bb, 0x000000,
    0x000000, 0x000000, 0x000000, 0x000000, 0x000000, 0x000000, 0x000000, 0x000000, 0x000000,
    0x000000, 0x000000, 0x000000, 0x00d3d3, 0x000000, 0x00d3d8, 0x000000, 0x000000, 0x000000,
    0x00d3d6, 0x00d3d5, 0x000000, 0x000000, 0x000000, 0x000000, 0x000000, 0x000000, 0x00c3b2,
    0x8fa4be, 0x00afb0, 0x00b2c5, 0x000000, 0x000000, 0x000000, 0x000000, 0x00afb1, 0x000000,
    0x8fa4bf, 0x000000, 0x000000, 0x000000, 0x00d3d2, 0x000000, 0x00d3d4, 0x00bea8, 0x00b1b3,
    0x000000, 0x000000, 0x00d3d7, 0x000000, 0x000000, 0x000000, 0x000000, 0x000000, 0x000000,
    0x000000, 0x000000, 0x000000, 0x000000, 0x000000, 0x000000, 0x8fa4bc, 0x00b2de, 0x000000,
    0x000000, 0x000000, 0x000000, 0x000000, 0x00d3e2, 0x8fa4c0, 0x00befc, 0x00d3de, 0x000000,
    0x00d3dc, 0x000000, 0x00d3dd, 0x8fa4c1, 0x00d3df, 0x000000, 0x000000, 0x00afb2, 0x000000,
    0x8fa4c3, 0x000000, 0x8fa4c4, 0x8fa4c5, 0x000000, 0x00b1bd, 0x000000, 0x000000, 0x000000,
    0x000000, 0x8fa4c6, 0x000000, 0x00afb3, 0x000000, 0x000000, 0x00c1b9, 0x000000, 0x00d3d9,
    0x000000, 0x00d3da, 0x000000, 0x000000, 0x00f4a7, 0x000000, 0x000000, 0x000000, 0x000000,
    0x000000, 0x000000, 0x000000, 0x00b3fa, 0x000000, 0x000000, 0x8fa4c7, 0x000000, 0x8fa4c8,
    0x000000, 0x000000, 0x000000, 0x00d3e1, 0x000000, 0x00afb5, 0x000000, 0x00b4ef, 0x000000,
    0x00d3e4, 0x00d3e0, 0x00d3e3, 0x8fa4c9, 0x000000, 0x00afb7, 0x000000, 0x00afb8, 0x00afb9,
    0x000000, 0x00caae, 0x000000, 0x00afb4, 0x000000, 0x00c6d5, 0x000000, 0x00c8b8, 0x000000,
    0x000000, 0x000000, 0x000000, 0x000000, 0x00d3e6, 0x000000, 0x000000, 0x000000, 0x000000,
    0x000000, 0x00d3e5, 0x00b3c5, 0x8fa4cb, 0x000000, 0x00d3e7, 0x000000, 0x8fa4cc, 0x000000,
    0x000000, 0x00d3ea, 0x000000, 0x000000, 0x000000, 0x000000, 0x00d3e9, 0x8fa4cd, 0x000000,
    0x000000, 0x000000, 0x00afba, 0x8fa4ce, 0x000000, 0x000000, 0x8fa4cf, 0x00afbb, 0x000000,
    0x00d3e8, 0x000000, 0x00c7b9, 0x000000, 0x000000, 0x00d3eb, 0x000000, 0x000000, 0x8fa4d0,
    0x00afbc, 0x000000, 0x000000, 0x00afbd, 0x8fa4d1, 0x00d3ec, 0x000000, 0x000000, 0x000000,
    0x8fa4d2, 0x00afbe, 0x00d3ee, 0x000000, 0x00d3ed, 0x000000, 0x000000, 0x000000, 0x000000,
    0x000000, 0x00d3f0, 0x000000, 0x000000, 0x000000, 0x00d3f3, 0x00d3f1, 0x00d3ef, 0x00d3f2,
    0x000000, 0x8fa4d3, 0x000000, 0x000000, 0x00d3f4, 0x00afbf, 0x00afc0, 0x000000, 0x000000,
    0x8fa4d4, 0x00d3f5, 0x000000, 0x000000, 0x00d3f6, 0x000000, 0x00d3f7, 0x000000, 0x000000,
    0x000000, 0x00d3f8, 0x00d1c5, 0x000000, 0x00bcfc, 0x00bbcd, 0x000000, 0x000000, 0x00b2f3,
    0x8fa4d5, 0x00b0f8, 0x000000, 0x000000, 0x00c3c4, 0x000000, 0x000000, 0x000000, 0x000000,
    0x8fa4d6, 0x000000, 0x000000, 0x000000, 0x000000, 0x000000, 0x00d3f9, 0x000000, 0x00baa4,
    0x000000, 0x00b0cf, 0x00bfde, 0x000000, 0x000000, 0x8fa4d7, 0x8fa4d8, 0x000000, 0x00d3fa,
    0x00b8c7, 0x000000, 0x000000, 0x00b9f1, 0x000000, 0x00d3fc, 0x00d3fb, 0x000000, 0x000000,
    0x00cae0, 0x00d3fd, 0x000000, 0x000000, 0x000000, 0x00d4a1, 0x00d3fe, 0x00afc1, 0x00d4a2,
    0x000000, 0x00d4a3, 0x000000, 0x00b7f7, 0x000000, 0x000000, 0x00b1e0, 0x00d4a4, 0x000000,
    0x8fa4da, 0x00d4a6, 0x000000, 0x00d4a5, 0x000000, 0x000000, 0x000000, 0x00d4a8, 0x000000,
    0x000000, 0x00c5da, 0x000000, 0x00afc3, 0x000000, 0x8fa4db, 0x000000, 0x000000, 0x00d4a9,
    0x00b0b5, 0x00badf, 0x8fa4dd, 0x000000, 0x000000, 0x000000, 0x00b7bd, 0x000000, 0x00afc4,
    0x00c3cf, 0x000000, 0x000000, 0x00afc5, 0x00afc6, 0x000000, 0x000000, 0x00d4aa, 0x00d4ab,
    0x000000, 0x000000, 0x00d4ad, 0x000000, 0x000000, 0x000000, 0x000000, 0x00d4ae, 0x000000,
    0x00bae4, 0x000000, 0x000000, 0x8fa4df, 0x8fa4e0, 0x00b6d1, 0x000000, 0x000000, 0x00cbb7,
    0x000000, 0x8fa4e1, 0x8fa4e2, 0x00d4ac, 0x00d4af, 0x00bac1, 0x00b9a3, 0x000000, 0x000000,
    0x000000, 0x000000, 0x000000, 0x000000, 0x000000, 0x000000, 0x000000, 0x000000, 0x000000,
    0x000000, 0x000000, 0x000000, 0x000000, 0x00d4b3, 0x000000, 0x000000, 0x00baa5, 0x000000,
    0x00c3b3, 0x000000, 0x8fa4e4, 0x00d4b0, 0x00c4da, 0x000000, 0x000000, 0x000000, 0x000000,
    0x8fa4e5, 0x00afc7, 0x000000, 0x000000, 0x8fa4e6, 0x8fa4e7, 0x8fa4e8, 0x000000, 0x00afc8,
    0x000000, 0x000000, 0x000000, 0x8fa4e9, 0x00afc9, 0x000000, 0x000000, 0x00d4b4, 0x000000,
    0x000000, 0x00bfe2, 0x000000, 0x000000, 0x000000, 0x000000, 0x000000, 0x00d4b2, 0x00d4b5,
    0x000000, 0x00b7bf, 0x000000, 0x000000, 0x000000, 0x000000, 0x000000, 0x000000, 0x000000,
    0x00d4b6, 0x000000, 0x000000, 0x000000, 0x000000, 0x000000, 0x000000, 0x8fa4ed, 0x000000,
    0x00afca, 0x8fa4ee, 0x8fa4ef, 0x000000, 0x00d4b7, 0x000000, 0x00b9a4, 0x00b3c0, 0x00d4b9,
    0x000000, 0x000000, 0x000000, 0x8fa4f0, 0x000000, 0x00d4ba, 0x000000, 0x8fa4ec, 0x000000,
    0x000000, 0x000000, 0x00d4bb, 0x000000, 0x000000, 0x00d4b8, 0x000000, 0x000000, 0x000000,
    0x000000, 0x00afcd, 0x000000, 0x000000, 0x000000, 0x000000, 0x000000, 0x000000, 0x000000,
    0x00d4b1, 0x000000, 0x000000, 0x00d4bc, 0x000000, 0x000000, 0x00d4bd, 0x00afce, 0x00afcf,
    0x000000, 0x000000, 0x00cbe4, 0x8fa4f3, 0x000000, 0x00beeb, 0x00afd0, 0x000000, 0x000000,
    0x00d4bf, 0x00d4c0, 0x00d4be, 0x000000, 0x00d4c2, 0x8fa4f1, 0x000000, 0x000000, 0x000000,
    0x000000, 0x00c7b8, 0x000000, 0x8fa4f6, 0x00b0e8, 0x00c9d6, 0x000000, 0x000000, 0x00d4c3,
    0x00afd1, 0x000000, 0x8fa4f7, 0x000000, 0x000000, 0x000000, 0x000000, 0x000000, 0x000000,
    0x00afd2, 0x000000, 0x000000, 0x8fa4f8, 0x000000, 0x000000, 0x000000, 0x00befd, 0x00afd3,
    0x00afd4, 0x00bcb9, 0x8fa4fa, 0x00c7dd, 0x00b4f0, 0x8fa4fb, 0x00baeb, 0x8fa4fc, 0x000000,
    0x00afd5, 0x00cbd9, 0x000000, 0x00c6b2, 0x000000, 0x8fa4fd, 0x00b7f8, 0x00c2cf, 0x000000,
    0x000000, 0x00afd6, 0x00d4c1, 0x00d4c4, 0x000000, 0x000000, 0x000000, 0x000000, 0x000000,
    0x000000, 0x000000, 0x000000, 0x000000, 0x00c2c4, 0x000000, 0x000000, 0x000000, 0x00d4c5,
    0x000000, 0x000000, 0x000000, 0x00d4c6, 0x8fa4fe, 0x000000, 0x8fa5a1, 0x00d4c8, 0x000000,
    0x000000, 0x00c4e9, 0x000000, 0x000000, 0x8fa5a2, 0x000000, 0x000000, 0x00b4ae, 0x000000,
    0x000000, 0x000000, 0x000000, 0x00f4a1, 0x00b1e1, 0x00caf3, 0x8fa5a3, 0x000000, 0x00beec,
    0x00c5c8, 0x000000, 0x000000, 0x000000, 0x8fa5a4, 0x00bae6, 0x000000, 0x000000, 0x00d4ce,
    0x000000, 0x000000, 0x00cabd, 0x00cedd, 0x000000, 0x000000, 0x000000, 0x000000, 0x000000,
    0x000000, 0x000000, 0x8fa5a6, 0x00b2f4, 0x00d4ca, 0x8fa5a7, 0x000000, 0x000000, 0x000000,
    0x000000, 0x00c1ba, 0x00d4cd, 0x000000, 0x00c5e3, 0x000000, 0x000000, 0x00c5c9, 0x00c5e4,
    0x00c8b9, 0x00c4cd, 0x000000, 0x000000, 0x000000, 0x00bac9, 0x000000, 0x000000, 0x00afd8,
    0x00d4c9, 0x000000, 0x00afd9, 0x000000, 0x000000, 0x8fa5a8, 0x000000, 0x00b1f6, 0x000000,
    0x00c5b6, 0x000000, 0x000000, 0x000000, 0x000000, 0x00d4cb, 0x000000, 0x00d4c7, 0x000000,
    0x000000, 0x00bfd0, 0x000000, 0x000000, 0x000000, 0x00d4cf, 0x000000, 0x000000, 0x00afdb,
    0x000000, 0x00bdce, 0x000000, 0x000000, 0x000000, 0x00b6ad, 0x000000, 0x00d4d0, 0x000000,
    0x000000, 0x000000, 0x00afdc, 0x8fa5a9, 0x8fa5aa, 0x000000, 0x8fa5ab, 0x000000, 0x8fa5ac,
    0x8fa5ad, 0x000000, 0x000000, 0x00cae8, 0x8fa5ae, 0x000000, 0x000000, 0x00c1fd, 0x000000,
    0x000000, 0x000000, 0x000000, 0x00c4c6, 0x8fa5af, 0x00afdd, 0x00d4d2, 0x000000, 0x000000,
    0x000000, 0x000000, 0x000000, 0x000000, 0x000000, 0x000000, 0x00cbcf, 0x00afdf, 0x8fa5b0,
    0x00d4d3, 0x000000, 0x000000, 0x00d4d8, 0x000000, 0x000000, 0x8fa5b1, 0x000000, 0x00caaf,
    0x000000, 0x000000, 0x000000, 0x000000, 0x00d4d7, 0x00d4d1, 0x00d4d4, 0x00d4d6, 0x000000,
    0x000000, 0x00baa6, 0x000000, 0x00cac9, 0x000000, 0x8fa5b3, 0x000000, 0x00d4d9, 0x000000,
    0x00c3c5, 0x000000, 0x000000, 0x00b2f5, 0x000000, 0x00beed, 0x8fa5b4, 0x00afe2, 0x000000,
    0x000000, 0x00d4db, 0x00afe1, 0x00d4da, 0x00afe3, 0x00b9e8, 0x000000, 0x00d4dc, 0x00d4de,
    0x00d4dd, 0x00afe4, 0x000000, 0x00d4e0, 0x000000, 0x00d4d5, 0x00d4e2, 0x00afe5, 0x000000,
    0x8fa5b5, 0x000000, 0x00d4e1, 0x00d4df, 0x000000, 0x000000, 0x000000, 0x00afe6, 0x000000,
    0x00bbce, 0x00bfd1, 0x000000, 0x00c1d4, 0x00d4e3, 0x00c0bc, 0x00b0ed, 0x00c7e4, 0x8fa5b6,
    0x8fa5b7, 0x000000, 0x000000, 0x00c4db, 0x000000, 0x00d4e5, 0x00d4e4, 0x00d4e6, 0x00d4e7,
    0x00d4e8, 0x000000, 0x000000, 0x00d4e9, 0x000000, 0x000000, 0x8fa5b8, 0x8fa5b9, 0x000000,
    0x000000, 0x00cad1, 0x00d4ea, 0x8fa5ba, 0x00afe7, 0x8fa5bb, 0x000000, 0x00b2c6, 0x00d4eb,
    0x000000, 0x000000, 0x000000, 0x8fa5bc, 0x00cdbc, 0x00b3b0, 0x000000, 0x00d2c9, 0x00bdc8,
    0x00c2bf, 0x00d4ec, 0x00cceb, 0x000000, 0x000000, 0x000000, 0x000000, 0x000000, 0x00ccb4,
    0x000000, 0x8fa5bd, 0x00d4ee, 0x000000, 0x00c2e7, 0x000000, 0x00c5b7, 0x00c2c0, 0x00c9d7,
    0x00d4ef, 0x00d4f0, 0x00b1fb, 0x000000, 0x000000, 0x00bcba, 0x00d4f1, 0x000000, 0x000000,
    0x000000, 0x000000, 0x00b0d0, 0x00d4f2, 0x000000, 0x000000, 0x000000, 0x000000, 0x8fa5c0,
    0x00d4f3, 0x000000, 0x000000, 0x000000, 0x000000, 0x00b1e2, 0x000000, 0x8fa5c2, 0x00b4f1,
    0x00c6e0, 0x00caf4, 0x000000, 0x000000, 0x000000, 0x000000, 0x00d4f7, 0x00c1d5, 0x00d4f6,
    0x00b7c0, 0x000000, 0x000000, 0x00cbdb, 0x00d4f5, 0x000000, 0x00c5e5, 0x00d4f9, 0x000000,
    0x00d4f8, 0x8fa5c5, 0x000000, 0x00afe9, 0x000000, 0x8fa5c6, 0x00d4fb, 0x000000, 0x00d4fa,
    0x000000, 0x000000, 0x00b1fc, 0x000000, 0x00d4fc, 0x00bea9, 0x00d4fe, 0x00c3a5, 0x000000,
    0x00d4fd, 0x00afea, 0x00cab3, 0x000000, 0x000000, 0x000000, 0x000000, 0x00bdf7, 0x00c5db,
    0x8fa5c8, 0x8fa5c9, 0x000000, 0x00d5a1, 0x000000, 0x000000, 0x000000, 0x8fa5ca, 0x00b9a5,
    0x000000, 0x000000, 0x00d5a2, 0x00c7a1, 0x00c8de, 0x00ccd1, 0x000000, 0x000000, 0x000000,
    0x000000, 0x000000, 0x00c7a5, 0x00afeb, 0x000000, 0x00d5ab, 0x000000, 0x000000, 0x000000,
    0x000000, 0x00afec, 0x00b5b8, 0x000000, 0x000000, 0x00cdc5, 0x000000, 0x000000, 0x00ccaf,
    0x000000, 0x00d6ac, 0x000000, 0x00d5a3, 0x000000, 0x8fa5cb, 0x000000, 0x000000, 0x000000,
    0x00d5a6, 0x00afed, 0x00c2c5, 0x000000, 0x000000, 0x00cbb8, 0x000000, 0x000000, 0x000000,
    0x00c5ca, 0x000000, 0x8fa5cc, 0x000000, 0x000000, 0x000000, 0x00d5a7, 0x000000, 0x000000,
    0x000000, 0x000000, 0x000000, 0x000000, 0x00cbe5, 0x000000, 0x00baca, 0x8fa5cd, 0x000000,
    0x00beaa, 0x000000, 0x000000, 0x000000, 0x00afee, 0x000000, 0x000000, 0x00d5a8, 0x000000,
    0x8fa5ce, 0x00bbd0, 0x000000, 0x00bbcf, 0x000000, 0x8fa5cf, 0x000000, 0x000000, 0x00b0b9,
    0x00b8c8, 0x00afef, 0x00c0ab, 0x00b0d1, 0x000000, 0x000000, 0x000000, 0x000000, 0x00d5ac,
    0x00d5ad, 0x000000, 0x00d5aa, 0x00aff0, 0x8fa5d0, 0x000000, 0x000000, 0x000000, 0x000000,
    0x8fa5d1, 0x8fa5d2, 0x00b1b8, 0x00b4af, 0x8fa5d3, 0x00d5a9, 0x000000, 0x00ccc5, 0x00c9b1,
    0x000000, 0x000000, 0x8fa5d4, 0x000000, 0x000000, 0x000000, 0x000000, 0x000000, 0x000000,
    0x000000, 0x00b0a8, 0x000000, 0x00fefa, 0x000000, 0x000000, 0x00b0f9, 0x000000, 0x000000,
    0x000000, 0x00bbd1, 0x000000, 0x00b0d2, 0x000000, 0x00b0a3, 0x000000, 0x000000, 0x000000,
    0x000000, 0x000000, 0x00d5b2, 0x000000, 0x000000, 0x8fa5d8, 0x8fa5d9, 0x000000, 0x000000,
    0x000000, 0x00d5b0, 0x000000, 0x00aff1, 0x000000, 0x000000, 0x000000, 0x8fa5da, 0x00ccbc,
    0x000000, 0x00d5b3, 0x000000, 0x00d5b1, 0x000000, 0x000000, 0x00d5af, 0x00bfb1, 0x000000,
    0x000000, 0x00aff2, 0x000000, 0x00d5ae, 0x000000, 0x8fa5db, 0x000000, 0x00cada, 0x000000,
    0x000000, 0x000000, 0x8fa5dc, 0x000000, 0x00b8e4, 0x000000, 0x000000, 0x000000, 0x000000,
    0x000000, 0x00d5b7, 0x00d5b8, 0x000000, 0x000000, 0x000000, 0x000000, 0x000000, 0x00beab,
    0x000000, 0x000000, 0x000000, 0x00d5b4, 0x00cfac, 0x000000, 0x000000, 0x000000, 0x000000,
    0x00c7cc, 0x000000, 0x000000, 0x00d5b6, 0x000000, 0x000000, 0x000000, 0x000000, 0x000000,
    0x000000, 0x000000, 0x000000, 0x000000, 0x000000, 0x000000, 0x8fa5dd, 0x000000, 0x000000,
    0x000000, 0x000000, 0x00baa7, 0x000000, 0x000000, 0x000000, 0x000000, 0x000000, 0x000000,
    0x000000, 0x00d5b9, 0x000000, 0x000000, 0x8fa5de, 0x00c9d8, 0x00aff3, 0x000000, 0x000000,
    0x00d5ba, 0x000000, 0x00d5b5, 0x00aff4, 0x000000, 0x000000, 0x000000, 0x000000, 0x000000,
    0x000000, 0x000000, 0x000000, 0x000000, 0x00aff5, 0x000000, 0x000000, 0x8fa5df, 0x000000,
    0x000000, 0x000000, 0x00aff6, 0x00ccbb, 0x000000, 0x000000, 0x000000, 0x000000, 0x00aff7,
    0x000000, 0x000000, 0x000000, 0x000000, 0x000000, 0x000000, 0x8fa5e0, 0x000000, 0x000000,
    0x000000, 0x000000, 0x000000, 0x000000, 0x00c7de, 0x000000, 0x000000, 0x000000, 0x000000,
    0x000000, 0x000000, 0x000000, 0x00d5bb, 0x00c9b2, 0x8fa5e1, 0x000000, 0x00aff8, 0x8fa5e2,
    0x8fa5e3, 0x000000, 0x8fa5e4, 0x000000, 0x000000, 0x000000, 0x000000, 0x00aff9, 0x000000,
    0x000000, 0x000000, 0x000000, 0x000000, 0x000000, 0x000000, 0x000000, 0x000000, 0x8fa5e5,
    0x000000, 0x8fa5e6, 0x000000, 0x8fa5e7, 0x000000, 0x000000, 0x000000, 0x000000, 0x8fa5e8,
    0x000000, 0x00d5bc, 0x00d5c0, 0x00d5bd, 0x8fa5e9, 0x000000, 0x00b2c7, 0x00d5bf, 0x000000,
    0x00affa, 0x000000, 0x000000, 0x000000, 0x000000, 0x00bcbb, 0x000000, 0x00d5be, 0x00b7f9,
    0x000000, 0x000000, 0x000000, 0x00d5cc, 0x000000, 0x000000, 0x000000, 0x000000, 0x000000,
    0x00d5c5, 0x00d5c2, 0x000000, 0x000000, 0x8fa5ea, 0x000000, 0x8fa5eb, 0x000000, 0x000000,
    0x000000, 0x8fa5ec, 0x00c3e4, 0x000000, 0x00d5c1, 0x000000, 0x8fa5ed, 0x00d5c3, 0x000000,
    0x000000, 0x00d5c4, 0x000000, 0x000000, 0x000000, 0x000000, 0x8fa5ef, 0x000000, 0x8fa5ee,
    0x000000, 0x000000, 0x000000, 0x000000, 0x8fa5f0, 0x000000, 0x000000, 0x000000, 0x000000,
    0x00d5c6, 0x00d5c7, 0x000000, 0x000000, 0x000000, 0x000000, 0x8fa5f1, 0x000000, 0x000000,
    0x000000, 0x000000, 0x000000, 0x000000, 0x000000, 0x8fa5f2, 0x00b4f2, 0x000000, 0x00d5c9,
    0x00d5c8, 0x000000, 0x000000, 0x000000, 0x000000, 0x000000, 0x000000, 0x000000, 0x000000,
    0x000000, 0x00d5ca, 0x8fa5f3, 0x000000, 0x00affc, 0x000000, 0x000000, 0x000000, 0x000000,
    0x000000, 0x000000, 0x000000, 0x000000, 0x00beee, 0x000000, 0x000000, 0x00affd, 0x000000,
    0x000000, 0x000000, 0x000000, 0x00d5cd, 0x000000, 0x00c4dc, 0x8fa5f5, 0x000000, 0x000000,
    0x00b1c5, 0x000000, 0x00d5cb, 0x000000, 0x8fa5f4, 0x000000, 0x00d5ce, 0x000000, 0x000000,
    0x000000, 0x000000, 0x000000, 0x000000, 0x000000, 0x00d5cf, 0x000000, 0x00d5d2, 0x00cfd5,
    0x000000, 0x00d5d0, 0x000000, 0x00d5d1, 0x000000, 0x000000, 0x000000, 0x000000, 0x000000,
    0x000000, 0x8fa5f6, 0x000000, 0x000000, 0x000000, 0x00bbd2, 0x00d5d3, 0x8fa5f7, 0x000000,
    0x00b9a6, 0x00d5d4, 0x00cfd6, 0x00bbfa, 0x00c2b8, 0x000000, 0x00d5d5, 0x00d5d6, 0x00bbda,
    0x00b9a7, 0x000000, 0x00ccd2, 0x000000, 0x000000, 0x000000, 0x00b5a8, 0x00b8c9, 0x00d5d7,
    0x00b3d8, 0x000000, 0x8fa5f8, 0x00d5d8, 0x000000, 0x00c2b9, 0x000000, 0x000000, 0x000000,
    0x8fa5f9, 0x00d5d9, 0x00d6a3, 0x000000, 0x00d5da, 0x000000, 0x00d5db, 0x000000, 0x000000,
    0x00d5dc, 0x000000, 0x00d5de, 0x000000, 0x8fa5fa, 0x00cfd7, 0x000000, 0x8fa5fb, 0x00d5df,
    0x8fa5fc, 0x000000, 0x00d5e0, 0x8fa5fd, 0x00c2f0, 0x000000, 0x00b1a7, 0x00bce9, 0x00b0c2,
    0x000000, 0x00c1d7, 0x00b4b0, 0x00bcb5, 0x000000, 0x00b9a8, 0x000000, 0x000000, 0x000000,
    0x00cfd8, 0x000000, 0x00c5e6, 0x8fa8a1, 0x00bda1, 0x00b4b1, 0x00c3e8, 0x00c4ea, 0x00b0b8,
    0x00b5b9, 0x00caf5, 0x000000, 0x00bcc2, 0x000000, 0x000000, 0x00b5d2, 0x00c0eb, 0x00bcbc,
    0x00cda8, 0x00d5e1, 0x000000, 0x000000, 0x000000, 0x000000, 0x000000, 0x8fa8a2, 0x000000,
    0x00b5dc, 0x000000, 0x00bacb, 0x000000, 0x000000, 0x00b3b2, 0x00b1e3, 0x00beac, 0x00b2c8,
    0x000000, 0x00d5e2, 0x00cdc6, 0x000000, 0x000000, 0x000000, 0x000000, 0x000000, 0x00bdc9,
    0x8fa8a4, 0x000000, 0x00bce4, 0x00d5e3, 0x00b4f3, 0x00c6d2, 0x00cca9, 0x00d5e4, 0x000000,
    0x00d5e5, 0x000000, 0x000000, 0x00c9d9, 0x000000, 0x8fa8a6, 0x000000, 0x00d5e7, 0x000000,
    0x00b4a8, 0x00b6f7, 0x00d5e6, 0x000000, 0x8fa8a7, 0x000000, 0x00cfd9, 0x000000, 0x000000,
    0x00b4b2, 0x000000, 0x00bfb2, 0x00d5eb, 0x00bba1, 0x000000, 0x00b2c9, 0x00d5ea, 0x000000,
    0x00d5e8, 0x00d5ec, 0x00d5e9, 0x00c7ab, 0x00dccd, 0x00bfb3, 0x000000, 0x00d5ed, 0x00cfda,
    0x000000, 0x00cec0, 0x000000, 0x00d5ee, 0x8fa8aa, 0x000000, 0x00d5f0, 0x000000, 0x00c3fe,
    0x00d5ef, 0x000000, 0x00c0a3, 0x000000, 0x00bbfb, 0x000000, 0x000000, 0x8fa8ab, 0x00c2d0,
    0x00bcf7, 0x000000, 0x00c9f5, 0x00c0ec, 0x8fa8ad, 0x00bccd, 0x00d5f1, 0x00bead, 0x00d5f2,
    0x00d5f3, 0x00b0d3, 0x00c2ba, 0x00bfd2, 0x000000, 0x00d5f4, 0x00c6b3, 0x00beae, 0x000000,
    0x00beaf, 0x00cfdb, 0x00d5f5, 0x000000, 0x000000, 0x00c0ed, 0x000000, 0x000000, 0x000000,
    0x00beb0, 0x000000, 0x000000, 0x000000, 0x00cfdc, 0x000000, 0x00d5f6, 0x000000, 0x00d5f7,
    0x00cfdd, 0x00cce0, 0x000000, 0x000000, 0x000000, 0x00d5f8, 0x8fa8ae, 0x000000, 0x00cfde,
    0x000000, 0x00b6c6, 0x000000, 0x000000, 0x8fa8af, 0x00bda2, 0x000000, 0x000000, 0x000000,
    0x000000, 0x000000, 0x000000, 0x00d5f9, 0x00d5fa, 0x00bcdc, 0x00bfac, 0x00c6f4, 0x00bfd4,
    0x00c8f8, 0x00c7a2, 0x00b6c9, 0x00d5fb, 0x000000, 0x000000, 0x000000, 0x00b5ef, 0x00d5fc,
    0x000000, 0x00b6fe, 0x000000, 0x00c6cf, 0x00b2b0, 0x000000, 0x00bbd3, 0x00d5fd, 0x00d6a2,
    0x00d6a1, 0x00b6fd, 0x000000, 0x00d5fe, 0x000000, 0x00c5b8, 0x000000, 0x000000, 0x000000,
    0x000000, 0x000000, 0x00fefb, 0x000000, 0x000000, 0x00c2b0, 0x8fa8b1, 0x00c5cb, 0x00bcc8,
    0x00cfe0, 0x8fa8b2, 0x00c1d8, 0x00cdfa, 0x000000, 0x8fa8b3, 0x8fa8b4, 0x8fa8b5, 0x000000,
    0x000000, 0x00d6a4, 0x000000, 0x00d6a5, 0x00c6d6, 0x8fa8b6, 0x00bbb3, 0x000000, 0x000000,
    0x000000, 0x000000, 0x00d6a7, 0x000000, 0x000000, 0x00d6a8, 0x00cfe4, 0x000000, 0x8fa8b9,
    0x000000, 0x000000, 0x000000, 0x000000, 0x000000, 0x000000, 0x000000, 0x000000, 0x8fa8bc,
    0x000000, 0x8fa8bd, 0x000000, 0x00d6a9, 0x000000, 0x000000, 0x00cfe5, 0x00b4f4, 0x00d6aa,
    0x000000, 0x000000, 0x00d6ab, 0x000000, 0x000000, 0x000000, 0x000000, 0x000000, 0x000000,
    0x000000, 0x000000, 0x000000, 0x000000, 0x00cfe6, 0x8fa8c1, 0x00b2ac, 0x8fa8c2, 0x00cfe7,
    0x000000, 0x000000, 0x8fa8c3, 0x8fa8c4, 0x00c1bb, 0x00b4e4, 0x00cfe8, 0x00d6ad, 0x00cca8,
    0x8fa8c6, 0x000000, 0x000000, 0x000000, 0x00c2d2, 0x000000, 0x00b3d9, 0x000000, 0x8fa8c7,
    0x00d6af, 0x00d6b1, 0x00b4df, 0x000000, 0x00cfe9, 0x00d6ae, 0x00d6b0, 0x000000, 0x00d6b3,
    0x000000, 0x000000, 0x000000, 0x000000, 0x000000, 0x00d6b2, 0x000000, 0x00d6b4, 0x000000,
    0x8fa8c9, 0x000000, 0x00cfea, 0x000000, 0x000000, 0x000000, 0x000000, 0x00cfeb, 0x000000,
    0x00cfec, 0x000000, 0x000000, 0x000000, 0x000000, 0x000000, 0x000000, 0x00d6b5, 0x000000,
    0x000000, 0x000000, 0x000000, 0x000000, 0x000000, 0x00c6bd, 0x00b6ae, 0x000000, 0x000000,
    0x000000, 0x000000, 0x000000, 0x000000, 0x00b2e5, 0x00d6b6, 0x00d6bb, 0x000000, 0x000000,
    0x00d6b9, 0x000000, 0x00caf7, 0x00caf6, 0x000000, 0x000000, 0x000000, 0x00cfed, 0x000000,
    0x00c5e7, 0x000000, 0x000000, 0x000000, 0x00d6b8, 0x00bdd4, 0x000000, 0x00d6b7, 0x000000,
    0x000000, 0x000000, 0x000000, 0x000000, 0x000000, 0x8fa8cc, 0x00bff2, 0x000000, 0x000000,
    0x000000, 0x00d6bc, 0x000000, 0x00cff0, 0x00baea, 0x000000, 0x8fa8cd, 0x00d6c2, 0x000000,
    0x000000, 0x00d6c3, 0x00d6bd, 0x00b3b3, 0x00d6be, 0x00d6c7, 0x00d6c6, 0x00d6c5, 0x00d6c1,
    0x000000, 0x8fa8cf, 0x000000, 0x00d6c0, 0x8fa8d0, 0x000000, 0x00d6c4, 0x000000, 0x8fa8d1,
    0x000000, 0x8fa8d2, 0x00cff1, 0x000000, 0x00caf8, 0x000000, 0x8fa8ce, 0x000000, 0x000000,
    0x000000, 0x000000, 0x000000, 0x8fa8d3, 0x000000, 0x000000, 0x000000, 0x000000, 0x000000,
    0x000000, 0x000000, 0x8fa8d4, 0x000000, 0x000000, 0x000000, 0x000000, 0x000000, 0x000000,
    0x8fa8d5, 0x000000, 0x000000, 0x000000, 0x00cff3, 0x00cff4, 0x000000, 0x000000, 0x00cff6,
    0x00d6cb, 0x00d6c8, 0x000000, 0x00d6ca, 0x000000, 0x00cdf2, 0x000000, 0x00d6c9, 0x00cff5,
    0x000000, 0x000000, 0x000000, 0x000000, 0x000000, 0x000000, 0x000000, 0x000000, 0x00d6bf,
    0x000000, 0x000000, 0x000000, 0x000000, 0x8fa8d7, 0x000000, 0x000000, 0x000000, 0x000000,
    0x000000, 0x000000, 0x000000, 0x00bff3, 0x8fa8d8, 0x000000, 0x00d6cc, 0x00cff7, 0x000000,
    0x00bab7, 0x8fa8da, 0x000000, 0x000000, 0x00d6cd, 0x000000, 0x000000, 0x00d6ce, 0x000000,
    0x000000, 0x000000, 0x000000, 0x000000, 0x000000, 0x000000, 0x000000, 0x000000, 0x00cff8,
    0x00d6d1, 0x000000, 0x00d6d0, 0x000000, 0x000000, 0x00d6cf, 0x8fa8dd, 0x000000, 0x000000,
    0x00c5e8, 0x00d6ba, 0x000000, 0x000000, 0x000000, 0x00d6d7, 0x000000, 0x8fa8df, 0x000000,
    0x8fa8e0, 0x000000, 0x000000, 0x8fa8e1, 0x000000, 0x8fa8e2, 0x000000, 0x000000, 0x000000,
    0x00d6d3, 0x000000, 0x000000, 0x00cff9, 0x000000, 0x00d6d2, 0x000000, 0x00cffa, 0x000000,
    0x000000, 0x00cffb, 0x000000, 0x000000, 0x000000, 0x000000, 0x00d6d4, 0x000000, 0x00d6d5,
    0x000000, 0x8fa8e3, 0x000000, 0x8fa8e4, 0x000000, 0x8fa8e5, 0x000000, 0x000000, 0x00d6d8,
    0x00cffc, 0x8fa8e7, 0x00cee6, 0x000000, 0x00d6d9, 0x00d6d6, 0x000000, 0x000000, 0x000000,
    0x000000, 0x000000, 0x000000, 0x000000, 0x000000, 0x000000, 0x00d6da, 0x000000, 0x00cffd,
    0x00b4e0, 0x00d6db, 0x000000, 0x000000, 0x000000, 0x8fa8e8, 0x00d6dd, 0x00d6dc, 0x000000,
    0x000000, 0x00d6de, 0x8fa8e9, 0x8fa8ea, 0x000000, 0x000000, 0x00d6df, 0x000000, 0x00c0ee,
    0x00bda3, 0x000000, 0x8fa8eb, 0x00bde4, 0x00f4a8, 0x00c1e3, 0x8fa8ed, 0x00b9a9, 0x00bab8,
    0x00b9aa, 0x00b5f0, 0x8fa8ee, 0x000000, 0x00d6e0, 0x000000, 0x000000, 0x00bab9, 0x000000,
    0x000000, 0x00b8ca, 0x00d6e1, 0x00cca6, 0x00c7c3, 0x00d6e2, 0x000000, 0x00b9ab, 0x000000,
    0x000000, 0x000000, 0x00b4ac, 0x000000, 0x00c3a7, 0x00b6d2, 0x000000, 0x8fa8f0, 0x000000,
    0x00bbd4, 0x00c9db, 0x000000, 0x000000, 0x00c8c1, 0x000000, 0x000000, 0x000000, 0x000000,
    0x00d6e3, 0x00b4f5, 0x000000, 0x000000, 0x000000, 0x000000, 0x00d6e6, 0x8fa8f2, 0x000000,
    0x00f4a9, 0x8fa8f3, 0x00c4a1, 0x000000, 0x00f4aa, 0x00d6e5, 0x00d6e4, 0x00d6e7, 0x000000,
    0x00c4eb, 0x000000, 0x8fa8f5, 0x000000, 0x000000, 0x000000, 0x000000, 0x000000, 0x00bfe3,
    0x000000, 0x000000, 0x000000, 0x000000, 0x000000, 0x00bbd5, 0x000000, 0x00c0ca, 0x8fa8f6,
    0x00c2d3, 0x00b5a2, 0x000000, 0x000000, 0x00c4a2, 0x000000, 0x000000, 0x00d6e8, 0x00d6e9,
    0x00beef, 0x000000, 0x000000, 0x000000, 0x000000, 0x00cbb9, 0x8fa8f7, 0x000000, 0x00d6ec,
    0x000000, 0x000000, 0x00d6eb, 0x00d6ea, 0x00c9fd, 0x000000, 0x00d6f3, 0x000000, 0x8fa8f8,
    0x000000, 0x000000, 0x00cbda, 0x000000, 0x00d6ed, 0x000000, 0x000000, 0x000000, 0x000000,
    0x000000, 0x00d6ef, 0x00cbeb, 0x8fa8fa, 0x00d6ee, 0x00f4ab, 0x000000, 0x000000, 0x000000,
    0x000000, 0x000000, 0x00f4ac, 0x00d6f0, 0x000000, 0x00c8a8, 0x00d6f1, 0x00cabe, 0x00d6f2,
    0x000000, 0x000000, 0x000000, 0x000000, 0x000000, 0x000000, 0x8fa8fc, 0x8fa8fd, 0x8fa8fe,
    0x8faca1, 0x000000, 0x000000, 0x000000, 0x00b4b3, 0x00cabf, 0x00c7af, 0x00d6f4, 0x00d6f5,
    0x00fefc, 0x00b9ac, 0x00b4b4, 0x00d6f6, 0x00b8b8, 0x00cdc4, 0x00cda9, 0x00b4f6, 0x00d6f8,
    0x000000, 0x00c4a3, 0x000000, 0x00b9ad, 0x00beb1, 0x000000, 0x000000, 0x00c8df, 0x000000,
    0x000000, 0x00beb2, 0x000000, 0x000000, 0x000000, 0x000000, 0x00bdf8, 0x000000, 0x000000,
    0x000000, 0x000000, 0x000000, 0x00c4ec, 0x00caf9, 0x00c5b9, 0x000000, 0x000000, 0x00b9ae,
    0x000000, 0x00c9dc, 0x000000, 0x000000, 0x000000, 0x00d6f9, 0x000000, 0x000000, 0x000000,
    0x000000, 0x8faca3, 0x00c5d9, 0x00bac2, 0x000000, 0x000000, 0x8faca4, 0x00b8cb, 0x8faca5,
    0x00c4ed, 0x000000, 0x000000, 0x000000, 0x000000, 0x000000, 0x000000, 0x000000, 0x00b0c3,
    0x00bdee, 0x00b9af, 0x00cdc7, 0x8faca6, 0x000000, 0x000000, 0x000000, 0x000000, 0x00f4ad,
    0x8faca7, 0x000000, 0x00d6fa, 0x00d6fb, 0x00c7d1, 0x000000, 0x000000, 0x8faca8, 0x000000,
    0x00d6fc, 0x00cef7, 0x00cfad, 0x00f4af, 0x000000, 0x000000, 0x000000, 0x00d6fe, 0x00d6fd,
    0x000000, 0x8faca9, 0x00b3c7, 0x000000, 0x000000, 0x00d7a1, 0x000000, 0x000000, 0x8facaa,
    0x00d7a4, 0x00d7a5, 0x000000, 0x00d7a3, 0x000000, 0x00c9c0, 0x00beb3, 0x00d7a7, 0x00d7a6,
    0x00d7a2, 0x000000, 0x000000, 0x000000, 0x000000, 0x00d7a8, 0x00d7a9, 0x000000, 0x000000,
    0x00d7aa, 0x000000, 0x000000, 0x000000, 0x00d7ad, 0x00d7ab, 0x000000, 0x00d7ac, 0x00d7ae,
    0x000000, 0x00b1e4, 0x00c4ee, 0x00d7af, 0x00f4b0, 0x00b7fa, 0x00b2f6, 0x00c7b6, 0x8facac,
    0x00d7b0, 0x00c6fb, 0x00f4b1, 0x00cadb, 0x00f4b2, 0x00d7b1, 0x00cfae, 0x000000, 0x000000,
    0x00f4b3, 0x8facad, 0x00d7b2, 0x00cac0, 0x00d7b5, 0x00d0a1, 0x00d0b1, 0x8facae, 0x00bcb0,
    0x00c6f5, 0x00d7b6, 0x000000, 0x00b5dd, 0x00c4a4, 0x00b0fa, 0x00d7b7, 0x00caa6, 0x00b9b0,
    0x000000, 0x000000, 0x00c3d0, 0x8facaf, 0x00f4b4, 0x8facb1, 0x00c4ef, 0x000000, 0x000000,
    0x000000, 0x00f4b5, 0x000000, 0x00ccef, 0x00b8b9, 0x00b8cc, 0x000000, 0x00d7b8, 0x000000,
    0x000000, 0x000000, 0x00d7b9, 0x000000, 0x00d7bf, 0x000000, 0x00bce5, 0x000000, 0x000000,
    0x00f4b6, 0x00c4a5, 0x00f4b7, 0x00b6af, 0x00d7ba, 0x000000, 0x000000, 0x000000, 0x00c9ab,
    0x00f4b8, 0x00c3c6, 0x000000, 0x00f4b9, 0x00d7bb, 0x000000, 0x000000, 0x000000, 0x00f4ba,
    0x000000, 0x8facb2, 0x00d7bc, 0x000000, 0x00b6b0, 0x000000, 0x00d7bd, 0x000000, 0x00d7be,
    0x000000, 0x000000, 0x00d7c0, 0x000000, 0x00c5f6, 0x00f4bb, 0x000000, 0x00d7c1, 0x00d7c2,
    0x00f4bc, 0x00d7c3, 0x000000, 0x000000, 0x00d7b4, 0x00d7b3, 0x000000, 0x000000, 0x000000,
    0x00d7c4, 0x00b7c1, 0x8facb3, 0x00f4bd, 0x000000, 0x00c9a7, 0x00f4be, 0x000000, 0x00bacc,
    0x00c9b7, 0x00c4a6, 0x00c9cb, 0x00d7c5, 0x000000, 0x000000, 0x00beb4, 0x00b1c6, 0x8facb4,
    0x00d7c6, 0x000000, 0x000000, 0x000000, 0x00d7c7, 0x000000, 0x00ccf2, 0x000000, 0x000000,
    0x00c8e0, 0x00f4bf, 0x8facb5, 0x00d7ca, 0x00b1fd, 0x00c0ac, 0x00d7c9, 0x00d7c8, 0x00b7c2,
    0x00c2d4, 0x000000, 0x00d7ce, 0x00d7cc, 0x00f4c0, 0x00d7cb, 0x00cea7, 0x00b8e5, 0x000000,
    0x000000, 0x8facb6, 0x00bdf9, 0x00d7cd, 0x00c5cc, 0x00bdbe, 0x000000, 0x000000, 0x000000,
    0x00c6c0, 0x00d7d1, 0x00d7d0, 0x000000, 0x000000, 0x00f4c1, 0x000000, 0x00d7cf, 0x000000,
    0x00d7d2, 0x00b8e6, 0x8facb7, 0x000000, 0x8facb8, 0x000000, 0x000000, 0x00f4c2, 0x00d7d3,
    0x00c9fc, 0x00bddb, 0x000000, 0x000000, 0x00d7d4, 0x00c8f9, 0x00f4c3, 0x000000, 0x000000,
    0x000000, 0x00c6c1, 0x00c4a7, 0x00f4c4, 0x000000, 0x00f4c5, 0x8facb9, 0x00c5b0, 0x000000,
    0x000000, 0x00d7d5, 0x00b5ab, 0x000000, 0x000000, 0x000000, 0x00bfb4, 0x8facba, 0x00c9ac,
    0x000000, 0x8facbc, 0x000000, 0x00f4c6, 0x000000, 0x8facbd, 0x00b4f7, 0x00c7a6, 0x000000,
    0x000000, 0x000000, 0x000000, 0x8facbe, 0x8facbf, 0x8facc0, 0x000000, 0x00d7d6, 0x00bbd6,
    0x00cbba, 0x00cbbb, 0x000000, 0x000000, 0x00b1fe, 0x00d7db, 0x00f4c7, 0x000000, 0x00c3e9,
    0x00f4c8, 0x8facc1, 0x000000, 0x00d7d8, 0x000000, 0x000000, 0x000000, 0x000000, 0x00f4c9,
    0x000000, 0x00b2f7, 0x000000, 0x000000, 0x8facc2, 0x8facc3, 0x00d8ad, 0x00d7da, 0x000000,
    0x8facc4, 0x000000, 0x00c7b0, 0x000000, 0x000000, 0x00d7d9, 0x000000, 0x000000, 0x00d7d7,
    0x8facc5, 0x00b9fa, 0x000000, 0x00d7dd, 0x000000, 0x000000, 0x000000, 0x000000, 0x000000,
    0x000000, 0x000000, 0x000000, 0x000000, 0x000000, 0x000000, 0x000000, 0x000000, 0x00f4ca,
    0x00d7e3, 0x00d7e9, 0x00d7e1, 0x000000, 0x00c5dc, 0x000000, 0x00f4cb, 0x00d7e6, 0x00c9dd,
    0x8facc7, 0x00f4cc, 0x00d7e0, 0x000000, 0x00d7e5, 0x00cee7, 0x00bbd7, 0x000000, 0x000000,
    0x00c2d5, 0x00d7de, 0x8facc8, 0x000000, 0x8facc9, 0x00b5de, 0x00d7e8, 0x00c0ad, 0x00b1e5,
    0x00d7e2, 0x00b2f8, 0x00d7e7, 0x000000, 0x000000, 0x000000, 0x00b6b1, 0x000000, 0x00d7e4,
    0x000000, 0x00f4cd, 0x000000, 0x00f4ce, 0x000000, 0x000000, 0x000000, 0x000000, 0x00d7ea,
    0x000000, 0x000000, 0x000000, 0x000000, 0x000000, 0x00d7ec, 0x00d7f6, 0x00d7f4, 0x000000,
    0x000000, 0x00d7f1, 0x00f4cf, 0x000000, 0x000000, 0x00d7f0, 0x00cef8, 0x8faccb, 0x00d7f2,
    0x000000, 0x000000, 0x00b6b2, 0x000000, 0x00b9b1, 0x000000, 0x000000, 0x00bdfa, 0x000000,
    0x000000, 0x000000, 0x00d7f9, 0x00d7eb, 0x000000, 0x000000, 0x000000, 0x000000, 0x00d7ef,
    0x00d7df, 0x000000, 0x00b2fa, 0x00d7f3, 0x00d7f5, 0x00c3d1, 0x000000, 0x000000, 0x00baa8,
    0x00b2b8, 0x00d7ed, 0x00d7f8, 0x00d7f7, 0x00b6b3, 0x000000, 0x00c2a9, 0x00b3e6, 0x000000,
    0x000000, 0x000000, 0x000000, 0x00b7c3, 0x000000, 0x00d7ee, 0x000000, 0x000000, 0x000000,
    0x000000, 0x000000, 0x000000, 0x000000, 0x8faccc, 0x000000, 0x00d7fa, 0x000000, 0x00d7fd,
    0x00d8a1, 0x000000, 0x000000, 0x000000, 0x000000, 0x00bcbd, 0x8faccd, 0x00d8a7, 0x00c4f0,
    0x00d7fb, 0x000000, 0x000000, 0x000000, 0x000000, 0x00d8a5, 0x000000, 0x00b2f9, 0x8facce,
    0x00d8a3, 0x00d8a4, 0x000000, 0x000000, 0x00d7fe, 0x00d8a2, 0x000000, 0x00f4d1, 0x00f4d2,
    0x00b8e7, 0x00cdaa, 0x000000, 0x000000, 0x00b4b5, 0x000000, 0x000000, 0x00b1d9, 0x00d8a6,
    0x8faccf, 0x00c7ba, 0x00b0ad, 0x000000, 0x000000, 0x000000, 0x000000, 0x000000, 0x8facd1,
    0x8facd2, 0x00c8e1, 0x00d7dc, 0x00d8ac, 0x00d8b0, 0x00cce5, 0x000000, 0x00d8a9, 0x000000,
    0x000000, 0x000000, 0x00c5e9, 0x00d8ae, 0x8facd3, 0x000000, 0x000000, 0x000000, 0x000000,
    0x000000, 0x00bef0, 0x00d8af, 0x00c6d7, 0x8facd4, 0x000000, 0x000000, 0x00f4d3, 0x000000,
    0x000000, 0x000000, 0x000000, 0x000000, 0x00cfc7, 0x000000, 0x00d8ab, 0x00f4d4, 0x00f4d5,
    0x000000, 0x000000, 0x00d8b1, 0x8facd5, 0x00b9fb, 0x8facd6, 0x00c0cb, 0x00f4d6, 0x000000,
    0x00b0d4, 0x00d8aa, 0x00d8a8, 0x000000, 0x00c1da, 0x000000, 0x000000, 0x000000, 0x00d7fc,
    0x00bbb4, 0x000000, 0x000000, 0x000000, 0x000000, 0x000000, 0x8facd7, 0x000000, 0x00c2c6,
    0x00d8bd, 0x8facd8, 0x00c1db, 0x00d8b8, 0x8facd9, 0x00d8b5, 0x00d8b6, 0x00f4d7, 0x00bce6,
    0x00d8b9, 0x00d8bc, 0x000000, 0x000000, 0x000000, 0x000000, 0x00d8b7, 0x00bda5, 0x000000,
    0x00d8ba, 0x000000, 0x000000, 0x00d8b4, 0x000000, 0x00ccfc, 0x00ccfb, 0x000000, 0x000000,
    0x000000, 0x00d8be, 0x00d8bf, 0x00b0d5, 0x8facda, 0x000000, 0x8facdb, 0x8facdc, 0x000000,
    0x00d8b3, 0x000000, 0x000000, 0x000000, 0x8facdd, 0x00b6f2, 0x00b0a6, 0x00f4d8, 0x000000,
    0x8facde, 0x00b4b6, 0x000000, 0x00d8bb, 0x000000, 0x000000, 0x000000, 0x000000, 0x000000,
    0x00d8c3, 0x00d8c2, 0x000000, 0x000000, 0x00f4d9, 0x00d8c7, 0x000000, 0x000000, 0x000000,
    0x00f4da, 0x000000, 0x000000, 0x000000, 0x00d8c8, 0x000000, 0x000000, 0x00f4db, 0x000000,
    0x000000, 0x8facdf, 0x000000, 0x00d8c6, 0x00d8c9, 0x00d8c1, 0x00d8c5, 0x000000, 0x8face1,
    0x00d8ca, 0x000000, 0x00d8cb, 0x000000, 0x8face2, 0x00d8c0, 0x00bbfc, 0x000000, 0x00d8c4,
    0x00c2d6, 0x00b9b2, 0x00d8b2, 0x00bfb5, 0x000000, 0x000000, 0x000000, 0x000000, 0x00d8d8,
    0x000000, 0x00cae9, 0x000000, 0x000000, 0x00d8ce, 0x00d8cf, 0x00d8d0, 0x000000, 0x000000,
    0x00d8d7, 0x000000, 0x00d8d6, 0x8face3, 0x000000, 0x00cbfd, 0x00b4b7, 0x000000, 0x00d8d4,
    0x000000, 0x00b7c5, 0x00b3b4, 0x000000, 0x000000, 0x00d8d1, 0x000000, 0x000000, 0x00ceb8,
    0x00d8d3, 0x00b0d6, 0x00d8d5, 0x000000, 0x00d8cc, 0x00d8d2, 0x00d8d9, 0x00b7c4, 0x00d8cd,
    0x000000, 0x000000, 0x000000, 0x000000, 0x8face4, 0x000000, 0x00cddd, 0x000000, 0x000000,
    0x00cdab, 0x000000, 0x000000, 0x000000, 0x000000, 0x00d8dc, 0x000000, 0x000000, 0x00d8e0,
    0x000000, 0x000000, 0x00f4dd, 0x00c1fe, 0x000000, 0x00cef9, 0x00d8e1, 0x8face6, 0x8face7,
    0x00d8de, 0x000000, 0x00d8db, 0x8face8, 0x8face9, 0x00d8da, 0x00d8df, 0x000000, 0x000000,
    0x000000, 0x000000, 0x000000, 0x000000, 0x000000, 0x000000, 0x000000, 0x00cab0, 0x8facea,
    0x000000, 0x00c6b4, 0x8faceb, 0x00b7c6, 0x000000, 0x00d8e2, 0x00d8dd, 0x8facec, 0x00d8e3,
    0x000000, 0x000000, 0x000000, 0x00b7fb, 0x000000, 0x000000, 0x000000, 0x00b2b1, 0x000000,
    0x000000, 0x00f4e0, 0x00d8eb, 0x000000, 0x00f4df, 0x000000, 0x00b4b8, 0x000000, 0x000000,
    0x000000, 0x00d8e9, 0x000000, 0x000000, 0x00d8ea, 0x00baa9, 0x00d8e8, 0x00d8e6, 0x00d8e5,
    0x00d8ec, 0x00d8e4, 0x00d8ee, 0x000000, 0x000000, 0x00b2fb, 0x000000, 0x000000, 0x000000,
    0x000000, 0x8facee, 0x000000, 0x000000, 0x000000, 0x000000, 0x000000, 0x000000, 0x000000,
    0x8facef, 0x000000, 0x8facf0, 0x000000, 0x000000, 0x000000, 0x00d8f0, 0x000000, 0x000000,
    0x00d8ef, 0x000000, 0x000000, 0x000000, 0x000000, 0x000000, 0x000000, 0x000000, 0x000000,
    0x000000, 0x000000, 0x000000, 0x00c4a8, 0x000000, 0x00d8f3, 0x8facf1, 0x00d8f1, 0x00d8e7,
    0x00b7fc, 0x000000, 0x00d8f2, 0x000000, 0x00d8f6, 0x00d8f5, 0x00d8f7, 0x00d8f4, 0x00d8f8,
    0x000000, 0x000000, 0x000000, 0x000000, 0x000000, 0x000000, 0x000000, 0x00d8f9, 0x00d8fa,
    0x00caea, 0x000000, 0x00d8fc, 0x00d8fb, 0x00bdbf, 0x000000, 0x00c0ae, 0x00b2e6, 0x00b2fc,
    0x000000, 0x00d8fd, 0x8facf3, 0x00b0bf, 0x000000, 0x000000, 0x000000, 0x00c0cc, 0x00d8fe,
    0x000000, 0x00ecc3, 0x00d9a1, 0x00b7e1, 0x000000, 0x00d9a2, 0x00f4e2, 0x8facf4, 0x000000,
    0x000000, 0x00c0ef, 0x000000, 0x000000, 0x8facf5, 0x00d9a3, 0x000000, 0x000000, 0x000000,
    0x00d9a4, 0x00b5ba, 0x00d9a5, 0x000000, 0x00d9a6, 0x00d9a7, 0x00c2d7, 0x000000, 0x000000,
    0x000000, 0x00b8cd, 0x000000, 0x000000, 0x00cce1, 0x000000, 0x000000, 0x00f4e3, 0x00cbbc,
    0x00bdea, 0x00d9a8, 0x000000, 0x00f4e4, 0x000000, 0x000000, 0x8facf6, 0x00c0f0, 0x00eebd,
    0x00c8e2, 0x000000, 0x00bcea, 0x8facf7, 0x00bacd, 0x00d9a9, 0x000000, 0x000000, 0x8facf8,
    0x8facf9, 0x00c2c7, 0x000000, 0x00caa7, 0x00f4e5, 0x000000, 0x00c2f1, 0x000000, 0x00f4e6,
    0x00d9ac, 0x000000, 0x000000, 0x00d9aa, 0x000000, 0x00d9ad, 0x8facfa, 0x000000, 0x00d9ab,
    0x8facfb, 0x000000, 0x000000, 0x000000, 0x00d9ae, 0x000000, 0x000000, 0x000000, 0x000000,
    0x8facfd, 0x00cab1, 0x00f4e7, 0x000000, 0x00b0b7, 0x000000, 0x8facfe, 0x000000, 0x000000,
    0x00c9de, 0x000000, 0x000000, 0x00c8e3, 0x000000, 0x8facfc, 0x00d9af, 0x000000, 0x00d9b2,
    0x00beb5, 0x00b5bb, 0x000000, 0x00d9b0, 0x00d9b7, 0x00beb6, 0x00f4e8, 0x000000, 0x000000,
    0x000000, 0x00d9b1, 0x00c7c4, 0x000000, 0x000000, 0x000000, 0x000000, 0x000000, 0x000000,
    0x00cdde, 0x00d9b3, 0x00d9b4, 0x00d9b8, 0x00c5ea, 0x00d9b5, 0x00b9b3, 0x00c0de, 0x8fada1,
    0x000000, 0x00d9c6, 0x00c8b4, 0x000000, 0x00c2f2, 0x000000, 0x000000, 0x000000, 0x000000,
    0x000000, 0x000000, 0x000000, 0x8fada2, 0x000000, 0x000000, 0x000000, 0x000000, 0x00c8e4,
    0x00daad, 0x000000, 0x000000, 0x000000, 0x000000, 0x00cafa, 0x000000, 0x000000, 0x000000,
    0x00c4f1, 0x000000, 0x000000, 0x000000, 0x00cbf5, 0x000000, 0x00d9bb, 0x00b2a1, 0x00c3ea,
    0x000000, 0x000000, 0x00d9c4, 0x000000, 0x00f4e9, 0x00c3b4, 0x00d9be, 0x00d9c5, 0x00d9c0,
    0x00d9c7, 0x00d9c3, 0x000000, 0x00d9c2, 0x00c7ef, 0x000000, 0x00d9bc, 0x00b2fd, 0x00d9ba,
    0x00b5f1, 0x00c2f3, 0x00d9b6, 0x8fada3, 0x00f4ea, 0x00d9b9, 0x00b9b4, 0x00c0db, 0x000000,
    0x00beb7, 0x00d9c1, 0x00c7d2, 0x000000, 0x000000, 0x00b5f2, 0x00b3c8, 0x000000, 0x000000,
    0x000000, 0x000000, 0x000000, 0x000000, 0x000000, 0x000000, 0x000000, 0x000000, 0x00b3e7,
    0x00bfa1, 0x00d9c9, 0x00d9ce, 0x000000, 0x00d9ca, 0x000000, 0x00b7fd, 0x000000, 0x00d9cf,
    0x00bba2, 0x00b9e9, 0x000000, 0x000000, 0x000000, 0x000000, 0x00f4eb, 0x8fada5, 0x00bda6,
    0x00d9bd, 0x000000, 0x00bbfd, 0x00d9cc, 0x8fada6, 0x000000, 0x000000, 0x000000, 0x00bbd8,
    0x00d9cd, 0x00b0c4, 0x00f4ec, 0x000000, 0x00d9c8, 0x8fada7, 0x000000, 0x000000, 0x8fada8,
    0x00c4a9, 0x000000, 0x000000, 0x000000, 0x000000, 0x000000, 0x000000, 0x00f4ed, 0x00b5f3,
    0x000000, 0x000000, 0x000000, 0x000000, 0x000000, 0x00b6b4, 0x000000, 0x000000, 0x000000,
    0x000000, 0x000000, 0x000000, 0x000000, 0x00d9cb, 0x00b0a7, 0x000000, 0x000000, 0x00bac3,
    0x000000, 0x000000, 0x000000, 0x00bfb6, 0x000000, 0x000000, 0x8fadab, 0x000000, 0x000000,
    0x8fadac, 0x000000, 0x000000, 0x000000, 0x00f4ee, 0x00c4f2, 0x8fadad, 0x8fadae, 0x00c8d4,
    0x00d9d1, 0x00c1de, 0x000000, 0x8fadaf, 0x000000, 0x00f4ef, 0x8fadb0, 0x000000, 0x000000,
    0x000000, 0x000000, 0x00c2aa, 0x000000, 0x000000, 0x00bbab, 0x00d9d2, 0x8fadb1, 0x00d9d4,
    0x00d9d0, 0x000000, 0x000000, 0x000000, 0x000000, 0x00cae1, 0x000000, 0x00c4bd, 0x000000,
    0x8fadb3, 0x000000, 0x000000, 0x00c1dc, 0x000000, 0x000000, 0x000000, 0x000000, 0x000000,
    0x000000, 0x000000, 0x000000, 0x00f4f0, 0x000000, 0x00cafb, 0x00bcce, 0x00d9e0, 0x000000,
    0x00d9df, 0x8fadb6, 0x000000, 0x00bff8, 0x000000, 0x000000, 0x000000, 0x00b7fe, 0x000000,
    0x000000, 0x000000, 0x00d9d9, 0x00beb9, 0x000000, 0x000000, 0x00c6e8, 0x00c7b1, 0x00f4f1,
    0x000000, 0x000000, 0x000000, 0x00d9d7, 0x000000, 0x000000, 0x00c1dd, 0x8fadb7, 0x000000,
    0x000000, 0x000000, 0x00bcf8, 0x00d9dc, 0x000000, 0x000000, 0x00beb8, 0x000000, 0x00d9d6,
    0x00d9db, 0x000000, 0x000000, 0x00c7d3, 0x000000, 0x8fadba, 0x000000, 0x00d9d5, 0x000000,
    0x00b7a1, 0x8fadb8, 0x000000, 0x00b3dd, 0x000000, 0x000000, 0x000000, 0x00d9dd, 0x00ceab,
    0x00bace, 0x00c3b5, 0x00d9da, 0x000000, 0x00c0dc, 0x000000, 0x00b9b5, 0x00bfe4, 0x00b1e6,
    0x00c1bc, 0x00d9d8, 0x00b5c5, 0x000000, 0x000000, 0x000000, 0x000000, 0x000000, 0x00b7c7,
    0x000000, 0x00c4cf, 0x00d9de, 0x000000, 0x000000, 0x000000, 0x000000, 0x000000, 0x00c1df,
    0x000000, 0x8fadbb, 0x00d9e1, 0x000000, 0x00d9e3, 0x000000, 0x000000, 0x00c2b7, 0x00d9e9,
    0x000000, 0x00d9e4, 0x000000, 0x000000, 0x00d9e6, 0x000000, 0x000000, 0x000000, 0x000000,
    0x000000, 0x00c9c1, 0x00c4f3, 0x000000, 0x00d9e7, 0x000000, 0x8fadbd, 0x8fadbe, 0x00cdac,
    0x000000, 0x000000, 0x000000, 0x00cdc8, 0x00b4b9, 0x8fadbf, 0x000000, 0x000000, 0x000000,
    0x8fadc0, 0x00b0ae, 0x000000, 0x00d9e5, 0x000000, 0x00f4f2, 0x000000, 0x000000, 0x000000,
    0x00d9e2, 0x000000, 0x8fadc1, 0x8fadc2, 0x00f4f3, 0x00b4f8, 0x000000, 0x000000, 0x000000,
    0x8fadc3, 0x000000, 0x00b1e7, 0x00f4f4, 0x00d9e8, 0x8fadbc, 0x000000, 0x000000, 0x00cdc9,
    0x000000, 0x000000, 0x000000, 0x000000, 0x000000, 0x000000, 0x00d9ec, 0x000000, 0x000000,
    0x8fadc4, 0x000000, 0x000000, 0x000000, 0x00c2bb, 0x000000, 0x00d9f3, 0x00f4f5, 0x000000,
    0x000000, 0x00d9ed, 0x00f4f6, 0x000000, 0x00d9ea, 0x00d9f1, 0x000000, 0x000000, 0x000000,
    0x000000, 0x00d9d3, 0x000000, 0x8fadc5, 0x000000, 0x000000, 0x000000, 0x00f4f7, 0x000000,
    0x000000, 0x8fadc6, 0x00d9ee, 0x000000, 0x00d9f2, 0x8fadc7, 0x000000, 0x000000, 0x00c8c2,
    0x00c5eb, 0x000000, 0x8fadc8, 0x000000, 0x000000, 0x000000, 0x000000, 0x00d9eb, 0x000000,
    0x00d9ef, 0x000000, 0x000000, 0x000000, 0x00b7c8, 0x000000, 0x000000, 0x000000, 0x00baf1,
    0x000000, 0x000000, 0x00c0dd, 0x000000, 0x000000, 0x000000, 0x000000, 0x000000, 0x000000,
    0x000000, 0x000000, 0x000000, 0x000000, 0x000000, 0x00d9f7, 0x000000, 0x000000, 0x00f4f9,
    0x000000, 0x000000, 0x000000, 0x000000, 0x000000, 0x000000, 0x00c5a6, 0x000000, 0x8fadc9,
    0x8fadca, 0x000000, 0x8fadcb, 0x000000, 0x000000, 0x00f4fa, 0x000000, 0x000000, 0x000000,
    0x000000, 0x000000, 0x000000, 0x00d9f4, 0x000000, 0x00cbe0, 0x000000, 0x000000, 0x000000,
    0x00f4fb, 0x000000, 0x00d9f5, 0x000000, 0x000000, 0x000000, 0x8fadcc, 0x000000, 0x000000,
    0x00d9f6, 0x000000, 0x00ccce, 0x00f4f8, 0x00c0a2, 0x000000, 0x000000, 0x8fadcd, 0x000000,
    0x000000, 0x000000, 0x00b7e2, 0x000000, 0x000000, 0x000000, 0x8fadce, 0x00d9fd, 0x000000,
    0x000000, 0x000000, 0x000000, 0x000000, 0x000000, 0x000000, 0x000000, 0x8fadcf, 0x00bbb5,
    0x00d9fa, 0x000000, 0x00d9f9, 0x000000, 0x000000, 0x000000, 0x000000, 0x00c7b2, 0x000000,
    0x000000, 0x8fadd0, 0x00c6b5, 0x8fadd1, 0x000000, 0x000000, 0x000000, 0x000000, 0x00c5b1,
    0x00d9fb, 0x000000, 0x000000, 0x000000, 0x00d9fc, 0x000000, 0x00c9ef, 0x000000, 0x00c7c5,
    0x00bba3, 0x000000, 0x00c0f1, 0x000000, 0x00cbd0, 0x000000, 0x000000, 0x000000, 0x000000,
    0x000000, 0x000000, 0x00b3c9, 0x000000, 0x00daa5, 0x00d9fe, 0x000000, 0x00f4fd, 0x00f4fe,
    0x000000, 0x00cdca, 0x00daa7, 0x000000, 0x00f5a1, 0x00daa3, 0x000000, 0x00daa4, 0x000000,
    0x000000, 0x00f5a2, 0x8fadd2, 0x8fadd3, 0x00c1e0, 0x00f4fc, 0x000000, 0x00f5a3, 0x000000,
    0x00daa2, 0x000000, 0x00d9bf, 0x8fadd4, 0x000000, 0x8fadd5, 0x00daa6, 0x000000, 0x00daa1,
    0x000000, 0x000000, 0x000000, 0x000000, 0x000000, 0x00daab, 0x00daac, 0x00c5a7, 0x00daae,
    0x8fadd7, 0x8fadd8, 0x00bba4, 0x00daa9, 0x000000, 0x000000, 0x000000, 0x000000, 0x00b5bc,
    0x000000, 0x000000, 0x00daaf, 0x000000, 0x00daa8, 0x00dab3, 0x000000, 0x00dab2, 0x000000,
    0x00dab1, 0x00f5a4, 0x000000, 0x000000, 0x00dab4, 0x00f5a5, 0x000000, 0x00dab6, 0x00bef1,
    0x8fadd9, 0x00dab5, 0x000000, 0x000000, 0x000000, 0x8fadda, 0x00dab9, 0x000000, 0x000000,
    0x000000, 0x000000, 0x000000, 0x000000, 0x000000, 0x000000, 0x000000, 0x8faddc, 0x000000,
    0x000000, 0x000000, 0x000000, 0x8faddd, 0x000000, 0x8fadde, 0x000000, 0x00dab7, 0x000000,
    0x000000, 0x000000, 0x00dab8, 0x00d9f0, 0x8fade0, 0x000000, 0x000000, 0x000000, 0x00f5a6,
    0x00dabb, 0x00daba, 0x000000, 0x000000, 0x000000, 0x000000, 0x00f5a7, 0x00d9f8, 0x00dabc,
    0x00dab0, 0x000000, 0x000000, 0x00bbd9, 0x000000, 0x000000, 0x8fade1, 0x000000, 0x00dabd,
    0x00dabe, 0x00dac0, 0x00dabf, 0x00dac1, 0x00b2fe, 0x000000, 0x00b9b6, 0x000000, 0x000000,
    0x00cafc, 0x00c0af, 0x000000, 0x000000, 0x000000, 0x000000, 0x8fade2, 0x00b8ce, 0x000000,
    0x000000, 0x00dac3, 0x000000, 0x000000, 0x000000, 0x000000, 0x00dac6, 0x000000, 0x00c9d2,
    0x000000, 0x00b5df, 0x000000, 0x000000, 0x8fade3, 0x00dac5, 0x00dac4, 0x00c7d4, 0x00dac7,
    0x00b6b5, 0x000000, 0x000000, 0x000000, 0x00dac9, 0x00dac8, 0x000000, 0x000000, 0x000000,
    0x00b4ba, 0x00bbb6, 0x000000, 0x000000, 0x00c6d8, 0x00f5a9, 0x000000, 0x000000, 0x000000,
    0x8fade4, 0x00b7c9, 0x000000, 0x000000, 0x000000, 0x00bff4, 0x000000, 0x00daca, 0x000000,
    0x00c0b0, 0x00c5a8, 0x000000, 0x00c9df, 0x00dacb, 0x000000, 0x8fade5, 0x000000, 0x000000,
    0x000000, 0x000000, 0x000000, 0x8fade6, 0x00dacc, 0x00dacd, 0x8fade7, 0x8fade8, 0x000000,
    0x00cab8, 0x00d5dd, 0x00c0c6, 0x8fade9, 0x000000, 0x00c9cc, 0x000000, 0x00bad8, 0x000000,
    0x00c8e5, 0x00c8c3, 0x000000, 0x000000, 0x000000, 0x000000, 0x000000, 0x00c5cd, 0x000000,
    0x00cec1, 0x000000, 0x00dacf, 0x00bcd0, 0x00f5aa, 0x000000, 0x00dad0, 0x000000, 0x00b0b6,
    0x000000, 0x000000, 0x00b6d4, 0x00c0cd, 0x000000, 0x00c9e0, 0x000000, 0x000000, 0x000000,
    0x00dad1, 0x00bbc2, 0x00c3c7, 0x000000, 0x00bbdb, 0x00bfb7, 0x000000, 0x8fadea, 0x000000,
    0x000000, 0x8fadeb, 0x000000, 0x00dad2, 0x8fadec, 0x00cafd, 0x000000, 0x000000, 0x00b1f7,
    0x00bbdc, 0x000000, 0x8faded, 0x000000, 0x00dad5, 0x8fadee, 0x00dad3, 0x00dad6, 0x00ceb9,
    0x00dad4, 0x000000, 0x000000, 0x8fadef, 0x000000, 0x00c0fb, 0x00dad7, 0x000000, 0x000000,
    0x00c2b2, 0x000000, 0x000000, 0x00dad8, 0x000000, 0x8fadf0, 0x000000, 0x000000, 0x00b4fa,
    0x000000, 0x00dada, 0x000000, 0x00dad9, 0x000000, 0x000000, 0x000000, 0x000000, 0x00dadb,
    0x00dadc, 0x00b4fb, 0x000000, 0x000000, 0x00c6fc, 0x00c3b6, 0x00b5ec, 0x00bbdd, 0x00c1e1,
    0x000000, 0x000000, 0x00bddc, 0x00b0b0, 0x000000, 0x000000, 0x000000, 0x00dadd, 0x8fadf2,
    0x000000, 0x000000, 0x000000, 0x000000, 0x000000, 0x000000, 0x8fadf3, 0x00b2a2, 0x00dae1,
    0x8fadf4, 0x000000, 0x000000, 0x000000, 0x00f5ac, 0x000000, 0x00b9b7, 0x00dae0, 0x8fadf5,
    0x000000, 0x00baab, 0x00beba, 0x8fadf6, 0x00f5ad, 0x00dadf, 0x000000, 0x00bebb, 0x000000,
    0x00ccc0, 0x00baaa, 0x000000, 0x000000, 0x000000, 0x00b0d7, 0x00c0ce, 0x00f5ae, 0x000000,
    0x000000, 0x000000, 0x000000, 0x000000, 0x000000, 0x00dae6, 0x000000, 0x00f5af, 0x00c0b1,
    0x00b1c7, 0x8fadf7, 0x00f5b1, 0x000000, 0x00f5b2, 0x00bdd5, 0x000000, 0x00cbe6, 0x00baf2,
    0x000000, 0x8fadf8, 0x00f5b3, 0x000000, 0x00bebc, 0x000000, 0x00c0a7, 0x00f5b4, 0x00f5b5,
    0x000000, 0x00f5b6, 0x00dae5, 0x00dae3, 0x00dae4, 0x000000, 0x000000, 0x000000, 0x00f5b0,
    0x000000, 0x00c3eb, 0x000000, 0x000000, 0x00dba6, 0x000000, 0x00daea, 0x00bbfe, 0x00b9b8,
    0x00dae8, 0x8fadf9, 0x000000, 0x000000, 0x00f5b8, 0x00dae9, 0x000000, 0x00bfb8, 0x00f5b9,
    0x000000, 0x8fadfb, 0x00dae7, 0x000000, 0x8fadfa, 0x00bbaf, 0x000000, 0x000000, 0x000000,
    0x000000, 0x8fadfe, 0x000000, 0x00f5bb, 0x00f5bc, 0x8faea1, 0x000000, 0x00daec, 0x00daeb,
    0x00daf0, 0x000000, 0x00f5bd, 0x00daf1, 0x8faea2, 0x00daed, 0x00f5be, 0x00b3a2, 0x00daee,
    0x00daef, 0x00c8d5, 0x8faea5, 0x8faea6, 0x8faea7, 0x8faea8, 0x00c9e1, 0x00b7ca, 0x00daf2,
    0x000000, 0x000000, 0x00f5bf, 0x00c0b2, 0x000000, 0x00bebd, 0x00f5c0, 0x00f5c1, 0x000000,
    0x00c3d2, 0x8faea9, 0x000000, 0x000000, 0x000000, 0x000000, 0x8faeaa, 0x00b6c7, 0x000000,
    0x00daf3, 0x00daf7, 0x000000, 0x000000, 0x00b2cb, 0x00daf4, 0x00daf6, 0x000000, 0x000000,
    0x000000, 0x00f5c2, 0x00daf5, 0x000000, 0x8faeab, 0x00bdeb, 0x8faeac, 0x000000, 0x000000,
    0x000000, 0x00c3c8, 0x00b0c5, 0x00daf8, 0x8faead, 0x000000, 0x000000, 0x000000, 0x00daf9,
    0x000000, 0x000000, 0x00f5c4, 0x000000, 0x00c4aa, 0x000000, 0x000000, 0x000000, 0x00cef1,
    0x000000, 0x000000, 0x000000, 0x000000, 0x00bbc3, 0x000000, 0x8faeaf, 0x00caeb, 0x000000,
    0x000000, 0x8faeb0, 0x00f5c5, 0x000000, 0x00cbbd, 0x8faeb1, 0x000000, 0x000000, 0x00dba2,
    0x00dafb, 0x000000, 0x00f5c6, 0x00dafe, 0x000000, 0x00dafd, 0x8faeb3, 0x000000, 0x00dafa,
    0x000000, 0x000000, 0x00dba1, 0x000000, 0x00f5c7, 0x00c6de, 0x00f5c8, 0x00dafc, 0x000000,
    0x000000, 0x000000, 0x000000, 0x000000, 0x000000, 0x000000, 0x000000, 0x000000, 0x000000,
    0x000000, 0x000000, 0x00dba3, 0x000000, 0x000000, 0x00bdec, 0x00dba4, 0x00f5ca, 0x00cdcb,
    0x00c7f8, 0x000000, 0x000000, 0x00dba5, 0x000000, 0x000000, 0x000000, 0x000000, 0x000000,
    0x00dba7, 0x000000, 0x00f5cb, 0x00dba8, 0x000000, 0x000000, 0x8faeb5, 0x000000, 0x000000,
    0x000000, 0x00dba9, 0x000000, 0x00b6ca, 0x00b1c8, 0x00b9b9, 0x00dbaa, 0x000000, 0x00dbab,
    0x00bdf1, 0x00c1e2, 0x00f5cc, 0x00f5b7, 0x00d2d8, 0x00c1be, 0x00c1bd, 0x00c2d8, 0x00bac7,
    0x8faeb7, 0x000000, 0x00d0f2, 0x000000, 0x8faeb8, 0x000000, 0x000000, 0x00b7ee, 0x00cdad,
    0x000000, 0x00cafe, 0x000000, 0x00c9fe, 0x000000, 0x00dbac, 0x000000, 0x000000, 0x8faeb9,
    0x00f5cd, 0x00baf3, 0x00c4bf, 0x00dbad, 0x00cfaf, 0x000000, 0x8faebb, 0x000000, 0x00cbbe,
    0x000000, 0x00c4ab, 0x00dbae, 0x00b4fc, 0x000000, 0x000000, 0x000000, 0x000000, 0x000000,
    0x000000, 0x00dbaf, 0x00dbb0, 0x00ccda, 0x000000, 0x00cca4, 0x00cbf6, 0x00cbdc, 0x00bba5,
    0x00dbb2, 0x000000, 0x000000, 0x00bceb, 0x000000, 0x00f5cf, 0x00cbd1, 0x000000, 0x00dbb4,
    0x00dbb7, 0x00dbb6, 0x000000, 0x00b4f9, 0x000000, 0x000000, 0x00b5e0, 0x000000, 0x00dbb3,
    0x000000, 0x00dbb5, 0x000000, 0x000000, 0x000000, 0x000000, 0x00dbb8, 0x00f5d1, 0x00f5d2,
    0x00bff9, 0x000000, 0x000000, 0x8faebe, 0x8faebf, 0x00cdfb, 0x00b0c9, 0x00bae0, 0x00c2bc,
    0x000000, 0x00bcdd, 0x8faec0, 0x000000, 0x00bef3, 0x000000, 0x000000, 0x00dbbb, 0x000000,
    0x000000, 0x00c5ce, 0x8faec1, 0x00dbb9, 0x00c2ab, 0x00dbba, 0x00bef2, 0x00ccdd, 0x00dbbc,
    0x00dbbd, 0x00cde8, 0x00f5d0, 0x000000, 0x000000, 0x000000, 0x00dbc2, 0x000000, 0x000000,
    0x00b9ba, 0x000000, 0x00c7d5, 0x00dbbf, 0x00c5ec, 0x00dade, 0x00dae2, 0x8faec5, 0x00b5cf,
    0x8faec6, 0x00c7c7, 0x000000, 0x000000, 0x000000, 0x00f5d3, 0x00dbc1, 0x000000, 0x00bebe,
    0x00c8c4, 0x000000, 0x00f5d4, 0x000000, 0x000000, 0x000000, 0x00dbc7, 0x000000, 0x00c8fa,
    0x000000, 0x00dbbe, 0x000000, 0x00dbc4, 0x00dbc3, 0x000000, 0x000000, 0x000000, 0x00c0cf,
    0x000000, 0x8faec8, 0x00f5d5, 0x000000, 0x00cbed, 0x000000, 0x00ced3, 0x00f5d6, 0x000000,
    0x00cbe7, 0x00f5d7, 0x00b2cc, 0x00bbde, 0x000000, 0x000000, 0x00cfc8, 0x00dbc6, 0x00bff5,
    0x000000, 0x000000, 0x000000, 0x00dbc5, 0x000000, 0x000000, 0x00dbc0, 0x000000, 0x000000,
    0x000000, 0x000000, 0x000000, 0x00b8cf, 0x8faecc, 0x000000, 0x8faecd, 0x00dbcc, 0x00dbca,
    0x000000, 0x00b2cd, 0x00dbc8, 0x00dbce, 0x00dbd4, 0x000000, 0x00f5d8, 0x000000, 0x000000,
    0x000000, 0x000000, 0x00f5da, 0x00c2c8, 0x000000, 0x8faece, 0x00cac1, 0x000000, 0x00dbd6,
    0x000000, 0x8faecf, 0x000000, 0x00c9a2, 0x000000, 0x000000, 0x000000, 0x00dbd5, 0x00c7f0,
    0x00cbbf, 0x00b4bb, 0x8faed0, 0x00c0f7, 0x00bdc0, 0x000000, 0x000000, 0x00f5db, 0x00c4d3,
    0x8faed1, 0x00cdae, 0x8faed2, 0x000000, 0x00dbd1, 0x00dbd0, 0x000000, 0x000000, 0x000000,
    0x00dbd2, 0x000000, 0x00dbcf, 0x000000, 0x000000, 0x00dbd7, 0x000000, 0x00dbcd, 0x000000,
    0x000000, 0x00dbcb, 0x000000, 0x00dbd3, 0x00dbc9, 0x8faed3, 0x00c3ec, 0x000000, 0x00ccf8,
    0x00bcc6, 0x00baf4, 0x000000, 0x8faed4, 0x000000, 0x00f5d9, 0x000000, 0x00baba, 0x00f5dc,
    0x000000, 0x00cbef, 0x00b3c1, 0x000000, 0x00f5dd, 0x00c4ce, 0x00c6ca, 0x00b1c9, 0x000000,
    0x000000, 0x000000, 0x000000, 0x000000, 0x000000, 0x000000, 0x000000, 0x000000, 0x000000,
    0x000000, 0x8faecb, 0x000000, 0x000000, 0x00c0f2, 0x000000, 0x000000, 0x00c0b4, 0x00b7aa,
    0x8faed8, 0x000000, 0x000000, 0x000000, 0x000000, 0x00f5df, 0x00dbd9, 0x8faed9, 0x000000,
    0x00b9bb, 0x00b3fc, 0x000000, 0x000000, 0x000000, 0x000000, 0x000000, 0x000000, 0x00dbdb,
    0x00b3f4, 0x00dbe1, 0x00f5e0, 0x8faeda, 0x000000, 0x000000, 0x000000, 0x00f5e1, 0x00dbde,
    0x8faedc, 0x00c0f3, 0x000000, 0x000000, 0x000000, 0x00b3cb, 0x00baac, 0x000000, 0x8faedd,
    0x00b3ca, 0x00bacf, 0x8faede, 0x000000, 0x00dbdc, 0x00b7e5, 0x00b7cb, 0x00c5ed, 0x8faedf,
    0x8faee0, 0x00dbda, 0x000000, 0x00b0c6, 0x8faee1, 0x000000, 0x000000, 0x8faee2, 0x00dbdd,
    0x00dbdf, 0x000000, 0x00b6cd, 0x00b7ac, 0x00f5de, 0x00b4bc, 0x00b5cb, 0x8faee3, 0x000000,
    0x8faee4, 0x000000, 0x00dbe2, 0x000000, 0x00f5e2, 0x00baf9, 0x00cbf1, 0x000000, 0x00bbb7,
    0x000000, 0x000000, 0x000000, 0x00dbe3, 0x000000, 0x000000, 0x000000, 0x00c9b0, 0x000000,
    0x000000, 0x000000, 0x8faee6, 0x000000, 0x000000, 0x8faee7, 0x000000, 0x000000, 0x000000,
    0x00f5e3, 0x000000, 0x00dbef, 0x00f5e4, 0x00b2b3, 0x00dbe4, 0x000000, 0x000000, 0x8faee8,
    0x000000, 0x8faee9, 0x000000, 0x00dbf5, 0x00dbe5, 0x000000, 0x00cec2, 0x8faeea, 0x00dbec,
    0x000000, 0x00c7df, 0x000000, 0x000000, 0x000000, 0x000000, 0x000000, 0x000000, 0x000000,
    0x00dbf4, 0x000000, 0x00dbe7, 0x8faeeb, 0x000000, 0x000000, 0x00b0b4, 0x00dbe9, 0x000000,
    0x8faeec, 0x00b9bc, 0x8faeee, 0x8faeef, 0x8faef0, 0x00dbeb, 0x8faef1, 0x00dbea, 0x000000,
    0x00dbe6, 0x00dbf1, 0x000000, 0x00bebf, 0x00f5e6, 0x000000, 0x00f5e7, 0x00d4ed, 0x00b8e8,
    0x00cdfc, 0x000000, 0x8faef2, 0x8faef3, 0x000000, 0x00dbe8, 0x000000, 0x00c4f4, 0x00b3a3,
    0x00baad, 0x00f5e8, 0x00dbe0, 0x8faef4, 0x00dbf0, 0x00b3e1, 0x000000, 0x000000, 0x00dbee,
    0x00dbf2, 0x8faef5, 0x00c5ee, 0x000000, 0x000000, 0x000000, 0x8faefa, 0x00b4fe, 0x8faefb,
    0x00dcb2, 0x000000, 0x00f5e9, 0x00ccc9, 0x00dbf7, 0x00b4fd, 0x8faefc, 0x00dbfe, 0x000000,
    0x8faefd, 0x00f5ea, 0x000000, 0x00cbc0, 0x000000, 0x00dca1, 0x00dca3, 0x8faefe, 0x00dca7,
    0x00dbf9, 0x8fafa1, 0x00c3aa, 0x000000, 0x000000, 0x000000, 0x000000, 0x00c5ef, 0x00dcab,
    0x00dbfc, 0x000000, 0x00dca8, 0x8fafa2, 0x8fafa3, 0x000000, 0x00dca2, 0x00f5eb, 0x000000,
    0x000000, 0x000000, 0x8fafa4, 0x00f5ec, 0x00bfb9, 0x00dcac, 0x00f5ed, 0x00f5ee, 0x00c0b3,
    0x000000, 0x000000, 0x000000, 0x000000, 0x8fafa5, 0x000000, 0x00dcaa, 0x00b4bd, 0x8faef6,
    0x00f5ef, 0x000000, 0x000000, 0x000000, 0x00cfd0, 0x00dbf6, 0x000000, 0x8fafa6, 0x00dca6,
    0x00b0d8, 0x000000, 0x8fafa7, 0x00dbf8, 0x000000, 0x00f5f0, 0x00ccba, 0x00dbfd, 0x00bfa2,
    0x00c4c7, 0x00dbf3, 0x000000, 0x000000, 0x00dca5, 0x000000, 0x000000, 0x000000, 0x000000,
    0x000000, 0x000000, 0x00bffa, 0x00dcaf, 0x00b3f1, 0x00b8a1, 0x000000, 0x000000, 0x000000,
    0x000000, 0x00dcb1, 0x00dbfa, 0x00dcb0, 0x000000, 0x00dca9, 0x00dbfb, 0x000000, 0x00dcad,
    0x000000, 0x00dcae, 0x000000, 0x000000, 0x000000, 0x000000, 0x000000, 0x00dcbf, 0x000000,
    0x000000, 0x000000, 0x00c6ce, 0x00f5f3, 0x00dca4, 0x000000, 0x000000, 0x00dcbb, 0x000000,
    0x8fafab, 0x000000, 0x00dcbd, 0x000000, 0x00c4d8, 0x000000, 0x000000, 0x00f5f4, 0x000000,
    0x000000, 0x000000, 0x8fafad, 0x000000, 0x000000, 0x00f5f1, 0x00cdcc, 0x000000, 0x000000,
    0x000000, 0x000000, 0x000000, 0x000000, 0x000000, 0x000000, 0x00c9f6, 0x00dcb8, 0x00c2ca,
    0x000000, 0x00f5f5, 0x000000, 0x00dcbe, 0x00c1bf, 0x000000, 0x00dcb5, 0x00dcc2, 0x00dcc1,
    0x000000, 0x00c6ef, 0x00dcc0, 0x00c6ea, 0x00f5f6, 0x00f5f7, 0x000000, 0x000000, 0x000000,
    0x00f5f8, 0x8fafae, 0x00dcc4, 0x00dcb7, 0x8fafaf, 0x00b6c8, 0x00dcba, 0x00bddd, 0x000000,
    0x000000, 0x8fafb0, 0x00c7e0, 0x00dcbc, 0x00b6cb, 0x000000, 0x00dcb4, 0x00dcb6, 0x00dcb3,
    0x8fafb1, 0x000000, 0x00cfb0, 0x00b3da, 0x00dcb9, 0x8fafb2, 0x00f5f9, 0x00dcc3, 0x00b3b5,
    0x000000, 0x000000, 0x000000, 0x000000, 0x000000, 0x000000, 0x000000, 0x00bae7, 0x000000,
    0x000000, 0x000000, 0x00b1dd, 0x000000, 0x000000, 0x00dcd4, 0x8fafb3, 0x000000, 0x00cfb1,
    0x00dcd7, 0x8fafb5, 0x000000, 0x8fafb6, 0x000000, 0x000000, 0x00bfba, 0x00dcd6, 0x000000,
    0x000000, 0x000000, 0x00dcd5, 0x000000, 0x000000, 0x000000, 0x000000, 0x00f5fb, 0x8fafb7,
    0x00dcd2, 0x000000, 0x000000, 0x000000, 0x000000, 0x000000, 0x00f5fc, 0x00dcc6, 0x000000,
    0x8fafb8, 0x00dce3, 0x00dcc5, 0x000000, 0x00dcd8, 0x000000, 0x000000, 0x8fafb9, 0x000000,
    0x000000, 0x8fafba, 0x00dcd0, 0x8fafbb, 0x000000, 0x00dccb, 0x00dcc8, 0x8fafbc, 0x00dcc9,
    0x000000, 0x00dcd1, 0x000000, 0x000000, 0x000000, 0x00f4a2, 0x000000, 0x000000, 0x00dcce,
    0x00b9bd, 0x00c4c8, 0x00c1e4, 0x00dccc, 0x00f5fd, 0x00dcc7, 0x8fafbd, 0x000000, 0x00dcca,
    0x000000, 0x000000, 0x8fafbe, 0x000000, 0x00cdcd, 0x00cbea, 0x000000, 0x000000, 0x000000,
    0x00dccf, 0x00dcd9, 0x000000, 0x000000, 0x000000, 0x00f6a2, 0x8fafc4, 0x000000, 0x000000,
    0x000000, 0x00dce1, 0x00dcda, 0x00f6a3, 0x00f6a4, 0x00dce7, 0x000000, 0x00dce5, 0x8fafc5,
    0x8fafc6, 0x000000, 0x000000, 0x00dce0, 0x8fafc7, 0x8fafc9, 0x00f6a5, 0x00f6a6, 0x000000,
    0x000000, 0x00dcdf, 0x000000, 0x00c4d0, 0x000000, 0x00c1e5, 0x8fafca, 0x00dcdd, 0x000000,
    0x000000, 0x00dcdb, 0x000000, 0x000000, 0x00dce2, 0x000000, 0x000000, 0x000000, 0x000000,
    0x00dce8, 0x00c8f5, 0x00dcee, 0x000000, 0x000000, 0x00f6a7, 0x000000, 0x8fafcb, 0x00dce9,
    0x00dcec, 0x00dce6, 0x00f6a8, 0x000000, 0x00c3f4, 0x000000, 0x00c9b8, 0x8fafcc, 0x00dcdc,
    0x000000, 0x8fafcd, 0x00dce4, 0x00bec0, 0x000000, 0x00cccf, 0x00dcf8, 0x00dceb, 0x000000,
    0x000000, 0x000000, 0x000000, 0x000000, 0x00b8a2, 0x00b2a3, 0x00b3df, 0x000000, 0x000000,
    0x00dcd3, 0x000000, 0x8fafc1, 0x000000, 0x8fafcf, 0x8fafd0, 0x8fafd1, 0x00bec1, 0x00dcf0,
    0x000000, 0x00dcf7, 0x00bcf9, 0x00b3f2, 0x00f6aa, 0x000000, 0x00c3ae, 0x00f6ab, 0x8fafd2,
    0x000000, 0x000000, 0x000000, 0x000000, 0x00dced, 0x00f6ac, 0x8fafd3, 0x00dcf2, 0x00dcf6,
    0x8fafd4, 0x000000, 0x00b6b6, 0x000000, 0x000000, 0x8fafd6, 0x000000, 0x00f6ad, 0x000000,
    0x8fafd7, 0x000000, 0x000000, 0x000000, 0x00f6ae, 0x000000, 0x00b5cc, 0x00dcf4, 0x000000,
    0x00f6af, 0x000000, 0x000000, 0x000000, 0x00b5a1, 0x000000, 0x00c6cb, 0x00dcf3, 0x000000,
    0x8fafd8, 0x000000, 0x00dcf5, 0x000000, 0x000000, 0x000000, 0x000000, 0x00f6b0, 0x000000,
    0x000000, 0x000000, 0x000000, 0x000000, 0x000000, 0x00dcef, 0x00f6b1, 0x000000, 0x000000,
    0x000000, 0x000000, 0x00dcf1, 0x000000, 0x8fafd5, 0x000000, 0x000000, 0x000000, 0x8fafda,
    0x00b3e0, 0x00c3c9, 0x000000, 0x000000, 0x8fafdb, 0x00dcfc, 0x000000, 0x000000, 0x000000,
    0x000000, 0x00f6b3, 0x000000, 0x8fafdc, 0x000000, 0x00dcfa, 0x00b8e9, 0x000000, 0x00dcf9,
    0x8fafde, 0x000000, 0x000000, 0x00f6b4, 0x000000, 0x000000, 0x00dda1, 0x000000, 0x000000,
    0x000000, 0x000000, 0x00dbd8, 0x00f6b5, 0x00f6b6, 0x8fafdf, 0x00dcfb, 0x8fafe0, 0x00dcfd,
    0x00dcfe, 0x000000, 0x00f6b7, 0x000000, 0x000000, 0x000000, 0x000000, 0x00ddac, 0x8fafe2,
    0x00dda8, 0x000000, 0x00dbed, 0x000000, 0x000000, 0x000000, 0x000000, 0x00dda7, 0x000000,
    0x000000, 0x000000, 0x000000, 0x00dda6, 0x000000, 0x000000, 0x00dda3, 0x000000, 0x8fafe3,
    0x000000, 0x000000, 0x00dcea, 0x00dda5, 0x00dda4, 0x000000, 0x000000, 0x8fafe4, 0x000000,
    0x000000, 0x000000, 0x000000, 0x000000, 0x000000, 0x000000, 0x000000, 0x000000, 0x8fafe6,
    0x00ddaa, 0x000000, 0x00cfa6, 0x8fafe5, 0x000000, 0x000000, 0x000000, 0x000000, 0x000000,
    0x00ddad, 0x00b6fb, 0x8fafe7, 0x8fafe8, 0x00dda9, 0x00ddab, 0x000000, 0x000000, 0x000000,
    0x000000, 0x00f6b8, 0x000000, 0x000000, 0x00f6b9, 0x00c8a7, 0x000000, 0x00ddae, 0x000000,
    0x8fafeb, 0x000000, 0x000000, 0x000000, 0x000000, 0x8fafec, 0x8fafed, 0x8fafee, 0x000000,
    0x000000, 0x000000, 0x000000, 0x000000, 0x000000, 0x00ddb2, 0x00ddaf, 0x000000, 0x8fafef,
    0x000000, 0x000000, 0x000000, 0x000000, 0x00cdf3, 0x00ddb0, 0x000000, 0x000000, 0x000000,
    0x000000, 0x00dcde, 0x8faff1, 0x000000, 0x000000, 0x000000, 0x8faff2, 0x8faff3, 0x8faff4,
    0x00ddb3, 0x000000, 0x000000, 0x000000, 0x00ddb4, 0x8faff6, 0x000000, 0x000000, 0x000000,
    0x00f6bc, 0x000000, 0x00b1b5, 0x00f6bd, 0x00ddb6, 0x00b7e7, 0x00bca1, 0x000000, 0x00b6d5,
    0x000000, 0x000000, 0x000000, 0x00b2a4, 0x000000, 0x000000, 0x000000, 0x000000, 0x00f6be,
    0x000000, 0x000000, 0x8faff8, 0x000000, 0x000000, 0x00cddf, 0x000000, 0x000000, 0x00f6bf,
    0x000000, 0x00ddb8, 0x00ddb7, 0x00ddba, 0x00b5bd, 0x000000, 0x000000, 0x00b6d6, 0x00b4be,
    0x000000, 0x000000, 0x000000, 0x00ddbd, 0x000000, 0x000000, 0x00f6c0, 0x00ddbc, 0x000000,
    0x00ddbe, 0x8faff9, 0x000000, 0x00b2ce, 0x000000, 0x00c3b7, 0x000000, 0x00ddbf, 0x000000,
    0x000000, 0x00b4bf, 0x00ddc1, 0x000000, 0x00f6c1, 0x000000, 0x8faffa, 0x00ddc0, 0x000000,
    0x00ddc2, 0x000000, 0x000000, 0x000000, 0x00ddc3, 0x00f6c2, 0x00ddc4, 0x00bbdf, 0x00c0b5,
    0x00baa1, 0x00f6c3, 0x00c9f0, 0x00f6c4, 0x000000, 0x00cae2, 0x00cfc4, 0x000000, 0x8faffb,
    0x000000, 0x000000, 0x00bbf5, 0x000000, 0x000000, 0x000000, 0x00bad0, 0x00cef2, 0x8faffc,
    0x000000, 0x00f6c5, 0x00ddc5, 0x00ddc6, 0x8faffd, 0x00bbe0, 0x000000, 0x000000, 0x000000,
    0x00ddc7, 0x00ddc8, 0x8faffe, 0x00f6c6, 0x00ddca, 0x00ddc9, 0x000000, 0x00cbd8, 0x000000,
    0x000000, 0x00bdde, 0x00bcec, 0x00bbc4, 0x000000, 0x00ddcb, 0x000000, 0x000000, 0x000000,
    0x000000, 0x000000, 0x000000, 0x000000, 0x00ddcd, 0x00bfa3, 0x000000, 0x00ddcc, 0x000000,
    0x000000, 0x8feea1, 0x000000, 0x000000, 0x00ddce, 0x000000, 0x000000, 0x000000, 0x000000,
    0x000000, 0x00ddcf, 0x000000, 0x000000, 0x000000, 0x000000, 0x00f6c7, 0x00ddd0, 0x00ddd1,
    0x000000, 0x00f6c8, 0x8feea2, 0x00ddd2, 0x000000, 0x00ddd4, 0x00ddd3, 0x00ddd5, 0x00b2a5,
    0x00c3ca, 0x000000, 0x00ddd6, 0x000000, 0x000000, 0x00bba6, 0x00b3cc, 0x00ddd7, 0x8feea4,
    0x8feea5, 0x00c5c2, 0x00d4cc, 0x000000, 0x000000, 0x000000, 0x000000, 0x00b5a3, 0x00ddd8,
    0x8feea6, 0x8feea7, 0x8feea8, 0x000000, 0x00ddd9, 0x000000, 0x00caec, 0x00cbe8, 0x00f6ca,
    0x000000, 0x000000, 0x00c6c7, 0x00ddda, 0x00c8e6, 0x000000, 0x00f6cb, 0x00f6cc, 0x00c8fb,
    0x000000, 0x8feea9, 0x00ccd3, 0x000000, 0x000000, 0x000000, 0x00dddb, 0x000000, 0x000000,
    0x000000, 0x000000, 0x000000, 0x000000, 0x8feeaa, 0x8feeab, 0x000000, 0x000000, 0x000000,
    0x00dddd, 0x00dddc, 0x000000, 0x8feeac, 0x00dddf, 0x000000, 0x8feead, 0x000000, 0x00ddde,
    0x000000, 0x000000, 0x000000, 0x000000, 0x000000, 0x000000, 0x000000, 0x000000, 0x000000,
    0x000000, 0x000000, 0x00f6cd, 0x000000, 0x000000, 0x8feeae, 0x000000, 0x000000, 0x00f6ce,
    0x000000, 0x000000, 0x00dde1, 0x000000, 0x8feeaf, 0x000000, 0x000000, 0x000000, 0x8feeb0,
    0x00bbe1, 0x00f6cf, 0x00ccb1, 0x000000, 0x00dde2, 0x00dde3, 0x000000, 0x000000, 0x00b5a4,
    0x000000, 0x000000, 0x000000, 0x00dde4, 0x000000, 0x000000, 0x000000, 0x000000, 0x000000,
    0x000000, 0x000000, 0x00dde6, 0x00dde5, 0x000000, 0x000000, 0x000000, 0x000000, 0x000000,
    0x000000, 0x000000, 0x000000, 0x000000, 0x000000, 0x000000, 0x000000, 0x000000, 0x000000,
    0x00f6d0, 0x00bfe5, 0x8feeb1, 0x8feeb2, 0x00c9b9, 0x00b1ca, 0x000000, 0x8feeb3, 0x000000,
    0x000000, 0x000000, 0x00c8c5, 0x8feeb5, 0x00c4f5, 0x00bdc1, 0x00b5e1, 0x000000, 0x000000,
    0x000000, 0x000000, 0x000000, 0x000000, 0x000000, 0x000000, 0x000000, 0x000000, 0x8feeb6,
    0x00c8c6, 0x000000, 0x00bcae, 0x000000, 0x000000, 0x000000, 0x000000, 0x00dde8, 0x000000,
    0x00b4c0, 0x000000, 0x00f6d1, 0x00b1f8, 0x8feeb7, 0x00f6d2, 0x00c6f2, 0x00dde7, 0x00b9be,
    0x00c3d3, 0x000000, 0x00dde9, 0x000000, 0x000000, 0x000000, 0x000000, 0x8feecf, 0x00ddf1,
    0x000000, 0x00ddea, 0x000000, 0x000000, 0x8feeb8, 0x000000, 0x000000, 0x00c2c1, 0x000000,
    0x00b5e2, 0x00ddf2, 0x00f6d4, 0x000000, 0x00f6d5, 0x000000, 0x000000, 0x000000, 0x00b7e8,
    0x000000, 0x000000, 0x00b5a5, 0x00ddf0, 0x000000, 0x00ddee, 0x00ddeb, 0x00cde0, 0x8feeb9,
    0x00f6d6, 0x00f6d7, 0x000000, 0x00c4c0, 0x8feeba, 0x000000, 0x000000, 0x00c6d9, 0x00ddec,
    0x000000, 0x000000, 0x00ddf4, 0x000000, 0x00ddf3, 0x00b7a3, 0x8feebc, 0x8feebd, 0x00b2ad,
    0x8feebe, 0x00f6d8, 0x00babb, 0x00dded, 0x00ddef, 0x00f6d9, 0x000000, 0x000000, 0x000000,
    0x000000, 0x00cbd7, 0x00c2f4, 0x000000, 0x000000, 0x000000, 0x000000, 0x000000, 0x000000,
    0x000000, 0x00f6d3, 0x00cbf7, 0x000000, 0x8feebf, 0x00ddfc, 0x000000, 0x000000, 0x00ddfd,
    0x000000, 0x00b2cf, 0x000000, 0x000000, 0x000000, 0x000000, 0x00caa8, 0x00ccfd, 0x00dea1,
    0x00bca3, 0x00bec2, 0x00ddf8, 0x00ddfe, 0x00b1e8, 0x000000, 0x00b6b7, 0x8feec0, 0x000000,
    0x00ddf5, 0x00ddfa, 0x00f6db, 0x000000, 0x000000, 0x00c0f4, 0x00c7f1, 0x000000, 0x00c8e7,
    0x000000, 0x000000, 0x000000, 0x8feec1, 0x000000, 0x000000, 0x00ddf7, 0x00f6dc, 0x00cba1,
    0x8feec3, 0x00ddf9, 0x000000, 0x00dea4, 0x8feec4, 0x00dea2, 0x8feec5, 0x00ddfb, 0x000000,
    0x000000, 0x00f6dd, 0x00cba2, 0x00c7c8, 0x00b5e3, 0x000000, 0x00c5a5, 0x000000, 0x000000,
    0x00c3ed, 0x8feec6, 0x00dea5, 0x00f6de, 0x8feec7, 0x8feec8, 0x00f6df, 0x00dea3, 0x00c2d9,
    0x00ddf6, 0x000000, 0x00b1cb, 0x000000, 0x000000, 0x000000, 0x000000, 0x000000, 0x000000,
    0x000000, 0x00f6da, 0x000000, 0x000000, 0x000000, 0x000000, 0x8feeca, 0x000000, 0x000000,
    0x000000, 0x00f6e1, 0x000000, 0x000000, 0x000000, 0x000000, 0x000000, 0x8feecb, 0x00cdce,
    0x00deb0, 0x000000, 0x00f6e2, 0x000000, 0x000000, 0x000000, 0x00deaf, 0x000000, 0x000000,
    0x000000, 0x000000, 0x00c0f6, 0x000000, 0x00deac, 0x000000, 0x00cdec, 0x000000, 0x000000,
    0x00c6b6, 0x00dea6, 0x000000, 0x000000, 0x000000, 0x000000, 0x8feecc, 0x00c4c5, 0x8feecd,
    0x8feece, 0x000000, 0x00b1cc, 0x00b9bf, 0x00dea9, 0x000000, 0x000000, 0x00f6e3, 0x8feed0,
    0x000000, 0x00f6e4, 0x00bda7, 0x00deae, 0x8feee5, 0x00dead, 0x00dea8, 0x000000, 0x00deab,
    0x00f6e5, 0x000000, 0x00b3e8, 0x8feed1, 0x00deaa, 0x00c7c9, 0x00f6e6, 0x000000, 0x00ceae,
    0x000000, 0x000000, 0x00bef4, 0x00c0f5, 0x000000, 0x000000, 0x000000, 0x000000, 0x000000,
    0x000000, 0x000000, 0x000000, 0x000000, 0x000000, 0x000000, 0x000000, 0x000000, 0x000000,
    0x000000, 0x000000, 0x000000, 0x000000, 0x00f6e7, 0x00deb6, 0x00deb4, 0x8feed2, 0x00c9cd,
    0x000000, 0x8feed3, 0x000000, 0x8feed4, 0x000000, 0x000000, 0x00deb1, 0x00deb3, 0x00f6e8,
    0x00b1ba, 0x000000, 0x000000, 0x00b9c0, 0x00cfb2, 0x000000, 0x00b3bd, 0x000000, 0x00c9e2,
    0x000000, 0x8feed5, 0x000000, 0x000000, 0x000000, 0x00cde1, 0x000000, 0x000000, 0x00b3a4,
    0x00bfbb, 0x00deb5, 0x000000, 0x000000, 0x000000, 0x000000, 0x000000, 0x000000, 0x8feed6,
    0x8feed7, 0x00f6ea, 0x000000, 0x000000, 0x00deba, 0x000000, 0x00f6eb, 0x00bec3, 0x00f6ec,
    0x8feed8, 0x000000, 0x00cdb0, 0x8feed9, 0x00deb7, 0x000000, 0x000000, 0x8feeda, 0x000000,
    0x00deb2, 0x00f6ed, 0x00deb8, 0x000000, 0x000000, 0x8feedb, 0x00cede, 0x000000, 0x00c5f3,
    0x00c6c2, 0x000000, 0x000000, 0x000000, 0x000000, 0x000000, 0x000000, 0x000000, 0x000000,
    0x000000, 0x000000, 0x000000, 0x000000, 0x000000, 0x00f6ee, 0x8feee1, 0x00f6ef, 0x000000,
    0x8feee2, 0x00b3b6, 0x000000, 0x000000, 0x00b1d5, 0x000000, 0x8feee3, 0x00debe, 0x000000,
    0x000000, 0x00dec1, 0x000000, 0x000000, 0x000000, 0x00cec3, 0x000000, 0x000000, 0x00f6f0,
    0x00cde4, 0x000000, 0x8feee4, 0x000000, 0x00f6f1, 0x00dec8, 0x00dec2, 0x00debf, 0x8feee6,
    0x000000, 0x000000, 0x00ced4, 0x00dec5, 0x000000, 0x8feee7, 0x8feee8, 0x8feee9, 0x00bdca,
    0x00dec7, 0x000000, 0x000000, 0x00decc, 0x00f6f2, 0x000000, 0x00c5f1, 0x00deca, 0x00f6f3,
    0x00f6f4, 0x000000, 0x00f6f5, 0x00dec4, 0x8feeea, 0x000000, 0x00c3b8, 0x000000, 0x000000,
    0x00decb, 0x000000, 0x00dec0, 0x000000, 0x00dec6, 0x8feeeb, 0x00decd, 0x00b0fc, 0x00dec3,
    0x000000, 0x00dece, 0x000000, 0x000000, 0x00bfbc, 0x000000, 0x00bddf, 0x000000, 0x00caa5,
    0x8feeec, 0x00baae, 0x000000, 0x00debb, 0x00dec9, 0x00c5ba, 0x00f6f6, 0x000000, 0x000000,
    0x000000, 0x000000, 0x000000, 0x00c0b6, 0x000000, 0x00b3e9, 0x00bad1, 0x00bec4, 0x00debd,
    0x00bdc2, 0x000000, 0x000000, 0x000000, 0x000000, 0x000000, 0x000000, 0x000000, 0x00b7cc,
    0x000000, 0x00debc, 0x000000, 0x8feedd, 0x000000, 0x00ded2, 0x00bded, 0x00b8ba, 0x000000,
    0x00dee1, 0x8feeee, 0x00dedb, 0x00b5f4, 0x00c5cf, 0x8feeef, 0x00ded6, 0x00dedf, 0x00b0af,
    0x00b1b2, 0x8feef0, 0x000000, 0x00b2b9, 0x000000, 0x00ded8, 0x00c2ac, 0x00decf, 0x00ded1,
    0x00b9c1, 0x000000, 0x000000, 0x8feef2, 0x000000, 0x00f6f8, 0x000000, 0x8feeed, 0x000000,
    0x00dee2, 0x000000, 0x00dedd, 0x000000, 0x8feef3, 0x000000, 0x00ded5, 0x000000, 0x000000,
    0x000000, 0x00dedc, 0x00f6f9, 0x000000, 0x000000, 0x000000, 0x8feef4, 0x8feef5, 0x00ccab,
    0x8feef6, 0x8feef7, 0x00deda, 0x00dede, 0x8feef8, 0x000000, 0x8feef9, 0x000000, 0x8feefa,
    0x8feefb, 0x000000, 0x00b8d0, 0x8feefc, 0x00bec5, 0x000000, 0x000000, 0x00c3b9, 0x00f6fa,
    0x000000, 0x00f6fb, 0x00ded4, 0x000000, 0x000000, 0x000000, 0x8feefd, 0x000000, 0x000000,
    0x000000, 0x00cdaf, 0x000000, 0x000000, 0x000000, 0x00ded7, 0x000000, 0x000000, 0x00ded0,
    0x00c5f2, 0x000000, 0x000000, 0x00ded3, 0x000000, 0x000000, 0x000000, 0x00ded9, 0x000000,
    0x000000, 0x000000, 0x000000, 0x000000, 0x000000, 0x000000, 0x00cfd1, 0x00bcbe, 0x00cbfe,
    0x000000, 0x00dee3, 0x000000, 0x000000, 0x000000, 0x000000, 0x000000, 0x000000, 0x000000,
    0x000000, 0x000000, 0x00c8ae, 0x000000, 0x000000, 0x00deef, 0x00b8bb, 0x000000, 0x000000,
    0x8fefa1, 0x000000, 0x000000, 0x00bde0, 0x000000, 0x00dee5, 0x000000, 0x000000, 0x000000,
    0x00ceaf, 0x00b9c2, 0x000000, 0x00def2, 0x000000, 0x000000, 0x00b0ee, 0x000000, 0x000000,
    0x00def0, 0x000000, 0x8fefa2, 0x000000, 0x000000, 0x00dee4, 0x00f6fc, 0x000000, 0x000000,
    0x000000, 0x00deea, 0x000000, 0x00f6fd, 0x00deec, 0x000000, 0x8fefa3, 0x000000, 0x00cdcf,
    0x00dee7, 0x000000, 0x000000, 0x00c5ae, 0x000000, 0x000000, 0x00dee9, 0x000000, 0x8fefa4,
    0x000000, 0x00f6fe, 0x00def1, 0x8fefa5, 0x00deeb, 0x00ccc7, 0x000000, 0x00f7a1, 0x000000,
    0x00dee6, 0x8fefa6, 0x00bca2, 0x00defe, 0x000000, 0x00f7a2, 0x000000, 0x000000, 0x00b3ea,
    0x000000, 0x00dee8, 0x00deed, 0x00deee, 0x000000, 0x000000, 0x000000, 0x8fefa7, 0x000000,
    0x000000, 0x000000, 0x00c2ec, 0x00c2da, 0x000000, 0x000000, 0x000000, 0x000000, 0x000000,
    0x000000, 0x000000, 0x000000, 0x000000, 0x000000, 0x000000, 0x000000, 0x8fefa9, 0x00def6,
    0x000000, 0x000000, 0x00defc, 0x000000, 0x000000, 0x00defa, 0x000000, 0x00c5a9, 0x000000,
    0x000000, 0x00dfa3, 0x00def7, 0x8fefaa, 0x000000, 0x8fefab, 0x000000, 0x000000, 0x00def8,
    0x00dee0, 0x000000, 0x00b5f9, 0x00c9ba, 0x000000, 0x000000, 0x000000, 0x00bcbf, 0x000000,
    0x000000, 0x00b9f7, 0x8fefac, 0x000000, 0x8fefad, 0x000000, 0x000000, 0x00cfb3, 0x00f7a3,
    0x00def4, 0x000000, 0x00dfa2, 0x00b1e9, 0x00c1e6, 0x000000, 0x000000, 0x8fefae, 0x000000,
    0x00f7a4, 0x000000, 0x000000, 0x000000, 0x000000, 0x000000, 0x00c7f9, 0x000000, 0x00b4c1,
    0x00cefa, 0x000000, 0x8fefaf, 0x000000, 0x000000, 0x000000, 0x000000, 0x00f7a6, 0x00cca1,
    0x00c4d2, 0x000000, 0x000000, 0x00f7a7, 0x000000, 0x00defb, 0x00defd, 0x00f7a8, 0x000000,
    0x8fefa8, 0x8fefb0, 0x000000, 0x00c1b2, 0x000000, 0x000000, 0x000000, 0x8fefb1, 0x000000,
    0x00dfa1, 0x00def9, 0x000000, 0x00def3, 0x000000, 0x000000, 0x000000, 0x00b4c3, 0x000000,
    0x000000, 0x000000, 0x000000, 0x000000, 0x000000, 0x000000, 0x000000, 0x000000, 0x000000,
    0x000000, 0x00f7a9, 0x8fefb3, 0x000000, 0x00b7e9, 0x000000, 0x000000, 0x8fefb4, 0x00dfaf,
    0x00f7aa, 0x8fefb5, 0x00dfaa, 0x00c0f8, 0x000000, 0x00f7ab, 0x00b3e3, 0x8fefb6, 0x00f7ac,
    0x00f7ad, 0x000000, 0x00bde1, 0x000000, 0x00dfb3, 0x000000, 0x8fefb7, 0x000000, 0x000000,
    0x000000, 0x000000, 0x00dfac, 0x00c4ac, 0x00dfa9, 0x00c4d9, 0x000000, 0x000000, 0x000000,
    0x00dfcc, 0x000000, 0x000000, 0x000000, 0x00dfa6, 0x000000, 0x00dfa5, 0x000000, 0x00dfae,
    0x8fefb9, 0x00f7ae, 0x000000, 0x00dfa8, 0x00dfa7, 0x00dfad, 0x000000, 0x00c0a1, 0x000000,
    0x00dfa4, 0x000000, 0x00f7af, 0x000000, 0x000000, 0x000000, 0x00f7b0, 0x00f7b1, 0x00dfb0,
    0x000000, 0x8fefba, 0x00dfb1, 0x000000, 0x000000, 0x00f7b2, 0x000000, 0x8fefbb, 0x00b4c2,
    0x8fefb8, 0x000000, 0x000000, 0x000000, 0x000000, 0x000000, 0x000000, 0x8fefbd, 0x00f7b3,
    0x00dfb6, 0x000000, 0x00dfb5, 0x00dfb7, 0x8fefbe, 0x000000, 0x00f7b4, 0x000000, 0x000000,
    0x00dfba, 0x000000, 0x000000, 0x000000, 0x000000, 0x8fefbf, 0x000000, 0x00c5c3, 0x000000,
    0x00dfb4, 0x000000, 0x8fefc1, 0x00f7b5, 0x000000, 0x000000, 0x00dfb8, 0x000000, 0x000000,
    0x00f7b6, 0x000000, 0x8fefbc, 0x000000, 0x00b7e3, 0x00c2f9, 0x00dfb2, 0x00c7bb, 0x000000,
    0x000000, 0x00dfb9, 0x00f7b7, 0x8fefc2, 0x8fefc3, 0x00f7b8, 0x000000, 0x000000, 0x000000,
    0x000000, 0x000000, 0x000000, 0x000000, 0x000000, 0x000000, 0x00dfbe, 0x00dfbc, 0x000000,
    0x000000, 0x00dfbf, 0x000000, 0x8fefc4, 0x00dfc2, 0x000000, 0x000000, 0x8fefc5, 0x00dfbb,
    0x00b9ea, 0x00c7a8, 0x000000, 0x000000, 0x00deb9, 0x000000, 0x000000, 0x000000, 0x000000,
    0x8fefc6, 0x000000, 0x00cdf4, 0x00dfbd, 0x000000, 0x00dfc1, 0x00c2f5, 0x00f7ba, 0x00dfc0,
    0x000000, 0x00dfab, 0x000000, 0x00f7bb, 0x00efe9, 0x000000, 0x000000, 0x00f7b9, 0x00dfc5,
    0x000000, 0x8fefc8, 0x000000, 0x00dfc9, 0x000000, 0x8fefc9, 0x00dfc7, 0x000000, 0x000000,
    0x000000, 0x00f7bc, 0x00f7bd, 0x8fefca, 0x000000, 0x00dfc3, 0x8fefcb, 0x00dfc4, 0x000000,
    0x000000, 0x000000, 0x00dfc8, 0x000000, 0x00dfc6, 0x000000, 0x000000, 0x000000, 0x00c9ce,
    0x000000, 0x000000, 0x00dfce, 0x000000, 0x00dfcb, 0x00dfca, 0x000000, 0x00dfcd, 0x00c6d4,
    0x00dfcf, 0x000000, 0x000000, 0x000000, 0x8fefcc, 0x000000, 0x000000, 0x00c3f5, 0x00c2ed,
    0x00f7be, 0x000000, 0x000000, 0x000000, 0x00c0a5, 0x000000, 0x000000, 0x000000, 0x00dfd0,
    0x000000, 0x00dfd2, 0x000000, 0x000000, 0x000000, 0x000000, 0x000000, 0x000000, 0x8fefce,
    0x8fefcf, 0x000000, 0x8fefd0, 0x000000, 0x00dfd1, 0x000000, 0x000000, 0x000000, 0x8fefd1,
    0x000000, 0x000000, 0x000000, 0x8fefd2, 0x000000, 0x000000, 0x00f7bf, 0x8fefd3, 0x00def5,
    0x000000, 0x00f7c2, 0x000000, 0x000000, 0x00dfd3, 0x000000, 0x000000, 0x8fefd5, 0x000000,
    0x000000, 0x000000, 0x00c6e7, 0x000000, 0x000000, 0x000000, 0x000000, 0x00f7c0, 0x00f7c1,
    0x000000, 0x000000, 0x000000, 0x000000, 0x00dfd4, 0x00f7c3, 0x8fefd6, 0x000000, 0x000000,
    0x000000, 0x8fefd7, 0x000000, 0x00b2d0, 0x8fefd8, 0x000000, 0x8fefd9, 0x00c5f4, 0x00b3a5,
    0x000000, 0x000000, 0x000000, 0x000000, 0x00f7c4, 0x8fefda, 0x000000, 0x00b5e4, 0x000000,
    0x000000, 0x000000, 0x00bcde, 0x00bad2, 0x8fefdb, 0x000000, 0x8fefdc, 0x000000, 0x000000,
    0x000000, 0x00f7c5, 0x8fefdd, 0x000000, 0x000000, 0x00cfa7, 0x00bfe6, 0x000000, 0x000000,
    0x000000, 0x00b1ea, 0x000000, 0x000000, 0x000000, 0x00dfd6, 0x000000, 0x000000, 0x8fefde,
    0x000000, 0x8fefdf, 0x000000, 0x00dfd5, 0x000000, 0x000000, 0x000000, 0x000000, 0x000000,
    0x8fefe2, 0x000000, 0x000000, 0x000000, 0x000000, 0x00f7c6, 0x000000, 0x000000, 0x000000,
    0x000000, 0x000000, 0x000000, 0x00f7c7, 0x00dfd9, 0x00c3ba, 0x00dfdc, 0x00dfd7, 0x000000,
    0x8fefe3, 0x000000, 0x00dfdb, 0x000000, 0x000000, 0x000000, 0x00f7c8, 0x00dfda, 0x00c5c0,
    0x00b0d9, 0x8fefe0, 0x000000, 0x000000, 0x000000, 0x000000, 0x000000, 0x000000, 0x000000,
    0x000000, 0x00cef5, 0x000000, 0x8fefe6, 0x00dfde, 0x000000, 0x000000, 0x000000, 0x00b1a8,
    0x000000, 0x8fefe7, 0x000000, 0x8fefe8, 0x00f7c9, 0x000000, 0x000000, 0x000000, 0x00f7ca,
    0x00dfe0, 0x000000, 0x000000, 0x8fefe9, 0x00dfdf, 0x000000, 0x00dfdd, 0x000000, 0x000000,
    0x000000, 0x000000, 0x00f7cb, 0x000000, 0x000000, 0x000000, 0x000000, 0x000000, 0x000000,
    0x000000, 0x8fefe5, 0x000000, 0x000000, 0x000000, 0x000000, 0x00dfd8, 0x000000, 0x000000,
    0x000000, 0x000000, 0x000000, 0x000000, 0x000000, 0x00cba3, 0x000000, 0x000000, 0x000000,
    0x00dfe2, 0x000000, 0x000000, 0x000000, 0x8fefea, 0x8fefeb, 0x000000, 0x8fefec, 0x8fefed,
    0x8fefee, 0x00dfe1, 0x000000, 0x000000, 0x8fefef, 0x000000, 0x000000, 0x00f7cc, 0x000000,
    0x000000, 0x000000, 0x000000, 0x00b1eb, 0x000000, 0x000000, 0x000000, 0x000000, 0x00dfe4,
    0x00cab2, 0x000000, 0x00dfe3, 0x000000, 0x00f7ce, 0x000000, 0x00f7cf, 0x00ccb5, 0x000000,
    0x000000, 0x000000, 0x000000, 0x00bec7, 0x000000, 0x000000, 0x000000, 0x000000, 0x00f7cd,
    0x000000, 0x000000, 0x00f7d0, 0x8feff1, 0x00f7d1, 0x8feff2, 0x000000, 0x000000, 0x000000,
    0x000000, 0x00c1b3, 0x000000, 0x000000, 0x000000, 0x000000, 0x000000, 0x00bec6, 0x000000,
    0x000000, 0x000000, 0x000000, 0x000000, 0x000000, 0x00f7d2, 0x00f7d3, 0x000000, 0x00cefb,
    0x8feff4, 0x000000, 0x00dfea, 0x000000, 0x00c0f9, 0x000000, 0x8feff3, 0x00f7d4, 0x00f7d6,
    0x8feff5, 0x000000, 0x00dfe6, 0x00dfeb, 0x000000, 0x000000, 0x00b1ec, 0x000000, 0x000000,
    0x00f7d7, 0x000000, 0x8feff6, 0x000000, 0x00f7d8, 0x000000, 0x00dfe9, 0x000000, 0x00c7e1,
    0x00dfe5, 0x00dfe8, 0x00bec8, 0x00f7d9, 0x00c8d1, 0x000000, 0x000000, 0x00dfec, 0x000000,
    0x00bcd1, 0x000000, 0x000000, 0x000000, 0x000000, 0x000000, 0x000000, 0x000000, 0x000000,
    0x000000, 0x000000, 0x000000, 0x000000, 0x000000, 0x000000, 0x00c0fa, 0x000000, 0x000000,
    0x8feff9, 0x000000, 0x000000, 0x000000, 0x00dfef, 0x00f7db, 0x000000, 0x00f7dc, 0x00dfe7,
    0x000000, 0x00b7a7, 0x000000, 0x000000, 0x000000, 0x000000, 0x00dfed, 0x000000, 0x000000,
    0x00f7dd, 0x000000, 0x00cdd0, 0x00dff0, 0x8feff8, 0x000000, 0x000000, 0x00f4a6, 0x000000,
    0x8feffa, 0x000000, 0x000000, 0x000000, 0x00bdcf, 0x8feffb, 0x000000, 0x8feffc, 0x000000,
    0x000000, 0x000000, 0x000000, 0x000000, 0x00dff1, 0x000000, 0x000000, 0x000000, 0x00dff2,
    0x000000, 0x8feffd, 0x8feffe, 0x000000, 0x00c7ae, 0x000000, 0x8ff0a1, 0x000000, 0x000000,
    0x000000, 0x000000, 0x000000, 0x00dff4, 0x00f7df, 0x000000, 0x000000, 0x000000, 0x00dff5,
    0x000000, 0x00f7de, 0x000000, 0x00c7b3, 0x00f7e0, 0x000000, 0x000000, 0x000000, 0x00c5f5,
    0x00dff7, 0x000000, 0x8ff0a3, 0x000000, 0x000000, 0x00dff9, 0x000000, 0x00ced5, 0x000000,
    0x00dff6, 0x8ff0a4, 0x00dff8, 0x00b1ed, 0x000000, 0x00dff3, 0x000000, 0x8ff0a5, 0x000000,
    0x000000, 0x8ff0a6, 0x000000, 0x000000, 0x00d3db, 0x00dffa, 0x000000, 0x000000, 0x000000,
    0x000000, 0x00c1e7, 0x00bbb8, 0x00dffc, 0x000000, 0x000000, 0x000000, 0x000000, 0x00dffb,
    0x00bfa4, 0x00d2d9, 0x000000, 0x000000, 0x000000, 0x000000, 0x000000, 0x000000, 0x00dffd,
    0x000000, 0x000000, 0x000000, 0x00e0a1, 0x000000, 0x00dfee, 0x00dffe, 0x000000, 0x00f7e1,
    0x00e0a2, 0x00f7e2, 0x000000, 0x000000, 0x000000, 0x000000, 0x000000, 0x00c7fa, 0x8ff0a7,
    0x000000, 0x000000, 0x000000, 0x000000, 0x000000, 0x00e0a3, 0x000000, 0x000000, 0x00e0a4,
    0x000000, 0x000000, 0x000000, 0x000000, 0x00f7e3, 0x000000, 0x000000, 0x000000, 0x000000,
    0x000000, 0x00e0a5, 0x000000, 0x000000, 0x000000, 0x000000, 0x000000, 0x000000, 0x000000,
    0x000000, 0x000000, 0x000000, 0x000000, 0x000000, 0x00e0a6, 0x000000, 0x00c4de, 0x8ff0aa,
    0x00e0a8, 0x00e0a7, 0x000000, 0x000000, 0x00e0a9, 0x000000, 0x00e0aa, 0x000000, 0x8ff0ab,
    0x00bcdf, 0x00c9e3, 0x000000, 0x8ff0ac, 0x8ff0ad, 0x00ccec, 0x00e0ab, 0x00e0ac, 0x00c1d6,
    0x00bca4, 0x00e0ad, 0x00e0ae, 0x000000, 0x8ff0af, 0x000000, 0x000000, 0x000000, 0x00e0af,
    0x00cad2, 0x00c8c7, 0x000000, 0x000000, 0x00e0b0, 0x00c7d7, 0x000000, 0x000000, 0x000000,
    0x000000, 0x000000, 0x00c4ad, 0x8ff0b0, 0x000000, 0x00f7e4, 0x00f7e5, 0x8ff0b1, 0x00e0b1,
    0x00b2e7, 0x000000, 0x00b5ed, 0x000000, 0x00ccc6, 0x000000, 0x00ccb6, 0x000000, 0x00b2b4,
    0x00cfb4, 0x8ff0b2, 0x000000, 0x000000, 0x000000, 0x00cbd2, 0x000000, 0x00caaa, 0x000000,
    0x000000, 0x000000, 0x000000, 0x8ff0b4, 0x8ff0b5, 0x000000, 0x000000, 0x00c0b7, 0x000000,
    0x00e0b2, 0x000000, 0x000000, 0x000000, 0x8ff0b6, 0x00c6c3, 0x000000, 0x000000, 0x000000,
    0x00b8a3, 0x00e0b3, 0x8ff0b7, 0x00bad4, 0x00e0b5, 0x00e0b4, 0x000000, 0x000000, 0x000000,
    0x000000, 0x00e0b6, 0x000000, 0x000000, 0x000000, 0x000000, 0x000000, 0x00f7e7, 0x8ff0b8,
    0x000000, 0x000000, 0x000000, 0x00e0b7, 0x000000, 0x000000, 0x000000, 0x00e0b8, 0x000000,
    0x000000, 0x000000, 0x000000, 0x00f7e8, 0x000000, 0x000000, 0x000000, 0x000000, 0x00b5be,
    0x000000, 0x00e0b9, 0x000000, 0x000000, 0x000000, 0x000000, 0x00e0ba, 0x000000, 0x000000,
    0x000000, 0x000000, 0x00b8a4, 0x8ff0ba, 0x8ff0bb, 0x00c8c8, 0x8ff0bc, 0x8ff0bd, 0x00e0bc,
    0x000000, 0x000000, 0x000000, 0x00bef5, 0x000000, 0x000000, 0x00e0bb, 0x000000, 0x000000,
    0x000000, 0x000000, 0x00f7e9, 0x000000, 0x00f7ea, 0x8ff0be, 0x00b6b8, 0x00e0bd, 0x00e0bf,
    0x000000, 0x00e0be, 0x000000, 0x000000, 0x000000, 0x000000, 0x000000, 0x8ff0c0, 0x000000,
    0x00e0c0, 0x000000, 0x00b8d1, 0x000000, 0x00e0c1, 0x000000, 0x000000, 0x000000, 0x000000,
    0x00b6e9, 0x000000, 0x00c1c0, 0x000000, 0x00b9fd, 0x000000, 0x000000, 0x000000, 0x000000,
    0x00e0c3, 0x00e0c4, 0x00e0c2, 0x000000, 0x000000, 0x000000, 0x000000, 0x000000, 0x000000,
    0x00bced, 0x000000, 0x000000, 0x00c6c8, 0x00b6b9, 0x000000, 0x000000, 0x000000, 0x000000,
    0x000000, 0x8ff0c3, 0x000000, 0x000000, 0x000000, 0x00e0c6, 0x00c3ac, 0x00e0c5, 0x8ff0c4,
    0x00f7eb, 0x00cfb5, 0x00c7e2, 0x000000, 0x000000, 0x000000, 0x000000, 0x000000, 0x000000,
    0x000000, 0x8ff0c5, 0x000000, 0x000000, 0x00e0c9, 0x000000, 0x000000, 0x000000, 0x000000,
    0x000000, 0x000000, 0x000000, 0x8ff0c6, 0x000000, 0x000000, 0x000000, 0x00e0cb, 0x00e0c8,
    0x8ff0c7, 0x8ff0c8, 0x000000, 0x00ccd4, 0x00e0ca, 0x00e0cc, 0x000000, 0x00cec4, 0x000000,
    0x000000, 0x000000, 0x000000, 0x000000, 0x00e0d0, 0x000000, 0x00f7ed, 0x00f7ee, 0x00e0cf,
    0x00c3f6, 0x00c7ad, 0x8ff0cb, 0x000000, 0x00b8a5, 0x00e0ce, 0x000000, 0x8ff0cc, 0x000000,
    0x8ff0cd, 0x00e0cd, 0x000000, 0x00cdb1, 0x00cdb2, 0x000000, 0x8ff0ca, 0x000000, 0x000000,
    0x000000, 0x8ff0ce, 0x00e0d1, 0x00b1ee, 0x000000, 0x000000, 0x000000, 0x000000, 0x00b9f6,
    0x00bbe2, 0x000000, 0x000000, 0x000000, 0x000000, 0x000000, 0x000000, 0x000000, 0x000000,
    0x00e0d2, 0x00e0d3, 0x00f7f0, 0x000000, 0x8ff0cf, 0x000000, 0x000000, 0x000000, 0x000000,
    0x00e0d5, 0x000000, 0x000000, 0x000000, 0x000000, 0x000000, 0x000000, 0x000000, 0x000000,
    0x000000, 0x000000, 0x000000, 0x00bdc3, 0x000000, 0x000000, 0x00f7f1, 0x000000, 0x00e0d7,
    0x000000, 0x00e0d6, 0x8ff0d1, 0x8ff0d2, 0x000000, 0x8ff0d4, 0x8ff0d5, 0x00e0d8, 0x8ff0d6,
    0x00b3cd, 0x000000, 0x000000, 0x00e0da, 0x000000, 0x8ff0d7, 0x00e0d9, 0x000000, 0x00e0dc,
    0x00e0db, 0x00f7f2, 0x000000, 0x000000, 0x000000, 0x8ff0d8, 0x000000, 0x000000, 0x00b8bc,
    0x8ff0d9, 0x000000, 0x00cea8, 0x000000, 0x00b6cc, 0x8ff0da, 0x00b2a6, 0x000000, 0x000000,
    0x000000, 0x000000, 0x000000, 0x000000, 0x000000, 0x000000, 0x8ff0db, 0x00f7f3, 0x00b6ea,
    0x000000, 0x8ff0dc, 0x000000, 0x000000, 0x000000, 0x8ff0dd, 0x000000, 0x8ff0de, 0x00f7f4,
    0x00f7f5, 0x000000, 0x00f7f6, 0x000000, 0x000000, 0x8ff0df, 0x00f7f7, 0x000000, 0x8ff0e0,
    0x00b4e1, 0x000000, 0x00f7f8, 0x000000, 0x000000, 0x000000, 0x000000, 0x000000, 0x000000,
    0x00cee8, 0x00e0de, 0x000000, 0x8ff0e1, 0x000000, 0x8ff0e2, 0x000000, 0x8ff0e3, 0x000000,
    0x00e0e0, 0x8ff0e4, 0x000000, 0x000000, 0x8ff0e5, 0x00e0e1, 0x000000, 0x00b2d1, 0x000000,
    0x000000, 0x8ff0e6, 0x000000, 0x000000, 0x00e0dd, 0x00f7f9, 0x00bbb9, 0x8ff0e7, 0x000000,
    0x00c4c1, 0x00e0df, 0x00f7fa, 0x000000, 0x000000, 0x000000, 0x000000, 0x000000, 0x000000,
    0x00f7fb, 0x000000, 0x000000, 0x00f7fc, 0x000000, 0x000000, 0x000000, 0x000000, 0x00e0e4,
    0x000000, 0x00bcee, 0x8ff0e8, 0x000000, 0x00f7fd, 0x000000, 0x00e0e2, 0x000000, 0x8ff0e9,
    0x000000, 0x00f7fe, 0x00b7be, 0x000000, 0x000000, 0x00c8c9, 0x00e0e3, 0x000000, 0x000000,
    0x00e0fe, 0x000000, 0x000000, 0x000000, 0x000000, 0x000000, 0x000000, 0x00e0e9, 0x8ff0ea,
    0x8ff0ec, 0x000000, 0x000000, 0x000000, 0x00b8bd, 0x000000, 0x8ff0ed, 0x000000, 0x00b5e5,
    0x000000, 0x00e0e6, 0x00cdfd, 0x00f8a1, 0x000000, 0x00ceb0, 0x00f8a2, 0x000000, 0x000000,
    0x000000, 0x000000, 0x000000, 0x000000, 0x000000, 0x000000, 0x8ff0eb, 0x000000, 0x000000,
    0x000000, 0x000000, 0x000000, 0x000000, 0x00f8a3, 0x00f8a4, 0x000000, 0x000000, 0x000000,
    0x000000, 0x000000, 0x000000, 0x00c2f6, 0x000000, 0x8ff0ee, 0x00e0e8, 0x00f8a6, 0x000000,
    0x00f8a7, 0x000000, 0x00f8a8, 0x00f8a9, 0x00f8aa, 0x000000, 0x00f8ab, 0x00f8ac, 0x00f8ad,
    0x8ff0ef, 0x00e0ea, 0x00ced6, 0x00b6d7, 0x00c8fc, 0x00c7ca, 0x000000, 0x000000, 0x8ff0f0,
    0x00e0eb, 0x000000, 0x000000, 0x000000, 0x000000, 0x00e0ed, 0x8ff0f2, 0x00e0f0, 0x000000,
    0x8ff0f3, 0x00f8ae, 0x000000, 0x00f8af, 0x00f8b0, 0x000000, 0x000000, 0x000000, 0x00f8b1,
    0x000000, 0x8ff0f4, 0x000000, 0x000000, 0x000000, 0x000000, 0x8ff0f5, 0x8ff0f1, 0x000000,
    0x00e0ec, 0x000000, 0x00f8b2, 0x000000, 0x00e0ef, 0x00b8ea, 0x00b1cd, 0x00e0f1, 0x8ff0f6,
    0x00bff0, 0x00e0ee, 0x00cedc, 0x000000, 0x00f8b3, 0x00e0f4, 0x00f4a4, 0x000000, 0x000000,
    0x000000, 0x000000, 0x00e0f2, 0x00e0f5, 0x00f8b4, 0x000000, 0x00f8b5, 0x000000, 0x00e0e7,
    0x00e0f3, 0x8ff0f7, 0x000000, 0x00babc, 0x000000, 0x000000, 0x00e0f6, 0x000000, 0x000000,
    0x000000, 0x000000, 0x000000, 0x000000, 0x000000, 0x00e0f7, 0x000000, 0x8ff0f8, 0x000000,
    0x00cdfe, 0x000000, 0x8ff0f9, 0x00f8b6, 0x00f8b7, 0x8ff0fa, 0x00f8b8, 0x000000, 0x00e0f8,
    0x000000, 0x000000, 0x000000, 0x000000, 0x00f8bd, 0x000000, 0x8ff0fc, 0x000000, 0x000000,
    0x000000, 0x000000, 0x8ff0fd, 0x00f8b9, 0x8ff0fe, 0x000000, 0x000000, 0x00f8ba, 0x000000,
    0x00e0f9, 0x00f8bb, 0x8ff1a1, 0x8ff1a2, 0x00e0e5, 0x00f8bc, 0x000000, 0x8ff1a3, 0x00f8be,
    0x00e0fa, 0x00f8bf, 0x00f8c0, 0x8ff1a4, 0x8ff1a5, 0x000000, 0x000000, 0x000000, 0x000000,
    0x00b4c4, 0x000000, 0x000000, 0x000000, 0x000000, 0x00f8c1, 0x000000, 0x000000, 0x000000,
    0x8ff1a6, 0x8ff1a8, 0x8ff1a7, 0x000000, 0x00bca5, 0x000000, 0x00f8c2, 0x000000, 0x000000,
    0x000000, 0x000000, 0x000000, 0x000000, 0x000000, 0x000000, 0x00f8c3, 0x00f8c4, 0x00e0fb,
    0x000000, 0x000000, 0x000000, 0x000000, 0x00e0fc, 0x000000, 0x000000, 0x000000, 0x000000,
    0x00e0fd, 0x000000, 0x8ff1a9, 0x000000, 0x8ff1aa, 0x000000, 0x00f8c5, 0x000000, 0x00b1bb,
    0x000000, 0x8ff1ab, 0x000000, 0x00e1a1, 0x000000, 0x00c9bb, 0x00e1a2, 0x000000, 0x000000,
    0x00b4a4, 0x00e1a3, 0x000000, 0x00e1a4, 0x000000, 0x8ff1ad, 0x000000, 0x000000, 0x00e1a5,
    0x8ff1ac, 0x00e1a7, 0x00e1a8, 0x00e1a6, 0x000000, 0x000000, 0x000000, 0x00c9d3, 0x00e1aa,
    0x00e1a9, 0x000000, 0x8ff1af, 0x000000, 0x000000, 0x000000, 0x000000, 0x00f8c6, 0x000000,
    0x00f8c7, 0x000000, 0x00e1ac, 0x00e1ab, 0x00e1ad, 0x000000, 0x000000, 0x000000, 0x000000,
    0x000000, 0x000000, 0x00e1ae, 0x00e1b0, 0x00e1af, 0x000000, 0x000000, 0x00b9f9, 0x000000,
    0x00e1b2, 0x000000, 0x00e1b1, 0x000000, 0x00f8c8, 0x00b4c5, 0x000000, 0x00bfd3, 0x000000,
    0x00c5bc, 0x000000, 0x00e1b3, 0x00c0b8, 0x8ff1b1, 0x000000, 0x000000, 0x00bbba, 0x8ff1b2,
    0x00b1f9, 0x00e1b4, 0x000000, 0x00cdd1, 0x000000, 0x8ff1b3, 0x00cae3, 0x00e1b5, 0x000000,
    0x000000, 0x00f8c9, 0x00c5c4, 0x00cdb3, 0x00b9c3, 0x00bfbd, 0x000000, 0x000000, 0x000000,
    0x00c3cb, 0x00d2b4, 0x000000, 0x00c4ae, 0x00b2e8, 0x00e1b6, 0x8ff1b6, 0x8ff1b7, 0x000000,
    0x8ff1b8, 0x000000, 0x000000, 0x000000, 0x00e1b7, 0x000000, 0x00e1bc, 0x000000, 0x8ff1b9,
    0x00e1ba, 0x00e1b9, 0x00dac2, 0x00b3a6, 0x00e1b8, 0x8ff1ba, 0x00b0da, 0x8ff1bb, 0x00c8aa,
    0x8ff1bc, 0x000000, 0x00c8ca, 0x000000, 0x000000, 0x000000, 0x000000, 0x00ceb1, 0x00e1bd,
    0x00e1bb, 0x00c3dc, 0x00c0a6, 0x000000, 0x000000, 0x00c8ab, 0x000000, 0x00c9ad, 0x000000,
    0x00e1bf, 0x00ceac, 0x00b7cd, 0x00e1c0, 0x000000, 0x00e1be, 0x00c8d6, 0x00e1c1, 0x8ff1bd,
    0x00e1c2, 0x000000, 0x00f8ca, 0x00b0db, 0x8ff1bf, 0x8ff1be, 0x00bef6, 0x00e1c7, 0x000000,
    0x00e1c4, 0x00c6ed, 0x00e1c3, 0x00f8cb, 0x8ff1c0, 0x000000, 0x000000, 0x8ff1c1, 0x8ff1c2,
    0x00b5a6, 0x000000, 0x8ff1c3, 0x00e1ca, 0x000000, 0x000000, 0x000000, 0x00e1c5, 0x00e1c6,
    0x000000, 0x00e1c9, 0x00e1c8, 0x00c9a5, 0x8ff1c5, 0x000000, 0x00c1c2, 0x00c1c1, 0x000000,
    0x00b5bf, 0x00f8cc, 0x000000, 0x00e1cb, 0x000000, 0x000000, 0x000000, 0x000000, 0x000000,
    0x00e1cc, 0x000000, 0x000000, 0x00e1cd, 0x000000, 0x000000, 0x000000, 0x000000, 0x8ff1c7,
    0x00e1cf, 0x000000, 0x00e1ce, 0x000000, 0x000000, 0x000000, 0x000000, 0x000000, 0x00b1d6,
    0x000000, 0x000000, 0x000000, 0x000000, 0x8ff1c9, 0x00e1d7, 0x00c8e8, 0x00e1d1, 0x000000,
    0x00e1d3, 0x000000, 0x8ff1ca, 0x00e1d5, 0x00bfbe, 0x000000, 0x000000, 0x00e1d6, 0x00e1d4,
    0x00bcc0, 0x8ff1cb, 0x8ff1cc, 0x000000, 0x00e1d0, 0x00e1d2, 0x000000, 0x00c9c2, 0x8ff1cd,
    0x00bec9, 0x000000, 0x000000, 0x00e1d9, 0x000000, 0x000000, 0x00e1d8, 0x00f8ce, 0x8ff1ce,
    0x000000, 0x000000, 0x00e1da, 0x8ff1cf, 0x00bca6, 0x00baaf, 0x000000, 0x000000, 0x00c5f7,
    0x00e1db, 0x000000, 0x00c4cb, 0x000000, 0x8ff1d0, 0x00e1dd, 0x8ff1d1, 0x8ff1d2, 0x000000,
    0x00cea1, 0x00e1dc, 0x00f8cf, 0x000000, 0x000000, 0x8ff1d3, 0x000000, 0x00c1e9, 0x000000,
    0x000000, 0x8ff1d4, 0x000000, 0x8ff1d5, 0x000000, 0x00e1e2, 0x8ff1d6, 0x00e1e4, 0x00e1e5,
    0x00c3d4, 0x000000, 0x000000, 0x000000, 0x000000, 0x8ff1d7, 0x00e1e3, 0x000000, 0x00e1e0,
    0x000000, 0x00e1de, 0x00e1df, 0x00f8d0, 0x00e1e1, 0x00f8d1, 0x8ff1d8, 0x000000, 0x000000,
    0x000000, 0x8ff1da, 0x00f8d2, 0x00e1e8, 0x000000, 0x00e1e6, 0x000000, 0x00e1e7, 0x000000,
    0x8ff1db, 0x000000, 0x000000, 0x000000, 0x8ff1de, 0x000000, 0x00f8d3, 0x00f8d4, 0x000000,
    0x8ff1d9, 0x00f8d5, 0x000000, 0x8ff1df, 0x8ff1e0, 0x000000, 0x00f8d6, 0x00e1e9, 0x00e1eb,
    0x00e1ec, 0x00e1ed, 0x000000, 0x00e1ee, 0x8ff1e2, 0x00fefd, 0x00e1ea, 0x8ff1e3, 0x000000,
    0x000000, 0x000000, 0x000000, 0x00f8d7, 0x000000, 0x000000, 0x00e1f0, 0x000000, 0x000000,
    0x8ff1e5, 0x00e1ef, 0x00f8d8, 0x000000, 0x000000, 0x000000, 0x000000, 0x000000, 0x00e1f1,
    0x8ff1e4, 0x000000, 0x000000, 0x000000, 0x8ff1e8, 0x00cec5, 0x00f8d9, 0x000000, 0x000000,
    0x00e1f4, 0x00e1f2, 0x00e1f3, 0x8ff1ea, 0x000000, 0x00f8da, 0x00b4e2, 0x000000, 0x000000,
    0x000000, 0x000000, 0x000000, 0x00ccfe, 0x000000, 0x000000, 0x8ff1eb, 0x00caca, 0x000000,
    0x00e1f6, 0x000000, 0x000000, 0x000000, 0x00e1f5, 0x000000, 0x000000, 0x000000, 0x000000,
    0x00e1f7, 0x00e1f8, 0x000000, 0x00f8db, 0x00f8dc, 0x000000, 0x00e1fc, 0x00e1f9, 0x00e1fa,
    0x00e1fb, 0x000000, 0x00e1fd, 0x00f8dd, 0x8ff1ed, 0x00f8de, 0x00e1fe, 0x00f8df, 0x00e2a1,
    0x000000, 0x000000, 0x000000, 0x00e2a2, 0x000000, 0x00e2a3, 0x000000, 0x00c8af, 0x00c5d0,
    0x00e2a4, 0x00c7f2, 0x00c9b4, 0x000000, 0x00e2a5, 0x00f8e0, 0x000000, 0x00e2a6, 0x00c5aa,
    0x000000, 0x00b3a7, 0x00b9c4, 0x00e2a7, 0x000000, 0x000000, 0x00e2a8, 0x000000, 0x000000,
    0x00e2a9, 0x000000, 0x00bba9, 0x000000, 0x000000, 0x00e2ab, 0x000000, 0x8ff1ee, 0x00e2aa,
    0x000000, 0x000000, 0x00e2ac, 0x00e2ad, 0x00f8e1, 0x8ff1ef, 0x00f8e2, 0x00f8e3, 0x000000,
    0x8ff1f1, 0x8ff1f0, 0x000000, 0x000000, 0x000000, 0x000000, 0x00f8e4, 0x8ff1f2, 0x8ff1f3,
    0x000000, 0x00f8e5, 0x000000, 0x000000, 0x000000, 0x00c8e9, 0x8ff1f4, 0x00e2ae, 0x000000,
    0x000000, 0x000000, 0x00e2af, 0x000000, 0x00f8e6, 0x00f3e9, 0x00e2b0, 0x00e2b1, 0x00e2b2,
    0x000000, 0x000000, 0x000000, 0x000000, 0x00bbae, 0x000000, 0x000000, 0x00e2b3, 0x00c7d6,
    0x000000, 0x00f8e7, 0x00cbdf, 0x000000, 0x00b1ce, 0x8ff1f6, 0x00b1d7, 0x000000, 0x00f8e8,
    0x00e2b4, 0x00f8e9, 0x000000, 0x000000, 0x000000, 0x00e2b6, 0x000000, 0x00f8ea, 0x000000,
    0x00e2b5, 0x00c5f0, 0x000000, 0x000000, 0x000000, 0x00c0b9, 0x00ddb9, 0x000000, 0x00e2b7,
    0x00ccc1, 0x000000, 0x00e2b8, 0x000000, 0x00b4c6, 0x00c8d7, 0x00e2b9, 0x00f8eb, 0x00e2ba,
    0x8ff1f8, 0x000000, 0x00e2bb, 0x000000, 0x8ff1f9, 0x000000, 0x00ccdc, 0x000000, 0x000000,
    0x00f8ec, 0x00ccd5, 0x000000, 0x00c4be, 0x000000, 0x000000, 0x000000, 0x00c1ea, 0x000000,
    0x000000, 0x00e2bd, 0x00f8ed, 0x000000, 0x00bde2, 0x000000, 0x00beca, 0x000000, 0x000000,
    0x00e2c0, 0x000000, 0x000000, 0x00e2bf, 0x00e2be, 0x00c8fd, 0x00f8ee, 0x00b4c7, 0x00b8a9,
    0x000000, 0x000000, 0x000000, 0x000000, 0x000000, 0x000000, 0x000000, 0x000000, 0x000000,
    0x000000, 0x8ff1fb, 0x000000, 0x00f8ef, 0x8ff1fc, 0x00e2c6, 0x000000, 0x000000, 0x00e2c3,
    0x00bfbf, 0x00ccb2, 0x000000, 0x000000, 0x000000, 0x00e2c2, 0x00e2c4, 0x00e2c5, 0x000000,
    0x000000, 0x00e2c1, 0x000000, 0x000000, 0x000000, 0x8ff1fd, 0x000000, 0x000000, 0x000000,
    0x000000, 0x000000, 0x000000, 0x00f8f0, 0x8ff1fe, 0x00f8f1, 0x00e2c7, 0x00e2c8, 0x000000,
    0x00c4af, 0x000000, 0x00b4e3, 0x000000, 0x000000, 0x000000, 0x00c3e5, 0x000000, 0x000000,
    0x000000, 0x000000, 0x000000, 0x00f8f2, 0x00e2c9, 0x000000, 0x000000, 0x000000, 0x000000,
    0x000000, 0x00f8f3, 0x00f8f4, 0x000000, 0x000000, 0x000000, 0x000000, 0x000000, 0x000000,
    0x000000, 0x000000, 0x000000, 0x8ff2a5, 0x000000, 0x00e2ca, 0x00e2cd, 0x00f8f5, 0x000000,
    0x000000, 0x00f8f6, 0x8ff2a6, 0x00bfe7, 0x00f8f7, 0x00c6c4, 0x000000, 0x00e2ce, 0x00cbd3,
    0x000000, 0x00e2cb, 0x000000, 0x8ff2a7, 0x00e2cc, 0x000000, 0x000000, 0x000000, 0x000000,
    0x000000, 0x000000, 0x8ff2a9, 0x000000, 0x000000, 0x000000, 0x000000, 0x000000, 0x000000,
    0x00e2d1, 0x00f8f8, 0x000000, 0x8ff2aa, 0x8ff2ab, 0x00e2d0, 0x00e2cf, 0x00f8f9, 0x000000,
    0x000000, 0x000000, 0x000000, 0x000000, 0x000000, 0x000000, 0x000000, 0x000000, 0x000000,
    0x00e2d3, 0x000000, 0x000000, 0x00e2d2, 0x000000, 0x000000, 0x00e2d4, 0x000000, 0x000000,
    0x00f8fa, 0x000000, 0x000000, 0x000000, 0x000000, 0x000000, 0x8ff2ae, 0x000000, 0x000000,
    0x000000, 0x00e2d6, 0x8ff2af, 0x00e2d5, 0x000000, 0x8ff2b0, 0x000000, 0x8ff2b1, 0x00cacd,
    0x000000, 0x000000, 0x000000, 0x8ff2b2, 0x00f8fb, 0x000000, 0x00bdd6, 0x00cec6, 0x000000,
    0x000000, 0x00e2d7, 0x000000, 0x000000, 0x00c6b7, 0x000000, 0x000000, 0x00e2d8, 0x000000,
    0x000000, 0x00e2d9, 0x000000, 0x00e2dd, 0x00e2db, 0x00e2dc, 0x000000, 0x00e2da, 0x000000,
    0x000000, 0x000000, 0x000000, 0x000000, 0x000000, 0x000000, 0x00e2de, 0x000000, 0x000000,
    0x000000, 0x000000, 0x000000, 0x00e2df, 0x000000, 0x000000, 0x000000, 0x000000, 0x000000,
    0x000000, 0x000000, 0x000000, 0x000000, 0x00e2e0, 0x000000, 0x000000, 0x00e2e1, 0x00ccb7,
    0x00e2e2, 0x000000, 0x8ff2b3, 0x8ff2b4, 0x00f8fc, 0x000000, 0x00ccf0, 0x00e2e3, 0x8ff2b5,
    0x00c3ce, 0x8ff2b6, 0x00c7ea, 0x000000, 0x00b6eb, 0x8ff2b7, 0x000000, 0x8ff2b8, 0x00c3bb,
    0x00e2e4, 0x00b6ba, 0x8ff2ba, 0x000000, 0x000000, 0x00c0d0, 0x8ff2bb, 0x000000, 0x000000,
    0x000000, 0x000000, 0x000000, 0x000000, 0x8ff2bc, 0x00e2e5, 0x000000, 0x000000, 0x000000,
    0x00babd, 0x000000, 0x000000, 0x8ff2be, 0x8ff2bf, 0x000000, 0x000000, 0x8ff2c0, 0x000000,
    0x000000, 0x00e2e6, 0x8ff2c1, 0x000000, 0x000000, 0x000000, 0x000000, 0x00e2e7, 0x000000,
    0x00b8a6, 0x00bad5, 0x000000, 0x000000, 0x000000, 0x8ff2c2, 0x000000, 0x000000, 0x000000,
    0x000000, 0x000000, 0x000000, 0x00e2e9, 0x8ff2c3, 0x000000, 0x000000, 0x000000, 0x00c5d6,
    0x00bad6, 0x00b5ce, 0x000000, 0x000000, 0x000000, 0x000000, 0x8ff2c4, 0x00f8fd, 0x000000,
    0x000000, 0x000000, 0x000000, 0x00cba4, 0x000000, 0x00c7cb, 0x000000, 0x000000, 0x000000,
    0x000000, 0x000000, 0x00c5d7, 0x000000, 0x000000, 0x000000, 0x000000, 0x00b9dc, 0x000000,
    0x000000, 0x000000, 0x00f9a1, 0x000000, 0x00e2eb, 0x000000, 0x8ff2c5, 0x000000, 0x000000,
    0x000000, 0x000000, 0x000000, 0x000000, 0x00f9a2, 0x00f9a3, 0x000000, 0x00f9a4, 0x000000,
    0x000000, 0x000000, 0x000000, 0x000000, 0x000000, 0x000000, 0x000000, 0x000000, 0x000000,
    0x000000, 0x00becb, 0x000000, 0x000000, 0x000000, 0x000000, 0x000000, 0x000000, 0x8ff2c6,
    0x000000, 0x000000, 0x000000, 0x00f9a5, 0x000000, 0x8ff2c7, 0x00ceb2, 0x00b9c5, 0x000000,
    0x00f9a6, 0x00b8a7, 0x000000, 0x000000, 0x00c8a3, 0x000000, 0x00e2ed, 0x000000, 0x000000,
    0x000000, 0x000000, 0x000000, 0x000000, 0x000000, 0x00e2ef, 0x000000, 0x000000, 0x000000,
    0x00b8eb, 0x000000, 0x000000, 0x000000, 0x000000, 0x00e2ee, 0x00c4f6, 0x000000, 0x000000,
    0x8ff2c9, 0x000000, 0x00e2f1, 0x00b3b7, 0x00e2ec, 0x000000, 0x000000, 0x00c8ea, 0x000000,
    0x00b1b0, 0x8ff2ca, 0x00baec, 0x000000, 0x00cfd2, 0x000000, 0x000000, 0x00e2f0, 0x000000,
    0x000000, 0x8ff2cc, 0x8ff2cd, 0x8ff2ce, 0x000000, 0x000000, 0x000000, 0x00e2f2, 0x8ff2cb,
    0x000000, 0x000000, 0x00cacb, 0x000000, 0x00c0d9, 0x00e2f4, 0x000000, 0x000000, 0x00f9aa,
    0x000000, 0x00e2f5, 0x00f9a8, 0x000000, 0x000000, 0x000000, 0x000000, 0x00e2f3, 0x000000,
    0x000000, 0x000000, 0x000000, 0x00b3ce, 0x8ff2cf, 0x00e2fb, 0x000000, 0x00e2fa, 0x000000,
    0x00bca7, 0x000000, 0x000000, 0x000000, 0x00e2fc, 0x00e2f7, 0x000000, 0x8ff2d0, 0x000000,
    0x00e2fd, 0x00e2f8, 0x8ff2d1, 0x000000, 0x8ff2d2, 0x000000, 0x00c8d8, 0x00e2f6, 0x000000,
    0x000000, 0x00e2f9, 0x8ff2d3, 0x000000, 0x000000, 0x000000, 0x000000, 0x00e3a2, 0x000000,
    0x000000, 0x000000, 0x000000, 0x000000, 0x8ff2d4, 0x8ff2d5, 0x000000, 0x000000, 0x00f9ab,
    0x000000, 0x8ff2d6, 0x00e3a1, 0x00cbe1, 0x000000, 0x000000, 0x000000, 0x00e2fe, 0x000000,
    0x000000, 0x00b0eb, 0x000000, 0x000000, 0x00f9ac, 0x000000, 0x00e3a4, 0x000000, 0x000000,
    0x00f9ae, 0x000000, 0x8ff2d7, 0x8ff2d8, 0x8ff2d9, 0x000000, 0x00e3a3, 0x8ff2da, 0x000000,
    0x00f9ad, 0x00becc, 0x000000, 0x000000, 0x000000, 0x000000, 0x000000, 0x00e3a5, 0x000000,
    0x000000, 0x000000, 0x000000, 0x000000, 0x000000, 0x00c1c3, 0x000000, 0x8ff2dc, 0x00e3a7,
    0x00e3a6, 0x000000, 0x000000, 0x000000, 0x000000, 0x000000, 0x000000, 0x00e3a8, 0x000000,
    0x8ff2dd, 0x00f9af, 0x000000, 0x000000, 0x000000, 0x000000, 0x000000, 0x000000, 0x000000,
    0x000000, 0x8ff2df, 0x00e2e8, 0x000000, 0x000000, 0x000000, 0x00e2ea, 0x00e3aa, 0x00e3a9,
    0x000000, 0x00f9b0, 0x000000, 0x8ff2de, 0x00f9b1, 0x000000, 0x000000, 0x00f9b2, 0x000000,
    0x000000, 0x000000, 0x000000, 0x000000, 0x00bca8, 0x8ff2e0, 0x00cee9, 0x000000, 0x00bcd2,
    0x000000, 0x00e3ab, 0x00b7b7, 0x000000, 0x000000, 0x000000, 0x00f9b5, 0x00f9b6, 0x00b5c0,
    0x00b5a7, 0x00bbe3, 0x8ff2e1, 0x000000, 0x000000, 0x000000, 0x000000, 0x000000, 0x00cdb4,
    0x000000, 0x000000, 0x00e3b1, 0x000000, 0x00e3b0, 0x00c1c4, 0x00e3ad, 0x8ff2e2, 0x000000,
    0x00e3af, 0x8ff2e3, 0x00f9ba, 0x00bdcb, 0x00bfc0, 0x00e3ae, 0x00e3ac, 0x000000, 0x00c7aa,
    0x000000, 0x000000, 0x00becd, 0x000000, 0x8ff2e5, 0x00c9bc, 0x000000, 0x000000, 0x000000,
    0x000000, 0x00bad7, 0x000000, 0x000000, 0x000000, 0x000000, 0x8ff2e6, 0x000000, 0x000000,
    0x000000, 0x000000, 0x00c5f8, 0x000000, 0x00f9be, 0x00e3b2, 0x000000, 0x000000, 0x000000,
    0x000000, 0x00e3b3, 0x00e3c9, 0x00b6d8, 0x000000, 0x000000, 0x00cfbd, 0x00c1b5, 0x000000,
    0x000000, 0x000000, 0x000000, 0x00e3b4, 0x000000, 0x000000, 0x00b2d2, 0x00c4f7, 0x00caa1,
    0x000000, 0x000000, 0x000000, 0x000000, 0x8ff2e7, 0x8ff2e8, 0x8ff2e9, 0x000000, 0x00f9c2,
    0x000000, 0x000000, 0x8ff2ea, 0x000000, 0x00e3b5, 0x000000, 0x000000, 0x000000, 0x8ff2eb,
    0x000000, 0x000000, 0x000000, 0x000000, 0x00b5fa, 0x00e3b6, 0x000000, 0x8ff2ec, 0x00e3b8,
    0x000000, 0x000000, 0x000000, 0x00e3b9, 0x000000, 0x00c7a9, 0x00f9c3, 0x000000, 0x00e3ba,
    0x8ff2ed, 0x000000, 0x000000, 0x000000, 0x00f9c4, 0x00e3bb, 0x00e3bc, 0x8ff2ee, 0x000000,
    0x00b6d9, 0x00b2d3, 0x00c6c5, 0x00bda8, 0x00bbe4, 0x8ff2ef, 0x000000, 0x000000, 0x000000,
    0x000000, 0x8ff2f0, 0x00f9c5, 0x00e3bd, 0x00f9c6, 0x00bda9, 0x8ff2f1, 0x8ff2f2, 0x000000,
    0x000000, 0x000000, 0x00b2ca, 0x00c9c3, 0x000000, 0x00f9c8, 0x00e3be, 0x8ff2f3, 0x000000,
    0x00c8eb, 0x000000, 0x000000, 0x000000, 0x000000, 0x000000, 0x00f9c9, 0x00c1c5, 0x000000,
    0x00e3c1, 0x000000, 0x00e3c2, 0x00c7e9, 0x000000, 0x00bfc1, 0x00e3bf, 0x000000, 0x00c3e1,
    0x000000, 0x00f9ca, 0x00e3c0, 0x00f9cb, 0x000000, 0x000000, 0x00bece, 0x000000, 0x000000,
    0x000000, 0x000000, 0x000000, 0x000000, 0x000000, 0x000000, 0x000000, 0x000000, 0x00b0dc,
    0x000000, 0x000000, 0x000000, 0x000000, 0x00b5a9, 0x000000, 0x000000, 0x00f9cc, 0x000000,
    0x000000, 0x000000, 0x000000, 0x00e3c3, 0x000000, 0x8ff2f8, 0x00c4f8, 0x000000, 0x00e3c4,
    0x00c0c7, 0x000000, 0x000000, 0x8ff2f9, 0x000000, 0x000000, 0x00ccad, 0x8ff2fa, 0x000000,
    0x00c9a3, 0x00e3c5, 0x00e3c6, 0x00c3d5, 0x8ff2fb, 0x00cec7, 0x000000, 0x8ff2fc, 0x00e3c8,
    0x00e3c7, 0x000000, 0x000000, 0x000000, 0x000000, 0x000000, 0x000000, 0x000000, 0x000000,
    0x000000, 0x000000, 0x000000, 0x000000, 0x8ff2fe, 0x00bcef, 0x000000, 0x000000, 0x00e3ca,
    0x00b0f0, 0x000000, 0x000000, 0x000000, 0x000000, 0x00e3cd, 0x8ff3a1, 0x00f9ce, 0x000000,
    0x00e3cb, 0x00b2d4, 0x00b7ce, 0x00e3cc, 0x00b9c6, 0x00b9f2, 0x000000, 0x00cae6, 0x00e3ce,
    0x000000, 0x000000, 0x00cbd4, 0x8ff3a2, 0x000000, 0x00e3d0, 0x000000, 0x000000, 0x8ff3a3,
    0x00c0d1, 0x00b1cf, 0x00b2ba, 0x00b0ac, 0x000000, 0x000000, 0x000000, 0x000000, 0x000000,
    0x8ff3a4, 0x00e3cf, 0x000000, 0x8ff3a5, 0x000000, 0x000000, 0x8ff3a6, 0x00f9cf, 0x000000,
    0x8ff3a7, 0x8ff3a8, 0x00e3d1, 0x00e3d2, 0x00bef7, 0x000000, 0x000000, 0x000000, 0x8ff3a9,
    0x000000, 0x00e3d3, 0x8ff3aa, 0x00b3cf, 0x000000, 0x00f9d0, 0x000000, 0x000000, 0x00e3d5,
    0x000000, 0x000000, 0x000000, 0x00b7ea, 0x8ff3ab, 0x00b5e6, 0x000000, 0x8ff3ac, 0x00e3d6,
    0x00b6f5, 0x000000, 0x000000, 0x00e3d7, 0x000000, 0x00c0fc, 0x000000, 0x00c6cd, 0x8ff3ad,
    0x00c0e0, 0x00baf5, 0x00f9d2, 0x000000, 0x000000, 0x00e3d8, 0x000000, 0x8ff3ae, 0x000000,
    0x000000, 0x000000, 0x000000, 0x000000, 0x8ff3af, 0x000000, 0x00c3e2, 0x00c1eb, 0x000000,
    0x00e3da, 0x00e3dc, 0x00e3d9, 0x00e3db, 0x000000, 0x000000, 0x000000, 0x000000, 0x000000,
    0x000000, 0x00b7a2, 0x00f9d3, 0x000000, 0x000000, 0x8ff3b0, 0x000000, 0x000000, 0x000000,
    0x000000, 0x000000, 0x00e3dd, 0x00b7a6, 0x000000, 0x8ff3b1, 0x000000, 0x00b5e7, 0x00cdd2,
    0x00e3df, 0x000000, 0x000000, 0x00f9d5, 0x000000, 0x000000, 0x00e3e0, 0x000000, 0x000000,
    0x8ff3b4, 0x00b1ae, 0x00f9d6, 0x8ff3b5, 0x000000, 0x8ff3b6, 0x00e3e3, 0x000000, 0x000000,
    0x000000, 0x00b3f6, 0x00e3e2, 0x00e3e1, 0x000000, 0x00e3e5, 0x00e3de, 0x000000, 0x00e3e6,
    0x00cea9, 0x8ff3b8, 0x00e3e7, 0x00f9d7, 0x00e3e8, 0x000000, 0x8ff3b9, 0x00d4f4, 0x00e3ea,
    0x000000, 0x00e3e9, 0x000000, 0x000000, 0x000000, 0x00e3eb, 0x00e3ec, 0x000000, 0x00ceb5,
    0x00e3ed, 0x000000, 0x00f0ef, 0x00becf, 0x00e3ee, 0x00e3ef, 0x00bdd7, 0x000000, 0x00c6b8,
    0x00e3f0, 0x8ff3ba, 0x8ff3bb, 0x000000, 0x00c3a8, 0x00f9d8, 0x000000, 0x00e3f1, 0x000000,
    0x00c3bc, 0x00e3f2, 0x000000, 0x000000, 0x000000, 0x8ff3bc, 0x000000, 0x00b6a5, 0x000000,
    0x00d1bf, 0x00c3dd, 0x00bcb3, 0x000000, 0x000000, 0x00f9d9, 0x000000, 0x00b4c8, 0x000000,
    0x000000, 0x00e3f3, 0x000000, 0x00e4a2, 0x000000, 0x00e3f6, 0x8ff3bf, 0x00b5e8, 0x000000,
    0x00e3f5, 0x00e4a4, 0x000000, 0x000000, 0x000000, 0x00e3f4, 0x000000, 0x00bed0, 0x00f9da,
    0x000000, 0x000000, 0x000000, 0x000000, 0x000000, 0x00e3f8, 0x00e3f9, 0x000000, 0x00c5ab,
    0x000000, 0x000000, 0x00e3fa, 0x000000, 0x00b3de, 0x000000, 0x000000, 0x000000, 0x000000,
    0x00bfda, 0x00c9e4, 0x8ff3c2, 0x00e3fc, 0x000000, 0x8ff3c3, 0x000000, 0x00c2e8, 0x00f9db,
    0x8ff3c4, 0x8ff3c5, 0x000000, 0x8ff3c6, 0x000000, 0x00e3f7, 0x000000, 0x00e3fb, 0x00e3fd,
    0x000000, 0x000000, 0x00bafb, 0x000000, 0x00f9dc, 0x000000, 0x8ff3c1, 0x000000, 0x000000,
    0x8ff3ca, 0x000000, 0x000000, 0x000000, 0x00e4a6, 0x00c9ae, 0x00f9dd, 0x00c8a6, 0x00c5f9,
    0x000000, 0x00b6da, 0x00e4a5, 0x00e4a3, 0x00f9de, 0x00c8b5, 0x00e3fe, 0x00c3de, 0x00c5fb,
    0x000000, 0x00c5fa, 0x8ff3cc, 0x00baf6, 0x000000, 0x000000, 0x000000, 0x000000, 0x000000,
    0x000000, 0x00e4b8, 0x000000, 0x000000, 0x00f9df, 0x000000, 0x000000, 0x000000, 0x8ff3ce,
    0x00e4a8, 0x8ff3cf, 0x00e4aa, 0x000000, 0x8ff3d0, 0x000000, 0x000000, 0x00e4ad, 0x00f9e0,
    0x00e4ae, 0x00f9e1, 0x00e4ab, 0x00e4ac, 0x00f9e2, 0x8ff3d1, 0x00e4a9, 0x00e4a7, 0x000000,
    0x000000, 0x000000, 0x8ff3cd, 0x00e4a1, 0x000000, 0x000000, 0x000000, 0x000000, 0x8ff3c9,
    0x000000, 0x000000, 0x000000, 0x000000, 0x000000, 0x000000, 0x00cacf, 0x00b2d5, 0x000000,
    0x000000, 0x000000, 0x00e4b5, 0x000000, 0x00e4b2, 0x000000, 0x00e4b7, 0x8ff3d4, 0x8ff3d5,
    0x00e4b6, 0x000000, 0x00c7f3, 0x00cca7, 0x000000, 0x00bbbb, 0x00e4b0, 0x00e4b9, 0x00e4b4,
    0x8ff3d6, 0x00e4b3, 0x00e4af, 0x00f9e3, 0x00e4b1, 0x000000, 0x00b4c9, 0x000000, 0x000000,
    0x000000, 0x000000, 0x000000, 0x000000, 0x000000, 0x000000, 0x00c3bd, 0x000000, 0x000000,
    0x00c0fd, 0x000000, 0x8ff3d8, 0x000000, 0x00c8a2, 0x000000, 0x000000, 0x00e4be, 0x8ff3d9,
    0x000000, 0x000000, 0x00c8a4, 0x000000, 0x000000, 0x000000, 0x8ff3da, 0x000000, 0x000000,
    0x000000, 0x00c0e1, 0x00e4bb, 0x000000, 0x000000, 0x00c8cf, 0x8ff3db, 0x00e4bf, 0x00cad3,
    0x000000, 0x00c3db, 0x8ff3dc, 0x00e4ba, 0x00e4bc, 0x000000, 0x000000, 0x00e4bd, 0x000000,
    0x000000, 0x000000, 0x000000, 0x8ff3df, 0x000000, 0x8ff3e0, 0x00f9e5, 0x000000, 0x00f9e6,
    0x8ff3e1, 0x000000, 0x000000, 0x00e4c0, 0x000000, 0x000000, 0x00bcc4, 0x000000, 0x000000,
    0x000000, 0x00c6c6, 0x00e4c5, 0x00e4c4, 0x000000, 0x000000, 0x00e4c1, 0x8ff3e2, 0x000000,
    0x000000, 0x00cfb6, 0x000000, 0x000000, 0x8ff3e3, 0x000000, 0x000000, 0x00e4ca, 0x000000,
    0x000000, 0x00e4ce, 0x00e4cb, 0x000000, 0x000000, 0x000000, 0x000000, 0x000000, 0x000000,
    0x000000, 0x000000, 0x00e4c7, 0x00f9e7, 0x000000, 0x8ff3e4, 0x000000, 0x000000, 0x000000,
    0x00e4c8, 0x000000, 0x000000, 0x000000, 0x8ff3e5, 0x000000, 0x00e4cd, 0x8ff3e6, 0x8ff3e7,
    0x000000, 0x00e4c2, 0x00d2d5, 0x00e4c9, 0x00e4c3, 0x000000, 0x000000, 0x00e4cc, 0x000000,
    0x000000, 0x000000, 0x000000, 0x000000, 0x000000, 0x00f9e9, 0x00e4d2, 0x00f9ea, 0x00b4ca,
    0x000000, 0x00e4cf, 0x000000, 0x000000, 0x8ff3e8, 0x00e4d0, 0x000000, 0x000000, 0x00e4d1,
    0x00e4d4, 0x000000, 0x000000, 0x000000, 0x000000, 0x000000, 0x00f9e8, 0x000000, 0x00f9eb,
    0x000000, 0x000000, 0x00f9ec, 0x00e4d3, 0x00c8f6, 0x000000, 0x000000, 0x000000, 0x000000,
    0x00e4d5, 0x00cefc, 0x00caed, 0x00e4da, 0x000000, 0x000000, 0x00e4d7, 0x000000, 0x8ff3e9,
    0x000000, 0x000000, 0x000000, 0x000000, 0x8ff3ea, 0x000000, 0x00e4d6, 0x00c0d2, 0x000000,
    0x00e4d9, 0x00e4db, 0x8ff3eb, 0x000000, 0x000000, 0x00e4d8, 0x000000, 0x00e4df, 0x8ff3ec,
    0x00e4dc, 0x00f9ef, 0x000000, 0x000000, 0x000000, 0x000000, 0x8ff3ed, 0x00e4dd, 0x00e4c6,
    0x8ff3ee, 0x000000, 0x000000, 0x00e4de, 0x00e4e0, 0x000000, 0x000000, 0x000000, 0x8ff3ef,
    0x000000, 0x000000, 0x00e4e1, 0x00f9f0, 0x8ff3f0, 0x8ff3f1, 0x8ff3f2, 0x000000, 0x000000,
    0x00cac6, 0x000000, 0x00e4e2, 0x000000, 0x000000, 0x000000, 0x00f9f1, 0x000000, 0x000000,
    0x000000, 0x000000, 0x00cce2, 0x000000, 0x00b6ce, 0x00b7a9, 0x00e4e3, 0x000000, 0x000000,
    0x000000, 0x000000, 0x000000, 0x00cab4, 0x000000, 0x00bfe8, 0x000000, 0x00ccb0, 0x000000,
    0x00f9f2, 0x00e4e4, 0x000000, 0x00ceb3, 0x000000, 0x00f9f3, 0x00c7f4, 0x000000, 0x00c1c6,
    0x00c7b4, 0x000000, 0x000000, 0x00bdcd, 0x000000, 0x000000, 0x000000, 0x00b0c0, 0x00f9f4,
    0x00e4e9, 0x00e4e7, 0x000000, 0x00e4e5, 0x00b4a1, 0x8ff3f6, 0x00bed1, 0x00e4ea, 0x000000,
    0x000000, 0x00e4e8, 0x000000, 0x00e4e6, 0x00e4ee, 0x000000, 0x000000, 0x00e4ed, 0x00e4ec,
    0x00e4eb, 0x000000, 0x000000, 0x8ff3f8, 0x8ff3f9, 0x000000, 0x00e4ef, 0x000000, 0x000000,
    0x00f9f5, 0x00e4f0, 0x00c0ba, 0x8ff3fa, 0x00e4f1, 0x000000, 0x00e4f3, 0x000000, 0x8ff3fc,
    0x00e4f2, 0x000000, 0x000000, 0x8ff3fe, 0x000000, 0x00b8d2, 0x000000, 0x000000, 0x8ff4a1,
    0x00c1b8, 0x000000, 0x000000, 0x000000, 0x00e4f5, 0x000000, 0x000000, 0x00f9f6, 0x00c5fc,
    0x8ff4a3, 0x00e4f4, 0x00f9f7, 0x000000, 0x000000, 0x00e4f6, 0x00f9f8, 0x00cab5, 0x00c1ec,
    0x00b9c7, 0x000000, 0x00e4f7, 0x000000, 0x000000, 0x000000, 0x8ff4a5, 0x00cec8, 0x000000,
    0x000000, 0x000000, 0x8ff4a6, 0x000000, 0x000000, 0x000000, 0x00e4f9, 0x000000, 0x000000,
    0x00e4fa, 0x000000, 0x00e4fb, 0x8ff4a8, 0x00e4fc, 0x000000, 0x00bbe5, 0x000000, 0x00e4fd,
    0x00b7cf, 0x000000, 0x000000, 0x00b5ea, 0x000000, 0x00b5aa, 0x000000, 0x00e5a1, 0x8ff4a9,
    0x00ccf3, 0x00b9c8, 0x00e4fe, 0x00f9f9, 0x00f9fa, 0x8ff4aa, 0x00e5a4, 0x00cce6, 0x000000,
    0x00c7bc, 0x000000, 0x000000, 0x00c9b3, 0x000000, 0x8ff4ac, 0x00f9fb, 0x00bde3, 0x00e5a3,
    0x000000, 0x00bcd3, 0x00b9c9, 0x00bbe6, 0x00b5e9, 0x00cab6, 0x00e5a2, 0x00f9fc, 0x8ff4ad,
    0x000000, 0x00c1c7, 0x00cbc2, 0x00baf7, 0x00f9fd, 0x000000, 0x000000, 0x000000, 0x000000,
    0x000000, 0x000000, 0x000000, 0x00bbe7, 0x00c4dd, 0x000000, 0x00e5a7, 0x00cedf, 0x00bad9,
    0x00f9fe, 0x00e5a8, 0x00bfc2, 0x000000, 0x00e5aa, 0x000000, 0x000000, 0x000000, 0x00bed2,
    0x00bab0, 0x000000, 0x000000, 0x8ff4b0, 0x8ff4b1, 0x00e5a9, 0x8ff4b2, 0x00faa1, 0x00bdaa,
    0x00b8be, 0x00c1c8, 0x00e5a5, 0x00e5ab, 0x8ff4b3, 0x00faa2, 0x000000, 0x000000, 0x00e5a6,
    0x00b7d0, 0x000000, 0x00e5ae, 0x00e5b2, 0x00b7eb, 0x000000, 0x000000, 0x00faa3, 0x000000,
    0x000000, 0x00e5ad, 0x000000, 0x000000, 0x8ff4b7, 0x8ff4b8, 0x00e5b6, 0x00faa4, 0x000000,
    0x00b9ca, 0x000000, 0x000000, 0x00cded, 0x00b0bc, 0x00e5b3, 0x000000, 0x000000, 0x00b5eb,
    0x000000, 0x00e5b0, 0x000000, 0x8ff4b9, 0x000000, 0x000000, 0x000000, 0x00e5b1, 0x000000,
    0x8ff4ba, 0x00c5fd, 0x00e5af, 0x00e5ac, 0x000000, 0x00b3a8, 0x00c0e4, 0x000000, 0x000000,
    0x00b8a8, 0x00faa5, 0x000000, 0x000000, 0x00e5b8, 0x000000, 0x8ff4bc, 0x000000, 0x000000,
    0x000000, 0x00faa6, 0x000000, 0x000000, 0x8ff4be, 0x000000, 0x8ff4bf, 0x00e5b5, 0x000000,
    0x00faa7, 0x8ff4c0, 0x000000, 0x000000, 0x00e5b7, 0x000000, 0x000000, 0x000000, 0x00e5b4,
    0x000000, 0x000000, 0x000000, 0x8ff4c1, 0x000000, 0x00b7d1, 0x00c2b3, 0x00e5b9, 0x00c1ee,
    0x8ff4c3, 0x000000, 0x00e5c6, 0x00faa8, 0x000000, 0x00e5c2, 0x00e5bc, 0x000000, 0x000000,
    0x00faa9, 0x8ff4c4, 0x000000, 0x000000, 0x8ff4c5, 0x00e5c0, 0x00bcfa, 0x00b0dd, 0x00e5bb,
    0x00e5c3, 0x00e5c7, 0x00b9cb, 0x00ccd6, 0x000000, 0x00c4d6, 0x00e5bd, 0x8ff4c6, 0x8ff4c7,
    0x00e5c5, 0x000000, 0x00e5ba, 0x00c3be, 0x000000, 0x00e5bf, 0x00b0bd, 0x00ccca, 0x8ff4c8,
    0x000000, 0x00faaa, 0x000000, 0x000000, 0x000000, 0x000000, 0x00e5be, 0x000000, 0x000000,
    0x00b6db, 0x00c8ec, 0x00faab, 0x000000, 0x000000, 0x00c1ed, 0x000000, 0x00ced0, 0x00bdef,
    0x000000, 0x000000, 0x00e5ee, 0x00faac, 0x8ff4c9, 0x00e5c8, 0x8ff4ca, 0x00c0fe, 0x000000,
    0x00e5c4, 0x00e5c9, 0x00e5cb, 0x000000, 0x00c4f9, 0x00e5ce, 0x000000, 0x00faad, 0x00e5ca,
    0x000000, 0x8ff4cb, 0x000000, 0x00cad4, 0x00b4cb, 0x000000, 0x000000, 0x00cccb, 0x000000,
    0x000000, 0x00b0de, 0x000000, 0x8ff4cc, 0x00e5cd, 0x000000, 0x00cefd, 0x000000, 0x000000,
    0x000000, 0x000000, 0x8ff4cd, 0x000000, 0x00e5cc, 0x000000, 0x000000, 0x000000, 0x000000,
    0x00b1ef, 0x000000, 0x000000, 0x00c6ec, 0x00e5cf, 0x000000, 0x000000, 0x00fab0, 0x00e5d6,
    0x00e5d0, 0x00e5d7, 0x000000, 0x000000, 0x000000, 0x000000, 0x8ff4d1, 0x00fab1, 0x00e5d3,
    0x000000, 0x000000, 0x00fab2, 0x000000, 0x8ff4d2, 0x000000, 0x000000, 0x000000, 0x00c7fb,
    0x000000, 0x8ff4d3, 0x00bcca, 0x00e5d5, 0x8ff4d4, 0x00e5d2, 0x00e5d8, 0x00e5d1, 0x000000,
    0x000000, 0x00bdc4, 0x8ff4d5, 0x00faaf, 0x000000, 0x000000, 0x00cba5, 0x8ff4d6, 0x000000,
    0x00bdcc, 0x000000, 0x000000, 0x00e5d4, 0x00e5e0, 0x000000, 0x000000, 0x00e5dc, 0x000000,
    0x00e5df, 0x000000, 0x00e5dd, 0x00e5e1, 0x00e5db, 0x000000, 0x00e5c1, 0x00c0d3, 0x000000,
    0x00c8cb, 0x000000, 0x00e5de, 0x000000, 0x8ff4d7, 0x00e5d9, 0x00fab4, 0x000000, 0x000000,
    0x00c1a1, 0x00b7d2, 0x000000, 0x00bdab, 0x000000, 0x000000, 0x000000, 0x000000, 0x00fab5,
    0x000000, 0x00bfa5, 0x00c1b6, 0x00e5e4, 0x000000, 0x000000, 0x00e5e6, 0x00e5e7, 0x000000,
    0x000000, 0x00e5e3, 0x00e5e5, 0x000000, 0x000000, 0x00fab6, 0x000000, 0x000000, 0x000000,
    0x000000, 0x00e5da, 0x00e5e2, 0x000000, 0x00e5ea, 0x00e5e9, 0x00fefe, 0x000000, 0x00cbfa,
    0x000000, 0x000000, 0x00b7ab, 0x000000, 0x000000, 0x8ff4d8, 0x000000, 0x8ff4d9, 0x000000,
    0x000000, 0x000000, 0x00e5e8, 0x000000, 0x00e5ec, 0x00e5eb, 0x00e5ef, 0x8ff4da, 0x00e5f1,
    0x000000, 0x000000, 0x00bbbc, 0x00e5ed, 0x000000, 0x000000, 0x8ff4db, 0x8ff4dc, 0x00e5f2,
    0x00e5f3, 0x00fab7, 0x000000, 0x00e5f4, 0x00fab8, 0x00e5fa, 0x00c5bb, 0x00e5f6, 0x8ff4de,
    0x00e5f5, 0x00e5f7, 0x00e5f8, 0x000000, 0x00e5f9, 0x000000, 0x8ff4df, 0x000000, 0x8ff4e0,
    0x00e5fb, 0x00e5fc, 0x000000, 0x000000, 0x000000, 0x000000, 0x000000, 0x000000, 0x000000,
    0x000000, 0x000000, 0x000000, 0x000000, 0x000000, 0x000000, 0x000000, 0x000000, 0x000000,
    0x000000, 0x000000, 0x000000, 0x000000, 0x000000, 0x000000, 0x000000, 0x000000, 0x000000,
    0x000000, 0x000000, 0x000000, 0x000000, 0x000000, 0x000000, 0x000000, 0x000000, 0x000000,
    0x000000, 0x000000, 0x000000, 0x000000, 0x000000, 0x000000, 0x000000, 0x000000, 0x000000,
    0x000000, 0x000000, 0x000000, 0x000000, 0x000000, 0x000000, 0x000000, 0x000000, 0x000000,
    0x000000, 0x000000, 0x00b4cc, 0x000000, 0x00e5fd, 0x000000, 0x00e5fe, 0x8ff4e3, 0x8ff4e2,
    0x000000, 0x8ff4e4, 0x000000, 0x000000, 0x000000, 0x8ff4e5, 0x8ff4e6, 0x00e6a1, 0x000000,
    0x00fab9, 0x000000, 0x000000, 0x000000, 0x000000, 0x00e6a2, 0x00e6a3, 0x00e6a4, 0x8ff4e7,
    0x00e6a5, 0x00e6a6, 0x8ff4ea, 0x000000, 0x00e6a8, 0x00e6a7, 0x000000, 0x000000, 0x00e6a9,
    0x000000, 0x000000, 0x000000, 0x000000, 0x000000, 0x000000, 0x00e6aa, 0x00e6ab, 0x8ff4ec,
    0x000000, 0x8ff4ed, 0x8ff4ee, 0x000000, 0x000000, 0x00e6ae, 0x00e6ac, 0x00e6ad, 0x00bae1,
    0x00b7d3, 0x000000, 0x8ff4ef, 0x00c3d6, 0x000000, 0x00c8b3, 0x000000, 0x00bdf0, 0x000000,
    0x000000, 0x00c7cd, 0x000000, 0x00c8ed, 0x00e6af, 0x00d8ed, 0x000000, 0x000000, 0x000000,
    0x8ff4f0, 0x8ff4f1, 0x000000, 0x000000, 0x00e6b0, 0x00e6b2, 0x000000, 0x00cde5, 0x00e6b1,
    0x00e6b4, 0x00e6b3, 0x000000, 0x00cdd3, 0x000000, 0x00e6b5, 0x000000, 0x00c8fe, 0x000000,
    0x8ff4f3, 0x00fabb, 0x000000, 0x000000, 0x00e6b6, 0x000000, 0x8ff4f6, 0x00fabc, 0x000000,
    0x000000, 0x00e6b9, 0x000000, 0x8ff4f7, 0x00e6b8, 0x00e6b7, 0x000000, 0x000000, 0x000000,
    0x000000, 0x00e6ba, 0x00b7b2, 0x000000, 0x000000, 0x000000, 0x00c1a2, 0x00b5c1, 0x000000,
    0x000000, 0x000000, 0x8ff4f8, 0x00e6be, 0x00e6bb, 0x000000, 0x000000, 0x00e6bc, 0x000000,
    0x000000, 0x000000, 0x00e6bf, 0x000000, 0x00e6c0, 0x00e6bd, 0x000000, 0x000000, 0x000000,
    0x00b1a9, 0x000000, 0x00fabd, 0x000000, 0x00b2a7, 0x000000, 0x8ff4fa, 0x000000, 0x00e6c2,
    0x00e6c3, 0x000000, 0x000000, 0x000000, 0x00e6c4, 0x000000, 0x00cde2, 0x000000, 0x00fabe,
    0x8ff4fb, 0x000000, 0x000000, 0x00bdac, 0x000000, 0x00e6c6, 0x00e6c5, 0x000000, 0x000000,
    0x000000, 0x000000, 0x000000, 0x00fabf, 0x000000, 0x000000, 0x000000, 0x00fac0, 0x00bfe9,
    0x00e6c7, 0x000000, 0x8ff4fc, 0x000000, 0x8ff4fd, 0x00e6c8, 0x000000, 0x000000, 0x00e6c9,
    0x000000, 0x00b4e5, 0x00fac1, 0x000000, 0x00fac2, 0x8ff4fe, 0x00b4cd, 0x000000, 0x8ff5a1,
    0x00e6ca, 0x000000, 0x000000, 0x000000, 0x000000, 0x000000, 0x00e6cb, 0x00fac3, 0x00cbdd,
    0x00cde3, 0x000000, 0x000000, 0x000000, 0x00cdd4, 0x00cfb7, 0x8ff5a2, 0x00b9cd, 0x00e6ce,
    0x00bcd4, 0x00e6cd, 0x000000, 0x8ff5a4, 0x000000, 0x8ff5a3, 0x00e6cf, 0x00bca9, 0x000000,
    0x8ff5a5, 0x000000, 0x00c2d1, 0x8ff5a6, 0x00e6d0, 0x000000, 0x00fac5, 0x00b9cc, 0x8ff5a7,
    0x00ccd7, 0x00e6d1, 0x00e6d2, 0x000000, 0x000000, 0x00e6d3, 0x000000, 0x000000, 0x000000,
    0x000000, 0x00e6d4, 0x000000, 0x000000, 0x8ff5a8, 0x000000, 0x00fac6, 0x000000, 0x00e6d5,
    0x000000, 0x000000, 0x000000, 0x8ff5a9, 0x000000, 0x000000, 0x000000, 0x8ff5aa, 0x000000,
    0x000000, 0x00bcaa, 0x000000, 0x00fac7, 0x00cced, 0x00fac8, 0x000000, 0x000000, 0x000000,
    0x00e6d7, 0x00fac9, 0x00c3bf, 0x000000, 0x00e6d6, 0x000000, 0x000000, 0x000000, 0x8ff5ab,
    0x000000, 0x000000, 0x00e6d9, 0x000000, 0x000000, 0x000000, 0x00e6d8, 0x000000, 0x000000,
    0x000000, 0x000000, 0x000000, 0x000000, 0x000000, 0x00e6da, 0x000000, 0x000000, 0x000000,
    0x00c0bb, 0x000000, 0x00e6db, 0x000000, 0x00e6dc, 0x000000, 0x000000, 0x000000, 0x00cab9,
    0x00e6dd, 0x000000, 0x00c1ef, 0x00e6de, 0x000000, 0x000000, 0x000000, 0x8ff5ac, 0x000000,
    0x00e6df, 0x000000, 0x000000, 0x000000, 0x000000, 0x000000, 0x000000, 0x00cefe, 0x00e6e2,
    0x8ff5ad, 0x00e6e1, 0x00e6e0, 0x00c4b0, 0x8ff5ae, 0x00e6e3, 0x00bfa6, 0x000000, 0x00e6e4,
    0x000000, 0x8ff5af, 0x000000, 0x00e6e5, 0x00cfb8, 0x00e6e6, 0x000000, 0x000000, 0x000000,
    0x000000, 0x00e6e7, 0x00e6e9, 0x00e6e8, 0x00c8a5, 0x000000, 0x00c6f9, 0x000000, 0x00cfbe,
    0x00c8a9, 0x000000, 0x000000, 0x000000, 0x000000, 0x000000, 0x000000, 0x00e6eb, 0x000000,
    0x000000, 0x00bed3, 0x000000, 0x00c9aa, 0x8ff5b0, 0x00e6ec, 0x00e6ea, 0x8ff5b1, 0x00b4ce,
    0x000000, 0x000000, 0x000000, 0x00b8d4, 0x00bbe8, 0x000000, 0x8ff5b2, 0x00c8ee, 0x000000,
    0x8ff5b3, 0x000000, 0x00b8aa, 0x00cbc3, 0x000000, 0x00e6ef, 0x00e6ed, 0x000000, 0x00b9ce,
    0x000000, 0x00b9cf, 0x00b0e9, 0x000000, 0x00bae8, 0x000000, 0x000000, 0x000000, 0x8ff5b4,
    0x000000, 0x00c7d9, 0x000000, 0x000000, 0x000000, 0x000000, 0x000000, 0x00b0df, 0x00e6f4,
    0x8ff5b6, 0x00c3c0, 0x000000, 0x000000, 0x000000, 0x00faca, 0x000000, 0x00c7d8, 0x000000,
    0x00c2db, 0x000000, 0x000000, 0x000000, 0x000000, 0x000000, 0x000000, 0x8ff5b7, 0x00e6f6,
    0x00facb, 0x8ff5b8, 0x00e6f2, 0x00e6f5, 0x00e6f0, 0x000000, 0x00e6f3, 0x00cba6, 0x000000,
    0x00facc, 0x00b8d5, 0x000000, 0x000000, 0x00b0fd, 0x00e6f1, 0x8ff5b9, 0x000000, 0x000000,
    0x000000, 0x000000, 0x000000, 0x000000, 0x000000, 0x000000, 0x00e6f8, 0x000000, 0x00e6f9,
    0x000000, 0x00facd, 0x00c6b9, 0x8ff5bc, 0x000000, 0x000000, 0x00b6bb, 0x000000, 0x000000,
    0x8ff5bd, 0x00e7a6, 0x00c7bd, 0x000000, 0x000000, 0x00bbe9, 0x000000, 0x000000, 0x00b6bc,
    0x00c0c8, 0x00cfc6, 0x00ccae, 0x00e6f7, 0x00c0d4, 0x000000, 0x000000, 0x8ff5bb, 0x000000,
    0x000000, 0x000000, 0x000000, 0x000000, 0x000000, 0x000000, 0x000000, 0x8ff5c0, 0x000000,
    0x00face, 0x000000, 0x00b5d3, 0x00e6fa, 0x000000, 0x000000, 0x8ff5c1, 0x000000, 0x000000,
    0x000000, 0x000000, 0x00e6fc, 0x8ff5c3, 0x000000, 0x000000, 0x8ff5c4, 0x000000, 0x00e6fb,
    0x000000, 0x000000, 0x8ff5c5, 0x000000, 0x000000, 0x00e6fd, 0x000000, 0x00c3a6, 0x000000,
    0x00c7be, 0x000000, 0x8ff5bf, 0x000000, 0x000000, 0x000000, 0x00c4b1, 0x000000, 0x000000,
    0x000000, 0x8ff5c7, 0x00e7a3, 0x000000, 0x000000, 0x000000, 0x000000, 0x000000, 0x000000,
    0x00e7a2, 0x000000, 0x000000, 0x000000, 0x00facf, 0x00e6fe, 0x000000, 0x000000, 0x00bfd5,
    0x000000, 0x00c9e5, 0x00e7a5, 0x000000, 0x00e7a4, 0x00b9d0, 0x00cfd3, 0x000000, 0x000000,
    0x000000, 0x000000, 0x000000, 0x000000, 0x000000, 0x000000, 0x000000, 0x00e7b5, 0x00fad0,
    0x000000, 0x000000, 0x000000, 0x000000, 0x00e7a9, 0x00e7aa, 0x00fad1, 0x00fad2, 0x8ff5c9,
    0x000000, 0x00bcf0, 0x000000, 0x00fad3, 0x00e7a8, 0x000000, 0x00b9f8, 0x00e7a7, 0x000000,
    0x000000, 0x00e7ab, 0x000000, 0x000000, 0x000000, 0x00c4b2, 0x00caa2, 0x00c1a3, 0x000000,
    0x000000, 0x000000, 0x000000, 0x00c2dc, 0x00e7af, 0x8ff5cb, 0x00e7b0, 0x00e7ac, 0x8ff5cd,
    0x8ff5ce, 0x000000, 0x000000, 0x00e7ad, 0x000000, 0x00e7ae, 0x000000, 0x000000, 0x000000,
    0x000000, 0x00b9d1, 0x000000, 0x000000, 0x000000, 0x00e7b6, 0x000000, 0x00e7b2, 0x000000,
    0x000000, 0x8ff5d0, 0x000000, 0x00c9e6, 0x000000, 0x00cbec, 0x00c9a8, 0x000000, 0x000000,
    0x00e7b1, 0x000000, 0x000000, 0x00e7b4, 0x00e7b3, 0x000000, 0x000000, 0x000000, 0x00cbc4,
    0x00e7b7, 0x000000, 0x000000, 0x000000, 0x000000, 0x000000, 0x000000, 0x00e7b8, 0x000000,
    0x8ff5d1, 0x00c1b7, 0x000000, 0x00e7b9, 0x000000, 0x000000, 0x00e7bb, 0x000000, 0x00e7bf,
    0x00fad4, 0x000000, 0x00e7bc, 0x00e7ba, 0x00c7bf, 0x00e7bd, 0x8ff5d2, 0x00e7be, 0x8ff5d3,
    0x000000, 0x000000, 0x00b2b2, 0x000000, 0x00e7c5, 0x00e7c0, 0x00fad5, 0x000000, 0x000000,
    0x00e7c1, 0x000000, 0x00fad6, 0x000000, 0x00e7c2, 0x000000, 0x00c2a1, 0x000000, 0x000000,
    0x8ff5d4, 0x00fad7, 0x00e7c4, 0x00e7c3, 0x00e7c6, 0x8ff5d5, 0x000000, 0x000000, 0x000000,
    0x00e7c7, 0x00e7c8, 0x000000, 0x000000, 0x00bfc3, 0x8ff5d7, 0x00b2e9, 0x000000, 0x00e7c9,
    0x00ced7, 0x000000, 0x00bcab, 0x000000, 0x8ff5d9, 0x00bdad, 0x000000, 0x000000, 0x000000,
    0x000000, 0x000000, 0x00bbea, 0x00c3d7, 0x000000, 0x000000, 0x000000, 0x000000, 0x000000,
    0x00e7ca, 0x00e7cb, 0x00b1b1, 0x8ff5db, 0x00e7cc, 0x8ff5dc, 0x000000, 0x00e7cd, 0x00e7ce,
    0x000000, 0x8ff5de, 0x00e7cf, 0x000000, 0x00e7d0, 0x00b6bd, 0x00daaa, 0x00e7d1, 0x000000,
    0x00c0e5, 0x00e7d2, 0x00bccb, 0x000000, 0x00e7d3, 0x000000, 0x00d0b0, 0x000000, 0x000000,
    0x000000, 0x00e7d4, 0x00cade, 0x00b4dc, 0x8ff5e0, 0x000000, 0x00c1a4, 0x00bdd8, 0x000000,
    0x00c9f1, 0x00bdae, 0x000000, 0x8ff5e1, 0x8ff5e2, 0x000000, 0x000000, 0x000000, 0x000000,
    0x000000, 0x000000, 0x00e7d5, 0x00b9d2, 0x00e7d6, 0x00c8cc, 0x000000, 0x00e7e4, 0x000000,
    0x000000, 0x000000, 0x8ff5e4, 0x00e7d8, 0x8ff5e5, 0x00c2c9, 0x00c7f5, 0x00b8bf, 0x00e7d7,
    0x00c1a5, 0x000000, 0x000000, 0x8ff5e6, 0x000000, 0x000000, 0x000000, 0x00e7d9, 0x000000,
    0x000000, 0x000000, 0x000000, 0x8ff5e9, 0x8ff5e7, 0x00c4fa, 0x000000, 0x8ff5e8, 0x000000,
    0x8ff5eb, 0x000000, 0x000000, 0x000000, 0x8ff5ed, 0x000000, 0x000000, 0x000000, 0x000000,
    0x000000, 0x000000, 0x000000, 0x8ff5ef, 0x00e7db, 0x00e7da, 0x00e7dd, 0x000000, 0x8ff5f1,
    0x00e7dc, 0x000000, 0x00e7de, 0x00fadb, 0x000000, 0x00e7e0, 0x8ff5f2, 0x00e7df, 0x000000,
    0x00b4cf, 0x000000, 0x00e7e1, 0x000000, 0x00e7e2, 0x00e7e3, 0x000000, 0x000000, 0x00bab1,
    0x00cec9, 0x000000, 0x00e7e5, 0x00bfa7, 0x000000, 0x00fadc, 0x000000, 0x00b1f0, 0x00e7e6,
    0x00e7e7, 0x8ff5f6, 0x000000, 0x000000, 0x000000, 0x8ff5f8, 0x00e7e8, 0x8ff5f9, 0x000000,
    0x000000, 0x000000, 0x8ff5fa, 0x000000, 0x000000, 0x000000, 0x000000, 0x000000, 0x000000,
    0x8ff5fb, 0x00b0f2, 0x000000, 0x00e7e9, 0x00fade, 0x000000, 0x000000, 0x000000, 0x00e7ea,
    0x8ff5fc, 0x000000, 0x000000, 0x000000, 0x000000, 0x000000, 0x00c9e7, 0x000000, 0x000000,
    0x000000, 0x00bcc7, 0x000000, 0x00e7ec, 0x000000, 0x00fadf, 0x000000, 0x00fae0, 0x00fae1,
    0x00b3a9, 0x00b0b2, 0x8ff5fd, 0x8ff5fe, 0x00fae2, 0x000000, 0x00e7eb, 0x00e7ee, 0x00c7ce,
    0x00fae3, 0x00bfc4, 0x000000, 0x00b2d6, 0x8ff6a1, 0x00cba7, 0x8ff6a2, 0x000000, 0x000000,
    0x00fae4, 0x00b7dd, 0x00b6dc, 0x8ff6a3, 0x00e7ed, 0x8ff6a4, 0x00b2ea, 0x00fae5, 0x00fae6,
    0x000000, 0x000000, 0x000000, 0x000000, 0x000000, 0x00b4a3, 0x00fae7, 0x000000, 0x000000,
    0x000000, 0x000000, 0x000000, 0x000000, 0x000000, 0x000000, 0x000000, 0x000000, 0x00b1f1,
    0x00e7f2, 0x00ceea, 0x00c2dd, 0x00fae8, 0x000000, 0x00c9c4, 0x000000, 0x00e7fe, 0x000000,
    0x00b2d7, 0x00e7fc, 0x000000, 0x00e7fa, 0x00e7f1, 0x000000, 0x00e7ef, 0x8ff6a5, 0x00e7f0,
    0x000000, 0x00bce3, 0x00b6ec, 0x00c3f7, 0x8ff6a6, 0x000000, 0x000000, 0x00c6d1, 0x000000,
    0x000000, 0x000000, 0x000000, 0x000000, 0x00b1d1, 0x000000, 0x00e7f4, 0x00e7f3, 0x000000,
    0x000000, 0x8ff6a7, 0x000000, 0x00e7f9, 0x00e7f5, 0x00e7f8, 0x000000, 0x00fae9, 0x00faea,
    0x000000, 0x00faeb, 0x00faec, 0x00ccd0, 0x00e7f7, 0x00b2d8, 0x00b3fd, 0x00e7fb, 0x8ff6a8,
    0x8ff6a9, 0x00e7fd, 0x000000, 0x000000, 0x8ff6aa, 0x000000, 0x00b7d4, 0x000000, 0x000000,
    0x000000, 0x000000, 0x000000, 0x000000, 0x000000, 0x00e8a3, 0x00e8ac, 0x00e8ad, 0x000000,
    0x000000, 0x8ff6ac, 0x00b0ab, 0x8ff6ad, 0x000000, 0x000000, 0x000000, 0x000000, 0x00faee,
    0x00e8b4, 0x000000, 0x000000, 0x000000, 0x000000, 0x00b0f1, 0x000000, 0x000000, 0x00e8ab,
    0x000000, 0x00faef, 0x000000, 0x00e8aa, 0x8ff6ae, 0x00e8a5, 0x00e8a4, 0x000000, 0x00e8a2,
    0x00e8a1, 0x00c3e3, 0x000000, 0x00c2fb, 0x00e8a7, 0x00faf0, 0x000000, 0x8ff6af, 0x000000,
    0x000000, 0x000000, 0x00e8a6, 0x000000, 0x000000, 0x00faf1, 0x8ff6b0, 0x00e8a9, 0x000000,
    0x00faf2, 0x000000, 0x00c1f0, 0x00b7d5, 0x000000, 0x000000, 0x000000, 0x000000, 0x00b1c1,
    0x00e8a8, 0x00faf3, 0x00b9d3, 0x000000, 0x8ff6ab, 0x00faf4, 0x000000, 0x8ff6b1, 0x00c1f1,
    0x000000, 0x000000, 0x000000, 0x000000, 0x000000, 0x000000, 0x000000, 0x000000, 0x000000,
    0x00faed, 0x8faeca, 0x000000, 0x000000, 0x000000, 0x000000, 0x000000, 0x000000, 0x000000,
    0x000000, 0x000000, 0x000000, 0x000000, 0x000000, 0x000000, 0x000000, 0x000000, 0x00e8ba,
    0x000000, 0x00e8bb, 0x000000, 0x00b2d9, 0x000000, 0x000000, 0x000000, 0x00b2ae, 0x00e8b8,
    0x00faf5, 0x000000, 0x8ff6b3, 0x000000, 0x000000, 0x000000, 0x000000, 0x000000, 0x00e8ae,
    0x00faf6, 0x00e8b6, 0x000000, 0x00e8bd, 0x00e8b7, 0x000000, 0x000000, 0x8ff6b6, 0x00e8b5,
    0x000000, 0x000000, 0x000000, 0x00faf7, 0x00e7f6, 0x8ff6b7, 0x8ff6b8, 0x00e8b3, 0x000000,
    0x00faf8, 0x000000, 0x00e8af, 0x8ff6b9, 0x000000, 0x8ff6ba, 0x00b4d0, 0x00e8b1, 0x00e8bc,
    0x000000, 0x00e8b2, 0x000000, 0x000000, 0x000000, 0x000000, 0x00faf9, 0x00e8be, 0x00fafa,
    0x00e8b0, 0x00c7fc, 0x000000, 0x000000, 0x000000, 0x000000, 0x000000, 0x00cde9, 0x000000,
    0x000000, 0x000000, 0x00e8b9, 0x000000, 0x000000, 0x000000, 0x000000, 0x000000, 0x000000,
    0x000000, 0x00e8cf, 0x000000, 0x00fafb, 0x00fafc, 0x00e8c7, 0x000000, 0x000000, 0x000000,
    0x00bffb, 0x000000, 0x00fafd, 0x000000, 0x8ff6bb, 0x00b5c6, 0x000000, 0x00b6dd, 0x000000,
    0x00e8c2, 0x00fafe, 0x8ff6bc, 0x00fba1, 0x000000, 0x00b2db, 0x8ff6bd, 0x000000, 0x00bed4,
    0x000000, 0x00e8c5, 0x000000, 0x000000, 0x000000, 0x00bada, 0x8ff6be, 0x000000, 0x00c5d1,
    0x00e8ca, 0x00fba2, 0x000000, 0x000000, 0x000000, 0x8ff6bf, 0x000000, 0x000000, 0x000000,
    0x00caee, 0x00fba3, 0x00e8c1, 0x000000, 0x000000, 0x000000, 0x00b2da, 0x00b8d6, 0x00c9a9,
    0x00e8cb, 0x000000, 0x00e8bf, 0x000000, 0x000000, 0x00e8c8, 0x000000, 0x8ff6c0, 0x000000,
    0x00e8d2, 0x000000, 0x00e8c3, 0x000000, 0x000000, 0x00fba4, 0x000000, 0x00e8c4, 0x00c6ba,
    0x000000, 0x00fba5, 0x00e8c9, 0x000000, 0x000000, 0x00fba6, 0x00e8c6, 0x00cba8, 0x00e8cc,
    0x00b0e0, 0x8ff6c1, 0x000000, 0x8ff6c2, 0x000000, 0x00e8c0, 0x000000, 0x8ff6c3, 0x000000,
    0x8ff6c5, 0x000000, 0x000000, 0x000000, 0x000000, 0x000000, 0x000000, 0x000000, 0x000000,
    0x00e8ce, 0x000000, 0x00e8cd, 0x000000, 0x000000, 0x000000, 0x000000, 0x000000, 0x000000,
    0x00c7eb, 0x00e8d4, 0x000000, 0x00e8df, 0x000000, 0x000000, 0x000000, 0x000000, 0x00b3fe,
    0x000000, 0x000000, 0x000000, 0x00e8e2, 0x000000, 0x000000, 0x00e8d0, 0x8ff6c6, 0x000000,
    0x000000, 0x00e8d5, 0x00cdee, 0x000000, 0x000000, 0x000000, 0x000000, 0x000000, 0x000000,
    0x00e8de, 0x000000, 0x00fba8, 0x00cdd5, 0x8ff6c7, 0x000000, 0x000000, 0x000000, 0x00ceaa,
    0x8ff6c8, 0x000000, 0x8ff6c9, 0x8ff6ca, 0x000000, 0x000000, 0x000000, 0x000000, 0x00c3f8,
    0x000000, 0x8ff6cb, 0x8ff6cc, 0x00b3eb, 0x8ff6cd, 0x000000, 0x000000, 0x00fba9, 0x000000,
    0x00c9f2, 0x00e8e4, 0x00c6a1, 0x000000, 0x8ff6cf, 0x00b0b1, 0x000000, 0x000000, 0x00e8dd,
    0x000000, 0x00e8d9, 0x00c1f2, 0x00e8d3, 0x00e8db, 0x00e8e0, 0x00fbaa, 0x00c7ac, 0x000000,
    0x00fbab, 0x000000, 0x00b0aa, 0x8ff6d0, 0x00e8d8, 0x8ff6d1, 0x00e8e1, 0x00c9f8, 0x000000,
    0x8ff6d2, 0x000000, 0x000000, 0x000000, 0x8ff6d3, 0x00e8dc, 0x000000, 0x00e8d7, 0x00fbac,
    0x000000, 0x000000, 0x000000, 0x000000, 0x000000, 0x00bed5, 0x000000, 0x000000, 0x000000,
    0x000000, 0x00bdaf, 0x000000, 0x000000, 0x000000, 0x00bcac, 0x000000, 0x000000, 0x8ff6d6,
    0x000000, 0x00ccd8, 0x000000, 0x000000, 0x00c9c7, 0x000000, 0x00fbad, 0x00e8e7, 0x000000,
    0x00e8f0, 0x000000, 0x000000, 0x000000, 0x000000, 0x8ff6d7, 0x000000, 0x000000, 0x000000,
    0x000000, 0x000000, 0x000000, 0x00e8da, 0x000000, 0x00fbae, 0x000000, 0x000000, 0x00b3f7,
    0x000000, 0x00fbaf, 0x000000, 0x000000, 0x000000, 0x00bef8, 0x00e8e5, 0x00fbb0, 0x00e8ea,
    0x00c1f3, 0x000000, 0x8ff6d8, 0x00e8e6, 0x00fbb1, 0x00e8ed, 0x00fbb2, 0x000000, 0x00c3df,
    0x000000, 0x00e8ee, 0x000000, 0x000000, 0x00cdd6, 0x00e8e3, 0x00b3b8, 0x000000, 0x00e8e9,
    0x8ff6da, 0x8ff6db, 0x00e8ec, 0x00ccac, 0x000000, 0x8ff6dc, 0x000000, 0x000000, 0x00e8ef,
    0x000000, 0x000000, 0x00e8e8, 0x00e8eb, 0x000000, 0x8ff6d5, 0x000000, 0x000000, 0x000000,
    0x000000, 0x000000, 0x000000, 0x000000, 0x000000, 0x000000, 0x000000, 0x8ff6de, 0x000000,
    0x000000, 0x8ff6df, 0x000000, 0x00cba9, 0x000000, 0x00cfa1, 0x8ff6e0, 0x8ff6e1, 0x8ff6e2,
    0x000000, 0x000000, 0x00e8f3, 0x000000, 0x000000, 0x000000, 0x000000, 0x000000, 0x8ff6e3,
    0x000000, 0x00e8fa, 0x8ff6e4, 0x000000, 0x00e8f2, 0x00bcc3, 0x000000, 0x000000, 0x000000,
    0x000000, 0x000000, 0x00e8d1, 0x000000, 0x000000, 0x000000, 0x000000, 0x000000, 0x8ff6e5,
    0x000000, 0x000000, 0x000000, 0x000000, 0x00cace, 0x000000, 0x00cca2, 0x00e8f9, 0x00e8f8,
    0x000000, 0x00e8f4, 0x00e8f5, 0x000000, 0x00b1b6, 0x8ff6e6, 0x000000, 0x000000, 0x00fbb5,
    0x00e8f7, 0x000000, 0x00e8f1, 0x000000, 0x00fbb6, 0x8ff6e7, 0x8ff6e8, 0x00c4d5, 0x000000,
    0x000000, 0x000000, 0x000000, 0x8ff6e9, 0x00e8f6, 0x00b0fe, 0x000000, 0x00fbb7, 0x000000,
    0x000000, 0x00fbb4, 0x000000, 0x8ff6ea, 0x00c2a2, 0x000000, 0x000000, 0x000000, 0x000000,
    0x000000, 0x000000, 0x000000, 0x00cac3, 0x8ff6ef, 0x000000, 0x00e8fb, 0x00e9a1, 0x000000,
    0x00c8d9, 0x000000, 0x000000, 0x000000, 0x000000, 0x00e8fe, 0x00bed6, 0x00bcc9, 0x00e9a3,
    0x000000, 0x000000, 0x00b6be, 0x8ff6eb, 0x000000, 0x8ff6f0, 0x000000, 0x8ff6f1, 0x000000,
    0x00e9a4, 0x000000, 0x00c9f9, 0x00e8fd, 0x00fbb8, 0x00e8d6, 0x000000, 0x000000, 0x000000,
    0x8ff6f2, 0x000000, 0x000000, 0x8ff6f3, 0x8ff6f4, 0x00e8fc, 0x00fbb9, 0x000000, 0x000000,
    0x000000, 0x00cfcf, 0x00c6a2, 0x00c9f3, 0x000000, 0x000000, 0x00e9ab, 0x000000, 0x8ff6ec,
    0x000000, 0x000000, 0x000000, 0x000000, 0x000000, 0x000000, 0x000000, 0x00e9b1, 0x000000,
    0x000000, 0x00fbbc, 0x8ff6f6, 0x000000, 0x8ff6f7, 0x00e9b2, 0x8ff6f8, 0x00e9a5, 0x8ff6f9,
    0x000000, 0x000000, 0x00c7f6, 0x000000, 0x8ff6fa, 0x00e9af, 0x00e9a7, 0x000000, 0x00e9a9,
    0x000000, 0x00fbbd, 0x000000, 0x000000, 0x00fbbe, 0x00e9b3, 0x00e9a8, 0x000000, 0x8ff6fb,
    0x00e9ac, 0x000000, 0x000000, 0x00b1f2, 0x000000, 0x00c6e5, 0x000000, 0x00e9ad, 0x00e9b0,
    0x8ff6fc, 0x000000, 0x8ff6fd, 0x000000, 0x000000, 0x00fbbf, 0x000000, 0x00e9a6, 0x000000,
    0x00c1a6, 0x000000, 0x00e9aa, 0x00bba7, 0x00bfc5, 0x00b7b0, 0x00ccf4, 0x00fbbb, 0x00ccf9,
    0x00bdf2, 0x00fbc0, 0x000000, 0x000000, 0x000000, 0x000000, 0x000000, 0x000000, 0x8ff7a3,
    0x000000, 0x00e9b7, 0x00e9b5, 0x000000, 0x8ff7a4, 0x000000, 0x000000, 0x000000, 0x00cfce,
    0x000000, 0x000000, 0x000000, 0x000000, 0x000000, 0x8ff7a5, 0x000000, 0x00e9b4, 0x8ff7a6,
    0x00fbc1, 0x000000, 0x00cdf5, 0x00fbc2, 0x00e9b6, 0x00e9b8, 0x000000, 0x000000, 0x000000,
    0x000000, 0x00e9b9, 0x000000, 0x000000, 0x8ff7a7, 0x8ff7a8, 0x000000, 0x000000, 0x00e9bc,
    0x00e9ba, 0x000000, 0x8ff7a9, 0x000000, 0x8ff7aa, 0x000000, 0x000000, 0x00c6a3, 0x00e9bb,
    0x8ff7ab, 0x000000, 0x000000, 0x00c8cd, 0x00e9ae, 0x000000, 0x000000, 0x00fbc3, 0x000000,
    0x000000, 0x000000, 0x000000, 0x000000, 0x000000, 0x000000, 0x000000, 0x8ff7ac, 0x00bdf3,
    0x000000, 0x00e9bd, 0x00e9c2, 0x00c1f4, 0x000000, 0x000000, 0x00e9c1, 0x00fbc5, 0x8ff7ad,
    0x000000, 0x00e9a2, 0x000000, 0x00fbc6, 0x00fbc7, 0x00e9c3, 0x00c1c9, 0x000000, 0x000000,
    0x00e9be, 0x00e9c0, 0x000000, 0x000000, 0x000000, 0x000000, 0x00fbc8, 0x8ff7ae, 0x00fbc4,
    0x00e9bf, 0x000000, 0x000000, 0x00ddb1, 0x00dda2, 0x00fbca, 0x000000, 0x00e9c5, 0x000000,
    0x000000, 0x000000, 0x8ff7af, 0x000000, 0x000000, 0x8ff7b0, 0x00e9c4, 0x000000, 0x8ff7b1,
    0x000000, 0x000000, 0x8ff7b2, 0x000000, 0x00fbcb, 0x000000, 0x000000, 0x000000, 0x00cdf6,
    0x000000, 0x00e2bc, 0x00e9c6, 0x000000, 0x000000, 0x000000, 0x000000, 0x000000, 0x000000,
    0x000000, 0x00fbcc, 0x8ff7b4, 0x000000, 0x000000, 0x8ff7b5, 0x000000, 0x000000, 0x00e9c7,
    0x8ff7b7, 0x00afe8, 0x000000, 0x000000, 0x000000, 0x000000, 0x000000, 0x000000, 0x000000,
    0x000000, 0x000000, 0x000000, 0x000000, 0x00e9c8, 0x00b8d7, 0x000000, 0x00b5d4, 0x000000,
    0x000000, 0x8ff7b9, 0x00e9ca, 0x00d1dd, 0x8ff7ba, 0x00fbcd, 0x000000, 0x000000, 0x00b5f5,
    0x00fbce, 0x00ceba, 0x000000, 0x00b6f3, 0x00e9cb, 0x000000, 0x000000, 0x00fbd0, 0x000000,
    0x000000, 0x000000, 0x000000, 0x00e9cc, 0x000000, 0x000000, 0x000000, 0x00c3ee, 0x00fbd2,
    0x000000, 0x000000, 0x8ff7bb, 0x000000, 0x00e9cd, 0x000000, 0x000000, 0x000000, 0x00fbd3,
    0x000000, 0x8ff7bc, 0x000000, 0x00c6fa, 0x8ff7bd, 0x00b0ba, 0x000000, 0x000000, 0x000000,
    0x000000, 0x000000, 0x000000, 0x000000, 0x8ff7be, 0x000000, 0x8ff7bf, 0x00b2e3, 0x00e9d2,
    0x00e9d3, 0x8ff7c0, 0x000000, 0x000000, 0x000000, 0x8ff7c1, 0x000000, 0x00e9ce, 0x000000,
    0x00bbbd, 0x000000, 0x000000, 0x00fbd4, 0x000000, 0x000000, 0x000000, 0x8ff7c2, 0x8ff7c3,
    0x000000, 0x000000, 0x000000, 0x000000, 0x000000, 0x00e9cf, 0x00c7c2, 0x000000, 0x000000,
    0x000000, 0x8ff7c4, 0x00e9d0, 0x00e9d1, 0x00e9db, 0x000000, 0x000000, 0x000000, 0x00e9d5,
    0x00e9d8, 0x8ff7c6, 0x000000, 0x8ff7c7, 0x000000, 0x000000, 0x00e9d4, 0x000000, 0x00fbd5,
    0x000000, 0x000000, 0x000000, 0x000000, 0x000000, 0x000000, 0x000000, 0x8ff7c8, 0x000000,
    0x8ff7c9, 0x00e9d6, 0x000000, 0x00e9d7, 0x00bcd8, 0x000000, 0x00e9d9, 0x000000, 0x00c3c1,
    0x000000, 0x00b7d6, 0x00b3c2, 0x000000, 0x000000, 0x8ff7ca, 0x000000, 0x000000, 0x00e9dc,
    0x8ff7cb, 0x000000, 0x8ff7cc, 0x000000, 0x00b3bf, 0x000000, 0x00e9e1, 0x000000, 0x000000,
    0x00e9dd, 0x00e9e0, 0x000000, 0x000000, 0x000000, 0x8ff7cd, 0x00c8ba, 0x000000, 0x8ff7ce,
    0x000000, 0x000000, 0x00e9de, 0x000000, 0x000000, 0x00e9df, 0x00c9c8, 0x00c8da, 0x00e9e2,
    0x000000, 0x000000, 0x000000, 0x000000, 0x000000, 0x000000, 0x000000, 0x000000, 0x00c2fd,
    0x00e9ec, 0x00fbd6, 0x00e9e8, 0x00fbd7, 0x00fbd8, 0x00b2eb, 0x000000, 0x00e9e6, 0x000000,
    0x00cbaa, 0x00e9e7, 0x000000, 0x8ff7d0, 0x00e9e4, 0x8ff7d1, 0x00e9e5, 0x00e9ea, 0x00e9ed,
    0x00fbd9, 0x000000, 0x00e9eb, 0x8ff7d2, 0x000000, 0x8ff7d3, 0x00e9e9, 0x00e9e3, 0x8ff7d4,
    0x000000, 0x000000, 0x000000, 0x000000, 0x00c3d8, 0x8ff7d5, 0x00e9f4, 0x000000, 0x00ccaa,
    0x000000, 0x000000, 0x8ff7d6, 0x000000, 0x8ff7d7, 0x000000, 0x8ff7d8, 0x000000, 0x00e9f2,
    0x000000, 0x000000, 0x000000, 0x00e9f3, 0x000000, 0x000000, 0x000000, 0x000000, 0x000000,
    0x000000, 0x000000, 0x8ff7d9, 0x000000, 0x000000, 0x00e9ee, 0x000000, 0x000000, 0x00e9f0,
    0x000000, 0x000000, 0x8ff7da, 0x00e9f1, 0x000000, 0x000000, 0x8ff7db, 0x00e9ef, 0x8ff7dc,
    0x000000, 0x000000, 0x8ff7dd, 0x000000, 0x000000, 0x000000, 0x000000, 0x000000, 0x00c0e6,
    0x000000, 0x00cfb9, 0x00e9f8, 0x000000, 0x00e9f9, 0x000000, 0x000000, 0x8ff7de, 0x000000,
    0x00eaa1, 0x000000, 0x00bfaa, 0x000000, 0x00e9fb, 0x8ff7df, 0x00e9fe, 0x000000, 0x000000,
    0x000000, 0x000000, 0x000000, 0x00e9f6, 0x00e9f5, 0x000000, 0x000000, 0x00eaa2, 0x8ff7e0,
    0x8ff7e1, 0x00b2dc, 0x000000, 0x00e9fc, 0x000000, 0x00eaa3, 0x000000, 0x000000, 0x000000,
    0x00e9fd, 0x000000, 0x000000, 0x00fbda, 0x8ff7e2, 0x000000, 0x00e9fa, 0x000000, 0x00c4b3,
    0x000000, 0x00e9f7, 0x000000, 0x000000, 0x000000, 0x8ff7e3, 0x000000, 0x000000, 0x00c7e8,
    0x000000, 0x000000, 0x00eaa7, 0x000000, 0x000000, 0x000000, 0x000000, 0x00fbdb, 0x00fbdc,
    0x8ff7e7, 0x000000, 0x8ff7e8, 0x000000, 0x00cdbb, 0x000000, 0x000000, 0x000000, 0x000000,
    0x000000, 0x8ff7e9, 0x000000, 0x000000, 0x000000, 0x000000, 0x000000, 0x000000, 0x000000,
    0x000000, 0x000000, 0x000000, 0x000000, 0x00eaa6, 0x8ff7ea, 0x000000, 0x00eaa5, 0x000000,
    0x000000, 0x000000, 0x000000, 0x8ff7e6, 0x000000, 0x000000, 0x000000, 0x00eaae, 0x00fbdd,
    0x00fbde, 0x000000, 0x00eaa8, 0x000000, 0x000000, 0x000000, 0x00eab0, 0x000000, 0x00fbdf,
    0x000000, 0x000000, 0x000000, 0x000000, 0x00cde6, 0x00eab3, 0x000000, 0x00eaaa, 0x8ff7ed,
    0x000000, 0x00eaab, 0x8ff7ef, 0x000000, 0x000000, 0x00eaaf, 0x000000, 0x00eab2, 0x00eab1,
    0x000000, 0x000000, 0x000000, 0x00eaa9, 0x000000, 0x000000, 0x8ff7f0, 0x000000, 0x00eaac,
    0x000000, 0x00eabd, 0x000000, 0x000000, 0x000000, 0x00fbe1, 0x000000, 0x000000, 0x000000,
    0x000000, 0x000000, 0x000000, 0x000000, 0x000000, 0x8ff7f2, 0x00eab6, 0x000000, 0x000000,
    0x8ff7f4, 0x000000, 0x8ff7f5, 0x8ff7f6, 0x000000, 0x000000, 0x000000, 0x8ff7f7, 0x8ff7f8,
    0x00fbe2, 0x8ff7f9, 0x000000, 0x00eab4, 0x000000, 0x000000, 0x00eab5, 0x000000, 0x000000,
    0x8ff7f1, 0x00eaba, 0x00eabb, 0x000000, 0x00b3aa, 0x000000, 0x00b5c2, 0x000000, 0x000000,
    0x00eab9, 0x000000, 0x8ff7fa, 0x000000, 0x8ff7fb, 0x000000, 0x00eaa4, 0x00fbe3, 0x000000,
    0x000000, 0x000000, 0x00fbe4, 0x8ff7fc, 0x000000, 0x00eab8, 0x00eabc, 0x00eab7, 0x00fbe5,
    0x00eabe, 0x000000, 0x8ff7fd, 0x00fbe6, 0x00eac0, 0x00eabf, 0x000000, 0x000000, 0x000000,
    0x000000, 0x000000, 0x000000, 0x000000, 0x000000, 0x00fbe7, 0x000000, 0x00eac2, 0x00eac1,
    0x00e9da, 0x000000, 0x000000, 0x000000, 0x00eac6, 0x8ff7fe, 0x000000, 0x000000, 0x000000,
    0x000000, 0x000000, 0x8ff8a1, 0x000000, 0x000000, 0x00eac3, 0x8ff8a2, 0x000000, 0x000000,
    0x000000, 0x00eac4, 0x000000, 0x000000, 0x00eac5, 0x000000, 0x00eac7, 0x8ff8a3, 0x000000,
    0x000000, 0x000000, 0x00b7ec, 0x000000, 0x00eac9, 0x000000, 0x00eac8, 0x000000, 0x00bdb0,
    0x000000, 0x000000, 0x000000, 0x8ff8a5, 0x000000, 0x00b9d4, 0x00dea7, 0x000000, 0x000000,
    0x000000, 0x000000, 0x00eaca, 0x00bdd1, 0x000000, 0x000000, 0x000000, 0x00b3b9, 0x8ff8a6,
    0x00eacb, 0x000000, 0x00b1d2, 0x000000, 0x00bed7, 0x00eacc, 0x8ff8a7, 0x000000, 0x00b9d5,
    0x00eacd, 0x00b0e1, 0x8ff8a8, 0x000000, 0x000000, 0x000000, 0x00c9bd, 0x8ff8ab, 0x000000,
    0x00eace, 0x000000, 0x000000, 0x000000, 0x8ff8ad, 0x00bfea, 0x000000, 0x00ead5, 0x000000,
    0x000000, 0x00ead2, 0x000000, 0x00c3ef, 0x000000, 0x000000, 0x000000, 0x000000, 0x000000,
    0x00ead3, 0x00ead0, 0x00b6de, 0x000000, 0x00eacf, 0x00ead6, 0x000000, 0x000000, 0x000000,
    0x000000, 0x000000, 0x00b7b6, 0x000000, 0x000000, 0x00c2de, 0x000000, 0x00eadc, 0x000000,
    0x000000, 0x000000, 0x000000, 0x00ead8, 0x000000, 0x000000, 0x000000, 0x00c2b5, 0x00ead7,
    0x00fbe8, 0x00eada, 0x000000, 0x000000, 0x000000, 0x000000, 0x00ead1, 0x000000, 0x8ff8ae,
    0x000000, 0x00eadb, 0x000000, 0x00eadd, 0x000000, 0x000000, 0x000000, 0x000000, 0x000000,
    0x00fbe9, 0x00c8ef, 0x000000, 0x000000, 0x00ead9, 0x000000, 0x00eade, 0x00eae0, 0x000000,
    0x000000, 0x00b8d3, 0x00ead4, 0x000000, 0x00b0c1, 0x000000, 0x000000, 0x000000, 0x000000,
    0x8ff8af, 0x8ff8b0, 0x8ff8b1, 0x00eadf, 0x8ff8b2, 0x00badb, 0x00cef6, 0x00eae1, 0x00eae2,
    0x00c1f5, 0x000000, 0x000000, 0x000000, 0x000000, 0x00fbea, 0x000000, 0x000000, 0x000000,
    0x00fbeb, 0x00cea2, 0x000000, 0x8ff8b5, 0x8ff8b3, 0x8ff8b6, 0x00eae3, 0x00cdb5, 0x000000,
    0x000000, 0x00eae4, 0x00eae5, 0x000000, 0x8ff8b7, 0x00cae4, 0x00eae6, 0x000000, 0x00bac0,
    0x000000, 0x00cea3, 0x000000, 0x000000, 0x000000, 0x000000, 0x000000, 0x000000, 0x00eaeb,
    0x000000, 0x000000, 0x000000, 0x000000, 0x000000, 0x000000, 0x000000, 0x8ff8b8, 0x8ff8b9,
    0x00eaec, 0x00bed8, 0x00eaea, 0x00fbed, 0x000000, 0x000000, 0x00cde7, 0x00eae7, 0x000000,
    0x000000, 0x00eae9, 0x00c0bd, 0x00bffe, 0x000000, 0x8ff8bb, 0x00eae8, 0x000000, 0x00eaed,
    0x000000, 0x000000, 0x00caa3, 0x000000, 0x000000, 0x00eaef, 0x000000, 0x00eaee, 0x000000,
    0x000000, 0x000000, 0x00b3ec, 0x000000, 0x00cbab, 0x00eaf0, 0x000000, 0x000000, 0x000000,
    0x000000, 0x00fbf0, 0x00fbf1, 0x00fbf2, 0x000000, 0x00fbee, 0x00eafc, 0x00eaf2, 0x000000,
    0x000000, 0x000000, 0x000000, 0x000000, 0x000000, 0x00eaf3, 0x000000, 0x00fbf3, 0x000000,
    0x000000, 0x00eaf4, 0x00eaf5, 0x000000, 0x000000, 0x000000, 0x000000, 0x00fbf4, 0x000000,
    0x00fbf5, 0x000000, 0x000000, 0x000000, 0x00eaf9, 0x8ff8bd, 0x00eafa, 0x00fbf6, 0x000000,
    0x00eaf8, 0x000000, 0x000000, 0x000000, 0x000000, 0x00fbf7, 0x00eaf6, 0x8ff8bf, 0x00eaf1,
    0x00eaf7, 0x8ff8c0, 0x000000, 0x000000, 0x000000, 0x8ff8c1, 0x000000, 0x000000, 0x00eafb,
    0x00f0b7, 0x000000, 0x000000, 0x000000, 0x000000, 0x000000, 0x000000, 0x000000, 0x000000,
    0x00b2a8, 0x000000, 0x000000, 0x000000, 0x000000, 0x000000, 0x000000, 0x000000, 0x00eafe,
    0x00b6df, 0x00eafd, 0x000000, 0x8ff8c4, 0x000000, 0x00eba2, 0x000000, 0x00eba1, 0x000000,
    0x000000, 0x000000, 0x00eba4, 0x000000, 0x000000, 0x00eba3, 0x000000, 0x00eba5, 0x000000,
    0x000000, 0x00bdb1, 0x000000, 0x00eba6, 0x000000, 0x000000, 0x00eba7, 0x000000, 0x000000,
    0x000000, 0x000000, 0x000000, 0x000000, 0x00eba8, 0x00c0be, 0x8ff8c5, 0x00cdd7, 0x000000,
    0x00eba9, 0x000000, 0x000000, 0x00caa4, 0x00c7c6, 0x00ebaa, 0x8ff8c6, 0x00ebab, 0x00b8ab,
    0x000000, 0x000000, 0x000000, 0x00b5ac, 0x8ff8c7, 0x000000, 0x000000, 0x00ebac, 0x00fbf8,
    0x000000, 0x00bbeb, 0x00c7c1, 0x00ebad, 0x000000, 0x00b3d0, 0x000000, 0x000000, 0x000000,
    0x000000, 0x8ff8c8, 0x000000, 0x00ebae, 0x000000, 0x000000, 0x000000, 0x000000, 0x00ebb0,
    0x00cdf7, 0x000000, 0x00ebaf, 0x00bfc6, 0x000000, 0x00ebb1, 0x000000, 0x000000, 0x00ebb2,
    0x8ff8c9, 0x000000, 0x00ebb3, 0x00b4d1, 0x000000, 0x000000, 0x000000, 0x8ff8ca, 0x000000,
    0x000000, 0x00ebb4, 0x000000, 0x000000, 0x00ebb5, 0x000000, 0x00ebb6, 0x00ebb7, 0x000000,
    0x000000, 0x000000, 0x000000, 0x000000, 0x000000, 0x000000, 0x000000, 0x000000, 0x000000,
    0x000000, 0x000000, 0x000000, 0x000000, 0x000000, 0x000000, 0x000000, 0x00b3d1, 0x000000,
    0x00fbfa, 0x000000, 0x8ff8cb, 0x000000, 0x8ff8cc, 0x000000, 0x00ebb8, 0x000000, 0x00ebb9,
    0x00ebba, 0x000000, 0x000000, 0x000000, 0x000000, 0x000000, 0x00b2f2, 0x000000, 0x00fbfb,
    0x00bfa8, 0x00ebbb, 0x000000, 0x000000, 0x000000, 0x8ff8cd, 0x000000, 0x000000, 0x000000,
    0x000000, 0x000000, 0x8ff8cf, 0x000000, 0x8ff8d0, 0x00ebbc, 0x000000, 0x00fbfc, 0x000000,
    0x00ebbd, 0x000000, 0x000000, 0x000000, 0x000000, 0x8ff8d1, 0x000000, 0x8ff8d2, 0x00b8c0,
    0x000000, 0x00c4fb, 0x00ebbe, 0x000000, 0x000000, 0x000000, 0x000000, 0x00b7d7, 0x000000,
    0x00bfd6, 0x000000, 0x00ebc1, 0x000000, 0x00c6a4, 0x000000, 0x00ebc0, 0x8ff8d4, 0x00fbfd,
    0x00b7b1, 0x8ff8d5, 0x00fbfe, 0x00ebbf, 0x00c2f7, 0x00b5ad, 0x000000, 0x000000, 0x00ebc2,
    0x000000, 0x00ebc3, 0x000000, 0x00bed9, 0x000000, 0x8ff8d7, 0x00fca1, 0x00b7ed, 0x000000,
    0x00ebc4, 0x000000, 0x000000, 0x000000, 0x000000, 0x00cbac, 0x000000, 0x000000, 0x00c0df,
    0x000000, 0x000000, 0x000000, 0x00b5f6, 0x000000, 0x00ccf5, 0x00c1ca, 0x8ff8d8, 0x00ebc5,
    0x00fca2, 0x000000, 0x000000, 0x00bfc7, 0x00c3f0, 0x00beda, 0x000000, 0x8ff8d9, 0x000000,
    0x00ebc6, 0x000000, 0x000000, 0x000000, 0x8ff8da, 0x00ebc9, 0x00fca3, 0x00ebca, 0x000000,
    0x000000, 0x000000, 0x000000, 0x8ff8db, 0x00fca4, 0x000000, 0x00babe, 0x00c2c2, 0x00ebc8,
    0x000000, 0x00bedb, 0x00c9be, 0x000000, 0x000000, 0x8ff8dc, 0x000000, 0x000000, 0x00ebc7,
    0x000000, 0x00fca5, 0x00bbec, 0x000000, 0x00b1d3, 0x00fca6, 0x00ebce, 0x00b7d8, 0x000000,
    0x000000, 0x00bbee, 0x000000, 0x000000, 0x00bbed, 0x000000, 0x00cfcd, 0x00ebcd, 0x00ebcc,
    0x00c1a7, 0x000000, 0x00b5cd, 0x00cfc3, 0x00b3ba, 0x00bedc, 0x000000, 0x00fca7, 0x000000,
    0x000000, 0x000000, 0x00fca8, 0x000000, 0x000000, 0x00ebcb, 0x000000, 0x000000, 0x000000,
    0x00ebd0, 0x000000, 0x00ebd1, 0x00ebcf, 0x000000, 0x00b8d8, 0x000000, 0x00cdc0, 0x000000,
    0x000000, 0x00bbef, 0x00c7a7, 0x000000, 0x000000, 0x8ff8de, 0x00ebd4, 0x000000, 0x00c0c0,
    0x000000, 0x00c3c2, 0x000000, 0x000000, 0x00cdb6, 0x000000, 0x00ebd7, 0x000000, 0x000000,
    0x000000, 0x00b8ec, 0x000000, 0x00c0bf, 0x00ebd3, 0x000000, 0x00ebd8, 0x00b8ed, 0x00ebd5,
    0x00ebd6, 0x00fca9, 0x00ebd2, 0x000000, 0x000000, 0x000000, 0x00c0e2, 0x00c6c9, 0x8ff8dd,
    0x000000, 0x00c3af, 0x000000, 0x00b2dd, 0x000000, 0x000000, 0x000000, 0x000000, 0x8ff8df,
    0x000000, 0x00c8f0, 0x000000, 0x000000, 0x00b5c3, 0x000000, 0x8ff8e0, 0x00c4b4, 0x000000,
    0x000000, 0x00ebdb, 0x000000, 0x00ebd9, 0x000000, 0x000000, 0x00c3cc, 0x000000, 0x000000,
    0x000000, 0x00c0c1, 0x00b4d2, 0x00ebda, 0x000000, 0x00bfdb, 0x00fcaa, 0x000000, 0x00ceca,
    0x000000, 0x000000, 0x000000, 0x00cfc0, 0x8ff8e1, 0x000000, 0x000000, 0x00ebdc, 0x00ebe7,
    0x00c4b5, 0x000000, 0x00ebe6, 0x00fcab, 0x00ebe3, 0x00ebeb, 0x00ebe4, 0x000000, 0x00ebe0,
    0x000000, 0x00c4fc, 0x00ebdf, 0x000000, 0x000000, 0x000000, 0x00ebdd, 0x000000, 0x00cda1,
    0x00bbf0, 0x000000, 0x000000, 0x00ebe1, 0x000000, 0x00ebde, 0x00fcac, 0x000000, 0x00fcad,
    0x00ebe5, 0x00bdf4, 0x000000, 0x00b8c1, 0x000000, 0x8ff8e2, 0x000000, 0x00c2fa, 0x000000,
    0x00cbc5, 0x00b1da, 0x00b0e2, 0x000000, 0x00c6a5, 0x8ff8e5, 0x000000, 0x00ebe9, 0x000000,
    0x000000, 0x8ff8e4, 0x000000, 0x00ebe8, 0x8ff8e6, 0x00c6e6, 0x000000, 0x00ebed, 0x000000,
    0x000000, 0x000000, 0x00ebe2, 0x000000, 0x00ebec, 0x00ebee, 0x000000, 0x00b8ac, 0x00ebea,
    0x00b9d6, 0x8ff8e7, 0x00bcd5, 0x000000, 0x8ff8e8, 0x00ebef, 0x00cdd8, 0x000000, 0x000000,
    0x000000, 0x000000, 0x00ebf2, 0x000000, 0x00ebf5, 0x000000, 0x000000, 0x00ebf3, 0x00c9b5,
    0x8ff8e9, 0x000000, 0x000000, 0x000000, 0x000000, 0x000000, 0x00ebf0, 0x000000, 0x000000,
    0x000000, 0x000000, 0x000000, 0x00b6e0, 0x000000, 0x000000, 0x000000, 0x000000, 0x00ebf4,
    0x000000, 0x00ebf6, 0x000000, 0x8ff8ea, 0x000000, 0x000000, 0x00fcb1, 0x000000, 0x000000,
    0x00ebfa, 0x000000, 0x000000, 0x00ebf7, 0x000000, 0x00ebf9, 0x00ebf8, 0x000000, 0x8ff8ec,
    0x000000, 0x000000, 0x00fcb2, 0x000000, 0x00ebfb, 0x000000, 0x00bcb1, 0x00fcb3, 0x00ebfd,
    0x00ebfc, 0x00c9e8, 0x000000, 0x8ff8ed, 0x00eca1, 0x000000, 0x000000, 0x000000, 0x000000,
    0x000000, 0x000000, 0x00b7d9, 0x000000, 0x000000, 0x00fcb4, 0x000000, 0x00ebfe, 0x00eca2,
    0x000000, 0x000000, 0x00eca3, 0x00b5c4, 0x00e6c1, 0x00bef9, 0x000000, 0x00eca4, 0x000000,
    0x8ff8ee, 0x00b8ee, 0x000000, 0x000000, 0x000000, 0x000000, 0x000000, 0x00eca5, 0x000000,
    0x8ff8ef, 0x00eca6, 0x8ff8f0, 0x000000, 0x00bbbe, 0x000000, 0x000000, 0x000000, 0x000000,
    0x000000, 0x000000, 0x00dace, 0x8ff8f1, 0x00eca7, 0x000000, 0x00eca8, 0x000000, 0x00bdb2,
    0x000000, 0x00eca9, 0x00ecaa, 0x8ff8f2, 0x8ff8f3, 0x00ecab, 0x000000, 0x000000, 0x00ecac,
    0x00ecad, 0x000000, 0x8ff8f4, 0x00fcb5, 0x8ff8f5, 0x000000, 0x000000, 0x000000, 0x000000,
    0x000000, 0x000000, 0x000000, 0x000000, 0x000000, 0x000000, 0x000000, 0x000000, 0x000000,
    0x000000, 0x000000, 0x000000, 0x000000, 0x000000, 0x000000, 0x000000, 0x000000, 0x000000,
    0x000000, 0x000000, 0x000000, 0x000000, 0x000000, 0x000000, 0x000000, 0x000000, 0x000000,
    0x000000, 0x000000, 0x000000, 0x000000, 0x000000, 0x000000, 0x000000, 0x000000, 0x000000,
    0x000000, 0x000000, 0x000000, 0x000000, 0x000000, 0x000000, 0x000000, 0x000000, 0x000000,
    0x000000, 0x000000, 0x000000, 0x000000, 0x000000, 0x000000, 0x00c3ab, 0x000000, 0x8ff8f6,
    0x00ecae, 0x000000, 0x000000, 0x8ff8f8, 0x000000, 0x00ecb0, 0x000000, 0x00ecaf, 0x000000,
    0x000000, 0x000000, 0x8ff8fb, 0x00c6a6, 0x8ff8fc, 0x00ecb1, 0x00fcb6, 0x00cbad, 0x000000,
    0x00ecb2, 0x000000, 0x00ecb3, 0x8ff8fd, 0x00ecb4, 0x000000, 0x000000, 0x000000, 0x8ff8fe,
    0x00ecb5, 0x000000, 0x8ff9a1, 0x000000, 0x000000, 0x00c6da, 0x000000, 0x000000, 0x000000,
    0x000000, 0x000000, 0x000000, 0x00bedd, 0x00ecb6, 0x000000, 0x000000, 0x000000, 0x000000,
    0x000000, 0x00fcb7, 0x8ff9a2, 0x00b9eb, 0x00d0ae, 0x00ecb7, 0x8ff9a3, 0x000000, 0x000000,
    0x000000, 0x000000, 0x000000, 0x8ff9a4, 0x000000, 0x000000, 0x000000, 0x000000, 0x00ecb8,
    0x00c9bf, 0x00ecb9, 0x000000, 0x00ecc1, 0x000000, 0x000000, 0x000000, 0x00ecba, 0x000000,
    0x000000, 0x00ecbc, 0x000000, 0x000000, 0x000000, 0x00ecbb, 0x00ecbd, 0x000000, 0x00cbc6,
    0x00ecbe, 0x00ecbf, 0x000000, 0x000000, 0x000000, 0x8ff9a7, 0x8ff9a6, 0x00ecc0, 0x000000,
    0x000000, 0x000000, 0x00ecc2, 0x8ff9a8, 0x000000, 0x8ff9aa, 0x000000, 0x00b3ad, 0x00c4e7,
    0x000000, 0x00c9e9, 0x00bae2, 0x00b9d7, 0x000000, 0x8ff9ab, 0x000000, 0x000000, 0x00c9cf,
    0x00b2df, 0x00c8ce, 0x00ecc5, 0x00b4d3, 0x00c0d5, 0x00ecc4, 0x00ecc9, 0x00c3f9, 0x00cce3,
    0x000000, 0x00ecc7, 0x00ecc8, 0x00b5ae, 0x000000, 0x00ecca, 0x00c7e3, 0x00c2df, 0x000000,
    0x000000, 0x00c8f1, 0x00c5bd, 0x00ecc6, 0x000000, 0x00cbc7, 0x00b2ec, 0x00eccc, 0x00cfa8,
    0x00c4c2, 0x00cfc5, 0x000000, 0x000000, 0x00bbf1, 0x00eccb, 0x000000, 0x00c2b1, 0x000000,
    0x000000, 0x00ecdc, 0x00c1a8, 0x000000, 0x000000, 0x00c6f8, 0x000000, 0x00c9d0, 0x000000,
    0x8ff9ad, 0x8ff9ac, 0x000000, 0x000000, 0x8ff9ae, 0x00eccf, 0x00bbbf, 0x00bbf2, 0x000000,
    0x00bede, 0x000000, 0x00c7e5, 0x00fcb9, 0x00b8ad, 0x00ecce, 0x00eccd, 0x000000, 0x00c9ea,
    0x000000, 0x000000, 0x000000, 0x00bcc1, 0x000000, 0x000000, 0x00c5d2, 0x000000, 0x000000,
    0x8ff9b0, 0x8ff9b1, 0x000000, 0x000000, 0x00fcba, 0x000000, 0x000000, 0x000000, 0x00fcbb,
    0x000000, 0x00ecd1, 0x00ecd2, 0x00b9d8, 0x00ecd0, 0x00fcbc, 0x000000, 0x000000, 0x000000,
    0x000000, 0x00ecd3, 0x00ecd4, 0x000000, 0x00ecd6, 0x00c2a3, 0x8ff9b3, 0x00ecd5, 0x00b4e6,
    0x000000, 0x00ecd8, 0x8ff9b4, 0x00ecd7, 0x00ecd9, 0x000000, 0x00fcbe, 0x00ecdb, 0x00ecdd,
    0x000000, 0x00ecde, 0x000000, 0x000000, 0x000000, 0x000000, 0x00fcbf, 0x000000, 0x000000,
    0x000000, 0x000000, 0x000000, 0x000000, 0x000000, 0x000000, 0x000000, 0x000000, 0x000000,
    0x000000, 0x000000, 0x000000, 0x000000, 0x000000, 0x000000, 0x000000, 0x000000, 0x000000,
    0x000000, 0x000000, 0x000000, 0x000000, 0x000000, 0x000000, 0x000000, 0x000000, 0x000000,
    0x000000, 0x000000, 0x000000, 0x000000, 0x000000, 0x000000, 0x000000, 0x00c0d6, 0x000000,
    0x00bccf, 0x00ecdf, 0x000000, 0x000000, 0x000000, 0x00b3d2, 0x8ff9b5, 0x00ece0, 0x000000,
    0x000000, 0x00c1f6, 0x00ece1, 0x000000, 0x00ece2, 0x00c9eb, 0x000000, 0x000000, 0x00b5af,
    0x000000, 0x000000, 0x000000, 0x000000, 0x000000, 0x000000, 0x000000, 0x000000, 0x00ece3,
    0x000000, 0x000000, 0x8ff9b6, 0x00c4b6, 0x000000, 0x000000, 0x000000, 0x000000, 0x00b1db,
    0x000000, 0x000000, 0x000000, 0x000000, 0x000000, 0x000000, 0x000000, 0x000000, 0x000000,
    0x000000, 0x8ff9b7, 0x000000, 0x000000, 0x000000, 0x00ece4, 0x000000, 0x000000, 0x000000,
    0x000000, 0x000000, 0x000000, 0x000000, 0x000000, 0x000000, 0x00bcf1, 0x000000, 0x000000,
    0x8ff9b8, 0x000000, 0x00bff6, 0x000000, 0x000000, 0x000000, 0x000000, 0x000000, 0x000000,
    0x00fcc0, 0x000000, 0x000000, 0x000000, 0x00c2ad, 0x000000, 0x000000, 0x000000, 0x000000,
    0x000000, 0x000000, 0x00ece7, 0x000000, 0x000000, 0x000000, 0x00ece6, 0x000000, 0x000000,
    0x00ece5, 0x000000, 0x000000, 0x000000, 0x8ff9ba, 0x000000, 0x8ff9bb, 0x000000, 0x000000,
    0x00eced, 0x00eceb, 0x000000, 0x00fcc1, 0x00ece8, 0x000000, 0x00fcc2, 0x000000, 0x000000,
    0x000000, 0x000000, 0x00ecea, 0x00fcc3, 0x000000, 0x8ff9bc, 0x00ece9, 0x00ecec, 0x000000,
    0x00b5f7, 0x000000, 0x00ecf0, 0x000000, 0x00c0d7, 0x000000, 0x00ecf1, 0x000000, 0x000000,
    0x000000, 0x000000, 0x00b8d9, 0x000000, 0x00ecee, 0x00ecef, 0x8ff9bd, 0x000000, 0x000000,
    0x00cfa9, 0x000000, 0x000000, 0x000000, 0x00c4b7, 0x000000, 0x00c1a9, 0x000000, 0x000000,
    0x000000, 0x000000, 0x000000, 0x000000, 0x00ecf2, 0x8ff9c0, 0x000000, 0x00ecf5, 0x000000,
    0x000000, 0x000000, 0x000000, 0x000000, 0x000000, 0x8ff9c1, 0x000000, 0x00ecf3, 0x00ecf4,
    0x00cdd9, 0x000000, 0x8ff9be, 0x000000, 0x000000, 0x00c6a7, 0x00ecf8, 0x000000, 0x000000,
    0x000000, 0x8ff9c3, 0x000000, 0x8ff9c4, 0x000000, 0x000000, 0x000000, 0x000000, 0x000000,
    0x000000, 0x00ecf6, 0x00ecf7, 0x00ecf9, 0x00fcc4, 0x8ff9c5, 0x8ff9c6, 0x00fcc5, 0x000000,
    0x000000, 0x000000, 0x8ff9c7, 0x000000, 0x000000, 0x00eda9, 0x000000, 0x000000, 0x000000,
    0x000000, 0x000000, 0x00ecfc, 0x000000, 0x000000, 0x000000, 0x00ecfd, 0x00ecfb, 0x8ff9ca,
    0x000000, 0x000000, 0x8ff9cb, 0x000000, 0x000000, 0x000000, 0x00fcc6, 0x000000, 0x000000,
    0x00ecfa, 0x000000, 0x00c4fd, 0x000000, 0x000000, 0x00eda1, 0x00eda5, 0x00eda2, 0x00ecfe,
    0x8ff9cc, 0x00eda3, 0x000000, 0x000000, 0x000000, 0x00eda4, 0x000000, 0x000000, 0x000000,
    0x8ff9cd, 0x00edab, 0x000000, 0x000000, 0x000000, 0x00eda6, 0x000000, 0x000000, 0x000000,
    0x000000, 0x000000, 0x00c0d8, 0x00eda8, 0x000000, 0x8ff9ce, 0x00edaa, 0x00eda7, 0x000000,
    0x000000, 0x000000, 0x000000, 0x000000, 0x000000, 0x000000, 0x8ff9cf, 0x8ff9d0, 0x000000,
    0x8ff9d1, 0x00fcc7, 0x000000, 0x00edad, 0x000000, 0x00bdb3, 0x000000, 0x00edac, 0x000000,
    0x000000, 0x000000, 0x000000, 0x00fcc8, 0x00edae, 0x000000, 0x000000, 0x000000, 0x00edaf,
    0x000000, 0x000000, 0x00edb2, 0x00edb1, 0x000000, 0x00edb0, 0x000000, 0x000000, 0x00edb4,
    0x00edb3, 0x000000, 0x00ccf6, 0x000000, 0x000000, 0x000000, 0x00edb6, 0x000000, 0x00edb5,
    0x00edb7, 0x000000, 0x000000, 0x000000, 0x8ff9d2, 0x00edb8, 0x000000, 0x000000, 0x000000,
    0x000000, 0x8ff9d3, 0x000000, 0x000000, 0x00edba, 0x000000, 0x000000, 0x000000, 0x000000,
    0x000000, 0x000000, 0x000000, 0x000000, 0x00edb9, 0x00bfc8, 0x00edbb, 0x000000, 0x8ff9d4,
    0x00b6ed, 0x00edbc, 0x00edbe, 0x000000, 0x8ff9d5, 0x000000, 0x8ff9d6, 0x8ff9d7, 0x000000,
    0x000000, 0x000000, 0x000000, 0x8ff9d8, 0x000000, 0x000000, 0x00edbf, 0x000000, 0x00fcca,
    0x000000, 0x000000, 0x000000, 0x000000, 0x00edc0, 0x00edbd, 0x000000, 0x00edc1, 0x000000,
    0x00bcd6, 0x00edc2, 0x00b5b0, 0x00b7b3, 0x000000, 0x000000, 0x000000, 0x8ff9da, 0x00b8ae,
    0x000000, 0x8ff9db, 0x000000, 0x000000, 0x000000, 0x000000, 0x000000, 0x000000, 0x00edc3,
    0x000000, 0x000000, 0x000000, 0x00c6f0, 0x000000, 0x000000, 0x00c5be, 0x00edc4, 0x000000,
    0x000000, 0x000000, 0x000000, 0x000000, 0x000000, 0x000000, 0x00edc7, 0x000000, 0x000000,
    0x000000, 0x000000, 0x000000, 0x000000, 0x000000, 0x000000, 0x000000, 0x000000, 0x000000,
    0x000000, 0x00bcb4, 0x8ff9dd, 0x00fccc, 0x00edc6, 0x00edc5, 0x00b7da, 0x00edc8, 0x000000,
    0x8ff9df, 0x000000, 0x000000, 0x00b3d3, 0x000000, 0x00edca, 0x000000, 0x000000, 0x8ff9e0,
    0x00badc, 0x00edc9, 0x000000, 0x00edd2, 0x000000, 0x000000, 0x000000, 0x000000, 0x000000,
    0x00edcc, 0x00edce, 0x00cae5, 0x00edcb, 0x000000, 0x8ff9e1, 0x000000, 0x00edcd, 0x000000,
    0x00edd1, 0x00edcf, 0x00b5b1, 0x00fccd, 0x00edd0, 0x000000, 0x000000, 0x000000, 0x000000,
    0x000000, 0x000000, 0x00edd3, 0x000000, 0x000000, 0x00c7da, 0x00ced8, 0x8ff9e2, 0x000000,
    0x00fcce, 0x000000, 0x00bdb4, 0x000000, 0x000000, 0x000000, 0x00edd4, 0x000000, 0x000000,
    0x00fccf, 0x000000, 0x00cda2, 0x00edd6, 0x000000, 0x00edd5, 0x000000, 0x000000, 0x00edd9,
    0x00cdc1, 0x8ff9e3, 0x000000, 0x00edd8, 0x000000, 0x00b3ed, 0x00edd7, 0x00eddc, 0x000000,
    0x000000, 0x00eddb, 0x8ff9e4, 0x000000, 0x00edda, 0x00c5b2, 0x00eddd, 0x000000, 0x000000,
    0x000000, 0x000000, 0x000000, 0x00fcd0, 0x000000, 0x000000, 0x00edde, 0x8ff9e5, 0x000000,
    0x000000, 0x000000, 0x00eddf, 0x000000, 0x000000, 0x00b9ec, 0x000000, 0x00b7a5, 0x00ede0,
    0x00ede1, 0x00ede2, 0x000000, 0x000000, 0x000000, 0x000000, 0x000000, 0x000000, 0x000000,
    0x000000, 0x000000, 0x000000, 0x000000, 0x000000, 0x000000, 0x000000, 0x000000, 0x000000,
    0x000000, 0x000000, 0x000000, 0x000000, 0x000000, 0x000000, 0x000000, 0x000000, 0x000000,
    0x000000, 0x000000, 0x00bfc9, 0x00ede3, 0x000000, 0x00bcad, 0x00ede4, 0x000000, 0x000000,
    0x000000, 0x00ede5, 0x8ff9e7, 0x000000, 0x00fcd2, 0x00d2a1, 0x00d1fe, 0x000000, 0x000000,
    0x000000, 0x000000, 0x00ede6, 0x00e5f0, 0x00ede7, 0x00c3a4, 0x00bfab, 0x00c7c0, 0x000000,
    0x8ff9e8, 0x00fcd3, 0x8ff9ea, 0x00ede8, 0x000000, 0x000000, 0x00cad5, 0x00c4d4, 0x00b9fe,
    0x000000, 0x000000, 0x00c3a9, 0x000000, 0x8ff9ec, 0x00b1aa, 0x000000, 0x00cbf8, 0x00bfd7,
    0x8ff9ed, 0x000000, 0x000000, 0x000000, 0x8ff9ef, 0x000000, 0x000000, 0x8ff9f0, 0x00b7de,
    0x000000, 0x000000, 0x00b6e1, 0x000000, 0x8ff9f1, 0x00cad6, 0x8ff9f2, 0x000000, 0x000000,
    0x000000, 0x000000, 0x00ede9, 0x000000, 0x000000, 0x000000, 0x000000, 0x000000, 0x8ff9f3,
    0x000000, 0x00edeb, 0x000000, 0x00fcd4, 0x00edea, 0x00b2e0, 0x000000, 0x00fcd5, 0x00c6f6,
    0x00edec, 0x00c7f7, 0x000000, 0x00c5b3, 0x00fcd6, 0x00eded, 0x00bdd2, 0x8ff9f4, 0x000000,
    0x000000, 0x00edef, 0x8ff9f5, 0x000000, 0x00ccc2, 0x00edfe, 0x00edf1, 0x00edf2, 0x8ff9f6,
    0x000000, 0x00c4c9, 0x000000, 0x000000, 0x00c2e0, 0x00c1f7, 0x8ff9f7, 0x00c6a8, 0x000000,
    0x00edf0, 0x00b5d5, 0x000000, 0x00fcd7, 0x000000, 0x000000, 0x00edf9, 0x8ff9f8, 0x00edf6,
    0x00eea5, 0x00c6a9, 0x00c3e0, 0x00edf3, 0x000000, 0x00c4fe, 0x00c5d3, 0x00edf4, 0x00edf8,
    0x00bfe0, 0x000000, 0x00c7e7, 0x00c4cc, 0x000000, 0x000000, 0x00c0c2, 0x00edf7, 0x00c2ae,
    0x00c2a4, 0x00edf5, 0x00b0a9, 0x00cfa2, 0x000000, 0x000000, 0x000000, 0x00edfa, 0x000000,
    0x000000, 0x000000, 0x000000, 0x000000, 0x00fcd8, 0x00c2e1, 0x000000, 0x000000, 0x00bdb5,
    0x00bfca, 0x000000, 0x000000, 0x00edfc, 0x00edfb, 0x8ff9f9, 0x00b0ef, 0x00edfd, 0x000000,
    0x000000, 0x00c9af, 0x000000, 0x00eea7, 0x000000, 0x00c6db, 0x00bfeb, 0x8ff9fb, 0x8ff9fc,
    0x00c3d9, 0x000000, 0x00b6f8, 0x000000, 0x00eea6, 0x00cdb7, 0x00b1bf, 0x000000, 0x00cad7,
    0x00b2e1, 0x00eea1, 0x00eea2, 0x00eea3, 0x00eea4, 0x00c6bb, 0x00c3a3, 0x00b0e3, 0x00eea8,
    0x000000, 0x00eea9, 0x00f4a3, 0x000000, 0x000000, 0x00c2bd, 0x8ff9fd, 0x00eeaa, 0x000000,
    0x00b1f3, 0x00c1cc, 0x000000, 0x00b8af, 0x000000, 0x00cdda, 0x000000, 0x000000, 0x00eeab,
    0x00c5ac, 0x000000, 0x000000, 0x000000, 0x00c1f8, 0x00bcd7, 0x00eeac, 0x000000, 0x000000,
    0x00eeaf, 0x000000, 0x000000, 0x00bde5, 0x00eead, 0x00c1ab, 0x00c1aa, 0x000000, 0x00b0e4,
    0x000000, 0x00cecb, 0x00eeb1, 0x000000, 0x00c8f2, 0x00eeb3, 0x00eeb2, 0x00eeb0, 0x00e3e4,
    0x00b4d4, 0x8ffaa2, 0x000000, 0x00edee, 0x00fcda, 0x00eeb5, 0x00eeb4, 0x000000, 0x8ffaa3,
    0x000000, 0x000000, 0x00eeb6, 0x8ffaa4, 0x00cdb8, 0x000000, 0x000000, 0x000000, 0x00fcdb,
    0x000000, 0x00fcdc, 0x000000, 0x00fcdd, 0x000000, 0x00fcde, 0x000000, 0x000000, 0x000000,
    0x000000, 0x000000, 0x8ffaa6, 0x00fcdf, 0x00c6e1, 0x000000, 0x000000, 0x00cbae, 0x000000,
    0x00eeb7, 0x000000, 0x00bcd9, 0x000000, 0x000000, 0x000000, 0x000000, 0x00eeb8, 0x8ffaa8,
    0x00eeb9, 0x000000, 0x00fce0, 0x000000, 0x00eeba, 0x8ffaa9, 0x000000, 0x00c5a1, 0x000000,
    0x000000, 0x000000, 0x000000, 0x000000, 0x00fce1, 0x000000, 0x00b0ea, 0x000000, 0x8ffaaa,
    0x00fce2, 0x00fce3, 0x000000, 0x00fce4, 0x8ffaab, 0x000000, 0x00b9d9, 0x000000, 0x000000,
    0x000000, 0x00cfba, 0x000000, 0x000000, 0x000000, 0x000000, 0x000000, 0x000000, 0x000000,
    0x000000, 0x00fce5, 0x000000, 0x000000, 0x000000, 0x00eebe, 0x8ffaad, 0x00fce6, 0x00fce7,
    0x8ffaae, 0x000000, 0x00b7b4, 0x00eebb, 0x000000, 0x00eebc, 0x000000, 0x000000, 0x000000,
    0x00c9f4, 0x000000, 0x000000, 0x8ffab3, 0x000000, 0x00b3d4, 0x000000, 0x00fce8, 0x000000,
    0x000000, 0x8ffab1, 0x000000, 0x00fce9, 0x00cdb9, 0x8ffab0, 0x00b6bf, 0x000000, 0x000000,
    0x000000, 0x000000, 0x000000, 0x00c5d4, 0x8ffab4, 0x8ffab5, 0x8ffab2, 0x000000, 0x00eebf,
    0x000000, 0x8ffab6, 0x000000, 0x8ffab7, 0x000000, 0x000000, 0x000000, 0x000000, 0x000000,
    0x000000, 0x000000, 0x000000, 0x000000, 0x000000, 0x000000, 0x00eec0, 0x000000, 0x00fceb,
    0x00fcec, 0x00fced, 0x000000, 0x8ffab8, 0x00eec1, 0x000000, 0x000000, 0x8ffab9, 0x000000,
    0x8ffaba, 0x000000, 0x000000, 0x000000, 0x00fcee, 0x00fcef, 0x000000, 0x000000, 0x000000,
    0x00fcf0, 0x000000, 0x000000, 0x000000, 0x000000, 0x000000, 0x00c5a2, 0x000000, 0x00fcf1,
    0x00eec3, 0x00fcf2, 0x00eec2, 0x000000, 0x00fcf3, 0x000000, 0x000000, 0x8ffabb, 0x000000,
    0x8ffabc, 0x8ffabd, 0x000000, 0x000000, 0x00fcf4, 0x000000, 0x000000, 0x000000, 0x000000,
    0x000000, 0x000000, 0x8ffabe, 0x8ffabf, 0x00fcf5, 0x00c6d3, 0x00eec4, 0x00bdb6, 0x00bce0,
    0x00c7db, 0x00c3f1, 0x000000, 0x000000, 0x000000, 0x00bcf2, 0x000000, 0x00bfec, 0x000000,
    0x00eec5, 0x8ffac0, 0x00eec6, 0x8ffac1, 0x000000, 0x00fcf6, 0x000000, 0x000000, 0x000000,
    0x000000, 0x000000, 0x8ffac2, 0x00bfdd, 0x00eec7, 0x8ffac3, 0x00eec8, 0x000000, 0x000000,
    0x000000, 0x00eec9, 0x00cdef, 0x000000, 0x00bdb7, 0x000000, 0x000000, 0x000000, 0x000000,
    0x000000, 0x00eecb, 0x00eeca, 0x8ffac4, 0x00b9da, 0x000000, 0x00b9f3, 0x00bbc0, 0x8ffac5,
    0x000000, 0x000000, 0x000000, 0x000000, 0x000000, 0x000000, 0x00eece, 0x00fcf7, 0x000000,
    0x8ffac6, 0x000000, 0x00bde6, 0x000000, 0x00eecd, 0x000000, 0x00eecc, 0x000000, 0x00c2e9,
    0x8ffac7, 0x000000, 0x00b8ef, 0x000000, 0x00c0c3, 0x000000, 0x000000, 0x000000, 0x000000,
    0x00c8b0, 0x000000, 0x000000, 0x000000, 0x000000, 0x00bdb9, 0x000000, 0x00fcf8, 0x000000,
    0x000000, 0x000000, 0x00eecf, 0x000000, 0x00bedf, 0x000000, 0x000000, 0x000000, 0x8ffac8,
    0x000000, 0x00eed2, 0x00eed0, 0x00fcf9, 0x000000, 0x8ffac9, 0x00eed1, 0x000000, 0x00fcfa,
    0x000000, 0x8ffaca, 0x00eed4, 0x00eed3, 0x8ffacb, 0x000000, 0x00befa, 0x000000, 0x00eed5,
    0x000000, 0x00fcfb, 0x000000, 0x000000, 0x000000, 0x00eed6, 0x00eed7, 0x000000, 0x8ffacc,
    0x8ffacd, 0x000000, 0x00c8d0, 0x00bad3, 0x00bce1, 0x00eed8, 0x000000, 0x00eed9, 0x00cea4,
    0x00bdc5, 0x00ccee, 0x00cecc, 0x00eeda, 0x00b6e2, 0x000000, 0x000000, 0x000000, 0x000000,
    0x00eedb, 0x00fcfc, 0x00c5a3, 0x000000, 0x8fface, 0x00eede, 0x00b3f8, 0x00bfcb, 0x000000,
    0x00eedc, 0x000000, 0x00eedd, 0x000000, 0x00c4e0, 0x00fcfe, 0x00fda1, 0x00cbd5, 0x00b6fc,
    0x000000, 0x000000, 0x000000, 0x000000, 0x8ffad1, 0x00fda2, 0x8ffad2, 0x000000, 0x000000,
    0x00fda3, 0x000000, 0x000000, 0x000000, 0x00eee0, 0x00eee1, 0x000000, 0x000000, 0x000000,
    0x000000, 0x00fcfd, 0x00eedf, 0x000000, 0x000000, 0x00eee3, 0x000000, 0x8ffad3, 0x000000,
    0x000000, 0x000000, 0x000000, 0x000000, 0x00fda4, 0x000000, 0x000000, 0x8ffad4, 0x000000,
    0x000000, 0x00c6df, 0x00b3c3, 0x000000, 0x00fda5, 0x00eee7, 0x000000, 0x000000, 0x00eee4,
    0x00eee6, 0x8ffad5, 0x8ffad6, 0x000000, 0x000000, 0x000000, 0x000000, 0x000000, 0x000000,
    0x00eee2, 0x000000, 0x000000, 0x000000, 0x000000, 0x000000, 0x000000, 0x000000, 0x000000,
    0x000000, 0x000000, 0x00efcf, 0x000000, 0x000000, 0x00eee5, 0x000000, 0x000000, 0x000000,
    0x000000, 0x000000, 0x000000, 0x8ffad8, 0x00ceeb, 0x000000, 0x000000, 0x00b8da, 0x00fda6,
    0x00fda7, 0x00fda8, 0x000000, 0x00fda9, 0x000000, 0x000000, 0x00eeef, 0x00fdaa, 0x000000,
    0x8ffad9, 0x00fdab, 0x00c5b4, 0x00eeea, 0x000000, 0x8ffada, 0x00eeed, 0x00eeeb, 0x8ffadb,
    0x00eef0, 0x000000, 0x000000, 0x8ffadc, 0x00fdac, 0x00eef1, 0x8ffadd, 0x000000, 0x000000,
    0x000000, 0x000000, 0x8ffade, 0x00eee9, 0x000000, 0x8ffadf, 0x00eef6, 0x00b1f4, 0x000000,
    0x000000, 0x00eee8, 0x000000, 0x8ffae0, 0x8ffae1, 0x00c8ad, 0x000000, 0x00eeec, 0x8ffae2,
    0x00bee0, 0x8ffae3, 0x8ffae4, 0x000000, 0x000000, 0x000000, 0x000000, 0x000000, 0x000000,
    0x000000, 0x000000, 0x00b9db, 0x000000, 0x000000, 0x000000, 0x000000, 0x000000, 0x000000,
    0x00fdad, 0x000000, 0x000000, 0x000000, 0x8ffae7, 0x8ffae8, 0x00cbc8, 0x8ffae9, 0x00b6e4,
    0x000000, 0x000000, 0x00bdc6, 0x000000, 0x00c6bc, 0x000000, 0x000000, 0x00fdae, 0x8ffaea,
    0x000000, 0x000000, 0x000000, 0x8ffaeb, 0x000000, 0x000000, 0x000000, 0x00c1ad, 0x000000,
    0x00eef4, 0x000000, 0x00eeee, 0x00eef3, 0x8ffaec, 0x00ccc3, 0x8ffaed, 0x00c4b8, 0x00eef5,
    0x00eef2, 0x000000, 0x000000, 0x8ffaee, 0x000000, 0x000000, 0x000000, 0x000000, 0x000000,
    0x000000, 0x000000, 0x8ffaef, 0x000000, 0x000000, 0x000000, 0x8ffaf0, 0x000000, 0x00c1ac,
    0x000000, 0x000000, 0x000000, 0x000000, 0x8ffaf3, 0x000000, 0x000000, 0x000000, 0x000000,
    0x00eef9, 0x000000, 0x00eef8, 0x000000, 0x000000, 0x000000, 0x000000, 0x000000, 0x8ffaf4,
    0x8ffaf5, 0x000000, 0x00fdaf, 0x000000, 0x000000, 0x000000, 0x8ffaf6, 0x000000, 0x000000,
    0x000000, 0x000000, 0x00fdb0, 0x00fdb1, 0x000000, 0x8ffaf7, 0x00eef7, 0x8ffaf8, 0x000000,
    0x00cbaf, 0x00fdb2, 0x000000, 0x000000, 0x000000, 0x8ffaf9, 0x000000, 0x8ffafa, 0x000000,
    0x000000, 0x000000, 0x000000, 0x000000, 0x000000, 0x00fdb3, 0x000000, 0x000000, 0x000000,
    0x00bdfb, 0x8ffafb, 0x000000, 0x8ffafc, 0x000000, 0x00eefa, 0x00cadf, 0x000000, 0x000000,
    0x00b1d4, 0x000000, 0x000000, 0x000000, 0x000000, 0x00c9c6, 0x00c3f2, 0x000000, 0x000000,
    0x000000, 0x8ffba2, 0x00b5f8, 0x8ffba3, 0x00eefc, 0x8ffba4, 0x00b9dd, 0x000000, 0x000000,
    0x00fdb4, 0x000000, 0x000000, 0x8ffba5, 0x000000, 0x00fdb5, 0x000000, 0x00bbac, 0x000000,
    0x000000, 0x000000, 0x000000, 0x000000, 0x000000, 0x8ffba6, 0x000000, 0x00eefb, 0x00bfed,
    0x8ffafd, 0x000000, 0x000000, 0x000000, 0x8ffba7, 0x000000, 0x000000, 0x00bfee, 0x00efa1,
    0x00efa3, 0x000000, 0x000000, 0x8ffba8, 0x8ffba9, 0x00fdb6, 0x00befb, 0x00fdb7, 0x00efa2,
    0x00efa4, 0x000000, 0x00fdb8, 0x00b6d3, 0x8ffbaa, 0x00c9c5, 0x8ffbab, 0x000000, 0x00bce2,
    0x00cfa3, 0x000000, 0x00eefe, 0x00baf8, 0x000000, 0x000000, 0x00cfbf, 0x000000, 0x000000,
    0x00efa6, 0x000000, 0x000000, 0x000000, 0x000000, 0x00efa5, 0x00efa7, 0x000000, 0x000000,
    0x000000, 0x000000, 0x00eefd, 0x000000, 0x000000, 0x8ffbae, 0x00fdb9, 0x00fdba, 0x00fdbb,
    0x00c6e9, 0x000000, 0x00c5d5, 0x000000, 0x000000, 0x000000, 0x8ffbaf, 0x000000, 0x000000,
    0x00c4d7, 0x000000, 0x00efac, 0x8ffbb0, 0x000000, 0x000000, 0x8ffbb1, 0x00c3c3, 0x00efa8,
    0x000000, 0x000000, 0x000000, 0x00efa9, 0x000000, 0x000000, 0x000000, 0x00fdbc, 0x00fdbd,
    0x000000, 0x000000, 0x000000, 0x000000, 0x00fdbe, 0x8ffbb2, 0x00b7ad, 0x000000, 0x00efab,
    0x000000, 0x00fdbf, 0x8ffbb3, 0x000000, 0x8ffbb4, 0x000000, 0x00b8b0, 0x000000, 0x000000,
    0x000000, 0x000000, 0x000000, 0x000000, 0x00efaa, 0x000000, 0x00bee1, 0x000000, 0x000000,
    0x000000, 0x000000, 0x000000, 0x000000, 0x000000, 0x000000, 0x8ffbb8, 0x000000, 0x000000,
    0x8ffbb9, 0x00b3f9, 0x000000, 0x000000, 0x8ffbba, 0x000000, 0x000000, 0x000000, 0x000000,
    0x00efb0, 0x000000, 0x00babf, 0x00c1f9, 0x000000, 0x000000, 0x00c4ca, 0x00fdc0, 0x000000,
    0x000000, 0x8ffbbb, 0x000000, 0x000000, 0x8ffbb5, 0x000000, 0x00fdc1, 0x000000, 0x000000,
    0x000000, 0x00b3bb, 0x000000, 0x000000, 0x000000, 0x000000, 0x00efae, 0x00efaf, 0x00c4c3,
    0x000000, 0x00efad, 0x000000, 0x000000, 0x000000, 0x000000, 0x000000, 0x000000, 0x000000,
    0x000000, 0x00efb1, 0x00fdc2, 0x000000, 0x000000, 0x000000, 0x000000, 0x000000, 0x8ffbc0,
    0x000000, 0x00efb7, 0x000000, 0x000000, 0x00fdc3, 0x8ffbc1, 0x00efba, 0x000000, 0x000000,
    0x000000, 0x000000, 0x000000, 0x000000, 0x000000, 0x00efb9, 0x00c5ad, 0x000000, 0x000000,
    0x000000, 0x000000, 0x00efb2, 0x00efb3, 0x00efb6, 0x000000, 0x000000, 0x000000, 0x8ffbc2,
    0x00efb8, 0x00fdc4, 0x00fdc5, 0x000000, 0x00b6c0, 0x8ffbc3, 0x000000, 0x00efbb, 0x00efb5,
    0x000000, 0x8ffbc4, 0x00efb4, 0x000000, 0x000000, 0x000000, 0x000000, 0x000000, 0x000000,
    0x000000, 0x000000, 0x8ffbbf, 0x000000, 0x000000, 0x000000, 0x8ffbbc, 0x000000, 0x000000,
    0x000000, 0x000000, 0x000000, 0x8ffbc9, 0x000000, 0x00fdc7, 0x000000, 0x000000, 0x000000,
    0x00efbf, 0x00fdc6, 0x000000, 0x000000, 0x00efc0, 0x000000, 0x8ffbc5, 0x000000, 0x000000,
    0x000000, 0x000000, 0x000000, 0x8ffbc6, 0x00efc1, 0x000000, 0x000000, 0x00efbe, 0x00efbd,
    0x000000, 0x8ffbc7, 0x8ffbc8, 0x00bee2, 0x00c6aa, 0x00efbc, 0x000000, 0x000000, 0x000000,
    0x000000, 0x000000, 0x000000, 0x00efc5, 0x000000, 0x000000, 0x000000, 0x000000, 0x000000,
    0x000000, 0x000000, 0x000000, 0x000000, 0x00efc3, 0x000000, 0x000000, 0x000000, 0x000000,
    0x000000, 0x000000, 0x8ffbca, 0x00fdc8, 0x8ffbcb, 0x00efc4, 0x00efc2, 0x000000, 0x00c2f8,
    0x000000, 0x00efc6, 0x8ffbcc, 0x000000, 0x000000, 0x000000, 0x000000, 0x00efc7, 0x000000,
    0x000000, 0x00efc9, 0x8ffbcd, 0x000000, 0x000000, 0x000000, 0x000000, 0x00fdc9, 0x000000,
    0x000000, 0x000000, 0x000000, 0x000000, 0x000000, 0x00b4d5, 0x00efc8, 0x00ccfa, 0x000000,
    0x000000, 0x000000, 0x000000, 0x000000, 0x000000, 0x00efd4, 0x00efca, 0x000000, 0x000000,
    0x00efcd, 0x000000, 0x00efcb, 0x000000, 0x00efcc, 0x00fdca, 0x000000, 0x000000, 0x000000,
    0x000000, 0x000000, 0x000000, 0x00efce, 0x00fdcb, 0x000000, 0x8ffbd0, 0x000000, 0x8ffbd1,
    0x00efd0, 0x00fdcc, 0x00fdcd, 0x000000, 0x000000, 0x00efd1, 0x000000, 0x00efd2, 0x000000,
    0x000000, 0x000000, 0x000000, 0x00efd5, 0x00efd3, 0x00efd6, 0x00efd8, 0x000000, 0x00efd7,
    0x000000, 0x000000, 0x000000, 0x000000, 0x000000, 0x000000, 0x000000, 0x000000, 0x000000,
    0x000000, 0x000000, 0x000000, 0x000000, 0x000000, 0x000000, 0x000000, 0x000000, 0x000000,
    0x000000, 0x000000, 0x000000, 0x000000, 0x000000, 0x000000, 0x000000, 0x000000, 0x000000,
    0x000000, 0x000000, 0x000000, 0x000000, 0x000000, 0x000000, 0x000000, 0x000000, 0x000000,
    0x000000, 0x000000, 0x000000, 0x000000, 0x000000, 0x000000, 0x000000, 0x000000, 0x000000,
    0x000000, 0x000000, 0x000000, 0x000000, 0x000000, 0x000000, 0x000000, 0x000000, 0x000000,
    0x000000, 0x000000, 0x000000, 0x000000, 0x000000, 0x000000, 0x000000, 0x000000, 0x00c4b9,
    0x8ffbd2, 0x8ffbd3, 0x000000, 0x000000, 0x000000, 0x000000, 0x000000, 0x000000, 0x00cce7,
    0x000000, 0x00efd9, 0x00c1ae, 0x000000, 0x000000, 0x8ffbd4, 0x00efda, 0x000000, 0x00cac4,
    0x00efdb, 0x00b3ab, 0x8ffbd5, 0x8ffbd6, 0x00fdce, 0x00b1bc, 0x000000, 0x00b4d7, 0x000000,
    0x00b4d6, 0x00efdc, 0x000000, 0x00efdd, 0x000000, 0x00efde, 0x00efdf, 0x000000, 0x000000,
    0x000000, 0x000000, 0x000000, 0x00fdcf, 0x00efe0, 0x000000, 0x00b4d8, 0x00b3d5, 0x00b9de,
    0x00c8b6, 0x00fdd0, 0x00efe2, 0x00efe1, 0x00fdd1, 0x000000, 0x8ffbd8, 0x00fdd2, 0x00efe3,
    0x000000, 0x000000, 0x000000, 0x000000, 0x00b1dc, 0x000000, 0x8ffbd9, 0x000000, 0x00fdd3,
    0x000000, 0x000000, 0x00efe6, 0x000000, 0x00efe5, 0x00efe4, 0x00fdd4, 0x00efe7, 0x000000,
    0x000000, 0x000000, 0x00efea, 0x000000, 0x000000, 0x000000, 0x00b0c7, 0x8ffbdb, 0x000000,
    0x00efe8, 0x00fdd5, 0x00efec, 0x00efeb, 0x000000, 0x000000, 0x00fdd6, 0x000000, 0x000000,
    0x00fdd7, 0x00efee, 0x00efed, 0x00efef, 0x000000, 0x00c6ae, 0x000000, 0x00fdd9, 0x000000,
    0x00eff0, 0x000000, 0x00fdda, 0x000000, 0x000000, 0x00eff1, 0x00eff3, 0x000000, 0x000000,
    0x00eff2, 0x000000, 0x000000, 0x000000, 0x000000, 0x000000, 0x000000, 0x000000, 0x000000,
    0x000000, 0x000000, 0x000000, 0x000000, 0x000000, 0x000000, 0x000000, 0x000000, 0x000000,
    0x000000, 0x000000, 0x000000, 0x000000, 0x000000, 0x000000, 0x000000, 0x000000, 0x000000,
    0x000000, 0x000000, 0x00c9ec, 0x8ffaa5, 0x000000, 0x000000, 0x000000, 0x00eff4, 0x000000,
    0x000000, 0x000000, 0x000000, 0x000000, 0x000000, 0x00eff5, 0x000000, 0x00bae5, 0x000000,
    0x8ffbde, 0x000000, 0x00eff6, 0x00eff7, 0x000000, 0x000000, 0x00cbc9, 0x8ffbdf, 0x8ffbe0,
    0x000000, 0x000000, 0x000000, 0x000000, 0x000000, 0x000000, 0x00c1cb, 0x8ffbe2, 0x000000,
    0x000000, 0x00b0a4, 0x00c2cb, 0x8ffbe3, 0x00eff8, 0x000000, 0x00c9ed, 0x000000, 0x000000,
    0x000000, 0x000000, 0x000000, 0x000000, 0x00effb, 0x00eff9, 0x00b9df, 0x000000, 0x00effa,
    0x00b8c2, 0x000000, 0x000000, 0x000000, 0x000000, 0x000000, 0x000000, 0x000000, 0x00fddb,
    0x000000, 0x000000, 0x00cac5, 0x00effd, 0x00f0a1, 0x00effe, 0x00f0a2, 0x000000, 0x8ffbe4,
    0x00b1a1, 0x00bfd8, 0x00bdfc, 0x00b4d9, 0x00f0a3, 0x000000, 0x000000, 0x000000, 0x00c7e6,
    0x000000, 0x00f0a5, 0x000000, 0x000000, 0x000000, 0x00b1a2, 0x000000, 0x00f0a4, 0x00c4c4,
    0x000000, 0x00cecd, 0x00c6ab, 0x00effc, 0x00cea6, 0x000000, 0x00b8b1, 0x000000, 0x000000,
    0x00cddb, 0x000000, 0x000000, 0x8ffbe6, 0x000000, 0x00fddc, 0x00b6f9, 0x00ceb4, 0x000000,
    0x00b7a8, 0x000000, 0x00c2e2, 0x00e7a1, 0x000000, 0x00f0a6, 0x00b3ac, 0x00bfef, 0x000000,
    0x000000, 0x000000, 0x000000, 0x00b3d6, 0x00f0a8, 0x000000, 0x00f0a9, 0x00f0a7, 0x00b7e4,
    0x8ffbe8, 0x00badd, 0x00bee3, 0x00fdde, 0x000000, 0x000000, 0x00b1a3, 0x000000, 0x000000,
    0x00ced9, 0x00fddf, 0x00fde0, 0x000000, 0x00f0ab, 0x00eeae, 0x8ffbeb, 0x00f0aa, 0x000000,
    0x000000, 0x000000, 0x000000, 0x8ffbec, 0x00f0ae, 0x00f0ac, 0x00f0ad, 0x8ffbed, 0x00f0af,
    0x000000, 0x00f0b0, 0x00ceec, 0x00f0b1, 0x00f0b2, 0x8ffbee, 0x00c0c9, 0x00c8bb, 0x8ffbef,
    0x000000, 0x000000, 0x00bffd, 0x00b4e7, 0x000000, 0x000000, 0x00cdba, 0x00b2ed, 0x00bdb8,
    0x00b8db, 0x000000, 0x00f0b5, 0x000000, 0x00f0b4, 0x00bbf3, 0x00f0b6, 0x00f0b3, 0x000000,
    0x000000, 0x00bba8, 0x00fde1, 0x000000, 0x000000, 0x00f0ba, 0x00eaad, 0x000000, 0x8ffbf2,
    0x00d2d6, 0x8ffbf3, 0x00bff7, 0x00f0b8, 0x8ffbf4, 0x00fde2, 0x000000, 0x000000, 0x000000,
    0x00cea5, 0x00c6f1, 0x000000, 0x000000, 0x000000, 0x000000, 0x00b1ab, 0x00fde4, 0x00c0e3,
    0x00bcb6, 0x000000, 0x000000, 0x000000, 0x00fde5, 0x00cab7, 0x000000, 0x00b1c0, 0x000000,
    0x000000, 0x000000, 0x00ceed, 0x00cdeb, 0x000000, 0x00f0bb, 0x000000, 0x00c5c5, 0x000000,
    0x000000, 0x000000, 0x000000, 0x00bcfb, 0x000000, 0x000000, 0x000000, 0x00f0bc, 0x000000,
    0x00f0bd, 0x00bfcc, 0x00f0be, 0x000000, 0x00ceee, 0x000000, 0x000000, 0x00f0b9, 0x00f0c0,
    0x00f0c2, 0x000000, 0x00f0c1, 0x000000, 0x00f0bf, 0x8ffbf6, 0x000000, 0x00f0c3, 0x000000,
    0x000000, 0x00f0c4, 0x000000, 0x000000, 0x00c1fa, 0x000000, 0x00b2e2, 0x000000, 0x000000,
    0x000000, 0x000000, 0x8ffbf7, 0x00f0c5, 0x000000, 0x000000, 0x00ccb8, 0x000000, 0x000000,
    0x00f0c6, 0x000000, 0x000000, 0x000000, 0x000000, 0x000000, 0x00f0c7, 0x000000, 0x00cfaa,
    0x00fde6, 0x000000, 0x000000, 0x8ffbf9, 0x000000, 0x00dbb1, 0x00f0c8, 0x000000, 0x00fde7,
    0x000000, 0x00f0c9, 0x00f0ca, 0x000000, 0x8ffbfa, 0x00f0ce, 0x000000, 0x00f0cb, 0x000000,
    0x00f0cc, 0x8ffbfb, 0x00f0cd, 0x00f0cf, 0x000000, 0x000000, 0x000000, 0x00fde8, 0x00fde9,
    0x00fdea, 0x000000, 0x000000, 0x00c0c4, 0x000000, 0x000000, 0x8ffbfc, 0x00ccf7, 0x8ffbfd,
    0x000000, 0x00c0c5, 0x00fdeb, 0x8ffbfe, 0x00f0d0, 0x000000, 0x00c8f3, 0x000000, 0x00f0d1,
    0x00f3d3, 0x00cccc, 0x000000, 0x00f0d2, 0x000000, 0x00f0d3, 0x000000, 0x00f0d4, 0x00b3d7,
    0x8ffca1, 0x00f0d6, 0x000000, 0x00bfd9, 0x00fdec, 0x000000, 0x000000, 0x00f0d7, 0x000000,
    0x00fded, 0x00b7a4, 0x000000, 0x000000, 0x000000, 0x000000, 0x00f0d8, 0x00f0dc, 0x000000,
    0x00f0da, 0x000000, 0x000000, 0x000000, 0x00f0db, 0x000000, 0x000000, 0x00b3f3, 0x00f0d9,
    0x00f0dd, 0x000000, 0x000000, 0x000000, 0x000000, 0x00f0de, 0x000000, 0x00b0c8, 0x000000,
    0x00f0df, 0x00f0e0, 0x000000, 0x000000, 0x000000, 0x000000, 0x00fdee, 0x8ffca4, 0x000000,
    0x00bee4, 0x000000, 0x8ffca5, 0x000000, 0x00f0e1, 0x000000, 0x8ffca6, 0x000000, 0x00b5c7,
    0x000000, 0x8ffca7, 0x00f0e4, 0x000000, 0x000000, 0x00f0e3, 0x000000, 0x00f0e2, 0x000000,
    0x000000, 0x00ebf1, 0x000000, 0x00cadc, 0x00fdef, 0x000000, 0x000000, 0x8ffca8, 0x8ffca9,
    0x00f0e5, 0x00f0e6, 0x000000, 0x000000, 0x000000, 0x000000, 0x000000, 0x00fdf0, 0x000000,
    0x000000, 0x000000, 0x8ffcaa, 0x000000, 0x00fdf1, 0x000000, 0x00f0e7, 0x000000, 0x000000,
    0x00f0e8, 0x000000, 0x00f0e9, 0x00fdf2, 0x000000, 0x00f0ea, 0x8ffcab, 0x000000, 0x000000,
    0x000000, 0x000000, 0x8ffcac, 0x000000, 0x00b4da, 0x8ffcad, 0x000000, 0x000000, 0x000000,
    0x8ffcae, 0x8ffcaf, 0x000000, 0x00fdf4, 0x00f0eb, 0x000000, 0x00fdf3, 0x000000, 0x000000,
    0x8ffcb0, 0x000000, 0x000000, 0x000000, 0x000000, 0x000000, 0x000000, 0x000000, 0x000000,
    0x000000, 0x000000, 0x000000, 0x00f0ec, 0x00c7a3, 0x000000, 0x000000, 0x8ffcb1, 0x00f0ee,
    0x00b2bb, 0x00fdf5, 0x00f0f1, 0x00f0f0, 0x000000, 0x000000, 0x000000, 0x000000, 0x00b1a4,
    0x000000, 0x000000, 0x000000, 0x00b6c1, 0x000000, 0x00cac7, 0x00c4ba, 0x00baa2, 0x8ffcb2,
    0x00b9e0, 0x00bde7, 0x000000, 0x00bfdc, 0x000000, 0x00fdf7, 0x000000, 0x00f0f3, 0x8ffcb3,
    0x8ffcb4, 0x00f0f2, 0x00cdc2, 0x00b4e8, 0x00c8d2, 0x00c6dc, 0x8ffcb5, 0x000000, 0x8ffcb6,
    0x00bffc, 0x00cece, 0x000000, 0x00b7db, 0x000000, 0x000000, 0x000000, 0x00fdf8, 0x000000,
    0x000000, 0x00f0f6, 0x000000, 0x8ffcb9, 0x00f0f5, 0x8ffcbc, 0x000000, 0x000000, 0x000000,
    0x000000, 0x000000, 0x00fdf9, 0x00cbcb, 0x00c6ac, 0x000000, 0x000000, 0x00fdfa, 0x000000,
    0x8ffcba, 0x8ffcbb, 0x00b1d0, 0x000000, 0x000000, 0x00f0f7, 0x00f0f4, 0x000000, 0x000000,
    0x00c9d1, 0x00cdea, 0x00f0f8, 0x000000, 0x000000, 0x000000, 0x000000, 0x000000, 0x000000,
    0x00f0f9, 0x8ffcbd, 0x000000, 0x000000, 0x000000, 0x00f0fb, 0x00c2ea, 0x00b3db, 0x00b3dc,
    0x00f0fa, 0x000000, 0x000000, 0x00fdfc, 0x00fdfd, 0x00b4e9, 0x00b8b2, 0x00fdfe, 0x00fea1,
    0x00b4ea, 0x00fea2, 0x00fea3, 0x00c5bf, 0x000000, 0x000000, 0x00cee0, 0x000000, 0x000000,
    0x000000, 0x000000, 0x000000, 0x000000, 0x00fea5, 0x8ffcbe, 0x00b8dc, 0x000000, 0x000000,
    0x000000, 0x00f0fc, 0x00fea6, 0x000000, 0x000000, 0x00f0fd, 0x00f0fe, 0x00f1a1, 0x000000,
    0x00f1a3, 0x00f1a2, 0x000000, 0x000000, 0x000000, 0x000000, 0x000000, 0x000000, 0x000000,
    0x000000, 0x000000, 0x000000, 0x000000, 0x000000, 0x000000, 0x000000, 0x000000, 0x000000,
    0x000000, 0x000000, 0x000000, 0x000000, 0x000000, 0x000000, 0x000000, 0x000000, 0x000000,
    0x000000, 0x000000, 0x000000, 0x000000, 0x000000, 0x000000, 0x000000, 0x000000, 0x000000,
    0x000000, 0x000000, 0x000000, 0x000000, 0x000000, 0x000000, 0x00c9f7, 0x000000, 0x00f1a4,
    0x8ffcbf, 0x000000, 0x8ffcc0, 0x000000, 0x00f1a5, 0x8ffcc1, 0x00f1a6, 0x000000, 0x000000,
    0x000000, 0x000000, 0x00f1a7, 0x8ffcc3, 0x8ffcc4, 0x000000, 0x00fea7, 0x8ffcc5, 0x8ffcc6,
    0x000000, 0x000000, 0x8ffcc7, 0x000000, 0x000000, 0x8ffcc8, 0x00f1a9, 0x00f1a8, 0x000000,
    0x00f1aa, 0x8ffcc9, 0x00fea8, 0x000000, 0x000000, 0x8ffcca, 0x000000, 0x000000, 0x000000,
    0x000000, 0x000000, 0x000000, 0x000000, 0x000000, 0x000000, 0x000000, 0x000000, 0x000000,
    0x000000, 0x000000, 0x000000, 0x00c8f4, 0x00e6cc, 0x000000, 0x000000, 0x00bfa9, 0x8ffccb,
    0x8ffccd, 0x00b5b2, 0x8ffcce, 0x000000, 0x8ffccf, 0x000000, 0x00fea9, 0x000000, 0x00f1ab,
    0x8ffcd0, 0x00f1ac, 0x000000, 0x00d2ac, 0x00ddbb, 0x00c8d3, 0x8ffcd1, 0x8ffcd2, 0x00b0fb,
    0x8ffcd3, 0x00b0bb, 0x000000, 0x000000, 0x000000, 0x000000, 0x000000, 0x000000, 0x000000,
    0x00bbf4, 0x00cbb0, 0x00befe, 0x000000, 0x000000, 0x000000, 0x00f1ad, 0x000000, 0x00ccdf,
    0x000000, 0x000000, 0x8ffcd4, 0x00f1ae, 0x00cddc, 0x000000, 0x00b1c2, 0x000000, 0x000000,
    0x000000, 0x00bbc1, 0x000000, 0x00f1af, 0x00b2ee, 0x00f1b0, 0x000000, 0x8ffcd7, 0x8ffcd8,
    0x00f1b1, 0x000000, 0x8ffcda, 0x8ffcdb, 0x8ffcdc, 0x00f1b3, 0x00f1b4, 0x000000, 0x00f1b6,
    0x00f1b2, 0x000000, 0x000000, 0x00f1b5, 0x000000, 0x000000, 0x000000, 0x00b4db, 0x000000,
    0x000000, 0x000000, 0x00f1b7, 0x000000, 0x00f1b8, 0x000000, 0x000000, 0x8ffcde, 0x8ffcdf,
    0x8ffce0, 0x000000, 0x000000, 0x000000, 0x000000, 0x000000, 0x000000, 0x8ffce1, 0x8ffce2,
    0x8ffce3, 0x00f1b9, 0x00f1ba, 0x000000, 0x8ffce4, 0x8ffce5, 0x00f1bb, 0x000000, 0x000000,
    0x00f1bd, 0x8ffce6, 0x000000, 0x000000, 0x00f1bc, 0x000000, 0x00f1bf, 0x00f1c2, 0x8ffce7,
    0x8ffce8, 0x000000, 0x00f1be, 0x00f1c0, 0x00f1c1, 0x000000, 0x000000, 0x00f1c3, 0x000000,
    0x00b6c2, 0x00feaa, 0x000000, 0x000000, 0x000000, 0x8ffce9, 0x000000, 0x000000, 0x8ffcea,
    0x8ffceb, 0x000000, 0x000000, 0x000000, 0x000000, 0x000000, 0x000000, 0x000000, 0x000000,
    0x000000, 0x000000, 0x000000, 0x000000, 0x000000, 0x000000, 0x000000, 0x000000, 0x000000,
    0x000000, 0x000000, 0x000000, 0x000000, 0x000000, 0x000000, 0x000000, 0x000000, 0x000000,
    0x000000, 0x000000, 0x000000, 0x000000, 0x000000, 0x00bcf3, 0x00f1c4, 0x00f1c5, 0x00b9e1,
    0x000000, 0x000000, 0x000000, 0x000000, 0x00feab, 0x000000, 0x000000, 0x000000, 0x000000,
    0x8ffcec, 0x000000, 0x00f1c6, 0x8ffced, 0x000000, 0x00b3be, 0x000000, 0x000000, 0x000000,
    0x00c7cf, 0x00f1c7, 0x00f1c8, 0x000000, 0x000000, 0x000000, 0x000000, 0x00c3da, 0x00c6eb,
    0x000000, 0x000000, 0x000000, 0x000000, 0x8ffcee, 0x000000, 0x000000, 0x00f1c9, 0x8ffcef,
    0x000000, 0x8ffcf0, 0x000000, 0x00c7fd, 0x000000, 0x8ffcf1, 0x00c2cc, 0x00b1d8, 0x00b6ee,
    0x000000, 0x00b6ef, 0x8ffcf2, 0x000000, 0x000000, 0x000000, 0x000000, 0x000000, 0x000000,
    0x00c3f3, 0x00f1ce, 0x00b6f0, 0x000000, 0x8ffcf3, 0x00b2ef, 0x000000, 0x000000, 0x00f1cd,
    0x8ffcf4, 0x000000, 0x00f1cb, 0x000000, 0x00f1cc, 0x8ffcf5, 0x00f1ca, 0x000000, 0x000000,
    0x00f1d8, 0x000000, 0x000000, 0x000000, 0x000000, 0x000000, 0x000000, 0x000000, 0x000000,
    0x000000, 0x000000, 0x00f1cf, 0x00f1d0, 0x000000, 0x8ffcf7, 0x00f1d1, 0x00f1d2, 0x000000,
    0x000000, 0x000000, 0x000000, 0x000000, 0x00f1d4, 0x8ffcf8, 0x000000, 0x00f1d3, 0x8ffcf9,
    0x000000, 0x000000, 0x00bdd9, 0x000000, 0x00f1d5, 0x00feac, 0x00fead, 0x000000, 0x00f1d7,
    0x000000, 0x000000, 0x000000, 0x000000, 0x8ffcfa, 0x000000, 0x000000, 0x000000, 0x00b5b3,
    0x00f1d6, 0x000000, 0x8ffcfb, 0x00c1fb, 0x00b8b3, 0x000000, 0x000000, 0x8ffcfc, 0x000000,
    0x000000, 0x00f1d9, 0x8ffcfd, 0x000000, 0x000000, 0x000000, 0x000000, 0x000000, 0x8ffcfe,
    0x000000, 0x000000, 0x000000, 0x00feae, 0x000000, 0x000000, 0x000000, 0x00c2cd, 0x000000,
    0x000000, 0x00f1da, 0x000000, 0x00feaf, 0x00feb0, 0x000000, 0x00c6ad, 0x8ffda1, 0x000000,
    0x000000, 0x000000, 0x000000, 0x8ffda2, 0x00f1db, 0x00feb1, 0x000000, 0x000000, 0x000000,
    0x000000, 0x000000, 0x00f1e0, 0x000000, 0x00f1de, 0x000000, 0x00f1dd, 0x00f1df, 0x8ffda3,
    0x00f1dc, 0x000000, 0x000000, 0x000000, 0x000000, 0x00feb2, 0x000000, 0x8ffda4, 0x00f1e2,
    0x00feb3, 0x000000, 0x000000, 0x000000, 0x00feb4, 0x000000, 0x000000, 0x00f1e1, 0x000000,
    0x00f1e4, 0x8ffda5, 0x000000, 0x00b6c3, 0x00f1e3, 0x000000, 0x000000, 0x000000, 0x00f1e5,
    0x000000, 0x000000, 0x00f1e6, 0x000000, 0x00f1e8, 0x00f1e7, 0x000000, 0x000000, 0x000000,
    0x00f1e9, 0x00f1eb, 0x00f1ea, 0x000000, 0x000000, 0x000000, 0x000000, 0x000000, 0x000000,
    0x000000, 0x000000, 0x000000, 0x000000, 0x000000, 0x000000, 0x000000, 0x000000, 0x000000,
    0x000000, 0x000000, 0x000000, 0x000000, 0x000000, 0x000000, 0x000000, 0x000000, 0x000000,
    0x000000, 0x000000, 0x000000, 0x000000, 0x000000, 0x000000, 0x000000, 0x000000, 0x000000,
    0x000000, 0x000000, 0x000000, 0x000000, 0x000000, 0x000000, 0x000000, 0x00b9fc, 0x000000,
    0x000000, 0x000000, 0x000000, 0x00f1ec, 0x000000, 0x8ffda7, 0x00f1ed, 0x000000, 0x000000,
    0x000000, 0x000000, 0x000000, 0x00feb5, 0x8ffda9, 0x00b3bc, 0x8ffdab, 0x000000, 0x000000,
    0x00f1ee, 0x000000, 0x000000, 0x000000, 0x00f1ef, 0x00feb6, 0x000000, 0x00feb7, 0x00bff1,
    0x000000, 0x8ffdad, 0x000000, 0x000000, 0x000000, 0x000000, 0x000000, 0x000000, 0x000000,
    0x00feb8, 0x00f1f0, 0x8ffdae, 0x00f1f1, 0x8ffdaf, 0x00f1f2, 0x00f1f3, 0x8ffdb0, 0x00feb9,
    0x000000, 0x00b9e2, 0x000000, 0x000000, 0x000000, 0x8ffdb2, 0x000000, 0x00f1f4, 0x00f1f5,
    0x8ffdb3, 0x000000, 0x00f1f6, 0x00f1f7, 0x000000, 0x8ffdb4, 0x00f1f8, 0x000000, 0x000000,
    0x8ffdb5, 0x00c8b1, 0x00f1fa, 0x000000, 0x00c9a6, 0x00f1fb, 0x00f1f9, 0x000000, 0x00f1fd,
    0x000000, 0x000000, 0x00f1fc, 0x000000, 0x000000, 0x00f1fe, 0x000000, 0x00feba, 0x000000,
    0x00f2a1, 0x000000, 0x000000, 0x000000, 0x000000, 0x00febb, 0x8ffdb6, 0x000000, 0x000000,
    0x00f2a2, 0x000000, 0x00febc, 0x000000, 0x000000, 0x000000, 0x8ffdb7, 0x000000, 0x000000,
    0x000000, 0x8ffdb8, 0x000000, 0x8ffdb9, 0x000000, 0x000000, 0x000000, 0x8ffdba, 0x000000,
    0x00f2a3, 0x000000, 0x00f2a4, 0x000000, 0x8ffdbb, 0x000000, 0x000000, 0x00f2a5, 0x00febd,
    0x000000, 0x00f2a6, 0x00f2a7, 0x000000, 0x00f2a8, 0x000000, 0x00f2a9, 0x00f2aa, 0x00f2ab,
    0x00f2ac, 0x8ffdbc, 0x000000, 0x00febf, 0x00f2ad, 0x00f2ae, 0x000000, 0x00ddb5, 0x00f2af,
    0x8ffdbd, 0x000000, 0x000000, 0x000000, 0x000000, 0x000000, 0x000000, 0x000000, 0x00e4f8,
    0x00b5b4, 0x8ffdbe, 0x000000, 0x000000, 0x00b3a1, 0x00bab2, 0x00f2b1, 0x00f2b0, 0x00cca5,
    0x000000, 0x000000, 0x000000, 0x000000, 0x000000, 0x8ffdc0, 0x000000, 0x00f2b3, 0x00f2b4,
    0x00f2b2, 0x000000, 0x00f2b5, 0x000000, 0x000000, 0x00cbe2, 0x000000, 0x000000, 0x000000,
    0x00f2b6, 0x000000, 0x00b5fb, 0x000000, 0x000000, 0x000000, 0x00fec0, 0x000000, 0x000000,
    0x000000, 0x000000, 0x8ffdc1, 0x000000, 0x8ffdc2, 0x00fec2, 0x000000, 0x000000, 0x000000,
    0x000000, 0x8ffdc3, 0x8ffdc4, 0x000000, 0x000000, 0x00cfa5, 0x000000, 0x000000, 0x00fec3,
    0x8ffdc5, 0x00f2b7, 0x00fec4, 0x8ffdc6, 0x8ffdc7, 0x000000, 0x00fec1, 0x000000, 0x000000,
    0x000000, 0x000000, 0x000000, 0x000000, 0x00f2b9, 0x00fec5, 0x000000, 0x000000, 0x000000,
    0x000000, 0x000000, 0x00fec6, 0x000000, 0x000000, 0x000000, 0x00b0be, 0x00fec7, 0x000000,
    0x00f2ba, 0x00caab, 0x00f2b8, 0x000000, 0x000000, 0x00f2bb, 0x00f2bc, 0x000000, 0x000000,
    0x000000, 0x000000, 0x000000, 0x000000, 0x00fec8, 0x00f2bd, 0x00f2be, 0x000000, 0x000000,
    0x000000, 0x000000, 0x000000, 0x8ffdc8, 0x00fec9, 0x00f2bf, 0x000000, 0x00cbee, 0x00bbad,
    0x8ffdc9, 0x00bafa, 0x00c1af, 0x000000, 0x000000, 0x8ffdca, 0x8ffdcd, 0x000000, 0x00f2c0,
    0x000000, 0x000000, 0x000000, 0x8ffdce, 0x00f2c3, 0x000000, 0x000000, 0x000000, 0x000000,
    0x8ffdcf, 0x000000, 0x00f2c1, 0x00feca, 0x000000, 0x000000, 0x000000, 0x000000, 0x00f2c4,
    0x8ffdd0, 0x000000, 0x00b8f1, 0x00f2c2, 0x000000, 0x000000, 0x000000, 0x00fecb, 0x00f2c5,
    0x000000, 0x00f2c6, 0x00f2c7, 0x000000, 0x00f2cb, 0x000000, 0x00bbaa, 0x000000, 0x8ffdd2,
    0x000000, 0x000000, 0x00c2e4, 0x000000, 0x8ffdd3, 0x000000, 0x000000, 0x000000, 0x00f2cc,
    0x00f2c9, 0x00f2c8, 0x00f2ca, 0x00fecc, 0x000000, 0x8ffdd4, 0x00b7df, 0x000000, 0x8ffdd5,
    0x8ffdd6, 0x000000, 0x000000, 0x8ffdd8, 0x8ffdd7, 0x00f2d0, 0x00f2cf, 0x00f2ce, 0x8ffdd1,
    0x000000, 0x00b0b3, 0x000000, 0x8ffddc, 0x00fecd, 0x000000, 0x8ffdda, 0x000000, 0x000000,
    0x00fece, 0x000000, 0x000000, 0x00fecf, 0x000000, 0x000000, 0x000000, 0x00f2da, 0x000000,
    0x00f2d6, 0x000000, 0x00f2d7, 0x00f2d3, 0x00f2d9, 0x000000, 0x00f2d5, 0x00b3e2, 0x000000,
    0x000000, 0x00cfcc, 0x000000, 0x00f2d8, 0x00f2d4, 0x00f2d2, 0x00f2d1, 0x8ffdde, 0x000000,
    0x8ffddf, 0x8ffde0, 0x8ffde1, 0x00f2dc, 0x000000, 0x8ffde2, 0x000000, 0x000000, 0x000000,
    0x00f2df, 0x8ffde3, 0x00fed0, 0x00f2de, 0x00f2dd, 0x000000, 0x8ffde4, 0x000000, 0x8ffde5,
    0x8ffde6, 0x000000, 0x000000, 0x00c9c9, 0x00f2db, 0x00b0f3, 0x00f2e0, 0x8ffde8, 0x00f2e2,
    0x000000, 0x000000, 0x000000, 0x8ffde9, 0x8ffdea, 0x000000, 0x00b3ef, 0x00f2cd, 0x00b1b7,
    0x000000, 0x000000, 0x00f2e4, 0x000000, 0x00fed1, 0x000000, 0x000000, 0x000000, 0x8ffdeb,
    0x00f2e3, 0x00f2e1, 0x00c3ad, 0x8ffdee, 0x8ffdef, 0x000000, 0x000000, 0x000000, 0x000000,
    0x00fed2, 0x00fed3, 0x000000, 0x00cbf0, 0x00fed4, 0x8ffdf1, 0x000000, 0x000000, 0x00ceda,
    0x8ffdf2, 0x000000, 0x00f2e5, 0x8ffdf3, 0x8ffdec, 0x8ffdf4, 0x000000, 0x8ffdf5, 0x00f2e6,
    0x000000, 0x000000, 0x00fed5, 0x000000, 0x00fed6, 0x000000, 0x00f2e7, 0x000000, 0x8ffdf6,
    0x8ffdf7, 0x8ffdf8, 0x000000, 0x8ffdf9, 0x8ffdfa, 0x000000, 0x8ffdfb, 0x000000, 0x8ffdfc,
    0x000000, 0x000000, 0x8ffdfd, 0x00f2e8, 0x00fed7, 0x00f2e9, 0x000000, 0x8ffdfe, 0x000000,
    0x000000, 0x000000, 0x000000, 0x000000, 0x000000, 0x000000, 0x000000, 0x000000, 0x000000,
    0x000000, 0x000000, 0x000000, 0x000000, 0x000000, 0x000000, 0x000000, 0x000000, 0x000000,
    0x000000, 0x000000, 0x000000, 0x000000, 0x000000, 0x000000, 0x000000, 0x000000, 0x000000,
    0x000000, 0x000000, 0x000000, 0x000000, 0x000000, 0x000000, 0x000000, 0x000000, 0x000000,
    0x00c4bb, 0x8ffea1, 0x00f2ea, 0x000000, 0x00c8b7, 0x000000, 0x00f2ef, 0x00f2eb, 0x000000,
    0x000000, 0x000000, 0x00f2ec, 0x000000, 0x8ffea2, 0x00cbb1, 0x00ccc4, 0x000000, 0x00c6d0,
    0x000000, 0x000000, 0x000000, 0x000000, 0x000000, 0x000000, 0x000000, 0x000000, 0x000000,
    0x8ffea4, 0x00f2f0, 0x000000, 0x000000, 0x00f2f1, 0x00c6be, 0x00f2ee, 0x00f2ed, 0x000000,
    0x8ffea3, 0x000000, 0x000000, 0x00b2aa, 0x000000, 0x000000, 0x8ffea6, 0x00f2f9, 0x000000,
    0x000000, 0x00f2f8, 0x000000, 0x8ffea7, 0x8ffea8, 0x000000, 0x000000, 0x00b1f5, 0x000000,
    0x00fed8, 0x00fed9, 0x00f2f6, 0x000000, 0x000000, 0x000000, 0x00f2f5, 0x000000, 0x000000,
    0x00f2f3, 0x000000, 0x00b3fb, 0x000000, 0x00f2f2, 0x00bcb2, 0x00b2a9, 0x000000, 0x000000,
    0x000000, 0x000000, 0x000000, 0x8ffeac, 0x000000, 0x000000, 0x000000, 0x000000, 0x000000,
    0x000000, 0x000000, 0x000000, 0x00b9e3, 0x000000, 0x000000, 0x00f2fc, 0x00f2fb, 0x000000,
    0x00f2fa, 0x8ffeae, 0x00feda, 0x00f2f7, 0x000000, 0x00f2fd, 0x00fedb, 0x00f2fe, 0x000000,
    0x8ffeaf, 0x000000, 0x000000, 0x000000, 0x000000, 0x000000, 0x00f3a5, 0x00f3a4, 0x00fedc,
    0x000000, 0x000000, 0x000000, 0x000000, 0x000000, 0x000000, 0x00f3a6, 0x000000, 0x000000,
    0x00b1ad, 0x00f3a1, 0x00f3a2, 0x8ffeb0, 0x00b9f4, 0x00ccb9, 0x8ffeb1, 0x00fedd, 0x00f3a3,
    0x000000, 0x000000, 0x000000, 0x000000, 0x8ffeb3, 0x000000, 0x8ffeb4, 0x00cbb2, 0x000000,
    0x000000, 0x00f3ab, 0x00fede, 0x000000, 0x00f3a7, 0x8ffeb6, 0x000000, 0x000000, 0x8ffeb7,
    0x8ffeb8, 0x000000, 0x000000, 0x00f3ac, 0x000000, 0x00fedf, 0x000000, 0x8ffeb9, 0x000000,
    0x000000, 0x000000, 0x000000, 0x8ffeba, 0x000000, 0x000000, 0x00f3a9, 0x000000, 0x00f3a8,
    0x00fee0, 0x000000, 0x000000, 0x8ffebb, 0x000000, 0x00b7dc, 0x000000, 0x000000, 0x000000,
    0x000000, 0x000000, 0x000000, 0x00fee1, 0x000000, 0x000000, 0x8ffebc, 0x00f3ad, 0x000000,
    0x000000, 0x000000, 0x000000, 0x000000, 0x000000, 0x8ffebd, 0x000000, 0x000000, 0x00f3ae,
    0x000000, 0x000000, 0x000000, 0x000000, 0x00f3af, 0x000000, 0x00f3aa, 0x00fee3, 0x000000,
    0x000000, 0x00f2f4, 0x000000, 0x000000, 0x00f3b0, 0x000000, 0x00c4e1, 0x8ffebf, 0x000000,
    0x000000, 0x00f3b4, 0x8ffec0, 0x00f3b5, 0x00f3b3, 0x00fee4, 0x8ffec1, 0x000000, 0x8ffebe,
    0x00fee2, 0x00f3b2, 0x00f3b8, 0x8ffec2, 0x00f3b1, 0x000000, 0x00f3b6, 0x8ffec3, 0x000000,
    0x8ffec4, 0x000000, 0x000000, 0x000000, 0x000000, 0x000000, 0x00f3b7, 0x000000, 0x000000,
    0x000000, 0x00f3ba, 0x000000, 0x000000, 0x8ffec5, 0x00fee5, 0x000000, 0x00f3b9, 0x8ffec6,
    0x000000, 0x000000, 0x000000, 0x000000, 0x8ffec7, 0x8ffec8, 0x000000, 0x000000, 0x8ffec9,
    0x000000, 0x000000, 0x00f3bc, 0x00fee7, 0x000000, 0x000000, 0x000000, 0x000000, 0x000000,
    0x00f3bd, 0x000000, 0x00f3be, 0x000000, 0x000000, 0x00cfc9, 0x000000, 0x8ffeca, 0x000000,
    0x000000, 0x000000, 0x00f3bb, 0x00c2eb, 0x00baed, 0x000000, 0x000000, 0x00f3bf, 0x000000,
    0x000000, 0x8ffecd, 0x000000, 0x000000, 0x000000, 0x000000, 0x00fee8, 0x000000, 0x000000,
    0x8ffecc, 0x000000, 0x000000, 0x8ffece, 0x000000, 0x000000, 0x000000, 0x000000, 0x000000,
    0x000000, 0x000000, 0x00fee9, 0x000000, 0x000000, 0x000000, 0x8ffecf, 0x00f3c0, 0x00f3c1,
    0x8ffed0, 0x8ffed1, 0x00f3c2, 0x000000, 0x000000, 0x000000, 0x000000, 0x000000, 0x000000,
    0x000000, 0x000000, 0x000000, 0x000000, 0x000000, 0x000000, 0x000000, 0x000000, 0x000000,
    0x000000, 0x000000, 0x000000, 0x000000, 0x000000, 0x000000, 0x000000, 0x000000, 0x000000,
    0x000000, 0x000000, 0x000000, 0x000000, 0x000000, 0x000000, 0x000000, 0x000000, 0x000000,
    0x000000, 0x000000, 0x000000, 0x000000, 0x000000, 0x000000, 0x000000, 0x000000, 0x000000,
    0x000000, 0x000000, 0x000000, 0x000000, 0x000000, 0x000000, 0x000000, 0x000000, 0x000000,
    0x000000, 0x000000, 0x00f3c3, 0x000000, 0x000000, 0x00b8b4, 0x00f3c4, 0x000000, 0x8ffed2,
    0x00feea, 0x00f3c5, 0x000000, 0x00bcaf, 0x8ffed4, 0x00f3c6, 0x000000, 0x000000, 0x000000,
    0x8ffed5, 0x000000, 0x000000, 0x00f3c7, 0x000000, 0x000000, 0x00f3c8, 0x00f3c9, 0x000000,
    0x000000, 0x000000, 0x000000, 0x00f3cc, 0x00f3ca, 0x00cfbc, 0x000000, 0x00f3cb, 0x000000,
    0x00ceef, 0x000000, 0x000000, 0x000000, 0x8ffed6, 0x000000, 0x00f3cd, 0x00feeb, 0x00cedb,
    0x000000, 0x000000, 0x000000, 0x000000, 0x00feec, 0x00f3ce, 0x00c7fe, 0x000000, 0x8ffed7,
    0x00f3cf, 0x00f3d1, 0x000000, 0x00feed, 0x00f3d2, 0x000000, 0x00feee, 0x000000, 0x000000,
    0x000000, 0x000000, 0x00feef, 0x00fef0, 0x000000, 0x000000, 0x00f3d0, 0x00b9ed, 0x00cccd,
    0x00cbe3, 0x00d6f7, 0x8ffed9, 0x00dde0, 0x00cbfb, 0x000000, 0x000000, 0x000000, 0x00fef1,
    0x00b2ab, 0x000000, 0x000000, 0x000000, 0x000000, 0x000000, 0x000000, 0x000000, 0x00f3d4,
    0x00b5d0, 0x00f3d5, 0x00f3d6, 0x00f3d7, 0x00fef2, 0x00b9f5, 0x000000, 0x00f3d8, 0x000000,
    0x000000, 0x000000, 0x00e0d4, 0x00ccdb, 0x000000, 0x00c2e3, 0x00f3d9, 0x00f3db, 0x00f3da,
    0x8ffedb, 0x00f3dc, 0x000000, 0x000000, 0x000000, 0x000000, 0x00f3dd, 0x000000, 0x8ffedc,
    0x00f3de, 0x000000, 0x000000, 0x000000, 0x000000, 0x000000, 0x8ffedd, 0x00f3df, 0x000000,
    0x000000, 0x000000, 0x000000, 0x00f3e0, 0x000000, 0x00f3e1, 0x00f3e2, 0x000000, 0x00f3e3,
    0x000000, 0x00f3e4, 0x00f3e5, 0x00f3e6, 0x000000, 0x8ffede, 0x000000, 0x000000, 0x8ffedf,
    0x8ffee1, 0x000000, 0x000000, 0x000000, 0x00f3e7, 0x00f3e8, 0x000000, 0x000000, 0x000000,
    0x000000, 0x000000, 0x00c5a4, 0x000000, 0x00fef3, 0x000000, 0x000000, 0x00b8dd, 0x000000,
    0x00f3ea, 0x000000, 0x8ffee2, 0x000000, 0x8ffee3, 0x000000, 0x000000, 0x000000, 0x000000,
    0x000000, 0x000000, 0x00c1cd, 0x00f3eb, 0x000000, 0x000000, 0x000000, 0x000000, 0x000000,
    0x000000, 0x000000, 0x000000, 0x000000, 0x000000, 0x00f3ec, 0x000000, 0x000000, 0x8ffee4,
    0x000000, 0x000000, 0x000000, 0x000000, 0x000000, 0x000000, 0x000000, 0x8ffee5, 0x000000,
    0x00fef4, 0x8ffee6, 0x00c9a1, 0x000000, 0x8ffee7, 0x00f3ed, 0x000000, 0x8ffee8, 0x000000,
    0x000000, 0x000000, 0x8ffee9, 0x8ffeea, 0x000000, 0x000000, 0x000000, 0x00f3ee, 0x00e3b7,
    0x000000, 0x000000, 0x00ecda, 0x00f0ed, 0x000000, 0x000000, 0x00f3ef, 0x8ffeeb, 0x00f3f0,
    0x8ffeec, 0x000000, 0x00fef5, 0x8ffeed, 0x000000, 0x000000, 0x000000, 0x000000, 0x8ffeef,
    0x000000, 0x00f3f2, 0x00f3f3, 0x00f3f4, 0x00cef0, 0x00f3f1, 0x000000, 0x000000, 0x00f3f5,
    0x00f3f6, 0x000000, 0x8ffef1, 0x00f3f8, 0x000000, 0x00f3f7, 0x8ffef3, 0x000000, 0x000000,
    0x8ffef4, 0x000000, 0x00f3fa, 0x000000, 0x000000, 0x8ffef5, 0x00f3fb, 0x00f3f9, 0x000000,
    0x000000, 0x000000, 0x000000, 0x000000, 0x000000, 0x000000, 0x000000, 0x000000, 0x000000,
    0x000000, 0x000000, 0x000000, 0x00ceb6, 0x000000, 0x000000, 0x00fef6, 0x000000, 0x000000,
    0x000000, 0x00fef7, 0x00f3fc, 0x000000, 0x00fef8, 0x000000, 0x000000, 0x000000, 0x000000,
    0x00f3fd, 0x00e3d4, 0x000000, 0x000000, 0x00f3fe, 0x000000, 0x00fef9, 0x000000, 0x000000,
    0x000000, 0x000000, 0x000000, 0x000000, 0x000000, 0x000000, 0x000000, 0x000000, 0x000000,
    0x000000, 0x000000, 0x000000, 0x000000, 0x000000, 0x000000, 0x000000, 0x000000, 0x000000,
    0x000000, 0x000000, 0x000000, 0x000000, 0x000000, 0x000000, 0x000000, 0x000000, 0x000000,
    0x00f6bb, 0x000000, 0x000000, 0x000000, 0x000000, 0x000000, 0x000000, 0x000000, 0x000000,
    0x000000, 0x000000, 0x00f4ae, 0x00f5ce, 0x000000, 0x000000, 0x000000, 0x000000, 0x000000,
    0x000000, 0x000000, 0x000000, 0x000000, 0x000000, 0x000000, 0x000000, 0x00fbcf, 0x000000,
    0x000000, 0x000000, 0x000000, 0x000000, 0x000000, 0x000000, 0x000000, 0x000000, 0x000000,
    0x000000, 0x000000, 0x000000, 0x000000, 0x000000, 0x000000, 0x000000, 0x000000, 0x000000,
    0x000000, 0x000000, 0x000000, 0x000000, 0x000000, 0x000000, 0x000000, 0x000000, 0x000000,
    0x000000, 0x000000, 0x000000, 0x000000, 0x000000, 0x000000, 0x000000, 0x000000, 0x000000,
    0x000000, 0x000000, 0x000000, 0x000000, 0x000000, 0x000000, 0x000000, 0x000000, 0x000000,
    0x000000, 0x000000, 0x00f6c9, 0x000000, 0x000000, 0x000000, 0x000000, 0x000000, 0x000000,
    0x000000, 0x000000, 0x000000, 0x000000, 0x000000, 0x000000, 0x000000, 0x000000, 0x000000,
    0x000000, 0x00fea4, 0x000000, 0x000000, 0x000000, 0x000000, 0x000000, 0x000000, 0x000000,
    0x000000, 0x000000, 0x000000, 0x000000, 0x00fddd, 0x000000, 0x000000, 0x000000, 0x000000,
    0x000000, 0x000000, 0x000000, 0x000000, 0x000000, 0x000000, 0x000000, 0x000000, 0x000000,
    0x000000, 0x000000, 0x000000, 0x000000, 0x000000, 0x000000, 0x000000, 0x000000, 0x000000,
    0x000000, 0x000000, 0x000000, 0x000000, 0x000000, 0x000000, 0x000000, 0x000000, 0x000000,
    0x000000, 0x000000, 0x000000, 0x000000, 0x00afcb, 0x00afd7, 0x00cff2, 0x000000, 0x8faef9,
    0x00f5fa, 0x00f7da, 0x00f7ef, 0x000000, 0x000000, 0x00f9bc, 0x00f9bd, 0x00f9c1, 0x000000,
    0x000000, 0x000000, 0x00fbba, 0x8ff7b8, 0x8ff7c5, 0x00fcae, 0x000000, 0x8ff9ee, 0x000000,
    0x00fcea, 0x000000, 0x000000, 0x000000, 0x000000, 0x000000, 0x000000, 0x000000, 0x000000,
    0x000000, 0x00aeb8, 0x00aec9, 0x00aed0, 0x00aee3, 0x00aee8, 0x00aeee, 0x00afac, 0x00afaf,
    0x00afb6, 0x00afda, 0x00afde, 0x00cfe1, 0x00cfe2, 0x00f4d0, 0x00f4dc, 0x00f4de, 0x00f4e1,
    0x00f5a8, 0x00f5ab, 0x00f5c3, 0x00f5e5, 0x00f6e9, 0x00f6f7, 0x00f7a5, 0x00f7d5, 0x8ff0a9,
    0x00f8a5, 0x00f9a7, 0x00f9b3, 0x00f9b4, 0x00f9b7, 0x00f9b8, 0x00f9b9, 0x00f9bb, 0x00f9bf,
    0x00f9c0, 0x00f9cd, 0x00f9d1, 0x00f9e4, 0x00faae, 0x8ff4d0, 0x00fab3, 0x00faba, 0x00fac4,
    0x00fad8, 0x8ff5f4, 0x8ff5f5, 0x00fba7, 0x00fbef, 0x00fbf9, 0x00fcaf, 0x00fcb0, 0x00fcb8,
    0x00fcbd, 0x8ff9e9, 0x00fcd9, 0x00fde3, 0x00fdf6, 0x00fdfb, 0x000000, 0x000000, 0x000000,
    0x000000, 0x000000, 0x000000, 0x000000, 0x000000, 0x000000, 0x000000, 0x000000, 0x000000,
    0x000000, 0x000000, 0x000000, 0x000000, 0x000000, 0x000000, 0x000000, 0x000000, 0x000000,
    0x00a3be, 0x00a3bd, 0x000000, 0x000000, 0x000000, 0x000000, 0x000000, 0x000000, 0x000000,
    0x000000, 0x000000, 0x000000, 0x000000, 0x000000, 0x000000, 0x000000, 0x000000, 0x000000,
    0x000000, 0x000000, 0x000000, 0x000000, 0x000000, 0x000000, 0x000000, 0x000000, 0x000000,
    0x000000, 0x000000, 0x000000, 0x000000, 0x000000, 0x000000, 0x000000, 0x000000, 0x000000,
    0x000000, 0x000000, 0x000000, 0x000000, 0x000000, 0x000000, 0x000000, 0x000000, 0x000000,
    0x000000, 0x000000, 0x000000, 0x000000, 0x000000, 0x000000, 0x000000, 0x000000, 0x000000,
    0x000000, 0x000000, 0x000000, 0x000000, 0x000000, 0x00a1aa, 0x00a2b0, 0x00a1f4, 0x00a1f0,
    0x00a1f3, 0x00a1f5, 0x00a2af, 0x00a1ca, 0x00a1cb, 0x00a1f6, 0x00a1dc, 0x00a1a4, 0x00a2b1,
    0x00a1a5, 0x00a1bf, 0x00a3b0, 0x00a3b1, 0x00a3b2, 0x00a3b3, 0x00a3b4, 0x00a3b5, 0x00a3b6,
    0x00a3b7, 0x00a3b8, 0x00a3b9, 0x00a1a7, 0x00a1a8, 0x00a1e3, 0x00a1e1, 0x00a1e4, 0x00a1a9,
    0x00a1f7, 0x00a3c1, 0x00a3c2, 0x00a3c3, 0x00a3c4, 0x00a3c5, 0x00a3c6, 0x00a3c7, 0x00a3c8,
    0x00a3c9, 0x00a3ca, 0x00a3cb, 0x00a3cc, 0x00a3cd, 0x00a3ce, 0x00a3cf, 0x00a3d0, 0x00a3d1,
    0x00a3d2, 0x00a3d3, 0x00a3d4, 0x00a3d5, 0x00a3d6, 0x00a3d7, 0x00a3d8, 0x00a3d9, 0x00a3da,
    0x00a1ce, 0x00a1c0, 0x00a1cf, 0x00a1b0, 0x00a1b2, 0x00a1ae, 0x00a3e1, 0x00a3e2, 0x00a3e3,
    0x00a3e4, 0x00a3e5, 0x00a3e6, 0x00a3e7, 0x00a3e8, 0x00a3e9, 0x00a3ea, 0x00a3eb, 0x00a3ec,
    0x00a3ed, 0x00a3ee, 0x00a3ef, 0x00a3f0, 0x00a3f1, 0x00a3f2, 0x00a3f3, 0x00a3f4, 0x00a3f5,
    0x00a3f6, 0x00a3f7, 0x00a3f8, 0x00a3f9, 0x00a3fa, 0x00a1d0, 0x00a1c3, 0x00a1d1, 0x00a2b2,
    0x00a2d6, 0x00a2d7, 0x008ea1, 0x008ea2, 0x008ea3, 0x008ea4, 0x008ea5, 0x008ea6, 0x008ea7,
    0x008ea8, 0x008ea9, 0x008eaa, 0x008eab, 0x008eac, 0x008ead, 0x008eae, 0x008eaf, 0x008eb0,
    0x008eb1, 0x008eb2, 0x008eb3, 0x008eb4, 0x008eb5, 0x008eb6, 0x008eb7, 0x008eb8, 0x008eb9,
    0x008eba, 0x008ebb, 0x008ebc, 0x008ebd, 0x008ebe, 0x008ebf, 0x008ec0, 0x008ec1, 0x008ec2,
    0x008ec3, 0x008ec4, 0x008ec5, 0x008ec6, 0x008ec7, 0x008ec8, 0x008ec9, 0x008eca, 0x008ecb,
    0x008ecc, 0x008ecd, 0x008ece, 0x008ecf, 0x008ed0, 0x008ed1, 0x008ed2, 0x008ed3, 0x008ed4,
    0x008ed5, 0x008ed6, 0x008ed7, 0x008ed8, 0x008ed9, 0x008eda, 0x008edb, 0x008edc, 0x008edd,
    0x008ede, 0x008edf, 0x000000, 0x000000, 0x000000, 0x000000, 0x000000, 0x000000, 0x000000,
    0x000000, 0x000000, 0x000000, 0x000000, 0x000000, 0x000000, 0x000000, 0x000000, 0x000000,
    0x000000, 0x000000, 0x000000, 0x000000, 0x000000, 0x000000, 0x000000, 0x000000, 0x000000,
    0x000000, 0x000000, 0x000000, 0x000000, 0x000000, 0x000000, 0x000000, 0x006fc2, 0x006fcd,
    0x00700b, 0x00704b, 0x007085, 0x0070c3, 0x007102, 0x007142, 0x007182, 0x0071c1, 0x007201,
    0x007241, 0x007276, 0x000000, 0x0072ad, 0x000000, 0x000000, 0x000000, 0x0072d2, 0x000000,
    0x0072ff, 0x000000, 0x000000, 0x000000, 0x007314, 0x007340, 0x00737f, 0x007386, 0x000000,
    0x0073c0, 0x000000, 0x000000, 0x0073f7, 0x000000, 0x000000, 0x007421, 0x007439, 0x000000,
    0x000000, 0x000000, 0x000000, 0x00746a, 0x000000, 0x000000, 0x0074a3, 0x000000, 0x0074de,
    0x000000, 0x000000, 0x007518, 0x007555, 0x000000, 0x000000, 0x000000, 0x000000, 0x007582,
    0x0075a5, 0x000000, 0x0075c6, 0x000000, 0x000000, 0x000000, 0x000000, 0x000000, 0x000000,
    0x007601, 0x000000, 0x007620, 0x000000, 0x007642, 0x007670, 0x000000, 0x000000, 0x007691,
    0x000000, 0x000000, 0x000000, 0x000000, 0x000000, 0x000000, 0x000000, 0x000000, 0x0076d0,
    0x00770e, 0x000000, 0x00774a, 0x007788, 0x0077c4, 0x000000, 0x007800, 0x000000, 0x007813,
    0x000000, 0x000000, 0x000000, 0x000000, 0x000000, 0x007842, 0x000000, 0x00787b, 0x007887,
    0x000000, 0x0078c1, 0x0078ff, 0x000000, 0x000000, 0x000000, 0x000000, 0x007902, 0x000000,
    0x000000, 0x000000, 0x000000, 0x007940, 0x000000, 0x000000, 0x000000, 0x000000, 0x000000,
    0x000000, 0x000000, 0x000000, 0x000000, 0x00796a, 0x000000, 0x000000, 0x007981, 0x0079bc,
    0x0079f5, 0x007a2d, 0x007a4e, 0x000000, 0x000000, 0x000000, 0x007a83, 0x007aa2, 0x000000,
    0x007ad9, 0x000000, 0x000000, 0x000000, 0x000000, 0x000000, 0x007b14, 0x000000, 0x000000,
    0x007b50, 0x000000, 0x000000, 0x000000, 0x007b72, 0x000000, 0x007b91, 0x000000, 0x000000,
    0x000000, 0x000000, 0x000000, 0x000000, 0x000000, 0x000000, 0x000000, 0x000000, 0x000000,
    0x000000, 0x007bbf, 0x000000, 0x000000, 0x000000, 0x000000, 0x000000, 0x007bf3, 0x007c0f,
    0x000000, 0x000000, 0x000000, 0x007c40, 0x000000, 0x000000, 0x000000, 0x007c50, 0x000000,
    0x000000, 0x007c8a, 0x007ca4, 0x000000, 0x007ccb, 0x000000, 0x000000, 0x000000, 0x000000,
    0x000000, 0x000000, 0x007cf0, 0x000000, 0x000000, 0x000000, 0x000000, 0x000000, 0x000000,
    0x000000, 0x000000, 0x007d12, 0x007d4f, 0x000000, 0x000000, 0x000000, 0x000000, 0x000000,
    0x007d85, 0x000000, 0x007db8, 0x000000, 0x007dee, 0x000000, 0x007e14, 0x000000, 0x007e3a,
    0x007e66, 0x007ea2, 0x007eaa, 0x007ee5, 0x000000, 0x000000, 0x007f19, 0x007f59, 0x000000,
    0x007f7e, 0x007fbe, 0x000000, 0x000000, 0x000000, 0x000000, 0x000000, 0x000000, 0x000000,
    0x000000, 0x000000, 0x007ffc, 0x000000, 0x000000, 0x000000, 0x000000, 0x000000, 0x000000,
    0x008015, 0x000000, 0x008055, 0x008095, 0x0080d5, 0x000000, 0x008102, 0x000000, 0x000000,
    0x000000, 0x000000, 0x000000, 0x00813d, 0x000000, 0x000000, 0x00817c, 0x000000, 0x0081b9,
    0x000000, 0x000000, 0x0081f3, 0x000000, 0x000000, 0x000000, 0x000000, 0x000000, 0x000000,
    0x008232, 0x000000, 0x000000, 0x000000, 0x000000, 0x000000, 0x000000, 0x000000, 0x000000,
    0x000000, 0x00826f, 0x000000, 0x008299, 0x000000, 0x000000, 0x000000, 0x000000, 0x0082bf,
    0x000000, 0x000000, 0x0082f1, 0x000000, 0x000000, 0x000000, 0x000000, 0x000000, 0x000000,
    0x008324, 0x000000, 0x000000, 0x000000, 0x00834e, 0x000000, 0x000000, 0x00837e, 0x000000,
    0x000000, 0x000000, 0x0083aa, 0x000000, 0x000000, 0x000000, 0x0083dc, 0x008414, 0x008449,
    0x000000, 0x000000, 0x000000, 0x000000, 0x000000, 0x00847f, 0x000000, 0x000000, 0x00849d,
    0x000000, 0x0084c0, 0x0084f3, 0x008519, 0x00854d, 0x000000, 0x000000, 0x000000, 0x000000,
    0x000000, 0x000000, 0x00855f, 0x000000, 0x008591, 0x0085b8, 0x0085ea, 0x000000, 0x008603,
    0x000000, 0x000000, 0x000000, 0x000000, 0x000000, 0x000000, 0x00862b, 0x00865d, 0x000000,
    0x000000, 0x000000, 0x000000, 0x000000, 0x000000, 0x000000, 0x000000, 0x008699, 0x000000,
    0x000000, 0x000000, 0x0086b6, 0x000000, 0x000000, 0x0086e8, 0x000000, 0x000000, 0x00871d,
    0x000000, 0x000000, 0x000000, 0x000000, 0x008742, 0x000000, 0x008764, 0x008793, 0x000000,
    0x0087d1, 0x0087fa, 0x00881e, 0x000000, 0x00884a, 0x008886, 0x0088a6, 0x000000, 0x0088c7,
    0x000000, 0x000000, 0x000000, 0x000000, 0x000000, 0x0088f5, 0x00892f, 0x000000, 0x000000,
    0x008963, 0x000000, 0x000000, 0x0089a1, 0x000000, 0x000000, 0x000000, 0x000000, 0x000000,
    0x000000, 0x000000, 0x000000, 0x0089a4, 0x0089e3, 0x000000, 0x008a14, 0x000000, 0x000000,
    0x000000, 0x000000, 0x000000, 0x000000, 0x008a37, 0x000000, 0x008a66, 0x000000, 0x008a96,
    0x008ab8, 0x008ae0, 0x008b14, 0x008b4c, 0x000000, 0x000000, 0x000000, 0x000000, 0x008b8c,
    0x008bb6, 0x000000, 0x008bea, 0x000000, 0x000000, 0x000000, 0x000000, 0x000000, 0x008c2a,
    0x000000, 0x000000, 0x000000, 0x000000, 0x008c56, 0x008c6b, 0x000000, 0x000000, 0x000000,
    0x008ca4, 0x008cd9, 0x000000, 0x000000, 0x000000, 0x000000, 0x000000, 0x000000, 0x000000,
    0x000000, 0x000000, 0x000000, 0x008d13, 0x008d52, 0x008d89, 0x000000, 0x000000, 0x000000,
    0x000000, 0x000000, 0x000000, 0x008db5, 0x000000, 0x008df1, 0x000000, 0x008e23, 0x008e51,
    0x000000, 0x000000, 0x000000, 0x000000, 0x000000, 0x000000, 0x000000, 0x000000, 0x008e8c,
    0x000000, 0x000000, 0x000000, 0x008ec8, 0x000000, 0x000000, 0x000000, 0x008ed5, 0x008f14,
    0x000000, 0x000000, 0x008f1c, 0x000000, 0x000000, 0x000000, 0x008f55, 0x000000, 0x008f85,
    0x000000, 0x000000, 0x000000, 0x000000, 0x000000, 0x008f96, 0x000000, 0x000000, 0x008fce,
    0x000000, 0x000000, 0x000000, 0x000000, 0x000000, 0x000000, 0x00900a, 0x009048, 0x009055,
    0x000000, 0x000000, 0x000000, 0x009089, 0x0090bd, 0x0090e8, 0x000000, 0x000000, 0x000000,
    0x0090fe, 0x000000, 0x009136, 0x000000, 0x000000, 0x000000, 0x00915f, 0x000000, 0x000000,
    0x000000, 0x000000, 0x000000, 0x000000, 0x000000, 0x000000, 0x000000, 0x00919a, 0x0091d3,
    0x000000, 0x00920f, 0x00924c, 0x00927e, 0x0092b1, 0x000000, 0x000000, 0x000000, 0x0092f0,
    0x000000, 0x000000, 0x000000, 0x000000, 0x009320, 0x009331, 0x000000, 0x009363, 0x00939f,
    0x000000, 0x0093d6, 0x0093eb, 0x009417, 0x000000, 0x000000, 0x00944a, 0x000000, 0x000000,
    0x000000, 0x000000, 0x000000, 0x000000, 0x000000, 0x000000, 0x000000, 0x000000, 0x009483,
    0x000000, 0x000000, 0x000000, 0x000000, 0x000000, 0x000000, 0x000000, 0x0094b5, 0x000000,
    0x000000, 0x000000, 0x000000, 0x0094e6, 0x000000, 0x0094f6, 0x000000, 0x009536, 0x009567,
    0x009597, 0x000000, 0x000000, 0x000000, 0x000000, 0x000000, 0x0095d1, 0x000000, 0x000000,
    0x000000, 0x000000, 0x000000, 0x0095df, 0x000000, 0x000000, 0x000000, 0x000000, 0x000000,
    0x000000, 0x000000, 0x000000, 0x000000, 0x000000, 0x000000, 0x000000, 0x000000, 0x009612,
    0x00963d, 0x00967b, 0x0096b1, 0x0096ed, 0x000000, 0x000000, 0x000000, 0x00971f, 0x009745,
    0x000000, 0x009783, 0x00978a, 0x000000, 0x000000, 0x0097c4, 0x000000, 0x000000, 0x000000,
    0x000000, 0x000000, 0x000000, 0x000000, 0x0097f8, 0x000000, 0x009805, 0x000000, 0x000000,
    0x000000, 0x000000, 0x000000, 0x000000, 0x00983d, 0x00987b, 0x000000, 0x0098bb, 0x000000,
    0x000000, 0x000000, 0x000000, 0x000000, 0x000000, 0x000000, 0x000000, 0x000000, 0x000000,
    0x000000, 0x000000, 0x000000, 0x000000, 0x000000, 0x000000, 0x000000, 0x000000, 0x000000,
    0x000000, 0x000000, 0x000000, 0x000000, 0x000000, 0x000000, 0x000000, 0x000000, 0x000000,
    0x000000, 0x000000, 0x000000, 0x000000, 0x000000, 0x000000, 0x000000, 0x000000, 0x000000,
    0x00aea2, 0x000000, 0x000000, 0x000000, 0x000000, 0x000000, 0x000000, 0x000000, 0x000000,
    0x000000, 0x000000, 0x000000, 0x000000, 0x000000, 0x000000, 0x000000, 0x000000, 0x000000,
    0x000000, 0x000000, 0x000000, 0x000000, 0x000000, 0x000000, 0x000000, 0x000000, 0x000000,
    0x000000, 0x000000, 0x000000, 0x000000, 0x000000, 0x000000, 0x000000, 0x000000, 0x000000,
    0x000000, 0x000000, 0x000000, 0x000000, 0x000000, 0x000000, 0x000000, 0x000000, 0x000000,
    0x000000, 0x000000, 0x000000, 0x000000, 0x000000, 0x000000, 0x000000, 0x000000, 0x8fa1a1,
    0x000000, 0x000000, 0x000000, 0x000000, 0x000000, 0x000000, 0x000000, 0x000000, 0x000000,
    0x000000, 0x000000, 0x000000, 0x000000, 0x000000, 0x000000, 0x000000, 0x000000, 0x000000,
    0x000000, 0x000000, 0x000000, 0x000000, 0x000000, 0x000000, 0x8fa1ab, 0x000000, 0x8fa1ae,
    0x000000, 0x000000, 0x000000, 0x000000, 0x000000, 0x000000, 0x000000, 0x000000, 0x000000,
    0x000000, 0x000000, 0x000000, 0x000000, 0x000000, 0x000000, 0x000000, 0x000000, 0x000000,
    0x000000, 0x000000, 0x000000, 0x000000, 0x000000, 0x000000, 0x000000, 0x000000, 0x000000,
    0x000000, 0x000000, 0x000000, 0x000000, 0x000000, 0x000000, 0x000000, 0x8fa1b6, 0x000000,
    0x000000, 0x000000, 0x000000, 0x000000, 0x000000, 0x000000, 0x000000, 0x000000, 0x000000,
    0x000000, 0x000000, 0x000000, 0x000000, 0x000000, 0x000000, 0x000000, 0x000000, 0x000000,
    0x000000, 0x000000, 0x000000, 0x000000, 0x000000, 0x000000, 0x000000, 0x000000, 0x000000,
    0x000000, 0x8fa1c6, 0x000000, 0x000000, 0x000000, 0x000000, 0x000000, 0x000000, 0x000000,
    0x000000, 0x000000, 0x000000, 0x000000, 0x000000, 0x000000, 0x000000, 0x000000, 0x000000,
    0x000000, 0x000000, 0x000000, 0x000000, 0x000000, 0x000000, 0x000000, 0x000000, 0x000000,
    0x000000, 0x000000, 0x000000, 0x000000, 0x000000, 0x000000, 0x000000, 0x000000, 0x000000,
    0x000000, 0x000000, 0x000000, 0x000000, 0x000000, 0x000000, 0x000000, 0x000000, 0x000000,
    0x000000, 0x8fa1f0, 0x000000, 0x000000, 0x000000, 0x000000, 0x000000, 0x000000, 0x000000,
    0x000000, 0x000000, 0x000000, 0x000000, 0x000000, 0x000000, 0x000000, 0x000000, 0x000000,
    0x000000, 0x000000, 0x000000, 0x000000, 0x000000, 0x000000, 0x000000, 0x000000, 0x000000,
    0x000000, 0x000000, 0x000000, 0x000000, 0x000000, 0x000000, 0x000000, 0x000000, 0x000000,
    0x000000, 0x000000, 0x000000, 0x000000, 0x000000, 0x000000, 0x000000, 0x000000, 0x000000,
    0x000000, 0x000000, 0x000000, 0x000000, 0x000000, 0x000000, 0x8fa1f9, 0x000000, 0x000000,
    0x000000, 0x000000, 0x000000, 0x000000, 0x000000, 0x000000, 0x000000, 0x000000, 0x000000,
    0x000000, 0x000000, 0x000000, 0x8fa1f7, 0x000000, 0x000000, 0x000000, 0x000000, 0x000000,
    0x000000, 0x000000, 0x000000, 0x000000, 0x000000, 0x000000, 0x000000, 0x000000, 0x000000,
    0x000000, 0x000000, 0x000000, 0x000000, 0x000000, 0x000000, 0x000000, 0x000000, 0x000000,
    0x000000, 0x000000, 0x000000, 0x000000, 0x000000, 0x000000, 0x000000, 0x000000, 0x000000,
    0x000000, 0x000000, 0x000000, 0x000000, 0x000000, 0x000000, 0x000000, 0x000000, 0x000000,
    0x000000, 0x000000, 0x000000, 0x000000, 0x000000, 0x000000, 0x000000, 0x000000, 0x000000,
    0x000000, 0x000000, 0x000000, 0x000000, 0x000000, 0x000000, 0x000000, 0x000000, 0x000000,
    0x000000, 0x000000, 0x000000, 0x8fa3a2, 0x000000, 0x000000, 0x000000, 0x000000, 0x000000,
    0x000000, 0x000000, 0x000000, 0x000000, 0x000000, 0x8fa3a5, 0x000000, 0x000000, 0x000000,
    0x000000, 0x000000, 0x000000, 0x000000, 0x000000, 0x000000, 0x000000, 0x000000, 0x000000,
    0x000000, 0x000000, 0x000000, 0x000000, 0x000000, 0x000000, 0x000000, 0x000000, 0x000000,
    0x000000, 0x000000, 0x000000, 0x000000, 0x000000, 0x000000, 0x000000, 0x000000, 0x000000,
    0x000000, 0x000000, 0x000000, 0x000000, 0x000000, 0x000000, 0x000000, 0x000000, 0x000000,
    0x000000, 0x000000, 0x000000, 0x000000, 0x000000, 0x000000, 0x000000, 0x000000, 0x000000,
    0x000000, 0x000000, 0x000000, 0x000000, 0x000000, 0x8fa3a7, 0x000000, 0x000000, 0x000000,
    0x000000, 0x000000, 0x000000, 0x000000, 0x000000, 0x000000, 0x000000, 0x000000, 0x000000,
    0x000000, 0x000000, 0x000000, 0x000000, 0x000000, 0x000000, 0x000000, 0x000000, 0x000000,
    0x000000, 0x000000, 0x000000, 0x000000, 0x000000, 0x000000, 0x000000, 0x000000, 0x000000,
    0x000000, 0x000000, 0x000000, 0x000000, 0x000000, 0x000000, 0x000000, 0x000000, 0x000000,
    0x000000, 0x000000, 0x000000, 0x000000, 0x000000, 0x000000, 0x000000, 0x000000, 0x000000,
    0x000000, 0x000000, 0x000000, 0x000000, 0x000000, 0x000000, 0x8fa3b1, 0x000000, 0x000000,
    0x000000, 0x000000, 0x000000, 0x000000, 0x000000, 0x000000, 0x000000, 0x000000, 0x000000,
    0x000000, 0x000000, 0x000000, 0x000000, 0x000000, 0x000000, 0x000000, 0x000000, 0x000000,
    0x000000, 0x000000, 0x000000, 0x000000, 0x000000, 0x000000, 0x000000, 0x000000, 0x000000,
    0x000000, 0x000000, 0x000000, 0x000000, 0x000000, 0x000000, 0x000000, 0x000000, 0x000000,
    0x000000, 0x000000, 0x000000, 0x8fa3b2, 0x000000, 0x000000, 0x000000, 0x000000, 0x000000,
    0x000000, 0x000000, 0x000000, 0x000000, 0x000000, 0x000000, 0x000000, 0x000000, 0x000000,
    0x000000, 0x000000, 0x000000, 0x000000, 0x000000, 0x000000, 0x000000, 0x000000, 0x000000,
    0x8fa3b8, 0x000000, 0x000000, 0x000000, 0x000000, 0x000000, 0x000000, 0x000000, 0x000000,
    0x000000, 0x000000, 0x000000, 0x000000, 0x000000, 0x000000, 0x000000, 0x000000, 0x000000,
    0x000000, 0x000000, 0x000000, 0x000000, 0x000000, 0x000000, 0x000000, 0x000000, 0x000000,
    0x000000, 0x000000, 0x000000, 0x000000, 0x000000, 0x000000, 0x000000, 0x000000, 0x000000,
    0x000000, 0x000000, 0x000000, 0x000000, 0x000000, 0x000000, 0x000000, 0x000000, 0x000000,
    0x000000, 0x000000, 0x000000, 0x000000, 0x8fa3bf, 0x000000, 0x000000, 0x000000, 0x000000,
    0x000000, 0x000000, 0x000000, 0x000000, 0x000000, 0x000000, 0x000000, 0x000000, 0x000000,
    0x000000, 0x000000, 0x000000, 0x000000, 0x000000, 0x000000, 0x000000, 0x000000, 0x000000,
    0x000000, 0x000000, 0x000000, 0x000000, 0x000000, 0x000000, 0x000000, 0x000000, 0x000000,
    0x000000, 0x000000, 0x000000, 0x000000, 0x000000, 0x000000, 0x000000, 0x000000, 0x000000,
    0x000000, 0x000000, 0x000000, 0x000000, 0x000000, 0x000000, 0x000000, 0x000000, 0x000000,
    0x000000, 0x8fa3c1, 0x000000, 0x000000, 0x000000, 0x000000, 0x000000, 0x000000, 0x000000,
    0x000000, 0x000000, 0x000000, 0x000000, 0x000000, 0x000000, 0x000000, 0x000000, 0x000000,
    0x000000, 0x000000, 0x000000, 0x000000, 0x000000, 0x000000, 0x000000, 0x000000, 0x000000,
    0x000000, 0x000000, 0x000000, 0x000000, 0x000000, 0x000000, 0x000000, 0x000000, 0x000000,
    0x000000, 0x000000, 0x000000, 0x000000, 0x000000, 0x000000, 0x000000, 0x000000, 0x000000,
    0x000000, 0x000000, 0x000000, 0x000000, 0x000000, 0x000000, 0x000000, 0x000000, 0x000000,
    0x000000, 0x000000, 0x000000, 0x000000, 0x000000, 0x8fa3ca, 0x000000, 0x000000, 0x000000,
    0x000000, 0x000000, 0x000000, 0x000000, 0x000000, 0x000000, 0x000000, 0x000000, 0x000000,
    0x000000, 0x000000, 0x000000, 0x000000, 0x000000, 0x000000, 0x000000, 0x000000, 0x000000,
    0x000000, 0x000000, 0x000000, 0x000000, 0x000000, 0x000000, 0x000000, 0x000000, 0x000000,
    0x000000, 0x000000, 0x000000, 0x000000, 0x000000, 0x000000, 0x000000, 0x000000, 0x000000,
    0x000000, 0x000000, 0x000000, 0x000000, 0x000000, 0x000000, 0x000000, 0x000000, 0x000000,
    0x000000, 0x000000, 0x000000, 0x000000, 0x000000, 0x000000, 0x000000, 0x000000, 0x000000,
    0x000000, 0x000000, 0x000000, 0x8fa3d2, 0x000000, 0x000000, 0x000000, 0x000000, 0x000000,
    0x000000, 0x000000, 0x000000, 0x000000, 0x000000, 0x000000, 0x000000, 0x000000, 0x000000,
    0x000000, 0x000000, 0x000000, 0x000000, 0x000000, 0x000000, 0x000000, 0x000000, 0x000000,
    0x000000, 0x000000, 0x000000, 0x000000, 0x000000, 0x000000, 0x8fa3d3, 0x000000, 0x000000,
    0x000000, 0x000000, 0x000000, 0x000000, 0x000000, 0x000000, 0x000000, 0x000000, 0x000000,
    0x000000, 0x000000, 0x000000, 0x000000, 0x000000, 0x000000, 0x000000, 0x000000, 0x000000,
    0x000000, 0x000000, 0x000000, 0x000000, 0x000000, 0x000000, 0x000000, 0x000000, 0x000000,
    0x000000, 0x000000, 0x000000, 0x000000, 0x000000, 0x8fa3d9, 0x000000, 0x000000, 0x000000,
    0x000000, 0x000000, 0x000000, 0x000000, 0x000000, 0x000000, 0x000000, 0x000000, 0x000000,
    0x000000, 0x000000, 0x000000, 0x000000, 0x000000, 0x000000, 0x000000, 0x000000, 0x000000,
    0x000000, 0x000000, 0x000000, 0x000000, 0x000000, 0x000000, 0x000000, 0x000000, 0x000000,
    0x000000, 0x000000, 0x000000, 0x000000, 0x000000, 0x000000, 0x000000, 0x000000, 0x000000,
    0x000000, 0x000000, 0x000000, 0x000000, 0x000000, 0x8fa3dc, 0x000000, 0x000000, 0x000000,
    0x000000, 0x000000, 0x000000, 0x000000, 0x000000, 0x000000, 0x000000, 0x000000, 0x000000,
    0x000000, 0x000000, 0x000000, 0x000000, 0x000000, 0x000000, 0x000000, 0x000000, 0x000000,
    0x000000, 0x000000, 0x000000, 0x000000, 0x000000, 0x000000, 0x000000, 0x000000, 0x000000,
    0x000000, 0x000000, 0x000000, 0x000000, 0x00cfd4, 0x000000, 0x000000, 0x000000, 0x000000,
    0x000000, 0x000000, 0x000000, 0x000000, 0x000000, 0x000000, 0x000000, 0x000000, 0x000000,
    0x000000, 0x000000, 0x000000, 0x000000, 0x000000, 0x000000, 0x000000, 0x000000, 0x000000,
    0x000000, 0x000000, 0x000000, 0x000000, 0x000000, 0x000000, 0x000000, 0x000000, 0x000000,
    0x000000, 0x8fa3f7, 0x000000, 0x000000, 0x000000, 0x000000, 0x000000, 0x000000, 0x000000,
    0x000000, 0x000000, 0x000000, 0x000000, 0x000000, 0x000000, 0x000000, 0x000000, 0x000000,
    0x000000, 0x000000, 0x000000, 0x000000, 0x000000, 0x000000, 0x000000, 0x000000, 0x000000,
    0x000000, 0x000000, 0x000000, 0x000000, 0x000000, 0x000000, 0x000000, 0x000000, 0x000000,
    0x000000, 0x000000, 0x000000, 0x000000, 0x000000, 0x000000, 0x000000, 0x000000, 0x000000,
    0x000000, 0x000000, 0x000000, 0x000000, 0x000000, 0x000000, 0x000000, 0x000000, 0x000000,
    0x000000, 0x000000, 0x000000, 0x000000, 0x000000, 0x000000, 0x8fa4aa, 0x000000, 0x000000,
    0x000000, 0x000000, 0x000000, 0x000000, 0x000000, 0x000000, 0x000000, 0x000000, 0x000000,
    0x000000, 0x000000, 0x000000, 0x000000, 0x000000, 0x000000, 0x000000, 0x000000, 0x000000,
    0x000000, 0x000000, 0x000000, 0x000000, 0x000000, 0x000000, 0x000000, 0x000000, 0x000000,
    0x000000, 0x000000, 0x000000, 0x000000, 0x000000, 0x000000, 0x000000, 0x8fa4ba, 0x000000,
    0x000000, 0x000000, 0x000000, 0x000000, 0x000000, 0x000000, 0x000000, 0x8fa4b2, 0x000000,
    0x000000, 0x000000, 0x000000, 0x000000, 0x000000, 0x000000, 0x000000, 0x000000, 0x000000,
    0x000000, 0x000000, 0x000000, 0x000000, 0x000000, 0x000000, 0x000000, 0x000000, 0x000000,
    0x000000, 0x000000, 0x8fa4b1, 0x000000, 0x000000, 0x000000, 0x000000, 0x000000, 0x000000,
    0x000000, 0x000000, 0x000000, 0x000000, 0x000000, 0x000000, 0x000000, 0x000000, 0x000000,
    0x000000, 0x000000, 0x000000, 0x000000, 0x000000, 0x000000, 0x000000, 0x000000, 0x000000,
    0x000000, 0x000000, 0x000000, 0x000000, 0x000000, 0x000000, 0x000000, 0x000000, 0x000000,
    0x000000, 0x000000, 0x000000, 0x000000, 0x000000, 0x000000, 0x000000, 0x000000, 0x000000,
    0x8fa4bd, 0x000000, 0x000000, 0x000000, 0x000000, 0x000000, 0x000000, 0x000000, 0x000000,
    0x000000, 0x000000, 0x000000, 0x000000, 0x000000, 0x000000, 0x000000, 0x000000, 0x000000,
    0x000000, 0x000000, 0x000000, 0x000000, 0x000000, 0x000000, 0x000000, 0x000000, 0x000000,
    0x000000, 0x000000, 0x000000, 0x000000, 0x000000, 0x000000, 0x8fa4d9, 0x000000, 0x000000,
    0x000000, 0x000000, 0x000000, 0x000000, 0x000000, 0x000000, 0x000000, 0x000000, 0x000000,
    0x000000, 0x000000, 0x000000, 0x000000, 0x000000, 0x000000, 0x000000, 0x000000, 0x000000,
    0x000000, 0x000000, 0x000000, 0x000000, 0x000000, 0x000000, 0x000000, 0x000000, 0x000000,
    0x000000, 0x000000, 0x000000, 0x000000, 0x000000, 0x000000, 0x000000, 0x000000, 0x000000,
    0x000000, 0x000000, 0x000000, 0x000000, 0x000000, 0x000000, 0x000000, 0x000000, 0x000000,
    0x000000, 0x000000, 0x000000, 0x000000, 0x000000, 0x000000, 0x000000, 0x000000, 0x000000,
    0x000000, 0x000000, 0x000000, 0x00afc2, 0x000000, 0x000000, 0x000000, 0x000000, 0x000000,
    0x000000, 0x000000, 0x000000, 0x000000, 0x000000, 0x000000, 0x000000, 0x000000, 0x000000,
    0x000000, 0x000000, 0x000000, 0x000000, 0x000000, 0x000000, 0x000000, 0x8fa4dc, 0x000000,
    0x000000, 0x000000, 0x000000, 0x000000, 0x000000, 0x000000, 0x000000, 0x000000, 0x000000,
    0x000000, 0x000000, 0x000000, 0x000000, 0x000000, 0x000000, 0x000000, 0x000000, 0x000000,
    0x000000, 0x000000, 0x000000, 0x000000, 0x000000, 0x000000, 0x000000, 0x000000, 0x000000,
    0x000000, 0x000000, 0x8fa4e3, 0x000000, 0x000000, 0x000000, 0x000000, 0x000000, 0x000000,
    0x8fa4de, 0x000000, 0x000000, 0x000000, 0x000000, 0x000000, 0x000000, 0x000000, 0x000000,
    0x000000, 0x000000, 0x000000, 0x000000, 0x000000, 0x000000, 0x000000, 0x000000, 0x000000,
    0x000000, 0x000000, 0x000000, 0x000000, 0x000000, 0x000000, 0x8fa4eb, 0x000000, 0x000000,
    0x000000, 0x000000, 0x000000, 0x000000, 0x000000, 0x000000, 0x000000, 0x000000, 0x000000,
    0x000000, 0x8fa4ea, 0x000000, 0x000000, 0x000000, 0x000000, 0x000000, 0x000000, 0x000000,
    0x000000, 0x000000, 0x000000, 0x000000, 0x000000, 0x000000, 0x000000, 0x000000, 0x000000,
    0x000000, 0x000000, 0x000000, 0x000000, 0x000000, 0x000000, 0x000000, 0x000000, 0x8fa4f2,
    0x000000, 0x000000, 0x000000, 0x000000, 0x000000, 0x000000, 0x000000, 0x000000, 0x000000,
    0x000000, 0x000000, 0x000000, 0x000000, 0x000000, 0x000000, 0x000000, 0x000000, 0x000000,
    0x000000, 0x000000, 0x000000, 0x000000, 0x000000, 0x000000, 0x000000, 0x000000, 0x000000,
    0x00afcc, 0x000000, 0x000000, 0x000000, 0x000000, 0x000000, 0x000000, 0x000000, 0x000000,
    0x000000, 0x000000, 0x000000, 0x000000, 0x000000, 0x000000, 0x000000, 0x000000, 0x000000,
    0x000000, 0x000000, 0x000000, 0x000000, 0x000000, 0x000000, 0x000000, 0x000000, 0x000000,
    0x8fa4f4, 0x000000, 0x000000, 0x000000, 0x000000, 0x000000, 0x000000, 0x000000, 0x000000,
    0x000000, 0x8fa4f5, 0x000000, 0x000000, 0x000000, 0x000000, 0x000000, 0x000000, 0x000000,
    0x000000, 0x000000, 0x000000, 0x000000, 0x000000, 0x000000, 0x000000, 0x000000, 0x000000,
    0x000000, 0x000000, 0x000000, 0x000000, 0x000000, 0x000000, 0x000000, 0x000000, 0x000000,
    0x000000, 0x000000, 0x000000, 0x000000, 0x000000, 0x000000, 0x000000, 0x000000, 0x000000,
    0x000000, 0x000000, 0x000000, 0x000000, 0x000000, 0x000000, 0x000000, 0x000000, 0x000000,
    0x000000, 0x000000, 0x000000, 0x000000, 0x000000, 0x000000, 0x000000, 0x000000, 0x000000,
    0x000000, 0x000000, 0x000000, 0x000000, 0x000000, 0x000000, 0x000000, 0x8fa5a5, 0x000000,
    0x000000, 0x000000, 0x000000, 0x000000, 0x000000, 0x000000, 0x000000, 0x000000, 0x000000,
    0x000000, 0x000000, 0x000000, 0x000000, 0x000000, 0x000000, 0x000000, 0x000000, 0x000000,
    0x000000, 0x000000, 0x000000, 0x000000, 0x000000, 0x000000, 0x000000, 0x000000, 0x000000,
    0x000000, 0x000000, 0x000000, 0x000000, 0x000000, 0x000000, 0x000000, 0x000000, 0x000000,
    0x000000, 0x000000, 0x000000, 0x000000, 0x000000, 0x000000, 0x000000, 0x000000, 0x000000,
    0x000000, 0x000000, 0x000000, 0x000000, 0x000000, 0x000000, 0x000000, 0x000000, 0x000000,
    0x000000, 0x000000, 0x000000, 0x000000, 0x8fa5b2, 0x00afe0, 0x000000, 0x000000, 0x000000,
    0x000000, 0x000000, 0x000000, 0x000000, 0x000000, 0x000000, 0x000000, 0x000000, 0x000000,
    0x000000, 0x000000, 0x000000, 0x000000, 0x000000, 0x000000, 0x000000, 0x000000, 0x000000,
    0x000000, 0x000000, 0x8fa5be, 0x000000, 0x000000, 0x000000, 0x000000, 0x000000, 0x000000,
    0x000000, 0x000000, 0x000000, 0x000000, 0x000000, 0x000000, 0x000000, 0x000000, 0x000000,
    0x000000, 0x000000, 0x000000, 0x000000, 0x000000, 0x000000, 0x000000, 0x000000, 0x000000,
    0x000000, 0x000000, 0x000000, 0x000000, 0x000000, 0x000000, 0x000000, 0x000000, 0x000000,
    0x000000, 0x000000, 0x000000, 0x000000, 0x000000, 0x000000, 0x000000, 0x8fa5c7, 0x000000,
    0x000000, 0x000000, 0x000000, 0x000000, 0x000000, 0x000000, 0x000000, 0x000000, 0x000000,
    0x000000, 0x000000, 0x000000, 0x000000, 0x000000, 0x000000, 0x000000, 0x000000, 0x000000,
    0x000000, 0x000000, 0x000000, 0x000000, 0x000000, 0x000000, 0x000000, 0x000000, 0x000000,
    0x000000, 0x000000, 0x000000, 0x000000, 0x000000, 0x000000, 0x000000, 0x000000, 0x000000,
    0x000000, 0x000000, 0x000000, 0x000000, 0x000000, 0x000000, 0x000000, 0x000000, 0x000000,
    0x000000, 0x000000, 0x000000, 0x000000, 0x000000, 0x000000, 0x000000, 0x000000, 0x000000,
    0x000000, 0x00cfe3, 0x000000, 0x000000, 0x000000, 0x000000, 0x000000, 0x000000, 0x000000,
    0x000000, 0x000000, 0x000000, 0x000000, 0x8fa5d5, 0x000000, 0x000000, 0x000000, 0x000000,
    0x000000, 0x000000, 0x000000, 0x000000, 0x000000, 0x000000, 0x000000, 0x000000, 0x000000,
    0x000000, 0x000000, 0x000000, 0x000000, 0x000000, 0x000000, 0x000000, 0x000000, 0x000000,
    0x000000, 0x000000, 0x000000, 0x000000, 0x000000, 0x000000, 0x000000, 0x000000, 0x000000,
    0x000000, 0x000000, 0x000000, 0x000000, 0x000000, 0x000000, 0x000000, 0x000000, 0x000000,
    0x000000, 0x000000, 0x000000, 0x000000, 0x000000, 0x000000, 0x000000, 0x000000, 0x000000,
    0x000000, 0x000000, 0x000000, 0x000000, 0x000000, 0x000000, 0x000000, 0x000000, 0x8fa5d6,
    0x000000, 0x000000, 0x000000, 0x000000, 0x000000, 0x000000, 0x000000, 0x000000, 0x000000,
    0x000000, 0x000000, 0x000000, 0x000000, 0x000000, 0x000000, 0x000000, 0x000000, 0x000000,
    0x000000, 0x000000, 0x000000, 0x000000, 0x000000, 0x000000, 0x000000, 0x000000, 0x000000,
    0x000000, 0x000000, 0x000000, 0x000000, 0x000000, 0x000000, 0x000000, 0x000000, 0x000000,
    0x000000, 0x000000, 0x000000, 0x000000, 0x000000, 0x000000, 0x000000, 0x000000, 0x000000,
    0x000000, 0x000000, 0x000000, 0x000000, 0x000000, 0x000000, 0x000000, 0x000000, 0x000000,
    0x000000, 0x000000, 0x000000, 0x000000, 0x000000, 0x000000, 0x000000, 0x00affb, 0x000000,
    0x000000, 0x000000, 0x8fa5fe, 0x000000, 0x000000, 0x000000, 0x000000, 0x000000, 0x000000,
    0x000000, 0x000000, 0x000000, 0x000000, 0x000000, 0x000000, 0x000000, 0x000000, 0x000000,
    0x000000, 0x000000, 0x000000, 0x000000, 0x000000, 0x000000, 0x000000, 0x000000, 0x000000,
    0x000000, 0x000000, 0x000000, 0x000000, 0x000000, 0x000000, 0x000000, 0x000000, 0x000000,
    0x000000, 0x000000, 0x000000, 0x000000, 0x000000, 0x000000, 0x000000, 0x000000, 0x000000,
    0x000000, 0x000000, 0x000000, 0x000000, 0x000000, 0x000000, 0x000000, 0x000000, 0x000000,
    0x000000, 0x000000, 0x000000, 0x000000, 0x000000, 0x000000, 0x000000, 0x000000, 0x000000,
    0x8fa8b0, 0x000000, 0x000000, 0x000000, 0x000000, 0x000000, 0x000000, 0x000000, 0x000000,
    0x000000, 0x000000, 0x000000, 0x000000, 0x000000, 0x000000, 0x000000, 0x000000, 0x000000,
    0x000000, 0x000000, 0x000000, 0x000000, 0x000000, 0x000000, 0x000000, 0x000000, 0x000000,
    0x000000, 0x000000, 0x000000, 0x000000, 0x000000, 0x000000, 0x000000, 0x000000, 0x000000,
    0x000000, 0x000000, 0x000000, 0x000000, 0x000000, 0x000000, 0x000000, 0x000000, 0x000000,
    0x000000, 0x8fa8b7, 0x000000, 0x000000, 0x000000, 0x000000, 0x000000, 0x000000, 0x000000,
    0x000000, 0x000000, 0x000000, 0x000000, 0x000000, 0x000000, 0x000000, 0x000000, 0x000000,
    0x000000, 0x000000, 0x8fa8b8, 0x000000, 0x000000, 0x000000, 0x000000, 0x000000, 0x000000,
    0x000000, 0x000000, 0x000000, 0x000000, 0x000000, 0x000000, 0x000000, 0x000000, 0x000000,
    0x000000, 0x000000, 0x000000, 0x000000, 0x000000, 0x000000, 0x000000, 0x000000, 0x000000,
    0x000000, 0x000000, 0x000000, 0x000000, 0x8fa8bb, 0x000000, 0x000000, 0x000000, 0x000000,
    0x000000, 0x000000, 0x000000, 0x000000, 0x000000, 0x000000, 0x000000, 0x000000, 0x000000,
    0x000000, 0x000000, 0x000000, 0x000000, 0x000000, 0x000000, 0x000000, 0x000000, 0x8fa8ba,
    0x000000, 0x000000, 0x000000, 0x000000, 0x000000, 0x000000, 0x000000, 0x000000, 0x000000,
    0x000000, 0x000000, 0x000000, 0x000000, 0x000000, 0x000000, 0x000000, 0x000000, 0x000000,
    0x8fa8c5, 0x000000, 0x000000, 0x000000, 0x000000, 0x000000, 0x000000, 0x000000, 0x000000,
    0x000000, 0x8fa8c0, 0x000000, 0x000000, 0x000000, 0x000000, 0x8fa8bf, 0x000000, 0x000000,
    0x000000, 0x000000, 0x000000, 0x000000, 0x000000, 0x000000, 0x000000, 0x000000, 0x000000,
    0x000000, 0x000000, 0x000000, 0x000000, 0x000000, 0x000000, 0x000000, 0x000000, 0x000000,
    0x000000, 0x8fa8c8, 0x000000, 0x000000, 0x000000, 0x000000, 0x000000, 0x000000, 0x000000,
    0x000000, 0x000000, 0x000000, 0x000000, 0x000000, 0x000000, 0x000000, 0x000000, 0x000000,
    0x000000, 0x000000, 0x000000, 0x000000, 0x000000, 0x000000, 0x000000, 0x000000, 0x000000,
    0x000000, 0x000000, 0x000000, 0x000000, 0x000000, 0x000000, 0x000000, 0x8fa8ca, 0x000000,
    0x000000, 0x000000, 0x000000, 0x000000, 0x000000, 0x000000, 0x000000, 0x000000, 0x000000,
    0x000000, 0x000000, 0x000000, 0x000000, 0x000000, 0x000000, 0x000000, 0x000000, 0x000000,
    0x000000, 0x000000, 0x000000, 0x000000, 0x000000, 0x000000, 0x000000, 0x000000, 0x000000,
    0x000000, 0x000000, 0x000000, 0x000000, 0x000000, 0x000000, 0x000000, 0x000000, 0x000000,
    0x000000, 0x000000, 0x000000, 0x000000, 0x000000, 0x000000, 0x000000, 0x000000, 0x000000,
    0x000000, 0x000000, 0x000000, 0x000000, 0x000000, 0x8fa8cb, 0x00cfee, 0x000000, 0x000000,
    0x000000, 0x000000, 0x000000, 0x000000, 0x000000, 0x000000, 0x000000, 0x000000, 0x000000,
    0x000000, 0x000000, 0x000000, 0x000000, 0x000000, 0x000000, 0x000000, 0x000000, 0x000000,
    0x000000, 0x000000, 0x000000, 0x000000, 0x000000, 0x000000, 0x000000, 0x000000, 0x000000,
    0x000000, 0x8fa8db, 0x000000, 0x000000, 0x000000, 0x000000, 0x000000, 0x000000, 0x000000,
    0x000000, 0x000000, 0x000000, 0x000000, 0x000000, 0x000000, 0x000000, 0x000000, 0x000000,
    0x000000, 0x000000, 0x000000, 0x000000, 0x000000, 0x000000, 0x000000, 0x000000, 0x000000,
    0x000000, 0x000000, 0x000000, 0x000000, 0x000000, 0x000000, 0x000000, 0x000000, 0x000000,
    0x000000, 0x000000, 0x000000, 0x000000, 0x000000, 0x000000, 0x000000, 0x000000, 0x000000,
    0x000000, 0x000000, 0x000000, 0x000000, 0x000000, 0x000000, 0x000000, 0x000000, 0x000000,
    0x000000, 0x000000, 0x8fa8e6, 0x000000, 0x000000, 0x000000, 0x000000, 0x000000, 0x000000,
    0x000000, 0x000000, 0x000000, 0x000000, 0x000000, 0x000000, 0x000000, 0x000000, 0x000000,
    0x000000, 0x000000, 0x000000, 0x000000, 0x000000, 0x000000, 0x000000, 0x000000, 0x000000,
    0x000000, 0x000000, 0x000000, 0x000000, 0x000000, 0x000000, 0x000000, 0x000000, 0x000000,
    0x000000, 0x000000, 0x000000, 0x000000, 0x000000, 0x000000, 0x000000, 0x000000, 0x000000,
    0x000000, 0x000000, 0x000000, 0x000000, 0x000000, 0x000000, 0x000000, 0x000000, 0x000000,
    0x000000, 0x000000, 0x000000, 0x000000, 0x000000, 0x000000, 0x000000, 0x8fa8ec, 0x000000,
    0x000000, 0x000000, 0x000000, 0x000000, 0x000000, 0x000000, 0x000000, 0x000000, 0x000000,
    0x000000, 0x000000, 0x000000, 0x000000, 0x000000, 0x000000, 0x000000, 0x000000, 0x000000,
    0x000000, 0x000000, 0x000000, 0x000000, 0x000000, 0x000000, 0x000000, 0x000000, 0x000000,
    0x000000, 0x000000, 0x000000, 0x000000, 0x000000, 0x000000, 0x000000, 0x000000, 0x000000,
    0x000000, 0x000000, 0x000000, 0x000000, 0x000000, 0x000000, 0x000000, 0x000000, 0x000000,
    0x000000, 0x000000, 0x000000, 0x000000, 0x000000, 0x000000, 0x000000, 0x000000, 0x000000,
    0x000000, 0x000000, 0x000000, 0x000000, 0x8faca2, 0x000000, 0x000000, 0x000000, 0x000000,
    0x000000, 0x000000, 0x000000, 0x000000, 0x000000, 0x000000, 0x000000, 0x000000, 0x000000,
    0x000000, 0x000000, 0x000000, 0x000000, 0x000000, 0x000000, 0x000000, 0x000000, 0x000000,
    0x000000, 0x000000, 0x8ffed3, 0x000000, 0x000000, 0x000000, 0x000000, 0x000000, 0x000000,
    0x000000, 0x000000, 0x000000, 0x000000, 0x000000, 0x000000, 0x000000, 0x000000, 0x000000,
    0x000000, 0x000000, 0x000000, 0x000000, 0x000000, 0x000000, 0x000000, 0x000000, 0x000000,
    0x000000, 0x000000, 0x000000, 0x000000, 0x000000, 0x000000, 0x000000, 0x000000, 0x000000,
    0x000000, 0x000000, 0x000000, 0x000000, 0x000000, 0x000000, 0x8facab, 0x000000, 0x000000,
    0x000000, 0x000000, 0x000000, 0x000000, 0x000000, 0x000000, 0x000000, 0x000000, 0x000000,
    0x000000, 0x000000, 0x000000, 0x000000, 0x000000, 0x000000, 0x000000, 0x000000, 0x000000,
    0x000000, 0x000000, 0x000000, 0x000000, 0x000000, 0x000000, 0x000000, 0x000000, 0x000000,
    0x000000, 0x000000, 0x000000, 0x000000, 0x000000, 0x000000, 0x000000, 0x000000, 0x000000,
    0x000000, 0x000000, 0x000000, 0x000000, 0x000000, 0x000000, 0x000000, 0x8facb0, 0x000000,
    0x000000, 0x000000, 0x000000, 0x000000, 0x000000, 0x000000, 0x000000, 0x000000, 0x000000,
    0x000000, 0x000000, 0x000000, 0x000000, 0x000000, 0x000000, 0x000000, 0x000000, 0x000000,
    0x000000, 0x000000, 0x000000, 0x000000, 0x000000, 0x000000, 0x000000, 0x000000, 0x000000,
    0x000000, 0x000000, 0x000000, 0x000000, 0x000000, 0x000000, 0x000000, 0x000000, 0x000000,
    0x000000, 0x000000, 0x000000, 0x000000, 0x000000, 0x000000, 0x000000, 0x000000, 0x000000,
    0x000000, 0x000000, 0x000000, 0x000000, 0x000000, 0x8facd0, 0x000000, 0x000000, 0x000000,
    0x000000, 0x000000, 0x000000, 0x000000, 0x000000, 0x000000, 0x000000, 0x000000, 0x000000,
    0x000000, 0x000000, 0x000000, 0x000000, 0x000000, 0x000000, 0x000000, 0x000000, 0x000000,
    0x000000, 0x000000, 0x000000, 0x000000, 0x000000, 0x000000, 0x8face5, 0x000000, 0x000000,
    0x000000, 0x000000, 0x000000, 0x000000, 0x000000, 0x000000, 0x000000, 0x000000, 0x000000,
    0x000000, 0x000000, 0x000000, 0x000000, 0x000000, 0x000000, 0x000000, 0x000000, 0x000000,
    0x000000, 0x000000, 0x000000, 0x000000, 0x000000, 0x000000, 0x000000, 0x000000, 0x000000,
    0x000000, 0x000000, 0x000000, 0x000000, 0x000000, 0x000000, 0x000000, 0x000000, 0x000000,
    0x000000, 0x000000, 0x000000, 0x000000, 0x000000, 0x8faced, 0x000000, 0x000000, 0x000000,
    0x000000, 0x000000, 0x000000, 0x000000, 0x000000, 0x000000, 0x000000, 0x000000, 0x000000,
    0x000000, 0x000000, 0x000000, 0x000000, 0x000000, 0x000000, 0x000000, 0x000000, 0x8facf2,
    0x000000, 0x000000, 0x000000, 0x000000, 0x000000, 0x000000, 0x000000, 0x000000, 0x000000,
    0x000000, 0x000000, 0x000000, 0x000000, 0x000000, 0x000000, 0x000000, 0x000000, 0x000000,
    0x000000, 0x000000, 0x000000, 0x000000, 0x000000, 0x000000, 0x000000, 0x000000, 0x000000,
    0x000000, 0x000000, 0x000000, 0x000000, 0x000000, 0x000000, 0x000000, 0x000000, 0x000000,
    0x000000, 0x000000, 0x000000, 0x000000, 0x000000, 0x000000, 0x000000, 0x000000, 0x000000,
    0x000000, 0x000000, 0x000000, 0x000000, 0x000000, 0x000000, 0x000000, 0x000000, 0x000000,
    0x000000, 0x000000, 0x8fada4, 0x000000, 0x000000, 0x000000, 0x000000, 0x000000, 0x000000,
    0x000000, 0x8fadb2, 0x000000, 0x000000, 0x000000, 0x000000, 0x000000, 0x000000, 0x000000,
    0x000000, 0x8fada9, 0x8fadaa, 0x000000, 0x000000, 0x000000, 0x000000, 0x000000, 0x000000,
    0x000000, 0x000000, 0x000000, 0x000000, 0x000000, 0x000000, 0x000000, 0x000000, 0x000000,
    0x000000, 0x000000, 0x000000, 0x000000, 0x000000, 0x000000, 0x000000, 0x000000, 0x000000,
    0x000000, 0x000000, 0x000000, 0x000000, 0x000000, 0x000000, 0x000000, 0x000000, 0x000000,
    0x000000, 0x000000, 0x000000, 0x000000, 0x000000, 0x000000, 0x000000, 0x000000, 0x000000,
    0x000000, 0x000000, 0x000000, 0x000000, 0x000000, 0x8fadb5, 0x000000, 0x000000, 0x000000,
    0x000000, 0x000000, 0x000000, 0x000000, 0x000000, 0x000000, 0x000000, 0x000000, 0x000000,
    0x000000, 0x000000, 0x000000, 0x000000, 0x000000, 0x000000, 0x000000, 0x000000, 0x000000,
    0x000000, 0x000000, 0x000000, 0x000000, 0x000000, 0x000000, 0x000000, 0x000000, 0x8fadb4,
    0x000000, 0x000000, 0x000000, 0x000000, 0x000000, 0x000000, 0x8fadb9, 0x000000, 0x000000,
    0x000000, 0x000000, 0x000000, 0x000000, 0x000000, 0x000000, 0x000000, 0x000000, 0x000000,
    0x000000, 0x000000, 0x000000, 0x000000, 0x000000, 0x000000, 0x000000, 0x000000, 0x000000,
    0x000000, 0x000000, 0x000000, 0x000000, 0x000000, 0x000000, 0x000000, 0x000000, 0x000000,
    0x000000, 0x000000, 0x000000, 0x000000, 0x8fadd6, 0x000000, 0x000000, 0x000000, 0x000000,
    0x000000, 0x000000, 0x000000, 0x000000, 0x000000, 0x000000, 0x000000, 0x000000, 0x000000,
    0x000000, 0x000000, 0x000000, 0x000000, 0x000000, 0x000000, 0x000000, 0x000000, 0x000000,
    0x000000, 0x000000, 0x000000, 0x000000, 0x000000, 0x000000, 0x000000, 0x000000, 0x000000,
    0x000000, 0x000000, 0x000000, 0x000000, 0x000000, 0x000000, 0x000000, 0x000000, 0x000000,
    0x000000, 0x000000, 0x000000, 0x000000, 0x000000, 0x000000, 0x000000, 0x000000, 0x000000,
    0x000000, 0x000000, 0x000000, 0x000000, 0x000000, 0x8faea4, 0x000000, 0x000000, 0x000000,
    0x000000, 0x000000, 0x000000, 0x000000, 0x000000, 0x000000, 0x8fadfd, 0x00f5ba, 0x000000,
    0x000000, 0x000000, 0x000000, 0x000000, 0x000000, 0x000000, 0x000000, 0x000000, 0x000000,
    0x000000, 0x000000, 0x000000, 0x000000, 0x000000, 0x000000, 0x000000, 0x000000, 0x000000,
    0x000000, 0x000000, 0x000000, 0x000000, 0x000000, 0x000000, 0x000000, 0x000000, 0x000000,
    0x000000, 0x000000, 0x000000, 0x000000, 0x000000, 0x000000, 0x000000, 0x000000, 0x000000,
    0x000000, 0x000000, 0x000000, 0x000000, 0x000000, 0x000000, 0x000000, 0x000000, 0x000000,
    0x000000, 0x000000, 0x8faea3, 0x000000, 0x000000, 0x000000, 0x000000, 0x000000, 0x000000,
    0x000000, 0x000000, 0x000000, 0x000000, 0x000000, 0x000000, 0x000000, 0x000000, 0x000000,
    0x000000, 0x000000, 0x000000, 0x000000, 0x000000, 0x000000, 0x000000, 0x000000, 0x000000,
    0x000000, 0x000000, 0x000000, 0x000000, 0x000000, 0x000000, 0x000000, 0x000000, 0x000000,
    0x000000, 0x000000, 0x000000, 0x000000, 0x000000, 0x000000, 0x000000, 0x000000, 0x000000,
    0x000000, 0x000000, 0x000000, 0x000000, 0x000000, 0x000000, 0x000000, 0x000000, 0x8faeba,
    0x000000, 0x000000, 0x000000, 0x000000, 0x000000, 0x000000, 0x000000, 0x000000, 0x000000,
    0x000000, 0x000000, 0x000000, 0x000000, 0x000000, 0x000000, 0x000000, 0x8faec2, 0x000000,
    0x8faebd, 0x8faebc, 0x000000, 0x8faec4, 0x000000, 0x000000, 0x000000, 0x000000, 0x8faec7,
    0x000000, 0x000000, 0x000000, 0x000000, 0x8faec9, 0x000000, 0x000000, 0x000000, 0x000000,
    0x8faec3, 0x000000, 0x000000, 0x000000, 0x000000, 0x000000, 0x000000, 0x000000, 0x000000,
    0x000000, 0x000000, 0x000000, 0x000000, 0x000000, 0x000000, 0x000000, 0x000000, 0x000000,
    0x000000, 0x000000, 0x000000, 0x000000, 0x000000, 0x000000, 0x000000, 0x000000, 0x000000,
    0x000000, 0x8faed5, 0x8faed7, 0x000000, 0x000000, 0x000000, 0x000000, 0x000000, 0x8faed6,
    0x000000, 0x000000, 0x000000, 0x000000, 0x000000, 0x000000, 0x000000, 0x000000, 0x000000,
    0x000000, 0x000000, 0x000000, 0x000000, 0x000000, 0x000000, 0x000000, 0x000000, 0x000000,
    0x000000, 0x8faedb, 0x000000, 0x000000, 0x000000, 0x000000, 0x000000, 0x000000, 0x000000,
    0x000000, 0x000000, 0x000000, 0x000000, 0x000000, 0x000000, 0x000000, 0x000000, 0x000000,
    0x000000, 0x000000, 0x000000, 0x000000, 0x000000, 0x000000, 0x000000, 0x000000, 0x000000,
    0x000000, 0x000000, 0x000000, 0x000000, 0x000000, 0x000000, 0x000000, 0x000000, 0x000000,
    0x000000, 0x000000, 0x8faef7, 0x000000, 0x000000, 0x000000, 0x000000, 0x000000, 0x000000,
    0x000000, 0x000000, 0x000000, 0x000000, 0x000000, 0x000000, 0x000000, 0x000000, 0x000000,
    0x000000, 0x000000, 0x000000, 0x000000, 0x000000, 0x000000, 0x000000, 0x000000, 0x000000,
    0x000000, 0x000000, 0x000000, 0x8faef8, 0x000000, 0x000000, 0x000000, 0x000000, 0x000000,
    0x000000, 0x000000, 0x000000, 0x000000, 0x000000, 0x000000, 0x000000, 0x000000, 0x000000,
    0x000000, 0x000000, 0x000000, 0x000000, 0x000000, 0x000000, 0x000000, 0x000000, 0x000000,
    0x000000, 0x000000, 0x000000, 0x000000, 0x000000, 0x000000, 0x000000, 0x000000, 0x000000,
    0x000000, 0x000000, 0x000000, 0x000000, 0x000000, 0x8fafaa, 0x000000, 0x000000, 0x000000,
    0x000000, 0x000000, 0x000000, 0x000000, 0x000000, 0x000000, 0x000000, 0x000000, 0x000000,
    0x000000, 0x000000, 0x000000, 0x000000, 0x000000, 0x000000, 0x000000, 0x000000, 0x000000,
    0x000000, 0x000000, 0x000000, 0x000000, 0x000000, 0x000000, 0x000000, 0x000000, 0x000000,
    0x000000, 0x000000, 0x000000, 0x000000, 0x000000, 0x000000, 0x000000, 0x000000, 0x000000,
    0x000000, 0x000000, 0x000000, 0x000000, 0x00f5f2, 0x000000, 0x000000, 0x000000, 0x000000,
    0x000000, 0x000000, 0x000000, 0x000000, 0x000000, 0x000000, 0x000000, 0x000000, 0x000000,
    0x000000, 0x000000, 0x000000, 0x000000, 0x000000, 0x000000, 0x000000, 0x000000, 0x000000,
    0x000000, 0x000000, 0x000000, 0x000000, 0x000000, 0x000000, 0x000000, 0x000000, 0x000000,
    0x000000, 0x000000, 0x000000, 0x000000, 0x000000, 0x000000, 0x000000, 0x000000, 0x000000,
    0x000000, 0x000000, 0x000000, 0x000000, 0x000000, 0x000000, 0x000000, 0x000000, 0x000000,
    0x000000, 0x000000, 0x000000, 0x000000, 0x000000, 0x000000, 0x000000, 0x000000, 0x000000,
    0x000000, 0x8fafc2, 0x8fafbf, 0x8fafc3, 0x000000, 0x000000, 0x000000, 0x000000, 0x000000,
    0x000000, 0x000000, 0x8fafc0, 0x000000, 0x000000, 0x000000, 0x000000, 0x000000, 0x000000,
    0x000000, 0x000000, 0x000000, 0x000000, 0x000000, 0x000000, 0x000000, 0x000000, 0x000000,
    0x000000, 0x000000, 0x000000, 0x000000, 0x000000, 0x000000, 0x000000, 0x000000, 0x000000,
    0x000000, 0x000000, 0x000000, 0x000000, 0x000000, 0x000000, 0x000000, 0x000000, 0x000000,
    0x000000, 0x000000, 0x000000, 0x000000, 0x000000, 0x000000, 0x000000, 0x000000, 0x000000,
    0x000000, 0x000000, 0x000000, 0x000000, 0x000000, 0x000000, 0x000000, 0x000000, 0x000000,
    0x000000, 0x000000, 0x000000, 0x000000, 0x000000, 0x8fafd9, 0x000000, 0x000000, 0x000000,
    0x000000, 0x000000, 0x000000, 0x000000, 0x000000, 0x000000, 0x000000, 0x000000, 0x000000,
    0x000000, 0x000000, 0x000000, 0x8fafce, 0x000000, 0x000000, 0x000000, 0x000000, 0x000000,
    0x000000, 0x000000, 0x000000, 0x000000, 0x000000, 0x000000, 0x000000, 0x000000, 0x000000,
    0x000000, 0x000000, 0x000000, 0x000000, 0x000000, 0x000000, 0x000000, 0x000000, 0x000000,
    0x000000, 0x000000, 0x000000, 0x000000, 0x000000, 0x000000, 0x000000, 0x000000, 0x000000,
    0x000000, 0x000000, 0x00f6a9, 0x000000, 0x000000, 0x000000, 0x000000, 0x000000, 0x000000,
    0x000000, 0x000000, 0x000000, 0x000000, 0x000000, 0x000000, 0x000000, 0x000000, 0x000000,
    0x000000, 0x000000, 0x000000, 0x000000, 0x000000, 0x000000, 0x000000, 0x000000, 0x000000,
    0x000000, 0x000000, 0x000000, 0x000000, 0x000000, 0x000000, 0x000000, 0x000000, 0x000000,
    0x000000, 0x000000, 0x00f6b2, 0x8fafe1, 0x000000, 0x000000, 0x000000, 0x000000, 0x000000,
    0x000000, 0x000000, 0x000000, 0x000000, 0x000000, 0x000000, 0x000000, 0x000000, 0x000000,
    0x000000, 0x000000, 0x000000, 0x000000, 0x000000, 0x000000, 0x000000, 0x000000, 0x000000,
    0x000000, 0x000000, 0x000000, 0x000000, 0x000000, 0x000000, 0x000000, 0x000000, 0x000000,
    0x000000, 0x000000, 0x000000, 0x000000, 0x000000, 0x000000, 0x000000, 0x8fafea, 0x000000,
    0x000000, 0x000000, 0x000000, 0x000000, 0x000000, 0x000000, 0x000000, 0x000000, 0x000000,
    0x000000, 0x000000, 0x000000, 0x000000, 0x000000, 0x000000, 0x000000, 0x000000, 0x000000,
    0x000000, 0x000000, 0x000000, 0x000000, 0x8fafe9, 0x000000, 0x000000, 0x000000, 0x000000,
    0x000000, 0x000000, 0x000000, 0x000000, 0x000000, 0x000000, 0x000000, 0x000000, 0x000000,
    0x000000, 0x000000, 0x000000, 0x000000, 0x000000, 0x000000, 0x000000, 0x000000, 0x000000,
    0x000000, 0x000000, 0x000000, 0x000000, 0x000000, 0x000000, 0x000000, 0x000000, 0x000000,
    0x000000, 0x000000, 0x000000, 0x000000, 0x000000, 0x8faff0, 0x000000, 0x000000, 0x000000,
    0x000000, 0x000000, 0x000000, 0x000000, 0x000000, 0x000000, 0x000000, 0x000000, 0x000000,
    0x000000, 0x000000, 0x000000, 0x000000, 0x000000, 0x000000, 0x000000, 0x000000, 0x000000,
    0x000000, 0x000000, 0x000000, 0x8faff5, 0x000000, 0x000000, 0x000000, 0x000000, 0x000000,
    0x000000, 0x000000, 0x000000, 0x000000, 0x000000, 0x000000, 0x000000, 0x000000, 0x000000,
    0x000000, 0x000000, 0x000000, 0x000000, 0x000000, 0x000000, 0x000000, 0x000000, 0x000000,
    0x000000, 0x8feea3, 0x000000, 0x000000, 0x000000, 0x000000, 0x000000, 0x000000, 0x000000,
    0x000000, 0x000000, 0x000000, 0x000000, 0x000000, 0x000000, 0x000000, 0x000000, 0x000000,
    0x000000, 0x000000, 0x000000, 0x000000, 0x000000, 0x000000, 0x000000, 0x000000, 0x000000,
    0x000000, 0x000000, 0x000000, 0x000000, 0x000000, 0x000000, 0x000000, 0x000000, 0x000000,
    0x000000, 0x000000, 0x000000, 0x000000, 0x000000, 0x000000, 0x000000, 0x000000, 0x000000,
    0x000000, 0x000000, 0x000000, 0x000000, 0x000000, 0x000000, 0x000000, 0x000000, 0x000000,
    0x000000, 0x000000, 0x000000, 0x000000, 0x000000, 0x000000, 0x000000, 0x000000, 0x000000,
    0x000000, 0x000000, 0x8feeb4, 0x000000, 0x000000, 0x000000, 0x000000, 0x000000, 0x000000,
    0x000000, 0x000000, 0x000000, 0x000000, 0x000000, 0x000000, 0x000000, 0x000000, 0x000000,
    0x000000, 0x000000, 0x000000, 0x000000, 0x000000, 0x000000, 0x000000, 0x000000, 0x000000,
    0x000000, 0x000000, 0x000000, 0x000000, 0x000000, 0x000000, 0x000000, 0x000000, 0x000000,
    0x000000, 0x000000, 0x000000, 0x000000, 0x000000, 0x000000, 0x000000, 0x000000, 0x000000,
    0x000000, 0x000000, 0x000000, 0x000000, 0x000000, 0x000000, 0x000000, 0x000000, 0x000000,
    0x000000, 0x000000, 0x000000, 0x000000, 0x000000, 0x000000, 0x000000, 0x000000, 0x000000,
    0x000000, 0x000000, 0x00f6e0, 0x000000, 0x8feec9, 0x000000, 0x000000, 0x000000, 0x000000,
    0x000000, 0x000000, 0x000000, 0x000000, 0x000000, 0x000000, 0x000000, 0x000000, 0x000000,
    0x8ff4f5, 0x000000, 0x000000, 0x000000, 0x000000, 0x000000, 0x000000, 0x000000, 0x000000,
    0x000000, 0x000000, 0x000000, 0x000000, 0x000000, 0x000000, 0x000000, 0x000000, 0x000000,
    0x000000, 0x000000, 0x000000, 0x000000, 0x000000, 0x000000, 0x000000, 0x000000, 0x000000,
    0x000000, 0x000000, 0x000000, 0x000000, 0x000000, 0x000000, 0x000000, 0x000000, 0x000000,
    0x000000, 0x000000, 0x000000, 0x000000, 0x000000, 0x000000, 0x000000, 0x000000, 0x000000,
    0x000000, 0x000000, 0x000000, 0x000000, 0x000000, 0x8feedc, 0x000000, 0x000000, 0x000000,
    0x000000, 0x000000, 0x000000, 0x000000, 0x000000, 0x000000, 0x000000, 0x000000, 0x000000,
    0x000000, 0x000000, 0x000000, 0x000000, 0x000000, 0x000000, 0x000000, 0x000000, 0x000000,
    0x000000, 0x000000, 0x000000, 0x000000, 0x000000, 0x000000, 0x000000, 0x000000, 0x000000,
    0x000000, 0x000000, 0x000000, 0x000000, 0x000000, 0x000000, 0x000000, 0x000000, 0x000000,
    0x000000, 0x000000, 0x000000, 0x000000, 0x000000, 0x000000, 0x000000, 0x000000, 0x000000,
    0x000000, 0x000000, 0x000000, 0x000000, 0x000000, 0x000000, 0x000000, 0x000000, 0x000000,
    0x000000, 0x000000, 0x000000, 0x000000, 0x000000, 0x000000, 0x8feee0, 0x000000, 0x000000,
    0x000000, 0x000000, 0x000000, 0x000000, 0x000000, 0x000000, 0x000000, 0x000000, 0x000000,
    0x000000, 0x000000, 0x000000, 0x000000, 0x000000, 0x000000, 0x000000, 0x000000, 0x000000,
    0x000000, 0x000000, 0x000000, 0x000000, 0x000000, 0x000000, 0x000000, 0x000000, 0x000000,
    0x000000, 0x000000, 0x000000, 0x000000, 0x000000, 0x000000, 0x000000, 0x000000, 0x8feedf,
    0x8feede, 0x000000, 0x000000, 0x000000, 0x000000, 0x000000, 0x000000, 0x000000, 0x000000,
    0x000000, 0x000000, 0x000000, 0x000000, 0x000000, 0x000000, 0x000000, 0x000000, 0x000000,
    0x000000, 0x000000, 0x000000, 0x000000, 0x000000, 0x000000, 0x000000, 0x000000, 0x000000,
    0x000000, 0x000000, 0x000000, 0x000000, 0x000000, 0x000000, 0x000000, 0x000000, 0x000000,
    0x000000, 0x000000, 0x000000, 0x000000, 0x000000, 0x000000, 0x000000, 0x000000, 0x000000,
    0x000000, 0x000000, 0x000000, 0x000000, 0x000000, 0x000000, 0x000000, 0x000000, 0x000000,
    0x000000, 0x000000, 0x000000, 0x000000, 0x000000, 0x000000, 0x000000, 0x000000, 0x000000,
    0x8fefb2, 0x000000, 0x000000, 0x000000, 0x000000, 0x000000, 0x000000, 0x000000, 0x000000,
    0x000000, 0x000000, 0x000000, 0x000000, 0x000000, 0x000000, 0x000000, 0x000000, 0x000000,
    0x000000, 0x000000, 0x000000, 0x000000, 0x000000, 0x8fefc7, 0x000000, 0x000000, 0x000000,
    0x000000, 0x000000, 0x000000, 0x000000, 0x000000, 0x000000, 0x000000, 0x000000, 0x000000,
    0x000000, 0x000000, 0x000000, 0x000000, 0x000000, 0x000000, 0x000000, 0x000000, 0x000000,
    0x000000, 0x000000, 0x000000, 0x000000, 0x000000, 0x000000, 0x000000, 0x000000, 0x000000,
    0x000000, 0x000000, 0x000000, 0x000000, 0x000000, 0x000000, 0x000000, 0x000000, 0x000000,
    0x000000, 0x000000, 0x8fefcd, 0x000000, 0x000000, 0x000000, 0x000000, 0x000000, 0x000000,
    0x000000, 0x000000, 0x000000, 0x000000, 0x000000, 0x000000, 0x000000, 0x000000, 0x000000,
    0x000000, 0x000000, 0x000000, 0x000000, 0x000000, 0x000000, 0x000000, 0x000000, 0x000000,
    0x000000, 0x000000, 0x000000, 0x000000, 0x000000, 0x000000, 0x000000, 0x000000, 0x000000,
    0x000000, 0x000000, 0x000000, 0x000000, 0x000000, 0x000000, 0x000000, 0x000000, 0x000000,
    0x000000, 0x000000, 0x000000, 0x000000, 0x000000, 0x000000, 0x000000, 0x000000, 0x000000,
    0x000000, 0x000000, 0x000000, 0x000000, 0x000000, 0x000000, 0x000000, 0x000000, 0x000000,
    0x8fefe1, 0x000000, 0x000000, 0x000000, 0x000000, 0x000000, 0x000000, 0x000000, 0x000000,
    0x000000, 0x000000, 0x000000, 0x000000, 0x000000, 0x000000, 0x000000, 0x000000, 0x000000,
    0x000000, 0x000000, 0x000000, 0x000000, 0x000000, 0x000000, 0x000000, 0x000000, 0x000000,
    0x000000, 0x000000, 0x000000, 0x000000, 0x000000, 0x000000, 0x000000, 0x000000, 0x000000,
    0x000000, 0x000000, 0x000000, 0x000000, 0x000000, 0x000000, 0x000000, 0x000000, 0x000000,
    0x000000, 0x000000, 0x000000, 0x000000, 0x000000, 0x000000, 0x000000, 0x000000, 0x000000,
    0x000000, 0x000000, 0x8fefe4, 0x000000, 0x000000, 0x000000, 0x000000, 0x000000, 0x000000,
    0x000000, 0x000000, 0x000000, 0x000000, 0x000000, 0x000000, 0x000000, 0x000000, 0x000000,
    0x000000, 0x000000, 0x000000, 0x000000, 0x000000, 0x000000, 0x000000, 0x000000, 0x000000,
    0x000000, 0x000000, 0x000000, 0x000000, 0x000000, 0x000000, 0x000000, 0x000000, 0x000000,
    0x000000, 0x000000, 0x000000, 0x000000, 0x000000, 0x000000, 0x000000, 0x000000, 0x000000,
    0x000000, 0x000000, 0x000000, 0x000000, 0x000000, 0x000000, 0x000000, 0x000000, 0x000000,
    0x000000, 0x000000, 0x000000, 0x000000, 0x000000, 0x000000, 0x000000, 0x000000, 0x000000,
    0x8ff0a2, 0x000000, 0x000000, 0x000000, 0x000000, 0x000000, 0x000000, 0x000000, 0x000000,
    0x000000, 0x000000, 0x000000, 0x000000, 0x000000, 0x000000, 0x000000, 0x000000, 0x000000,
    0x000000, 0x000000, 0x000000, 0x000000, 0x000000, 0x000000, 0x000000, 0x000000, 0x000000,
    0x000000, 0x000000, 0x000000, 0x000000, 0x000000, 0x000000, 0x000000, 0x000000, 0x000000,
    0x000000, 0x000000, 0x000000, 0x000000, 0x000000, 0x000000, 0x8ff0b3, 0x000000, 0x000000,
    0x000000, 0x000000, 0x000000, 0x000000, 0x000000, 0x000000, 0x000000, 0x000000, 0x000000,
    0x000000, 0x000000, 0x000000, 0x000000, 0x000000, 0x000000, 0x000000, 0x000000, 0x000000,
    0x000000, 0x000000, 0x000000, 0x000000, 0x000000, 0x000000, 0x000000, 0x000000, 0x000000,
    0x000000, 0x000000, 0x000000, 0x000000, 0x000000, 0x000000, 0x000000, 0x000000, 0x8ff0b9,
    0x000000, 0x000000, 0x000000, 0x000000, 0x000000, 0x000000, 0x000000, 0x000000, 0x000000,
    0x000000, 0x000000, 0x000000, 0x000000, 0x000000, 0x000000, 0x000000, 0x000000, 0x000000,
    0x000000, 0x000000, 0x000000, 0x000000, 0x000000, 0x000000, 0x000000, 0x000000, 0x000000,
    0x000000, 0x000000, 0x000000, 0x000000, 0x000000, 0x000000, 0x000000, 0x000000, 0x000000,
    0x000000, 0x000000, 0x000000, 0x000000, 0x000000, 0x000000, 0x000000, 0x000000, 0x000000,
    0x000000, 0x000000, 0x000000, 0x000000, 0x00f7ec, 0x000000, 0x000000, 0x000000, 0x000000,
    0x000000, 0x000000, 0x000000, 0x000000, 0x000000, 0x000000, 0x000000, 0x000000, 0x000000,
    0x000000, 0x000000, 0x000000, 0x000000, 0x000000, 0x000000, 0x000000, 0x000000, 0x000000,
    0x8ff0d3, 0x000000, 0x000000, 0x000000, 0x000000, 0x000000, 0x000000, 0x000000, 0x000000,
    0x000000, 0x000000, 0x000000, 0x000000, 0x000000, 0x000000, 0x000000, 0x000000, 0x000000,
    0x000000, 0x000000, 0x000000, 0x000000, 0x000000, 0x000000, 0x000000, 0x000000, 0x000000,
    0x000000, 0x000000, 0x000000, 0x000000, 0x000000, 0x000000, 0x000000, 0x000000, 0x000000,
    0x000000, 0x000000, 0x000000, 0x000000, 0x000000, 0x000000, 0x8ff0fb, 0x000000, 0x000000,
    0x000000, 0x000000, 0x000000, 0x000000, 0x000000, 0x000000, 0x000000, 0x000000, 0x000000,
    0x000000, 0x000000, 0x000000, 0x000000, 0x000000, 0x000000, 0x000000, 0x000000, 0x000000,
    0x000000, 0x000000, 0x000000, 0x000000, 0x000000, 0x000000, 0x000000, 0x000000, 0x000000,
    0x000000, 0x000000, 0x000000, 0x000000, 0x000000, 0x000000, 0x000000, 0x000000, 0x000000,
    0x000000, 0x000000, 0x000000, 0x000000, 0x000000, 0x000000, 0x000000, 0x000000, 0x000000,
    0x000000, 0x000000, 0x000000, 0x8ff1ae, 0x000000, 0x000000, 0x000000, 0x000000, 0x000000,
    0x000000, 0x000000, 0x000000, 0x000000, 0x000000, 0x000000, 0x000000, 0x000000, 0x000000,
    0x000000, 0x000000, 0x000000, 0x000000, 0x000000, 0x000000, 0x000000, 0x000000, 0x000000,
    0x000000, 0x8ff1b0, 0x000000, 0x000000, 0x000000, 0x000000, 0x000000, 0x000000, 0x000000,
    0x000000, 0x000000, 0x000000, 0x000000, 0x000000, 0x000000, 0x000000, 0x000000, 0x000000,
    0x000000, 0x000000, 0x000000, 0x000000, 0x000000, 0x000000, 0x8ff1b5, 0x000000, 0x000000,
    0x000000, 0x000000, 0x000000, 0x000000, 0x000000, 0x000000, 0x000000, 0x000000, 0x000000,
    0x000000, 0x000000, 0x000000, 0x000000, 0x000000, 0x000000, 0x000000, 0x000000, 0x000000,
    0x000000, 0x000000, 0x000000, 0x000000, 0x000000, 0x000000, 0x000000, 0x000000, 0x000000,
    0x000000, 0x000000, 0x000000, 0x000000, 0x000000, 0x000000, 0x000000, 0x000000, 0x000000,
    0x000000, 0x000000, 0x000000, 0x8ff1c4, 0x000000, 0x000000, 0x000000, 0x000000, 0x000000,
    0x000000, 0x000000, 0x000000, 0x000000, 0x000000, 0x000000, 0x000000, 0x000000, 0x000000,
    0x000000, 0x000000, 0x000000, 0x000000, 0x000000, 0x000000, 0x000000, 0x000000, 0x000000,
    0x000000, 0x000000, 0x000000, 0x000000, 0x000000, 0x000000, 0x000000, 0x000000, 0x000000,
    0x000000, 0x000000, 0x000000, 0x000000, 0x000000, 0x000000, 0x000000, 0x000000, 0x000000,
    0x000000, 0x000000, 0x8ff1dd, 0x000000, 0x000000, 0x000000, 0x000000, 0x000000, 0x000000,
    0x000000, 0x000000, 0x000000, 0x000000, 0x000000, 0x000000, 0x000000, 0x000000, 0x000000,
    0x000000, 0x000000, 0x000000, 0x000000, 0x000000, 0x000000, 0x000000, 0x000000, 0x000000,
    0x000000, 0x000000, 0x000000, 0x000000, 0x000000, 0x000000, 0x000000, 0x000000, 0x000000,
    0x000000, 0x000000, 0x000000, 0x000000, 0x000000, 0x000000, 0x000000, 0x8ff1e1, 0x000000,
    0x000000, 0x000000, 0x000000, 0x000000, 0x000000, 0x000000, 0x000000, 0x000000, 0x000000,
    0x000000, 0x000000, 0x000000, 0x000000, 0x000000, 0x000000, 0x000000, 0x000000, 0x000000,
    0x000000, 0x000000, 0x000000, 0x000000, 0x000000, 0x000000, 0x000000, 0x000000, 0x000000,
    0x000000, 0x000000, 0x000000, 0x000000, 0x000000, 0x000000, 0x000000, 0x000000, 0x000000,
    0x000000, 0x000000, 0x000000, 0x000000, 0x000000, 0x8ff1e6, 0x000000, 0x000000, 0x000000,
    0x000000, 0x000000, 0x000000, 0x000000, 0x000000, 0x000000, 0x000000, 0x000000, 0x000000,
    0x000000, 0x000000, 0x000000, 0x000000, 0x000000, 0x000000, 0x000000, 0x000000, 0x000000,
    0x8ff1e9, 0x000000, 0x000000, 0x000000, 0x000000, 0x000000, 0x000000, 0x000000, 0x000000,
    0x000000, 0x000000, 0x000000, 0x000000, 0x000000, 0x000000, 0x000000, 0x000000, 0x000000,
    0x000000, 0x000000, 0x000000, 0x000000, 0x000000, 0x000000, 0x000000, 0x000000, 0x000000,
    0x000000, 0x000000, 0x000000, 0x000000, 0x000000, 0x000000, 0x000000, 0x000000, 0x000000,
    0x000000, 0x000000, 0x000000, 0x000000, 0x000000, 0x000000, 0x000000, 0x000000, 0x000000,
    0x000000, 0x000000, 0x000000, 0x000000, 0x000000, 0x000000, 0x000000, 0x000000, 0x8ff1f5,
    0x000000, 0x000000, 0x000000, 0x000000, 0x000000, 0x000000, 0x000000, 0x000000, 0x000000,
    0x000000, 0x8ff1f7, 0x000000, 0x000000, 0x000000, 0x000000, 0x000000, 0x000000, 0x000000,
    0x000000, 0x000000, 0x000000, 0x000000, 0x000000, 0x000000, 0x000000, 0x000000, 0x000000,
    0x000000, 0x000000, 0x000000, 0x000000, 0x000000, 0x000000, 0x000000, 0x000000, 0x000000,
    0x000000, 0x000000, 0x000000, 0x000000, 0x000000, 0x000000, 0x000000, 0x000000, 0x000000,
    0x000000, 0x000000, 0x000000, 0x000000, 0x000000, 0x000000, 0x000000, 0x000000, 0x8ff1fa,
    0x000000, 0x000000, 0x000000, 0x000000, 0x000000, 0x000000, 0x000000, 0x000000, 0x000000,
    0x000000, 0x000000, 0x000000, 0x000000, 0x000000, 0x000000, 0x000000, 0x000000, 0x000000,
    0x000000, 0x000000, 0x000000, 0x000000, 0x000000, 0x000000, 0x000000, 0x000000, 0x000000,
    0x000000, 0x000000, 0x000000, 0x000000, 0x000000, 0x000000, 0x000000, 0x000000, 0x000000,
    0x000000, 0x000000, 0x000000, 0x000000, 0x000000, 0x8ff2a1, 0x000000, 0x000000, 0x000000,
    0x000000, 0x000000, 0x000000, 0x000000, 0x000000, 0x000000, 0x000000, 0x000000, 0x000000,
    0x000000, 0x000000, 0x000000, 0x000000, 0x000000, 0x000000, 0x000000, 0x000000, 0x000000,
    0x000000, 0x8ff2a4, 0x000000, 0x000000, 0x000000, 0x000000, 0x000000, 0x000000, 0x000000,
    0x000000, 0x000000, 0x000000, 0x000000, 0x000000, 0x000000, 0x000000, 0x000000, 0x000000,
    0x000000, 0x000000, 0x000000, 0x000000, 0x000000, 0x000000, 0x000000, 0x8ff2a3, 0x000000,
    0x000000, 0x000000, 0x000000, 0x000000, 0x000000, 0x000000, 0x000000, 0x000000, 0x000000,
    0x000000, 0x000000, 0x000000, 0x000000, 0x000000, 0x000000, 0x000000, 0x000000, 0x000000,
    0x000000, 0x000000, 0x000000, 0x000000, 0x000000, 0x000000, 0x000000, 0x000000, 0x000000,
    0x000000, 0x000000, 0x8ff2a8, 0x000000, 0x000000, 0x000000, 0x000000, 0x000000, 0x000000,
    0x000000, 0x000000, 0x000000, 0x000000, 0x000000, 0x000000, 0x000000, 0x000000, 0x000000,
    0x000000, 0x000000, 0x000000, 0x000000, 0x000000, 0x000000, 0x000000, 0x000000, 0x000000,
    0x000000, 0x000000, 0x000000, 0x000000, 0x000000, 0x000000, 0x000000, 0x000000, 0x000000,
    0x8ff2ac, 0x000000, 0x000000, 0x000000, 0x000000, 0x000000, 0x000000, 0x000000, 0x000000,
    0x000000, 0x000000, 0x000000, 0x000000, 0x000000, 0x000000, 0x000000, 0x000000, 0x000000,
    0x000000, 0x000000, 0x000000, 0x000000, 0x000000, 0x000000, 0x000000, 0x000000, 0x000000,
    0x000000, 0x000000, 0x000000, 0x000000, 0x000000, 0x000000, 0x000000, 0x000000, 0x000000,
    0x000000, 0x000000, 0x000000, 0x000000, 0x000000, 0x000000, 0x000000, 0x000000, 0x000000,
    0x000000, 0x000000, 0x000000, 0x000000, 0x000000, 0x000000, 0x000000, 0x8ff2bd, 0x000000,
    0x000000, 0x000000, 0x000000, 0x000000, 0x000000, 0x000000, 0x000000, 0x000000, 0x000000,
    0x000000, 0x000000, 0x000000, 0x000000, 0x000000, 0x000000, 0x000000, 0x00f8fe, 0x000000,
    0x000000, 0x000000, 0x000000, 0x000000, 0x000000, 0x000000, 0x000000, 0x000000, 0x000000,
    0x000000, 0x000000, 0x000000, 0x000000, 0x000000, 0x000000, 0x000000, 0x000000, 0x000000,
    0x000000, 0x000000, 0x000000, 0x000000, 0x000000, 0x000000, 0x000000, 0x000000, 0x000000,
    0x000000, 0x000000, 0x000000, 0x000000, 0x000000, 0x000000, 0x000000, 0x000000, 0x000000,
    0x000000, 0x000000, 0x000000, 0x000000, 0x000000, 0x000000, 0x000000, 0x000000, 0x000000,
    0x000000, 0x000000, 0x000000, 0x8ff2c8, 0x000000, 0x000000, 0x000000, 0x000000, 0x000000,
    0x000000, 0x000000, 0x000000, 0x000000, 0x000000, 0x000000, 0x000000, 0x000000, 0x000000,
    0x000000, 0x000000, 0x000000, 0x000000, 0x000000, 0x000000, 0x000000, 0x000000, 0x000000,
    0x000000, 0x000000, 0x000000, 0x000000, 0x000000, 0x000000, 0x000000, 0x000000, 0x000000,
    0x000000, 0x000000, 0x000000, 0x000000, 0x000000, 0x000000, 0x00f9a9, 0x000000, 0x000000,
    0x000000, 0x000000, 0x000000, 0x000000, 0x000000, 0x000000, 0x000000, 0x000000, 0x000000,
    0x000000, 0x000000, 0x000000, 0x000000, 0x000000, 0x000000, 0x000000, 0x000000, 0x000000,
    0x000000, 0x000000, 0x000000, 0x000000, 0x000000, 0x000000, 0x000000, 0x000000, 0x000000,
    0x000000, 0x000000, 0x000000, 0x000000, 0x000000, 0x000000, 0x000000, 0x000000, 0x000000,
    0x000000, 0x000000, 0x000000, 0x000000, 0x000000, 0x000000, 0x000000, 0x000000, 0x000000,
    0x000000, 0x000000, 0x8ff2db, 0x000000, 0x000000, 0x000000, 0x000000, 0x000000, 0x000000,
    0x000000, 0x000000, 0x000000, 0x000000, 0x000000, 0x000000, 0x000000, 0x000000, 0x000000,
    0x000000, 0x000000, 0x000000, 0x000000, 0x000000, 0x000000, 0x000000, 0x000000, 0x000000,
    0x000000, 0x000000, 0x000000, 0x000000, 0x000000, 0x000000, 0x000000, 0x000000, 0x000000,
    0x000000, 0x000000, 0x000000, 0x000000, 0x000000, 0x000000, 0x000000, 0x000000, 0x000000,
    0x000000, 0x000000, 0x000000, 0x000000, 0x000000, 0x000000, 0x000000, 0x00f9c7, 0x000000,
    0x000000, 0x000000, 0x000000, 0x000000, 0x000000, 0x000000, 0x000000, 0x000000, 0x000000,
    0x000000, 0x000000, 0x000000, 0x000000, 0x000000, 0x000000, 0x000000, 0x000000, 0x000000,
    0x000000, 0x000000, 0x000000, 0x000000, 0x000000, 0x000000, 0x000000, 0x000000, 0x000000,
    0x000000, 0x000000, 0x000000, 0x000000, 0x000000, 0x000000, 0x000000, 0x000000, 0x000000,
    0x000000, 0x000000, 0x000000, 0x000000, 0x8ff2f5, 0x000000, 0x000000, 0x000000, 0x000000,
    0x000000, 0x000000, 0x000000, 0x000000, 0x000000, 0x000000, 0x8ff2f6, 0x000000, 0x000000,
    0x000000, 0x000000, 0x000000, 0x000000, 0x000000, 0x000000, 0x000000, 0x000000, 0x000000,
    0x00f9d4, 0x000000, 0x000000, 0x000000, 0x000000, 0x000000, 0x000000, 0x000000, 0x000000,
    0x000000, 0x000000, 0x000000, 0x000000, 0x000000, 0x000000, 0x000000, 0x8ff3b2, 0x000000,
    0x000000, 0x000000, 0x000000, 0x000000, 0x000000, 0x000000, 0x000000, 0x000000, 0x000000,
    0x000000, 0x000000, 0x000000, 0x000000, 0x000000, 0x000000, 0x000000, 0x000000, 0x000000,
    0x000000, 0x000000, 0x000000, 0x000000, 0x000000, 0x000000, 0x000000, 0x000000, 0x000000,
    0x000000, 0x000000, 0x000000, 0x000000, 0x000000, 0x000000, 0x000000, 0x000000, 0x000000,
    0x000000, 0x000000, 0x000000, 0x000000, 0x000000, 0x000000, 0x8ff3be, 0x8ff3bd, 0x000000,
    0x000000, 0x000000, 0x000000, 0x000000, 0x000000, 0x000000, 0x000000, 0x000000, 0x000000,
    0x000000, 0x000000, 0x8ff3c0, 0x000000, 0x000000, 0x000000, 0x000000, 0x000000, 0x000000,
    0x000000, 0x000000, 0x000000, 0x000000, 0x000000, 0x000000, 0x000000, 0x000000, 0x000000,
    0x000000, 0x000000, 0x000000, 0x000000, 0x000000, 0x000000, 0x000000, 0x000000, 0x000000,
    0x000000, 0x000000, 0x000000, 0x000000, 0x000000, 0x000000, 0x000000, 0x000000, 0x000000,
    0x000000, 0x000000, 0x000000, 0x000000, 0x000000, 0x000000, 0x000000, 0x000000, 0x000000,
    0x000000, 0x000000, 0x000000, 0x000000, 0x000000, 0x000000, 0x000000, 0x000000, 0x8ff3d2,
    0x000000, 0x000000, 0x000000, 0x000000, 0x000000, 0x000000, 0x000000, 0x000000, 0x000000,
    0x000000, 0x000000, 0x000000, 0x000000, 0x8ff3dd, 0x000000, 0x000000, 0x000000, 0x000000,
    0x000000, 0x000000, 0x000000, 0x000000, 0x000000, 0x000000, 0x000000, 0x000000, 0x000000,
    0x000000, 0x000000, 0x000000, 0x000000, 0x000000, 0x000000, 0x000000, 0x000000, 0x000000,
    0x000000, 0x000000, 0x8ff3de, 0x000000, 0x000000, 0x000000, 0x000000, 0x000000, 0x000000,
    0x000000, 0x000000, 0x000000, 0x000000, 0x000000, 0x000000, 0x000000, 0x000000, 0x000000,
    0x000000, 0x000000, 0x000000, 0x000000, 0x000000, 0x000000, 0x000000, 0x000000, 0x000000,
    0x000000, 0x000000, 0x000000, 0x000000, 0x000000, 0x000000, 0x000000, 0x000000, 0x000000,
    0x00f9ee, 0x000000, 0x000000, 0x000000, 0x000000, 0x000000, 0x000000, 0x000000, 0x000000,
    0x000000, 0x000000, 0x000000, 0x000000, 0x000000, 0x000000, 0x000000, 0x000000, 0x000000,
    0x000000, 0x000000, 0x000000, 0x000000, 0x000000, 0x000000, 0x000000, 0x000000, 0x000000,
    0x000000, 0x000000, 0x000000, 0x000000, 0x000000, 0x000000, 0x000000, 0x000000, 0x000000,
    0x000000, 0x000000, 0x000000, 0x000000, 0x000000, 0x000000, 0x000000, 0x000000, 0x000000,
    0x000000, 0x000000, 0x8ff3f3, 0x000000, 0x000000, 0x000000, 0x000000, 0x000000, 0x000000,
    0x000000, 0x000000, 0x000000, 0x000000, 0x000000, 0x000000, 0x000000, 0x000000, 0x000000,
    0x000000, 0x000000, 0x000000, 0x000000, 0x000000, 0x000000, 0x000000, 0x8ff3f4, 0x000000,
    0x000000, 0x000000, 0x000000, 0x000000, 0x000000, 0x000000, 0x000000, 0x000000, 0x000000,
    0x000000, 0x8ff3f7, 0x000000, 0x000000, 0x8ff3f5, 0x000000, 0x000000, 0x000000, 0x000000,
    0x000000, 0x000000, 0x000000, 0x000000, 0x000000, 0x000000, 0x000000, 0x000000, 0x000000,
    0x000000, 0x000000, 0x000000, 0x000000, 0x000000, 0x000000, 0x000000, 0x000000, 0x000000,
    0x000000, 0x000000, 0x000000, 0x000000, 0x8ff3fd, 0x000000, 0x000000, 0x000000, 0x000000,
    0x000000, 0x000000, 0x000000, 0x000000, 0x000000, 0x000000, 0x000000, 0x000000, 0x000000,
    0x000000, 0x000000, 0x000000, 0x000000, 0x000000, 0x000000, 0x000000, 0x000000, 0x8ff3fb,
    0x000000, 0x000000, 0x000000, 0x000000, 0x000000, 0x000000, 0x000000, 0x000000, 0x000000,
    0x000000, 0x000000, 0x000000, 0x000000, 0x000000, 0x000000, 0x8ff4a2, 0x000000, 0x000000,
    0x000000, 0x000000, 0x000000, 0x000000, 0x000000, 0x000000, 0x000000, 0x000000, 0x000000,
    0x000000, 0x000000, 0x000000, 0x000000, 0x000000, 0x000000, 0x000000, 0x000000, 0x000000,
    0x000000, 0x000000, 0x000000, 0x000000, 0x000000, 0x000000, 0x000000, 0x000000, 0x000000,
    0x000000, 0x000000, 0x000000, 0x000000, 0x000000, 0x000000, 0x8ff4a4, 0x000000, 0x000000,
    0x000000, 0x000000, 0x000000, 0x000000, 0x000000, 0x000000, 0x000000, 0x000000, 0x000000,
    0x000000, 0x000000, 0x000000, 0x000000, 0x000000, 0x000000, 0x000000, 0x000000, 0x000000,
    0x000000, 0x000000, 0x000000, 0x000000, 0x000000, 0x000000, 0x000000, 0x000000, 0x8ff4a7,
    0x000000, 0x000000, 0x000000, 0x000000, 0x000000, 0x000000, 0x000000, 0x000000, 0x000000,
    0x000000, 0x000000, 0x000000, 0x000000, 0x000000, 0x000000, 0x000000, 0x000000, 0x000000,
    0x000000, 0x000000, 0x000000, 0x000000, 0x000000, 0x000000, 0x000000, 0x000000, 0x000000,
    0x000000, 0x000000, 0x000000, 0x000000, 0x000000, 0x000000, 0x000000, 0x000000, 0x8ff4af,
    0x000000, 0x000000, 0x000000, 0x000000, 0x000000, 0x000000, 0x000000, 0x000000, 0x000000,
    0x000000, 0x000000, 0x8ff4ae, 0x000000, 0x000000, 0x000000, 0x000000, 0x000000, 0x000000,
    0x000000, 0x000000, 0x000000, 0x000000, 0x000000, 0x000000, 0x000000, 0x000000, 0x000000,
    0x000000, 0x000000, 0x000000, 0x000000, 0x000000, 0x000000, 0x000000, 0x000000, 0x000000,
    0x000000, 0x000000, 0x8ff4b5, 0x000000, 0x000000, 0x000000, 0x000000, 0x000000, 0x000000,
    0x000000, 0x000000, 0x000000, 0x000000, 0x000000, 0x000000, 0x8ff4b4, 0x000000, 0x000000,
    0x000000, 0x000000, 0x000000, 0x000000, 0x000000, 0x000000, 0x000000, 0x000000, 0x8ff4bd,
    0x000000, 0x000000, 0x000000, 0x000000, 0x000000, 0x000000, 0x000000, 0x000000, 0x000000,
    0x000000, 0x000000, 0x000000, 0x000000, 0x000000, 0x000000, 0x000000, 0x000000, 0x000000,
    0x000000, 0x000000, 0x000000, 0x000000, 0x000000, 0x000000, 0x000000, 0x000000, 0x000000,
    0x000000, 0x000000, 0x000000, 0x000000, 0x000000, 0x000000, 0x000000, 0x000000, 0x000000,
    0x000000, 0x000000, 0x000000, 0x000000, 0x8ff4c2, 0x000000, 0x000000, 0x000000, 0x000000,
    0x000000, 0x000000, 0x000000, 0x000000, 0x000000, 0x000000, 0x000000, 0x000000, 0x000000,
    0x000000, 0x000000, 0x000000, 0x000000, 0x000000, 0x000000, 0x000000, 0x000000, 0x000000,
    0x000000, 0x000000, 0x000000, 0x000000, 0x000000, 0x000000, 0x000000, 0x000000, 0x000000,
    0x000000, 0x000000, 0x000000, 0x000000, 0x000000, 0x000000, 0x000000, 0x000000, 0x000000,
    0x000000, 0x000000, 0x000000, 0x000000, 0x000000, 0x8ff4cf, 0x000000, 0x000000, 0x000000,
    0x000000, 0x000000, 0x000000, 0x000000, 0x000000, 0x000000, 0x000000, 0x000000, 0x000000,
    0x000000, 0x000000, 0x000000, 0x000000, 0x000000, 0x000000, 0x000000, 0x000000, 0x000000,
    0x000000, 0x000000, 0x000000, 0x000000, 0x000000, 0x000000, 0x000000, 0x000000, 0x000000,
    0x000000, 0x000000, 0x000000, 0x000000, 0x000000, 0x000000, 0x000000, 0x000000, 0x000000,
    0x000000, 0x000000, 0x000000, 0x000000, 0x000000, 0x000000, 0x000000, 0x000000, 0x000000,
    0x8ff4e9, 0x000000, 0x000000, 0x000000, 0x000000, 0x000000, 0x000000, 0x000000, 0x000000,
    0x000000, 0x000000, 0x000000, 0x000000, 0x000000, 0x000000, 0x000000, 0x8ff4eb, 0x000000,
    0x000000, 0x000000, 0x000000, 0x000000, 0x000000, 0x000000, 0x000000, 0x000000, 0x000000,
    0x000000, 0x000000, 0x000000, 0x000000, 0x000000, 0x000000, 0x000000, 0x000000, 0x000000,
    0x000000, 0x000000, 0x000000, 0x000000, 0x000000, 0x000000, 0x000000, 0x000000, 0x000000,
    0x000000, 0x000000, 0x000000, 0x000000, 0x000000, 0x000000, 0x000000, 0x000000, 0x000000,
    0x000000, 0x000000, 0x000000, 0x000000, 0x000000, 0x000000, 0x000000, 0x000000, 0x000000,
    0x000000, 0x000000, 0x000000, 0x000000, 0x000000, 0x000000, 0x000000, 0x000000, 0x000000,
    0x000000, 0x000000, 0x8ff4f2, 0x000000, 0x000000, 0x000000, 0x000000, 0x000000, 0x000000,
    0x000000, 0x000000, 0x000000, 0x000000, 0x000000, 0x000000, 0x000000, 0x000000, 0x000000,
    0x000000, 0x000000, 0x000000, 0x000000, 0x000000, 0x000000, 0x000000, 0x000000, 0x000000,
    0x000000, 0x000000, 0x000000, 0x000000, 0x000000, 0x000000, 0x000000, 0x000000, 0x000000,
    0x000000, 0x000000, 0x000000, 0x000000, 0x000000, 0x000000, 0x000000, 0x000000, 0x000000,
    0x000000, 0x000000, 0x000000, 0x000000, 0x000000, 0x000000, 0x000000, 0x000000, 0x000000,
    0x8ff4f9, 0x000000, 0x000000, 0x000000, 0x000000, 0x000000, 0x000000, 0x000000, 0x000000,
    0x000000, 0x000000, 0x000000, 0x000000, 0x000000, 0x000000, 0x000000, 0x000000, 0x000000,
    0x000000, 0x000000, 0x000000, 0x000000, 0x000000, 0x000000, 0x000000, 0x000000, 0x000000,
    0x000000, 0x000000, 0x000000, 0x000000, 0x000000, 0x000000, 0x000000, 0x000000, 0x000000,
    0x000000, 0x000000, 0x000000, 0x000000, 0x000000, 0x000000, 0x000000, 0x000000, 0x000000,
    0x000000, 0x000000, 0x000000, 0x000000, 0x000000, 0x000000, 0x000000, 0x000000, 0x000000,
    0x000000, 0x000000, 0x000000, 0x000000, 0x000000, 0x000000, 0x000000, 0x000000, 0x000000,
    0x8ff5b5, 0x000000, 0x000000, 0x000000, 0x000000, 0x000000, 0x000000, 0x000000, 0x000000,
    0x000000, 0x000000, 0x000000, 0x000000, 0x000000, 0x000000, 0x000000, 0x000000, 0x000000,
    0x000000, 0x000000, 0x000000, 0x000000, 0x000000, 0x000000, 0x000000, 0x000000, 0x000000,
    0x000000, 0x000000, 0x000000, 0x000000, 0x000000, 0x000000, 0x000000, 0x000000, 0x000000,
    0x000000, 0x000000, 0x000000, 0x000000, 0x000000, 0x000000, 0x000000, 0x000000, 0x000000,
    0x000000, 0x000000, 0x000000, 0x000000, 0x8ff5ba, 0x000000, 0x000000, 0x000000, 0x000000,
    0x000000, 0x000000, 0x000000, 0x000000, 0x000000, 0x000000, 0x000000, 0x000000, 0x000000,
    0x000000, 0x000000, 0x000000, 0x000000, 0x000000, 0x000000, 0x000000, 0x000000, 0x000000,
    0x000000, 0x000000, 0x000000, 0x000000, 0x000000, 0x000000, 0x000000, 0x8ff5c6, 0x000000,
    0x000000, 0x000000, 0x000000, 0x000000, 0x000000, 0x000000, 0x000000, 0x000000, 0x000000,
    0x000000, 0x000000, 0x000000, 0x000000, 0x000000, 0x000000, 0x000000, 0x000000, 0x000000,
    0x000000, 0x000000, 0x000000, 0x000000, 0x000000, 0x000000, 0x000000, 0x000000, 0x000000,
    0x000000, 0x000000, 0x000000, 0x000000, 0x000000, 0x000000, 0x8ff5d6, 0x000000, 0x000000,
    0x000000, 0x000000, 0x000000, 0x000000, 0x000000, 0x000000, 0x000000, 0x000000, 0x000000,
    0x000000, 0x8ff5d8, 0x000000, 0x000000, 0x000000, 0x000000, 0x000000, 0x000000, 0x000000,
    0x000000, 0x000000, 0x000000, 0x000000, 0x000000, 0x000000, 0x000000, 0x000000, 0x000000,
    0x000000, 0x000000, 0x000000, 0x000000, 0x000000, 0x8ff5da, 0x000000, 0x000000, 0x000000,
    0x000000, 0x000000, 0x000000, 0x000000, 0x000000, 0x000000, 0x000000, 0x000000, 0x000000,
    0x000000, 0x000000, 0x000000, 0x000000, 0x000000, 0x000000, 0x000000, 0x000000, 0x000000,
    0x000000, 0x000000, 0x000000, 0x000000, 0x000000, 0x000000, 0x000000, 0x000000, 0x8ff5dd,
    0x000000, 0x000000, 0x000000, 0x000000, 0x000000, 0x000000, 0x000000, 0x000000, 0x000000,
    0x000000, 0x000000, 0x000000, 0x000000, 0x000000, 0x000000, 0x000000, 0x000000, 0x000000,
    0x000000, 0x000000, 0x000000, 0x000000, 0x000000, 0x000000, 0x000000, 0x000000, 0x000000,
    0x000000, 0x000000, 0x8ff5df, 0x000000, 0x000000, 0x000000, 0x000000, 0x000000, 0x000000,
    0x000000, 0x000000, 0x000000, 0x000000, 0x000000, 0x000000, 0x000000, 0x000000, 0x000000,
    0x000000, 0x000000, 0x000000, 0x000000, 0x000000, 0x000000, 0x000000, 0x000000, 0x000000,
    0x000000, 0x000000, 0x000000, 0x000000, 0x000000, 0x000000, 0x000000, 0x000000, 0x000000,
    0x000000, 0x8ff5e3, 0x000000, 0x000000, 0x000000, 0x000000, 0x000000, 0x000000, 0x000000,
    0x000000, 0x000000, 0x000000, 0x000000, 0x000000, 0x000000, 0x000000, 0x000000, 0x000000,
    0x000000, 0x000000, 0x000000, 0x000000, 0x000000, 0x000000, 0x000000, 0x000000, 0x000000,
    0x000000, 0x000000, 0x000000, 0x000000, 0x000000, 0x000000, 0x000000, 0x000000, 0x8ff5ea,
    0x000000, 0x000000, 0x000000, 0x000000, 0x000000, 0x000000, 0x000000, 0x000000, 0x000000,
    0x000000, 0x000000, 0x000000, 0x000000, 0x000000, 0x000000, 0x000000, 0x000000, 0x000000,
    0x000000, 0x000000, 0x000000, 0x000000, 0x000000, 0x000000, 0x000000, 0x000000, 0x000000,
    0x000000, 0x000000, 0x000000, 0x000000, 0x000000, 0x000000, 0x000000, 0x000000, 0x000000,
    0x000000, 0x000000, 0x000000, 0x8ff5f0, 0x000000, 0x000000, 0x000000, 0x000000, 0x000000,
    0x000000, 0x000000, 0x000000, 0x000000, 0x000000, 0x000000, 0x000000, 0x000000, 0x000000,
    0x000000, 0x000000, 0x000000, 0x000000, 0x000000, 0x000000, 0x000000, 0x000000, 0x000000,
    0x000000, 0x000000, 0x000000, 0x000000, 0x000000, 0x000000, 0x000000, 0x000000, 0x000000,
    0x000000, 0x000000, 0x000000, 0x000000, 0x000000, 0x000000, 0x000000, 0x000000, 0x000000,
    0x000000, 0x8ff5f3, 0x000000, 0x000000, 0x000000, 0x000000, 0x000000, 0x000000, 0x000000,
    0x000000, 0x000000, 0x000000, 0x000000, 0x000000, 0x000000, 0x000000, 0x000000, 0x000000,
    0x000000, 0x000000, 0x000000, 0x000000, 0x000000, 0x000000, 0x000000, 0x000000, 0x000000,
    0x000000, 0x000000, 0x000000, 0x000000, 0x000000, 0x000000, 0x000000, 0x000000, 0x000000,
    0x000000, 0x000000, 0x000000, 0x000000, 0x000000, 0x000000, 0x000000, 0x000000, 0x000000,
    0x000000, 0x000000, 0x000000, 0x000000, 0x000000, 0x000000, 0x000000, 0x000000, 0x000000,
    0x000000, 0x000000, 0x000000, 0x000000, 0x000000, 0x000000, 0x000000, 0x000000, 0x000000,
    0x000000, 0x000000, 0x00fadd, 0x000000, 0x000000, 0x000000, 0x000000, 0x000000, 0x000000,
    0x000000, 0x000000, 0x000000, 0x000000, 0x000000, 0x000000, 0x000000, 0x000000, 0x000000,
    0x000000, 0x000000, 0x000000, 0x000000, 0x000000, 0x000000, 0x000000, 0x000000, 0x000000,
    0x000000, 0x000000, 0x000000, 0x000000, 0x000000, 0x000000, 0x000000, 0x000000, 0x000000,
    0x000000, 0x000000, 0x000000, 0x000000, 0x000000, 0x000000, 0x000000, 0x000000, 0x8fa5c4,
    0x000000, 0x000000, 0x000000, 0x000000, 0x000000, 0x000000, 0x000000, 0x000000, 0x000000,
    0x000000, 0x000000, 0x000000, 0x000000, 0x000000, 0x000000, 0x000000, 0x000000, 0x000000,
    0x000000, 0x000000, 0x000000, 0x000000, 0x000000, 0x000000, 0x000000, 0x000000, 0x000000,
    0x000000, 0x000000, 0x000000, 0x000000, 0x000000, 0x000000, 0x000000, 0x000000, 0x000000,
    0x000000, 0x000000, 0x000000, 0x000000, 0x000000, 0x000000, 0x000000, 0x000000, 0x000000,
    0x000000, 0x000000, 0x000000, 0x000000, 0x000000, 0x000000, 0x8ff6c4, 0x000000, 0x000000,
    0x000000, 0x000000, 0x000000, 0x000000, 0x000000, 0x000000, 0x000000, 0x000000, 0x000000,
    0x000000, 0x000000, 0x000000, 0x000000, 0x000000, 0x000000, 0x000000, 0x000000, 0x000000,
    0x000000, 0x000000, 0x000000, 0x000000, 0x000000, 0x000000, 0x000000, 0x000000, 0x000000,
    0x8ff6ce, 0x000000, 0x000000, 0x000000, 0x000000, 0x000000, 0x000000, 0x000000, 0x000000,
    0x000000, 0x000000, 0x000000, 0x000000, 0x000000, 0x000000, 0x000000, 0x000000, 0x000000,
    0x000000, 0x000000, 0x000000, 0x000000, 0x000000, 0x000000, 0x000000, 0x000000, 0x000000,
    0x000000, 0x000000, 0x000000, 0x000000, 0x000000, 0x000000, 0x000000, 0x000000, 0x00fbb3,
    0x000000, 0x000000, 0x000000, 0x000000, 0x000000, 0x000000, 0x000000, 0x000000, 0x000000,
    0x000000, 0x000000, 0x000000, 0x000000, 0x000000, 0x000000, 0x000000, 0x000000, 0x000000,
    0x000000, 0x000000, 0x000000, 0x000000, 0x000000, 0x000000, 0x000000, 0x000000, 0x000000,
    0x000000, 0x000000, 0x000000, 0x000000, 0x000000, 0x000000, 0x000000, 0x000000, 0x000000,
    0x8ff6dd, 0x000000, 0x000000, 0x000000, 0x000000, 0x000000, 0x000000, 0x000000, 0x000000,
    0x000000, 0x000000, 0x000000, 0x000000, 0x000000, 0x000000, 0x000000, 0x000000, 0x000000,
    0x000000, 0x000000, 0x000000, 0x000000, 0x000000, 0x000000, 0x000000, 0x000000, 0x000000,
    0x8ff6f5, 0x000000, 0x000000, 0x000000, 0x000000, 0x000000, 0x000000, 0x000000, 0x000000,
    0x000000, 0x000000, 0x000000, 0x000000, 0x000000, 0x000000, 0x000000, 0x000000, 0x000000,
    0x000000, 0x000000, 0x000000, 0x000000, 0x000000, 0x000000, 0x000000, 0x000000, 0x000000,
    0x000000, 0x000000, 0x000000, 0x000000, 0x000000, 0x000000, 0x000000, 0x000000, 0x000000,
    0x000000, 0x000000, 0x000000, 0x000000, 0x000000, 0x000000, 0x000000, 0x000000, 0x000000,
    0x000000, 0x000000, 0x000000, 0x000000, 0x000000, 0x000000, 0x000000, 0x000000, 0x000000,
    0x000000, 0x8ff7a1, 0x8ff7a2, 0x8ff6fe, 0x000000, 0x000000, 0x000000, 0x000000, 0x000000,
    0x000000, 0x000000, 0x000000, 0x000000, 0x000000, 0x000000, 0x000000, 0x000000, 0x000000,
    0x000000, 0x000000, 0x000000, 0x000000, 0x000000, 0x000000, 0x000000, 0x000000, 0x000000,
    0x000000, 0x000000, 0x000000, 0x000000, 0x000000, 0x000000, 0x000000, 0x000000, 0x000000,
    0x000000, 0x000000, 0x000000, 0x000000, 0x000000, 0x000000, 0x000000, 0x000000, 0x000000,
    0x000000, 0x000000, 0x000000, 0x000000, 0x000000, 0x000000, 0x000000, 0x000000, 0x000000,
    0x000000, 0x000000, 0x00fbc9, 0x000000, 0x000000, 0x000000, 0x000000, 0x000000, 0x000000,
    0x000000, 0x000000, 0x000000, 0x000000, 0x000000, 0x000000, 0x000000, 0x8ff7b3, 0x000000,
    0x000000, 0x000000, 0x000000, 0x000000, 0x000000, 0x000000, 0x000000, 0x000000, 0x000000,
    0x000000, 0x000000, 0x000000, 0x000000, 0x000000, 0x000000, 0x000000, 0x000000, 0x000000,
    0x000000, 0x000000, 0x000000, 0x000000, 0x000000, 0x000000, 0x000000, 0x000000, 0x000000,
    0x000000, 0x000000, 0x000000, 0x000000, 0x000000, 0x000000, 0x000000, 0x000000, 0x000000,
    0x000000, 0x000000, 0x000000, 0x000000, 0x000000, 0x000000, 0x8ff7b6, 0x000000, 0x000000,
    0x000000, 0x000000, 0x000000, 0x000000, 0x000000, 0x000000, 0x000000, 0x000000, 0x000000,
    0x000000, 0x000000, 0x000000, 0x000000, 0x000000, 0x000000, 0x000000, 0x000000, 0x000000,
    0x000000, 0x000000, 0x000000, 0x000000, 0x000000, 0x000000, 0x8ff7e5, 0x8ff7e4, 0x000000,
    0x000000, 0x000000, 0x000000, 0x000000, 0x000000, 0x000000, 0x000000, 0x000000, 0x000000,
    0x000000, 0x000000, 0x000000, 0x000000, 0x000000, 0x000000, 0x000000, 0x000000, 0x000000,
    0x000000, 0x000000, 0x000000, 0x000000, 0x000000, 0x000000, 0x000000, 0x000000, 0x000000,
    0x000000, 0x000000, 0x000000, 0x000000, 0x000000, 0x000000, 0x8ff7eb, 0x000000, 0x000000,
    0x000000, 0x000000, 0x000000, 0x000000, 0x000000, 0x000000, 0x000000, 0x000000, 0x000000,
    0x000000, 0x000000, 0x000000, 0x000000, 0x000000, 0x8ff7ee, 0x000000, 0x000000, 0x000000,
    0x000000, 0x000000, 0x000000, 0x000000, 0x000000, 0x000000, 0x000000, 0x000000, 0x000000,
    0x000000, 0x000000, 0x000000, 0x000000, 0x000000, 0x000000, 0x000000, 0x000000, 0x000000,
    0x000000, 0x000000, 0x000000, 0x000000, 0x000000, 0x000000, 0x000000, 0x000000, 0x000000,
    0x000000, 0x000000, 0x000000, 0x000000, 0x000000, 0x000000, 0x000000, 0x000000, 0x000000,
    0x000000, 0x000000, 0x000000, 0x000000, 0x000000, 0x000000, 0x000000, 0x000000, 0x8ff7f3,
    0x000000, 0x000000, 0x000000, 0x000000, 0x000000, 0x000000, 0x000000, 0x000000, 0x000000,
    0x000000, 0x000000, 0x000000, 0x000000, 0x000000, 0x000000, 0x000000, 0x000000, 0x000000,
    0x000000, 0x000000, 0x000000, 0x000000, 0x000000, 0x000000, 0x000000, 0x000000, 0x000000,
    0x000000, 0x000000, 0x000000, 0x000000, 0x000000, 0x000000, 0x000000, 0x000000, 0x000000,
    0x000000, 0x000000, 0x000000, 0x000000, 0x000000, 0x000000, 0x000000, 0x000000, 0x000000,
    0x000000, 0x000000, 0x000000, 0x000000, 0x000000, 0x000000, 0x000000, 0x000000, 0x000000,
    0x8ff8aa, 0x8ff8a9, 0x000000, 0x000000, 0x000000, 0x000000, 0x000000, 0x000000, 0x000000,
    0x000000, 0x000000, 0x000000, 0x000000, 0x000000, 0x000000, 0x000000, 0x000000, 0x000000,
    0x000000, 0x000000, 0x000000, 0x000000, 0x000000, 0x000000, 0x000000, 0x000000, 0x000000,
    0x000000, 0x000000, 0x8ff8ac, 0x000000, 0x000000, 0x000000, 0x000000, 0x000000, 0x000000,
    0x000000, 0x000000, 0x000000, 0x000000, 0x000000, 0x000000, 0x000000, 0x000000, 0x00fbec,
    0x000000, 0x000000, 0x000000, 0x000000, 0x000000, 0x000000, 0x000000, 0x000000, 0x000000,
    0x000000, 0x000000, 0x000000, 0x000000, 0x000000, 0x8ff8b4, 0x000000, 0x000000, 0x000000,
    0x000000, 0x000000, 0x000000, 0x000000, 0x000000, 0x000000, 0x000000, 0x000000, 0x000000,
    0x000000, 0x000000, 0x000000, 0x000000, 0x000000, 0x000000, 0x000000, 0x000000, 0x000000,
    0x000000, 0x000000, 0x000000, 0x000000, 0x000000, 0x000000, 0x000000, 0x000000, 0x000000,
    0x000000, 0x000000, 0x000000, 0x000000, 0x000000, 0x000000, 0x000000, 0x000000, 0x000000,
    0x000000, 0x000000, 0x000000, 0x000000, 0x000000, 0x8ff8bc, 0x000000, 0x000000, 0x000000,
    0x000000, 0x000000, 0x000000, 0x000000, 0x000000, 0x000000, 0x000000, 0x000000, 0x000000,
    0x000000, 0x000000, 0x000000, 0x000000, 0x000000, 0x000000, 0x000000, 0x000000, 0x8ff8be,
    0x000000, 0x000000, 0x000000, 0x000000, 0x000000, 0x000000, 0x000000, 0x000000, 0x000000,
    0x000000, 0x000000, 0x000000, 0x000000, 0x000000, 0x000000, 0x000000, 0x000000, 0x000000,
    0x000000, 0x000000, 0x000000, 0x000000, 0x000000, 0x000000, 0x000000, 0x000000, 0x000000,
    0x000000, 0x8ff8c2, 0x000000, 0x000000, 0x000000, 0x000000, 0x000000, 0x000000, 0x000000,
    0x000000, 0x000000, 0x000000, 0x000000, 0x000000, 0x000000, 0x000000, 0x000000, 0x000000,
    0x000000, 0x000000, 0x000000, 0x000000, 0x000000, 0x000000, 0x000000, 0x000000, 0x000000,
    0x000000, 0x000000, 0x000000, 0x000000, 0x000000, 0x000000, 0x000000, 0x000000, 0x000000,
    0x000000, 0x000000, 0x000000, 0x000000, 0x000000, 0x000000, 0x000000, 0x000000, 0x000000,
    0x000000, 0x000000, 0x8ff8d6, 0x000000, 0x000000, 0x000000, 0x000000, 0x000000, 0x000000,
    0x000000, 0x000000, 0x000000, 0x000000, 0x000000, 0x000000, 0x000000, 0x000000, 0x000000,
    0x000000, 0x000000, 0x000000, 0x000000, 0x000000, 0x000000, 0x000000, 0x000000, 0x000000,
    0x000000, 0x000000, 0x000000, 0x000000, 0x000000, 0x000000, 0x000000, 0x000000, 0x000000,
    0x000000, 0x000000, 0x000000, 0x000000, 0x000000, 0x000000, 0x000000, 0x000000, 0x000000,
    0x000000, 0x000000, 0x000000, 0x000000, 0x000000, 0x000000, 0x000000, 0x000000, 0x000000,
    0x000000, 0x000000, 0x000000, 0x000000, 0x000000, 0x000000, 0x000000, 0x8ff8e3, 0x000000,
    0x000000, 0x000000, 0x000000, 0x000000, 0x000000, 0x000000, 0x000000, 0x000000, 0x000000,
    0x000000, 0x000000, 0x000000, 0x000000, 0x000000, 0x000000, 0x000000, 0x000000, 0x000000,
    0x000000, 0x000000, 0x000000, 0x000000, 0x000000, 0x000000, 0x000000, 0x000000, 0x000000,
    0x000000, 0x000000, 0x000000, 0x000000, 0x000000, 0x000000, 0x000000, 0x000000, 0x000000,
    0x000000, 0x000000, 0x000000, 0x000000, 0x000000, 0x000000, 0x000000, 0x000000, 0x000000,
    0x000000, 0x000000, 0x000000, 0x000000, 0x000000, 0x000000, 0x000000, 0x000000, 0x000000,
    0x000000, 0x000000, 0x000000, 0x000000, 0x8ff8f7, 0x000000, 0x000000, 0x000000, 0x000000,
    0x000000, 0x000000, 0x000000, 0x000000, 0x000000, 0x000000, 0x8ff8f9, 0x000000, 0x000000,
    0x000000, 0x000000, 0x000000, 0x000000, 0x000000, 0x8ff8fa, 0x000000, 0x000000, 0x000000,
    0x000000, 0x000000, 0x000000, 0x000000, 0x000000, 0x000000, 0x000000, 0x000000, 0x000000,
    0x000000, 0x000000, 0x000000, 0x000000, 0x000000, 0x000000, 0x000000, 0x000000, 0x000000,
    0x000000, 0x000000, 0x000000, 0x000000, 0x000000, 0x000000, 0x000000, 0x000000, 0x000000,
    0x000000, 0x000000, 0x000000, 0x000000, 0x000000, 0x000000, 0x000000, 0x000000, 0x000000,
    0x000000, 0x000000, 0x000000, 0x000000, 0x000000, 0x000000, 0x000000, 0x000000, 0x000000,
    0x000000, 0x000000, 0x000000, 0x000000, 0x000000, 0x000000, 0x000000, 0x000000, 0x8ff9a5,
    0x000000, 0x000000, 0x000000, 0x000000, 0x000000, 0x000000, 0x000000, 0x000000, 0x000000,
    0x000000, 0x000000, 0x000000, 0x000000, 0x000000, 0x000000, 0x000000, 0x000000, 0x000000,
    0x000000, 0x000000, 0x000000, 0x000000, 0x000000, 0x000000, 0x000000, 0x000000, 0x000000,
    0x000000, 0x000000, 0x000000, 0x000000, 0x000000, 0x8ff9af, 0x000000, 0x000000, 0x000000,
    0x000000, 0x000000, 0x000000, 0x000000, 0x000000, 0x000000, 0x000000, 0x000000, 0x000000,
    0x000000, 0x000000, 0x000000, 0x000000, 0x000000, 0x000000, 0x000000, 0x000000, 0x000000,
    0x000000, 0x000000, 0x000000, 0x000000, 0x000000, 0x000000, 0x000000, 0x000000, 0x000000,
    0x000000, 0x8ff9b2, 0x000000, 0x000000, 0x000000, 0x000000, 0x000000, 0x000000, 0x000000,
    0x000000, 0x000000, 0x000000, 0x000000, 0x000000, 0x000000, 0x000000, 0x000000, 0x000000,
    0x000000, 0x000000, 0x000000, 0x000000, 0x000000, 0x000000, 0x000000, 0x000000, 0x000000,
    0x000000, 0x000000, 0x000000, 0x000000, 0x000000, 0x000000, 0x000000, 0x000000, 0x000000,
    0x000000, 0x000000, 0x000000, 0x000000, 0x000000, 0x000000, 0x000000, 0x000000, 0x000000,
    0x000000, 0x000000, 0x000000, 0x000000, 0x000000, 0x000000, 0x000000, 0x000000, 0x000000,
    0x000000, 0x000000, 0x000000, 0x8ff9b9, 0x000000, 0x000000, 0x000000, 0x000000, 0x000000,
    0x000000, 0x000000, 0x000000, 0x000000, 0x000000, 0x8ff9c2, 0x000000, 0x000000, 0x000000,
    0x000000, 0x000000, 0x000000, 0x000000, 0x000000, 0x000000, 0x000000, 0x000000, 0x000000,
    0x000000, 0x000000, 0x000000, 0x000000, 0x000000, 0x000000, 0x000000, 0x000000, 0x000000,
    0x000000, 0x000000, 0x000000, 0x000000, 0x000000, 0x000000, 0x000000, 0x000000, 0x000000,
    0x000000, 0x000000, 0x000000, 0x000000, 0x000000, 0x000000, 0x000000, 0x000000, 0x000000,
    0x000000, 0x000000, 0x000000, 0x000000, 0x000000, 0x000000, 0x000000, 0x000000, 0x000000,
    0x8ff9c8, 0x000000, 0x000000, 0x000000, 0x000000, 0x000000, 0x000000, 0x000000, 0x000000,
    0x000000, 0x000000, 0x000000, 0x000000, 0x000000, 0x000000, 0x000000, 0x000000, 0x000000,
    0x000000, 0x000000, 0x000000, 0x000000, 0x000000, 0x000000, 0x000000, 0x000000, 0x000000,
    0x000000, 0x000000, 0x000000, 0x000000, 0x000000, 0x000000, 0x000000, 0x000000, 0x000000,
    0x000000, 0x000000, 0x000000, 0x000000, 0x000000, 0x000000, 0x000000, 0x000000, 0x000000,
    0x000000, 0x000000, 0x000000, 0x000000, 0x000000, 0x000000, 0x000000, 0x000000, 0x000000,
    0x000000, 0x000000, 0x00fcc9, 0x000000, 0x000000, 0x000000, 0x000000, 0x000000, 0x000000,
    0x000000, 0x000000, 0x8ff9d9, 0x000000, 0x000000, 0x000000, 0x000000, 0x000000, 0x000000,
    0x000000, 0x000000, 0x000000, 0x000000, 0x000000, 0x000000, 0x000000, 0x000000, 0x000000,
    0x000000, 0x000000, 0x000000, 0x000000, 0x000000, 0x000000, 0x000000, 0x000000, 0x000000,
    0x000000, 0x000000, 0x000000, 0x000000, 0x000000, 0x000000, 0x000000, 0x000000, 0x000000,
    0x000000, 0x000000, 0x000000, 0x000000, 0x000000, 0x000000, 0x000000, 0x000000, 0x000000,
    0x000000, 0x000000, 0x000000, 0x000000, 0x000000, 0x000000, 0x000000, 0x000000, 0x000000,
    0x000000, 0x000000, 0x000000, 0x000000, 0x000000, 0x000000, 0x000000, 0x000000, 0x000000,
    0x000000, 0x8ff9de, 0x000000, 0x000000, 0x000000, 0x000000, 0x000000, 0x000000, 0x000000,
    0x000000, 0x000000, 0x000000, 0x000000, 0x000000, 0x000000, 0x00fcd1, 0x000000, 0x000000,
    0x000000, 0x000000, 0x000000, 0x000000, 0x000000, 0x000000, 0x000000, 0x000000, 0x000000,
    0x000000, 0x000000, 0x000000, 0x000000, 0x000000, 0x000000, 0x000000, 0x000000, 0x000000,
    0x000000, 0x000000, 0x000000, 0x000000, 0x000000, 0x000000, 0x000000, 0x000000, 0x000000,
    0x000000, 0x000000, 0x000000, 0x000000, 0x000000, 0x000000, 0x000000, 0x000000, 0x000000,
    0x000000, 0x000000, 0x000000, 0x000000, 0x000000, 0x000000, 0x000000, 0x000000, 0x000000,
    0x000000, 0x000000, 0x000000, 0x8ff9e6, 0x000000, 0x000000, 0x000000, 0x000000, 0x000000,
    0x000000, 0x000000, 0x000000, 0x000000, 0x000000, 0x000000, 0x000000, 0x000000, 0x000000,
    0x000000, 0x000000, 0x000000, 0x000000, 0x000000, 0x000000, 0x000000, 0x000000, 0x000000,
    0x000000, 0x000000, 0x000000, 0x000000, 0x000000, 0x000000, 0x000000, 0x000000, 0x000000,
    0x000000, 0x000000, 0x000000, 0x000000, 0x000000, 0x000000, 0x000000, 0x000000, 0x000000,
    0x000000, 0x000000, 0x000000, 0x000000, 0x000000, 0x000000, 0x000000, 0x000000, 0x000000,
    0x000000, 0x8ff9eb, 0x000000, 0x000000, 0x000000, 0x000000, 0x000000, 0x000000, 0x000000,
    0x000000, 0x000000, 0x000000, 0x000000, 0x000000, 0x000000, 0x000000, 0x000000, 0x000000,
    0x000000, 0x000000, 0x000000, 0x000000, 0x000000, 0x000000, 0x000000, 0x000000, 0x000000,
    0x000000, 0x000000, 0x000000, 0x000000, 0x000000, 0x000000, 0x000000, 0x000000, 0x000000,
    0x000000, 0x000000, 0x000000, 0x000000, 0x000000, 0x000000, 0x000000, 0x000000, 0x000000,
    0x8ff9fa, 0x000000, 0x000000, 0x000000, 0x000000, 0x000000, 0x000000, 0x000000, 0x000000,
    0x000000, 0x000000, 0x000000, 0x000000, 0x000000, 0x000000, 0x000000, 0x000000, 0x000000,
    0x000000, 0x000000, 0x000000, 0x8ff9fe, 0x8ffaa1, 0x000000, 0x000000, 0x000000, 0x000000,
    0x000000, 0x000000, 0x000000, 0x000000, 0x000000, 0x000000, 0x000000, 0x000000, 0x000000,
    0x000000, 0x000000, 0x000000, 0x000000, 0x000000, 0x000000, 0x000000, 0x000000, 0x000000,
    0x000000, 0x000000, 0x000000, 0x000000, 0x000000, 0x000000, 0x000000, 0x000000, 0x000000,
    0x000000, 0x000000, 0x000000, 0x000000, 0x000000, 0x000000, 0x000000, 0x000000, 0x000000,
    0x000000, 0x000000, 0x000000, 0x000000, 0x000000, 0x000000, 0x000000, 0x000000, 0x000000,
    0x000000, 0x000000, 0x000000, 0x000000, 0x000000, 0x8ffaac, 0x000000, 0x000000, 0x000000,
    0x000000, 0x000000, 0x000000, 0x000000, 0x000000, 0x000000, 0x000000, 0x000000, 0x000000,
    0x000000, 0x000000, 0x000000, 0x000000, 0x000000, 0x000000, 0x000000, 0x000000, 0x000000,
    0x000000, 0x000000, 0x000000, 0x000000, 0x000000, 0x000000, 0x000000, 0x000000, 0x000000,
    0x000000, 0x000000, 0x000000, 0x000000, 0x8ffaaf, 0x000000, 0x000000, 0x000000, 0x000000,
    0x000000, 0x000000, 0x8ffad0, 0x000000, 0x000000, 0x8ffacf, 0x000000, 0x000000, 0x000000,
    0x000000, 0x000000, 0x000000, 0x000000, 0x000000, 0x000000, 0x000000, 0x000000, 0x000000,
    0x000000, 0x000000, 0x000000, 0x000000, 0x000000, 0x000000, 0x000000, 0x000000, 0x000000,
    0x000000, 0x000000, 0x000000, 0x000000, 0x000000, 0x000000, 0x000000, 0x000000, 0x000000,
    0x000000, 0x000000, 0x000000, 0x8ffad7, 0x000000, 0x000000, 0x000000, 0x000000, 0x000000,
    0x000000, 0x000000, 0x000000, 0x000000, 0x000000, 0x000000, 0x000000, 0x000000, 0x000000,
    0x000000, 0x000000, 0x000000, 0x000000, 0x000000, 0x000000, 0x8ffae5, 0x8ffae6, 0x000000,
    0x000000, 0x000000, 0x000000, 0x000000, 0x000000, 0x000000, 0x000000, 0x000000, 0x000000,
    0x000000, 0x000000, 0x000000, 0x000000, 0x000000, 0x000000, 0x000000, 0x000000, 0x000000,
    0x000000, 0x000000, 0x000000, 0x000000, 0x000000, 0x000000, 0x000000, 0x000000, 0x000000,
    0x000000, 0x000000, 0x000000, 0x000000, 0x000000, 0x000000, 0x000000, 0x000000, 0x000000,
    0x000000, 0x000000, 0x000000, 0x000000, 0x000000, 0x000000, 0x000000, 0x000000, 0x000000,
    0x000000, 0x000000, 0x000000, 0x8ffaf1, 0x8ffaf2, 0x000000, 0x000000, 0x000000, 0x000000,
    0x000000, 0x000000, 0x000000, 0x000000, 0x000000, 0x000000, 0x000000, 0x000000, 0x000000,
    0x000000, 0x000000, 0x000000, 0x000000, 0x000000, 0x000000, 0x000000, 0x000000, 0x000000,
    0x000000, 0x000000, 0x000000, 0x000000, 0x000000, 0x000000, 0x000000, 0x000000, 0x8ffafe,
    0x000000, 0x000000, 0x000000, 0x000000, 0x000000, 0x000000, 0x000000, 0x000000, 0x000000,
    0x000000, 0x8ffba1, 0x000000, 0x000000, 0x000000, 0x000000, 0x000000, 0x000000, 0x000000,
    0x000000, 0x000000, 0x000000, 0x000000, 0x000000, 0x000000, 0x000000, 0x000000, 0x000000,
    0x000000, 0x000000, 0x000000, 0x000000, 0x000000, 0x000000, 0x8ffbad, 0x000000, 0x000000,
    0x000000, 0x000000, 0x000000, 0x000000, 0x000000, 0x000000, 0x000000, 0x000000, 0x000000,
    0x000000, 0x000000, 0x000000, 0x000000, 0x000000, 0x000000, 0x000000, 0x000000, 0x000000,
    0x000000, 0x000000, 0x000000, 0x000000, 0x000000, 0x000000, 0x000000, 0x000000, 0x000000,
    0x000000, 0x000000, 0x000000, 0x000000, 0x000000, 0x000000, 0x000000, 0x000000, 0x000000,
    0x000000, 0x000000, 0x000000, 0x000000, 0x000000, 0x000000, 0x000000, 0x8ffbac, 0x000000,
    0x000000, 0x000000, 0x000000, 0x000000, 0x000000, 0x000000, 0x000000, 0x000000, 0x000000,
    0x000000, 0x000000, 0x000000, 0x000000, 0x000000, 0x000000, 0x000000, 0x000000, 0x000000,
    0x000000, 0x000000, 0x000000, 0x000000, 0x000000, 0x000000, 0x8ffbb6, 0x000000, 0x000000,
    0x000000, 0x000000, 0x000000, 0x000000, 0x000000, 0x000000, 0x000000, 0x000000, 0x000000,
    0x000000, 0x000000, 0x000000, 0x000000, 0x000000, 0x000000, 0x000000, 0x000000, 0x000000,
    0x000000, 0x000000, 0x000000, 0x000000, 0x000000, 0x000000, 0x000000, 0x000000, 0x000000,
    0x000000, 0x000000, 0x000000, 0x000000, 0x000000, 0x000000, 0x000000, 0x000000, 0x000000,
    0x8ffbb7, 0x000000, 0x000000, 0x000000, 0x000000, 0x000000, 0x000000, 0x000000, 0x000000,
    0x000000, 0x000000, 0x000000, 0x000000, 0x000000, 0x000000, 0x000000, 0x8ffbbe, 0x000000,
    0x000000, 0x000000, 0x000000, 0x000000, 0x000000, 0x8ffbbd, 0x000000, 0x000000, 0x000000,
    0x000000, 0x000000, 0x000000, 0x000000, 0x000000, 0x000000, 0x000000, 0x000000, 0x000000,
    0x000000, 0x000000, 0x000000, 0x000000, 0x000000, 0x000000, 0x000000, 0x000000, 0x000000,
    0x000000, 0x000000, 0x000000, 0x000000, 0x000000, 0x000000, 0x8ffbce, 0x000000, 0x000000,
    0x000000, 0x000000, 0x000000, 0x000000, 0x000000, 0x000000, 0x000000, 0x000000, 0x000000,
    0x000000, 0x000000, 0x000000, 0x000000, 0x000000, 0x000000, 0x000000, 0x000000, 0x000000,
    0x000000, 0x000000, 0x000000, 0x000000, 0x000000, 0x000000, 0x000000, 0x000000, 0x000000,
    0x000000, 0x000000, 0x000000, 0x000000, 0x000000, 0x000000, 0x000000, 0x000000, 0x000000,
    0x000000, 0x000000, 0x000000, 0x000000, 0x000000, 0x000000, 0x000000, 0x8ffbcf, 0x000000,
    0x000000, 0x000000, 0x000000, 0x000000, 0x000000, 0x000000, 0x000000, 0x000000, 0x000000,
    0x000000, 0x000000, 0x000000, 0x000000, 0x000000, 0x000000, 0x8ffbd7, 0x000000, 0x000000,
    0x000000, 0x000000, 0x000000, 0x000000, 0x000000, 0x000000, 0x000000, 0x000000, 0x000000,
    0x000000, 0x000000, 0x000000, 0x000000, 0x000000, 0x000000, 0x000000, 0x000000, 0x000000,
    0x000000, 0x000000, 0x000000, 0x000000, 0x000000, 0x000000, 0x000000, 0x000000, 0x000000,
    0x000000, 0x000000, 0x000000, 0x000000, 0x000000, 0x000000, 0x000000, 0x000000, 0x000000,
    0x000000, 0x000000, 0x000000, 0x000000, 0x000000, 0x000000, 0x000000, 0x000000, 0x000000,
    0x000000, 0x000000, 0x8ffbda, 0x000000, 0x000000, 0x000000, 0x000000, 0x000000, 0x000000,
    0x000000, 0x000000, 0x000000, 0x000000, 0x000000, 0x000000, 0x000000, 0x000000, 0x000000,
    0x000000, 0x000000, 0x000000, 0x000000, 0x000000, 0x000000, 0x000000, 0x000000, 0x000000,
    0x000000, 0x000000, 0x000000, 0x000000, 0x000000, 0x000000, 0x000000, 0x000000, 0x000000,
    0x000000, 0x000000, 0x000000, 0x000000, 0x000000, 0x000000, 0x000000, 0x000000, 0x000000,
    0x000000, 0x000000, 0x000000, 0x000000, 0x000000, 0x000000, 0x000000, 0x000000, 0x000000,
    0x000000, 0x000000, 0x000000, 0x000000, 0x000000, 0x000000, 0x000000, 0x000000, 0x8ffbdc,
    0x000000, 0x000000, 0x000000, 0x000000, 0x000000, 0x000000, 0x000000, 0x000000, 0x000000,
    0x000000, 0x000000, 0x000000, 0x000000, 0x000000, 0x000000, 0x000000, 0x000000, 0x000000,
    0x000000, 0x000000, 0x000000, 0x000000, 0x000000, 0x000000, 0x000000, 0x000000, 0x000000,
    0x000000, 0x000000, 0x000000, 0x000000, 0x8ffbdd, 0x000000, 0x000000, 0x000000, 0x000000,
    0x000000, 0x000000, 0x000000, 0x000000, 0x000000, 0x000000, 0x000000, 0x000000, 0x000000,
    0x000000, 0x000000, 0x000000, 0x000000, 0x000000, 0x000000, 0x000000, 0x000000, 0x000000,
    0x8ffbe1, 0x000000, 0x000000, 0x000000, 0x000000, 0x000000, 0x000000, 0x000000, 0x000000,
    0x000000, 0x8ffbe5, 0x000000, 0x000000, 0x000000, 0x000000, 0x000000, 0x000000, 0x000000,
    0x000000, 0x000000, 0x000000, 0x000000, 0x000000, 0x000000, 0x000000, 0x000000, 0x000000,
    0x000000, 0x000000, 0x000000, 0x000000, 0x000000, 0x000000, 0x000000, 0x000000, 0x000000,
    0x000000, 0x000000, 0x000000, 0x000000, 0x000000, 0x000000, 0x000000, 0x000000, 0x000000,
    0x000000, 0x000000, 0x000000, 0x000000, 0x000000, 0x000000, 0x000000, 0x000000, 0x000000,
    0x000000, 0x000000, 0x000000, 0x000000, 0x000000, 0x000000, 0x000000, 0x000000, 0x000000,
    0x000000, 0x000000, 0x8ffbe7, 0x000000, 0x000000, 0x000000, 0x000000, 0x000000, 0x000000,
    0x000000, 0x000000, 0x000000, 0x000000, 0x000000, 0x000000, 0x000000, 0x000000, 0x000000,
    0x000000, 0x000000, 0x000000, 0x000000, 0x000000, 0x000000, 0x000000, 0x000000, 0x000000,
    0x000000, 0x000000, 0x000000, 0x000000, 0x000000, 0x000000, 0x000000, 0x000000, 0x000000,
    0x000000, 0x000000, 0x000000, 0x000000, 0x000000, 0x000000, 0x000000, 0x000000, 0x000000,
    0x000000, 0x000000, 0x000000, 0x000000, 0x000000, 0x000000, 0x000000, 0x000000, 0x8ffbe9,
    0x000000, 0x000000, 0x000000, 0x000000, 0x000000, 0x000000, 0x000000, 0x000000, 0x000000,
    0x000000, 0x000000, 0x000000, 0x000000, 0x000000, 0x000000, 0x000000, 0x000000, 0x000000,
    0x000000, 0x000000, 0x000000, 0x000000, 0x000000, 0x000000, 0x000000, 0x000000, 0x000000,
    0x000000, 0x000000, 0x000000, 0x000000, 0x000000, 0x000000, 0x000000, 0x000000, 0x000000,
    0x000000, 0x000000, 0x000000, 0x000000, 0x000000, 0x000000, 0x000000, 0x000000, 0x000000,
    0x000000, 0x000000, 0x000000, 0x000000, 0x000000, 0x000000, 0x000000, 0x000000, 0x000000,
    0x000000, 0x000000, 0x8ffbf1, 0x000000, 0x000000, 0x000000, 0x000000, 0x000000, 0x000000,
    0x000000, 0x000000, 0x000000, 0x000000, 0x000000, 0x000000, 0x000000, 0x000000, 0x000000,
    0x000000, 0x000000, 0x000000, 0x000000, 0x000000, 0x000000, 0x000000, 0x000000, 0x000000,
    0x000000, 0x000000, 0x000000, 0x000000, 0x000000, 0x000000, 0x000000, 0x000000, 0x8ffca2,
    0x000000, 0x000000, 0x000000, 0x000000, 0x000000, 0x000000, 0x000000, 0x000000, 0x000000,
    0x000000, 0x000000, 0x000000, 0x000000, 0x000000, 0x000000, 0x000000, 0x8ffca3, 0x000000,
    0x000000, 0x000000, 0x000000, 0x000000, 0x000000, 0x000000, 0x000000, 0x000000, 0x000000,
    0x000000, 0x000000, 0x000000, 0x000000, 0x000000, 0x000000, 0x8ffcb8, 0x000000, 0x000000,
    0x000000, 0x000000, 0x000000, 0x000000, 0x000000, 0x000000, 0x000000, 0x000000, 0x000000,
    0x000000, 0x000000, 0x000000, 0x000000, 0x000000, 0x000000, 0x000000, 0x000000, 0x000000,
    0x000000, 0x000000, 0x000000, 0x000000, 0x000000, 0x000000, 0x000000, 0x000000, 0x000000,
    0x000000, 0x000000, 0x000000, 0x000000, 0x000000, 0x000000, 0x000000, 0x000000, 0x000000,
    0x000000, 0x000000, 0x000000, 0x000000, 0x000000, 0x000000, 0x000000, 0x000000, 0x000000,
    0x8ffcc2, 0x000000, 0x000000, 0x000000, 0x000000, 0x000000, 0x000000, 0x000000, 0x000000,
    0x000000, 0x000000, 0x000000, 0x000000, 0x000000, 0x000000, 0x000000, 0x000000, 0x000000,
    0x000000, 0x000000, 0x000000, 0x000000, 0x000000, 0x000000, 0x000000, 0x000000, 0x000000,
    0x000000, 0x000000, 0x000000, 0x000000, 0x000000, 0x000000, 0x000000, 0x000000, 0x000000,
    0x000000, 0x000000, 0x000000, 0x000000, 0x000000, 0x000000, 0x000000, 0x000000, 0x000000,
    0x000000, 0x000000, 0x000000, 0x000000, 0x000000, 0x000000, 0x000000, 0x000000, 0x000000,
    0x000000, 0x000000, 0x000000, 0x000000, 0x000000, 0x000000, 0x000000, 0x000000, 0x000000,
    0x000000, 0x8ffccc, 0x000000, 0x000000, 0x000000, 0x000000, 0x000000, 0x000000, 0x000000,
    0x000000, 0x000000, 0x000000, 0x000000, 0x000000, 0x000000, 0x000000, 0x000000, 0x000000,
    0x000000, 0x000000, 0x000000, 0x000000, 0x000000, 0x000000, 0x000000, 0x000000, 0x000000,
    0x000000, 0x000000, 0x000000, 0x000000, 0x000000, 0x000000, 0x000000, 0x000000, 0x000000,
    0x000000, 0x000000, 0x000000, 0x000000, 0x000000, 0x000000, 0x000000, 0x000000, 0x000000,
    0x000000, 0x000000, 0x000000, 0x000000, 0x000000, 0x8ffcd6, 0x000000, 0x000000, 0x000000,
    0x000000, 0x000000, 0x000000, 0x000000, 0x000000, 0x000000, 0x000000, 0x000000, 0x000000,
    0x000000, 0x000000, 0x000000, 0x000000, 0x000000, 0x000000, 0x000000, 0x000000, 0x000000,
    0x000000, 0x000000, 0x000000, 0x000000, 0x8ffcd9, 0x000000, 0x000000, 0x000000, 0x000000,
    0x000000, 0x000000, 0x000000, 0x000000, 0x000000, 0x000000, 0x000000, 0x000000, 0x000000,
    0x000000, 0x000000, 0x000000, 0x000000, 0x000000, 0x000000, 0x000000, 0x000000, 0x000000,
    0x000000, 0x000000, 0x000000, 0x000000, 0x000000, 0x000000, 0x000000, 0x000000, 0x000000,
    0x000000, 0x000000, 0x000000, 0x000000, 0x000000, 0x000000, 0x000000, 0x8ffcdd, 0x000000,
    0x000000, 0x000000, 0x000000, 0x000000, 0x000000, 0x000000, 0x000000, 0x000000, 0x000000,
    0x000000, 0x000000, 0x000000, 0x000000, 0x000000, 0x000000, 0x000000, 0x000000, 0x000000,
    0x000000, 0x000000, 0x000000, 0x000000, 0x000000, 0x000000, 0x000000, 0x000000, 0x000000,
    0x000000, 0x000000, 0x000000, 0x000000, 0x000000, 0x000000, 0x000000, 0x000000, 0x000000,
    0x000000, 0x000000, 0x000000, 0x000000, 0x000000, 0x000000, 0x000000, 0x000000, 0x000000,
    0x000000, 0x8ffcf6, 0x000000, 0x000000, 0x000000, 0x000000, 0x000000, 0x000000, 0x000000,
    0x000000, 0x000000, 0x000000, 0x000000, 0x000000, 0x000000, 0x000000, 0x000000, 0x000000,
    0x000000, 0x000000, 0x000000, 0x000000, 0x000000, 0x000000, 0x000000, 0x000000, 0x000000,
    0x000000, 0x000000, 0x000000, 0x000000, 0x000000, 0x000000, 0x000000, 0x000000, 0x000000,
    0x000000, 0x000000, 0x000000, 0x000000, 0x000000, 0x000000, 0x000000, 0x000000, 0x000000,
    0x000000, 0x000000, 0x000000, 0x000000, 0x000000, 0x000000, 0x000000, 0x000000, 0x000000,
    0x000000, 0x000000, 0x000000, 0x000000, 0x000000, 0x8ffdac, 0x000000, 0x000000, 0x000000,
    0x000000, 0x000000, 0x000000, 0x000000, 0x000000, 0x000000, 0x000000, 0x000000, 0x000000,
    0x000000, 0x000000, 0x000000, 0x000000, 0x000000, 0x000000, 0x000000, 0x000000, 0x000000,
    0x000000, 0x000000, 0x000000, 0x000000, 0x000000, 0x000000, 0x8ffdcb, 0x000000, 0x000000,
    0x000000, 0x000000, 0x000000, 0x000000, 0x000000, 0x000000, 0x000000, 0x000000, 0x000000,
    0x000000, 0x000000, 0x000000, 0x000000, 0x000000, 0x000000, 0x000000, 0x000000, 0x000000,
    0x000000, 0x000000, 0x000000, 0x000000, 0x000000, 0x000000, 0x000000, 0x000000, 0x000000,
    0x000000, 0x000000, 0x000000, 0x000000, 0x000000, 0x000000, 0x000000, 0x8ffdd9, 0x000000,
    0x000000, 0x000000, 0x000000, 0x000000, 0x000000, 0x000000, 0x000000, 0x000000, 0x000000,
    0x000000, 0x000000, 0x000000, 0x000000, 0x000000, 0x000000, 0x000000, 0x000000, 0x000000,
    0x000000, 0x000000, 0x000000, 0x000000, 0x000000, 0x000000, 0x000000, 0x000000, 0x000000,
    0x000000, 0x000000, 0x000000, 0x000000, 0x000000, 0x000000, 0x000000, 0x000000, 0x000000,
    0x000000, 0x000000, 0x8ffdcc, 0x000000, 0x000000, 0x000000, 0x000000, 0x000000, 0x000000,
    0x000000, 0x000000, 0x000000, 0x8ffddd, 0x000000, 0x000000, 0x000000, 0x000000, 0x000000,
    0x000000, 0x000000, 0x000000, 0x000000, 0x000000, 0x000000, 0x000000, 0x000000, 0x000000,
    0x000000, 0x000000, 0x000000, 0x000000, 0x000000, 0x000000, 0x000000, 0x000000, 0x000000,
    0x000000, 0x000000, 0x000000, 0x000000, 0x000000, 0x000000, 0x000000, 0x000000, 0x000000,
    0x000000, 0x000000, 0x000000, 0x000000, 0x000000, 0x000000, 0x000000, 0x000000, 0x000000,
    0x000000, 0x000000, 0x000000, 0x000000, 0x000000, 0x000000, 0x000000, 0x000000, 0x000000,
    0x000000, 0x000000, 0x000000, 0x000000, 0x8ffddb, 0x000000, 0x000000, 0x000000, 0x000000,
    0x000000, 0x000000, 0x000000, 0x000000, 0x000000, 0x000000, 0x000000, 0x000000, 0x000000,
    0x000000, 0x000000, 0x000000, 0x000000, 0x000000, 0x000000, 0x000000, 0x000000, 0x000000,
    0x000000, 0x000000, 0x000000, 0x000000, 0x000000, 0x000000, 0x000000, 0x000000, 0x000000,
    0x000000, 0x000000, 0x000000, 0x000000, 0x000000, 0x000000, 0x000000, 0x000000, 0x000000,
    0x000000, 0x000000, 0x000000, 0x000000, 0x000000, 0x000000, 0x000000, 0x000000, 0x000000,
    0x000000, 0x000000, 0x000000, 0x000000, 0x8ffde7, 0x000000, 0x000000, 0x000000, 0x000000,
    0x000000, 0x000000, 0x000000, 0x000000, 0x000000, 0x000000, 0x000000, 0x000000, 0x000000,
    0x000000, 0x000000, 0x000000, 0x000000, 0x000000, 0x000000, 0x000000, 0x000000, 0x000000,
    0x8ffdf0, 0x000000, 0x000000, 0x000000, 0x000000, 0x000000, 0x000000, 0x000000, 0x000000,
    0x000000, 0x000000, 0x000000, 0x000000, 0x000000, 0x8ffded, 0x000000, 0x000000, 0x000000,
    0x000000, 0x000000, 0x000000, 0x000000, 0x000000, 0x000000, 0x000000, 0x000000, 0x000000,
    0x000000, 0x000000, 0x000000, 0x000000, 0x000000, 0x000000, 0x000000, 0x000000, 0x000000,
    0x000000, 0x8ffea5, 0x000000, 0x000000, 0x000000, 0x000000, 0x000000, 0x000000, 0x000000,
    0x000000, 0x000000, 0x000000, 0x000000, 0x000000, 0x000000, 0x000000, 0x000000, 0x000000,
    0x000000, 0x000000, 0x000000, 0x000000, 0x000000, 0x000000, 0x000000, 0x000000, 0x000000,
    0x000000, 0x000000, 0x000000, 0x000000, 0x000000, 0x000000, 0x000000, 0x000000, 0x000000,
    0x000000, 0x000000, 0x000000, 0x000000, 0x000000, 0x000000, 0x000000, 0x000000, 0x000000,
    0x000000, 0x000000, 0x000000, 0x000000, 0x000000, 0x000000, 0x8ffeab, 0x000000, 0x000000,
    0x000000, 0x000000, 0x000000, 0x000000, 0x000000, 0x000000, 0x000000, 0x000000, 0x000000,
    0x000000, 0x000000, 0x000000, 0x000000, 0x000000, 0x000000, 0x000000, 0x000000, 0x000000,
    0x8ffea9, 0x000000, 0x000000, 0x000000, 0x000000, 0x000000, 0x000000, 0x000000, 0x000000,
    0x000000, 0x000000, 0x000000, 0x000000, 0x000000, 0x000000, 0x000000, 0x000000, 0x8ffeb5,
    0x000000, 0x000000, 0x000000, 0x000000, 0x000000, 0x000000, 0x000000, 0x000000, 0x000000,
    0x000000, 0x000000, 0x000000, 0x000000, 0x000000, 0x000000, 0x000000, 0x000000, 0x000000,
    0x000000, 0x000000, 0x000000, 0x000000, 0x000000, 0x000000, 0x000000, 0x000000, 0x000000,
    0x000000, 0x000000, 0x000000, 0x000000, 0x000000, 0x000000, 0x000000, 0x000000, 0x000000,
    0x000000, 0x000000, 0x000000, 0x000000, 0x000000, 0x000000, 0x000000, 0x000000, 0x000000,
    0x000000, 0x000000, 0x000000, 0x000000, 0x000000, 0x000000, 0x000000, 0x000000, 0x000000,
    0x000000, 0x000000, 0x000000, 0x000000, 0x000000, 0x000000, 0x000000, 0x8ffeb2, 0x000000,
    0x000000, 0x000000, 0x000000, 0x000000, 0x000000, 0x000000, 0x000000, 0x000000, 0x000000,
    0x000000, 0x000000, 0x000000, 0x000000, 0x000000, 0x000000, 0x00fee6, 0x000000, 0x000000,
    0x000000, 0x000000, 0x000000, 0x000000, 0x000000, 0x000000, 0x000000, 0x000000, 0x000000,
    0x000000, 0x000000, 0x000000, 0x000000, 0x000000, 0x000000, 0x000000, 0x000000, 0x000000,
    0x000000, 0x000000, 0x000000, 0x000000, 0x000000, 0x000000, 0x000000, 0x000000, 0x000000,
    0x000000, 0x000000, 0x000000, 0x000000, 0x000000, 0x000000, 0x000000, 0x000000, 0x000000,
    0x000000, 0x000000, 0x000000, 0x000000, 0x000000, 0x000000, 0x000000, 0x000000, 0x000000,
    0x8ffed8, 0x000000, 0x000000, 0x000000, 0x000000, 0x000000, 0x000000, 0x000000, 0x000000,
    0x000000, 0x000000, 0x000000, 0x000000, 0x000000, 0x000000, 0x000000, 0x000000, 0x000000,
    0x000000, 0x000000, 0x000000, 0x000000, 0x000000, 0x000000, 0x000000, 0x000000, 0x000000,
    0x000000, 0x000000, 0x000000, 0x000000, 0x000000, 0x000000, 0x000000, 0x000000, 0x000000,
    0x000000, 0x000000, 0x000000, 0x000000, 0x000000, 0x000000, 0x000000, 0x000000, 0x000000,
    0x000000, 0x000000, 0x000000, 0x000000, 0x000000, 0x000000, 0x000000, 0x000000, 0x000000,
    0x000000, 0x000000, 0x8ffeda, 0x000000, 0x000000, 0x000000, 0x000000, 0x000000, 0x000000,
    0x000000, 0x000000, 0x000000, 0x000000, 0x000000, 0x000000, 0x000000, 0x000000, 0x000000,
    0x000000, 0x000000, 0x000000, 0x000000, 0x000000, 0x000000, 0x000000, 0x000000, 0x000000,
    0x000000, 0x000000, 0x000000, 0x000000, 0x000000, 0x000000, 0x000000, 0x000000, 0x000000,
    0x000000, 0x000000, 0x000000, 0x000000, 0x000000, 0x000000, 0x000000, 0x000000, 0x000000,
    0x000000, 0x000000, 0x000000, 0x000000, 0x000000, 0x000000, 0x000000, 0x8ffeee, 0x000000,
    0x000000, 0x000000, 0x000000, 0x000000, 0x000000, 0x000000, 0x000000, 0x000000, 0x000000,
    0x000000, 0x000000, 0x000000, 0x000000, 0x8ffef0, 0x000000, 0x000000, 0x000000, 0x000000,
    0x000000, 0x000000, 0x000000, 0x000000, 0x000000, 0x000000, 0x000000, 0x000000, 0x000000,
    0x000000, 0x000000, 0x000000, 0x000000, 0x000000, 0x000000, 0x000000, 0x000000, 0x000000,
    0x000000, 0x8ffef2, 0x000000, 0x000000, 0x000000, 0x000000, 0x000000, 0x000000, 0x000000,
    0x000000, 0x000000, 0x000000, 0x000000, 0x000000, 0x000000, 0x000000, 0x000000, 0x000000,
    0x000000, 0x000000, 0x000000, 0x000000, 0x000000, 0x000000, 0x000000, 0x000000, 0x000000,
    0x000000, 0x000000, 0x000000, 0x000000, 0x000000, 0x000000, 0x000000, 0x000000, 0x000000,
    0x000000, 0x000000, 0x000000, 0x000000, 0x000000, 0x000000, 0x000000, 0x000000, 0x000000,
    0x000000, 0x000000, 0x000000, 0x000000, 0x000000, 0x000000, 0x000000, 0x000000, 0x000000,
    0x000000, 0x000000, 0x000000, 0x000000, 0x000000, 0x000000, 0x000000, 0x000000, 0x000000,
    0x000000, 0x000000, 0x000000, 0x000000, 0x000000, 0x000000, 0x000000, 0x000000, 0x000000,
    0x000000, 0x000000, 0x000000, 0x000000, 0x000000, 0x000000, 0x000000, 0x000000, 0x000000,
    0x000000, 0x000000, 0x000000, 0x000000, 0x000000, 0x000000, 0x000000, 0x000000, 0x8ffef6,
    0x000000, 0x000000, 0x000000, 0x000000, 0x000000, 0x000000, 0x000000, 0x000000, 0x000000,
    0x000000, 0x000000, 0x000000, 0x000000,
];
pub static EUC_JIS_2004_FROM_UNICODE_TREE: PgMbRadixTree = PgMbRadixTree {
    chars16: &[],
    chars32: &EUC_JIS_2004_FROM_UNICODE_TREE_TABLE,
    b1root: 0x0,
    b1_lower: 0x0,
    b1_upper: 0x0,
    b2root: 0x40,
    b2_1_lower: 0xc2,
    b2_1_upper: 0xd1,
    b2_2_lower: 0x80,
    b2_2_upper: 0xbf,
    b3root: 0x3ee,
    b3_1_lower: 0xe1,
    b3_1_upper: 0xef,
    b3_2_lower: 0x80,
    b3_2_upper: 0xbf,
    b3_3_lower: 0x80,
    b3_3_upper: 0xbf,
    b4root: 0x6fc1,
    b4_1_lower: 0xf0,
    b4_1_upper: 0xf0,
    b4_2_lower: 0xa0,
    b4_2_upper: 0xaa,
    b4_3_lower: 0x80,
    b4_3_upper: 0xbf,
    b4_4_lower: 0x80,
    b4_4_upper: 0xbf,
};
pub static ULMAPEUC_JIS_2004_COMBINED: [UtfToLocalCombined; 25] = [
    UtfToLocalCombined {
        utf1: 0xc3a6,
        utf2: 0xcc80,
        code: 0xabc4,
    },
    UtfToLocalCombined {
        utf1: 0xc994,
        utf2: 0xcc80,
        code: 0xabc8,
    },
    UtfToLocalCombined {
        utf1: 0xc994,
        utf2: 0xcc81,
        code: 0xabc9,
    },
    UtfToLocalCombined {
        utf1: 0xc999,
        utf2: 0xcc80,
        code: 0xabcc,
    },
    UtfToLocalCombined {
        utf1: 0xc999,
        utf2: 0xcc81,
        code: 0xabcd,
    },
    UtfToLocalCombined {
        utf1: 0xc99a,
        utf2: 0xcc80,
        code: 0xabce,
    },
    UtfToLocalCombined {
        utf1: 0xc99a,
        utf2: 0xcc81,
        code: 0xabcf,
    },
    UtfToLocalCombined {
        utf1: 0xca8c,
        utf2: 0xcc80,
        code: 0xabca,
    },
    UtfToLocalCombined {
        utf1: 0xca8c,
        utf2: 0xcc81,
        code: 0xabcb,
    },
    UtfToLocalCombined {
        utf1: 0xcba5,
        utf2: 0xcba9,
        code: 0xabe6,
    },
    UtfToLocalCombined {
        utf1: 0xcba9,
        utf2: 0xcba5,
        code: 0xabe5,
    },
    UtfToLocalCombined {
        utf1: 0xe3818b,
        utf2: 0xe3829a,
        code: 0xa4f7,
    },
    UtfToLocalCombined {
        utf1: 0xe3818d,
        utf2: 0xe3829a,
        code: 0xa4f8,
    },
    UtfToLocalCombined {
        utf1: 0xe3818f,
        utf2: 0xe3829a,
        code: 0xa4f9,
    },
    UtfToLocalCombined {
        utf1: 0xe38191,
        utf2: 0xe3829a,
        code: 0xa4fa,
    },
    UtfToLocalCombined {
        utf1: 0xe38193,
        utf2: 0xe3829a,
        code: 0xa4fb,
    },
    UtfToLocalCombined {
        utf1: 0xe382ab,
        utf2: 0xe3829a,
        code: 0xa5f7,
    },
    UtfToLocalCombined {
        utf1: 0xe382ad,
        utf2: 0xe3829a,
        code: 0xa5f8,
    },
    UtfToLocalCombined {
        utf1: 0xe382af,
        utf2: 0xe3829a,
        code: 0xa5f9,
    },
    UtfToLocalCombined {
        utf1: 0xe382b1,
        utf2: 0xe3829a,
        code: 0xa5fa,
    },
    UtfToLocalCombined {
        utf1: 0xe382b3,
        utf2: 0xe3829a,
        code: 0xa5fb,
    },
    UtfToLocalCombined {
        utf1: 0xe382bb,
        utf2: 0xe3829a,
        code: 0xa5fc,
    },
    UtfToLocalCombined {
        utf1: 0xe38384,
        utf2: 0xe3829a,
        code: 0xa5fd,
    },
    UtfToLocalCombined {
        utf1: 0xe38388,
        utf2: 0xe3829a,
        code: 0xa5fe,
    },
    UtfToLocalCombined {
        utf1: 0xe387b7,
        utf2: 0xe3829a,
        code: 0xa6f8,
    },
];
