// Generated by scripts/gen_radix_tables.py from postgres-18.3 C sources. Do not edit.
use crate::PgMbRadixTree;
static EUC_KR_TO_UNICODE_TREE_TABLE: [u32; 8553] = [
    0x000000, 0x000000, 0x000000, 0x000000, 0x000000, 0x000000, 0x000000, 0x000000, 0x000000,
    0x000000, 0x000000, 0x000000, 0x000000, 0x000000, 0x000000, 0x000000, 0x000000, 0x000000,
    0x000000, 0x000000, 0x000000, 0x000000, 0x000000, 0x000000, 0x000000, 0x000000, 0x000000,
    0x000000, 0x000000, 0x000000, 0x000000, 0x000000, 0x000000, 0x000000, 0x000000, 0x000000,
    0x000000, 0x000000, 0x000000, 0x000000, 0x000000, 0x000000, 0x000000, 0x000000, 0x000000,
    0x000000, 0x000000, 0x000000, 0x000000, 0x000000, 0x000000, 0x000000, 0x000000, 0x000000,
    0x000000, 0x000000, 0x000000, 0x000000, 0x000000, 0x000000, 0x000000, 0x000000, 0x000000,
    0x000000, 0x000000, 0x000000, 0x000000, 0x000000, 0x000000, 0x000000, 0x000000, 0x000000,
    0x000000, 0x000000, 0x000000, 0x000000, 0x000000, 0x000000, 0x000000, 0x000000, 0x000000,
    0x000000, 0x000000, 0x000000, 0x000000, 0x000000, 0x000000, 0x000000, 0x000000, 0x000000,
    0x000000, 0x000000, 0x000000, 0x000000, 0x0000bb, 0x000119, 0x000177, 0x0001d5, 0x000233,
    0x000291, 0x0002ef, 0x00034d, 0x0003ab, 0x000409, 0x000467, 0x0004c5, 0x000000, 0x000000,
    0x000000, 0x000523, 0x000581, 0x0005df, 0x00063d, 0x00069b, 0x0006f9, 0x000757, 0x0007b5,
    0x000813, 0x000871, 0x0008cf, 0x00092d, 0x00098b, 0x0009e9, 0x000a47, 0x000aa5, 0x000b03,
    0x000b61, 0x000bbf, 0x000c1d, 0x000c7b, 0x000cd9, 0x000d37, 0x000d95, 0x000df3, 0x000000,
    0x000e51, 0x000eaf, 0x000f0d, 0x000f6b, 0x000fc9, 0x001027, 0x001085, 0x0010e3, 0x001141,
    0x00119f, 0x0011fd, 0x00125b, 0x0012b9, 0x001317, 0x001375, 0x0013d3, 0x001431, 0x00148f,
    0x0014ed, 0x00154b, 0x0015a9, 0x001607, 0x001665, 0x0016c3, 0x001721, 0x00177f, 0x0017dd,
    0x00183b, 0x001899, 0x0018f7, 0x001955, 0x0019b3, 0x001a11, 0x001a6f, 0x001acd, 0x001b2b,
    0x001b89, 0x001be7, 0x001c45, 0x001ca3, 0x001d01, 0x001d5f, 0x001dbd, 0x001e1b, 0x001e79,
    0x001ed7, 0x001f35, 0x001f93, 0x001ff1, 0x00204f, 0x0020ad, 0x00210b, 0xe38080, 0xe38081,
    0xe38082, 0x00c2b7, 0xe280a5, 0xe280a6, 0x00c2a8, 0xe38083, 0x00c2ad, 0xe28095, 0xe288a5,
    0xefbcbc, 0xe288bc, 0xe28098, 0xe28099, 0xe2809c, 0xe2809d, 0xe38094, 0xe38095, 0xe38088,
    0xe38089, 0xe3808a, 0xe3808b, 0xe3808c, 0xe3808d, 0xe3808e, 0xe3808f, 0xe38090, 0xe38091,
    0x00c2b1, 0x00c397, 0x00c3b7, 0xe289a0, 0xe289a4, 0xe289a5, 0xe2889e, 0xe288b4, 0x00c2b0,
    0xe280b2, 0xe280b3, 0xe28483, 0xe284ab, 0xefbfa0, 0xefbfa1, 0xefbfa5, 0xe29982, 0xe29980,
    0xe288a0, 0xe28aa5, 0xe28c92, 0xe28882, 0xe28887, 0xe289a1, 0xe28992, 0x00c2a7, 0xe280bb,
    0xe29886, 0xe29885, 0xe2978b, 0xe2978f, 0xe2978e, 0xe29787, 0xe29786, 0xe296a1, 0xe296a0,
    0xe296b3, 0xe296b2, 0xe296bd, 0xe296bc, 0xe28692, 0xe28690, 0xe28691, 0xe28693, 0xe28694,
    0xe38093, 0xe289aa, 0xe289ab, 0xe2889a, 0xe288bd, 0xe2889d, 0xe288b5, 0xe288ab, 0xe288ac,
    0xe28888, 0xe2888b, 0xe28a86, 0xe28a87, 0xe28a82, 0xe28a83, 0xe288aa, 0xe288a9, 0xe288a7,
    0xe288a8, 0xefbfa2, 0xe28792, 0xe28794, 0xe28880, 0xe28883, 0x00c2b4, 0xefbd9e, 0x00cb87,
    0x00cb98, 0x00cb9d, 0x00cb9a, 0x00cb99, 0x00c2b8, 0x00cb9b, 0x00c2a1, 0x00c2bf, 0x00cb90,
    0xe288ae, 0xe28891, 0xe2888f, 0x00c2a4, 0xe28489, 0xe280b0, 0xe29781, 0xe29780, 0xe296b7,
    0xe296b6, 0xe299a4, 0xe299a0, 0xe299a1, 0xe299a5, 0xe299a7, 0xe299a3, 0xe28a99, 0xe29788,
    0xe296a3, 0xe29790, 0xe29791, 0xe29692, 0xe296a4, 0xe296a5, 0xe296a8, 0xe296a7, 0xe296a6,
    0xe296a9, 0xe299a8, 0xe2988f, 0xe2988e, 0xe2989c, 0xe2989e, 0x00c2b6, 0xe280a0, 0xe280a1,
    0xe28695, 0xe28697, 0xe28699, 0xe28696, 0xe28698, 0xe299ad, 0xe299a9, 0xe299aa, 0xe299ac,
    0xe389bf, 0xe3889c, 0xe28496, 0xe38f87, 0xe284a2, 0xe38f82, 0xe38f98, 0xe284a1, 0xe282ac,
    0x00c2ae, 0xe389be, 0x000000, 0x000000, 0x000000, 0x000000, 0x000000, 0x000000, 0x000000,
    0x000000, 0x000000, 0x000000, 0x000000, 0x000000, 0x000000, 0x000000, 0x000000, 0x000000,
    0x000000, 0x000000, 0x000000, 0x000000, 0x000000, 0x000000, 0xefbc81, 0xefbc82, 0xefbc83,
    0xefbc84, 0xefbc85, 0xefbc86, 0xefbc87, 0xefbc88, 0xefbc89, 0xefbc8a, 0xefbc8b, 0xefbc8c,
    0xefbc8d, 0xefbc8e, 0xefbc8f, 0xefbc90, 0xefbc91, 0xefbc92, 0xefbc93, 0xefbc94, 0xefbc95,
    0xefbc96, 0xefbc97, 0xefbc98, 0xefbc99, 0xefbc9a, 0xefbc9b, 0xefbc9c, 0xefbc9d, 0xefbc9e,
    0xefbc9f, 0xefbca0, 0xefbca1, 0xefbca2, 0xefbca3, 0xefbca4, 0xefbca5, 0xefbca6, 0xefbca7,
    0xefbca8, 0xefbca9, 0xefbcaa, 0xefbcab, 0xefbcac, 0xefbcad, 0xefbcae, 0xefbcaf, 0xefbcb0,
    0xefbcb1, 0xefbcb2, 0xefbcb3, 0xefbcb4, 0xefbcb5, 0xefbcb6, 0xefbcb7, 0xefbcb8, 0xefbcb9,
    0xefbcba, 0xefbcbb, 0xefbfa6, 0xefbcbd, 0xefbcbe, 0xefbcbf, 0xefbd80, 0xefbd81, 0xefbd82,
    0xefbd83, 0xefbd84, 0xefbd85, 0xefbd86, 0xefbd87, 0xefbd88, 0xefbd89, 0xefbd8a, 0xefbd8b,
    0xefbd8c, 0xefbd8d, 0xefbd8e, 0xefbd8f, 0xefbd90, 0xefbd91, 0xefbd92, 0xefbd93, 0xefbd94,
    0xefbd95, 0xefbd96, 0xefbd97, 0xefbd98, 0xefbd99, 0xefbd9a, 0xefbd9b, 0xefbd9c, 0xefbd9d,
    0xefbfa3, 0xe384b1, 0xe384b2, 0xe384b3, 0xe384b4, 0xe384b5, 0xe384b6, 0xe384b7, 0xe384b8,
    0xe384b9, 0xe384ba, 0xe384bb, 0xe384bc, 0xe384bd, 0xe384be, 0xe384bf, 0xe38580, 0xe38581,
    0xe38582, 0xe38583, 0xe38584, 0xe38585, 0xe38586, 0xe38587, 0xe38588, 0xe38589, 0xe3858a,
    0xe3858b, 0xe3858c, 0xe3858d, 0xe3858e, 0xe3858f, 0xe38590, 0xe38591, 0xe38592, 0xe38593,
    0xe38594, 0xe38595, 0xe38596, 0xe38597, 0xe38598, 0xe38599, 0xe3859a, 0xe3859b, 0xe3859c,
    0xe3859d, 0xe3859e, 0xe3859f, 0xe385a0, 0xe385a1, 0xe385a2, 0xe385a3, 0xe385a4, 0xe385a5,
    0xe385a6, 0xe385a7, 0xe385a8, 0xe385a9, 0xe385aa, 0xe385ab, 0xe385ac, 0xe385ad, 0xe385ae,
    0xe385af, 0xe385b0, 0xe385b1, 0xe385b2, 0xe385b3, 0xe385b4, 0xe385b5, 0xe385b6, 0xe385b7,
    0xe385b8, 0xe385b9, 0xe385ba, 0xe385bb, 0xe385bc, 0xe385bd, 0xe385be, 0xe385bf, 0xe38680,
    0xe38681, 0xe38682, 0xe38683, 0xe38684, 0xe38685, 0xe38686, 0xe38687, 0xe38688, 0xe38689,
    0xe3868a, 0xe3868b, 0xe3868c, 0xe3868d, 0xe3868e, 0xe285b0, 0xe285b1, 0xe285b2, 0xe285b3,
    0xe285b4, 0xe285b5, 0xe285b6, 0xe285b7, 0xe285b8, 0xe285b9, 0x000000, 0x000000, 0x000000,
    0x000000, 0x000000, 0xe285a0, 0xe285a1, 0xe285a2, 0xe285a3, 0xe285a4, 0xe285a5, 0xe285a6,
    0xe285a7, 0xe285a8, 0xe285a9, 0x000000, 0x000000, 0x000000, 0x000000, 0x000000, 0x000000,
    0x000000, 0x00ce91, 0x00ce92, 0x00ce93, 0x00ce94, 0x00ce95, 0x00ce96, 0x00ce97, 0x00ce98,
    0x00ce99, 0x00ce9a, 0x00ce9b, 0x00ce9c, 0x00ce9d, 0x00ce9e, 0x00ce9f, 0x00cea0, 0x00cea1,
    0x00cea3, 0x00cea4, 0x00cea5, 0x00cea6, 0x00cea7, 0x00cea8, 0x00cea9, 0x000000, 0x000000,
    0x000000, 0x000000, 0x000000, 0x000000, 0x000000, 0x000000, 0x00ceb1, 0x00ceb2, 0x00ceb3,
    0x00ceb4, 0x00ceb5, 0x00ceb6, 0x00ceb7, 0x00ceb8, 0x00ceb9, 0x00ceba, 0x00cebb, 0x00cebc,
    0x00cebd, 0x00cebe, 0x00cebf, 0x00cf80, 0x00cf81, 0x00cf83, 0x00cf84, 0x00cf85, 0x00cf86,
    0x00cf87, 0x00cf88, 0x00cf89, 0x000000, 0x000000, 0x000000, 0x000000, 0x000000, 0x000000,
    0xe29480, 0xe29482, 0xe2948c, 0xe29490, 0xe29498, 0xe29494, 0xe2949c, 0xe294ac, 0xe294a4,
    0xe294b4, 0xe294bc, 0xe29481, 0xe29483, 0xe2948f, 0xe29493, 0xe2949b, 0xe29497, 0xe294a3,
    0xe294b3, 0xe294ab, 0xe294bb, 0xe2958b, 0xe294a0, 0xe294af, 0xe294a8, 0xe294b7, 0xe294bf,
    0xe2949d, 0xe294b0, 0xe294a5, 0xe294b8, 0xe29582, 0xe29492, 0xe29491, 0xe2949a, 0xe29499,
    0xe29496, 0xe29495, 0xe2948e, 0xe2948d, 0xe2949e, 0xe2949f, 0xe294a1, 0xe294a2, 0xe294a6,
    0xe294a7, 0xe294a9, 0xe294aa, 0xe294ad, 0xe294ae, 0xe294b1, 0xe294b2, 0xe294b5, 0xe294b6,
    0xe294b9, 0xe294ba, 0xe294bd, 0xe294be, 0xe29580, 0xe29581, 0xe29583, 0xe29584, 0xe29585,
    0xe29586, 0xe29587, 0xe29588, 0xe29589, 0xe2958a, 0x000000, 0x000000, 0x000000, 0x000000,
    0x000000, 0x000000, 0x000000, 0x000000, 0x000000, 0x000000, 0x000000, 0x000000, 0x000000,
    0x000000, 0x000000, 0x000000, 0x000000, 0x000000, 0x000000, 0x000000, 0x000000, 0x000000,
    0x000000, 0x000000, 0x000000, 0x000000, 0xe38e95, 0xe38e96, 0xe38e97, 0xe28493, 0xe38e98,
    0xe38f84, 0xe38ea3, 0xe38ea4, 0xe38ea5, 0xe38ea6, 0xe38e99, 0xe38e9a, 0xe38e9b, 0xe38e9c,
    0xe38e9d, 0xe38e9e, 0xe38e9f, 0xe38ea0, 0xe38ea1, 0xe38ea2, 0xe38f8a, 0xe38e8d, 0xe38e8e,
    0xe38e8f, 0xe38f8f, 0xe38e88, 0xe38e89, 0xe38f88, 0xe38ea7, 0xe38ea8, 0xe38eb0, 0xe38eb1,
    0xe38eb2, 0xe38eb3, 0xe38eb4, 0xe38eb5, 0xe38eb6, 0xe38eb7, 0xe38eb8, 0xe38eb9, 0xe38e80,
    0xe38e81, 0xe38e82, 0xe38e83, 0xe38e84, 0xe38eba, 0xe38ebb, 0xe38ebc, 0xe38ebd, 0xe38ebe,
    0xe38ebf, 0xe38e90, 0xe38e91, 0xe38e92, 0xe38e93, 0xe38e94, 0xe284a6, 0xe38f80, 0xe38f81,
    0xe38e8a, 0xe38e8b, 0xe38e8c, 0xe38f96, 0xe38f85, 0xe38ead, 0xe38eae, 0xe38eaf, 0xe38f9b,
    0xe38ea9, 0xe38eaa, 0xe38eab, 0xe38eac, 0xe38f9d, 0xe38f90, 0xe38f93, 0xe38f83, 0xe38f89,
    0xe38f9c, 0xe38f86, 0x000000, 0x000000, 0x000000, 0x000000, 0x000000, 0x000000, 0x000000,
    0x000000, 0x000000, 0x000000, 0x000000, 0x000000, 0x000000, 0x000000, 0x000000, 0x00c386,
    0x00c390, 0x00c2aa, 0x00c4a6, 0x000000, 0x00c4b2, 0x000000, 0x00c4bf, 0x00c581, 0x00c398,
    0x00c592, 0x00c2ba, 0x00c39e, 0x00c5a6, 0x00c58a, 0x000000, 0xe389a0, 0xe389a1, 0xe389a2,
    0xe389a3, 0xe389a4, 0xe389a5, 0xe389a6, 0xe389a7, 0xe389a8, 0xe389a9, 0xe389aa, 0xe389ab,
    0xe389ac, 0xe389ad, 0xe389ae, 0xe389af, 0xe389b0, 0xe389b1, 0xe389b2, 0xe389b3, 0xe389b4,
    0xe389b5, 0xe389b6, 0xe389b7, 0xe389b8, 0xe389b9, 0xe389ba, 0xe389bb, 0xe29390, 0xe29391,
    0xe29392, 0xe29393, 0xe29394, 0xe29395, 0xe29396, 0xe29397, 0xe29398, 0xe29399, 0xe2939a,
    0xe2939b, 0xe2939c, 0xe2939d, 0xe2939e, 0xe2939f, 0xe293a0, 0xe293a1, 0xe293a2, 0xe293a3,
    0xe293a4, 0xe293a5, 0xe293a6, 0xe293a7, 0xe293a8, 0xe293a9, 0xe291a0, 0xe291a1, 0xe291a2,
    0xe291a3, 0xe291a4, 0xe291a5, 0xe291a6, 0xe291a7, 0xe291a8, 0xe291a9, 0xe291aa, 0xe291ab,
    0xe291ac, 0xe291ad, 0xe291ae, 0x00c2bd, 0xe28593, 0xe28594, 0x00c2bc, 0x00c2be, 0xe2859b,
    0xe2859c, 0xe2859d, 0xe2859e, 0x00c3a6, 0x00c491, 0x00c3b0, 0x00c4a7, 0x00c4b1, 0x00c4b3,
    0x00c4b8, 0x00c580, 0x00c582, 0x00c3b8, 0x00c593, 0x00c39f, 0x00c3be, 0x00c5a7, 0x00c58b,
    0x00c589, 0xe38880, 0xe38881, 0xe38882, 0xe38883, 0xe38884, 0xe38885, 0xe38886, 0xe38887,
    0xe38888, 0xe38889, 0xe3888a, 0xe3888b, 0xe3888c, 0xe3888d, 0xe3888e, 0xe3888f, 0xe38890,
    0xe38891, 0xe38892, 0xe38893, 0xe38894, 0xe38895, 0xe38896, 0xe38897, 0xe38898, 0xe38899,
    0xe3889a, 0xe3889b, 0xe2929c, 0xe2929d, 0xe2929e, 0xe2929f, 0xe292a0, 0xe292a1, 0xe292a2,
    0xe292a3, 0xe292a4, 0xe292a5, 0xe292a6, 0xe292a7, 0xe292a8, 0xe292a9, 0xe292aa, 0xe292ab,
    0xe292ac, 0xe292ad, 0xe292ae, 0xe292af, 0xe292b0, 0xe292b1, 0xe292b2, 0xe292b3, 0xe292b4,
    0xe292b5, 0xe291b4, 0xe291b5, 0xe291b6, 0xe291b7, 0xe291b8, 0xe291b9, 0xe291ba, 0xe291bb,
    0xe291bc, 0xe291bd, 0xe291be, 0xe291bf, 0xe29280, 0xe29281, 0xe29282, 0x00c2b9, 0x00c2b2,
    0x00c2b3, 0xe281b4, 0xe281bf, 0xe28281, 0xe28282, 0xe28283, 0xe28284, 0xe38181, 0xe38182,
    0xe38183, 0xe38184, 0xe38185, 0xe38186, 0xe38187, 0xe38188, 0xe38189, 0xe3818a, 0xe3818b,
    0xe3818c, 0xe3818d, 0xe3818e, 0xe3818f, 0xe38190, 0xe38191, 0xe38192, 0xe38193, 0xe38194,
    0xe38195, 0xe38196, 0xe38197, 0xe38198, 0xe38199, 0xe3819a, 0xe3819b, 0xe3819c, 0xe3819d,
    0xe3819e, 0xe3819f, 0xe381a0, 0xe381a1, 0xe381a2, 0xe381a3, 0xe381a4, 0xe381a5, 0xe381a6,
    0xe381a7, 0xe381a8, 0xe381a9, 0xe381aa, 0xe381ab, 0xe381ac, 0xe381ad, 0xe381ae, 0xe381af,
    0xe381b0, 0xe381b1, 0xe381b2, 0xe381b3, 0xe381b4, 0xe381b5, 0xe381b6, 0xe381b7, 0xe381b8,
    0xe381b9, 0xe381ba, 0xe381bb, 0xe381bc, 0xe381bd, 0xe381be, 0xe381bf, 0xe38280, 0xe38281,
    0xe38282, 0xe38283, 0xe38284, 0xe38285, 0xe38286, 0xe38287, 0xe38288, 0xe38289, 0xe3828a,
    0xe3828b, 0xe3828c, 0xe3828d, 0xe3828e, 0xe3828f, 0xe38290, 0xe38291, 0xe38292, 0xe38293,
    0x000000, 0x000000, 0x000000, 0x000000, 0x000000, 0x000000, 0x000000, 0x000000, 0x000000,
    0x000000, 0x000000, 0xe382a1, 0xe382a2, 0xe382a3, 0xe382a4, 0xe382a5, 0xe382a6, 0xe382a7,
    0xe382a8, 0xe382a9, 0xe382aa, 0xe382ab, 0xe382ac, 0xe382ad, 0xe382ae, 0xe382af, 0xe382b0,
    0xe382b1, 0xe382b2, 0xe382b3, 0xe382b4, 0xe382b5, 0xe382b6, 0xe382b7, 0xe382b8, 0xe382b9,
    0xe382ba, 0xe382bb, 0xe382bc, 0xe382bd, 0xe382be, 0xe382bf, 0xe38380, 0xe38381, 0xe38382,
    0xe38383, 0xe38384, 0xe38385, 0xe38386, 0xe38387, 0xe38388, 0xe38389, 0xe3838a, 0xe3838b,
    0xe3838c, 0xe3838d, 0xe3838e, 0xe3838f, 0xe38390, 0xe38391, 0xe38392, 0xe38393, 0xe38394,
    0xe38395, 0xe38396, 0xe38397, 0xe38398, 0xe38399, 0xe3839a, 0xe3839b, 0xe3839c, 0xe3839d,
    0xe3839e, 0xe3839f, 0xe383a0, 0xe383a1, 0xe383a2, 0xe383a3, 0xe383a4, 0xe383a5, 0xe383a6,
    0xe383a7, 0xe383a8, 0xe383a9, 0xe383aa, 0xe383ab, 0xe383ac, 0xe383ad, 0xe383ae, 0xe383af,
    0xe383b0, 0xe383b1, 0xe383b2, 0xe383b3, 0xe383b4, 0xe383b5, 0xe383b6, 0x000000, 0x000000,
    0x000000, 0x000000, 0x000000, 0x000000, 0x000000, 0x000000, 0x00d090, 0x00d091, 0x00d092,
    0x00d093, 0x00d094, 0x00d095, 0x00d081, 0x00d096, 0x00d097, 0x00d098, 0x00d099, 0x00d09a,
    0x00d09b, 0x00d09c, 0x00d09d, 0x00d09e, 0x00d09f, 0x00d0a0, 0x00d0a1, 0x00d0a2, 0x00d0a3,
    0x00d0a4, 0x00d0a5, 0x00d0a6, 0x00d0a7, 0x00d0a8, 0x00d0a9, 0x00d0aa, 0x00d0ab, 0x00d0ac,
    0x00d0ad, 0x00d0ae, 0x00d0af, 0x000000, 0x000000, 0x000000, 0x000000, 0x000000, 0x000000,
    0x000000, 0x000000, 0x000000, 0x000000, 0x000000, 0x000000, 0x000000, 0x000000, 0x000000,
    0x00d0b0, 0x00d0b1, 0x00d0b2, 0x00d0b3, 0x00d0b4, 0x00d0b5, 0x00d191, 0x00d0b6, 0x00d0b7,
    0x00d0b8, 0x00d0b9, 0x00d0ba, 0x00d0bb, 0x00d0bc, 0x00d0bd, 0x00d0be, 0x00d0bf, 0x00d180,
    0x00d181, 0x00d182, 0x00d183, 0x00d184, 0x00d185, 0x00d186, 0x00d187, 0x00d188, 0x00d189,
    0x00d18a, 0x00d18b, 0x00d18c, 0x00d18d, 0x00d18e, 0x00d18f, 0x000000, 0x000000, 0x000000,
    0x000000, 0x000000, 0x000000, 0x000000, 0x000000, 0x000000, 0x000000, 0x000000, 0x000000,
    0x000000, 0xeab080, 0xeab081, 0xeab084, 0xeab087, 0xeab088, 0xeab089, 0xeab08a, 0xeab090,
    0xeab091, 0xeab092, 0xeab093, 0xeab094, 0xeab095, 0xeab096, 0xeab097, 0xeab099, 0xeab09a,
    0xeab09b, 0xeab09c, 0xeab09d, 0xeab0a0, 0xeab0a4, 0xeab0ac, 0xeab0ad, 0xeab0af, 0xeab0b0,
    0xeab0b1, 0xeab0b8, 0xeab0b9, 0xeab0bc, 0xeab180, 0xeab18b, 0xeab18d, 0xeab194, 0xeab198,
    0xeab19c, 0xeab1b0, 0xeab1b1, 0xeab1b4, 0xeab1b7, 0xeab1b8, 0xeab1ba, 0xeab280, 0xeab281,
    0xeab283, 0xeab284, 0xeab285, 0xeab286, 0xeab289, 0xeab28a, 0xeab28b, 0xeab28c, 0xeab290,
    0xeab294, 0xeab29c, 0xeab29d, 0xeab29f, 0xeab2a0, 0xeab2a1, 0xeab2a8, 0xeab2a9, 0xeab2aa,
    0xeab2ac, 0xeab2af, 0xeab2b0, 0xeab2b8, 0xeab2b9, 0xeab2bb, 0xeab2bc, 0xeab2bd, 0xeab381,
    0xeab384, 0xeab388, 0xeab38c, 0xeab395, 0xeab397, 0xeab3a0, 0xeab3a1, 0xeab3a4, 0xeab3a7,
    0xeab3a8, 0xeab3aa, 0xeab3ac, 0xeab3af, 0xeab3b0, 0xeab3b1, 0xeab3b3, 0xeab3b5, 0xeab3b6,
    0xeab3bc, 0xeab3bd, 0xeab480, 0xeab484, 0xeab486, 0xeab48c, 0xeab48d, 0xeab48f, 0xeab491,
    0xeab498, 0xeab49c, 0xeab4a0, 0xeab4a9, 0xeab4ac, 0xeab4ad, 0xeab4b4, 0xeab4b5, 0xeab4b8,
    0xeab4bc, 0xeab584, 0xeab585, 0xeab587, 0xeab589, 0xeab590, 0xeab594, 0xeab598, 0xeab5a1,
    0xeab5a3, 0xeab5ac, 0xeab5ad, 0xeab5b0, 0xeab5b3, 0xeab5b4, 0xeab5b5, 0xeab5b6, 0xeab5bb,
    0xeab5bc, 0xeab5bd, 0xeab5bf, 0xeab681, 0xeab682, 0xeab688, 0xeab689, 0xeab68c, 0xeab690,
    0xeab69c, 0xeab69d, 0xeab6a4, 0xeab6b7, 0xeab780, 0xeab781, 0xeab784, 0xeab788, 0xeab790,
    0xeab791, 0xeab793, 0xeab79c, 0xeab7a0, 0xeab7a4, 0xeab7b8, 0xeab7b9, 0xeab7bc, 0xeab7bf,
    0xeab880, 0xeab881, 0xeab888, 0xeab889, 0xeab88b, 0xeab88d, 0xeab894, 0xeab8b0, 0xeab8b1,
    0xeab8b4, 0xeab8b7, 0xeab8b8, 0xeab8ba, 0xeab980, 0xeab981, 0xeab983, 0xeab985, 0xeab986,
    0xeab98a, 0xeab98c, 0xeab98d, 0xeab98e, 0xeab990, 0xeab994, 0xeab996, 0xeab99c, 0xeab99d,
    0xeab99f, 0xeab9a0, 0xeab9a1, 0xeab9a5, 0xeab9a8, 0xeab9a9, 0xeab9ac, 0xeab9b0, 0xeab9b8,
    0xeab9b9, 0xeab9bb, 0xeab9bc, 0xeab9bd, 0xeaba84, 0xeaba85, 0xeaba8c, 0xeababc, 0xeababd,
    0xeababe, 0xeabb80, 0xeabb84, 0xeabb8c, 0xeabb8d, 0xeabb8f, 0xeabb90, 0xeabb91, 0xeabb98,
    0xeabb99, 0xeabb9c, 0xeabba8, 0xeabbab, 0xeabbad, 0xeabbb4, 0xeabbb8, 0xeabbbc, 0xeabc87,
    0xeabc88, 0xeabc8d, 0xeabc90, 0xeabcac, 0xeabcad, 0xeabcb0, 0xeabcb2, 0xeabcb4, 0xeabcbc,
    0xeabcbd, 0xeabcbf, 0xeabd81, 0xeabd82, 0xeabd83, 0xeabd88, 0xeabd89, 0xeabd90, 0xeabd9c,
    0xeabd9d, 0xeabda4, 0xeabda5, 0xeabdb9, 0xeabe80, 0xeabe84, 0xeabe88, 0xeabe90, 0xeabe91,
    0xeabe95, 0xeabe9c, 0xeabeb8, 0xeabeb9, 0xeabebc, 0xeabf80, 0xeabf87, 0xeabf88, 0xeabf89,
    0xeabf8b, 0xeabf8d, 0xeabf8e, 0xeabf94, 0xeabf9c, 0xeabfa8, 0xeabfa9, 0xeabfb0, 0xeabfb1,
    0xeabfb4, 0xeabfb8, 0xeb8080, 0xeb8081, 0xeb8084, 0xeb808c, 0xeb8090, 0xeb8094, 0xeb809c,
    0xeb809d, 0xeb80a8, 0xeb8184, 0xeb8185, 0xeb8188, 0xeb818a, 0xeb818c, 0xeb818e, 0xeb8193,
    0xeb8194, 0xeb8195, 0xeb8197, 0xeb8199, 0xeb819d, 0xeb81bc, 0xeb81bd, 0xeb8280, 0xeb8284,
    0xeb828c, 0xeb828d, 0xeb828f, 0xeb8291, 0xeb8298, 0xeb8299, 0xeb829a, 0xeb829c, 0xeb829f,
    0xeb82a0, 0xeb82a1, 0xeb82a2, 0xeb82a8, 0xeb82a9, 0xeb82ab, 0xeb82ac, 0xeb82ad, 0xeb82ae,
    0xeb82af, 0xeb82b1, 0xeb82b3, 0xeb82b4, 0xeb82b5, 0xeb82b8, 0xeb82bc, 0xeb8384, 0xeb8385,
    0xeb8387, 0xeb8388, 0xeb8389, 0xeb8390, 0xeb8391, 0xeb8394, 0xeb8398, 0xeb83a0, 0xeb83a5,
    0xeb8488, 0xeb8489, 0xeb848b, 0xeb848c, 0xeb8490, 0xeb8492, 0xeb8493, 0xeb8498, 0xeb8499,
    0xeb849b, 0xeb849c, 0xeb849d, 0xeb84a3, 0xeb84a4, 0xeb84a5, 0xeb84a8, 0xeb84ac, 0xeb84b4,
    0xeb84b5, 0xeb84b7, 0xeb84b8, 0xeb84b9, 0xeb8580, 0xeb8581, 0xeb8584, 0xeb8588, 0xeb8590,
    0xeb8591, 0xeb8594, 0xeb8595, 0xeb8598, 0xeb859c, 0xeb85a0, 0xeb85b8, 0xeb85b9, 0xeb85bc,
    0xeb8680, 0xeb8682, 0xeb8688, 0xeb8689, 0xeb868b, 0xeb868d, 0xeb8692, 0xeb8693, 0xeb8694,
    0xeb8698, 0xeb869c, 0xeb86a8, 0xeb878c, 0xeb8790, 0xeb8794, 0xeb879c, 0xeb879d, 0xeb879f,
    0xeb87a8, 0xeb87a9, 0xeb87ac, 0xeb87b0, 0xeb87b9, 0xeb87bb, 0xeb87bd, 0xeb8884, 0xeb8885,
    0xeb8888, 0xeb888b, 0xeb888c, 0xeb8894, 0xeb8895, 0xeb8897, 0xeb8899, 0xeb88a0, 0xeb88b4,
    0xeb88bc, 0xeb8998, 0xeb899c, 0xeb89a0, 0xeb89a8, 0xeb89a9, 0xeb89b4, 0xeb89b5, 0xeb89bc,
    0xeb8a84, 0xeb8a85, 0xeb8a89, 0xeb8a90, 0xeb8a91, 0xeb8a94, 0xeb8a98, 0xeb8a99, 0xeb8a9a,
    0xeb8aa0, 0xeb8aa1, 0xeb8aa3, 0xeb8aa5, 0xeb8aa6, 0xeb8aaa, 0xeb8aac, 0xeb8ab0, 0xeb8ab4,
    0xeb8b88, 0xeb8b89, 0xeb8b8c, 0xeb8b90, 0xeb8b92, 0xeb8b98, 0xeb8b99, 0xeb8b9b, 0xeb8b9d,
    0xeb8ba2, 0xeb8ba4, 0xeb8ba5, 0xeb8ba6, 0xeb8ba8, 0xeb8bab, 0xeb8bac, 0xeb8bad, 0xeb8bae,
    0xeb8baf, 0xeb8bb3, 0xeb8bb4, 0xeb8bb5, 0xeb8bb7, 0xeb8bb8, 0xeb8bb9, 0xeb8bba, 0xeb8bbb,
    0xeb8bbf, 0xeb8c80, 0xeb8c81, 0xeb8c84, 0xeb8c88, 0xeb8c90, 0xeb8c91, 0xeb8c93, 0xeb8c94,
    0xeb8c95, 0xeb8c9c, 0xeb8d94, 0xeb8d95, 0xeb8d96, 0xeb8d98, 0xeb8d9b, 0xeb8d9c, 0xeb8d9e,
    0xeb8d9f, 0xeb8da4, 0xeb8da5, 0xeb8da7, 0xeb8da9, 0xeb8dab, 0xeb8dae, 0xeb8db0, 0xeb8db1,
    0xeb8db4, 0xeb8db8, 0xeb8e80, 0xeb8e81, 0xeb8e83, 0xeb8e84, 0xeb8e85, 0xeb8e8c, 0xeb8e90,
    0xeb8e94, 0xeb8ea0, 0xeb8ea1, 0xeb8ea8, 0xeb8eac, 0xeb8f84, 0xeb8f85, 0xeb8f88, 0xeb8f8b,
    0xeb8f8c, 0xeb8f8e, 0xeb8f90, 0xeb8f94, 0xeb8f95, 0xeb8f97, 0xeb8f99, 0xeb8f9b, 0xeb8f9d,
    0xeb8fa0, 0xeb8fa4, 0xeb8fa8, 0xeb8fbc, 0xeb9090, 0xeb9098, 0xeb909c, 0xeb90a0, 0xeb90a8,
    0xeb90a9, 0xeb90ab, 0xeb90b4, 0xeb9190, 0xeb9191, 0xeb9194, 0xeb9198, 0xeb91a0, 0xeb91a1,
    0xeb91a3, 0xeb91a5, 0xeb91ac, 0xeb9280, 0xeb9288, 0xeb929d, 0xeb92a4, 0xeb92a8, 0xeb92ac,
    0xeb92b5, 0xeb92b7, 0xeb92b9, 0xeb9380, 0xeb9384, 0xeb9388, 0xeb9390, 0xeb9395, 0xeb939c,
    0xeb939d, 0xeb93a0, 0xeb93a3, 0xeb93a4, 0xeb93a6, 0xeb93ac, 0xeb93ad, 0xeb93af, 0xeb93b1,
    0xeb93b8, 0xeb9494, 0xeb9495, 0xeb9498, 0xeb949b, 0xeb949c, 0xeb94a4, 0xeb94a5, 0xeb94a7,
    0xeb94a8, 0xeb94a9, 0xeb94aa, 0xeb94b0, 0xeb94b1, 0xeb94b4, 0xeb94b8, 0xeb9580, 0xeb9581,
    0xeb9583, 0xeb9584, 0xeb9585, 0xeb958b, 0xeb958c, 0xeb958d, 0xeb9590, 0xeb9594, 0xeb959c,
    0xeb959d, 0xeb959f, 0xeb95a0, 0xeb95a1, 0xeb96a0, 0xeb96a1, 0xeb96a4, 0xeb96a8, 0xeb96aa,
    0xeb96ab, 0xeb96b0, 0xeb96b1, 0xeb96b3, 0xeb96b4, 0xeb96b5, 0xeb96bb, 0xeb96bc, 0xeb96bd,
    0xeb9780, 0xeb9784, 0xeb978c, 0xeb978d, 0xeb978f, 0xeb9790, 0xeb9791, 0xeb9798, 0xeb97ac,
    0xeb9890, 0xeb9891, 0xeb9894, 0xeb9898, 0xeb98a5, 0xeb98ac, 0xeb98b4, 0xeb9988, 0xeb99a4,
    0xeb99a8, 0xeb9a9c, 0xeb9a9d, 0xeb9aa0, 0xeb9aa4, 0xeb9aab, 0xeb9aac, 0xeb9ab1, 0xeb9b94,
    0xeb9bb0, 0xeb9bb4, 0xeb9bb8, 0xeb9c80, 0xeb9c81, 0xeb9c85, 0xeb9ca8, 0xeb9ca9, 0xeb9cac,
    0xeb9caf, 0xeb9cb0, 0xeb9cb8, 0xeb9cb9, 0xeb9cbb, 0xeb9d84, 0xeb9d88, 0xeb9d8c, 0xeb9d94,
    0xeb9d95, 0xeb9da0, 0xeb9da4, 0xeb9da8, 0xeb9db0, 0xeb9db1, 0xeb9db3, 0xeb9db5, 0xeb9dbc,
    0xeb9dbd, 0xeb9e80, 0xeb9e84, 0xeb9e8c, 0xeb9e8d, 0xeb9e8f, 0xeb9e90, 0xeb9e91, 0xeb9e92,
    0xeb9e96, 0xeb9e97, 0xeb9e98, 0xeb9e99, 0xeb9e9c, 0xeb9ea0, 0xeb9ea8, 0xeb9ea9, 0xeb9eab,
    0xeb9eac, 0xeb9ead, 0xeb9eb4, 0xeb9eb5, 0xeb9eb8, 0xeb9f87, 0xeb9f89, 0xeb9fac, 0xeb9fad,
    0xeb9fb0, 0xeb9fb4, 0xeb9fbc, 0xeb9fbd, 0xeb9fbf, 0xeba080, 0xeba081, 0xeba087, 0xeba088,
    0xeba089, 0xeba08c, 0xeba090, 0xeba098, 0xeba099, 0xeba09b, 0xeba09d, 0xeba0a4, 0xeba0a5,
    0xeba0a8, 0xeba0ac, 0xeba0b4, 0xeba0b5, 0xeba0b7, 0xeba0b8, 0xeba0b9, 0xeba180, 0xeba184,
    0xeba191, 0xeba193, 0xeba19c, 0xeba19d, 0xeba1a0, 0xeba1a4, 0xeba1ac, 0xeba1ad, 0xeba1af,
    0xeba1b1, 0xeba1b8, 0xeba1bc, 0xeba28d, 0xeba2a8, 0xeba2b0, 0xeba2b4, 0xeba2b8, 0xeba380,
    0xeba381, 0xeba383, 0xeba385, 0xeba38c, 0xeba390, 0xeba394, 0xeba39d, 0xeba39f, 0xeba3a1,
    0xeba3a8, 0xeba3a9, 0xeba3ac, 0xeba3b0, 0xeba3b8, 0xeba3b9, 0xeba3bb, 0xeba3bd, 0xeba484,
    0xeba498, 0xeba4a0, 0xeba4bc, 0xeba4bd, 0xeba580, 0xeba584, 0xeba58c, 0xeba58f, 0xeba591,
    0xeba598, 0xeba599, 0xeba59c, 0xeba5a0, 0xeba5a8, 0xeba5a9, 0xeba5ab, 0xeba5ad, 0xeba5b4,
    0xeba5b5, 0xeba5b8, 0xeba5bc, 0xeba684, 0xeba685, 0xeba687, 0xeba689, 0xeba68a, 0xeba68d,
    0xeba68e, 0xeba6ac, 0xeba6ad, 0xeba6b0, 0xeba6b4, 0xeba6bc, 0xeba6bd, 0xeba6bf, 0xeba781,
    0xeba788, 0xeba789, 0xeba78c, 0xeba78e, 0xeba78f, 0xeba790, 0xeba791, 0xeba792, 0xeba798,
    0xeba799, 0xeba79b, 0xeba79d, 0xeba79e, 0xeba7a1, 0xeba7a3, 0xeba7a4, 0xeba7a5, 0xeba7a8,
    0xeba7ac, 0xeba7b4, 0xeba7b5, 0xeba7b7, 0xeba7b8, 0xeba7b9, 0xeba7ba, 0xeba880, 0xeba881,
    0xeba888, 0xeba895, 0xeba8b8, 0xeba8b9, 0xeba8bc, 0xeba980, 0xeba982, 0xeba988, 0xeba989,
    0xeba98b, 0xeba98d, 0xeba98e, 0xeba993, 0xeba994, 0xeba995, 0xeba998, 0xeba99c, 0xeba9a4,
    0xeba9a5, 0xeba9a7, 0xeba9a8, 0xeba9a9, 0xeba9b0, 0xeba9b1, 0xeba9b4, 0xeba9b8, 0xebaa83,
    0xebaa84, 0xebaa85, 0xebaa87, 0xebaa8c, 0xebaaa8, 0xebaaa9, 0xebaaab, 0xebaaac, 0xebaab0,
    0xebaab2, 0xebaab8, 0xebaab9, 0xebaabb, 0xebaabd, 0xebab84, 0xebab88, 0xebab98, 0xebab99,
    0xebabbc, 0xebac80, 0xebac84, 0xebac8d, 0xebac8f, 0xebac91, 0xebac98, 0xebac9c, 0xebaca0,
    0xebaca9, 0xebacab, 0xebacb4, 0xebacb5, 0xebacb6, 0xebacb8, 0xebacbb, 0xebacbc, 0xebacbd,
    0xebacbe, 0xebad84, 0xebad85, 0xebad87, 0xebad89, 0xebad8d, 0xebad8f, 0xebad90, 0xebad94,
    0xebad98, 0xebada1, 0xebada3, 0xebadac, 0xebae88, 0xebae8c, 0xebae90, 0xebaea4, 0xebaea8,
    0xebaeac, 0xebaeb4, 0xebaeb7, 0xebaf80, 0xebaf84, 0xebaf88, 0xebaf90, 0xebaf93, 0xebafb8,
    0xebafb9, 0xebafbc, 0xebafbf, 0xebb080, 0xebb082, 0xebb088, 0xebb089, 0xebb08b, 0xebb08c,
    0xebb08d, 0xebb08f, 0xebb091, 0xebb094, 0xebb095, 0xebb096, 0xebb097, 0xebb098, 0xebb09b,
    0xebb09c, 0xebb09d, 0xebb09e, 0xebb09f, 0xebb0a4, 0xebb0a5, 0xebb0a7, 0xebb0a9, 0xebb0ad,
    0xebb0b0, 0xebb0b1, 0xebb0b4, 0xebb0b8, 0xebb180, 0xebb181, 0xebb183, 0xebb184, 0xebb185,
    0xebb189, 0xebb18c, 0xebb18d, 0xebb190, 0xebb19d, 0xebb284, 0xebb285, 0xebb288, 0xebb28b,
    0xebb28c, 0xebb28e, 0xebb294, 0xebb295, 0xebb297, 0xebb299, 0xebb29a, 0xebb2a0, 0xebb2a1,
    0xebb2a4, 0xebb2a7, 0xebb2a8, 0xebb2b0, 0xebb2b1, 0xebb2b3, 0xebb2b4, 0xebb2b5, 0xebb2bc,
    0xebb2bd, 0xebb380, 0xebb384, 0xebb38d, 0xebb38f, 0xebb390, 0xebb391, 0xebb395, 0xebb398,
    0xebb39c, 0xebb3b4, 0xebb3b5, 0xebb3b6, 0xebb3b8, 0xebb3bc, 0xebb484, 0xebb485, 0xebb487,
    0xebb489, 0xebb490, 0xebb494, 0xebb4a4, 0xebb4ac, 0xebb580, 0xebb588, 0xebb589, 0xebb58c,
    0xebb590, 0xebb598, 0xebb599, 0xebb5a4, 0xebb5a8, 0xebb680, 0xebb681, 0xebb684, 0xebb687,
    0xebb688, 0xebb689, 0xebb68a, 0xebb690, 0xebb691, 0xebb693, 0xebb695, 0xebb699, 0xebb69a,
    0xebb69c, 0xebb6a4, 0xebb6b0, 0xebb6b8, 0xebb794, 0xebb795, 0xebb798, 0xebb79c, 0xebb7a9,
    0xebb7b0, 0xebb7b4, 0xebb7b8, 0xebb880, 0xebb883, 0xebb885, 0xebb88c, 0xebb88d, 0xebb890,
    0xebb894, 0xebb89c, 0xebb89d, 0xebb89f, 0xebb984, 0xebb985, 0xebb988, 0xebb98c, 0xebb98e,
    0xebb994, 0xebb995, 0xebb997, 0xebb999, 0xebb99a, 0xebb99b, 0xebb9a0, 0xebb9a1, 0xebb9a4,
    0xebb9a8, 0xebb9aa, 0xebb9b0, 0xebb9b1, 0xebb9b3, 0xebb9b4, 0xebb9b5, 0xebb9bb, 0xebb9bc,
    0xebb9bd, 0xebba80, 0xebba84, 0xebba8c, 0xebba8d, 0xebba8f, 0xebba90, 0xebba91, 0xebba98,
    0xebba99, 0xebbaa8, 0xebbb90, 0xebbb91, 0xebbb94, 0xebbb97, 0xebbb98, 0xebbba0, 0xebbba3,
    0xebbba4, 0xebbba5, 0xebbbac, 0xebbc81, 0xebbc88, 0xebbc89, 0xebbc98, 0xebbc99, 0xebbc9b,
    0xebbc9c, 0xebbc9d, 0xebbd80, 0xebbd81, 0xebbd84, 0xebbd88, 0xebbd90, 0xebbd91, 0xebbd95,
    0xebbe94, 0xebbeb0, 0xebbf85, 0xebbf8c, 0xebbf8d, 0xebbf90, 0xebbf94, 0xebbf9c, 0xebbf9f,
    0xebbfa1, 0xec80bc, 0xec8191, 0xec8198, 0xec819c, 0xec81a0, 0xec81a8, 0xec81a9, 0xec8290,
    0xec8291, 0xec8294, 0xec8298, 0xec82a0, 0xec82a1, 0xec82a3, 0xec82a5, 0xec82ac, 0xec82ad,
    0xec82af, 0xec82b0, 0xec82b3, 0xec82b4, 0xec82b5, 0xec82b6, 0xec82bc, 0xec82bd, 0xec82bf,
    0xec8380, 0xec8381, 0xec8385, 0xec8388, 0xec8389, 0xec838c, 0xec8390, 0xec8398, 0xec8399,
    0xec839b, 0xec839c, 0xec839d, 0xec83a4, 0xec83a5, 0xec83a8, 0xec83ac, 0xec83b4, 0xec83b5,
    0xec83b7, 0xec83b9, 0xec8480, 0xec8484, 0xec8488, 0xec8490, 0xec8495, 0xec849c, 0xec849d,
    0xec849e, 0xec849f, 0xec84a0, 0xec84a3, 0xec84a4, 0xec84a6, 0xec84a7, 0xec84ac, 0xec84ad,
    0xec84af, 0xec84b0, 0xec84b1, 0xec84b6, 0xec84b8, 0xec84b9, 0xec84bc, 0xec8580, 0xec8588,
    0xec8589, 0xec858b, 0xec858c, 0xec858d, 0xec8594, 0xec8595, 0xec8598, 0xec859c, 0xec85a4,
    0xec85a5, 0xec85a7, 0xec85a8, 0xec85a9, 0xec85b0, 0xec85b4, 0xec85b8, 0xec8685, 0xec868c,
    0xec868d, 0xec868e, 0xec8690, 0xec8694, 0xec8696, 0xec869c, 0xec869d, 0xec869f, 0xec86a1,
    0xec86a5, 0xec86a8, 0xec86a9, 0xec86ac, 0xec86b0, 0xec86bd, 0xec8784, 0xec8788, 0xec878c,
    0xec8794, 0xec8797, 0xec8798, 0xec87a0, 0xec87a4, 0xec87a8, 0xec87b0, 0xec87b1, 0xec87b3,
    0xec87bc, 0xec87bd, 0xec8880, 0xec8884, 0xec888c, 0xec888d, 0xec888f, 0xec8891, 0xec8898,
    0xec8899, 0xec889c, 0xec889f, 0xec88a0, 0xec88a8, 0xec88a9, 0xec88ab, 0xec88ad, 0xec88af,
    0xec88b1, 0xec88b2, 0xec88b4, 0xec8988, 0xec8990, 0xec8991, 0xec8994, 0xec8998, 0xec89a0,
    0xec89a5, 0xec89ac, 0xec89ad, 0xec89b0, 0xec89b4, 0xec89bc, 0xec89bd, 0xec89bf, 0xec8a81,
    0xec8a88, 0xec8a89, 0xec8a90, 0xec8a98, 0xec8a9b, 0xec8a9d, 0xec8aa4, 0xec8aa5, 0xec8aa8,
    0xec8aac, 0xec8aad, 0xec8ab4, 0xec8ab5, 0xec8ab7, 0xec8ab9, 0xec8b9c, 0xec8b9d, 0xec8ba0,
    0xec8ba3, 0xec8ba4, 0xec8bab, 0xec8bac, 0xec8bad, 0xec8baf, 0xec8bb1, 0xec8bb6, 0xec8bb8,
    0xec8bb9, 0xec8bbb, 0xec8bbc, 0xec8c80, 0xec8c88, 0xec8c89, 0xec8c8c, 0xec8c8d, 0xec8c93,
    0xec8c94, 0xec8c95, 0xec8c98, 0xec8c9c, 0xec8ca4, 0xec8ca5, 0xec8ca8, 0xec8ca9, 0xec8d85,
    0xec8da8, 0xec8da9, 0xec8dac, 0xec8db0, 0xec8db2, 0xec8db8, 0xec8db9, 0xec8dbc, 0xec8dbd,
    0xec8e84, 0xec8e88, 0xec8e8c, 0xec8f80, 0xec8f98, 0xec8f99, 0xec8f9c, 0xec8f9f, 0xec8fa0,
    0xec8fa2, 0xec8fa8, 0xec8fa9, 0xec8fad, 0xec8fb4, 0xec8fb5, 0xec8fb8, 0xec9088, 0xec9090,
    0xec90a4, 0xec90ac, 0xec90b0, 0xec90b4, 0xec90bc, 0xec90bd, 0xec9188, 0xec91a4, 0xec91a5,
    0xec91a8, 0xec91ac, 0xec91b4, 0xec91b5, 0xec91b9, 0xec9280, 0xec9294, 0xec929c, 0xec92b8,
    0xec92bc, 0xec93a9, 0xec93b0, 0xec93b1, 0xec93b4, 0xec93b8, 0xec93ba, 0xec93bf, 0xec9480,
    0xec9481, 0xec948c, 0xec9490, 0xec9494, 0xec949c, 0xec94a8, 0xec94a9, 0xec94ac, 0xec94b0,
    0xec94b8, 0xec94b9, 0xec94bb, 0xec94bd, 0xec9584, 0xec9585, 0xec9588, 0xec9589, 0xec958a,
    0xec958c, 0xec958d, 0xec958e, 0xec9593, 0xec9594, 0xec9595, 0xec9597, 0xec9598, 0xec9599,
    0xec959d, 0xec959e, 0xec95a0, 0xec95a1, 0xec95a4, 0xec95a8, 0xec95b0, 0xec95b1, 0xec95b3,
    0xec95b4, 0xec95b5, 0xec95bc, 0xec95bd, 0xec9680, 0xec9684, 0xec9687, 0xec968c, 0xec968d,
    0xec968f, 0xec9691, 0xec9695, 0xec9697, 0xec9698, 0xec969c, 0xec96a0, 0xec96a9, 0xec96b4,
    0xec96b5, 0xec96b8, 0xec96b9, 0xec96bb, 0xec96bc, 0xec96bd, 0xec96be, 0xec9784, 0xec9785,
    0xec9786, 0xec9787, 0xec9788, 0xec9789, 0xec978a, 0xec978c, 0xec978e, 0xec9790, 0xec9791,
    0xec9794, 0xec9798, 0xec97a0, 0xec97a1, 0xec97a3, 0xec97a5, 0xec97ac, 0xec97ad, 0xec97ae,
    0xec97b0, 0xec97b4, 0xec97b6, 0xec97b7, 0xec97bc, 0xec97bd, 0xec97be, 0xec97bf, 0xec9880,
    0xec9881, 0xec9885, 0xec9886, 0xec9887, 0xec9888, 0xec988c, 0xec9890, 0xec9898, 0xec9899,
    0xec989b, 0xec989c, 0xec98a4, 0xec98a5, 0xec98a8, 0xec98ac, 0xec98ad, 0xec98ae, 0xec98b0,
    0xec98b3, 0xec98b4, 0xec98b5, 0xec98b7, 0xec98b9, 0xec98bb, 0xec9980, 0xec9981, 0xec9984,
    0xec9988, 0xec9990, 0xec9991, 0xec9993, 0xec9994, 0xec9995, 0xec999c, 0xec999d, 0xec99a0,
    0xec99ac, 0xec99af, 0xec99b1, 0xec99b8, 0xec99b9, 0xec99bc, 0xec9a80, 0xec9a88, 0xec9a89,
    0xec9a8b, 0xec9a8d, 0xec9a94, 0xec9a95, 0xec9a98, 0xec9a9c, 0xec9aa4, 0xec9aa5, 0xec9aa7,
    0xec9aa9, 0xec9ab0, 0xec9ab1, 0xec9ab4, 0xec9ab8, 0xec9ab9, 0xec9aba, 0xec9b80, 0xec9b81,
    0xec9b83, 0xec9b85, 0xec9b8c, 0xec9b8d, 0xec9b90, 0xec9b94, 0xec9b9c, 0xec9b9d, 0xec9ba0,
    0xec9ba1, 0xec9ba8, 0xec9ba9, 0xec9bac, 0xec9bb0, 0xec9bb8, 0xec9bb9, 0xec9bbd, 0xec9c84,
    0xec9c85, 0xec9c88, 0xec9c8c, 0xec9c94, 0xec9c95, 0xec9c97, 0xec9c99, 0xec9ca0, 0xec9ca1,
    0xec9ca4, 0xec9ca8, 0xec9cb0, 0xec9cb1, 0xec9cb3, 0xec9cb5, 0xec9cb7, 0xec9cbc, 0xec9cbd,
    0xec9d80, 0xec9d84, 0xec9d8a, 0xec9d8c, 0xec9d8d, 0xec9d8f, 0xec9d91, 0xec9d92, 0xec9d93,
    0xec9d94, 0xec9d95, 0xec9d96, 0xec9d97, 0xec9d98, 0xec9d9c, 0xec9da0, 0xec9da8, 0xec9dab,
    0xec9db4, 0xec9db5, 0xec9db8, 0xec9dbc, 0xec9dbd, 0xec9dbe, 0xec9e83, 0xec9e84, 0xec9e85,
    0xec9e87, 0xec9e88, 0xec9e89, 0xec9e8a, 0xec9e8e, 0xec9e90, 0xec9e91, 0xec9e94, 0xec9e96,
    0xec9e97, 0xec9e98, 0xec9e9a, 0xec9ea0, 0xec9ea1, 0xec9ea3, 0xec9ea4, 0xec9ea5, 0xec9ea6,
    0xec9eac, 0xec9ead, 0xec9eb0, 0xec9eb4, 0xec9ebc, 0xec9ebd, 0xec9ebf, 0xec9f80, 0xec9f81,
    0xec9f88, 0xec9f89, 0xec9f8c, 0xec9f8e, 0xec9f90, 0xec9f98, 0xec9f9d, 0xec9fa4, 0xec9fa8,
    0xec9fac, 0xeca080, 0xeca081, 0xeca084, 0xeca088, 0xeca08a, 0xeca090, 0xeca091, 0xeca093,
    0xeca095, 0xeca096, 0xeca09c, 0xeca09d, 0xeca0a0, 0xeca0a4, 0xeca0ac, 0xeca0ad, 0xeca0af,
    0xeca0b1, 0xeca0b8, 0xeca0bc, 0xeca180, 0xeca188, 0xeca189, 0xeca18c, 0xeca18d, 0xeca194,
    0xeca1b0, 0xeca1b1, 0xeca1b4, 0xeca1b8, 0xeca1ba, 0xeca280, 0xeca281, 0xeca283, 0xeca285,
    0xeca286, 0xeca287, 0xeca28b, 0xeca28c, 0xeca28d, 0xeca294, 0xeca29d, 0xeca29f, 0xeca2a1,
    0xeca2a8, 0xeca2bc, 0xeca2bd, 0xeca384, 0xeca388, 0xeca38c, 0xeca394, 0xeca395, 0xeca397,
    0xeca399, 0xeca3a0, 0xeca3a1, 0xeca3a4, 0xeca3b5, 0xeca3bc, 0xeca3bd, 0xeca480, 0xeca484,
    0xeca485, 0xeca486, 0xeca48c, 0xeca48d, 0xeca48f, 0xeca491, 0xeca498, 0xeca4ac, 0xeca4b4,
    0xeca590, 0xeca591, 0xeca594, 0xeca598, 0xeca5a0, 0xeca5a1, 0xeca5a3, 0xeca5ac, 0xeca5b0,
    0xeca5b4, 0xeca5bc, 0xeca688, 0xeca689, 0xeca68c, 0xeca690, 0xeca698, 0xeca699, 0xeca69b,
    0xeca69d, 0xeca780, 0xeca781, 0xeca784, 0xeca787, 0xeca788, 0xeca78a, 0xeca790, 0xeca791,
    0xeca793, 0xeca795, 0xeca796, 0xeca799, 0xeca79a, 0xeca79c, 0xeca79d, 0xeca7a0, 0xeca7a2,
    0xeca7a4, 0xeca7a7, 0xeca7ac, 0xeca7ad, 0xeca7af, 0xeca7b0, 0xeca7b1, 0xeca7b8, 0xeca7b9,
    0xeca7bc, 0xeca880, 0xeca888, 0xeca889, 0xeca88b, 0xeca88c, 0xeca88d, 0xeca894, 0xeca898,
    0xeca8a9, 0xeca98c, 0xeca98d, 0xeca990, 0xeca994, 0xeca99c, 0xeca99d, 0xeca99f, 0xeca9a0,
    0xeca9a1, 0xeca9a8, 0xeca9bd, 0xecaa84, 0xecaa98, 0xecaabc, 0xecaabd, 0xecab80, 0xecab84,
    0xecab8c, 0xecab8d, 0xecab8f, 0xecab91, 0xecab93, 0xecab98, 0xecab99, 0xecaba0, 0xecabac,
    0xecabb4, 0xecac88, 0xecac90, 0xecac94, 0xecac98, 0xecaca0, 0xecaca1, 0xecad81, 0xecad88,
    0xecad89, 0xecad8c, 0xecad90, 0xecad98, 0xecad99, 0xecad9d, 0xecada4, 0xecadb8, 0xecadb9,
    0xecae9c, 0xecaeb8, 0xecaf94, 0xecafa4, 0xecafa7, 0xecafa9, 0xecb08c, 0xecb08d, 0xecb090,
    0xecb094, 0xecb09c, 0xecb09d, 0xecb0a1, 0xecb0a2, 0xecb0a7, 0xecb0a8, 0xecb0a9, 0xecb0ac,
    0xecb0ae, 0xecb0b0, 0xecb0b8, 0xecb0b9, 0xecb0bb, 0xecb0bc, 0xecb0bd, 0xecb0be, 0xecb184,
    0xecb185, 0xecb188, 0xecb18c, 0xecb194, 0xecb195, 0xecb197, 0xecb198, 0xecb199, 0xecb1a0,
    0xecb1a4, 0xecb1a6, 0xecb1a8, 0xecb1b0, 0xecb1b5, 0xecb298, 0xecb299, 0xecb29c, 0xecb2a0,
    0xecb2a8, 0xecb2a9, 0xecb2ab, 0xecb2ac, 0xecb2ad, 0xecb2b4, 0xecb2b5, 0xecb2b8, 0xecb2bc,
    0xecb384, 0xecb385, 0xecb387, 0xecb389, 0xecb390, 0xecb394, 0xecb3a4, 0xecb3ac, 0xecb3b0,
    0xecb481, 0xecb488, 0xecb489, 0xecb48c, 0xecb490, 0xecb498, 0xecb499, 0xecb49b, 0xecb49d,
    0xecb4a4, 0xecb4a8, 0xecb4ac, 0xecb4b9, 0xecb59c, 0xecb5a0, 0xecb5a4, 0xecb5ac, 0xecb5ad,
    0xecb5af, 0xecb5b1, 0xecb5b8, 0xecb688, 0xecb694, 0xecb695, 0xecb698, 0xecb69c, 0xecb6a4,
    0xecb6a5, 0xecb6a7, 0xecb6a9, 0xecb6b0, 0xecb784, 0xecb78c, 0xecb790, 0xecb7a8, 0xecb7ac,
    0xecb7b0, 0xecb7b8, 0xecb7b9, 0xecb7bb, 0xecb7bd, 0xecb884, 0xecb888, 0xecb88c, 0xecb894,
    0xecb899, 0xecb8a0, 0xecb8a1, 0xecb8a4, 0xecb8a8, 0xecb8b0, 0xecb8b1, 0xecb8b3, 0xecb8b5,
    0xecb998, 0xecb999, 0xecb99c, 0xecb99f, 0xecb9a0, 0xecb9a1, 0xecb9a8, 0xecb9a9, 0xecb9ab,
    0xecb9ad, 0xecb9b4, 0xecb9b5, 0xecb9b8, 0xecb9bc, 0xecba84, 0xecba85, 0xecba87, 0xecba89,
    0xecba90, 0xecba91, 0xecba94, 0xecba98, 0xecbaa0, 0xecbaa1, 0xecbaa3, 0xecbaa4, 0xecbaa5,
    0xecbaac, 0xecbaad, 0xecbb81, 0xecbba4, 0xecbba5, 0xecbba8, 0xecbbab, 0xecbbac, 0xecbbb4,
    0xecbbb5, 0xecbbb7, 0xecbbb8, 0xecbbb9, 0xecbc80, 0xecbc81, 0xecbc84, 0xecbc88, 0xecbc90,
    0xecbc91, 0xecbc93, 0xecbc95, 0xecbc9c, 0xecbca0, 0xecbca4, 0xecbcac, 0xecbcad, 0xecbcaf,
    0xecbcb0, 0xecbcb1, 0xecbcb8, 0xecbd94, 0xecbd95, 0xecbd98, 0xecbd9c, 0xecbda4, 0xecbda5,
    0xecbda7, 0xecbda9, 0xecbdb0, 0xecbdb1, 0xecbdb4, 0xecbdb8, 0xecbe80, 0xecbe85, 0xecbe8c,
    0xecbea1, 0xecbea8, 0xecbeb0, 0xecbf84, 0xecbfa0, 0xecbfa1, 0xecbfa4, 0xecbfa8, 0xecbfb0,
    0xecbfb1, 0xecbfb3, 0xecbfb5, 0xecbfbc, 0xed8080, 0xed8084, 0xed8091, 0xed8098, 0xed80ad,
    0xed80b4, 0xed80b5, 0xed80b8, 0xed80bc, 0xed8184, 0xed8185, 0xed8187, 0xed8189, 0xed8190,
    0xed8194, 0xed8198, 0xed81a0, 0xed81ac, 0xed81ad, 0xed81b0, 0xed81b4, 0xed81bc, 0xed81bd,
    0xed8281, 0xed82a4, 0xed82a5, 0xed82a8, 0xed82ac, 0xed82b4, 0xed82b5, 0xed82b7, 0xed82b9,
    0xed8380, 0xed8381, 0xed8384, 0xed8388, 0xed8389, 0xed8390, 0xed8391, 0xed8393, 0xed8394,
    0xed8395, 0xed839c, 0xed839d, 0xed83a0, 0xed83a4, 0xed83ac, 0xed83ad, 0xed83af, 0xed83b0,
    0xed83b1, 0xed83b8, 0xed848d, 0xed84b0, 0xed84b1, 0xed84b4, 0xed84b8, 0xed84ba, 0xed8580,
    0xed8581, 0xed8583, 0xed8584, 0xed8585, 0xed858c, 0xed858d, 0xed8590, 0xed8594, 0xed859c,
    0xed859d, 0xed859f, 0xed85a1, 0xed85a8, 0xed85ac, 0xed85bc, 0xed8684, 0xed8688, 0xed86a0,
    0xed86a1, 0xed86a4, 0xed86a8, 0xed86b0, 0xed86b1, 0xed86b3, 0xed86b5, 0xed86ba, 0xed86bc,
    0xed8780, 0xed8798, 0xed87b4, 0xed87b8, 0xed8887, 0xed8889, 0xed8890, 0xed88ac, 0xed88ad,
    0xed88b0, 0xed88b4, 0xed88bc, 0xed88bd, 0xed88bf, 0xed8981, 0xed8988, 0xed899c, 0xed89a4,
    0xed8a80, 0xed8a81, 0xed8a84, 0xed8a88, 0xed8a90, 0xed8a91, 0xed8a95, 0xed8a9c, 0xed8aa0,
    0xed8aa4, 0xed8aac, 0xed8ab1, 0xed8ab8, 0xed8ab9, 0xed8abc, 0xed8abf, 0xed8b80, 0xed8b82,
    0xed8b88, 0xed8b89, 0xed8b8b, 0xed8b94, 0xed8b98, 0xed8b9c, 0xed8ba4, 0xed8ba5, 0xed8bb0,
    0xed8bb1, 0xed8bb4, 0xed8bb8, 0xed8c80, 0xed8c81, 0xed8c83, 0xed8c85, 0xed8c8c, 0xed8c8d,
    0xed8c8e, 0xed8c90, 0xed8c94, 0xed8c96, 0xed8c9c, 0xed8c9d, 0xed8c9f, 0xed8ca0, 0xed8ca1,
    0xed8ca5, 0xed8ca8, 0xed8ca9, 0xed8cac, 0xed8cb0, 0xed8cb8, 0xed8cb9, 0xed8cbb, 0xed8cbc,
    0xed8cbd, 0xed8d84, 0xed8d85, 0xed8dbc, 0xed8dbd, 0xed8e80, 0xed8e84, 0xed8e8c, 0xed8e8d,
    0xed8e8f, 0xed8e90, 0xed8e91, 0xed8e98, 0xed8e99, 0xed8e9c, 0xed8ea0, 0xed8ea8, 0xed8ea9,
    0xed8eab, 0xed8ead, 0xed8eb4, 0xed8eb8, 0xed8ebc, 0xed8f84, 0xed8f85, 0xed8f88, 0xed8f89,
    0xed8f90, 0xed8f98, 0xed8fa1, 0xed8fa3, 0xed8fac, 0xed8fad, 0xed8fb0, 0xed8fb4, 0xed8fbc,
    0xed8fbd, 0xed8fbf, 0xed9081, 0xed9088, 0xed909d, 0xed9180, 0xed9184, 0xed919c, 0xed91a0,
    0xed91a4, 0xed91ad, 0xed91af, 0xed91b8, 0xed91b9, 0xed91bc, 0xed91bf, 0xed9280, 0xed9282,
    0xed9288, 0xed9289, 0xed928b, 0xed928d, 0xed9294, 0xed92a9, 0xed938c, 0xed9390, 0xed9394,
    0xed939c, 0xed939f, 0xed93a8, 0xed93ac, 0xed93b0, 0xed93b8, 0xed93bb, 0xed93bd, 0xed9484,
    0xed9488, 0xed948c, 0xed9494, 0xed9495, 0xed9497, 0xed94bc, 0xed94bd, 0xed9580, 0xed9584,
    0xed958c, 0xed958d, 0xed958f, 0xed9591, 0xed9598, 0xed9599, 0xed959c, 0xed95a0, 0xed95a5,
    0xed95a8, 0xed95a9, 0xed95ab, 0xed95ad, 0xed95b4, 0xed95b5, 0xed95b8, 0xed95bc, 0xed9684,
    0xed9685, 0xed9687, 0xed9688, 0xed9689, 0xed9690, 0xed96a5, 0xed9788, 0xed9789, 0xed978c,
    0xed9790, 0xed9792, 0xed9798, 0xed9799, 0xed979b, 0xed979d, 0xed97a4, 0xed97a5, 0xed97a8,
    0xed97ac, 0xed97b4, 0xed97b5, 0xed97b7, 0xed97b9, 0xed9880, 0xed9881, 0xed9884, 0xed9888,
    0xed9890, 0xed9891, 0xed9893, 0xed9894, 0xed9895, 0xed989c, 0xed98a0, 0xed98a4, 0xed98ad,
    0xed98b8, 0xed98b9, 0xed98bc, 0xed9980, 0xed9985, 0xed9988, 0xed9989, 0xed998b, 0xed998d,
    0xed9991, 0xed9994, 0xed9995, 0xed9998, 0xed999c, 0xed99a7, 0xed99a9, 0xed99b0, 0xed99b1,
    0xed99b4, 0xed9a83, 0xed9a85, 0xed9a8c, 0xed9a8d, 0xed9a90, 0xed9a94, 0xed9a9d, 0xed9a9f,
    0xed9aa1, 0xed9aa8, 0xed9aac, 0xed9ab0, 0xed9ab9, 0xed9abb, 0xed9b84, 0xed9b85, 0xed9b88,
    0xed9b8c, 0xed9b91, 0xed9b94, 0xed9b97, 0xed9b99, 0xed9ba0, 0xed9ba4, 0xed9ba8, 0xed9bb0,
    0xed9bb5, 0xed9bbc, 0xed9bbd, 0xed9c80, 0xed9c84, 0xed9c91, 0xed9c98, 0xed9c99, 0xed9c9c,
    0xed9ca0, 0xed9ca8, 0xed9ca9, 0xed9cab, 0xed9cad, 0xed9cb4, 0xed9cb5, 0xed9cb8, 0xed9cbc,
    0xed9d84, 0xed9d87, 0xed9d89, 0xed9d90, 0xed9d91, 0xed9d94, 0xed9d96, 0xed9d97, 0xed9d98,
    0xed9d99, 0xed9da0, 0xed9da1, 0xed9da3, 0xed9da5, 0xed9da9, 0xed9dac, 0xed9db0, 0xed9db4,
    0xed9dbc, 0xed9dbd, 0xed9e81, 0xed9e88, 0xed9e89, 0xed9e8c, 0xed9e90, 0xed9e98, 0xed9e99,
    0xed9e9b, 0xed9e9d, 0xe4bcbd, 0xe4bdb3, 0xe58187, 0xe583b9, 0xe58aa0, 0xe58faf, 0xe591b5,
    0xe593a5, 0xe59889, 0xe5ab81, 0xe5aeb6, 0xe69a87, 0xe69eb6, 0xe69eb7, 0xe69faf, 0xe6ad8c,
    0xe78f82, 0xe79782, 0xe7a8bc, 0xe88b9b, 0xe88c84, 0xe8a197, 0xe8a288, 0xe8a8b6, 0xe8b388,
    0xe8b78f, 0xe8bbbb, 0xe8bfa6, 0xe9a795, 0xe588bb, 0xe58db4, 0xe59084, 0xe681aa, 0xe685a4,
    0xe6aebc, 0xe78f8f, 0xe8849a, 0xe8a6ba, 0xe8a792, 0xe996a3, 0xe4be83, 0xe5888a, 0xe5a2be,
    0xe5a5b8, 0xe5a7a6, 0xe5b9b2, 0xe5b9b9, 0xe68787, 0xe68f80, 0xe69d86, 0xe69fac, 0xe6a1bf,
    0xe6be97, 0xe7998e, 0xe79c8b, 0xe7a3b5, 0xe7a888, 0xe7abbf, 0xe7b0a1, 0xe8829d, 0xe889ae,
    0xe889b1, 0xe8abab, 0xe99693, 0xe4b9ab, 0xe5969d, 0xe69bb7, 0xe6b8b4, 0xe7a2a3, 0xe7abad,
    0xe8919b, 0xe8a490, 0xe89d8e, 0xe99ea8, 0xe58b98, 0xe59d8e, 0xe5a0aa, 0xe5b58c, 0xe6849f,
    0xe686be, 0xe688a1, 0xe695a2, 0xe69f91, 0xe6a984, 0xe6b89b, 0xe79498, 0xe796b3, 0xe79ba3,
    0xe79eb0, 0xe7b4ba, 0xe982af, 0xe99191, 0xe99192, 0xe9be95, 0xe58ca3, 0xe5b2ac, 0xe794b2,
    0xe8839b, 0xe98980, 0xe99698, 0xe5899b, 0xe5a088, 0xe5a79c, 0xe5b2a1, 0xe5b497, 0xe5bab7,
    0xe5bcba, 0xe5bd8a, 0xe685b7, 0xe6b19f, 0xe795ba, 0xe79686, 0xe7b3a0, 0xe7b5b3, 0xe7b6b1,
    0xe7be8c, 0xe88594, 0xe888a1, 0xe89691, 0xe8a581, 0xe8ac9b, 0xe98bbc, 0xe9998d, 0xe9b187,
    0xe4bb8b, 0xe4bbb7, 0xe5808b, 0xe587b1, 0xe5a18f, 0xe684b7, 0xe684be, 0xe685a8, 0xe694b9,
    0xe6a7aa, 0xe6bc91, 0xe796a5, 0xe79a86, 0xe79b96, 0xe7ae87, 0xe88aa5, 0xe8938b, 0xefa480,
    0xe98ea7, 0xe9968b, 0xe59680, 0xe5aea2, 0xe59d91, 0xefa481, 0xe7b2b3, 0xe7beb9, 0xe986b5,
    0xe580a8, 0xe58ebb, 0xe5b185, 0xe5b7a8, 0xe68b92, 0xe68dae, 0xe6939a, 0xe693a7, 0xe6b8a0,
    0xe782ac, 0xe7a59b, 0xe8b79d, 0xe8b89e, 0xefa482, 0xe981bd, 0xe98985, 0xe98bb8, 0xe4b9be,
    0xe4bbb6, 0xe581a5, 0xe5b7be, 0xe5bbba, 0xe68486, 0xe6a597, 0xe885b1, 0xe89994, 0xe8b987,
    0xe98db5, 0xe9a8ab, 0xe4b99e, 0xe58291, 0xe69db0, 0xe6a180, 0xe58489, 0xe58a8d, 0xe58a92,
    0xe6aaa2, 0xe79ebc, 0xe98890, 0xe9bb94, 0xe58aab, 0xe680af, 0xe8bfb2, 0xe58188, 0xe686a9,
    0xe68fad, 0xe6938a, 0xe6a0bc, 0xe6aa84, 0xe6bf80, 0xe88688, 0xe8a6a1, 0xe99a94, 0xe5a085,
    0xe789bd, 0xe78aac, 0xe79484, 0xe7b5b9, 0xe7b9ad, 0xe882a9, 0xe8a68b, 0xe8adb4, 0xe981a3,
    0xe9b591, 0xe68a89, 0xe6b1ba, 0xe6bd94, 0xe7b590, 0xe7bcba, 0xe8a8a3, 0xe585bc, 0xe6858a,
    0xe7ae9d, 0xe8ac99, 0xe98997, 0xe98e8c, 0xe4baac, 0xe4bf93, 0xe5809e, 0xe582be, 0xe58486,
    0xe58b81, 0xe58b8d, 0xe58dbf, 0xe59db0, 0xe5a283, 0xe5ba9a, 0xe5be91, 0xe685b6, 0xe686ac,
    0xe6938e, 0xe695ac, 0xe699af, 0xe69abb, 0xe69bb4, 0xe6a297, 0xe6b687, 0xe78285, 0xe783b1,
    0xe7929f, 0xe792a5, 0xe7938a, 0xe79799, 0xe7a1ac, 0xe7a3ac, 0xe7ab9f, 0xe7abb6, 0xe7b585,
    0xe7b693, 0xe88095, 0xe880bf, 0xe8849b, 0xe88e96, 0xe8ada6, 0xe8bc95, 0xe98095, 0xe98fa1,
    0xe9a083, 0xe9a0b8, 0xe9a99a, 0xe9afa8, 0xe4bf82, 0xe59593, 0xe5a0ba, 0xe5a591, 0xe5ada3,
    0xe5b186, 0xe682b8, 0xe68892, 0xe6a182, 0xe6a2b0, 0xe6a3a8, 0xe6baaa, 0xe7958c, 0xe799b8,
    0xe7a38e, 0xe7a8bd, 0xe7b3bb, 0xe7b9ab, 0xe7b9bc, 0xe8a888, 0xe8aaa1, 0xe8b0bf, 0xe99a8e,
    0xe9b784, 0xe58fa4, 0xe58fa9, 0xe5918a, 0xe591b1, 0xe59bba, 0xe5a791, 0xe5ada4, 0xe5b0bb,
    0xe5baab, 0xe68bb7, 0xe694b7, 0xe69585, 0xe695b2, 0xe69aa0, 0xe69eaf, 0xe6a781, 0xe6b2bd,
    0xe797bc, 0xe79a90, 0xe79dbe, 0xe7a8bf, 0xe7be94, 0xe88083, 0xe882a1, 0xe8868f, 0xe88ba6,
    0xe88bbd, 0xe88fb0, 0xe89781, 0xe8a0b1, 0xe8a2b4, 0xe8aaa5, 0xefa483, 0xe8be9c, 0xe98cae,
    0xe99b87, 0xe9a1a7, 0xe9ab98, 0xe9bc93, 0xe593ad, 0xe6969b, 0xe69bb2, 0xe6a28f, 0xe7a980,
    0xe8b0b7, 0xe9b5a0, 0xe59bb0, 0xe59da4, 0xe5b491, 0xe69886, 0xe6a2b1, 0xe6a38d, 0xe6bbbe,
    0xe790a8, 0xe8a29e, 0xe9afa4, 0xe6b1a8, 0xefa484, 0xe9aaa8, 0xe4be9b, 0xe585ac, 0xe585b1,
    0xe58a9f, 0xe5ad94, 0xe5b7a5, 0xe68190, 0xe681ad, 0xe68bb1, 0xe68ea7, 0xe694bb, 0xe78f99,
    0xe7a9ba, 0xe89aa3, 0xe8b2a2, 0xe99e8f, 0xe4b8b2, 0xe5afa1, 0xe68888, 0xe69e9c, 0xe7939c,
    0xe7a791, 0xe88f93, 0xe8aa87, 0xe8aab2, 0xe8b7a8, 0xe9818e, 0xe98d8b, 0xe9a186, 0xe5bb93,
    0xe6a7a8, 0xe897bf, 0xe983ad, 0xefa485, 0xe586a0, 0xe5ae98, 0xe5afac, 0xe685a3, 0xe6a3ba,
    0xe6acbe, 0xe7818c, 0xe790af, 0xe79398, 0xe7aea1, 0xe7bd90, 0xe88f85, 0xe8a780, 0xe8b2ab,
    0xe9979c, 0xe9a4a8, 0xe588ae, 0xe6819d, 0xe68bac, 0xe98082, 0xe4be8a, 0xe58589, 0xe58ca1,
    0xe5a399, 0xe5bba3, 0xe69ba0, 0xe6b4b8, 0xe7829a, 0xe78b82, 0xe78f96, 0xe7ad90, 0xe883b1,
    0xe9919b, 0xe58da6, 0xe68e9b, 0xe7bdab, 0xe4b996, 0xe58280, 0xe5a18a, 0xe5a39e, 0xe680aa,
    0xe684a7, 0xe68b90, 0xe6a790, 0xe9ad81, 0xe5ae8f, 0xe7b498, 0xe882b1, 0xe8bd9f, 0xe4baa4,
    0xe58391, 0xe592ac, 0xe596ac, 0xe5ac8c, 0xe5b6a0, 0xe5b7a7, 0xe694aa, 0xe6958e, 0xe6a0a1,
    0xe6a98b, 0xe78ba1, 0xe79a8e, 0xe79faf, 0xe7b59e, 0xe7bfb9, 0xe886a0, 0xe8958e, 0xe89b9f,
    0xe8bc83, 0xe8bd8e, 0xe9838a, 0xe9a483, 0xe9a995, 0xe9aeab, 0xe4b898, 0xe4b985, 0xe4b99d,
    0xe4bb87, 0xe4bfb1, 0xe585b7, 0xe58bbe, 0xe58d80, 0xe58fa3, 0xe58fa5, 0xe5928e, 0xe59894,
    0xe59db5, 0xe59ea2, 0xe5af87, 0xe5b687, 0xe5bb90, 0xe687bc, 0xe68b98, 0xe69591, 0xe69eb8,
    0xe69fa9, 0xe6a78b, 0xe6ad90, 0xe6af86, 0xe6afac, 0xe6b182, 0xe6ba9d, 0xe781b8, 0xe78b97,
    0xe78e96, 0xe79083, 0xe79ebf, 0xe79fa9, 0xe7a9b6, 0xe7b5bf, 0xe88089, 0xe887bc, 0xe88885,
    0xe8888a, 0xe88b9f, 0xe8a1a2, 0xe8acb3, 0xe8b3bc, 0xe8bb80, 0xe98091, 0xe982b1, 0xe989a4,
    0xe98ab6, 0xe9a792, 0xe9a985, 0xe9b3a9, 0xe9b797, 0xe9be9c, 0xe59c8b, 0xe5b180, 0xe88f8a,
    0xe99ea0, 0xe99eab, 0xe9bab4, 0xe5909b, 0xe7aa98, 0xe7bea4, 0xe8a399, 0xe8bb8d, 0xe983a1,
    0xe5a080, 0xe5b188, 0xe68e98, 0xe7aa9f, 0xe5aeae, 0xe5bc93, 0xe7a9b9, 0xe7aaae, 0xe88a8e,
    0xe8baac, 0xe580a6, 0xe588b8, 0xe58bb8, 0xe58db7, 0xe59c88, 0xe68bb3, 0xe68db2, 0xe6ac8a,
    0xe6b783, 0xe79cb7, 0xe58ea5, 0xe78d97, 0xe895a8, 0xe8b9b6, 0xe99795, 0xe69cba, 0xe6ab83,
    0xe6bdb0, 0xe8a9ad, 0xe8bb8c, 0xe9a58b, 0xefa486, 0xe699b7, 0xe6adb8, 0xe8b2b4, 0xe9acbc,
    0xefa487, 0xe58fab, 0xe59cad, 0xe5a58e, 0xe68f86, 0xe6a7bb, 0xe78faa, 0xe7a185, 0xe7aaba,
    0xe7ab85, 0xe7b3be, 0xe891b5, 0xe8a68f, 0xe8b5b3, 0xe980b5, 0xe996a8, 0xe58bbb, 0xe59d87,
    0xe79587, 0xe7ada0, 0xe88f8c, 0xe9889e, 0xefa488, 0xe6a998, 0xe5858b, 0xe5898b, 0xe58a87,
    0xe6889f, 0xe6a398, 0xe6a5b5, 0xe99a99, 0xe58385, 0xe58aa4, 0xe58ba4, 0xe68783, 0xe696a4,
    0xe6a0b9, 0xe6a7bf, 0xe791be, 0xe7ad8b, 0xe88ab9, 0xe88fab, 0xe8a6b2, 0xe8acb9, 0xe8bf91,
    0xe9a589, 0xefa489, 0xe4bb8a, 0xe5a697, 0xe69392, 0xe69891, 0xe6aa8e, 0xe790b4, 0xe7a681,
    0xe7a6bd, 0xe88aa9, 0xe8a1be, 0xe8a1bf, 0xe8a59f, 0xefa48a, 0xe98ca6, 0xe4bc8b, 0xe58f8a,
    0xe680a5, 0xe689b1, 0xe6b1b2, 0xe7b49a, 0xe7b5a6, 0xe4ba98, 0xe585a2, 0xe79f9c, 0xe882af,
    0xe4bc81, 0xe4bc8e, 0xe585b6, 0xe58680, 0xe5979c, 0xe599a8, 0xe59cbb, 0xe59fba, 0xe59fbc,
    0xe5a494, 0xe5a587, 0xe5a693, 0xe5af84, 0xe5b290, 0xe5b48e, 0xe5b7b1, 0xe5b9be, 0xe5bf8c,
    0xe68a80, 0xe69797, 0xe697a3, 0xe69c9e, 0xe69c9f, 0xe69d9e, 0xe6a38b, 0xe6a384, 0xe6a99f,
    0xe6acba, 0xe6b0a3, 0xe6b1bd, 0xe6b282, 0xe6b787, 0xe78e98, 0xe790a6, 0xe790aa, 0xe79282,
    0xe792a3, 0xe795b8, 0xe795bf, 0xe7a281, 0xe7a3af, 0xe7a581, 0xe7a587, 0xe7a588, 0xe7a5ba,
    0xe7ae95, 0xe7b480, 0xe7b6ba, 0xe7be88, 0xe88086, 0xe880ad, 0xe8828c, 0xe8a898, 0xe8ad8f,
    0xe8b188, 0xe8b5b7, 0xe98ca1, 0xe98ca4, 0xe9a3a2, 0xe9a591, 0xe9a88e, 0xe9a88f, 0xe9a9a5,
    0xe9ba92, 0xe7b78a, 0xe4bdb6, 0xe59089, 0xe68bae, 0xe6a194, 0xe98791, 0xe596ab, 0xe584ba,
    0xefa48b, 0xefa48c, 0xe5a89c, 0xe687a6, 0xefa48d, 0xe68b8f, 0xe68bbf, 0xefa48e, 0xefa48f,
    0xefa490, 0xefa491, 0xefa492, 0xefa493, 0xe982a3, 0xefa494, 0xefa495, 0xefa496, 0xefa497,
    0xefa498, 0xe8abbe, 0xefa499, 0xefa49a, 0xefa49b, 0xefa49c, 0xe69a96, 0xefa49d, 0xe78596,
    0xefa49e, 0xefa49f, 0xe99ba3, 0xefa4a0, 0xe68d8f, 0xe68dba, 0xe58d97, 0xefa4a1, 0xe69e8f,
    0xe6a5a0, 0xe6b9b3, 0xefa4a2, 0xe794b7, 0xefa4a3, 0xefa4a4, 0xefa4a5, 0xe7b48d, 0xefa4a6,
    0xefa4a7, 0xe8a1b2, 0xe59b8a, 0xe5a898, 0xefa4a8, 0xefa4a9, 0xefa4aa, 0xefa4ab, 0xefa4ac,
    0xe4b983, 0xefa4ad, 0xe585a7, 0xe5a588, 0xe69fb0, 0xe88090, 0xefa4ae, 0xe5a5b3, 0xe5b9b4,
    0xe6929a, 0xe7a78a, 0xe5bfb5, 0xe681ac, 0xe68b88, 0xe68dbb, 0xe5afa7, 0xe5af97, 0xe58aaa,
    0xefa4af, 0xe5a5b4, 0xe5bca9, 0xe68092, 0xefa4b0, 0xefa4b1, 0xefa4b2, 0xe79199, 0xefa4b3,
    0xefa4b4, 0xefa4b5, 0xefa4b6, 0xefa4b7, 0xefa4b8, 0xe9a791, 0xefa4b9, 0xefa4ba, 0xefa4bb,
    0xefa4bc, 0xefa4bd, 0xefa4be, 0xefa4bf, 0xefa580, 0xefa581, 0xefa582, 0xefa583, 0xe6bf83,
    0xefa584, 0xefa585, 0xe886bf, 0xe8beb2, 0xe683b1, 0xefa586, 0xefa587, 0xe885a6, 0xefa588,
    0xefa589, 0xe5b0bf, 0xefa58a, 0xefa58b, 0xefa58c, 0xefa58d, 0xefa58e, 0xefa58f, 0xefa590,
    0xefa591, 0xe5aba9, 0xe8a8a5, 0xe69dbb, 0xe7b490, 0xefa592, 0xefa593, 0xefa594, 0xefa595,
    0xefa596, 0xefa597, 0xe883bd, 0xefa598, 0xefa599, 0xe5b0bc, 0xe6b3a5, 0xe58cbf, 0xe6baba,
    0xe5a49a, 0xe88cb6, 0xe4b8b9, 0xe4bab6, 0xe4bd86, 0xe596ae, 0xe59c98, 0xe5a387, 0xe5bd96,
    0xe696b7, 0xe697a6, 0xe6aa80, 0xe6aeb5, 0xe6b98d, 0xe79fad, 0xe7abaf, 0xe7b09e, 0xe7b79e,
    0xe89b8b, 0xe8a292, 0xe984b2, 0xe98d9b, 0xe692bb, 0xe6bebe, 0xe78dba, 0xe796b8, 0xe98194,
    0xe59596, 0xe59d8d, 0xe686ba, 0xe69394, 0xe69b87, 0xe6b7a1, 0xe6b99b, 0xe6bdad, 0xe6beb9,
    0xe797b0, 0xe88183, 0xe886bd, 0xe89581, 0xe8a683, 0xe8ab87, 0xe8ad9a, 0xe98c9f, 0xe6b293,
    0xe79593, 0xe7ad94, 0xe8b88f, 0xe9819d, 0xe59490, 0xe5a082, 0xe5a198, 0xe5b9a2, 0xe68887,
    0xe6929e, 0xe6a3a0, 0xe795b6, 0xe7b396, 0xe89eb3, 0xe9bba8, 0xe4bba3, 0xe59e88, 0xe59dae,
    0xe5a4a7, 0xe5b08d, 0xe5b2b1, 0xe5b8b6, 0xe5be85, 0xe688b4, 0xe693a1, 0xe78eb3, 0xe887ba,
    0xe8a28b, 0xe8b2b8, 0xe99a8a, 0xe9bb9b, 0xe5ae85, 0xe5beb7, 0xe682b3, 0xe58092, 0xe58880,
    0xe588b0, 0xe59c96, 0xe5a0b5, 0xe5a197, 0xe5b08e, 0xe5b1a0, 0xe5b3b6, 0xe5b68b, 0xe5baa6,
    0xe5be92, 0xe682bc, 0xe68c91, 0xe68e89, 0xe69097, 0xe6a183, 0xe6a3b9, 0xe6ab82, 0xe6b798,
    0xe6b8a1, 0xe6bb94, 0xe6bfa4, 0xe787be, 0xe79b9c, 0xe79db9, 0xe7a6b1, 0xe7a8bb, 0xe89084,
    0xe8a6a9, 0xe8b3ad, 0xe8b7b3, 0xe8b988, 0xe98083, 0xe98094, 0xe98193, 0xe983bd, 0xe98d8d,
    0xe999b6, 0xe99f9c, 0xe6af92, 0xe78086, 0xe78998, 0xe78aa2, 0xe78da8, 0xe79da3, 0xe7a6bf,
    0xe7afa4, 0xe7ba9b, 0xe8ae80, 0xe5a2a9, 0xe68387, 0xe695a6, 0xe697bd, 0xe69abe, 0xe6b28c,
    0xe7849e, 0xe78789, 0xe8b19a, 0xe9a093, 0xe4b9ad, 0xe7aa81, 0xe4bb9d, 0xe586ac, 0xe5878d,
    0xe58b95, 0xe5908c, 0xe686a7, 0xe69db1, 0xe6a190, 0xe6a39f, 0xe6b49e, 0xe6bdbc, 0xe796bc,
    0xe79eb3, 0xe7aba5, 0xe883b4, 0xe891a3, 0xe98a85, 0xe5859c, 0xe69697, 0xe69d9c, 0xe69e93,
    0xe79798, 0xe7ab87, 0xe88db3, 0xefa59a, 0xe8b186, 0xe98097, 0xe9a0ad, 0xe5b1af, 0xe88780,
    0xe88a9a, 0xe98181, 0xe981af, 0xe9888d, 0xe5be97, 0xe5b69d, 0xe6a999, 0xe78788, 0xe799bb,
    0xe7ad89, 0xe897a4, 0xe8ac84, 0xe984a7, 0xe9a8b0, 0xe59687, 0xe687b6, 0xefa59b, 0xe799a9,
    0xe7be85, 0xe898bf, 0xe89eba, 0xe8a3b8, 0xe9828f, 0xefa59c, 0xe6b49b, 0xe78399, 0xe78f9e,
    0xe7b5a1, 0xe890bd, 0xefa59d, 0xe985aa, 0xe9a7b1, 0xefa59e, 0xe4ba82, 0xe58db5, 0xe6ac84,
    0xe6ac92, 0xe780be, 0xe7889b, 0xe898ad, 0xe9b89e, 0xe5898c, 0xe8bea3, 0xe5b590, 0xe693a5,
    0xe694ac, 0xe6ac96, 0xe6bfab, 0xe7b183, 0xe7ba9c, 0xe8978d, 0xe8a5a4, 0xe8a6bd, 0xe68b89,
    0xe88798, 0xe8a09f, 0xe5bb8a, 0xe69c97, 0xe6b5aa, 0xe78bbc, 0xe79085, 0xe791af, 0xe89e82,
    0xe9839e, 0xe4be86, 0xe5b48d, 0xe5bea0, 0xe8908a, 0xe586b7, 0xe68ea0, 0xe795a5, 0xe4baae,
    0xe58086, 0xe585a9, 0xe58789, 0xe6a281, 0xe6a891, 0xe7b2ae, 0xe7b2b1, 0xe7b3a7, 0xe889af,
    0xe8ab92, 0xe8bc9b, 0xe9878f, 0xe4beb6, 0xe584b7, 0xe58bb5, 0xe59182, 0xe5bbac, 0xe685ae,
    0xe688be, 0xe69785, 0xe6ab9a, 0xe6bfbe, 0xe7a4aa, 0xe8979c, 0xe8a0a3, 0xe996ad, 0xe9a9a2,
    0xe9a9aa, 0xe9ba97, 0xe9bb8e, 0xe58a9b, 0xe69b86, 0xe6adb7, 0xe7809d, 0xe7a4ab, 0xe8bda2,
    0xe99d82, 0xe68690, 0xe68880, 0xe694a3, 0xe6bca3, 0xe78589, 0xe79289, 0xe7b7b4, 0xe881af,
    0xe893ae, 0xe8bca6, 0xe980a3, 0xe98d8a, 0xe586bd, 0xe58897, 0xe58aa3, 0xe6b48c, 0xe78388,
    0xe8a382, 0xe5bb89, 0xe69682, 0xe6aeae, 0xe6bf82, 0xe7b0be, 0xe78db5, 0xe4bba4, 0xe4bcb6,
    0xe59bb9, 0xefa59f, 0xe5b2ba, 0xe5b6ba, 0xe6809c, 0xe78eb2, 0xe7acad, 0xe7be9a, 0xe7bf8e,
    0xe88186, 0xe9809e, 0xe988b4, 0xe99bb6, 0xe99d88, 0xe9a098, 0xe9bda1, 0xe4be8b, 0xe6bea7,
    0xe7a6ae, 0xe986b4, 0xe99ab7, 0xe58b9e, 0xefa5a0, 0xe69288, 0xe69384, 0xe6ab93, 0xe6bd9e,
    0xe78098, 0xe78890, 0xe79ba7, 0xe88081, 0xe89886, 0xe8999c, 0xe8b7af, 0xe8bc85, 0xe99cb2,
    0xe9adaf, 0xe9b7ba, 0xe9b9b5, 0xe7a28c, 0xe7a5bf, 0xe7b6a0, 0xe88f89, 0xe98c84, 0xe9b9bf,
    0xe9ba93, 0xe8ab96, 0xe5a39f, 0xe5bc84, 0xe69ca7, 0xe780a7, 0xe7938f, 0xe7b1a0, 0xe881be,
    0xe584a1, 0xe780a8, 0xe789a2, 0xe7a38a, 0xe8b382, 0xe8b39a, 0xe8b3b4, 0xe99bb7, 0xe4ba86,
    0xe5839a, 0xe5afae, 0xe5bb96, 0xe69699, 0xe7878e, 0xe79982, 0xe79ead, 0xe8818a, 0xe893bc,
    0xe981bc, 0xe9aca7, 0xe9be8d, 0xe5a398, 0xe5a981, 0xe5b1a2, 0xe6a893, 0xe6b79a, 0xe6bc8f,
    0xe798bb, 0xe7b4af, 0xe7b8b7, 0xe8949e, 0xe8a4b8, 0xe98fa4, 0xe9998b, 0xe58a89, 0xe69792,
    0xe69fb3, 0xe6a6b4, 0xe6b581, 0xe6ba9c, 0xe7808f, 0xe79089, 0xe791a0, 0xe79599, 0xe798a4,
    0xe7a1ab, 0xe8acac, 0xe9a19e, 0xe585ad, 0xe688ae, 0xe999b8, 0xe4be96, 0xe580ab, 0xe5b499,
    0xe6b7aa, 0xe7b6b8, 0xe8bcaa, 0xe5be8b, 0xe68584, 0xe6a097, 0xefa5a1, 0xe99a86, 0xe58b92,
    0xe8828b, 0xe5879c, 0xe5878c, 0xe6a59e, 0xe7a89c, 0xe7b6be, 0xe88fb1, 0xe999b5, 0xe4bf9a,
    0xe588a9, 0xe58e98, 0xe5908f, 0xe5948e, 0xe5b1a5, 0xe682a7, 0xe69d8e, 0xe6a2a8, 0xe6b5ac,
    0xe78a81, 0xe78bb8, 0xe79086, 0xe79283, 0xefa5a2, 0xe797a2, 0xe7b1ac, 0xe7bdb9, 0xe7beb8,
    0xe88e89, 0xe8a38f, 0xe8a3a1, 0xe9878c, 0xe98790, 0xe99ba2, 0xe9af89, 0xe5909d, 0xe6bdbe,
    0xe78790, 0xe79298, 0xe897ba, 0xe8baaa, 0xe99aa3, 0xe9b197, 0xe9ba9f, 0xe69e97, 0xe6b78b,
    0xe790b3, 0xe887a8, 0xe99c96, 0xe7a0ac, 0xe7ab8b, 0xe7aca0, 0xe7b292, 0xe691a9, 0xe791aa,
    0xe797b2, 0xe7a2bc, 0xe7a3a8, 0xe9a6ac, 0xe9ad94, 0xe9babb, 0xe5af9e, 0xe5b995, 0xe6bca0,
    0xe8869c, 0xe88eab, 0xe98288, 0xe4b887, 0xe58d8d, 0xe5a8a9, 0xe5b792, 0xe5bd8e, 0xe685a2,
    0xe68cbd, 0xe699a9, 0xe69bbc, 0xe6bbbf, 0xe6bcab, 0xe781a3, 0xe79e9e, 0xe890ac, 0xe89493,
    0xe8a0bb, 0xe8bc93, 0xe9a585, 0xe9b0bb, 0xe5949c, 0xe68ab9, 0xe69cab, 0xe6b2ab, 0xe88c89,
    0xe8a5aa, 0xe99dba, 0xe4baa1, 0xe5a684, 0xe5bf98, 0xe5bf99, 0xe69c9b, 0xe7b6b2, 0xe7bd94,
    0xe88a92, 0xe88cab, 0xe88ebd, 0xe8bc9e, 0xe98299, 0xe59f8b, 0xe5a6b9, 0xe5aa92, 0xe5af90,
    0xe698a7, 0xe69e9a, 0xe6a285, 0xe6af8f, 0xe785a4, 0xe7bdb5, 0xe8b2b7, 0xe8b3a3, 0xe98281,
    0xe9ad85, 0xe88488, 0xe8b28a, 0xe9998c, 0xe9a980, 0xe9baa5, 0xe5ad9f, 0xe6b093, 0xe78c9b,
    0xe79bb2, 0xe79b9f, 0xe8908c, 0xe586aa, 0xe8a693, 0xe5858d, 0xe58695, 0xe58b89, 0xe6a389,
    0xe6b294, 0xe79c84, 0xe79ca0, 0xe7b6bf, 0xe7b7ac, 0xe99da2, 0xe9bab5, 0xe6bb85, 0xe89491,
    0xe586a5, 0xe5908d, 0xe591bd, 0xe6988e, 0xe69a9d, 0xe6a4a7, 0xe6ba9f, 0xe79abf, 0xe79e91,
    0xe88c97, 0xe89382, 0xe89e9f, 0xe985a9, 0xe98a98, 0xe9b3b4, 0xe8a282, 0xe4beae, 0xe58692,
    0xe58b9f, 0xe5a786, 0xe5b8bd, 0xe68595, 0xe691b8, 0xe691b9, 0xe69aae, 0xe69f90, 0xe6a8a1,
    0xe6af8d, 0xe6af9b, 0xe7899f, 0xe789a1, 0xe79181, 0xe79cb8, 0xe79f9b, 0xe88097, 0xe88abc,
    0xe88c85, 0xe8ac80, 0xe8aca8, 0xe8b28c, 0xe69ca8, 0xe6b290, 0xe789a7, 0xe79bae, 0xe79da6,
    0xe7a986, 0xe9b6a9, 0xe6adbf, 0xe6b292, 0xe5a4a2, 0xe69ca6, 0xe89299, 0xe58daf, 0xe5a293,
    0xe5a699, 0xe5bb9f, 0xe68f8f, 0xe698b4, 0xe69db3, 0xe6b8ba, 0xe78cab, 0xe7ab97, 0xe88b97,
    0xe98ca8, 0xe58b99, 0xe5b7ab, 0xe686ae, 0xe6878b, 0xe6888a, 0xe68b87, 0xe692ab, 0xe697a0,
    0xe6a599, 0xe6ada6, 0xe6af8b, 0xe784a1, 0xe78fb7, 0xe7959d, 0xe7b986, 0xe8889e, 0xe88c82,
    0xe895aa, 0xe8aaa3, 0xe8b2bf, 0xe99ca7, 0xe9b5a1, 0xe5a2a8, 0xe9bb98, 0xe58091, 0xe5888e,
    0xe590bb, 0xe5958f, 0xe69687, 0xe6b1b6, 0xe7b48a, 0xe7b48b, 0xe8819e, 0xe89a8a, 0xe99680,
    0xe99baf, 0xe58bbf, 0xe6b295, 0xe789a9, 0xe591b3, 0xe5aa9a, 0xe5b0be, 0xe5b58b, 0xe5bd8c,
    0xe5beae, 0xe69caa, 0xe6a2b6, 0xe6a5a3, 0xe6b8bc, 0xe6b984, 0xe79c89, 0xe7b1b3, 0xe7be8e,
    0xe89687, 0xe8ac8e, 0xe8bfb7, 0xe99da1, 0xe9bbb4, 0xe5b2b7, 0xe682b6, 0xe6848d, 0xe686ab,
    0xe6958f, 0xe697bb, 0xe697bc, 0xe6b091, 0xe6b3af, 0xe78e9f, 0xe78f89, 0xe7b7a1, 0xe99694,
    0xe5af86, 0xe89c9c, 0xe8ac90, 0xe5899d, 0xe58d9a, 0xe68b8d, 0xe6908f, 0xe692b2, 0xe69cb4,
    0xe6a8b8, 0xe6b38a, 0xe78f80, 0xe7929e, 0xe7ae94, 0xe7b295, 0xe7b89b, 0xe8868a, 0xe888b6,
    0xe89684, 0xe8bfab, 0xe99bb9, 0xe9a781, 0xe4bcb4, 0xe58d8a, 0xe58f8d, 0xe58f9b, 0xe68b8c,
    0xe690ac, 0xe69480, 0xe69691, 0xe6a783, 0xe6b3ae, 0xe6bd98, 0xe78fad, 0xe79594, 0xe798a2,
    0xe79ba4, 0xe79bbc, 0xe7a390, 0xe7a3bb, 0xe7a4ac, 0xe7b586, 0xe888ac, 0xe89fa0, 0xe8bf94,
    0xe9a092, 0xe9a3af, 0xe58b83, 0xe68b94, 0xe692a5, 0xe6b8a4, 0xe6bd91, 0xe799bc, 0xe8b78b,
    0xe986b1, 0xe989a2, 0xe9abae, 0xe9ad83, 0xe580a3, 0xe5828d, 0xe59d8a, 0xe5a6a8, 0xe5b0a8,
    0xe5b987, 0xe5bdb7, 0xe688bf, 0xe694be, 0xe696b9, 0xe69781, 0xe69889, 0xe69e8b, 0xe6a69c,
    0xe6bb82, 0xe7a385, 0xe7b4a1, 0xe882aa, 0xe88680, 0xe888ab, 0xe88ab3, 0xe892a1, 0xe89a8c,
    0xe8a8aa, 0xe8ac97, 0xe982a6, 0xe998b2, 0xe9be90, 0xe5808d, 0xe4bfb3, 0xefa5a3, 0xe59fb9,
    0xe5be98, 0xe68b9c, 0xe68e92, 0xe69daf, 0xe6b983, 0xe78499, 0xe79b83, 0xe8838c, 0xe8839a,
    0xe8a3b4, 0xe8a3b5, 0xe8a499, 0xe8b3a0, 0xe8bca9, 0xe9858d, 0xe999aa, 0xe4bcaf, 0xe4bdb0,
    0xe5b89b, 0xe69f8f, 0xe6a0a2, 0xe799bd, 0xe799be, 0xe9ad84, 0xe5b9a1, 0xe6a88a, 0xe785a9,
    0xe78794, 0xe795aa, 0xefa5a4, 0xe7b981, 0xe89583, 0xe897a9, 0xe9a39c, 0xe4bc90, 0xe7ad8f,
    0xe7bdb0, 0xe996a5, 0xe587a1, 0xe5b886, 0xe6a2b5, 0xe6b0be, 0xe6b18e, 0xe6b39b, 0xe78aaf,
    0xe7af84, 0xe88c83, 0xe6b395, 0xe790ba, 0xe583bb, 0xe58a88, 0xe5a381, 0xe69398, 0xe6aa97,
    0xe792a7, 0xe79996, 0xe7a2a7, 0xe89897, 0xe997a2, 0xe99cb9, 0xefa5a5, 0xe58d9e, 0xe5bc81,
    0xe8ae8a, 0xe8bea8, 0xe8beaf, 0xe9828a, 0xe588a5, 0xe79ea5, 0xe9b189, 0xe9bc88, 0xe4b899,
    0xe58082, 0xe585b5, 0xe5b19b, 0xe5b9b7, 0xe6989e, 0xe698ba, 0xe69f84, 0xe6a385, 0xe782b3,
    0xe79481, 0xe79785, 0xe7a789, 0xe7ab9d, 0xe8bca7, 0xe9a4a0, 0xe9a888, 0xe4bf9d, 0xe5a0a1,
    0xe5a0b1, 0xe5afb6, 0xe699ae, 0xe6ada5, 0xe6b491, 0xe6b9ba, 0xe6bdbd, 0xe78fa4, 0xe794ab,
    0xe88fa9, 0xe8a39c, 0xe8a493, 0xe8ad9c, 0xe8bc94, 0xe4bc8f, 0xe58395, 0xe58c90, 0xe58d9c,
    0xe5ae93, 0xe5bea9, 0xe69c8d, 0xe7a68f, 0xe885b9, 0xe88caf, 0xe89494, 0xe8a487, 0xe8a686,
    0xe8bcb9, 0xe8bcbb, 0xe9a6a5, 0xe9b092, 0xe69cac, 0xe4b9b6, 0xe4bfb8, 0xe5a589, 0xe5b081,
    0xe5b3af, 0xe5b3b0, 0xe68da7, 0xe6a392, 0xe783bd, 0xe786a2, 0xe790ab, 0xe7b8ab, 0xe893ac,
    0xe89c82, 0xe980a2, 0xe98b92, 0xe9b3b3, 0xe4b88d, 0xe4bb98, 0xe4bfaf, 0xe58285, 0xe58996,
    0xe589af, 0xe590a6, 0xe59290, 0xe59fa0, 0xe5a4ab, 0xe5a9a6, 0xe5ad9a, 0xe5adb5, 0xe5af8c,
    0xe5ba9c, 0xefa5a6, 0xe689b6, 0xe695b7, 0xe696a7, 0xe6b5ae, 0xe6baa5, 0xe788b6, 0xe7aca6,
    0xe7b0bf, 0xe7bcb6, 0xe88590, 0xe88591, 0xe8869a, 0xe88980, 0xe88a99, 0xe88ea9, 0xe8a883,
    0xe8b2a0, 0xe8b3a6, 0xe8b3bb, 0xe8b5b4, 0xe8b6ba, 0xe983a8, 0xe9879c, 0xe9989c, 0xe99984,
    0xe9a799, 0xe9b3a7, 0xe58c97, 0xe58886, 0xe590a9, 0xe599b4, 0xe5a2b3, 0xe5a594, 0xe5a5ae,
    0xe5bfbf, 0xe686a4, 0xe689ae, 0xe69890, 0xe6b1be, 0xe7849a, 0xe79b86, 0xe7b289, 0xe7b39e,
    0xe7b49b, 0xe88aac, 0xe8b381, 0xe99bb0, 0xefa5a7, 0xe4bd9b, 0xe5bc97, 0xe5bdbf, 0xe68b82,
    0xe5b4a9, 0xe69c8b, 0xe6a39a, 0xe7a1bc, 0xe7b983, 0xe9b5ac, 0xe4b895, 0xe58299, 0xe58c95,
    0xe58caa, 0xe58d91, 0xe5a683, 0xe5a9a2, 0xe5ba87, 0xe682b2, 0xe6868a, 0xe68989, 0xe689b9,
    0xe69690, 0xe69e87, 0xe6a6a7, 0xe6af94, 0xe6af96, 0xe6af97, 0xe6af98, 0xe6b2b8, 0xefa5a8,
    0xe790b5, 0xe797ba, 0xe7a092, 0xe7a291, 0xe7a795, 0xe7a798, 0xe7b283, 0xe7b78b, 0xe7bfa1,
    0xe882a5, 0xe884be, 0xe88782, 0xe88fb2, 0xe89c9a, 0xe8a3a8, 0xe8aab9, 0xe8adac, 0xe8b2bb,
    0xe98499, 0xe99d9e, 0xe9a39b, 0xe9bcbb, 0xe59aac, 0xe5acaa, 0xe5bdac, 0xe6968c, 0xe6aab3,
    0xe6aeaf, 0xe6b59c, 0xe6bfb1, 0xe78095, 0xe7899d, 0xe78ead, 0xe8b2a7, 0xe8b393, 0xe9a0bb,
    0xe68691, 0xe6b0b7, 0xe88198, 0xe9a881, 0xe4b98d, 0xe4ba8b, 0xe4ba9b, 0xe4bb95, 0xe4bcba,
    0xe4bcbc, 0xe4bdbf, 0xe4bf9f, 0xe583bf, 0xe58fb2, 0xe58fb8, 0xe59486, 0xe597a3, 0xe59b9b,
    0xe5a3ab, 0xe5a5a2, 0xe5a891, 0xe5afab, 0xe5afba, 0xe5b084, 0xe5b7b3, 0xe5b8ab, 0xe5be99,
    0xe6809d, 0xe68da8, 0xe6969c, 0xe696af, 0xe69fb6, 0xe69fbb, 0xe6a2ad, 0xe6adbb, 0xe6b299,
    0xe6b397, 0xe6b8a3, 0xe78089, 0xe78d85, 0xe7a082, 0xe7a4be, 0xe7a580, 0xe7a5a0, 0xe7a781,
    0xe7afa9, 0xe7b497, 0xe7b5b2, 0xe88286, 0xe8888d, 0xe88e8e, 0xe89391, 0xe89b87, 0xe8a39f,
    0xe8a990, 0xe8a99e, 0xe8ac9d, 0xe8b39c, 0xe8b5a6, 0xe8bead, 0xe982aa, 0xe9a3bc, 0xe9a79f,
    0xe9ba9d, 0xe5898a, 0xefa5a9, 0xe69c94, 0xefa5aa, 0xe58298, 0xe588aa, 0xe5b1b1, 0xe695a3,
    0xe6b195, 0xe78f8a, 0xe794a3, 0xe7969d, 0xe7ae97, 0xe8929c, 0xe985b8, 0xe99cb0, 0xe4b9b7,
    0xe69292, 0xe6aeba, 0xe7859e, 0xe896a9, 0xe4b889, 0xefa5ab, 0xe69d89, 0xe6a3ae, 0xe6b897,
    0xe88a9f, 0xe89498, 0xe8a1ab, 0xe68fb7, 0xe6be81, 0xe98892, 0xe9a2af, 0xe4b88a, 0xe582b7,
    0xe5838f, 0xe5849f, 0xe59586, 0xe596aa, 0xe59897, 0xe5ad80, 0xe5b099, 0xe5b3a0, 0xe5b8b8,
    0xe5ba8a, 0xe5baa0, 0xe5bb82, 0xe683b3, 0xe6a191, 0xe6a9a1, 0xe6b998, 0xe788bd, 0xe78980,
    0xe78b80, 0xe79bb8, 0xe7a5a5, 0xe7aeb1, 0xe7bf94, 0xe8a3b3, 0xe8a7b4, 0xe8a9b3, 0xe8b1a1,
    0xe8b39e, 0xe99c9c, 0xe5a19e, 0xe792bd, 0xe8b3bd, 0xe59787, 0xefa5ac, 0xe7a9a1, 0xe7b4a2,
    0xe889b2, 0xe789b2, 0xe7949f, 0xe794a5, 0xefa5ad, 0xe7ac99, 0xe5a285, 0xe5a3bb, 0xe5b6bc,
    0xe5ba8f, 0xe5bab6, 0xe5be90, 0xe68195, 0xe68a92, 0xe68dbf, 0xe6958d, 0xe69a91, 0xe69b99,
    0xe69bb8, 0xe6a096, 0xe6a3b2, 0xe78a80, 0xe7919e, 0xe7adae, 0xe7b5ae, 0xe7b796, 0xe7bdb2,
    0xe883a5, 0xe88892, 0xe896af, 0xe8a5bf, 0xe8aa93, 0xe9809d, 0xe98ba4, 0xe9bb8d, 0xe9bca0,
    0xe5a495, 0xe5a5ad, 0xe5b8ad, 0xe6839c, 0xe69894, 0xe699b3, 0xe69e90, 0xe6b190, 0xe6b785,
    0xe6bd9f, 0xe79fb3, 0xe7a2a9, 0xe89386, 0xe9878b, 0xe98cab, 0xe4bb99, 0xe5838a, 0xe58588,
    0xe59684, 0xe5ac8b, 0xe5aea3, 0xe68987, 0xe695be, 0xe6978b, 0xe6b8b2, 0xe785bd, 0xe79081,
    0xe79184, 0xe79287, 0xe792bf, 0xe799ac, 0xe7a6aa, 0xe7b79a, 0xe7b995, 0xe7bea8, 0xe885ba,
    0xe886b3, 0xe888b9, 0xe8989a, 0xe89fac, 0xe8a9b5, 0xe8b7a3, 0xe981b8, 0xe98a91, 0xe990a5,
    0xe9a58d, 0xe9aeae, 0xe58da8, 0xe5b191, 0xe6a594, 0xe6b384, 0xe6b4a9, 0xe6b8ab, 0xe8888c,
    0xe8969b, 0xe8a4bb, 0xe8a8ad, 0xe8aaaa, 0xe99baa, 0xe9bda7, 0xe589a1, 0xe69ab9, 0xe6aeb2,
    0xe7ba96, 0xe89fbe, 0xe8b48d, 0xe99683, 0xe9999d, 0xe6949d, 0xe6b689, 0xe787ae, 0xefa5ae,
    0xe59f8e, 0xe5a793, 0xe5aeac, 0xe680a7, 0xe683ba, 0xe68890, 0xe6989f, 0xe6999f, 0xe78ca9,
    0xe78fb9, 0xe79b9b, 0xe79c81, 0xe7adac, 0xe88196, 0xe881b2, 0xe885a5, 0xe8aaa0, 0xe98692,
    0xe4b896, 0xe58ba2, 0xe6adb2, 0xe6b497, 0xe7a885, 0xe7acb9, 0xe7b4b0, 0xefa5af, 0xe8b2b0,
    0xe58fac, 0xe598af, 0xe5a191, 0xe5aeb5, 0xe5b08f, 0xe5b091, 0xe5b7a2, 0xe68980, 0xe68e83,
    0xe69094, 0xe698ad, 0xe6a2b3, 0xe6b2bc, 0xe6b688, 0xe6baaf, 0xe7809f, 0xe782a4, 0xe78792,
    0xe794a6, 0xe7968f, 0xe7968e, 0xe79899, 0xe7ac91, 0xe7afa0, 0xe7b0ab, 0xe7b4a0, 0xe7b4b9,
    0xe894ac, 0xe895ad, 0xe89887, 0xe8a8b4, 0xe9808d, 0xe981a1, 0xe982b5, 0xe98ab7, 0xe99fb6,
    0xe9a8b7, 0xe4bf97, 0xe5b1ac, 0xe69d9f, 0xe6b691, 0xe7b29f, 0xe7ba8c, 0xe8ac96, 0xe8b496,
    0xe9809f, 0xe5adab, 0xe5b7bd, 0xe6908d, 0xe89380, 0xe9819c, 0xe9a3a1, 0xe78e87, 0xe5ae8b,
    0xe6829a, 0xe69dbe, 0xe6b79e, 0xe8a89f, 0xe8aaa6, 0xe98081, 0xe9a08c, 0xe588b7, 0xefa5b0,
    0xe78191, 0xe7a28e, 0xe98e96, 0xe8a1b0, 0xe98797, 0xe4bfae, 0xe58f97, 0xe597bd, 0xe59b9a,
    0xe59e82, 0xe5a3bd, 0xe5ab82, 0xe5ae88, 0xe5b2ab, 0xe5b380, 0xe5b8a5, 0xe68481, 0xe6888d,
    0xe6898b, 0xe68e88, 0xe6909c, 0xe694b6, 0xe695b8, 0xe6a8b9, 0xe6ae8a, 0xe6b0b4, 0xe6b499,
    0xe6bcb1, 0xe787a7, 0xe78ba9, 0xe78db8, 0xe79087, 0xe792b2, 0xe798a6, 0xe79da1, 0xe7a780,
    0xe7a997, 0xe7abaa, 0xe7b2b9, 0xe7b68f, 0xe7b6ac, 0xe7b9a1, 0xe7be9e, 0xe884a9, 0xe88cb1,
    0xe89290, 0xe8939a, 0xe897aa, 0xe8a296, 0xe8aab0, 0xe8ae90, 0xe8bcb8, 0xe98182, 0xe98283,
    0xe985ac, 0xe98a96, 0xe98ab9, 0xe99a8b, 0xe99aa7, 0xe99aa8, 0xe99b96, 0xe99c80, 0xe9a088,
    0xe9a696, 0xe9ab93, 0xe9ac9a, 0xe58f94, 0xe5a1be, 0xe5a499, 0xe5adb0, 0xe5aebf, 0xe6b791,
    0xe6bd9a, 0xe7869f, 0xe790a1, 0xe792b9, 0xe88285, 0xe88fbd, 0xe5b7a1, 0xe5be87, 0xe5beaa,
    0xe68182, 0xe697ac, 0xe6a092, 0xe6a5af, 0xe6a993, 0xe6ae89, 0xe6b4b5, 0xe6b7b3, 0xe78fa3,
    0xe79bbe, 0xe79eac, 0xe7ad8d, 0xe7b494, 0xe884a3, 0xe8889c, 0xe88d80, 0xe893b4, 0xe895a3,
    0xe8a9a2, 0xe8ab84, 0xe98687, 0xe98c9e, 0xe9a086, 0xe9a6b4, 0xe6888c, 0xe8a193, 0xe8bfb0,
    0xe989a5, 0xe5b487, 0xe5b4a7, 0xe5b5a9, 0xe7919f, 0xe8869d, 0xe89da8, 0xe6bf95, 0xe68bbe,
    0xe7bf92, 0xe8a4b6, 0xe8a5b2, 0xe4b89e, 0xe4b998, 0xe583a7, 0xe58b9d, 0xe58d87, 0xe689bf,
    0xe69887, 0xe7b9a9, 0xe8a085, 0xe9999e, 0xe4be8d, 0xe58c99, 0xe598b6, 0xe5a78b, 0xe5aaa4,
    0xe5b0b8, 0xe5b18e, 0xe5b18d, 0xe5b882, 0xe5bc91, 0xe68183, 0xe696bd, 0xe698af, 0xe69982,
    0xe69ebe, 0xe69fb4, 0xe78c9c, 0xe79fa2, 0xe7a4ba, 0xe7bf85, 0xe89294, 0xe8938d, 0xe8a696,
    0xe8a9a6, 0xe8a9a9, 0xe8aba1, 0xe8b195, 0xe8b1ba, 0xe59fb4, 0xe5af94, 0xe5bc8f, 0xe681af,
    0xe68bad, 0xe6a48d, 0xe6ae96, 0xe6b99c, 0xe78684, 0xe7af92, 0xe89d95, 0xe8ad98, 0xe8bbbe,
    0xe9a39f, 0xe9a3be, 0xe4bcb8, 0xe4be81, 0xe4bfa1, 0xe591bb, 0xe5a8a0, 0xe5aeb8, 0xe684bc,
    0xe696b0, 0xe699a8, 0xe787bc, 0xe794b3, 0xe7a59e, 0xe7b4b3, 0xe8858e, 0xe887a3, 0xe88e98,
    0xe896aa, 0xe8978e, 0xe89c83, 0xe8a88a, 0xe8baab, 0xe8be9b, 0xefa5b1, 0xe8bf85, 0xe5a4b1,
    0xe5aea4, 0xe5afa6, 0xe68289, 0xe5afa9, 0xe5b08b, 0xe5bf83, 0xe6b281, 0xefa5b2, 0xe6b7b1,
    0xe7808b, 0xe7949a, 0xe88aaf, 0xe8abb6, 0xe4bb80, 0xe58d81, 0xefa5b3, 0xe99b99, 0xe6b08f,
    0xe4ba9e, 0xe4bf84, 0xe58592, 0xe5959e, 0xe5a8a5, 0xe5b3a8, 0xe68891, 0xe78999, 0xe88abd,
    0xe88eaa, 0xe89bbe, 0xe8a199, 0xe8a89d, 0xe998bf, 0xe99b85, 0xe9a493, 0xe9b489, 0xe9b59d,
    0xe5a08a, 0xe5b2b3, 0xe5b6bd, 0xe5b984, 0xe683a1, 0xe68495, 0xe68fa1, 0xe6a882, 0xe6b8a5,
    0xe98482, 0xe98d94, 0xe9a18e, 0xe9b090, 0xe9bdb7, 0xe5ae89, 0xe5b2b8, 0xe68c89, 0xe6998f,
    0xe6a188, 0xe79cbc, 0xe99b81, 0xe99e8d, 0xe9a194, 0xe9ae9f, 0xe696a1, 0xe8ac81, 0xe8bb8b,
    0xe996bc, 0xe594b5, 0xe5b2a9, 0xe5b796, 0xe5bab5, 0xe69a97, 0xe7998c, 0xe88fb4, 0xe99787,
    0xe5a393, 0xe68abc, 0xe78b8e, 0xe9b4a8, 0xe4bbb0, 0xe5a4ae, 0xe6808f, 0xe698bb, 0xe6ae83,
    0xe7a7a7, 0xe9b4a6, 0xe58e93, 0xe59380, 0xe59f83, 0xe5b496, 0xe6849b, 0xe69b96, 0xe6b6af,
    0xe7a28d, 0xe889be, 0xe99a98, 0xe99d84, 0xe58e84, 0xe689bc, 0xe68e96, 0xe6b6b2, 0xe7b88a,
    0xe8858b, 0xe9a18d, 0xe6abbb, 0xe7bd8c, 0xe9b6af, 0xe9b89a, 0xe4b99f, 0xe580bb, 0xe586b6,
    0xe5a49c, 0xe683b9, 0xe68fb6, 0xe6a4b0, 0xe788ba, 0xe880b6, 0xefa5b4, 0xe9878e, 0xe5bcb1,
    0xefa5b5, 0xefa5b6, 0xe7b484, 0xe88ba5, 0xe891af, 0xe892bb, 0xe897a5, 0xe8ba8d, 0xefa5b7,
    0xe4bdaf, 0xefa5b8, 0xefa5b9, 0xe5a3a4, 0xe5ad83, 0xe68199, 0xe68f9a, 0xe69498, 0xe695ad,
    0xe69a98, 0xefa5ba, 0xe6a58a, 0xe6a8a3, 0xe6b48b, 0xe78081, 0xe785ac, 0xe79792, 0xe7988d,
    0xe7a6b3, 0xe7a9b0, 0xefa5bb, 0xe7be8a, 0xefa5bc, 0xe8a584, 0xefa5bd, 0xe8ae93, 0xe98780,
    0xe999bd, 0xefa5be, 0xe9a48a, 0xe59c84, 0xe5bea1, 0xe696bc, 0xe6bc81, 0xe79880, 0xe7a6a6,
    0xe8aa9e, 0xe9a6ad, 0xe9ad9a, 0xe9bdac, 0xe58484, 0xe686b6, 0xe68a91, 0xe6aa8d, 0xe88786,
    0xe58183, 0xe5a0b0, 0xe5bda6, 0xe78489, 0xe8a880, 0xe8abba, 0xe5adbc, 0xe89896, 0xe4bfba,
    0xe584bc, 0xe59ab4, 0xe5a584, 0xe68ea9, 0xe6b7b9, 0xe5b6aa, 0xe6a5ad, 0xe58686, 0xe4ba88,
    0xe4bd99, 0xefa5bf, 0xefa680, 0xefa681, 0xe5a682, 0xefa682, 0xefa683, 0xe6ad9f, 0xe6b19d,
    0xefa684, 0xe792b5, 0xe7a496, 0xefa685, 0xe88887, 0xe88985, 0xe88cb9, 0xe8bcbf, 0xe8bd9d,
    0xefa686, 0xe9a498, 0xefa687, 0xefa688, 0xefa689, 0xe4baa6, 0xefa68a, 0xe59f9f, 0xe5bdb9,
    0xe69893, 0xefa68b, 0xefa68c, 0xe796ab, 0xe7b9b9, 0xe8adaf, 0xefa68d, 0xe98086, 0xe9a99b,
    0xe59aa5, 0xe5a0a7, 0xe5a7b8, 0xe5a89f, 0xe5aeb4, 0xefa68e, 0xe5bbb6, 0xefa68f, 0xefa690,
    0xe68d90, 0xe68cbb, 0xefa691, 0xe6a4bd, 0xe6b287, 0xe6b2bf, 0xe6b68e, 0xe6b693, 0xe6b7b5,
    0xe6bc94, 0xefa692, 0xe7839f, 0xe784b6, 0xe78599, 0xefa693, 0xe78783, 0xe78795, 0xefa694,
    0xe7a18f, 0xe7a1af, 0xefa695, 0xe7adb5, 0xe7b7a3, 0xefa696, 0xe7b8af, 0xefa697, 0xe8a18d,
    0xe8bb9f, 0xefa698, 0xefa699, 0xefa69a, 0xe9899b, 0xefa69b, 0xe9b3b6, 0xefa69c, 0xefa69d,
    0xefa69e, 0xe68285, 0xe6b685, 0xefa69f, 0xe786b1, 0xefa6a0, 0xefa6a1, 0xe996b1, 0xe58ead,
    0xefa6a2, 0xefa6a3, 0xefa6a4, 0xe69f93, 0xefa6a5, 0xe7828e, 0xe784b0, 0xe790b0, 0xe889b6,
    0xe88b92, 0xefa6a6, 0xe996bb, 0xe9aba5, 0xe9b9bd, 0xe69b84, 0xefa6a7, 0xe78781, 0xe89189,
    0xefa6a8, 0xefa6a9, 0xe5a18b, 0xefa6aa, 0xefa6ab, 0xe5b6b8, 0xe5bdb1, 0xefa6ac, 0xe698a0,
    0xe69a8e, 0xe6a5b9, 0xe6a6ae, 0xe6b0b8, 0xe6b3b3, 0xe6b8b6, 0xe6bd81, 0xe6bf9a, 0xe7809b,
    0xe780af, 0xe78590, 0xe7879f, 0xe78db0, 0xefa6ad, 0xe7919b, 0xefa6ae, 0xe79394, 0xe79b88,
    0xe7a98e, 0xe7ba93, 0xefa6af, 0xefa6b0, 0xe88bb1, 0xe8a9a0, 0xe8bf8e, 0xefa6b1, 0xe98d88,
    0xefa6b2, 0xe99c99, 0xefa6b3, 0xefa6b4, 0xe4b982, 0xe580aa, 0xefa6b5, 0xe58888, 0xe58fa1,
    0xe69bb3, 0xe6b1ad, 0xe6bf8a, 0xe78c8a, 0xe79dbf, 0xe7a9a2, 0xe88aae, 0xe8979d, 0xe89882,
    0xefa6b6, 0xe8a394, 0xe8a9a3, 0xe8adbd, 0xe8b1ab, 0xefa6b7, 0xe98ab3, 0xefa6b8, 0xe99c93,
    0xe9a090, 0xe4ba94, 0xe4bc8d, 0xe4bf89, 0xe582b2, 0xe58d88, 0xe590be, 0xe590b3, 0xe5979a,
    0xe5a1a2, 0xe5a2ba, 0xe5a5a7, 0xe5a89b, 0xe5afa4, 0xe6829f, 0xefa6b9, 0xe6878a, 0xe69596,
    0xe697bf, 0xe699a4, 0xe6a2a7, 0xe6b19a, 0xe6beb3, 0xe7838f, 0xe786ac, 0xe78d92, 0xe7adbd,
    0xe89c88, 0xe8aaa4, 0xe9b0b2, 0xe9bc87, 0xe5b18b, 0xe6b283, 0xe78d84, 0xe78e89, 0xe988ba,
    0xe6baab, 0xe791a5, 0xe7989f, 0xe7a9a9, 0xe7b895, 0xe8988a, 0xe58580, 0xe5a385, 0xe69381,
    0xe793ae, 0xe79495, 0xe799b0, 0xe7bf81, 0xe98295, 0xe99b8d, 0xe9a594, 0xe6b8a6, 0xe793a6,
    0xe7aaa9, 0xe7aaaa, 0xe887a5, 0xe89b99, 0xe89db8, 0xe8a89b, 0xe5a989, 0xe5ae8c, 0xe5ae9b,
    0xe6a2a1, 0xe6a480, 0xe6b5a3, 0xe78ea9, 0xe79093, 0xe790ac, 0xe7a297, 0xe7b7a9, 0xe7bfab,
    0xe88498, 0xe88595, 0xe88e9e, 0xe8b18c, 0xe998ae, 0xe9a091, 0xe69bb0, 0xe5be80, 0xe697ba,
    0xe69e89, 0xe6b1aa, 0xe78e8b, 0xe580ad, 0xe5a883, 0xe6adaa, 0xe79fae, 0xe5a496, 0xe5b5ac,
    0xe5b78d, 0xe78ca5, 0xe7958f, 0xefa6ba, 0xefa6bb, 0xe583a5, 0xe587b9, 0xe5a0af, 0xe5a4ad,
    0xe5a696, 0xe5a79a, 0xe5afa5, 0xefa6bc, 0xefa6bd, 0xe5b6a2, 0xe68b97, 0xe69096, 0xe69293,
    0xe693be, 0xefa6be, 0xe69b9c, 0xefa6bf, 0xe6a988, 0xefa780, 0xe787bf, 0xe791a4, 0xefa781,
    0xe7aa88, 0xe7aaaf, 0xe7b987, 0xe7b99e, 0xe88080, 0xe885b0, 0xefa782, 0xe89faf, 0xe8a681,
    0xe8aca0, 0xe98199, 0xefa783, 0xe98280, 0xe9a592, 0xe685be, 0xe6acb2, 0xe6b5b4, 0xe7b89f,
    0xe8a4a5, 0xe8beb1, 0xe4bf91, 0xe582ad, 0xe58697, 0xe58b87, 0xe59f87, 0xe5a289, 0xe5aeb9,
    0xe5bab8, 0xe68582, 0xe6a695, 0xe6b68c, 0xe6b9a7, 0xe6bab6, 0xe78694, 0xe791a2, 0xe794a8,
    0xe794ac, 0xe881b3, 0xe88cb8, 0xe89389, 0xe8b88a, 0xe98e94, 0xe98f9e, 0xefa784, 0xe4ba8e,
    0xe4bd91, 0xe581b6, 0xe584aa, 0xe58f88, 0xe58f8b, 0xe58fb3, 0xe5ae87, 0xe5af93, 0xe5b0a4,
    0xe6849a, 0xe68682, 0xe697b4, 0xe7899b, 0xe78e97, 0xe79180, 0xe79b82, 0xe7a590, 0xe7a691,
    0xe7a6b9, 0xe7b486, 0xe7bebd, 0xe88a8b, 0xe89795, 0xe8999e, 0xe8bf82, 0xe98187, 0xe983b5,
    0xe987aa, 0xe99a85, 0xe99ba8, 0xe99ba9, 0xe58b96, 0xe5bda7, 0xe697ad, 0xe698b1, 0xe6a0af,
    0xe7859c, 0xe7a8b6, 0xe98381, 0xe9a08a, 0xe4ba91, 0xefa785, 0xe6a992, 0xe6ae9e, 0xe6be90,
    0xe78689, 0xe88098, 0xe88ab8, 0xe89593, 0xe9818b, 0xe99a95, 0xe99bb2, 0xe99fbb, 0xe8949a,
    0xe9acb1, 0xe4ba90, 0xe7868a, 0xe99b84, 0xe58583, 0xe58e9f, 0xe593a1, 0xe59c93, 0xe59c92,
    0xe59ea3, 0xe5aa9b, 0xe5ab84, 0xe5af83, 0xe680a8, 0xe684bf, 0xe68fb4, 0xe6b285, 0xe6b4b9,
    0xe6b9b2, 0xe6ba90, 0xe788b0, 0xe78cbf, 0xe79197, 0xe88b91, 0xe8a281, 0xe8bd85, 0xe981a0,
    0xefa786, 0xe999a2, 0xe9a198, 0xe9b49b, 0xe69c88, 0xe8b68a, 0xe9899e, 0xe4bd8d, 0xe58189,
    0xe5839e, 0xe58db1, 0xe59c8d, 0xe5a794, 0xe5a881, 0xe5b089, 0xe685b0, 0xe69a90, 0xe6b8ad,
    0xe788b2, 0xe7918b, 0xe7b7af, 0xe88383, 0xe8908e, 0xe891a6, 0xe894bf, 0xe89d9f, 0xe8a19b,
    0xe8a498, 0xe8ac82, 0xe98195, 0xe99f8b, 0xe9ad8f, 0xe4b9b3, 0xe4be91, 0xe58492, 0xe585aa,
    0xefa787, 0xe594af, 0xe596a9, 0xe5adba, 0xe5aea5, 0xe5b9bc, 0xe5b9bd, 0xe5babe, 0xe682a0,
    0xe6839f, 0xe68488, 0xe68489, 0xe68f84, 0xe694b8, 0xe69c89, 0xefa788, 0xe69f94, 0xe69f9a,
    0xefa789, 0xe6a5a1, 0xe6a5a2, 0xe6b2b9, 0xe6b4a7, 0xefa78a, 0xe6b8b8, 0xefa78b, 0xe6bfa1,
    0xe78cb6, 0xe78cb7, 0xefa78c, 0xe7919c, 0xe794b1, 0xefa78d, 0xe79992, 0xefa78e, 0xefa78f,
    0xe7b6ad, 0xe887be, 0xe890b8, 0xe8a395, 0xe8aa98, 0xe8ab9b, 0xe8abad, 0xe8b8b0, 0xe8b982,
    0xe9818a, 0xe980be, 0xe981ba, 0xe98589, 0xe98789, 0xe98dae, 0xefa790, 0xefa791, 0xe5a089,
    0xefa792, 0xe6af93, 0xe88289, 0xe882b2, 0xefa793, 0xefa794, 0xe58581, 0xe5a5ab, 0xe5b0b9,
    0xefa795, 0xefa796, 0xe6bda4, 0xe78ea7, 0xe883a4, 0xe8b487, 0xefa797, 0xe98897, 0xe9968f,
    0xefa798, 0xefa799, 0xefa79a, 0xefa79b, 0xe881bf, 0xe6888e, 0xe7809c, 0xe7b5a8, 0xe89e8d,
    0xefa79c, 0xe59ea0, 0xe681a9, 0xe68587, 0xe6aeb7, 0xe8aabe, 0xe98a80, 0xe99ab1, 0xe4b999,
    0xe5909f, 0xe6b7ab, 0xe894ad, 0xe999b0, 0xe99fb3, 0xe9a3ae, 0xe68f96, 0xe6b3a3, 0xe98291,
    0xe5879d, 0xe68789, 0xe886ba, 0xe9b7b9, 0xe4be9d, 0xe5809a, 0xe58480, 0xe5ae9c, 0xe6848f,
    0xe687bf, 0xe693ac, 0xe6a485, 0xe6af85, 0xe79691, 0xe79fa3, 0xe7bea9, 0xe889a4, 0xe8968f,
    0xe89fbb, 0xe8a1a3, 0xe8aabc, 0xe8adb0, 0xe986ab, 0xe4ba8c, 0xe4bba5, 0xe4bc8a, 0xefa79d,
    0xefa79e, 0xe5a4b7, 0xe5a7a8, 0xefa79f, 0xe5b7b2, 0xe5bc9b, 0xe5bd9b, 0xe680a1, 0xefa7a0,
    0xefa7a1, 0xefa7a2, 0xefa7a3, 0xe788be, 0xe78fa5, 0xefa7a4, 0xe795b0, 0xe7978d, 0xefa7a5,
    0xe7a7bb, 0xefa7a6, 0xe8808c, 0xe880b3, 0xe88284, 0xe88ba1, 0xe88d91, 0xefa7a7, 0xefa7a8,
    0xe8b2bd, 0xe8b2b3, 0xe98287, 0xefa7a9, 0xefa7aa, 0xe9a3b4, 0xe9a48c, 0xefa7ab, 0xefa7ac,
    0xe780b7, 0xe79b8a, 0xe7bf8a, 0xe7bf8c, 0xe7bfbc, 0xe8ac9a, 0xe4baba, 0xe4bb81, 0xe58883,
    0xe58db0, 0xefa7ad, 0xe592bd, 0xe59ba0, 0xe5a7bb, 0xe5af85, 0xe5bc95, 0xe5bf8d, 0xe6b9ae,
    0xefa7ae, 0xefa7af, 0xe7b5aa, 0xe88cb5, 0xefa7b0, 0xe89a93, 0xe8aa8d, 0xefa7b1, 0xe99dad,
    0xe99db7, 0xefa7b2, 0xefa7b3, 0xe4b880, 0xe4bd9a, 0xe4bdbe, 0xe5a3b9, 0xe697a5, 0xe6baa2,
    0xe980b8, 0xe98eb0, 0xe9a6b9, 0xe4bbbb, 0xe5a3ac, 0xe5a68a, 0xe5a799, 0xe68181, 0xefa7b4,
    0xefa7b5, 0xe7a894, 0xefa7b6, 0xe88d8f, 0xe8b383, 0xe585a5, 0xe58d84, 0xefa7b7, 0xefa7b8,
    0xefa7b9, 0xe4bb8d, 0xe589a9, 0xe5ad95, 0xe88abf, 0xe4bb94, 0xe588ba, 0xe592a8, 0xe5a789,
    0xe5a7bf, 0xe5ad90, 0xe5ad97, 0xe5ad9c, 0xe681a3, 0xe68588, 0xe6bb8b, 0xe78299, 0xe785ae,
    0xe78e86, 0xe793b7, 0xe796b5, 0xe7a381, 0xe7b4ab, 0xe88085, 0xe887aa, 0xe88ca8, 0xe89497,
    0xe89789, 0xe8abae, 0xe8b387, 0xe99b8c, 0xe4bd9c, 0xe58bba, 0xe59abc, 0xe696ab, 0xe698a8,
    0xe781bc, 0xe782b8, 0xe788b5, 0xe7b6bd, 0xe88a8d, 0xe9858c, 0xe99b80, 0xe9b5b2, 0xe5adb1,
    0xe6a3a7, 0xe6ae98, 0xe6bdba, 0xe79b9e, 0xe5b291, 0xe69aab, 0xe6bd9b, 0xe7aeb4, 0xe7b0aa,
    0xe8a0b6, 0xe99b9c, 0xe4b888, 0xe4bb97, 0xe58ca0, 0xe5a0b4, 0xe5a2bb, 0xe5a3af, 0xe5a5ac,
    0xe5b087, 0xe5b8b3, 0xe5ba84, 0xe5bcb5, 0xe68e8c, 0xe69ab2, 0xe69d96, 0xe6a89f, 0xe6aaa3,
    0xe6ac8c, 0xe6bcbf, 0xe78986, 0xefa7ba, 0xe78d90, 0xe7928b, 0xe7aba0, 0xe7b2a7, 0xe885b8,
    0xe8879f, 0xe887a7, 0xe88e8a, 0xe891ac, 0xe894a3, 0xe89694, 0xe8978f, 0xe8a39d, 0xe8b493,
    0xe986ac, 0xe995b7, 0xe99a9c, 0xe5868d, 0xe59389, 0xe59ca8, 0xe5aeb0, 0xe6898d, 0xe69d90,
    0xe6a0bd, 0xe6a293, 0xe6b8bd, 0xe6bb93, 0xe781bd, 0xe7b8a1, 0xe8a381, 0xe8b2a1, 0xe8bc89,
    0xe9bd8b, 0xe9bd8e, 0xe788ad, 0xe7ae8f, 0xe8ab8d, 0xe98c9a, 0xe4bd87, 0xe4bd8e, 0xe584b2,
    0xe59280, 0xe5a790, 0xe5ba95, 0xe68ab5, 0xe69db5, 0xe6a5ae, 0xe6a897, 0xe6b2ae, 0xe6b89a,
    0xe78b99, 0xe78caa, 0xe796bd, 0xe7aeb8, 0xe7b4b5, 0xe88ba7, 0xe88fb9, 0xe89197, 0xe897b7,
    0xe8a99b, 0xe8b2af, 0xe8ba87, 0xe98099, 0xe982b8, 0xe99b8e, 0xe9bd9f, 0xe58ba3, 0xe5908a,
    0xe5aba1, 0xe5af82, 0xe69198, 0xe695b5, 0xe6bbb4, 0xe78b84, 0xefa7bb, 0xe79a84, 0xe7a98d,
    0xe7ac9b, 0xe7b18d, 0xe7b8be, 0xe7bf9f, 0xe88dbb, 0xe8acab, 0xe8b38a, 0xe8b5a4, 0xe8b7a1,
    0xe8b99f, 0xe8bfaa, 0xe8bfb9, 0xe981a9, 0xe98f91, 0xe4bd83, 0xe4bdba, 0xe582b3, 0xe585a8,
    0xe585b8, 0xe5898d, 0xe589aa, 0xe5a1a1, 0xe5a1bc, 0xe5a5a0, 0xe5b088, 0xe5b195, 0xe5bb9b,
    0xe6829b, 0xe688b0, 0xe6a093, 0xe6aebf, 0xe6b088, 0xe6beb1, 0xe7858e, 0xe790a0, 0xe794b0,
    0xe794b8, 0xe79591, 0xe799b2, 0xe7ad8c, 0xe7ae8b, 0xe7aead, 0xe7af86, 0xe7ba8f, 0xe8a9ae,
    0xe8bcbe, 0xe8bd89, 0xe988bf, 0xe98a93, 0xe98ca2, 0xe990ab, 0xe99bbb, 0xe9a19a, 0xe9a1ab,
    0xe9a49e, 0xe58887, 0xe688aa, 0xe68a98, 0xe6b599, 0xe799a4, 0xe7ab8a, 0xe7af80, 0xe7b5b6,
    0xe58da0, 0xe5b2be, 0xe5ba97, 0xe6bcb8, 0xe782b9, 0xe7b298, 0xe99c91, 0xe9ae8e, 0xe9bb9e,
    0xe68ea5, 0xe691ba, 0xe89db6, 0xe4b881, 0xe4ba95, 0xe4baad, 0xe5819c, 0xe581b5, 0xe59188,
    0xe5a783, 0xe5ae9a, 0xe5b980, 0xe5baad, 0xe5bbb7, 0xe5be81, 0xe68385, 0xe68cba, 0xe694bf,
    0xe695b4, 0xe6978c, 0xe699b6, 0xe699b8, 0xe69fbe, 0xe6a5a8, 0xe6aa89, 0xe6ada3, 0xe6b180,
    0xe6b780, 0xe6b7a8, 0xe6b89f, 0xe6b99e, 0xe7809e, 0xe782a1, 0xe78e8e, 0xe78fbd, 0xe794ba,
    0xe79d9b, 0xe7a287, 0xe7a68e, 0xe7a88b, 0xe7a9bd, 0xe7b2be, 0xe7b68e, 0xe88987, 0xe8a882,
    0xe8abaa, 0xe8b29e, 0xe984ad, 0xe9858a, 0xe98798, 0xe989a6, 0xe98b8c, 0xe98ca0, 0xe99c86,
    0xe99d96, 0xe99d9c, 0xe9a082, 0xe9bc8e, 0xe588b6, 0xe58a91, 0xe595bc, 0xe5a0a4, 0xe5b89d,
    0xe5bc9f, 0xe6828c, 0xe68f90, 0xe6a2af, 0xe6bf9f, 0xe7a5ad, 0xe7acac, 0xe8878d, 0xe896ba,
    0xe8a3bd, 0xe8abb8, 0xe8b984, 0xe9868d, 0xe999a4, 0xe99a9b, 0xe99cbd, 0xe9a18c, 0xe9bd8a,
    0xe4bf8e, 0xe58586, 0xe5878b, 0xe58aa9, 0xe598b2, 0xe5bc94, 0xe5bdab, 0xe68eaa, 0xe6938d,
    0xe697a9, 0xe69981, 0xe69bba, 0xe69bb9, 0xe69c9d, 0xe6a29d, 0xe6a397, 0xe6a7bd, 0xe6bc95,
    0xe6bdae, 0xe785a7, 0xe787a5, 0xe788aa, 0xe792aa, 0xe79cba, 0xe7a596, 0xe7a59a, 0xe7a79f,
    0xe7a8a0, 0xe7aa95, 0xe7b297, 0xe7b39f, 0xe7b584, 0xe7b9b0, 0xe88287, 0xe897bb, 0xe89aa4,
    0xe8a994, 0xe8aabf, 0xe8b699, 0xe8ba81, 0xe980a0, 0xe981ad, 0xe987a3, 0xe998bb, 0xe99b95,
    0xe9b3a5, 0xe6978f, 0xe7b087, 0xe8b6b3, 0xe98f83, 0xe5ad98, 0xe5b08a, 0xe58d92, 0xe68b99,
    0xe78c9d, 0xe580a7, 0xe5ae97, 0xe5be9e, 0xe682b0, 0xe685ab, 0xe6a395, 0xe6b799, 0xe790ae,
    0xe7a8ae, 0xe7b582, 0xe7b69c, 0xe7b8b1, 0xe885ab, 0xe8b8aa, 0xe8b8b5, 0xe98dbe, 0xe99098,
    0xe4bd90, 0xe59d90, 0xe5b7a6, 0xe5baa7, 0xe68cab, 0xe7bdaa, 0xe4b8bb, 0xe4bd8f, 0xe4be8f,
    0xe5819a, 0xe5a79d, 0xe88384, 0xe591aa, 0xe591a8, 0xe597be, 0xe5a58f, 0xe5ae99, 0xe5b79e,
    0xe5bb9a, 0xe6999d, 0xe69cb1, 0xe69fb1, 0xe6a0aa, 0xe6b3a8, 0xe6b4b2, 0xe6b98a, 0xe6be8d,
    0xe782b7, 0xe78fa0, 0xe79687, 0xe7b18c, 0xe7b482, 0xe7b4ac, 0xe7b6a2, 0xe8889f, 0xe89b9b,
    0xe8a8bb, 0xe8aa85, 0xe8b5b0, 0xe8ba8a, 0xe8bcb3, 0xe980b1, 0xe9858e, 0xe98592, 0xe99184,
    0xe9a790, 0xe7abb9, 0xe7b2a5, 0xe4bf8a, 0xe58481, 0xe58786, 0xe59f88, 0xe5afaf, 0xe5b3bb,
    0xe69999, 0xe6a8bd, 0xe6b59a, 0xe6ba96, 0xe6bfac, 0xe7848c, 0xe795af, 0xe7aba3, 0xe8a0a2,
    0xe980a1, 0xe981b5, 0xe99b8b, 0xe9a7bf, 0xe88c81, 0xe4b8ad, 0xe4bbb2, 0xe8a186, 0xe9878d,
    0xe58dbd, 0xe6ab9b, 0xe6a5ab, 0xe6b181, 0xe891ba, 0xe5a29e, 0xe6868e, 0xe69bbe, 0xe68baf,
    0xe7839d, 0xe79491, 0xe79787, 0xe7b992, 0xe892b8, 0xe8ad89, 0xe8b488, 0xe4b98b, 0xe58faa,
    0xe592ab, 0xe59cb0, 0xe59d80, 0xe5bf97, 0xe68c81, 0xe68c87, 0xe691af, 0xe694af, 0xe697a8,
    0xe699ba, 0xe69e9d, 0xe69eb3, 0xe6ada2, 0xe6b1a0, 0xe6b29a, 0xe6bcac, 0xe79fa5, 0xe7a0a5,
    0xe7a589, 0xe7a597, 0xe7b499, 0xe882a2, 0xe88482, 0xe887b3, 0xe88a9d, 0xe88ab7, 0xe89c98,
    0xe8aa8c, 0xefa7bc, 0xe8b484, 0xe8b6be, 0xe981b2, 0xe79bb4, 0xe7a899, 0xe7a8b7, 0xe7b994,
    0xe881b7, 0xe59487, 0xe59794, 0xe5a1b5, 0xe68caf, 0xe690a2, 0xe69989, 0xe6998b, 0xe6a1ad,
    0xe6a69b, 0xe6ae84, 0xe6b4a5, 0xe6bab1, 0xe78f8d, 0xe791a8, 0xe792a1, 0xe7959b, 0xe796b9,
    0xe79ba1, 0xe79c9e, 0xe79e8b, 0xe7a7a6, 0xe7b889, 0xe7b89d, 0xe887bb, 0xe894af, 0xe8a297,
    0xe8a8ba, 0xe8b391, 0xe8bbab, 0xe8beb0, 0xe980b2, 0xe98ead, 0xe999a3, 0xe999b3, 0xe99c87,
    0xe4be84, 0xe58fb1, 0xe5a7aa, 0xe5ab89, 0xe5b899, 0xe6a18e, 0xe79386, 0xe796be, 0xe7a7a9,
    0xe7aa92, 0xe886a3, 0xe89bad, 0xe8b3aa, 0xe8b78c, 0xe8bfad, 0xe6969f, 0xe69c95, 0xefa7bd,
    0xe59fb7, 0xe6bd97, 0xe7b79d, 0xe8bcaf, 0xe98fb6, 0xe99b86, 0xe5beb5, 0xe687b2, 0xe6be84,
    0xe4b894, 0xe4be98, 0xe5809f, 0xe58f89, 0xe5979f, 0xe5b5af, 0xe5b7ae, 0xe6aca1, 0xe6ada4,
    0xe7a38b, 0xe7ae9a, 0xefa7be, 0xe8b989, 0xe8bb8a, 0xe981ae, 0xe68d89, 0xe690be, 0xe79d80,
    0xe7aa84, 0xe98caf, 0xe991bf, 0xe9bdaa, 0xe692b0, 0xe6beaf, 0xe787a6, 0xe792a8, 0xe7939a,
    0xe7ab84, 0xe7b092, 0xe7ba82, 0xe7b2b2, 0xe7ba98, 0xe8ae9a, 0xe8b48a, 0xe991bd, 0xe9a490,
    0xe9a58c, 0xe588b9, 0xe5af9f, 0xe693a6, 0xe69cad, 0xe7b4ae, 0xe583ad, 0xe58f83, 0xe5a1b9,
    0xe68598, 0xe68599, 0xe687ba, 0xe696ac, 0xe7ab99, 0xe8ae92, 0xe8ae96, 0xe58089, 0xe580a1,
    0xe589b5, 0xe594b1, 0xe5a8bc, 0xe5bba0, 0xe5bdb0, 0xe684b4, 0xe6959e, 0xe6988c, 0xe698b6,
    0xe69aa2, 0xe6a78d, 0xe6bb84, 0xe6bcb2, 0xe78c96, 0xe798a1, 0xe7aa93, 0xe884b9, 0xe88999,
    0xe88f96, 0xe892bc, 0xe582b5, 0xe59fb0, 0xe5af80, 0xe5afa8, 0xe5bda9, 0xe68ea1, 0xe7a0a6,
    0xe7b6b5, 0xe88f9c, 0xe894a1, 0xe98787, 0xe987b5, 0xe5868a, 0xe69fb5, 0xe7ad96, 0xe8b2ac,
    0xe58784, 0xe5a6bb, 0xe682bd, 0xe89995, 0xe5809c, 0xefa7bf, 0xe58994, 0xe5b0ba, 0xe685bd,
    0xe6889a, 0xe68b93, 0xe693b2, 0xe696a5, 0xe6bb8c, 0xe798a0, 0xe8848a, 0xe8b9a0, 0xe9999f,
    0xe99abb, 0xe4bb9f, 0xe58d83, 0xe59698, 0xe5a4a9, 0xe5b79d, 0xe69385, 0xe6b389, 0xe6b7ba,
    0xe78e94, 0xe7a9bf, 0xe8889b, 0xe896a6, 0xe8b3a4, 0xe8b890, 0xe981b7, 0xe987a7, 0xe997a1,
    0xe998a1, 0xe99f86, 0xe587b8, 0xe593b2, 0xe59686, 0xe5beb9, 0xe692a4, 0xe6be88, 0xe7b6b4,
    0xe8bc9f, 0xe8bd8d, 0xe990b5, 0xe58389, 0xe5b096, 0xe6b2be, 0xe6b7bb, 0xe7949b, 0xe79ebb,
    0xe7b0bd, 0xe7b1a4, 0xe8a9b9, 0xe8ab82, 0xe5a09e, 0xe5a6be, 0xe5b896, 0xe68db7, 0xe78992,
    0xe7968a, 0xe79dab, 0xe8ab9c, 0xe8b2bc, 0xe8bc92, 0xe5bbb3, 0xe699b4, 0xe6b7b8, 0xe881bd,
    0xe88f81, 0xe8ab8b, 0xe99d91, 0xe9af96, 0xefa880, 0xe58983, 0xe69bbf, 0xe6b695, 0xe6bbaf,
    0xe7b7a0, 0xe8aba6, 0xe980ae, 0xe9819e, 0xe9ab94, 0xe5889d, 0xe589bf, 0xe593a8, 0xe68694,
    0xe68a84, 0xe68b9b, 0xe6a2a2, 0xe6a492, 0xe6a59a, 0xe6a8b5, 0xe78292, 0xe784a6, 0xe7a19d,
    0xe7a481, 0xe7a48e, 0xe7a792, 0xe7a88d, 0xe88296, 0xe889b8, 0xe88b95, 0xe88d89, 0xe89589,
    0xe8b282, 0xe8b685, 0xe985a2, 0xe9868b, 0xe986ae, 0xe4bf83, 0xe59b91, 0xe787ad, 0xe79f97,
    0xe89c80, 0xe8a7b8, 0xe5afb8, 0xe5bf96, 0xe69d91, 0xe982a8, 0xe58fa2, 0xe5a19a, 0xe5afb5,
    0xe682a4, 0xe68681, 0xe691a0, 0xe7b8bd, 0xe881b0, 0xe894a5, 0xe98a83, 0xe692ae, 0xe582ac,
    0xe5b494, 0xe69c80, 0xe5a29c, 0xe68abd, 0xe68ea8, 0xe6a48e, 0xe6a5b8, 0xe6a89e, 0xe6b9ab,
    0xe79aba, 0xe7a78b, 0xe88abb, 0xe890a9, 0xe8ab8f, 0xe8b6a8, 0xe8bfbd, 0xe98492, 0xe9858b,
    0xe9869c, 0xe98c90, 0xe98c98, 0xe98e9a, 0xe99b9b, 0xe9a8b6, 0xe9b08d, 0xe4b891, 0xe7959c,
    0xe7a59d, 0xe7abba, 0xe7ad91, 0xe7af89, 0xe7b8ae, 0xe89384, 0xe8b999, 0xe8b9b4, 0xe8bbb8,
    0xe98090, 0xe698a5, 0xe6a4bf, 0xe79183, 0xe587ba, 0xe69cae, 0xe9bb9c, 0xe58585, 0xe5bfa0,
    0xe6b296, 0xe89fb2, 0xe8a19d, 0xe8a1b7, 0xe682b4, 0xe886b5, 0xe89083, 0xe8b485, 0xe58f96,
    0xe590b9, 0xe598b4, 0xe5a8b6, 0xe5b0b1, 0xe7828a, 0xe7bfa0, 0xe8819a, 0xe88486, 0xe887ad,
    0xe8b6a3, 0xe98689, 0xe9a99f, 0xe9b7b2, 0xe581b4, 0xe4bb84, 0xe58ea0, 0xe683bb, 0xe6b8ac,
    0xe5b1a4, 0xe4be88, 0xe580a4, 0xe597a4, 0xe5b399, 0xe5b99f, 0xe681a5, 0xe6a294, 0xe6b2bb,
    0xe6b784, 0xe786be, 0xe79794, 0xe797b4, 0xe799a1, 0xe7a89a, 0xe7a989, 0xe7b787, 0xe7b7bb,
    0xe7bdae, 0xe887b4, 0xe89aa9, 0xe8bc9c, 0xe99b89, 0xe9a6b3, 0xe9bd92, 0xe58987, 0xe58b85,
    0xe9a3ad, 0xe8a6aa, 0xe4b883, 0xe69f92, 0xe6bc86, 0xe4beb5, 0xe5afa2, 0xe69e95, 0xe6b288,
    0xe6b5b8, 0xe7909b, 0xe7a0a7, 0xe9879d, 0xe98dbc, 0xe89f84, 0xe7a7a4, 0xe7a8b1, 0xe5bfab,
    0xe4bb96, 0xe592a4, 0xe594be, 0xe5a2ae, 0xe5a6a5, 0xe683b0, 0xe68993, 0xe68b96, 0xe69cb6,
    0xe6a595, 0xe888b5, 0xe99980, 0xe9a6b1, 0xe9a79d, 0xe580ac, 0xe58d93, 0xe59584, 0xe59dbc,
    0xefa881, 0xe68998, 0xefa882, 0xe693a2, 0xe699ab, 0xe69f9d, 0xe6bf81, 0xe6bfaf, 0xe790a2,
    0xe790b8, 0xe8a897, 0xe990b8, 0xe59191, 0xe59886, 0xe59da6, 0xe5bd88, 0xe6869a, 0xe6ad8e,
    0xe78198, 0xe782ad, 0xe7b6bb, 0xe8aa95, 0xe5a5aa, 0xe884ab, 0xe68ea2, 0xe79c88, 0xe880bd,
    0xe8b2aa, 0xe5a194, 0xe690ad, 0xe6a6bb, 0xe5ae95, 0xe5b891, 0xe6b9af, 0xefa883, 0xe895a9,
    0xe5858c, 0xe58fb0, 0xe5a4aa, 0xe680a0, 0xe6858b, 0xe6ae86, 0xe6b1b0, 0xe6b3b0, 0xe7ac9e,
    0xe8838e, 0xe88b94, 0xe8b786, 0xe982b0, 0xe9a2b1, 0xefa884, 0xe69387, 0xe6bea4, 0xe69291,
    0xe69484, 0xe5858e, 0xe59090, 0xe59c9f, 0xe8a88e, 0xe6859f, 0xe6a1b6, 0xefa885, 0xe7979b,
    0xe7ad92, 0xe7b5b1, 0xe9809a, 0xe5a086, 0xe6a78c, 0xe885bf, 0xe8a4aa, 0xe98080, 0xe9a0b9,
    0xe581b8, 0xe5a597, 0xe5a6ac, 0xe68a95, 0xe9808f, 0xe9acaa, 0xe6859d, 0xe789b9, 0xe99796,
    0xe59da1, 0xe5a986, 0xe5b7b4, 0xe68a8a, 0xe692ad, 0xe693ba, 0xe69db7, 0xe6b3a2, 0xe6b4be,
    0xe788ac, 0xe790b6, 0xe7a0b4, 0xe7bdb7, 0xe88aad, 0xe8b79b, 0xe9a097, 0xe588a4, 0xe59d82,
    0xe69dbf, 0xe78988, 0xe793a3, 0xe8b2a9, 0xe8bea6, 0xe98891, 0xe998aa, 0xe585ab, 0xe58fad,
    0xe68d8c, 0xe4bda9, 0xe59484, 0xe68296, 0xe69597, 0xe6b29b, 0xe6b5bf, 0xe7898c, 0xe78bbd,
    0xe7a897, 0xe8a687, 0xe8b29d, 0xe5bdad, 0xe6be8e, 0xe783b9, 0xe886a8, 0xe6848e, 0xe4bebf,
    0xe5818f, 0xe68981, 0xe78987, 0xe7af87, 0xe7b7a8, 0xe7bfa9, 0xe9818d, 0xe99ead, 0xe9a899,
    0xe8b2b6, 0xe59daa, 0xe5b9b3, 0xe69eb0, 0xe8908d, 0xe8a995, 0xe590a0, 0xe5ac96, 0xe5b9a3,
    0xe5bba2, 0xe5bc8a, 0xe69683, 0xe882ba, 0xe894bd, 0xe99689, 0xe9999b, 0xe4bd88, 0xe58c85,
    0xe58c8d, 0xe58c8f, 0xe59286, 0xe593ba, 0xe59c83, 0xe5b883, 0xe68096, 0xe68a9b, 0xe68ab1,
    0xe68d95, 0xefa886, 0xe6b3a1, 0xe6b5a6, 0xe796b1, 0xe7a0b2, 0xe8839e, 0xe884af, 0xe88b9e,
    0xe891a1, 0xe892b2, 0xe8a28d, 0xe8a492, 0xe9808b, 0xe98baa, 0xe9a3bd, 0xe9ae91, 0xe5b985,
    0xe69ab4, 0xe69b9d, 0xe78091, 0xe78886, 0xefa887, 0xe4bfb5, 0xe589bd, 0xe5bdaa, 0xe68593,
    0xe69d93, 0xe6a899, 0xe6bc82, 0xe793a2, 0xe7a5a8, 0xe8a1a8, 0xe8b1b9, 0xe9a387, 0xe9a384,
    0xe9a983, 0xe59381, 0xe7a89f, 0xe6a593, 0xe8abb7, 0xe8b18a, 0xe9a2a8, 0xe9a6ae, 0xe5bdbc,
    0xe68aab, 0xe796b2, 0xe79aae, 0xe8a2ab, 0xe981bf, 0xe99982, 0xe58cb9, 0xe5bcbc, 0xe5bf85,
    0xe6b38c, 0xe78f8c, 0xe795a2, 0xe7968b, 0xe7ad86, 0xe88bbe, 0xe9a69d, 0xe4b98f, 0xe980bc,
    0xe4b88b, 0xe4bd95, 0xe58ea6, 0xe5a48f, 0xe5bb88, 0xe698b0, 0xe6b2b3, 0xe79195, 0xe88db7,
    0xe89da6, 0xe8b380, 0xe98190, 0xe99c9e, 0xe9b095, 0xe5a391, 0xe5adb8, 0xe89990, 0xe8ac94,
    0xe9b6b4, 0xe5af92, 0xe681a8, 0xe6828d, 0xe697b1, 0xe6b197, 0xe6bca2, 0xe6bea3, 0xe7809a,
    0xe7bd95, 0xe7bfb0, 0xe99691, 0xe99692, 0xe99990, 0xe99f93, 0xe589b2, 0xe8bd84, 0xe587bd,
    0xe590ab, 0xe592b8, 0xe595a3, 0xe5968a, 0xe6aabb, 0xe6b6b5, 0xe7b798, 0xe889a6, 0xe98a9c,
    0xe999b7, 0xe9b9b9, 0xe59088, 0xe59388, 0xe79b92, 0xe89ba4, 0xe996a4, 0xe99794, 0xe9999c,
    0xe4baa2, 0xe4bc89, 0xe5a7ae, 0xe5aba6, 0xe5b7b7, 0xe68192, 0xe68a97, 0xe69dad, 0xe6a181,
    0xe6b286, 0xe6b8af, 0xe7bcb8, 0xe8829b, 0xe888aa, 0xefa888, 0xefa889, 0xe9a085, 0xe4baa5,
    0xe58195, 0xe592b3, 0xe59e93, 0xe5a59a, 0xe5ada9, 0xe5aeb3, 0xe68788, 0xe6a5b7, 0xe6b5b7,
    0xe780a3, 0xe89fb9, 0xe8a7a3, 0xe8a9b2, 0xe8aba7, 0xe98282, 0xe9a7ad, 0xe9aab8, 0xe58abe,
    0xe6a0b8, 0xe58096, 0xe5b9b8, 0xe69d8f, 0xe88d87, 0xe8a18c, 0xe4baab, 0xe59091, 0xe59aae,
    0xe78fa6, 0xe98495, 0xe99fbf, 0xe9a489, 0xe9a597, 0xe9a699, 0xe59993, 0xe5a29f, 0xe8999b,
    0xe8a8b1, 0xe686b2, 0xe6abb6, 0xe78dbb, 0xe8bb92, 0xe6ad87, 0xe99aaa, 0xe9a997, 0xe5a595,
    0xe78880, 0xe8b5ab, 0xe99da9, 0xe4bf94, 0xe5b3b4, 0xe5bca6, 0xe687b8, 0xe6999b, 0xe6b3ab,
    0xe782ab, 0xe78e84, 0xe78eb9, 0xe78fbe, 0xe79ca9, 0xe79d8d, 0xe7b583, 0xe7b5a2, 0xe7b8a3,
    0xe888b7, 0xe8a192, 0xefa88a, 0xe8b3a2, 0xe98989, 0xe9a1af, 0xe5ad91, 0xe7a9b4, 0xe8a180,
    0xe9a081, 0xe5ab8c, 0xe4bfa0, 0xe58d94, 0xe5a4be, 0xe5b3bd, 0xe68cbe, 0xe6b5b9, 0xe78bb9,
    0xe88485, 0xe88487, 0xe88ea2, 0xe98b8f, 0xe9a0b0, 0xe4baa8, 0xe58584, 0xe58891, 0xe59e8b,
    0xe5bda2, 0xe6b382, 0xe6bb8e, 0xe78085, 0xe78190, 0xe782af, 0xe78692, 0xe78fa9, 0xe791a9,
    0xe88d8a, 0xe89ea2, 0xe8a1a1, 0xe98088, 0xe982a2, 0xe98ea3, 0xe9a6a8, 0xe585ae, 0xe5bd97,
    0xe683a0, 0xe685a7, 0xe69ab3, 0xe89599, 0xe8b98a, 0xe986af, 0xe99e8b, 0xe4b98e, 0xe4ba92,
    0xe591bc, 0xe5a395, 0xe5a3ba, 0xe5a5bd, 0xe5b2b5, 0xe5bca7, 0xe688b6, 0xe68988, 0xe6988a,
    0xe699a7, 0xe6afab, 0xe6b5a9, 0xe6b78f, 0xe6b996, 0xe6bbb8, 0xe6be94, 0xe6bfa0, 0xe6bfa9,
    0xe7819d, 0xe78b90, 0xe790a5, 0xe7919a, 0xe793a0, 0xe79a93, 0xe7a59c, 0xe7b38a, 0xe7b89e,
    0xe883a1, 0xe88aa6, 0xe891ab, 0xe892bf, 0xe8998e, 0xe8999f, 0xe89db4, 0xe8adb7, 0xe8b1aa,
    0xe98eac, 0xe9a080, 0xe9a1a5, 0xe68391, 0xe68896, 0xe985b7, 0xe5a99a, 0xe6988f, 0xe6b7b7,
    0xe6b8be, 0xe790bf, 0xe9ad82, 0xe5bfbd, 0xe6839a, 0xe7ac8f, 0xe59384, 0xe5bc98, 0xe6b19e,
    0xe6b393, 0xe6b4aa, 0xe78398, 0xe7b485, 0xe899b9, 0xe8a88c, 0xe9b4bb, 0xe58c96, 0xe5928c,
    0xe5ac85, 0xe6a8ba, 0xe781ab, 0xe795b5, 0xe7a68d, 0xe7a6be, 0xe88ab1, 0xe88faf, 0xe8a9b1,
    0xe8ad81, 0xe8b2a8, 0xe99db4, 0xefa88b, 0xe693b4, 0xe694ab, 0xe7a2ba, 0xe7a2bb, 0xe7a9ab,
    0xe4b8b8, 0xe5969a, 0xe5a590, 0xe5aea6, 0xe5b9bb, 0xe682a3, 0xe68f9b, 0xe6ada1, 0xe699a5,
    0xe6a193, 0xe6b899, 0xe785a5, 0xe792b0, 0xe7b488, 0xe98284, 0xe9a9a9, 0xe9b0a5, 0xe6b4bb,
    0xe6bb91, 0xe78cbe, 0xe8b181, 0xe9978a, 0xe587b0, 0xe5b98c, 0xe5bea8, 0xe6818d, 0xe683b6,
    0xe684b0, 0xe6858c, 0xe69983, 0xe69984, 0xe6a6a5, 0xe6b381, 0xe6b99f, 0xe6bb89, 0xe6bda2,
    0xe7858c, 0xe7929c, 0xe79a87, 0xe7af81, 0xe7b0a7, 0xe88d92, 0xe89d97, 0xe98191, 0xe99a8d,
    0xe9bb83, 0xe58caf, 0xe59b9e, 0xe5bbbb, 0xe5be8a, 0xe681a2, 0xe68294, 0xe687b7, 0xe699a6,
    0xe69c83, 0xe6aa9c, 0xe6b7ae, 0xe6beae, 0xe781b0, 0xe78daa, 0xe7b9aa, 0xe886be, 0xe88cb4,
    0xe89b94, 0xe8aaa8, 0xe8b384, 0xe58a83, 0xe78db2, 0xe5ae96, 0xe6a9ab, 0xe99084, 0xe593ae,
    0xe59a86, 0xe5ad9d, 0xe69588, 0xe69685, 0xe69b89, 0xe6a29f, 0xe6b68d, 0xe6b786, 0xe788bb,
    0xe882b4, 0xe985b5, 0xe9a98d, 0xe4beaf, 0xe58099, 0xe58e9a, 0xe5908e, 0xe590bc, 0xe59689,
    0xe59785, 0xe5b8bf, 0xe5be8c, 0xe69cbd, 0xe785a6, 0xe78f9d, 0xe98085, 0xe58b9b, 0xe58bb3,
    0xe5a1a4, 0xe5a38e, 0xe78484, 0xe7868f, 0xe787bb, 0xe896b0, 0xe8a893, 0xe69a88, 0xe896a8,
    0xe596a7, 0xe69a84, 0xe7858a, 0xe890b1, 0xe58d89, 0xe59699, 0xe6af81, 0xe5bd99, 0xe5bebd,
    0xe68fae, 0xe69a89, 0xe78587, 0xe8abb1, 0xe8bc9d, 0xe9babe, 0xe4bc91, 0xe690ba, 0xe7838b,
    0xe795a6, 0xe899a7, 0xe681a4, 0xe8ad8e, 0xe9b7b8, 0xe58587, 0xe587b6, 0xe58c88, 0xe6b4b6,
    0xe883b8, 0xe9bb91, 0xe69895, 0xe6aca3, 0xe78298, 0xe79795, 0xe59083, 0xe5b1b9, 0xe7b487,
    0xe8a896, 0xe6aca0, 0xe6acbd, 0xe6ad86, 0xe590b8, 0xe681b0, 0xe6b4bd, 0xe7bf95, 0xe88888,
    0xe58396, 0xe5879e, 0xe5969c, 0xe599ab, 0xe59b8d, 0xe5a7ac, 0xe5ac89, 0xe5b88c, 0xe68699,
    0xe68698, 0xe688b1, 0xe6999e, 0xe69ba6, 0xe78699, 0xe786b9, 0xe786ba, 0xe78aa7, 0xe7a6a7,
    0xe7a880, 0xe7beb2, 0xe8a9b0,
];
pub static EUC_KR_TO_UNICODE_TREE: PgMbRadixTree = PgMbRadixTree {
    chars16: &[],
    chars32: &EUC_KR_TO_UNICODE_TREE_TABLE,
    b1root: 0x0,
    b1_lower: 0x0,
    b1_upper: 0x0,
    b2root: 0x5e,
    b2_1_lower: 0xa1,
    b2_1_upper: 0xfd,
    b2_2_lower: 0xa1,
    b2_2_upper: 0xfe,
    b3root: 0x0,
    b3_1_lower: 0x0,
    b3_1_upper: 0x0,
    b3_2_lower: 0x0,
    b3_2_upper: 0x0,
    b3_3_lower: 0x0,
    b3_3_upper: 0x0,
    b4root: 0x0,
    b4_1_lower: 0x0,
    b4_1_upper: 0x0,
    b4_2_lower: 0x0,
    b4_2_upper: 0x0,
    b4_3_lower: 0x0,
    b4_3_upper: 0x0,
    b4_4_lower: 0x0,
    b4_4_upper: 0x0,
};
static EUC_KR_FROM_UNICODE_TREE_TABLE: [u16; 33954] = [
    0x000000, 0x000000, 0x000000, 0x000000, 0x000000, 0x000000, 0x000000, 0x000000, 0x000000,
    0x000000, 0x000000, 0x000000, 0x000000, 0x000000, 0x000000, 0x000000, 0x000000, 0x000000,
    0x000000, 0x000000, 0x000000, 0x000000, 0x000000, 0x000000, 0x000000, 0x000000, 0x000000,
    0x000000, 0x000000, 0x000000, 0x000000, 0x000000, 0x000000, 0x000000, 0x000000, 0x000000,
    0x000000, 0x000000, 0x000000, 0x000000, 0x000000, 0x000000, 0x000000, 0x000000, 0x000000,
    0x000000, 0x000000, 0x000000, 0x000000, 0x000000, 0x000000, 0x000000, 0x000000, 0x000000,
    0x000000, 0x000000, 0x000000, 0x000000, 0x000000, 0x000000, 0x000000, 0x000000, 0x000000,
    0x000000, 0x000050, 0x000090, 0x0000cf, 0x00010f, 0x000000, 0x000000, 0x000000, 0x000000,
    0x000000, 0x000148, 0x000000, 0x000000, 0x000177, 0x0001b7, 0x0001f6, 0x000236, 0x000000,
    0x000000, 0x000000, 0x000000, 0x000000, 0x000000, 0x000000, 0x000000, 0x000000, 0x000000,
    0x000000, 0x000000, 0x000000, 0x000000, 0x000000, 0x000000, 0x000000, 0x000000, 0x000000,
    0x000000, 0x000000, 0x000000, 0x000000, 0x000000, 0x000000, 0x000000, 0x000000, 0x000000,
    0x000000, 0x000000, 0x000000, 0x000000, 0x000000, 0x00a2ae, 0x000000, 0x000000, 0x00a2b4,
    0x000000, 0x000000, 0x00a1d7, 0x00a1a7, 0x000000, 0x00a8a3, 0x000000, 0x000000, 0x00a1a9,
    0x00a2e7, 0x000000, 0x00a1c6, 0x00a1be, 0x00a9f7, 0x00a9f8, 0x00a2a5, 0x000000, 0x00a2d2,
    0x00a1a4, 0x00a2ac, 0x00a9f6, 0x00a8ac, 0x000000, 0x00a8f9, 0x00a8f6, 0x00a8fa, 0x00a2af,
    0x000000, 0x000000, 0x000000, 0x000000, 0x000000, 0x000000, 0x00a8a1, 0x000000, 0x000000,
    0x000000, 0x000000, 0x000000, 0x000000, 0x000000, 0x000000, 0x000000, 0x00a8a2, 0x000000,
    0x000000, 0x000000, 0x000000, 0x000000, 0x000000, 0x00a1bf, 0x00a8aa, 0x000000, 0x000000,
    0x000000, 0x000000, 0x000000, 0x00a8ad, 0x00a9ac, 0x000000, 0x000000, 0x000000, 0x000000,
    0x000000, 0x000000, 0x00a9a1, 0x000000, 0x000000, 0x000000, 0x000000, 0x000000, 0x000000,
    0x000000, 0x000000, 0x000000, 0x00a9a3, 0x000000, 0x000000, 0x000000, 0x000000, 0x000000,
    0x000000, 0x00a1c0, 0x00a9aa, 0x000000, 0x000000, 0x000000, 0x000000, 0x000000, 0x00a9ad,
    0x000000, 0x000000, 0x000000, 0x000000, 0x000000, 0x000000, 0x000000, 0x000000, 0x000000,
    0x000000, 0x000000, 0x000000, 0x000000, 0x000000, 0x000000, 0x000000, 0x000000, 0x00a9a2,
    0x000000, 0x000000, 0x000000, 0x000000, 0x000000, 0x000000, 0x000000, 0x000000, 0x000000,
    0x000000, 0x000000, 0x000000, 0x000000, 0x000000, 0x000000, 0x000000, 0x000000, 0x000000,
    0x000000, 0x000000, 0x00a8a4, 0x00a9a4, 0x000000, 0x000000, 0x000000, 0x000000, 0x000000,
    0x000000, 0x000000, 0x000000, 0x000000, 0x00a9a5, 0x00a8a6, 0x00a9a6, 0x000000, 0x000000,
    0x000000, 0x000000, 0x00a9a7, 0x000000, 0x000000, 0x000000, 0x000000, 0x000000, 0x000000,
    0x00a8a8, 0x00a9a8, 0x00a8a9, 0x00a9a9, 0x000000, 0x000000, 0x000000, 0x000000, 0x000000,
    0x000000, 0x00a9b0, 0x00a8af, 0x00a9af, 0x000000, 0x000000, 0x000000, 0x000000, 0x000000,
    0x000000, 0x00a8ab, 0x00a9ab, 0x000000, 0x000000, 0x000000, 0x000000, 0x000000, 0x000000,
    0x000000, 0x000000, 0x000000, 0x000000, 0x000000, 0x000000, 0x000000, 0x000000, 0x000000,
    0x000000, 0x000000, 0x000000, 0x00a8ae, 0x00a9ae, 0x000000, 0x000000, 0x000000, 0x000000,
    0x000000, 0x000000, 0x000000, 0x000000, 0x000000, 0x000000, 0x000000, 0x000000, 0x000000,
    0x000000, 0x000000, 0x000000, 0x000000, 0x000000, 0x000000, 0x000000, 0x000000, 0x000000,
    0x000000, 0x000000, 0x00a2a7, 0x000000, 0x000000, 0x000000, 0x000000, 0x000000, 0x000000,
    0x000000, 0x000000, 0x00a2b0, 0x000000, 0x000000, 0x000000, 0x000000, 0x000000, 0x000000,
    0x000000, 0x00a2a8, 0x00a2ab, 0x00a2aa, 0x00a2ad, 0x000000, 0x00a2a9, 0x000000, 0x000000,
    0x000000, 0x000000, 0x000000, 0x000000, 0x000000, 0x000000, 0x000000, 0x000000, 0x000000,
    0x000000, 0x000000, 0x000000, 0x000000, 0x000000, 0x000000, 0x000000, 0x000000, 0x000000,
    0x000000, 0x000000, 0x000000, 0x000000, 0x000000, 0x000000, 0x000000, 0x000000, 0x000000,
    0x000000, 0x000000, 0x000000, 0x000000, 0x000000, 0x00a5c1, 0x00a5c2, 0x00a5c3, 0x00a5c4,
    0x00a5c5, 0x00a5c6, 0x00a5c7, 0x00a5c8, 0x00a5c9, 0x00a5ca, 0x00a5cb, 0x00a5cc, 0x00a5cd,
    0x00a5ce, 0x00a5cf, 0x00a5d0, 0x00a5d1, 0x000000, 0x00a5d2, 0x00a5d3, 0x00a5d4, 0x00a5d5,
    0x00a5d6, 0x00a5d7, 0x00a5d8, 0x000000, 0x000000, 0x000000, 0x000000, 0x000000, 0x000000,
    0x000000, 0x00a5e1, 0x00a5e2, 0x00a5e3, 0x00a5e4, 0x00a5e5, 0x00a5e6, 0x00a5e7, 0x00a5e8,
    0x00a5e9, 0x00a5ea, 0x00a5eb, 0x00a5ec, 0x00a5ed, 0x00a5ee, 0x00a5ef, 0x00a5f0, 0x00a5f1,
    0x000000, 0x00a5f2, 0x00a5f3, 0x00a5f4, 0x00a5f5, 0x00a5f6, 0x00a5f7, 0x00a5f8, 0x000000,
    0x000000, 0x000000, 0x000000, 0x000000, 0x000000, 0x000000, 0x000000, 0x000000, 0x000000,
    0x000000, 0x000000, 0x000000, 0x000000, 0x000000, 0x000000, 0x000000, 0x000000, 0x000000,
    0x000000, 0x000000, 0x000000, 0x000000, 0x000000, 0x000000, 0x000000, 0x000000, 0x000000,
    0x000000, 0x000000, 0x000000, 0x000000, 0x000000, 0x000000, 0x000000, 0x000000, 0x000000,
    0x000000, 0x000000, 0x000000, 0x000000, 0x000000, 0x000000, 0x000000, 0x000000, 0x000000,
    0x000000, 0x000000, 0x000000, 0x000000, 0x000000, 0x000000, 0x000000, 0x000000, 0x00aca7,
    0x000000, 0x000000, 0x000000, 0x000000, 0x000000, 0x000000, 0x000000, 0x000000, 0x000000,
    0x000000, 0x000000, 0x000000, 0x000000, 0x000000, 0x00aca1, 0x00aca2, 0x00aca3, 0x00aca4,
    0x00aca5, 0x00aca6, 0x00aca8, 0x00aca9, 0x00acaa, 0x00acab, 0x00acac, 0x00acad, 0x00acae,
    0x00acaf, 0x00acb0, 0x00acb1, 0x00acb2, 0x00acb3, 0x00acb4, 0x00acb5, 0x00acb6, 0x00acb7,
    0x00acb8, 0x00acb9, 0x00acba, 0x00acbb, 0x00acbc, 0x00acbd, 0x00acbe, 0x00acbf, 0x00acc0,
    0x00acc1, 0x00acd1, 0x00acd2, 0x00acd3, 0x00acd4, 0x00acd5, 0x00acd6, 0x00acd8, 0x00acd9,
    0x00acda, 0x00acdb, 0x00acdc, 0x00acdd, 0x00acde, 0x00acdf, 0x00ace0, 0x00ace1, 0x00ace2,
    0x00ace3, 0x00ace4, 0x00ace5, 0x00ace6, 0x00ace7, 0x00ace8, 0x00ace9, 0x00acea, 0x00aceb,
    0x00acec, 0x00aced, 0x00acee, 0x00acef, 0x00acf0, 0x00acf1, 0x000000, 0x00acd7, 0x000000,
    0x000000, 0x000000, 0x000000, 0x000000, 0x000000, 0x000000, 0x000000, 0x000000, 0x000000,
    0x000000, 0x000000, 0x000000, 0x000000, 0x000000, 0x000000, 0x000000, 0x000000, 0x000000,
    0x000000, 0x000000, 0x000000, 0x000000, 0x000000, 0x000000, 0x000000, 0x000000, 0x000000,
    0x000000, 0x000000, 0x000000, 0x000000, 0x000000, 0x000000, 0x000000, 0x000000, 0x000000,
    0x000000, 0x000000, 0x000000, 0x000000, 0x000000, 0x000000, 0x000000, 0x000000, 0x000000,
    0x000284, 0x0002c4, 0x0002d4, 0x000314, 0x000354, 0x000394, 0x0003d4, 0x000414, 0x000453,
    0x000493, 0x0004d3, 0x000513, 0x000000, 0x000532, 0x000572, 0x0005ae, 0x0005ee, 0x000000,
    0x00062b, 0x000658, 0x000692, 0x0006c0, 0x000700, 0x00073e, 0x00077c, 0x000000, 0x0007aa,
    0x000000, 0x000000, 0x000000, 0x000000, 0x0007ca, 0x00080a, 0x000840, 0x000880, 0x0008c0,
    0x0008ee, 0x00092e, 0x000969, 0x0009a9, 0x000000, 0x000000, 0x000000, 0x000000, 0x000000,
    0x000000, 0x000000, 0x000000, 0x000000, 0x000000, 0x000000, 0x000000, 0x000000, 0x000000,
    0x000000, 0x000000, 0x000000, 0x000000, 0x000000, 0x000000, 0x000000, 0x000000, 0x000000,
    0x000000, 0x000000, 0x000000, 0x000000, 0x000000, 0x000000, 0x000000, 0x000000, 0x000000,
    0x000000, 0x000000, 0x000000, 0x000000, 0x000000, 0x000000, 0x0009e9, 0x000a28, 0x000a68,
    0x000aa8, 0x000adf, 0x000b1f, 0x000b5f, 0x000000, 0x000b9f, 0x000bbf, 0x000000, 0x000000,
    0x000000, 0x000000, 0x000bff, 0x000c3f, 0x000000, 0x000000, 0x000000, 0x000000, 0x000000,
    0x000000, 0x000000, 0x000000, 0x000000, 0x000000, 0x000000, 0x000000, 0x000000, 0x000000,
    0x000000, 0x000000, 0x000000, 0x000000, 0x000000, 0x000000, 0x000000, 0x000000, 0x000000,
    0x000000, 0x000000, 0x000000, 0x000000, 0x000000, 0x000000, 0x000000, 0x000000, 0x000000,
    0x000000, 0x000000, 0x000000, 0x000000, 0x000000, 0x000000, 0x000000, 0x000000, 0x000000,
    0x000000, 0x000000, 0x000000, 0x000000, 0x000000, 0x000000, 0x000000, 0x000000, 0x000000,
    0x000000, 0x000000, 0x000000, 0x000000, 0x000000, 0x000000, 0x000c7f, 0x000cbd, 0x000cfc,
    0x000d3c, 0x000d7b, 0x000db9, 0x000df9, 0x000e39, 0x000e77, 0x000eb4, 0x000ef4, 0x000f33,
    0x000f73, 0x000fb3, 0x000ff3, 0x001031, 0x001071, 0x0010ae, 0x0010ee, 0x00112d, 0x00116d,
    0x0011ad, 0x0011ed, 0x00122a, 0x001267, 0x0012a6, 0x0012e6, 0x001326, 0x001362, 0x0013a1,
    0x0013e1, 0x00141c, 0x00145b, 0x001492, 0x0014cc, 0x001509, 0x001546, 0x001586, 0x0015c4,
    0x001601, 0x001641, 0x00167c, 0x0016bb, 0x0016fa, 0x001738, 0x001777, 0x0017b5, 0x0017f4,
    0x001834, 0x001873, 0x0018a1, 0x0018e0, 0x00191b, 0x00195b, 0x001998, 0x0019d8, 0x001a17,
    0x001a57, 0x001a91, 0x001ad1, 0x001b0f, 0x001b44, 0x001b7d, 0x001bbb, 0x001bfa, 0x001c3a,
    0x001c79, 0x001cb8, 0x001cf7, 0x001d34, 0x001d74, 0x001db2, 0x001df2, 0x001e31, 0x001e6c,
    0x001eaa, 0x001ee9, 0x001f29, 0x001f68, 0x001fa7, 0x001fe7, 0x002027, 0x002067, 0x0020a5,
    0x0020e5, 0x002124, 0x002164, 0x0021a4, 0x0021dc, 0x00221b, 0x002256, 0x002295, 0x0022d5,
    0x002315, 0x002354, 0x002393, 0x0023d3, 0x002412, 0x00244e, 0x00248d, 0x0024cd, 0x00250b,
    0x00254b, 0x00258a, 0x0025c9, 0x002609, 0x002649, 0x002685, 0x0026c5, 0x002705, 0x00273f,
    0x00277e, 0x0027be, 0x0027fc, 0x00283c, 0x00287a, 0x0028b6, 0x0028f5, 0x002935, 0x002975,
    0x0029ad, 0x0029ed, 0x002a2c, 0x002a6c, 0x002aa1, 0x002ae0, 0x002b20, 0x002b60, 0x002b9c,
    0x002bdb, 0x002c16, 0x002c54, 0x002c94, 0x002cd4, 0x002d13, 0x002d53, 0x002d92, 0x002dd1,
    0x002e0f, 0x002e49, 0x002e87, 0x002ec0, 0x002efe, 0x002f3d, 0x002f7d, 0x002fbd, 0x002ffd,
    0x00303d, 0x00307b, 0x0030bb, 0x0030f7, 0x003137, 0x003176, 0x0031b6, 0x0031f5, 0x003235,
    0x003274, 0x0032af, 0x0032ef, 0x00332e, 0x00336e, 0x0033ac, 0x0033eb, 0x00342b, 0x00346a,
    0x0034aa, 0x0034ea, 0x00352a, 0x003568, 0x0035a3, 0x0035e2, 0x003621, 0x003660, 0x0036a0,
    0x0036e0, 0x003720, 0x003760, 0x0037a0, 0x0037e0, 0x00381c, 0x00385c, 0x003896, 0x0038d4,
    0x003914, 0x00394d, 0x00398d, 0x0039ca, 0x003a09, 0x003a49, 0x003a87, 0x003ac7, 0x003b07,
    0x003b43, 0x003b82, 0x003bc0, 0x000000, 0x003bdd, 0x003c18, 0x003c53, 0x003c92, 0x003cd2,
    0x003d12, 0x003d52, 0x003d8f, 0x003dcd, 0x003e0c, 0x003e4c, 0x003e8c, 0x003ecb, 0x003f0b,
    0x003f4a, 0x003f8a, 0x003fc9, 0x004009, 0x004045, 0x004084, 0x0040c2, 0x004100, 0x00413b,
    0x00417b, 0x0041b8, 0x0041f8, 0x004234, 0x004273, 0x0042b3, 0x0042f3, 0x00432d, 0x004366,
    0x0043a6, 0x0043d8, 0x004416, 0x004452, 0x004491, 0x0044d1, 0x004511, 0x004550, 0x00458e,
    0x0045cd, 0x00460d, 0x00464d, 0x00468d, 0x0046c9, 0x004704, 0x004744, 0x004784, 0x0047c3,
    0x004803, 0x000000, 0x00481e, 0x00485e, 0x00489c, 0x0048dc, 0x00491a, 0x004936, 0x004971,
    0x0049b0, 0x0049e6, 0x004a24, 0x004a63, 0x004aa3, 0x004ae2, 0x004b22, 0x004b47, 0x004b85,
    0x004bc5, 0x004c04, 0x004c44, 0x004c83, 0x004cc1, 0x004cf8, 0x004d31, 0x004d71, 0x004da7,
    0x004de7, 0x004e27, 0x004e61, 0x004e9e, 0x004ed6, 0x004f15, 0x004f52, 0x004f8e, 0x004fca,
    0x000000, 0x000000, 0x000000, 0x00500a, 0x00504a, 0x005087, 0x0050ab, 0x0050eb, 0x005129,
    0x005169, 0x0051a9, 0x0051e7, 0x005222, 0x00525c, 0x00529c, 0x0052d8, 0x005308, 0x005344,
    0x005383, 0x0053be, 0x0053e8, 0x005427, 0x005467, 0x0054a7, 0x0054d2, 0x00550b, 0x00553a,
    0x005579, 0x0055ab, 0x0055e2, 0x005615, 0x005651, 0x000000, 0x00566c, 0x0056a3, 0x0056df,
    0x005712, 0x00574e, 0x005789, 0x0057a8, 0x0057e8, 0x005827, 0x005860, 0x00589c, 0x0058d4,
    0x000000, 0x000000, 0x000000, 0x000000, 0x000000, 0x000000, 0x000000, 0x000000, 0x000000,
    0x000000, 0x000000, 0x000000, 0x000000, 0x000000, 0x000000, 0x000000, 0x000000, 0x000000,
    0x000000, 0x000000, 0x000000, 0x000000, 0x000000, 0x000000, 0x000000, 0x000000, 0x000000,
    0x000000, 0x000000, 0x000000, 0x000000, 0x000000, 0x000000, 0x000000, 0x000000, 0x000000,
    0x000000, 0x000000, 0x000000, 0x000000, 0x000000, 0x000000, 0x000000, 0x000000, 0x000000,
    0x000000, 0x000000, 0x000000, 0x005914, 0x005954, 0x005994, 0x0059d3, 0x005a13, 0x005a50,
    0x005a90, 0x005ad0, 0x005b10, 0x005b50, 0x005b8e, 0x005bce, 0x005c0b, 0x005c4b, 0x005c8b,
    0x005ccb, 0x005d0b, 0x005d47, 0x005d87, 0x005dc4, 0x005dfc, 0x005e3c, 0x005e7c, 0x005eb0,
    0x005eee, 0x005f2b, 0x005f68, 0x005fa0, 0x005fe0, 0x00600c, 0x00604c, 0x006088, 0x0060c5,
    0x0060fa, 0x00613a, 0x00617a, 0x0061b3, 0x0061f3, 0x006215, 0x006255, 0x006285, 0x0062bd,
    0x0062e6, 0x006318, 0x006358, 0x006394, 0x0063d4, 0x00640d, 0x00644d, 0x00648d, 0x0064ca,
    0x00650a, 0x006548, 0x006588, 0x0065c5, 0x006605, 0x006645, 0x006685, 0x0066c2, 0x006700,
    0x006740, 0x00677f, 0x0067b7, 0x0067f7, 0x006837, 0x006877, 0x0068b3, 0x0068f3, 0x006930,
    0x006970, 0x0069b0, 0x0069e9, 0x006a29, 0x006a65, 0x006aa5, 0x006ad5, 0x006b14, 0x006b54,
    0x006b80, 0x006bbb, 0x006bdd, 0x006c1a, 0x006c4a, 0x006c8a, 0x006cca, 0x006d0a, 0x006d45,
    0x006d83, 0x006dc3, 0x006dfb, 0x006e3b, 0x006e75, 0x006eb5, 0x006ef0, 0x006f2e, 0x006f6e,
    0x006fa7, 0x006fe5, 0x007025, 0x007062, 0x0070a2, 0x0070e0, 0x007120, 0x00715f, 0x00719f,
    0x0071df, 0x00721f, 0x00725f, 0x00729d, 0x0072dd, 0x00731c, 0x00735c, 0x00739c, 0x0073dc,
    0x00741c, 0x00745a, 0x00749a, 0x0074cf, 0x00750c, 0x00754c, 0x00758c, 0x0075c0, 0x0075fe,
    0x00763e, 0x007676, 0x0076b5, 0x0076ef, 0x007728, 0x00775c, 0x00779b, 0x0077d1, 0x00780e,
    0x00784d, 0x007887, 0x0078c0, 0x0078fc, 0x00793a, 0x007970, 0x0079ad, 0x0079ec, 0x007a2c,
    0x007a65, 0x007aa5, 0x007ae1, 0x007b21, 0x007b5e, 0x007b9d, 0x007bdd, 0x007c16, 0x007c56,
    0x007c93, 0x007cd3, 0x007d0c, 0x007d4c, 0x007d8c, 0x007dcc, 0x007e0c, 0x007e4a, 0x007e8a,
    0x007ec7, 0x007f07, 0x007f47, 0x007f87, 0x007fbb, 0x007ff9, 0x008039, 0x008076, 0x0080ae,
    0x0080ee, 0x00812e, 0x00816b, 0x0081a7, 0x0081e7, 0x008224, 0x008263, 0x000000, 0x000000,
    0x000000, 0x000000, 0x000000, 0x000000, 0x000000, 0x000000, 0x000000, 0x000000, 0x000000,
    0x000000, 0x000000, 0x000000, 0x000000, 0x000000, 0x000000, 0x000000, 0x000000, 0x000000,
    0x000000, 0x000000, 0x000000, 0x000000, 0x000000, 0x000000, 0x000000, 0x000000, 0x000000,
    0x000000, 0x000000, 0x000000, 0x000000, 0x000000, 0x000000, 0x000000, 0x0082a3, 0x0082e3,
    0x008323, 0x008363, 0x0083a3, 0x000000, 0x000000, 0x000000, 0x000000, 0x000000, 0x000000,
    0x000000, 0x000000, 0x000000, 0x000000, 0x000000, 0x000000, 0x000000, 0x000000, 0x000000,
    0x000000, 0x000000, 0x000000, 0x000000, 0x0083e2, 0x008422, 0x000000, 0x008462, 0x000000,
    0x000000, 0x000000, 0x000000, 0x000000, 0x000000, 0x000000, 0x000000, 0x000000, 0x000000,
    0x000000, 0x000000, 0x000000, 0x000000, 0x000000, 0x000000, 0x000000, 0x000000, 0x000000,
    0x000000, 0x000000, 0x00a1aa, 0x000000, 0x000000, 0x00a1ae, 0x00a1af, 0x000000, 0x000000,
    0x00a1b0, 0x00a1b1, 0x000000, 0x000000, 0x00a2d3, 0x00a2d4, 0x000000, 0x000000, 0x000000,
    0x00a1a5, 0x00a1a6, 0x000000, 0x000000, 0x000000, 0x000000, 0x000000, 0x000000, 0x000000,
    0x000000, 0x000000, 0x00a2b6, 0x000000, 0x00a1c7, 0x00a1c8, 0x000000, 0x000000, 0x000000,
    0x000000, 0x000000, 0x000000, 0x000000, 0x00a1d8, 0x000000, 0x000000, 0x000000, 0x000000,
    0x000000, 0x000000, 0x000000, 0x000000, 0x000000, 0x000000, 0x000000, 0x000000, 0x000000,
    0x000000, 0x000000, 0x000000, 0x000000, 0x000000, 0x000000, 0x000000, 0x000000, 0x000000,
    0x000000, 0x000000, 0x000000, 0x000000, 0x000000, 0x000000, 0x000000, 0x000000, 0x000000,
    0x000000, 0x000000, 0x000000, 0x000000, 0x000000, 0x000000, 0x000000, 0x000000, 0x000000,
    0x000000, 0x000000, 0x000000, 0x000000, 0x000000, 0x000000, 0x000000, 0x000000, 0x000000,
    0x000000, 0x000000, 0x000000, 0x00a9f9, 0x000000, 0x000000, 0x000000, 0x000000, 0x000000,
    0x000000, 0x000000, 0x000000, 0x000000, 0x000000, 0x00a9fa, 0x000000, 0x00a9fb, 0x00a9fc,
    0x00a9fd, 0x00a9fe, 0x000000, 0x000000, 0x000000, 0x000000, 0x000000, 0x000000, 0x000000,
    0x000000, 0x000000, 0x000000, 0x000000, 0x000000, 0x000000, 0x000000, 0x000000, 0x000000,
    0x000000, 0x000000, 0x000000, 0x000000, 0x000000, 0x000000, 0x000000, 0x000000, 0x000000,
    0x000000, 0x000000, 0x000000, 0x000000, 0x000000, 0x000000, 0x000000, 0x000000, 0x000000,
    0x000000, 0x000000, 0x000000, 0x000000, 0x000000, 0x00a2e6, 0x000000, 0x000000, 0x000000,
    0x000000, 0x000000, 0x000000, 0x000000, 0x000000, 0x000000, 0x000000, 0x000000, 0x000000,
    0x000000, 0x000000, 0x000000, 0x000000, 0x000000, 0x000000, 0x000000, 0x00a1c9, 0x000000,
    0x000000, 0x000000, 0x000000, 0x000000, 0x00a2b5, 0x000000, 0x000000, 0x000000, 0x000000,
    0x000000, 0x000000, 0x000000, 0x000000, 0x000000, 0x00a7a4, 0x000000, 0x000000, 0x00a2e0,
    0x000000, 0x000000, 0x000000, 0x000000, 0x000000, 0x000000, 0x000000, 0x000000, 0x000000,
    0x000000, 0x00a2e5, 0x00a2e2, 0x000000, 0x000000, 0x000000, 0x00a7d9, 0x000000, 0x000000,
    0x000000, 0x000000, 0x00a1ca, 0x000000, 0x000000, 0x000000, 0x000000, 0x000000, 0x000000,
    0x000000, 0x000000, 0x000000, 0x000000, 0x000000, 0x000000, 0x000000, 0x000000, 0x000000,
    0x000000, 0x000000, 0x000000, 0x000000, 0x000000, 0x00a8f7, 0x00a8f8, 0x000000, 0x000000,
    0x000000, 0x000000, 0x000000, 0x000000, 0x00a8fb, 0x00a8fc, 0x00a8fd, 0x00a8fe, 0x000000,
    0x00a5b0, 0x00a5b1, 0x00a5b2, 0x00a5b3, 0x00a5b4, 0x00a5b5, 0x00a5b6, 0x00a5b7, 0x00a5b8,
    0x00a5b9, 0x000000, 0x000000, 0x000000, 0x000000, 0x000000, 0x000000, 0x00a5a1, 0x00a5a2,
    0x00a5a3, 0x00a5a4, 0x00a5a5, 0x00a5a6, 0x00a5a7, 0x00a5a8, 0x00a5a9, 0x00a5aa, 0x000000,
    0x000000, 0x000000, 0x000000, 0x000000, 0x000000, 0x000000, 0x000000, 0x000000, 0x000000,
    0x000000, 0x000000, 0x000000, 0x000000, 0x000000, 0x000000, 0x00a1e7, 0x00a1e8, 0x00a1e6,
    0x00a1e9, 0x00a1ea, 0x00a2d5, 0x00a2d8, 0x00a2d6, 0x00a2d9, 0x00a2d7, 0x000000, 0x000000,
    0x000000, 0x000000, 0x000000, 0x000000, 0x000000, 0x000000, 0x000000, 0x000000, 0x000000,
    0x000000, 0x000000, 0x000000, 0x000000, 0x000000, 0x000000, 0x000000, 0x000000, 0x000000,
    0x000000, 0x000000, 0x000000, 0x000000, 0x000000, 0x000000, 0x000000, 0x000000, 0x000000,
    0x000000, 0x000000, 0x000000, 0x000000, 0x000000, 0x000000, 0x000000, 0x000000, 0x000000,
    0x00a2a1, 0x000000, 0x00a2a2, 0x000000, 0x000000, 0x000000, 0x000000, 0x000000, 0x000000,
    0x000000, 0x000000, 0x000000, 0x000000, 0x000000, 0x000000, 0x000000, 0x000000, 0x000000,
    0x000000, 0x000000, 0x000000, 0x000000, 0x000000, 0x000000, 0x000000, 0x000000, 0x000000,
    0x000000, 0x000000, 0x000000, 0x000000, 0x000000, 0x000000, 0x000000, 0x000000, 0x000000,
    0x000000, 0x000000, 0x000000, 0x000000, 0x000000, 0x000000, 0x000000, 0x000000, 0x000000,
    0x000000, 0x00a2a3, 0x000000, 0x00a1d3, 0x00a2a4, 0x000000, 0x000000, 0x000000, 0x00a1d4,
    0x00a1f4, 0x000000, 0x000000, 0x00a1f5, 0x000000, 0x000000, 0x000000, 0x00a2b3, 0x000000,
    0x00a2b2, 0x000000, 0x000000, 0x000000, 0x000000, 0x000000, 0x000000, 0x000000, 0x000000,
    0x00a1ee, 0x000000, 0x000000, 0x00a1f0, 0x00a1c4, 0x000000, 0x00a1d0, 0x000000, 0x000000,
    0x000000, 0x000000, 0x00a1ab, 0x000000, 0x00a1fc, 0x00a1fd, 0x00a1fb, 0x00a1fa, 0x00a1f2,
    0x00a1f3, 0x000000, 0x00a2b1, 0x000000, 0x000000, 0x000000, 0x000000, 0x000000, 0x00a1c5,
    0x00a1f1, 0x000000, 0x000000, 0x000000, 0x000000, 0x000000, 0x000000, 0x00a1ad, 0x00a1ef,
    0x000000, 0x000000, 0x000000, 0x000000, 0x000000, 0x000000, 0x000000, 0x000000, 0x000000,
    0x000000, 0x000000, 0x000000, 0x000000, 0x000000, 0x000000, 0x000000, 0x000000, 0x000000,
    0x00a1d6, 0x000000, 0x000000, 0x000000, 0x000000, 0x000000, 0x000000, 0x000000, 0x000000,
    0x000000, 0x000000, 0x000000, 0x000000, 0x000000, 0x00a1c1, 0x00a1d5, 0x000000, 0x000000,
    0x00a1c2, 0x00a1c3, 0x000000, 0x000000, 0x000000, 0x000000, 0x00a1ec, 0x00a1ed, 0x000000,
    0x000000, 0x000000, 0x000000, 0x000000, 0x000000, 0x000000, 0x000000, 0x000000, 0x000000,
    0x000000, 0x000000, 0x000000, 0x000000, 0x000000, 0x000000, 0x000000, 0x000000, 0x000000,
    0x000000, 0x00a1f8, 0x00a1f9, 0x000000, 0x000000, 0x00a1f6, 0x00a1f7, 0x000000, 0x000000,
    0x000000, 0x000000, 0x000000, 0x000000, 0x000000, 0x000000, 0x000000, 0x000000, 0x000000,
    0x000000, 0x000000, 0x000000, 0x000000, 0x000000, 0x000000, 0x00a2c1, 0x000000, 0x000000,
    0x000000, 0x000000, 0x000000, 0x000000, 0x000000, 0x000000, 0x000000, 0x000000, 0x000000,
    0x00a1d1, 0x000000, 0x000000, 0x000000, 0x000000, 0x000000, 0x000000, 0x000000, 0x000000,
    0x000000, 0x000000, 0x000000, 0x000000, 0x000000, 0x000000, 0x000000, 0x000000, 0x000000,
    0x000000, 0x000000, 0x000000, 0x000000, 0x000000, 0x000000, 0x000000, 0x000000, 0x000000,
    0x00a1d2, 0x000000, 0x000000, 0x000000, 0x000000, 0x000000, 0x000000, 0x000000, 0x000000,
    0x000000, 0x000000, 0x000000, 0x000000, 0x000000, 0x000000, 0x000000, 0x000000, 0x000000,
    0x000000, 0x000000, 0x000000, 0x000000, 0x000000, 0x000000, 0x000000, 0x000000, 0x000000,
    0x000000, 0x000000, 0x000000, 0x000000, 0x000000, 0x000000, 0x000000, 0x000000, 0x000000,
    0x000000, 0x000000, 0x000000, 0x000000, 0x000000, 0x000000, 0x000000, 0x000000, 0x000000,
    0x000000, 0x00a8e7, 0x00a8e8, 0x00a8e9, 0x00a8ea, 0x00a8eb, 0x00a8ec, 0x00a8ed, 0x00a8ee,
    0x00a8ef, 0x00a8f0, 0x00a8f1, 0x00a8f2, 0x00a8f3, 0x00a8f4, 0x00a8f5, 0x000000, 0x000000,
    0x000000, 0x000000, 0x000000, 0x00a9e7, 0x00a9e8, 0x00a9e9, 0x00a9ea, 0x00a9eb, 0x00a9ec,
    0x00a9ed, 0x00a9ee, 0x00a9ef, 0x00a9f0, 0x00a9f1, 0x00a9f2, 0x00a9f3, 0x00a9f4, 0x00a9f5,
    0x000000, 0x000000, 0x000000, 0x000000, 0x000000, 0x000000, 0x000000, 0x000000, 0x000000,
    0x000000, 0x000000, 0x000000, 0x000000, 0x000000, 0x000000, 0x000000, 0x000000, 0x000000,
    0x000000, 0x000000, 0x000000, 0x000000, 0x000000, 0x000000, 0x000000, 0x00a9cd, 0x00a9ce,
    0x00a9cf, 0x00a9d0, 0x00a9d1, 0x00a9d2, 0x00a9d3, 0x00a9d4, 0x00a9d5, 0x00a9d6, 0x00a9d7,
    0x00a9d8, 0x00a9d9, 0x00a9da, 0x00a9db, 0x00a9dc, 0x00a9dd, 0x00a9de, 0x00a9df, 0x00a9e0,
    0x00a9e1, 0x00a9e2, 0x00a9e3, 0x00a9e4, 0x00a9e5, 0x00a9e6, 0x000000, 0x000000, 0x000000,
    0x000000, 0x000000, 0x000000, 0x000000, 0x000000, 0x000000, 0x000000, 0x000000, 0x000000,
    0x000000, 0x000000, 0x000000, 0x000000, 0x00a8cd, 0x00a8ce, 0x00a8cf, 0x00a8d0, 0x00a8d1,
    0x00a8d2, 0x00a8d3, 0x00a8d4, 0x00a8d5, 0x00a8d6, 0x00a8d7, 0x00a8d8, 0x00a8d9, 0x00a8da,
    0x00a8db, 0x00a8dc, 0x00a8dd, 0x00a8de, 0x00a8df, 0x00a8e0, 0x00a8e1, 0x00a8e2, 0x00a8e3,
    0x00a8e4, 0x00a8e5, 0x00a8e6, 0x000000, 0x000000, 0x000000, 0x000000, 0x000000, 0x000000,
    0x000000, 0x000000, 0x000000, 0x000000, 0x000000, 0x000000, 0x000000, 0x000000, 0x000000,
    0x000000, 0x000000, 0x000000, 0x000000, 0x000000, 0x000000, 0x000000, 0x00a6a1, 0x00a6ac,
    0x00a6a2, 0x00a6ad, 0x000000, 0x000000, 0x000000, 0x000000, 0x000000, 0x000000, 0x000000,
    0x000000, 0x00a6a3, 0x00a6c8, 0x00a6c7, 0x00a6ae, 0x00a6a4, 0x00a6c2, 0x00a6c1, 0x00a6af,
    0x00a6a6, 0x00a6c6, 0x00a6c5, 0x00a6b1, 0x00a6a5, 0x00a6c4, 0x00a6c3, 0x00a6b0, 0x00a6a7,
    0x00a6bc, 0x00a6c9, 0x00a6ca, 0x00a6b7, 0x00a6cb, 0x00a6cc, 0x00a6b2, 0x00a6a9, 0x00a6be,
    0x00a6cd, 0x00a6ce, 0x00a6b9, 0x00a6cf, 0x00a6d0, 0x00a6b4, 0x00a6a8, 0x00a6d1, 0x00a6d2,
    0x00a6b8, 0x00a6bd, 0x00a6d3, 0x00a6d4, 0x00a6b3, 0x00a6aa, 0x00a6d5, 0x00a6d6, 0x00a6ba,
    0x00a6bf, 0x00a6d7, 0x00a6d8, 0x00a6b5, 0x00a6ab, 0x00a6d9, 0x00a6da, 0x00a6bb, 0x00a6db,
    0x00a6dc, 0x00a6c0, 0x00a6dd, 0x00a6de, 0x00a6df, 0x00a6e0, 0x00a6e1, 0x00a6e2, 0x00a6e3,
    0x00a6e4, 0x00a6b6, 0x000000, 0x000000, 0x000000, 0x000000, 0x000000, 0x000000, 0x000000,
    0x000000, 0x000000, 0x000000, 0x000000, 0x000000, 0x000000, 0x000000, 0x000000, 0x000000,
    0x000000, 0x000000, 0x000000, 0x000000, 0x000000, 0x000000, 0x000000, 0x000000, 0x000000,
    0x000000, 0x000000, 0x000000, 0x000000, 0x000000, 0x000000, 0x000000, 0x000000, 0x000000,
    0x000000, 0x000000, 0x000000, 0x000000, 0x000000, 0x000000, 0x000000, 0x000000, 0x000000,
    0x000000, 0x000000, 0x000000, 0x000000, 0x000000, 0x000000, 0x000000, 0x000000, 0x000000,
    0x00a2c6, 0x000000, 0x000000, 0x000000, 0x000000, 0x000000, 0x000000, 0x000000, 0x000000,
    0x000000, 0x000000, 0x000000, 0x000000, 0x000000, 0x00a1e1, 0x00a1e0, 0x000000, 0x00a2c3,
    0x00a2c7, 0x00a2c8, 0x00a2cb, 0x00a2ca, 0x00a2c9, 0x00a2cc, 0x000000, 0x000000, 0x000000,
    0x000000, 0x000000, 0x000000, 0x000000, 0x000000, 0x00a1e3, 0x00a1e2, 0x000000, 0x000000,
    0x00a2ba, 0x00a2b9, 0x000000, 0x000000, 0x000000, 0x000000, 0x00a1e5, 0x00a1e4, 0x000000,
    0x000000, 0x00a2b8, 0x00a2b7, 0x000000, 0x000000, 0x000000, 0x000000, 0x00a1df, 0x00a1de,
    0x00a2c2, 0x000000, 0x000000, 0x00a1db, 0x000000, 0x000000, 0x00a1dd, 0x00a1dc, 0x00a2c4,
    0x00a2c5, 0x000000, 0x000000, 0x000000, 0x000000, 0x000000, 0x000000, 0x000000, 0x000000,
    0x000000, 0x000000, 0x000000, 0x000000, 0x000000, 0x000000, 0x000000, 0x000000, 0x000000,
    0x000000, 0x000000, 0x000000, 0x000000, 0x000000, 0x000000, 0x000000, 0x000000, 0x000000,
    0x000000, 0x000000, 0x000000, 0x000000, 0x000000, 0x000000, 0x000000, 0x000000, 0x000000,
    0x000000, 0x000000, 0x000000, 0x000000, 0x000000, 0x000000, 0x000000, 0x000000, 0x000000,
    0x000000, 0x000000, 0x00a1da, 0x00a1d9, 0x000000, 0x000000, 0x000000, 0x000000, 0x000000,
    0x000000, 0x000000, 0x00a2cf, 0x00a2ce, 0x000000, 0x000000, 0x000000, 0x000000, 0x000000,
    0x000000, 0x000000, 0x000000, 0x000000, 0x000000, 0x000000, 0x000000, 0x00a2d0, 0x000000,
    0x00a2d1, 0x000000, 0x000000, 0x000000, 0x000000, 0x000000, 0x000000, 0x000000, 0x000000,
    0x000000, 0x000000, 0x000000, 0x000000, 0x000000, 0x000000, 0x000000, 0x000000, 0x000000,
    0x000000, 0x000000, 0x000000, 0x000000, 0x000000, 0x000000, 0x000000, 0x000000, 0x000000,
    0x000000, 0x000000, 0x000000, 0x000000, 0x000000, 0x000000, 0x000000, 0x00a1cf, 0x000000,
    0x00a1ce, 0x000000, 0x000000, 0x000000, 0x000000, 0x000000, 0x000000, 0x000000, 0x000000,
    0x000000, 0x000000, 0x000000, 0x000000, 0x000000, 0x000000, 0x000000, 0x000000, 0x000000,
    0x000000, 0x000000, 0x000000, 0x000000, 0x000000, 0x000000, 0x000000, 0x000000, 0x000000,
    0x000000, 0x000000, 0x000000, 0x00a2bc, 0x00a2bd, 0x000000, 0x00a2c0, 0x00a2bb, 0x00a2be,
    0x000000, 0x00a2bf, 0x00a2cd, 0x00a2db, 0x00a2dc, 0x000000, 0x00a2dd, 0x00a2da, 0x000000,
    0x000000, 0x000000, 0x000000, 0x000000, 0x000000, 0x000000, 0x000000, 0x000000, 0x000000,
    0x000000, 0x000000, 0x000000, 0x000000, 0x000000, 0x000000, 0x000000, 0x000000, 0x00a1a1,
    0x00a1a2, 0x00a1a3, 0x00a1a8, 0x000000, 0x000000, 0x000000, 0x000000, 0x00a1b4, 0x00a1b5,
    0x00a1b6, 0x00a1b7, 0x00a1b8, 0x00a1b9, 0x00a1ba, 0x00a1bb, 0x00a1bc, 0x00a1bd, 0x000000,
    0x00a1eb, 0x00a1b2, 0x00a1b3, 0x000000, 0x000000, 0x000000, 0x000000, 0x000000, 0x000000,
    0x000000, 0x000000, 0x000000, 0x000000, 0x000000, 0x000000, 0x000000, 0x000000, 0x000000,
    0x000000, 0x000000, 0x000000, 0x000000, 0x000000, 0x000000, 0x000000, 0x000000, 0x000000,
    0x000000, 0x000000, 0x000000, 0x000000, 0x000000, 0x000000, 0x000000, 0x000000, 0x000000,
    0x000000, 0x000000, 0x000000, 0x000000, 0x000000, 0x000000, 0x000000, 0x000000, 0x000000,
    0x00aaa1, 0x00aaa2, 0x00aaa3, 0x00aaa4, 0x00aaa5, 0x00aaa6, 0x00aaa7, 0x00aaa8, 0x00aaa9,
    0x00aaaa, 0x00aaab, 0x00aaac, 0x00aaad, 0x00aaae, 0x00aaaf, 0x00aab0, 0x00aab1, 0x00aab2,
    0x00aab3, 0x00aab4, 0x00aab5, 0x00aab6, 0x00aab7, 0x00aab8, 0x00aab9, 0x00aaba, 0x00aabb,
    0x00aabc, 0x00aabd, 0x00aabe, 0x00aabf, 0x00aac0, 0x00aac1, 0x00aac2, 0x00aac3, 0x00aac4,
    0x00aac5, 0x00aac6, 0x00aac7, 0x00aac8, 0x00aac9, 0x00aaca, 0x00aacb, 0x00aacc, 0x00aacd,
    0x00aace, 0x00aacf, 0x00aad0, 0x00aad1, 0x00aad2, 0x00aad3, 0x00aad4, 0x00aad5, 0x00aad6,
    0x00aad7, 0x00aad8, 0x00aad9, 0x00aada, 0x00aadb, 0x00aadc, 0x00aadd, 0x00aade, 0x00aadf,
    0x00aae0, 0x00aae1, 0x00aae2, 0x00aae3, 0x00aae4, 0x00aae5, 0x00aae6, 0x00aae7, 0x00aae8,
    0x00aae9, 0x00aaea, 0x00aaeb, 0x00aaec, 0x00aaed, 0x00aaee, 0x00aaef, 0x00aaf0, 0x00aaf1,
    0x00aaf2, 0x00aaf3, 0x000000, 0x000000, 0x000000, 0x000000, 0x000000, 0x000000, 0x000000,
    0x000000, 0x000000, 0x000000, 0x000000, 0x000000, 0x000000, 0x00aba1, 0x00aba2, 0x00aba3,
    0x00aba4, 0x00aba5, 0x00aba6, 0x00aba7, 0x00aba8, 0x00aba9, 0x00abaa, 0x00abab, 0x00abac,
    0x00abad, 0x00abae, 0x00abaf, 0x00abb0, 0x00abb1, 0x00abb2, 0x00abb3, 0x00abb4, 0x00abb5,
    0x00abb6, 0x00abb7, 0x00abb8, 0x00abb9, 0x00abba, 0x00abbb, 0x00abbc, 0x00abbd, 0x00abbe,
    0x00abbf, 0x00abc0, 0x00abc1, 0x00abc2, 0x00abc3, 0x00abc4, 0x00abc5, 0x00abc6, 0x00abc7,
    0x00abc8, 0x00abc9, 0x00abca, 0x00abcb, 0x00abcc, 0x00abcd, 0x00abce, 0x00abcf, 0x00abd0,
    0x00abd1, 0x00abd2, 0x00abd3, 0x00abd4, 0x00abd5, 0x00abd6, 0x00abd7, 0x00abd8, 0x00abd9,
    0x00abda, 0x00abdb, 0x00abdc, 0x00abdd, 0x00abde, 0x00abdf, 0x00abe0, 0x00abe1, 0x00abe2,
    0x00abe3, 0x00abe4, 0x00abe5, 0x00abe6, 0x00abe7, 0x00abe8, 0x00abe9, 0x00abea, 0x00abeb,
    0x00abec, 0x00abed, 0x00abee, 0x00abef, 0x00abf0, 0x00abf1, 0x00abf2, 0x00abf3, 0x00abf4,
    0x00abf5, 0x00abf6, 0x000000, 0x000000, 0x000000, 0x000000, 0x000000, 0x000000, 0x000000,
    0x000000, 0x000000, 0x000000, 0x000000, 0x000000, 0x000000, 0x000000, 0x000000, 0x000000,
    0x000000, 0x000000, 0x000000, 0x000000, 0x000000, 0x000000, 0x000000, 0x000000, 0x000000,
    0x000000, 0x000000, 0x000000, 0x000000, 0x000000, 0x000000, 0x000000, 0x000000, 0x000000,
    0x000000, 0x000000, 0x000000, 0x000000, 0x000000, 0x000000, 0x000000, 0x000000, 0x000000,
    0x000000, 0x000000, 0x000000, 0x000000, 0x000000, 0x000000, 0x00a4a1, 0x00a4a2, 0x00a4a3,
    0x00a4a4, 0x00a4a5, 0x00a4a6, 0x00a4a7, 0x00a4a8, 0x00a4a9, 0x00a4aa, 0x00a4ab, 0x00a4ac,
    0x00a4ad, 0x00a4ae, 0x00a4af, 0x00a4b0, 0x00a4b1, 0x00a4b2, 0x00a4b3, 0x00a4b4, 0x00a4b5,
    0x00a4b6, 0x00a4b7, 0x00a4b8, 0x00a4b9, 0x00a4ba, 0x00a4bb, 0x00a4bc, 0x00a4bd, 0x00a4be,
    0x00a4bf, 0x00a4c0, 0x00a4c1, 0x00a4c2, 0x00a4c3, 0x00a4c4, 0x00a4c5, 0x00a4c6, 0x00a4c7,
    0x00a4c8, 0x00a4c9, 0x00a4ca, 0x00a4cb, 0x00a4cc, 0x00a4cd, 0x00a4ce, 0x00a4cf, 0x00a4d0,
    0x00a4d1, 0x00a4d2, 0x00a4d3, 0x00a4d4, 0x00a4d5, 0x00a4d6, 0x00a4d7, 0x00a4d8, 0x00a4d9,
    0x00a4da, 0x00a4db, 0x00a4dc, 0x00a4dd, 0x00a4de, 0x00a4df, 0x00a4e0, 0x00a4e1, 0x00a4e2,
    0x00a4e3, 0x00a4e4, 0x00a4e5, 0x00a4e6, 0x00a4e7, 0x00a4e8, 0x00a4e9, 0x00a4ea, 0x00a4eb,
    0x00a4ec, 0x00a4ed, 0x00a4ee, 0x00a4ef, 0x00a4f0, 0x00a4f1, 0x00a4f2, 0x00a4f3, 0x00a4f4,
    0x00a4f5, 0x00a4f6, 0x00a4f7, 0x00a4f8, 0x00a4f9, 0x00a4fa, 0x00a4fb, 0x00a4fc, 0x00a4fd,
    0x00a4fe, 0x000000, 0x000000, 0x000000, 0x000000, 0x000000, 0x000000, 0x000000, 0x000000,
    0x000000, 0x000000, 0x000000, 0x000000, 0x000000, 0x000000, 0x000000, 0x000000, 0x000000,
    0x000000, 0x000000, 0x000000, 0x000000, 0x000000, 0x000000, 0x000000, 0x000000, 0x000000,
    0x000000, 0x000000, 0x000000, 0x000000, 0x000000, 0x000000, 0x000000, 0x000000, 0x000000,
    0x000000, 0x000000, 0x000000, 0x000000, 0x000000, 0x000000, 0x000000, 0x000000, 0x000000,
    0x000000, 0x000000, 0x000000, 0x000000, 0x000000, 0x00a9b1, 0x00a9b2, 0x00a9b3, 0x00a9b4,
    0x00a9b5, 0x00a9b6, 0x00a9b7, 0x00a9b8, 0x00a9b9, 0x00a9ba, 0x00a9bb, 0x00a9bc, 0x00a9bd,
    0x00a9be, 0x00a9bf, 0x00a9c0, 0x00a9c1, 0x00a9c2, 0x00a9c3, 0x00a9c4, 0x00a9c5, 0x00a9c6,
    0x00a9c7, 0x00a9c8, 0x00a9c9, 0x00a9ca, 0x00a9cb, 0x00a9cc, 0x00a2df, 0x000000, 0x000000,
    0x000000, 0x000000, 0x000000, 0x000000, 0x000000, 0x000000, 0x000000, 0x000000, 0x000000,
    0x000000, 0x000000, 0x000000, 0x000000, 0x000000, 0x000000, 0x000000, 0x000000, 0x000000,
    0x000000, 0x000000, 0x000000, 0x000000, 0x000000, 0x000000, 0x000000, 0x000000, 0x000000,
    0x000000, 0x000000, 0x000000, 0x000000, 0x000000, 0x000000, 0x00a8b1, 0x00a8b2, 0x00a8b3,
    0x00a8b4, 0x00a8b5, 0x00a8b6, 0x00a8b7, 0x00a8b8, 0x00a8b9, 0x00a8ba, 0x00a8bb, 0x00a8bc,
    0x00a8bd, 0x00a8be, 0x00a8bf, 0x00a8c0, 0x00a8c1, 0x00a8c2, 0x00a8c3, 0x00a8c4, 0x00a8c5,
    0x00a8c6, 0x00a8c7, 0x00a8c8, 0x00a8c9, 0x00a8ca, 0x00a8cb, 0x00a8cc, 0x000000, 0x000000,
    0x00a2e8, 0x00a2de, 0x00a7c9, 0x00a7ca, 0x00a7cb, 0x00a7cc, 0x00a7cd, 0x000000, 0x000000,
    0x000000, 0x00a7ba, 0x00a7bb, 0x00a7dc, 0x00a7dd, 0x00a7de, 0x00a7b6, 0x00a7b7, 0x00a7b8,
    0x00a7d4, 0x00a7d5, 0x00a7d6, 0x00a7d7, 0x00a7d8, 0x00a7a1, 0x00a7a2, 0x00a7a3, 0x00a7a5,
    0x00a7ab, 0x00a7ac, 0x00a7ad, 0x00a7ae, 0x00a7af, 0x00a7b0, 0x00a7b1, 0x00a7b2, 0x00a7b3,
    0x00a7b4, 0x00a7a7, 0x00a7a8, 0x00a7a9, 0x00a7aa, 0x00a7bd, 0x00a7be, 0x00a7e5, 0x00a7e6,
    0x00a7e7, 0x00a7e8, 0x00a7e1, 0x00a7e2, 0x00a7e3, 0x00a7bf, 0x00a7c0, 0x00a7c1, 0x00a7c2,
    0x00a7c3, 0x00a7c4, 0x00a7c5, 0x00a7c6, 0x00a7c7, 0x00a7c8, 0x00a7ce, 0x00a7cf, 0x00a7d0,
    0x00a7d1, 0x00a7d2, 0x00a7d3, 0x00a7da, 0x00a7db, 0x00a2e3, 0x00a7ec, 0x00a7a6, 0x00a7e0,
    0x00a7ef, 0x00a2e1, 0x00a7bc, 0x00a7ed, 0x00a7b5, 0x000000, 0x000000, 0x000000, 0x000000,
    0x00a7b9, 0x00a7ea, 0x000000, 0x000000, 0x00a7eb, 0x000000, 0x000000, 0x00a7df, 0x000000,
    0x00a2e4, 0x000000, 0x000000, 0x00a7e4, 0x00a7ee, 0x00a7e9, 0x000000, 0x000000, 0x000000,
    0x000000, 0x000000, 0x000000, 0x000000, 0x000000, 0x000000, 0x000000, 0x000000, 0x000000,
    0x000000, 0x000000, 0x000000, 0x000000, 0x000000, 0x000000, 0x000000, 0x000000, 0x000000,
    0x000000, 0x000000, 0x000000, 0x000000, 0x000000, 0x000000, 0x000000, 0x000000, 0x000000,
    0x000000, 0x000000, 0x000000, 0x000000, 0x00ece9, 0x00efcb, 0x000000, 0x00f6d2, 0x000000,
    0x000000, 0x000000, 0x00d8b2, 0x00eddb, 0x00dfb2, 0x00dfbe, 0x00f9bb, 0x000000, 0x00dcf4,
    0x000000, 0x000000, 0x000000, 0x00f5e4, 0x000000, 0x000000, 0x00f3a6, 0x00dde0, 0x00e1a6,
    0x000000, 0x00cef8, 0x00dcb0, 0x000000, 0x000000, 0x000000, 0x000000, 0x00e3aa, 0x000000,
    0x000000, 0x000000, 0x000000, 0x000000, 0x000000, 0x000000, 0x000000, 0x000000, 0x000000,
    0x000000, 0x000000, 0x000000, 0x000000, 0x00f1e9, 0x000000, 0x000000, 0x000000, 0x000000,
    0x00cdfa, 0x000000, 0x000000, 0x000000, 0x000000, 0x000000, 0x00fcaf, 0x00d3a1, 0x000000,
    0x00f1ab, 0x000000, 0x000000, 0x000000, 0x000000, 0x00e7d1, 0x00d2ac, 0x000000, 0x00cef9,
    0x000000, 0x000000, 0x000000, 0x000000, 0x000000, 0x00f1fd, 0x000000, 0x00debf, 0x00fbba,
    0x00f9b9, 0x000000, 0x000000, 0x000000, 0x000000, 0x000000, 0x000000, 0x00ced2, 0x000000,
    0x00e3ab, 0x00ebe0, 0x000000, 0x000000, 0x000000, 0x00cefa, 0x00cbf7, 0x00e5a5, 0x000000,
    0x000000, 0x000000, 0x000000, 0x000000, 0x000000, 0x000000, 0x000000, 0x000000, 0x000000,
    0x000000, 0x00cae1, 0x000000, 0x00d4cc, 0x000000, 0x000000, 0x000000, 0x000000, 0x000000,
    0x00eae1, 0x000000, 0x000000, 0x00dce3, 0x00dfad, 0x000000, 0x000000, 0x000000, 0x000000,
    0x000000, 0x000000, 0x00cbeb, 0x000000, 0x000000, 0x00d5af, 0x000000, 0x000000, 0x000000,
    0x00d6f5, 0x000000, 0x00e5f8, 0x000000, 0x000000, 0x00dec0, 0x00eca3, 0x000000, 0x00e9cd,
    0x000000, 0x00eaa7, 0x00e9f6, 0x00fbbb, 0x000000, 0x00e7e9, 0x00efcc, 0x000000, 0x000000,
    0x00d0e6, 0x000000, 0x000000, 0x00dec1, 0x000000, 0x000000, 0x00e4ac, 0x000000, 0x000000,
    0x00d8cc, 0x00f9f1, 0x000000, 0x00cedf, 0x00faa4, 0x00e6b2, 0x000000, 0x00fafb, 0x000000,
    0x000000, 0x00fabd, 0x00ccc8, 0x00efcd, 0x00d5d5, 0x000000, 0x000000, 0x000000, 0x000000,
    0x000000, 0x000000, 0x000000, 0x00d3a2, 0x000000, 0x000000, 0x000000, 0x00ecd1, 0x000000,
    0x000000, 0x000000, 0x000000, 0x000000, 0x00e4a7, 0x00ecd2, 0x000000, 0x000000, 0x00f6b1,
    0x000000, 0x000000, 0x00cefb, 0x000000, 0x000000, 0x00d0d1, 0x00cbbf, 0x000000, 0x00eda4,
    0x000000, 0x000000, 0x000000, 0x000000, 0x000000, 0x000000, 0x00eda8, 0x00dec2, 0x00f6e2,
    0x00eddc, 0x00dcf5, 0x00e0b9, 0x000000, 0x000000, 0x000000, 0x00d4ce, 0x000000, 0x00f4b5,
    0x000000, 0x000000, 0x000000, 0x00d3db, 0x00d6b5, 0x00eca4, 0x000000, 0x000000, 0x000000,
    0x000000, 0x000000, 0x000000, 0x000000, 0x000000, 0x000000, 0x000000, 0x00e4e6, 0x000000,
    0x00f1ea, 0x000000, 0x000000, 0x000000, 0x00cbec, 0x00cbc0, 0x000000, 0x000000, 0x000000,
    0x00ecf2, 0x000000, 0x000000, 0x000000, 0x000000, 0x00d0ea, 0x000000, 0x000000, 0x000000,
    0x000000, 0x000000, 0x000000, 0x000000, 0x00f9f2, 0x00eca5, 0x00d0df, 0x000000, 0x00e7ea,
    0x00d0eb, 0x00dcd1, 0x00dbe9, 0x00fdcc, 0x000000, 0x000000, 0x000000, 0x000000, 0x000000,
    0x000000, 0x000000, 0x000000, 0x000000, 0x000000, 0x000000, 0x000000, 0x000000, 0x000000,
    0x000000, 0x000000, 0x000000, 0x000000, 0x000000, 0x000000, 0x000000, 0x000000, 0x000000,
    0x000000, 0x000000, 0x000000, 0x000000, 0x000000, 0x000000, 0x00dbd7, 0x000000, 0x000000,
    0x000000, 0x000000, 0x00dae1, 0x000000, 0x00d6b6, 0x000000, 0x00e3df, 0x000000, 0x00dec3,
    0x000000, 0x00dec4, 0x00caa1, 0x000000, 0x000000, 0x000000, 0x00eeec, 0x000000, 0x000000,
    0x00d3a3, 0x00eeb7, 0x00f8cf, 0x000000, 0x000000, 0x000000, 0x000000, 0x00eac8, 0x00eeb8,
    0x00f1ac, 0x00f1a5, 0x00e9ce, 0x000000, 0x000000, 0x000000, 0x00f9bc, 0x000000, 0x000000,
    0x000000, 0x00e5f9, 0x00ecea, 0x00ddd6, 0x00edc2, 0x000000, 0x000000, 0x000000, 0x000000,
    0x000000, 0x000000, 0x000000, 0x000000, 0x000000, 0x000000, 0x000000, 0x000000, 0x00f8a5,
    0x000000, 0x000000, 0x000000, 0x000000, 0x000000, 0x00e5ba, 0x00dbd8, 0x000000, 0x000000,
    0x00caa2, 0x000000, 0x000000, 0x00d1cd, 0x000000, 0x000000, 0x000000, 0x00eeed, 0x000000,
    0x000000, 0x000000, 0x00eceb, 0x00dec5, 0x000000, 0x00e3e0, 0x000000, 0x00cac9, 0x00f2e9,
    0x000000, 0x00d5ce, 0x000000, 0x00f6b6, 0x000000, 0x00cec2, 0x00d6c7, 0x000000, 0x00e3b4,
    0x000000, 0x00f1ad, 0x000000, 0x00eae2, 0x000000, 0x000000, 0x000000, 0x000000, 0x00d7c2,
    0x000000, 0x00f3a7, 0x000000, 0x000000, 0x00cdea, 0x000000, 0x00ebee, 0x000000, 0x000000,
    0x000000, 0x000000, 0x000000, 0x000000, 0x000000, 0x000000, 0x000000, 0x000000, 0x000000,
    0x000000, 0x000000, 0x000000, 0x000000, 0x000000, 0x00d9b2, 0x00fda5, 0x000000, 0x000000,
    0x000000, 0x000000, 0x000000, 0x00f6d5, 0x00d5e2, 0x000000, 0x000000, 0x000000, 0x000000,
    0x000000, 0x000000, 0x000000, 0x000000, 0x00f8b5, 0x000000, 0x000000, 0x00ccf5, 0x00f5b5,
    0x00e4ad, 0x000000, 0x000000, 0x000000, 0x000000, 0x00e7eb, 0x00f1d5, 0x000000, 0x000000,
    0x000000, 0x00f0bb, 0x000000, 0x000000, 0x00e9b5, 0x000000, 0x00ccc9, 0x00fad5, 0x000000,
    0x000000, 0x00e1d4, 0x000000, 0x000000, 0x00d7d6, 0x000000, 0x000000, 0x00dcc1, 0x000000,
    0x00dec6, 0x00faef, 0x00e3e1, 0x000000, 0x000000, 0x000000, 0x000000, 0x000000, 0x000000,
    0x000000, 0x000000, 0x000000, 0x000000, 0x000000, 0x000000, 0x00e1f3, 0x00dcf6, 0x000000,
    0x00cefc, 0x000000, 0x00dbc4, 0x000000, 0x00f8f1, 0x000000, 0x000000, 0x00dce4, 0x000000,
    0x00e5ef, 0x000000, 0x000000, 0x000000, 0x000000, 0x000000, 0x00dcb1, 0x000000, 0x000000,
    0x000000, 0x00d5d6, 0x000000, 0x000000, 0x00f3da, 0x000000, 0x00cbc1, 0x000000, 0x00dbc3,
    0x000000, 0x000000, 0x000000, 0x00d9fa, 0x00d3ee, 0x000000, 0x000000, 0x000000, 0x00fab8,
    0x000000, 0x000000, 0x00fda6, 0x00ebef, 0x000000, 0x00f4a6, 0x000000, 0x00ccca, 0x00f3a8,
    0x000000, 0x00f3db, 0x000000, 0x00dba7, 0x00f6b7, 0x000000, 0x00cfe6, 0x00f0f2, 0x00cbda,
    0x000000, 0x00e7d2, 0x00d7c3, 0x00f6f0, 0x00e8de, 0x000000, 0x000000, 0x000000, 0x000000,
    0x000000, 0x000000, 0x000000, 0x000000, 0x000000, 0x000000, 0x000000, 0x000000, 0x000000,
    0x00e5a6, 0x000000, 0x000000, 0x000000, 0x000000, 0x00e5e7, 0x000000, 0x000000, 0x000000,
    0x00caa3, 0x00cca7, 0x00eac9, 0x000000, 0x000000, 0x000000, 0x000000, 0x000000, 0x00f8b6,
    0x000000, 0x000000, 0x000000, 0x000000, 0x000000, 0x00faa5, 0x000000, 0x000000, 0x000000,
    0x000000, 0x00f1ae, 0x000000, 0x00efce, 0x000000, 0x000000, 0x000000, 0x000000, 0x000000,
    0x000000, 0x000000, 0x000000, 0x00cbed, 0x000000, 0x000000, 0x000000, 0x000000, 0x000000,
    0x000000, 0x000000, 0x000000, 0x000000, 0x000000, 0x000000, 0x000000, 0x000000, 0x000000,
    0x00f6b0, 0x00efcf, 0x00e9cf, 0x000000, 0x00f7de, 0x000000, 0x000000, 0x000000, 0x000000,
    0x000000, 0x000000, 0x000000, 0x00ced3, 0x000000, 0x000000, 0x000000, 0x000000, 0x00dcf7,
    0x000000, 0x000000, 0x000000, 0x000000, 0x000000, 0x000000, 0x000000, 0x00dba8, 0x000000,
    0x000000, 0x000000, 0x00cbf8, 0x000000, 0x000000, 0x000000, 0x000000, 0x000000, 0x000000,
    0x00dfa1, 0x00dde1, 0x000000, 0x000000, 0x000000, 0x000000, 0x000000, 0x000000, 0x000000,
    0x000000, 0x000000, 0x000000, 0x000000, 0x000000, 0x000000, 0x000000, 0x000000, 0x000000,
    0x000000, 0x000000, 0x00f5ca, 0x00e9b6, 0x000000, 0x000000, 0x000000, 0x000000, 0x00e7ec,
    0x00eeee, 0x000000, 0x00f3f0, 0x000000, 0x00dfbf, 0x000000, 0x000000, 0x000000, 0x000000,
    0x000000, 0x000000, 0x00cccb, 0x000000, 0x000000, 0x000000, 0x000000, 0x000000, 0x00d0c1,
    0x000000, 0x000000, 0x000000, 0x00f4d2, 0x00e0ba, 0x000000, 0x000000, 0x000000, 0x000000,
    0x00dfc0, 0x000000, 0x00cee0, 0x000000, 0x000000, 0x000000, 0x00dcd2, 0x00fdea, 0x000000,
    0x000000, 0x000000, 0x00d6f6, 0x000000, 0x000000, 0x000000, 0x00eaca, 0x000000, 0x000000,
    0x000000, 0x000000, 0x000000, 0x000000, 0x00e8e9, 0x000000, 0x00e3ac, 0x000000, 0x000000,
    0x000000, 0x000000, 0x000000, 0x00f3d0, 0x000000, 0x000000, 0x000000, 0x000000, 0x000000,
    0x000000, 0x000000, 0x000000, 0x000000, 0x000000, 0x000000, 0x00caa4, 0x000000, 0x00dbf8,
    0x000000, 0x000000, 0x000000, 0x00dec7, 0x00ebf0, 0x00f1d6, 0x000000, 0x000000, 0x00e5e2,
    0x000000, 0x00cccc, 0x000000, 0x000000, 0x00cbfb, 0x000000, 0x000000, 0x000000, 0x000000,
    0x000000, 0x000000, 0x000000, 0x000000, 0x00eae3, 0x000000, 0x000000, 0x000000, 0x000000,
    0x000000, 0x000000, 0x000000, 0x000000, 0x000000, 0x000000, 0x000000, 0x000000, 0x00dfc1,
    0x000000, 0x00d6ed, 0x000000, 0x000000, 0x000000, 0x000000, 0x000000, 0x000000, 0x000000,
    0x000000, 0x00e9d0, 0x000000, 0x000000, 0x000000, 0x000000, 0x000000, 0x000000, 0x000000,
    0x00eeb9, 0x000000, 0x000000, 0x000000, 0x000000, 0x00d5e3, 0x000000, 0x000000, 0x00d1d3,
    0x000000, 0x00e5f0, 0x000000, 0x000000, 0x000000, 0x00e8b4, 0x00ebc3, 0x000000, 0x00eaaa,
    0x00fafc, 0x00f5f6, 0x00f0bc, 0x00fdd4, 0x00e0bb, 0x00cec3, 0x000000, 0x00d0ba, 0x00f7ba,
    0x00d8f3, 0x00f7cd, 0x000000, 0x000000, 0x000000, 0x00e4ae, 0x000000, 0x000000, 0x000000,
    0x000000, 0x000000, 0x000000, 0x000000, 0x000000, 0x000000, 0x00d4df, 0x000000, 0x000000,
    0x000000, 0x000000, 0x000000, 0x00d0e7, 0x000000, 0x000000, 0x00ecfd, 0x000000, 0x00d2ae,
    0x00eeef, 0x00d5d7, 0x00eae4, 0x00f8a2, 0x00cdeb, 0x00d7bf, 0x00fbb1, 0x000000, 0x000000,
    0x00cdec, 0x000000, 0x000000, 0x000000, 0x00dcb2, 0x00d0ec, 0x00cefd, 0x00eef0, 0x000000,
    0x000000, 0x000000, 0x00ccc2, 0x000000, 0x000000, 0x000000, 0x00d0ed, 0x000000, 0x000000,
    0x000000, 0x000000, 0x000000, 0x00e5f7, 0x000000, 0x000000, 0x000000, 0x00f3fc, 0x000000,
    0x000000, 0x00eea2, 0x000000, 0x000000, 0x000000, 0x000000, 0x00d9b3, 0x000000, 0x000000,
    0x00d8f4, 0x000000, 0x00e9b7, 0x000000, 0x000000, 0x000000, 0x000000, 0x000000, 0x000000,
    0x000000, 0x000000, 0x00ceae, 0x000000, 0x000000, 0x000000, 0x000000, 0x00d9a2, 0x000000,
    0x000000, 0x000000, 0x000000, 0x00d8f1, 0x000000, 0x00d4cf, 0x000000, 0x000000, 0x000000,
    0x000000, 0x000000, 0x000000, 0x000000, 0x000000, 0x000000, 0x00e5a7, 0x00d5d2, 0x000000,
    0x000000, 0x000000, 0x000000, 0x000000, 0x00d6a9, 0x000000, 0x000000, 0x000000, 0x000000,
    0x00f4a2, 0x000000, 0x00f1d7, 0x000000, 0x000000, 0x00d5d8, 0x000000, 0x00f0bd, 0x00d7d0,
    0x00d4d0, 0x000000, 0x000000, 0x000000, 0x000000, 0x000000, 0x000000, 0x000000, 0x000000,
    0x000000, 0x000000, 0x000000, 0x000000, 0x000000, 0x000000, 0x00d7cf, 0x00ebea, 0x00fdeb,
    0x000000, 0x000000, 0x00dbed, 0x000000, 0x000000, 0x000000, 0x000000, 0x000000, 0x000000,
    0x000000, 0x000000, 0x000000, 0x000000, 0x000000, 0x000000, 0x000000, 0x000000, 0x00fcc5,
    0x00cbc2, 0x000000, 0x000000, 0x000000, 0x000000, 0x00fdd5, 0x000000, 0x00f4c8, 0x00e8ea,
    0x00f5f3, 0x000000, 0x000000, 0x00f9de, 0x000000, 0x000000, 0x00d3ef, 0x000000, 0x000000,
    0x00ecd3, 0x000000, 0x000000, 0x00ddc2, 0x00efb7, 0x00e7d4, 0x000000, 0x00caca, 0x000000,
    0x000000, 0x000000, 0x00d9fb, 0x000000, 0x000000, 0x00fafd, 0x000000, 0x000000, 0x000000,
    0x000000, 0x000000, 0x00d6aa, 0x000000, 0x000000, 0x000000, 0x000000, 0x000000, 0x00f4f8,
    0x000000, 0x000000, 0x000000, 0x000000, 0x000000, 0x000000, 0x00f7f7, 0x00dcac, 0x000000,
    0x000000, 0x000000, 0x00d7d7, 0x00dfa2, 0x000000, 0x000000, 0x000000, 0x00cebe, 0x000000,
    0x00d3f0, 0x000000, 0x000000, 0x000000, 0x000000, 0x000000, 0x00f0a4, 0x00e1ec, 0x00cfe7,
    0x00f3cb, 0x00eda9, 0x00cabe, 0x000000, 0x000000, 0x000000, 0x000000, 0x00f4ef, 0x000000,
    0x000000, 0x000000, 0x00f6ce, 0x000000, 0x000000, 0x00defb, 0x00d0bb, 0x00d5b7, 0x00eef1,
    0x000000, 0x000000, 0x000000, 0x000000, 0x000000, 0x000000, 0x00f4a8, 0x000000, 0x00dcf8,
    0x000000, 0x000000, 0x000000, 0x000000, 0x00cba7, 0x000000, 0x00dace, 0x000000, 0x000000,
    0x000000, 0x00e0e6, 0x000000, 0x000000, 0x000000, 0x000000, 0x000000, 0x000000, 0x000000,
    0x00eda5, 0x00eef2, 0x000000, 0x000000, 0x000000, 0x000000, 0x00dcf9, 0x000000, 0x000000,
    0x00f9dc, 0x000000, 0x000000, 0x00f3dc, 0x000000, 0x000000, 0x000000, 0x000000, 0x000000,
    0x000000, 0x000000, 0x00f8f2, 0x000000, 0x00f4f9, 0x000000, 0x000000, 0x000000, 0x00fcf1,
    0x000000, 0x000000, 0x000000, 0x00d0bc, 0x00dbf9, 0x00d7b1, 0x000000, 0x000000, 0x000000,
    0x00cbfc, 0x000000, 0x000000, 0x000000, 0x00f0a5, 0x00cbfd, 0x000000, 0x000000, 0x000000,
    0x000000, 0x000000, 0x000000, 0x000000, 0x000000, 0x00d5f4, 0x000000, 0x000000, 0x000000,
    0x00cded, 0x00caa5, 0x000000, 0x000000, 0x00d6ab, 0x00d0c2, 0x000000, 0x000000, 0x000000,
    0x000000, 0x00f0be, 0x00d2bd, 0x00cca4, 0x000000, 0x000000, 0x000000, 0x000000, 0x000000,
    0x000000, 0x000000, 0x000000, 0x000000, 0x000000, 0x000000, 0x000000, 0x000000, 0x000000,
    0x000000, 0x000000, 0x000000, 0x000000, 0x00fab6, 0x000000, 0x00cccd, 0x000000, 0x00dafa,
    0x000000, 0x00f6cf, 0x000000, 0x00e9b8, 0x000000, 0x00d8f5, 0x000000, 0x000000, 0x000000,
    0x00ccce, 0x000000, 0x000000, 0x000000, 0x000000, 0x00d7cd, 0x000000, 0x000000, 0x00d4d1,
    0x00e9ed, 0x000000, 0x00caeb, 0x00d9e2, 0x000000, 0x00fdb2, 0x000000, 0x00e3ad, 0x00d6cc,
    0x00d9b4, 0x000000, 0x000000, 0x00e1a7, 0x00eed3, 0x00d0c3, 0x000000, 0x000000, 0x000000,
    0x000000, 0x000000, 0x000000, 0x000000, 0x000000, 0x000000, 0x000000, 0x000000, 0x000000,
    0x000000, 0x000000, 0x00fdb3, 0x000000, 0x00d5e4, 0x000000, 0x000000, 0x00cfe8, 0x000000,
    0x00edc3, 0x00d0b2, 0x000000, 0x000000, 0x00cefe, 0x00daa8, 0x000000, 0x000000, 0x000000,
    0x000000, 0x000000, 0x00f8d0, 0x000000, 0x000000, 0x00fdd6, 0x000000, 0x000000, 0x000000,
    0x000000, 0x00f8d1, 0x000000, 0x00f8d2, 0x00dcd3, 0x000000, 0x000000, 0x000000, 0x000000,
    0x00dde2, 0x00fbf9, 0x00ddc1, 0x000000, 0x00e3b5, 0x000000, 0x000000, 0x000000, 0x000000,
    0x000000, 0x000000, 0x00eddd, 0x00cec4, 0x000000, 0x00cba1, 0x000000, 0x000000, 0x000000,
    0x000000, 0x000000, 0x000000, 0x00dde3, 0x000000, 0x000000, 0x000000, 0x000000, 0x00fcdd,
    0x000000, 0x000000, 0x000000, 0x000000, 0x000000, 0x000000, 0x000000, 0x000000, 0x000000,
    0x00f9af, 0x000000, 0x000000, 0x000000, 0x000000, 0x000000, 0x00d2fb, 0x00cfa1, 0x00e4a8,
    0x000000, 0x00f4b6, 0x00ecfe, 0x000000, 0x000000, 0x00e3ae, 0x00e7ed, 0x00fdc1, 0x00dae2,
    0x000000, 0x000000, 0x00d8b3, 0x000000, 0x000000, 0x000000, 0x00dde4, 0x00f0ef, 0x00f6f1,
    0x00faf0, 0x000000, 0x000000, 0x00d1f5, 0x000000, 0x000000, 0x00dacf, 0x000000, 0x00dcd4,
    0x000000, 0x00dca6, 0x000000, 0x00efbf, 0x000000, 0x000000, 0x000000, 0x000000, 0x000000,
    0x00cecf, 0x000000, 0x00e0d9, 0x000000, 0x000000, 0x000000, 0x000000, 0x000000, 0x000000,
    0x00d9d6, 0x00ecd4, 0x00eacb, 0x000000, 0x000000, 0x00cabf, 0x00d5b0, 0x000000, 0x00cfe9,
    0x000000, 0x000000, 0x000000, 0x000000, 0x000000, 0x00f1ed, 0x000000, 0x00cccf, 0x000000,
    0x000000, 0x000000, 0x000000, 0x00e4f8, 0x000000, 0x000000, 0x000000, 0x000000, 0x000000,
    0x000000, 0x000000, 0x000000, 0x000000, 0x000000, 0x000000, 0x000000, 0x000000, 0x000000,
    0x00e4ed, 0x000000, 0x000000, 0x000000, 0x000000, 0x00d7d8, 0x000000, 0x00fda7, 0x000000,
    0x000000, 0x000000, 0x000000, 0x00eaab, 0x00f6b2, 0x000000, 0x000000, 0x000000, 0x000000,
    0x00cff0, 0x00f9bd, 0x000000, 0x000000, 0x000000, 0x000000, 0x000000, 0x000000, 0x00e6f4,
    0x000000, 0x000000, 0x000000, 0x000000, 0x000000, 0x000000, 0x000000, 0x000000, 0x000000,
    0x000000, 0x000000, 0x000000, 0x000000, 0x00cbdb, 0x000000, 0x000000, 0x000000, 0x000000,
    0x00f3d1, 0x000000, 0x000000, 0x000000, 0x000000, 0x00e9d1, 0x00f3a9, 0x00d0e0, 0x00e9d2,
    0x000000, 0x00dae3, 0x000000, 0x000000, 0x000000, 0x000000, 0x000000, 0x000000, 0x00e2d2,
    0x000000, 0x00f6a2, 0x00e1f4, 0x000000, 0x000000, 0x000000, 0x00dae4, 0x000000, 0x000000,
    0x000000, 0x000000, 0x000000, 0x00e7d5, 0x00f5bf, 0x00cfa2, 0x00cdaf, 0x00cfa3, 0x000000,
    0x000000, 0x000000, 0x00cdb0, 0x00f1fe, 0x00d0a3, 0x00e1af, 0x00f8a3, 0x000000, 0x00caa6,
    0x00f7bb, 0x00f2ea, 0x00dec8, 0x00e9d3, 0x000000, 0x000000, 0x000000, 0x000000, 0x00dec9,
    0x000000, 0x000000, 0x000000, 0x000000, 0x000000, 0x000000, 0x000000, 0x00fdde, 0x00cac0,
    0x000000, 0x000000, 0x000000, 0x00f9ea, 0x00d1ce, 0x00eed4, 0x000000, 0x00d4d2, 0x00d9a3,
    0x00fda8, 0x00d7d9, 0x00f7ce, 0x00fabe, 0x000000, 0x000000, 0x000000, 0x000000, 0x000000,
    0x000000, 0x000000, 0x000000, 0x000000, 0x00cfd6, 0x000000, 0x00d7f0, 0x000000, 0x00ebe1,
    0x00f8c5, 0x000000, 0x000000, 0x000000, 0x000000, 0x000000, 0x00dcfa, 0x000000, 0x000000,
    0x00ddc3, 0x000000, 0x00f9df, 0x000000, 0x000000, 0x000000, 0x000000, 0x000000, 0x000000,
    0x000000, 0x00e7ef, 0x000000, 0x000000, 0x000000, 0x000000, 0x00fde5, 0x00f6a3, 0x000000,
    0x00d9fc, 0x00fda9, 0x000000, 0x00e7ee, 0x000000, 0x000000, 0x00d5e5, 0x000000, 0x000000,
    0x000000, 0x000000, 0x000000, 0x00efd0, 0x000000, 0x00cdb1, 0x000000, 0x000000, 0x000000,
    0x000000, 0x000000, 0x000000, 0x00f7a2, 0x000000, 0x000000, 0x000000, 0x000000, 0x000000,
    0x000000, 0x000000, 0x000000, 0x000000, 0x000000, 0x000000, 0x000000, 0x000000, 0x000000,
    0x000000, 0x000000, 0x000000, 0x000000, 0x000000, 0x000000, 0x000000, 0x000000, 0x00f1b2,
    0x000000, 0x00f1b1, 0x000000, 0x000000, 0x000000, 0x000000, 0x000000, 0x000000, 0x00cdb2,
    0x000000, 0x00daab, 0x000000, 0x00caa7, 0x000000, 0x000000, 0x000000, 0x000000, 0x000000,
    0x00e3e2, 0x00fbbc, 0x00d9a4, 0x000000, 0x000000, 0x00eeba, 0x000000, 0x000000, 0x000000,
    0x000000, 0x000000, 0x00f8d3, 0x000000, 0x000000, 0x000000, 0x000000, 0x000000, 0x00fbfa,
    0x000000, 0x00cfa4, 0x000000, 0x00dcfb, 0x000000, 0x000000, 0x000000, 0x000000, 0x000000,
    0x000000, 0x000000, 0x000000, 0x000000, 0x000000, 0x000000, 0x000000, 0x000000, 0x000000,
    0x000000, 0x000000, 0x000000, 0x000000, 0x000000, 0x00f6e3, 0x000000, 0x000000, 0x000000,
    0x00edaa, 0x000000, 0x000000, 0x00f2a1, 0x00cee1, 0x000000, 0x000000, 0x000000, 0x000000,
    0x000000, 0x000000, 0x00faa6, 0x000000, 0x000000, 0x000000, 0x000000, 0x00f9e0, 0x000000,
    0x000000, 0x000000, 0x000000, 0x00ecd6, 0x000000, 0x000000, 0x00e4ee, 0x00f9a1, 0x000000,
    0x000000, 0x00fbef, 0x000000, 0x000000, 0x000000, 0x00f9eb, 0x00eea3, 0x000000, 0x000000,
    0x000000, 0x000000, 0x000000, 0x000000, 0x000000, 0x000000, 0x000000, 0x000000, 0x000000,
    0x000000, 0x000000, 0x000000, 0x000000, 0x000000, 0x000000, 0x000000, 0x000000, 0x000000,
    0x000000, 0x000000, 0x000000, 0x00eaac, 0x000000, 0x000000, 0x000000, 0x00caa8, 0x000000,
    0x000000, 0x00f4fa, 0x000000, 0x000000, 0x000000, 0x000000, 0x00cdd6, 0x00fcf6, 0x000000,
    0x000000, 0x000000, 0x00f4c9, 0x000000, 0x000000, 0x000000, 0x000000, 0x000000, 0x000000,
    0x000000, 0x00f8d4, 0x000000, 0x000000, 0x000000, 0x000000, 0x000000, 0x00f8a6, 0x000000,
    0x00deca, 0x00f2c6, 0x000000, 0x000000, 0x000000, 0x000000, 0x000000, 0x000000, 0x00d7da,
    0x000000, 0x00d3d0, 0x000000, 0x000000, 0x000000, 0x000000, 0x000000, 0x000000, 0x000000,
    0x000000, 0x000000, 0x000000, 0x000000, 0x00d8c5, 0x000000, 0x000000, 0x000000, 0x000000,
    0x000000, 0x000000, 0x000000, 0x000000, 0x000000, 0x000000, 0x000000, 0x000000, 0x000000,
    0x000000, 0x000000, 0x000000, 0x000000, 0x000000, 0x00eae6, 0x000000, 0x00f3dd, 0x000000,
    0x000000, 0x000000, 0x00e4da, 0x000000, 0x000000, 0x000000, 0x000000, 0x000000, 0x000000,
    0x000000, 0x000000, 0x00f6e4, 0x000000, 0x000000, 0x000000, 0x000000, 0x00f6f2, 0x000000,
    0x00dfc2, 0x000000, 0x000000, 0x000000, 0x000000, 0x000000, 0x000000, 0x000000, 0x000000,
    0x00d9fd, 0x000000, 0x000000, 0x000000, 0x00ccf6, 0x000000, 0x000000, 0x00d3ba, 0x000000,
    0x000000, 0x000000, 0x000000, 0x000000, 0x000000, 0x000000, 0x00e4af, 0x000000, 0x000000,
    0x000000, 0x000000, 0x00f9e1, 0x000000, 0x000000, 0x000000, 0x000000, 0x000000, 0x000000,
    0x000000, 0x000000, 0x000000, 0x000000, 0x000000, 0x000000, 0x000000, 0x000000, 0x000000,
    0x000000, 0x000000, 0x000000, 0x000000, 0x000000, 0x000000, 0x000000, 0x000000, 0x000000,
    0x00f0a6, 0x000000, 0x000000, 0x000000, 0x00cbd3, 0x000000, 0x000000, 0x000000, 0x00e0bc,
    0x000000, 0x00f4ca, 0x00d4fa, 0x000000, 0x00fdaa, 0x00f9e2, 0x000000, 0x000000, 0x000000,
    0x000000, 0x000000, 0x000000, 0x000000, 0x000000, 0x000000, 0x000000, 0x000000, 0x000000,
    0x000000, 0x00f4b7, 0x00fdc2, 0x00fcb0, 0x000000, 0x00fdec, 0x00cae2, 0x000000, 0x000000,
    0x000000, 0x000000, 0x000000, 0x000000, 0x000000, 0x000000, 0x000000, 0x00fdbd, 0x000000,
    0x00eae7, 0x00dfc3, 0x00d1d2, 0x00cee2, 0x000000, 0x00d3a4, 0x000000, 0x000000, 0x000000,
    0x000000, 0x000000, 0x000000, 0x000000, 0x000000, 0x000000, 0x000000, 0x000000, 0x000000,
    0x000000, 0x000000, 0x000000, 0x000000, 0x000000, 0x00fdab, 0x000000, 0x00dfe0, 0x000000,
    0x000000, 0x000000, 0x000000, 0x000000, 0x000000, 0x000000, 0x000000, 0x000000, 0x000000,
    0x000000, 0x000000, 0x00f2c7, 0x000000, 0x000000, 0x000000, 0x000000, 0x000000, 0x00e7f0,
    0x000000, 0x00d0ee, 0x000000, 0x000000, 0x00f3aa, 0x000000, 0x000000, 0x000000, 0x00decb,
    0x00f6b8, 0x000000, 0x000000, 0x000000, 0x000000, 0x000000, 0x000000, 0x000000, 0x000000,
    0x000000, 0x000000, 0x000000, 0x000000, 0x000000, 0x000000, 0x000000, 0x000000, 0x000000,
    0x000000, 0x000000, 0x000000, 0x000000, 0x000000, 0x000000, 0x000000, 0x00e1f5, 0x00f1b3,
    0x000000, 0x000000, 0x000000, 0x000000, 0x000000, 0x000000, 0x00f7a3, 0x000000, 0x000000,
    0x00caa9, 0x000000, 0x000000, 0x000000, 0x000000, 0x000000, 0x000000, 0x000000, 0x000000,
    0x000000, 0x000000, 0x00cfa5, 0x000000, 0x000000, 0x00dfc4, 0x000000, 0x000000, 0x000000,
    0x000000, 0x000000, 0x000000, 0x000000, 0x000000, 0x000000, 0x000000, 0x000000, 0x000000,
    0x000000, 0x000000, 0x000000, 0x000000, 0x000000, 0x000000, 0x000000, 0x000000, 0x000000,
    0x000000, 0x000000, 0x00e1b0, 0x000000, 0x000000, 0x00f0bf, 0x000000, 0x00f6a4, 0x000000,
    0x00e3b6, 0x000000, 0x000000, 0x000000, 0x000000, 0x000000, 0x000000, 0x000000, 0x000000,
    0x000000, 0x000000, 0x000000, 0x000000, 0x000000, 0x000000, 0x000000, 0x000000, 0x000000,
    0x000000, 0x000000, 0x00fac6, 0x000000, 0x000000, 0x000000, 0x000000, 0x000000, 0x000000,
    0x000000, 0x000000, 0x000000, 0x000000, 0x000000, 0x000000, 0x000000, 0x000000, 0x000000,
    0x000000, 0x000000, 0x000000, 0x000000, 0x000000, 0x00d0ef, 0x000000, 0x000000, 0x00fded,
    0x000000, 0x000000, 0x000000, 0x000000, 0x000000, 0x000000, 0x000000, 0x000000, 0x00ddc4,
    0x000000, 0x000000, 0x000000, 0x000000, 0x000000, 0x000000, 0x000000, 0x000000, 0x000000,
    0x000000, 0x000000, 0x00fcf7, 0x000000, 0x000000, 0x000000, 0x000000, 0x000000, 0x000000,
    0x000000, 0x000000, 0x000000, 0x000000, 0x000000, 0x000000, 0x000000, 0x000000, 0x000000,
    0x000000, 0x000000, 0x000000, 0x000000, 0x000000, 0x000000, 0x000000, 0x000000, 0x000000,
    0x000000, 0x000000, 0x000000, 0x000000, 0x000000, 0x000000, 0x00e6bf, 0x000000, 0x000000,
    0x000000, 0x000000, 0x000000, 0x000000, 0x00dead, 0x000000, 0x00fabf, 0x000000, 0x000000,
    0x000000, 0x000000, 0x000000, 0x00e5f1, 0x000000, 0x000000, 0x000000, 0x000000, 0x000000,
    0x000000, 0x000000, 0x00edc4, 0x000000, 0x000000, 0x000000, 0x000000, 0x000000, 0x000000,
    0x000000, 0x000000, 0x000000, 0x000000, 0x00d2a5, 0x000000, 0x000000, 0x00fdee, 0x000000,
    0x000000, 0x000000, 0x00f5b6, 0x000000, 0x000000, 0x000000, 0x000000, 0x000000, 0x000000,
    0x000000, 0x000000, 0x00e1f6, 0x00decc, 0x000000, 0x000000, 0x00fcde, 0x000000, 0x00ecd7,
    0x000000, 0x000000, 0x000000, 0x000000, 0x000000, 0x000000, 0x000000, 0x000000, 0x000000,
    0x000000, 0x000000, 0x000000, 0x000000, 0x000000, 0x000000, 0x00cddd, 0x000000, 0x000000,
    0x000000, 0x000000, 0x000000, 0x000000, 0x000000, 0x000000, 0x00d6b7, 0x00cdb3, 0x000000,
    0x000000, 0x000000, 0x000000, 0x000000, 0x00f8d5, 0x00e5d8, 0x000000, 0x000000, 0x000000,
    0x00cfea, 0x000000, 0x000000, 0x00cfd0, 0x000000, 0x00eacc, 0x000000, 0x000000, 0x000000,
    0x000000, 0x00eaae, 0x00eaad, 0x000000, 0x000000, 0x00d3f1, 0x000000, 0x00d3a5, 0x000000,
    0x000000, 0x000000, 0x000000, 0x000000, 0x000000, 0x00f7cf, 0x000000, 0x000000, 0x000000,
    0x000000, 0x000000, 0x000000, 0x000000, 0x000000, 0x00eea4, 0x000000, 0x000000, 0x000000,
    0x000000, 0x00d0a4, 0x000000, 0x000000, 0x00f2a2, 0x000000, 0x000000, 0x000000, 0x000000,
    0x000000, 0x000000, 0x000000, 0x000000, 0x000000, 0x000000, 0x00d0f0, 0x000000, 0x000000,
    0x000000, 0x000000, 0x00f2a3, 0x000000, 0x00f7f8, 0x000000, 0x000000, 0x000000, 0x000000,
    0x00d0b3, 0x000000, 0x000000, 0x00dba9, 0x000000, 0x000000, 0x00d3bb, 0x00caec, 0x000000,
    0x00f1a6, 0x00cbd5, 0x000000, 0x000000, 0x000000, 0x000000, 0x000000, 0x000000, 0x000000,
    0x000000, 0x000000, 0x000000, 0x000000, 0x000000, 0x000000, 0x000000, 0x000000, 0x00f7e7,
    0x000000, 0x000000, 0x00cdde, 0x000000, 0x00f7a4, 0x000000, 0x000000, 0x000000, 0x00f8c0,
    0x000000, 0x000000, 0x000000, 0x00d3dd, 0x000000, 0x00ccd0, 0x000000, 0x000000, 0x000000,
    0x000000, 0x00cfa6, 0x000000, 0x000000, 0x000000, 0x000000, 0x000000, 0x000000, 0x00f6f3,
    0x000000, 0x000000, 0x000000, 0x00e1f7, 0x000000, 0x000000, 0x000000, 0x000000, 0x000000,
    0x00d3dc, 0x000000, 0x000000, 0x00fafe, 0x000000, 0x000000, 0x000000, 0x000000, 0x000000,
    0x000000, 0x000000, 0x00faa7, 0x000000, 0x000000, 0x000000, 0x000000, 0x000000, 0x000000,
    0x000000, 0x000000, 0x000000, 0x000000, 0x000000, 0x000000, 0x00ebd9, 0x000000, 0x00cfa7,
    0x00eaaf, 0x000000, 0x000000, 0x000000, 0x000000, 0x000000, 0x000000, 0x000000, 0x000000,
    0x000000, 0x000000, 0x000000, 0x000000, 0x000000, 0x000000, 0x000000, 0x000000, 0x000000,
    0x000000, 0x000000, 0x000000, 0x000000, 0x000000, 0x000000, 0x000000, 0x000000, 0x000000,
    0x000000, 0x000000, 0x00e4ef, 0x000000, 0x000000, 0x000000, 0x00e9b9, 0x00f1d8, 0x000000,
    0x000000, 0x00d8d8, 0x000000, 0x000000, 0x00e0f2, 0x000000, 0x000000, 0x000000, 0x000000,
    0x000000, 0x000000, 0x000000, 0x000000, 0x000000, 0x000000, 0x000000, 0x000000, 0x000000,
    0x000000, 0x000000, 0x000000, 0x00e6b4, 0x00dcfc, 0x000000, 0x000000, 0x000000, 0x000000,
    0x000000, 0x000000, 0x000000, 0x000000, 0x000000, 0x000000, 0x000000, 0x000000, 0x000000,
    0x000000, 0x000000, 0x00f3f1, 0x000000, 0x000000, 0x000000, 0x00e3d0, 0x000000, 0x000000,
    0x00f2fb, 0x000000, 0x00dbc6, 0x00d0f1, 0x000000, 0x00d0f2, 0x000000, 0x000000, 0x000000,
    0x00cfdc, 0x000000, 0x00d3d1, 0x000000, 0x000000, 0x00ccb1, 0x00f7d8, 0x000000, 0x00cba8,
    0x00ebbc, 0x00e4be, 0x000000, 0x000000, 0x000000, 0x000000, 0x000000, 0x000000, 0x000000,
    0x000000, 0x000000, 0x000000, 0x000000, 0x000000, 0x000000, 0x000000, 0x000000, 0x000000,
    0x000000, 0x000000, 0x000000, 0x00f4dc, 0x000000, 0x000000, 0x00dcc2, 0x000000, 0x000000,
    0x00f0a7, 0x000000, 0x000000, 0x00e6c0, 0x000000, 0x000000, 0x00caed, 0x000000, 0x000000,
    0x000000, 0x000000, 0x00e8eb, 0x00e5e8, 0x00dcc3, 0x000000, 0x000000, 0x00edde, 0x00d3f2,
    0x000000, 0x000000, 0x000000, 0x000000, 0x00ccf7, 0x000000, 0x000000, 0x000000, 0x000000,
    0x000000, 0x000000, 0x000000, 0x000000, 0x000000, 0x000000, 0x00ced4, 0x00e7ab, 0x000000,
    0x000000, 0x000000, 0x00cbc3, 0x000000, 0x00e1b1, 0x000000, 0x000000, 0x00f7b2, 0x000000,
    0x000000, 0x00d3f3, 0x00d3d2, 0x000000, 0x00f5c0, 0x000000, 0x000000, 0x000000, 0x00dfdd,
    0x000000, 0x000000, 0x00eef3, 0x00e7f1, 0x000000, 0x00fdb4, 0x000000, 0x000000, 0x000000,
    0x000000, 0x000000, 0x000000, 0x000000, 0x000000, 0x000000, 0x000000, 0x000000, 0x000000,
    0x000000, 0x000000, 0x000000, 0x000000, 0x00f2c8, 0x000000, 0x000000, 0x000000, 0x00f3d2,
    0x000000, 0x000000, 0x00eef4, 0x000000, 0x00e2d3, 0x000000, 0x000000, 0x000000, 0x00ccd1,
    0x000000, 0x00dfea, 0x000000, 0x000000, 0x000000, 0x00e9ba, 0x000000, 0x000000, 0x000000,
    0x000000, 0x000000, 0x000000, 0x000000, 0x000000, 0x000000, 0x00d9d7, 0x000000, 0x000000,
    0x000000, 0x000000, 0x000000, 0x000000, 0x000000, 0x000000, 0x00f5cd, 0x000000, 0x00f1f2,
    0x00fac7, 0x000000, 0x000000, 0x000000, 0x000000, 0x000000, 0x000000, 0x000000, 0x000000,
    0x00d9f8, 0x00d4c2, 0x000000, 0x000000, 0x000000, 0x000000, 0x00f6e5, 0x000000, 0x000000,
    0x000000, 0x000000, 0x00ddc5, 0x000000, 0x000000, 0x000000, 0x000000, 0x000000, 0x000000,
    0x00e7f2, 0x00eddf, 0x000000, 0x000000, 0x00cacb, 0x000000, 0x00dbfa, 0x000000, 0x000000,
    0x000000, 0x00e8b5, 0x000000, 0x00d3a6, 0x000000, 0x000000, 0x000000, 0x000000, 0x000000,
    0x000000, 0x00fdb5, 0x000000, 0x000000, 0x00f9c9, 0x000000, 0x00e4e2, 0x000000, 0x00fbbd,
    0x000000, 0x000000, 0x00d7a4, 0x00cec5, 0x000000, 0x000000, 0x000000, 0x000000, 0x00ced5,
    0x00d6e6, 0x000000, 0x000000, 0x000000, 0x000000, 0x00e5bd, 0x000000, 0x000000, 0x000000,
    0x000000, 0x000000, 0x000000, 0x00decd, 0x00ecf3, 0x000000, 0x000000, 0x00ede0, 0x000000,
    0x000000, 0x000000, 0x000000, 0x000000, 0x000000, 0x000000, 0x000000, 0x000000, 0x00ecec,
    0x00fbbe, 0x00dfeb, 0x000000, 0x00e1f8, 0x000000, 0x000000, 0x000000, 0x000000, 0x000000,
    0x000000, 0x000000, 0x000000, 0x000000, 0x000000, 0x000000, 0x000000, 0x000000, 0x000000,
    0x000000, 0x00f9be, 0x000000, 0x000000, 0x000000, 0x000000, 0x00d0f3, 0x00e0aa, 0x00e8e2,
    0x000000, 0x000000, 0x00e2d4, 0x00d2fd, 0x000000, 0x00e5a8, 0x000000, 0x000000, 0x000000,
    0x000000, 0x000000, 0x00d9d3, 0x000000, 0x000000, 0x000000, 0x000000, 0x00d3de, 0x000000,
    0x00f4b8, 0x00f7bc, 0x00dcfd, 0x000000, 0x00e8ec, 0x00e4e7, 0x000000, 0x000000, 0x00e3f7,
    0x000000, 0x000000, 0x000000, 0x000000, 0x000000, 0x00eca8, 0x000000, 0x000000, 0x000000,
    0x000000, 0x000000, 0x000000, 0x00faf1, 0x000000, 0x000000, 0x000000, 0x000000, 0x00e5f2,
    0x000000, 0x000000, 0x00d0f4, 0x00d2af, 0x00dce5, 0x000000, 0x000000, 0x000000, 0x000000,
    0x00d0a5, 0x00f1b4, 0x00fcb1, 0x00ccf8, 0x000000, 0x000000, 0x00ddc6, 0x00fad1, 0x000000,
    0x00f7df, 0x000000, 0x000000, 0x00faa8, 0x000000, 0x000000, 0x000000, 0x000000, 0x000000,
    0x00eef5, 0x000000, 0x00dece, 0x000000, 0x000000, 0x000000, 0x000000, 0x00e7f3, 0x000000,
    0x000000, 0x00f7ac, 0x00ebc4, 0x00ede1, 0x00e0ab, 0x00ddc7, 0x000000, 0x000000, 0x000000,
    0x000000, 0x00d2b3, 0x00d2bf, 0x000000, 0x000000, 0x000000, 0x00cacc, 0x000000, 0x000000,
    0x000000, 0x000000, 0x00fbbf, 0x000000, 0x000000, 0x00e5fd, 0x00dde5, 0x00d8cd, 0x000000,
    0x000000, 0x000000, 0x000000, 0x000000, 0x00ecf4, 0x000000, 0x000000, 0x000000, 0x000000,
    0x000000, 0x000000, 0x000000, 0x000000, 0x00d0f5, 0x000000, 0x000000, 0x00e8ed, 0x00d0d2,
    0x000000, 0x00d9d8, 0x000000, 0x000000, 0x000000, 0x000000, 0x000000, 0x000000, 0x000000,
    0x000000, 0x000000, 0x000000, 0x000000, 0x00f6e6, 0x000000, 0x000000, 0x00dbaa, 0x000000,
    0x000000, 0x000000, 0x00f7e0, 0x000000, 0x000000, 0x000000, 0x000000, 0x000000, 0x000000,
    0x000000, 0x000000, 0x000000, 0x000000, 0x000000, 0x000000, 0x00d8d9, 0x000000, 0x00f4a3,
    0x000000, 0x000000, 0x00f4dd, 0x000000, 0x000000, 0x000000, 0x00efd1, 0x000000, 0x000000,
    0x00d9b5, 0x000000, 0x000000, 0x00edab, 0x000000, 0x00e3b7, 0x000000, 0x000000, 0x000000,
    0x000000, 0x00eebb, 0x00cdb4, 0x000000, 0x00e0f3, 0x00eacd, 0x000000, 0x000000, 0x000000,
    0x000000, 0x00ecf5, 0x00e8ee, 0x000000, 0x00cba9, 0x00f1af, 0x000000, 0x000000, 0x000000,
    0x000000, 0x000000, 0x000000, 0x000000, 0x000000, 0x00cacd, 0x000000, 0x00eca9, 0x000000,
    0x00f2eb, 0x000000, 0x00fdef, 0x000000, 0x00f9f3, 0x000000, 0x000000, 0x000000, 0x000000,
    0x000000, 0x000000, 0x000000, 0x000000, 0x000000, 0x00e6c1, 0x000000, 0x000000, 0x00ecd8,
    0x000000, 0x000000, 0x000000, 0x00edac, 0x000000, 0x00eace, 0x000000, 0x00e8df, 0x000000,
    0x000000, 0x000000, 0x000000, 0x000000, 0x000000, 0x000000, 0x000000, 0x000000, 0x000000,
    0x000000, 0x000000, 0x000000, 0x00decf, 0x000000, 0x000000, 0x000000, 0x000000, 0x000000,
    0x000000, 0x00d2a6, 0x000000, 0x000000, 0x00e7f4, 0x00d1d6, 0x000000, 0x000000, 0x00e6c2,
    0x00e3e3, 0x000000, 0x000000, 0x000000, 0x000000, 0x00e4b0, 0x000000, 0x000000, 0x000000,
    0x00d8b4, 0x000000, 0x000000, 0x000000, 0x000000, 0x000000, 0x000000, 0x000000, 0x000000,
    0x000000, 0x000000, 0x000000, 0x000000, 0x00f6a5, 0x000000, 0x000000, 0x000000, 0x000000,
    0x000000, 0x00f3de, 0x000000, 0x000000, 0x000000, 0x00d7a5, 0x000000, 0x000000, 0x000000,
    0x000000, 0x00f7e8, 0x000000, 0x000000, 0x00e8c6, 0x000000, 0x000000, 0x000000, 0x000000,
    0x000000, 0x000000, 0x000000, 0x000000, 0x000000, 0x000000, 0x000000, 0x000000, 0x000000,
    0x000000, 0x000000, 0x000000, 0x00fbe6, 0x000000, 0x000000, 0x000000, 0x000000, 0x000000,
    0x000000, 0x000000, 0x00dde6, 0x000000, 0x000000, 0x000000, 0x00dcfe, 0x000000, 0x000000,
    0x000000, 0x000000, 0x000000, 0x000000, 0x000000, 0x000000, 0x000000, 0x000000, 0x000000,
    0x000000, 0x000000, 0x000000, 0x000000, 0x000000, 0x000000, 0x000000, 0x000000, 0x000000,
    0x000000, 0x000000, 0x000000, 0x000000, 0x000000, 0x00d8da, 0x000000, 0x000000, 0x000000,
    0x000000, 0x000000, 0x000000, 0x000000, 0x00daac, 0x00eab0, 0x000000, 0x000000, 0x000000,
    0x000000, 0x000000, 0x000000, 0x000000, 0x000000, 0x00e3b8, 0x000000, 0x000000, 0x000000,
    0x000000, 0x000000, 0x000000, 0x000000, 0x000000, 0x000000, 0x000000, 0x000000, 0x000000,
    0x000000, 0x000000, 0x000000, 0x000000, 0x000000, 0x000000, 0x000000, 0x000000, 0x000000,
    0x000000, 0x000000, 0x000000, 0x000000, 0x000000, 0x000000, 0x00caaa, 0x00e1f9, 0x000000,
    0x00eab1, 0x000000, 0x000000, 0x000000, 0x000000, 0x00f2ec, 0x000000, 0x000000, 0x00faee,
    0x000000, 0x000000, 0x000000, 0x000000, 0x000000, 0x000000, 0x000000, 0x000000, 0x000000,
    0x000000, 0x000000, 0x000000, 0x000000, 0x000000, 0x000000, 0x000000, 0x000000, 0x000000,
    0x000000, 0x000000, 0x00eed5, 0x000000, 0x000000, 0x000000, 0x000000, 0x00f9f4, 0x000000,
    0x000000, 0x00d2ec, 0x000000, 0x000000, 0x000000, 0x000000, 0x000000, 0x000000, 0x000000,
    0x000000, 0x000000, 0x000000, 0x000000, 0x000000, 0x000000, 0x000000, 0x000000, 0x000000,
    0x000000, 0x000000, 0x000000, 0x000000, 0x000000, 0x000000, 0x00fbfb, 0x000000, 0x000000,
    0x000000, 0x00fdf0, 0x000000, 0x00e0bd, 0x00cee3, 0x000000, 0x000000, 0x000000, 0x000000,
    0x000000, 0x000000, 0x000000, 0x000000, 0x000000, 0x00f8c6, 0x000000, 0x000000, 0x000000,
    0x000000, 0x000000, 0x000000, 0x000000, 0x000000, 0x000000, 0x000000, 0x000000, 0x000000,
    0x000000, 0x000000, 0x000000, 0x000000, 0x000000, 0x000000, 0x000000, 0x00deae, 0x000000,
    0x000000, 0x000000, 0x000000, 0x000000, 0x000000, 0x000000, 0x000000, 0x000000, 0x000000,
    0x000000, 0x000000, 0x000000, 0x000000, 0x000000, 0x000000, 0x000000, 0x000000, 0x000000,
    0x000000, 0x000000, 0x00dfc5, 0x000000, 0x000000, 0x00e5be, 0x000000, 0x000000, 0x000000,
    0x000000, 0x000000, 0x000000, 0x000000, 0x000000, 0x000000, 0x000000, 0x000000, 0x000000,
    0x00edad, 0x00faea, 0x000000, 0x000000, 0x00cdee, 0x00eda6, 0x000000, 0x00edae, 0x00f0ed,
    0x000000, 0x00dda1, 0x000000, 0x00edaf, 0x00fcf8, 0x000000, 0x00d8eb, 0x000000, 0x000000,
    0x000000, 0x00ccf9, 0x00cdb5, 0x000000, 0x000000, 0x000000, 0x000000, 0x00faa9, 0x000000,
    0x00e1dd, 0x000000, 0x000000, 0x000000, 0x000000, 0x00e2d5, 0x00edcf, 0x000000, 0x000000,
    0x000000, 0x00dda2, 0x000000, 0x000000, 0x00f9ca, 0x000000, 0x00eae8, 0x000000, 0x00e5ed,
    0x000000, 0x000000, 0x000000, 0x000000, 0x000000, 0x00d3eb, 0x000000, 0x00e9d4, 0x00e1fa,
    0x00e4cc, 0x000000, 0x00e1e4, 0x00e8c7, 0x000000, 0x000000, 0x00cedb, 0x000000, 0x000000,
    0x000000, 0x00dcd5, 0x000000, 0x00f7b5, 0x00fcf3, 0x00f0f3, 0x00ceaf, 0x00f1b5, 0x00efd2,
    0x00e8c8, 0x00ebf1, 0x000000, 0x000000, 0x000000, 0x000000, 0x000000, 0x00cbd4, 0x00e0be,
    0x00e3f8, 0x00eae9, 0x00fcb2, 0x000000, 0x000000, 0x000000, 0x000000, 0x000000, 0x00e0f4,
    0x000000, 0x00cfe0, 0x000000, 0x00eea5, 0x000000, 0x000000, 0x00faaa, 0x00e6c3, 0x00e1b2,
    0x00caab, 0x000000, 0x00e3e4, 0x00e9bb, 0x000000, 0x000000, 0x000000, 0x000000, 0x000000,
    0x00e2d6, 0x00f3f2, 0x000000, 0x00eed6, 0x00eab2, 0x00d0f6, 0x00ecd9, 0x00dacb, 0x00cfa8,
    0x000000, 0x000000, 0x000000, 0x000000, 0x00dda3, 0x000000, 0x000000, 0x000000, 0x00d8db,
    0x000000, 0x00f9ce, 0x00e9d5, 0x00e3d1, 0x000000, 0x000000, 0x00d2bc, 0x000000, 0x000000,
    0x000000, 0x000000, 0x000000, 0x000000, 0x00d8ac, 0x00f3cc, 0x000000, 0x00cdfb, 0x00f6d6,
    0x000000, 0x00e7f5, 0x00e8ef, 0x00e3f9, 0x00d2bb, 0x00f3f3, 0x00e3fb, 0x000000, 0x00ded0,
    0x00ceb0, 0x000000, 0x00d6f7, 0x00f1d9, 0x000000, 0x000000, 0x000000, 0x000000, 0x000000,
    0x00f5c1, 0x00dcc4, 0x000000, 0x00f5bb, 0x000000, 0x00ded1, 0x000000, 0x000000, 0x000000,
    0x000000, 0x000000, 0x00dce6, 0x000000, 0x000000, 0x00ded2, 0x000000, 0x000000, 0x00ede2,
    0x00eef6, 0x00eacf, 0x00f0ee, 0x00e3fc, 0x000000, 0x00d3df, 0x00d3f4, 0x00e1b3, 0x000000,
    0x00e1b4, 0x000000, 0x000000, 0x000000, 0x000000, 0x00f4d3, 0x000000, 0x000000, 0x00dfc6,
    0x000000, 0x000000, 0x000000, 0x000000, 0x000000, 0x000000, 0x000000, 0x000000, 0x000000,
    0x000000, 0x00e9d6, 0x000000, 0x000000, 0x000000, 0x00dbab, 0x000000, 0x000000, 0x000000,
    0x000000, 0x000000, 0x000000, 0x000000, 0x000000, 0x00f6a6, 0x000000, 0x000000, 0x000000,
    0x000000, 0x000000, 0x000000, 0x00e3b9, 0x00ebc5, 0x00f4a9, 0x00cdb6, 0x00d2f9, 0x000000,
    0x00daad, 0x00d2e3, 0x00cfd1, 0x000000, 0x000000, 0x000000, 0x000000, 0x00cbdc, 0x00ccfa,
    0x000000, 0x00cfdd, 0x000000, 0x000000, 0x00e8a9, 0x000000, 0x00e3bb, 0x00e3ba, 0x000000,
    0x000000, 0x00e0da, 0x000000, 0x000000, 0x000000, 0x00eef7, 0x000000, 0x000000, 0x000000,
    0x000000, 0x000000, 0x00dcb3, 0x000000, 0x000000, 0x000000, 0x000000, 0x00d3f5, 0x000000,
    0x00d7a6, 0x000000, 0x00f6b5, 0x00d7db, 0x000000, 0x000000, 0x000000, 0x000000, 0x000000,
    0x000000, 0x00e1d5, 0x000000, 0x000000, 0x00d4ea, 0x000000, 0x00dfa3, 0x000000, 0x000000,
    0x000000, 0x000000, 0x000000, 0x000000, 0x000000, 0x00fddf, 0x000000, 0x000000, 0x000000,
    0x000000, 0x000000, 0x000000, 0x000000, 0x000000, 0x000000, 0x000000, 0x000000, 0x000000,
    0x000000, 0x000000, 0x000000, 0x000000, 0x00d0f7, 0x00edd4, 0x000000, 0x000000, 0x000000,
    0x000000, 0x000000, 0x000000, 0x000000, 0x000000, 0x000000, 0x000000, 0x000000, 0x000000,
    0x000000, 0x000000, 0x000000, 0x00cbaa, 0x000000, 0x000000, 0x000000, 0x000000, 0x000000,
    0x000000, 0x000000, 0x00e4db, 0x000000, 0x00e1fb, 0x00cba2, 0x000000, 0x000000, 0x000000,
    0x000000, 0x00d3e0, 0x000000, 0x00e4bf, 0x000000, 0x00fbc0, 0x000000, 0x00dabe, 0x00e4cd,
    0x000000, 0x00d6b9, 0x000000, 0x000000, 0x000000, 0x00efc0, 0x000000, 0x00e1fc, 0x000000,
    0x000000, 0x000000, 0x000000, 0x000000, 0x000000, 0x000000, 0x000000, 0x000000, 0x000000,
    0x000000, 0x000000, 0x000000, 0x000000, 0x000000, 0x000000, 0x000000, 0x000000, 0x000000,
    0x000000, 0x000000, 0x000000, 0x000000, 0x000000, 0x00f6b9, 0x000000, 0x000000, 0x000000,
    0x000000, 0x000000, 0x000000, 0x00dfc7, 0x000000, 0x000000, 0x000000, 0x000000, 0x000000,
    0x000000, 0x000000, 0x00e4b1, 0x000000, 0x000000, 0x000000, 0x000000, 0x000000, 0x000000,
    0x00dce7, 0x00dce8, 0x000000, 0x000000, 0x000000, 0x00fad6, 0x000000, 0x00d3f6, 0x000000,
    0x000000, 0x000000, 0x000000, 0x00f1da, 0x000000, 0x00faf2, 0x000000, 0x000000, 0x000000,
    0x000000, 0x000000, 0x000000, 0x000000, 0x00e2fd, 0x000000, 0x000000, 0x000000, 0x000000,
    0x000000, 0x00d5cf, 0x00d0f8, 0x000000, 0x000000, 0x00cddf, 0x000000, 0x000000, 0x00f5cb,
    0x000000, 0x00e4f0, 0x00cbab, 0x000000, 0x00d7c4, 0x000000, 0x000000, 0x000000, 0x000000,
    0x000000, 0x000000, 0x000000, 0x000000, 0x000000, 0x000000, 0x000000, 0x000000, 0x000000,
    0x00e2fe, 0x000000, 0x00ddda, 0x000000, 0x000000, 0x000000, 0x000000, 0x000000, 0x000000,
    0x000000, 0x000000, 0x000000, 0x000000, 0x000000, 0x000000, 0x000000, 0x000000, 0x000000,
    0x000000, 0x000000, 0x000000, 0x000000, 0x000000, 0x000000, 0x000000, 0x00daae, 0x00caee,
    0x000000, 0x000000, 0x000000, 0x00d5b9, 0x000000, 0x000000, 0x000000, 0x000000, 0x000000,
    0x000000, 0x000000, 0x000000, 0x000000, 0x000000, 0x000000, 0x000000, 0x000000, 0x000000,
    0x000000, 0x000000, 0x000000, 0x000000, 0x000000, 0x000000, 0x000000, 0x000000, 0x000000,
    0x000000, 0x00e3a1, 0x000000, 0x000000, 0x00e8e3, 0x000000, 0x000000, 0x00f3ab, 0x000000,
    0x000000, 0x000000, 0x000000, 0x000000, 0x000000, 0x000000, 0x000000, 0x000000, 0x000000,
    0x000000, 0x000000, 0x000000, 0x000000, 0x000000, 0x000000, 0x00cfa9, 0x000000, 0x000000,
    0x000000, 0x00d3f7, 0x000000, 0x000000, 0x000000, 0x000000, 0x000000, 0x000000, 0x000000,
    0x000000, 0x000000, 0x000000, 0x000000, 0x000000, 0x000000, 0x000000, 0x000000, 0x000000,
    0x000000, 0x00d4f1, 0x000000, 0x000000, 0x00cee4, 0x000000, 0x00e8f2, 0x000000, 0x000000,
    0x000000, 0x000000, 0x000000, 0x000000, 0x000000, 0x00e5f5, 0x000000, 0x000000, 0x000000,
    0x000000, 0x000000, 0x000000, 0x000000, 0x000000, 0x000000, 0x000000, 0x000000, 0x000000,
    0x000000, 0x00e7ae, 0x000000, 0x00d6ba, 0x000000, 0x00dfec, 0x00e4c0, 0x000000, 0x000000,
    0x000000, 0x000000, 0x000000, 0x000000, 0x000000, 0x000000, 0x000000, 0x000000, 0x000000,
    0x000000, 0x000000, 0x00e8e4, 0x000000, 0x000000, 0x000000, 0x000000, 0x00d8b5, 0x000000,
    0x000000, 0x000000, 0x00e4dc, 0x000000, 0x000000, 0x000000, 0x000000, 0x000000, 0x000000,
    0x00f4b9, 0x00f1b6, 0x000000, 0x000000, 0x00e2de, 0x00e1b5, 0x000000, 0x000000, 0x00cdef,
    0x00f1a7, 0x00cee5, 0x00cbdd, 0x000000, 0x000000, 0x00d9e3, 0x000000, 0x000000, 0x00f3ac,
    0x000000, 0x000000, 0x00d0f9, 0x00ecab, 0x00ded3, 0x00f7e9, 0x000000, 0x000000, 0x00f9f5,
    0x000000, 0x000000, 0x000000, 0x000000, 0x000000, 0x00e1de, 0x00cbee, 0x000000, 0x000000,
    0x00e3bc, 0x00f8d6, 0x000000, 0x000000, 0x00dbee, 0x000000, 0x000000, 0x000000, 0x000000,
    0x000000, 0x00fdf1, 0x000000, 0x000000, 0x000000, 0x000000, 0x00f7b6, 0x000000, 0x000000,
    0x000000, 0x000000, 0x00f4de, 0x000000, 0x000000, 0x00f2ed, 0x000000, 0x00dbd9, 0x000000,
    0x00f0a8, 0x000000, 0x000000, 0x000000, 0x000000, 0x000000, 0x000000, 0x000000, 0x00e1fd,
    0x000000, 0x000000, 0x000000, 0x000000, 0x000000, 0x00ded4, 0x000000, 0x00e0ac, 0x000000,
    0x000000, 0x000000, 0x000000, 0x000000, 0x00ede3, 0x000000, 0x000000, 0x00d3e1, 0x000000,
    0x00dfc8, 0x000000, 0x000000, 0x000000, 0x000000, 0x00d9b6, 0x000000, 0x00fdac, 0x00efd3,
    0x000000, 0x000000, 0x000000, 0x00e4c1, 0x00f8eb, 0x000000, 0x00dbac, 0x000000, 0x000000,
    0x000000, 0x000000, 0x00fcc6, 0x000000, 0x000000, 0x000000, 0x000000, 0x000000, 0x000000,
    0x000000, 0x000000, 0x00d8ad, 0x000000, 0x000000, 0x000000, 0x000000, 0x000000, 0x000000,
    0x000000, 0x000000, 0x000000, 0x00f6ba, 0x000000, 0x00dbdf, 0x00d3d3, 0x00f8c7, 0x000000,
    0x000000, 0x000000, 0x000000, 0x000000, 0x000000, 0x000000, 0x000000, 0x000000, 0x000000,
    0x000000, 0x000000, 0x000000, 0x000000, 0x00cace, 0x00f8c1, 0x00d2b4, 0x000000, 0x000000,
    0x00dcb4, 0x00fab9, 0x00cacf, 0x000000, 0x00fcb3, 0x00eaea, 0x00eaeb, 0x00d0fa, 0x000000,
    0x000000, 0x000000, 0x000000, 0x00ede4, 0x000000, 0x000000, 0x00dde7, 0x000000, 0x000000,
    0x00dfc9, 0x000000, 0x000000, 0x000000, 0x000000, 0x00dfed, 0x000000, 0x000000, 0x000000,
    0x000000, 0x000000, 0x00eebc, 0x000000, 0x00efc1, 0x000000, 0x000000, 0x00ccd2, 0x000000,
    0x00dda4, 0x000000, 0x000000, 0x000000, 0x00dfca, 0x000000, 0x000000, 0x000000, 0x000000,
    0x000000, 0x00d3f8, 0x00f1a8, 0x000000, 0x000000, 0x000000, 0x00cdb7, 0x000000, 0x00efd4,
    0x000000, 0x000000, 0x000000, 0x000000, 0x000000, 0x000000, 0x000000, 0x00e4dd, 0x00dfee,
    0x00cbac, 0x00e9bc, 0x000000, 0x000000, 0x000000, 0x000000, 0x000000, 0x00eaec, 0x000000,
    0x000000, 0x00dfcb, 0x000000, 0x000000, 0x000000, 0x000000, 0x000000, 0x00f9bf, 0x00d6af,
    0x00d5c6, 0x000000, 0x000000, 0x000000, 0x000000, 0x000000, 0x00cfaa, 0x000000, 0x000000,
    0x00cea9, 0x000000, 0x000000, 0x00d6f8, 0x000000, 0x000000, 0x000000, 0x00f1b7, 0x00eef8,
    0x000000, 0x000000, 0x000000, 0x00d9d9, 0x00f3df, 0x000000, 0x00f8c8, 0x00cec6, 0x000000,
    0x000000, 0x000000, 0x000000, 0x000000, 0x000000, 0x000000, 0x000000, 0x00d5e6, 0x000000,
    0x000000, 0x000000, 0x000000, 0x000000, 0x000000, 0x00f4e6, 0x000000, 0x000000, 0x00e6c5,
    0x00efd5, 0x000000, 0x000000, 0x00cbef, 0x00fcdf, 0x000000, 0x000000, 0x000000, 0x000000,
    0x00dca7, 0x000000, 0x000000, 0x00d6e7, 0x000000, 0x000000, 0x000000, 0x000000, 0x000000,
    0x00f8c9, 0x000000, 0x000000, 0x000000, 0x000000, 0x00e3d2, 0x000000, 0x00e3bd, 0x000000,
    0x00cfe1, 0x00f0c0, 0x00ecda, 0x000000, 0x00ddd7, 0x00fbf0, 0x000000, 0x000000, 0x00ecac,
    0x000000, 0x000000, 0x000000, 0x00f0a9, 0x000000, 0x000000, 0x000000, 0x000000, 0x000000,
    0x000000, 0x00fad7, 0x00fbc1, 0x000000, 0x00d2c0, 0x000000, 0x000000, 0x000000, 0x000000,
    0x000000, 0x000000, 0x000000, 0x00e5b0, 0x000000, 0x000000, 0x000000, 0x00ede5, 0x000000,
    0x000000, 0x000000, 0x000000, 0x00cbad, 0x000000, 0x00f9b0, 0x000000, 0x000000, 0x000000,
    0x000000, 0x000000, 0x000000, 0x000000, 0x000000, 0x00f7a5, 0x000000, 0x00cbae, 0x000000,
    0x00daaf, 0x000000, 0x00d8b6, 0x000000, 0x000000, 0x000000, 0x000000, 0x000000, 0x000000,
    0x000000, 0x00d3a7, 0x00fbb2, 0x000000, 0x00fdc4, 0x000000, 0x00ecad, 0x000000, 0x000000,
    0x000000, 0x000000, 0x000000, 0x000000, 0x00fba1, 0x000000, 0x000000, 0x000000, 0x00e5e9,
    0x00e9ee, 0x000000, 0x00f3f4, 0x00f8f3, 0x00f0c1, 0x00deaf, 0x00f8b0, 0x000000, 0x000000,
    0x00f3e0, 0x00e7af, 0x000000, 0x000000, 0x000000, 0x000000, 0x000000, 0x00dbad, 0x000000,
    0x00e6b5, 0x000000, 0x000000, 0x00f9a8, 0x000000, 0x000000, 0x00ddd8, 0x00e8d9, 0x00efd6,
    0x000000, 0x000000, 0x000000, 0x00d3e2, 0x000000, 0x00e2df, 0x000000, 0x000000, 0x00fce0,
    0x00d7c8, 0x00fdad, 0x000000, 0x000000, 0x000000, 0x00dfef, 0x00ccd3, 0x00d3f9, 0x000000,
    0x000000, 0x000000, 0x000000, 0x00d4f0, 0x00dbc7, 0x00ded5, 0x000000, 0x000000, 0x000000,
    0x000000, 0x00f0f4, 0x000000, 0x00d5d0, 0x00e5d9, 0x000000, 0x000000, 0x000000, 0x000000,
    0x000000, 0x000000, 0x00fcc7, 0x00dcd6, 0x00e2e0, 0x000000, 0x000000, 0x000000, 0x00dab0,
    0x000000, 0x000000, 0x000000, 0x000000, 0x000000, 0x000000, 0x00f3a3, 0x000000, 0x00d3ec,
    0x000000, 0x00f4cb, 0x000000, 0x000000, 0x000000, 0x00fdc5, 0x000000, 0x000000, 0x000000,
    0x00e3fd, 0x000000, 0x00f9b1, 0x000000, 0x000000, 0x000000, 0x000000, 0x000000, 0x000000,
    0x00d0fb, 0x00ecdb, 0x000000, 0x000000, 0x000000, 0x000000, 0x000000, 0x000000, 0x000000,
    0x000000, 0x00f5bc, 0x00f2a4, 0x00d8ce, 0x00d8cf, 0x000000, 0x000000, 0x000000, 0x000000,
    0x000000, 0x000000, 0x00f5f7, 0x000000, 0x000000, 0x000000, 0x000000, 0x000000, 0x000000,
    0x000000, 0x000000, 0x000000, 0x000000, 0x00f6e1, 0x000000, 0x000000, 0x000000, 0x000000,
    0x000000, 0x000000, 0x000000, 0x000000, 0x000000, 0x00d2b7, 0x000000, 0x000000, 0x000000,
    0x000000, 0x000000, 0x000000, 0x000000, 0x00fbec, 0x000000, 0x00ddc8, 0x000000, 0x000000,
    0x000000, 0x000000, 0x000000, 0x000000, 0x000000, 0x000000, 0x000000, 0x000000, 0x000000,
    0x000000, 0x000000, 0x000000, 0x000000, 0x00e4e8, 0x000000, 0x000000, 0x00d2c1, 0x000000,
    0x000000, 0x000000, 0x00f8d7, 0x000000, 0x000000, 0x000000, 0x000000, 0x000000, 0x00d6bb,
    0x00ded6, 0x000000, 0x000000, 0x00f7bd, 0x00ecae, 0x000000, 0x000000, 0x000000, 0x00d0e1,
    0x000000, 0x00e0f5, 0x00eab3, 0x000000, 0x00ced6, 0x000000, 0x000000, 0x000000, 0x000000,
    0x00cca5, 0x000000, 0x000000, 0x000000, 0x000000, 0x000000, 0x000000, 0x000000, 0x000000,
    0x000000, 0x000000, 0x000000, 0x000000, 0x000000, 0x000000, 0x000000, 0x000000, 0x00ecf6,
    0x00e2e1, 0x00e3be, 0x000000, 0x000000, 0x000000, 0x000000, 0x000000, 0x000000, 0x000000,
    0x000000, 0x000000, 0x00fcc8, 0x000000, 0x000000, 0x00cdf0, 0x000000, 0x00f9f6, 0x000000,
    0x000000, 0x00dff0, 0x000000, 0x000000, 0x000000, 0x00e5bf, 0x000000, 0x000000, 0x000000,
    0x00cebf, 0x000000, 0x000000, 0x000000, 0x000000, 0x00fce1, 0x00edb0, 0x00fdd1, 0x00f6bb,
    0x000000, 0x000000, 0x00f9cf, 0x00ebda, 0x00cac1, 0x000000, 0x00d2b8, 0x00cdf1, 0x000000,
    0x00e3d3, 0x00fde6, 0x000000, 0x000000, 0x000000, 0x000000, 0x000000, 0x000000, 0x000000,
    0x000000, 0x000000, 0x000000, 0x000000, 0x000000, 0x000000, 0x000000, 0x000000, 0x00e6ed,
    0x000000, 0x000000, 0x000000, 0x00e3fa, 0x000000, 0x000000, 0x00f0aa, 0x00f9d0, 0x000000,
    0x000000, 0x000000, 0x000000, 0x000000, 0x000000, 0x00fce2, 0x000000, 0x00f8a7, 0x000000,
    0x000000, 0x000000, 0x00e1e5, 0x00eef9, 0x000000, 0x000000, 0x000000, 0x00e7f6, 0x00eaed,
    0x000000, 0x000000, 0x00fcb4, 0x00f5c2, 0x000000, 0x000000, 0x00d7dc, 0x000000, 0x000000,
    0x000000, 0x000000, 0x000000, 0x000000, 0x000000, 0x000000, 0x00f0f5, 0x000000, 0x00dde8,
    0x00d3ed, 0x00f5fc, 0x000000, 0x00dabf, 0x000000, 0x00ccfb, 0x000000, 0x000000, 0x000000,
    0x00d3fa, 0x00f4a4, 0x000000, 0x000000, 0x000000, 0x000000, 0x000000, 0x00efd7, 0x000000,
    0x00d4c3, 0x000000, 0x000000, 0x000000, 0x000000, 0x000000, 0x000000, 0x000000, 0x000000,
    0x000000, 0x00fbe3, 0x000000, 0x000000, 0x000000, 0x000000, 0x000000, 0x000000, 0x000000,
    0x000000, 0x00fbed, 0x000000, 0x00e0ad, 0x000000, 0x000000, 0x00eaee, 0x00fbb3, 0x00e4c2,
    0x000000, 0x000000, 0x000000, 0x000000, 0x000000, 0x000000, 0x000000, 0x000000, 0x000000,
    0x000000, 0x000000, 0x000000, 0x000000, 0x000000, 0x00f6e7, 0x00d2dd, 0x000000, 0x00dfcc,
    0x000000, 0x000000, 0x00fcc9, 0x000000, 0x000000, 0x00e5a9, 0x00e0f6, 0x00f6b3, 0x000000,
    0x000000, 0x000000, 0x000000, 0x00e1fe, 0x000000, 0x000000, 0x000000, 0x000000, 0x00cbf0,
    0x000000, 0x00eaef, 0x00eaf0, 0x000000, 0x000000, 0x000000, 0x00dac0, 0x00f8b4, 0x00ebf2,
    0x000000, 0x000000, 0x000000, 0x000000, 0x000000, 0x00e4c3, 0x000000, 0x000000, 0x000000,
    0x000000, 0x00e9d7, 0x00e4f1, 0x000000, 0x000000, 0x000000, 0x00caef, 0x000000, 0x000000,
    0x000000, 0x000000, 0x000000, 0x000000, 0x000000, 0x00ced7, 0x000000, 0x000000, 0x000000,
    0x000000, 0x000000, 0x000000, 0x000000, 0x000000, 0x00fcca, 0x000000, 0x000000, 0x000000,
    0x00f3e1, 0x000000, 0x000000, 0x00cbc4, 0x000000, 0x000000, 0x000000, 0x000000, 0x00e3e5,
    0x000000, 0x00cbc5, 0x00eab4, 0x000000, 0x000000, 0x00e9bd, 0x000000, 0x00d7c9, 0x000000,
    0x000000, 0x00ebdb, 0x00edb1, 0x000000, 0x00ccc3, 0x00f7be, 0x00fccb, 0x000000, 0x000000,
    0x000000, 0x000000, 0x000000, 0x000000, 0x00f8f4, 0x000000, 0x00d9b7, 0x000000, 0x000000,
    0x00f3d3, 0x00f3d4, 0x000000, 0x000000, 0x000000, 0x00f7e4, 0x000000, 0x00f7d1, 0x000000,
    0x000000, 0x00d8b7, 0x00ceb1, 0x00cac2, 0x000000, 0x000000, 0x00fbb4, 0x00cbc6, 0x000000,
    0x000000, 0x00f0f6, 0x000000, 0x000000, 0x00d5e7, 0x000000, 0x00ead0, 0x000000, 0x000000,
    0x000000, 0x000000, 0x000000, 0x00ccd4, 0x00cbaf, 0x000000, 0x000000, 0x000000, 0x000000,
    0x000000, 0x00f4aa, 0x00e9af, 0x000000, 0x00f5c3, 0x00e9d8, 0x000000, 0x000000, 0x000000,
    0x000000, 0x000000, 0x000000, 0x000000, 0x00dde9, 0x000000, 0x000000, 0x000000, 0x00f1f3,
    0x000000, 0x00d5fb, 0x00debb, 0x000000, 0x000000, 0x00f4fb, 0x000000, 0x000000, 0x000000,
    0x00fdf3, 0x00fdf2, 0x00f7a6, 0x000000, 0x000000, 0x000000, 0x000000, 0x000000, 0x000000,
    0x000000, 0x000000, 0x000000, 0x00ddc9, 0x000000, 0x000000, 0x00d4d3, 0x000000, 0x00cca8,
    0x000000, 0x00dac1, 0x00ccd5, 0x000000, 0x00d9e4, 0x000000, 0x000000, 0x000000, 0x00faca,
    0x000000, 0x000000, 0x000000, 0x00e5e3, 0x000000, 0x000000, 0x000000, 0x00d3bc, 0x000000,
    0x000000, 0x000000, 0x00caf0, 0x000000, 0x000000, 0x000000, 0x00d0c4, 0x000000, 0x000000,
    0x000000, 0x00cad0, 0x00faab, 0x00ebeb, 0x00e7f8, 0x00d9e5, 0x000000, 0x000000, 0x000000,
    0x000000, 0x000000, 0x000000, 0x000000, 0x000000, 0x000000, 0x000000, 0x000000, 0x000000,
    0x000000, 0x000000, 0x000000, 0x000000, 0x000000, 0x000000, 0x000000, 0x000000, 0x000000,
    0x000000, 0x000000, 0x000000, 0x000000, 0x000000, 0x00d1d7, 0x000000, 0x000000, 0x000000,
    0x000000, 0x000000, 0x000000, 0x000000, 0x000000, 0x000000, 0x000000, 0x000000, 0x00f3a4,
    0x000000, 0x000000, 0x000000, 0x00d4fb, 0x00fce3, 0x00fad8, 0x000000, 0x00f3d5, 0x000000,
    0x00cfab, 0x000000, 0x000000, 0x00ebf3, 0x00d5fc, 0x000000, 0x000000, 0x000000, 0x000000,
    0x000000, 0x000000, 0x00d3d4, 0x00cdfc, 0x000000, 0x00d9e6, 0x000000, 0x00e2f9, 0x00e2a1,
    0x00ebd4, 0x000000, 0x00e0f7, 0x00e4b2, 0x00ccfc, 0x000000, 0x000000, 0x000000, 0x00fbe4,
    0x000000, 0x000000, 0x000000, 0x00f4ab, 0x000000, 0x000000, 0x000000, 0x000000, 0x00d0bd,
    0x000000, 0x00caf1, 0x000000, 0x000000, 0x000000, 0x000000, 0x000000, 0x000000, 0x000000,
    0x000000, 0x00efb8, 0x000000, 0x000000, 0x000000, 0x00d7c0, 0x000000, 0x00eefa, 0x00fdf4,
    0x000000, 0x000000, 0x00d3e3, 0x000000, 0x00fbc2, 0x000000, 0x000000, 0x000000, 0x000000,
    0x000000, 0x000000, 0x000000, 0x00d5e8, 0x00dbae, 0x00e1b6, 0x00f8b7, 0x000000, 0x000000,
    0x000000, 0x000000, 0x000000, 0x00e0bf, 0x00fbc3, 0x00ddea, 0x000000, 0x00e2a2, 0x000000,
    0x00eea6, 0x000000, 0x000000, 0x000000, 0x000000, 0x000000, 0x00f6e8, 0x000000, 0x000000,
    0x000000, 0x000000, 0x00f6f5, 0x000000, 0x000000, 0x000000, 0x000000, 0x000000, 0x000000,
    0x000000, 0x000000, 0x000000, 0x000000, 0x000000, 0x000000, 0x000000, 0x000000, 0x000000,
    0x000000, 0x000000, 0x000000, 0x000000, 0x000000, 0x000000, 0x00ddca, 0x000000, 0x000000,
    0x00d0e2, 0x000000, 0x000000, 0x000000, 0x000000, 0x00dda6, 0x000000, 0x000000, 0x00ddeb,
    0x000000, 0x000000, 0x00e4f9, 0x000000, 0x000000, 0x00e3af, 0x00d0fc, 0x000000, 0x000000,
    0x000000, 0x00f4fc, 0x000000, 0x000000, 0x000000, 0x000000, 0x00ccbc, 0x00f7ea, 0x000000,
    0x000000, 0x000000, 0x000000, 0x000000, 0x000000, 0x00e5e4, 0x00dff1, 0x000000, 0x000000,
    0x00f7e1, 0x000000, 0x00f9f7, 0x00efb9, 0x000000, 0x000000, 0x00f8d8, 0x000000, 0x000000,
    0x000000, 0x000000, 0x000000, 0x000000, 0x000000, 0x000000, 0x000000, 0x000000, 0x000000,
    0x000000, 0x000000, 0x000000, 0x000000, 0x00f9a9, 0x000000, 0x000000, 0x000000, 0x000000,
    0x000000, 0x00f8d9, 0x000000, 0x000000, 0x000000, 0x00eebd, 0x000000, 0x000000, 0x000000,
    0x00d8c6, 0x000000, 0x000000, 0x00e4e3, 0x00f5ce, 0x000000, 0x000000, 0x00ddd9, 0x000000,
    0x000000, 0x000000, 0x000000, 0x00d9e7, 0x00d2b9, 0x00d5c3, 0x000000, 0x000000, 0x00dae5,
    0x00dad0, 0x000000, 0x00d1d9, 0x00ced8, 0x000000, 0x00cbde, 0x00f4ac, 0x00dafb, 0x000000,
    0x00f6e9, 0x00e8f3, 0x00cfac, 0x00f0f0, 0x000000, 0x00f4fd, 0x00dbc8, 0x000000, 0x000000,
    0x000000, 0x000000, 0x000000, 0x000000, 0x000000, 0x000000, 0x000000, 0x000000, 0x000000,
    0x000000, 0x000000, 0x000000, 0x000000, 0x00cec0, 0x00e3d4, 0x00d1cf, 0x00f1f5, 0x000000,
    0x00cdf2, 0x000000, 0x00cfeb, 0x000000, 0x000000, 0x000000, 0x00cdb8, 0x000000, 0x000000,
    0x000000, 0x000000, 0x000000, 0x000000, 0x00e3a6, 0x00d1da, 0x000000, 0x00f2a5, 0x000000,
    0x000000, 0x000000, 0x000000, 0x000000, 0x00f2a6, 0x000000, 0x00e4ce, 0x000000, 0x000000,
    0x000000, 0x000000, 0x000000, 0x000000, 0x000000, 0x00d3fb, 0x000000, 0x000000, 0x000000,
    0x000000, 0x000000, 0x000000, 0x000000, 0x000000, 0x000000, 0x000000, 0x000000, 0x000000,
    0x000000, 0x000000, 0x000000, 0x000000, 0x000000, 0x000000, 0x000000, 0x000000, 0x000000,
    0x000000, 0x000000, 0x000000, 0x000000, 0x00f1a9, 0x000000, 0x000000, 0x000000, 0x00f2c9,
    0x000000, 0x000000, 0x000000, 0x000000, 0x000000, 0x000000, 0x000000, 0x000000, 0x000000,
    0x000000, 0x00efd8, 0x00e6c9, 0x000000, 0x00d8b8, 0x00faf3, 0x000000, 0x000000, 0x000000,
    0x000000, 0x000000, 0x000000, 0x000000, 0x000000, 0x000000, 0x00f3b5, 0x000000, 0x000000,
    0x00f8a4, 0x000000, 0x000000, 0x00d1f3, 0x00e6c8, 0x000000, 0x000000, 0x000000, 0x000000,
    0x00f8da, 0x000000, 0x000000, 0x000000, 0x000000, 0x000000, 0x000000, 0x000000, 0x000000,
    0x000000, 0x000000, 0x000000, 0x000000, 0x000000, 0x000000, 0x000000, 0x000000, 0x000000,
    0x00dce9, 0x00ded7, 0x000000, 0x000000, 0x000000, 0x000000, 0x000000, 0x00cbdf, 0x000000,
    0x000000, 0x000000, 0x00cfec, 0x000000, 0x000000, 0x000000, 0x000000, 0x00f4df, 0x000000,
    0x000000, 0x00d1f4, 0x00d2ba, 0x000000, 0x000000, 0x000000, 0x00dff2, 0x000000, 0x000000,
    0x000000, 0x00e1b7, 0x000000, 0x000000, 0x000000, 0x000000, 0x00e2a3, 0x00d3fc, 0x000000,
    0x000000, 0x00ede6, 0x000000, 0x000000, 0x000000, 0x000000, 0x000000, 0x00dbc9, 0x000000,
    0x000000, 0x000000, 0x00e4fa, 0x000000, 0x00cfde, 0x000000, 0x000000, 0x00ced0, 0x000000,
    0x000000, 0x000000, 0x000000, 0x00d5d3, 0x00f3f5, 0x00f7ae, 0x000000, 0x000000, 0x00efc8,
    0x000000, 0x00cdf3, 0x00f5cf, 0x00e5f3, 0x00f0c2, 0x000000, 0x000000, 0x000000, 0x000000,
    0x000000, 0x000000, 0x000000, 0x000000, 0x000000, 0x000000, 0x000000, 0x000000, 0x000000,
    0x000000, 0x000000, 0x000000, 0x000000, 0x000000, 0x000000, 0x000000, 0x000000, 0x00cad1,
    0x000000, 0x000000, 0x000000, 0x00eaf1, 0x000000, 0x00d0a6, 0x000000, 0x000000, 0x000000,
    0x000000, 0x000000, 0x000000, 0x000000, 0x000000, 0x00d9da, 0x00f0ab, 0x000000, 0x000000,
    0x000000, 0x000000, 0x000000, 0x00ebe7, 0x000000, 0x000000, 0x000000, 0x00e5c0, 0x00fcb5,
    0x000000, 0x000000, 0x000000, 0x000000, 0x000000, 0x00e4c4, 0x000000, 0x000000, 0x000000,
    0x000000, 0x000000, 0x000000, 0x000000, 0x000000, 0x000000, 0x000000, 0x000000, 0x00cca9,
    0x00fdc6, 0x000000, 0x000000, 0x000000, 0x000000, 0x000000, 0x00eab5, 0x000000, 0x00e5aa,
    0x00dfba, 0x000000, 0x000000, 0x000000, 0x000000, 0x000000, 0x000000, 0x000000, 0x000000,
    0x000000, 0x000000, 0x000000, 0x000000, 0x000000, 0x00e1df, 0x000000, 0x00dad1, 0x000000,
    0x000000, 0x000000, 0x000000, 0x00e1b8, 0x000000, 0x00e8f4, 0x00d3fd, 0x000000, 0x000000,
    0x000000, 0x000000, 0x00e2a4, 0x000000, 0x000000, 0x000000, 0x000000, 0x000000, 0x00f2ca,
    0x000000, 0x000000, 0x000000, 0x000000, 0x000000, 0x000000, 0x000000, 0x000000, 0x000000,
    0x00dae6, 0x00f7b3, 0x000000, 0x000000, 0x000000, 0x000000, 0x000000, 0x000000, 0x000000,
    0x000000, 0x000000, 0x000000, 0x000000, 0x000000, 0x00fdcd, 0x000000, 0x000000, 0x000000,
    0x00f3b6, 0x000000, 0x000000, 0x000000, 0x000000, 0x000000, 0x000000, 0x000000, 0x000000,
    0x000000, 0x000000, 0x000000, 0x000000, 0x000000, 0x000000, 0x000000, 0x000000, 0x000000,
    0x000000, 0x000000, 0x000000, 0x000000, 0x000000, 0x000000, 0x000000, 0x00eed7, 0x000000,
    0x000000, 0x000000, 0x000000, 0x000000, 0x000000, 0x000000, 0x00f5c4, 0x000000, 0x000000,
    0x000000, 0x000000, 0x000000, 0x000000, 0x000000, 0x000000, 0x00d8a4, 0x000000, 0x000000,
    0x000000, 0x000000, 0x000000, 0x00f2a7, 0x000000, 0x000000, 0x000000, 0x000000, 0x000000,
    0x000000, 0x000000, 0x000000, 0x00d9b8, 0x00d9b9, 0x00efc9, 0x000000, 0x000000, 0x000000,
    0x000000, 0x000000, 0x000000, 0x000000, 0x000000, 0x00d6ce, 0x000000, 0x000000, 0x000000,
    0x000000, 0x000000, 0x000000, 0x000000, 0x000000, 0x00f7cb, 0x00dfae, 0x00e8f5, 0x000000,
    0x000000, 0x000000, 0x000000, 0x000000, 0x000000, 0x00d2b5, 0x000000, 0x000000, 0x000000,
    0x00d3d5, 0x000000, 0x000000, 0x000000, 0x000000, 0x000000, 0x00f4cc, 0x00dafc, 0x000000,
    0x000000, 0x000000, 0x000000, 0x000000, 0x00d9e8, 0x000000, 0x00f7eb, 0x00f5c9, 0x000000,
    0x00f3bc, 0x000000, 0x00dad2, 0x000000, 0x000000, 0x000000, 0x000000, 0x000000, 0x000000,
    0x000000, 0x000000, 0x00d3b5, 0x000000, 0x000000, 0x000000, 0x000000, 0x00e8b6, 0x000000,
    0x000000, 0x00d6cf, 0x00f4ba, 0x000000, 0x00f7c9, 0x000000, 0x000000, 0x00ccaa, 0x000000,
    0x000000, 0x00f0c3, 0x00ccd6, 0x000000, 0x000000, 0x000000, 0x00d0d3, 0x000000, 0x00d3bd,
    0x000000, 0x000000, 0x000000, 0x00dbfb, 0x000000, 0x00cbe0, 0x000000, 0x000000, 0x000000,
    0x000000, 0x000000, 0x000000, 0x00d3e4, 0x00f6f7, 0x000000, 0x000000, 0x00d5ba, 0x00f3cd,
    0x00cbe1, 0x000000, 0x000000, 0x000000, 0x000000, 0x00ebf4, 0x000000, 0x000000, 0x000000,
    0x000000, 0x000000, 0x00f4ad, 0x000000, 0x00fcaa, 0x000000, 0x000000, 0x000000, 0x000000,
    0x000000, 0x00f7ec, 0x000000, 0x000000, 0x000000, 0x00e8f6, 0x000000, 0x00dae7, 0x000000,
    0x000000, 0x000000, 0x00f7cc, 0x000000, 0x000000, 0x000000, 0x000000, 0x000000, 0x000000,
    0x000000, 0x000000, 0x000000, 0x000000, 0x000000, 0x000000, 0x000000, 0x000000, 0x000000,
    0x000000, 0x000000, 0x000000, 0x000000, 0x00e5c1, 0x000000, 0x000000, 0x000000, 0x000000,
    0x00e0ee, 0x000000, 0x000000, 0x000000, 0x000000, 0x000000, 0x00d5fd, 0x000000, 0x000000,
    0x000000, 0x000000, 0x000000, 0x000000, 0x00cee6, 0x00fcab, 0x00d5bb, 0x000000, 0x000000,
    0x00f2a8, 0x000000, 0x000000, 0x000000, 0x000000, 0x000000, 0x000000, 0x00e2a5, 0x00cdb9,
    0x00eaf2, 0x00cbc7, 0x000000, 0x00cdf4, 0x000000, 0x000000, 0x00dbaf, 0x00efd9, 0x000000,
    0x000000, 0x000000, 0x000000, 0x000000, 0x00cdba, 0x000000, 0x000000, 0x00fcf9, 0x000000,
    0x000000, 0x000000, 0x000000, 0x00dff3, 0x00cee7, 0x00dac2, 0x000000, 0x00cfad, 0x000000,
    0x000000, 0x000000, 0x000000, 0x00e7f9, 0x00f8a8, 0x000000, 0x000000, 0x000000, 0x000000,
    0x000000, 0x000000, 0x00f3e2, 0x000000, 0x000000, 0x000000, 0x00caf2, 0x00dfa4, 0x000000,
    0x000000, 0x00d4c4, 0x000000, 0x000000, 0x000000, 0x000000, 0x000000, 0x00ccd7, 0x00e5c2,
    0x000000, 0x000000, 0x000000, 0x000000, 0x00cdbb, 0x000000, 0x00efda, 0x00eed8, 0x000000,
    0x00dda7, 0x00e2a6, 0x000000, 0x000000, 0x000000, 0x000000, 0x000000, 0x00e0c0, 0x000000,
    0x000000, 0x00d6b0, 0x00f8ca, 0x000000, 0x00fcfa, 0x000000, 0x00d9fe, 0x000000, 0x000000,
    0x000000, 0x000000, 0x00deb0, 0x000000, 0x000000, 0x000000, 0x00ddec, 0x00dae8, 0x000000,
    0x000000, 0x000000, 0x000000, 0x000000, 0x00d4e0, 0x000000, 0x00d6f9, 0x000000, 0x00cdd7,
    0x00ded8, 0x000000, 0x000000, 0x00f2f8, 0x000000, 0x00e4d6, 0x000000, 0x000000, 0x00d0c5,
    0x00f4ae, 0x000000, 0x00dda8, 0x000000, 0x000000, 0x000000, 0x00edc5, 0x00f3d6, 0x000000,
    0x000000, 0x00ded9, 0x00e3e6, 0x000000, 0x000000, 0x000000, 0x000000, 0x000000, 0x000000,
    0x00d3a8, 0x000000, 0x00dbb0, 0x000000, 0x000000, 0x00e5da, 0x00e3bf, 0x000000, 0x000000,
    0x00dbb1, 0x000000, 0x000000, 0x000000, 0x00d5e9, 0x000000, 0x000000, 0x000000, 0x000000,
    0x000000, 0x00e0c1, 0x00efdb, 0x000000, 0x000000, 0x00f0e9, 0x000000, 0x000000, 0x00d7b2,
    0x000000, 0x000000, 0x000000, 0x000000, 0x00d0fd, 0x000000, 0x000000, 0x000000, 0x000000,
    0x000000, 0x000000, 0x000000, 0x000000, 0x00d9e9, 0x000000, 0x000000, 0x00d0fe, 0x000000,
    0x00eced, 0x00d3a9, 0x000000, 0x00f2a9, 0x00f0c4, 0x000000, 0x000000, 0x00e2e2, 0x00e9ef,
    0x000000, 0x000000, 0x000000, 0x00f9d1, 0x000000, 0x000000, 0x00e9d9, 0x000000, 0x000000,
    0x000000, 0x000000, 0x000000, 0x00e8da, 0x00dac3, 0x00dac4, 0x00d4c5, 0x000000, 0x00e7fa,
    0x000000, 0x000000, 0x000000, 0x000000, 0x000000, 0x000000, 0x00cde0, 0x00e3b0, 0x000000,
    0x00dbb2, 0x00fbc4, 0x000000, 0x00f3e3, 0x000000, 0x00d9a5, 0x00fbe7, 0x00ddcb, 0x00d0d4,
    0x000000, 0x00e6b6, 0x00e0ae, 0x00fdda, 0x000000, 0x000000, 0x000000, 0x000000, 0x000000,
    0x000000, 0x000000, 0x000000, 0x00dcb5, 0x00e0f8, 0x00e7b1, 0x000000, 0x000000, 0x000000,
    0x000000, 0x00f5f0, 0x000000, 0x00d8dc, 0x00edc6, 0x000000, 0x000000, 0x000000, 0x000000,
    0x00e1b9, 0x000000, 0x00e3c0, 0x00f9c0, 0x00e9f0, 0x000000, 0x000000, 0x00d9db, 0x000000,
    0x00f3e4, 0x000000, 0x000000, 0x000000, 0x00dcb6, 0x00e4e9, 0x000000, 0x000000, 0x000000,
    0x000000, 0x00f0c5, 0x00e3c1, 0x00fccc, 0x00fccd, 0x000000, 0x000000, 0x000000, 0x000000,
    0x00f2cb, 0x000000, 0x00f2cc, 0x000000, 0x000000, 0x000000, 0x00e4cf, 0x000000, 0x000000,
    0x000000, 0x000000, 0x000000, 0x000000, 0x000000, 0x000000, 0x000000, 0x00f1db, 0x000000,
    0x00fad9, 0x000000, 0x00f1b8, 0x00fdf5, 0x00e0f9, 0x000000, 0x000000, 0x000000, 0x000000,
    0x00e7fb, 0x00fcb7, 0x00fce4, 0x00fbc5, 0x00e3e7, 0x00d8b9, 0x000000, 0x00f6f8, 0x000000,
    0x000000, 0x00dcc5, 0x00ccd8, 0x000000, 0x000000, 0x000000, 0x00e0af, 0x00f4e7, 0x000000,
    0x00efdc, 0x00cffc, 0x00efdd, 0x000000, 0x00f2aa, 0x000000, 0x000000, 0x000000, 0x000000,
    0x000000, 0x00fdbe, 0x000000, 0x000000, 0x00caac, 0x00fdbb, 0x00fdc7, 0x000000, 0x000000,
    0x000000, 0x000000, 0x00e7b2, 0x000000, 0x00ead1, 0x00dff4, 0x000000, 0x000000, 0x000000,
    0x000000, 0x00d1ec, 0x00e4de, 0x00e5c3, 0x000000, 0x000000, 0x000000, 0x000000, 0x00d9a6,
    0x000000, 0x000000, 0x00cdbc, 0x000000, 0x00f3e5, 0x000000, 0x000000, 0x000000, 0x000000,
    0x000000, 0x000000, 0x000000, 0x000000, 0x00edd5, 0x000000, 0x000000, 0x00d9ba, 0x000000,
    0x000000, 0x000000, 0x00ede7, 0x00fbb5, 0x00f8ec, 0x000000, 0x000000, 0x000000, 0x000000,
    0x00e0e7, 0x000000, 0x00ccd9, 0x000000, 0x000000, 0x00d4c6, 0x000000, 0x000000, 0x000000,
    0x000000, 0x00e7a5, 0x000000, 0x00d5f5, 0x00d3be, 0x000000, 0x00fcfb, 0x000000, 0x000000,
    0x000000, 0x000000, 0x000000, 0x000000, 0x000000, 0x000000, 0x000000, 0x000000, 0x000000,
    0x000000, 0x00e4f2, 0x000000, 0x000000, 0x00dff5, 0x000000, 0x000000, 0x00e8f8, 0x00f8ed,
    0x000000, 0x000000, 0x00cec7, 0x000000, 0x000000, 0x000000, 0x000000, 0x000000, 0x00fdf6,
    0x000000, 0x000000, 0x000000, 0x000000, 0x000000, 0x000000, 0x000000, 0x000000, 0x000000,
    0x00e8d8, 0x000000, 0x00cdd8, 0x00e7d6, 0x00ccda, 0x000000, 0x000000, 0x00cae3, 0x00dff6,
    0x00f0c7, 0x00f0c6, 0x000000, 0x00d8ba, 0x000000, 0x00f1f4, 0x00f4f0, 0x00f5cc, 0x000000,
    0x000000, 0x00fce5, 0x000000, 0x000000, 0x000000, 0x000000, 0x00eac5, 0x00eaf3, 0x000000,
    0x00dddb, 0x000000, 0x00dcd7, 0x000000, 0x000000, 0x000000, 0x000000, 0x000000, 0x000000,
    0x00defd, 0x00f2f9, 0x000000, 0x00d5c7, 0x000000, 0x000000, 0x000000, 0x00d8d0, 0x000000,
    0x00f0c8, 0x00d1a1, 0x00d1a2, 0x000000, 0x000000, 0x000000, 0x000000, 0x000000, 0x000000,
    0x00d9d4, 0x00d6e8, 0x00d9ca, 0x000000, 0x00dab1, 0x00d8c7, 0x00dce2, 0x00f3ce, 0x00f5f4,
    0x000000, 0x000000, 0x00f1b9, 0x000000, 0x000000, 0x00dad3, 0x000000, 0x00f6ea, 0x000000,
    0x000000, 0x000000, 0x00cff5, 0x000000, 0x000000, 0x00fdae, 0x000000, 0x000000, 0x000000,
    0x000000, 0x000000, 0x000000, 0x00cad2, 0x000000, 0x000000, 0x00dfb4, 0x000000, 0x000000,
    0x000000, 0x000000, 0x00d7dd, 0x00faba, 0x00eea7, 0x00f5bd, 0x000000, 0x00f8f5, 0x000000,
    0x000000, 0x00ede8, 0x000000, 0x000000, 0x000000, 0x000000, 0x000000, 0x00d4e1, 0x000000,
    0x00d1a3, 0x00e1d6, 0x000000, 0x000000, 0x000000, 0x000000, 0x000000, 0x000000, 0x000000,
    0x000000, 0x000000, 0x000000, 0x000000, 0x000000, 0x000000, 0x00f9f8, 0x000000, 0x00dbca,
    0x00cbf9, 0x00d4d4, 0x000000, 0x00d9dc, 0x000000, 0x00eebe, 0x000000, 0x00f7ed, 0x000000,
    0x000000, 0x000000, 0x00d2ee, 0x000000, 0x000000, 0x00e1e6, 0x00f7f9, 0x000000, 0x000000,
    0x000000, 0x000000, 0x000000, 0x000000, 0x000000, 0x00dded, 0x000000, 0x00e8db, 0x000000,
    0x00dbb3, 0x000000, 0x000000, 0x000000, 0x00d1f7, 0x00e0b0, 0x000000, 0x000000, 0x00d4e2,
    0x000000, 0x00f6d7, 0x000000, 0x00d7f9, 0x000000, 0x000000, 0x00d8dd, 0x000000, 0x00cdfd,
    0x00f2ab, 0x000000, 0x000000, 0x000000, 0x000000, 0x000000, 0x000000, 0x000000, 0x000000,
    0x000000, 0x000000, 0x000000, 0x000000, 0x000000, 0x000000, 0x000000, 0x000000, 0x000000,
    0x00cdbd, 0x00f8c2, 0x000000, 0x000000, 0x00f2ac, 0x000000, 0x000000, 0x00caad, 0x00caae,
    0x00cfae, 0x000000, 0x000000, 0x000000, 0x000000, 0x000000, 0x00e3c2, 0x000000, 0x000000,
    0x000000, 0x000000, 0x00dcb7, 0x000000, 0x000000, 0x000000, 0x000000, 0x000000, 0x000000,
    0x000000, 0x000000, 0x000000, 0x000000, 0x00dbda, 0x00d9bb, 0x00caf3, 0x00f6d3, 0x00e6f8,
    0x00eaf5, 0x000000, 0x000000, 0x000000, 0x000000, 0x000000, 0x00eaf6, 0x000000, 0x000000,
    0x00f6f9, 0x000000, 0x000000, 0x000000, 0x000000, 0x000000, 0x000000, 0x000000, 0x000000,
    0x000000, 0x000000, 0x000000, 0x00cfaf, 0x000000, 0x000000, 0x00cad3, 0x000000, 0x000000,
    0x00caaf, 0x00d2b0, 0x00f1ba, 0x000000, 0x00d7b3, 0x00e3c3, 0x00f3fd, 0x00deda, 0x000000,
    0x000000, 0x000000, 0x000000, 0x00dedb, 0x000000, 0x000000, 0x00efde, 0x000000, 0x000000,
    0x000000, 0x000000, 0x000000, 0x000000, 0x000000, 0x000000, 0x000000, 0x000000, 0x000000,
    0x000000, 0x000000, 0x000000, 0x000000, 0x000000, 0x000000, 0x000000, 0x00e2e3, 0x00eefb,
    0x000000, 0x000000, 0x00dff7, 0x00d7ca, 0x000000, 0x000000, 0x000000, 0x000000, 0x000000,
    0x000000, 0x000000, 0x000000, 0x000000, 0x00cee8, 0x00dbdb, 0x000000, 0x000000, 0x000000,
    0x000000, 0x000000, 0x000000, 0x000000, 0x00f1bb, 0x000000, 0x000000, 0x000000, 0x000000,
    0x00e9f1, 0x000000, 0x000000, 0x000000, 0x000000, 0x000000, 0x000000, 0x000000, 0x000000,
    0x00fab7, 0x00d0c6, 0x000000, 0x000000, 0x00ccab, 0x00eea8, 0x000000, 0x000000, 0x00cbfa,
    0x00f9f9, 0x00ccfd, 0x00d3fe, 0x000000, 0x000000, 0x000000, 0x000000, 0x00e4d0, 0x000000,
    0x000000, 0x000000, 0x000000, 0x000000, 0x00f2ee, 0x000000, 0x00d4d5, 0x00dfcd, 0x000000,
    0x00fcb8, 0x00d1d0, 0x000000, 0x000000, 0x000000, 0x000000, 0x000000, 0x000000, 0x000000,
    0x000000, 0x000000, 0x000000, 0x000000, 0x000000, 0x000000, 0x000000, 0x000000, 0x000000,
    0x000000, 0x000000, 0x000000, 0x000000, 0x000000, 0x000000, 0x000000, 0x000000, 0x00f2cd,
    0x000000, 0x000000, 0x000000, 0x000000, 0x000000, 0x000000, 0x000000, 0x000000, 0x00f7d2,
    0x000000, 0x000000, 0x000000, 0x000000, 0x000000, 0x000000, 0x000000, 0x000000, 0x00cad4,
    0x000000, 0x00d5d9, 0x000000, 0x000000, 0x000000, 0x00d8de, 0x000000, 0x000000, 0x000000,
    0x000000, 0x000000, 0x000000, 0x000000, 0x000000, 0x000000, 0x00cdd9, 0x000000, 0x000000,
    0x000000, 0x00eea9, 0x00f6bc, 0x000000, 0x000000, 0x00ccdb, 0x000000, 0x000000, 0x000000,
    0x000000, 0x000000, 0x00f0c9, 0x000000, 0x00fcfc, 0x000000, 0x00e8c9, 0x00f4fe, 0x000000,
    0x000000, 0x000000, 0x000000, 0x00e7fc, 0x00d7de, 0x000000, 0x000000, 0x000000, 0x000000,
    0x00dedc, 0x000000, 0x00f0ac, 0x00ccfe, 0x00cde1, 0x000000, 0x00e1ba, 0x000000, 0x00dbef,
    0x00dab2, 0x000000, 0x000000, 0x000000, 0x000000, 0x000000, 0x000000, 0x000000, 0x000000,
    0x000000, 0x00d1a5, 0x00dcb8, 0x000000, 0x000000, 0x000000, 0x00d8f6, 0x000000, 0x00d1a4,
    0x000000, 0x00cde2, 0x000000, 0x000000, 0x000000, 0x000000, 0x00dcea, 0x000000, 0x000000,
    0x00f0f7, 0x000000, 0x00f0ca, 0x00d0be, 0x000000, 0x00dddc, 0x000000, 0x000000, 0x000000,
    0x000000, 0x00d4d6, 0x00d3d6, 0x000000, 0x000000, 0x000000, 0x000000, 0x000000, 0x000000,
    0x00edd0, 0x00cda1, 0x000000, 0x000000, 0x000000, 0x000000, 0x000000, 0x00dfb5, 0x000000,
    0x000000, 0x000000, 0x00dff8, 0x000000, 0x000000, 0x000000, 0x000000, 0x000000, 0x000000,
    0x00d4a1, 0x00ceb2, 0x000000, 0x000000, 0x000000, 0x000000, 0x000000, 0x00e8ca, 0x000000,
    0x000000, 0x000000, 0x000000, 0x00ebf5, 0x000000, 0x000000, 0x000000, 0x000000, 0x000000,
    0x000000, 0x000000, 0x00e3d5, 0x00f5d0, 0x000000, 0x000000, 0x000000, 0x00f5a1, 0x000000,
    0x000000, 0x000000, 0x000000, 0x000000, 0x000000, 0x000000, 0x000000, 0x000000, 0x000000,
    0x000000, 0x000000, 0x000000, 0x000000, 0x000000, 0x000000, 0x000000, 0x000000, 0x000000,
    0x000000, 0x00d9a7, 0x000000, 0x000000, 0x000000, 0x000000, 0x000000, 0x000000, 0x000000,
    0x000000, 0x00e5ab, 0x000000, 0x000000, 0x000000, 0x000000, 0x000000, 0x000000, 0x000000,
    0x000000, 0x000000, 0x000000, 0x000000, 0x000000, 0x00e6cb, 0x000000, 0x00f5f1, 0x000000,
    0x000000, 0x000000, 0x000000, 0x000000, 0x000000, 0x000000, 0x000000, 0x000000, 0x000000,
    0x00e5c5, 0x000000, 0x000000, 0x000000, 0x000000, 0x000000, 0x000000, 0x000000, 0x000000,
    0x00f9a3, 0x00e0db, 0x00f6eb, 0x000000, 0x00cbf1, 0x000000, 0x00d9ea, 0x00f5a2, 0x000000,
    0x000000, 0x000000, 0x00d7d1, 0x000000, 0x00d1f8, 0x00eaf8, 0x00eaf9, 0x00dab3, 0x000000,
    0x000000, 0x000000, 0x000000, 0x00efdf, 0x000000, 0x000000, 0x00f1ef, 0x000000, 0x00e5f6,
    0x00eebf, 0x00e2e4, 0x000000, 0x000000, 0x000000, 0x000000, 0x000000, 0x00d0bf, 0x000000,
    0x00faac, 0x00f5d1, 0x00e7b3, 0x000000, 0x000000, 0x000000, 0x000000, 0x000000, 0x000000,
    0x000000, 0x000000, 0x000000, 0x000000, 0x000000, 0x000000, 0x000000, 0x000000, 0x000000,
    0x000000, 0x000000, 0x000000, 0x000000, 0x000000, 0x000000, 0x00e9be, 0x000000, 0x000000,
    0x000000, 0x000000, 0x000000, 0x00f2ce, 0x00dbb4, 0x000000, 0x000000, 0x000000, 0x000000,
    0x000000, 0x000000, 0x000000, 0x000000, 0x00fcce, 0x000000, 0x00ddee, 0x000000, 0x000000,
    0x000000, 0x000000, 0x000000, 0x000000, 0x00e7b4, 0x000000, 0x000000, 0x000000, 0x000000,
    0x000000, 0x00d7b4, 0x000000, 0x000000, 0x000000, 0x000000, 0x000000, 0x000000, 0x00f7b4,
    0x000000, 0x000000, 0x000000, 0x000000, 0x00cdbe, 0x000000, 0x00dae9, 0x000000, 0x000000,
    0x000000, 0x000000, 0x000000, 0x000000, 0x000000, 0x00cfb0, 0x00f7d9, 0x00f3e6, 0x000000,
    0x000000, 0x00ced9, 0x000000, 0x000000, 0x000000, 0x000000, 0x000000, 0x000000, 0x000000,
    0x000000, 0x000000, 0x000000, 0x000000, 0x000000, 0x000000, 0x000000, 0x000000, 0x000000,
    0x000000, 0x000000, 0x000000, 0x000000, 0x000000, 0x000000, 0x000000, 0x00ceaa, 0x000000,
    0x00cbc8, 0x000000, 0x000000, 0x000000, 0x000000, 0x000000, 0x000000, 0x000000, 0x000000,
    0x000000, 0x000000, 0x000000, 0x000000, 0x000000, 0x000000, 0x000000, 0x000000, 0x00d0a7,
    0x000000, 0x00f0cb, 0x000000, 0x00d0c7, 0x000000, 0x000000, 0x00e4c5, 0x000000, 0x000000,
    0x000000, 0x000000, 0x000000, 0x000000, 0x000000, 0x00dbe0, 0x000000, 0x000000, 0x000000,
    0x000000, 0x000000, 0x000000, 0x00d5da, 0x000000, 0x00d7a7, 0x000000, 0x000000, 0x000000,
    0x00eec0, 0x000000, 0x00f8f6, 0x000000, 0x000000, 0x000000, 0x000000, 0x00f5d2, 0x00ede9,
    0x000000, 0x00d9bc, 0x000000, 0x00e5c6, 0x000000, 0x000000, 0x000000, 0x000000, 0x000000,
    0x000000, 0x000000, 0x000000, 0x000000, 0x000000, 0x000000, 0x000000, 0x000000, 0x000000,
    0x000000, 0x000000, 0x000000, 0x00f5a3, 0x000000, 0x000000, 0x00dad4, 0x00e2a7, 0x00fbfc,
    0x000000, 0x000000, 0x00f1dc, 0x000000, 0x000000, 0x000000, 0x000000, 0x00caf4, 0x000000,
    0x000000, 0x000000, 0x00e8fa, 0x000000, 0x000000, 0x00cee9, 0x000000, 0x000000, 0x000000,
    0x000000, 0x000000, 0x000000, 0x00e9f8, 0x00e2e5, 0x000000, 0x000000, 0x000000, 0x000000,
    0x00d0b9, 0x00d4f2, 0x000000, 0x000000, 0x000000, 0x000000, 0x000000, 0x00d1a6, 0x000000,
    0x00dfce, 0x000000, 0x000000, 0x000000, 0x000000, 0x000000, 0x000000, 0x000000, 0x000000,
    0x000000, 0x00fcf4, 0x000000, 0x000000, 0x000000, 0x000000, 0x000000, 0x000000, 0x000000,
    0x000000, 0x000000, 0x000000, 0x000000, 0x000000, 0x000000, 0x000000, 0x000000, 0x000000,
    0x000000, 0x000000, 0x000000, 0x000000, 0x00d3aa, 0x000000, 0x000000, 0x000000, 0x00ccac,
    0x000000, 0x000000, 0x000000, 0x000000, 0x00efe0, 0x000000, 0x000000, 0x000000, 0x00e5e5,
    0x00d0d5, 0x000000, 0x000000, 0x000000, 0x000000, 0x000000, 0x000000, 0x000000, 0x000000,
    0x00dbfc, 0x000000, 0x000000, 0x000000, 0x000000, 0x00fce6, 0x000000, 0x000000, 0x000000,
    0x000000, 0x000000, 0x00cbfe, 0x00edea, 0x000000, 0x000000, 0x000000, 0x000000, 0x000000,
    0x000000, 0x000000, 0x000000, 0x000000, 0x000000, 0x000000, 0x000000, 0x000000, 0x000000,
    0x000000, 0x00deb1, 0x000000, 0x000000, 0x000000, 0x000000, 0x000000, 0x000000, 0x000000,
    0x00f9e3, 0x000000, 0x000000, 0x000000, 0x000000, 0x00d4a2, 0x00cff6, 0x000000, 0x000000,
    0x000000, 0x000000, 0x000000, 0x000000, 0x000000, 0x000000, 0x000000, 0x000000, 0x000000,
    0x000000, 0x000000, 0x000000, 0x000000, 0x00d6d0, 0x000000, 0x000000, 0x000000, 0x000000,
    0x000000, 0x000000, 0x00d5ea, 0x00f1ee, 0x000000, 0x000000, 0x000000, 0x000000, 0x000000,
    0x000000, 0x000000, 0x000000, 0x000000, 0x000000, 0x000000, 0x000000, 0x000000, 0x000000,
    0x000000, 0x000000, 0x000000, 0x000000, 0x000000, 0x000000, 0x000000, 0x000000, 0x000000,
    0x000000, 0x000000, 0x000000, 0x00facb, 0x000000, 0x000000, 0x000000, 0x000000, 0x00e5a1,
    0x000000, 0x000000, 0x000000, 0x000000, 0x00d5b1, 0x000000, 0x000000, 0x000000, 0x000000,
    0x000000, 0x00cfed, 0x000000, 0x00edeb, 0x000000, 0x000000, 0x000000, 0x000000, 0x000000,
    0x00d5b2, 0x000000, 0x000000, 0x000000, 0x00d5bc, 0x000000, 0x000000, 0x000000, 0x000000,
    0x000000, 0x000000, 0x000000, 0x000000, 0x000000, 0x00fde2, 0x00f3ad, 0x000000, 0x00fddb,
    0x000000, 0x000000, 0x000000, 0x000000, 0x000000, 0x000000, 0x000000, 0x000000, 0x000000,
    0x000000, 0x000000, 0x000000, 0x000000, 0x000000, 0x00e9b0, 0x000000, 0x000000, 0x000000,
    0x000000, 0x000000, 0x000000, 0x000000, 0x00d1a7, 0x000000, 0x000000, 0x00fde3, 0x00ceb3,
    0x000000, 0x000000, 0x000000, 0x000000, 0x000000, 0x000000, 0x00fde4, 0x00face, 0x000000,
    0x000000, 0x000000, 0x000000, 0x00cab0, 0x000000, 0x00f7a7, 0x000000, 0x00cfb1, 0x000000,
    0x000000, 0x000000, 0x000000, 0x000000, 0x000000, 0x000000, 0x000000, 0x000000, 0x000000,
    0x000000, 0x000000, 0x000000, 0x000000, 0x00e6a2, 0x000000, 0x00fcb6, 0x00f2ad, 0x00efe1,
    0x00f3ae, 0x00dcc6, 0x00d9eb, 0x000000, 0x000000, 0x000000, 0x00e8e0, 0x000000, 0x000000,
    0x000000, 0x000000, 0x000000, 0x000000, 0x000000, 0x00e1a8, 0x000000, 0x000000, 0x000000,
    0x000000, 0x00d5f6, 0x00cffd, 0x000000, 0x000000, 0x00dedd, 0x000000, 0x000000, 0x000000,
    0x00d9d1, 0x000000, 0x000000, 0x000000, 0x00e4ea, 0x00f2cf, 0x000000, 0x00f7bf, 0x000000,
    0x000000, 0x00e2e6, 0x00e2a8, 0x000000, 0x000000, 0x000000, 0x000000, 0x000000, 0x000000,
    0x000000, 0x000000, 0x000000, 0x000000, 0x000000, 0x00e3d6, 0x000000, 0x00edd1, 0x000000,
    0x000000, 0x000000, 0x000000, 0x000000, 0x00e9f9, 0x000000, 0x000000, 0x000000, 0x000000,
    0x000000, 0x000000, 0x000000, 0x000000, 0x000000, 0x000000, 0x000000, 0x000000, 0x000000,
    0x000000, 0x000000, 0x00d6b1, 0x00deb2, 0x000000, 0x000000, 0x00e0e8, 0x000000, 0x000000,
    0x00d3ab, 0x000000, 0x00ebdc, 0x000000, 0x000000, 0x00dfaf, 0x000000, 0x00cac3, 0x000000,
    0x000000, 0x00eefc, 0x000000, 0x00fdc3, 0x000000, 0x000000, 0x000000, 0x00ebf6, 0x00cfb2,
    0x000000, 0x000000, 0x000000, 0x000000, 0x00d9ec, 0x000000, 0x00d9bd, 0x000000, 0x00d8df,
    0x000000, 0x000000, 0x00d4b8, 0x00ebbe, 0x00ddef, 0x000000, 0x00ddf0, 0x00ddf1, 0x00ddf2,
    0x000000, 0x000000, 0x00d9be, 0x000000, 0x000000, 0x000000, 0x000000, 0x000000, 0x000000,
    0x000000, 0x000000, 0x000000, 0x000000, 0x000000, 0x000000, 0x000000, 0x000000, 0x000000,
    0x00fbc6, 0x00cfb3, 0x000000, 0x000000, 0x000000, 0x000000, 0x000000, 0x000000, 0x000000,
    0x000000, 0x000000, 0x000000, 0x000000, 0x000000, 0x000000, 0x000000, 0x000000, 0x000000,
    0x000000, 0x000000, 0x000000, 0x00eefd, 0x000000, 0x000000, 0x000000, 0x000000, 0x000000,
    0x000000, 0x00e4ab, 0x000000, 0x00dac5, 0x000000, 0x00d8ec, 0x000000, 0x000000, 0x000000,
    0x000000, 0x000000, 0x000000, 0x000000, 0x000000, 0x000000, 0x000000, 0x000000, 0x000000,
    0x000000, 0x000000, 0x000000, 0x00d1a8, 0x000000, 0x000000, 0x000000, 0x000000, 0x000000,
    0x000000, 0x000000, 0x000000, 0x000000, 0x000000, 0x000000, 0x000000, 0x000000, 0x000000,
    0x000000, 0x000000, 0x00e2a9, 0x000000, 0x000000, 0x00debc, 0x00e7b5, 0x000000, 0x000000,
    0x000000, 0x000000, 0x000000, 0x00dbf0, 0x000000, 0x00efe2, 0x00f1f0, 0x00cfb4, 0x000000,
    0x000000, 0x000000, 0x000000, 0x000000, 0x000000, 0x000000, 0x000000, 0x000000, 0x000000,
    0x000000, 0x00dbf1, 0x000000, 0x00e0b1, 0x000000, 0x000000, 0x000000, 0x000000, 0x00dfa5,
    0x000000, 0x00f9d2, 0x000000, 0x000000, 0x00e7fd, 0x000000, 0x000000, 0x00e6a3, 0x00fbf1,
    0x00cbb0, 0x00f2ae, 0x000000, 0x000000, 0x000000, 0x000000, 0x000000, 0x000000, 0x000000,
    0x00cde7, 0x000000, 0x00e8dc, 0x000000, 0x000000, 0x00e7d7, 0x000000, 0x000000, 0x00f7c0,
    0x000000, 0x00d0e3, 0x000000, 0x000000, 0x000000, 0x00daa1, 0x000000, 0x000000, 0x000000,
    0x00ccbd, 0x000000, 0x000000, 0x00d1a9, 0x00ddcc, 0x000000, 0x00e3fe, 0x00d1aa, 0x00e8aa,
    0x000000, 0x00eab6, 0x00f9fa, 0x00e6cc, 0x00f6d8, 0x000000, 0x000000, 0x000000, 0x00d4c7,
    0x000000, 0x000000, 0x000000, 0x00d9cb, 0x000000, 0x00d9d2, 0x00d3cb, 0x00d8f7, 0x00daa9,
    0x00f5f8, 0x000000, 0x000000, 0x00dede, 0x00f2af, 0x00f8a9, 0x000000, 0x000000, 0x000000,
    0x000000, 0x000000, 0x000000, 0x000000, 0x000000, 0x000000, 0x000000, 0x000000, 0x000000,
    0x000000, 0x000000, 0x000000, 0x00d8c8, 0x000000, 0x000000, 0x00eec1, 0x000000, 0x000000,
    0x000000, 0x000000, 0x00f9c1, 0x000000, 0x000000, 0x000000, 0x000000, 0x00ddf3, 0x00eafa,
    0x000000, 0x00f6bd, 0x00e1bb, 0x00cdbf, 0x00f4d4, 0x00e6cd, 0x000000, 0x00fccf, 0x00fba2,
    0x000000, 0x00e0dc, 0x000000, 0x000000, 0x000000, 0x000000, 0x00f4bb, 0x00dad5, 0x000000,
    0x00f9b2, 0x000000, 0x000000, 0x000000, 0x000000, 0x000000, 0x000000, 0x00fbf2, 0x000000,
    0x00dbf6, 0x000000, 0x00dedf, 0x000000, 0x000000, 0x000000, 0x00dbf2, 0x000000, 0x000000,
    0x000000, 0x000000, 0x000000, 0x00f8dc, 0x00f7ee, 0x00ebe8, 0x000000, 0x00d2fa, 0x000000,
    0x000000, 0x00f1bc, 0x000000, 0x000000, 0x00fada, 0x000000, 0x000000, 0x00daea, 0x00dac6,
    0x00f7c1, 0x000000, 0x000000, 0x00e7b6, 0x000000, 0x000000, 0x000000, 0x000000, 0x000000,
    0x000000, 0x000000, 0x000000, 0x000000, 0x000000, 0x000000, 0x000000, 0x00e5c7, 0x00d6ac,
    0x000000, 0x000000, 0x000000, 0x000000, 0x00dcc7, 0x000000, 0x000000, 0x000000, 0x000000,
    0x000000, 0x00e1a9, 0x000000, 0x00e2aa, 0x000000, 0x00d5a6, 0x000000, 0x000000, 0x00d4d7,
    0x000000, 0x000000, 0x000000, 0x000000, 0x000000, 0x000000, 0x00f2d0, 0x000000, 0x00eafb,
    0x000000, 0x00e0dd, 0x00fbf3, 0x000000, 0x000000, 0x000000, 0x000000, 0x000000, 0x000000,
    0x000000, 0x00f1bd, 0x000000, 0x000000, 0x00e2e7, 0x00fdd7, 0x000000, 0x00cec8, 0x00eab7,
    0x000000, 0x00fcc0, 0x000000, 0x00fde7, 0x00f7ef, 0x000000, 0x00d7b5, 0x000000, 0x000000,
    0x000000, 0x000000, 0x000000, 0x000000, 0x000000, 0x000000, 0x000000, 0x000000, 0x000000,
    0x000000, 0x000000, 0x000000, 0x000000, 0x000000, 0x000000, 0x000000, 0x000000, 0x000000,
    0x000000, 0x000000, 0x000000, 0x00efba, 0x00f1dd, 0x000000, 0x00deb3, 0x000000, 0x000000,
    0x000000, 0x000000, 0x000000, 0x000000, 0x00e8cb, 0x000000, 0x000000, 0x00f8dd, 0x000000,
    0x000000, 0x00fbc7, 0x00d5c8, 0x000000, 0x00d7df, 0x000000, 0x00dda9, 0x000000, 0x000000,
    0x000000, 0x000000, 0x000000, 0x00e9b1, 0x000000, 0x000000, 0x00faad, 0x00f6d9, 0x00faf4,
    0x000000, 0x000000, 0x000000, 0x000000, 0x000000, 0x00f8aa, 0x000000, 0x000000, 0x000000,
    0x000000, 0x000000, 0x00e6ee, 0x000000, 0x00ccdc, 0x00e1bc, 0x00e0ef, 0x000000, 0x000000,
    0x00e9bf, 0x00fcfd, 0x00e6ce, 0x000000, 0x000000, 0x00e1d7, 0x000000, 0x00e6cf, 0x000000,
    0x00f4f1, 0x000000, 0x000000, 0x000000, 0x000000, 0x000000, 0x000000, 0x000000, 0x000000,
    0x000000, 0x000000, 0x000000, 0x000000, 0x000000, 0x000000, 0x000000, 0x000000, 0x000000,
    0x000000, 0x000000, 0x000000, 0x000000, 0x000000, 0x000000, 0x000000, 0x000000, 0x00e4f3,
    0x000000, 0x000000, 0x00e4fb, 0x000000, 0x000000, 0x00f9e4, 0x000000, 0x000000, 0x000000,
    0x000000, 0x000000, 0x000000, 0x000000, 0x000000, 0x000000, 0x000000, 0x00efe3, 0x000000,
    0x000000, 0x00cfee, 0x00f6be, 0x00e0b2, 0x00fcfe, 0x00d1ab, 0x000000, 0x000000, 0x000000,
    0x00d7fa, 0x000000, 0x000000, 0x000000, 0x00fbc8, 0x000000, 0x00e2d7, 0x000000, 0x000000,
    0x000000, 0x000000, 0x000000, 0x000000, 0x00d4a3, 0x00f0f8, 0x00d7a8, 0x000000, 0x000000,
    0x000000, 0x00e1e7, 0x000000, 0x000000, 0x00d3bf, 0x000000, 0x000000, 0x000000, 0x000000,
    0x000000, 0x000000, 0x00efe4, 0x000000, 0x00d7c5, 0x00ebe2, 0x000000, 0x000000, 0x00fce7,
    0x000000, 0x000000, 0x00e4a2, 0x000000, 0x00e2e8, 0x000000, 0x00e6d0, 0x000000, 0x00fbe8,
    0x00f4e8, 0x00e5f4, 0x00f4bc, 0x00f4d5, 0x000000, 0x000000, 0x000000, 0x000000, 0x000000,
    0x000000, 0x000000, 0x000000, 0x000000, 0x000000, 0x000000, 0x000000, 0x000000, 0x000000,
    0x000000, 0x000000, 0x000000, 0x000000, 0x000000, 0x000000, 0x000000, 0x000000, 0x000000,
    0x00dfb6, 0x000000, 0x00fcb9, 0x00eec2, 0x00caf5, 0x000000, 0x000000, 0x000000, 0x00efe5,
    0x00cbe2, 0x00d4a4, 0x000000, 0x00dee0, 0x00dafd, 0x00e4c6, 0x00e8be, 0x000000, 0x000000,
    0x000000, 0x000000, 0x00e0de, 0x00f6b4, 0x00ead2, 0x000000, 0x00f9fb, 0x000000, 0x000000,
    0x00e0c2, 0x000000, 0x00cae4, 0x000000, 0x00e7b7, 0x000000, 0x00eafd, 0x000000, 0x00d9dd,
    0x000000, 0x00dab4, 0x00eeaa, 0x00fbe9, 0x000000, 0x000000, 0x000000, 0x00dbcb, 0x00dab5,
    0x000000, 0x000000, 0x000000, 0x000000, 0x000000, 0x00f1be, 0x000000, 0x000000, 0x00d3ac,
    0x000000, 0x000000, 0x000000, 0x000000, 0x000000, 0x000000, 0x000000, 0x000000, 0x00fbc9,
    0x000000, 0x00dfcf, 0x000000, 0x000000, 0x00d3c0, 0x00e3d7, 0x000000, 0x00efe6, 0x00fcd0,
    0x000000, 0x000000, 0x000000, 0x000000, 0x000000, 0x000000, 0x000000, 0x00e9c0, 0x000000,
    0x000000, 0x000000, 0x00f5d3, 0x000000, 0x000000, 0x00ecdc, 0x00f7b7, 0x000000, 0x000000,
    0x00eab8, 0x00d1f9, 0x000000, 0x000000, 0x000000, 0x000000, 0x000000, 0x000000, 0x00dcc8,
    0x000000, 0x000000, 0x000000, 0x000000, 0x000000, 0x000000, 0x000000, 0x000000, 0x000000,
    0x000000, 0x000000, 0x000000, 0x000000, 0x000000, 0x000000, 0x000000, 0x00eab9, 0x000000,
    0x000000, 0x000000, 0x000000, 0x000000, 0x00f1de, 0x000000, 0x000000, 0x000000, 0x000000,
    0x000000, 0x00d7b6, 0x00cfb5, 0x000000, 0x00d9a8, 0x000000, 0x000000, 0x00ecee, 0x000000,
    0x000000, 0x00ddaa, 0x000000, 0x000000, 0x000000, 0x000000, 0x00cda2, 0x00e8ae, 0x000000,
    0x000000, 0x000000, 0x00e1bd, 0x000000, 0x00f2d1, 0x000000, 0x000000, 0x000000, 0x000000,
    0x00e9c1, 0x000000, 0x000000, 0x000000, 0x00d2fc, 0x000000, 0x000000, 0x000000, 0x000000,
    0x000000, 0x00dbb5, 0x000000, 0x00f3e7, 0x00d8fe, 0x000000, 0x000000, 0x000000, 0x00fcd1,
    0x000000, 0x00edb2, 0x00f4af, 0x000000, 0x00fba3, 0x000000, 0x000000, 0x00fcc1, 0x000000,
    0x00eeab, 0x00d4a5, 0x000000, 0x000000, 0x000000, 0x000000, 0x000000, 0x000000, 0x000000,
    0x000000, 0x000000, 0x000000, 0x000000, 0x000000, 0x000000, 0x000000, 0x000000, 0x000000,
    0x000000, 0x000000, 0x000000, 0x000000, 0x000000, 0x000000, 0x000000, 0x000000, 0x000000,
    0x000000, 0x00f4f2, 0x000000, 0x000000, 0x000000, 0x000000, 0x00eed9, 0x000000, 0x000000,
    0x000000, 0x00fbca, 0x000000, 0x000000, 0x000000, 0x000000, 0x000000, 0x00cde3, 0x00d8bb,
    0x000000, 0x00e5db, 0x00f8f7, 0x000000, 0x000000, 0x000000, 0x00f6d4, 0x000000, 0x000000,
    0x000000, 0x000000, 0x000000, 0x000000, 0x000000, 0x000000, 0x00d7a9, 0x000000, 0x00cbc9,
    0x000000, 0x000000, 0x00e6d1, 0x00f0cc, 0x000000, 0x000000, 0x000000, 0x000000, 0x000000,
    0x000000, 0x000000, 0x000000, 0x000000, 0x000000, 0x00d8ae, 0x000000, 0x00f9d3, 0x00d5fe,
    0x000000, 0x000000, 0x000000, 0x000000, 0x000000, 0x000000, 0x000000, 0x00d8bc, 0x00f2b0,
    0x000000, 0x000000, 0x000000, 0x000000, 0x00e2ab, 0x00f3e8, 0x000000, 0x000000, 0x000000,
    0x000000, 0x000000, 0x00efc2, 0x000000, 0x000000, 0x000000, 0x000000, 0x000000, 0x000000,
    0x00edec, 0x000000, 0x00e7b8, 0x000000, 0x000000, 0x000000, 0x000000, 0x000000, 0x000000,
    0x000000, 0x000000, 0x000000, 0x000000, 0x000000, 0x000000, 0x000000, 0x000000, 0x000000,
    0x00dafe, 0x000000, 0x000000, 0x00ccbe, 0x000000, 0x000000, 0x00f2fc, 0x00daeb, 0x000000,
    0x00e2d8, 0x00edd6, 0x000000, 0x000000, 0x00d6d1, 0x00e0b3, 0x000000, 0x000000, 0x00fcd2,
    0x000000, 0x00ebc8, 0x000000, 0x000000, 0x000000, 0x000000, 0x000000, 0x000000, 0x000000,
    0x000000, 0x00d3c1, 0x00f0cd, 0x000000, 0x00cff7, 0x000000, 0x000000, 0x000000, 0x000000,
    0x000000, 0x000000, 0x000000, 0x000000, 0x000000, 0x00edd2, 0x000000, 0x00d4d8, 0x00dcc9,
    0x00d7f1, 0x000000, 0x00dfbb, 0x000000, 0x000000, 0x00f3a5, 0x000000, 0x000000, 0x000000,
    0x00f4cd, 0x000000, 0x000000, 0x000000, 0x000000, 0x00f1bf, 0x00f8b1, 0x000000, 0x00e9fa,
    0x000000, 0x000000, 0x000000, 0x00fbcb, 0x000000, 0x000000, 0x00cad5, 0x000000, 0x000000,
    0x000000, 0x000000, 0x000000, 0x000000, 0x000000, 0x000000, 0x000000, 0x000000, 0x000000,
    0x00f9d4, 0x00f7ca, 0x000000, 0x000000, 0x00d6c8, 0x000000, 0x000000, 0x000000, 0x000000,
    0x000000, 0x000000, 0x00fce8, 0x00f3bd, 0x000000, 0x00eefe, 0x000000, 0x00e7fe, 0x000000,
    0x000000, 0x000000, 0x000000, 0x000000, 0x00d3c2, 0x000000, 0x000000, 0x000000, 0x000000,
    0x00d3b6, 0x000000, 0x00ccad, 0x00f6fa, 0x00d6b2, 0x00d2d8, 0x000000, 0x000000, 0x000000,
    0x000000, 0x000000, 0x000000, 0x00e7d8, 0x000000, 0x000000, 0x000000, 0x000000, 0x000000,
    0x000000, 0x000000, 0x000000, 0x000000, 0x000000, 0x00e3a5, 0x000000, 0x000000, 0x000000,
    0x000000, 0x00e7b9, 0x000000, 0x000000, 0x000000, 0x000000, 0x00f0ad, 0x00fbcc, 0x00eba1,
    0x000000, 0x000000, 0x00d4a6, 0x000000, 0x000000, 0x000000, 0x000000, 0x00fbcd, 0x000000,
    0x00d5bd, 0x00f1df, 0x000000, 0x000000, 0x00f6fb, 0x000000, 0x00deb4, 0x000000, 0x000000,
    0x000000, 0x000000, 0x000000, 0x000000, 0x000000, 0x000000, 0x000000, 0x000000, 0x000000,
    0x000000, 0x00d5eb, 0x000000, 0x00e5c8, 0x000000, 0x000000, 0x000000, 0x00fba4, 0x00d4b9,
    0x000000, 0x000000, 0x00dee1, 0x000000, 0x00e4a3, 0x000000, 0x000000, 0x000000, 0x00d7b7,
    0x000000, 0x00f8ee, 0x000000, 0x000000, 0x000000, 0x00deb5, 0x000000, 0x000000, 0x00d6d2,
    0x000000, 0x00f9d5, 0x00e7ba, 0x00ebd5, 0x00d5f7, 0x00efe7, 0x00e1be, 0x000000, 0x000000,
    0x000000, 0x00faae, 0x000000, 0x000000, 0x000000, 0x00d6e9, 0x00d6ee, 0x000000, 0x000000,
    0x000000, 0x000000, 0x000000, 0x000000, 0x00e7bb, 0x000000, 0x000000, 0x000000, 0x000000,
    0x000000, 0x000000, 0x000000, 0x00eccb, 0x000000, 0x000000, 0x000000, 0x000000, 0x000000,
    0x000000, 0x00d5b3, 0x000000, 0x000000, 0x000000, 0x000000, 0x000000, 0x000000, 0x000000,
    0x000000, 0x000000, 0x000000, 0x000000, 0x000000, 0x00ceb4, 0x000000, 0x000000, 0x000000,
    0x00fba5, 0x00e1ee, 0x000000, 0x000000, 0x000000, 0x000000, 0x000000, 0x000000, 0x00f7a8,
    0x000000, 0x000000, 0x000000, 0x000000, 0x00fbce, 0x000000, 0x000000, 0x000000, 0x000000,
    0x000000, 0x00d8bd, 0x000000, 0x000000, 0x000000, 0x000000, 0x000000, 0x000000, 0x000000,
    0x00fbfd, 0x000000, 0x000000, 0x000000, 0x000000, 0x00fce9, 0x000000, 0x000000, 0x000000,
    0x000000, 0x000000, 0x000000, 0x000000, 0x00cfb6, 0x000000, 0x000000, 0x000000, 0x00edc7,
    0x00eeac, 0x000000, 0x000000, 0x000000, 0x000000, 0x000000, 0x00ccdd, 0x000000, 0x000000,
    0x000000, 0x000000, 0x00f6a7, 0x000000, 0x000000, 0x000000, 0x00e6fa, 0x000000, 0x000000,
    0x000000, 0x00f5a4, 0x000000, 0x000000, 0x000000, 0x000000, 0x000000, 0x00fddc, 0x00edb3,
    0x00cec9, 0x000000, 0x000000, 0x000000, 0x000000, 0x000000, 0x000000, 0x00efe8, 0x000000,
    0x000000, 0x00e1bf, 0x000000, 0x000000, 0x000000, 0x000000, 0x000000, 0x000000, 0x00fadb,
    0x00cbe3, 0x00f7a9, 0x000000, 0x00fba6, 0x000000, 0x000000, 0x000000, 0x00dcb9, 0x000000,
    0x000000, 0x000000, 0x00f1c0, 0x00edc8, 0x00efc3, 0x000000, 0x000000, 0x000000, 0x000000,
    0x000000, 0x000000, 0x000000, 0x000000, 0x00d6ad, 0x000000, 0x000000, 0x00fdce, 0x000000,
    0x000000, 0x000000, 0x00e8a1, 0x000000, 0x000000, 0x000000, 0x000000, 0x000000, 0x000000,
    0x000000, 0x000000, 0x00fbf4, 0x00d5a7, 0x000000, 0x000000, 0x000000, 0x00f1f6, 0x000000,
    0x00e6d3, 0x000000, 0x000000, 0x000000, 0x000000, 0x000000, 0x000000, 0x000000, 0x000000,
    0x000000, 0x000000, 0x000000, 0x000000, 0x000000, 0x000000, 0x000000, 0x000000, 0x000000,
    0x00ccde, 0x000000, 0x000000, 0x000000, 0x000000, 0x000000, 0x000000, 0x000000, 0x00f8b2,
    0x000000, 0x000000, 0x000000, 0x00dceb, 0x000000, 0x000000, 0x000000, 0x000000, 0x00fdb6,
    0x000000, 0x000000, 0x000000, 0x000000, 0x00e5ea, 0x000000, 0x000000, 0x00f1e0, 0x000000,
    0x000000, 0x000000, 0x000000, 0x000000, 0x000000, 0x000000, 0x000000, 0x000000, 0x000000,
    0x000000, 0x000000, 0x00dbcc, 0x00ddcd, 0x000000, 0x000000, 0x000000, 0x00d4c8, 0x000000,
    0x000000, 0x00d9ed, 0x000000, 0x000000, 0x000000, 0x000000, 0x00f5a5, 0x000000, 0x000000,
    0x000000, 0x000000, 0x000000, 0x000000, 0x000000, 0x000000, 0x000000, 0x00e6fb, 0x000000,
    0x000000, 0x000000, 0x000000, 0x000000, 0x00e6d4, 0x000000, 0x000000, 0x000000, 0x000000,
    0x000000, 0x000000, 0x000000, 0x000000, 0x000000, 0x00fdc8, 0x000000, 0x00d6a1, 0x00fdbf,
    0x000000, 0x00fcd3, 0x000000, 0x00efa1, 0x000000, 0x00e7bc, 0x000000, 0x000000, 0x000000,
    0x000000, 0x000000, 0x00d1ee, 0x000000, 0x000000, 0x00e6d5, 0x000000, 0x000000, 0x00e9f2,
    0x000000, 0x00dfb0, 0x000000, 0x000000, 0x000000, 0x000000, 0x000000, 0x00d8e0, 0x00fcba,
    0x00fdaf, 0x00f0ce, 0x000000, 0x00dbe1, 0x000000, 0x000000, 0x00e5c9, 0x000000, 0x00edb4,
    0x000000, 0x000000, 0x000000, 0x000000, 0x000000, 0x000000, 0x000000, 0x000000, 0x000000,
    0x000000, 0x000000, 0x000000, 0x000000, 0x000000, 0x00e0c3, 0x000000, 0x000000, 0x000000,
    0x000000, 0x00e3d8, 0x000000, 0x000000, 0x000000, 0x000000, 0x00e9fb, 0x00eaa8, 0x000000,
    0x000000, 0x000000, 0x000000, 0x00fdb7, 0x000000, 0x000000, 0x00fba7, 0x000000, 0x00e9c2,
    0x000000, 0x000000, 0x000000, 0x000000, 0x00fdf7, 0x000000, 0x000000, 0x000000, 0x000000,
    0x000000, 0x00e2d9, 0x000000, 0x000000, 0x00dcec, 0x000000, 0x000000, 0x000000, 0x000000,
    0x000000, 0x000000, 0x000000, 0x000000, 0x000000, 0x00e8a2, 0x000000, 0x000000, 0x000000,
    0x000000, 0x00e6f0, 0x000000, 0x000000, 0x000000, 0x000000, 0x000000, 0x000000, 0x000000,
    0x00fdf8, 0x00fdf9, 0x000000, 0x000000, 0x000000, 0x00f6bf, 0x000000, 0x00e7a7, 0x000000,
    0x00e6d7, 0x000000, 0x000000, 0x000000, 0x000000, 0x00d4f3, 0x00d4c9, 0x000000, 0x000000,
    0x000000, 0x000000, 0x00d6fa, 0x000000, 0x00d7f2, 0x000000, 0x00e1c0, 0x000000, 0x00dbe2,
    0x00e6d8, 0x000000, 0x000000, 0x000000, 0x000000, 0x000000, 0x000000, 0x000000, 0x000000,
    0x000000, 0x00e7bd, 0x000000, 0x000000, 0x000000, 0x000000, 0x000000, 0x00f0cf, 0x00f3be,
    0x00e2ac, 0x000000, 0x000000, 0x000000, 0x000000, 0x000000, 0x00f5b7, 0x00e0f0, 0x000000,
    0x000000, 0x000000, 0x000000, 0x000000, 0x000000, 0x000000, 0x000000, 0x000000, 0x000000,
    0x000000, 0x000000, 0x00fdb8, 0x00e3e8, 0x000000, 0x00d4a7, 0x00e8fc, 0x00fad2, 0x000000,
    0x000000, 0x000000, 0x000000, 0x000000, 0x00f8ef, 0x000000, 0x000000, 0x000000, 0x000000,
    0x000000, 0x000000, 0x000000, 0x000000, 0x000000, 0x00d6d3, 0x000000, 0x000000, 0x000000,
    0x000000, 0x000000, 0x000000, 0x000000, 0x000000, 0x000000, 0x000000, 0x00d5b4, 0x000000,
    0x000000, 0x000000, 0x000000, 0x000000, 0x000000, 0x000000, 0x000000, 0x000000, 0x000000,
    0x000000, 0x000000, 0x000000, 0x000000, 0x00f0d0, 0x000000, 0x00f7f0, 0x00eeb3, 0x000000,
    0x000000, 0x00eaba, 0x000000, 0x00ead3, 0x000000, 0x000000, 0x00edc9, 0x00ddab, 0x000000,
    0x000000, 0x000000, 0x00e5ac, 0x00fda1, 0x000000, 0x00dfd0, 0x00ecb3, 0x000000, 0x00dfd1,
    0x000000, 0x000000, 0x000000, 0x000000, 0x000000, 0x00eded, 0x00f8b8, 0x00f7fa, 0x000000,
    0x000000, 0x000000, 0x00f8ab, 0x000000, 0x000000, 0x000000, 0x000000, 0x000000, 0x00f4e0,
    0x000000, 0x000000, 0x000000, 0x000000, 0x000000, 0x00d4ba, 0x00e4b3, 0x000000, 0x00e9da,
    0x000000, 0x00deb6, 0x000000, 0x00d9bf, 0x000000, 0x00d9c0, 0x00d6ef, 0x000000, 0x000000,
    0x000000, 0x000000, 0x00d9cc, 0x000000, 0x00daaa, 0x000000, 0x000000, 0x000000, 0x000000,
    0x000000, 0x000000, 0x000000, 0x000000, 0x00dfe5, 0x000000, 0x000000, 0x000000, 0x000000,
    0x000000, 0x000000, 0x00f7e5, 0x000000, 0x000000, 0x000000, 0x00ccb2, 0x000000, 0x000000,
    0x00dff9, 0x00d7e0, 0x000000, 0x000000, 0x000000, 0x000000, 0x000000, 0x000000, 0x000000,
    0x000000, 0x000000, 0x000000, 0x000000, 0x000000, 0x000000, 0x000000, 0x000000, 0x000000,
    0x000000, 0x000000, 0x000000, 0x000000, 0x000000, 0x000000, 0x000000, 0x000000, 0x000000,
    0x000000, 0x000000, 0x000000, 0x000000, 0x000000, 0x000000, 0x000000, 0x00d4bb, 0x000000,
    0x000000, 0x000000, 0x000000, 0x00fdfa, 0x000000, 0x000000, 0x000000, 0x000000, 0x00ccb3,
    0x000000, 0x000000, 0x00dbf3, 0x000000, 0x000000, 0x000000, 0x000000, 0x000000, 0x000000,
    0x000000, 0x000000, 0x000000, 0x000000, 0x000000, 0x000000, 0x000000, 0x000000, 0x000000,
    0x000000, 0x00dfd2, 0x000000, 0x00ceca, 0x000000, 0x00eeda, 0x000000, 0x000000, 0x000000,
    0x000000, 0x000000, 0x000000, 0x000000, 0x000000, 0x000000, 0x00e4e4, 0x000000, 0x00fbcf,
    0x000000, 0x000000, 0x000000, 0x000000, 0x000000, 0x000000, 0x00cfb7, 0x000000, 0x00eec3,
    0x000000, 0x000000, 0x000000, 0x000000, 0x000000, 0x000000, 0x000000, 0x00ceea, 0x000000,
    0x000000, 0x000000, 0x000000, 0x000000, 0x000000, 0x000000, 0x00e2ad, 0x000000, 0x000000,
    0x000000, 0x000000, 0x000000, 0x000000, 0x000000, 0x000000, 0x000000, 0x000000, 0x000000,
    0x000000, 0x000000, 0x000000, 0x00d7e1, 0x00faf5, 0x000000, 0x000000, 0x00d5c9, 0x00f8ac,
    0x000000, 0x000000, 0x000000, 0x000000, 0x000000, 0x000000, 0x000000, 0x000000, 0x000000,
    0x000000, 0x00e7d9, 0x000000, 0x000000, 0x000000, 0x000000, 0x000000, 0x000000, 0x000000,
    0x000000, 0x000000, 0x000000, 0x000000, 0x00f3e9, 0x000000, 0x000000, 0x000000, 0x000000,
    0x00d8ed, 0x00e3c4, 0x00f0f1, 0x000000, 0x000000, 0x000000, 0x000000, 0x000000, 0x000000,
    0x000000, 0x00e8e5, 0x000000, 0x000000, 0x000000, 0x00e0fa, 0x00eec4, 0x00d9de, 0x000000,
    0x000000, 0x000000, 0x000000, 0x000000, 0x000000, 0x000000, 0x000000, 0x000000, 0x000000,
    0x00eba2, 0x00eba3, 0x000000, 0x000000, 0x000000, 0x000000, 0x000000, 0x000000, 0x00fcc2,
    0x00eabb, 0x000000, 0x000000, 0x000000, 0x000000, 0x00e8ab, 0x00dee2, 0x000000, 0x000000,
    0x000000, 0x000000, 0x000000, 0x000000, 0x000000, 0x000000, 0x000000, 0x000000, 0x00edef,
    0x000000, 0x00e8a3, 0x000000, 0x000000, 0x000000, 0x000000, 0x00cff1, 0x000000, 0x000000,
    0x000000, 0x000000, 0x000000, 0x000000, 0x000000, 0x000000, 0x000000, 0x000000, 0x000000,
    0x000000, 0x000000, 0x000000, 0x000000, 0x000000, 0x00d4bc, 0x000000, 0x00fcea, 0x000000,
    0x000000, 0x000000, 0x000000, 0x000000, 0x00e7be, 0x000000, 0x00fcf2, 0x000000, 0x000000,
    0x00d6b4, 0x000000, 0x000000, 0x00e2ae, 0x000000, 0x00d3b7, 0x00facc, 0x000000, 0x000000,
    0x000000, 0x000000, 0x00fadc, 0x000000, 0x00edb5, 0x00e1e3, 0x000000, 0x00e8ac, 0x000000,
    0x00e8dd, 0x000000, 0x000000, 0x00efe9, 0x000000, 0x000000, 0x000000, 0x000000, 0x000000,
    0x00f4bd, 0x000000, 0x00cfb8, 0x00e9db, 0x00d1ac, 0x000000, 0x000000, 0x000000, 0x000000,
    0x000000, 0x000000, 0x00dac7, 0x000000, 0x000000, 0x000000, 0x000000, 0x000000, 0x000000,
    0x000000, 0x00ebc9, 0x000000, 0x00e8cc, 0x000000, 0x000000, 0x000000, 0x00deb7, 0x000000,
    0x000000, 0x000000, 0x000000, 0x00d6bc, 0x00d3e5, 0x000000, 0x000000, 0x000000, 0x000000,
    0x000000, 0x00fadd, 0x000000, 0x000000, 0x000000, 0x000000, 0x000000, 0x000000, 0x00dad6,
    0x000000, 0x00cab1, 0x000000, 0x000000, 0x000000, 0x000000, 0x000000, 0x000000, 0x00dac8,
    0x00dfa6, 0x000000, 0x00f9b3, 0x00f2d2, 0x000000, 0x00cac4, 0x000000, 0x000000, 0x000000,
    0x000000, 0x000000, 0x000000, 0x00cecb, 0x000000, 0x000000, 0x00cdf5, 0x000000, 0x000000,
    0x000000, 0x00fdb0, 0x00d5a8, 0x000000, 0x00f1c1, 0x000000, 0x000000, 0x00e2e9, 0x00dcca,
    0x00ecb4, 0x00fac0, 0x000000, 0x000000, 0x00fba8, 0x00d0a8, 0x000000, 0x000000, 0x00daec,
    0x000000, 0x000000, 0x000000, 0x000000, 0x000000, 0x000000, 0x000000, 0x000000, 0x000000,
    0x00d9ee, 0x000000, 0x00e0fb, 0x000000, 0x000000, 0x000000, 0x00efea, 0x00fade, 0x000000,
    0x00e0c4, 0x000000, 0x00cfb9, 0x000000, 0x00d5ca, 0x00d7e2, 0x00e2af, 0x000000, 0x00d7b8,
    0x000000, 0x000000, 0x000000, 0x000000, 0x000000, 0x000000, 0x000000, 0x000000, 0x000000,
    0x00e8cd, 0x000000, 0x000000, 0x000000, 0x000000, 0x000000, 0x000000, 0x000000, 0x00f6da,
    0x000000, 0x000000, 0x000000, 0x000000, 0x00efa2, 0x00e2da, 0x00f6fc, 0x000000, 0x000000,
    0x00fbd0, 0x00d1ad, 0x000000, 0x00cde4, 0x000000, 0x00d1ae, 0x00dced, 0x00e8ce, 0x000000,
    0x00f0f9, 0x00ceb5, 0x00e6fc, 0x000000, 0x000000, 0x00d7fb, 0x00d0d6, 0x00ddf5, 0x00f7f1,
    0x000000, 0x00f6fd, 0x000000, 0x00dbf7, 0x000000, 0x000000, 0x000000, 0x000000, 0x00fbea,
    0x00e9dc, 0x00d9c1, 0x000000, 0x00f5f2, 0x00e0c5, 0x000000, 0x000000, 0x000000, 0x000000,
    0x000000, 0x000000, 0x00ead4, 0x000000, 0x000000, 0x000000, 0x000000, 0x000000, 0x000000,
    0x000000, 0x000000, 0x000000, 0x00f9c2, 0x000000, 0x00eabc, 0x000000, 0x00d2c5, 0x00fbd1,
    0x00e7c0, 0x00eba5, 0x000000, 0x00dffa, 0x00e3a2, 0x00d7b9, 0x000000, 0x00e9c3, 0x000000,
    0x00e8fd, 0x00e8af, 0x000000, 0x000000, 0x00f2d3, 0x00fba9, 0x00d8a5, 0x000000, 0x000000,
    0x000000, 0x000000, 0x00d5cb, 0x000000, 0x000000, 0x000000, 0x000000, 0x000000, 0x000000,
    0x000000, 0x000000, 0x000000, 0x000000, 0x000000, 0x000000, 0x000000, 0x000000, 0x00d0c8,
    0x000000, 0x000000, 0x00d1af, 0x00d7e3, 0x000000, 0x000000, 0x000000, 0x00e0c6, 0x000000,
    0x00d6a2, 0x000000, 0x00edf0, 0x000000, 0x000000, 0x000000, 0x000000, 0x000000, 0x000000,
    0x000000, 0x000000, 0x000000, 0x000000, 0x000000, 0x000000, 0x00d7f3, 0x000000, 0x000000,
    0x000000, 0x00fcd4, 0x000000, 0x00dad7, 0x00ccdf, 0x000000, 0x00f2d4, 0x000000, 0x00d1b0,
    0x000000, 0x00cce0, 0x000000, 0x00dbfd, 0x00f3bf, 0x000000, 0x00f0d1, 0x000000, 0x000000,
    0x000000, 0x000000, 0x000000, 0x00fcbb, 0x000000, 0x00e2b0, 0x000000, 0x000000, 0x00e6a5,
    0x000000, 0x000000, 0x000000, 0x00e2db, 0x000000, 0x000000, 0x000000, 0x00dfde, 0x000000,
    0x00e0c7, 0x000000, 0x000000, 0x000000, 0x000000, 0x000000, 0x000000, 0x00f2ef, 0x000000,
    0x000000, 0x000000, 0x00cce1, 0x000000, 0x000000, 0x000000, 0x000000, 0x00d6ea, 0x000000,
    0x000000, 0x000000, 0x000000, 0x00e7c2, 0x000000, 0x000000, 0x000000, 0x00ceb6, 0x000000,
    0x00f3c0, 0x000000, 0x00cdfe, 0x000000, 0x000000, 0x000000, 0x00fbd2, 0x000000, 0x00f8f8,
    0x00f7fb, 0x000000, 0x000000, 0x00e8bf, 0x000000, 0x000000, 0x000000, 0x000000, 0x000000,
    0x000000, 0x000000, 0x00e8b7, 0x000000, 0x000000, 0x000000, 0x000000, 0x000000, 0x000000,
    0x000000, 0x000000, 0x00edb6, 0x000000, 0x000000, 0x000000, 0x000000, 0x000000, 0x000000,
    0x000000, 0x000000, 0x00dcba, 0x000000, 0x000000, 0x00ccb4, 0x000000, 0x000000, 0x000000,
    0x000000, 0x000000, 0x000000, 0x000000, 0x000000, 0x000000, 0x000000, 0x000000, 0x000000,
    0x00f1f7, 0x000000, 0x000000, 0x000000, 0x00e8b8, 0x000000, 0x000000, 0x00caf6, 0x000000,
    0x00e4a4, 0x00f4d6, 0x000000, 0x000000, 0x000000, 0x00dfe6, 0x000000, 0x000000, 0x000000,
    0x00dfa7, 0x000000, 0x00dfe7, 0x00e1c1, 0x000000, 0x00e9c4, 0x000000, 0x000000, 0x00dccb,
    0x00e9c5, 0x000000, 0x000000, 0x000000, 0x00efa3, 0x00eba6, 0x00cba3, 0x00e3e9, 0x000000,
    0x000000, 0x000000, 0x00d1fb, 0x00efa4, 0x000000, 0x00efeb, 0x000000, 0x000000, 0x000000,
    0x000000, 0x000000, 0x000000, 0x000000, 0x00d0b4, 0x000000, 0x000000, 0x000000, 0x000000,
    0x00cda3, 0x000000, 0x000000, 0x00e8e6, 0x000000, 0x00efa5, 0x000000, 0x00d3cc, 0x00daed,
    0x000000, 0x000000, 0x000000, 0x000000, 0x00d7ba, 0x000000, 0x00f2d5, 0x00f5e5, 0x00d9ef,
    0x000000, 0x000000, 0x000000, 0x000000, 0x00f9b4, 0x000000, 0x000000, 0x00d5d4, 0x00fdcf,
    0x000000, 0x000000, 0x000000, 0x00dbe3, 0x000000, 0x000000, 0x000000, 0x000000, 0x00f1e1,
    0x00ecb6, 0x000000, 0x000000, 0x000000, 0x000000, 0x00fbfe, 0x00d3d7, 0x000000, 0x00d1b1,
    0x000000, 0x00cbb1, 0x000000, 0x000000, 0x000000, 0x000000, 0x00d1b2, 0x000000, 0x000000,
    0x000000, 0x000000, 0x000000, 0x000000, 0x00cbb2, 0x00f1c2, 0x000000, 0x000000, 0x00f4e1,
    0x00f9b5, 0x000000, 0x000000, 0x00e1c3, 0x00e1c2, 0x000000, 0x00ebf7, 0x000000, 0x000000,
    0x000000, 0x000000, 0x000000, 0x000000, 0x000000, 0x000000, 0x000000, 0x000000, 0x000000,
    0x00dfa8, 0x000000, 0x000000, 0x000000, 0x000000, 0x000000, 0x000000, 0x000000, 0x00cbca,
    0x000000, 0x000000, 0x000000, 0x000000, 0x000000, 0x00e6b9, 0x000000, 0x000000, 0x000000,
    0x000000, 0x000000, 0x00f8de, 0x00f9aa, 0x00caf7, 0x000000, 0x00edb7, 0x000000, 0x000000,
    0x00d3b8, 0x00f2d6, 0x000000, 0x000000, 0x00d4d9, 0x00eec5, 0x00f2f0, 0x000000, 0x000000,
    0x00cab2, 0x000000, 0x000000, 0x00dcbb, 0x000000, 0x00f1f8, 0x000000, 0x000000, 0x000000,
    0x000000, 0x000000, 0x00ecb7, 0x000000, 0x000000, 0x000000, 0x000000, 0x00e5ca, 0x000000,
    0x00f6c0, 0x00fddd, 0x000000, 0x000000, 0x00d4e3, 0x00cce2, 0x000000, 0x00f7d4, 0x000000,
    0x000000, 0x000000, 0x000000, 0x000000, 0x000000, 0x00d7e5, 0x000000, 0x000000, 0x000000,
    0x000000, 0x000000, 0x000000, 0x000000, 0x000000, 0x000000, 0x000000, 0x000000, 0x000000,
    0x000000, 0x00d3c3, 0x000000, 0x00d8a6, 0x000000, 0x00f6c1, 0x000000, 0x000000, 0x000000,
    0x000000, 0x000000, 0x00ddf6, 0x000000, 0x00cdc0, 0x000000, 0x000000, 0x000000, 0x00e5dc,
    0x000000, 0x000000, 0x000000, 0x000000, 0x000000, 0x000000, 0x000000, 0x000000, 0x000000,
    0x000000, 0x000000, 0x000000, 0x00e5cb, 0x000000, 0x000000, 0x000000, 0x000000, 0x000000,
    0x000000, 0x000000, 0x000000, 0x000000, 0x000000, 0x000000, 0x00e1c4, 0x000000, 0x000000,
    0x000000, 0x000000, 0x000000, 0x00e8b0, 0x00f4b0, 0x00f3ea, 0x00daee, 0x000000, 0x00d7bb,
    0x000000, 0x00e2b1, 0x000000, 0x000000, 0x000000, 0x000000, 0x000000, 0x000000, 0x000000,
    0x000000, 0x000000, 0x000000, 0x000000, 0x000000, 0x000000, 0x000000, 0x000000, 0x000000,
    0x000000, 0x000000, 0x000000, 0x000000, 0x00d7aa, 0x000000, 0x000000, 0x000000, 0x000000,
    0x00d6fb, 0x000000, 0x000000, 0x000000, 0x000000, 0x000000, 0x000000, 0x000000, 0x000000,
    0x000000, 0x00e4df, 0x000000, 0x00cad6, 0x000000, 0x000000, 0x000000, 0x00eba8, 0x000000,
    0x000000, 0x000000, 0x00dbfe, 0x000000, 0x000000, 0x000000, 0x000000, 0x000000, 0x000000,
    0x000000, 0x000000, 0x000000, 0x000000, 0x00f6c2, 0x000000, 0x000000, 0x00efbb, 0x000000,
    0x000000, 0x000000, 0x000000, 0x00d4fd, 0x000000, 0x000000, 0x00e0c8, 0x000000, 0x000000,
    0x000000, 0x00e8b9, 0x000000, 0x00efa6, 0x000000, 0x000000, 0x000000, 0x000000, 0x000000,
    0x00cda4, 0x000000, 0x000000, 0x00d4f4, 0x00dba1, 0x00dbdc, 0x00dbdd, 0x000000, 0x000000,
    0x000000, 0x000000, 0x00eedc, 0x000000, 0x00cbcb, 0x00fcd5, 0x000000, 0x000000, 0x000000,
    0x000000, 0x000000, 0x000000, 0x00ceeb, 0x000000, 0x00cdc1, 0x000000, 0x000000, 0x00fbd3,
    0x000000, 0x000000, 0x000000, 0x000000, 0x000000, 0x000000, 0x000000, 0x000000, 0x000000,
    0x000000, 0x000000, 0x000000, 0x000000, 0x000000, 0x000000, 0x000000, 0x000000, 0x000000,
    0x000000, 0x000000, 0x000000, 0x000000, 0x000000, 0x000000, 0x000000, 0x000000, 0x00f9ab,
    0x000000, 0x000000, 0x000000, 0x000000, 0x000000, 0x000000, 0x000000, 0x000000, 0x000000,
    0x000000, 0x000000, 0x00f5d4, 0x000000, 0x000000, 0x000000, 0x000000, 0x00d9a9, 0x000000,
    0x000000, 0x00e9dd, 0x00dbcd, 0x000000, 0x000000, 0x00ddce, 0x000000, 0x00e7c3, 0x000000,
    0x00eccc, 0x000000, 0x000000, 0x000000, 0x000000, 0x000000, 0x000000, 0x000000, 0x00f9ec,
    0x000000, 0x000000, 0x000000, 0x00cbcc, 0x000000, 0x000000, 0x000000, 0x000000, 0x00e0fc,
    0x00d4a8, 0x000000, 0x00edd3, 0x00d8ef, 0x000000, 0x00f2d7, 0x000000, 0x00caf8, 0x00daef,
    0x000000, 0x000000, 0x00d6d4, 0x000000, 0x000000, 0x000000, 0x000000, 0x000000, 0x000000,
    0x00d9cd, 0x000000, 0x000000, 0x000000, 0x00d8ee, 0x000000, 0x00f2c1, 0x000000, 0x000000,
    0x000000, 0x00dfd3, 0x000000, 0x000000, 0x000000, 0x00daf0, 0x000000, 0x00e2ea, 0x000000,
    0x00e0fd, 0x000000, 0x000000, 0x00d8f8, 0x000000, 0x000000, 0x000000, 0x00f7af, 0x00dab6,
    0x000000, 0x00cad7, 0x000000, 0x000000, 0x000000, 0x000000, 0x000000, 0x000000, 0x000000,
    0x000000, 0x000000, 0x000000, 0x000000, 0x000000, 0x000000, 0x000000, 0x000000, 0x000000,
    0x000000, 0x000000, 0x00f2d8, 0x000000, 0x00d8f9, 0x000000, 0x000000, 0x000000, 0x000000,
    0x000000, 0x000000, 0x000000, 0x000000, 0x00fadf, 0x000000, 0x000000, 0x000000, 0x000000,
    0x000000, 0x000000, 0x000000, 0x000000, 0x000000, 0x000000, 0x000000, 0x000000, 0x000000,
    0x00cfef, 0x00d9c2, 0x000000, 0x00f0d2, 0x000000, 0x00e4d1, 0x000000, 0x000000, 0x000000,
    0x00f3b7, 0x000000, 0x000000, 0x000000, 0x000000, 0x000000, 0x000000, 0x000000, 0x000000,
    0x000000, 0x000000, 0x000000, 0x000000, 0x00fae0, 0x000000, 0x000000, 0x000000, 0x000000,
    0x000000, 0x000000, 0x000000, 0x000000, 0x000000, 0x000000, 0x000000, 0x000000, 0x000000,
    0x00efec, 0x000000, 0x000000, 0x000000, 0x000000, 0x000000, 0x00e2b2, 0x000000, 0x00d4bd,
    0x000000, 0x000000, 0x00d9ce, 0x000000, 0x000000, 0x000000, 0x000000, 0x00f4e2, 0x000000,
    0x000000, 0x000000, 0x000000, 0x000000, 0x000000, 0x000000, 0x000000, 0x000000, 0x000000,
    0x000000, 0x000000, 0x000000, 0x00d4a9, 0x000000, 0x000000, 0x000000, 0x000000, 0x00cdc2,
    0x00e7da, 0x000000, 0x000000, 0x000000, 0x000000, 0x000000, 0x000000, 0x000000, 0x000000,
    0x000000, 0x000000, 0x000000, 0x00f2d9, 0x000000, 0x000000, 0x000000, 0x000000, 0x000000,
    0x00d9aa, 0x000000, 0x000000, 0x000000, 0x000000, 0x000000, 0x000000, 0x000000, 0x000000,
    0x000000, 0x000000, 0x000000, 0x000000, 0x00d8be, 0x000000, 0x000000, 0x000000, 0x000000,
    0x000000, 0x000000, 0x00dcad, 0x000000, 0x000000, 0x000000, 0x000000, 0x000000, 0x000000,
    0x00e2eb, 0x00d6fc, 0x000000, 0x000000, 0x00caf9, 0x000000, 0x000000, 0x00d4da, 0x000000,
    0x000000, 0x000000, 0x000000, 0x000000, 0x000000, 0x000000, 0x00f4d7, 0x00cca1, 0x000000,
    0x000000, 0x00cfba, 0x000000, 0x000000, 0x000000, 0x000000, 0x000000, 0x000000, 0x000000,
    0x000000, 0x000000, 0x000000, 0x000000, 0x000000, 0x000000, 0x000000, 0x000000, 0x000000,
    0x000000, 0x000000, 0x000000, 0x000000, 0x000000, 0x000000, 0x000000, 0x00f5b8, 0x000000,
    0x000000, 0x000000, 0x00d9c3, 0x00d0e8, 0x000000, 0x000000, 0x000000, 0x000000, 0x000000,
    0x00e3c5, 0x00ebf8, 0x000000, 0x00f2b1, 0x000000, 0x000000, 0x000000, 0x00cfbb, 0x000000,
    0x000000, 0x000000, 0x00d3ad, 0x00e8e1, 0x00ceec, 0x000000, 0x000000, 0x000000, 0x00e0b4,
    0x000000, 0x000000, 0x000000, 0x000000, 0x000000, 0x000000, 0x000000, 0x000000, 0x000000,
    0x000000, 0x000000, 0x000000, 0x00dee3, 0x000000, 0x000000, 0x000000, 0x000000, 0x000000,
    0x000000, 0x000000, 0x000000, 0x000000, 0x000000, 0x000000, 0x000000, 0x000000, 0x000000,
    0x000000, 0x00ddf7, 0x000000, 0x000000, 0x000000, 0x000000, 0x000000, 0x000000, 0x000000,
    0x000000, 0x000000, 0x000000, 0x000000, 0x000000, 0x000000, 0x000000, 0x000000, 0x000000,
    0x000000, 0x000000, 0x00f2b2, 0x00f3f6, 0x00f6db, 0x000000, 0x000000, 0x000000, 0x000000,
    0x00d7fe, 0x000000, 0x000000, 0x000000, 0x000000, 0x000000, 0x00f8df, 0x000000, 0x00f7f2,
    0x000000, 0x000000, 0x000000, 0x000000, 0x000000, 0x000000, 0x000000, 0x000000, 0x000000,
    0x000000, 0x000000, 0x00d0a9, 0x000000, 0x000000, 0x000000, 0x000000, 0x000000, 0x000000,
    0x000000, 0x000000, 0x000000, 0x00e6da, 0x000000, 0x000000, 0x000000, 0x000000, 0x000000,
    0x000000, 0x000000, 0x000000, 0x000000, 0x000000, 0x000000, 0x000000, 0x000000, 0x00f5a6,
    0x000000, 0x000000, 0x000000, 0x000000, 0x000000, 0x000000, 0x000000, 0x000000, 0x000000,
    0x000000, 0x000000, 0x000000, 0x000000, 0x00d7bc, 0x00cce3, 0x000000, 0x000000, 0x00e6db,
    0x000000, 0x000000, 0x000000, 0x000000, 0x000000, 0x000000, 0x000000, 0x000000, 0x000000,
    0x000000, 0x000000, 0x000000, 0x00dddd, 0x000000, 0x000000, 0x000000, 0x00d1b3, 0x000000,
    0x000000, 0x000000, 0x000000, 0x000000, 0x00efed, 0x000000, 0x000000, 0x000000, 0x000000,
    0x00d6de, 0x00e4f4, 0x00e1ef, 0x000000, 0x000000, 0x00ddf8, 0x000000, 0x000000, 0x000000,
    0x000000, 0x000000, 0x00e8cf, 0x000000, 0x000000, 0x000000, 0x000000, 0x000000, 0x000000,
    0x000000, 0x000000, 0x000000, 0x000000, 0x000000, 0x00cae5, 0x000000, 0x000000, 0x000000,
    0x00dca1, 0x000000, 0x00e0b5, 0x000000, 0x000000, 0x000000, 0x000000, 0x000000, 0x000000,
    0x000000, 0x000000, 0x000000, 0x000000, 0x000000, 0x000000, 0x000000, 0x000000, 0x000000,
    0x000000, 0x00fcac, 0x00fcad, 0x00d8a7, 0x000000, 0x000000, 0x000000, 0x00edb8, 0x000000,
    0x000000, 0x000000, 0x00dbb6, 0x000000, 0x000000, 0x000000, 0x000000, 0x00d6f0, 0x00f3af,
    0x000000, 0x000000, 0x00cda5, 0x000000, 0x00daf1, 0x000000, 0x000000, 0x000000, 0x000000,
    0x000000, 0x000000, 0x000000, 0x000000, 0x000000, 0x000000, 0x000000, 0x000000, 0x000000,
    0x000000, 0x000000, 0x000000, 0x000000, 0x000000, 0x000000, 0x000000, 0x000000, 0x000000,
    0x000000, 0x00d8a8, 0x000000, 0x000000, 0x000000, 0x00cce4, 0x000000, 0x000000, 0x00d1b4,
    0x000000, 0x000000, 0x000000, 0x000000, 0x000000, 0x00cad8, 0x000000, 0x000000, 0x000000,
    0x000000, 0x000000, 0x00daf2, 0x000000, 0x000000, 0x000000, 0x000000, 0x00f5a7, 0x000000,
    0x000000, 0x000000, 0x000000, 0x000000, 0x000000, 0x000000, 0x000000, 0x000000, 0x000000,
    0x000000, 0x000000, 0x00f5a8, 0x000000, 0x000000, 0x000000, 0x000000, 0x000000, 0x000000,
    0x000000, 0x00e6a6, 0x000000, 0x000000, 0x000000, 0x000000, 0x000000, 0x000000, 0x000000,
    0x000000, 0x000000, 0x000000, 0x000000, 0x000000, 0x000000, 0x000000, 0x000000, 0x000000,
    0x000000, 0x000000, 0x000000, 0x00d5ec, 0x00d5f8, 0x00daf3, 0x000000, 0x000000, 0x000000,
    0x000000, 0x000000, 0x000000, 0x000000, 0x000000, 0x000000, 0x000000, 0x000000, 0x000000,
    0x000000, 0x00e3c6, 0x000000, 0x000000, 0x000000, 0x00dee4, 0x000000, 0x00dee5, 0x00d1b5,
    0x000000, 0x000000, 0x000000, 0x000000, 0x000000, 0x00d1b6, 0x00d1b7, 0x00f2b3, 0x000000,
    0x000000, 0x000000, 0x000000, 0x000000, 0x000000, 0x00e9de, 0x000000, 0x000000, 0x000000,
    0x000000, 0x000000, 0x00f0d3, 0x00f2b4, 0x000000, 0x000000, 0x00f0d4, 0x00cbe4, 0x00fbd4,
    0x00f5e6, 0x00e3ea, 0x000000, 0x00dee6, 0x000000, 0x000000, 0x000000, 0x000000, 0x00dfd4,
    0x000000, 0x000000, 0x00f8f9, 0x000000, 0x000000, 0x000000, 0x000000, 0x00f0ae, 0x000000,
    0x000000, 0x000000, 0x000000, 0x000000, 0x000000, 0x000000, 0x000000, 0x000000, 0x000000,
    0x000000, 0x000000, 0x00d1b8, 0x000000, 0x000000, 0x000000, 0x000000, 0x00d6df, 0x000000,
    0x00d0d7, 0x000000, 0x000000, 0x000000, 0x000000, 0x000000, 0x000000, 0x000000, 0x000000,
    0x000000, 0x000000, 0x000000, 0x00fca1, 0x00efee, 0x00dcd8, 0x000000, 0x00e9df, 0x000000,
    0x000000, 0x000000, 0x000000, 0x000000, 0x000000, 0x000000, 0x000000, 0x000000, 0x000000,
    0x000000, 0x000000, 0x000000, 0x000000, 0x000000, 0x000000, 0x000000, 0x000000, 0x000000,
    0x000000, 0x00e5dd, 0x00fdfb, 0x000000, 0x000000, 0x00e0c9, 0x000000, 0x000000, 0x000000,
    0x00d6c9, 0x000000, 0x000000, 0x00d4aa, 0x000000, 0x00e5cc, 0x000000, 0x000000, 0x000000,
    0x000000, 0x000000, 0x00e9e0, 0x000000, 0x000000, 0x000000, 0x00d0d8, 0x00fca2, 0x00d4be,
    0x00e2b3, 0x00dee7, 0x000000, 0x000000, 0x000000, 0x000000, 0x000000, 0x000000, 0x000000,
    0x00dcbc, 0x00d2b6, 0x00f5d5, 0x000000, 0x000000, 0x000000, 0x000000, 0x000000, 0x00cea1,
    0x00f5a9, 0x000000, 0x000000, 0x00ddf9, 0x000000, 0x000000, 0x00ddfa, 0x000000, 0x000000,
    0x000000, 0x000000, 0x000000, 0x000000, 0x00f0d5, 0x000000, 0x000000, 0x000000, 0x000000,
    0x00f6df, 0x000000, 0x00f2da, 0x00e4eb, 0x000000, 0x00f2f1, 0x000000, 0x000000, 0x000000,
    0x000000, 0x000000, 0x000000, 0x000000, 0x000000, 0x000000, 0x000000, 0x000000, 0x000000,
    0x000000, 0x000000, 0x000000, 0x000000, 0x000000, 0x00ecb9, 0x000000, 0x000000, 0x000000,
    0x000000, 0x00fdfc, 0x000000, 0x000000, 0x000000, 0x000000, 0x00e1aa, 0x000000, 0x000000,
    0x00cad9, 0x000000, 0x000000, 0x00efef, 0x000000, 0x00f5aa, 0x000000, 0x000000, 0x000000,
    0x000000, 0x000000, 0x000000, 0x00ecf9, 0x000000, 0x000000, 0x00f8ad, 0x000000, 0x00f2c2,
    0x00f6c3, 0x000000, 0x00d7d2, 0x000000, 0x000000, 0x00f9a2, 0x00f0d6, 0x000000, 0x000000,
    0x000000, 0x000000, 0x000000, 0x000000, 0x000000, 0x000000, 0x000000, 0x000000, 0x000000,
    0x000000, 0x000000, 0x00f0fa, 0x000000, 0x000000, 0x00f6e0, 0x000000, 0x000000, 0x000000,
    0x000000, 0x00e9f3, 0x00f2c3, 0x000000, 0x000000, 0x000000, 0x00d4ab, 0x00cab3, 0x00cda6,
    0x000000, 0x00cdc3, 0x00cdda, 0x000000, 0x000000, 0x000000, 0x000000, 0x000000, 0x00d9cf,
    0x000000, 0x000000, 0x00f6c4, 0x000000, 0x000000, 0x000000, 0x00eedd, 0x00e7c4, 0x000000,
    0x000000, 0x000000, 0x000000, 0x000000, 0x000000, 0x000000, 0x000000, 0x00e2b4, 0x000000,
    0x000000, 0x000000, 0x000000, 0x000000, 0x000000, 0x000000, 0x000000, 0x000000, 0x00dfe2,
    0x00e7db, 0x000000, 0x000000, 0x000000, 0x000000, 0x000000, 0x000000, 0x00e8b1, 0x000000,
    0x00fcae, 0x000000, 0x000000, 0x000000, 0x000000, 0x00e5cd, 0x000000, 0x000000, 0x000000,
    0x00faeb, 0x000000, 0x00cfbc, 0x000000, 0x000000, 0x00cfe2, 0x00cdf6, 0x000000, 0x000000,
    0x00eff0, 0x000000, 0x00f4be, 0x000000, 0x00d4cd, 0x000000, 0x000000, 0x00f3b8, 0x000000,
    0x000000, 0x000000, 0x00e9a1, 0x000000, 0x000000, 0x000000, 0x000000, 0x000000, 0x000000,
    0x000000, 0x000000, 0x000000, 0x00f2f2, 0x00f3eb, 0x000000, 0x00f0d7, 0x000000, 0x000000,
    0x00cfd7, 0x000000, 0x000000, 0x000000, 0x000000, 0x000000, 0x000000, 0x00cfdf, 0x000000,
    0x000000, 0x000000, 0x000000, 0x000000, 0x000000, 0x000000, 0x000000, 0x000000, 0x00e8c0,
    0x00e8c1, 0x000000, 0x000000, 0x000000, 0x00cfe3, 0x00e9a2, 0x000000, 0x000000, 0x000000,
    0x000000, 0x000000, 0x000000, 0x000000, 0x000000, 0x000000, 0x000000, 0x00d0aa, 0x000000,
    0x000000, 0x000000, 0x000000, 0x000000, 0x00f3c1, 0x00d0ab, 0x000000, 0x00d4e4, 0x000000,
    0x000000, 0x00efbc, 0x00d8a1, 0x000000, 0x000000, 0x000000, 0x000000, 0x000000, 0x000000,
    0x000000, 0x000000, 0x000000, 0x000000, 0x000000, 0x00d9df, 0x000000, 0x00f3d7, 0x000000,
    0x000000, 0x000000, 0x00dcbd, 0x000000, 0x00cce5, 0x00edf1, 0x000000, 0x000000, 0x00f1e2,
    0x000000, 0x00d4db, 0x000000, 0x000000, 0x000000, 0x000000, 0x00e2b5, 0x000000, 0x000000,
    0x00cae6, 0x000000, 0x00d3ae, 0x000000, 0x000000, 0x000000, 0x000000, 0x000000, 0x000000,
    0x00cce6, 0x000000, 0x000000, 0x00f1d3, 0x00f5e7, 0x000000, 0x000000, 0x000000, 0x000000,
    0x00cada, 0x000000, 0x000000, 0x000000, 0x000000, 0x000000, 0x000000, 0x000000, 0x000000,
    0x000000, 0x000000, 0x000000, 0x000000, 0x000000, 0x000000, 0x000000, 0x00fbee, 0x000000,
    0x00e1c5, 0x000000, 0x000000, 0x000000, 0x000000, 0x000000, 0x000000, 0x000000, 0x00dfe9,
    0x000000, 0x00eede, 0x000000, 0x000000, 0x00f7c2, 0x000000, 0x00d8a2, 0x000000, 0x000000,
    0x000000, 0x000000, 0x000000, 0x00ddac, 0x000000, 0x000000, 0x000000, 0x000000, 0x000000,
    0x00f0af, 0x00d6bd, 0x000000, 0x000000, 0x000000, 0x000000, 0x000000, 0x000000, 0x000000,
    0x000000, 0x000000, 0x000000, 0x000000, 0x00e1ab, 0x000000, 0x000000, 0x000000, 0x000000,
    0x000000, 0x000000, 0x00f9b6, 0x000000, 0x000000, 0x00d4f5, 0x000000, 0x00d0c9, 0x00efa7,
    0x00e2ec, 0x000000, 0x00dbea, 0x00cecc, 0x00f5e8, 0x00f7d5, 0x000000, 0x00d3cd, 0x000000,
    0x00f3fe, 0x000000, 0x000000, 0x000000, 0x000000, 0x000000, 0x000000, 0x000000, 0x000000,
    0x000000, 0x00d0b5, 0x000000, 0x000000, 0x000000, 0x000000, 0x000000, 0x000000, 0x000000,
    0x000000, 0x000000, 0x000000, 0x000000, 0x00e0fe, 0x000000, 0x00dffb, 0x000000, 0x000000,
    0x000000, 0x000000, 0x000000, 0x000000, 0x00e6dd, 0x000000, 0x000000, 0x000000, 0x000000,
    0x000000, 0x000000, 0x000000, 0x00e8a4, 0x000000, 0x000000, 0x000000, 0x000000, 0x000000,
    0x000000, 0x000000, 0x00cbcd, 0x000000, 0x000000, 0x000000, 0x00efa8, 0x000000, 0x000000,
    0x000000, 0x00eeb4, 0x000000, 0x000000, 0x000000, 0x000000, 0x00dad8, 0x00d1b9, 0x000000,
    0x00dfa9, 0x000000, 0x000000, 0x00f3b0, 0x000000, 0x000000, 0x00ccc4, 0x000000, 0x000000,
    0x000000, 0x00ceb7, 0x000000, 0x000000, 0x000000, 0x000000, 0x000000, 0x000000, 0x000000,
    0x000000, 0x000000, 0x000000, 0x000000, 0x00efa9, 0x000000, 0x000000, 0x000000, 0x00dfd5,
    0x000000, 0x000000, 0x00edd7, 0x000000, 0x000000, 0x000000, 0x00eec6, 0x000000, 0x000000,
    0x000000, 0x000000, 0x000000, 0x000000, 0x000000, 0x00efbd, 0x00fcd6, 0x000000, 0x000000,
    0x00dbf4, 0x000000, 0x00efaa, 0x00f8b9, 0x000000, 0x00f5e9, 0x000000, 0x000000, 0x000000,
    0x000000, 0x000000, 0x000000, 0x000000, 0x000000, 0x00e3d9, 0x000000, 0x000000, 0x000000,
    0x000000, 0x000000, 0x000000, 0x000000, 0x000000, 0x000000, 0x000000, 0x000000, 0x000000,
    0x000000, 0x00e1c6, 0x000000, 0x000000, 0x000000, 0x00d4bf, 0x000000, 0x000000, 0x000000,
    0x000000, 0x00dee8, 0x000000, 0x000000, 0x000000, 0x000000, 0x000000, 0x000000, 0x000000,
    0x000000, 0x000000, 0x000000, 0x000000, 0x000000, 0x000000, 0x000000, 0x000000, 0x000000,
    0x000000, 0x000000, 0x000000, 0x000000, 0x000000, 0x000000, 0x00f0ea, 0x000000, 0x000000,
    0x000000, 0x000000, 0x000000, 0x000000, 0x000000, 0x000000, 0x000000, 0x000000, 0x00f3c2,
    0x000000, 0x000000, 0x000000, 0x000000, 0x000000, 0x000000, 0x000000, 0x000000, 0x000000,
    0x000000, 0x000000, 0x00d3af, 0x000000, 0x000000, 0x00cadb, 0x000000, 0x000000, 0x000000,
    0x000000, 0x000000, 0x00fcd7, 0x000000, 0x000000, 0x00edd8, 0x00e1c7, 0x000000, 0x000000,
    0x000000, 0x000000, 0x000000, 0x000000, 0x000000, 0x000000, 0x000000, 0x000000, 0x000000,
    0x000000, 0x000000, 0x000000, 0x000000, 0x000000, 0x000000, 0x00f4d8, 0x00d6b3, 0x00ddad,
    0x000000, 0x000000, 0x000000, 0x00d5be, 0x000000, 0x000000, 0x000000, 0x000000, 0x000000,
    0x000000, 0x000000, 0x000000, 0x00f1c3, 0x00eedf, 0x000000, 0x000000, 0x000000, 0x000000,
    0x000000, 0x000000, 0x000000, 0x000000, 0x000000, 0x000000, 0x000000, 0x000000, 0x000000,
    0x000000, 0x000000, 0x000000, 0x000000, 0x000000, 0x00d6eb, 0x000000, 0x000000, 0x000000,
    0x00f4d9, 0x000000, 0x000000, 0x000000, 0x000000, 0x000000, 0x000000, 0x000000, 0x00d7e6,
    0x000000, 0x000000, 0x000000, 0x000000, 0x000000, 0x000000, 0x00dab7, 0x000000, 0x000000,
    0x000000, 0x000000, 0x000000, 0x000000, 0x000000, 0x000000, 0x000000, 0x000000, 0x000000,
    0x000000, 0x00ddfb, 0x000000, 0x000000, 0x000000, 0x000000, 0x000000, 0x00ddcf, 0x000000,
    0x000000, 0x000000, 0x000000, 0x000000, 0x000000, 0x000000, 0x000000, 0x00d8a3, 0x000000,
    0x000000, 0x00dad9, 0x000000, 0x00f0d8, 0x00efc4, 0x000000, 0x000000, 0x000000, 0x000000,
    0x000000, 0x000000, 0x00e1d8, 0x000000, 0x000000, 0x000000, 0x000000, 0x000000, 0x00f1d4,
    0x000000, 0x00edf2, 0x000000, 0x000000, 0x000000, 0x000000, 0x000000, 0x000000, 0x00d5db,
    0x000000, 0x000000, 0x00d5dc, 0x00f3c4, 0x00cbd7, 0x000000, 0x000000, 0x000000, 0x000000,
    0x000000, 0x00e2b6, 0x000000, 0x000000, 0x000000, 0x000000, 0x00eff1, 0x000000, 0x000000,
    0x000000, 0x000000, 0x000000, 0x000000, 0x000000, 0x000000, 0x000000, 0x000000, 0x00fbd5,
    0x000000, 0x000000, 0x000000, 0x000000, 0x000000, 0x000000, 0x000000, 0x000000, 0x000000,
    0x000000, 0x000000, 0x00d3d8, 0x000000, 0x000000, 0x000000, 0x000000, 0x000000, 0x000000,
    0x000000, 0x00ddd0, 0x00f0d9, 0x00cbb3, 0x000000, 0x000000, 0x000000, 0x000000, 0x000000,
    0x000000, 0x00d5dd, 0x000000, 0x000000, 0x000000, 0x000000, 0x000000, 0x000000, 0x000000,
    0x000000, 0x000000, 0x000000, 0x000000, 0x000000, 0x000000, 0x000000, 0x000000, 0x000000,
    0x000000, 0x000000, 0x000000, 0x00cda7, 0x000000, 0x000000, 0x00d0ac, 0x000000, 0x00d1ba,
    0x000000, 0x00f1c4, 0x000000, 0x00e5b3, 0x00fbf5, 0x00e9e1, 0x00fde0, 0x00fcbc, 0x000000,
    0x00daa2, 0x00daa3, 0x000000, 0x00d2a1, 0x000000, 0x000000, 0x00d2ef, 0x000000, 0x000000,
    0x000000, 0x00e2ed, 0x000000, 0x000000, 0x00dee9, 0x00cedc, 0x00f2b5, 0x00d0e4, 0x00ddd1,
    0x000000, 0x000000, 0x000000, 0x000000, 0x00e1c8, 0x00dbb7, 0x00dfe3, 0x000000, 0x000000,
    0x000000, 0x000000, 0x000000, 0x000000, 0x000000, 0x000000, 0x00edb9, 0x00f1c5, 0x000000,
    0x00f3cf, 0x00d7ab, 0x00e1ac, 0x000000, 0x000000, 0x00e3eb, 0x000000, 0x00eec7, 0x000000,
    0x000000, 0x000000, 0x00e1c9, 0x00cafa, 0x000000, 0x000000, 0x000000, 0x000000, 0x000000,
    0x00f0fb, 0x00fae1, 0x00f0da, 0x00cce7, 0x00daf4, 0x000000, 0x000000, 0x000000, 0x000000,
    0x000000, 0x000000, 0x000000, 0x000000, 0x000000, 0x00ccbf, 0x000000, 0x000000, 0x000000,
    0x000000, 0x000000, 0x000000, 0x000000, 0x000000, 0x000000, 0x000000, 0x000000, 0x000000,
    0x000000, 0x00ceed, 0x000000, 0x000000, 0x00d5a9, 0x00fae2, 0x000000, 0x000000, 0x000000,
    0x00d0e5, 0x000000, 0x00ebd6, 0x000000, 0x00ecdf, 0x000000, 0x000000, 0x000000, 0x00dffc,
    0x000000, 0x000000, 0x00f7d6, 0x00deea, 0x00cbb4, 0x000000, 0x000000, 0x00efbe, 0x000000,
    0x000000, 0x00ccb5, 0x000000, 0x000000, 0x000000, 0x000000, 0x000000, 0x00cfbd, 0x000000,
    0x000000, 0x000000, 0x000000, 0x000000, 0x000000, 0x000000, 0x000000, 0x000000, 0x000000,
    0x000000, 0x000000, 0x000000, 0x000000, 0x00eff2, 0x00e2b7, 0x000000, 0x000000, 0x000000,
    0x00cce8, 0x000000, 0x000000, 0x000000, 0x000000, 0x000000, 0x000000, 0x000000, 0x000000,
    0x00f0fc, 0x000000, 0x000000, 0x000000, 0x00d6e0, 0x000000, 0x00f1c6, 0x000000, 0x000000,
    0x000000, 0x000000, 0x000000, 0x000000, 0x000000, 0x000000, 0x000000, 0x00e2b8, 0x00ebab,
    0x000000, 0x000000, 0x000000, 0x00cbb5, 0x00d8d1, 0x000000, 0x00f4ce, 0x00f3f7, 0x000000,
    0x000000, 0x00d7c6, 0x000000, 0x00d1bb, 0x00f7aa, 0x000000, 0x00edca, 0x00d7d3, 0x00d8fa,
    0x000000, 0x000000, 0x000000, 0x000000, 0x000000, 0x000000, 0x000000, 0x00f6c5, 0x000000,
    0x000000, 0x00d1cc, 0x00ddfc, 0x000000, 0x000000, 0x000000, 0x000000, 0x000000, 0x000000,
    0x000000, 0x000000, 0x000000, 0x000000, 0x00dffd, 0x000000, 0x00f9e5, 0x000000, 0x00e0ca,
    0x000000, 0x000000, 0x00f2fd, 0x00d3b0, 0x000000, 0x00f4f3, 0x00dac9, 0x000000, 0x00e6de,
    0x000000, 0x000000, 0x000000, 0x000000, 0x00f8ba, 0x00e8d0, 0x000000, 0x000000, 0x00d8fb,
    0x000000, 0x000000, 0x00ead5, 0x000000, 0x000000, 0x000000, 0x000000, 0x00d6a3, 0x000000,
    0x000000, 0x000000, 0x000000, 0x000000, 0x000000, 0x00f6c6, 0x000000, 0x000000, 0x000000,
    0x000000, 0x000000, 0x000000, 0x000000, 0x000000, 0x000000, 0x00f2db, 0x00e4fc, 0x000000,
    0x000000, 0x000000, 0x000000, 0x000000, 0x000000, 0x000000, 0x000000, 0x000000, 0x000000,
    0x00e8b2, 0x000000, 0x000000, 0x000000, 0x000000, 0x000000, 0x00dada, 0x000000, 0x00f2dc,
    0x00fbd6, 0x00e9b2, 0x000000, 0x00eead, 0x000000, 0x00fae3, 0x000000, 0x000000, 0x000000,
    0x000000, 0x000000, 0x000000, 0x000000, 0x00dcee, 0x000000, 0x000000, 0x00f5ea, 0x00e6e0,
    0x000000, 0x00f0fd, 0x000000, 0x000000, 0x000000, 0x000000, 0x000000, 0x00d7ac, 0x000000,
    0x000000, 0x000000, 0x000000, 0x000000, 0x00f5c5, 0x00eee0, 0x000000, 0x00dbe5, 0x000000,
    0x00ddde, 0x000000, 0x000000, 0x00d9f0, 0x00e9a3, 0x000000, 0x000000, 0x000000, 0x000000,
    0x000000, 0x000000, 0x000000, 0x000000, 0x000000, 0x000000, 0x00f1f9, 0x000000, 0x00f2c4,
    0x00e0cb, 0x000000, 0x000000, 0x000000, 0x000000, 0x000000, 0x000000, 0x000000, 0x000000,
    0x00e9a4, 0x000000, 0x000000, 0x00e2b9, 0x000000, 0x000000, 0x000000, 0x000000, 0x000000,
    0x000000, 0x000000, 0x00e3b1, 0x00fceb, 0x00cda8, 0x000000, 0x00ccb6, 0x000000, 0x000000,
    0x00f0db, 0x000000, 0x000000, 0x000000, 0x000000, 0x000000, 0x000000, 0x000000, 0x000000,
    0x00e6ba, 0x000000, 0x000000, 0x00cda9, 0x000000, 0x000000, 0x000000, 0x00f3c3, 0x000000,
    0x000000, 0x000000, 0x000000, 0x000000, 0x000000, 0x000000, 0x000000, 0x000000, 0x00e1d9,
    0x000000, 0x000000, 0x00efab, 0x000000, 0x000000, 0x000000, 0x00e7c5, 0x000000, 0x000000,
    0x00e0e9, 0x000000, 0x00f3c5, 0x000000, 0x000000, 0x00d4c0, 0x00d5bf, 0x000000, 0x000000,
    0x000000, 0x000000, 0x000000, 0x000000, 0x000000, 0x000000, 0x000000, 0x000000, 0x000000,
    0x000000, 0x000000, 0x000000, 0x000000, 0x000000, 0x000000, 0x000000, 0x000000, 0x000000,
    0x000000, 0x000000, 0x000000, 0x000000, 0x000000, 0x000000, 0x000000, 0x000000, 0x000000,
    0x000000, 0x000000, 0x000000, 0x000000, 0x000000, 0x000000, 0x000000, 0x000000, 0x000000,
    0x000000, 0x000000, 0x000000, 0x000000, 0x000000, 0x000000, 0x000000, 0x000000, 0x000000,
    0x000000, 0x000000, 0x000000, 0x000000, 0x000000, 0x000000, 0x000000, 0x00ddae, 0x000000,
    0x00f9fc, 0x000000, 0x00ccc0, 0x000000, 0x000000, 0x000000, 0x000000, 0x000000, 0x000000,
    0x000000, 0x000000, 0x000000, 0x000000, 0x000000, 0x000000, 0x00e5a2, 0x000000, 0x000000,
    0x000000, 0x00ceb8, 0x000000, 0x000000, 0x000000, 0x00d8d2, 0x00f9d6, 0x000000, 0x000000,
    0x000000, 0x000000, 0x000000, 0x000000, 0x000000, 0x000000, 0x000000, 0x000000, 0x000000,
    0x000000, 0x000000, 0x000000, 0x000000, 0x000000, 0x000000, 0x000000, 0x000000, 0x000000,
    0x00f1aa, 0x00ced1, 0x000000, 0x000000, 0x00f6c7, 0x000000, 0x00dbeb, 0x000000, 0x00dffe,
    0x000000, 0x000000, 0x00d8e1, 0x000000, 0x00f7f3, 0x000000, 0x00d7e7, 0x000000, 0x000000,
    0x000000, 0x000000, 0x000000, 0x000000, 0x00d4fe, 0x000000, 0x000000, 0x00d1bc, 0x000000,
    0x00e5cf, 0x000000, 0x00cbb6, 0x000000, 0x00dab8, 0x000000, 0x000000, 0x000000, 0x000000,
    0x000000, 0x00cdc4, 0x000000, 0x000000, 0x000000, 0x000000, 0x000000, 0x00d6be, 0x000000,
    0x000000, 0x000000, 0x00e2ba, 0x000000, 0x000000, 0x000000, 0x000000, 0x000000, 0x00cfd8,
    0x000000, 0x000000, 0x000000, 0x00e0cc, 0x00ebf9, 0x000000, 0x000000, 0x000000, 0x000000,
    0x000000, 0x000000, 0x000000, 0x000000, 0x00fdfd, 0x000000, 0x000000, 0x000000, 0x000000,
    0x000000, 0x00d7e8, 0x00cbd8, 0x000000, 0x000000, 0x000000, 0x00e9e2, 0x000000, 0x000000,
    0x00e8ba, 0x000000, 0x000000, 0x000000, 0x00e3c7, 0x000000, 0x000000, 0x000000, 0x000000,
    0x00eccd, 0x000000, 0x00ecce, 0x000000, 0x00d6bf, 0x000000, 0x000000, 0x000000, 0x00e3a7,
    0x000000, 0x00dfd6, 0x00fde8, 0x000000, 0x000000, 0x000000, 0x000000, 0x000000, 0x000000,
    0x000000, 0x000000, 0x000000, 0x00eee1, 0x00f6a8, 0x00ddfd, 0x000000, 0x000000, 0x000000,
    0x000000, 0x000000, 0x000000, 0x000000, 0x00f8bb, 0x000000, 0x00e8d1, 0x000000, 0x000000,
    0x000000, 0x000000, 0x00f9d7, 0x000000, 0x000000, 0x000000, 0x000000, 0x000000, 0x000000,
    0x000000, 0x000000, 0x00ceee, 0x000000, 0x000000, 0x00eccf, 0x000000, 0x000000, 0x000000,
    0x00e9a5, 0x00d6d5, 0x000000, 0x00cdc5, 0x000000, 0x00edba, 0x00d1bd, 0x000000, 0x000000,
    0x00cfbe, 0x000000, 0x000000, 0x00ecbb, 0x000000, 0x000000, 0x000000, 0x00d2b1, 0x000000,
    0x000000, 0x000000, 0x000000, 0x00cce9, 0x000000, 0x00d9c4, 0x00e9fc, 0x000000, 0x000000,
    0x000000, 0x000000, 0x000000, 0x000000, 0x000000, 0x000000, 0x000000, 0x000000, 0x000000,
    0x000000, 0x000000, 0x000000, 0x000000, 0x000000, 0x000000, 0x000000, 0x000000, 0x000000,
    0x00d1be, 0x000000, 0x000000, 0x000000, 0x000000, 0x000000, 0x00ecbc, 0x000000, 0x000000,
    0x00e5ad, 0x000000, 0x000000, 0x000000, 0x000000, 0x000000, 0x000000, 0x00f7b0, 0x000000,
    0x00ccea, 0x000000, 0x000000, 0x000000, 0x00d3c4, 0x000000, 0x000000, 0x00d6c0, 0x000000,
    0x000000, 0x000000, 0x00d6fd, 0x000000, 0x000000, 0x000000, 0x000000, 0x000000, 0x000000,
    0x000000, 0x000000, 0x000000, 0x000000, 0x000000, 0x00e1a1, 0x000000, 0x00debd, 0x000000,
    0x00f6a9, 0x000000, 0x000000, 0x000000, 0x00daa4, 0x000000, 0x000000, 0x000000, 0x000000,
    0x000000, 0x000000, 0x000000, 0x000000, 0x000000, 0x000000, 0x000000, 0x000000, 0x000000,
    0x000000, 0x000000, 0x000000, 0x00d6a4, 0x00f5c6, 0x000000, 0x00e1a2, 0x00e9c6, 0x000000,
    0x000000, 0x000000, 0x00f2c5, 0x000000, 0x000000, 0x000000, 0x000000, 0x000000, 0x00f4e9,
    0x00d6ec, 0x00ebd3, 0x000000, 0x000000, 0x000000, 0x000000, 0x00ecbd, 0x00e2dc, 0x00deeb,
    0x00f0dc, 0x000000, 0x00ebbf, 0x000000, 0x00d7ce, 0x00d1bf, 0x000000, 0x000000, 0x000000,
    0x000000, 0x000000, 0x000000, 0x000000, 0x000000, 0x000000, 0x00f5ab, 0x000000, 0x000000,
    0x000000, 0x000000, 0x00f9fd, 0x000000, 0x00cadc, 0x000000, 0x000000, 0x000000, 0x00cdc6,
    0x00f2b6, 0x000000, 0x000000, 0x00ddfe, 0x000000, 0x000000, 0x000000, 0x00ccb7, 0x00dbb8,
    0x000000, 0x000000, 0x000000, 0x000000, 0x00d0e9, 0x000000, 0x00cedd, 0x00ebc0, 0x000000,
    0x00fda2, 0x000000, 0x000000, 0x000000, 0x000000, 0x000000, 0x00f8cb, 0x000000, 0x000000,
    0x000000, 0x000000, 0x000000, 0x00ead6, 0x00f1b0, 0x000000, 0x000000, 0x000000, 0x000000,
    0x000000, 0x000000, 0x000000, 0x00dbce, 0x000000, 0x00f7c3, 0x000000, 0x000000, 0x000000,
    0x000000, 0x000000, 0x000000, 0x000000, 0x000000, 0x000000, 0x000000, 0x000000, 0x00dbcf,
    0x00cba4, 0x000000, 0x000000, 0x00f8e0, 0x000000, 0x000000, 0x00fbd7, 0x000000, 0x000000,
    0x00ebca, 0x00e0a1, 0x000000, 0x000000, 0x000000, 0x000000, 0x000000, 0x000000, 0x000000,
    0x000000, 0x000000, 0x000000, 0x000000, 0x00cecd, 0x000000, 0x000000, 0x00d4dc, 0x000000,
    0x000000, 0x000000, 0x00fdd8, 0x000000, 0x000000, 0x000000, 0x000000, 0x00d2f6, 0x000000,
    0x000000, 0x00f2b7, 0x000000, 0x000000, 0x00faf6, 0x00f6aa, 0x00faf7, 0x00d8e6, 0x000000,
    0x00f4b1, 0x000000, 0x000000, 0x000000, 0x000000, 0x000000, 0x000000, 0x000000, 0x000000,
    0x000000, 0x000000, 0x000000, 0x000000, 0x000000, 0x00e8d2, 0x000000, 0x00cac5, 0x00cceb,
    0x000000, 0x000000, 0x000000, 0x000000, 0x000000, 0x000000, 0x000000, 0x00e2ee, 0x000000,
    0x000000, 0x000000, 0x000000, 0x000000, 0x00e2bb, 0x000000, 0x00f7ad, 0x000000, 0x000000,
    0x000000, 0x00f8e1, 0x000000, 0x000000, 0x000000, 0x000000, 0x000000, 0x000000, 0x000000,
    0x000000, 0x000000, 0x00f3ec, 0x000000, 0x000000, 0x000000, 0x000000, 0x00dea1, 0x000000,
    0x000000, 0x000000, 0x000000, 0x000000, 0x000000, 0x000000, 0x000000, 0x000000, 0x000000,
    0x000000, 0x00e4fd, 0x000000, 0x000000, 0x00e3ec, 0x000000, 0x00ddaf, 0x00ddb0, 0x000000,
    0x000000, 0x00cbb7, 0x00e8d3, 0x000000, 0x000000, 0x000000, 0x000000, 0x000000, 0x000000,
    0x000000, 0x000000, 0x000000, 0x000000, 0x000000, 0x000000, 0x000000, 0x000000, 0x000000,
    0x00e1a3, 0x00d2e0, 0x000000, 0x000000, 0x000000, 0x000000, 0x00f0fe, 0x000000, 0x000000,
    0x000000, 0x000000, 0x00e9a6, 0x00cbf2, 0x000000, 0x000000, 0x000000, 0x000000, 0x000000,
    0x000000, 0x00edf3, 0x00dcd9, 0x00e0cd, 0x000000, 0x000000, 0x000000, 0x000000, 0x00f7da,
    0x00dbb9, 0x000000, 0x000000, 0x000000, 0x000000, 0x000000, 0x000000, 0x000000, 0x00ccae,
    0x000000, 0x00dadb, 0x000000, 0x000000, 0x000000, 0x000000, 0x00cdc7, 0x000000, 0x000000,
    0x000000, 0x000000, 0x000000, 0x000000, 0x000000, 0x000000, 0x000000, 0x000000, 0x00ddb1,
    0x000000, 0x00d8af, 0x00e3a3, 0x000000, 0x000000, 0x00ceef, 0x000000, 0x000000, 0x00f2f3,
    0x000000, 0x000000, 0x000000, 0x000000, 0x00f8b3, 0x000000, 0x000000, 0x000000, 0x000000,
    0x000000, 0x000000, 0x000000, 0x000000, 0x000000, 0x000000, 0x00e0ce, 0x000000, 0x00f5fd,
    0x000000, 0x000000, 0x000000, 0x000000, 0x00ebec, 0x000000, 0x000000, 0x00d3c5, 0x00fcec,
    0x00d2db, 0x00d4eb, 0x000000, 0x00dea2, 0x000000, 0x000000, 0x000000, 0x00e5e6, 0x000000,
    0x000000, 0x000000, 0x000000, 0x000000, 0x000000, 0x00f0b0, 0x000000, 0x000000, 0x000000,
    0x000000, 0x000000, 0x000000, 0x000000, 0x000000, 0x000000, 0x000000, 0x00d5c4, 0x000000,
    0x000000, 0x000000, 0x000000, 0x000000, 0x000000, 0x00edf4, 0x000000, 0x000000, 0x000000,
    0x00e3ed, 0x000000, 0x00e8c2, 0x000000, 0x00edf5, 0x00d7fc, 0x000000, 0x00edbb, 0x000000,
    0x000000, 0x00f6ab, 0x000000, 0x000000, 0x000000, 0x000000, 0x000000, 0x00f2b8, 0x00f6c8,
    0x000000, 0x000000, 0x000000, 0x000000, 0x000000, 0x00d3e6, 0x00f2dd, 0x00cfbf, 0x000000,
    0x00ebac, 0x000000, 0x000000, 0x000000, 0x000000, 0x000000, 0x00cfc0, 0x000000, 0x00e6a8,
    0x00fde9, 0x000000, 0x00cfc1, 0x000000, 0x00e0df, 0x00deec, 0x000000, 0x000000, 0x000000,
    0x000000, 0x00e0a2, 0x000000, 0x000000, 0x000000, 0x000000, 0x000000, 0x000000, 0x000000,
    0x000000, 0x00f4bf, 0x00e2ef, 0x000000, 0x00d9f1, 0x00f1c7, 0x000000, 0x00cbb8, 0x000000,
    0x000000, 0x000000, 0x000000, 0x000000, 0x000000, 0x000000, 0x000000, 0x00f9fe, 0x00dbba,
    0x00daf5, 0x000000, 0x000000, 0x000000, 0x000000, 0x000000, 0x000000, 0x000000, 0x000000,
    0x00f6ec, 0x00dadc, 0x00fae4, 0x000000, 0x00e0cf, 0x000000, 0x000000, 0x000000, 0x000000,
    0x000000, 0x000000, 0x00ddb2, 0x000000, 0x000000, 0x000000, 0x000000, 0x00e6a9, 0x000000,
    0x00eff3, 0x000000, 0x000000, 0x000000, 0x000000, 0x000000, 0x000000, 0x000000, 0x000000,
    0x000000, 0x000000, 0x000000, 0x000000, 0x000000, 0x000000, 0x000000, 0x000000, 0x000000,
    0x00f3ed, 0x000000, 0x000000, 0x000000, 0x000000, 0x000000, 0x000000, 0x000000, 0x000000,
    0x000000, 0x000000, 0x00ebfa, 0x000000, 0x00f9e6, 0x000000, 0x000000, 0x000000, 0x000000,
    0x000000, 0x000000, 0x000000, 0x00cadd, 0x00d5de, 0x000000, 0x00cade, 0x00dfe4, 0x000000,
    0x000000, 0x000000, 0x00e6fd, 0x000000, 0x00f5ac, 0x000000, 0x000000, 0x000000, 0x000000,
    0x000000, 0x00e4f5, 0x000000, 0x000000, 0x000000, 0x000000, 0x000000, 0x000000, 0x000000,
    0x000000, 0x000000, 0x000000, 0x000000, 0x00e9e3, 0x000000, 0x00edcb, 0x00cfe4, 0x000000,
    0x000000, 0x000000, 0x00d8d3, 0x000000, 0x000000, 0x000000, 0x000000, 0x000000, 0x000000,
    0x00ddb3, 0x00d4ec, 0x000000, 0x000000, 0x00f2b9, 0x000000, 0x00dfb7, 0x000000, 0x000000,
    0x000000, 0x000000, 0x000000, 0x00cbce, 0x00fbd8, 0x000000, 0x000000, 0x00d0d9, 0x000000,
    0x000000, 0x00ddd2, 0x00f7f4, 0x00e7dc, 0x00e4a5, 0x000000, 0x00fca3, 0x000000, 0x00dbbb,
    0x000000, 0x000000, 0x000000, 0x00f2ba, 0x00e9fd, 0x00d0ca, 0x000000, 0x00f5d6, 0x00d9c5,
    0x00e4b4, 0x000000, 0x00eda7, 0x000000, 0x000000, 0x000000, 0x000000, 0x000000, 0x000000,
    0x000000, 0x000000, 0x000000, 0x000000, 0x000000, 0x000000, 0x000000, 0x000000, 0x000000,
    0x000000, 0x000000, 0x00eabd, 0x00e6fe, 0x000000, 0x00f7c4, 0x00f5ad, 0x000000, 0x00d9e0,
    0x000000, 0x000000, 0x000000, 0x00cab4, 0x000000, 0x000000, 0x00f8e2, 0x00cfc2, 0x000000,
    0x00ecbe, 0x000000, 0x000000, 0x000000, 0x00e5b4, 0x00cdc8, 0x00eec8, 0x000000, 0x000000,
    0x000000, 0x000000, 0x000000, 0x000000, 0x000000, 0x000000, 0x000000, 0x00e7c8, 0x000000,
    0x000000, 0x000000, 0x000000, 0x000000, 0x000000, 0x000000, 0x000000, 0x000000, 0x000000,
    0x000000, 0x00cdc9, 0x00f9b7, 0x000000, 0x00f1e8, 0x00d9f2, 0x00dbf5, 0x00cab5, 0x00d9c6,
    0x000000, 0x000000, 0x000000, 0x00d8c9, 0x000000, 0x000000, 0x000000, 0x000000, 0x000000,
    0x000000, 0x000000, 0x000000, 0x000000, 0x000000, 0x000000, 0x000000, 0x000000, 0x00d9ab,
    0x000000, 0x000000, 0x000000, 0x000000, 0x000000, 0x000000, 0x000000, 0x000000, 0x000000,
    0x000000, 0x000000, 0x000000, 0x000000, 0x000000, 0x000000, 0x000000, 0x00edbc, 0x000000,
    0x000000, 0x00d8d4, 0x000000, 0x000000, 0x000000, 0x00dcda, 0x000000, 0x00e2bc, 0x000000,
    0x000000, 0x00fced, 0x00ece0, 0x00d2fe, 0x000000, 0x00e9c7, 0x00e6aa, 0x000000, 0x000000,
    0x000000, 0x000000, 0x000000, 0x000000, 0x00e2f0, 0x000000, 0x000000, 0x000000, 0x000000,
    0x000000, 0x000000, 0x00fabb, 0x000000, 0x00f5ae, 0x00fbaa, 0x000000, 0x000000, 0x000000,
    0x000000, 0x00ecfb, 0x000000, 0x00ecbf, 0x00fcd8, 0x000000, 0x000000, 0x000000, 0x000000,
    0x000000, 0x000000, 0x000000, 0x000000, 0x000000, 0x000000, 0x000000, 0x000000, 0x000000,
    0x000000, 0x000000, 0x000000, 0x000000, 0x000000, 0x000000, 0x000000, 0x000000, 0x000000,
    0x000000, 0x000000, 0x000000, 0x000000, 0x000000, 0x000000, 0x000000, 0x000000, 0x000000,
    0x000000, 0x00d4e5, 0x000000, 0x000000, 0x000000, 0x00f9c3, 0x000000, 0x000000, 0x000000,
    0x00eee2, 0x000000, 0x000000, 0x000000, 0x000000, 0x000000, 0x000000, 0x000000, 0x000000,
    0x000000, 0x00d7e9, 0x00edf6, 0x000000, 0x000000, 0x000000, 0x00deed, 0x000000, 0x000000,
    0x000000, 0x000000, 0x000000, 0x000000, 0x000000, 0x00ccec, 0x000000, 0x00e3ee, 0x000000,
    0x000000, 0x000000, 0x000000, 0x000000, 0x00e8d4, 0x000000, 0x000000, 0x000000, 0x00faf8,
    0x000000, 0x000000, 0x000000, 0x000000, 0x000000, 0x000000, 0x00ddb4, 0x00e4b5, 0x00d8b0,
    0x000000, 0x000000, 0x000000, 0x000000, 0x000000, 0x000000, 0x000000, 0x000000, 0x000000,
    0x000000, 0x000000, 0x000000, 0x000000, 0x000000, 0x000000, 0x000000, 0x000000, 0x00d8d5,
    0x000000, 0x000000, 0x00f4ea, 0x000000, 0x000000, 0x000000, 0x00ceb9, 0x000000, 0x000000,
    0x000000, 0x00d6e1, 0x00cfd2, 0x000000, 0x00d0b6, 0x000000, 0x000000, 0x000000, 0x000000,
    0x000000, 0x000000, 0x00cea2, 0x000000, 0x000000, 0x00f3ee, 0x000000, 0x000000, 0x000000,
    0x000000, 0x000000, 0x00f3f8, 0x000000, 0x000000, 0x000000, 0x000000, 0x000000, 0x000000,
    0x000000, 0x000000, 0x000000, 0x000000, 0x000000, 0x000000, 0x00dccc, 0x000000, 0x00d0cb,
    0x000000, 0x000000, 0x000000, 0x00fca4, 0x00cdca, 0x00d7d4, 0x00dea3, 0x000000, 0x00e4e0,
    0x000000, 0x000000, 0x000000, 0x000000, 0x00eec9, 0x000000, 0x000000, 0x000000, 0x00e2dd,
    0x000000, 0x000000, 0x000000, 0x00f5fe, 0x00d4ac, 0x000000, 0x000000, 0x000000, 0x000000,
    0x000000, 0x00d5d1, 0x000000, 0x00d8f0, 0x00f8c3, 0x00ead7, 0x000000, 0x000000, 0x000000,
    0x000000, 0x000000, 0x000000, 0x000000, 0x000000, 0x000000, 0x000000, 0x000000, 0x000000,
    0x000000, 0x000000, 0x000000, 0x000000, 0x000000, 0x000000, 0x000000, 0x000000, 0x000000,
    0x000000, 0x000000, 0x000000, 0x000000, 0x000000, 0x00f5d7, 0x000000, 0x000000, 0x00d8bf,
    0x000000, 0x000000, 0x000000, 0x000000, 0x00fdc0, 0x000000, 0x000000, 0x000000, 0x000000,
    0x000000, 0x000000, 0x00ebad, 0x000000, 0x000000, 0x000000, 0x000000, 0x00d5aa, 0x000000,
    0x000000, 0x000000, 0x000000, 0x000000, 0x000000, 0x000000, 0x000000, 0x000000, 0x00e7a8,
    0x000000, 0x000000, 0x000000, 0x000000, 0x000000, 0x000000, 0x000000, 0x000000, 0x000000,
    0x000000, 0x000000, 0x000000, 0x000000, 0x00eeca, 0x000000, 0x000000, 0x000000, 0x00cae7,
    0x000000, 0x000000, 0x000000, 0x000000, 0x000000, 0x00f8e3, 0x000000, 0x00d4dd, 0x000000,
    0x000000, 0x00ead8, 0x000000, 0x000000, 0x000000, 0x000000, 0x00fbd9, 0x00edf7, 0x000000,
    0x000000, 0x00e5b5, 0x000000, 0x000000, 0x000000, 0x000000, 0x000000, 0x00d0ad, 0x000000,
    0x000000, 0x000000, 0x000000, 0x00f1f1, 0x000000, 0x000000, 0x000000, 0x000000, 0x000000,
    0x000000, 0x000000, 0x000000, 0x000000, 0x000000, 0x000000, 0x000000, 0x000000, 0x000000,
    0x000000, 0x000000, 0x00e2bd, 0x000000, 0x000000, 0x000000, 0x00e3c8, 0x000000, 0x000000,
    0x000000, 0x000000, 0x00d9d5, 0x000000, 0x000000, 0x00dfaa, 0x000000, 0x000000, 0x000000,
    0x000000, 0x00dbbc, 0x000000, 0x000000, 0x000000, 0x000000, 0x000000, 0x000000, 0x000000,
    0x000000, 0x000000, 0x000000, 0x000000, 0x000000, 0x000000, 0x000000, 0x000000, 0x000000,
    0x00f8e4, 0x000000, 0x000000, 0x000000, 0x000000, 0x000000, 0x00f1fa, 0x000000, 0x000000,
    0x00e5b6, 0x00f3ef, 0x000000, 0x000000, 0x00fbda, 0x00e1e0, 0x000000, 0x00d9ac, 0x000000,
    0x00f5eb, 0x000000, 0x00e0b6, 0x000000, 0x000000, 0x00e9c8, 0x000000, 0x00cbcf, 0x000000,
    0x00e3c9, 0x000000, 0x000000, 0x000000, 0x00deee, 0x000000, 0x000000, 0x000000, 0x000000,
    0x000000, 0x000000, 0x000000, 0x000000, 0x00e2be, 0x000000, 0x000000, 0x000000, 0x000000,
    0x000000, 0x000000, 0x000000, 0x000000, 0x000000, 0x000000, 0x000000, 0x000000, 0x000000,
    0x000000, 0x000000, 0x000000, 0x000000, 0x00dcef, 0x000000, 0x00d6a5, 0x000000, 0x000000,
    0x000000, 0x000000, 0x000000, 0x00e2f1, 0x000000, 0x000000, 0x000000, 0x000000, 0x000000,
    0x000000, 0x000000, 0x00d6fe, 0x000000, 0x000000, 0x000000, 0x000000, 0x000000, 0x000000,
    0x000000, 0x000000, 0x000000, 0x000000, 0x000000, 0x000000, 0x000000, 0x000000, 0x000000,
    0x000000, 0x000000, 0x00d9a1, 0x000000, 0x00d8c0, 0x00dcdb, 0x000000, 0x000000, 0x00edbd,
    0x00dfb8, 0x000000, 0x00eaa5, 0x000000, 0x000000, 0x000000, 0x00d7ad, 0x000000, 0x000000,
    0x00f3f9, 0x000000, 0x00edf8, 0x000000, 0x00f5c7, 0x000000, 0x000000, 0x000000, 0x000000,
    0x000000, 0x000000, 0x00e1ca, 0x00ebe3, 0x000000, 0x00f2de, 0x000000, 0x000000, 0x000000,
    0x000000, 0x000000, 0x000000, 0x000000, 0x000000, 0x000000, 0x000000, 0x000000, 0x000000,
    0x000000, 0x00f8cc, 0x000000, 0x00ead9, 0x000000, 0x00d3c6, 0x000000, 0x00dbe6, 0x000000,
    0x000000, 0x000000, 0x000000, 0x000000, 0x00f5af, 0x000000, 0x000000, 0x000000, 0x000000,
    0x00cef0, 0x000000, 0x000000, 0x000000, 0x000000, 0x00e9fe, 0x000000, 0x000000, 0x000000,
    0x000000, 0x000000, 0x00fbb6, 0x000000, 0x000000, 0x000000, 0x000000, 0x000000, 0x000000,
    0x000000, 0x000000, 0x000000, 0x00e2f2, 0x000000, 0x000000, 0x000000, 0x000000, 0x00cff2,
    0x00f7b9, 0x00d9f3, 0x000000, 0x000000, 0x00e1cb, 0x000000, 0x000000, 0x000000, 0x000000,
    0x000000, 0x000000, 0x000000, 0x000000, 0x000000, 0x000000, 0x000000, 0x000000, 0x000000,
    0x000000, 0x000000, 0x000000, 0x000000, 0x000000, 0x00dadd, 0x000000, 0x000000, 0x00dab9,
    0x000000, 0x000000, 0x000000, 0x000000, 0x000000, 0x000000, 0x000000, 0x00ebfb, 0x000000,
    0x00cbb9, 0x000000, 0x000000, 0x00edf9, 0x000000, 0x000000, 0x000000, 0x000000, 0x000000,
    0x000000, 0x00e0e0, 0x000000, 0x000000, 0x000000, 0x000000, 0x000000, 0x000000, 0x000000,
    0x000000, 0x000000, 0x000000, 0x00f4c0, 0x000000, 0x00fdbc, 0x00dfb1, 0x00e3ef, 0x000000,
    0x000000, 0x000000, 0x000000, 0x00e0a3, 0x00fdb9, 0x000000, 0x000000, 0x000000, 0x000000,
    0x000000, 0x000000, 0x000000, 0x000000, 0x000000, 0x00f0b1, 0x000000, 0x000000, 0x000000,
    0x000000, 0x000000, 0x00cdcb, 0x000000, 0x000000, 0x000000, 0x000000, 0x000000, 0x000000,
    0x000000, 0x00edbe, 0x000000, 0x000000, 0x000000, 0x00d5c0, 0x00e3f0, 0x00edfa, 0x000000,
    0x000000, 0x000000, 0x000000, 0x000000, 0x00e9e4, 0x000000, 0x000000, 0x000000, 0x000000,
    0x000000, 0x000000, 0x00d5ed, 0x00e7dd, 0x000000, 0x000000, 0x000000, 0x000000, 0x000000,
    0x000000, 0x00d4f6, 0x00e5b7, 0x000000, 0x000000, 0x000000, 0x00dbe7, 0x00e2bf, 0x000000,
    0x000000, 0x000000, 0x000000, 0x000000, 0x000000, 0x000000, 0x000000, 0x000000, 0x000000,
    0x000000, 0x000000, 0x00eecb, 0x000000, 0x000000, 0x00d7f4, 0x00f0dd, 0x000000, 0x000000,
    0x000000, 0x00ceab, 0x000000, 0x000000, 0x00e7de, 0x000000, 0x000000, 0x000000, 0x00d6d6,
    0x00e1cc, 0x000000, 0x000000, 0x00e8b3, 0x000000, 0x000000, 0x000000, 0x000000, 0x000000,
    0x000000, 0x000000, 0x000000, 0x000000, 0x000000, 0x000000, 0x00e5ee, 0x00dca2, 0x000000,
    0x000000, 0x00e0d0, 0x000000, 0x000000, 0x000000, 0x000000, 0x000000, 0x000000, 0x000000,
    0x000000, 0x000000, 0x000000, 0x000000, 0x000000, 0x000000, 0x000000, 0x000000, 0x000000,
    0x000000, 0x000000, 0x00d5b5, 0x000000, 0x000000, 0x000000, 0x000000, 0x000000, 0x000000,
    0x000000, 0x000000, 0x000000, 0x000000, 0x000000, 0x000000, 0x000000, 0x000000, 0x000000,
    0x000000, 0x000000, 0x00d5a1, 0x000000, 0x000000, 0x000000, 0x000000, 0x000000, 0x000000,
    0x000000, 0x000000, 0x000000, 0x000000, 0x000000, 0x000000, 0x000000, 0x000000, 0x00fbdb,
    0x000000, 0x00f9cb, 0x000000, 0x000000, 0x000000, 0x00cbf3, 0x00f4a5, 0x000000, 0x000000,
    0x000000, 0x000000, 0x000000, 0x00fac8, 0x00d6d7, 0x000000, 0x00e9e5, 0x00fbdc, 0x000000,
    0x000000, 0x000000, 0x000000, 0x000000, 0x000000, 0x000000, 0x00fdd0, 0x000000, 0x000000,
    0x000000, 0x000000, 0x000000, 0x000000, 0x000000, 0x000000, 0x000000, 0x000000, 0x000000,
    0x000000, 0x000000, 0x000000, 0x000000, 0x000000, 0x000000, 0x00fbf6, 0x000000, 0x000000,
    0x000000, 0x000000, 0x000000, 0x000000, 0x000000, 0x000000, 0x000000, 0x000000, 0x00daa5,
    0x000000, 0x00dbbd, 0x000000, 0x000000, 0x000000, 0x000000, 0x000000, 0x000000, 0x00ece2,
    0x000000, 0x000000, 0x000000, 0x000000, 0x000000, 0x000000, 0x000000, 0x000000, 0x000000,
    0x000000, 0x000000, 0x000000, 0x000000, 0x000000, 0x000000, 0x00cdf7, 0x00f0de, 0x000000,
    0x000000, 0x000000, 0x000000, 0x00f6c9, 0x000000, 0x000000, 0x000000, 0x000000, 0x000000,
    0x000000, 0x000000, 0x000000, 0x000000, 0x000000, 0x000000, 0x000000, 0x000000, 0x000000,
    0x000000, 0x000000, 0x000000, 0x000000, 0x000000, 0x000000, 0x000000, 0x000000, 0x00deef,
    0x000000, 0x000000, 0x000000, 0x00d3b1, 0x000000, 0x000000, 0x000000, 0x000000, 0x000000,
    0x000000, 0x000000, 0x000000, 0x00fcee, 0x000000, 0x000000, 0x000000, 0x000000, 0x00e8c3,
    0x000000, 0x00f1c8, 0x000000, 0x000000, 0x000000, 0x00cef1, 0x000000, 0x000000, 0x000000,
    0x000000, 0x00f9ed, 0x000000, 0x000000, 0x000000, 0x000000, 0x000000, 0x000000, 0x000000,
    0x000000, 0x00f2f4, 0x000000, 0x000000, 0x000000, 0x000000, 0x000000, 0x000000, 0x000000,
    0x000000, 0x000000, 0x000000, 0x000000, 0x000000, 0x000000, 0x000000, 0x000000, 0x000000,
    0x00e4b6, 0x000000, 0x00f5b9, 0x000000, 0x00dcf0, 0x00e3f1, 0x000000, 0x000000, 0x000000,
    0x000000, 0x00e8a5, 0x000000, 0x000000, 0x000000, 0x000000, 0x000000, 0x000000, 0x000000,
    0x000000, 0x000000, 0x000000, 0x000000, 0x000000, 0x000000, 0x000000, 0x000000, 0x00f2bb,
    0x000000, 0x00dea4, 0x000000, 0x00dacc, 0x000000, 0x000000, 0x000000, 0x000000, 0x000000,
    0x000000, 0x000000, 0x000000, 0x000000, 0x000000, 0x000000, 0x000000, 0x000000, 0x000000,
    0x000000, 0x000000, 0x000000, 0x000000, 0x000000, 0x000000, 0x000000, 0x000000, 0x000000,
    0x000000, 0x000000, 0x000000, 0x000000, 0x000000, 0x000000, 0x000000, 0x000000, 0x000000,
    0x000000, 0x000000, 0x000000, 0x00cae9, 0x000000, 0x000000, 0x000000, 0x000000, 0x000000,
    0x000000, 0x00e3da, 0x000000, 0x00fcd9, 0x000000, 0x000000, 0x000000, 0x000000, 0x000000,
    0x000000, 0x000000, 0x00eada, 0x000000, 0x000000, 0x000000, 0x000000, 0x000000, 0x000000,
    0x00f9c4, 0x000000, 0x00e3a4, 0x000000, 0x000000, 0x000000, 0x000000, 0x000000, 0x000000,
    0x000000, 0x000000, 0x000000, 0x000000, 0x000000, 0x00fbdd, 0x000000, 0x00efca, 0x000000,
    0x00e8c4, 0x000000, 0x000000, 0x000000, 0x000000, 0x000000, 0x000000, 0x000000, 0x00d5cc,
    0x000000, 0x000000, 0x000000, 0x000000, 0x000000, 0x000000, 0x000000, 0x000000, 0x000000,
    0x000000, 0x00ebd7, 0x000000, 0x000000, 0x000000, 0x000000, 0x000000, 0x000000, 0x000000,
    0x000000, 0x000000, 0x000000, 0x000000, 0x000000, 0x000000, 0x000000, 0x000000, 0x000000,
    0x000000, 0x00d9ad, 0x000000, 0x000000, 0x00fbab, 0x000000, 0x000000, 0x000000, 0x000000,
    0x000000, 0x000000, 0x000000, 0x000000, 0x000000, 0x000000, 0x000000, 0x000000, 0x000000,
    0x000000, 0x000000, 0x000000, 0x00d3d9, 0x000000, 0x000000, 0x000000, 0x000000, 0x000000,
    0x000000, 0x00d5a2, 0x000000, 0x000000, 0x000000, 0x000000, 0x000000, 0x00f6de, 0x000000,
    0x000000, 0x000000, 0x000000, 0x000000, 0x000000, 0x000000, 0x000000, 0x000000, 0x000000,
    0x000000, 0x000000, 0x000000, 0x000000, 0x000000, 0x000000, 0x000000, 0x000000, 0x000000,
    0x000000, 0x000000, 0x000000, 0x000000, 0x000000, 0x000000, 0x000000, 0x000000, 0x00daf6,
    0x000000, 0x000000, 0x000000, 0x000000, 0x000000, 0x000000, 0x000000, 0x000000, 0x000000,
    0x000000, 0x000000, 0x00e0d1, 0x000000, 0x000000, 0x00e9a8, 0x000000, 0x000000, 0x00f5f9,
    0x000000, 0x000000, 0x000000, 0x000000, 0x000000, 0x000000, 0x00faaf, 0x000000, 0x00ebfc,
    0x000000, 0x000000, 0x00e0ea, 0x000000, 0x000000, 0x000000, 0x000000, 0x000000, 0x00e3b2,
    0x000000, 0x000000, 0x000000, 0x000000, 0x000000, 0x000000, 0x000000, 0x000000, 0x000000,
    0x000000, 0x000000, 0x000000, 0x000000, 0x000000, 0x000000, 0x000000, 0x000000, 0x000000,
    0x000000, 0x000000, 0x000000, 0x000000, 0x000000, 0x000000, 0x000000, 0x00d5c5, 0x000000,
    0x000000, 0x00f1e3, 0x00d5ee, 0x000000, 0x000000, 0x000000, 0x000000, 0x000000, 0x000000,
    0x000000, 0x000000, 0x000000, 0x000000, 0x000000, 0x000000, 0x000000, 0x00cdcc, 0x000000,
    0x000000, 0x000000, 0x000000, 0x00edd9, 0x000000, 0x000000, 0x000000, 0x000000, 0x00d8c1,
    0x000000, 0x000000, 0x000000, 0x000000, 0x00faec, 0x000000, 0x000000, 0x000000, 0x000000,
    0x000000, 0x00f1eb, 0x000000, 0x000000, 0x000000, 0x000000, 0x000000, 0x00fabc, 0x00e6e2,
    0x000000, 0x000000, 0x000000, 0x000000, 0x00fae5, 0x00e2fa, 0x000000, 0x000000, 0x000000,
    0x00cab6, 0x000000, 0x00e4b7, 0x000000, 0x00eadb, 0x000000, 0x00f5fa, 0x000000, 0x000000,
    0x000000, 0x00fbac, 0x00cfc3, 0x00ebfd, 0x000000, 0x000000, 0x000000, 0x000000, 0x00f8fa,
    0x000000, 0x000000, 0x00dfb9, 0x000000, 0x000000, 0x000000, 0x000000, 0x00e1f1, 0x000000,
    0x00d2a4, 0x000000, 0x000000, 0x000000, 0x000000, 0x00f5fb, 0x000000, 0x000000, 0x000000,
    0x000000, 0x000000, 0x000000, 0x00d0da, 0x00d0db, 0x000000, 0x00eabe, 0x00d9b1, 0x000000,
    0x000000, 0x000000, 0x000000, 0x000000, 0x00cab7, 0x000000, 0x000000, 0x00d3e7, 0x000000,
    0x00f8e5, 0x000000, 0x000000, 0x000000, 0x000000, 0x00d3b2, 0x000000, 0x000000, 0x000000,
    0x00e2c0, 0x00f2df, 0x000000, 0x000000, 0x000000, 0x000000, 0x000000, 0x000000, 0x00cde5,
    0x000000, 0x000000, 0x000000, 0x000000, 0x000000, 0x000000, 0x000000, 0x000000, 0x000000,
    0x000000, 0x000000, 0x000000, 0x00f9ac, 0x000000, 0x000000, 0x000000, 0x000000, 0x000000,
    0x000000, 0x000000, 0x000000, 0x00cdcd, 0x000000, 0x000000, 0x000000, 0x000000, 0x000000,
    0x000000, 0x000000, 0x000000, 0x000000, 0x000000, 0x000000, 0x00eeae, 0x00d6ae, 0x000000,
    0x000000, 0x000000, 0x000000, 0x000000, 0x000000, 0x000000, 0x000000, 0x000000, 0x000000,
    0x000000, 0x000000, 0x00d7ea, 0x000000, 0x000000, 0x000000, 0x000000, 0x00e7e0, 0x00ebae,
    0x000000, 0x000000, 0x000000, 0x00cfd9, 0x000000, 0x000000, 0x00dccd, 0x00edfb, 0x000000,
    0x00def0, 0x000000, 0x00d7eb, 0x000000, 0x000000, 0x000000, 0x000000, 0x000000, 0x000000,
    0x00dea5, 0x000000, 0x000000, 0x000000, 0x000000, 0x000000, 0x000000, 0x000000, 0x000000,
    0x000000, 0x000000, 0x00dfd7, 0x00dbd0, 0x00dbd1, 0x000000, 0x000000, 0x00d5a3, 0x000000,
    0x000000, 0x000000, 0x000000, 0x00f0b2, 0x000000, 0x000000, 0x000000, 0x000000, 0x000000,
    0x000000, 0x000000, 0x00dcdc, 0x000000, 0x000000, 0x000000, 0x000000, 0x000000, 0x000000,
    0x000000, 0x000000, 0x00cae8, 0x000000, 0x00f8e6, 0x00dcce, 0x000000, 0x000000, 0x000000,
    0x000000, 0x00eadc, 0x00dbd2, 0x000000, 0x000000, 0x000000, 0x000000, 0x000000, 0x000000,
    0x000000, 0x000000, 0x000000, 0x000000, 0x000000, 0x00e9b3, 0x000000, 0x000000, 0x000000,
    0x000000, 0x00f7db, 0x000000, 0x000000, 0x000000, 0x000000, 0x000000, 0x000000, 0x000000,
    0x000000, 0x000000, 0x000000, 0x000000, 0x00e3a8, 0x000000, 0x00d7ae, 0x000000, 0x000000,
    0x00e0e1, 0x000000, 0x000000, 0x000000, 0x000000, 0x00cbba, 0x000000, 0x000000, 0x00e5d1,
    0x000000, 0x000000, 0x000000, 0x000000, 0x000000, 0x000000, 0x000000, 0x000000, 0x000000,
    0x000000, 0x000000, 0x000000, 0x000000, 0x000000, 0x000000, 0x000000, 0x000000, 0x000000,
    0x000000, 0x000000, 0x000000, 0x000000, 0x000000, 0x000000, 0x000000, 0x000000, 0x00d0dc,
    0x000000, 0x000000, 0x000000, 0x000000, 0x00d5c1, 0x000000, 0x000000, 0x000000, 0x000000,
    0x000000, 0x00d8ca, 0x000000, 0x000000, 0x000000, 0x000000, 0x000000, 0x000000, 0x000000,
    0x00e3a9, 0x000000, 0x000000, 0x000000, 0x000000, 0x000000, 0x000000, 0x000000, 0x000000,
    0x000000, 0x000000, 0x000000, 0x000000, 0x00e0a4, 0x000000, 0x00e9a9, 0x000000, 0x00d3c7,
    0x000000, 0x000000, 0x00dcdd, 0x00f8ae, 0x000000, 0x000000, 0x000000, 0x00ccb8, 0x000000,
    0x000000, 0x000000, 0x00d0ae, 0x000000, 0x000000, 0x000000, 0x00d8f2, 0x000000, 0x000000,
    0x00e3ca, 0x000000, 0x000000, 0x000000, 0x000000, 0x000000, 0x000000, 0x000000, 0x000000,
    0x000000, 0x000000, 0x00ccaf, 0x000000, 0x000000, 0x000000, 0x000000, 0x000000, 0x000000,
    0x000000, 0x00d4ad, 0x00f6d1, 0x000000, 0x000000, 0x000000, 0x000000, 0x000000, 0x000000,
    0x000000, 0x00d0cc, 0x000000, 0x000000, 0x000000, 0x000000, 0x000000, 0x000000, 0x000000,
    0x00cac6, 0x000000, 0x000000, 0x00d5c2, 0x000000, 0x000000, 0x00ceba, 0x000000, 0x000000,
    0x000000, 0x000000, 0x000000, 0x000000, 0x000000, 0x000000, 0x000000, 0x000000, 0x000000,
    0x000000, 0x000000, 0x000000, 0x000000, 0x000000, 0x000000, 0x00cac7, 0x000000, 0x000000,
    0x000000, 0x000000, 0x000000, 0x000000, 0x000000, 0x000000, 0x000000, 0x000000, 0x000000,
    0x000000, 0x000000, 0x000000, 0x000000, 0x000000, 0x00fab0, 0x000000, 0x000000, 0x000000,
    0x000000, 0x000000, 0x000000, 0x000000, 0x000000, 0x000000, 0x000000, 0x000000, 0x000000,
    0x000000, 0x000000, 0x000000, 0x000000, 0x00dfd8, 0x000000, 0x000000, 0x000000, 0x00f5ba,
    0x000000, 0x000000, 0x000000, 0x000000, 0x000000, 0x000000, 0x000000, 0x00e5eb, 0x000000,
    0x00eff4, 0x00ddb5, 0x000000, 0x000000, 0x000000, 0x000000, 0x00cdaa, 0x000000, 0x00e3f2,
    0x000000, 0x00fbf7, 0x000000, 0x00f7d0, 0x000000, 0x000000, 0x000000, 0x000000, 0x00fdba,
    0x000000, 0x000000, 0x00fde1, 0x00f6fe, 0x00d1c0, 0x000000, 0x000000, 0x00e8c5, 0x000000,
    0x00e4b8, 0x000000, 0x00e1e8, 0x000000, 0x000000, 0x000000, 0x00ccc1, 0x000000, 0x00d2ed,
    0x000000, 0x000000, 0x000000, 0x000000, 0x00dbbe, 0x000000, 0x000000, 0x00e0e2, 0x000000,
    0x000000, 0x000000, 0x00fac9, 0x000000, 0x000000, 0x00e1cd, 0x000000, 0x00cab8, 0x000000,
    0x000000, 0x000000, 0x00f2e0, 0x00f1c9, 0x000000, 0x000000, 0x000000, 0x000000, 0x000000,
    0x000000, 0x000000, 0x000000, 0x000000, 0x000000, 0x000000, 0x000000, 0x000000, 0x000000,
    0x000000, 0x000000, 0x00def1, 0x000000, 0x000000, 0x000000, 0x00f0df, 0x00f8c4, 0x000000,
    0x000000, 0x000000, 0x000000, 0x000000, 0x00eecc, 0x000000, 0x000000, 0x00def2, 0x000000,
    0x00e7c9, 0x000000, 0x00e2f3, 0x00e7e1, 0x000000, 0x000000, 0x00e3cb, 0x000000, 0x000000,
    0x00e3cc, 0x000000, 0x000000, 0x000000, 0x00cff8, 0x00efac, 0x000000, 0x00fdfe, 0x00fca5,
    0x00fab1, 0x00dfd9, 0x000000, 0x00e0d2, 0x000000, 0x000000, 0x000000, 0x00f4da, 0x000000,
    0x000000, 0x000000, 0x000000, 0x000000, 0x000000, 0x00f1ca, 0x000000, 0x00cea3, 0x000000,
    0x000000, 0x000000, 0x000000, 0x00f2bc, 0x00ece3, 0x000000, 0x000000, 0x000000, 0x000000,
    0x000000, 0x00e0a5, 0x000000, 0x00f7ab, 0x000000, 0x000000, 0x00ebaf, 0x000000, 0x000000,
    0x000000, 0x000000, 0x000000, 0x00e5de, 0x000000, 0x00e1a4, 0x00cdab, 0x000000, 0x00d9f4,
    0x00e8a6, 0x00cdce, 0x00e1e9, 0x000000, 0x00fcef, 0x000000, 0x00e0e3, 0x000000, 0x000000,
    0x000000, 0x000000, 0x000000, 0x00e2c1, 0x000000, 0x00cea4, 0x000000, 0x000000, 0x000000,
    0x000000, 0x000000, 0x000000, 0x00dea6, 0x000000, 0x000000, 0x00ebfe, 0x000000, 0x00ebdd,
    0x00f0e0, 0x000000, 0x000000, 0x00f4db, 0x000000, 0x00e2f4, 0x000000, 0x000000, 0x00d3c8,
    0x000000, 0x000000, 0x000000, 0x00f4eb, 0x000000, 0x00eeb5, 0x000000, 0x00f5d8, 0x000000,
    0x000000, 0x00d5df, 0x000000, 0x000000, 0x000000, 0x00d6e5, 0x000000, 0x000000, 0x000000,
    0x000000, 0x00ebb0, 0x00f4e3, 0x000000, 0x000000, 0x000000, 0x000000, 0x00e3cd, 0x000000,
    0x000000, 0x000000, 0x000000, 0x00f4f4, 0x00fab2, 0x000000, 0x000000, 0x00eff5, 0x00cadf,
    0x000000, 0x00ebb1, 0x00edbf, 0x000000, 0x000000, 0x00fdc9, 0x000000, 0x000000, 0x000000,
    0x000000, 0x00e4a6, 0x00f9a4, 0x00f0b3, 0x000000, 0x00e5ec, 0x000000, 0x000000, 0x000000,
    0x00d1e7, 0x000000, 0x00d9c7, 0x00e4d7, 0x00eadd, 0x000000, 0x00d4f7, 0x000000, 0x000000,
    0x000000, 0x000000, 0x000000, 0x000000, 0x000000, 0x000000, 0x000000, 0x00daba, 0x000000,
    0x00dacd, 0x000000, 0x000000, 0x000000, 0x00f9cc, 0x000000, 0x00e1da, 0x00dbbf, 0x000000,
    0x00ccc5, 0x00ecd0, 0x00cbbb, 0x000000, 0x00def3, 0x000000, 0x000000, 0x00e9aa, 0x000000,
    0x000000, 0x000000, 0x000000, 0x000000, 0x000000, 0x000000, 0x00d9c8, 0x000000, 0x000000,
    0x00eee3, 0x00d7bd, 0x000000, 0x000000, 0x000000, 0x000000, 0x000000, 0x000000, 0x00cfc4,
    0x000000, 0x000000, 0x000000, 0x000000, 0x000000, 0x00d0cd, 0x000000, 0x000000, 0x000000,
    0x000000, 0x000000, 0x000000, 0x00fca6, 0x000000, 0x000000, 0x000000, 0x000000, 0x000000,
    0x000000, 0x000000, 0x00f1fb, 0x000000, 0x000000, 0x000000, 0x000000, 0x00fdd2, 0x00d1c1,
    0x000000, 0x000000, 0x000000, 0x000000, 0x000000, 0x000000, 0x000000, 0x000000, 0x00e3db,
    0x000000, 0x00d3c9, 0x000000, 0x00dccf, 0x000000, 0x000000, 0x000000, 0x000000, 0x000000,
    0x000000, 0x000000, 0x000000, 0x000000, 0x00cced, 0x000000, 0x000000, 0x000000, 0x000000,
    0x000000, 0x00dea7, 0x000000, 0x000000, 0x00e6bb, 0x00eca1, 0x000000, 0x000000, 0x000000,
    0x00ccb9, 0x000000, 0x000000, 0x00fbde, 0x000000, 0x000000, 0x000000, 0x000000, 0x000000,
    0x00e7e2, 0x000000, 0x000000, 0x00d4c1, 0x000000, 0x000000, 0x000000, 0x000000, 0x000000,
    0x000000, 0x000000, 0x000000, 0x000000, 0x00dca8, 0x000000, 0x000000, 0x000000, 0x000000,
    0x000000, 0x00e2c2, 0x000000, 0x00f3d8, 0x00e5d3, 0x000000, 0x000000, 0x00f3d9, 0x000000,
    0x000000, 0x000000, 0x00f3c6, 0x000000, 0x000000, 0x000000, 0x000000, 0x000000, 0x000000,
    0x000000, 0x000000, 0x000000, 0x000000, 0x000000, 0x000000, 0x000000, 0x000000, 0x000000,
    0x000000, 0x000000, 0x000000, 0x000000, 0x000000, 0x000000, 0x000000, 0x000000, 0x000000,
    0x000000, 0x000000, 0x000000, 0x000000, 0x000000, 0x000000, 0x000000, 0x000000, 0x000000,
    0x000000, 0x000000, 0x000000, 0x000000, 0x000000, 0x000000, 0x000000, 0x000000, 0x000000,
    0x000000, 0x000000, 0x000000, 0x000000, 0x000000, 0x000000, 0x000000, 0x000000, 0x000000,
    0x000000, 0x000000, 0x000000, 0x000000, 0x00cddb, 0x000000, 0x000000, 0x000000, 0x000000,
    0x000000, 0x000000, 0x000000, 0x00cdac, 0x000000, 0x00fcc3, 0x000000, 0x000000, 0x000000,
    0x000000, 0x00d4e7, 0x000000, 0x00d1c2, 0x000000, 0x00f9a5, 0x000000, 0x00e8d5, 0x000000,
    0x000000, 0x000000, 0x000000, 0x000000, 0x000000, 0x000000, 0x000000, 0x00e3ce, 0x000000,
    0x000000, 0x000000, 0x000000, 0x00d4ca, 0x000000, 0x000000, 0x000000, 0x000000, 0x000000,
    0x000000, 0x00dfda, 0x000000, 0x000000, 0x000000, 0x000000, 0x000000, 0x000000, 0x000000,
    0x000000, 0x00fbdf, 0x00e7e3, 0x000000, 0x000000, 0x000000, 0x000000, 0x000000, 0x000000,
    0x000000, 0x000000, 0x000000, 0x000000, 0x000000, 0x000000, 0x000000, 0x00f8fb, 0x00e3cf,
    0x000000, 0x000000, 0x000000, 0x000000, 0x000000, 0x00f5b0, 0x000000, 0x000000, 0x000000,
    0x000000, 0x000000, 0x000000, 0x000000, 0x00d8e7, 0x000000, 0x00d9c9, 0x000000, 0x000000,
    0x000000, 0x000000, 0x000000, 0x000000, 0x000000, 0x000000, 0x000000, 0x000000, 0x000000,
    0x000000, 0x000000, 0x000000, 0x000000, 0x000000, 0x00f8af, 0x00eff6, 0x000000, 0x00ddb6,
    0x00eeaf, 0x00cdf8, 0x000000, 0x000000, 0x000000, 0x000000, 0x00deb8, 0x00fca7, 0x00f7fc,
    0x00f7b1, 0x00cebb, 0x00f4a1, 0x000000, 0x000000, 0x00eecd, 0x00e1ae, 0x000000, 0x000000,
    0x00ecc3, 0x00cffe, 0x000000, 0x00f8bf, 0x00d8e2, 0x00d3e8, 0x000000, 0x000000, 0x00dea8,
    0x00f4e4, 0x00ecc2, 0x000000, 0x00d9f5, 0x00f9c5, 0x00ddd3, 0x00d6f1, 0x00ecfc, 0x00fcf0,
    0x000000, 0x000000, 0x00edc0, 0x00cab9, 0x000000, 0x00eee4, 0x000000, 0x000000, 0x000000,
    0x000000, 0x000000, 0x000000, 0x00f2e1, 0x000000, 0x00deb9, 0x000000, 0x000000, 0x000000,
    0x000000, 0x000000, 0x000000, 0x00d6f2, 0x000000, 0x00def4, 0x000000, 0x00dfdb, 0x000000,
    0x00dbd3, 0x000000, 0x00fae7, 0x00d8e3, 0x00f4c1, 0x000000, 0x00ddb7, 0x000000, 0x000000,
    0x000000, 0x00f2f5, 0x000000, 0x000000, 0x00d4ae, 0x000000, 0x000000, 0x000000, 0x000000,
    0x000000, 0x000000, 0x00d6f3, 0x000000, 0x000000, 0x000000, 0x000000, 0x000000, 0x000000,
    0x00ddb8, 0x00cfc5, 0x00dfdf, 0x000000, 0x000000, 0x000000, 0x000000, 0x00f2be, 0x00f6a1,
    0x000000, 0x00ebcb, 0x00f1fc, 0x000000, 0x00f3c7, 0x000000, 0x000000, 0x00e0eb, 0x000000,
    0x000000, 0x000000, 0x000000, 0x000000, 0x00edfc, 0x000000, 0x000000, 0x00e1db, 0x000000,
    0x000000, 0x000000, 0x000000, 0x000000, 0x000000, 0x000000, 0x000000, 0x000000, 0x000000,
    0x000000, 0x000000, 0x000000, 0x000000, 0x000000, 0x000000, 0x000000, 0x000000, 0x000000,
    0x000000, 0x000000, 0x000000, 0x000000, 0x000000, 0x000000, 0x000000, 0x000000, 0x000000,
    0x000000, 0x000000, 0x000000, 0x000000, 0x000000, 0x000000, 0x000000, 0x000000, 0x000000,
    0x000000, 0x000000, 0x000000, 0x000000, 0x00eee5, 0x000000, 0x00def5, 0x000000, 0x000000,
    0x000000, 0x000000, 0x00fad3, 0x000000, 0x000000, 0x000000, 0x000000, 0x00f1cb, 0x000000,
    0x000000, 0x00d0af, 0x00ddb9, 0x000000, 0x000000, 0x00d1c3, 0x000000, 0x000000, 0x000000,
    0x000000, 0x000000, 0x000000, 0x000000, 0x000000, 0x00f5b1, 0x000000, 0x000000, 0x000000,
    0x000000, 0x00eac6, 0x000000, 0x000000, 0x000000, 0x000000, 0x000000, 0x000000, 0x000000,
    0x000000, 0x000000, 0x000000, 0x000000, 0x000000, 0x000000, 0x000000, 0x00f0e1, 0x000000,
    0x000000, 0x000000, 0x000000, 0x000000, 0x000000, 0x000000, 0x000000, 0x000000, 0x00f6ac,
    0x000000, 0x000000, 0x000000, 0x000000, 0x00f5d9, 0x000000, 0x000000, 0x000000, 0x000000,
    0x000000, 0x000000, 0x000000, 0x000000, 0x000000, 0x000000, 0x00f0eb, 0x000000, 0x000000,
    0x000000, 0x000000, 0x000000, 0x000000, 0x00ddba, 0x000000, 0x000000, 0x000000, 0x00f2bf,
    0x000000, 0x000000, 0x000000, 0x000000, 0x000000, 0x000000, 0x00f7c5, 0x000000, 0x000000,
    0x000000, 0x000000, 0x00dba2, 0x00f2f6, 0x000000, 0x000000, 0x00caba, 0x000000, 0x000000,
    0x000000, 0x000000, 0x000000, 0x000000, 0x000000, 0x000000, 0x000000, 0x000000, 0x000000,
    0x00f7f5, 0x000000, 0x00cbe5, 0x000000, 0x000000, 0x000000, 0x00eee6, 0x000000, 0x00e0d3,
    0x000000, 0x000000, 0x000000, 0x000000, 0x00cea5, 0x000000, 0x000000, 0x000000, 0x000000,
    0x000000, 0x000000, 0x00d6d8, 0x000000, 0x000000, 0x000000, 0x00d4af, 0x000000, 0x000000,
    0x000000, 0x000000, 0x000000, 0x000000, 0x000000, 0x000000, 0x000000, 0x000000, 0x000000,
    0x000000, 0x00e9c9, 0x000000, 0x000000, 0x000000, 0x000000, 0x00d3ce, 0x00f4c2, 0x000000,
    0x000000, 0x000000, 0x000000, 0x000000, 0x000000, 0x000000, 0x000000, 0x000000, 0x000000,
    0x000000, 0x000000, 0x000000, 0x00cbe6, 0x000000, 0x000000, 0x000000, 0x000000, 0x000000,
    0x000000, 0x000000, 0x000000, 0x000000, 0x000000, 0x000000, 0x00f1a1, 0x000000, 0x000000,
    0x000000, 0x000000, 0x000000, 0x00ebb2, 0x000000, 0x000000, 0x000000, 0x000000, 0x00f1a2,
    0x000000, 0x000000, 0x000000, 0x000000, 0x000000, 0x000000, 0x000000, 0x000000, 0x000000,
    0x000000, 0x00ebb3, 0x000000, 0x00f0b4, 0x000000, 0x000000, 0x00cbf4, 0x00d4b0, 0x00f3b2,
    0x00fbb7, 0x000000, 0x000000, 0x000000, 0x000000, 0x000000, 0x000000, 0x000000, 0x000000,
    0x000000, 0x000000, 0x000000, 0x000000, 0x000000, 0x000000, 0x00f5ec, 0x000000, 0x000000,
    0x000000, 0x000000, 0x000000, 0x00eee7, 0x00f4b2, 0x000000, 0x000000, 0x000000, 0x000000,
    0x000000, 0x000000, 0x000000, 0x000000, 0x000000, 0x000000, 0x000000, 0x000000, 0x000000,
    0x000000, 0x000000, 0x000000, 0x000000, 0x000000, 0x000000, 0x00f5ed, 0x000000, 0x00cff3,
    0x000000, 0x000000, 0x000000, 0x000000, 0x000000, 0x000000, 0x000000, 0x000000, 0x000000,
    0x00f0e2, 0x000000, 0x000000, 0x000000, 0x000000, 0x000000, 0x00eece, 0x000000, 0x000000,
    0x00f1cc, 0x000000, 0x000000, 0x00e5b8, 0x000000, 0x000000, 0x000000, 0x000000, 0x000000,
    0x000000, 0x000000, 0x000000, 0x000000, 0x000000, 0x000000, 0x000000, 0x000000, 0x000000,
    0x000000, 0x000000, 0x000000, 0x000000, 0x000000, 0x000000, 0x000000, 0x000000, 0x000000,
    0x000000, 0x000000, 0x000000, 0x000000, 0x000000, 0x00d7f5, 0x00e3f3, 0x00cfe5, 0x000000,
    0x000000, 0x000000, 0x000000, 0x000000, 0x000000, 0x000000, 0x000000, 0x000000, 0x000000,
    0x000000, 0x000000, 0x000000, 0x000000, 0x000000, 0x000000, 0x000000, 0x000000, 0x000000,
    0x00cfc6, 0x000000, 0x000000, 0x000000, 0x000000, 0x000000, 0x000000, 0x000000, 0x000000,
    0x000000, 0x00f3b3, 0x00e4d8, 0x00cff9, 0x00cfda, 0x000000, 0x000000, 0x000000, 0x000000,
    0x00facd, 0x000000, 0x000000, 0x000000, 0x000000, 0x000000, 0x000000, 0x000000, 0x000000,
    0x000000, 0x000000, 0x000000, 0x000000, 0x00e6e3, 0x000000, 0x000000, 0x000000, 0x000000,
    0x000000, 0x000000, 0x000000, 0x000000, 0x000000, 0x000000, 0x000000, 0x00f2e2, 0x000000,
    0x000000, 0x000000, 0x000000, 0x000000, 0x000000, 0x000000, 0x000000, 0x000000, 0x000000,
    0x000000, 0x000000, 0x00f5ee, 0x000000, 0x000000, 0x00cabb, 0x000000, 0x000000, 0x00e3dc,
    0x000000, 0x000000, 0x000000, 0x00cef2, 0x000000, 0x00d6d9, 0x000000, 0x000000, 0x000000,
    0x00eeb0, 0x000000, 0x000000, 0x000000, 0x000000, 0x000000, 0x000000, 0x000000, 0x000000,
    0x00f4e5, 0x00d8c2, 0x00dcd0, 0x00ccee, 0x000000, 0x000000, 0x000000, 0x000000, 0x000000,
    0x00d5e0, 0x00f6ca, 0x00fdca, 0x00d8d6, 0x00f4cf, 0x000000, 0x000000, 0x000000, 0x000000,
    0x000000, 0x000000, 0x00d6a6, 0x00dcbe, 0x000000, 0x00dbd4, 0x00d7c7, 0x000000, 0x000000,
    0x000000, 0x000000, 0x00f2fe, 0x000000, 0x000000, 0x000000, 0x00f1cd, 0x000000, 0x000000,
    0x000000, 0x000000, 0x00e2c3, 0x00dcde, 0x000000, 0x00dcdf, 0x000000, 0x000000, 0x00efad,
    0x00e6ab, 0x000000, 0x000000, 0x000000, 0x000000, 0x00f9dd, 0x00eabf, 0x000000, 0x000000,
    0x000000, 0x00efae, 0x000000, 0x000000, 0x000000, 0x00f4d0, 0x00cef3, 0x000000, 0x000000,
    0x000000, 0x000000, 0x000000, 0x000000, 0x000000, 0x000000, 0x000000, 0x000000, 0x000000,
    0x000000, 0x000000, 0x000000, 0x00e6ac, 0x000000, 0x00cede, 0x000000, 0x000000, 0x00d5f9,
    0x000000, 0x000000, 0x000000, 0x000000, 0x000000, 0x000000, 0x000000, 0x000000, 0x000000,
    0x000000, 0x000000, 0x000000, 0x000000, 0x000000, 0x000000, 0x000000, 0x000000, 0x000000,
    0x000000, 0x000000, 0x000000, 0x000000, 0x000000, 0x000000, 0x000000, 0x000000, 0x000000,
    0x000000, 0x000000, 0x00e3f4, 0x00cdd0, 0x000000, 0x000000, 0x000000, 0x000000, 0x000000,
    0x000000, 0x00d5b8, 0x000000, 0x000000, 0x00f7fd, 0x000000, 0x00dca9, 0x000000, 0x000000,
    0x000000, 0x000000, 0x00def6, 0x000000, 0x00dcaa, 0x00f2e3, 0x00e9b4, 0x00d2dc, 0x000000,
    0x000000, 0x000000, 0x000000, 0x000000, 0x000000, 0x000000, 0x000000, 0x000000, 0x000000,
    0x000000, 0x000000, 0x000000, 0x00e9e6, 0x000000, 0x000000, 0x00e3f6, 0x000000, 0x000000,
    0x000000, 0x000000, 0x000000, 0x000000, 0x000000, 0x000000, 0x00e7ca, 0x000000, 0x000000,
    0x00d0ce, 0x000000, 0x000000, 0x00daf7, 0x000000, 0x000000, 0x000000, 0x000000, 0x000000,
    0x000000, 0x000000, 0x000000, 0x000000, 0x000000, 0x000000, 0x000000, 0x000000, 0x000000,
    0x000000, 0x000000, 0x000000, 0x00cabc, 0x000000, 0x000000, 0x000000, 0x00eee8, 0x00dade,
    0x000000, 0x00f2f7, 0x000000, 0x000000, 0x00e2fb, 0x000000, 0x00cca6, 0x000000, 0x000000,
    0x000000, 0x000000, 0x00dabb, 0x000000, 0x00eee9, 0x000000, 0x000000, 0x000000, 0x00f5da,
    0x000000, 0x000000, 0x00f7dc, 0x00e1ea, 0x00cec1, 0x00d4b1, 0x000000, 0x00fdb1, 0x00e6bd,
    0x000000, 0x00fbad, 0x000000, 0x000000, 0x00f8e7, 0x000000, 0x00e1ce, 0x000000, 0x00f7e2,
    0x00f5ef, 0x00cfc7, 0x000000, 0x000000, 0x00d4b2, 0x00ccef, 0x000000, 0x00d4e8, 0x000000,
    0x00eecf, 0x00f7d7, 0x000000, 0x000000, 0x00e0a6, 0x00d6c1, 0x00e1dc, 0x00f0e3, 0x00f1e4,
    0x00dcf1, 0x00d6a7, 0x000000, 0x000000, 0x000000, 0x000000, 0x000000, 0x000000, 0x000000,
    0x000000, 0x000000, 0x000000, 0x00f4f5, 0x000000, 0x000000, 0x00f1ce, 0x00f2e4, 0x000000,
    0x000000, 0x00d0b0, 0x000000, 0x000000, 0x00ecef, 0x000000, 0x000000, 0x000000, 0x00f9ba,
    0x000000, 0x00ebb5, 0x000000, 0x00d4ed, 0x00e2c4, 0x000000, 0x000000, 0x000000, 0x000000,
    0x00e9e7, 0x000000, 0x000000, 0x00ebb4, 0x00eaa1, 0x000000, 0x00f8bc, 0x00cea6, 0x000000,
    0x00f9c6, 0x00fcda, 0x000000, 0x00d4b3, 0x00d3b9, 0x00eade, 0x000000, 0x000000, 0x000000,
    0x00e9ab, 0x000000, 0x000000, 0x00e1e1, 0x00d3cf, 0x00f4f6, 0x000000, 0x00eac0, 0x00e1cf,
    0x000000, 0x00ccba, 0x000000, 0x000000, 0x000000, 0x000000, 0x000000, 0x00eeea, 0x000000,
    0x000000, 0x000000, 0x00f0e4, 0x00f3b4, 0x00d4ee, 0x000000, 0x000000, 0x00f2c0, 0x000000,
    0x000000, 0x00f1e5, 0x000000, 0x00f4c3, 0x00e0d4, 0x000000, 0x00ebb6, 0x000000, 0x00d7a1,
    0x00cbe8, 0x000000, 0x00f9ad, 0x00e9ad, 0x00d8e4, 0x00fab3, 0x00e2c5, 0x00fcbd, 0x000000,
    0x000000, 0x00ecc4, 0x00d8b1, 0x000000, 0x00dcab, 0x000000, 0x000000, 0x000000, 0x000000,
    0x00d5a4, 0x000000, 0x00ebe9, 0x000000, 0x000000, 0x000000, 0x00e8bb, 0x000000, 0x000000,
    0x000000, 0x00d8d7, 0x000000, 0x000000, 0x000000, 0x000000, 0x000000, 0x000000, 0x000000,
    0x000000, 0x00fbae, 0x00d1e1, 0x000000, 0x000000, 0x00dbc0, 0x000000, 0x00f5be, 0x000000,
    0x00def7, 0x000000, 0x000000, 0x000000, 0x000000, 0x00cafb, 0x00f7c6, 0x00cfc8, 0x000000,
    0x000000, 0x000000, 0x00e1d0, 0x000000, 0x000000, 0x00eed0, 0x000000, 0x000000, 0x000000,
    0x000000, 0x000000, 0x000000, 0x000000, 0x00e9f4, 0x000000, 0x000000, 0x000000, 0x000000,
    0x000000, 0x000000, 0x000000, 0x000000, 0x00cef4, 0x000000, 0x000000, 0x000000, 0x000000,
    0x000000, 0x000000, 0x000000, 0x000000, 0x000000, 0x000000, 0x000000, 0x000000, 0x000000,
    0x000000, 0x000000, 0x000000, 0x000000, 0x000000, 0x000000, 0x00d5cd, 0x000000, 0x000000,
    0x00cfdb, 0x000000, 0x000000, 0x000000, 0x000000, 0x000000, 0x000000, 0x00ddbb, 0x000000,
    0x000000, 0x000000, 0x000000, 0x00ceac, 0x000000, 0x000000, 0x000000, 0x000000, 0x000000,
    0x000000, 0x000000, 0x00e9e8, 0x000000, 0x000000, 0x000000, 0x000000, 0x000000, 0x000000,
    0x000000, 0x00d4b4, 0x000000, 0x000000, 0x00e4c7, 0x000000, 0x000000, 0x000000, 0x000000,
    0x000000, 0x000000, 0x000000, 0x000000, 0x000000, 0x000000, 0x000000, 0x000000, 0x000000,
    0x000000, 0x000000, 0x00f5db, 0x000000, 0x000000, 0x00fac1, 0x000000, 0x000000, 0x000000,
    0x00dea9, 0x000000, 0x000000, 0x000000, 0x000000, 0x000000, 0x000000, 0x000000, 0x000000,
    0x000000, 0x000000, 0x000000, 0x000000, 0x000000, 0x00d4f8, 0x000000, 0x000000, 0x000000,
    0x000000, 0x000000, 0x00eff7, 0x000000, 0x000000, 0x000000, 0x000000, 0x00d3b3, 0x000000,
    0x000000, 0x000000, 0x000000, 0x000000, 0x000000, 0x000000, 0x000000, 0x000000, 0x000000,
    0x000000, 0x000000, 0x000000, 0x00ebb7, 0x00eff8, 0x00f5dc, 0x00edcc, 0x00dbd5, 0x00f1cf,
    0x000000, 0x000000, 0x000000, 0x00f1d0, 0x000000, 0x000000, 0x000000, 0x000000, 0x000000,
    0x000000, 0x000000, 0x000000, 0x000000, 0x000000, 0x000000, 0x000000, 0x000000, 0x000000,
    0x000000, 0x00f5b2, 0x000000, 0x000000, 0x000000, 0x000000, 0x000000, 0x000000, 0x00d9ae,
    0x00d5ac, 0x000000, 0x00e2c6, 0x000000, 0x000000, 0x000000, 0x000000, 0x000000, 0x000000,
    0x000000, 0x000000, 0x00fda3, 0x000000, 0x00fbe5, 0x00dfab, 0x000000, 0x000000, 0x000000,
    0x000000, 0x000000, 0x000000, 0x000000, 0x00e2f5, 0x000000, 0x00f6ad, 0x000000, 0x00f5b3,
    0x000000, 0x00f0b5, 0x000000, 0x000000, 0x000000, 0x000000, 0x00e1a5, 0x000000, 0x000000,
    0x000000, 0x000000, 0x000000, 0x000000, 0x000000, 0x000000, 0x000000, 0x00f5dd, 0x000000,
    0x000000, 0x000000, 0x000000, 0x000000, 0x000000, 0x000000, 0x000000, 0x000000, 0x000000,
    0x000000, 0x000000, 0x000000, 0x000000, 0x00eca2, 0x00edfd, 0x000000, 0x00f5b4, 0x00fbb8,
    0x000000, 0x00dba3, 0x000000, 0x000000, 0x00d6ca, 0x00cbd9, 0x000000, 0x000000, 0x000000,
    0x000000, 0x000000, 0x000000, 0x000000, 0x000000, 0x000000, 0x000000, 0x00e5d4, 0x000000,
    0x000000, 0x000000, 0x000000, 0x000000, 0x000000, 0x00f3fa, 0x000000, 0x00ebb8, 0x000000,
    0x00e0b7, 0x00d7ec, 0x00f1ec, 0x00e5af, 0x00d5e1, 0x00d7ed, 0x00d1d1, 0x000000, 0x000000,
    0x000000, 0x000000, 0x000000, 0x00e1f2, 0x00eff9, 0x000000, 0x000000, 0x000000, 0x00ddbc,
    0x00f6dc, 0x000000, 0x000000, 0x000000, 0x000000, 0x000000, 0x00f0e5, 0x000000, 0x000000,
    0x000000, 0x00f4c4, 0x000000, 0x000000, 0x00e9e9, 0x000000, 0x000000, 0x000000, 0x000000,
    0x000000, 0x000000, 0x000000, 0x000000, 0x000000, 0x000000, 0x00f3fb, 0x000000, 0x000000,
    0x000000, 0x000000, 0x000000, 0x000000, 0x000000, 0x000000, 0x000000, 0x000000, 0x000000,
    0x000000, 0x000000, 0x00d4ef, 0x000000, 0x000000, 0x00cca2, 0x00f7fe, 0x00dfbc, 0x000000,
    0x000000, 0x000000, 0x000000, 0x00ebcd, 0x000000, 0x000000, 0x000000, 0x000000, 0x000000,
    0x000000, 0x00d0b7, 0x000000, 0x000000, 0x000000, 0x000000, 0x000000, 0x000000, 0x000000,
    0x000000, 0x000000, 0x000000, 0x000000, 0x000000, 0x000000, 0x000000, 0x000000, 0x000000,
    0x000000, 0x000000, 0x000000, 0x000000, 0x000000, 0x00d6c2, 0x000000, 0x000000, 0x000000,
    0x000000, 0x000000, 0x00e8ad, 0x000000, 0x000000, 0x000000, 0x000000, 0x00efaf, 0x00cba5,
    0x000000, 0x000000, 0x000000, 0x000000, 0x00cbe9, 0x000000, 0x000000, 0x000000, 0x00fae8,
    0x000000, 0x000000, 0x000000, 0x000000, 0x000000, 0x000000, 0x000000, 0x000000, 0x000000,
    0x000000, 0x000000, 0x000000, 0x000000, 0x00ccc6, 0x000000, 0x000000, 0x000000, 0x00e6e7,
    0x000000, 0x000000, 0x00eac7, 0x000000, 0x000000, 0x000000, 0x00dba4, 0x000000, 0x00cfc9,
    0x00e2fc, 0x00effa, 0x000000, 0x000000, 0x000000, 0x000000, 0x000000, 0x000000, 0x000000,
    0x000000, 0x000000, 0x000000, 0x000000, 0x000000, 0x000000, 0x000000, 0x000000, 0x000000,
    0x000000, 0x000000, 0x000000, 0x000000, 0x000000, 0x000000, 0x000000, 0x000000, 0x000000,
    0x00ebde, 0x000000, 0x000000, 0x00f5c8, 0x000000, 0x00d4de, 0x000000, 0x000000, 0x000000,
    0x000000, 0x000000, 0x000000, 0x000000, 0x000000, 0x000000, 0x000000, 0x000000, 0x00e0d5,
    0x000000, 0x00efb0, 0x000000, 0x000000, 0x00e2c7, 0x000000, 0x00d9af, 0x000000, 0x000000,
    0x000000, 0x00f9e7, 0x000000, 0x000000, 0x000000, 0x000000, 0x000000, 0x000000, 0x000000,
    0x000000, 0x000000, 0x000000, 0x000000, 0x000000, 0x000000, 0x000000, 0x000000, 0x000000,
    0x000000, 0x000000, 0x000000, 0x000000, 0x000000, 0x000000, 0x00e7e5, 0x000000, 0x000000,
    0x00cfca, 0x00e1d1, 0x000000, 0x00e2c8, 0x000000, 0x000000, 0x000000, 0x000000, 0x000000,
    0x000000, 0x000000, 0x000000, 0x000000, 0x000000, 0x000000, 0x000000, 0x00effb, 0x000000,
    0x000000, 0x00faf9, 0x000000, 0x000000, 0x00dcf2, 0x000000, 0x000000, 0x000000, 0x000000,
    0x000000, 0x000000, 0x000000, 0x000000, 0x000000, 0x000000, 0x000000, 0x000000, 0x000000,
    0x000000, 0x000000, 0x000000, 0x000000, 0x00e0a7, 0x000000, 0x000000, 0x000000, 0x000000,
    0x000000, 0x00f8e8, 0x000000, 0x000000, 0x000000, 0x000000, 0x000000, 0x000000, 0x000000,
    0x000000, 0x000000, 0x000000, 0x000000, 0x000000, 0x000000, 0x00cbea, 0x000000, 0x000000,
    0x000000, 0x00cbbc, 0x000000, 0x000000, 0x000000, 0x000000, 0x00d6e2, 0x000000, 0x000000,
    0x000000, 0x000000, 0x000000, 0x000000, 0x000000, 0x000000, 0x000000, 0x000000, 0x000000,
    0x00f5de, 0x000000, 0x000000, 0x000000, 0x000000, 0x000000, 0x000000, 0x000000, 0x00f5df,
    0x000000, 0x00eeb6, 0x000000, 0x000000, 0x000000, 0x00e2f6, 0x00d3ca, 0x00effc, 0x00d1c4,
    0x00efb1, 0x000000, 0x00d1c5, 0x000000, 0x00d0de, 0x000000, 0x00d9e1, 0x000000, 0x000000,
    0x00e0b8, 0x000000, 0x000000, 0x00cdd1, 0x00f3b9, 0x000000, 0x000000, 0x000000, 0x000000,
    0x000000, 0x000000, 0x000000, 0x000000, 0x000000, 0x000000, 0x000000, 0x000000, 0x000000,
    0x000000, 0x000000, 0x000000, 0x00e7cc, 0x000000, 0x00d6a8, 0x00cea7, 0x000000, 0x00d4b5,
    0x000000, 0x000000, 0x000000, 0x000000, 0x000000, 0x000000, 0x00e4c8, 0x000000, 0x000000,
    0x000000, 0x000000, 0x000000, 0x000000, 0x00d3b4, 0x000000, 0x000000, 0x000000, 0x000000,
    0x000000, 0x000000, 0x000000, 0x000000, 0x000000, 0x000000, 0x000000, 0x000000, 0x000000,
    0x000000, 0x000000, 0x000000, 0x000000, 0x000000, 0x00ebb9, 0x000000, 0x000000, 0x000000,
    0x000000, 0x000000, 0x000000, 0x00cbf5, 0x000000, 0x000000, 0x000000, 0x000000, 0x000000,
    0x000000, 0x00f6dd, 0x000000, 0x00f1a3, 0x000000, 0x000000, 0x000000, 0x000000, 0x000000,
    0x000000, 0x000000, 0x000000, 0x000000, 0x000000, 0x000000, 0x000000, 0x00ccc7, 0x000000,
    0x000000, 0x000000, 0x000000, 0x000000, 0x000000, 0x000000, 0x00e9ca, 0x000000, 0x00e1f0,
    0x000000, 0x000000, 0x000000, 0x00f5e0, 0x000000, 0x000000, 0x000000, 0x000000, 0x000000,
    0x000000, 0x000000, 0x000000, 0x00fbaf, 0x000000, 0x000000, 0x000000, 0x00cbd1, 0x000000,
    0x000000, 0x000000, 0x000000, 0x00fbe0, 0x00f2e5, 0x000000, 0x000000, 0x00ecf0, 0x000000,
    0x000000, 0x000000, 0x000000, 0x000000, 0x000000, 0x000000, 0x000000, 0x000000, 0x000000,
    0x000000, 0x000000, 0x000000, 0x000000, 0x000000, 0x00f0ec, 0x000000, 0x000000, 0x000000,
    0x000000, 0x000000, 0x000000, 0x000000, 0x000000, 0x000000, 0x000000, 0x000000, 0x000000,
    0x000000, 0x00eeeb, 0x000000, 0x000000, 0x000000, 0x000000, 0x000000, 0x000000, 0x000000,
    0x000000, 0x000000, 0x000000, 0x000000, 0x000000, 0x00e9cb, 0x000000, 0x000000, 0x00ccf0,
    0x000000, 0x000000, 0x00d7af, 0x000000, 0x000000, 0x000000, 0x000000, 0x000000, 0x000000,
    0x000000, 0x000000, 0x000000, 0x000000, 0x000000, 0x000000, 0x000000, 0x000000, 0x000000,
    0x000000, 0x000000, 0x00f3a1, 0x000000, 0x000000, 0x000000, 0x000000, 0x000000, 0x000000,
    0x000000, 0x000000, 0x000000, 0x00fcf5, 0x000000, 0x000000, 0x000000, 0x000000, 0x000000,
    0x000000, 0x000000, 0x000000, 0x000000, 0x000000, 0x000000, 0x000000, 0x000000, 0x000000,
    0x000000, 0x000000, 0x000000, 0x000000, 0x000000, 0x00f1a4, 0x000000, 0x000000, 0x000000,
    0x000000, 0x000000, 0x000000, 0x000000, 0x000000, 0x000000, 0x000000, 0x000000, 0x000000,
    0x00e0d6, 0x000000, 0x000000, 0x000000, 0x000000, 0x000000, 0x00efb2, 0x000000, 0x000000,
    0x000000, 0x000000, 0x000000, 0x000000, 0x000000, 0x000000, 0x000000, 0x00f4d1, 0x000000,
    0x000000, 0x00f7a1, 0x000000, 0x000000, 0x000000, 0x000000, 0x000000, 0x000000, 0x000000,
    0x00f1d1, 0x000000, 0x000000, 0x000000, 0x000000, 0x000000, 0x000000, 0x000000, 0x000000,
    0x000000, 0x000000, 0x000000, 0x000000, 0x00cafc, 0x00cafd, 0x000000, 0x000000, 0x000000,
    0x000000, 0x000000, 0x000000, 0x000000, 0x000000, 0x00cece, 0x000000, 0x000000, 0x000000,
    0x000000, 0x000000, 0x000000, 0x000000, 0x000000, 0x000000, 0x000000, 0x000000, 0x000000,
    0x000000, 0x000000, 0x000000, 0x000000, 0x000000, 0x000000, 0x000000, 0x000000, 0x000000,
    0x000000, 0x000000, 0x000000, 0x000000, 0x000000, 0x000000, 0x000000, 0x000000, 0x000000,
    0x000000, 0x000000, 0x000000, 0x00f3c8, 0x000000, 0x00f3ba, 0x000000, 0x000000, 0x000000,
    0x000000, 0x000000, 0x000000, 0x000000, 0x000000, 0x000000, 0x000000, 0x000000, 0x000000,
    0x000000, 0x000000, 0x000000, 0x000000, 0x000000, 0x000000, 0x000000, 0x000000, 0x000000,
    0x000000, 0x000000, 0x000000, 0x000000, 0x000000, 0x000000, 0x000000, 0x000000, 0x000000,
    0x000000, 0x000000, 0x000000, 0x000000, 0x000000, 0x000000, 0x000000, 0x000000, 0x000000,
    0x000000, 0x000000, 0x000000, 0x000000, 0x000000, 0x000000, 0x000000, 0x000000, 0x000000,
    0x000000, 0x000000, 0x000000, 0x000000, 0x000000, 0x000000, 0x000000, 0x00edfe, 0x000000,
    0x000000, 0x000000, 0x000000, 0x000000, 0x000000, 0x000000, 0x000000, 0x00daa6, 0x000000,
    0x000000, 0x00e0ec, 0x000000, 0x000000, 0x000000, 0x000000, 0x000000, 0x00f8cd, 0x000000,
    0x00cbd2, 0x000000, 0x000000, 0x000000, 0x00ebce, 0x000000, 0x00f9d8, 0x00f9d9, 0x00cae0,
    0x00daca, 0x000000, 0x000000, 0x000000, 0x00cba6, 0x000000, 0x000000, 0x000000, 0x000000,
    0x000000, 0x000000, 0x000000, 0x000000, 0x000000, 0x000000, 0x00cac8, 0x00f9ee, 0x00dbec,
    0x000000, 0x000000, 0x00d0b1, 0x000000, 0x000000, 0x000000, 0x000000, 0x00d5ef, 0x000000,
    0x000000, 0x000000, 0x00e6f3, 0x000000, 0x000000, 0x000000, 0x000000, 0x000000, 0x000000,
    0x000000, 0x000000, 0x000000, 0x00e7a2, 0x00e4d9, 0x000000, 0x000000, 0x000000, 0x000000,
    0x000000, 0x000000, 0x000000, 0x00e4e1, 0x000000, 0x000000, 0x00fcc4, 0x000000, 0x000000,
    0x000000, 0x000000, 0x000000, 0x000000, 0x000000, 0x000000, 0x000000, 0x00f9ef, 0x00cff4,
    0x00f7e6, 0x000000, 0x000000, 0x000000, 0x000000, 0x000000, 0x00cebc, 0x000000, 0x000000,
    0x000000, 0x000000, 0x00f4c5, 0x00dca3, 0x000000, 0x000000, 0x000000, 0x000000, 0x000000,
    0x000000, 0x000000, 0x000000, 0x000000, 0x000000, 0x000000, 0x000000, 0x000000, 0x000000,
    0x000000, 0x000000, 0x000000, 0x000000, 0x000000, 0x000000, 0x000000, 0x000000, 0x000000,
    0x000000, 0x000000, 0x000000, 0x000000, 0x000000, 0x000000, 0x00ddbd, 0x000000, 0x000000,
    0x000000, 0x000000, 0x00f4c6, 0x000000, 0x000000, 0x000000, 0x000000, 0x000000, 0x000000,
    0x000000, 0x000000, 0x00f8a1, 0x000000, 0x000000, 0x000000, 0x00e8d6, 0x000000, 0x000000,
    0x000000, 0x00dbc1, 0x000000, 0x000000, 0x000000, 0x000000, 0x000000, 0x000000, 0x000000,
    0x000000, 0x00f0e6, 0x000000, 0x000000, 0x000000, 0x00e4b9, 0x00f6ed, 0x000000, 0x00f9ae,
    0x000000, 0x00ddbe, 0x000000, 0x000000, 0x000000, 0x000000, 0x000000, 0x000000, 0x00d7b0,
    0x00d8e8, 0x00cbbd, 0x000000, 0x000000, 0x00f9da, 0x000000, 0x000000, 0x000000, 0x000000,
    0x000000, 0x000000, 0x000000, 0x000000, 0x000000, 0x000000, 0x00f8ce, 0x00f9f0, 0x00e0ed,
    0x00e3b3, 0x00f4b3, 0x000000, 0x000000, 0x00eac2, 0x00f2e6, 0x00f0b6, 0x000000, 0x000000,
    0x000000, 0x000000, 0x000000, 0x00dbd6, 0x000000, 0x000000, 0x000000, 0x000000, 0x000000,
    0x00ebe4, 0x000000, 0x000000, 0x00f2e7, 0x000000, 0x00d7d5, 0x00d4b6, 0x00f9e8, 0x00d7c1,
    0x000000, 0x000000, 0x000000, 0x000000, 0x00e5d5, 0x000000, 0x000000, 0x000000, 0x000000,
    0x000000, 0x00e9ea, 0x00d7cc, 0x000000, 0x000000, 0x000000, 0x00d3e9, 0x00e2c9, 0x000000,
    0x00fcdb, 0x00cdad, 0x000000, 0x000000, 0x000000, 0x000000, 0x000000, 0x00ccb0, 0x00eaa2,
    0x000000, 0x000000, 0x00e4f6, 0x00d0c0, 0x000000, 0x00f0b7, 0x00eea1, 0x000000, 0x000000,
    0x000000, 0x000000, 0x000000, 0x000000, 0x00d7f6, 0x000000, 0x000000, 0x000000, 0x00e2ca,
    0x00e2cb, 0x000000, 0x00facf, 0x000000, 0x000000, 0x000000, 0x000000, 0x000000, 0x000000,
    0x00ebdf, 0x000000, 0x000000, 0x000000, 0x000000, 0x000000, 0x00d6cb, 0x000000, 0x000000,
    0x000000, 0x00f4b4, 0x000000, 0x000000, 0x000000, 0x000000, 0x00edcd, 0x00e4d2, 0x000000,
    0x000000, 0x00eaa9, 0x00e4ba, 0x00f3a2, 0x00cdd2, 0x000000, 0x00f6cb, 0x000000, 0x00f1e6,
    0x00edc1, 0x00e8bc, 0x00eed1, 0x000000, 0x000000, 0x000000, 0x000000, 0x000000, 0x000000,
    0x00f0e7, 0x00e2cc, 0x000000, 0x000000, 0x00e4aa, 0x000000, 0x00f5e1, 0x00edda, 0x000000,
    0x000000, 0x000000, 0x000000, 0x000000, 0x00d7ee, 0x00d1f1, 0x000000, 0x000000, 0x000000,
    0x000000, 0x00e9eb, 0x00e9ec, 0x00e0e4, 0x000000, 0x000000, 0x000000, 0x000000, 0x00daa7,
    0x00ddd4, 0x000000, 0x00eaa3, 0x000000, 0x000000, 0x000000, 0x00d6c3, 0x00d6f4, 0x000000,
    0x00dadf, 0x000000, 0x00efb3, 0x000000, 0x000000, 0x000000, 0x000000, 0x00e2cd, 0x000000,
    0x000000, 0x000000, 0x000000, 0x000000, 0x00effd, 0x00f2e8, 0x000000, 0x000000, 0x000000,
    0x000000, 0x000000, 0x000000, 0x000000, 0x000000, 0x000000, 0x00efc5, 0x000000, 0x00e7e7,
    0x000000, 0x000000, 0x00d7fd, 0x000000, 0x000000, 0x00e7ce, 0x000000, 0x000000, 0x00dfdc,
    0x000000, 0x00f9c7, 0x000000, 0x000000, 0x000000, 0x000000, 0x000000, 0x000000, 0x000000,
    0x000000, 0x00d9f6, 0x000000, 0x000000, 0x000000, 0x000000, 0x000000, 0x000000, 0x000000,
    0x000000, 0x00dfac, 0x000000, 0x00d6da, 0x000000, 0x000000, 0x000000, 0x000000, 0x000000,
    0x000000, 0x00dca4, 0x000000, 0x000000, 0x000000, 0x00f0b8, 0x000000, 0x000000, 0x00d5fa,
    0x000000, 0x00e4f7, 0x000000, 0x000000, 0x000000, 0x00d6c4, 0x000000, 0x000000, 0x000000,
    0x000000, 0x000000, 0x000000, 0x000000, 0x000000, 0x00f4ec, 0x000000, 0x000000, 0x000000,
    0x000000, 0x00effe, 0x000000, 0x000000, 0x000000, 0x000000, 0x000000, 0x00f0a1, 0x000000,
    0x00deaa, 0x000000, 0x000000, 0x00dabc, 0x00d8fc, 0x000000, 0x000000, 0x000000, 0x000000,
    0x000000, 0x000000, 0x00fad4, 0x000000, 0x000000, 0x000000, 0x00ece5, 0x000000, 0x000000,
    0x000000, 0x000000, 0x000000, 0x000000, 0x00fca8, 0x000000, 0x000000, 0x00ece6, 0x000000,
    0x000000, 0x00d8cb, 0x000000, 0x000000, 0x000000, 0x000000, 0x000000, 0x000000, 0x000000,
    0x000000, 0x000000, 0x000000, 0x000000, 0x00fbb9, 0x000000, 0x00e4d3, 0x000000, 0x00cdf9,
    0x000000, 0x000000, 0x000000, 0x000000, 0x000000, 0x000000, 0x000000, 0x000000, 0x000000,
    0x000000, 0x000000, 0x000000, 0x000000, 0x000000, 0x000000, 0x000000, 0x00cfd3, 0x000000,
    0x000000, 0x000000, 0x000000, 0x000000, 0x000000, 0x000000, 0x00caea, 0x000000, 0x000000,
    0x00cfd4, 0x000000, 0x00f8bd, 0x000000, 0x000000, 0x000000, 0x000000, 0x000000, 0x000000,
    0x000000, 0x000000, 0x000000, 0x000000, 0x000000, 0x000000, 0x000000, 0x000000, 0x000000,
    0x000000, 0x000000, 0x000000, 0x00f4c7, 0x000000, 0x000000, 0x000000, 0x000000, 0x00eadf,
    0x000000, 0x000000, 0x000000, 0x000000, 0x000000, 0x000000, 0x000000, 0x00f9db, 0x000000,
    0x000000, 0x000000, 0x000000, 0x000000, 0x000000, 0x000000, 0x000000, 0x00d4b7, 0x000000,
    0x000000, 0x000000, 0x000000, 0x000000, 0x000000, 0x000000, 0x000000, 0x000000, 0x000000,
    0x000000, 0x000000, 0x000000, 0x000000, 0x000000, 0x000000, 0x000000, 0x000000, 0x000000,
    0x000000, 0x000000, 0x000000, 0x00ebe5, 0x000000, 0x000000, 0x00e1d2, 0x000000, 0x000000,
    0x000000, 0x000000, 0x00eaa4, 0x000000, 0x000000, 0x000000, 0x00fac2, 0x00fbe1, 0x00faed,
    0x00f0a2, 0x00ccf1, 0x000000, 0x00faa3, 0x00e2f7, 0x000000, 0x00e2ce, 0x000000, 0x00e9f5,
    0x000000, 0x00e1eb, 0x000000, 0x000000, 0x000000, 0x00e7e8, 0x00e8d7, 0x00daf8, 0x00d4cb,
    0x000000, 0x000000, 0x000000, 0x00f7f6, 0x00d6c5, 0x000000, 0x000000, 0x000000, 0x000000,
    0x000000, 0x000000, 0x000000, 0x000000, 0x000000, 0x000000, 0x000000, 0x000000, 0x000000,
    0x000000, 0x000000, 0x000000, 0x000000, 0x000000, 0x000000, 0x000000, 0x00d4e9, 0x000000,
    0x000000, 0x00fafa, 0x000000, 0x000000, 0x000000, 0x000000, 0x000000, 0x000000, 0x000000,
    0x00ccf2, 0x00f7dd, 0x000000, 0x00deba, 0x000000, 0x000000, 0x000000, 0x000000, 0x000000,
    0x000000, 0x00cea8, 0x000000, 0x000000, 0x000000, 0x000000, 0x000000, 0x00f0b9, 0x00e4fe,
    0x00e4c9, 0x000000, 0x000000, 0x000000, 0x000000, 0x000000, 0x00e4d4, 0x000000, 0x000000,
    0x000000, 0x00eac3, 0x000000, 0x00efb4, 0x000000, 0x000000, 0x000000, 0x00d7be, 0x000000,
    0x000000, 0x000000, 0x000000, 0x000000, 0x000000, 0x00fbe2, 0x000000, 0x00cdd3, 0x000000,
    0x000000, 0x000000, 0x00efb5, 0x000000, 0x000000, 0x000000, 0x00fae9, 0x000000, 0x000000,
    0x000000, 0x000000, 0x000000, 0x000000, 0x000000, 0x000000, 0x000000, 0x000000, 0x000000,
    0x000000, 0x000000, 0x000000, 0x000000, 0x000000, 0x000000, 0x000000, 0x000000, 0x000000,
    0x000000, 0x000000, 0x000000, 0x000000, 0x000000, 0x000000, 0x000000, 0x000000, 0x000000,
    0x000000, 0x000000, 0x000000, 0x000000, 0x000000, 0x000000, 0x000000, 0x000000, 0x000000,
    0x000000, 0x000000, 0x00f9a6, 0x000000, 0x000000, 0x000000, 0x000000, 0x000000, 0x000000,
    0x00dfbd, 0x000000, 0x00f7c7, 0x000000, 0x000000, 0x000000, 0x000000, 0x000000, 0x000000,
    0x000000, 0x000000, 0x000000, 0x000000, 0x000000, 0x000000, 0x000000, 0x000000, 0x00f8fd,
    0x000000, 0x000000, 0x00f8fc, 0x000000, 0x000000, 0x000000, 0x000000, 0x000000, 0x000000,
    0x000000, 0x000000, 0x000000, 0x000000, 0x000000, 0x000000, 0x000000, 0x000000, 0x000000,
    0x000000, 0x000000, 0x000000, 0x000000, 0x00deab, 0x00dbe8, 0x000000, 0x000000, 0x00e3dd,
    0x000000, 0x00e1e2, 0x00d1c6, 0x000000, 0x000000, 0x000000, 0x000000, 0x000000, 0x000000,
    0x000000, 0x000000, 0x000000, 0x000000, 0x00f6d0, 0x00ebe6, 0x00daf9, 0x000000, 0x000000,
    0x000000, 0x000000, 0x00ecc7, 0x000000, 0x000000, 0x000000, 0x000000, 0x000000, 0x000000,
    0x000000, 0x00def8, 0x00f8e9, 0x00e3de, 0x000000, 0x000000, 0x000000, 0x00cef5, 0x000000,
    0x000000, 0x000000, 0x000000, 0x000000, 0x00fac3, 0x00e5d7, 0x000000, 0x00ecc8, 0x000000,
    0x000000, 0x000000, 0x00f3c9, 0x000000, 0x000000, 0x00e4bb, 0x000000, 0x000000, 0x000000,
    0x000000, 0x00e6ae, 0x000000, 0x000000, 0x000000, 0x000000, 0x000000, 0x00efb6, 0x000000,
    0x00dcbf, 0x000000, 0x000000, 0x000000, 0x000000, 0x000000, 0x000000, 0x000000, 0x00cebd,
    0x000000, 0x000000, 0x000000, 0x000000, 0x000000, 0x000000, 0x000000, 0x000000, 0x000000,
    0x000000, 0x000000, 0x000000, 0x000000, 0x000000, 0x000000, 0x000000, 0x000000, 0x000000,
    0x000000, 0x000000, 0x000000, 0x000000, 0x000000, 0x00d8c3, 0x000000, 0x000000, 0x000000,
    0x00d0cf, 0x000000, 0x00cffa, 0x00f3ca, 0x00e0d7, 0x000000, 0x000000, 0x000000, 0x00d1c7,
    0x00e9ae, 0x000000, 0x00e8bd, 0x000000, 0x000000, 0x00fac4, 0x000000, 0x000000, 0x000000,
    0x000000, 0x000000, 0x000000, 0x000000, 0x000000, 0x000000, 0x000000, 0x000000, 0x000000,
    0x000000, 0x000000, 0x000000, 0x000000, 0x000000, 0x000000, 0x000000, 0x000000, 0x000000,
    0x000000, 0x000000, 0x000000, 0x000000, 0x000000, 0x000000, 0x000000, 0x000000, 0x000000,
    0x000000, 0x000000, 0x000000, 0x000000, 0x000000, 0x000000, 0x000000, 0x000000, 0x000000,
    0x000000, 0x00e2cf, 0x000000, 0x000000, 0x00fac5, 0x000000, 0x000000, 0x000000, 0x00f9b8,
    0x000000, 0x000000, 0x000000, 0x000000, 0x000000, 0x000000, 0x000000, 0x00dce0, 0x000000,
    0x000000, 0x00fbb0, 0x000000, 0x000000, 0x000000, 0x00d8a9, 0x00e5df, 0x00f9a7, 0x000000,
    0x000000, 0x00f6ee, 0x000000, 0x00f6cc, 0x00e2f8, 0x000000, 0x000000, 0x000000, 0x000000,
    0x00ecf1, 0x000000, 0x000000, 0x000000, 0x000000, 0x000000, 0x000000, 0x00dae0, 0x000000,
    0x000000, 0x000000, 0x000000, 0x000000, 0x000000, 0x000000, 0x000000, 0x000000, 0x000000,
    0x000000, 0x000000, 0x000000, 0x000000, 0x00f1d2, 0x00d2cc, 0x00cfcb, 0x000000, 0x000000,
    0x00cabd, 0x000000, 0x000000, 0x000000, 0x00ddbf, 0x000000, 0x000000, 0x000000, 0x00f6ef,
    0x000000, 0x00def9, 0x000000, 0x000000, 0x000000, 0x000000, 0x000000, 0x000000, 0x000000,
    0x000000, 0x000000, 0x000000, 0x000000, 0x000000, 0x000000, 0x00fab4, 0x000000, 0x000000,
    0x000000, 0x00d5ad, 0x000000, 0x000000, 0x000000, 0x000000, 0x000000, 0x000000, 0x000000,
    0x000000, 0x000000, 0x000000, 0x000000, 0x000000, 0x000000, 0x00f1e7, 0x000000, 0x00debe,
    0x000000, 0x000000, 0x000000, 0x000000, 0x000000, 0x000000, 0x00dcc0, 0x000000, 0x000000,
    0x000000, 0x000000, 0x000000, 0x00d1c8, 0x00d1c9, 0x000000, 0x000000, 0x000000, 0x000000,
    0x000000, 0x000000, 0x000000, 0x000000, 0x000000, 0x00f8be, 0x000000, 0x000000, 0x000000,
    0x000000, 0x000000, 0x000000, 0x000000, 0x000000, 0x000000, 0x000000, 0x000000, 0x000000,
    0x000000, 0x000000, 0x000000, 0x000000, 0x000000, 0x00cbf6, 0x000000, 0x000000, 0x000000,
    0x000000, 0x00d4f9, 0x000000, 0x000000, 0x000000, 0x000000, 0x000000, 0x00f5e2, 0x00e1d3,
    0x000000, 0x000000, 0x000000, 0x000000, 0x000000, 0x000000, 0x000000, 0x000000, 0x00d8e9,
    0x000000, 0x000000, 0x00f8fe, 0x000000, 0x00cfcc, 0x000000, 0x000000, 0x000000, 0x000000,
    0x000000, 0x000000, 0x000000, 0x00fda4, 0x000000, 0x000000, 0x000000, 0x000000, 0x000000,
    0x000000, 0x000000, 0x00cef6, 0x000000, 0x00fad0, 0x000000, 0x000000, 0x00ccf3, 0x00e6be,
    0x000000, 0x000000, 0x000000, 0x00f6ae, 0x000000, 0x000000, 0x00d5f0, 0x000000, 0x000000,
    0x00d1ca, 0x000000, 0x000000, 0x000000, 0x00fcbe, 0x00d5f1, 0x000000, 0x000000, 0x000000,
    0x000000, 0x000000, 0x000000, 0x000000, 0x000000, 0x000000, 0x000000, 0x000000, 0x000000,
    0x000000, 0x000000, 0x000000, 0x000000, 0x000000, 0x000000, 0x000000, 0x000000, 0x000000,
    0x000000, 0x000000, 0x000000, 0x000000, 0x000000, 0x000000, 0x000000, 0x000000, 0x000000,
    0x000000, 0x000000, 0x000000, 0x000000, 0x000000, 0x000000, 0x000000, 0x000000, 0x000000,
    0x000000, 0x00cde9, 0x000000, 0x000000, 0x000000, 0x000000, 0x000000, 0x000000, 0x000000,
    0x000000, 0x000000, 0x000000, 0x000000, 0x000000, 0x000000, 0x000000, 0x000000, 0x00fab5,
    0x000000, 0x000000, 0x000000, 0x000000, 0x000000, 0x000000, 0x000000, 0x000000, 0x000000,
    0x000000, 0x000000, 0x000000, 0x000000, 0x000000, 0x000000, 0x000000, 0x000000, 0x000000,
    0x000000, 0x00e2d0, 0x00f4f7, 0x000000, 0x000000, 0x000000, 0x00cdd4, 0x000000, 0x000000,
    0x000000, 0x000000, 0x000000, 0x000000, 0x000000, 0x000000, 0x000000, 0x000000, 0x000000,
    0x000000, 0x00e7a3, 0x000000, 0x000000, 0x000000, 0x000000, 0x000000, 0x000000, 0x000000,
    0x000000, 0x00dba5, 0x000000, 0x000000, 0x000000, 0x000000, 0x000000, 0x000000, 0x000000,
    0x000000, 0x000000, 0x000000, 0x000000, 0x000000, 0x000000, 0x000000, 0x000000, 0x000000,
    0x000000, 0x000000, 0x000000, 0x000000, 0x000000, 0x000000, 0x000000, 0x000000, 0x000000,
    0x000000, 0x00e2d1, 0x000000, 0x000000, 0x000000, 0x000000, 0x000000, 0x000000, 0x000000,
    0x000000, 0x000000, 0x000000, 0x000000, 0x000000, 0x00d7a2, 0x000000, 0x000000, 0x00f7e3,
    0x000000, 0x000000, 0x000000, 0x000000, 0x000000, 0x000000, 0x00eaa6, 0x000000, 0x000000,
    0x000000, 0x000000, 0x000000, 0x000000, 0x000000, 0x000000, 0x000000, 0x000000, 0x00d0a1,
    0x000000, 0x000000, 0x000000, 0x00ceda, 0x00fbeb, 0x00dba6, 0x00dbde, 0x00d8e5, 0x000000,
    0x000000, 0x000000, 0x000000, 0x000000, 0x000000, 0x000000, 0x000000, 0x000000, 0x00eae0,
    0x000000, 0x000000, 0x000000, 0x000000, 0x00d8aa, 0x000000, 0x000000, 0x000000, 0x000000,
    0x000000, 0x00e5e0, 0x000000, 0x000000, 0x000000, 0x000000, 0x000000, 0x000000, 0x000000,
    0x000000, 0x000000, 0x000000, 0x000000, 0x000000, 0x000000, 0x000000, 0x000000, 0x000000,
    0x000000, 0x000000, 0x000000, 0x000000, 0x00d6db, 0x000000, 0x000000, 0x000000, 0x000000,
    0x000000, 0x000000, 0x000000, 0x000000, 0x000000, 0x000000, 0x000000, 0x000000, 0x000000,
    0x000000, 0x000000, 0x000000, 0x00efc6, 0x000000, 0x000000, 0x00f8ea, 0x000000, 0x000000,
    0x000000, 0x000000, 0x000000, 0x000000, 0x000000, 0x000000, 0x000000, 0x000000, 0x000000,
    0x000000, 0x000000, 0x00e4d5, 0x000000, 0x000000, 0x000000, 0x000000, 0x000000, 0x000000,
    0x000000, 0x000000, 0x000000, 0x000000, 0x000000, 0x00cef7, 0x000000, 0x000000, 0x00e0d8,
    0x000000, 0x000000, 0x000000, 0x000000, 0x000000, 0x000000, 0x000000, 0x000000, 0x000000,
    0x000000, 0x000000, 0x000000, 0x000000, 0x000000, 0x000000, 0x000000, 0x000000, 0x00d7ef,
    0x000000, 0x000000, 0x000000, 0x000000, 0x000000, 0x000000, 0x000000, 0x000000, 0x000000,
    0x000000, 0x000000, 0x000000, 0x00f4ed, 0x000000, 0x000000, 0x000000, 0x000000, 0x000000,
    0x000000, 0x000000, 0x000000, 0x000000, 0x000000, 0x000000, 0x000000, 0x000000, 0x00cde6,
    0x000000, 0x000000, 0x000000, 0x00ccf4, 0x000000, 0x000000, 0x000000, 0x000000, 0x000000,
    0x000000, 0x000000, 0x000000, 0x000000, 0x000000, 0x000000, 0x000000, 0x000000, 0x000000,
    0x000000, 0x000000, 0x000000, 0x000000, 0x000000, 0x000000, 0x000000, 0x000000, 0x000000,
    0x00f5e3, 0x000000, 0x000000, 0x00e4ca, 0x000000, 0x00dce1, 0x000000, 0x000000, 0x00f9c8,
    0x000000, 0x000000, 0x000000, 0x000000, 0x000000, 0x000000, 0x000000, 0x000000, 0x000000,
    0x000000, 0x000000, 0x000000, 0x000000, 0x000000, 0x000000, 0x00fcbf, 0x000000, 0x000000,
    0x000000, 0x000000, 0x000000, 0x000000, 0x000000, 0x000000, 0x000000, 0x000000, 0x000000,
    0x000000, 0x00e8a7, 0x000000, 0x000000, 0x000000, 0x000000, 0x000000, 0x000000, 0x000000,
    0x000000, 0x00d8c4, 0x000000, 0x000000, 0x000000, 0x000000, 0x000000, 0x000000, 0x000000,
    0x00cbbe, 0x000000, 0x00dcae, 0x000000, 0x000000, 0x000000, 0x000000, 0x000000, 0x000000,
    0x000000, 0x000000, 0x000000, 0x000000, 0x000000, 0x000000, 0x000000, 0x00d7f7, 0x000000,
    0x000000, 0x000000, 0x000000, 0x000000, 0x000000, 0x000000, 0x000000, 0x000000, 0x000000,
    0x000000, 0x000000, 0x000000, 0x000000, 0x000000, 0x000000, 0x000000, 0x000000, 0x000000,
    0x000000, 0x000000, 0x000000, 0x000000, 0x000000, 0x000000, 0x000000, 0x000000, 0x000000,
    0x000000, 0x000000, 0x000000, 0x000000, 0x000000, 0x000000, 0x000000, 0x000000, 0x000000,
    0x000000, 0x000000, 0x000000, 0x00f0e8, 0x000000, 0x00ddc0, 0x000000, 0x00cfcd, 0x000000,
    0x000000, 0x000000, 0x000000, 0x000000, 0x000000, 0x000000, 0x000000, 0x000000, 0x00dcf3,
    0x00d9b0, 0x000000, 0x00e6e9, 0x000000, 0x000000, 0x000000, 0x000000, 0x000000, 0x000000,
    0x000000, 0x000000, 0x000000, 0x00e4bc, 0x000000, 0x000000, 0x000000, 0x000000, 0x000000,
    0x000000, 0x000000, 0x000000, 0x000000, 0x000000, 0x000000, 0x000000, 0x000000, 0x000000,
    0x000000, 0x000000, 0x000000, 0x00eac4, 0x000000, 0x000000, 0x000000, 0x000000, 0x000000,
    0x000000, 0x000000, 0x000000, 0x000000, 0x000000, 0x00e4ec, 0x000000, 0x00e4e5, 0x000000,
    0x000000, 0x000000, 0x000000, 0x000000, 0x000000, 0x000000, 0x000000, 0x000000, 0x000000,
    0x000000, 0x000000, 0x000000, 0x000000, 0x000000, 0x000000, 0x000000, 0x000000, 0x00fbf8,
    0x000000, 0x000000, 0x000000, 0x000000, 0x000000, 0x000000, 0x000000, 0x000000, 0x000000,
    0x000000, 0x000000, 0x000000, 0x000000, 0x000000, 0x000000, 0x000000, 0x000000, 0x00ccbb,
    0x000000, 0x000000, 0x000000, 0x000000, 0x000000, 0x000000, 0x000000, 0x000000, 0x000000,
    0x000000, 0x000000, 0x00e4bd, 0x000000, 0x000000, 0x00cddc, 0x00d9f7, 0x000000, 0x000000,
    0x000000, 0x000000, 0x000000, 0x000000, 0x000000, 0x000000, 0x000000, 0x000000, 0x00dddf,
    0x000000, 0x000000, 0x000000, 0x000000, 0x000000, 0x00edce, 0x000000, 0x000000, 0x000000,
    0x000000, 0x000000, 0x000000, 0x000000, 0x000000, 0x000000, 0x000000, 0x000000, 0x000000,
    0x000000, 0x000000, 0x000000, 0x000000, 0x000000, 0x000000, 0x000000, 0x000000, 0x000000,
    0x000000, 0x000000, 0x000000, 0x000000, 0x000000, 0x000000, 0x000000, 0x000000, 0x000000,
    0x000000, 0x000000, 0x000000, 0x000000, 0x000000, 0x000000, 0x000000, 0x000000, 0x000000,
    0x000000, 0x000000, 0x00d9d0, 0x000000, 0x000000, 0x000000, 0x000000, 0x000000, 0x00e5a3,
    0x000000, 0x000000, 0x000000, 0x000000, 0x00f9cd, 0x000000, 0x000000, 0x000000, 0x000000,
    0x000000, 0x000000, 0x000000, 0x000000, 0x000000, 0x000000, 0x000000, 0x00cdae, 0x000000,
    0x000000, 0x000000, 0x000000, 0x000000, 0x000000, 0x000000, 0x000000, 0x000000, 0x000000,
    0x000000, 0x000000, 0x000000, 0x000000, 0x000000, 0x000000, 0x000000, 0x000000, 0x00cfce,
    0x000000, 0x000000, 0x000000, 0x000000, 0x000000, 0x000000, 0x000000, 0x000000, 0x000000,
    0x000000, 0x000000, 0x000000, 0x000000, 0x000000, 0x000000, 0x000000, 0x000000, 0x000000,
    0x000000, 0x000000, 0x000000, 0x000000, 0x000000, 0x000000, 0x000000, 0x000000, 0x00f6af,
    0x000000, 0x000000, 0x000000, 0x000000, 0x000000, 0x00fdd3, 0x00ebed, 0x00d6dc, 0x000000,
    0x000000, 0x000000, 0x000000, 0x000000, 0x000000, 0x000000, 0x000000, 0x000000, 0x000000,
    0x000000, 0x000000, 0x000000, 0x000000, 0x000000, 0x000000, 0x000000, 0x000000, 0x000000,
    0x000000, 0x000000, 0x000000, 0x000000, 0x000000, 0x000000, 0x000000, 0x00e5a4, 0x000000,
    0x000000, 0x000000, 0x00d5b6, 0x000000, 0x000000, 0x000000, 0x000000, 0x000000, 0x000000,
    0x000000, 0x000000, 0x000000, 0x000000, 0x000000, 0x000000, 0x000000, 0x000000, 0x000000,
    0x000000, 0x000000, 0x000000, 0x000000, 0x000000, 0x000000, 0x000000, 0x000000, 0x000000,
    0x000000, 0x000000, 0x000000, 0x000000, 0x000000, 0x000000, 0x000000, 0x000000, 0x000000,
    0x000000, 0x000000, 0x000000, 0x000000, 0x000000, 0x000000, 0x000000, 0x000000, 0x000000,
    0x000000, 0x000000, 0x000000, 0x000000, 0x000000, 0x000000, 0x000000, 0x000000, 0x000000,
    0x000000, 0x000000, 0x00d6dd, 0x000000, 0x000000, 0x000000, 0x00f9e9, 0x000000, 0x000000,
    0x000000, 0x00e7a4, 0x000000, 0x00d6e3, 0x000000, 0x000000, 0x000000, 0x000000, 0x000000,
    0x000000, 0x000000, 0x000000, 0x000000, 0x000000, 0x000000, 0x000000, 0x000000, 0x000000,
    0x000000, 0x000000, 0x000000, 0x000000, 0x00d1cb, 0x00d6e4, 0x000000, 0x000000, 0x000000,
    0x00d5f2, 0x000000, 0x000000, 0x000000, 0x000000, 0x000000, 0x00defa, 0x000000, 0x00d7f8,
    0x000000, 0x000000, 0x000000, 0x000000, 0x000000, 0x00d8ea, 0x000000, 0x000000, 0x000000,
    0x000000, 0x000000, 0x000000, 0x000000, 0x000000, 0x000000, 0x000000, 0x000000, 0x000000,
    0x000000, 0x000000, 0x00cfd5, 0x00d8fd, 0x000000, 0x000000, 0x000000, 0x000000, 0x000000,
    0x00d8ab, 0x000000, 0x000000, 0x00fdcb, 0x000000, 0x000000, 0x000000, 0x00fcdc, 0x000000,
    0x000000, 0x000000, 0x000000, 0x000000, 0x000000, 0x000000, 0x000000, 0x000000, 0x00e0a8,
    0x00d5f3, 0x000000, 0x000000, 0x00fdd9, 0x000000, 0x000000, 0x00cca3, 0x000000, 0x000000,
    0x000000, 0x00d9f9, 0x000000, 0x000000, 0x00d3ea, 0x00f5f5, 0x000000, 0x00efc7, 0x000000,
    0x000000, 0x000000, 0x000000, 0x000000, 0x000000, 0x000000, 0x000000, 0x000000, 0x00d3da,
    0x000000, 0x000000, 0x000000, 0x000000, 0x000000, 0x000000, 0x000000, 0x000000, 0x000000,
    0x000000, 0x000000, 0x00dabd, 0x000000, 0x000000, 0x000000, 0x000000, 0x000000, 0x000000,
    0x000000, 0x000000, 0x000000, 0x000000, 0x000000, 0x00e8a8, 0x00dcaf, 0x000000, 0x000000,
    0x000000, 0x000000, 0x000000, 0x00f0a3, 0x000000, 0x000000, 0x000000, 0x000000, 0x00cdd5,
    0x000000, 0x000000, 0x000000, 0x000000, 0x000000, 0x000000, 0x000000, 0x000000, 0x000000,
    0x000000, 0x000000, 0x000000, 0x00e0a9, 0x000000, 0x000000, 0x000000, 0x000000, 0x000000,
    0x000000, 0x000000, 0x000000, 0x000000, 0x000000, 0x000000, 0x000000, 0x000000, 0x000000,
    0x000000, 0x000000, 0x000000, 0x000000, 0x000000, 0x000000, 0x000000, 0x000000, 0x000000,
    0x000000, 0x000000, 0x000000, 0x00deac, 0x000000, 0x000000, 0x000000, 0x000000, 0x000000,
    0x000000, 0x000000, 0x000000, 0x000000, 0x000000, 0x00f0ba, 0x00eeb1, 0x000000, 0x000000,
    0x00eeb2, 0x000000, 0x000000, 0x000000, 0x00f6cd, 0x000000, 0x000000, 0x000000, 0x000000,
    0x000000, 0x000000, 0x000000, 0x000000, 0x000000, 0x000000, 0x000000, 0x000000, 0x00eed2,
    0x000000, 0x00d6c6, 0x000000, 0x000000, 0x000000, 0x000000, 0x000000, 0x00e0e5, 0x000000,
    0x000000, 0x00f3bb, 0x000000, 0x00e5e1, 0x000000, 0x000000, 0x000000, 0x000000, 0x000000,
    0x000000, 0x000000, 0x000000, 0x000000, 0x000000, 0x00e4cb, 0x000000, 0x000000, 0x000000,
    0x000000, 0x000000, 0x000000, 0x000000, 0x000000, 0x000000, 0x000000, 0x000000, 0x000000,
    0x000000, 0x00d7a3, 0x000000, 0x000000, 0x00dbc2, 0x000000, 0x000000, 0x000000, 0x000000,
    0x00cafe, 0x000000, 0x000000, 0x000000, 0x000000, 0x000000, 0x000000, 0x00cfcf, 0x000000,
    0x000000, 0x000000, 0x000000, 0x000000, 0x000000, 0x000000, 0x000000, 0x000000, 0x000000,
    0x000000, 0x000000, 0x000000, 0x000000, 0x000000, 0x000000, 0x000000, 0x000000, 0x000000,
    0x000000, 0x000000, 0x000000, 0x000000, 0x000000, 0x000000, 0x000000, 0x000000, 0x000000,
    0x000000, 0x000000, 0x000000, 0x000000, 0x000000, 0x000000, 0x000000, 0x00b0a1, 0x00b0a2,
    0x000000, 0x000000, 0x00b0a3, 0x000000, 0x000000, 0x00b0a4, 0x00b0a5, 0x00b0a6, 0x00b0a7,
    0x000000, 0x000000, 0x000000, 0x000000, 0x000000, 0x00b0a8, 0x00b0a9, 0x00b0aa, 0x00b0ab,
    0x00b0ac, 0x00b0ad, 0x00b0ae, 0x00b0af, 0x000000, 0x00b0b0, 0x00b0b1, 0x00b0b2, 0x00b0b3,
    0x00b0b4, 0x000000, 0x000000, 0x00b0b5, 0x000000, 0x000000, 0x000000, 0x00b0b6, 0x000000,
    0x000000, 0x000000, 0x000000, 0x000000, 0x000000, 0x000000, 0x00b0b7, 0x00b0b8, 0x000000,
    0x00b0b9, 0x00b0ba, 0x00b0bb, 0x000000, 0x000000, 0x000000, 0x000000, 0x000000, 0x000000,
    0x00b0bc, 0x00b0bd, 0x000000, 0x000000, 0x00b0be, 0x000000, 0x000000, 0x000000, 0x00b0bf,
    0x000000, 0x000000, 0x000000, 0x000000, 0x000000, 0x000000, 0x000000, 0x000000, 0x000000,
    0x000000, 0x00b0c0, 0x000000, 0x00b0c1, 0x000000, 0x000000, 0x000000, 0x000000, 0x000000,
    0x000000, 0x00b0c2, 0x000000, 0x000000, 0x000000, 0x00b0c3, 0x000000, 0x000000, 0x000000,
    0x00b0c4, 0x000000, 0x000000, 0x000000, 0x000000, 0x000000, 0x000000, 0x000000, 0x000000,
    0x000000, 0x000000, 0x000000, 0x000000, 0x000000, 0x000000, 0x000000, 0x000000, 0x000000,
    0x000000, 0x000000, 0x00b0c5, 0x00b0c6, 0x000000, 0x000000, 0x00b0c7, 0x000000, 0x000000,
    0x00b0c8, 0x00b0c9, 0x000000, 0x00b0ca, 0x000000, 0x000000, 0x000000, 0x000000, 0x000000,
    0x00b0cb, 0x00b0cc, 0x000000, 0x00b0cd, 0x00b0ce, 0x00b0cf, 0x00b0d0, 0x000000, 0x000000,
    0x00b0d1, 0x00b0d2, 0x00b0d3, 0x00b0d4, 0x000000, 0x000000, 0x000000, 0x00b0d5, 0x000000,
    0x000000, 0x000000, 0x00b0d6, 0x000000, 0x000000, 0x000000, 0x000000, 0x000000, 0x000000,
    0x000000, 0x00b0d7, 0x00b0d8, 0x000000, 0x00b0d9, 0x00b0da, 0x00b0db, 0x000000, 0x000000,
    0x000000, 0x000000, 0x000000, 0x000000, 0x00b0dc, 0x00b0dd, 0x00b0de, 0x000000, 0x00b0df,
    0x000000, 0x000000, 0x00b0e0, 0x00b0e1, 0x000000, 0x000000, 0x000000, 0x000000, 0x000000,
    0x000000, 0x000000, 0x00b0e2, 0x00b0e3, 0x000000, 0x00b0e4, 0x00b0e5, 0x00b0e6, 0x000000,
    0x000000, 0x00b0e7, 0x000000, 0x000000, 0x00b0e8, 0x000000, 0x000000, 0x000000, 0x00b0e9,
    0x000000, 0x000000, 0x000000, 0x00b0ea, 0x000000, 0x000000, 0x000000, 0x000000, 0x000000,
    0x000000, 0x000000, 0x000000, 0x00b0eb, 0x000000, 0x00b0ec, 0x000000, 0x000000, 0x000000,
    0x000000, 0x000000, 0x000000, 0x000000, 0x000000, 0x00b0ed, 0x00b0ee, 0x000000, 0x000000,
    0x00b0ef, 0x000000, 0x000000, 0x00b0f0, 0x00b0f1, 0x000000, 0x00b0f2, 0x000000, 0x00b0f3,
    0x000000, 0x000000, 0x00b0f4, 0x00b0f5, 0x00b0f6, 0x000000, 0x00b0f7, 0x000000, 0x00b0f8,
    0x00b0f9, 0x000000, 0x000000, 0x000000, 0x000000, 0x000000, 0x00b0fa, 0x00b0fb, 0x000000,
    0x000000, 0x00b0fc, 0x000000, 0x000000, 0x000000, 0x00b0fd, 0x000000, 0x00b0fe, 0x000000,
    0x000000, 0x000000, 0x000000, 0x000000, 0x00b1a1, 0x00b1a2, 0x000000, 0x00b1a3, 0x000000,
    0x00b1a4, 0x000000, 0x000000, 0x000000, 0x000000, 0x000000, 0x000000, 0x00b1a5, 0x000000,
    0x000000, 0x000000, 0x00b1a6, 0x000000, 0x000000, 0x000000, 0x00b1a7, 0x000000, 0x000000,
    0x000000, 0x000000, 0x000000, 0x000000, 0x000000, 0x000000, 0x00b1a8, 0x000000, 0x000000,
    0x00b1a9, 0x00b1aa, 0x000000, 0x000000, 0x000000, 0x000000, 0x000000, 0x000000, 0x00b1ab,
    0x00b1ac, 0x000000, 0x000000, 0x00b1ad, 0x000000, 0x000000, 0x000000, 0x00b1ae, 0x000000,
    0x000000, 0x000000, 0x000000, 0x00b1af, 0x00b1b0, 0x000000, 0x00b1b1, 0x000000, 0x00b1b2,
    0x000000, 0x000000, 0x000000, 0x000000, 0x000000, 0x000000, 0x00b1b3, 0x000000, 0x000000,
    0x000000, 0x00b1b4, 0x000000, 0x000000, 0x000000, 0x00b1b5, 0x000000, 0x000000, 0x000000,
    0x000000, 0x000000, 0x000000, 0x000000, 0x000000, 0x00b1b6, 0x000000, 0x00b1b7, 0x000000,
    0x000000, 0x000000, 0x000000, 0x000000, 0x000000, 0x000000, 0x000000, 0x00b1b8, 0x00b1b9,
    0x000000, 0x000000, 0x00b1ba, 0x000000, 0x000000, 0x00b1bb, 0x00b1bc, 0x00b1bd, 0x00b1be,
    0x000000, 0x000000, 0x000000, 0x000000, 0x00b1bf, 0x00b1c0, 0x00b1c1, 0x000000, 0x00b1c2,
    0x000000, 0x00b1c3, 0x00b1c4, 0x000000, 0x000000, 0x000000, 0x000000, 0x000000, 0x00b1c5,
    0x00b1c6, 0x000000, 0x000000, 0x00b1c7, 0x000000, 0x000000, 0x000000, 0x00b1c8, 0x000000,
    0x000000, 0x000000, 0x000000, 0x000000, 0x000000, 0x000000, 0x000000, 0x000000, 0x000000,
    0x000000, 0x00b1c9, 0x00b1ca, 0x000000, 0x000000, 0x000000, 0x000000, 0x000000, 0x000000,
    0x00b1cb, 0x000000, 0x000000, 0x000000, 0x000000, 0x000000, 0x000000, 0x000000, 0x000000,
    0x000000, 0x000000, 0x000000, 0x000000, 0x000000, 0x000000, 0x000000, 0x000000, 0x000000,
    0x000000, 0x00b1cc, 0x000000, 0x000000, 0x000000, 0x000000, 0x000000, 0x000000, 0x000000,
    0x000000, 0x00b1cd, 0x00b1ce, 0x000000, 0x000000, 0x00b1cf, 0x000000, 0x000000, 0x000000,
    0x00b1d0, 0x000000, 0x000000, 0x000000, 0x000000, 0x000000, 0x000000, 0x000000, 0x00b1d1,
    0x00b1d2, 0x000000, 0x00b1d3, 0x000000, 0x000000, 0x000000, 0x000000, 0x000000, 0x000000,
    0x000000, 0x000000, 0x00b1d4, 0x000000, 0x000000, 0x000000, 0x00b1d5, 0x000000, 0x000000,
    0x000000, 0x00b1d6, 0x000000, 0x000000, 0x000000, 0x000000, 0x000000, 0x000000, 0x000000,
    0x000000, 0x000000, 0x000000, 0x000000, 0x000000, 0x000000, 0x000000, 0x000000, 0x000000,
    0x000000, 0x000000, 0x000000, 0x00b1d7, 0x00b1d8, 0x000000, 0x000000, 0x00b1d9, 0x000000,
    0x000000, 0x00b1da, 0x00b1db, 0x00b1dc, 0x000000, 0x000000, 0x000000, 0x000000, 0x000000,
    0x000000, 0x00b1dd, 0x00b1de, 0x000000, 0x00b1df, 0x000000, 0x00b1e0, 0x000000, 0x000000,
    0x000000, 0x000000, 0x000000, 0x000000, 0x00b1e1, 0x000000, 0x000000, 0x000000, 0x000000,
    0x000000, 0x000000, 0x000000, 0x000000, 0x000000, 0x000000, 0x000000, 0x000000, 0x000000,
    0x000000, 0x000000, 0x000000, 0x000000, 0x000000, 0x000000, 0x000000, 0x000000, 0x000000,
    0x000000, 0x000000, 0x000000, 0x000000, 0x000000, 0x00b1e2, 0x00b1e3, 0x000000, 0x000000,
    0x00b1e4, 0x000000, 0x000000, 0x00b1e5, 0x00b1e6, 0x000000, 0x00b1e7, 0x000000, 0x000000,
    0x000000, 0x000000, 0x000000, 0x00b1e8, 0x00b1e9, 0x000000, 0x00b1ea, 0x000000, 0x00b1eb,
    0x00b1ec, 0x000000, 0x000000, 0x000000, 0x00b1ed, 0x000000, 0x00b1ee, 0x00b1ef, 0x00b1f0,
    0x000000, 0x00b1f1, 0x000000, 0x000000, 0x000000, 0x00b1f2, 0x000000, 0x00b1f3, 0x000000,
    0x000000, 0x000000, 0x000000, 0x000000, 0x00b1f4, 0x00b1f5, 0x000000, 0x00b1f6, 0x00b1f7,
    0x00b1f8, 0x000000, 0x000000, 0x000000, 0x00b1f9, 0x000000, 0x000000, 0x00b1fa, 0x00b1fb,
    0x000000, 0x000000, 0x00b1fc, 0x000000, 0x000000, 0x000000, 0x00b1fd, 0x000000, 0x000000,
    0x000000, 0x000000, 0x000000, 0x000000, 0x000000, 0x00b1fe, 0x00b2a1, 0x000000, 0x00b2a2,
    0x00b2a3, 0x00b2a4, 0x000000, 0x000000, 0x000000, 0x000000, 0x00b2a5, 0x00b2a6, 0x000000,
    0x000000, 0x000000, 0x000000, 0x000000, 0x000000, 0x00b2a7, 0x000000, 0x000000, 0x000000,
    0x000000, 0x000000, 0x000000, 0x000000, 0x000000, 0x000000, 0x000000, 0x000000, 0x000000,
    0x000000, 0x000000, 0x000000, 0x000000, 0x000000, 0x000000, 0x000000, 0x000000, 0x000000,
    0x000000, 0x000000, 0x000000, 0x000000, 0x000000, 0x000000, 0x000000, 0x000000, 0x000000,
    0x000000, 0x000000, 0x000000, 0x000000, 0x000000, 0x000000, 0x000000, 0x000000, 0x000000,
    0x000000, 0x000000, 0x000000, 0x000000, 0x000000, 0x000000, 0x000000, 0x000000, 0x00b2a8,
    0x00b2a9, 0x00b2aa, 0x000000, 0x00b2ab, 0x000000, 0x000000, 0x000000, 0x00b2ac, 0x000000,
    0x000000, 0x000000, 0x000000, 0x000000, 0x000000, 0x000000, 0x00b2ad, 0x00b2ae, 0x000000,
    0x00b2af, 0x00b2b0, 0x00b2b1, 0x000000, 0x000000, 0x000000, 0x000000, 0x000000, 0x000000,
    0x00b2b2, 0x00b2b3, 0x000000, 0x000000, 0x00b2b4, 0x000000, 0x000000, 0x000000, 0x000000,
    0x000000, 0x000000, 0x000000, 0x000000, 0x000000, 0x000000, 0x000000, 0x00b2b5, 0x000000,
    0x000000, 0x00b2b6, 0x000000, 0x00b2b7, 0x000000, 0x000000, 0x000000, 0x000000, 0x000000,
    0x000000, 0x00b2b8, 0x000000, 0x000000, 0x000000, 0x00b2b9, 0x000000, 0x000000, 0x000000,
    0x00b2ba, 0x000000, 0x000000, 0x000000, 0x000000, 0x000000, 0x000000, 0x000000, 0x00b2bb,
    0x00b2bc, 0x000000, 0x000000, 0x000000, 0x000000, 0x00b2bd, 0x000000, 0x000000, 0x00b2be,
    0x000000, 0x000000, 0x000000, 0x000000, 0x000000, 0x000000, 0x000000, 0x000000, 0x000000,
    0x000000, 0x000000, 0x000000, 0x000000, 0x000000, 0x000000, 0x000000, 0x000000, 0x000000,
    0x000000, 0x000000, 0x000000, 0x000000, 0x000000, 0x000000, 0x000000, 0x000000, 0x000000,
    0x00b2bf, 0x00b2c0, 0x000000, 0x000000, 0x00b2c1, 0x000000, 0x00b2c2, 0x000000, 0x00b2c3,
    0x000000, 0x000000, 0x000000, 0x000000, 0x000000, 0x000000, 0x000000, 0x00b2c4, 0x00b2c5,
    0x000000, 0x00b2c6, 0x000000, 0x00b2c7, 0x00b2c8, 0x00b2c9, 0x000000, 0x000000, 0x000000,
    0x000000, 0x00b2ca, 0x00b2cb, 0x000000, 0x000000, 0x000000, 0x000000, 0x000000, 0x000000,
    0x00b2cc, 0x000000, 0x000000, 0x000000, 0x000000, 0x000000, 0x000000, 0x000000, 0x000000,
    0x000000, 0x000000, 0x000000, 0x00b2cd, 0x00b2ce, 0x000000, 0x000000, 0x000000, 0x000000,
    0x000000, 0x000000, 0x00b2cf, 0x00b2d0, 0x000000, 0x000000, 0x000000, 0x000000, 0x000000,
    0x000000, 0x000000, 0x000000, 0x000000, 0x000000, 0x000000, 0x000000, 0x000000, 0x000000,
    0x000000, 0x000000, 0x000000, 0x000000, 0x000000, 0x00b2d1, 0x000000, 0x000000, 0x000000,
    0x000000, 0x000000, 0x000000, 0x00b2d2, 0x000000, 0x000000, 0x000000, 0x00b2d3, 0x000000,
    0x000000, 0x000000, 0x00b2d4, 0x000000, 0x000000, 0x000000, 0x000000, 0x000000, 0x000000,
    0x000000, 0x00b2d5, 0x00b2d6, 0x000000, 0x000000, 0x000000, 0x00b2d7, 0x000000, 0x000000,
    0x000000, 0x000000, 0x000000, 0x000000, 0x00b2d8, 0x000000, 0x000000, 0x000000, 0x000000,
    0x000000, 0x000000, 0x000000, 0x000000, 0x000000, 0x000000, 0x000000, 0x000000, 0x000000,
    0x000000, 0x000000, 0x000000, 0x000000, 0x000000, 0x000000, 0x000000, 0x000000, 0x000000,
    0x000000, 0x000000, 0x000000, 0x000000, 0x000000, 0x00b2d9, 0x00b2da, 0x000000, 0x000000,
    0x00b2db, 0x000000, 0x000000, 0x000000, 0x00b2dc, 0x000000, 0x000000, 0x000000, 0x000000,
    0x000000, 0x000000, 0x00b2dd, 0x00b2de, 0x00b2df, 0x000000, 0x00b2e0, 0x000000, 0x00b2e1,
    0x00b2e2, 0x000000, 0x000000, 0x000000, 0x000000, 0x000000, 0x00b2e3, 0x000000, 0x000000,
    0x000000, 0x000000, 0x000000, 0x000000, 0x000000, 0x00b2e4, 0x000000, 0x000000, 0x000000,
    0x000000, 0x000000, 0x000000, 0x000000, 0x000000, 0x000000, 0x000000, 0x000000, 0x00b2e5,
    0x00b2e6, 0x000000, 0x000000, 0x000000, 0x000000, 0x000000, 0x000000, 0x00b2e7, 0x00b2e8,
    0x000000, 0x000000, 0x00b2e9, 0x000000, 0x000000, 0x000000, 0x00b2ea, 0x000000, 0x000000,
    0x000000, 0x000000, 0x000000, 0x000000, 0x000000, 0x00b2eb, 0x00b2ec, 0x000000, 0x000000,
    0x00b2ed, 0x000000, 0x000000, 0x000000, 0x000000, 0x000000, 0x000000, 0x000000, 0x00b2ee,
    0x000000, 0x000000, 0x000000, 0x00b2ef, 0x000000, 0x000000, 0x000000, 0x00b2f0, 0x000000,
    0x000000, 0x000000, 0x000000, 0x000000, 0x000000, 0x000000, 0x00b2f1, 0x00b2f2, 0x000000,
    0x000000, 0x000000, 0x000000, 0x000000, 0x000000, 0x000000, 0x000000, 0x000000, 0x000000,
    0x00b2f3, 0x000000, 0x000000, 0x000000, 0x000000, 0x000000, 0x000000, 0x000000, 0x000000,
    0x000000, 0x000000, 0x000000, 0x000000, 0x000000, 0x000000, 0x000000, 0x000000, 0x000000,
    0x000000, 0x000000, 0x000000, 0x000000, 0x000000, 0x000000, 0x00b2f4, 0x00b2f5, 0x000000,
    0x000000, 0x00b2f6, 0x000000, 0x00b2f7, 0x000000, 0x00b2f8, 0x000000, 0x00b2f9, 0x000000,
    0x000000, 0x000000, 0x000000, 0x00b2fa, 0x00b2fb, 0x00b2fc, 0x000000, 0x00b2fd, 0x000000,
    0x00b2fe, 0x000000, 0x000000, 0x000000, 0x00b3a1, 0x000000, 0x000000, 0x000000, 0x000000,
    0x000000, 0x000000, 0x000000, 0x000000, 0x000000, 0x000000, 0x000000, 0x000000, 0x000000,
    0x000000, 0x000000, 0x000000, 0x000000, 0x000000, 0x000000, 0x000000, 0x000000, 0x000000,
    0x000000, 0x000000, 0x000000, 0x000000, 0x000000, 0x000000, 0x000000, 0x000000, 0x00b3a2,
    0x00b3a3, 0x000000, 0x000000, 0x00b3a4, 0x000000, 0x000000, 0x000000, 0x00b3a5, 0x000000,
    0x000000, 0x000000, 0x000000, 0x000000, 0x000000, 0x000000, 0x00b3a6, 0x00b3a7, 0x000000,
    0x00b3a8, 0x000000, 0x00b3a9, 0x000000, 0x000000, 0x000000, 0x000000, 0x000000, 0x000000,
    0x00b3aa, 0x00b3ab, 0x00b3ac, 0x000000, 0x00b3ad, 0x000000, 0x000000, 0x00b3ae, 0x00b3af,
    0x00b3b0, 0x00b3b1, 0x000000, 0x000000, 0x000000, 0x000000, 0x000000, 0x00b3b2, 0x00b3b3,
    0x000000, 0x00b3b4, 0x00b3b5, 0x00b3b6, 0x00b3b7, 0x00b3b8, 0x000000, 0x00b3b9, 0x000000,
    0x00b3ba, 0x00b3bb, 0x00b3bc, 0x000000, 0x000000, 0x00b3bd, 0x000000, 0x000000, 0x000000,
    0x00b3be, 0x000000, 0x000000, 0x000000, 0x000000, 0x00b3bf, 0x00b3c0, 0x000000, 0x00b3c1,
    0x00b3c2, 0x00b3c3, 0x000000, 0x000000, 0x000000, 0x000000, 0x000000, 0x000000, 0x00b3c4,
    0x00b3c5, 0x000000, 0x000000, 0x00b3c6, 0x000000, 0x000000, 0x000000, 0x00b3c7, 0x000000,
    0x000000, 0x000000, 0x000000, 0x000000, 0x000000, 0x000000, 0x00b3c8, 0x000000, 0x000000,
    0x000000, 0x000000, 0x00b3c9, 0x000000, 0x000000, 0x000000, 0x000000, 0x000000, 0x000000,
    0x000000, 0x000000, 0x000000, 0x000000, 0x000000, 0x000000, 0x000000, 0x000000, 0x000000,
    0x000000, 0x000000, 0x000000, 0x000000, 0x000000, 0x000000, 0x000000, 0x000000, 0x000000,
    0x000000, 0x000000, 0x00b3ca, 0x00b3cb, 0x000000, 0x00b3cc, 0x00b3cd, 0x000000, 0x000000,
    0x000000, 0x00b3ce, 0x000000, 0x00b3cf, 0x00b3d0, 0x000000, 0x000000, 0x000000, 0x000000,
    0x00b3d1, 0x00b3d2, 0x000000, 0x00b3d3, 0x00b3d4, 0x00b3d5, 0x000000, 0x000000, 0x000000,
    0x000000, 0x000000, 0x00b3d6, 0x00b3d7, 0x00b3d8, 0x000000, 0x000000, 0x00b3d9, 0x000000,
    0x000000, 0x000000, 0x00b3da, 0x000000, 0x000000, 0x000000, 0x000000, 0x000000, 0x000000,
    0x000000, 0x00b3db, 0x00b3dc, 0x000000, 0x00b3dd, 0x00b3de, 0x00b3df, 0x000000, 0x000000,
    0x000000, 0x000000, 0x000000, 0x000000, 0x00b3e0, 0x00b3e1, 0x000000, 0x000000, 0x00b3e2,
    0x000000, 0x000000, 0x000000, 0x00b3e3, 0x000000, 0x000000, 0x000000, 0x000000, 0x000000,
    0x000000, 0x000000, 0x00b3e4, 0x00b3e5, 0x000000, 0x000000, 0x00b3e6, 0x00b3e7, 0x000000,
    0x000000, 0x00b3e8, 0x000000, 0x000000, 0x000000, 0x00b3e9, 0x000000, 0x000000, 0x000000,
    0x00b3ea, 0x000000, 0x000000, 0x000000, 0x000000, 0x000000, 0x000000, 0x000000, 0x000000,
    0x000000, 0x000000, 0x000000, 0x000000, 0x000000, 0x000000, 0x000000, 0x000000, 0x000000,
    0x000000, 0x000000, 0x000000, 0x000000, 0x000000, 0x000000, 0x00b3eb, 0x00b3ec, 0x000000,
    0x000000, 0x00b3ed, 0x000000, 0x000000, 0x000000, 0x00b3ee, 0x000000, 0x00b3ef, 0x000000,
    0x000000, 0x000000, 0x000000, 0x000000, 0x00b3f0, 0x00b3f1, 0x000000, 0x00b3f2, 0x000000,
    0x00b3f3, 0x000000, 0x000000, 0x000000, 0x000000, 0x00b3f4, 0x00b3f5, 0x00b3f6, 0x000000,
    0x000000, 0x000000, 0x00b3f7, 0x000000, 0x000000, 0x000000, 0x00b3f8, 0x000000, 0x000000,
    0x000000, 0x000000, 0x000000, 0x000000, 0x000000, 0x000000, 0x000000, 0x000000, 0x000000,
    0x00b3f9, 0x000000, 0x000000, 0x000000, 0x000000, 0x000000, 0x000000, 0x000000, 0x000000,
    0x000000, 0x000000, 0x000000, 0x000000, 0x000000, 0x000000, 0x000000, 0x000000, 0x000000,
    0x000000, 0x000000, 0x000000, 0x000000, 0x000000, 0x000000, 0x00b3fa, 0x000000, 0x000000,
    0x000000, 0x00b3fb, 0x000000, 0x000000, 0x000000, 0x00b3fc, 0x000000, 0x000000, 0x000000,
    0x000000, 0x000000, 0x000000, 0x000000, 0x00b3fd, 0x00b3fe, 0x000000, 0x00b4a1, 0x000000,
    0x000000, 0x000000, 0x000000, 0x000000, 0x000000, 0x000000, 0x000000, 0x00b4a2, 0x00b4a3,
    0x000000, 0x000000, 0x00b4a4, 0x000000, 0x000000, 0x000000, 0x00b4a5, 0x000000, 0x000000,
    0x000000, 0x000000, 0x000000, 0x000000, 0x000000, 0x000000, 0x00b4a6, 0x000000, 0x00b4a7,
    0x000000, 0x00b4a8, 0x000000, 0x000000, 0x000000, 0x000000, 0x00b4a9, 0x00b4aa, 0x000000,
    0x000000, 0x00b4ab, 0x000000, 0x000000, 0x00b4ac, 0x00b4ad, 0x000000, 0x000000, 0x000000,
    0x000000, 0x000000, 0x000000, 0x000000, 0x00b4ae, 0x00b4af, 0x000000, 0x00b4b0, 0x000000,
    0x00b4b1, 0x000000, 0x000000, 0x000000, 0x000000, 0x000000, 0x000000, 0x00b4b2, 0x000000,
    0x000000, 0x000000, 0x000000, 0x000000, 0x000000, 0x000000, 0x000000, 0x000000, 0x000000,
    0x000000, 0x000000, 0x000000, 0x000000, 0x000000, 0x000000, 0x000000, 0x000000, 0x000000,
    0x00b4b3, 0x000000, 0x000000, 0x000000, 0x000000, 0x000000, 0x000000, 0x000000, 0x00b4b4,
    0x000000, 0x000000, 0x000000, 0x000000, 0x000000, 0x000000, 0x000000, 0x000000, 0x000000,
    0x000000, 0x000000, 0x000000, 0x000000, 0x000000, 0x000000, 0x000000, 0x000000, 0x000000,
    0x000000, 0x000000, 0x000000, 0x000000, 0x000000, 0x000000, 0x00b4b5, 0x000000, 0x000000,
    0x000000, 0x00b4b6, 0x000000, 0x000000, 0x000000, 0x00b4b7, 0x000000, 0x000000, 0x000000,
    0x000000, 0x000000, 0x000000, 0x000000, 0x00b4b8, 0x00b4b9, 0x000000, 0x000000, 0x000000,
    0x000000, 0x000000, 0x000000, 0x000000, 0x000000, 0x000000, 0x000000, 0x00b4ba, 0x00b4bb,
    0x000000, 0x000000, 0x000000, 0x000000, 0x000000, 0x000000, 0x00b4bc, 0x000000, 0x000000,
    0x000000, 0x000000, 0x00b4bd, 0x00b4be, 0x000000, 0x000000, 0x000000, 0x00b4bf, 0x000000,
    0x000000, 0x000000, 0x000000, 0x000000, 0x000000, 0x00b4c0, 0x00b4c1, 0x000000, 0x000000,
    0x00b4c2, 0x000000, 0x000000, 0x000000, 0x00b4c3, 0x00b4c4, 0x00b4c5, 0x000000, 0x000000,
    0x000000, 0x000000, 0x000000, 0x00b4c6, 0x00b4c7, 0x000000, 0x00b4c8, 0x000000, 0x00b4c9,
    0x00b4ca, 0x000000, 0x000000, 0x000000, 0x00b4cb, 0x000000, 0x00b4cc, 0x000000, 0x000000,
    0x000000, 0x00b4cd, 0x000000, 0x000000, 0x000000, 0x00b4ce, 0x000000, 0x000000, 0x000000,
    0x000000, 0x000000, 0x000000, 0x000000, 0x000000, 0x000000, 0x000000, 0x000000, 0x00b4cf,
    0x00b4d0, 0x000000, 0x000000, 0x00b4d1, 0x000000, 0x000000, 0x000000, 0x00b4d2, 0x000000,
    0x00b4d3, 0x000000, 0x000000, 0x000000, 0x000000, 0x000000, 0x00b4d4, 0x00b4d5, 0x000000,
    0x00b4d6, 0x000000, 0x00b4d7, 0x000000, 0x000000, 0x000000, 0x000000, 0x00b4d8, 0x000000,
    0x00b4d9, 0x00b4da, 0x00b4db, 0x000000, 0x00b4dc, 0x000000, 0x000000, 0x00b4dd, 0x00b4de,
    0x00b4df, 0x00b4e0, 0x00b4e1, 0x000000, 0x000000, 0x000000, 0x00b4e2, 0x00b4e3, 0x00b4e4,
    0x000000, 0x00b4e5, 0x00b4e6, 0x00b4e7, 0x00b4e8, 0x00b4e9, 0x000000, 0x000000, 0x000000,
    0x00b4ea, 0x00b4eb, 0x00b4ec, 0x000000, 0x000000, 0x00b4ed, 0x000000, 0x000000, 0x000000,
    0x00b4ee, 0x000000, 0x000000, 0x000000, 0x000000, 0x000000, 0x000000, 0x000000, 0x00b4ef,
    0x00b4f0, 0x000000, 0x00b4f1, 0x00b4f2, 0x00b4f3, 0x000000, 0x000000, 0x000000, 0x000000,
    0x000000, 0x000000, 0x00b4f4, 0x000000, 0x000000, 0x000000, 0x000000, 0x000000, 0x000000,
    0x000000, 0x000000, 0x000000, 0x000000, 0x000000, 0x000000, 0x000000, 0x000000, 0x000000,
    0x000000, 0x000000, 0x000000, 0x000000, 0x000000, 0x000000, 0x000000, 0x000000, 0x000000,
    0x000000, 0x000000, 0x000000, 0x000000, 0x000000, 0x000000, 0x000000, 0x000000, 0x000000,
    0x000000, 0x000000, 0x00b4f5, 0x00b4f6, 0x00b4f7, 0x000000, 0x00b4f8, 0x000000, 0x000000,
    0x00b4f9, 0x00b4fa, 0x000000, 0x00b4fb, 0x00b4fc, 0x000000, 0x000000, 0x000000, 0x000000,
    0x00b4fd, 0x00b4fe, 0x000000, 0x00b5a1, 0x000000, 0x00b5a2, 0x000000, 0x00b5a3, 0x000000,
    0x000000, 0x00b5a4, 0x000000, 0x00b5a5, 0x00b5a6, 0x000000, 0x000000, 0x00b5a7, 0x000000,
    0x000000, 0x000000, 0x00b5a8, 0x000000, 0x000000, 0x000000, 0x000000, 0x000000, 0x000000,
    0x000000, 0x00b5a9, 0x00b5aa, 0x000000, 0x00b5ab, 0x00b5ac, 0x00b5ad, 0x000000, 0x000000,
    0x000000, 0x000000, 0x000000, 0x000000, 0x00b5ae, 0x000000, 0x000000, 0x000000, 0x00b5af,
    0x000000, 0x000000, 0x000000, 0x00b5b0, 0x000000, 0x000000, 0x000000, 0x000000, 0x000000,
    0x000000, 0x000000, 0x000000, 0x000000, 0x000000, 0x000000, 0x00b5b1, 0x00b5b2, 0x000000,
    0x000000, 0x000000, 0x000000, 0x000000, 0x000000, 0x00b5b3, 0x000000, 0x000000, 0x000000,
    0x00b5b4, 0x000000, 0x000000, 0x000000, 0x000000, 0x000000, 0x000000, 0x000000, 0x000000,
    0x000000, 0x000000, 0x000000, 0x000000, 0x000000, 0x000000, 0x000000, 0x000000, 0x000000,
    0x000000, 0x000000, 0x00b5b5, 0x00b5b6, 0x000000, 0x000000, 0x00b5b7, 0x000000, 0x000000,
    0x00b5b8, 0x00b5b9, 0x000000, 0x00b5ba, 0x000000, 0x00b5bb, 0x000000, 0x000000, 0x000000,
    0x00b5bc, 0x00b5bd, 0x000000, 0x00b5be, 0x000000, 0x00b5bf, 0x000000, 0x00b5c0, 0x000000,
    0x00b5c1, 0x000000, 0x000000, 0x00b5c2, 0x000000, 0x000000, 0x000000, 0x00b5c3, 0x000000,
    0x000000, 0x000000, 0x00b5c4, 0x000000, 0x000000, 0x000000, 0x000000, 0x000000, 0x000000,
    0x000000, 0x000000, 0x000000, 0x000000, 0x000000, 0x000000, 0x000000, 0x000000, 0x000000,
    0x000000, 0x000000, 0x000000, 0x000000, 0x00b5c5, 0x000000, 0x000000, 0x000000, 0x000000,
    0x000000, 0x000000, 0x000000, 0x000000, 0x000000, 0x000000, 0x000000, 0x000000, 0x000000,
    0x000000, 0x000000, 0x000000, 0x00b5c6, 0x000000, 0x000000, 0x000000, 0x000000, 0x000000,
    0x000000, 0x000000, 0x00b5c7, 0x000000, 0x000000, 0x000000, 0x00b5c8, 0x000000, 0x000000,
    0x000000, 0x00b5c9, 0x000000, 0x000000, 0x000000, 0x000000, 0x000000, 0x000000, 0x000000,
    0x00b5ca, 0x00b5cb, 0x000000, 0x00b5cc, 0x000000, 0x000000, 0x000000, 0x000000, 0x000000,
    0x000000, 0x000000, 0x000000, 0x00b5cd, 0x000000, 0x000000, 0x000000, 0x000000, 0x000000,
    0x000000, 0x000000, 0x000000, 0x000000, 0x000000, 0x000000, 0x000000, 0x000000, 0x000000,
    0x000000, 0x000000, 0x00b5ce, 0x00b5cf, 0x000000, 0x000000, 0x00b5d0, 0x000000, 0x000000,
    0x000000, 0x00b5d1, 0x000000, 0x000000, 0x000000, 0x000000, 0x000000, 0x000000, 0x000000,
    0x00b5d2, 0x00b5d3, 0x000000, 0x00b5d4, 0x000000, 0x00b5d5, 0x000000, 0x000000, 0x000000,
    0x000000, 0x000000, 0x000000, 0x00b5d6, 0x000000, 0x000000, 0x000000, 0x000000, 0x000000,
    0x000000, 0x000000, 0x000000, 0x000000, 0x000000, 0x000000, 0x000000, 0x000000, 0x000000,
    0x000000, 0x000000, 0x000000, 0x000000, 0x000000, 0x00b5d7, 0x000000, 0x000000, 0x000000,
    0x000000, 0x000000, 0x000000, 0x000000, 0x00b5d8, 0x000000, 0x000000, 0x000000, 0x000000,
    0x000000, 0x000000, 0x000000, 0x000000, 0x000000, 0x000000, 0x000000, 0x000000, 0x000000,
    0x000000, 0x000000, 0x000000, 0x000000, 0x000000, 0x000000, 0x000000, 0x00b5d9, 0x000000,
    0x000000, 0x000000, 0x000000, 0x000000, 0x000000, 0x00b5da, 0x000000, 0x000000, 0x000000,
    0x00b5db, 0x000000, 0x000000, 0x000000, 0x00b5dc, 0x000000, 0x000000, 0x000000, 0x000000,
    0x000000, 0x000000, 0x000000, 0x000000, 0x00b5dd, 0x000000, 0x00b5de, 0x000000, 0x00b5df,
    0x000000, 0x000000, 0x000000, 0x000000, 0x000000, 0x000000, 0x00b5e0, 0x000000, 0x000000,
    0x000000, 0x00b5e1, 0x000000, 0x000000, 0x000000, 0x00b5e2, 0x000000, 0x000000, 0x000000,
    0x000000, 0x000000, 0x000000, 0x000000, 0x00b5e3, 0x000000, 0x000000, 0x000000, 0x000000,
    0x00b5e4, 0x000000, 0x000000, 0x000000, 0x000000, 0x000000, 0x000000, 0x00b5e5, 0x00b5e6,
    0x000000, 0x000000, 0x00b5e7, 0x000000, 0x000000, 0x00b5e8, 0x00b5e9, 0x000000, 0x00b5ea,
    0x000000, 0x000000, 0x000000, 0x000000, 0x000000, 0x00b5eb, 0x00b5ec, 0x000000, 0x00b5ed,
    0x000000, 0x00b5ee, 0x000000, 0x000000, 0x000000, 0x000000, 0x000000, 0x000000, 0x00b5ef,
    0x000000, 0x000000, 0x000000, 0x000000, 0x000000, 0x000000, 0x000000, 0x000000, 0x000000,
    0x000000, 0x000000, 0x000000, 0x000000, 0x000000, 0x000000, 0x000000, 0x000000, 0x000000,
    0x000000, 0x000000, 0x00b5f0, 0x00b5f1, 0x000000, 0x000000, 0x00b5f2, 0x000000, 0x000000,
    0x00b5f3, 0x00b5f4, 0x000000, 0x000000, 0x000000, 0x000000, 0x000000, 0x000000, 0x000000,
    0x00b5f5, 0x00b5f6, 0x000000, 0x00b5f7, 0x00b5f8, 0x00b5f9, 0x00b5fa, 0x000000, 0x000000,
    0x000000, 0x000000, 0x000000, 0x00b5fb, 0x00b5fc, 0x000000, 0x000000, 0x00b5fd, 0x000000,
    0x000000, 0x000000, 0x00b5fe, 0x000000, 0x000000, 0x000000, 0x000000, 0x000000, 0x000000,
    0x000000, 0x00b6a1, 0x00b6a2, 0x000000, 0x00b6a3, 0x00b6a4, 0x00b6a5, 0x000000, 0x000000,
    0x000000, 0x000000, 0x000000, 0x00b6a6, 0x00b6a7, 0x00b6a8, 0x000000, 0x000000, 0x00b6a9,
    0x000000, 0x000000, 0x000000, 0x00b6aa, 0x000000, 0x000000, 0x000000, 0x000000, 0x000000,
    0x000000, 0x000000, 0x00b6ab, 0x00b6ac, 0x000000, 0x00b6ad, 0x00b6ae, 0x00b6af, 0x000000,
    0x000000, 0x000000, 0x000000, 0x000000, 0x000000, 0x000000, 0x000000, 0x000000, 0x000000,
    0x000000, 0x000000, 0x000000, 0x000000, 0x000000, 0x000000, 0x000000, 0x000000, 0x000000,
    0x000000, 0x000000, 0x000000, 0x000000, 0x000000, 0x000000, 0x000000, 0x000000, 0x000000,
    0x000000, 0x000000, 0x000000, 0x000000, 0x00b6b0, 0x00b6b1, 0x000000, 0x000000, 0x00b6b2,
    0x000000, 0x000000, 0x000000, 0x00b6b3, 0x000000, 0x00b6b4, 0x00b6b5, 0x000000, 0x000000,
    0x000000, 0x000000, 0x00b6b6, 0x00b6b7, 0x000000, 0x00b6b8, 0x00b6b9, 0x00b6ba, 0x000000,
    0x000000, 0x000000, 0x000000, 0x000000, 0x00b6bb, 0x00b6bc, 0x00b6bd, 0x000000, 0x000000,
    0x00b6be, 0x000000, 0x000000, 0x000000, 0x00b6bf, 0x000000, 0x000000, 0x000000, 0x000000,
    0x000000, 0x000000, 0x000000, 0x00b6c0, 0x00b6c1, 0x000000, 0x00b6c2, 0x00b6c3, 0x00b6c4,
    0x000000, 0x000000, 0x000000, 0x000000, 0x000000, 0x000000, 0x00b6c5, 0x000000, 0x000000,
    0x000000, 0x000000, 0x000000, 0x000000, 0x000000, 0x000000, 0x000000, 0x000000, 0x000000,
    0x000000, 0x000000, 0x000000, 0x000000, 0x000000, 0x000000, 0x000000, 0x000000, 0x00b6c6,
    0x000000, 0x000000, 0x000000, 0x000000, 0x000000, 0x000000, 0x000000, 0x000000, 0x000000,
    0x000000, 0x000000, 0x000000, 0x000000, 0x000000, 0x000000, 0x000000, 0x000000, 0x000000,
    0x000000, 0x00b6c7, 0x00b6c8, 0x000000, 0x000000, 0x00b6c9, 0x000000, 0x000000, 0x000000,
    0x00b6ca, 0x000000, 0x000000, 0x000000, 0x000000, 0x000000, 0x000000, 0x000000, 0x000000,
    0x000000, 0x000000, 0x000000, 0x000000, 0x00b6cb, 0x000000, 0x000000, 0x000000, 0x000000,
    0x000000, 0x000000, 0x00b6cc, 0x000000, 0x000000, 0x000000, 0x000000, 0x000000, 0x000000,
    0x000000, 0x00b6cd, 0x000000, 0x000000, 0x000000, 0x000000, 0x000000, 0x000000, 0x000000,
    0x000000, 0x000000, 0x000000, 0x000000, 0x00b6ce, 0x000000, 0x000000, 0x000000, 0x000000,
    0x000000, 0x000000, 0x000000, 0x000000, 0x000000, 0x000000, 0x000000, 0x000000, 0x000000,
    0x000000, 0x000000, 0x000000, 0x000000, 0x000000, 0x000000, 0x000000, 0x000000, 0x000000,
    0x000000, 0x000000, 0x000000, 0x000000, 0x000000, 0x00b6cf, 0x000000, 0x000000, 0x000000,
    0x00b6d0, 0x000000, 0x000000, 0x000000, 0x000000, 0x000000, 0x000000, 0x000000, 0x000000,
    0x000000, 0x000000, 0x000000, 0x000000, 0x000000, 0x000000, 0x000000, 0x000000, 0x000000,
    0x000000, 0x000000, 0x000000, 0x000000, 0x000000, 0x000000, 0x000000, 0x000000, 0x000000,
    0x000000, 0x000000, 0x00b6d1, 0x00b6d2, 0x000000, 0x000000, 0x00b6d3, 0x000000, 0x000000,
    0x000000, 0x00b6d4, 0x000000, 0x000000, 0x000000, 0x000000, 0x000000, 0x000000, 0x00b6d5,
    0x00b6d6, 0x000000, 0x000000, 0x000000, 0x000000, 0x00b6d7, 0x000000, 0x000000, 0x000000,
    0x000000, 0x000000, 0x000000, 0x000000, 0x000000, 0x000000, 0x000000, 0x000000, 0x000000,
    0x000000, 0x000000, 0x000000, 0x000000, 0x000000, 0x000000, 0x000000, 0x000000, 0x00b6d8,
    0x000000, 0x000000, 0x000000, 0x000000, 0x000000, 0x000000, 0x000000, 0x000000, 0x000000,
    0x000000, 0x000000, 0x000000, 0x000000, 0x000000, 0x000000, 0x000000, 0x000000, 0x000000,
    0x000000, 0x000000, 0x000000, 0x000000, 0x000000, 0x000000, 0x000000, 0x000000, 0x000000,
    0x00b6d9, 0x000000, 0x000000, 0x000000, 0x00b6da, 0x000000, 0x000000, 0x000000, 0x00b6db,
    0x000000, 0x000000, 0x000000, 0x000000, 0x000000, 0x000000, 0x000000, 0x00b6dc, 0x00b6dd,
    0x000000, 0x000000, 0x000000, 0x00b6de, 0x000000, 0x000000, 0x000000, 0x000000, 0x000000,
    0x000000, 0x000000, 0x000000, 0x000000, 0x000000, 0x000000, 0x000000, 0x000000, 0x000000,
    0x000000, 0x000000, 0x000000, 0x000000, 0x000000, 0x000000, 0x000000, 0x000000, 0x000000,
    0x000000, 0x000000, 0x000000, 0x000000, 0x000000, 0x000000, 0x000000, 0x000000, 0x000000,
    0x000000, 0x000000, 0x00b6df, 0x00b6e0, 0x000000, 0x000000, 0x00b6e1, 0x000000, 0x000000,
    0x00b6e2, 0x00b6e3, 0x000000, 0x000000, 0x000000, 0x000000, 0x000000, 0x000000, 0x000000,
    0x00b6e4, 0x00b6e5, 0x000000, 0x00b6e6, 0x000000, 0x000000, 0x000000, 0x000000, 0x00b6e7,
    0x000000, 0x000000, 0x000000, 0x00b6e8, 0x000000, 0x000000, 0x000000, 0x00b6e9, 0x000000,
    0x000000, 0x000000, 0x000000, 0x000000, 0x000000, 0x000000, 0x00b6ea, 0x00b6eb, 0x000000,
    0x000000, 0x000000, 0x000000, 0x000000, 0x000000, 0x000000, 0x000000, 0x000000, 0x000000,
    0x00b6ec, 0x000000, 0x000000, 0x000000, 0x00b6ed, 0x000000, 0x000000, 0x000000, 0x00b6ee,
    0x000000, 0x000000, 0x000000, 0x000000, 0x000000, 0x000000, 0x000000, 0x00b6ef, 0x00b6f0,
    0x000000, 0x00b6f1, 0x000000, 0x00b6f2, 0x000000, 0x000000, 0x000000, 0x000000, 0x000000,
    0x000000, 0x00b6f3, 0x00b6f4, 0x000000, 0x000000, 0x00b6f5, 0x000000, 0x000000, 0x000000,
    0x00b6f6, 0x000000, 0x000000, 0x000000, 0x000000, 0x000000, 0x000000, 0x000000, 0x00b6f7,
    0x00b6f8, 0x000000, 0x00b6f9, 0x00b6fa, 0x00b6fb, 0x00b6fc, 0x000000, 0x000000, 0x000000,
    0x00b6fd, 0x00b6fe, 0x00b7a1, 0x00b7a2, 0x000000, 0x000000, 0x00b7a3, 0x000000, 0x000000,
    0x000000, 0x00b7a4, 0x000000, 0x000000, 0x000000, 0x000000, 0x000000, 0x000000, 0x000000,
    0x00b7a5, 0x00b7a6, 0x000000, 0x00b7a7, 0x00b7a8, 0x00b7a9, 0x000000, 0x000000, 0x000000,
    0x000000, 0x000000, 0x000000, 0x00b7aa, 0x00b7ab, 0x000000, 0x000000, 0x00b7ac, 0x000000,
    0x000000, 0x000000, 0x000000, 0x000000, 0x000000, 0x000000, 0x00b7ad, 0x000000, 0x00b7ae,
    0x000000, 0x000000, 0x000000, 0x000000, 0x000000, 0x000000, 0x000000, 0x000000, 0x000000,
    0x000000, 0x000000, 0x000000, 0x000000, 0x000000, 0x000000, 0x000000, 0x000000, 0x000000,
    0x000000, 0x000000, 0x000000, 0x000000, 0x000000, 0x000000, 0x000000, 0x000000, 0x000000,
    0x000000, 0x000000, 0x000000, 0x000000, 0x000000, 0x000000, 0x000000, 0x00b7af, 0x00b7b0,
    0x000000, 0x000000, 0x00b7b1, 0x000000, 0x000000, 0x000000, 0x00b7b2, 0x000000, 0x000000,
    0x000000, 0x000000, 0x000000, 0x000000, 0x000000, 0x00b7b3, 0x00b7b4, 0x000000, 0x00b7b5,
    0x00b7b6, 0x00b7b7, 0x000000, 0x000000, 0x000000, 0x000000, 0x000000, 0x00b7b8, 0x00b7b9,
    0x00b7ba, 0x000000, 0x000000, 0x00b7bb, 0x000000, 0x000000, 0x000000, 0x00b7bc, 0x000000,
    0x000000, 0x000000, 0x000000, 0x000000, 0x000000, 0x000000, 0x00b7bd, 0x00b7be, 0x000000,
    0x00b7bf, 0x000000, 0x00b7c0, 0x000000, 0x000000, 0x000000, 0x000000, 0x000000, 0x000000,
    0x00b7c1, 0x00b7c2, 0x000000, 0x000000, 0x00b7c3, 0x000000, 0x000000, 0x000000, 0x00b7c4,
    0x000000, 0x000000, 0x000000, 0x000000, 0x000000, 0x000000, 0x000000, 0x00b7c5, 0x00b7c6,
    0x000000, 0x00b7c7, 0x00b7c8, 0x00b7c9, 0x000000, 0x000000, 0x000000, 0x000000, 0x000000,
    0x000000, 0x00b7ca, 0x000000, 0x000000, 0x000000, 0x00b7cb, 0x000000, 0x000000, 0x000000,
    0x000000, 0x000000, 0x000000, 0x000000, 0x000000, 0x000000, 0x000000, 0x000000, 0x000000,
    0x00b7cc, 0x000000, 0x00b7cd, 0x000000, 0x000000, 0x000000, 0x000000, 0x000000, 0x000000,
    0x000000, 0x000000, 0x00b7ce, 0x00b7cf, 0x000000, 0x000000, 0x00b7d0, 0x000000, 0x000000,
    0x000000, 0x00b7d1, 0x000000, 0x000000, 0x000000, 0x000000, 0x000000, 0x000000, 0x000000,
    0x00b7d2, 0x00b7d3, 0x000000, 0x00b7d4, 0x000000, 0x00b7d5, 0x000000, 0x000000, 0x000000,
    0x000000, 0x000000, 0x000000, 0x00b7d6, 0x000000, 0x000000, 0x000000, 0x00b7d7, 0x000000,
    0x000000, 0x000000, 0x000000, 0x000000, 0x000000, 0x000000, 0x000000, 0x000000, 0x000000,
    0x000000, 0x000000, 0x000000, 0x00b7d8, 0x000000, 0x000000, 0x000000, 0x000000, 0x000000,
    0x000000, 0x000000, 0x000000, 0x000000, 0x000000, 0x000000, 0x000000, 0x000000, 0x000000,
    0x000000, 0x000000, 0x000000, 0x000000, 0x000000, 0x000000, 0x000000, 0x000000, 0x000000,
    0x000000, 0x000000, 0x000000, 0x00b7d9, 0x000000, 0x000000, 0x000000, 0x000000, 0x000000,
    0x000000, 0x000000, 0x00b7da, 0x000000, 0x000000, 0x000000, 0x00b7db, 0x000000, 0x000000,
    0x000000, 0x00b7dc, 0x000000, 0x000000, 0x000000, 0x000000, 0x000000, 0x000000, 0x000000,
    0x00b7dd, 0x00b7de, 0x000000, 0x00b7df, 0x000000, 0x00b7e0, 0x000000, 0x000000, 0x000000,
    0x000000, 0x000000, 0x000000, 0x00b7e1, 0x000000, 0x000000, 0x000000, 0x00b7e2, 0x000000,
    0x000000, 0x000000, 0x00b7e3, 0x000000, 0x000000, 0x000000, 0x000000, 0x000000, 0x000000,
    0x000000, 0x000000, 0x00b7e4, 0x000000, 0x00b7e5, 0x000000, 0x00b7e6, 0x000000, 0x000000,
    0x000000, 0x000000, 0x000000, 0x000000, 0x00b7e7, 0x00b7e8, 0x000000, 0x000000, 0x00b7e9,
    0x000000, 0x000000, 0x000000, 0x00b7ea, 0x000000, 0x000000, 0x000000, 0x000000, 0x000000,
    0x000000, 0x000000, 0x00b7eb, 0x00b7ec, 0x000000, 0x00b7ed, 0x000000, 0x00b7ee, 0x000000,
    0x000000, 0x000000, 0x000000, 0x00b7ef, 0x000000, 0x000000, 0x000000, 0x000000, 0x000000,
    0x000000, 0x000000, 0x000000, 0x000000, 0x000000, 0x000000, 0x000000, 0x000000, 0x000000,
    0x000000, 0x000000, 0x000000, 0x000000, 0x000000, 0x00b7f0, 0x000000, 0x000000, 0x000000,
    0x000000, 0x000000, 0x000000, 0x000000, 0x00b7f1, 0x000000, 0x000000, 0x000000, 0x000000,
    0x000000, 0x000000, 0x000000, 0x000000, 0x000000, 0x000000, 0x000000, 0x000000, 0x000000,
    0x000000, 0x000000, 0x000000, 0x000000, 0x000000, 0x000000, 0x000000, 0x000000, 0x000000,
    0x000000, 0x000000, 0x000000, 0x000000, 0x000000, 0x00b7f2, 0x00b7f3, 0x000000, 0x000000,
    0x00b7f4, 0x000000, 0x000000, 0x000000, 0x00b7f5, 0x000000, 0x000000, 0x000000, 0x000000,
    0x000000, 0x000000, 0x000000, 0x00b7f6, 0x000000, 0x000000, 0x00b7f7, 0x000000, 0x00b7f8,
    0x000000, 0x000000, 0x000000, 0x000000, 0x000000, 0x000000, 0x00b7f9, 0x00b7fa, 0x000000,
    0x000000, 0x00b7fb, 0x000000, 0x000000, 0x000000, 0x00b7fc, 0x000000, 0x000000, 0x000000,
    0x000000, 0x000000, 0x000000, 0x000000, 0x00b7fd, 0x00b7fe, 0x000000, 0x00b8a1, 0x000000,
    0x00b8a2, 0x000000, 0x000000, 0x000000, 0x000000, 0x000000, 0x000000, 0x00b8a3, 0x00b8a4,
    0x000000, 0x000000, 0x00b8a5, 0x000000, 0x000000, 0x000000, 0x00b8a6, 0x000000, 0x000000,
    0x000000, 0x000000, 0x00b8a7, 0x00b8a8, 0x000000, 0x00b8a9, 0x000000, 0x00b8aa, 0x00b8ab,
    0x000000, 0x000000, 0x00b8ac, 0x00b8ad, 0x000000, 0x000000, 0x000000, 0x000000, 0x000000,
    0x000000, 0x000000, 0x000000, 0x000000, 0x000000, 0x000000, 0x000000, 0x000000, 0x000000,
    0x000000, 0x000000, 0x000000, 0x000000, 0x000000, 0x000000, 0x000000, 0x000000, 0x000000,
    0x000000, 0x000000, 0x000000, 0x000000, 0x000000, 0x000000, 0x00b8ae, 0x00b8af, 0x000000,
    0x000000, 0x00b8b0, 0x000000, 0x000000, 0x000000, 0x00b8b1, 0x000000, 0x000000, 0x000000,
    0x000000, 0x000000, 0x000000, 0x000000, 0x00b8b2, 0x00b8b3, 0x000000, 0x00b8b4, 0x000000,
    0x00b8b5, 0x000000, 0x000000, 0x000000, 0x000000, 0x000000, 0x000000, 0x00b8b6, 0x00b8b7,
    0x000000, 0x000000, 0x00b8b8, 0x000000, 0x00b8b9, 0x00b8ba, 0x00b8bb, 0x00b8bc, 0x00b8bd,
    0x000000, 0x000000, 0x000000, 0x000000, 0x000000, 0x00b8be, 0x00b8bf, 0x000000, 0x00b8c0,
    0x000000, 0x00b8c1, 0x00b8c2, 0x000000, 0x000000, 0x00b8c3, 0x000000, 0x00b8c4, 0x00b8c5,
    0x00b8c6, 0x000000, 0x000000, 0x00b8c7, 0x000000, 0x000000, 0x000000, 0x00b8c8, 0x000000,
    0x000000, 0x000000, 0x000000, 0x000000, 0x000000, 0x000000, 0x00b8c9, 0x00b8ca, 0x000000,
    0x00b8cb, 0x00b8cc, 0x00b8cd, 0x00b8ce, 0x000000, 0x000000, 0x000000, 0x000000, 0x000000,
    0x00b8cf, 0x00b8d0, 0x000000, 0x000000, 0x000000, 0x000000, 0x000000, 0x000000, 0x00b8d1,
    0x000000, 0x000000, 0x000000, 0x000000, 0x000000, 0x000000, 0x000000, 0x000000, 0x000000,
    0x000000, 0x000000, 0x000000, 0x00b8d2, 0x000000, 0x000000, 0x000000, 0x000000, 0x000000,
    0x000000, 0x000000, 0x000000, 0x000000, 0x000000, 0x000000, 0x000000, 0x000000, 0x000000,
    0x000000, 0x000000, 0x000000, 0x000000, 0x000000, 0x000000, 0x000000, 0x000000, 0x000000,
    0x000000, 0x000000, 0x000000, 0x000000, 0x000000, 0x000000, 0x000000, 0x000000, 0x000000,
    0x000000, 0x000000, 0x00b8d3, 0x00b8d4, 0x000000, 0x000000, 0x00b8d5, 0x000000, 0x000000,
    0x000000, 0x00b8d6, 0x000000, 0x00b8d7, 0x000000, 0x000000, 0x000000, 0x000000, 0x000000,
    0x00b8d8, 0x00b8d9, 0x000000, 0x00b8da, 0x000000, 0x00b8db, 0x00b8dc, 0x000000, 0x000000,
    0x000000, 0x000000, 0x00b8dd, 0x00b8de, 0x00b8df, 0x000000, 0x000000, 0x00b8e0, 0x000000,
    0x000000, 0x000000, 0x00b8e1, 0x000000, 0x000000, 0x000000, 0x000000, 0x000000, 0x000000,
    0x000000, 0x00b8e2, 0x00b8e3, 0x000000, 0x00b8e4, 0x00b8e5, 0x00b8e6, 0x000000, 0x000000,
    0x000000, 0x000000, 0x000000, 0x000000, 0x00b8e7, 0x00b8e8, 0x000000, 0x000000, 0x00b8e9,
    0x000000, 0x000000, 0x000000, 0x00b8ea, 0x000000, 0x000000, 0x000000, 0x000000, 0x000000,
    0x000000, 0x000000, 0x00b8eb, 0x00b8ec, 0x00b8ed, 0x000000, 0x00b8ee, 0x000000, 0x000000,
    0x000000, 0x000000, 0x00b8ef, 0x000000, 0x000000, 0x000000, 0x000000, 0x000000, 0x000000,
    0x000000, 0x000000, 0x000000, 0x000000, 0x000000, 0x000000, 0x000000, 0x000000, 0x000000,
    0x000000, 0x000000, 0x000000, 0x000000, 0x000000, 0x000000, 0x000000, 0x000000, 0x000000,
    0x000000, 0x000000, 0x000000, 0x00b8f0, 0x00b8f1, 0x000000, 0x00b8f2, 0x00b8f3, 0x000000,
    0x000000, 0x000000, 0x00b8f4, 0x000000, 0x00b8f5, 0x000000, 0x000000, 0x000000, 0x000000,
    0x000000, 0x00b8f6, 0x00b8f7, 0x000000, 0x00b8f8, 0x000000, 0x00b8f9, 0x000000, 0x000000,
    0x000000, 0x000000, 0x00b8fa, 0x000000, 0x000000, 0x000000, 0x00b8fb, 0x000000, 0x000000,
    0x000000, 0x000000, 0x000000, 0x000000, 0x000000, 0x000000, 0x000000, 0x000000, 0x000000,
    0x000000, 0x000000, 0x000000, 0x000000, 0x00b8fc, 0x00b8fd, 0x000000, 0x000000, 0x000000,
    0x000000, 0x000000, 0x000000, 0x000000, 0x000000, 0x000000, 0x000000, 0x000000, 0x000000,
    0x000000, 0x000000, 0x000000, 0x000000, 0x000000, 0x000000, 0x000000, 0x000000, 0x000000,
    0x000000, 0x000000, 0x000000, 0x000000, 0x000000, 0x000000, 0x000000, 0x000000, 0x000000,
    0x000000, 0x000000, 0x000000, 0x000000, 0x00b8fe, 0x000000, 0x000000, 0x000000, 0x00b9a1,
    0x000000, 0x000000, 0x000000, 0x00b9a2, 0x000000, 0x000000, 0x000000, 0x000000, 0x000000,
    0x000000, 0x000000, 0x000000, 0x00b9a3, 0x000000, 0x00b9a4, 0x000000, 0x00b9a5, 0x000000,
    0x000000, 0x000000, 0x000000, 0x000000, 0x000000, 0x00b9a6, 0x000000, 0x000000, 0x000000,
    0x00b9a7, 0x000000, 0x000000, 0x000000, 0x00b9a8, 0x000000, 0x000000, 0x000000, 0x000000,
    0x000000, 0x000000, 0x000000, 0x000000, 0x00b9a9, 0x000000, 0x00b9aa, 0x000000, 0x000000,
    0x000000, 0x000000, 0x000000, 0x000000, 0x000000, 0x000000, 0x00b9ab, 0x00b9ac, 0x00b9ad,
    0x000000, 0x00b9ae, 0x000000, 0x000000, 0x00b9af, 0x00b9b0, 0x00b9b1, 0x00b9b2, 0x000000,
    0x000000, 0x000000, 0x000000, 0x00b9b3, 0x00b9b4, 0x000000, 0x00b9b5, 0x000000, 0x00b9b6,
    0x000000, 0x000000, 0x000000, 0x00b9b7, 0x000000, 0x00b9b8, 0x00b9b9, 0x000000, 0x000000,
    0x000000, 0x00b9ba, 0x000000, 0x000000, 0x000000, 0x00b9bb, 0x000000, 0x000000, 0x000000,
    0x000000, 0x000000, 0x000000, 0x000000, 0x000000, 0x00b9bc, 0x000000, 0x00b9bd, 0x000000,
    0x000000, 0x000000, 0x000000, 0x000000, 0x000000, 0x000000, 0x000000, 0x00b9be, 0x000000,
    0x000000, 0x000000, 0x000000, 0x000000, 0x000000, 0x000000, 0x000000, 0x000000, 0x000000,
    0x000000, 0x000000, 0x000000, 0x000000, 0x000000, 0x000000, 0x000000, 0x000000, 0x000000,
    0x00b9bf, 0x000000, 0x000000, 0x000000, 0x00b9c0, 0x000000, 0x000000, 0x000000, 0x00b9c1,
    0x000000, 0x000000, 0x000000, 0x000000, 0x000000, 0x000000, 0x000000, 0x000000, 0x000000,
    0x000000, 0x000000, 0x000000, 0x000000, 0x000000, 0x000000, 0x000000, 0x000000, 0x000000,
    0x000000, 0x00b9c2, 0x000000, 0x000000, 0x000000, 0x00b9c3, 0x000000, 0x000000, 0x000000,
    0x00b9c4, 0x000000, 0x000000, 0x000000, 0x000000, 0x000000, 0x000000, 0x000000, 0x00b9c5,
    0x000000, 0x000000, 0x00b9c6, 0x000000, 0x000000, 0x000000, 0x000000, 0x000000, 0x000000,
    0x000000, 0x000000, 0x00b9c7, 0x000000, 0x000000, 0x000000, 0x00b9c8, 0x000000, 0x000000,
    0x000000, 0x00b9c9, 0x000000, 0x000000, 0x000000, 0x000000, 0x000000, 0x000000, 0x000000,
    0x00b9ca, 0x000000, 0x000000, 0x00b9cb, 0x000000, 0x000000, 0x000000, 0x000000, 0x000000,
    0x000000, 0x000000, 0x000000, 0x000000, 0x000000, 0x000000, 0x000000, 0x000000, 0x000000,
    0x000000, 0x000000, 0x000000, 0x000000, 0x000000, 0x000000, 0x000000, 0x000000, 0x000000,
    0x000000, 0x000000, 0x000000, 0x000000, 0x000000, 0x000000, 0x000000, 0x000000, 0x000000,
    0x000000, 0x000000, 0x000000, 0x000000, 0x00b9cc, 0x00b9cd, 0x000000, 0x000000, 0x00b9ce,
    0x000000, 0x000000, 0x00b9cf, 0x00b9d0, 0x000000, 0x00b9d1, 0x000000, 0x000000, 0x000000,
    0x000000, 0x000000, 0x00b9d2, 0x00b9d3, 0x000000, 0x00b9d4, 0x00b9d5, 0x00b9d6, 0x000000,
    0x00b9d7, 0x000000, 0x00b9d8, 0x000000, 0x000000, 0x00b9d9, 0x00b9da, 0x00b9db, 0x00b9dc,
    0x00b9dd, 0x000000, 0x000000, 0x00b9de, 0x00b9df, 0x00b9e0, 0x00b9e1, 0x00b9e2, 0x000000,
    0x000000, 0x000000, 0x000000, 0x00b9e3, 0x00b9e4, 0x000000, 0x00b9e5, 0x000000, 0x00b9e6,
    0x000000, 0x000000, 0x000000, 0x00b9e7, 0x000000, 0x000000, 0x00b9e8, 0x00b9e9, 0x000000,
    0x000000, 0x00b9ea, 0x000000, 0x000000, 0x000000, 0x00b9eb, 0x000000, 0x000000, 0x000000,
    0x000000, 0x000000, 0x000000, 0x000000, 0x00b9ec, 0x00b9ed, 0x000000, 0x00b9ee, 0x00b9ef,
    0x00b9f0, 0x000000, 0x000000, 0x000000, 0x00b9f1, 0x000000, 0x000000, 0x00b9f2, 0x00b9f3,
    0x000000, 0x000000, 0x00b9f4, 0x000000, 0x000000, 0x000000, 0x000000, 0x000000, 0x000000,
    0x000000, 0x000000, 0x000000, 0x000000, 0x000000, 0x000000, 0x00b9f5, 0x000000, 0x000000,
    0x000000, 0x000000, 0x000000, 0x000000, 0x000000, 0x000000, 0x000000, 0x000000, 0x000000,
    0x000000, 0x000000, 0x000000, 0x000000, 0x000000, 0x000000, 0x000000, 0x000000, 0x000000,
    0x000000, 0x000000, 0x000000, 0x000000, 0x000000, 0x000000, 0x000000, 0x000000, 0x000000,
    0x000000, 0x000000, 0x000000, 0x000000, 0x000000, 0x00b9f6, 0x00b9f7, 0x000000, 0x000000,
    0x00b9f8, 0x000000, 0x000000, 0x00b9f9, 0x00b9fa, 0x000000, 0x00b9fb, 0x000000, 0x000000,
    0x000000, 0x000000, 0x000000, 0x00b9fc, 0x00b9fd, 0x000000, 0x00b9fe, 0x000000, 0x00baa1,
    0x00baa2, 0x000000, 0x000000, 0x000000, 0x000000, 0x000000, 0x00baa3, 0x00baa4, 0x000000,
    0x000000, 0x00baa5, 0x000000, 0x000000, 0x00baa6, 0x00baa7, 0x000000, 0x000000, 0x000000,
    0x000000, 0x000000, 0x000000, 0x000000, 0x00baa8, 0x00baa9, 0x000000, 0x00baaa, 0x00baab,
    0x00baac, 0x000000, 0x000000, 0x000000, 0x000000, 0x000000, 0x000000, 0x00baad, 0x00baae,
    0x000000, 0x000000, 0x00baaf, 0x000000, 0x000000, 0x000000, 0x00bab0, 0x000000, 0x000000,
    0x000000, 0x000000, 0x000000, 0x000000, 0x000000, 0x000000, 0x00bab1, 0x000000, 0x00bab2,
    0x00bab3, 0x00bab4, 0x000000, 0x000000, 0x000000, 0x00bab5, 0x000000, 0x000000, 0x00bab6,
    0x000000, 0x000000, 0x000000, 0x00bab7, 0x000000, 0x000000, 0x000000, 0x000000, 0x000000,
    0x000000, 0x000000, 0x000000, 0x000000, 0x000000, 0x000000, 0x000000, 0x000000, 0x000000,
    0x000000, 0x000000, 0x000000, 0x000000, 0x000000, 0x000000, 0x000000, 0x000000, 0x000000,
    0x00bab8, 0x00bab9, 0x00baba, 0x000000, 0x00babb, 0x000000, 0x000000, 0x000000, 0x00babc,
    0x000000, 0x000000, 0x000000, 0x000000, 0x00babd, 0x00babe, 0x000000, 0x00babf, 0x000000,
    0x00bac0, 0x000000, 0x000000, 0x000000, 0x000000, 0x000000, 0x000000, 0x00bac1, 0x000000,
    0x000000, 0x000000, 0x00bac2, 0x000000, 0x000000, 0x000000, 0x000000, 0x000000, 0x000000,
    0x000000, 0x000000, 0x000000, 0x000000, 0x000000, 0x000000, 0x000000, 0x000000, 0x000000,
    0x00bac3, 0x000000, 0x000000, 0x000000, 0x000000, 0x000000, 0x000000, 0x000000, 0x00bac4,
    0x000000, 0x000000, 0x000000, 0x000000, 0x000000, 0x000000, 0x000000, 0x000000, 0x000000,
    0x000000, 0x000000, 0x000000, 0x000000, 0x000000, 0x000000, 0x000000, 0x000000, 0x000000,
    0x000000, 0x00bac5, 0x000000, 0x000000, 0x000000, 0x000000, 0x000000, 0x000000, 0x000000,
    0x00bac6, 0x00bac7, 0x000000, 0x000000, 0x00bac8, 0x000000, 0x000000, 0x000000, 0x00bac9,
    0x000000, 0x000000, 0x000000, 0x000000, 0x000000, 0x000000, 0x000000, 0x00baca, 0x00bacb,
    0x000000, 0x000000, 0x000000, 0x000000, 0x000000, 0x000000, 0x000000, 0x000000, 0x000000,
    0x000000, 0x00bacc, 0x000000, 0x000000, 0x000000, 0x00bacd, 0x000000, 0x000000, 0x000000,
    0x000000, 0x000000, 0x000000, 0x000000, 0x000000, 0x000000, 0x000000, 0x000000, 0x000000,
    0x000000, 0x000000, 0x000000, 0x000000, 0x000000, 0x000000, 0x000000, 0x000000, 0x000000,
    0x000000, 0x000000, 0x00bace, 0x00bacf, 0x000000, 0x000000, 0x00bad0, 0x000000, 0x000000,
    0x00bad1, 0x00bad2, 0x00bad3, 0x00bad4, 0x000000, 0x000000, 0x000000, 0x000000, 0x000000,
    0x00bad5, 0x00bad6, 0x000000, 0x00bad7, 0x000000, 0x00bad8, 0x000000, 0x000000, 0x000000,
    0x00bad9, 0x00bada, 0x000000, 0x00badb, 0x000000, 0x000000, 0x000000, 0x000000, 0x000000,
    0x000000, 0x000000, 0x00badc, 0x000000, 0x000000, 0x000000, 0x000000, 0x000000, 0x000000,
    0x000000, 0x000000, 0x000000, 0x000000, 0x000000, 0x00badd, 0x000000, 0x000000, 0x000000,
    0x000000, 0x000000, 0x000000, 0x000000, 0x00bade, 0x000000, 0x000000, 0x000000, 0x000000,
    0x000000, 0x000000, 0x000000, 0x000000, 0x000000, 0x000000, 0x000000, 0x000000, 0x000000,
    0x000000, 0x000000, 0x000000, 0x000000, 0x000000, 0x000000, 0x000000, 0x00badf, 0x00bae0,
    0x000000, 0x000000, 0x00bae1, 0x000000, 0x000000, 0x000000, 0x00bae2, 0x000000, 0x000000,
    0x000000, 0x000000, 0x000000, 0x000000, 0x000000, 0x000000, 0x000000, 0x000000, 0x000000,
    0x000000, 0x00bae3, 0x000000, 0x000000, 0x000000, 0x000000, 0x000000, 0x000000, 0x00bae4,
    0x000000, 0x000000, 0x000000, 0x00bae5, 0x000000, 0x000000, 0x000000, 0x00bae6, 0x000000,
    0x000000, 0x000000, 0x000000, 0x000000, 0x000000, 0x000000, 0x00bae7, 0x000000, 0x000000,
    0x00bae8, 0x000000, 0x00bae9, 0x000000, 0x000000, 0x000000, 0x000000, 0x000000, 0x000000,
    0x00baea, 0x00baeb, 0x000000, 0x000000, 0x00baec, 0x000000, 0x000000, 0x000000, 0x00baed,
    0x000000, 0x000000, 0x000000, 0x000000, 0x000000, 0x000000, 0x000000, 0x00baee, 0x00baef,
    0x000000, 0x00baf0, 0x000000, 0x000000, 0x000000, 0x000000, 0x000000, 0x000000, 0x000000,
    0x000000, 0x000000, 0x000000, 0x000000, 0x000000, 0x000000, 0x000000, 0x000000, 0x000000,
    0x000000, 0x000000, 0x000000, 0x000000, 0x000000, 0x000000, 0x000000, 0x000000, 0x000000,
    0x000000, 0x000000, 0x000000, 0x000000, 0x000000, 0x000000, 0x000000, 0x00baf1, 0x00baf2,
    0x000000, 0x000000, 0x00baf3, 0x000000, 0x000000, 0x000000, 0x00baf4, 0x000000, 0x00baf5,
    0x000000, 0x000000, 0x000000, 0x000000, 0x000000, 0x00baf6, 0x00baf7, 0x000000, 0x00baf8,
    0x000000, 0x00baf9, 0x00bafa, 0x00bafb, 0x000000, 0x000000, 0x000000, 0x000000, 0x00bafc,
    0x00bafd, 0x000000, 0x000000, 0x00bafe, 0x000000, 0x000000, 0x000000, 0x00bba1, 0x000000,
    0x00bba2, 0x000000, 0x000000, 0x000000, 0x000000, 0x000000, 0x00bba3, 0x00bba4, 0x000000,
    0x00bba5, 0x00bba6, 0x00bba7, 0x000000, 0x000000, 0x000000, 0x000000, 0x000000, 0x00bba8,
    0x00bba9, 0x00bbaa, 0x000000, 0x000000, 0x00bbab, 0x000000, 0x000000, 0x000000, 0x00bbac,
    0x000000, 0x000000, 0x000000, 0x000000, 0x000000, 0x000000, 0x000000, 0x00bbad, 0x00bbae,
    0x000000, 0x00bbaf, 0x00bbb0, 0x00bbb1, 0x000000, 0x000000, 0x000000, 0x000000, 0x000000,
    0x000000, 0x00bbb2, 0x00bbb3, 0x000000, 0x000000, 0x000000, 0x000000, 0x000000, 0x000000,
    0x000000, 0x000000, 0x000000, 0x000000, 0x000000, 0x000000, 0x000000, 0x000000, 0x00bbb4,
    0x000000, 0x000000, 0x000000, 0x000000, 0x000000, 0x000000, 0x000000, 0x000000, 0x000000,
    0x000000, 0x000000, 0x000000, 0x000000, 0x000000, 0x000000, 0x000000, 0x000000, 0x000000,
    0x000000, 0x000000, 0x000000, 0x000000, 0x000000, 0x00bbb5, 0x00bbb6, 0x000000, 0x000000,
    0x00bbb7, 0x000000, 0x000000, 0x00bbb8, 0x00bbb9, 0x000000, 0x000000, 0x000000, 0x000000,
    0x000000, 0x000000, 0x000000, 0x00bbba, 0x000000, 0x000000, 0x00bbbb, 0x00bbbc, 0x00bbbd,
    0x000000, 0x000000, 0x000000, 0x000000, 0x000000, 0x000000, 0x00bbbe, 0x000000, 0x000000,
    0x000000, 0x000000, 0x000000, 0x000000, 0x000000, 0x000000, 0x000000, 0x000000, 0x000000,
    0x000000, 0x000000, 0x000000, 0x000000, 0x000000, 0x000000, 0x000000, 0x000000, 0x00bbbf,
    0x000000, 0x000000, 0x000000, 0x000000, 0x000000, 0x000000, 0x00bbc0, 0x00bbc1, 0x000000,
    0x000000, 0x000000, 0x000000, 0x000000, 0x000000, 0x000000, 0x000000, 0x000000, 0x000000,
    0x000000, 0x000000, 0x000000, 0x000000, 0x00bbc2, 0x00bbc3, 0x000000, 0x00bbc4, 0x00bbc5,
    0x00bbc6, 0x000000, 0x000000, 0x000000, 0x000000, 0x000000, 0x000000, 0x000000, 0x000000,
    0x000000, 0x000000, 0x000000, 0x000000, 0x000000, 0x000000, 0x000000, 0x000000, 0x000000,
    0x000000, 0x000000, 0x000000, 0x000000, 0x000000, 0x000000, 0x000000, 0x000000, 0x000000,
    0x000000, 0x000000, 0x000000, 0x000000, 0x000000, 0x000000, 0x000000, 0x000000, 0x00bbc7,
    0x00bbc8, 0x000000, 0x000000, 0x00bbc9, 0x000000, 0x000000, 0x000000, 0x00bbca, 0x000000,
    0x000000, 0x000000, 0x000000, 0x000000, 0x000000, 0x000000, 0x00bbcb, 0x00bbcc, 0x000000,
    0x000000, 0x000000, 0x00bbcd, 0x000000, 0x000000, 0x000000, 0x000000, 0x000000, 0x000000,
    0x000000, 0x000000, 0x000000, 0x000000, 0x000000, 0x000000, 0x000000, 0x000000, 0x000000,
    0x000000, 0x000000, 0x000000, 0x000000, 0x000000, 0x000000, 0x000000, 0x000000, 0x000000,
    0x000000, 0x000000, 0x000000, 0x000000, 0x000000, 0x000000, 0x000000, 0x000000, 0x000000,
    0x000000, 0x000000, 0x000000, 0x000000, 0x000000, 0x000000, 0x000000, 0x000000, 0x000000,
    0x00bbce, 0x000000, 0x000000, 0x000000, 0x000000, 0x000000, 0x000000, 0x000000, 0x000000,
    0x000000, 0x000000, 0x000000, 0x000000, 0x000000, 0x000000, 0x000000, 0x000000, 0x000000,
    0x000000, 0x000000, 0x000000, 0x000000, 0x000000, 0x000000, 0x000000, 0x000000, 0x000000,
    0x000000, 0x00bbcf, 0x000000, 0x000000, 0x000000, 0x000000, 0x000000, 0x000000, 0x000000,
    0x000000, 0x000000, 0x000000, 0x000000, 0x000000, 0x000000, 0x000000, 0x000000, 0x00bbd0,
    0x000000, 0x000000, 0x000000, 0x000000, 0x000000, 0x000000, 0x00bbd1, 0x00bbd2, 0x000000,
    0x000000, 0x00bbd3, 0x000000, 0x000000, 0x000000, 0x00bbd4, 0x000000, 0x000000, 0x000000,
    0x000000, 0x000000, 0x000000, 0x000000, 0x00bbd5, 0x000000, 0x000000, 0x00bbd6, 0x000000,
    0x00bbd7, 0x000000, 0x000000, 0x000000, 0x000000, 0x000000, 0x000000, 0x000000, 0x000000,
    0x000000, 0x000000, 0x000000, 0x000000, 0x000000, 0x000000, 0x000000, 0x000000, 0x000000,
    0x000000, 0x000000, 0x000000, 0x000000, 0x000000, 0x000000, 0x000000, 0x000000, 0x000000,
    0x000000, 0x000000, 0x000000, 0x000000, 0x000000, 0x000000, 0x000000, 0x000000, 0x000000,
    0x000000, 0x000000, 0x000000, 0x000000, 0x000000, 0x000000, 0x000000, 0x000000, 0x000000,
    0x000000, 0x000000, 0x000000, 0x000000, 0x000000, 0x000000, 0x000000, 0x000000, 0x000000,
    0x000000, 0x000000, 0x000000, 0x000000, 0x000000, 0x000000, 0x000000, 0x00bbd8, 0x000000,
    0x000000, 0x000000, 0x000000, 0x000000, 0x000000, 0x000000, 0x000000, 0x000000, 0x000000,
    0x000000, 0x000000, 0x000000, 0x000000, 0x000000, 0x000000, 0x000000, 0x00bbd9, 0x000000,
    0x000000, 0x000000, 0x000000, 0x000000, 0x000000, 0x00bbda, 0x000000, 0x000000, 0x000000,
    0x00bbdb, 0x000000, 0x000000, 0x000000, 0x00bbdc, 0x000000, 0x000000, 0x000000, 0x000000,
    0x000000, 0x000000, 0x000000, 0x00bbdd, 0x00bbde, 0x000000, 0x000000, 0x000000, 0x000000,
    0x000000, 0x000000, 0x000000, 0x000000, 0x000000, 0x000000, 0x000000, 0x000000, 0x000000,
    0x000000, 0x000000, 0x000000, 0x000000, 0x000000, 0x000000, 0x000000, 0x000000, 0x000000,
    0x00bbdf, 0x00bbe0, 0x000000, 0x000000, 0x00bbe1, 0x000000, 0x000000, 0x000000, 0x00bbe2,
    0x000000, 0x000000, 0x000000, 0x000000, 0x000000, 0x000000, 0x000000, 0x00bbe3, 0x00bbe4,
    0x000000, 0x00bbe5, 0x000000, 0x00bbe6, 0x000000, 0x000000, 0x000000, 0x000000, 0x000000,
    0x000000, 0x00bbe7, 0x00bbe8, 0x000000, 0x00bbe9, 0x00bbea, 0x000000, 0x000000, 0x00bbeb,
    0x00bbec, 0x00bbed, 0x00bbee, 0x000000, 0x000000, 0x000000, 0x000000, 0x000000, 0x00bbef,
    0x00bbf0, 0x000000, 0x00bbf1, 0x00bbf2, 0x00bbf3, 0x000000, 0x000000, 0x000000, 0x00bbf4,
    0x000000, 0x000000, 0x00bbf5, 0x00bbf6, 0x000000, 0x000000, 0x00bbf7, 0x000000, 0x000000,
    0x000000, 0x00bbf8, 0x000000, 0x000000, 0x000000, 0x000000, 0x000000, 0x000000, 0x000000,
    0x00bbf9, 0x00bbfa, 0x000000, 0x00bbfb, 0x00bbfc, 0x00bbfd, 0x000000, 0x000000, 0x000000,
    0x000000, 0x000000, 0x000000, 0x00bbfe, 0x00bca1, 0x000000, 0x000000, 0x00bca2, 0x000000,
    0x000000, 0x000000, 0x00bca3, 0x000000, 0x000000, 0x000000, 0x000000, 0x000000, 0x000000,
    0x000000, 0x00bca4, 0x00bca5, 0x000000, 0x00bca6, 0x000000, 0x00bca7, 0x000000, 0x000000,
    0x000000, 0x000000, 0x000000, 0x000000, 0x00bca8, 0x000000, 0x000000, 0x000000, 0x00bca9,
    0x000000, 0x000000, 0x000000, 0x00bcaa, 0x000000, 0x000000, 0x000000, 0x000000, 0x000000,
    0x000000, 0x000000, 0x00bcab, 0x000000, 0x000000, 0x000000, 0x000000, 0x00bcac, 0x000000,
    0x000000, 0x000000, 0x000000, 0x000000, 0x000000, 0x00bcad, 0x00bcae, 0x00bcaf, 0x00bcb0,
    0x00bcb1, 0x000000, 0x000000, 0x00bcb2, 0x00bcb3, 0x000000, 0x00bcb4, 0x00bcb5, 0x000000,
    0x000000, 0x000000, 0x000000, 0x00bcb6, 0x00bcb7, 0x000000, 0x00bcb8, 0x00bcb9, 0x00bcba,
    0x000000, 0x000000, 0x000000, 0x000000, 0x00bcbb, 0x000000, 0x00bcbc, 0x00bcbd, 0x000000,
    0x000000, 0x00bcbe, 0x000000, 0x000000, 0x000000, 0x00bcbf, 0x000000, 0x000000, 0x000000,
    0x000000, 0x000000, 0x000000, 0x000000, 0x00bcc0, 0x00bcc1, 0x000000, 0x00bcc2, 0x00bcc3,
    0x00bcc4, 0x000000, 0x000000, 0x000000, 0x000000, 0x000000, 0x000000, 0x00bcc5, 0x00bcc6,
    0x000000, 0x000000, 0x00bcc7, 0x000000, 0x000000, 0x000000, 0x00bcc8, 0x000000, 0x000000,
    0x000000, 0x000000, 0x000000, 0x000000, 0x000000, 0x00bcc9, 0x00bcca, 0x000000, 0x00bccb,
    0x00bccc, 0x00bccd, 0x000000, 0x000000, 0x000000, 0x000000, 0x000000, 0x000000, 0x00bcce,
    0x000000, 0x000000, 0x000000, 0x00bccf, 0x000000, 0x000000, 0x000000, 0x00bcd0, 0x000000,
    0x000000, 0x000000, 0x000000, 0x000000, 0x000000, 0x000000, 0x00bcd1, 0x000000, 0x000000,
    0x000000, 0x000000, 0x000000, 0x000000, 0x00bcd2, 0x00bcd3, 0x00bcd4, 0x000000, 0x00bcd5,
    0x000000, 0x000000, 0x000000, 0x00bcd6, 0x000000, 0x00bcd7, 0x000000, 0x000000, 0x000000,
    0x000000, 0x000000, 0x00bcd8, 0x00bcd9, 0x000000, 0x00bcda, 0x000000, 0x00bcdb, 0x000000,
    0x000000, 0x000000, 0x00bcdc, 0x000000, 0x000000, 0x00bcdd, 0x00bcde, 0x000000, 0x000000,
    0x00bcdf, 0x000000, 0x000000, 0x000000, 0x00bce0, 0x000000, 0x000000, 0x000000, 0x000000,
    0x000000, 0x000000, 0x000000, 0x000000, 0x000000, 0x000000, 0x000000, 0x000000, 0x00bce1,
    0x000000, 0x000000, 0x000000, 0x000000, 0x00bce2, 0x000000, 0x000000, 0x000000, 0x00bce3,
    0x000000, 0x000000, 0x000000, 0x00bce4, 0x000000, 0x000000, 0x000000, 0x000000, 0x000000,
    0x000000, 0x000000, 0x00bce5, 0x000000, 0x000000, 0x00bce6, 0x00bce7, 0x000000, 0x000000,
    0x000000, 0x000000, 0x000000, 0x000000, 0x000000, 0x00bce8, 0x000000, 0x000000, 0x000000,
    0x00bce9, 0x000000, 0x000000, 0x000000, 0x00bcea, 0x000000, 0x000000, 0x000000, 0x000000,
    0x000000, 0x000000, 0x000000, 0x00bceb, 0x00bcec, 0x000000, 0x00bced, 0x000000, 0x000000,
    0x000000, 0x000000, 0x000000, 0x000000, 0x000000, 0x000000, 0x00bcee, 0x00bcef, 0x000000,
    0x000000, 0x00bcf0, 0x000000, 0x000000, 0x000000, 0x00bcf1, 0x000000, 0x000000, 0x000000,
    0x000000, 0x000000, 0x000000, 0x000000, 0x00bcf2, 0x00bcf3, 0x000000, 0x00bcf4, 0x000000,
    0x00bcf5, 0x000000, 0x000000, 0x000000, 0x000000, 0x000000, 0x000000, 0x00bcf6, 0x00bcf7,
    0x000000, 0x000000, 0x00bcf8, 0x000000, 0x000000, 0x00bcf9, 0x00bcfa, 0x000000, 0x000000,
    0x000000, 0x000000, 0x000000, 0x000000, 0x000000, 0x00bcfb, 0x00bcfc, 0x000000, 0x00bcfd,
    0x000000, 0x00bcfe, 0x000000, 0x00bda1, 0x000000, 0x00bda2, 0x00bda3, 0x000000, 0x00bda4,
    0x000000, 0x000000, 0x000000, 0x000000, 0x000000, 0x000000, 0x000000, 0x000000, 0x000000,
    0x000000, 0x000000, 0x00bda5, 0x000000, 0x000000, 0x000000, 0x000000, 0x000000, 0x000000,
    0x000000, 0x00bda6, 0x00bda7, 0x000000, 0x000000, 0x00bda8, 0x000000, 0x000000, 0x000000,
    0x00bda9, 0x000000, 0x000000, 0x000000, 0x000000, 0x000000, 0x000000, 0x000000, 0x00bdaa,
    0x000000, 0x000000, 0x000000, 0x000000, 0x00bdab, 0x000000, 0x000000, 0x000000, 0x000000,
    0x000000, 0x000000, 0x00bdac, 0x00bdad, 0x000000, 0x000000, 0x00bdae, 0x000000, 0x000000,
    0x000000, 0x00bdaf, 0x000000, 0x000000, 0x000000, 0x000000, 0x000000, 0x000000, 0x000000,
    0x00bdb0, 0x00bdb1, 0x000000, 0x00bdb2, 0x000000, 0x00bdb3, 0x000000, 0x000000, 0x000000,
    0x000000, 0x000000, 0x000000, 0x00bdb4, 0x00bdb5, 0x000000, 0x000000, 0x000000, 0x000000,
    0x000000, 0x000000, 0x00bdb6, 0x000000, 0x000000, 0x000000, 0x000000, 0x000000, 0x000000,
    0x000000, 0x00bdb7, 0x000000, 0x000000, 0x00bdb8, 0x000000, 0x00bdb9, 0x000000, 0x000000,
    0x000000, 0x000000, 0x000000, 0x000000, 0x00bdba, 0x00bdbb, 0x000000, 0x000000, 0x00bdbc,
    0x000000, 0x000000, 0x000000, 0x00bdbd, 0x00bdbe, 0x000000, 0x000000, 0x000000, 0x000000,
    0x000000, 0x000000, 0x00bdbf, 0x00bdc0, 0x000000, 0x00bdc1, 0x000000, 0x00bdc2, 0x000000,
    0x000000, 0x000000, 0x000000, 0x000000, 0x000000, 0x000000, 0x000000, 0x000000, 0x000000,
    0x000000, 0x000000, 0x000000, 0x000000, 0x000000, 0x000000, 0x000000, 0x000000, 0x000000,
    0x000000, 0x000000, 0x000000, 0x000000, 0x000000, 0x000000, 0x000000, 0x000000, 0x000000,
    0x00bdc3, 0x00bdc4, 0x000000, 0x000000, 0x00bdc5, 0x000000, 0x000000, 0x00bdc6, 0x00bdc7,
    0x000000, 0x000000, 0x000000, 0x000000, 0x000000, 0x000000, 0x00bdc8, 0x00bdc9, 0x00bdca,
    0x000000, 0x00bdcb, 0x000000, 0x00bdcc, 0x000000, 0x000000, 0x000000, 0x000000, 0x00bdcd,
    0x000000, 0x00bdce, 0x00bdcf, 0x000000, 0x00bdd0, 0x00bdd1, 0x000000, 0x000000, 0x000000,
    0x00bdd2, 0x000000, 0x000000, 0x000000, 0x000000, 0x000000, 0x000000, 0x000000, 0x00bdd3,
    0x00bdd4, 0x000000, 0x000000, 0x00bdd5, 0x00bdd6, 0x000000, 0x000000, 0x000000, 0x000000,
    0x000000, 0x00bdd7, 0x00bdd8, 0x00bdd9, 0x000000, 0x000000, 0x00bdda, 0x000000, 0x000000,
    0x000000, 0x00bddb, 0x000000, 0x000000, 0x000000, 0x000000, 0x000000, 0x000000, 0x000000,
    0x00bddc, 0x00bddd, 0x000000, 0x000000, 0x00bdde, 0x00bddf, 0x000000, 0x000000, 0x000000,
    0x000000, 0x000000, 0x000000, 0x000000, 0x000000, 0x000000, 0x000000, 0x000000, 0x000000,
    0x000000, 0x000000, 0x000000, 0x000000, 0x000000, 0x000000, 0x000000, 0x000000, 0x000000,
    0x000000, 0x00bde0, 0x000000, 0x000000, 0x000000, 0x000000, 0x000000, 0x000000, 0x000000,
    0x000000, 0x000000, 0x000000, 0x000000, 0x000000, 0x000000, 0x000000, 0x000000, 0x000000,
    0x000000, 0x000000, 0x000000, 0x000000, 0x000000, 0x000000, 0x000000, 0x000000, 0x000000,
    0x000000, 0x000000, 0x000000, 0x000000, 0x000000, 0x000000, 0x000000, 0x000000, 0x000000,
    0x00bde1, 0x00bde2, 0x000000, 0x000000, 0x00bde3, 0x000000, 0x000000, 0x000000, 0x00bde4,
    0x000000, 0x00bde5, 0x000000, 0x000000, 0x000000, 0x000000, 0x000000, 0x00bde6, 0x00bde7,
    0x000000, 0x000000, 0x00bde8, 0x00bde9, 0x000000, 0x000000, 0x000000, 0x000000, 0x00bdea,
    0x000000, 0x000000, 0x000000, 0x00bdeb, 0x000000, 0x000000, 0x000000, 0x00bdec, 0x000000,
    0x000000, 0x000000, 0x000000, 0x000000, 0x000000, 0x000000, 0x000000, 0x000000, 0x000000,
    0x000000, 0x000000, 0x000000, 0x000000, 0x000000, 0x000000, 0x000000, 0x000000, 0x000000,
    0x000000, 0x000000, 0x000000, 0x000000, 0x000000, 0x000000, 0x000000, 0x000000, 0x000000,
    0x000000, 0x000000, 0x000000, 0x000000, 0x000000, 0x000000, 0x000000, 0x000000, 0x000000,
    0x000000, 0x000000, 0x000000, 0x000000, 0x000000, 0x000000, 0x000000, 0x000000, 0x000000,
    0x000000, 0x000000, 0x000000, 0x000000, 0x000000, 0x00bded, 0x000000, 0x000000, 0x000000,
    0x000000, 0x000000, 0x000000, 0x000000, 0x000000, 0x000000, 0x000000, 0x000000, 0x000000,
    0x000000, 0x000000, 0x000000, 0x000000, 0x000000, 0x000000, 0x000000, 0x000000, 0x000000,
    0x000000, 0x000000, 0x00bdee, 0x00bdef, 0x000000, 0x000000, 0x00bdf0, 0x000000, 0x000000,
    0x00bdf1, 0x00bdf2, 0x000000, 0x00bdf3, 0x000000, 0x000000, 0x000000, 0x000000, 0x000000,
    0x00bdf4, 0x00bdf5, 0x000000, 0x000000, 0x000000, 0x00bdf6, 0x000000, 0x000000, 0x000000,
    0x000000, 0x000000, 0x000000, 0x00bdf7, 0x00bdf8, 0x000000, 0x000000, 0x00bdf9, 0x000000,
    0x000000, 0x000000, 0x000000, 0x000000, 0x000000, 0x000000, 0x000000, 0x00bdfa, 0x000000,
    0x000000, 0x000000, 0x000000, 0x000000, 0x000000, 0x000000, 0x00bdfb, 0x000000, 0x000000,
    0x000000, 0x000000, 0x000000, 0x000000, 0x000000, 0x000000, 0x000000, 0x000000, 0x000000,
    0x000000, 0x000000, 0x000000, 0x000000, 0x000000, 0x000000, 0x000000, 0x000000, 0x00bdfc,
    0x000000, 0x000000, 0x000000, 0x000000, 0x000000, 0x000000, 0x000000, 0x00bdfd, 0x000000,
    0x000000, 0x000000, 0x00bdfe, 0x000000, 0x000000, 0x000000, 0x00bea1, 0x000000, 0x000000,
    0x000000, 0x000000, 0x000000, 0x000000, 0x000000, 0x00bea2, 0x00bea3, 0x000000, 0x000000,
    0x000000, 0x000000, 0x000000, 0x000000, 0x000000, 0x000000, 0x00bea4, 0x000000, 0x000000,
    0x000000, 0x000000, 0x000000, 0x000000, 0x000000, 0x000000, 0x000000, 0x000000, 0x000000,
    0x000000, 0x000000, 0x000000, 0x000000, 0x000000, 0x000000, 0x000000, 0x000000, 0x000000,
    0x000000, 0x000000, 0x000000, 0x000000, 0x000000, 0x000000, 0x000000, 0x00bea5, 0x00bea6,
    0x000000, 0x000000, 0x00bea7, 0x000000, 0x000000, 0x000000, 0x00bea8, 0x000000, 0x000000,
    0x000000, 0x000000, 0x000000, 0x000000, 0x000000, 0x00bea9, 0x00beaa, 0x000000, 0x000000,
    0x000000, 0x00beab, 0x000000, 0x000000, 0x000000, 0x000000, 0x000000, 0x000000, 0x00beac,
    0x000000, 0x000000, 0x000000, 0x000000, 0x000000, 0x000000, 0x000000, 0x000000, 0x000000,
    0x000000, 0x000000, 0x000000, 0x000000, 0x000000, 0x000000, 0x000000, 0x000000, 0x000000,
    0x000000, 0x00bead, 0x000000, 0x000000, 0x000000, 0x000000, 0x000000, 0x000000, 0x000000,
    0x00beae, 0x000000, 0x000000, 0x000000, 0x000000, 0x000000, 0x000000, 0x000000, 0x000000,
    0x000000, 0x000000, 0x000000, 0x000000, 0x000000, 0x000000, 0x000000, 0x000000, 0x000000,
    0x000000, 0x000000, 0x000000, 0x000000, 0x000000, 0x000000, 0x000000, 0x000000, 0x000000,
    0x000000, 0x00beaf, 0x000000, 0x000000, 0x000000, 0x00beb0, 0x000000, 0x000000, 0x000000,
    0x000000, 0x000000, 0x000000, 0x000000, 0x000000, 0x000000, 0x000000, 0x000000, 0x000000,
    0x000000, 0x000000, 0x000000, 0x000000, 0x000000, 0x000000, 0x000000, 0x000000, 0x000000,
    0x000000, 0x000000, 0x000000, 0x000000, 0x000000, 0x000000, 0x000000, 0x000000, 0x000000,
    0x000000, 0x000000, 0x000000, 0x000000, 0x000000, 0x000000, 0x000000, 0x000000, 0x000000,
    0x000000, 0x000000, 0x00beb1, 0x000000, 0x000000, 0x000000, 0x000000, 0x000000, 0x000000,
    0x00beb2, 0x00beb3, 0x000000, 0x000000, 0x00beb4, 0x000000, 0x000000, 0x000000, 0x00beb5,
    0x000000, 0x00beb6, 0x000000, 0x000000, 0x000000, 0x000000, 0x00beb7, 0x00beb8, 0x00beb9,
    0x000000, 0x000000, 0x000000, 0x000000, 0x000000, 0x000000, 0x000000, 0x000000, 0x000000,
    0x000000, 0x00beba, 0x000000, 0x000000, 0x000000, 0x00bebb, 0x000000, 0x000000, 0x000000,
    0x00bebc, 0x000000, 0x000000, 0x000000, 0x000000, 0x000000, 0x000000, 0x000000, 0x00bebd,
    0x000000, 0x000000, 0x000000, 0x000000, 0x000000, 0x000000, 0x000000, 0x000000, 0x000000,
    0x000000, 0x000000, 0x00bebe, 0x00bebf, 0x000000, 0x000000, 0x00bec0, 0x000000, 0x000000,
    0x000000, 0x00bec1, 0x000000, 0x000000, 0x000000, 0x000000, 0x000000, 0x000000, 0x000000,
    0x00bec2, 0x00bec3, 0x000000, 0x00bec4, 0x000000, 0x00bec5, 0x000000, 0x000000, 0x000000,
    0x000000, 0x00bec6, 0x00bec7, 0x000000, 0x000000, 0x00bec8, 0x00bec9, 0x00beca, 0x000000,
    0x00becb, 0x00becc, 0x00becd, 0x000000, 0x000000, 0x000000, 0x000000, 0x00bece, 0x00becf,
    0x00bed0, 0x000000, 0x00bed1, 0x00bed2, 0x00bed3, 0x000000, 0x000000, 0x000000, 0x00bed4,
    0x00bed5, 0x000000, 0x00bed6, 0x00bed7, 0x000000, 0x000000, 0x00bed8, 0x000000, 0x000000,
    0x000000, 0x00bed9, 0x000000, 0x000000, 0x000000, 0x000000, 0x000000, 0x000000, 0x000000,
    0x00beda, 0x00bedb, 0x000000, 0x00bedc, 0x00bedd, 0x00bede, 0x000000, 0x000000, 0x000000,
    0x000000, 0x000000, 0x000000, 0x00bedf, 0x00bee0, 0x000000, 0x000000, 0x00bee1, 0x000000,
    0x000000, 0x000000, 0x00bee2, 0x000000, 0x000000, 0x00bee3, 0x000000, 0x000000, 0x000000,
    0x000000, 0x00bee4, 0x00bee5, 0x000000, 0x00bee6, 0x000000, 0x00bee7, 0x000000, 0x000000,
    0x000000, 0x00bee8, 0x000000, 0x00bee9, 0x00beea, 0x000000, 0x000000, 0x000000, 0x00beeb,
    0x000000, 0x000000, 0x000000, 0x00beec, 0x000000, 0x000000, 0x000000, 0x000000, 0x000000,
    0x000000, 0x000000, 0x000000, 0x00beed, 0x000000, 0x000000, 0x000000, 0x000000, 0x000000,
    0x000000, 0x000000, 0x000000, 0x000000, 0x000000, 0x00beee, 0x00beef, 0x000000, 0x000000,
    0x00bef0, 0x00bef1, 0x000000, 0x00bef2, 0x00bef3, 0x00bef4, 0x00bef5, 0x000000, 0x000000,
    0x000000, 0x000000, 0x00bef6, 0x00bef7, 0x00bef8, 0x00bef9, 0x00befa, 0x00befb, 0x00befc,
    0x000000, 0x00befd, 0x000000, 0x00befe, 0x000000, 0x00bfa1, 0x00bfa2, 0x000000, 0x000000,
    0x00bfa3, 0x000000, 0x000000, 0x000000, 0x00bfa4, 0x000000, 0x000000, 0x000000, 0x000000,
    0x000000, 0x000000, 0x000000, 0x00bfa5, 0x00bfa6, 0x000000, 0x00bfa7, 0x000000, 0x00bfa8,
    0x000000, 0x000000, 0x000000, 0x000000, 0x000000, 0x000000, 0x00bfa9, 0x00bfaa, 0x00bfab,
    0x000000, 0x00bfac, 0x000000, 0x000000, 0x000000, 0x00bfad, 0x000000, 0x00bfae, 0x00bfaf,
    0x000000, 0x000000, 0x000000, 0x000000, 0x00bfb0, 0x00bfb1, 0x00bfb2, 0x00bfb3, 0x00bfb4,
    0x00bfb5, 0x000000, 0x000000, 0x000000, 0x00bfb6, 0x00bfb7, 0x00bfb8, 0x00bfb9, 0x000000,
    0x000000, 0x000000, 0x00bfba, 0x000000, 0x000000, 0x000000, 0x00bfbb, 0x000000, 0x000000,
    0x000000, 0x000000, 0x000000, 0x000000, 0x000000, 0x00bfbc, 0x00bfbd, 0x000000, 0x00bfbe,
    0x00bfbf, 0x000000, 0x000000, 0x000000, 0x000000, 0x000000, 0x000000, 0x000000, 0x00bfc0,
    0x00bfc1, 0x000000, 0x000000, 0x00bfc2, 0x000000, 0x000000, 0x000000, 0x00bfc3, 0x00bfc4,
    0x00bfc5, 0x000000, 0x00bfc6, 0x000000, 0x000000, 0x00bfc7, 0x00bfc8, 0x00bfc9, 0x000000,
    0x00bfca, 0x000000, 0x00bfcb, 0x000000, 0x00bfcc, 0x000000, 0x000000, 0x000000, 0x000000,
    0x00bfcd, 0x00bfce, 0x000000, 0x000000, 0x00bfcf, 0x000000, 0x000000, 0x000000, 0x00bfd0,
    0x000000, 0x000000, 0x000000, 0x000000, 0x000000, 0x000000, 0x000000, 0x00bfd1, 0x00bfd2,
    0x000000, 0x00bfd3, 0x00bfd4, 0x00bfd5, 0x000000, 0x000000, 0x000000, 0x000000, 0x000000,
    0x000000, 0x00bfd6, 0x00bfd7, 0x000000, 0x000000, 0x00bfd8, 0x000000, 0x000000, 0x000000,
    0x000000, 0x000000, 0x000000, 0x000000, 0x000000, 0x000000, 0x000000, 0x000000, 0x00bfd9,
    0x000000, 0x000000, 0x00bfda, 0x000000, 0x00bfdb, 0x000000, 0x000000, 0x000000, 0x000000,
    0x000000, 0x000000, 0x00bfdc, 0x00bfdd, 0x000000, 0x000000, 0x00bfde, 0x000000, 0x000000,
    0x000000, 0x00bfdf, 0x000000, 0x000000, 0x000000, 0x000000, 0x000000, 0x000000, 0x000000,
    0x00bfe0, 0x00bfe1, 0x000000, 0x00bfe2, 0x000000, 0x00bfe3, 0x000000, 0x000000, 0x000000,
    0x000000, 0x000000, 0x000000, 0x00bfe4, 0x00bfe5, 0x000000, 0x000000, 0x00bfe6, 0x000000,
    0x000000, 0x000000, 0x00bfe7, 0x000000, 0x000000, 0x000000, 0x000000, 0x000000, 0x000000,
    0x000000, 0x00bfe8, 0x00bfe9, 0x000000, 0x00bfea, 0x000000, 0x00bfeb, 0x000000, 0x000000,
    0x000000, 0x000000, 0x000000, 0x000000, 0x00bfec, 0x00bfed, 0x000000, 0x000000, 0x00bfee,
    0x000000, 0x000000, 0x000000, 0x00bfef, 0x00bff0, 0x00bff1, 0x000000, 0x000000, 0x000000,
    0x000000, 0x000000, 0x00bff2, 0x00bff3, 0x000000, 0x00bff4, 0x000000, 0x00bff5, 0x000000,
    0x000000, 0x000000, 0x000000, 0x000000, 0x000000, 0x00bff6, 0x00bff7, 0x000000, 0x000000,
    0x00bff8, 0x000000, 0x000000, 0x000000, 0x00bff9, 0x000000, 0x000000, 0x000000, 0x000000,
    0x000000, 0x000000, 0x000000, 0x00bffa, 0x00bffb, 0x000000, 0x000000, 0x00bffc, 0x00bffd,
    0x000000, 0x000000, 0x000000, 0x000000, 0x000000, 0x000000, 0x00bffe, 0x00c0a1, 0x000000,
    0x000000, 0x00c0a2, 0x000000, 0x000000, 0x000000, 0x00c0a3, 0x000000, 0x000000, 0x000000,
    0x000000, 0x000000, 0x000000, 0x000000, 0x00c0a4, 0x00c0a5, 0x000000, 0x000000, 0x000000,
    0x00c0a6, 0x000000, 0x000000, 0x000000, 0x000000, 0x00c0a7, 0x00c0a8, 0x000000, 0x000000,
    0x00c0a9, 0x000000, 0x000000, 0x000000, 0x00c0aa, 0x000000, 0x000000, 0x000000, 0x000000,
    0x000000, 0x000000, 0x000000, 0x00c0ab, 0x00c0ac, 0x000000, 0x00c0ad, 0x000000, 0x00c0ae,
    0x000000, 0x000000, 0x000000, 0x000000, 0x000000, 0x000000, 0x00c0af, 0x00c0b0, 0x000000,
    0x000000, 0x00c0b1, 0x000000, 0x000000, 0x000000, 0x00c0b2, 0x000000, 0x000000, 0x000000,
    0x000000, 0x000000, 0x000000, 0x000000, 0x00c0b3, 0x00c0b4, 0x000000, 0x00c0b5, 0x000000,
    0x00c0b6, 0x000000, 0x00c0b7, 0x000000, 0x000000, 0x000000, 0x000000, 0x00c0b8, 0x00c0b9,
    0x000000, 0x000000, 0x00c0ba, 0x000000, 0x000000, 0x000000, 0x00c0bb, 0x000000, 0x000000,
    0x000000, 0x000000, 0x000000, 0x00c0bc, 0x000000, 0x00c0bd, 0x00c0be, 0x000000, 0x00c0bf,
    0x000000, 0x00c0c0, 0x00c0c1, 0x00c0c2, 0x00c0c3, 0x00c0c4, 0x00c0c5, 0x00c0c6, 0x00c0c7,
    0x000000, 0x000000, 0x000000, 0x00c0c8, 0x000000, 0x000000, 0x000000, 0x00c0c9, 0x000000,
    0x000000, 0x000000, 0x000000, 0x000000, 0x000000, 0x000000, 0x00c0ca, 0x000000, 0x000000,
    0x00c0cb, 0x000000, 0x000000, 0x000000, 0x000000, 0x000000, 0x000000, 0x000000, 0x000000,
    0x00c0cc, 0x00c0cd, 0x000000, 0x000000, 0x00c0ce, 0x000000, 0x000000, 0x000000, 0x00c0cf,
    0x00c0d0, 0x00c0d1, 0x000000, 0x000000, 0x000000, 0x00c0d2, 0x00c0d3, 0x00c0d4, 0x000000,
    0x00c0d5, 0x00c0d6, 0x00c0d7, 0x00c0d8, 0x000000, 0x000000, 0x000000, 0x00c0d9, 0x000000,
    0x00c0da, 0x00c0db, 0x000000, 0x000000, 0x00c0dc, 0x000000, 0x00c0dd, 0x00c0de, 0x00c0df,
    0x000000, 0x00c0e0, 0x000000, 0x000000, 0x000000, 0x000000, 0x000000, 0x00c0e1, 0x00c0e2,
    0x000000, 0x00c0e3, 0x00c0e4, 0x00c0e5, 0x00c0e6, 0x000000, 0x000000, 0x000000, 0x000000,
    0x000000, 0x00c0e7, 0x00c0e8, 0x000000, 0x000000, 0x00c0e9, 0x000000, 0x000000, 0x000000,
    0x00c0ea, 0x000000, 0x000000, 0x000000, 0x000000, 0x000000, 0x000000, 0x000000, 0x00c0eb,
    0x00c0ec, 0x000000, 0x00c0ed, 0x00c0ee, 0x00c0ef, 0x000000, 0x000000, 0x000000, 0x000000,
    0x000000, 0x000000, 0x00c0f0, 0x00c0f1, 0x000000, 0x000000, 0x00c0f2, 0x000000, 0x00c0f3,
    0x000000, 0x00c0f4, 0x000000, 0x000000, 0x000000, 0x000000, 0x000000, 0x000000, 0x000000,
    0x00c0f5, 0x000000, 0x000000, 0x000000, 0x000000, 0x00c0f6, 0x000000, 0x000000, 0x000000,
    0x000000, 0x000000, 0x000000, 0x00c0f7, 0x000000, 0x000000, 0x000000, 0x00c0f8, 0x000000,
    0x000000, 0x000000, 0x00c0f9, 0x000000, 0x000000, 0x000000, 0x000000, 0x000000, 0x000000,
    0x000000, 0x000000, 0x000000, 0x000000, 0x000000, 0x000000, 0x000000, 0x000000, 0x000000,
    0x000000, 0x000000, 0x000000, 0x000000, 0x00c0fa, 0x00c0fb, 0x000000, 0x000000, 0x00c0fc,
    0x000000, 0x000000, 0x000000, 0x00c0fd, 0x000000, 0x00c0fe, 0x000000, 0x000000, 0x000000,
    0x000000, 0x000000, 0x00c1a1, 0x00c1a2, 0x000000, 0x00c1a3, 0x000000, 0x00c1a4, 0x00c1a5,
    0x000000, 0x000000, 0x000000, 0x000000, 0x000000, 0x00c1a6, 0x00c1a7, 0x000000, 0x000000,
    0x00c1a8, 0x000000, 0x000000, 0x000000, 0x00c1a9, 0x000000, 0x000000, 0x000000, 0x000000,
    0x000000, 0x000000, 0x000000, 0x00c1aa, 0x00c1ab, 0x000000, 0x00c1ac, 0x000000, 0x00c1ad,
    0x000000, 0x000000, 0x000000, 0x000000, 0x000000, 0x000000, 0x00c1ae, 0x000000, 0x000000,
    0x000000, 0x00c1af, 0x000000, 0x000000, 0x000000, 0x00c1b0, 0x000000, 0x000000, 0x000000,
    0x000000, 0x000000, 0x000000, 0x000000, 0x00c1b1, 0x00c1b2, 0x000000, 0x000000, 0x00c1b3,
    0x00c1b4, 0x000000, 0x000000, 0x000000, 0x000000, 0x000000, 0x000000, 0x00c1b5, 0x000000,
    0x000000, 0x000000, 0x000000, 0x000000, 0x000000, 0x000000, 0x000000, 0x000000, 0x000000,
    0x000000, 0x000000, 0x000000, 0x000000, 0x000000, 0x000000, 0x000000, 0x000000, 0x000000,
    0x000000, 0x000000, 0x000000, 0x000000, 0x000000, 0x000000, 0x000000, 0x000000, 0x00c1b6,
    0x00c1b7, 0x000000, 0x000000, 0x00c1b8, 0x000000, 0x000000, 0x000000, 0x00c1b9, 0x000000,
    0x00c1ba, 0x000000, 0x000000, 0x000000, 0x000000, 0x000000, 0x00c1bb, 0x00c1bc, 0x000000,
    0x00c1bd, 0x000000, 0x00c1be, 0x00c1bf, 0x00c1c0, 0x000000, 0x000000, 0x000000, 0x00c1c1,
    0x00c1c2, 0x00c1c3, 0x000000, 0x000000, 0x000000, 0x000000, 0x000000, 0x000000, 0x00c1c4,
    0x000000, 0x000000, 0x000000, 0x000000, 0x000000, 0x000000, 0x000000, 0x000000, 0x00c1c5,
    0x000000, 0x00c1c6, 0x000000, 0x00c1c7, 0x000000, 0x000000, 0x000000, 0x000000, 0x000000,
    0x000000, 0x00c1c8, 0x000000, 0x000000, 0x000000, 0x000000, 0x000000, 0x000000, 0x000000,
    0x000000, 0x000000, 0x000000, 0x000000, 0x000000, 0x000000, 0x000000, 0x000000, 0x000000,
    0x000000, 0x000000, 0x000000, 0x00c1c9, 0x00c1ca, 0x000000, 0x000000, 0x000000, 0x000000,
    0x00c1cb, 0x000000, 0x000000, 0x000000, 0x00c1cc, 0x000000, 0x000000, 0x000000, 0x00c1cd,
    0x000000, 0x000000, 0x000000, 0x000000, 0x000000, 0x000000, 0x000000, 0x00c1ce, 0x00c1cf,
    0x000000, 0x00c1d0, 0x000000, 0x00c1d1, 0x000000, 0x000000, 0x000000, 0x000000, 0x000000,
    0x000000, 0x00c1d2, 0x00c1d3, 0x000000, 0x000000, 0x00c1d4, 0x000000, 0x000000, 0x000000,
    0x000000, 0x000000, 0x000000, 0x000000, 0x000000, 0x000000, 0x000000, 0x000000, 0x000000,
    0x000000, 0x000000, 0x000000, 0x000000, 0x00c1d5, 0x000000, 0x000000, 0x000000, 0x000000,
    0x000000, 0x000000, 0x00c1d6, 0x00c1d7, 0x000000, 0x000000, 0x00c1d8, 0x000000, 0x000000,
    0x000000, 0x00c1d9, 0x00c1da, 0x00c1db, 0x000000, 0x000000, 0x000000, 0x000000, 0x000000,
    0x00c1dc, 0x00c1dd, 0x000000, 0x00c1de, 0x000000, 0x00c1df, 0x000000, 0x000000, 0x000000,
    0x000000, 0x000000, 0x000000, 0x00c1e0, 0x000000, 0x000000, 0x000000, 0x000000, 0x000000,
    0x000000, 0x000000, 0x000000, 0x000000, 0x000000, 0x000000, 0x000000, 0x000000, 0x000000,
    0x000000, 0x000000, 0x000000, 0x000000, 0x000000, 0x00c1e1, 0x000000, 0x000000, 0x000000,
    0x000000, 0x000000, 0x000000, 0x000000, 0x00c1e2, 0x000000, 0x000000, 0x000000, 0x000000,
    0x000000, 0x000000, 0x000000, 0x000000, 0x000000, 0x000000, 0x000000, 0x000000, 0x000000,
    0x000000, 0x000000, 0x000000, 0x00c1e3, 0x00c1e4, 0x000000, 0x000000, 0x00c1e5, 0x000000,
    0x000000, 0x000000, 0x00c1e6, 0x000000, 0x000000, 0x000000, 0x000000, 0x000000, 0x000000,
    0x000000, 0x00c1e7, 0x00c1e8, 0x000000, 0x00c1e9, 0x000000, 0x000000, 0x000000, 0x000000,
    0x000000, 0x000000, 0x000000, 0x000000, 0x00c1ea, 0x000000, 0x000000, 0x000000, 0x00c1eb,
    0x000000, 0x000000, 0x000000, 0x00c1ec, 0x000000, 0x000000, 0x000000, 0x000000, 0x000000,
    0x000000, 0x000000, 0x00c1ed, 0x000000, 0x000000, 0x000000, 0x000000, 0x000000, 0x000000,
    0x000000, 0x000000, 0x00c1ee, 0x00c1ef, 0x000000, 0x000000, 0x00c1f0, 0x000000, 0x000000,
    0x000000, 0x00c1f1, 0x000000, 0x000000, 0x000000, 0x000000, 0x000000, 0x000000, 0x000000,
    0x00c1f2, 0x00c1f3, 0x000000, 0x00c1f4, 0x000000, 0x00c1f5, 0x000000, 0x000000, 0x000000,
    0x000000, 0x000000, 0x000000, 0x000000, 0x000000, 0x000000, 0x000000, 0x000000, 0x000000,
    0x000000, 0x000000, 0x000000, 0x000000, 0x000000, 0x000000, 0x000000, 0x000000, 0x000000,
    0x000000, 0x000000, 0x000000, 0x000000, 0x000000, 0x000000, 0x000000, 0x000000, 0x000000,
    0x000000, 0x000000, 0x000000, 0x000000, 0x00c1f6, 0x00c1f7, 0x000000, 0x000000, 0x00c1f8,
    0x000000, 0x000000, 0x00c1f9, 0x00c1fa, 0x000000, 0x00c1fb, 0x000000, 0x000000, 0x000000,
    0x000000, 0x000000, 0x00c1fc, 0x00c1fd, 0x000000, 0x00c1fe, 0x000000, 0x00c2a1, 0x00c2a2,
    0x000000, 0x000000, 0x00c2a3, 0x00c2a4, 0x000000, 0x00c2a5, 0x00c2a6, 0x000000, 0x000000,
    0x00c2a7, 0x000000, 0x00c2a8, 0x000000, 0x00c2a9, 0x000000, 0x000000, 0x00c2aa, 0x000000,
    0x000000, 0x000000, 0x000000, 0x00c2ab, 0x00c2ac, 0x000000, 0x00c2ad, 0x00c2ae, 0x00c2af,
    0x000000, 0x000000, 0x000000, 0x000000, 0x000000, 0x000000, 0x00c2b0, 0x00c2b1, 0x000000,
    0x000000, 0x00c2b2, 0x000000, 0x000000, 0x000000, 0x00c2b3, 0x000000, 0x000000, 0x000000,
    0x000000, 0x000000, 0x000000, 0x000000, 0x00c2b4, 0x00c2b5, 0x000000, 0x00c2b6, 0x00c2b7,
    0x00c2b8, 0x000000, 0x000000, 0x000000, 0x000000, 0x000000, 0x000000, 0x00c2b9, 0x000000,
    0x000000, 0x000000, 0x00c2ba, 0x000000, 0x000000, 0x000000, 0x000000, 0x000000, 0x000000,
    0x000000, 0x000000, 0x000000, 0x000000, 0x000000, 0x000000, 0x000000, 0x000000, 0x000000,
    0x000000, 0x00c2bb, 0x000000, 0x000000, 0x000000, 0x000000, 0x000000, 0x000000, 0x000000,
    0x000000, 0x000000, 0x000000, 0x000000, 0x000000, 0x000000, 0x000000, 0x000000, 0x000000,
    0x000000, 0x000000, 0x000000, 0x000000, 0x000000, 0x000000, 0x00c2bc, 0x00c2bd, 0x000000,
    0x000000, 0x00c2be, 0x000000, 0x000000, 0x000000, 0x00c2bf, 0x000000, 0x000000, 0x000000,
    0x000000, 0x000000, 0x000000, 0x000000, 0x00c2c0, 0x00c2c1, 0x000000, 0x00c2c2, 0x00c2c3,
    0x00c2c4, 0x000000, 0x000000, 0x000000, 0x000000, 0x000000, 0x000000, 0x00c2c5, 0x000000,
    0x000000, 0x000000, 0x000000, 0x000000, 0x000000, 0x000000, 0x000000, 0x000000, 0x000000,
    0x000000, 0x000000, 0x000000, 0x000000, 0x000000, 0x000000, 0x000000, 0x000000, 0x000000,
    0x000000, 0x00c2c6, 0x000000, 0x000000, 0x000000, 0x000000, 0x00c2c7, 0x000000, 0x000000,
    0x000000, 0x000000, 0x000000, 0x000000, 0x000000, 0x000000, 0x000000, 0x000000, 0x000000,
    0x000000, 0x000000, 0x000000, 0x000000, 0x000000, 0x000000, 0x000000, 0x000000, 0x00c2c8,
    0x000000, 0x000000, 0x000000, 0x000000, 0x000000, 0x000000, 0x000000, 0x000000, 0x000000,
    0x000000, 0x000000, 0x000000, 0x000000, 0x000000, 0x000000, 0x000000, 0x000000, 0x000000,
    0x000000, 0x000000, 0x000000, 0x000000, 0x000000, 0x000000, 0x000000, 0x000000, 0x000000,
    0x000000, 0x000000, 0x000000, 0x000000, 0x000000, 0x000000, 0x000000, 0x000000, 0x00c2c9,
    0x00c2ca, 0x000000, 0x000000, 0x00c2cb, 0x000000, 0x000000, 0x000000, 0x00c2cc, 0x000000,
    0x000000, 0x000000, 0x000000, 0x000000, 0x000000, 0x000000, 0x00c2cd, 0x00c2ce, 0x000000,
    0x00c2cf, 0x000000, 0x00c2d0, 0x000000, 0x00c2d1, 0x000000, 0x000000, 0x000000, 0x000000,
    0x00c2d2, 0x00c2d3, 0x000000, 0x000000, 0x000000, 0x000000, 0x000000, 0x000000, 0x00c2d4,
    0x000000, 0x000000, 0x000000, 0x000000, 0x000000, 0x000000, 0x000000, 0x000000, 0x000000,
    0x000000, 0x000000, 0x00c2d5, 0x000000, 0x000000, 0x000000, 0x000000, 0x000000, 0x000000,
    0x000000, 0x00c2d6, 0x000000, 0x000000, 0x000000, 0x000000, 0x000000, 0x000000, 0x000000,
    0x000000, 0x000000, 0x000000, 0x000000, 0x00c2d7, 0x000000, 0x000000, 0x000000, 0x000000,
    0x000000, 0x000000, 0x000000, 0x00c2d8, 0x000000, 0x000000, 0x000000, 0x00c2d9, 0x000000,
    0x000000, 0x000000, 0x00c2da, 0x000000, 0x000000, 0x000000, 0x000000, 0x000000, 0x000000,
    0x000000, 0x00c2db, 0x00c2dc, 0x000000, 0x000000, 0x000000, 0x000000, 0x000000, 0x000000,
    0x000000, 0x000000, 0x000000, 0x000000, 0x000000, 0x000000, 0x000000, 0x000000, 0x000000,
    0x000000, 0x000000, 0x000000, 0x000000, 0x000000, 0x000000, 0x000000, 0x000000, 0x000000,
    0x000000, 0x000000, 0x000000, 0x000000, 0x000000, 0x000000, 0x00c2dd, 0x000000, 0x000000,
    0x000000, 0x000000, 0x000000, 0x000000, 0x00c2de, 0x00c2df, 0x000000, 0x000000, 0x00c2e0,
    0x000000, 0x000000, 0x000000, 0x00c2e1, 0x000000, 0x000000, 0x000000, 0x000000, 0x000000,
    0x000000, 0x000000, 0x00c2e2, 0x00c2e3, 0x000000, 0x000000, 0x000000, 0x00c2e4, 0x000000,
    0x000000, 0x000000, 0x000000, 0x000000, 0x000000, 0x00c2e5, 0x000000, 0x000000, 0x000000,
    0x000000, 0x000000, 0x000000, 0x000000, 0x000000, 0x000000, 0x000000, 0x000000, 0x000000,
    0x000000, 0x000000, 0x000000, 0x000000, 0x000000, 0x000000, 0x000000, 0x00c2e6, 0x00c2e7,
    0x000000, 0x000000, 0x000000, 0x000000, 0x000000, 0x000000, 0x000000, 0x000000, 0x000000,
    0x000000, 0x000000, 0x000000, 0x000000, 0x000000, 0x000000, 0x000000, 0x000000, 0x000000,
    0x000000, 0x000000, 0x000000, 0x000000, 0x000000, 0x000000, 0x000000, 0x000000, 0x000000,
    0x000000, 0x00c2e8, 0x000000, 0x000000, 0x000000, 0x000000, 0x000000, 0x000000, 0x000000,
    0x000000, 0x000000, 0x000000, 0x000000, 0x000000, 0x000000, 0x000000, 0x000000, 0x000000,
    0x000000, 0x000000, 0x000000, 0x000000, 0x000000, 0x000000, 0x000000, 0x000000, 0x000000,
    0x000000, 0x000000, 0x00c2e9, 0x000000, 0x000000, 0x000000, 0x000000, 0x000000, 0x000000,
    0x000000, 0x000000, 0x000000, 0x000000, 0x000000, 0x000000, 0x000000, 0x000000, 0x000000,
    0x000000, 0x000000, 0x000000, 0x000000, 0x000000, 0x00c2ea, 0x000000, 0x000000, 0x000000,
    0x000000, 0x000000, 0x000000, 0x000000, 0x000000, 0x000000, 0x000000, 0x000000, 0x000000,
    0x000000, 0x000000, 0x000000, 0x00c2eb, 0x000000, 0x000000, 0x00c2ec, 0x000000, 0x00c2ed,
    0x000000, 0x000000, 0x000000, 0x000000, 0x000000, 0x000000, 0x000000, 0x000000, 0x000000,
    0x000000, 0x000000, 0x000000, 0x000000, 0x000000, 0x000000, 0x000000, 0x000000, 0x000000,
    0x000000, 0x000000, 0x000000, 0x000000, 0x00c2ee, 0x00c2ef, 0x000000, 0x000000, 0x00c2f0,
    0x000000, 0x000000, 0x000000, 0x00c2f1, 0x000000, 0x000000, 0x000000, 0x000000, 0x000000,
    0x000000, 0x000000, 0x00c2f2, 0x00c2f3, 0x000000, 0x000000, 0x000000, 0x00c2f4, 0x00c2f5,
    0x000000, 0x000000, 0x000000, 0x000000, 0x00c2f6, 0x00c2f7, 0x00c2f8, 0x000000, 0x000000,
    0x00c2f9, 0x000000, 0x00c2fa, 0x000000, 0x00c2fb, 0x000000, 0x000000, 0x000000, 0x000000,
    0x000000, 0x000000, 0x000000, 0x00c2fc, 0x00c2fd, 0x000000, 0x00c2fe, 0x00c3a1, 0x00c3a2,
    0x00c3a3, 0x000000, 0x000000, 0x000000, 0x000000, 0x00c3a4, 0x00c3a5, 0x000000, 0x000000,
    0x00c3a6, 0x000000, 0x000000, 0x000000, 0x00c3a7, 0x000000, 0x000000, 0x000000, 0x000000,
    0x000000, 0x000000, 0x000000, 0x00c3a8, 0x00c3a9, 0x000000, 0x00c3aa, 0x00c3ab, 0x00c3ac,
    0x000000, 0x000000, 0x000000, 0x000000, 0x000000, 0x000000, 0x00c3ad, 0x000000, 0x000000,
    0x000000, 0x00c3ae, 0x000000, 0x00c3af, 0x000000, 0x00c3b0, 0x000000, 0x000000, 0x000000,
    0x000000, 0x000000, 0x000000, 0x000000, 0x00c3b1, 0x000000, 0x000000, 0x000000, 0x000000,
    0x00c3b2, 0x000000, 0x000000, 0x000000, 0x000000, 0x000000, 0x000000, 0x000000, 0x000000,
    0x000000, 0x000000, 0x000000, 0x000000, 0x000000, 0x000000, 0x000000, 0x000000, 0x000000,
    0x000000, 0x000000, 0x000000, 0x000000, 0x000000, 0x000000, 0x000000, 0x00c3b3, 0x00c3b4,
    0x000000, 0x000000, 0x00c3b5, 0x000000, 0x000000, 0x000000, 0x00c3b6, 0x000000, 0x000000,
    0x000000, 0x000000, 0x000000, 0x000000, 0x000000, 0x00c3b7, 0x00c3b8, 0x000000, 0x00c3b9,
    0x00c3ba, 0x00c3bb, 0x000000, 0x000000, 0x000000, 0x000000, 0x000000, 0x000000, 0x00c3bc,
    0x00c3bd, 0x000000, 0x000000, 0x00c3be, 0x000000, 0x000000, 0x000000, 0x00c3bf, 0x000000,
    0x000000, 0x000000, 0x000000, 0x00c3c0, 0x00c3c1, 0x000000, 0x00c3c2, 0x000000, 0x00c3c3,
    0x000000, 0x000000, 0x000000, 0x000000, 0x000000, 0x000000, 0x00c3c4, 0x000000, 0x000000,
    0x000000, 0x00c3c5, 0x000000, 0x000000, 0x000000, 0x000000, 0x000000, 0x000000, 0x000000,
    0x000000, 0x000000, 0x000000, 0x000000, 0x000000, 0x000000, 0x000000, 0x000000, 0x00c3c6,
    0x000000, 0x000000, 0x000000, 0x000000, 0x000000, 0x000000, 0x000000, 0x00c3c7, 0x000000,
    0x000000, 0x000000, 0x00c3c8, 0x000000, 0x000000, 0x000000, 0x000000, 0x000000, 0x000000,
    0x000000, 0x000000, 0x000000, 0x000000, 0x000000, 0x000000, 0x000000, 0x000000, 0x000000,
    0x00c3c9, 0x000000, 0x000000, 0x000000, 0x000000, 0x000000, 0x000000, 0x00c3ca, 0x00c3cb,
    0x000000, 0x000000, 0x00c3cc, 0x000000, 0x000000, 0x000000, 0x00c3cd, 0x000000, 0x000000,
    0x000000, 0x000000, 0x000000, 0x000000, 0x000000, 0x00c3ce, 0x00c3cf, 0x000000, 0x00c3d0,
    0x000000, 0x00c3d1, 0x000000, 0x000000, 0x000000, 0x000000, 0x000000, 0x000000, 0x00c3d2,
    0x000000, 0x000000, 0x000000, 0x00c3d3, 0x000000, 0x000000, 0x000000, 0x00c3d4, 0x000000,
    0x000000, 0x000000, 0x000000, 0x000000, 0x000000, 0x000000, 0x000000, 0x000000, 0x000000,
    0x000000, 0x000000, 0x00c3d5, 0x000000, 0x000000, 0x000000, 0x000000, 0x000000, 0x000000,
    0x000000, 0x000000, 0x000000, 0x000000, 0x000000, 0x000000, 0x000000, 0x000000, 0x000000,
    0x000000, 0x000000, 0x000000, 0x000000, 0x000000, 0x000000, 0x000000, 0x000000, 0x000000,
    0x000000, 0x000000, 0x000000, 0x000000, 0x00c3d6, 0x000000, 0x000000, 0x000000, 0x00c3d7,
    0x000000, 0x000000, 0x000000, 0x00c3d8, 0x000000, 0x000000, 0x000000, 0x000000, 0x000000,
    0x000000, 0x000000, 0x00c3d9, 0x00c3da, 0x000000, 0x00c3db, 0x000000, 0x00c3dc, 0x000000,
    0x000000, 0x000000, 0x000000, 0x000000, 0x000000, 0x00c3dd, 0x000000, 0x000000, 0x000000,
    0x000000, 0x000000, 0x000000, 0x000000, 0x000000, 0x00c3de, 0x000000, 0x000000, 0x000000,
    0x000000, 0x000000, 0x000000, 0x000000, 0x000000, 0x000000, 0x000000, 0x000000, 0x00c3df,
    0x00c3e0, 0x000000, 0x000000, 0x00c3e1, 0x000000, 0x000000, 0x000000, 0x00c3e2, 0x000000,
    0x000000, 0x000000, 0x000000, 0x000000, 0x000000, 0x000000, 0x00c3e3, 0x00c3e4, 0x000000,
    0x00c3e5, 0x000000, 0x00c3e6, 0x000000, 0x000000, 0x000000, 0x000000, 0x000000, 0x000000,
    0x00c3e7, 0x000000, 0x000000, 0x000000, 0x000000, 0x000000, 0x000000, 0x000000, 0x000000,
    0x000000, 0x000000, 0x000000, 0x000000, 0x000000, 0x000000, 0x000000, 0x00c3e8, 0x000000,
    0x000000, 0x000000, 0x000000, 0x000000, 0x000000, 0x000000, 0x00c3e9, 0x000000, 0x000000,
    0x000000, 0x00c3ea, 0x000000, 0x000000, 0x000000, 0x000000, 0x000000, 0x000000, 0x000000,
    0x000000, 0x000000, 0x000000, 0x000000, 0x000000, 0x000000, 0x000000, 0x000000, 0x000000,
    0x000000, 0x000000, 0x000000, 0x000000, 0x000000, 0x000000, 0x000000, 0x00c3eb, 0x000000,
    0x000000, 0x000000, 0x00c3ec, 0x000000, 0x000000, 0x000000, 0x00c3ed, 0x000000, 0x000000,
    0x000000, 0x000000, 0x000000, 0x000000, 0x000000, 0x00c3ee, 0x00c3ef, 0x000000, 0x00c3f0,
    0x000000, 0x00c3f1, 0x000000, 0x000000, 0x000000, 0x000000, 0x00c3f2, 0x000000, 0x000000,
    0x000000, 0x00c3f3, 0x000000, 0x000000, 0x000000, 0x00c3f4, 0x000000, 0x000000, 0x000000,
    0x000000, 0x000000, 0x000000, 0x000000, 0x00c3f5, 0x000000, 0x000000, 0x000000, 0x000000,
    0x00c3f6, 0x000000, 0x000000, 0x000000, 0x000000, 0x000000, 0x000000, 0x00c3f7, 0x00c3f8,
    0x000000, 0x000000, 0x00c3f9, 0x000000, 0x000000, 0x000000, 0x00c3fa, 0x000000, 0x000000,
    0x000000, 0x000000, 0x000000, 0x000000, 0x000000, 0x00c3fb, 0x00c3fc, 0x000000, 0x00c3fd,
    0x000000, 0x00c3fe, 0x000000, 0x000000, 0x000000, 0x000000, 0x000000, 0x000000, 0x000000,
    0x000000, 0x000000, 0x000000, 0x000000, 0x000000, 0x000000, 0x000000, 0x000000, 0x000000,
    0x000000, 0x000000, 0x000000, 0x000000, 0x000000, 0x000000, 0x000000, 0x000000, 0x00c4a1,
    0x00c4a2, 0x000000, 0x000000, 0x00c4a3, 0x000000, 0x000000, 0x00c4a4, 0x00c4a5, 0x00c4a6,
    0x000000, 0x000000, 0x000000, 0x000000, 0x000000, 0x000000, 0x00c4a7, 0x00c4a8, 0x000000,
    0x00c4a9, 0x000000, 0x00c4aa, 0x000000, 0x000000, 0x000000, 0x000000, 0x000000, 0x000000,
    0x00c4ab, 0x00c4ac, 0x000000, 0x000000, 0x00c4ad, 0x000000, 0x000000, 0x000000, 0x00c4ae,
    0x000000, 0x000000, 0x000000, 0x000000, 0x00c4af, 0x00c4b0, 0x000000, 0x00c4b1, 0x000000,
    0x00c4b2, 0x000000, 0x000000, 0x000000, 0x000000, 0x000000, 0x000000, 0x00c4b3, 0x00c4b4,
    0x000000, 0x000000, 0x00c4b5, 0x000000, 0x000000, 0x000000, 0x00c4b6, 0x000000, 0x000000,
    0x000000, 0x000000, 0x000000, 0x000000, 0x000000, 0x00c4b7, 0x00c4b8, 0x000000, 0x00c4b9,
    0x00c4ba, 0x00c4bb, 0x000000, 0x000000, 0x000000, 0x000000, 0x000000, 0x000000, 0x00c4bc,
    0x00c4bd, 0x000000, 0x000000, 0x000000, 0x000000, 0x000000, 0x000000, 0x000000, 0x000000,
    0x000000, 0x000000, 0x000000, 0x000000, 0x000000, 0x000000, 0x000000, 0x000000, 0x000000,
    0x000000, 0x00c4be, 0x000000, 0x000000, 0x000000, 0x000000, 0x000000, 0x000000, 0x000000,
    0x000000, 0x000000, 0x000000, 0x000000, 0x000000, 0x000000, 0x000000, 0x000000, 0x000000,
    0x000000, 0x000000, 0x000000, 0x000000, 0x000000, 0x000000, 0x000000, 0x000000, 0x000000,
    0x000000, 0x000000, 0x000000, 0x000000, 0x000000, 0x000000, 0x000000, 0x000000, 0x000000,
    0x00c4bf, 0x00c4c0, 0x000000, 0x000000, 0x00c4c1, 0x000000, 0x000000, 0x00c4c2, 0x00c4c3,
    0x000000, 0x000000, 0x000000, 0x000000, 0x000000, 0x000000, 0x000000, 0x00c4c4, 0x00c4c5,
    0x000000, 0x00c4c6, 0x00c4c7, 0x00c4c8, 0x000000, 0x000000, 0x000000, 0x000000, 0x000000,
    0x000000, 0x00c4c9, 0x00c4ca, 0x000000, 0x000000, 0x00c4cb, 0x000000, 0x000000, 0x000000,
    0x00c4cc, 0x000000, 0x000000, 0x000000, 0x000000, 0x000000, 0x000000, 0x000000, 0x00c4cd,
    0x00c4ce, 0x000000, 0x00c4cf, 0x000000, 0x00c4d0, 0x000000, 0x000000, 0x000000, 0x000000,
    0x000000, 0x000000, 0x00c4d1, 0x000000, 0x000000, 0x000000, 0x00c4d2, 0x000000, 0x000000,
    0x000000, 0x00c4d3, 0x000000, 0x000000, 0x000000, 0x000000, 0x000000, 0x000000, 0x000000,
    0x00c4d4, 0x00c4d5, 0x000000, 0x00c4d6, 0x00c4d7, 0x00c4d8, 0x000000, 0x000000, 0x000000,
    0x000000, 0x000000, 0x000000, 0x00c4d9, 0x000000, 0x000000, 0x000000, 0x000000, 0x000000,
    0x000000, 0x000000, 0x000000, 0x000000, 0x000000, 0x000000, 0x000000, 0x000000, 0x000000,
    0x000000, 0x000000, 0x000000, 0x000000, 0x000000, 0x000000, 0x00c4da, 0x00c4db, 0x000000,
    0x000000, 0x00c4dc, 0x000000, 0x000000, 0x000000, 0x00c4dd, 0x000000, 0x000000, 0x000000,
    0x000000, 0x000000, 0x000000, 0x000000, 0x00c4de, 0x00c4df, 0x000000, 0x00c4e0, 0x000000,
    0x00c4e1, 0x000000, 0x000000, 0x000000, 0x000000, 0x000000, 0x000000, 0x00c4e2, 0x00c4e3,
    0x000000, 0x000000, 0x00c4e4, 0x000000, 0x000000, 0x000000, 0x00c4e5, 0x000000, 0x000000,
    0x000000, 0x000000, 0x000000, 0x000000, 0x000000, 0x00c4e6, 0x000000, 0x000000, 0x000000,
    0x000000, 0x00c4e7, 0x000000, 0x000000, 0x000000, 0x000000, 0x000000, 0x000000, 0x00c4e8,
    0x000000, 0x000000, 0x000000, 0x000000, 0x000000, 0x000000, 0x000000, 0x000000, 0x000000,
    0x000000, 0x000000, 0x000000, 0x000000, 0x000000, 0x000000, 0x000000, 0x000000, 0x000000,
    0x000000, 0x000000, 0x00c4e9, 0x000000, 0x000000, 0x000000, 0x000000, 0x000000, 0x000000,
    0x00c4ea, 0x000000, 0x000000, 0x000000, 0x000000, 0x000000, 0x000000, 0x000000, 0x00c4eb,
    0x000000, 0x000000, 0x000000, 0x000000, 0x000000, 0x000000, 0x000000, 0x000000, 0x000000,
    0x000000, 0x000000, 0x000000, 0x000000, 0x000000, 0x000000, 0x00c4ec, 0x000000, 0x000000,
    0x000000, 0x000000, 0x000000, 0x000000, 0x000000, 0x000000, 0x000000, 0x000000, 0x000000,
    0x000000, 0x000000, 0x000000, 0x000000, 0x000000, 0x000000, 0x000000, 0x000000, 0x000000,
    0x000000, 0x000000, 0x000000, 0x000000, 0x000000, 0x000000, 0x000000, 0x00c4ed, 0x00c4ee,
    0x000000, 0x000000, 0x00c4ef, 0x000000, 0x000000, 0x000000, 0x00c4f0, 0x000000, 0x000000,
    0x000000, 0x000000, 0x000000, 0x000000, 0x000000, 0x00c4f1, 0x00c4f2, 0x000000, 0x00c4f3,
    0x000000, 0x00c4f4, 0x000000, 0x000000, 0x000000, 0x000000, 0x000000, 0x000000, 0x00c4f5,
    0x000000, 0x000000, 0x000000, 0x00c4f6, 0x000000, 0x000000, 0x000000, 0x00c4f7, 0x000000,
    0x000000, 0x000000, 0x000000, 0x000000, 0x000000, 0x000000, 0x000000, 0x000000, 0x000000,
    0x000000, 0x000000, 0x00c4f8, 0x000000, 0x000000, 0x000000, 0x000000, 0x000000, 0x000000,
    0x00c4f9, 0x000000, 0x000000, 0x000000, 0x000000, 0x000000, 0x000000, 0x000000, 0x000000,
    0x000000, 0x000000, 0x000000, 0x000000, 0x000000, 0x000000, 0x000000, 0x000000, 0x000000,
    0x000000, 0x000000, 0x000000, 0x00c4fa, 0x000000, 0x000000, 0x000000, 0x000000, 0x000000,
    0x000000, 0x00c4fb, 0x00c4fc, 0x000000, 0x000000, 0x00c4fd, 0x000000, 0x000000, 0x000000,
    0x00c4fe, 0x000000, 0x000000, 0x000000, 0x000000, 0x00c5a1, 0x00c5a2, 0x000000, 0x00c5a3,
    0x000000, 0x00c5a4, 0x000000, 0x000000, 0x000000, 0x000000, 0x000000, 0x000000, 0x00c5a5,
    0x000000, 0x000000, 0x000000, 0x00c5a6, 0x000000, 0x000000, 0x000000, 0x00c5a7, 0x000000,
    0x000000, 0x000000, 0x000000, 0x000000, 0x000000, 0x000000, 0x00c5a8, 0x000000, 0x000000,
    0x000000, 0x000000, 0x000000, 0x000000, 0x000000, 0x000000, 0x000000, 0x000000, 0x000000,
    0x00c5a9, 0x00c5aa, 0x000000, 0x000000, 0x00c5ab, 0x000000, 0x000000, 0x000000, 0x00c5ac,
    0x000000, 0x000000, 0x000000, 0x000000, 0x000000, 0x000000, 0x000000, 0x00c5ad, 0x00c5ae,
    0x000000, 0x000000, 0x00c5af, 0x000000, 0x000000, 0x000000, 0x000000, 0x000000, 0x000000,
    0x000000, 0x000000, 0x000000, 0x000000, 0x000000, 0x000000, 0x000000, 0x000000, 0x000000,
    0x000000, 0x000000, 0x000000, 0x000000, 0x000000, 0x000000, 0x000000, 0x000000, 0x000000,
    0x000000, 0x000000, 0x000000, 0x000000, 0x000000, 0x000000, 0x000000, 0x000000, 0x000000,
    0x000000, 0x00c5b0, 0x00c5b1, 0x000000, 0x000000, 0x00c5b2, 0x000000, 0x000000, 0x000000,
    0x00c5b3, 0x000000, 0x000000, 0x000000, 0x000000, 0x000000, 0x000000, 0x000000, 0x00c5b4,
    0x00c5b5, 0x000000, 0x00c5b6, 0x000000, 0x00c5b7, 0x000000, 0x000000, 0x000000, 0x000000,
    0x000000, 0x000000, 0x00c5b8, 0x00c5b9, 0x000000, 0x000000, 0x00c5ba, 0x000000, 0x000000,
    0x000000, 0x00c5bb, 0x00c5bc, 0x000000, 0x000000, 0x000000, 0x000000, 0x000000, 0x000000,
    0x00c5bd, 0x00c5be, 0x000000, 0x00c5bf, 0x00c5c0, 0x00c5c1, 0x000000, 0x000000, 0x000000,
    0x000000, 0x000000, 0x000000, 0x00c5c2, 0x00c5c3, 0x000000, 0x000000, 0x00c5c4, 0x000000,
    0x000000, 0x000000, 0x00c5c5, 0x000000, 0x000000, 0x000000, 0x000000, 0x000000, 0x000000,
    0x000000, 0x00c5c6, 0x00c5c7, 0x000000, 0x00c5c8, 0x00c5c9, 0x00c5ca, 0x000000, 0x000000,
    0x000000, 0x000000, 0x000000, 0x000000, 0x00c5cb, 0x000000, 0x000000, 0x000000, 0x000000,
    0x000000, 0x000000, 0x000000, 0x000000, 0x000000, 0x000000, 0x000000, 0x000000, 0x000000,
    0x00c5cc, 0x000000, 0x000000, 0x000000, 0x000000, 0x000000, 0x000000, 0x000000, 0x000000,
    0x000000, 0x000000, 0x000000, 0x000000, 0x000000, 0x000000, 0x000000, 0x000000, 0x000000,
    0x000000, 0x000000, 0x000000, 0x000000, 0x000000, 0x000000, 0x000000, 0x000000, 0x000000,
    0x000000, 0x000000, 0x000000, 0x000000, 0x000000, 0x000000, 0x000000, 0x000000, 0x00c5cd,
    0x00c5ce, 0x000000, 0x000000, 0x00c5cf, 0x000000, 0x000000, 0x000000, 0x00c5d0, 0x000000,
    0x00c5d1, 0x000000, 0x000000, 0x000000, 0x000000, 0x000000, 0x00c5d2, 0x00c5d3, 0x000000,
    0x00c5d4, 0x00c5d5, 0x00c5d6, 0x000000, 0x000000, 0x000000, 0x000000, 0x000000, 0x000000,
    0x00c5d7, 0x00c5d8, 0x000000, 0x000000, 0x00c5d9, 0x000000, 0x000000, 0x000000, 0x00c5da,
    0x000000, 0x000000, 0x000000, 0x000000, 0x000000, 0x000000, 0x000000, 0x00c5db, 0x00c5dc,
    0x000000, 0x00c5dd, 0x000000, 0x00c5de, 0x000000, 0x000000, 0x000000, 0x000000, 0x000000,
    0x000000, 0x00c5df, 0x000000, 0x000000, 0x000000, 0x00c5e0, 0x000000, 0x000000, 0x000000,
    0x000000, 0x000000, 0x000000, 0x000000, 0x000000, 0x000000, 0x000000, 0x000000, 0x000000,
    0x000000, 0x000000, 0x000000, 0x00c5e1, 0x000000, 0x000000, 0x000000, 0x000000, 0x00c5e2,
    0x000000, 0x000000, 0x000000, 0x00c5e3, 0x000000, 0x000000, 0x000000, 0x000000, 0x000000,
    0x000000, 0x000000, 0x000000, 0x000000, 0x000000, 0x000000, 0x000000, 0x000000, 0x000000,
    0x000000, 0x000000, 0x000000, 0x000000, 0x000000, 0x000000, 0x000000, 0x000000, 0x000000,
    0x00c5e4, 0x00c5e5, 0x000000, 0x000000, 0x00c5e6, 0x000000, 0x000000, 0x000000, 0x00c5e7,
    0x000000, 0x000000, 0x000000, 0x000000, 0x000000, 0x000000, 0x000000, 0x00c5e8, 0x00c5e9,
    0x000000, 0x00c5ea, 0x000000, 0x00c5eb, 0x000000, 0x000000, 0x000000, 0x000000, 0x00c5ec,
    0x000000, 0x00c5ed, 0x000000, 0x000000, 0x000000, 0x00c5ee, 0x000000, 0x000000, 0x000000,
    0x000000, 0x000000, 0x000000, 0x000000, 0x000000, 0x000000, 0x000000, 0x000000, 0x000000,
    0x000000, 0x000000, 0x000000, 0x000000, 0x000000, 0x000000, 0x000000, 0x000000, 0x000000,
    0x000000, 0x000000, 0x00c5ef, 0x000000, 0x000000, 0x000000, 0x000000, 0x000000, 0x000000,
    0x000000, 0x000000, 0x000000, 0x000000, 0x000000, 0x000000, 0x000000, 0x000000, 0x000000,
    0x000000, 0x000000, 0x000000, 0x000000, 0x000000, 0x000000, 0x000000, 0x000000, 0x000000,
    0x000000, 0x000000, 0x000000, 0x00c5f0, 0x000000, 0x000000, 0x000000, 0x00c5f1, 0x000000,
    0x000000, 0x000000, 0x000000, 0x000000, 0x000000, 0x000000, 0x00c5f2, 0x000000, 0x00c5f3,
    0x000000, 0x000000, 0x000000, 0x000000, 0x000000, 0x000000, 0x00c5f4, 0x000000, 0x000000,
    0x000000, 0x000000, 0x000000, 0x000000, 0x000000, 0x000000, 0x000000, 0x000000, 0x000000,
    0x000000, 0x000000, 0x000000, 0x000000, 0x000000, 0x000000, 0x000000, 0x000000, 0x000000,
    0x000000, 0x000000, 0x000000, 0x000000, 0x000000, 0x000000, 0x000000, 0x00c5f5, 0x00c5f6,
    0x000000, 0x000000, 0x00c5f7, 0x000000, 0x000000, 0x000000, 0x00c5f8, 0x000000, 0x000000,
    0x000000, 0x000000, 0x000000, 0x000000, 0x000000, 0x00c5f9, 0x00c5fa, 0x000000, 0x00c5fb,
    0x000000, 0x00c5fc, 0x000000, 0x000000, 0x000000, 0x000000, 0x000000, 0x000000, 0x00c5fd,
    0x000000, 0x000000, 0x000000, 0x000000, 0x000000, 0x000000, 0x000000, 0x000000, 0x000000,
    0x000000, 0x000000, 0x000000, 0x000000, 0x000000, 0x000000, 0x000000, 0x000000, 0x000000,
    0x000000, 0x00c5fe, 0x000000, 0x000000, 0x000000, 0x000000, 0x000000, 0x000000, 0x000000,
    0x00c6a1, 0x000000, 0x000000, 0x000000, 0x000000, 0x000000, 0x000000, 0x000000, 0x000000,
    0x000000, 0x000000, 0x000000, 0x000000, 0x000000, 0x000000, 0x000000, 0x000000, 0x000000,
    0x000000, 0x000000, 0x000000, 0x000000, 0x000000, 0x000000, 0x000000, 0x000000, 0x000000,
    0x000000, 0x00c6a2, 0x00c6a3, 0x000000, 0x000000, 0x00c6a4, 0x000000, 0x000000, 0x000000,
    0x00c6a5, 0x000000, 0x000000, 0x000000, 0x000000, 0x000000, 0x000000, 0x000000, 0x00c6a6,
    0x00c6a7, 0x000000, 0x000000, 0x000000, 0x00c6a8, 0x000000, 0x000000, 0x000000, 0x000000,
    0x000000, 0x000000, 0x00c6a9, 0x000000, 0x000000, 0x000000, 0x00c6aa, 0x000000, 0x000000,
    0x000000, 0x00c6ab, 0x000000, 0x000000, 0x000000, 0x000000, 0x000000, 0x000000, 0x000000,
    0x00c6ac, 0x000000, 0x000000, 0x000000, 0x000000, 0x00c6ad, 0x000000, 0x000000, 0x000000,
    0x000000, 0x000000, 0x000000, 0x00c6ae, 0x00c6af, 0x000000, 0x000000, 0x00c6b0, 0x000000,
    0x000000, 0x00c6b1, 0x00c6b2, 0x000000, 0x00c6b3, 0x000000, 0x000000, 0x000000, 0x000000,
    0x000000, 0x00c6b4, 0x00c6b5, 0x000000, 0x00c6b6, 0x000000, 0x000000, 0x000000, 0x000000,
    0x000000, 0x000000, 0x000000, 0x000000, 0x00c6b7, 0x000000, 0x000000, 0x000000, 0x00c6b8,
    0x000000, 0x000000, 0x000000, 0x00c6b9, 0x000000, 0x000000, 0x000000, 0x000000, 0x000000,
    0x000000, 0x000000, 0x00c6ba, 0x00c6bb, 0x000000, 0x000000, 0x000000, 0x000000, 0x000000,
    0x000000, 0x000000, 0x000000, 0x000000, 0x000000, 0x00c6bc, 0x00c6bd, 0x000000, 0x000000,
    0x00c6be, 0x000000, 0x000000, 0x000000, 0x00c6bf, 0x000000, 0x000000, 0x000000, 0x000000,
    0x000000, 0x000000, 0x000000, 0x00c6c0, 0x00c6c1, 0x000000, 0x00c6c2, 0x000000, 0x00c6c3,
    0x000000, 0x000000, 0x000000, 0x000000, 0x000000, 0x000000, 0x00c6c4, 0x00c6c5, 0x00c6c6,
    0x000000, 0x00c6c7, 0x000000, 0x000000, 0x000000, 0x00c6c8, 0x000000, 0x00c6c9, 0x000000,
    0x000000, 0x000000, 0x000000, 0x000000, 0x00c6ca, 0x00c6cb, 0x000000, 0x00c6cc, 0x00c6cd,
    0x00c6ce, 0x000000, 0x000000, 0x000000, 0x00c6cf, 0x000000, 0x000000, 0x00c6d0, 0x00c6d1,
    0x000000, 0x000000, 0x00c6d2, 0x000000, 0x000000, 0x000000, 0x00c6d3, 0x000000, 0x000000,
    0x000000, 0x000000, 0x000000, 0x000000, 0x000000, 0x00c6d4, 0x00c6d5, 0x000000, 0x00c6d6,
    0x00c6d7, 0x00c6d8, 0x000000, 0x000000, 0x000000, 0x000000, 0x00c6d9, 0x00c6da, 0x000000,
    0x000000, 0x000000, 0x000000, 0x000000, 0x000000, 0x000000, 0x000000, 0x000000, 0x000000,
    0x000000, 0x000000, 0x000000, 0x000000, 0x000000, 0x000000, 0x000000, 0x000000, 0x000000,
    0x000000, 0x000000, 0x000000, 0x000000, 0x000000, 0x000000, 0x000000, 0x000000, 0x000000,
    0x000000, 0x000000, 0x000000, 0x000000, 0x000000, 0x000000, 0x000000, 0x000000, 0x000000,
    0x000000, 0x000000, 0x000000, 0x000000, 0x000000, 0x000000, 0x000000, 0x000000, 0x000000,
    0x000000, 0x000000, 0x000000, 0x000000, 0x000000, 0x000000, 0x000000, 0x000000, 0x00c6db,
    0x00c6dc, 0x000000, 0x000000, 0x00c6dd, 0x000000, 0x000000, 0x000000, 0x00c6de, 0x000000,
    0x000000, 0x000000, 0x000000, 0x000000, 0x000000, 0x000000, 0x00c6df, 0x00c6e0, 0x000000,
    0x00c6e1, 0x00c6e2, 0x00c6e3, 0x000000, 0x000000, 0x000000, 0x000000, 0x000000, 0x000000,
    0x00c6e4, 0x00c6e5, 0x000000, 0x000000, 0x00c6e6, 0x000000, 0x000000, 0x000000, 0x00c6e7,
    0x000000, 0x000000, 0x000000, 0x000000, 0x000000, 0x000000, 0x000000, 0x00c6e8, 0x00c6e9,
    0x000000, 0x00c6ea, 0x000000, 0x00c6eb, 0x000000, 0x000000, 0x000000, 0x000000, 0x000000,
    0x000000, 0x00c6ec, 0x000000, 0x000000, 0x000000, 0x00c6ed, 0x000000, 0x000000, 0x000000,
    0x00c6ee, 0x000000, 0x000000, 0x000000, 0x000000, 0x00c6ef, 0x00c6f0, 0x000000, 0x000000,
    0x00c6f1, 0x00c6f2, 0x000000, 0x000000, 0x000000, 0x000000, 0x000000, 0x000000, 0x00c6f3,
    0x000000, 0x000000, 0x000000, 0x000000, 0x000000, 0x000000, 0x000000, 0x00c6f4, 0x000000,
    0x000000, 0x000000, 0x000000, 0x000000, 0x000000, 0x000000, 0x000000, 0x00c6f5, 0x000000,
    0x00c6f6, 0x000000, 0x000000, 0x000000, 0x000000, 0x000000, 0x000000, 0x000000, 0x000000,
    0x00c6f7, 0x00c6f8, 0x000000, 0x000000, 0x00c6f9, 0x000000, 0x000000, 0x000000, 0x00c6fa,
    0x000000, 0x000000, 0x000000, 0x000000, 0x000000, 0x000000, 0x000000, 0x00c6fb, 0x00c6fc,
    0x000000, 0x00c6fd, 0x000000, 0x00c6fe, 0x000000, 0x000000, 0x000000, 0x000000, 0x000000,
    0x000000, 0x00c7a1, 0x000000, 0x000000, 0x000000, 0x000000, 0x000000, 0x000000, 0x000000,
    0x000000, 0x000000, 0x000000, 0x000000, 0x000000, 0x000000, 0x000000, 0x000000, 0x000000,
    0x000000, 0x000000, 0x000000, 0x000000, 0x00c7a2, 0x000000, 0x000000, 0x000000, 0x000000,
    0x000000, 0x000000, 0x000000, 0x000000, 0x000000, 0x000000, 0x000000, 0x000000, 0x000000,
    0x000000, 0x000000, 0x000000, 0x000000, 0x000000, 0x000000, 0x000000, 0x000000, 0x000000,
    0x000000, 0x000000, 0x000000, 0x000000, 0x000000, 0x000000, 0x000000, 0x000000, 0x000000,
    0x000000, 0x000000, 0x000000, 0x00c7a3, 0x000000, 0x000000, 0x000000, 0x00c7a4, 0x000000,
    0x000000, 0x000000, 0x000000, 0x000000, 0x000000, 0x000000, 0x000000, 0x000000, 0x000000,
    0x000000, 0x000000, 0x000000, 0x000000, 0x000000, 0x000000, 0x000000, 0x000000, 0x000000,
    0x000000, 0x000000, 0x000000, 0x000000, 0x00c7a5, 0x000000, 0x000000, 0x000000, 0x00c7a6,
    0x000000, 0x000000, 0x000000, 0x00c7a7, 0x000000, 0x000000, 0x000000, 0x000000, 0x000000,
    0x000000, 0x000000, 0x000000, 0x00c7a8, 0x000000, 0x00c7a9, 0x000000, 0x000000, 0x000000,
    0x000000, 0x000000, 0x000000, 0x000000, 0x000000, 0x00c7aa, 0x00c7ab, 0x000000, 0x000000,
    0x00c7ac, 0x000000, 0x000000, 0x00c7ad, 0x00c7ae, 0x000000, 0x00c7af, 0x000000, 0x000000,
    0x000000, 0x000000, 0x000000, 0x00c7b0, 0x00c7b1, 0x000000, 0x00c7b2, 0x000000, 0x00c7b3,
    0x000000, 0x000000, 0x000000, 0x000000, 0x000000, 0x000000, 0x00c7b4, 0x000000, 0x000000,
    0x000000, 0x000000, 0x000000, 0x000000, 0x000000, 0x000000, 0x000000, 0x000000, 0x000000,
    0x000000, 0x000000, 0x000000, 0x000000, 0x000000, 0x000000, 0x000000, 0x000000, 0x000000,
    0x00c7b5, 0x000000, 0x000000, 0x000000, 0x000000, 0x000000, 0x000000, 0x000000, 0x000000,
    0x000000, 0x000000, 0x000000, 0x000000, 0x000000, 0x000000, 0x000000, 0x000000, 0x000000,
    0x000000, 0x000000, 0x000000, 0x000000, 0x000000, 0x00c7b6, 0x000000, 0x000000, 0x000000,
    0x00c7b7, 0x000000, 0x000000, 0x000000, 0x00c7b8, 0x000000, 0x000000, 0x000000, 0x000000,
    0x000000, 0x000000, 0x000000, 0x00c7b9, 0x000000, 0x000000, 0x00c7ba, 0x000000, 0x000000,
    0x000000, 0x000000, 0x000000, 0x000000, 0x000000, 0x000000, 0x00c7bb, 0x000000, 0x000000,
    0x000000, 0x00c7bc, 0x000000, 0x000000, 0x000000, 0x00c7bd, 0x000000, 0x000000, 0x000000,
    0x000000, 0x000000, 0x000000, 0x000000, 0x00c7be, 0x000000, 0x000000, 0x00c7bf, 0x000000,
    0x00c7c0, 0x000000, 0x000000, 0x000000, 0x000000, 0x00c7c1, 0x000000, 0x000000, 0x000000,
    0x00c7c2, 0x000000, 0x000000, 0x000000, 0x00c7c3, 0x000000, 0x000000, 0x000000, 0x000000,
    0x000000, 0x000000, 0x000000, 0x00c7c4, 0x00c7c5, 0x000000, 0x00c7c6, 0x000000, 0x000000,
    0x000000, 0x000000, 0x000000, 0x000000, 0x000000, 0x000000, 0x000000, 0x000000, 0x000000,
    0x000000, 0x000000, 0x000000, 0x000000, 0x000000, 0x000000, 0x000000, 0x000000, 0x000000,
    0x000000, 0x000000, 0x000000, 0x000000, 0x000000, 0x000000, 0x000000, 0x000000, 0x000000,
    0x000000, 0x000000, 0x000000, 0x000000, 0x000000, 0x000000, 0x000000, 0x00c7c7, 0x00c7c8,
    0x000000, 0x000000, 0x00c7c9, 0x000000, 0x000000, 0x000000, 0x00c7ca, 0x000000, 0x000000,
    0x000000, 0x000000, 0x000000, 0x000000, 0x000000, 0x00c7cb, 0x00c7cc, 0x000000, 0x00c7cd,
    0x000000, 0x00c7ce, 0x000000, 0x000000, 0x000000, 0x000000, 0x000000, 0x000000, 0x00c7cf,
    0x00c7d0, 0x000000, 0x000000, 0x00c7d1, 0x000000, 0x000000, 0x000000, 0x00c7d2, 0x000000,
    0x000000, 0x000000, 0x000000, 0x00c7d3, 0x000000, 0x000000, 0x00c7d4, 0x00c7d5, 0x000000,
    0x00c7d6, 0x000000, 0x00c7d7, 0x000000, 0x000000, 0x000000, 0x000000, 0x000000, 0x000000,
    0x00c7d8, 0x00c7d9, 0x000000, 0x000000, 0x00c7da, 0x000000, 0x000000, 0x000000, 0x00c7db,
    0x000000, 0x000000, 0x000000, 0x000000, 0x00c7dc, 0x00c7dd, 0x000000, 0x00c7de, 0x00c7df,
    0x00c7e0, 0x000000, 0x000000, 0x000000, 0x000000, 0x000000, 0x000000, 0x00c7e1, 0x000000,
    0x000000, 0x000000, 0x000000, 0x000000, 0x000000, 0x000000, 0x000000, 0x000000, 0x000000,
    0x000000, 0x000000, 0x000000, 0x000000, 0x000000, 0x000000, 0x000000, 0x000000, 0x000000,
    0x000000, 0x00c7e2, 0x000000, 0x000000, 0x000000, 0x000000, 0x000000, 0x000000, 0x000000,
    0x000000, 0x000000, 0x000000, 0x000000, 0x000000, 0x000000, 0x000000, 0x000000, 0x000000,
    0x000000, 0x000000, 0x000000, 0x000000, 0x000000, 0x000000, 0x000000, 0x000000, 0x000000,
    0x000000, 0x00c7e3, 0x00c7e4, 0x000000, 0x000000, 0x00c7e5, 0x000000, 0x000000, 0x000000,
    0x00c7e6, 0x000000, 0x00c7e7, 0x000000, 0x000000, 0x000000, 0x000000, 0x000000, 0x00c7e8,
    0x00c7e9, 0x000000, 0x00c7ea, 0x000000, 0x00c7eb, 0x000000, 0x000000, 0x000000, 0x000000,
    0x000000, 0x000000, 0x00c7ec, 0x00c7ed, 0x000000, 0x000000, 0x00c7ee, 0x000000, 0x000000,
    0x000000, 0x00c7ef, 0x000000, 0x000000, 0x000000, 0x000000, 0x000000, 0x000000, 0x000000,
    0x00c7f0, 0x00c7f1, 0x000000, 0x00c7f2, 0x000000, 0x00c7f3, 0x000000, 0x000000, 0x000000,
    0x000000, 0x000000, 0x000000, 0x00c7f4, 0x00c7f5, 0x000000, 0x000000, 0x00c7f6, 0x000000,
    0x000000, 0x000000, 0x00c7f7, 0x000000, 0x000000, 0x000000, 0x000000, 0x000000, 0x000000,
    0x000000, 0x00c7f8, 0x00c7f9, 0x000000, 0x00c7fa, 0x00c7fb, 0x00c7fc, 0x000000, 0x000000,
    0x000000, 0x000000, 0x000000, 0x000000, 0x00c7fd, 0x000000, 0x000000, 0x000000, 0x00c7fe,
    0x000000, 0x000000, 0x000000, 0x00c8a1, 0x000000, 0x000000, 0x000000, 0x000000, 0x000000,
    0x000000, 0x000000, 0x000000, 0x00c8a2, 0x000000, 0x000000, 0x000000, 0x000000, 0x000000,
    0x000000, 0x000000, 0x000000, 0x000000, 0x000000, 0x00c8a3, 0x00c8a4, 0x000000, 0x000000,
    0x00c8a5, 0x000000, 0x000000, 0x000000, 0x00c8a6, 0x000000, 0x000000, 0x000000, 0x000000,
    0x00c8a7, 0x000000, 0x000000, 0x00c8a8, 0x00c8a9, 0x000000, 0x00c8aa, 0x000000, 0x00c8ab,
    0x000000, 0x000000, 0x000000, 0x00c8ac, 0x000000, 0x000000, 0x00c8ad, 0x00c8ae, 0x000000,
    0x000000, 0x00c8af, 0x000000, 0x000000, 0x000000, 0x00c8b0, 0x000000, 0x000000, 0x000000,
    0x000000, 0x000000, 0x000000, 0x000000, 0x000000, 0x000000, 0x000000, 0x00c8b1, 0x000000,
    0x00c8b2, 0x000000, 0x000000, 0x000000, 0x000000, 0x000000, 0x000000, 0x00c8b3, 0x00c8b4,
    0x000000, 0x000000, 0x00c8b5, 0x000000, 0x000000, 0x000000, 0x000000, 0x000000, 0x000000,
    0x000000, 0x000000, 0x000000, 0x000000, 0x000000, 0x00c8b6, 0x000000, 0x00c8b7, 0x000000,
    0x000000, 0x000000, 0x000000, 0x000000, 0x000000, 0x00c8b8, 0x00c8b9, 0x000000, 0x000000,
    0x00c8ba, 0x000000, 0x000000, 0x000000, 0x00c8bb, 0x000000, 0x000000, 0x000000, 0x000000,
    0x000000, 0x000000, 0x000000, 0x000000, 0x00c8bc, 0x000000, 0x00c8bd, 0x000000, 0x00c8be,
    0x000000, 0x000000, 0x000000, 0x000000, 0x000000, 0x000000, 0x00c8bf, 0x000000, 0x000000,
    0x000000, 0x00c8c0, 0x000000, 0x000000, 0x000000, 0x00c8c1, 0x000000, 0x000000, 0x000000,
    0x000000, 0x000000, 0x000000, 0x000000, 0x000000, 0x00c8c2, 0x000000, 0x00c8c3, 0x000000,
    0x000000, 0x000000, 0x000000, 0x00c8c4, 0x00c8c5, 0x000000, 0x000000, 0x00c8c6, 0x000000,
    0x000000, 0x000000, 0x00c8c7, 0x000000, 0x000000, 0x000000, 0x000000, 0x00c8c8, 0x000000,
    0x000000, 0x00c8c9, 0x000000, 0x000000, 0x00c8ca, 0x000000, 0x00c8cb, 0x000000, 0x000000,
    0x000000, 0x000000, 0x000000, 0x000000, 0x00c8cc, 0x000000, 0x000000, 0x000000, 0x00c8cd,
    0x000000, 0x000000, 0x000000, 0x00c8ce, 0x000000, 0x000000, 0x000000, 0x000000, 0x000000,
    0x000000, 0x000000, 0x00c8cf, 0x000000, 0x000000, 0x000000, 0x000000, 0x00c8d0, 0x000000,
    0x000000, 0x000000, 0x000000, 0x000000, 0x000000, 0x00c8d1, 0x00c8d2, 0x000000, 0x000000,
    0x00c8d3, 0x000000, 0x000000, 0x000000, 0x00c8d4, 0x000000, 0x000000, 0x000000, 0x000000,
    0x000000, 0x000000, 0x000000, 0x000000, 0x000000, 0x000000, 0x000000, 0x000000, 0x00c8d5,
    0x000000, 0x000000, 0x000000, 0x000000, 0x000000, 0x000000, 0x00c8d6, 0x00c8d7, 0x000000,
    0x000000, 0x00c8d8, 0x000000, 0x000000, 0x000000, 0x00c8d9, 0x000000, 0x000000, 0x000000,
    0x000000, 0x000000, 0x000000, 0x000000, 0x00c8da, 0x00c8db, 0x000000, 0x00c8dc, 0x000000,
    0x00c8dd, 0x000000, 0x000000, 0x000000, 0x000000, 0x000000, 0x000000, 0x00c8de, 0x00c8df,
    0x000000, 0x000000, 0x00c8e0, 0x000000, 0x000000, 0x000000, 0x00c8e1, 0x000000, 0x000000,
    0x000000, 0x000000, 0x00c8e2, 0x000000, 0x000000, 0x00c8e3, 0x000000, 0x00c8e4, 0x000000,
    0x000000, 0x000000, 0x000000, 0x000000, 0x000000, 0x00c8e5, 0x00c8e6, 0x000000, 0x000000,
    0x00c8e7, 0x000000, 0x00c8e8, 0x00c8e9, 0x00c8ea, 0x00c8eb, 0x000000, 0x000000, 0x000000,
    0x000000, 0x000000, 0x000000, 0x00c8ec, 0x00c8ed, 0x000000, 0x00c8ee, 0x000000, 0x00c8ef,
    0x000000, 0x000000, 0x000000, 0x00c8f0, 0x000000, 0x000000, 0x00c8f1, 0x000000, 0x000000,
    0x000000, 0x00c8f2, 0x000000, 0x000000, 0x000000, 0x00c8f3, 0x000000, 0x000000, 0x000000,
    0x000000, 0x000000, 0x000000, 0x000000, 0x00c8f4, 0x00c8f5, 0x000000, 0x000000, 0x00c8f6,
    0x000000, 0x000000, 0x000000, 0x000000, 0x000000, 0x000000, 0x00c8f7, 0x00c8f8, 0x000000,
    0x000000, 0x00c8f9, 0x000000, 0x000000, 0x000000, 0x00c8fa, 0x000000, 0x000000, 0x000000,
    0x000000, 0x000000, 0x000000, 0x000000, 0x00c8fb, 0x00c8fc, 0x000000, 0x00c8fd, 0x000000,
    0x00c8fe, 0x000000, 0x000000, 0x000000, 0x000000, 0x000000, 0x000000, 0x000000, 0x000000,
    0x000000, 0x000000, 0x000000, 0x000000, 0x000000, 0x000000, 0x000000, 0x000000, 0x000000,
    0x000000, 0x000000, 0x000000, 0x000000, 0x000000, 0x000000, 0x000000, 0x000000, 0x000000,
    0x000000, 0x000000, 0x000000, 0x000000, 0x000000, 0x000000, 0x000000, 0x000000, 0x00cbd0,
    0x00cbd6, 0x00cbe7, 0x00cdcf, 0x00cde8, 0x00cead, 0x00cffb, 0x00d0a2, 0x00d0b8, 0x00d0d0,
    0x00d0dd, 0x00d1d4, 0x00d1d5, 0x00d1d8, 0x00d1db, 0x00d1dc, 0x00d1dd, 0x00d1de, 0x00d1df,
    0x00d1e0, 0x00d1e2, 0x00d1e3, 0x00d1e4, 0x00d1e5, 0x00d1e6, 0x00d1e8, 0x00d1e9, 0x00d1ea,
    0x00d1eb, 0x00d1ed, 0x00d1ef, 0x00d1f0, 0x00d1f2, 0x00d1f6, 0x00d1fa, 0x00d1fc, 0x00d1fd,
    0x00d1fe, 0x00d2a2, 0x00d2a3, 0x00d2a7, 0x00d2a8, 0x00d2a9, 0x00d2aa, 0x00d2ab, 0x00d2ad,
    0x00d2b2, 0x00d2be, 0x00d2c2, 0x00d2c3, 0x00d2c4, 0x00d2c6, 0x00d2c7, 0x00d2c8, 0x00d2c9,
    0x00d2ca, 0x00d2cb, 0x00d2cd, 0x00d2ce, 0x00d2cf, 0x00d2d0, 0x00d2d1, 0x00d2d2, 0x00d2d3,
    0x00d2d4, 0x00d2d5, 0x00d2d6, 0x00d2d7, 0x00d2d9, 0x00d2da, 0x00d2de, 0x00d2df, 0x00d2e1,
    0x00d2e2, 0x00d2e4, 0x00d2e5, 0x00d2e6, 0x00d2e7, 0x00d2e8, 0x00d2e9, 0x00d2ea, 0x00d2eb,
    0x00d2f0, 0x00d2f1, 0x00d2f2, 0x00d2f3, 0x00d2f4, 0x00d2f5, 0x00d2f7, 0x00d2f8, 0x00d4e6,
    0x00d4fc, 0x00d5a5, 0x00d5ab, 0x00d5ae, 0x00d6b8, 0x00d6cd, 0x00d7cb, 0x00d7e4, 0x00dbc5,
    0x00dbe4, 0x00dca5, 0x00dda5, 0x00ddd5, 0x00ddf4, 0x00defc, 0x00defe, 0x00dfb3, 0x00dfe1,
    0x00dfe8, 0x00e0f1, 0x00e1ad, 0x00e1ed, 0x00e3f5, 0x00e4a1, 0x00e4a9, 0x00e5ae, 0x00e5b1,
    0x00e5b2, 0x00e5b9, 0x00e5bb, 0x00e5bc, 0x00e5c4, 0x00e5ce, 0x00e5d0, 0x00e5d2, 0x00e5d6,
    0x00e5fa, 0x00e5fb, 0x00e5fc, 0x00e5fe, 0x00e6a1, 0x00e6a4, 0x00e6a7, 0x00e6ad, 0x00e6af,
    0x00e6b0, 0x00e6b1, 0x00e6b3, 0x00e6b7, 0x00e6b8, 0x00e6bc, 0x00e6c4, 0x00e6c6, 0x00e6c7,
    0x00e6ca, 0x00e6d2, 0x00e6d6, 0x00e6d9, 0x00e6dc, 0x00e6df, 0x00e6e1, 0x00e6e4, 0x00e6e5,
    0x00e6e6, 0x00e6e8, 0x00e6ea, 0x00e6eb, 0x00e6ec, 0x00e6ef, 0x00e6f1, 0x00e6f2, 0x00e6f5,
    0x00e6f6, 0x00e6f7, 0x00e6f9, 0x00e7a1, 0x00e7a6, 0x00e7a9, 0x00e7aa, 0x00e7ac, 0x00e7ad,
    0x00e7b0, 0x00e7bf, 0x00e7c1, 0x00e7c6, 0x00e7c7, 0x00e7cb, 0x00e7cd, 0x00e7cf, 0x00e7d0,
    0x00e7d3, 0x00e7df, 0x00e7e4, 0x00e7e6, 0x00e7f7, 0x00e8e7, 0x00e8e8, 0x00e8f0, 0x00e8f1,
    0x00e8f7, 0x00e8f9, 0x00e8fb, 0x00e8fe, 0x00e9a7, 0x00e9ac, 0x00e9cc, 0x00e9f7, 0x00eac1,
    0x00eae5, 0x00eaf4, 0x00eaf7, 0x00eafc, 0x00eafe, 0x00eba4, 0x00eba7, 0x00eba9, 0x00ebaa,
    0x00ebba, 0x00ebbb, 0x00ebbd, 0x00ebc1, 0x00ebc2, 0x00ebc6, 0x00ebc7, 0x00ebcc, 0x00ebcf,
    0x00ebd0, 0x00ebd1, 0x00ebd2, 0x00ebd8, 0x00eca6, 0x00eca7, 0x00ecaa, 0x00ecaf, 0x00ecb0,
    0x00ecb1, 0x00ecb2, 0x00ecb5, 0x00ecb8, 0x00ecba, 0x00ecc0, 0x00ecc1, 0x00ecc5, 0x00ecc6,
    0x00ecc9, 0x00ecca, 0x00ecd5, 0x00ecdd, 0x00ecde, 0x00ece1, 0x00ece4, 0x00ece7, 0x00ece8,
    0x00ecf7, 0x00ecf8, 0x00ecfa, 0x00eda1, 0x00eda2, 0x00eda3, 0x00edee, 0x00eedb, 0x00f2bd,
    0x00f2fa, 0x00f3b1, 0x00f4a7, 0x00f4ee, 0x00f6f4, 0x00f6f6, 0x00f7b8, 0x00f7c8, 0x00f7d3,
    0x00f8db, 0x00f8f0, 0x00faa1, 0x00faa2, 0x00fae6, 0x00fca9, 0x000000, 0x000000, 0x000000,
    0x000000, 0x000000, 0x000000, 0x000000, 0x000000, 0x000000, 0x000000, 0x000000, 0x000000,
    0x000000, 0x000000, 0x000000, 0x000000, 0x000000, 0x000000, 0x000000, 0x000000, 0x000000,
    0x000000, 0x000000, 0x000000, 0x000000, 0x000000, 0x000000, 0x000000, 0x000000, 0x000000,
    0x000000, 0x000000, 0x000000, 0x000000, 0x000000, 0x000000, 0x000000, 0x000000, 0x000000,
    0x000000, 0x000000, 0x000000, 0x000000, 0x000000, 0x000000, 0x000000, 0x000000, 0x000000,
    0x000000, 0x000000, 0x000000, 0x000000, 0x00a3a1, 0x00a3a2, 0x00a3a3, 0x00a3a4, 0x00a3a5,
    0x00a3a6, 0x00a3a7, 0x00a3a8, 0x00a3a9, 0x00a3aa, 0x00a3ab, 0x00a3ac, 0x00a3ad, 0x00a3ae,
    0x00a3af, 0x00a3b0, 0x00a3b1, 0x00a3b2, 0x00a3b3, 0x00a3b4, 0x00a3b5, 0x00a3b6, 0x00a3b7,
    0x00a3b8, 0x00a3b9, 0x00a3ba, 0x00a3bb, 0x00a3bc, 0x00a3bd, 0x00a3be, 0x00a3bf, 0x00a3c0,
    0x00a3c1, 0x00a3c2, 0x00a3c3, 0x00a3c4, 0x00a3c5, 0x00a3c6, 0x00a3c7, 0x00a3c8, 0x00a3c9,
    0x00a3ca, 0x00a3cb, 0x00a3cc, 0x00a3cd, 0x00a3ce, 0x00a3cf, 0x00a3d0, 0x00a3d1, 0x00a3d2,
    0x00a3d3, 0x00a3d4, 0x00a3d5, 0x00a3d6, 0x00a3d7, 0x00a3d8, 0x00a3d9, 0x00a3da, 0x00a3db,
    0x00a1ac, 0x00a3dd, 0x00a3de, 0x00a3df, 0x00a3e0, 0x00a3e1, 0x00a3e2, 0x00a3e3, 0x00a3e4,
    0x00a3e5, 0x00a3e6, 0x00a3e7, 0x00a3e8, 0x00a3e9, 0x00a3ea, 0x00a3eb, 0x00a3ec, 0x00a3ed,
    0x00a3ee, 0x00a3ef, 0x00a3f0, 0x00a3f1, 0x00a3f2, 0x00a3f3, 0x00a3f4, 0x00a3f5, 0x00a3f6,
    0x00a3f7, 0x00a3f8, 0x00a3f9, 0x00a3fa, 0x00a3fb, 0x00a3fc, 0x00a3fd, 0x00a2a6, 0x000000,
    0x000000, 0x000000, 0x000000, 0x000000, 0x000000, 0x000000, 0x000000, 0x000000, 0x000000,
    0x000000, 0x000000, 0x000000, 0x000000, 0x000000, 0x000000, 0x000000, 0x000000, 0x000000,
    0x000000, 0x000000, 0x000000, 0x000000, 0x000000, 0x000000, 0x000000, 0x000000, 0x000000,
    0x000000, 0x000000, 0x000000, 0x000000, 0x000000, 0x000000, 0x000000, 0x000000, 0x000000,
    0x000000, 0x000000, 0x000000, 0x000000, 0x000000, 0x000000, 0x000000, 0x000000, 0x000000,
    0x000000, 0x000000, 0x000000, 0x000000, 0x000000, 0x000000, 0x000000, 0x000000, 0x000000,
    0x000000, 0x000000, 0x000000, 0x000000, 0x000000, 0x000000, 0x000000, 0x000000, 0x000000,
    0x000000, 0x00a1cb, 0x00a1cc, 0x00a1fe, 0x00a3fe, 0x000000, 0x00a1cd, 0x00a3dc, 0x000000,
    0x000000, 0x000000, 0x000000, 0x000000, 0x000000, 0x000000, 0x000000, 0x000000, 0x000000,
    0x000000, 0x000000, 0x000000, 0x000000, 0x000000, 0x000000, 0x000000, 0x000000, 0x000000,
    0x000000, 0x000000, 0x000000, 0x000000, 0x000000, 0x000000,
];
pub static EUC_KR_FROM_UNICODE_TREE: PgMbRadixTree = PgMbRadixTree {
    chars16: &EUC_KR_FROM_UNICODE_TREE_TABLE,
    chars32: &[],
    b1root: 0x0,
    b1_lower: 0x0,
    b1_upper: 0x0,
    b2root: 0x40,
    b2_1_lower: 0xc2,
    b2_1_upper: 0xd1,
    b2_2_lower: 0x80,
    b2_2_upper: 0xbf,
    b3root: 0x276,
    b3_1_lower: 0xe2,
    b3_1_upper: 0xef,
    b3_2_lower: 0x80,
    b3_2_upper: 0xbf,
    b3_3_lower: 0x80,
    b3_3_upper: 0xbf,
    b4root: 0x0,
    b4_1_lower: 0x0,
    b4_1_upper: 0x0,
    b4_2_lower: 0x0,
    b4_2_upper: 0x0,
    b4_3_lower: 0x0,
    b4_3_upper: 0x0,
    b4_4_lower: 0x0,
    b4_4_upper: 0x0,
};
