// Generated by scripts/gen_radix_tables.py from postgres-18.3 C sources. Do not edit.
use crate::PgMbRadixTree;
static EUC_JP_TO_UNICODE_TREE_TABLE: [u32; 14254] = [
    0x000000, 0x000000, 0x000000, 0x000000, 0x000000, 0x000000, 0x000000, 0x000000, 0x000000,
    0x000000, 0x000000, 0x000000, 0x000000, 0x000000, 0x000000, 0x000000, 0x000000, 0x000000,
    0x000000, 0x000000, 0x000000, 0x000000, 0x000000, 0x000000, 0x000000, 0x000000, 0x000000,
    0x000000, 0x000000, 0x000000, 0x000000, 0x000000, 0x000000, 0x000000, 0x000000, 0x000000,
    0x000000, 0x000000, 0x000000, 0x000000, 0x000000, 0x000000, 0x000000, 0x000000, 0x000000,
    0x000000, 0x000000, 0x000000, 0x000000, 0x000000, 0x000000, 0x000000, 0x000000, 0x000000,
    0x000000, 0x000000, 0x000000, 0x000000, 0x000000, 0x000000, 0x000000, 0x000000, 0x000000,
    0x000000, 0x000000, 0x000000, 0x000000, 0x000000, 0x000000, 0x000000, 0x000000, 0x000000,
    0x000000, 0x000000, 0x000000, 0x000000, 0x000000, 0x000000, 0x000000, 0x000000, 0x000000,
    0x000000, 0x000000, 0x000000, 0x000000, 0x000000, 0x000000, 0x000000, 0x000000, 0x000000,
    0x000000, 0x000000, 0x000000, 0x000000, 0x000000, 0x000000, 0x000000, 0x000000, 0x000000,
    0x000000, 0x000000, 0x000000, 0x000000, 0x0000ce, 0x000000, 0x000000, 0x000000, 0x000000,
    0x000000, 0x000000, 0x000000, 0x000000, 0x000000, 0x000000, 0x000000, 0x000000, 0x000000,
    0x000000, 0x000000, 0x000000, 0x000000, 0x000000, 0x00012c, 0x00018a, 0x0001e8, 0x000246,
    0x0002a4, 0x000302, 0x000360, 0x0003be, 0x000000, 0x000000, 0x000000, 0x000000, 0x00041c,
    0x000000, 0x000000, 0x00047a, 0x0004d8, 0x000536, 0x000594, 0x0005f2, 0x000650, 0x0006ae,
    0x00070c, 0x00076a, 0x0007c8, 0x000826, 0x000884, 0x0008e2, 0x000940, 0x00099e, 0x0009fc,
    0x000a5a, 0x000ab8, 0x000b16, 0x000b74, 0x000bd2, 0x000c30, 0x000c8e, 0x000cec, 0x000d4a,
    0x000da8, 0x000e06, 0x000e64, 0x000ec2, 0x000f20, 0x000f7e, 0x000fdc, 0x00103a, 0x001098,
    0x0010f6, 0x001154, 0x0011b2, 0x001210, 0x00126e, 0x0012cc, 0x00132a, 0x001388, 0x0013e6,
    0x001444, 0x0014a2, 0x001500, 0x00155e, 0x0015bc, 0x00161a, 0x001678, 0x0016d6, 0x001734,
    0x001792, 0x0017f0, 0x00184e, 0x0018ac, 0x00190a, 0x001968, 0x0019c6, 0x001a24, 0x001a82,
    0x001ae0, 0x001b3e, 0x001b9c, 0x001bfa, 0x001c58, 0x001cb6, 0x001d14, 0x001d72, 0xefbda1,
    0xefbda2, 0xefbda3, 0xefbda4, 0xefbda5, 0xefbda6, 0xefbda7, 0xefbda8, 0xefbda9, 0xefbdaa,
    0xefbdab, 0xefbdac, 0xefbdad, 0xefbdae, 0xefbdaf, 0xefbdb0, 0xefbdb1, 0xefbdb2, 0xefbdb3,
    0xefbdb4, 0xefbdb5, 0xefbdb6, 0xefbdb7, 0xefbdb8, 0xefbdb9, 0xefbdba, 0xefbdbb, 0xefbdbc,
    0xefbdbd, 0xefbdbe, 0xefbdbf, 0xefbe80, 0xefbe81, 0xefbe82, 0xefbe83, 0xefbe84, 0xefbe85,
    0xefbe86, 0xefbe87, 0xefbe88, 0xefbe89, 0xefbe8a, 0xefbe8b, 0xefbe8c, 0xefbe8d, 0xefbe8e,
    0xefbe8f, 0xefbe90, 0xefbe91, 0xefbe92, 0xefbe93, 0xefbe94, 0xefbe95, 0xefbe96, 0xefbe97,
    0xefbe98, 0xefbe99, 0xefbe9a, 0xefbe9b, 0xefbe9c, 0xefbe9d, 0xefbe9e, 0xefbe9f, 0x000000,
    0x000000, 0x000000, 0x000000, 0x000000, 0x000000, 0x000000, 0x000000, 0x000000, 0x000000,
    0x000000, 0x000000, 0x000000, 0x000000, 0x000000, 0x000000, 0x000000, 0x000000, 0x000000,
    0x000000, 0x000000, 0x000000, 0x000000, 0x000000, 0x000000, 0x000000, 0x000000, 0x000000,
    0x000000, 0x000000, 0x000000, 0xe38080, 0xe38081, 0xe38082, 0xefbc8c, 0xefbc8e, 0xe383bb,
    0xefbc9a, 0xefbc9b, 0xefbc9f, 0xefbc81, 0xe3829b, 0xe3829c, 0x00c2b4, 0xefbd80, 0x00c2a8,
    0xefbcbe, 0xefbfa3, 0xefbcbf, 0xe383bd, 0xe383be, 0xe3829d, 0xe3829e, 0xe38083, 0xe4bb9d,
    0xe38085, 0xe38086, 0xe38087, 0xe383bc, 0xe28095, 0xe28090, 0xefbc8f, 0xefbcbc, 0xefbd9e,
    0xe288a5, 0xefbd9c, 0xe280a6, 0xe280a5, 0xe28098, 0xe28099, 0xe2809c, 0xe2809d, 0xefbc88,
    0xefbc89, 0xe38094, 0xe38095, 0xefbcbb, 0xefbcbd, 0xefbd9b, 0xefbd9d, 0xe38088, 0xe38089,
    0xe3808a, 0xe3808b, 0xe3808c, 0xe3808d, 0xe3808e, 0xe3808f, 0xe38090, 0xe38091, 0xefbc8b,
    0xefbc8d, 0x00c2b1, 0x00c397, 0x00c3b7, 0xefbc9d, 0xe289a0, 0xefbc9c, 0xefbc9e, 0xe289a6,
    0xe289a7, 0xe2889e, 0xe288b4, 0xe29982, 0xe29980, 0x00c2b0, 0xe280b2, 0xe280b3, 0xe28483,
    0xefbfa5, 0xefbc84, 0xefbfa0, 0xefbfa1, 0xefbc85, 0xefbc83, 0xefbc86, 0xefbc8a, 0xefbca0,
    0x00c2a7, 0xe29886, 0xe29885, 0xe2978b, 0xe2978f, 0xe2978e, 0xe29787, 0xe29786, 0xe296a1,
    0xe296a0, 0xe296b3, 0xe296b2, 0xe296bd, 0xe296bc, 0xe280bb, 0xe38092, 0xe28692, 0xe28690,
    0xe28691, 0xe28693, 0xe38093, 0x000000, 0x000000, 0x000000, 0x000000, 0x000000, 0x000000,
    0x000000, 0x000000, 0x000000, 0x000000, 0x000000, 0xe28888, 0xe2888b, 0xe28a86, 0xe28a87,
    0xe28a82, 0xe28a83, 0xe288aa, 0xe288a9, 0x000000, 0x000000, 0x000000, 0x000000, 0x000000,
    0x000000, 0x000000, 0x000000, 0xe288a7, 0xe288a8, 0xefbfa2, 0xe28792, 0xe28794, 0xe28880,
    0xe28883, 0x000000, 0x000000, 0x000000, 0x000000, 0x000000, 0x000000, 0x000000, 0x000000,
    0x000000, 0x000000, 0x000000, 0xe288a0, 0xe28aa5, 0xe28c92, 0xe28882, 0xe28887, 0xe289a1,
    0xe28992, 0xe289aa, 0xe289ab, 0xe2889a, 0xe288bd, 0xe2889d, 0xe288b5, 0xe288ab, 0xe288ac,
    0x000000, 0x000000, 0x000000, 0x000000, 0x000000, 0x000000, 0x000000, 0xe284ab, 0xe280b0,
    0xe299af, 0xe299ad, 0xe299aa, 0xe280a0, 0xe280a1, 0x00c2b6, 0x000000, 0x000000, 0x000000,
    0x000000, 0xe297af, 0x000000, 0x000000, 0x000000, 0x000000, 0x000000, 0x000000, 0x000000,
    0x000000, 0x000000, 0x000000, 0x000000, 0x000000, 0x000000, 0x000000, 0x000000, 0xefbc90,
    0xefbc91, 0xefbc92, 0xefbc93, 0xefbc94, 0xefbc95, 0xefbc96, 0xefbc97, 0xefbc98, 0xefbc99,
    0x000000, 0x000000, 0x000000, 0x000000, 0x000000, 0x000000, 0x000000, 0xefbca1, 0xefbca2,
    0xefbca3, 0xefbca4, 0xefbca5, 0xefbca6, 0xefbca7, 0xefbca8, 0xefbca9, 0xefbcaa, 0xefbcab,
    0xefbcac, 0xefbcad, 0xefbcae, 0xefbcaf, 0xefbcb0, 0xefbcb1, 0xefbcb2, 0xefbcb3, 0xefbcb4,
    0xefbcb5, 0xefbcb6, 0xefbcb7, 0xefbcb8, 0xefbcb9, 0xefbcba, 0x000000, 0x000000, 0x000000,
    0x000000, 0x000000, 0x000000, 0xefbd81, 0xefbd82, 0xefbd83, 0xefbd84, 0xefbd85, 0xefbd86,
    0xefbd87, 0xefbd88, 0xefbd89, 0xefbd8a, 0xefbd8b, 0xefbd8c, 0xefbd8d, 0xefbd8e, 0xefbd8f,
    0xefbd90, 0xefbd91, 0xefbd92, 0xefbd93, 0xefbd94, 0xefbd95, 0xefbd96, 0xefbd97, 0xefbd98,
    0xefbd99, 0xefbd9a, 0x000000, 0x000000, 0x000000, 0x000000, 0xe38181, 0xe38182, 0xe38183,
    0xe38184, 0xe38185, 0xe38186, 0xe38187, 0xe38188, 0xe38189, 0xe3818a, 0xe3818b, 0xe3818c,
    0xe3818d, 0xe3818e, 0xe3818f, 0xe38190, 0xe38191, 0xe38192, 0xe38193, 0xe38194, 0xe38195,
    0xe38196, 0xe38197, 0xe38198, 0xe38199, 0xe3819a, 0xe3819b, 0xe3819c, 0xe3819d, 0xe3819e,
    0xe3819f, 0xe381a0, 0xe381a1, 0xe381a2, 0xe381a3, 0xe381a4, 0xe381a5, 0xe381a6, 0xe381a7,
    0xe381a8, 0xe381a9, 0xe381aa, 0xe381ab, 0xe381ac, 0xe381ad, 0xe381ae, 0xe381af, 0xe381b0,
    0xe381b1, 0xe381b2, 0xe381b3, 0xe381b4, 0xe381b5, 0xe381b6, 0xe381b7, 0xe381b8, 0xe381b9,
    0xe381ba, 0xe381bb, 0xe381bc, 0xe381bd, 0xe381be, 0xe381bf, 0xe38280, 0xe38281, 0xe38282,
    0xe38283, 0xe38284, 0xe38285, 0xe38286, 0xe38287, 0xe38288, 0xe38289, 0xe3828a, 0xe3828b,
    0xe3828c, 0xe3828d, 0xe3828e, 0xe3828f, 0xe38290, 0xe38291, 0xe38292, 0xe38293, 0x000000,
    0x000000, 0x000000, 0x000000, 0x000000, 0x000000, 0x000000, 0x000000, 0x000000, 0x000000,
    0x000000, 0xe382a1, 0xe382a2, 0xe382a3, 0xe382a4, 0xe382a5, 0xe382a6, 0xe382a7, 0xe382a8,
    0xe382a9, 0xe382aa, 0xe382ab, 0xe382ac, 0xe382ad, 0xe382ae, 0xe382af, 0xe382b0, 0xe382b1,
    0xe382b2, 0xe382b3, 0xe382b4, 0xe382b5, 0xe382b6, 0xe382b7, 0xe382b8, 0xe382b9, 0xe382ba,
    0xe382bb, 0xe382bc, 0xe382bd, 0xe382be, 0xe382bf, 0xe38380, 0xe38381, 0xe38382, 0xe38383,
    0xe38384, 0xe38385, 0xe38386, 0xe38387, 0xe38388, 0xe38389, 0xe3838a, 0xe3838b, 0xe3838c,
    0xe3838d, 0xe3838e, 0xe3838f, 0xe38390, 0xe38391, 0xe38392, 0xe38393, 0xe38394, 0xe38395,
    0xe38396, 0xe38397, 0xe38398, 0xe38399, 0xe3839a, 0xe3839b, 0xe3839c, 0xe3839d, 0xe3839e,
    0xe3839f, 0xe383a0, 0xe383a1, 0xe383a2, 0xe383a3, 0xe383a4, 0xe383a5, 0xe383a6, 0xe383a7,
    0xe383a8, 0xe383a9, 0xe383aa, 0xe383ab, 0xe383ac, 0xe383ad, 0xe383ae, 0xe383af, 0xe383b0,
    0xe383b1, 0xe383b2, 0xe383b3, 0xe383b4, 0xe383b5, 0xe383b6, 0x000000, 0x000000, 0x000000,
    0x000000, 0x000000, 0x000000, 0x000000, 0x000000, 0x00ce91, 0x00ce92, 0x00ce93, 0x00ce94,
    0x00ce95, 0x00ce96, 0x00ce97, 0x00ce98, 0x00ce99, 0x00ce9a, 0x00ce9b, 0x00ce9c, 0x00ce9d,
    0x00ce9e, 0x00ce9f, 0x00cea0, 0x00cea1, 0x00cea3, 0x00cea4, 0x00cea5, 0x00cea6, 0x00cea7,
    0x00cea8, 0x00cea9, 0x000000, 0x000000, 0x000000, 0x000000, 0x000000, 0x000000, 0x000000,
    0x000000, 0x00ceb1, 0x00ceb2, 0x00ceb3, 0x00ceb4, 0x00ceb5, 0x00ceb6, 0x00ceb7, 0x00ceb8,
    0x00ceb9, 0x00ceba, 0x00cebb, 0x00cebc, 0x00cebd, 0x00cebe, 0x00cebf, 0x00cf80, 0x00cf81,
    0x00cf83, 0x00cf84, 0x00cf85, 0x00cf86, 0x00cf87, 0x00cf88, 0x00cf89, 0x000000, 0x000000,
    0x000000, 0x000000, 0x000000, 0x000000, 0x000000, 0x000000, 0x000000, 0x000000, 0x000000,
    0x000000, 0x000000, 0x000000, 0x000000, 0x000000, 0x000000, 0x000000, 0x000000, 0x000000,
    0x000000, 0x000000, 0x000000, 0x000000, 0x000000, 0x000000, 0x000000, 0x000000, 0x000000,
    0x000000, 0x000000, 0x000000, 0x000000, 0x000000, 0x000000, 0x000000, 0x000000, 0x000000,
    0x00d090, 0x00d091, 0x00d092, 0x00d093, 0x00d094, 0x00d095, 0x00d081, 0x00d096, 0x00d097,
    0x00d098, 0x00d099, 0x00d09a, 0x00d09b, 0x00d09c, 0x00d09d, 0x00d09e, 0x00d09f, 0x00d0a0,
    0x00d0a1, 0x00d0a2, 0x00d0a3, 0x00d0a4, 0x00d0a5, 0x00d0a6, 0x00d0a7, 0x00d0a8, 0x00d0a9,
    0x00d0aa, 0x00d0ab, 0x00d0ac, 0x00d0ad, 0x00d0ae, 0x00d0af, 0x000000, 0x000000, 0x000000,
    0x000000, 0x000000, 0x000000, 0x000000, 0x000000, 0x000000, 0x000000, 0x000000, 0x000000,
    0x000000, 0x000000, 0x000000, 0x00d0b0, 0x00d0b1, 0x00d0b2, 0x00d0b3, 0x00d0b4, 0x00d0b5,
    0x00d191, 0x00d0b6, 0x00d0b7, 0x00d0b8, 0x00d0b9, 0x00d0ba, 0x00d0bb, 0x00d0bc, 0x00d0bd,
    0x00d0be, 0x00d0bf, 0x00d180, 0x00d181, 0x00d182, 0x00d183, 0x00d184, 0x00d185, 0x00d186,
    0x00d187, 0x00d188, 0x00d189, 0x00d18a, 0x00d18b, 0x00d18c, 0x00d18d, 0x00d18e, 0x00d18f,
    0x000000, 0x000000, 0x000000, 0x000000, 0x000000, 0x000000, 0x000000, 0x000000, 0x000000,
    0x000000, 0x000000, 0x000000, 0x000000, 0xe29480, 0xe29482, 0xe2948c, 0xe29490, 0xe29498,
    0xe29494, 0xe2949c, 0xe294ac, 0xe294a4, 0xe294b4, 0xe294bc, 0xe29481, 0xe29483, 0xe2948f,
    0xe29493, 0xe2949b, 0xe29497, 0xe294a3, 0xe294b3, 0xe294ab, 0xe294bb, 0xe2958b, 0xe294a0,
    0xe294af, 0xe294a8, 0xe294b7, 0xe294bf, 0xe2949d, 0xe294b0, 0xe294a5, 0xe294b8, 0xe29582,
    0x000000, 0x000000, 0x000000, 0x000000, 0x000000, 0x000000, 0x000000, 0x000000, 0x000000,
    0x000000, 0x000000, 0x000000, 0x000000, 0x000000, 0x000000, 0x000000, 0x000000, 0x000000,
    0x000000, 0x000000, 0x000000, 0x000000, 0x000000, 0x000000, 0x000000, 0x000000, 0x000000,
    0x000000, 0x000000, 0x000000, 0x000000, 0x000000, 0x000000, 0x000000, 0x000000, 0x000000,
    0x000000, 0x000000, 0x000000, 0x000000, 0x000000, 0x000000, 0x000000, 0x000000, 0x000000,
    0x000000, 0x000000, 0x000000, 0x000000, 0x000000, 0x000000, 0x000000, 0x000000, 0x000000,
    0x000000, 0x000000, 0x000000, 0x000000, 0x000000, 0x000000, 0x000000, 0x000000, 0xe291a0,
    0xe291a1, 0xe291a2, 0xe291a3, 0xe291a4, 0xe291a5, 0xe291a6, 0xe291a7, 0xe291a8, 0xe291a9,
    0xe291aa, 0xe291ab, 0xe291ac, 0xe291ad, 0xe291ae, 0xe291af, 0xe291b0, 0xe291b1, 0xe291b2,
    0xe291b3, 0xe285a0, 0xe285a1, 0xe285a2, 0xe285a3, 0xe285a4, 0xe285a5, 0xe285a6, 0xe285a7,
    0xe285a8, 0xe285a9, 0x000000, 0xe38d89, 0xe38c94, 0xe38ca2, 0xe38d8d, 0xe38c98, 0xe38ca7,
    0xe38c83, 0xe38cb6, 0xe38d91, 0xe38d97, 0xe38c8d, 0xe38ca6, 0xe38ca3, 0xe38cab, 0xe38d8a,
    0xe38cbb, 0xe38e9c, 0xe38e9d, 0xe38e9e, 0xe38e8e, 0xe38e8f, 0xe38f84, 0xe38ea1, 0x000000,
    0x000000, 0x000000, 0x000000, 0x000000, 0x000000, 0x000000, 0x000000, 0xe38dbb, 0xe3809d,
    0xe3809f, 0xe28496, 0xe38f8d, 0xe284a1, 0xe38aa4, 0xe38aa5, 0xe38aa6, 0xe38aa7, 0xe38aa8,
    0xe388b1, 0xe388b2, 0xe388b9, 0xe38dbe, 0xe38dbd, 0xe38dbc, 0xe28992, 0xe289a1, 0xe288ab,
    0xe288ae, 0xe28891, 0xe2889a, 0xe28aa5, 0xe288a0, 0xe2889f, 0xe28abf, 0xe288b5, 0xe288a9,
    0xe288aa, 0x000000, 0x000000, 0xe4ba9c, 0xe59496, 0xe5a883, 0xe998bf, 0xe59380, 0xe6849b,
    0xe68ca8, 0xe5a7b6, 0xe980a2, 0xe891b5, 0xe88c9c, 0xe7a990, 0xe682aa, 0xe68fa1, 0xe6b8a5,
    0xe697ad, 0xe891a6, 0xe88aa6, 0xe9afb5, 0xe6a293, 0xe59ca7, 0xe696a1, 0xe689b1, 0xe5ae9b,
    0xe5a790, 0xe899bb, 0xe9a3b4, 0xe7b5a2, 0xe7b6be, 0xe9ae8e, 0xe68896, 0xe7b29f, 0xe8a2b7,
    0xe5ae89, 0xe5bab5, 0xe68c89, 0xe69a97, 0xe6a188, 0xe99787, 0xe99e8d, 0xe69d8f, 0xe4bba5,
    0xe4bc8a, 0xe4bd8d, 0xe4be9d, 0xe58189, 0xe59bb2, 0xe5a4b7, 0xe5a794, 0xe5a881, 0xe5b089,
    0xe6839f, 0xe6848f, 0xe685b0, 0xe69893, 0xe6a485, 0xe782ba, 0xe7958f, 0xe795b0, 0xe7a7bb,
    0xe7b6ad, 0xe7b7af, 0xe88383, 0xe8908e, 0xe8a1a3, 0xe8ac82, 0xe98195, 0xe981ba, 0xe58cbb,
    0xe4ba95, 0xe4baa5, 0xe59f9f, 0xe882b2, 0xe98381, 0xe7a3af, 0xe4b880, 0xe5a3b1, 0xe6baa2,
    0xe980b8, 0xe7a8b2, 0xe88ca8, 0xe88a8b, 0xe9b0af, 0xe58581, 0xe58db0, 0xe592bd, 0xe593a1,
    0xe59ba0, 0xe5a7bb, 0xe5bc95, 0xe9a3b2, 0xe6b7ab, 0xe883a4, 0xe894ad, 0xe999a2, 0xe999b0,
    0xe99aa0, 0xe99fbb, 0xe5908b, 0xe58fb3, 0xe5ae87, 0xe7838f, 0xe7bebd, 0xe8bf82, 0xe99ba8,
    0xe58daf, 0xe9b59c, 0xe7aaba, 0xe4b891, 0xe7a293, 0xe887bc, 0xe6b8a6, 0xe59898, 0xe59484,
    0xe6ac9d, 0xe8949a, 0xe9b0bb, 0xe5a7a5, 0xe58ea9, 0xe6b5a6, 0xe7939c, 0xe9968f, 0xe59982,
    0xe4ba91, 0xe9818b, 0xe99bb2, 0xe88d8f, 0xe9a48c, 0xe58fa1, 0xe596b6, 0xe5acb0, 0xe5bdb1,
    0xe698a0, 0xe69bb3, 0xe6a084, 0xe6b0b8, 0xe6b3b3, 0xe6b4a9, 0xe7919b, 0xe79b88, 0xe7a98e,
    0xe9a0b4, 0xe88bb1, 0xe8a19b, 0xe8a9a0, 0xe98bad, 0xe6b6b2, 0xe796ab, 0xe79b8a, 0xe9a785,
    0xe682a6, 0xe8ac81, 0xe8b68a, 0xe996b2, 0xe6a68e, 0xe58ead, 0xe58686, 0xe59c92, 0xe5a0b0,
    0xe5a584, 0xe5aeb4, 0xe5bbb6, 0xe680a8, 0xe68ea9, 0xe68fb4, 0xe6b2bf, 0xe6bc94, 0xe7828e,
    0xe78494, 0xe78599, 0xe78795, 0xe78cbf, 0xe7b881, 0xe889b6, 0xe88b91, 0xe89697, 0xe981a0,
    0xe9899b, 0xe9b49b, 0xe5a1a9, 0xe696bc, 0xe6b19a, 0xe794a5, 0xe587b9, 0xe5a4ae, 0xe5a5a5,
    0xe5be80, 0xe5bf9c, 0xe68abc, 0xe697ba, 0xe6a8aa, 0xe6aca7, 0xe6aeb4, 0xe78e8b, 0xe7bf81,
    0xe8a596, 0xe9b4ac, 0xe9b48e, 0xe9bb84, 0xe5b2a1, 0xe6b296, 0xe88dbb, 0xe58484, 0xe5b18b,
    0xe686b6, 0xe88786, 0xe6a1b6, 0xe789a1, 0xe4b999, 0xe4bfba, 0xe58db8, 0xe681a9, 0xe6b8a9,
    0xe7a98f, 0xe99fb3, 0xe4b88b, 0xe58c96, 0xe4bbae, 0xe4bd95, 0xe4bcbd, 0xe4bea1, 0xe4bdb3,
    0xe58aa0, 0xe58faf, 0xe59889, 0xe5a48f, 0xe5ab81, 0xe5aeb6, 0xe5afa1, 0xe7a791, 0xe69a87,
    0xe69e9c, 0xe69eb6, 0xe6ad8c, 0xe6b2b3, 0xe781ab, 0xe78f82, 0xe7a68d, 0xe7a6be, 0xe7a8bc,
    0xe7ae87, 0xe88ab1, 0xe88b9b, 0xe88c84, 0xe88db7, 0xe88faf, 0xe88f93, 0xe89da6, 0xe8aab2,
    0xe598a9, 0xe8b2a8, 0xe8bfa6, 0xe9818e, 0xe99c9e, 0xe89a8a, 0xe4bf84, 0xe5b3a8, 0xe68891,
    0xe78999, 0xe794bb, 0xe887a5, 0xe88abd, 0xe89bbe, 0xe8b380, 0xe99b85, 0xe9a493, 0xe9a795,
    0xe4bb8b, 0xe4bc9a, 0xe8a7a3, 0xe59b9e, 0xe5a18a, 0xe5a38a, 0xe5bbbb, 0xe5bfab, 0xe680aa,
    0xe68294, 0xe681a2, 0xe68790, 0xe68892, 0xe68b90, 0xe694b9, 0xe9ad81, 0xe699a6, 0xe6a2b0,
    0xe6b5b7, 0xe781b0, 0xe7958c, 0xe79a86, 0xe7b5b5, 0xe88aa5, 0xe89fb9, 0xe9968b, 0xe99a8e,
    0xe8b29d, 0xe587b1, 0xe58abe, 0xe5a496, 0xe592b3, 0xe5aeb3, 0xe5b496, 0xe685a8, 0xe6a682,
    0xe6b6af, 0xe7a28d, 0xe8938b, 0xe8a197, 0xe8a9b2, 0xe98ea7, 0xe9aab8, 0xe6b5ac, 0xe9a6a8,
    0xe89b99, 0xe59ea3, 0xe69fbf, 0xe89b8e, 0xe9888e, 0xe58a83, 0xe59a87, 0xe59084, 0xe5bb93,
    0xe68ba1, 0xe692b9, 0xe6a0bc, 0xe6a0b8, 0xe6aebb, 0xe78db2, 0xe7a2ba, 0xe7a9ab, 0xe8a69a,
    0xe8a792, 0xe8b5ab, 0xe8bc83, 0xe983ad, 0xe996a3, 0xe99a94, 0xe99da9, 0xe5ada6, 0xe5b2b3,
    0xe6a5bd, 0xe9a18d, 0xe9a18e, 0xe68e9b, 0xe7aca0, 0xe6a8ab, 0xe6a9bf, 0xe6a2b6, 0xe9b08d,
    0xe6bd9f, 0xe589b2, 0xe5969d, 0xe681b0, 0xe68bac, 0xe6b4bb, 0xe6b887, 0xe6bb91, 0xe8919b,
    0xe8a490, 0xe8bd84, 0xe4b894, 0xe9b0b9, 0xe58fb6, 0xe6a49b, 0xe6a8ba, 0xe99e84, 0xe6a0aa,
    0xe5859c, 0xe7ab83, 0xe892b2, 0xe9879c, 0xe98e8c, 0xe5999b, 0xe9b4a8, 0xe6a0a2, 0xe88c85,
    0xe890b1, 0xe7b2a5, 0xe58888, 0xe88b85, 0xe793a6, 0xe4b9be, 0xe4be83, 0xe586a0, 0xe5af92,
    0xe5888a, 0xe58b98, 0xe58ba7, 0xe5b7bb, 0xe5969a, 0xe5a0aa, 0xe5a7a6, 0xe5ae8c, 0xe5ae98,
    0xe5af9b, 0xe5b9b2, 0xe5b9b9, 0xe682a3, 0xe6849f, 0xe685a3, 0xe686be, 0xe68f9b, 0xe695a2,
    0xe69f91, 0xe6a193, 0xe6a3ba, 0xe6acbe, 0xe6ad93, 0xe6b197, 0xe6bca2, 0xe6be97, 0xe6bd85,
    0xe792b0, 0xe79498, 0xe79ba3, 0xe79c8b, 0xe7abbf, 0xe7aea1, 0xe7b0a1, 0xe7b7a9, 0xe7bcb6,
    0xe7bfb0, 0xe8829d, 0xe889a6, 0xe88e9e, 0xe8a6b3, 0xe8ab8c, 0xe8b2ab, 0xe98284, 0xe99191,
    0xe99693, 0xe99691, 0xe996a2, 0xe999a5, 0xe99f93, 0xe9a4a8, 0xe88898, 0xe4b8b8, 0xe590ab,
    0xe5b2b8, 0xe5b78c, 0xe78ea9, 0xe7998c, 0xe79cbc, 0xe5b2a9, 0xe7bfab, 0xe8b48b, 0xe99b81,
    0xe9a091, 0xe9a194, 0xe9a198, 0xe4bc81, 0xe4bc8e, 0xe58db1, 0xe5969c, 0xe599a8, 0xe59fba,
    0xe5a587, 0xe5ac89, 0xe5af84, 0xe5b290, 0xe5b88c, 0xe5b9be, 0xe5bf8c, 0xe68fae, 0xe69cba,
    0xe69797, 0xe697a2, 0xe69c9f, 0xe6a38b, 0xe6a384, 0xe6a99f, 0xe5b8b0, 0xe6af85, 0xe6b097,
    0xe6b1bd, 0xe795bf, 0xe7a588, 0xe5ada3, 0xe7a880, 0xe7b480, 0xe5bebd, 0xe8a68f, 0xe8a898,
    0xe8b2b4, 0xe8b5b7, 0xe8bb8c, 0xe8bc9d, 0xe9a3a2, 0xe9a88e, 0xe9acbc, 0xe4ba80, 0xe581bd,
    0xe58480, 0xe5a693, 0xe5ae9c, 0xe688af, 0xe68a80, 0xe693ac, 0xe6acba, 0xe78aa0, 0xe79691,
    0xe7a587, 0xe7bea9, 0xe89fbb, 0xe8aabc, 0xe8adb0, 0xe68eac, 0xe88f8a, 0xe99ea0, 0xe59089,
    0xe59083, 0xe596ab, 0xe6a194, 0xe6a998, 0xe8a9b0, 0xe7a0a7, 0xe69db5, 0xe9bb8d, 0xe58db4,
    0xe5aea2, 0xe8849a, 0xe89990, 0xe98086, 0xe4b898, 0xe4b985, 0xe4bb87, 0xe4bc91, 0xe58f8a,
    0xe590b8, 0xe5aeae, 0xe5bc93, 0xe680a5, 0xe69591, 0xe69cbd, 0xe6b182, 0xe6b1b2, 0xe6b3a3,
    0xe781b8, 0xe79083, 0xe7a9b6, 0xe7aaae, 0xe7ac88, 0xe7b49a, 0xe7b3be, 0xe7b5a6, 0xe697a7,
    0xe7899b, 0xe58ebb, 0xe5b185, 0xe5b7a8, 0xe68b92, 0xe68ba0, 0xe68c99, 0xe6b8a0, 0xe8999a,
    0xe8a8b1, 0xe8b79d, 0xe98bb8, 0xe6bc81, 0xe7a6a6, 0xe9ad9a, 0xe4baa8, 0xe4baab, 0xe4baac,
    0xe4be9b, 0xe4bea0, 0xe58391, 0xe58587, 0xe7abb6, 0xe585b1, 0xe587b6, 0xe58d94, 0xe58ca1,
    0xe58dbf, 0xe58fab, 0xe596ac, 0xe5a283, 0xe5b3a1, 0xe5bcb7, 0xe5bd8a, 0xe680af, 0xe68190,
    0xe681ad, 0xe68c9f, 0xe69599, 0xe6a98b, 0xe6b381, 0xe78b82, 0xe78bad, 0xe79faf, 0xe883b8,
    0xe88485, 0xe88888, 0xe8958e, 0xe983b7, 0xe98fa1, 0xe99fbf, 0xe9a597, 0xe9a99a, 0xe4bbb0,
    0xe5879d, 0xe5b0ad, 0xe69a81, 0xe6a5ad, 0xe5b180, 0xe69bb2, 0xe6a5b5, 0xe78e89, 0xe6a190,
    0xe7b281, 0xe58385, 0xe58ba4, 0xe59d87, 0xe5b7be, 0xe98ca6, 0xe696a4, 0xe6aca3, 0xe6acbd,
    0xe790b4, 0xe7a681, 0xe7a6bd, 0xe7ad8b, 0xe7b78a, 0xe88ab9, 0xe88f8c, 0xe8a1bf, 0xe8a59f,
    0xe8acb9, 0xe8bf91, 0xe98791, 0xe5909f, 0xe98a80, 0xe4b99d, 0xe580b6, 0xe58fa5, 0xe58cba,
    0xe78b97, 0xe78e96, 0xe79fa9, 0xe88ba6, 0xe8baaf, 0xe9a786, 0xe9a788, 0xe9a792, 0xe585b7,
    0xe6849a, 0xe8999e, 0xe596b0, 0xe7a9ba, 0xe581b6, 0xe5af93, 0xe98187, 0xe99a85, 0xe4b8b2,
    0xe6ab9b, 0xe987a7, 0xe5b191, 0xe5b188, 0xe68e98, 0xe7aa9f, 0xe6b293, 0xe99db4, 0xe8bda1,
    0xe7aaaa, 0xe7868a, 0xe99a88, 0xe7b282, 0xe6a097, 0xe7b9b0, 0xe6a191, 0xe98dac, 0xe58bb2,
    0xe5909b, 0xe896ab, 0xe8a893, 0xe7bea4, 0xe8bb8d, 0xe983a1, 0xe58da6, 0xe8a288, 0xe7a581,
    0xe4bf82, 0xe582be, 0xe58891, 0xe58584, 0xe59593, 0xe59cad, 0xe78faa, 0xe59e8b, 0xe5a591,
    0xe5bda2, 0xe5be84, 0xe681b5, 0xe685b6, 0xe685a7, 0xe686a9, 0xe68eb2, 0xe690ba, 0xe695ac,
    0xe699af, 0xe6a182, 0xe6b893, 0xe795a6, 0xe7a8bd, 0xe7b3bb, 0xe7b58c, 0xe7b699, 0xe7b98b,
    0xe7bdab, 0xe88c8e, 0xe88d8a, 0xe89b8d, 0xe8a888, 0xe8a9a3, 0xe8ada6, 0xe8bbbd, 0xe9a09a,
    0xe9b68f, 0xe88ab8, 0xe8bf8e, 0xe9afa8, 0xe58a87, 0xe6889f, 0xe69283, 0xe6bf80, 0xe99a99,
    0xe6a181, 0xe58291, 0xe6aca0, 0xe6b1ba, 0xe6bd94, 0xe7a9b4, 0xe7b590, 0xe8a180, 0xe8a8a3,
    0xe69c88, 0xe4bbb6, 0xe580b9, 0xe580a6, 0xe581a5, 0xe585bc, 0xe588b8, 0xe589a3, 0xe596a7,
    0xe59c8f, 0xe5a085, 0xe5ab8c, 0xe5bbba, 0xe686b2, 0xe687b8, 0xe68bb3, 0xe68db2, 0xe6a49c,
    0xe6a8a9, 0xe789bd, 0xe78aac, 0xe78cae, 0xe7a094, 0xe7a1af, 0xe7b5b9, 0xe79c8c, 0xe882a9,
    0xe8a68b, 0xe8ac99, 0xe8b3a2, 0xe8bb92, 0xe981a3, 0xe98db5, 0xe999ba, 0xe9a195, 0xe9a893,
    0xe9b9b8, 0xe58583, 0xe58e9f, 0xe58eb3, 0xe5b9bb, 0xe5bca6, 0xe6b89b, 0xe6ba90, 0xe78e84,
    0xe78fbe, 0xe7b583, 0xe888b7, 0xe8a880, 0xe8abba, 0xe99990, 0xe4b98e, 0xe5808b, 0xe58fa4,
    0xe591bc, 0xe59bba, 0xe5a791, 0xe5ada4, 0xe5b7b1, 0xe5baab, 0xe5bca7, 0xe688b8, 0xe69585,
    0xe69eaf, 0xe6b996, 0xe78b90, 0xe7b38a, 0xe8a2b4, 0xe882a1, 0xe883a1, 0xe88fb0, 0xe8998e,
    0xe8aa87, 0xe8b7a8, 0xe988b7, 0xe99b87, 0xe9a1a7, 0xe9bc93, 0xe4ba94, 0xe4ba92, 0xe4bc8d,
    0xe58d88, 0xe59189, 0xe590be, 0xe5a8af, 0xe5be8c, 0xe5bea1, 0xe6829f, 0xe6a2a7, 0xe6aa8e,
    0xe7919a, 0xe7a281, 0xe8aa9e, 0xe8aaa4, 0xe8adb7, 0xe98690, 0xe4b99e, 0xe9af89, 0xe4baa4,
    0xe4bdbc, 0xe4beaf, 0xe58099, 0xe58096, 0xe58589, 0xe585ac, 0xe58a9f, 0xe58ab9, 0xe58bbe,
    0xe58e9a, 0xe58fa3, 0xe59091, 0xe5908e, 0xe59689, 0xe59d91, 0xe59ea2, 0xe5a5bd, 0xe5ad94,
    0xe5ad9d, 0xe5ae8f, 0xe5b7a5, 0xe5b7a7, 0xe5b7b7, 0xe5b9b8, 0xe5ba83, 0xe5ba9a, 0xe5bab7,
    0xe5bc98, 0xe68192, 0xe6858c, 0xe68a97, 0xe68b98, 0xe68ea7, 0xe694bb, 0xe69882, 0xe69983,
    0xe69bb4, 0xe69dad, 0xe6a0a1, 0xe6a297, 0xe6a78b, 0xe6b19f, 0xe6b4aa, 0xe6b5a9, 0xe6b8af,
    0xe6ba9d, 0xe794b2, 0xe79a87, 0xe7a1ac, 0xe7a8bf, 0xe7b3a0, 0xe7b485, 0xe7b498, 0xe7b59e,
    0xe7b6b1, 0xe88095, 0xe88083, 0xe882af, 0xe882b1, 0xe88594, 0xe8868f, 0xe888aa, 0xe88d92,
    0xe8a18c, 0xe8a1a1, 0xe8ac9b, 0xe8b2a2, 0xe8b3bc, 0xe9838a, 0xe985b5, 0xe989b1, 0xe7a0bf,
    0xe98bbc, 0xe996a4, 0xe9998d, 0xe9a085, 0xe9a699, 0xe9ab98, 0xe9b4bb, 0xe5899b, 0xe58aab,
    0xe58fb7, 0xe59088, 0xe5a395, 0xe68bb7, 0xe6bfa0, 0xe8b1aa, 0xe8bd9f, 0xe9bab9, 0xe5858b,
    0xe588bb, 0xe5918a, 0xe59bbd, 0xe7a980, 0xe985b7, 0xe9b5a0, 0xe9bb92, 0xe78d84, 0xe6bc89,
    0xe885b0, 0xe79491, 0xe5bfbd, 0xe6839a, 0xe9aaa8, 0xe78b9b, 0xe8bebc, 0xe6ada4, 0xe9a083,
    0xe4bb8a, 0xe59bb0, 0xe59da4, 0xe5a2be, 0xe5a99a, 0xe681a8, 0xe68787, 0xe6988f, 0xe69886,
    0xe6a0b9, 0xe6a2b1, 0xe6b7b7, 0xe79795, 0xe7b4ba, 0xe889ae, 0xe9ad82, 0xe4ba9b, 0xe4bd90,
    0xe58f89, 0xe59486, 0xe5b5af, 0xe5b7a6, 0xe5b7ae, 0xe69fbb, 0xe6b299, 0xe791b3, 0xe7a082,
    0xe8a990, 0xe98e96, 0xe8a39f, 0xe59d90, 0xe5baa7, 0xe68cab, 0xe582b5, 0xe582ac, 0xe5868d,
    0xe69c80, 0xe59389, 0xe5a19e, 0xe5a6bb, 0xe5aeb0, 0xe5bda9, 0xe6898d, 0xe68ea1, 0xe6a0bd,
    0xe6adb3, 0xe6b888, 0xe781bd, 0xe98787, 0xe78a80, 0xe7a095, 0xe7a0a6, 0xe7a5ad, 0xe6968e,
    0xe7b4b0, 0xe88f9c, 0xe8a381, 0xe8bc89, 0xe99a9b, 0xe589a4, 0xe59ca8, 0xe69d90, 0xe7bdaa,
    0xe8b2a1, 0xe586b4, 0xe59d82, 0xe998aa, 0xe5a0ba, 0xe6a68a, 0xe882b4, 0xe592b2, 0xe5b48e,
    0xe59fbc, 0xe7a295, 0xe9b7ba, 0xe4bd9c, 0xe5898a, 0xe5928b, 0xe690be, 0xe698a8, 0xe69c94,
    0xe69fb5, 0xe7aa84, 0xe7ad96, 0xe7b4a2, 0xe98caf, 0xe6a19c, 0xe9aead, 0xe7acb9, 0xe58c99,
    0xe5868a, 0xe588b7, 0xe5af9f, 0xe68bb6, 0xe692ae, 0xe693a6, 0xe69cad, 0xe6aeba, 0xe896a9,
    0xe99b91, 0xe79a90, 0xe9af96, 0xe68d8c, 0xe98c86, 0xe9aeab, 0xe79abf, 0xe69992, 0xe4b889,
    0xe58298, 0xe58f82, 0xe5b1b1, 0xe683a8, 0xe69292, 0xe695a3, 0xe6a19f, 0xe787a6, 0xe78f8a,
    0xe794a3, 0xe7ae97, 0xe7ba82, 0xe89a95, 0xe8ae83, 0xe8b39b, 0xe985b8, 0xe9a490, 0xe696ac,
    0xe69aab, 0xe6ae8b, 0xe4bb95, 0xe4bb94, 0xe4bcba, 0xe4bdbf, 0xe588ba, 0xe58fb8, 0xe58fb2,
    0xe597a3, 0xe59b9b, 0xe5a3ab, 0xe5a78b, 0xe5a789, 0xe5a7bf, 0xe5ad90, 0xe5b18d, 0xe5b882,
    0xe5b8ab, 0xe5bf97, 0xe6809d, 0xe68c87, 0xe694af, 0xe5ad9c, 0xe696af, 0xe696bd, 0xe697a8,
    0xe69e9d, 0xe6ada2, 0xe6adbb, 0xe6b08f, 0xe78d85, 0xe7a589, 0xe7a781, 0xe7b3b8, 0xe7b499,
    0xe7b4ab, 0xe882a2, 0xe88482, 0xe887b3, 0xe8a696, 0xe8a99e, 0xe8a9a9, 0xe8a9a6, 0xe8aa8c,
    0xe8abae, 0xe8b387, 0xe8b39c, 0xe99b8c, 0xe9a3bc, 0xe6adaf, 0xe4ba8b, 0xe4bcbc, 0xe4be8d,
    0xe58590, 0xe5ad97, 0xe5afba, 0xe68588, 0xe68c81, 0xe69982, 0xe6aca1, 0xe6bb8b, 0xe6b2bb,
    0xe788be, 0xe792bd, 0xe79794, 0xe7a381, 0xe7a4ba, 0xe8808c, 0xe880b3, 0xe887aa, 0xe89294,
    0xe8be9e, 0xe6b190, 0xe9b9bf, 0xe5bc8f, 0xe8ad98, 0xe9b4ab, 0xe7abba, 0xe8bbb8, 0xe5ae8d,
    0xe99bab, 0xe4b883, 0xe58fb1, 0xe59fb7, 0xe5a4b1, 0xe5ab89, 0xe5aea4, 0xe68289, 0xe6b9bf,
    0xe6bc86, 0xe796be, 0xe8b3aa, 0xe5ae9f, 0xe89480, 0xe7afa0, 0xe581b2, 0xe69fb4, 0xe88a9d,
    0xe5b1a1, 0xe8958a, 0xe7b89e, 0xe8888e, 0xe58699, 0xe5b084, 0xe68da8, 0xe8b5a6, 0xe6969c,
    0xe785ae, 0xe7a4be, 0xe7b497, 0xe88085, 0xe8ac9d, 0xe8bb8a, 0xe981ae, 0xe89b87, 0xe982aa,
    0xe5809f, 0xe58bba, 0xe5b0ba, 0xe69d93, 0xe781bc, 0xe788b5, 0xe9858c, 0xe98788, 0xe98cab,
    0xe88ba5, 0xe5af82, 0xe5bcb1, 0xe683b9, 0xe4b8bb, 0xe58f96, 0xe5ae88, 0xe6898b, 0xe69cb1,
    0xe6ae8a, 0xe78ba9, 0xe78fa0, 0xe7a8ae, 0xe885ab, 0xe8b6a3, 0xe98592, 0xe9a696, 0xe58492,
    0xe58f97, 0xe591aa, 0xe5afbf, 0xe68e88, 0xe6a8b9, 0xe7b6ac, 0xe99c80, 0xe59b9a, 0xe58f8e,
    0xe591a8, 0xe5ae97, 0xe5b0b1, 0xe5b79e, 0xe4bfae, 0xe68481, 0xe68bbe, 0xe6b4b2, 0xe7a780,
    0xe7a78b, 0xe7b582, 0xe7b98d, 0xe7bf92, 0xe887ad, 0xe8889f, 0xe89290, 0xe8a186, 0xe8a5b2,
    0xe8ae90, 0xe8b9b4, 0xe8bcaf, 0xe980b1, 0xe9858b, 0xe985ac, 0xe99b86, 0xe9869c, 0xe4bb80,
    0xe4bd8f, 0xe58585, 0xe58d81, 0xe5be93, 0xe6888e, 0xe69f94, 0xe6b181, 0xe6b88b, 0xe78da3,
    0xe7b8a6, 0xe9878d, 0xe98a83, 0xe58f94, 0xe5a499, 0xe5aebf, 0xe6b791, 0xe7a59d, 0xe7b8ae,
    0xe7b29b, 0xe5a1be, 0xe7869f, 0xe587ba, 0xe8a193, 0xe8bfb0, 0xe4bf8a, 0xe5b3bb, 0xe698a5,
    0xe79eac, 0xe7aba3, 0xe8889c, 0xe9a7bf, 0xe58786, 0xe5beaa, 0xe697ac, 0xe6a5af, 0xe6ae89,
    0xe6b7b3, 0xe6ba96, 0xe6bda4, 0xe79bbe, 0xe7b494, 0xe5b7a1, 0xe981b5, 0xe98687, 0xe9a086,
    0xe587a6, 0xe5889d, 0xe68980, 0xe69a91, 0xe69b99, 0xe6b89a, 0xe5bab6, 0xe7b792, 0xe7bdb2,
    0xe69bb8, 0xe896af, 0xe897b7, 0xe8abb8, 0xe58aa9, 0xe58f99, 0xe5a5b3, 0xe5ba8f, 0xe5be90,
    0xe68195, 0xe98ba4, 0xe999a4, 0xe582b7, 0xe5849f, 0xe58b9d, 0xe58ca0, 0xe58d87, 0xe58fac,
    0xe593a8, 0xe59586, 0xe594b1, 0xe59897, 0xe5a5a8, 0xe5a6be, 0xe5a8bc, 0xe5aeb5, 0xe5b086,
    0xe5b08f, 0xe5b091, 0xe5b09a, 0xe5ba84, 0xe5ba8a, 0xe5bba0, 0xe5bdb0, 0xe689bf, 0xe68a84,
    0xe68b9b, 0xe68e8c, 0xe68db7, 0xe69887, 0xe6988c, 0xe698ad, 0xe699b6, 0xe69dbe, 0xe6a2a2,
    0xe6a89f, 0xe6a8b5, 0xe6b2bc, 0xe6b688, 0xe6b889, 0xe6b998, 0xe784bc, 0xe784a6, 0xe785a7,
    0xe79787, 0xe79c81, 0xe7a19d, 0xe7a481, 0xe7a5a5, 0xe7a7b0, 0xe7aba0, 0xe7ac91, 0xe7b2a7,
    0xe7b4b9, 0xe88296, 0xe88f96, 0xe8928b, 0xe89589, 0xe8a19d, 0xe8a3b3, 0xe8a89f, 0xe8a8bc,
    0xe8a994, 0xe8a9b3, 0xe8b1a1, 0xe8b39e, 0xe986a4, 0xe989a6, 0xe98dbe, 0xe99098, 0xe99a9c,
    0xe99e98, 0xe4b88a, 0xe4b888, 0xe4b89e, 0xe4b997, 0xe58697, 0xe589b0, 0xe59f8e, 0xe5a0b4,
    0xe5a38c, 0xe5aca2, 0xe5b8b8, 0xe68385, 0xe693be, 0xe69da1, 0xe69d96, 0xe6b584, 0xe78ab6,
    0xe795b3, 0xe7a9a3, 0xe892b8, 0xe8adb2, 0xe986b8, 0xe98ca0, 0xe598b1, 0xe59fb4, 0xe9a3be,
    0xe68bad, 0xe6a48d, 0xe6ae96, 0xe787ad, 0xe7b994, 0xe881b7, 0xe889b2, 0xe8a7a6, 0xe9a39f,
    0xe89d95, 0xe8beb1, 0xe5b0bb, 0xe4bcb8, 0xe4bfa1, 0xe4beb5, 0xe59487, 0xe5a8a0, 0xe5af9d,
    0xe5afa9, 0xe5bf83, 0xe6858e, 0xe68caf, 0xe696b0, 0xe6998b, 0xe6a3ae, 0xe6a69b, 0xe6b5b8,
    0xe6b7b1, 0xe794b3, 0xe796b9, 0xe79c9f, 0xe7a59e, 0xe7a7a6, 0xe7b4b3, 0xe887a3, 0xe88aaf,
    0xe896aa, 0xe8a6aa, 0xe8a8ba, 0xe8baab, 0xe8be9b, 0xe980b2, 0xe9879d, 0xe99c87, 0xe4baba,
    0xe4bb81, 0xe58883, 0xe5a1b5, 0xe5a3ac, 0xe5b08b, 0xe7949a, 0xe5b0bd, 0xe8858e, 0xe8a88a,
    0xe8bf85, 0xe999a3, 0xe99dad, 0xe7aca5, 0xe8ab8f, 0xe9a088, 0xe985a2, 0xe59bb3, 0xe58ea8,
    0xe98097, 0xe590b9, 0xe59e82, 0xe5b8a5, 0xe68ea8, 0xe6b0b4, 0xe7828a, 0xe79da1, 0xe7b28b,
    0xe7bfa0, 0xe8a1b0, 0xe98182, 0xe98594, 0xe98c90, 0xe98c98, 0xe99a8f, 0xe7919e, 0xe9ab84,
    0xe5b487, 0xe5b5a9, 0xe695b0, 0xe69ea2, 0xe8b6a8, 0xe99b9b, 0xe68dae, 0xe69d89, 0xe6a499,
    0xe88f85, 0xe9a097, 0xe99b80, 0xe8a3be, 0xe6be84, 0xe691ba, 0xe5afb8, 0xe4b896, 0xe780ac,
    0xe7959d, 0xe698af, 0xe58784, 0xe588b6, 0xe58ba2, 0xe5a793, 0xe5be81, 0xe680a7, 0xe68890,
    0xe694bf, 0xe695b4, 0xe6989f, 0xe699b4, 0xe6a3b2, 0xe6a096, 0xe6ada3, 0xe6b885, 0xe789b2,
    0xe7949f, 0xe79b9b, 0xe7b2be, 0xe88196, 0xe5a3b0, 0xe8a3bd, 0xe8a5bf, 0xe8aaa0, 0xe8aa93,
    0xe8ab8b, 0xe9809d, 0xe98692, 0xe99d92, 0xe99d99, 0xe69689, 0xe7a88e, 0xe88486, 0xe99abb,
    0xe5b8ad, 0xe6839c, 0xe6889a, 0xe696a5, 0xe69894, 0xe69e90, 0xe79fb3, 0xe7a98d, 0xe7b18d,
    0xe7b8be, 0xe8848a, 0xe8b2ac, 0xe8b5a4, 0xe8b7a1, 0xe8b99f, 0xe7a2a9, 0xe58887, 0xe68b99,
    0xe68ea5, 0xe69182, 0xe68a98, 0xe8a8ad, 0xe7aa83, 0xe7af80, 0xe8aaac, 0xe99baa, 0xe7b5b6,
    0xe8888c, 0xe89d89, 0xe4bb99, 0xe58588, 0xe58d83, 0xe58da0, 0xe5aea3, 0xe5b082, 0xe5b096,
    0xe5b79d, 0xe688a6, 0xe68987, 0xe692b0, 0xe6a093, 0xe6a0b4, 0xe6b389, 0xe6b585, 0xe6b497,
    0xe69f93, 0xe6bd9c, 0xe7858e, 0xe785bd, 0xe6978b, 0xe7a9bf, 0xe7aead, 0xe7b79a, 0xe7b98a,
    0xe7bea8, 0xe885ba, 0xe8889b, 0xe888b9, 0xe896a6, 0xe8a9ae, 0xe8b38e, 0xe8b7b5, 0xe981b8,
    0xe981b7, 0xe98aad, 0xe98a91, 0xe99683, 0xe9aeae, 0xe5898d, 0xe59684, 0xe6bcb8, 0xe784b6,
    0xe585a8, 0xe7a685, 0xe7b995, 0xe886b3, 0xe7b38e, 0xe5998c, 0xe5a191, 0xe5b2a8, 0xe68eaa,
    0xe69bbe, 0xe69bbd, 0xe6a59a, 0xe78b99, 0xe7968f, 0xe7968e, 0xe7a48e, 0xe7a596, 0xe7a79f,
    0xe7b297, 0xe7b4a0, 0xe7b584, 0xe89887, 0xe8a8b4, 0xe998bb, 0xe981a1, 0xe9bca0, 0xe583a7,
    0xe589b5, 0xe58f8c, 0xe58fa2, 0xe58089, 0xe596aa, 0xe5a3ae, 0xe5a58f, 0xe788bd, 0xe5ae8b,
    0xe5b1a4, 0xe58c9d, 0xe683a3, 0xe683b3, 0xe68d9c, 0xe68e83, 0xe68cbf, 0xe68ebb, 0xe6938d,
    0xe697a9, 0xe69bb9, 0xe5b7a3, 0xe6a78d, 0xe6a7bd, 0xe6bc95, 0xe787a5, 0xe4ba89, 0xe797a9,
    0xe79bb8, 0xe7aa93, 0xe7b39f, 0xe7b78f, 0xe7b69c, 0xe881a1, 0xe88d89, 0xe88d98, 0xe891ac,
    0xe892bc, 0xe897bb, 0xe8a385, 0xe8b5b0, 0xe98081, 0xe981ad, 0xe98e97, 0xe99c9c, 0xe9a892,
    0xe5838f, 0xe5a297, 0xe6868e, 0xe88793, 0xe894b5, 0xe8b488, 0xe980a0, 0xe4bf83, 0xe581b4,
    0xe58987, 0xe58db3, 0xe681af, 0xe68d89, 0xe69d9f, 0xe6b8ac, 0xe8b6b3, 0xe9809f, 0xe4bf97,
    0xe5b19e, 0xe8b38a, 0xe6978f, 0xe7b69a, 0xe58d92, 0xe8a296, 0xe585b6, 0xe68f83, 0xe5ad98,
    0xe5adab, 0xe5b08a, 0xe6908d, 0xe69d91, 0xe9819c, 0xe4bb96, 0xe5a49a, 0xe5a4aa, 0xe6b1b0,
    0xe8a991, 0xe594be, 0xe5a095, 0xe5a6a5, 0xe683b0, 0xe68993, 0xe69f81, 0xe888b5, 0xe6a595,
    0xe99980, 0xe9a784, 0xe9a8a8, 0xe4bd93, 0xe5a086, 0xe5afbe, 0xe88090, 0xe5b2b1, 0xe5b8af,
    0xe5be85, 0xe680a0, 0xe6858b, 0xe688b4, 0xe69bbf, 0xe6b3b0, 0xe6bb9e, 0xe8838e, 0xe885bf,
    0xe88b94, 0xe8a28b, 0xe8b2b8, 0xe98080, 0xe980ae, 0xe99a8a, 0xe9bb9b, 0xe9af9b, 0xe4bba3,
    0xe58fb0, 0xe5a4a7, 0xe7acac, 0xe9868d, 0xe9a18c, 0xe9b7b9, 0xe6bb9d, 0xe780a7, 0xe58d93,
    0xe59584, 0xe5ae85, 0xe68998, 0xe68a9e, 0xe68b93, 0xe6b2a2, 0xe6bfaf, 0xe790a2, 0xe8a897,
    0xe990b8, 0xe6bf81, 0xe8abbe, 0xe88cb8, 0xe587a7, 0xe89bb8, 0xe58faa, 0xe58fa9, 0xe4bd86,
    0xe98194, 0xe8beb0, 0xe5a5aa, 0xe884b1, 0xe5b7bd, 0xe7abaa, 0xe8bebf, 0xe6a39a, 0xe8b0b7,
    0xe78bb8, 0xe9b188, 0xe6a8bd, 0xe8aab0, 0xe4b8b9, 0xe58d98, 0xe59886, 0xe59da6, 0xe68b85,
    0xe68ea2, 0xe697a6, 0xe6ad8e, 0xe6b7a1, 0xe6b99b, 0xe782ad, 0xe79fad, 0xe7abaf, 0xe7aeaa,
    0xe7b6bb, 0xe880bd, 0xe88386, 0xe89b8b, 0xe8aa95, 0xe98d9b, 0xe59ba3, 0xe5a387, 0xe5bcbe,
    0xe696ad, 0xe69a96, 0xe6aa80, 0xe6aeb5, 0xe794b7, 0xe8ab87, 0xe580a4, 0xe79fa5, 0xe59cb0,
    0xe5bc9b, 0xe681a5, 0xe699ba, 0xe6b1a0, 0xe797b4, 0xe7a89a, 0xe7bdae, 0xe887b4, 0xe89c98,
    0xe98185, 0xe9a6b3, 0xe7af89, 0xe7959c, 0xe7abb9, 0xe7ad91, 0xe89384, 0xe98090, 0xe7a7a9,
    0xe7aa92, 0xe88cb6, 0xe5aba1, 0xe79d80, 0xe4b8ad, 0xe4bbb2, 0xe5ae99, 0xe5bfa0, 0xe68abd,
    0xe698bc, 0xe69fb1, 0xe6b3a8, 0xe899ab, 0xe8a1b7, 0xe8a8bb, 0xe9858e, 0xe98bb3, 0xe9a790,
    0xe6a897, 0xe780a6, 0xe78caa, 0xe88ba7, 0xe89197, 0xe8b2af, 0xe4b881, 0xe58586, 0xe5878b,
    0xe5968b, 0xe5afb5, 0xe5b896, 0xe5b8b3, 0xe5ba81, 0xe5bc94, 0xe5bcb5, 0xe5bdab, 0xe5beb4,
    0xe687b2, 0xe68c91, 0xe69aa2, 0xe69c9d, 0xe6bdae, 0xe78992, 0xe794ba, 0xe79cba, 0xe881b4,
    0xe884b9, 0xe885b8, 0xe89db6, 0xe8aabf, 0xe8ab9c, 0xe8b685, 0xe8b7b3, 0xe98a9a, 0xe995b7,
    0xe9a082, 0xe9b3a5, 0xe58b85, 0xe68d97, 0xe79bb4, 0xe69c95, 0xe6b288, 0xe78f8d, 0xe8b383,
    0xe98eae, 0xe999b3, 0xe6b4a5, 0xe5a29c, 0xe6a48e, 0xe6a78c, 0xe8bfbd, 0xe98e9a, 0xe7979b,
    0xe9809a, 0xe5a19a, 0xe6a082, 0xe68eb4, 0xe6a7bb, 0xe4bd83, 0xe6bcac, 0xe69f98, 0xe8bebb,
    0xe894a6, 0xe7b6b4, 0xe98d94, 0xe6a4bf, 0xe6bdb0, 0xe59daa, 0xe5a3b7, 0xe5acac, 0xe7b4ac,
    0xe788aa, 0xe5908a, 0xe987a3, 0xe9b6b4, 0xe4baad, 0xe4bd8e, 0xe5819c, 0xe581b5, 0xe58983,
    0xe8b29e, 0xe59188, 0xe5a0a4, 0xe5ae9a, 0xe5b89d, 0xe5ba95, 0xe5baad, 0xe5bbb7, 0xe5bc9f,
    0xe6828c, 0xe68ab5, 0xe68cba, 0xe68f90, 0xe6a2af, 0xe6b180, 0xe7a287, 0xe7a68e, 0xe7a88b,
    0xe7b7a0, 0xe88987, 0xe8a882, 0xe8aba6, 0xe8b984, 0xe98093, 0xe982b8, 0xe984ad, 0xe98798,
    0xe9bc8e, 0xe6b3a5, 0xe69198, 0xe693a2, 0xe695b5, 0xe6bbb4, 0xe79a84, 0xe7ac9b, 0xe981a9,
    0xe98f91, 0xe6baba, 0xe593b2, 0xe5beb9, 0xe692a4, 0xe8bd8d, 0xe8bfad, 0xe98984, 0xe585b8,
    0xe5a1ab, 0xe5a4a9, 0xe5b195, 0xe5ba97, 0xe6b7bb, 0xe7ba8f, 0xe7949c, 0xe8b2bc, 0xe8bba2,
    0xe9a19b, 0xe782b9, 0xe4bc9d, 0xe6aebf, 0xe6beb1, 0xe794b0, 0xe99bbb, 0xe5858e, 0xe59090,
    0xe5a0b5, 0xe5a197, 0xe5a6ac, 0xe5b1a0, 0xe5be92, 0xe69697, 0xe69d9c, 0xe6b8a1, 0xe799bb,
    0xe88f9f, 0xe8b3ad, 0xe98094, 0xe983bd, 0xe98d8d, 0xe7a0a5, 0xe7a0ba, 0xe58aaa, 0xe5baa6,
    0xe59c9f, 0xe5a5b4, 0xe68092, 0xe58092, 0xe5859a, 0xe586ac, 0xe5878d, 0xe58880, 0xe59490,
    0xe5a194, 0xe5a198, 0xe5a597, 0xe5ae95, 0xe5b3b6, 0xe5b68b, 0xe682bc, 0xe68a95, 0xe690ad,
    0xe69db1, 0xe6a183, 0xe6a2bc, 0xe6a39f, 0xe79b97, 0xe6b798, 0xe6b9af, 0xe6b69b, 0xe781af,
    0xe78788, 0xe5bd93, 0xe79798, 0xe7a5b7, 0xe7ad89, 0xe7ad94, 0xe7ad92, 0xe7b396, 0xe7b5b1,
    0xe588b0, 0xe891a3, 0xe895a9, 0xe897a4, 0xe8a88e, 0xe8ac84, 0xe8b186, 0xe8b88f, 0xe98083,
    0xe9808f, 0xe99099, 0xe999b6, 0xe9a0ad, 0xe9a8b0, 0xe99798, 0xe5838d, 0xe58b95, 0xe5908c,
    0xe5a082, 0xe5b08e, 0xe686a7, 0xe6929e, 0xe6b49e, 0xe79eb3, 0xe7aba5, 0xe883b4, 0xe89084,
    0xe98193, 0xe98a85, 0xe5b3a0, 0xe9b487, 0xe58cbf, 0xe5be97, 0xe5beb3, 0xe6b69c, 0xe789b9,
    0xe79da3, 0xe7a6bf, 0xe7afa4, 0xe6af92, 0xe78bac, 0xe8aaad, 0xe6a083, 0xe6a9a1, 0xe587b8,
    0xe7aa81, 0xe6a4b4, 0xe5b18a, 0xe9b3b6, 0xe88bab, 0xe5af85, 0xe98589, 0xe7809e, 0xe599b8,
    0xe5b1af, 0xe68387, 0xe695a6, 0xe6b28c, 0xe8b19a, 0xe98181, 0xe9a093, 0xe59191, 0xe69b87,
    0xe9888d, 0xe5a588, 0xe982a3, 0xe58685, 0xe4b98d, 0xe587aa, 0xe89699, 0xe8ac8e, 0xe78198,
    0xe68dba, 0xe98d8b, 0xe6a5a2, 0xe9a6b4, 0xe7b884, 0xe795b7, 0xe58d97, 0xe6a5a0, 0xe8bb9f,
    0xe99ba3, 0xe6b19d, 0xe4ba8c, 0xe5b0bc, 0xe5bc90, 0xe8bfa9, 0xe58c82, 0xe8b391, 0xe88289,
    0xe899b9, 0xe5bbbf, 0xe697a5, 0xe4b9b3, 0xe585a5, 0xe5a682, 0xe5b0bf, 0xe99fae, 0xe4bbbb,
    0xe5a68a, 0xe5bf8d, 0xe8aa8d, 0xe6bfa1, 0xe7a6b0, 0xe7a5a2, 0xe5afa7, 0xe891b1, 0xe78cab,
    0xe786b1, 0xe5b9b4, 0xe5bfb5, 0xe68dbb, 0xe6929a, 0xe78783, 0xe7b298, 0xe4b983, 0xe5bbbc,
    0xe4b98b, 0xe59f9c, 0xe59aa2, 0xe682a9, 0xe6bf83, 0xe7b48d, 0xe883bd, 0xe884b3, 0xe886bf,
    0xe8beb2, 0xe8a697, 0xe89aa4, 0xe5b7b4, 0xe68a8a, 0xe692ad, 0xe8a687, 0xe69db7, 0xe6b3a2,
    0xe6b4be, 0xe790b6, 0xe7a0b4, 0xe5a986, 0xe7bdb5, 0xe88aad, 0xe9a6ac, 0xe4bfb3, 0xe5bb83,
    0xe68b9d, 0xe68e92, 0xe69597, 0xe69daf, 0xe79b83, 0xe7898c, 0xe8838c, 0xe882ba, 0xe8bca9,
    0xe9858d, 0xe5808d, 0xe59fb9, 0xe5aa92, 0xe6a285, 0xe6a5b3, 0xe785a4, 0xe78bbd, 0xe8b2b7,
    0xe5a3b2, 0xe8b3a0, 0xe999aa, 0xe98099, 0xe89dbf, 0xe7a7a4, 0xe79fa7, 0xe890a9, 0xe4bcaf,
    0xe589a5, 0xe58d9a, 0xe68b8d, 0xe69f8f, 0xe6b38a, 0xe799bd, 0xe7ae94, 0xe7b295, 0xe888b6,
    0xe89684, 0xe8bfab, 0xe69b9d, 0xe6bca0, 0xe78886, 0xe7b89b, 0xe88eab, 0xe9a781, 0xe9baa6,
    0xe587bd, 0xe7aeb1, 0xe7a1b2, 0xe7aeb8, 0xe88287, 0xe7ad88, 0xe6aba8, 0xe5b9a1, 0xe8828c,
    0xe79591, 0xe795a0, 0xe585ab, 0xe989a2, 0xe6ba8c, 0xe799ba, 0xe98697, 0xe9abaa, 0xe4bc90,
    0xe7bdb0, 0xe68a9c, 0xe7ad8f, 0xe996a5, 0xe9b3a9, 0xe599ba, 0xe5a199, 0xe89ba4, 0xe99abc,
    0xe4bcb4, 0xe588a4, 0xe58d8a, 0xe58f8d, 0xe58f9b, 0xe5b886, 0xe690ac, 0xe69691, 0xe69dbf,
    0xe6b0be, 0xe6b18e, 0xe78988, 0xe78aaf, 0xe78fad, 0xe79594, 0xe7b981, 0xe888ac, 0xe897a9,
    0xe8b2a9, 0xe7af84, 0xe98786, 0xe785a9, 0xe9a092, 0xe9a3af, 0xe68cbd, 0xe699a9, 0xe795aa,
    0xe79ba4, 0xe7a390, 0xe89583, 0xe89bae, 0xe58caa, 0xe58d91, 0xe590a6, 0xe5a683, 0xe5ba87,
    0xe5bdbc, 0xe682b2, 0xe68989, 0xe689b9, 0xe68aab, 0xe69690, 0xe6af94, 0xe6b38c, 0xe796b2,
    0xe79aae, 0xe7a291, 0xe7a798, 0xe7b78b, 0xe7bdb7, 0xe882a5, 0xe8a2ab, 0xe8aab9, 0xe8b2bb,
    0xe981bf, 0xe99d9e, 0xe9a39b, 0xe6a88b, 0xe7b0b8, 0xe58299, 0xe5b0be, 0xe5beae, 0xe69e87,
    0xe6af98, 0xe790b5, 0xe79c89, 0xe7be8e, 0xe9bcbb, 0xe69f8a, 0xe7a897, 0xe58cb9, 0xe7968b,
    0xe9abad, 0xe5bda6, 0xe8869d, 0xe88fb1, 0xe88298, 0xe5bcbc, 0xe5bf85, 0xe795a2, 0xe7ad86,
    0xe980bc, 0xe6a1a7, 0xe5a7ab, 0xe5aa9b, 0xe7b490, 0xe799be, 0xe8acac, 0xe4bfb5, 0xe5bdaa,
    0xe6a899, 0xe6b0b7, 0xe6bc82, 0xe793a2, 0xe7a5a8, 0xe8a1a8, 0xe8a995, 0xe8b1b9, 0xe5bb9f,
    0xe68f8f, 0xe79785, 0xe7a792, 0xe88b97, 0xe98ca8, 0xe98bb2, 0xe8929c, 0xe89bad, 0xe9b0ad,
    0xe59381, 0xe5bdac, 0xe6968c, 0xe6b59c, 0xe78095, 0xe8b2a7, 0xe8b393, 0xe9a0bb, 0xe6958f,
    0xe793b6, 0xe4b88d, 0xe4bb98, 0xe59fa0, 0xe5a4ab, 0xe5a9a6, 0xe5af8c, 0xe586a8, 0xe5b883,
    0xe5ba9c, 0xe68096, 0xe689b6, 0xe695b7, 0xe696a7, 0xe699ae, 0xe6b5ae, 0xe788b6, 0xe7aca6,
    0xe88590, 0xe8869a, 0xe88a99, 0xe8ad9c, 0xe8b2a0, 0xe8b3a6, 0xe8b5b4, 0xe9989c, 0xe99984,
    0xe4beae, 0xe692ab, 0xe6ada6, 0xe8889e, 0xe891a1, 0xe895aa, 0xe983a8, 0xe5b081, 0xe6a593,
    0xe9a2a8, 0xe891ba, 0xe89597, 0xe4bc8f, 0xe589af, 0xe5bea9, 0xe5b985, 0xe69c8d, 0xe7a68f,
    0xe885b9, 0xe8a487, 0xe8a686, 0xe6b7b5, 0xe5bc97, 0xe68995, 0xe6b2b8, 0xe4bb8f, 0xe789a9,
    0xe9ae92, 0xe58886, 0xe590bb, 0xe599b4, 0xe5a2b3, 0xe686a4, 0xe689ae, 0xe7849a, 0xe5a5ae,
    0xe7b289, 0xe7b39e, 0xe7b49b, 0xe99bb0, 0xe69687, 0xe8819e, 0xe4b899, 0xe4bdb5, 0xe585b5,
    0xe5a180, 0xe5b9a3, 0xe5b9b3, 0xe5bc8a, 0xe69f84, 0xe4b8a6, 0xe894bd, 0xe99689, 0xe9999b,
    0xe7b1b3, 0xe9a081, 0xe583bb, 0xe5a381, 0xe79996, 0xe7a2a7, 0xe588a5, 0xe79ea5, 0xe89491,
    0xe7ae86, 0xe5818f, 0xe5a489, 0xe78987, 0xe7af87, 0xe7b7a8, 0xe8beba, 0xe8bf94, 0xe9818d,
    0xe4bebf, 0xe58b89, 0xe5a8a9, 0xe5bc81, 0xe99ead, 0xe4bf9d, 0xe88897, 0xe98baa, 0xe59c83,
    0xe68d95, 0xe6ada9, 0xe794ab, 0xe8a39c, 0xe8bc94, 0xe7a982, 0xe58b9f, 0xe5a293, 0xe68595,
    0xe6888a, 0xe69aae, 0xe6af8d, 0xe7b0bf, 0xe88fa9, 0xe580a3, 0xe4bfb8, 0xe58c85, 0xe59186,
    0xe5a0b1, 0xe5a589, 0xe5ae9d, 0xe5b3b0, 0xe5b3af, 0xe5b4a9, 0xe5ba96, 0xe68ab1, 0xe68da7,
    0xe694be, 0xe696b9, 0xe69c8b, 0xe6b395, 0xe6b3a1, 0xe783b9, 0xe7a0b2, 0xe7b8ab, 0xe8839e,
    0xe88ab3, 0xe8908c, 0xe893ac, 0xe89c82, 0xe8a492, 0xe8a8aa, 0xe8b18a, 0xe982a6, 0xe98b92,
    0xe9a3bd, 0xe9b3b3, 0xe9b5ac, 0xe4b98f, 0xe4baa1, 0xe5828d, 0xe58996, 0xe59d8a, 0xe5a6a8,
    0xe5b8bd, 0xe5bf98, 0xe5bf99, 0xe688bf, 0xe69ab4, 0xe69c9b, 0xe69f90, 0xe6a392, 0xe58692,
    0xe7b4a1, 0xe882aa, 0xe886a8, 0xe8ac80, 0xe8b28c, 0xe8b2bf, 0xe989be, 0xe998b2, 0xe590a0,
    0xe9a0ac, 0xe58c97, 0xe58395, 0xe58d9c, 0xe5a2a8, 0xe692b2, 0xe69cb4, 0xe789a7, 0xe79da6,
    0xe7a986, 0xe987a6, 0xe58b83, 0xe6b2a1, 0xe6ae86, 0xe5a080, 0xe5b98c, 0xe5a594, 0xe69cac,
    0xe7bfbb, 0xe587a1, 0xe79b86, 0xe691a9, 0xe7a3a8, 0xe9ad94, 0xe9babb, 0xe59f8b, 0xe5a6b9,
    0xe698a7, 0xe69e9a, 0xe6af8e, 0xe593a9, 0xe6a799, 0xe5b995, 0xe8869c, 0xe69e95, 0xe9aeaa,
    0xe69fbe, 0xe9b192, 0xe6a19d, 0xe4baa6, 0xe4bfa3, 0xe58f88, 0xe68ab9, 0xe69cab, 0xe6b2ab,
    0xe8bf84, 0xe4bead, 0xe7b9ad, 0xe9babf, 0xe4b887, 0xe685a2, 0xe6ba80, 0xe6bcab, 0xe89493,
    0xe591b3, 0xe69caa, 0xe9ad85, 0xe5b7b3, 0xe7ae95, 0xe5b2ac, 0xe5af86, 0xe89c9c, 0xe6b98a,
    0xe89391, 0xe7a894, 0xe88488, 0xe5a699, 0xe7b28d, 0xe6b091, 0xe79ca0, 0xe58b99, 0xe5a4a2,
    0xe784a1, 0xe7899f, 0xe79f9b, 0xe99ca7, 0xe9b5a1, 0xe6a48b, 0xe5a9bf, 0xe5a898, 0xe586a5,
    0xe5908d, 0xe591bd, 0xe6988e, 0xe79b9f, 0xe8bfb7, 0xe98a98, 0xe9b3b4, 0xe5a7aa, 0xe7899d,
    0xe6bb85, 0xe5858d, 0xe6a389, 0xe7b6bf, 0xe7b7ac, 0xe99da2, 0xe9baba, 0xe691b8, 0xe6a8a1,
    0xe88c82, 0xe5a684, 0xe5ad9f, 0xe6af9b, 0xe78c9b, 0xe79bb2, 0xe7b6b2, 0xe88097, 0xe89299,
    0xe584b2, 0xe69ca8, 0xe9bb99, 0xe79bae, 0xe69da2, 0xe58bbf, 0xe9a485, 0xe5b0a4, 0xe688bb,
    0xe7b1be, 0xe8b2b0, 0xe5958f, 0xe682b6, 0xe7b48b, 0xe99680, 0xe58c81, 0xe4b99f, 0xe586b6,
    0xe5a49c, 0xe788ba, 0xe880b6, 0xe9878e, 0xe5bca5, 0xe79fa2, 0xe58e84, 0xe5bdb9, 0xe7b484,
    0xe896ac, 0xe8a8b3, 0xe8ba8d, 0xe99d96, 0xe69fb3, 0xe896ae, 0xe99193, 0xe68489, 0xe68488,
    0xe6b2b9, 0xe79992, 0xe8abad, 0xe8bcb8, 0xe594af, 0xe4bd91, 0xe584aa, 0xe58b87, 0xe58f8b,
    0xe5aea5, 0xe5b9bd, 0xe682a0, 0xe68682, 0xe68f96, 0xe69c89, 0xe69f9a, 0xe6b9a7, 0xe6b68c,
    0xe78cb6, 0xe78cb7, 0xe794b1, 0xe7a590, 0xe8a395, 0xe8aa98, 0xe9818a, 0xe98291, 0xe983b5,
    0xe99b84, 0xe89e8d, 0xe5a495, 0xe4ba88, 0xe4bd99, 0xe4b88e, 0xe8aa89, 0xe8bcbf, 0xe9a090,
    0xe582ad, 0xe5b9bc, 0xe5a696, 0xe5aeb9, 0xe5bab8, 0xe68f9a, 0xe68fba, 0xe69381, 0xe69b9c,
    0xe6a58a, 0xe6a798, 0xe6b48b, 0xe6bab6, 0xe78694, 0xe794a8, 0xe7aaaf, 0xe7be8a, 0xe88080,
    0xe89189, 0xe89389, 0xe8a681, 0xe8aca1, 0xe8b88a, 0xe981a5, 0xe999bd, 0xe9a48a, 0xe685be,
    0xe68a91, 0xe6acb2, 0xe6b283, 0xe6b5b4, 0xe7bf8c, 0xe7bfbc, 0xe6b780, 0xe7be85, 0xe89eba,
    0xe8a3b8, 0xe69da5, 0xe88eb1, 0xe9a0bc, 0xe99bb7, 0xe6b49b, 0xe7b5a1, 0xe890bd, 0xe985aa,
    0xe4b9b1, 0xe58db5, 0xe5b590, 0xe6ac84, 0xe6bfab, 0xe8978d, 0xe898ad, 0xe8a6a7, 0xe588a9,
    0xe5908f, 0xe5b1a5, 0xe69d8e, 0xe6a2a8, 0xe79086, 0xe79283, 0xe797a2, 0xe8a38f, 0xe8a3a1,
    0xe9878c, 0xe99ba2, 0xe999b8, 0xe5be8b, 0xe78e87, 0xe7ab8b, 0xe8918e, 0xe68ea0, 0xe795a5,
    0xe58a89, 0xe6b581, 0xe6ba9c, 0xe79089, 0xe79599, 0xe7a1ab, 0xe7b292, 0xe99a86, 0xe7ab9c,
    0xe9be8d, 0xe4beb6, 0xe685ae, 0xe69785, 0xe8999c, 0xe4ba86, 0xe4baae, 0xe5839a, 0xe4b8a1,
    0xe5878c, 0xe5afae, 0xe69699, 0xe6a281, 0xe6b6bc, 0xe78c9f, 0xe79982, 0xe79ead, 0xe7a89c,
    0xe7b3a7, 0xe889af, 0xe8ab92, 0xe981bc, 0xe9878f, 0xe999b5, 0xe9a098, 0xe58a9b, 0xe7b791,
    0xe580ab, 0xe58e98, 0xe69e97, 0xe6b78b, 0xe78790, 0xe790b3, 0xe887a8, 0xe8bcaa, 0xe99aa3,
    0xe9b197, 0xe9ba9f, 0xe791a0, 0xe5a181, 0xe6b699, 0xe7b4af, 0xe9a19e, 0xe4bba4, 0xe4bcb6,
    0xe4be8b, 0xe586b7, 0xe58ab1, 0xe5b6ba, 0xe6809c, 0xe78eb2, 0xe7a4bc, 0xe88b93, 0xe988b4,
    0xe99ab7, 0xe99bb6, 0xe99c8a, 0xe9ba97, 0xe9bda2, 0xe69aa6, 0xe6adb4, 0xe58897, 0xe58aa3,
    0xe78388, 0xe8a382, 0xe5bb89, 0xe6818b, 0xe68690, 0xe6bca3, 0xe78589, 0xe7b0be, 0xe7b7b4,
    0xe881af, 0xe893ae, 0xe980a3, 0xe98cac, 0xe59182, 0xe9adaf, 0xe6ab93, 0xe78289, 0xe8b382,
    0xe8b7af, 0xe99cb2, 0xe58ab4, 0xe5a981, 0xe5bb8a, 0xe5bc84, 0xe69c97, 0xe6a5bc, 0xe6a694,
    0xe6b5aa, 0xe6bc8f, 0xe789a2, 0xe78bbc, 0xe7afad, 0xe88081, 0xe881be, 0xe89d8b, 0xe9838e,
    0xe585ad, 0xe9ba93, 0xe7a684, 0xe8828b, 0xe98cb2, 0xe8ab96, 0xe580ad, 0xe5928c, 0xe8a9b1,
    0xe6adaa, 0xe8b384, 0xe88487, 0xe68391, 0xe69ea0, 0xe9b7b2, 0xe4ba99, 0xe4ba98, 0xe9b090,
    0xe8a9ab, 0xe89781, 0xe895a8, 0xe6a480, 0xe6b9be, 0xe7a297, 0xe88595, 0x000000, 0x000000,
    0x000000, 0x000000, 0x000000, 0x000000, 0x000000, 0x000000, 0x000000, 0x000000, 0x000000,
    0x000000, 0x000000, 0x000000, 0x000000, 0x000000, 0x000000, 0x000000, 0x000000, 0x000000,
    0x000000, 0x000000, 0x000000, 0x000000, 0x000000, 0x000000, 0x000000, 0x000000, 0x000000,
    0x000000, 0x000000, 0x000000, 0x000000, 0x000000, 0x000000, 0x000000, 0x000000, 0x000000,
    0x000000, 0x000000, 0x000000, 0x000000, 0x000000, 0xe5bc8c, 0xe4b890, 0xe4b895, 0xe4b8aa,
    0xe4b8b1, 0xe4b8b6, 0xe4b8bc, 0xe4b8bf, 0xe4b982, 0xe4b996, 0xe4b998, 0xe4ba82, 0xe4ba85,
    0xe8b1ab, 0xe4ba8a, 0xe88892, 0xe5bc8d, 0xe4ba8e, 0xe4ba9e, 0xe4ba9f, 0xe4baa0, 0xe4baa2,
    0xe4bab0, 0xe4bab3, 0xe4bab6, 0xe4bb8e, 0xe4bb8d, 0xe4bb84, 0xe4bb86, 0xe4bb82, 0xe4bb97,
    0xe4bb9e, 0xe4bbad, 0xe4bb9f, 0xe4bbb7, 0xe4bc89, 0xe4bd9a, 0xe4bcb0, 0xe4bd9b, 0xe4bd9d,
    0xe4bd97, 0xe4bd87, 0xe4bdb6, 0xe4be88, 0xe4be8f, 0xe4be98, 0xe4bdbb, 0xe4bda9, 0xe4bdb0,
    0xe4be91, 0xe4bdaf, 0xe4be86, 0xe4be96, 0xe58498, 0xe4bf94, 0xe4bf9f, 0xe4bf8e, 0xe4bf98,
    0xe4bf9b, 0xe4bf91, 0xe4bf9a, 0xe4bf90, 0xe4bfa4, 0xe4bfa5, 0xe5809a, 0xe580a8, 0xe58094,
    0xe580aa, 0xe580a5, 0xe58085, 0xe4bc9c, 0xe4bfb6, 0xe580a1, 0xe580a9, 0xe580ac, 0xe4bfbe,
    0xe4bfaf, 0xe58091, 0xe58086, 0xe58183, 0xe58187, 0xe69c83, 0xe58195, 0xe58190, 0xe58188,
    0xe5819a, 0xe58196, 0xe581ac, 0xe581b8, 0xe58280, 0xe5829a, 0xe58285, 0xe582b4, 0xe582b2,
    0xe58389, 0xe5838a, 0xe582b3, 0xe58382, 0xe58396, 0xe5839e, 0xe583a5, 0xe583ad, 0xe583a3,
    0xe583ae, 0xe583b9, 0xe583b5, 0xe58489, 0xe58481, 0xe58482, 0xe58496, 0xe58495, 0xe58494,
    0xe5849a, 0xe584a1, 0xe584ba, 0xe584b7, 0xe584bc, 0xe584bb, 0xe584bf, 0xe58580, 0xe58592,
    0xe5858c, 0xe58594, 0xe585a2, 0xe7abb8, 0xe585a9, 0xe585aa, 0xe585ae, 0xe58680, 0xe58682,
    0xe59b98, 0xe5868c, 0xe58689, 0xe5868f, 0xe58691, 0xe58693, 0xe58695, 0xe58696, 0xe586a4,
    0xe586a6, 0xe586a2, 0xe586a9, 0xe586aa, 0xe586ab, 0xe586b3, 0xe586b1, 0xe586b2, 0xe586b0,
    0xe586b5, 0xe586bd, 0xe58785, 0xe58789, 0xe5879b, 0xe587a0, 0xe89995, 0xe587a9, 0xe587ad,
    0xe587b0, 0xe587b5, 0xe587be, 0xe58884, 0xe5888b, 0xe58894, 0xe5888e, 0xe588a7, 0xe588aa,
    0xe588ae, 0xe588b3, 0xe588b9, 0xe5898f, 0xe58984, 0xe5898b, 0xe5898c, 0xe5899e, 0xe58994,
    0xe589aa, 0xe589b4, 0xe589a9, 0xe589b3, 0xe589bf, 0xe589bd, 0xe58a8d, 0xe58a94, 0xe58a92,
    0xe589b1, 0xe58a88, 0xe58a91, 0xe8bea8, 0xe8bea7, 0xe58aac, 0xe58aad, 0xe58abc, 0xe58ab5,
    0xe58b81, 0xe58b8d, 0xe58b97, 0xe58b9e, 0xe58ba3, 0xe58ba6, 0xe9a3ad, 0xe58ba0, 0xe58bb3,
    0xe58bb5, 0xe58bb8, 0xe58bb9, 0xe58c86, 0xe58c88, 0xe794b8, 0xe58c8d, 0xe58c90, 0xe58c8f,
    0xe58c95, 0xe58c9a, 0xe58ca3, 0xe58caf, 0xe58cb1, 0xe58cb3, 0xe58cb8, 0xe58d80, 0xe58d86,
    0xe58d85, 0xe4b897, 0xe58d89, 0xe58d8d, 0xe58796, 0xe58d9e, 0xe58da9, 0xe58dae, 0xe5a498,
    0xe58dbb, 0xe58db7, 0xe58e82, 0xe58e96, 0xe58ea0, 0xe58ea6, 0xe58ea5, 0xe58eae, 0xe58eb0,
    0xe58eb6, 0xe58f83, 0xe7b092, 0xe99b99, 0xe58f9f, 0xe69bbc, 0xe787ae, 0xe58fae, 0xe58fa8,
    0xe58fad, 0xe58fba, 0xe59081, 0xe590bd, 0xe59180, 0xe590ac, 0xe590ad, 0xe590bc, 0xe590ae,
    0xe590b6, 0xe590a9, 0xe5909d, 0xe5918e, 0xe5928f, 0xe591b5, 0xe5928e, 0xe5919f, 0xe591b1,
    0xe591b7, 0xe591b0, 0xe59292, 0xe591bb, 0xe59280, 0xe591b6, 0xe59284, 0xe59290, 0xe59286,
    0xe59387, 0xe592a2, 0xe592b8, 0xe592a5, 0xe592ac, 0xe59384, 0xe59388, 0xe592a8, 0xe592ab,
    0xe59382, 0xe592a4, 0xe592be, 0xe592bc, 0xe59398, 0xe593a5, 0xe593a6, 0xe5948f, 0xe59494,
    0xe593bd, 0xe593ae, 0xe593ad, 0xe593ba, 0xe593a2, 0xe594b9, 0xe59580, 0xe595a3, 0xe5958c,
    0xe594ae, 0xe5959c, 0xe59585, 0xe59596, 0xe59597, 0xe594b8, 0xe594b3, 0xe5959d, 0xe59699,
    0xe59680, 0xe592af, 0xe5968a, 0xe5969f, 0xe595bb, 0xe595be, 0xe59698, 0xe5969e, 0xe596ae,
    0xe595bc, 0xe59683, 0xe596a9, 0xe59687, 0xe596a8, 0xe5979a, 0xe59785, 0xe5979f, 0xe59784,
    0xe5979c, 0xe597a4, 0xe59794, 0xe59894, 0xe597b7, 0xe59896, 0xe597be, 0xe597bd, 0xe5989b,
    0xe597b9, 0xe5998e, 0xe59990, 0xe7879f, 0xe598b4, 0xe598b6, 0xe598b2, 0xe598b8, 0xe599ab,
    0xe599a4, 0xe598af, 0xe599ac, 0xe599aa, 0xe59a86, 0xe59a80, 0xe59a8a, 0xe59aa0, 0xe59a94,
    0xe59a8f, 0xe59aa5, 0xe59aae, 0xe59ab6, 0xe59ab4, 0xe59b82, 0xe59abc, 0xe59b81, 0xe59b83,
    0xe59b80, 0xe59b88, 0xe59b8e, 0xe59b91, 0xe59b93, 0xe59b97, 0xe59bae, 0xe59bb9, 0xe59c80,
    0xe59bbf, 0xe59c84, 0xe59c89, 0xe59c88, 0xe59c8b, 0xe59c8d, 0xe59c93, 0xe59c98, 0xe59c96,
    0xe59787, 0xe59c9c, 0xe59ca6, 0xe59cb7, 0xe59cb8, 0xe59d8e, 0xe59cbb, 0xe59d80, 0xe59d8f,
    0xe59da9, 0xe59f80, 0xe59e88, 0xe59da1, 0xe59dbf, 0xe59e89, 0xe59e93, 0xe59ea0, 0xe59eb3,
    0xe59ea4, 0xe59eaa, 0xe59eb0, 0xe59f83, 0xe59f86, 0xe59f94, 0xe59f92, 0xe59f93, 0xe5a08a,
    0xe59f96, 0xe59fa3, 0xe5a08b, 0xe5a099, 0xe5a09d, 0xe5a1b2, 0xe5a0a1, 0xe5a1a2, 0xe5a18b,
    0xe5a1b0, 0xe6af80, 0xe5a192, 0xe5a0bd, 0xe5a1b9, 0xe5a285, 0xe5a2b9, 0xe5a29f, 0xe5a2ab,
    0xe5a2ba, 0xe5a39e, 0xe5a2bb, 0xe5a2b8, 0xe5a2ae, 0xe5a385, 0xe5a393, 0xe5a391, 0xe5a397,
    0xe5a399, 0xe5a398, 0xe5a3a5, 0xe5a39c, 0xe5a3a4, 0xe5a39f, 0xe5a3af, 0xe5a3ba, 0xe5a3b9,
    0xe5a3bb, 0xe5a3bc, 0xe5a3bd, 0xe5a482, 0xe5a48a, 0xe5a490, 0xe5a49b, 0xe6a2a6, 0xe5a4a5,
    0xe5a4ac, 0xe5a4ad, 0xe5a4b2, 0xe5a4b8, 0xe5a4be, 0xe7ab92, 0xe5a595, 0xe5a590, 0xe5a58e,
    0xe5a59a, 0xe5a598, 0xe5a5a2, 0xe5a5a0, 0xe5a5a7, 0xe5a5ac, 0xe5a5a9, 0xe5a5b8, 0xe5a681,
    0xe5a69d, 0xe4bd9e, 0xe4beab, 0xe5a6a3, 0xe5a6b2, 0xe5a786, 0xe5a7a8, 0xe5a79c, 0xe5a68d,
    0xe5a799, 0xe5a79a, 0xe5a8a5, 0xe5a89f, 0xe5a891, 0xe5a89c, 0xe5a889, 0xe5a89a, 0xe5a980,
    0xe5a9ac, 0xe5a989, 0xe5a8b5, 0xe5a8b6, 0xe5a9a2, 0xe5a9aa, 0xe5aa9a, 0xe5aabc, 0xe5aabe,
    0xe5ab8b, 0xe5ab82, 0xe5aabd, 0xe5aba3, 0xe5ab97, 0xe5aba6, 0xe5aba9, 0xe5ab96, 0xe5abba,
    0xe5abbb, 0xe5ac8c, 0xe5ac8b, 0xe5ac96, 0xe5acb2, 0xe5ab90, 0xe5acaa, 0xe5acb6, 0xe5acbe,
    0xe5ad83, 0xe5ad85, 0xe5ad80, 0xe5ad91, 0xe5ad95, 0xe5ad9a, 0xe5ad9b, 0xe5ada5, 0xe5ada9,
    0xe5adb0, 0xe5adb3, 0xe5adb5, 0xe5adb8, 0xe69688, 0xe5adba, 0xe5ae80, 0xe5ae83, 0xe5aea6,
    0xe5aeb8, 0xe5af83, 0xe5af87, 0xe5af89, 0xe5af94, 0xe5af90, 0xe5afa4, 0xe5afa6, 0xe5afa2,
    0xe5af9e, 0xe5afa5, 0xe5afab, 0xe5afb0, 0xe5afb6, 0xe5afb3, 0xe5b085, 0xe5b087, 0xe5b088,
    0xe5b08d, 0xe5b093, 0xe5b0a0, 0xe5b0a2, 0xe5b0a8, 0xe5b0b8, 0xe5b0b9, 0xe5b181, 0xe5b186,
    0xe5b18e, 0xe5b193, 0xe5b190, 0xe5b18f, 0xe5adb1, 0xe5b1ac, 0xe5b1ae, 0xe4b9a2, 0xe5b1b6,
    0xe5b1b9, 0xe5b28c, 0xe5b291, 0xe5b294, 0xe5a69b, 0xe5b2ab, 0xe5b2bb, 0xe5b2b6, 0xe5b2bc,
    0xe5b2b7, 0xe5b385, 0xe5b2be, 0xe5b387, 0xe5b399, 0xe5b3a9, 0xe5b3bd, 0xe5b3ba, 0xe5b3ad,
    0xe5b68c, 0xe5b3aa, 0xe5b48b, 0xe5b495, 0xe5b497, 0xe5b59c, 0xe5b49f, 0xe5b49b, 0xe5b491,
    0xe5b494, 0xe5b4a2, 0xe5b49a, 0xe5b499, 0xe5b498, 0xe5b58c, 0xe5b592, 0xe5b58e, 0xe5b58b,
    0xe5b5ac, 0xe5b5b3, 0xe5b5b6, 0xe5b687, 0xe5b684, 0xe5b682, 0xe5b6a2, 0xe5b69d, 0xe5b6ac,
    0xe5b6ae, 0xe5b6bd, 0xe5b690, 0xe5b6b7, 0xe5b6bc, 0xe5b789, 0xe5b78d, 0xe5b793, 0xe5b792,
    0xe5b796, 0xe5b79b, 0xe5b7ab, 0xe5b7b2, 0xe5b7b5, 0xe5b88b, 0xe5b89a, 0xe5b899, 0xe5b891,
    0xe5b89b, 0xe5b8b6, 0xe5b8b7, 0xe5b984, 0xe5b983, 0xe5b980, 0xe5b98e, 0xe5b997, 0xe5b994,
    0xe5b99f, 0xe5b9a2, 0xe5b9a4, 0xe5b987, 0xe5b9b5, 0xe5b9b6, 0xe5b9ba, 0xe9babc, 0xe5b9bf,
    0xe5baa0, 0xe5bb81, 0xe5bb82, 0xe5bb88, 0xe5bb90, 0xe5bb8f, 0xe5bb96, 0xe5bba3, 0xe5bb9d,
    0xe5bb9a, 0xe5bb9b, 0xe5bba2, 0xe5bba1, 0xe5bba8, 0xe5bba9, 0xe5bbac, 0xe5bbb1, 0xe5bbb3,
    0xe5bbb0, 0xe5bbb4, 0xe5bbb8, 0xe5bbbe, 0xe5bc83, 0xe5bc89, 0xe5bd9d, 0xe5bd9c, 0xe5bc8b,
    0xe5bc91, 0xe5bc96, 0xe5bca9, 0xe5bcad, 0xe5bcb8, 0xe5bd81, 0xe5bd88, 0xe5bd8c, 0xe5bd8e,
    0xe5bcaf, 0xe5bd91, 0xe5bd96, 0xe5bd97, 0xe5bd99, 0xe5bda1, 0xe5bdad, 0xe5bdb3, 0xe5bdb7,
    0xe5be83, 0xe5be82, 0xe5bdbf, 0xe5be8a, 0xe5be88, 0xe5be91, 0xe5be87, 0xe5be9e, 0xe5be99,
    0xe5be98, 0xe5bea0, 0xe5bea8, 0xe5bead, 0xe5bebc, 0xe5bf96, 0xe5bfbb, 0xe5bfa4, 0xe5bfb8,
    0xe5bfb1, 0xe5bf9d, 0xe682b3, 0xe5bfbf, 0xe680a1, 0xe681a0, 0xe68099, 0xe68090, 0xe680a9,
    0xe6808e, 0xe680b1, 0xe6809b, 0xe68095, 0xe680ab, 0xe680a6, 0xe6808f, 0xe680ba, 0xe6819a,
    0xe68181, 0xe681aa, 0xe681b7, 0xe6819f, 0xe6818a, 0xe68186, 0xe6818d, 0xe681a3, 0xe68183,
    0xe681a4, 0xe68182, 0xe681ac, 0xe681ab, 0xe68199, 0xe68281, 0xe6828d, 0xe683a7, 0xe68283,
    0xe6829a, 0xe68284, 0xe6829b, 0xe68296, 0xe68297, 0xe68292, 0xe682a7, 0xe6828b, 0xe683a1,
    0xe682b8, 0xe683a0, 0xe68393, 0xe682b4, 0xe5bfb0, 0xe682bd, 0xe68386, 0xe682b5, 0xe68398,
    0xe6858d, 0xe68495, 0xe68486, 0xe683b6, 0xe683b7, 0xe68480, 0xe683b4, 0xe683ba, 0xe68483,
    0xe684a1, 0xe683bb, 0xe683b1, 0xe6848d, 0xe6848e, 0xe68587, 0xe684be, 0xe684a8, 0xe684a7,
    0xe6858a, 0xe684bf, 0xe684bc, 0xe684ac, 0xe684b4, 0xe684bd, 0xe68582, 0xe68584, 0xe685b3,
    0xe685b7, 0xe68598, 0xe68599, 0xe6859a, 0xe685ab, 0xe685b4, 0xe685af, 0xe685a5, 0xe685b1,
    0xe6859f, 0xe6859d, 0xe68593, 0xe685b5, 0xe68699, 0xe68696, 0xe68687, 0xe686ac, 0xe68694,
    0xe6869a, 0xe6868a, 0xe68691, 0xe686ab, 0xe686ae, 0xe6878c, 0xe6878a, 0xe68789, 0xe687b7,
    0xe68788, 0xe68783, 0xe68786, 0xe686ba, 0xe6878b, 0xe7bdb9, 0xe6878d, 0xe687a6, 0xe687a3,
    0xe687b6, 0xe687ba, 0xe687b4, 0xe687bf, 0xe687bd, 0xe687bc, 0xe687be, 0xe68880, 0xe68888,
    0xe68889, 0xe6888d, 0xe6888c, 0xe68894, 0xe6889b, 0xe6889e, 0xe688a1, 0xe688aa, 0xe688ae,
    0xe688b0, 0xe688b2, 0xe688b3, 0xe68981, 0xe6898e, 0xe6899e, 0xe689a3, 0xe6899b, 0xe689a0,
    0xe689a8, 0xe689bc, 0xe68a82, 0xe68a89, 0xe689be, 0xe68a92, 0xe68a93, 0xe68a96, 0xe68b94,
    0xe68a83, 0xe68a94, 0xe68b97, 0xe68b91, 0xe68abb, 0xe68b8f, 0xe68bbf, 0xe68b86, 0xe69394,
    0xe68b88, 0xe68b9c, 0xe68b8c, 0xe68b8a, 0xe68b82, 0xe68b87, 0xe68a9b, 0xe68b89, 0xe68c8c,
    0xe68bae, 0xe68bb1, 0xe68ca7, 0xe68c82, 0xe68c88, 0xe68baf, 0xe68bb5, 0xe68d90, 0xe68cbe,
    0xe68d8d, 0xe6909c, 0xe68d8f, 0xe68e96, 0xe68e8e, 0xe68e80, 0xe68eab, 0xe68db6, 0xe68ea3,
    0xe68e8f, 0xe68e89, 0xe68e9f, 0xe68eb5, 0xe68dab, 0xe68da9, 0xe68ebe, 0xe68fa9, 0xe68f80,
    0xe68f86, 0xe68fa3, 0xe68f89, 0xe68f92, 0xe68fb6, 0xe68f84, 0xe69096, 0xe690b4, 0xe69086,
    0xe69093, 0xe690a6, 0xe690b6, 0xe6949d, 0xe69097, 0xe690a8, 0xe6908f, 0xe691a7, 0xe691af,
    0xe691b6, 0xe6918e, 0xe694aa, 0xe69295, 0xe69293, 0xe692a5, 0xe692a9, 0xe69288, 0xe692bc,
    0xe6939a, 0xe69392, 0xe69385, 0xe69387, 0xe692bb, 0xe69398, 0xe69382, 0xe693b1, 0xe693a7,
    0xe88889, 0xe693a0, 0xe693a1, 0xe68aac, 0xe693a3, 0xe693af, 0xe694ac, 0xe693b6, 0xe693b4,
    0xe693b2, 0xe693ba, 0xe69480, 0xe693bd, 0xe69498, 0xe6949c, 0xe69485, 0xe694a4, 0xe694a3,
    0xe694ab, 0xe694b4, 0xe694b5, 0xe694b7, 0xe694b6, 0xe694b8, 0xe7958b, 0xe69588, 0xe69596,
    0xe69595, 0xe6958d, 0xe69598, 0xe6959e, 0xe6959d, 0xe695b2, 0xe695b8, 0xe69682, 0xe69683,
    0xe8ae8a, 0xe6969b, 0xe6969f, 0xe696ab, 0xe696b7, 0xe69783, 0xe69786, 0xe69781, 0xe69784,
    0xe6978c, 0xe69792, 0xe6979b, 0xe69799, 0xe697a0, 0xe697a1, 0xe697b1, 0xe69db2, 0xe6988a,
    0xe69883, 0xe697bb, 0xe69db3, 0xe698b5, 0xe698b6, 0xe698b4, 0xe6989c, 0xe6998f, 0xe69984,
    0xe69989, 0xe69981, 0xe6999e, 0xe6999d, 0xe699a4, 0xe699a7, 0xe699a8, 0xe6999f, 0xe699a2,
    0xe699b0, 0xe69a83, 0xe69a88, 0xe69a8e, 0xe69a89, 0xe69a84, 0xe69a98, 0xe69a9d, 0xe69b81,
    0xe69ab9, 0xe69b89, 0xe69abe, 0xe69abc, 0xe69b84, 0xe69ab8, 0xe69b96, 0xe69b9a, 0xe69ba0,
    0xe698bf, 0xe69ba6, 0xe69ba9, 0xe69bb0, 0xe69bb5, 0xe69bb7, 0xe69c8f, 0xe69c96, 0xe69c9e,
    0xe69ca6, 0xe69ca7, 0xe99cb8, 0xe69cae, 0xe69cbf, 0xe69cb6, 0xe69d81, 0xe69cb8, 0xe69cb7,
    0xe69d86, 0xe69d9e, 0xe69da0, 0xe69d99, 0xe69da3, 0xe69da4, 0xe69e89, 0xe69db0, 0xe69ea9,
    0xe69dbc, 0xe69daa, 0xe69e8c, 0xe69e8b, 0xe69ea6, 0xe69ea1, 0xe69e85, 0xe69eb7, 0xe69faf,
    0xe69eb4, 0xe69fac, 0xe69eb3, 0xe69fa9, 0xe69eb8, 0xe69fa4, 0xe69f9e, 0xe69f9d, 0xe69fa2,
    0xe69fae, 0xe69eb9, 0xe69f8e, 0xe69f86, 0xe69fa7, 0xe6aa9c, 0xe6a09e, 0xe6a186, 0xe6a0a9,
    0xe6a180, 0xe6a18d, 0xe6a0b2, 0xe6a18e, 0xe6a2b3, 0xe6a0ab, 0xe6a199, 0xe6a1a3, 0xe6a1b7,
    0xe6a1bf, 0xe6a29f, 0xe6a28f, 0xe6a2ad, 0xe6a294, 0xe6a29d, 0xe6a29b, 0xe6a283, 0xe6aaae,
    0xe6a2b9, 0xe6a1b4, 0xe6a2b5, 0xe6a2a0, 0xe6a2ba, 0xe6a48f, 0xe6a28d, 0xe6a1be, 0xe6a481,
    0xe6a38a, 0xe6a488, 0xe6a398, 0xe6a4a2, 0xe6a4a6, 0xe6a3a1, 0xe6a48c, 0xe6a38d, 0xe6a394,
    0xe6a3a7, 0xe6a395, 0xe6a4b6, 0xe6a492, 0xe6a484, 0xe6a397, 0xe6a3a3, 0xe6a4a5, 0xe6a3b9,
    0xe6a3a0, 0xe6a3af, 0xe6a4a8, 0xe6a4aa, 0xe6a49a, 0xe6a4a3, 0xe6a4a1, 0xe6a386, 0xe6a5b9,
    0xe6a5b7, 0xe6a59c, 0xe6a5b8, 0xe6a5ab, 0xe6a594, 0xe6a5be, 0xe6a5ae, 0xe6a4b9, 0xe6a5b4,
    0xe6a4bd, 0xe6a599, 0xe6a4b0, 0xe6a5a1, 0xe6a59e, 0xe6a59d, 0xe6a681, 0xe6a5aa, 0xe6a6b2,
    0xe6a6ae, 0xe6a790, 0xe6a6bf, 0xe6a781, 0xe6a793, 0xe6a6be, 0xe6a78e, 0xe5afa8, 0xe6a78a,
    0xe6a79d, 0xe6a6bb, 0xe6a783, 0xe6a6a7, 0xe6a8ae, 0xe6a691, 0xe6a6a0, 0xe6a69c, 0xe6a695,
    0xe6a6b4, 0xe6a79e, 0xe6a7a8, 0xe6a882, 0xe6a89b, 0xe6a7bf, 0xe6ac8a, 0xe6a7b9, 0xe6a7b2,
    0xe6a7a7, 0xe6a885, 0xe6a6b1, 0xe6a89e, 0xe6a7ad, 0xe6a894, 0xe6a7ab, 0xe6a88a, 0xe6a892,
    0xe6ab81, 0xe6a8a3, 0xe6a893, 0xe6a984, 0xe6a88c, 0xe6a9b2, 0xe6a8b6, 0xe6a9b8, 0xe6a987,
    0xe6a9a2, 0xe6a999, 0xe6a9a6, 0xe6a988, 0xe6a8b8, 0xe6a8a2, 0xe6aa90, 0xe6aa8d, 0xe6aaa0,
    0xe6aa84, 0xe6aaa2, 0xe6aaa3, 0xe6aa97, 0xe89897, 0xe6aabb, 0xe6ab83, 0xe6ab82, 0xe6aab8,
    0xe6aab3, 0xe6aaac, 0xe6ab9e, 0xe6ab91, 0xe6ab9f, 0xe6aaaa, 0xe6ab9a, 0xe6abaa, 0xe6abbb,
    0xe6ac85, 0xe89896, 0xe6abba, 0xe6ac92, 0xe6ac96, 0xe9acb1, 0xe6ac9f, 0xe6acb8, 0xe6acb7,
    0xe79b9c, 0xe6acb9, 0xe9a3ae, 0xe6ad87, 0xe6ad83, 0xe6ad89, 0xe6ad90, 0xe6ad99, 0xe6ad94,
    0xe6ad9b, 0xe6ad9f, 0xe6ada1, 0xe6adb8, 0xe6adb9, 0xe6adbf, 0xe6ae80, 0xe6ae84, 0xe6ae83,
    0xe6ae8d, 0xe6ae98, 0xe6ae95, 0xe6ae9e, 0xe6aea4, 0xe6aeaa, 0xe6aeab, 0xe6aeaf, 0xe6aeb2,
    0xe6aeb1, 0xe6aeb3, 0xe6aeb7, 0xe6aebc, 0xe6af86, 0xe6af8b, 0xe6af93, 0xe6af9f, 0xe6afac,
    0xe6afab, 0xe6afb3, 0xe6afaf, 0xe9babe, 0xe6b088, 0xe6b093, 0xe6b094, 0xe6b09b, 0xe6b0a4,
    0xe6b0a3, 0xe6b19e, 0xe6b195, 0xe6b1a2, 0xe6b1aa, 0xe6b282, 0xe6b28d, 0xe6b29a, 0xe6b281,
    0xe6b29b, 0xe6b1be, 0xe6b1a8, 0xe6b1b3, 0xe6b292, 0xe6b290, 0xe6b384, 0xe6b3b1, 0xe6b393,
    0xe6b2bd, 0xe6b397, 0xe6b385, 0xe6b39d, 0xe6b2ae, 0xe6b2b1, 0xe6b2be, 0xe6b2ba, 0xe6b39b,
    0xe6b3af, 0xe6b399, 0xe6b3aa, 0xe6b49f, 0xe8a18d, 0xe6b4b6, 0xe6b4ab, 0xe6b4bd, 0xe6b4b8,
    0xe6b499, 0xe6b4b5, 0xe6b4b3, 0xe6b492, 0xe6b48c, 0xe6b5a3, 0xe6b693, 0xe6b5a4, 0xe6b59a,
    0xe6b5b9, 0xe6b599, 0xe6b68e, 0xe6b695, 0xe6bfa4, 0xe6b685, 0xe6b7b9, 0xe6b895, 0xe6b88a,
    0xe6b6b5, 0xe6b787, 0xe6b7a6, 0xe6b6b8, 0xe6b786, 0xe6b7ac, 0xe6b79e, 0xe6b78c, 0xe6b7a8,
    0xe6b792, 0xe6b785, 0xe6b7ba, 0xe6b799, 0xe6b7a4, 0xe6b795, 0xe6b7aa, 0xe6b7ae, 0xe6b8ad,
    0xe6b9ae, 0xe6b8ae, 0xe6b899, 0xe6b9b2, 0xe6b99f, 0xe6b8be, 0xe6b8a3, 0xe6b9ab, 0xe6b8ab,
    0xe6b9b6, 0xe6b98d, 0xe6b89f, 0xe6b983, 0xe6b8ba, 0xe6b98e, 0xe6b8a4, 0xe6bbbf, 0xe6b89d,
    0xe6b8b8, 0xe6ba82, 0xe6baaa, 0xe6ba98, 0xe6bb89, 0xe6bab7, 0xe6bb93, 0xe6babd, 0xe6baaf,
    0xe6bb84, 0xe6bab2, 0xe6bb94, 0xe6bb95, 0xe6ba8f, 0xe6baa5, 0xe6bb82, 0xe6ba9f, 0xe6bd81,
    0xe6bc91, 0xe7818c, 0xe6bbac, 0xe6bbb8, 0xe6bbbe, 0xe6bcbf, 0xe6bbb2, 0xe6bcb1, 0xe6bbaf,
    0xe6bcb2, 0xe6bb8c, 0xe6bcbe, 0xe6bc93, 0xe6bbb7, 0xe6be86, 0xe6bdba, 0xe6bdb8, 0xe6be81,
    0xe6be80, 0xe6bdaf, 0xe6bd9b, 0xe6bfb3, 0xe6bdad, 0xe6be82, 0xe6bdbc, 0xe6bd98, 0xe6be8e,
    0xe6be91, 0xe6bf82, 0xe6bda6, 0xe6beb3, 0xe6bea3, 0xe6bea1, 0xe6bea4, 0xe6beb9, 0xe6bf86,
    0xe6beaa, 0xe6bf9f, 0xe6bf95, 0xe6bfac, 0xe6bf94, 0xe6bf98, 0xe6bfb1, 0xe6bfae, 0xe6bf9b,
    0xe78089, 0xe7808b, 0xe6bfba, 0xe78091, 0xe78081, 0xe7808f, 0xe6bfbe, 0xe7809b, 0xe7809a,
    0xe6bdb4, 0xe7809d, 0xe78098, 0xe7809f, 0xe780b0, 0xe780be, 0xe780b2, 0xe78191, 0xe781a3,
    0xe78299, 0xe78292, 0xe782af, 0xe783b1, 0xe782ac, 0xe782b8, 0xe782b3, 0xe782ae, 0xe7839f,
    0xe7838b, 0xe7839d, 0xe78399, 0xe78489, 0xe783bd, 0xe7849c, 0xe78499, 0xe785a5, 0xe78595,
    0xe78688, 0xe785a6, 0xe785a2, 0xe7858c, 0xe78596, 0xe785ac, 0xe7868f, 0xe787bb, 0xe78684,
    0xe78695, 0xe786a8, 0xe786ac, 0xe78797, 0xe786b9, 0xe786be, 0xe78792, 0xe78789, 0xe78794,
    0xe7878e, 0xe787a0, 0xe787ac, 0xe787a7, 0xe787b5, 0xe787bc, 0xe787b9, 0xe787bf, 0xe7888d,
    0xe78890, 0xe7889b, 0xe788a8, 0xe788ad, 0xe788ac, 0xe788b0, 0xe788b2, 0xe788bb, 0xe788bc,
    0xe788bf, 0xe78980, 0xe78986, 0xe7898b, 0xe78998, 0xe789b4, 0xe789be, 0xe78a82, 0xe78a81,
    0xe78a87, 0xe78a92, 0xe78a96, 0xe78aa2, 0xe78aa7, 0xe78ab9, 0xe78ab2, 0xe78b83, 0xe78b86,
    0xe78b84, 0xe78b8e, 0xe78b92, 0xe78ba2, 0xe78ba0, 0xe78ba1, 0xe78bb9, 0xe78bb7, 0xe5808f,
    0xe78c97, 0xe78c8a, 0xe78c9c, 0xe78c96, 0xe78c9d, 0xe78cb4, 0xe78caf, 0xe78ca9, 0xe78ca5,
    0xe78cbe, 0xe78d8e, 0xe78d8f, 0xe9bb98, 0xe78d97, 0xe78daa, 0xe78da8, 0xe78db0, 0xe78db8,
    0xe78db5, 0xe78dbb, 0xe78dba, 0xe78f88, 0xe78eb3, 0xe78f8e, 0xe78ebb, 0xe78f80, 0xe78fa5,
    0xe78fae, 0xe78f9e, 0xe792a2, 0xe79085, 0xe791af, 0xe790a5, 0xe78fb8, 0xe790b2, 0xe790ba,
    0xe79195, 0xe790bf, 0xe7919f, 0xe79199, 0xe79181, 0xe7919c, 0xe791a9, 0xe791b0, 0xe791a3,
    0xe791aa, 0xe791b6, 0xe791be, 0xe7928b, 0xe7929e, 0xe792a7, 0xe7938a, 0xe7938f, 0xe79394,
    0xe78fb1, 0xe793a0, 0xe793a3, 0xe793a7, 0xe793a9, 0xe793ae, 0xe793b2, 0xe793b0, 0xe793b1,
    0xe793b8, 0xe793b7, 0xe79484, 0xe79483, 0xe79485, 0xe7948c, 0xe7948e, 0xe7948d, 0xe79495,
    0xe79493, 0xe7949e, 0xe794a6, 0xe794ac, 0xe794bc, 0xe79584, 0xe7958d, 0xe7958a, 0xe79589,
    0xe7959b, 0xe79586, 0xe7959a, 0xe795a9, 0xe795a4, 0xe795a7, 0xe795ab, 0xe795ad, 0xe795b8,
    0xe795b6, 0xe79686, 0xe79687, 0xe795b4, 0xe7968a, 0xe79689, 0xe79682, 0xe79694, 0xe7969a,
    0xe7969d, 0xe796a5, 0xe796a3, 0xe79782, 0xe796b3, 0xe79783, 0xe796b5, 0xe796bd, 0xe796b8,
    0xe796bc, 0xe796b1, 0xe7978d, 0xe7978a, 0xe79792, 0xe79799, 0xe797a3, 0xe7979e, 0xe797be,
    0xe797bf, 0xe797bc, 0xe79881, 0xe797b0, 0xe797ba, 0xe797b2, 0xe797b3, 0xe7988b, 0xe7988d,
    0xe79889, 0xe7989f, 0xe798a7, 0xe798a0, 0xe798a1, 0xe798a2, 0xe798a4, 0xe798b4, 0xe798b0,
    0xe798bb, 0xe79987, 0xe79988, 0xe79986, 0xe7999c, 0xe79998, 0xe799a1, 0xe799a2, 0xe799a8,
    0xe799a9, 0xe799aa, 0xe799a7, 0xe799ac, 0xe799b0, 0xe799b2, 0xe799b6, 0xe799b8, 0xe799bc,
    0xe79a80, 0xe79a83, 0xe79a88, 0xe79a8b, 0xe79a8e, 0xe79a96, 0xe79a93, 0xe79a99, 0xe79a9a,
    0xe79ab0, 0xe79ab4, 0xe79ab8, 0xe79ab9, 0xe79aba, 0xe79b82, 0xe79b8d, 0xe79b96, 0xe79b92,
    0xe79b9e, 0xe79ba1, 0xe79ba5, 0xe79ba7, 0xe79baa, 0xe898af, 0xe79bbb, 0xe79c88, 0xe79c87,
    0xe79c84, 0xe79ca9, 0xe79ca4, 0xe79c9e, 0xe79ca5, 0xe79ca6, 0xe79c9b, 0xe79cb7, 0xe79cb8,
    0xe79d87, 0xe79d9a, 0xe79da8, 0xe79dab, 0xe79d9b, 0xe79da5, 0xe79dbf, 0xe79dbe, 0xe79db9,
    0xe79e8e, 0xe79e8b, 0xe79e91, 0xe79ea0, 0xe79e9e, 0xe79eb0, 0xe79eb6, 0xe79eb9, 0xe79ebf,
    0xe79ebc, 0xe79ebd, 0xe79ebb, 0xe79f87, 0xe79f8d, 0xe79f97, 0xe79f9a, 0xe79f9c, 0xe79fa3,
    0xe79fae, 0xe79fbc, 0xe7a08c, 0xe7a092, 0xe7a4a6, 0xe7a0a0, 0xe7a4aa, 0xe7a185, 0xe7a28e,
    0xe7a1b4, 0xe7a286, 0xe7a1bc, 0xe7a29a, 0xe7a28c, 0xe7a2a3, 0xe7a2b5, 0xe7a2aa, 0xe7a2af,
    0xe7a391, 0xe7a386, 0xe7a38b, 0xe7a394, 0xe7a2be, 0xe7a2bc, 0xe7a385, 0xe7a38a, 0xe7a3ac,
    0xe7a3a7, 0xe7a39a, 0xe7a3bd, 0xe7a3b4, 0xe7a487, 0xe7a492, 0xe7a491, 0xe7a499, 0xe7a4ac,
    0xe7a4ab, 0xe7a580, 0xe7a5a0, 0xe7a597, 0xe7a59f, 0xe7a59a, 0xe7a595, 0xe7a593, 0xe7a5ba,
    0xe7a5bf, 0xe7a68a, 0xe7a69d, 0xe7a6a7, 0xe9bd8b, 0xe7a6aa, 0xe7a6ae, 0xe7a6b3, 0xe7a6b9,
    0xe7a6ba, 0xe7a789, 0xe7a795, 0xe7a7a7, 0xe7a7ac, 0xe7a7a1, 0xe7a7a3, 0xe7a888, 0xe7a88d,
    0xe7a898, 0xe7a899, 0xe7a8a0, 0xe7a89f, 0xe7a680, 0xe7a8b1, 0xe7a8bb, 0xe7a8be, 0xe7a8b7,
    0xe7a983, 0xe7a997, 0xe7a989, 0xe7a9a1, 0xe7a9a2, 0xe7a9a9, 0xe9be9d, 0xe7a9b0, 0xe7a9b9,
    0xe7a9bd, 0xe7aa88, 0xe7aa97, 0xe7aa95, 0xe7aa98, 0xe7aa96, 0xe7aaa9, 0xe7ab88, 0xe7aab0,
    0xe7aab6, 0xe7ab85, 0xe7ab84, 0xe7aabf, 0xe98283, 0xe7ab87, 0xe7ab8a, 0xe7ab8d, 0xe7ab8f,
    0xe7ab95, 0xe7ab93, 0xe7ab99, 0xe7ab9a, 0xe7ab9d, 0xe7aba1, 0xe7aba2, 0xe7aba6, 0xe7abad,
    0xe7abb0, 0xe7ac82, 0xe7ac8f, 0xe7ac8a, 0xe7ac86, 0xe7acb3, 0xe7ac98, 0xe7ac99, 0xe7ac9e,
    0xe7acb5, 0xe7aca8, 0xe7acb6, 0xe7ad90, 0xe7adba, 0xe7ac84, 0xe7ad8d, 0xe7ac8b, 0xe7ad8c,
    0xe7ad85, 0xe7adb5, 0xe7ada5, 0xe7adb4, 0xe7ada7, 0xe7adb0, 0xe7adb1, 0xe7adac, 0xe7adae,
    0xe7ae9d, 0xe7ae98, 0xe7ae9f, 0xe7ae8d, 0xe7ae9c, 0xe7ae9a, 0xe7ae8b, 0xe7ae92, 0xe7ae8f,
    0xe7ad9d, 0xe7ae99, 0xe7af8b, 0xe7af81, 0xe7af8c, 0xe7af8f, 0xe7aeb4, 0xe7af86, 0xe7af9d,
    0xe7afa9, 0xe7b091, 0xe7b094, 0xe7afa6, 0xe7afa5, 0xe7b1a0, 0xe7b080, 0xe7b087, 0xe7b093,
    0xe7afb3, 0xe7afb7, 0xe7b097, 0xe7b08d, 0xe7afb6, 0xe7b0a3, 0xe7b0a7, 0xe7b0aa, 0xe7b09f,
    0xe7b0b7, 0xe7b0ab, 0xe7b0bd, 0xe7b18c, 0xe7b183, 0xe7b194, 0xe7b18f, 0xe7b180, 0xe7b190,
    0xe7b198, 0xe7b19f, 0xe7b1a4, 0xe7b196, 0xe7b1a5, 0xe7b1ac, 0xe7b1b5, 0xe7b283, 0xe7b290,
    0xe7b2a4, 0xe7b2ad, 0xe7b2a2, 0xe7b2ab, 0xe7b2a1, 0xe7b2a8, 0xe7b2b3, 0xe7b2b2, 0xe7b2b1,
    0xe7b2ae, 0xe7b2b9, 0xe7b2bd, 0xe7b380, 0xe7b385, 0xe7b382, 0xe7b398, 0xe7b392, 0xe7b39c,
    0xe7b3a2, 0xe9acbb, 0xe7b3af, 0xe7b3b2, 0xe7b3b4, 0xe7b3b6, 0xe7b3ba, 0xe7b486, 0xe7b482,
    0xe7b49c, 0xe7b495, 0xe7b48a, 0xe7b585, 0xe7b58b, 0xe7b4ae, 0xe7b4b2, 0xe7b4bf, 0xe7b4b5,
    0xe7b586, 0xe7b5b3, 0xe7b596, 0xe7b58e, 0xe7b5b2, 0xe7b5a8, 0xe7b5ae, 0xe7b58f, 0xe7b5a3,
    0xe7b693, 0xe7b689, 0xe7b59b, 0xe7b68f, 0xe7b5bd, 0xe7b69b, 0xe7b6ba, 0xe7b6ae, 0xe7b6a3,
    0xe7b6b5, 0xe7b787, 0xe7b6bd, 0xe7b6ab, 0xe7b8bd, 0xe7b6a2, 0xe7b6af, 0xe7b79c, 0xe7b6b8,
    0xe7b69f, 0xe7b6b0, 0xe7b798, 0xe7b79d, 0xe7b7a4, 0xe7b79e, 0xe7b7bb, 0xe7b7b2, 0xe7b7a1,
    0xe7b885, 0xe7b88a, 0xe7b8a3, 0xe7b8a1, 0xe7b892, 0xe7b8b1, 0xe7b89f, 0xe7b889, 0xe7b88b,
    0xe7b8a2, 0xe7b986, 0xe7b9a6, 0xe7b8bb, 0xe7b8b5, 0xe7b8b9, 0xe7b983, 0xe7b8b7, 0xe7b8b2,
    0xe7b8ba, 0xe7b9a7, 0xe7b99d, 0xe7b996, 0xe7b99e, 0xe7b999, 0xe7b99a, 0xe7b9b9, 0xe7b9aa,
    0xe7b9a9, 0xe7b9bc, 0xe7b9bb, 0xe7ba83, 0xe7b795, 0xe7b9bd, 0xe8beae, 0xe7b9bf, 0xe7ba88,
    0xe7ba89, 0xe7ba8c, 0xe7ba92, 0xe7ba90, 0xe7ba93, 0xe7ba94, 0xe7ba96, 0xe7ba8e, 0xe7ba9b,
    0xe7ba9c, 0xe7bcb8, 0xe7bcba, 0xe7bd85, 0xe7bd8c, 0xe7bd8d, 0xe7bd8e, 0xe7bd90, 0xe7bd91,
    0xe7bd95, 0xe7bd94, 0xe7bd98, 0xe7bd9f, 0xe7bda0, 0xe7bda8, 0xe7bda9, 0xe7bda7, 0xe7bdb8,
    0xe7be82, 0xe7be86, 0xe7be83, 0xe7be88, 0xe7be87, 0xe7be8c, 0xe7be94, 0xe7be9e, 0xe7be9d,
    0xe7be9a, 0xe7bea3, 0xe7beaf, 0xe7beb2, 0xe7beb9, 0xe7beae, 0xe7beb6, 0xe7beb8, 0xe8adb1,
    0xe7bf85, 0xe7bf86, 0xe7bf8a, 0xe7bf95, 0xe7bf94, 0xe7bfa1, 0xe7bfa6, 0xe7bfa9, 0xe7bfb3,
    0xe7bfb9, 0xe9a39c, 0xe88086, 0xe88084, 0xe8808b, 0xe88092, 0xe88098, 0xe88099, 0xe8809c,
    0xe880a1, 0xe880a8, 0xe880bf, 0xe880bb, 0xe8818a, 0xe88186, 0xe88192, 0xe88198, 0xe8819a,
    0xe8819f, 0xe881a2, 0xe881a8, 0xe881b3, 0xe881b2, 0xe881b0, 0xe881b6, 0xe881b9, 0xe881bd,
    0xe881bf, 0xe88284, 0xe88286, 0xe88285, 0xe8829b, 0xe88293, 0xe8829a, 0xe882ad, 0xe58690,
    0xe882ac, 0xe8839b, 0xe883a5, 0xe88399, 0xe8839d, 0xe88384, 0xe8839a, 0xe88396, 0xe88489,
    0xe883af, 0xe883b1, 0xe8849b, 0xe884a9, 0xe884a3, 0xe884af, 0xe8858b, 0xe99a8b, 0xe88586,
    0xe884be, 0xe88593, 0xe88591, 0xe883bc, 0xe885b1, 0xe885ae, 0xe885a5, 0xe885a6, 0xe885b4,
    0xe88683, 0xe88688, 0xe8868a, 0xe88680, 0xe88682, 0xe886a0, 0xe88695, 0xe886a4, 0xe886a3,
    0xe8859f, 0xe88693, 0xe886a9, 0xe886b0, 0xe886b5, 0xe886be, 0xe886b8, 0xe886bd, 0xe88780,
    0xe88782, 0xe886ba, 0xe88789, 0xe8878d, 0xe88791, 0xe88799, 0xe88798, 0xe88788, 0xe8879a,
    0xe8879f, 0xe887a0, 0xe887a7, 0xe887ba, 0xe887bb, 0xe887be, 0xe88881, 0xe88882, 0xe88885,
    0xe88887, 0xe8888a, 0xe8888d, 0xe88890, 0xe88896, 0xe888a9, 0xe888ab, 0xe888b8, 0xe888b3,
    0xe88980, 0xe88999, 0xe88998, 0xe8899d, 0xe8899a, 0xe8899f, 0xe889a4, 0xe889a2, 0xe889a8,
    0xe889aa, 0xe889ab, 0xe888ae, 0xe889b1, 0xe889b7, 0xe889b8, 0xe889be, 0xe88a8d, 0xe88a92,
    0xe88aab, 0xe88a9f, 0xe88abb, 0xe88aac, 0xe88ba1, 0xe88ba3, 0xe88b9f, 0xe88b92, 0xe88bb4,
    0xe88bb3, 0xe88bba, 0xe88e93, 0xe88c83, 0xe88bbb, 0xe88bb9, 0xe88b9e, 0xe88c86, 0xe88b9c,
    0xe88c89, 0xe88b99, 0xe88cb5, 0xe88cb4, 0xe88c96, 0xe88cb2, 0xe88cb1, 0xe88d80, 0xe88cb9,
    0xe88d90, 0xe88d85, 0xe88caf, 0xe88cab, 0xe88c97, 0xe88c98, 0xe88e85, 0xe88e9a, 0xe88eaa,
    0xe88e9f, 0xe88ea2, 0xe88e96, 0xe88ca3, 0xe88e8e, 0xe88e87, 0xe88e8a, 0xe88dbc, 0xe88eb5,
    0xe88db3, 0xe88db5, 0xe88ea0, 0xe88e89, 0xe88ea8, 0xe88fb4, 0xe89093, 0xe88fab, 0xe88f8e,
    0xe88fbd, 0xe89083, 0xe88f98, 0xe8908b, 0xe88f81, 0xe88fb7, 0xe89087, 0xe88fa0, 0xe88fb2,
    0xe8908d, 0xe890a2, 0xe890a0, 0xe88ebd, 0xe890b8, 0xe89486, 0xe88fbb, 0xe891ad, 0xe890aa,
    0xe890bc, 0xe8959a, 0xe89284, 0xe891b7, 0xe891ab, 0xe892ad, 0xe891ae, 0xe89282, 0xe891a9,
    0xe89186, 0xe890ac, 0xe891af, 0xe891b9, 0xe890b5, 0xe8938a, 0xe891a2, 0xe892b9, 0xe892bf,
    0xe8929f, 0xe89399, 0xe8938d, 0xe892bb, 0xe8939a, 0xe89390, 0xe89381, 0xe89386, 0xe89396,
    0xe892a1, 0xe894a1, 0xe893bf, 0xe893b4, 0xe89497, 0xe89498, 0xe894ac, 0xe8949f, 0xe89495,
    0xe89494, 0xe893bc, 0xe89580, 0xe895a3, 0xe89598, 0xe89588, 0xe89581, 0xe89882, 0xe8958b,
    0xe89595, 0xe89680, 0xe896a4, 0xe89688, 0xe89691, 0xe8968a, 0xe896a8, 0xe895ad, 0xe89694,
    0xe8969b, 0xe897aa, 0xe89687, 0xe8969c, 0xe895b7, 0xe895be, 0xe89690, 0xe89789, 0xe896ba,
    0xe8978f, 0xe896b9, 0xe89790, 0xe89795, 0xe8979d, 0xe897a5, 0xe8979c, 0xe897b9, 0xe8988a,
    0xe89893, 0xe8988b, 0xe897be, 0xe897ba, 0xe89886, 0xe898a2, 0xe8989a, 0xe898b0, 0xe898bf,
    0xe8998d, 0xe4b995, 0xe89994, 0xe8999f, 0xe899a7, 0xe899b1, 0xe89a93, 0xe89aa3, 0xe89aa9,
    0xe89aaa, 0xe89a8b, 0xe89a8c, 0xe89ab6, 0xe89aaf, 0xe89b84, 0xe89b86, 0xe89ab0, 0xe89b89,
    0xe8a0a3, 0xe89aab, 0xe89b94, 0xe89b9e, 0xe89ba9, 0xe89bac, 0xe89b9f, 0xe89b9b, 0xe89baf,
    0xe89c92, 0xe89c86, 0xe89c88, 0xe89c80, 0xe89c83, 0xe89bbb, 0xe89c91, 0xe89c89, 0xe89c8d,
    0xe89bb9, 0xe89c8a, 0xe89cb4, 0xe89cbf, 0xe89cb7, 0xe89cbb, 0xe89ca5, 0xe89ca9, 0xe89c9a,
    0xe89da0, 0xe89d9f, 0xe89db8, 0xe89d8c, 0xe89d8e, 0xe89db4, 0xe89d97, 0xe89da8, 0xe89dae,
    0xe89d99, 0xe89d93, 0xe89da3, 0xe89daa, 0xe8a085, 0xe89ea2, 0xe89e9f, 0xe89e82, 0xe89eaf,
    0xe89f8b, 0xe89ebd, 0xe89f80, 0xe89f90, 0xe99b96, 0xe89eab, 0xe89f84, 0xe89eb3, 0xe89f87,
    0xe89f86, 0xe89ebb, 0xe89faf, 0xe89fb2, 0xe89fa0, 0xe8a08f, 0xe8a08d, 0xe89fbe, 0xe89fb6,
    0xe89fb7, 0xe8a08e, 0xe89f92, 0xe8a091, 0xe8a096, 0xe8a095, 0xe8a0a2, 0xe8a0a1, 0xe8a0b1,
    0xe8a0b6, 0xe8a0b9, 0xe8a0a7, 0xe8a0bb, 0xe8a184, 0xe8a182, 0xe8a192, 0xe8a199, 0xe8a19e,
    0xe8a1a2, 0xe8a1ab, 0xe8a281, 0xe8a1be, 0xe8a29e, 0xe8a1b5, 0xe8a1bd, 0xe8a2b5, 0xe8a1b2,
    0xe8a282, 0xe8a297, 0xe8a292, 0xe8a2ae, 0xe8a299, 0xe8a2a2, 0xe8a28d, 0xe8a2a4, 0xe8a2b0,
    0xe8a2bf, 0xe8a2b1, 0xe8a383, 0xe8a384, 0xe8a394, 0xe8a398, 0xe8a399, 0xe8a39d, 0xe8a3b9,
    0xe8a482, 0xe8a3bc, 0xe8a3b4, 0xe8a3a8, 0xe8a3b2, 0xe8a484, 0xe8a48c, 0xe8a48a, 0xe8a493,
    0xe8a583, 0xe8a49e, 0xe8a4a5, 0xe8a4aa, 0xe8a4ab, 0xe8a581, 0xe8a584, 0xe8a4bb, 0xe8a4b6,
    0xe8a4b8, 0xe8a58c, 0xe8a49d, 0xe8a5a0, 0xe8a59e, 0xe8a5a6, 0xe8a5a4, 0xe8a5ad, 0xe8a5aa,
    0xe8a5af, 0xe8a5b4, 0xe8a5b7, 0xe8a5be, 0xe8a683, 0xe8a688, 0xe8a68a, 0xe8a693, 0xe8a698,
    0xe8a6a1, 0xe8a6a9, 0xe8a6a6, 0xe8a6ac, 0xe8a6af, 0xe8a6b2, 0xe8a6ba, 0xe8a6bd, 0xe8a6bf,
    0xe8a780, 0xe8a79a, 0xe8a79c, 0xe8a79d, 0xe8a7a7, 0xe8a7b4, 0xe8a7b8, 0xe8a883, 0xe8a896,
    0xe8a890, 0xe8a88c, 0xe8a89b, 0xe8a89d, 0xe8a8a5, 0xe8a8b6, 0xe8a981, 0xe8a99b, 0xe8a992,
    0xe8a986, 0xe8a988, 0xe8a9bc, 0xe8a9ad, 0xe8a9ac, 0xe8a9a2, 0xe8aa85, 0xe8aa82, 0xe8aa84,
    0xe8aaa8, 0xe8aaa1, 0xe8aa91, 0xe8aaa5, 0xe8aaa6, 0xe8aa9a, 0xe8aaa3, 0xe8ab84, 0xe8ab8d,
    0xe8ab82, 0xe8ab9a, 0xe8abab, 0xe8abb3, 0xe8aba7, 0xe8aba4, 0xe8abb1, 0xe8ac94, 0xe8aba0,
    0xe8aba2, 0xe8abb7, 0xe8ab9e, 0xe8ab9b, 0xe8ac8c, 0xe8ac87, 0xe8ac9a, 0xe8aba1, 0xe8ac96,
    0xe8ac90, 0xe8ac97, 0xe8aca0, 0xe8acb3, 0xe99eab, 0xe8aca6, 0xe8acab, 0xe8acbe, 0xe8aca8,
    0xe8ad81, 0xe8ad8c, 0xe8ad8f, 0xe8ad8e, 0xe8ad89, 0xe8ad96, 0xe8ad9b, 0xe8ad9a, 0xe8adab,
    0xe8ad9f, 0xe8adac, 0xe8adaf, 0xe8adb4, 0xe8adbd, 0xe8ae80, 0xe8ae8c, 0xe8ae8e, 0xe8ae92,
    0xe8ae93, 0xe8ae96, 0xe8ae99, 0xe8ae9a, 0xe8b0ba, 0xe8b181, 0xe8b0bf, 0xe8b188, 0xe8b18c,
    0xe8b18e, 0xe8b190, 0xe8b195, 0xe8b1a2, 0xe8b1ac, 0xe8b1b8, 0xe8b1ba, 0xe8b282, 0xe8b289,
    0xe8b285, 0xe8b28a, 0xe8b28d, 0xe8b28e, 0xe8b294, 0xe8b1bc, 0xe8b298, 0xe6889d, 0xe8b2ad,
    0xe8b2aa, 0xe8b2bd, 0xe8b2b2, 0xe8b2b3, 0xe8b2ae, 0xe8b2b6, 0xe8b388, 0xe8b381, 0xe8b3a4,
    0xe8b3a3, 0xe8b39a, 0xe8b3bd, 0xe8b3ba, 0xe8b3bb, 0xe8b484, 0xe8b485, 0xe8b48a, 0xe8b487,
    0xe8b48f, 0xe8b48d, 0xe8b490, 0xe9bd8e, 0xe8b493, 0xe8b38d, 0xe8b494, 0xe8b496, 0xe8b5a7,
    0xe8b5ad, 0xe8b5b1, 0xe8b5b3, 0xe8b681, 0xe8b699, 0xe8b782, 0xe8b6be, 0xe8b6ba, 0xe8b78f,
    0xe8b79a, 0xe8b796, 0xe8b78c, 0xe8b79b, 0xe8b78b, 0xe8b7aa, 0xe8b7ab, 0xe8b79f, 0xe8b7a3,
    0xe8b7bc, 0xe8b888, 0xe8b889, 0xe8b7bf, 0xe8b89d, 0xe8b89e, 0xe8b890, 0xe8b89f, 0xe8b982,
    0xe8b8b5, 0xe8b8b0, 0xe8b8b4, 0xe8b98a, 0xe8b987, 0xe8b989, 0xe8b98c, 0xe8b990, 0xe8b988,
    0xe8b999, 0xe8b9a4, 0xe8b9a0, 0xe8b8aa, 0xe8b9a3, 0xe8b995, 0xe8b9b6, 0xe8b9b2, 0xe8b9bc,
    0xe8ba81, 0xe8ba87, 0xe8ba85, 0xe8ba84, 0xe8ba8b, 0xe8ba8a, 0xe8ba93, 0xe8ba91, 0xe8ba94,
    0xe8ba99, 0xe8baaa, 0xe8baa1, 0xe8baac, 0xe8bab0, 0xe8bb86, 0xe8bab1, 0xe8babe, 0xe8bb85,
    0xe8bb88, 0xe8bb8b, 0xe8bb9b, 0xe8bba3, 0xe8bbbc, 0xe8bbbb, 0xe8bbab, 0xe8bbbe, 0xe8bc8a,
    0xe8bc85, 0xe8bc95, 0xe8bc92, 0xe8bc99, 0xe8bc93, 0xe8bc9c, 0xe8bc9f, 0xe8bc9b, 0xe8bc8c,
    0xe8bca6, 0xe8bcb3, 0xe8bcbb, 0xe8bcb9, 0xe8bd85, 0xe8bd82, 0xe8bcbe, 0xe8bd8c, 0xe8bd89,
    0xe8bd86, 0xe8bd8e, 0xe8bd97, 0xe8bd9c, 0xe8bda2, 0xe8bda3, 0xe8bda4, 0xe8be9c, 0xe8be9f,
    0xe8bea3, 0xe8bead, 0xe8beaf, 0xe8beb7, 0xe8bf9a, 0xe8bfa5, 0xe8bfa2, 0xe8bfaa, 0xe8bfaf,
    0xe98287, 0xe8bfb4, 0xe98085, 0xe8bfb9, 0xe8bfba, 0xe98091, 0xe98095, 0xe980a1, 0xe9808d,
    0xe9809e, 0xe98096, 0xe9808b, 0xe980a7, 0xe980b6, 0xe980b5, 0xe980b9, 0xe8bfb8, 0xe9818f,
    0xe98190, 0xe98191, 0xe98192, 0xe9808e, 0xe98189, 0xe980be, 0xe98196, 0xe98198, 0xe9819e,
    0xe981a8, 0xe981af, 0xe981b6, 0xe99aa8, 0xe981b2, 0xe98282, 0xe981bd, 0xe98281, 0xe98280,
    0xe9828a, 0xe98289, 0xe9828f, 0xe982a8, 0xe982af, 0xe982b1, 0xe982b5, 0xe983a2, 0xe983a4,
    0xe68988, 0xe9839b, 0xe98482, 0xe98492, 0xe98499, 0xe984b2, 0xe984b0, 0xe9858a, 0xe98596,
    0xe98598, 0xe985a3, 0xe985a5, 0xe985a9, 0xe985b3, 0xe985b2, 0xe9868b, 0xe98689, 0xe98682,
    0xe986a2, 0xe986ab, 0xe986af, 0xe986aa, 0xe986b5, 0xe986b4, 0xe986ba, 0xe98780, 0xe98781,
    0xe98789, 0xe9878b, 0xe98790, 0xe98796, 0xe9879f, 0xe987a1, 0xe9879b, 0xe987bc, 0xe987b5,
    0xe987b6, 0xe9889e, 0xe987bf, 0xe98894, 0xe988ac, 0xe98895, 0xe98891, 0xe9899e, 0xe98997,
    0xe98985, 0xe98989, 0xe989a4, 0xe98988, 0xe98a95, 0xe988bf, 0xe9898b, 0xe98990, 0xe98a9c,
    0xe98a96, 0xe98a93, 0xe98a9b, 0xe9899a, 0xe98b8f, 0xe98ab9, 0xe98ab7, 0xe98ba9, 0xe98c8f,
    0xe98bba, 0xe98d84, 0xe98cae, 0xe98c99, 0xe98ca2, 0xe98c9a, 0xe98ca3, 0xe98cba, 0xe98cb5,
    0xe98cbb, 0xe98d9c, 0xe98da0, 0xe98dbc, 0xe98dae, 0xe98d96, 0xe98eb0, 0xe98eac, 0xe98ead,
    0xe98e94, 0xe98eb9, 0xe98f96, 0xe98f97, 0xe98fa8, 0xe98fa5, 0xe98f98, 0xe98f83, 0xe98f9d,
    0xe98f90, 0xe98f88, 0xe98fa4, 0xe9909a, 0xe99094, 0xe99093, 0xe99083, 0xe99087, 0xe99090,
    0xe990b6, 0xe990ab, 0xe990b5, 0xe990a1, 0xe990ba, 0xe99181, 0xe99192, 0xe99184, 0xe9919b,
    0xe991a0, 0xe991a2, 0xe9919e, 0xe991aa, 0xe988a9, 0xe991b0, 0xe991b5, 0xe991b7, 0xe991bd,
    0xe9919a, 0xe991bc, 0xe991be, 0xe99281, 0xe991bf, 0xe99682, 0xe99687, 0xe9968a, 0xe99694,
    0xe99696, 0xe99698, 0xe99699, 0xe996a0, 0xe996a8, 0xe996a7, 0xe996ad, 0xe996bc, 0xe996bb,
    0xe996b9, 0xe996be, 0xe9978a, 0xe6bfb6, 0xe99783, 0xe9978d, 0xe9978c, 0xe99795, 0xe99794,
    0xe99796, 0xe9979c, 0xe997a1, 0xe997a5, 0xe997a2, 0xe998a1, 0xe998a8, 0xe998ae, 0xe998af,
    0xe99982, 0xe9998c, 0xe9998f, 0xe9998b, 0xe999b7, 0xe9999c, 0xe9999e, 0xe9999d, 0xe9999f,
    0xe999a6, 0xe999b2, 0xe999ac, 0xe99a8d, 0xe99a98, 0xe99a95, 0xe99a97, 0xe99aaa, 0xe99aa7,
    0xe99ab1, 0xe99ab2, 0xe99ab0, 0xe99ab4, 0xe99ab6, 0xe99ab8, 0xe99ab9, 0xe99b8e, 0xe99b8b,
    0xe99b89, 0xe99b8d, 0xe8a58d, 0xe99b9c, 0xe99c8d, 0xe99b95, 0xe99bb9, 0xe99c84, 0xe99c86,
    0xe99c88, 0xe99c93, 0xe99c8e, 0xe99c91, 0xe99c8f, 0xe99c96, 0xe99c99, 0xe99ca4, 0xe99caa,
    0xe99cb0, 0xe99cb9, 0xe99cbd, 0xe99cbe, 0xe99d84, 0xe99d86, 0xe99d88, 0xe99d82, 0xe99d89,
    0xe99d9c, 0xe99da0, 0xe99da4, 0xe99da6, 0xe99da8, 0xe58b92, 0xe99dab, 0xe99db1, 0xe99db9,
    0xe99e85, 0xe99dbc, 0xe99e81, 0xe99dba, 0xe99e86, 0xe99e8b, 0xe99e8f, 0xe99e90, 0xe99e9c,
    0xe99ea8, 0xe99ea6, 0xe99ea3, 0xe99eb3, 0xe99eb4, 0xe99f83, 0xe99f86, 0xe99f88, 0xe99f8b,
    0xe99f9c, 0xe99fad, 0xe9bd8f, 0xe99fb2, 0xe7ab9f, 0xe99fb6, 0xe99fb5, 0xe9a08f, 0xe9a08c,
    0xe9a0b8, 0xe9a0a4, 0xe9a0a1, 0xe9a0b7, 0xe9a0bd, 0xe9a186, 0xe9a18f, 0xe9a18b, 0xe9a1ab,
    0xe9a1af, 0xe9a1b0, 0xe9a1b1, 0xe9a1b4, 0xe9a1b3, 0xe9a2aa, 0xe9a2af, 0xe9a2b1, 0xe9a2b6,
    0xe9a384, 0xe9a383, 0xe9a386, 0xe9a3a9, 0xe9a3ab, 0xe9a483, 0xe9a489, 0xe9a492, 0xe9a494,
    0xe9a498, 0xe9a4a1, 0xe9a49d, 0xe9a49e, 0xe9a4a4, 0xe9a4a0, 0xe9a4ac, 0xe9a4ae, 0xe9a4bd,
    0xe9a4be, 0xe9a582, 0xe9a589, 0xe9a585, 0xe9a590, 0xe9a58b, 0xe9a591, 0xe9a592, 0xe9a58c,
    0xe9a595, 0xe9a697, 0xe9a698, 0xe9a6a5, 0xe9a6ad, 0xe9a6ae, 0xe9a6bc, 0xe9a79f, 0xe9a79b,
    0xe9a79d, 0xe9a798, 0xe9a791, 0xe9a7ad, 0xe9a7ae, 0xe9a7b1, 0xe9a7b2, 0xe9a7bb, 0xe9a7b8,
    0xe9a881, 0xe9a88f, 0xe9a885, 0xe9a7a2, 0xe9a899, 0xe9a8ab, 0xe9a8b7, 0xe9a985, 0xe9a982,
    0xe9a980, 0xe9a983, 0xe9a8be, 0xe9a995, 0xe9a98d, 0xe9a99b, 0xe9a997, 0xe9a99f, 0xe9a9a2,
    0xe9a9a5, 0xe9a9a4, 0xe9a9a9, 0xe9a9ab, 0xe9a9aa, 0xe9aaad, 0xe9aab0, 0xe9aabc, 0xe9ab80,
    0xe9ab8f, 0xe9ab91, 0xe9ab93, 0xe9ab94, 0xe9ab9e, 0xe9ab9f, 0xe9aba2, 0xe9aba3, 0xe9aba6,
    0xe9abaf, 0xe9abab, 0xe9abae, 0xe9abb4, 0xe9abb1, 0xe9abb7, 0xe9abbb, 0xe9ac86, 0xe9ac98,
    0xe9ac9a, 0xe9ac9f, 0xe9aca2, 0xe9aca3, 0xe9aca5, 0xe9aca7, 0xe9aca8, 0xe9aca9, 0xe9acaa,
    0xe9acae, 0xe9acaf, 0xe9acb2, 0xe9ad84, 0xe9ad83, 0xe9ad8f, 0xe9ad8d, 0xe9ad8e, 0xe9ad91,
    0xe9ad98, 0xe9adb4, 0xe9ae93, 0xe9ae83, 0xe9ae91, 0xe9ae96, 0xe9ae97, 0xe9ae9f, 0xe9aea0,
    0xe9aea8, 0xe9aeb4, 0xe9af80, 0xe9af8a, 0xe9aeb9, 0xe9af86, 0xe9af8f, 0xe9af91, 0xe9af92,
    0xe9afa3, 0xe9afa2, 0xe9afa4, 0xe9af94, 0xe9afa1, 0xe9b0ba, 0xe9afb2, 0xe9afb1, 0xe9afb0,
    0xe9b095, 0xe9b094, 0xe9b089, 0xe9b093, 0xe9b08c, 0xe9b086, 0xe9b088, 0xe9b092, 0xe9b08a,
    0xe9b084, 0xe9b0ae, 0xe9b09b, 0xe9b0a5, 0xe9b0a4, 0xe9b0a1, 0xe9b0b0, 0xe9b187, 0xe9b0b2,
    0xe9b186, 0xe9b0be, 0xe9b19a, 0xe9b1a0, 0xe9b1a7, 0xe9b1b6, 0xe9b1b8, 0xe9b3a7, 0xe9b3ac,
    0xe9b3b0, 0xe9b489, 0xe9b488, 0xe9b3ab, 0xe9b483, 0xe9b486, 0xe9b4aa, 0xe9b4a6, 0xe9b6af,
    0xe9b4a3, 0xe9b49f, 0xe9b584, 0xe9b495, 0xe9b492, 0xe9b581, 0xe9b4bf, 0xe9b4be, 0xe9b586,
    0xe9b588, 0xe9b59d, 0xe9b59e, 0xe9b5a4, 0xe9b591, 0xe9b590, 0xe9b599, 0xe9b5b2, 0xe9b689,
    0xe9b687, 0xe9b6ab, 0xe9b5af, 0xe9b5ba, 0xe9b69a, 0xe9b6a4, 0xe9b6a9, 0xe9b6b2, 0xe9b784,
    0xe9b781, 0xe9b6bb, 0xe9b6b8, 0xe9b6ba, 0xe9b786, 0xe9b78f, 0xe9b782, 0xe9b799, 0xe9b793,
    0xe9b7b8, 0xe9b7a6, 0xe9b7ad, 0xe9b7af, 0xe9b7bd, 0xe9b89a, 0xe9b89b, 0xe9b89e, 0xe9b9b5,
    0xe9b9b9, 0xe9b9bd, 0xe9ba81, 0xe9ba88, 0xe9ba8b, 0xe9ba8c, 0xe9ba92, 0xe9ba95, 0xe9ba91,
    0xe9ba9d, 0xe9baa5, 0xe9baa9, 0xe9bab8, 0xe9baaa, 0xe9baad, 0xe99da1, 0xe9bb8c, 0xe9bb8e,
    0xe9bb8f, 0xe9bb90, 0xe9bb94, 0xe9bb9c, 0xe9bb9e, 0xe9bb9d, 0xe9bba0, 0xe9bba5, 0xe9bba8,
    0xe9bbaf, 0xe9bbb4, 0xe9bbb6, 0xe9bbb7, 0xe9bbb9, 0xe9bbbb, 0xe9bbbc, 0xe9bbbd, 0xe9bc87,
    0xe9bc88, 0xe79ab7, 0xe9bc95, 0xe9bca1, 0xe9bcac, 0xe9bcbe, 0xe9bd8a, 0xe9bd92, 0xe9bd94,
    0xe9bda3, 0xe9bd9f, 0xe9bda0, 0xe9bda1, 0xe9bda6, 0xe9bda7, 0xe9bdac, 0xe9bdaa, 0xe9bdb7,
    0xe9bdb2, 0xe9bdb6, 0xe9be95, 0xe9be9c, 0xe9bea0, 0xe5a0af, 0xe6a787, 0xe98199, 0xe791a4,
    0xe5879c, 0xe78699, 0x000000, 0x000000, 0x000000, 0x000000, 0x000000, 0x000000, 0x000000,
    0x000000, 0x000000, 0x000000, 0x000000, 0x000000, 0x000000, 0x000000, 0x000000, 0x000000,
    0x000000, 0x000000, 0x000000, 0x000000, 0x000000, 0x000000, 0x000000, 0x000000, 0x000000,
    0x000000, 0x000000, 0x000000, 0x000000, 0x000000, 0x000000, 0x000000, 0x000000, 0x000000,
    0x000000, 0x000000, 0x000000, 0x000000, 0x000000, 0x000000, 0x000000, 0x000000, 0x000000,
    0x000000, 0x000000, 0x000000, 0x000000, 0x000000, 0x000000, 0x000000, 0x000000, 0x000000,
    0x000000, 0x000000, 0x000000, 0x000000, 0x000000, 0x000000, 0x000000, 0x000000, 0x000000,
    0x000000, 0x000000, 0x000000, 0x000000, 0x000000, 0x000000, 0x000000, 0x000000, 0x000000,
    0x000000, 0x000000, 0x000000, 0x000000, 0x000000, 0x000000, 0x000000, 0x000000, 0x000000,
    0x000000, 0x000000, 0x000000, 0x000000, 0x000000, 0x000000, 0x000000, 0x000000, 0x000000,
    0x001dd1, 0x001e24, 0x000000, 0x000000, 0x000000, 0x001e75, 0x001ed1, 0x000000, 0x001f2f,
    0x001f8d, 0x001feb, 0x000000, 0x000000, 0x000000, 0x000000, 0x002049, 0x0020a7, 0x002105,
    0x002163, 0x0021c1, 0x00221f, 0x00227d, 0x0022db, 0x002339, 0x002397, 0x0023f5, 0x002453,
    0x0024b1, 0x00250f, 0x00256d, 0x0025cb, 0x002629, 0x002687, 0x0026e5, 0x002743, 0x0027a1,
    0x0027ff, 0x00285d, 0x0028bb, 0x002919, 0x002977, 0x0029d5, 0x002a33, 0x002a91, 0x002aef,
    0x002b4d, 0x002bab, 0x002c09, 0x002c67, 0x002cc5, 0x002d23, 0x002d81, 0x002ddf, 0x002e3d,
    0x002e9b, 0x002ef9, 0x002f57, 0x002fb5, 0x003013, 0x003071, 0x0030cf, 0x00312d, 0x00318b,
    0x0031e9, 0x003247, 0x0032a5, 0x003303, 0x003361, 0x0033bf, 0x00341d, 0x00347b, 0x0034d9,
    0x003537, 0x003595, 0x0035f3, 0x003651, 0x0036af, 0x000000, 0x000000, 0x000000, 0x000000,
    0x000000, 0x0036f2, 0x003750, 0x000000, 0x000000, 0x000000, 0x000000, 0x000000, 0x000000,
    0x000000, 0x000000, 0x000000, 0x000000, 0x000000, 0x000000, 0x000000, 0x000000, 0x00cb98,
    0x00cb87, 0x00c2b8, 0x00cb99, 0x00cb9d, 0x00c2af, 0x00cb9b, 0x00cb9a, 0x000000, 0x00ce84,
    0x00ce85, 0x000000, 0x000000, 0x000000, 0x000000, 0x000000, 0x000000, 0x000000, 0x000000,
    0x00c2a1, 0xefbfa4, 0x00c2bf, 0x000000, 0x000000, 0x000000, 0x000000, 0x000000, 0x000000,
    0x000000, 0x000000, 0x000000, 0x000000, 0x000000, 0x000000, 0x000000, 0x000000, 0x000000,
    0x000000, 0x000000, 0x000000, 0x000000, 0x000000, 0x000000, 0x000000, 0x000000, 0x000000,
    0x000000, 0x000000, 0x000000, 0x000000, 0x000000, 0x000000, 0x000000, 0x000000, 0x000000,
    0x000000, 0x000000, 0x000000, 0x000000, 0x000000, 0x00c2ba, 0x00c2aa, 0x00c2a9, 0x00c2ae,
    0xe284a2, 0x00c2a4, 0xe28496, 0x000000, 0x000000, 0x000000, 0x000000, 0x000000, 0x000000,
    0x000000, 0x000000, 0x000000, 0x000000, 0x000000, 0x000000, 0x000000, 0x000000, 0x000000,
    0x000000, 0x000000, 0x000000, 0x000000, 0x000000, 0x000000, 0x000000, 0x000000, 0x000000,
    0x000000, 0x000000, 0x000000, 0x000000, 0x000000, 0x000000, 0x000000, 0x000000, 0x000000,
    0x000000, 0x000000, 0x000000, 0x000000, 0x000000, 0x000000, 0x000000, 0x000000, 0x000000,
    0x000000, 0x000000, 0x000000, 0x000000, 0x000000, 0x000000, 0x000000, 0x000000, 0x000000,
    0x000000, 0x000000, 0x000000, 0x000000, 0x000000, 0x000000, 0x000000, 0x000000, 0x000000,
    0x000000, 0x000000, 0x000000, 0x000000, 0x00ce86, 0x00ce88, 0x00ce89, 0x00ce8a, 0x00ceaa,
    0x000000, 0x00ce8c, 0x000000, 0x00ce8e, 0x00ceab, 0x000000, 0x00ce8f, 0x000000, 0x000000,
    0x000000, 0x000000, 0x00ceac, 0x00cead, 0x00ceae, 0x00ceaf, 0x00cf8a, 0x00ce90, 0x00cf8c,
    0x00cf82, 0x00cf8d, 0x00cf8b, 0x00ceb0, 0x00cf8e, 0x000000, 0x000000, 0x000000, 0x000000,
    0x000000, 0x000000, 0x000000, 0x000000, 0x000000, 0x000000, 0x000000, 0x000000, 0x000000,
    0x000000, 0x000000, 0x000000, 0x000000, 0x000000, 0x000000, 0x000000, 0x000000, 0x000000,
    0x000000, 0x000000, 0x000000, 0x000000, 0x000000, 0x000000, 0x000000, 0x000000, 0x000000,
    0x000000, 0x000000, 0x00d082, 0x00d083, 0x00d084, 0x00d085, 0x00d086, 0x00d087, 0x00d088,
    0x00d089, 0x00d08a, 0x00d08b, 0x00d08c, 0x00d08e, 0x00d08f, 0x000000, 0x000000, 0x000000,
    0x000000, 0x000000, 0x000000, 0x000000, 0x000000, 0x000000, 0x000000, 0x000000, 0x000000,
    0x000000, 0x000000, 0x000000, 0x000000, 0x000000, 0x000000, 0x000000, 0x000000, 0x000000,
    0x000000, 0x000000, 0x000000, 0x000000, 0x000000, 0x000000, 0x000000, 0x000000, 0x000000,
    0x000000, 0x000000, 0x000000, 0x000000, 0x000000, 0x00d192, 0x00d193, 0x00d194, 0x00d195,
    0x00d196, 0x00d197, 0x00d198, 0x00d199, 0x00d19a, 0x00d19b, 0x00d19c, 0x00d19e, 0x00d19f,
    0x00c386, 0x00c490, 0x000000, 0x00c4a6, 0x000000, 0x00c4b2, 0x000000, 0x00c581, 0x00c4bf,
    0x000000, 0x00c58a, 0x00c398, 0x00c592, 0x000000, 0x00c5a6, 0x00c39e, 0x000000, 0x000000,
    0x000000, 0x000000, 0x000000, 0x000000, 0x000000, 0x000000, 0x000000, 0x000000, 0x000000,
    0x000000, 0x000000, 0x000000, 0x000000, 0x000000, 0x00c3a6, 0x00c491, 0x00c3b0, 0x00c4a7,
    0x00c4b1, 0x00c4b3, 0x00c4b8, 0x00c582, 0x00c580, 0x00c589, 0x00c58b, 0x00c3b8, 0x00c593,
    0x00c39f, 0x00c5a7, 0x00c3be, 0x000000, 0x000000, 0x000000, 0x000000, 0x000000, 0x000000,
    0x000000, 0x000000, 0x000000, 0x000000, 0x000000, 0x000000, 0x000000, 0x000000, 0x000000,
    0x000000, 0x000000, 0x000000, 0x000000, 0x000000, 0x000000, 0x000000, 0x000000, 0x000000,
    0x000000, 0x000000, 0x000000, 0x000000, 0x000000, 0x000000, 0x000000, 0x000000, 0x000000,
    0x000000, 0x000000, 0x000000, 0x000000, 0x000000, 0x000000, 0x000000, 0x000000, 0x000000,
    0x000000, 0x000000, 0x000000, 0x000000, 0x00c381, 0x00c380, 0x00c384, 0x00c382, 0x00c482,
    0x00c78d, 0x00c480, 0x00c484, 0x00c385, 0x00c383, 0x00c486, 0x00c488, 0x00c48c, 0x00c387,
    0x00c48a, 0x00c48e, 0x00c389, 0x00c388, 0x00c38b, 0x00c38a, 0x00c49a, 0x00c496, 0x00c492,
    0x00c498, 0x000000, 0x00c49c, 0x00c49e, 0x00c4a2, 0x00c4a0, 0x00c4a4, 0x00c38d, 0x00c38c,
    0x00c38f, 0x00c38e, 0x00c78f, 0x00c4b0, 0x00c4aa, 0x00c4ae, 0x00c4a8, 0x00c4b4, 0x00c4b6,
    0x00c4b9, 0x00c4bd, 0x00c4bb, 0x00c583, 0x00c587, 0x00c585, 0x00c391, 0x00c393, 0x00c392,
    0x00c396, 0x00c394, 0x00c791, 0x00c590, 0x00c58c, 0x00c395, 0x00c594, 0x00c598, 0x00c596,
    0x00c59a, 0x00c59c, 0x00c5a0, 0x00c59e, 0x00c5a4, 0x00c5a2, 0x00c39a, 0x00c399, 0x00c39c,
    0x00c39b, 0x00c5ac, 0x00c793, 0x00c5b0, 0x00c5aa, 0x00c5b2, 0x00c5ae, 0x00c5a8, 0x00c797,
    0x00c79b, 0x00c799, 0x00c795, 0x00c5b4, 0x00c39d, 0x00c5b8, 0x00c5b6, 0x00c5b9, 0x00c5bd,
    0x00c5bb, 0x000000, 0x000000, 0x000000, 0x000000, 0x000000, 0x000000, 0x000000, 0x00c3a1,
    0x00c3a0, 0x00c3a4, 0x00c3a2, 0x00c483, 0x00c78e, 0x00c481, 0x00c485, 0x00c3a5, 0x00c3a3,
    0x00c487, 0x00c489, 0x00c48d, 0x00c3a7, 0x00c48b, 0x00c48f, 0x00c3a9, 0x00c3a8, 0x00c3ab,
    0x00c3aa, 0x00c49b, 0x00c497, 0x00c493, 0x00c499, 0x00c7b5, 0x00c49d, 0x00c49f, 0x000000,
    0x00c4a1, 0x00c4a5, 0x00c3ad, 0x00c3ac, 0x00c3af, 0x00c3ae, 0x00c790, 0x000000, 0x00c4ab,
    0x00c4af, 0x00c4a9, 0x00c4b5, 0x00c4b7, 0x00c4ba, 0x00c4be, 0x00c4bc, 0x00c584, 0x00c588,
    0x00c586, 0x00c3b1, 0x00c3b3, 0x00c3b2, 0x00c3b6, 0x00c3b4, 0x00c792, 0x00c591, 0x00c58d,
    0x00c3b5, 0x00c595, 0x00c599, 0x00c597, 0x00c59b, 0x00c59d, 0x00c5a1, 0x00c59f, 0x00c5a5,
    0x00c5a3, 0x00c3ba, 0x00c3b9, 0x00c3bc, 0x00c3bb, 0x00c5ad, 0x00c794, 0x00c5b1, 0x00c5ab,
    0x00c5b3, 0x00c5af, 0x00c5a9, 0x00c798, 0x00c79c, 0x00c79a, 0x00c796, 0x00c5b5, 0x00c3bd,
    0x00c3bf, 0x00c5b7, 0x00c5ba, 0x00c5be, 0x00c5bc, 0x000000, 0x000000, 0x000000, 0x000000,
    0x000000, 0x000000, 0x000000, 0xe4b882, 0xe4b884, 0xe4b885, 0xe4b88c, 0xe4b892, 0xe4b89f,
    0xe4b8a3, 0xe4b8a4, 0xe4b8a8, 0xe4b8ab, 0xe4b8ae, 0xe4b8af, 0xe4b8b0, 0xe4b8b5, 0xe4b980,
    0xe4b981, 0xe4b984, 0xe4b987, 0xe4b991, 0xe4b99a, 0xe4b99c, 0xe4b9a3, 0xe4b9a8, 0xe4b9a9,
    0xe4b9b4, 0xe4b9b5, 0xe4b9b9, 0xe4b9bf, 0xe4ba8d, 0xe4ba96, 0xe4ba97, 0xe4ba9d, 0xe4baaf,
    0xe4bab9, 0xe4bb83, 0xe4bb90, 0xe4bb9a, 0xe4bb9b, 0xe4bba0, 0xe4bba1, 0xe4bba2, 0xe4bba8,
    0xe4bbaf, 0xe4bbb1, 0xe4bbb3, 0xe4bbb5, 0xe4bbbd, 0xe4bbbe, 0xe4bbbf, 0xe4bc80, 0xe4bc82,
    0xe4bc83, 0xe4bc88, 0xe4bc8b, 0xe4bc8c, 0xe4bc92, 0xe4bc95, 0xe4bc96, 0xe4bc97, 0xe4bc99,
    0xe4bcae, 0xe4bcb1, 0xe4bda0, 0xe4bcb3, 0xe4bcb5, 0xe4bcb7, 0xe4bcb9, 0xe4bcbb, 0xe4bcbe,
    0xe4bd80, 0xe4bd82, 0xe4bd88, 0xe4bd89, 0xe4bd8b, 0xe4bd8c, 0xe4bd92, 0xe4bd94, 0xe4bd96,
    0xe4bd98, 0xe4bd9f, 0xe4bda3, 0xe4bdaa, 0xe4bdac, 0xe4bdae, 0xe4bdb1, 0xe4bdb7, 0xe4bdb8,
    0xe4bdb9, 0xe4bdba, 0xe4bdbd, 0xe4bdbe, 0xe4be81, 0xe4be82, 0xe4be84, 0xe4be85, 0xe4be89,
    0xe4be8a, 0xe4be8c, 0xe4be8e, 0xe4be90, 0xe4be92, 0xe4be93, 0xe4be94, 0xe4be97, 0xe4be99,
    0xe4be9a, 0xe4be9e, 0xe4be9f, 0xe4beb2, 0xe4beb7, 0xe4beb9, 0xe4bebb, 0xe4bebc, 0xe4bebd,
    0xe4bebe, 0xe4bf80, 0xe4bf81, 0xe4bf85, 0xe4bf86, 0xe4bf88, 0xe4bf89, 0xe4bf8b, 0xe4bf8c,
    0xe4bf8d, 0xe4bf8f, 0xe4bf92, 0xe4bf9c, 0xe4bfa0, 0xe4bfa2, 0xe4bfb0, 0xe4bfb2, 0xe4bfbc,
    0xe4bfbd, 0xe4bfbf, 0xe58080, 0xe58081, 0xe58084, 0xe58087, 0xe5808a, 0xe5808c, 0xe5808e,
    0xe58090, 0xe58093, 0xe58097, 0xe58098, 0xe5809b, 0xe5809c, 0xe5809d, 0xe5809e, 0xe580a2,
    0xe580a7, 0xe580ae, 0xe580b0, 0xe580b2, 0xe580b3, 0xe580b5, 0xe58180, 0xe58181, 0xe58182,
    0xe58185, 0xe58186, 0xe5818a, 0xe5818c, 0xe5818e, 0xe58191, 0xe58192, 0xe58193, 0xe58197,
    0xe58199, 0xe5819f, 0xe581a0, 0xe581a2, 0xe581a3, 0xe581a6, 0xe581a7, 0xe581aa, 0xe581ad,
    0xe581b0, 0xe581b1, 0xe580bb, 0xe58281, 0xe58283, 0xe58284, 0xe58286, 0xe5828a, 0xe5828e,
    0xe5828f, 0xe58290, 0xe58292, 0xe58293, 0xe58294, 0xe58296, 0xe5829b, 0xe5829c, 0xe5829e,
    0xe5829f, 0xe582a0, 0xe582a1, 0xe582a2, 0xe582aa, 0xe582af, 0xe582b0, 0xe582b9, 0xe582ba,
    0xe582bd, 0xe58380, 0xe58383, 0xe58384, 0xe58387, 0xe5838c, 0xe5838e, 0xe58390, 0xe58393,
    0xe58394, 0xe58398, 0xe5839c, 0xe5839d, 0xe5839f, 0xe583a2, 0xe583a4, 0xe583a6, 0xe583a8,
    0xe583a9, 0xe583af, 0xe583b1, 0xe583b6, 0xe583ba, 0xe583be, 0xe58483, 0xe58486, 0xe58487,
    0xe58488, 0xe5848b, 0xe5848c, 0xe5848d, 0xe5848e, 0xe583b2, 0xe58490, 0xe58497, 0xe58499,
    0xe5849b, 0xe5849c, 0xe5849d, 0xe5849e, 0xe584a3, 0xe584a7, 0xe584a8, 0xe584ac, 0xe584ad,
    0xe584af, 0xe584b1, 0xe584b3, 0xe584b4, 0xe584b5, 0xe584b8, 0xe584b9, 0xe58582, 0xe5858a,
    0xe5858f, 0xe58593, 0xe58595, 0xe58597, 0xe58598, 0xe5859f, 0xe585a4, 0xe585a6, 0xe585be,
    0xe58683, 0xe58684, 0xe5868b, 0xe5868e, 0xe58698, 0xe5869d, 0xe586a1, 0xe586a3, 0xe586ad,
    0xe586b8, 0xe586ba, 0xe586bc, 0xe586be, 0xe586bf, 0xe58782, 0xe58788, 0xe5878f, 0xe58791,
    0xe58792, 0xe58793, 0xe58795, 0xe58798, 0xe5879e, 0xe587a2, 0xe587a5, 0xe587ae, 0xe587b2,
    0xe587b3, 0xe587b4, 0xe587b7, 0xe58881, 0xe58882, 0xe58885, 0xe58892, 0xe58893, 0xe58895,
    0xe58896, 0xe58898, 0xe588a2, 0xe588a8, 0xe588b1, 0xe588b2, 0xe588b5, 0xe588bc, 0xe58985,
    0xe58989, 0xe58995, 0xe58997, 0xe58998, 0xe5899a, 0xe5899c, 0xe5899f, 0xe589a0, 0xe589a1,
    0xe589a6, 0xe589ae, 0xe589b7, 0xe589b8, 0xe589b9, 0xe58a80, 0xe58a82, 0xe58a85, 0xe58a8a,
    0xe58a8c, 0xe58a93, 0xe58a95, 0xe58a96, 0xe58a97, 0xe58a98, 0xe58a9a, 0xe58a9c, 0xe58aa4,
    0xe58aa5, 0xe58aa6, 0xe58aa7, 0xe58aaf, 0xe58ab0, 0xe58ab6, 0xe58ab7, 0xe58ab8, 0xe58aba,
    0xe58abb, 0xe58abd, 0xe58b80, 0xe58b84, 0xe58b86, 0xe58b88, 0xe58b8c, 0xe58b8f, 0xe58b91,
    0xe58b94, 0xe58b96, 0xe58b9b, 0xe58b9c, 0xe58ba1, 0xe58ba5, 0xe58ba8, 0xe58ba9, 0xe58baa,
    0xe58bac, 0xe58bb0, 0xe58bb1, 0xe58bb4, 0xe58bb6, 0xe58bb7, 0xe58c80, 0xe58c83, 0xe58c8a,
    0xe58c8b, 0xe58c8c, 0xe58c91, 0xe58c93, 0xe58c98, 0xe58c9b, 0xe58c9c, 0xe58c9e, 0xe58c9f,
    0xe58ca5, 0xe58ca7, 0xe58ca8, 0xe58ca9, 0xe58cab, 0xe58cac, 0xe58cad, 0xe58cb0, 0xe58cb2,
    0xe58cb5, 0xe58cbc, 0xe58cbd, 0xe58cbe, 0xe58d82, 0xe58d8c, 0xe58d8b, 0xe58d99, 0xe58d9b,
    0xe58da1, 0xe58da3, 0xe58da5, 0xe58dac, 0xe58dad, 0xe58db2, 0xe58db9, 0xe58dbe, 0xe58e83,
    0xe58e87, 0xe58e88, 0xe58e8e, 0xe58e93, 0xe58e94, 0xe58e99, 0xe58e9d, 0xe58ea1, 0xe58ea4,
    0xe58eaa, 0xe58eab, 0xe58eaf, 0xe58eb2, 0xe58eb4, 0xe58eb5, 0xe58eb7, 0xe58eb8, 0xe58eba,
    0xe58ebd, 0xe58f80, 0xe58f85, 0xe58f8f, 0xe58f92, 0xe58f93, 0xe58f95, 0xe58f9a, 0xe58f9d,
    0xe58f9e, 0xe58fa0, 0xe58fa6, 0xe58fa7, 0xe58fb5, 0xe59082, 0xe59093, 0xe5909a, 0xe590a1,
    0xe590a7, 0xe590a8, 0xe590aa, 0xe590af, 0xe590b1, 0xe590b4, 0xe590b5, 0xe59183, 0xe59184,
    0xe59187, 0xe5918d, 0xe5918f, 0xe5919e, 0xe591a2, 0xe591a4, 0xe591a6, 0xe591a7, 0xe591a9,
    0xe591ab, 0xe591ad, 0xe591ae, 0xe591b4, 0xe591bf, 0xe59281, 0xe59283, 0xe59285, 0xe59288,
    0xe59289, 0xe5928d, 0xe59291, 0xe59295, 0xe59296, 0xe5929c, 0xe5929f, 0xe592a1, 0xe592a6,
    0xe592a7, 0xe592a9, 0xe592aa, 0xe592ad, 0xe592ae, 0xe592b1, 0xe592b7, 0xe592b9, 0xe592ba,
    0xe592bb, 0xe592bf, 0xe59386, 0xe5938a, 0xe5938d, 0xe5938e, 0xe593a0, 0xe593aa, 0xe593ac,
    0xe593af, 0xe593b6, 0xe593bc, 0xe593be, 0xe593bf, 0xe59480, 0xe59481, 0xe59485, 0xe59488,
    0xe59489, 0xe5948c, 0xe5948d, 0xe5948e, 0xe59495, 0xe594aa, 0xe594ab, 0xe594b2, 0xe594b5,
    0xe594b6, 0xe594bb, 0xe594bc, 0xe594bd, 0xe59581, 0xe59587, 0xe59589, 0xe5958a, 0xe5958d,
    0xe59590, 0xe59591, 0xe59598, 0xe5959a, 0xe5959b, 0xe5959e, 0xe595a0, 0xe595a1, 0xe595a4,
    0xe595a6, 0xe595bf, 0xe59681, 0xe59682, 0xe59686, 0xe59688, 0xe5968e, 0xe5968f, 0xe59691,
    0xe59692, 0xe59693, 0xe59694, 0xe59697, 0xe596a3, 0xe596a4, 0xe596ad, 0xe596b2, 0xe596bf,
    0xe59781, 0xe59783, 0xe59786, 0xe59789, 0xe5978b, 0xe5978c, 0xe5978e, 0xe59791, 0xe59792,
    0xe59793, 0xe59797, 0xe59798, 0xe5979b, 0xe5979e, 0xe597a2, 0xe597a9, 0xe597b6, 0xe597bf,
    0xe59885, 0xe59888, 0xe5988a, 0xe5988d, 0xe5988e, 0xe5988f, 0xe59890, 0xe59891, 0xe59892,
    0xe59899, 0xe598ac, 0xe598b0, 0xe598b3, 0xe598b5, 0xe598b7, 0xe598b9, 0xe598bb, 0xe598bc,
    0xe598bd, 0xe598bf, 0xe59980, 0xe59981, 0xe59983, 0xe59984, 0xe59986, 0xe59989, 0xe5998b,
    0xe5998d, 0xe5998f, 0xe59994, 0xe5999e, 0xe599a0, 0xe599a1, 0xe599a2, 0xe599a3, 0xe599a6,
    0xe599a9, 0xe599ad, 0xe599af, 0xe599b1, 0xe599b2, 0xe599b5, 0xe59a84, 0xe59a85, 0xe59a88,
    0xe59a8b, 0xe59a8c, 0xe59a95, 0xe59a99, 0xe59a9a, 0xe59a9d, 0xe59a9e, 0xe59a9f, 0xe59aa6,
    0xe59aa7, 0xe59aa8, 0xe59aa9, 0xe59aab, 0xe59aac, 0xe59aad, 0xe59ab1, 0xe59ab3, 0xe59ab7,
    0xe59abe, 0xe59b85, 0xe59b89, 0xe59b8a, 0xe59b8b, 0xe59b8f, 0xe59b90, 0xe59b8c, 0xe59b8d,
    0xe59b99, 0xe59b9c, 0xe59b9d, 0xe59b9f, 0xe59ba1, 0xe59ba4, 0xe59ba5, 0xe59ba6, 0xe59ba7,
    0xe59ba8, 0xe59bb1, 0xe59bab, 0xe59bad, 0xe59bb6, 0xe59bb7, 0xe59c81, 0xe59c82, 0xe59c87,
    0xe59c8a, 0xe59c8c, 0xe59c91, 0xe59c95, 0xe59c9a, 0xe59c9b, 0xe59c9d, 0xe59ca0, 0xe59ca2,
    0xe59ca3, 0xe59ca4, 0xe59ca5, 0xe59ca9, 0xe59caa, 0xe59cac, 0xe59cae, 0xe59caf, 0xe59cb3,
    0xe59cb4, 0xe59cbd, 0xe59cbe, 0xe59cbf, 0xe59d85, 0xe59d86, 0xe59d8c, 0xe59d8d, 0xe59d92,
    0xe59da2, 0xe59da5, 0xe59da7, 0xe59da8, 0xe59dab, 0xe59dad, 0xe59dae, 0xe59daf, 0xe59db0,
    0xe59db1, 0xe59db3, 0xe59db4, 0xe59db5, 0xe59db7, 0xe59db9, 0xe59dba, 0xe59dbb, 0xe59dbc,
    0xe59dbe, 0xe59e81, 0xe59e83, 0xe59e8c, 0xe59e94, 0xe59e97, 0xe59e99, 0xe59e9a, 0xe59e9c,
    0xe59e9d, 0xe59e9e, 0xe59e9f, 0xe59ea1, 0xe59e95, 0xe59ea7, 0xe59ea8, 0xe59ea9, 0xe59eac,
    0xe59eb8, 0xe59ebd, 0xe59f87, 0xe59f88, 0xe59f8c, 0xe59f8f, 0xe59f95, 0xe59f9d, 0xe59f9e,
    0xe59fa4, 0xe59fa6, 0xe59fa7, 0xe59fa9, 0xe59fad, 0xe59fb0, 0xe59fb5, 0xe59fb6, 0xe59fb8,
    0xe59fbd, 0xe59fbe, 0xe59fbf, 0xe5a083, 0xe5a084, 0xe5a088, 0xe5a089, 0xe59fa1, 0xe5a08c,
    0xe5a08d, 0xe5a09b, 0xe5a09e, 0xe5a09f, 0xe5a0a0, 0xe5a0a6, 0xe5a0a7, 0xe5a0ad, 0xe5a0b2,
    0xe5a0b9, 0xe5a0bf, 0xe5a189, 0xe5a18c, 0xe5a18d, 0xe5a18f, 0xe5a190, 0xe5a195, 0xe5a19f,
    0xe5a1a1, 0xe5a1a4, 0xe5a1a7, 0xe5a1a8, 0xe5a1b8, 0xe5a1bc, 0xe5a1bf, 0xe5a280, 0xe5a281,
    0xe5a287, 0xe5a288, 0xe5a289, 0xe5a28a, 0xe5a28c, 0xe5a28d, 0xe5a28f, 0xe5a290, 0xe5a294,
    0xe5a296, 0xe5a29d, 0xe5a2a0, 0xe5a2a1, 0xe5a2a2, 0xe5a2a6, 0xe5a2a9, 0xe5a2b1, 0xe5a2b2,
    0xe5a384, 0xe5a2bc, 0xe5a382, 0xe5a388, 0xe5a38d, 0xe5a38e, 0xe5a390, 0xe5a392, 0xe5a394,
    0xe5a396, 0xe5a39a, 0xe5a39d, 0xe5a3a1, 0xe5a3a2, 0xe5a3a9, 0xe5a3b3, 0xe5a485, 0xe5a486,
    0xe5a48b, 0xe5a48c, 0xe5a492, 0xe5a493, 0xe5a494, 0xe89981, 0xe5a49d, 0xe5a4a1, 0xe5a4a3,
    0xe5a4a4, 0xe5a4a8, 0xe5a4af, 0xe5a4b0, 0xe5a4b3, 0xe5a4b5, 0xe5a4b6, 0xe5a4bf, 0xe5a583,
    0xe5a586, 0xe5a592, 0xe5a593, 0xe5a599, 0xe5a59b, 0xe5a59d, 0xe5a59e, 0xe5a59f, 0xe5a5a1,
    0xe5a5a3, 0xe5a5ab, 0xe5a5ad, 0xe5a5af, 0xe5a5b2, 0xe5a5b5, 0xe5a5b6, 0xe5a5b9, 0xe5a5bb,
    0xe5a5bc, 0xe5a68b, 0xe5a68c, 0xe5a68e, 0xe5a692, 0xe5a695, 0xe5a697, 0xe5a69f, 0xe5a6a4,
    0xe5a6a7, 0xe5a6ad, 0xe5a6ae, 0xe5a6af, 0xe5a6b0, 0xe5a6b3, 0xe5a6b7, 0xe5a6ba, 0xe5a6bc,
    0xe5a781, 0xe5a783, 0xe5a784, 0xe5a788, 0xe5a78a, 0xe5a78d, 0xe5a792, 0xe5a79d, 0xe5a79e,
    0xe5a79f, 0xe5a7a3, 0xe5a7a4, 0xe5a7a7, 0xe5a7ae, 0xe5a7af, 0xe5a7b1, 0xe5a7b2, 0xe5a7b4,
    0xe5a7b7, 0xe5a880, 0xe5a884, 0xe5a88c, 0xe5a88d, 0xe5a88e, 0xe5a892, 0xe5a893, 0xe5a89e,
    0xe5a8a3, 0xe5a8a4, 0xe5a8a7, 0xe5a8a8, 0xe5a8aa, 0xe5a8ad, 0xe5a8b0, 0xe5a984, 0xe5a985,
    0xe5a987, 0xe5a988, 0xe5a98c, 0xe5a990, 0xe5a995, 0xe5a99e, 0xe5a9a3, 0xe5a9a5, 0xe5a9a7,
    0xe5a9ad, 0xe5a9b7, 0xe5a9ba, 0xe5a9bb, 0xe5a9be, 0xe5aa8b, 0xe5aa90, 0xe5aa93, 0xe5aa96,
    0xe5aa99, 0xe5aa9c, 0xe5aa9e, 0xe5aa9f, 0xe5aaa0, 0xe5aaa2, 0xe5aaa7, 0xe5aaac, 0xe5aab1,
    0xe5aab2, 0xe5aab3, 0xe5aab5, 0xe5aab8, 0xe5aaba, 0xe5aabb, 0xe5aabf, 0xe5ab84, 0xe5ab86,
    0xe5ab88, 0xe5ab8f, 0xe5ab9a, 0xe5ab9c, 0xe5aba0, 0xe5aba5, 0xe5abaa, 0xe5abae, 0xe5abb5,
    0xe5abb6, 0xe5abbd, 0xe5ac80, 0xe5ac81, 0xe5ac88, 0xe5ac97, 0xe5acb4, 0xe5ac99, 0xe5ac9b,
    0xe5ac9d, 0xe5aca1, 0xe5aca5, 0xe5acad, 0xe5acb8, 0xe5ad81, 0xe5ad8b, 0xe5ad8c, 0xe5ad92,
    0xe5ad96, 0xe5ad9e, 0xe5ada8, 0xe5adae, 0xe5adaf, 0xe5adbc, 0xe5adbd, 0xe5adbe, 0xe5adbf,
    0xe5ae81, 0xe5ae84, 0xe5ae86, 0xe5ae8a, 0xe5ae8e, 0xe5ae90, 0xe5ae91, 0xe5ae93, 0xe5ae94,
    0xe5ae96, 0xe5aea8, 0xe5aea9, 0xe5aeac, 0xe5aead, 0xe5aeaf, 0xe5aeb1, 0xe5aeb2, 0xe5aeb7,
    0xe5aeba, 0xe5aebc, 0xe5af80, 0xe5af81, 0xe5af8d, 0xe5af8f, 0xe5af96, 0xe5af97, 0xe5af98,
    0xe5af99, 0xe5af9a, 0xe5afa0, 0xe5afaf, 0xe5afb1, 0xe5afb4, 0xe5afbd, 0xe5b08c, 0xe5b097,
    0xe5b09e, 0xe5b09f, 0xe5b0a3, 0xe5b0a6, 0xe5b0a9, 0xe5b0ab, 0xe5b0ac, 0xe5b0ae, 0xe5b0b0,
    0xe5b0b2, 0xe5b0b5, 0xe5b0b6, 0xe5b199, 0xe5b19a, 0xe5b19c, 0xe5b1a2, 0xe5b1a3, 0xe5b1a7,
    0xe5b1a8, 0xe5b1a9, 0xe5b1ad, 0xe5b1b0, 0xe5b1b4, 0xe5b1b5, 0xe5b1ba, 0xe5b1bb, 0xe5b1bc,
    0xe5b1bd, 0xe5b287, 0xe5b288, 0xe5b28a, 0xe5b28f, 0xe5b292, 0xe5b29d, 0xe5b29f, 0xe5b2a0,
    0xe5b2a2, 0xe5b2a3, 0xe5b2a6, 0xe5b2aa, 0xe5b2b2, 0xe5b2b4, 0xe5b2b5, 0xe5b2ba, 0xe5b389,
    0xe5b38b, 0xe5b392, 0xe5b39d, 0xe5b397, 0xe5b3ae, 0xe5b3b1, 0xe5b3b2, 0xe5b3b4, 0xe5b481,
    0xe5b486, 0xe5b48d, 0xe5b492, 0xe5b4ab, 0xe5b4a3, 0xe5b4a4, 0xe5b4a6, 0xe5b4a7, 0xe5b4b1,
    0xe5b4b4, 0xe5b4b9, 0xe5b4bd, 0xe5b4bf, 0xe5b582, 0xe5b583, 0xe5b586, 0xe5b588, 0xe5b595,
    0xe5b591, 0xe5b599, 0xe5b58a, 0xe5b59f, 0xe5b5a0, 0xe5b5a1, 0xe5b5a2, 0xe5b5a4, 0xe5b5aa,
    0xe5b5ad, 0xe5b5b0, 0xe5b5b9, 0xe5b5ba, 0xe5b5be, 0xe5b5bf, 0xe5b681, 0xe5b683, 0xe5b688,
    0xe5b68a, 0xe5b692, 0xe5b693, 0xe5b694, 0xe5b695, 0xe5b699, 0xe5b69b, 0xe5b69f, 0xe5b6a0,
    0xe5b6a7, 0xe5b6ab, 0xe5b6b0, 0xe5b6b4, 0xe5b6b8, 0xe5b6b9, 0xe5b783, 0xe5b787, 0xe5b78b,
    0xe5b790, 0xe5b78e, 0xe5b798, 0xe5b799, 0xe5b7a0, 0xe5b7a4, 0xe5b7a9, 0xe5b7b8, 0xe5b7b9,
    0xe5b880, 0xe5b887, 0xe5b88d, 0xe5b892, 0xe5b894, 0xe5b895, 0xe5b898, 0xe5b89f, 0xe5b8a0,
    0xe5b8ae, 0xe5b8a8, 0xe5b8b2, 0xe5b8b5, 0xe5b8be, 0xe5b98b, 0xe5b990, 0xe5b989, 0xe5b991,
    0xe5b996, 0xe5b998, 0xe5b99b, 0xe5b99c, 0xe5b99e, 0xe5b9a8, 0xe5b9aa, 0xe5b9ab, 0xe5b9ac,
    0xe5b9ad, 0xe5b9ae, 0xe5b9b0, 0xe5ba80, 0xe5ba8b, 0xe5ba8e, 0xe5baa2, 0xe5baa4, 0xe5baa5,
    0xe5baa8, 0xe5baaa, 0xe5baac, 0xe5bab1, 0xe5bab3, 0xe5babd, 0xe5babe, 0xe5babf, 0xe5bb86,
    0xe5bb8c, 0xe5bb8b, 0xe5bb8e, 0xe5bb91, 0xe5bb92, 0xe5bb94, 0xe5bb95, 0xe5bb9c, 0xe5bb9e,
    0xe5bba5, 0xe5bbab, 0xe5bc82, 0xe5bc86, 0xe5bc87, 0xe5bc88, 0xe5bc8e, 0xe5bc99, 0xe5bc9c,
    0xe5bc9d, 0xe5bca1, 0xe5bca2, 0xe5bca3, 0xe5bca4, 0xe5bca8, 0xe5bcab, 0xe5bcac, 0xe5bcae,
    0xe5bcb0, 0xe5bcb4, 0xe5bcb6, 0xe5bcbb, 0xe5bcbd, 0xe5bcbf, 0xe5bd80, 0xe5bd84, 0xe5bd85,
    0xe5bd87, 0xe5bd8d, 0xe5bd90, 0xe5bd94, 0xe5bd98, 0xe5bd9b, 0xe5bda0, 0xe5bda3, 0xe5bda4,
    0xe5bda7, 0xe5bdaf, 0xe5bdb2, 0xe5bdb4, 0xe5bdb5, 0xe5bdb8, 0xe5bdba, 0xe5bdbd, 0xe5bdbe,
    0xe5be89, 0xe5be8d, 0xe5be8f, 0xe5be96, 0xe5be9c, 0xe5be9d, 0xe5bea2, 0xe5bea7, 0xe5beab,
    0xe5bea4, 0xe5beac, 0xe5beaf, 0xe5beb0, 0xe5beb1, 0xe5beb8, 0xe5bf84, 0xe5bf87, 0xe5bf88,
    0xe5bf89, 0xe5bf8b, 0xe5bf90, 0xe5bf91, 0xe5bf92, 0xe5bf93, 0xe5bf94, 0xe5bf9e, 0xe5bfa1,
    0xe5bfa2, 0xe5bfa8, 0xe5bfa9, 0xe5bfaa, 0xe5bfac, 0xe5bfad, 0xe5bfae, 0xe5bfaf, 0xe5bfb2,
    0xe5bfb3, 0xe5bfb6, 0xe5bfba, 0xe5bfbc, 0xe68087, 0xe6808a, 0xe6808d, 0xe68093, 0xe68094,
    0xe68097, 0xe68098, 0xe6809a, 0xe6809f, 0xe680a4, 0xe680ad, 0xe680b3, 0xe680b5, 0xe68180,
    0xe68187, 0xe68188, 0xe68189, 0xe6818c, 0xe68191, 0xe68194, 0xe68196, 0xe68197, 0xe6819d,
    0xe681a1, 0xe681a7, 0xe681b1, 0xe681be, 0xe681bf, 0xe68282, 0xe68286, 0xe68288, 0xe6828a,
    0xe6828e, 0xe68291, 0xe68293, 0xe68295, 0xe68298, 0xe6829d, 0xe6829e, 0xe682a2, 0xe682a4,
    0xe682a5, 0xe682a8, 0xe682b0, 0xe682b1, 0xe682b7, 0xe682bb, 0xe682be, 0xe68382, 0xe68384,
    0xe68388, 0xe68389, 0xe6838a, 0xe6838b, 0xe6838e, 0xe6838f, 0xe68394, 0xe68395, 0xe68399,
    0xe6839b, 0xe6839d, 0xe6839e, 0xe683a2, 0xe683a5, 0xe683b2, 0xe683b5, 0xe683b8, 0xe683bc,
    0xe683bd, 0xe68482, 0xe68487, 0xe6848a, 0xe6848c, 0xe68490, 0xe68491, 0xe68492, 0xe68493,
    0xe68494, 0xe68496, 0xe68497, 0xe68499, 0xe6849c, 0xe6849e, 0xe684a2, 0xe684aa, 0xe684ab,
    0xe684b0, 0xe684b1, 0xe684b5, 0xe684b6, 0xe684b7, 0xe684b9, 0xe68581, 0xe68585, 0xe68586,
    0xe68589, 0xe6859e, 0xe685a0, 0xe685ac, 0xe685b2, 0xe685b8, 0xe685bb, 0xe685bc, 0xe685bf,
    0xe68680, 0xe68681, 0xe68683, 0xe68684, 0xe6868b, 0xe6868d, 0xe68692, 0xe68693, 0xe68697,
    0xe68698, 0xe6869c, 0xe6869d, 0xe6869f, 0xe686a0, 0xe686a5, 0xe686a8, 0xe686aa, 0xe686ad,
    0xe686b8, 0xe686b9, 0xe686bc, 0xe68780, 0xe68781, 0xe68782, 0xe6878e, 0xe6878f, 0xe68795,
    0xe6879c, 0xe6879d, 0xe6879e, 0xe6879f, 0xe687a1, 0xe687a2, 0xe687a7, 0xe687a9, 0xe687a5,
    0xe687ac, 0xe687ad, 0xe687af, 0xe68881, 0xe68883, 0xe68884, 0xe68887, 0xe68893, 0xe68895,
    0xe6889c, 0xe688a0, 0xe688a2, 0xe688a3, 0xe688a7, 0xe688a9, 0xe688ab, 0xe688b9, 0xe688bd,
    0xe68982, 0xe68983, 0xe68984, 0xe68986, 0xe6898c, 0xe68990, 0xe68991, 0xe68992, 0xe68994,
    0xe68996, 0xe6899a, 0xe6899c, 0xe689a4, 0xe689ad, 0xe689af, 0xe689b3, 0xe689ba, 0xe689bd,
    0xe68a8d, 0xe68a8e, 0xe68a8f, 0xe68a90, 0xe68aa6, 0xe68aa8, 0xe68ab3, 0xe68ab6, 0xe68ab7,
    0xe68aba, 0xe68abe, 0xe68abf, 0xe68b84, 0xe68b8e, 0xe68b95, 0xe68b96, 0xe68b9a, 0xe68baa,
    0xe68bb2, 0xe68bb4, 0xe68bbc, 0xe68bbd, 0xe68c83, 0xe68c84, 0xe68c8a, 0xe68c8b, 0xe68c8d,
    0xe68c90, 0xe68c93, 0xe68c96, 0xe68c98, 0xe68ca9, 0xe68caa, 0xe68cad, 0xe68cb5, 0xe68cb6,
    0xe68cb9, 0xe68cbc, 0xe68d81, 0xe68d82, 0xe68d83, 0xe68d84, 0xe68d86, 0xe68d8a, 0xe68d8b,
    0xe68d8e, 0xe68d92, 0xe68d93, 0xe68d94, 0xe68d98, 0xe68d9b, 0xe68da5, 0xe68da6, 0xe68dac,
    0xe68dad, 0xe68db1, 0xe68db4, 0xe68db5, 0xe68db8, 0xe68dbc, 0xe68dbd, 0xe68dbf, 0xe68e82,
    0xe68e84, 0xe68e87, 0xe68e8a, 0xe68e90, 0xe68e94, 0xe68e95, 0xe68e99, 0xe68e9a, 0xe68e9e,
    0xe68ea4, 0xe68ea6, 0xe68ead, 0xe68eae, 0xe68eaf, 0xe68ebd, 0xe68f81, 0xe68f85, 0xe68f88,
    0xe68f8e, 0xe68f91, 0xe68f93, 0xe68f94, 0xe68f95, 0xe68f9c, 0xe68fa0, 0xe68fa5, 0xe68faa,
    0xe68fac, 0xe68fb2, 0xe68fb3, 0xe68fb5, 0xe68fb8, 0xe68fb9, 0xe69089, 0xe6908a, 0xe69090,
    0xe69092, 0xe69094, 0xe69098, 0xe6909e, 0xe690a0, 0xe690a2, 0xe690a4, 0xe690a5, 0xe690a9,
    0xe690aa, 0xe690af, 0xe690b0, 0xe690b5, 0xe690bd, 0xe690bf, 0xe6918b, 0xe6918f, 0xe69191,
    0xe69192, 0xe69193, 0xe69194, 0xe6919a, 0xe6919b, 0xe6919c, 0xe6919d, 0xe6919f, 0xe691a0,
    0xe691a1, 0xe691a3, 0xe691ad, 0xe691b3, 0xe691b4, 0xe691bb, 0xe691bd, 0xe69285, 0xe69287,
    0xe6928f, 0xe69290, 0xe69291, 0xe69298, 0xe69299, 0xe6929b, 0xe6929d, 0xe6929f, 0xe692a1,
    0xe692a3, 0xe692a6, 0xe692a8, 0xe692ac, 0xe692b3, 0xe692bd, 0xe692be, 0xe692bf, 0xe69384,
    0xe69389, 0xe6938a, 0xe6938b, 0xe6938c, 0xe6938e, 0xe69390, 0xe69391, 0xe69395, 0xe69397,
    0xe693a4, 0xe693a5, 0xe693a9, 0xe693aa, 0xe693ad, 0xe693b0, 0xe693b5, 0xe693b7, 0xe693bb,
    0xe693bf, 0xe69481, 0xe69484, 0xe69488, 0xe69489, 0xe6948a, 0xe6948f, 0xe69493, 0xe69494,
    0xe69496, 0xe69499, 0xe6949b, 0xe6949e, 0xe6949f, 0xe694a2, 0xe694a6, 0xe694a9, 0xe694ae,
    0xe694b1, 0xe694ba, 0xe694bc, 0xe694bd, 0xe69583, 0xe69587, 0xe69589, 0xe69590, 0xe69592,
    0xe69594, 0xe6959f, 0xe695a0, 0xe695a7, 0xe695ab, 0xe695ba, 0xe695bd, 0xe69681, 0xe69685,
    0xe6968a, 0xe69692, 0xe69695, 0xe69698, 0xe6969d, 0xe696a0, 0xe696a3, 0xe696a6, 0xe696ae,
    0xe696b2, 0xe696b3, 0xe696b4, 0xe696bf, 0xe69782, 0xe69788, 0xe69789, 0xe6978e, 0xe69790,
    0xe69794, 0xe69796, 0xe69798, 0xe6979f, 0xe697b0, 0xe697b2, 0xe697b4, 0xe697b5, 0xe697b9,
    0xe697be, 0xe697bf, 0xe69880, 0xe69884, 0xe69888, 0xe69889, 0xe6988d, 0xe69891, 0xe69892,
    0xe69895, 0xe69896, 0xe6989d, 0xe6989e, 0xe698a1, 0xe698a2, 0xe698a3, 0xe698a4, 0xe698a6,
    0xe698a9, 0xe698aa, 0xe698ab, 0xe698ac, 0xe698ae, 0xe698b0, 0xe698b1, 0xe698b3, 0xe698b9,
    0xe698b7, 0xe69980, 0xe69985, 0xe69986, 0xe6998a, 0xe6998c, 0xe69991, 0xe6998e, 0xe69997,
    0xe69998, 0xe69999, 0xe6999b, 0xe6999c, 0xe699a0, 0xe699a1, 0xe69bbb, 0xe699aa, 0xe699ab,
    0xe699ac, 0xe699be, 0xe699b3, 0xe699b5, 0xe699bf, 0xe699b7, 0xe699b8, 0xe699b9, 0xe699bb,
    0xe69a80, 0xe699bc, 0xe69a8b, 0xe69a8c, 0xe69a8d, 0xe69a90, 0xe69a92, 0xe69a99, 0xe69a9a,
    0xe69a9b, 0xe69a9c, 0xe69a9f, 0xe69aa0, 0xe69aa4, 0xe69aad, 0xe69ab1, 0xe69ab2, 0xe69ab5,
    0xe69abb, 0xe69abf, 0xe69b80, 0xe69b82, 0xe69b83, 0xe69b88, 0xe69b8c, 0xe69b8e, 0xe69b8f,
    0xe69b94, 0xe69b9b, 0xe69b9f, 0xe69ba8, 0xe69bab, 0xe69bac, 0xe69bae, 0xe69bba, 0xe69c85,
    0xe69c87, 0xe69c8e, 0xe69c93, 0xe69c99, 0xe69c9c, 0xe69ca0, 0xe69ca2, 0xe69cb3, 0xe69cbe,
    0xe69d85, 0xe69d87, 0xe69d88, 0xe69d8c, 0xe69d94, 0xe69d95, 0xe69d9d, 0xe69da6, 0xe69dac,
    0xe69dae, 0xe69db4, 0xe69db6, 0xe69dbb, 0xe69e81, 0xe69e84, 0xe69e8e, 0xe69e8f, 0xe69e91,
    0xe69e93, 0xe69e96, 0xe69e98, 0xe69e99, 0xe69e9b, 0xe69eb0, 0xe69eb1, 0xe69eb2, 0xe69eb5,
    0xe69ebb, 0xe69ebc, 0xe69ebd, 0xe69fb9, 0xe69f80, 0xe69f82, 0xe69f83, 0xe69f85, 0xe69f88,
    0xe69f89, 0xe69f92, 0xe69f97, 0xe69f99, 0xe69f9c, 0xe69fa1, 0xe69fa6, 0xe69fb0, 0xe69fb2,
    0xe69fb6, 0xe69fb7, 0xe6a192, 0xe6a094, 0xe6a099, 0xe6a09d, 0xe6a09f, 0xe6a0a8, 0xe6a0a7,
    0xe6a0ac, 0xe6a0ad, 0xe6a0af, 0xe6a0b0, 0xe6a0b1, 0xe6a0b3, 0xe6a0bb, 0xe6a0bf, 0xe6a184,
    0xe6a185, 0xe6a18a, 0xe6a18c, 0xe6a195, 0xe6a197, 0xe6a198, 0xe6a19b, 0xe6a1ab, 0xe6a1ae,
    0xe6a1af, 0xe6a1b0, 0xe6a1b1, 0xe6a1b2, 0xe6a1b5, 0xe6a1b9, 0xe6a1ba, 0xe6a1bb, 0xe6a1bc,
    0xe6a282, 0xe6a284, 0xe6a286, 0xe6a288, 0xe6a296, 0xe6a298, 0xe6a29a, 0xe6a29c, 0xe6a2a1,
    0xe6a2a3, 0xe6a2a5, 0xe6a2a9, 0xe6a2aa, 0xe6a2ae, 0xe6a2b2, 0xe6a2bb, 0xe6a385, 0xe6a388,
    0xe6a38c, 0xe6a38f, 0xe6a390, 0xe6a391, 0xe6a393, 0xe6a396, 0xe6a399, 0xe6a39c, 0xe6a39d,
    0xe6a3a5, 0xe6a3a8, 0xe6a3aa, 0xe6a3ab, 0xe6a3ac, 0xe6a3ad, 0xe6a3b0, 0xe6a3b1, 0xe6a3b5,
    0xe6a3b6, 0xe6a3bb, 0xe6a3bc, 0xe6a3bd, 0xe6a486, 0xe6a489, 0xe6a48a, 0xe6a490, 0xe6a491,
    0xe6a493, 0xe6a496, 0xe6a497, 0xe6a4b1, 0xe6a4b3, 0xe6a4b5, 0xe6a4b8, 0xe6a4bb, 0xe6a582,
    0xe6a585, 0xe6a589, 0xe6a58e, 0xe6a597, 0xe6a59b, 0xe6a5a3, 0xe6a5a4, 0xe6a5a5, 0xe6a5a6,
    0xe6a5a8, 0xe6a5a9, 0xe6a5ac, 0xe6a5b0, 0xe6a5b1, 0xe6a5b2, 0xe6a5ba, 0xe6a5bb, 0xe6a5bf,
    0xe6a680, 0xe6a68d, 0xe6a692, 0xe6a696, 0xe6a698, 0xe6a6a1, 0xe6a6a5, 0xe6a6a6, 0xe6a6a8,
    0xe6a6ab, 0xe6a6ad, 0xe6a6af, 0xe6a6b7, 0xe6a6b8, 0xe6a6ba, 0xe6a6bc, 0xe6a785, 0xe6a788,
    0xe6a791, 0xe6a796, 0xe6a797, 0xe6a7a2, 0xe6a7a5, 0xe6a7ae, 0xe6a7af, 0xe6a7b1, 0xe6a7b3,
    0xe6a7b5, 0xe6a7be, 0xe6a880, 0xe6a881, 0xe6a883, 0xe6a88f, 0xe6a891, 0xe6a895, 0xe6a89a,
    0xe6a89d, 0xe6a8a0, 0xe6a8a4, 0xe6a8a8, 0xe6a8b0, 0xe6a8b2, 0xe6a8b4, 0xe6a8b7, 0xe6a8bb,
    0xe6a8be, 0xe6a8bf, 0xe6a985, 0xe6a986, 0xe6a989, 0xe6a98a, 0xe6a98e, 0xe6a990, 0xe6a991,
    0xe6a992, 0xe6a995, 0xe6a996, 0xe6a99b, 0xe6a9a4, 0xe6a9a7, 0xe6a9aa, 0xe6a9b1, 0xe6a9b3,
    0xe6a9be, 0xe6aa81, 0xe6aa83, 0xe6aa86, 0xe6aa87, 0xe6aa89, 0xe6aa8b, 0xe6aa91, 0xe6aa9b,
    0xe6aa9d, 0xe6aa9e, 0xe6aa9f, 0xe6aaa5, 0xe6aaab, 0xe6aaaf, 0xe6aab0, 0xe6aab1, 0xe6aab4,
    0xe6aabd, 0xe6aabe, 0xe6aabf, 0xe6ab86, 0xe6ab89, 0xe6ab88, 0xe6ab8c, 0xe6ab90, 0xe6ab94,
    0xe6ab95, 0xe6ab96, 0xe6ab9c, 0xe6ab9d, 0xe6aba4, 0xe6aba7, 0xe6abac, 0xe6abb0, 0xe6abb1,
    0xe6abb2, 0xe6abbc, 0xe6abbd, 0xe6ac82, 0xe6ac83, 0xe6ac86, 0xe6ac87, 0xe6ac89, 0xe6ac8f,
    0xe6ac90, 0xe6ac91, 0xe6ac97, 0xe6ac9b, 0xe6ac9e, 0xe6aca4, 0xe6aca8, 0xe6acab, 0xe6acac,
    0xe6acaf, 0xe6acb5, 0xe6acb6, 0xe6acbb, 0xe6acbf, 0xe6ad86, 0xe6ad8a, 0xe6ad8d, 0xe6ad92,
    0xe6ad96, 0xe6ad98, 0xe6ad9d, 0xe6ada0, 0xe6ada7, 0xe6adab, 0xe6adae, 0xe6adb0, 0xe6adb5,
    0xe6adbd, 0xe6adbe, 0xe6ae82, 0xe6ae85, 0xe6ae97, 0xe6ae9b, 0xe6ae9f, 0xe6aea0, 0xe6aea2,
    0xe6aea3, 0xe6aea8, 0xe6aea9, 0xe6aeac, 0xe6aead, 0xe6aeae, 0xe6aeb0, 0xe6aeb8, 0xe6aeb9,
    0xe6aebd, 0xe6aebe, 0xe6af83, 0xe6af84, 0xe6af89, 0xe6af8c, 0xe6af96, 0xe6af9a, 0xe6afa1,
    0xe6afa3, 0xe6afa6, 0xe6afa7, 0xe6afae, 0xe6afb1, 0xe6afb7, 0xe6afb9, 0xe6afbf, 0xe6b082,
    0xe6b084, 0xe6b085, 0xe6b089, 0xe6b08d, 0xe6b08e, 0xe6b090, 0xe6b092, 0xe6b099, 0xe6b09f,
    0xe6b0a6, 0xe6b0a7, 0xe6b0a8, 0xe6b0ac, 0xe6b0ae, 0xe6b0b3, 0xe6b0b5, 0xe6b0b6, 0xe6b0ba,
    0xe6b0bb, 0xe6b0bf, 0xe6b18a, 0xe6b18b, 0xe6b18d, 0xe6b18f, 0xe6b192, 0xe6b194, 0xe6b199,
    0xe6b19b, 0xe6b19c, 0xe6b1ab, 0xe6b1ad, 0xe6b1af, 0xe6b1b4, 0xe6b1b6, 0xe6b1b8, 0xe6b1b9,
    0xe6b1bb, 0xe6b285, 0xe6b286, 0xe6b287, 0xe6b289, 0xe6b294, 0xe6b295, 0xe6b297, 0xe6b298,
    0xe6b29c, 0xe6b29f, 0xe6b2b0, 0xe6b2b2, 0xe6b2b4, 0xe6b382, 0xe6b386, 0xe6b38d, 0xe6b38f,
    0xe6b390, 0xe6b391, 0xe6b392, 0xe6b394, 0xe6b396, 0xe6b39a, 0xe6b39c, 0xe6b3a0, 0xe6b3a7,
    0xe6b3a9, 0xe6b3ab, 0xe6b3ac, 0xe6b3ae, 0xe6b3b2, 0xe6b3b4, 0xe6b484, 0xe6b487, 0xe6b48a,
    0xe6b48e, 0xe6b48f, 0xe6b491, 0xe6b493, 0xe6b49a, 0xe6b4a6, 0xe6b4a7, 0xe6b4a8, 0xe6b1a7,
    0xe6b4ae, 0xe6b4af, 0xe6b4b1, 0xe6b4b9, 0xe6b4bc, 0xe6b4bf, 0xe6b597, 0xe6b59e, 0xe6b59f,
    0xe6b5a1, 0xe6b5a5, 0xe6b5a7, 0xe6b5af, 0xe6b5b0, 0xe6b5bc, 0xe6b682, 0xe6b687, 0xe6b691,
    0xe6b692, 0xe6b694, 0xe6b696, 0xe6b697, 0xe6b698, 0xe6b6aa, 0xe6b6ac, 0xe6b6b4, 0xe6b6b7,
    0xe6b6b9, 0xe6b6bd, 0xe6b6bf, 0xe6b784, 0xe6b788, 0xe6b78a, 0xe6b78e, 0xe6b78f, 0xe6b796,
    0xe6b79b, 0xe6b79d, 0xe6b79f, 0xe6b7a0, 0xe6b7a2, 0xe6b7a5, 0xe6b7a9, 0xe6b7af, 0xe6b7b0,
    0xe6b7b4, 0xe6b7b6, 0xe6b7bc, 0xe6b880, 0xe6b884, 0xe6b89e, 0xe6b8a2, 0xe6b8a7, 0xe6b8b2,
    0xe6b8b6, 0xe6b8b9, 0xe6b8bb, 0xe6b8bc, 0xe6b984, 0xe6b985, 0xe6b988, 0xe6b989, 0xe6b98b,
    0xe6b98f, 0xe6b991, 0xe6b992, 0xe6b993, 0xe6b994, 0xe6b997, 0xe6b99c, 0xe6b99d, 0xe6b99e,
    0xe6b9a2, 0xe6b9a3, 0xe6b9a8, 0xe6b9b3, 0xe6b9bb, 0xe6b9bd, 0xe6ba8d, 0xe6ba93, 0xe6ba99,
    0xe6baa0, 0xe6baa7, 0xe6baad, 0xe6baae, 0xe6bab1, 0xe6bab3, 0xe6babb, 0xe6babf, 0xe6bb80,
    0xe6bb81, 0xe6bb83, 0xe6bb87, 0xe6bb88, 0xe6bb8a, 0xe6bb8d, 0xe6bb8e, 0xe6bb8f, 0xe6bbab,
    0xe6bbad, 0xe6bbae, 0xe6bbb9, 0xe6bbbb, 0xe6bbbd, 0xe6bc84, 0xe6bc88, 0xe6bc8a, 0xe6bc8c,
    0xe6bc8d, 0xe6bc96, 0xe6bc98, 0xe6bc9a, 0xe6bc9b, 0xe6bca6, 0xe6bca9, 0xe6bcaa, 0xe6bcaf,
    0xe6bcb0, 0xe6bcb3, 0xe6bcb6, 0xe6bcbb, 0xe6bcbc, 0xe6bcad, 0xe6bd8f, 0xe6bd91, 0xe6bd92,
    0xe6bd93, 0xe6bd97, 0xe6bd99, 0xe6bd9a, 0xe6bd9d, 0xe6bd9e, 0xe6bda1, 0xe6bda2, 0xe6bda8,
    0xe6bdac, 0xe6bdbd, 0xe6bdbe, 0xe6be83, 0xe6be87, 0xe6be88, 0xe6be8b, 0xe6be8c, 0xe6be8d,
    0xe6be90, 0xe6be92, 0xe6be93, 0xe6be94, 0xe6be96, 0xe6be9a, 0xe6be9f, 0xe6bea0, 0xe6bea5,
    0xe6bea6, 0xe6bea7, 0xe6bea8, 0xe6beae, 0xe6beaf, 0xe6beb0, 0xe6beb5, 0xe6beb6, 0xe6bebc,
    0xe6bf85, 0xe6bf87, 0xe6bf88, 0xe6bf8a, 0xe6bf9a, 0xe6bf9e, 0xe6bfa8, 0xe6bfa9, 0xe6bfb0,
    0xe6bfb5, 0xe6bfb9, 0xe6bfbc, 0xe6bfbd, 0xe78080, 0xe78085, 0xe78086, 0xe78087, 0xe7808d,
    0xe78097, 0xe780a0, 0xe780a3, 0xe780af, 0xe780b4, 0xe780b7, 0xe780b9, 0xe780bc, 0xe78183,
    0xe78184, 0xe78188, 0xe78189, 0xe7818a, 0xe7818b, 0xe78194, 0xe78195, 0xe7819d, 0xe7819e,
    0xe7818e, 0xe781a4, 0xe781a5, 0xe781ac, 0xe781ae, 0xe781b5, 0xe781b6, 0xe781be, 0xe78281,
    0xe78285, 0xe78286, 0xe78294, 0xe78295, 0xe78296, 0xe78297, 0xe78298, 0xe7829b, 0xe782a4,
    0xe782ab, 0xe782b0, 0xe782b1, 0xe782b4, 0xe782b7, 0xe7838a, 0xe78391, 0xe78393, 0xe78394,
    0xe78395, 0xe78396, 0xe78398, 0xe7839c, 0xe783a4, 0xe783ba, 0xe78483, 0xe78484, 0xe78485,
    0xe78486, 0xe78487, 0xe7848b, 0xe7848c, 0xe7848f, 0xe7849e, 0xe784a0, 0xe784ab, 0xe784ad,
    0xe784af, 0xe784b0, 0xe784b1, 0xe784b8, 0xe78581, 0xe78585, 0xe78586, 0xe78587, 0xe7858a,
    0xe7858b, 0xe78590, 0xe78592, 0xe78597, 0xe7859a, 0xe7859c, 0xe7859e, 0xe785a0, 0xe785a8,
    0xe785b9, 0xe78680, 0xe78685, 0xe78687, 0xe7868c, 0xe78692, 0xe7869a, 0xe7869b, 0xe786a0,
    0xe786a2, 0xe786af, 0xe786b0, 0xe786b2, 0xe786b3, 0xe786ba, 0xe786bf, 0xe78780, 0xe78781,
    0xe78784, 0xe7878b, 0xe7878c, 0xe78793, 0xe78796, 0xe78799, 0xe7879a, 0xe7879c, 0xe787b8,
    0xe787be, 0xe78880, 0xe78887, 0xe78888, 0xe78889, 0xe78893, 0xe78897, 0xe7889a, 0xe7889d,
    0xe7889f, 0xe788a4, 0xe788ab, 0xe788af, 0xe788b4, 0xe788b8, 0xe788b9, 0xe78981, 0xe78982,
    0xe78983, 0xe78985, 0xe7898e, 0xe7898f, 0xe78990, 0xe78993, 0xe78995, 0xe78996, 0xe7899a,
    0xe7899c, 0xe7899e, 0xe789a0, 0xe789a3, 0xe789a8, 0xe789ab, 0xe789ae, 0xe789af, 0xe789b1,
    0xe789b7, 0xe789b8, 0xe789bb, 0xe789bc, 0xe789bf, 0xe78a84, 0xe78a89, 0xe78a8d, 0xe78a8e,
    0xe78a93, 0xe78a9b, 0xe78aa8, 0xe78aad, 0xe78aae, 0xe78ab1, 0xe78ab4, 0xe78abe, 0xe78b81,
    0xe78b87, 0xe78b89, 0xe78b8c, 0xe78b95, 0xe78b96, 0xe78b98, 0xe78b9f, 0xe78ba5, 0xe78bb3,
    0xe78bb4, 0xe78bba, 0xe78bbb, 0xe78bbe, 0xe78c82, 0xe78c84, 0xe78c85, 0xe78c87, 0xe78c8b,
    0xe78c8d, 0xe78c92, 0xe78c93, 0xe78c98, 0xe78c99, 0xe78c9e, 0xe78ca2, 0xe78ca4, 0xe78ca7,
    0xe78ca8, 0xe78cac, 0xe78cb1, 0xe78cb2, 0xe78cb5, 0xe78cba, 0xe78cbb, 0xe78cbd, 0xe78d83,
    0xe78d8d, 0xe78d90, 0xe78d92, 0xe78d96, 0xe78d98, 0xe78d9d, 0xe78d9e, 0xe78d9f, 0xe78da0,
    0xe78da6, 0xe78da7, 0xe78da9, 0xe78dab, 0xe78dac, 0xe78dae, 0xe78daf, 0xe78db1, 0xe78db7,
    0xe78db9, 0xe78dbc, 0xe78e80, 0xe78e81, 0xe78e83, 0xe78e85, 0xe78e86, 0xe78e8e, 0xe78e90,
    0xe78e93, 0xe78e95, 0xe78e97, 0xe78e98, 0xe78e9c, 0xe78e9e, 0xe78e9f, 0xe78ea0, 0xe78ea2,
    0xe78ea5, 0xe78ea6, 0xe78eaa, 0xe78eab, 0xe78ead, 0xe78eb5, 0xe78eb7, 0xe78eb9, 0xe78ebc,
    0xe78ebd, 0xe78ebf, 0xe78f85, 0xe78f86, 0xe78f89, 0xe78f8b, 0xe78f8c, 0xe78f8f, 0xe78f92,
    0xe78f93, 0xe78f96, 0xe78f99, 0xe78f9d, 0xe78fa1, 0xe78fa3, 0xe78fa6, 0xe78fa7, 0xe78fa9,
    0xe78fb4, 0xe78fb5, 0xe78fb7, 0xe78fb9, 0xe78fba, 0xe78fbb, 0xe78fbd, 0xe78fbf, 0xe79080,
    0xe79081, 0xe79084, 0xe79087, 0xe7908a, 0xe79091, 0xe7909a, 0xe7909b, 0xe790a4, 0xe790a6,
    0xe790a8, 0xe790a9, 0xe790aa, 0xe790ab, 0xe790ac, 0xe790ad, 0xe790ae, 0xe790af, 0xe790b0,
    0xe790b1, 0xe790b9, 0xe79180, 0xe79183, 0xe79184, 0xe79186, 0xe79187, 0xe7918b, 0xe7918d,
    0xe79191, 0xe79192, 0xe79197, 0xe7919d, 0xe791a2, 0xe791a6, 0xe791a7, 0xe791a8, 0xe791ab,
    0xe791ad, 0xe791ae, 0xe791b1, 0xe791b2, 0xe79280, 0xe79281, 0xe79285, 0xe79286, 0xe79287,
    0xe79289, 0xe7928f, 0xe79290, 0xe79291, 0xe79292, 0xe79298, 0xe79299, 0xe7929a, 0xe7929c,
    0xe7929f, 0xe792a0, 0xe792a1, 0xe792a3, 0xe792a6, 0xe792a8, 0xe792a9, 0xe792aa, 0xe792ab,
    0xe792ae, 0xe792af, 0xe792b1, 0xe792b2, 0xe792b5, 0xe792b9, 0xe792bb, 0xe792bf, 0xe79388,
    0xe79389, 0xe7938c, 0xe79390, 0xe79393, 0xe79398, 0xe7939a, 0xe7939b, 0xe7939e, 0xe7939f,
    0xe793a4, 0xe793a8, 0xe793aa, 0xe793ab, 0xe793af, 0xe793b4, 0xe793ba, 0xe793bb, 0xe793bc,
    0xe793bf, 0xe79486, 0xe79492, 0xe79496, 0xe79497, 0xe794a0, 0xe794a1, 0xe794a4, 0xe794a7,
    0xe794a9, 0xe794aa, 0xe794af, 0xe794b6, 0xe794b9, 0xe794bd, 0xe794be, 0xe794bf, 0xe79580,
    0xe79583, 0xe79587, 0xe79588, 0xe7958e, 0xe79590, 0xe79592, 0xe79597, 0xe7959e, 0xe7959f,
    0xe795a1, 0xe795af, 0xe795b1, 0xe795b9, 0xe795ba, 0xe795bb, 0xe795bc, 0xe795bd, 0xe795be,
    0xe79681, 0xe79685, 0xe79690, 0xe79692, 0xe79693, 0xe79695, 0xe79699, 0xe7969c, 0xe796a2,
    0xe796a4, 0xe796b4, 0xe796ba, 0xe796bf, 0xe79780, 0xe79781, 0xe79784, 0xe79786, 0xe7978c,
    0xe7978e, 0xe7978f, 0xe79797, 0xe7979c, 0xe7979f, 0xe797a0, 0xe797a1, 0xe797a4, 0xe797a7,
    0xe797ac, 0xe797ae, 0xe797af, 0xe797b1, 0xe797b9, 0xe79880, 0xe79882, 0xe79883, 0xe79884,
    0xe79887, 0xe79888, 0xe7988a, 0xe7988c, 0xe7988f, 0xe79892, 0xe79893, 0xe79895, 0xe79896,
    0xe79899, 0xe7989b, 0xe7989c, 0xe7989d, 0xe7989e, 0xe798a3, 0xe798a5, 0xe798a6, 0xe798a9,
    0xe798ad, 0xe798b2, 0xe798b3, 0xe798b5, 0xe798b8, 0xe798b9, 0xe798ba, 0xe798bc, 0xe7998a,
    0xe79980, 0xe79981, 0xe79983, 0xe79984, 0xe79985, 0xe79989, 0xe7998b, 0xe79995, 0xe79999,
    0xe7999f, 0xe799a4, 0xe799a5, 0xe799ad, 0xe799ae, 0xe799af, 0xe799b1, 0xe799b4, 0xe79a81,
    0xe79a85, 0xe79a8c, 0xe79a8d, 0xe79a95, 0xe79a9b, 0xe79a9c, 0xe79a9d, 0xe79a9f, 0xe79aa0,
    0xe79aa2, 0xe79aa3, 0xe79aa4, 0xe79aa5, 0xe79aa6, 0xe79aa7, 0xe79aa8, 0xe79aaa, 0xe79aad,
    0xe79abd, 0xe79b81, 0xe79b85, 0xe79b89, 0xe79b8b, 0xe79b8c, 0xe79b8e, 0xe79b94, 0xe79b99,
    0xe79ba0, 0xe79ba6, 0xe79ba8, 0xe79bac, 0xe79bb0, 0xe79bb1, 0xe79bb6, 0xe79bb9, 0xe79bbc,
    0xe79c80, 0xe79c86, 0xe79c8a, 0xe79c8e, 0xe79c92, 0xe79c94, 0xe79c95, 0xe79c97, 0xe79c99,
    0xe79c9a, 0xe79c9c, 0xe79ca2, 0xe79ca8, 0xe79cad, 0xe79cae, 0xe79caf, 0xe79cb4, 0xe79cb5,
    0xe79cb6, 0xe79cb9, 0xe79cbd, 0xe79cbe, 0xe79d82, 0xe79d85, 0xe79d86, 0xe79d8a, 0xe79d8d,
    0xe79d8e, 0xe79d8f, 0xe79d92, 0xe79d96, 0xe79d97, 0xe79d9c, 0xe79d9e, 0xe79d9f, 0xe79da0,
    0xe79da2, 0xe79da4, 0xe79da7, 0xe79daa, 0xe79dac, 0xe79db0, 0xe79db2, 0xe79db3, 0xe79db4,
    0xe79dba, 0xe79dbd, 0xe79e80, 0xe79e84, 0xe79e8c, 0xe79e8d, 0xe79e94, 0xe79e95, 0xe79e96,
    0xe79e9a, 0xe79e9f, 0xe79ea2, 0xe79ea7, 0xe79eaa, 0xe79eae, 0xe79eaf, 0xe79eb1, 0xe79eb5,
    0xe79ebe, 0xe79f83, 0xe79f89, 0xe79f91, 0xe79f92, 0xe79f95, 0xe79f99, 0xe79f9e, 0xe79f9f,
    0xe79fa0, 0xe79fa4, 0xe79fa6, 0xe79faa, 0xe79fac, 0xe79fb0, 0xe79fb1, 0xe79fb4, 0xe79fb8,
    0xe79fbb, 0xe7a085, 0xe7a086, 0xe7a089, 0xe7a08d, 0xe7a08e, 0xe7a091, 0xe7a09d, 0xe7a0a1,
    0xe7a0a2, 0xe7a0a3, 0xe7a0ad, 0xe7a0ae, 0xe7a0b0, 0xe7a0b5, 0xe7a0b7, 0xe7a183, 0xe7a184,
    0xe7a187, 0xe7a188, 0xe7a18c, 0xe7a18e, 0xe7a192, 0xe7a19c, 0xe7a19e, 0xe7a1a0, 0xe7a1a1,
    0xe7a1a3, 0xe7a1a4, 0xe7a1a8, 0xe7a1aa, 0xe7a1ae, 0xe7a1ba, 0xe7a1be, 0xe7a28a, 0xe7a28f,
    0xe7a294, 0xe7a298, 0xe7a2a1, 0xe7a29d, 0xe7a29e, 0xe7a29f, 0xe7a2a4, 0xe7a2a8, 0xe7a2ac,
    0xe7a2ad, 0xe7a2b0, 0xe7a2b1, 0xe7a2b2, 0xe7a2b3, 0xe7a2bb, 0xe7a2bd, 0xe7a2bf, 0xe7a387,
    0xe7a388, 0xe7a389, 0xe7a38c, 0xe7a38e, 0xe7a392, 0xe7a393, 0xe7a395, 0xe7a396, 0xe7a3a4,
    0xe7a39b, 0xe7a39f, 0xe7a3a0, 0xe7a3a1, 0xe7a3a6, 0xe7a3aa, 0xe7a3b2, 0xe7a3b3, 0xe7a480,
    0xe7a3b6, 0xe7a3b7, 0xe7a3ba, 0xe7a3bb, 0xe7a3bf, 0xe7a486, 0xe7a48c, 0xe7a490, 0xe7a49a,
    0xe7a49c, 0xe7a49e, 0xe7a49f, 0xe7a4a0, 0xe7a4a5, 0xe7a4a7, 0xe7a4a9, 0xe7a4ad, 0xe7a4b1,
    0xe7a4b4, 0xe7a4b5, 0xe7a4bb, 0xe7a4bd, 0xe7a4bf, 0xe7a584, 0xe7a585, 0xe7a586, 0xe7a58a,
    0xe7a58b, 0xe7a58f, 0xe7a591, 0xe7a594, 0xe7a598, 0xe7a59b, 0xe7a59c, 0xe7a5a7, 0xe7a5a9,
    0xe7a5ab, 0xe7a5b2, 0xe7a5b9, 0xe7a5bb, 0xe7a5bc, 0xe7a5be, 0xe7a68b, 0xe7a68c, 0xe7a691,
    0xe7a693, 0xe7a694, 0xe7a695, 0xe7a696, 0xe7a698, 0xe7a69b, 0xe7a69c, 0xe7a6a1, 0xe7a6a8,
    0xe7a6a9, 0xe7a6ab, 0xe7a6af, 0xe7a6b1, 0xe7a6b4, 0xe7a6b8, 0xe7a6bb, 0xe7a782, 0xe7a784,
    0xe7a787, 0xe7a788, 0xe7a78a, 0xe7a78f, 0xe7a794, 0xe7a796, 0xe7a79a, 0xe7a79d, 0xe7a79e,
    0xe7a7a0, 0xe7a7a2, 0xe7a7a5, 0xe7a7aa, 0xe7a7ab, 0xe7a7ad, 0xe7a7b1, 0xe7a7b8, 0xe7a7bc,
    0xe7a882, 0xe7a883, 0xe7a887, 0xe7a889, 0xe7a88a, 0xe7a88c, 0xe7a891, 0xe7a895, 0xe7a89b,
    0xe7a89e, 0xe7a8a1, 0xe7a8a7, 0xe7a8ab, 0xe7a8ad, 0xe7a8af, 0xe7a8b0, 0xe7a8b4, 0xe7a8b5,
    0xe7a8b8, 0xe7a8b9, 0xe7a8ba, 0xe7a984, 0xe7a985, 0xe7a987, 0xe7a988, 0xe7a98c, 0xe7a995,
    0xe7a996, 0xe7a999, 0xe7a99c, 0xe7a99d, 0xe7a99f, 0xe7a9a0, 0xe7a9a5, 0xe7a9a7, 0xe7a9aa,
    0xe7a9ad, 0xe7a9b5, 0xe7a9b8, 0xe7a9be, 0xe7aa80, 0xe7aa82, 0xe7aa85, 0xe7aa86, 0xe7aa8a,
    0xe7aa8b, 0xe7aa90, 0xe7aa91, 0xe7aa94, 0xe7aa9e, 0xe7aaa0, 0xe7aaa3, 0xe7aaac, 0xe7aab3,
    0xe7aab5, 0xe7aab9, 0xe7aabb, 0xe7aabc, 0xe7ab86, 0xe7ab89, 0xe7ab8c, 0xe7ab8e, 0xe7ab91,
    0xe7ab9b, 0xe7aba8, 0xe7aba9, 0xe7abab, 0xe7abac, 0xe7abb1, 0xe7abb4, 0xe7abbb, 0xe7abbd,
    0xe7abbe, 0xe7ac87, 0xe7ac94, 0xe7ac9f, 0xe7aca3, 0xe7aca7, 0xe7aca9, 0xe7acaa, 0xe7acab,
    0xe7acad, 0xe7acae, 0xe7acaf, 0xe7acb0, 0xe7acb1, 0xe7acb4, 0xe7acbd, 0xe7acbf, 0xe7ad80,
    0xe7ad81, 0xe7ad87, 0xe7ad8e, 0xe7ad95, 0xe7ada0, 0xe7ada4, 0xe7ada6, 0xe7ada9, 0xe7adaa,
    0xe7adad, 0xe7adaf, 0xe7adb2, 0xe7adb3, 0xe7adb7, 0xe7ae84, 0xe7ae89, 0xe7ae8e, 0xe7ae90,
    0xe7ae91, 0xe7ae96, 0xe7ae9b, 0xe7ae9e, 0xe7aea0, 0xe7aea5, 0xe7aeac, 0xe7aeaf, 0xe7aeb0,
    0xe7aeb2, 0xe7aeb5, 0xe7aeb6, 0xe7aeba, 0xe7aebb, 0xe7aebc, 0xe7aebd, 0xe7af82, 0xe7af85,
    0xe7af88, 0xe7af8a, 0xe7af94, 0xe7af96, 0xe7af97, 0xe7af99, 0xe7af9a, 0xe7af9b, 0xe7afa8,
    0xe7afaa, 0xe7afb2, 0xe7afb4, 0xe7afb5, 0xe7afb8, 0xe7afb9, 0xe7afba, 0xe7afbc, 0xe7afbe,
    0xe7b081, 0xe7b082, 0xe7b083, 0xe7b084, 0xe7b086, 0xe7b089, 0xe7b08b, 0xe7b08c, 0xe7b08e,
    0xe7b08f, 0xe7b099, 0xe7b09b, 0xe7b0a0, 0xe7b0a5, 0xe7b0a6, 0xe7b0a8, 0xe7b0ac, 0xe7b0b1,
    0xe7b0b3, 0xe7b0b4, 0xe7b0b6, 0xe7b0b9, 0xe7b0ba, 0xe7b186, 0xe7b18a, 0xe7b195, 0xe7b191,
    0xe7b192, 0xe7b193, 0xe7b199, 0xe7b19a, 0xe7b19b, 0xe7b19c, 0xe7b19d, 0xe7b19e, 0xe7b1a1,
    0xe7b1a3, 0xe7b1a7, 0xe7b1a9, 0xe7b1ad, 0xe7b1ae, 0xe7b1b0, 0xe7b1b2, 0xe7b1b9, 0xe7b1bc,
    0xe7b1bd, 0xe7b286, 0xe7b287, 0xe7b28f, 0xe7b294, 0xe7b29e, 0xe7b2a0, 0xe7b2a6, 0xe7b2b0,
    0xe7b2b6, 0xe7b2b7, 0xe7b2ba, 0xe7b2bb, 0xe7b2bc, 0xe7b2bf, 0xe7b384, 0xe7b387, 0xe7b388,
    0xe7b389, 0xe7b38d, 0xe7b38f, 0xe7b393, 0xe7b394, 0xe7b395, 0xe7b397, 0xe7b399, 0xe7b39a,
    0xe7b39d, 0xe7b3a6, 0xe7b3a9, 0xe7b3ab, 0xe7b3b5, 0xe7b483, 0xe7b487, 0xe7b488, 0xe7b489,
    0xe7b48f, 0xe7b491, 0xe7b492, 0xe7b493, 0xe7b496, 0xe7b49d, 0xe7b49e, 0xe7b4a3, 0xe7b4a6,
    0xe7b4aa, 0xe7b4ad, 0xe7b4b1, 0xe7b4bc, 0xe7b4bd, 0xe7b4be, 0xe7b580, 0xe7b581, 0xe7b587,
    0xe7b588, 0xe7b58d, 0xe7b591, 0xe7b593, 0xe7b597, 0xe7b599, 0xe7b59a, 0xe7b59c, 0xe7b59d,
    0xe7b5a5, 0xe7b5a7, 0xe7b5aa, 0xe7b5b0, 0xe7b5b8, 0xe7b5ba, 0xe7b5bb, 0xe7b5bf, 0xe7b681,
    0xe7b682, 0xe7b683, 0xe7b685, 0xe7b686, 0xe7b688, 0xe7b68b, 0xe7b68c, 0xe7b68d, 0xe7b691,
    0xe7b696, 0xe7b697, 0xe7b69d, 0xe7b69e, 0xe7b6a6, 0xe7b6a7, 0xe7b6aa, 0xe7b6b3, 0xe7b6b6,
    0xe7b6b7, 0xe7b6b9, 0xe7b782, 0xe7b783, 0xe7b784, 0xe7b785, 0xe7b786, 0xe7b78c, 0xe7b78d,
    0xe7b78e, 0xe7b797, 0xe7b799, 0xe7b880, 0xe7b7a2, 0xe7b7a5, 0xe7b7a6, 0xe7b7aa, 0xe7b7ab,
    0xe7b7ad, 0xe7b7b1, 0xe7b7b5, 0xe7b7b6, 0xe7b7b9, 0xe7b7ba, 0xe7b888, 0xe7b890, 0xe7b891,
    0xe7b895, 0xe7b897, 0xe7b89c, 0xe7b89d, 0xe7b8a0, 0xe7b8a7, 0xe7b8a8, 0xe7b8ac, 0xe7b8ad,
    0xe7b8af, 0xe7b8b3, 0xe7b8b6, 0xe7b8bf, 0xe7b984, 0xe7b985, 0xe7b987, 0xe7b98e, 0xe7b990,
    0xe7b992, 0xe7b998, 0xe7b99f, 0xe7b9a1, 0xe7b9a2, 0xe7b9a5, 0xe7b9ab, 0xe7b9ae, 0xe7b9af,
    0xe7b9b3, 0xe7b9b8, 0xe7b9be, 0xe7ba81, 0xe7ba86, 0xe7ba87, 0xe7ba8a, 0xe7ba8d, 0xe7ba91,
    0xe7ba95, 0xe7ba98, 0xe7ba9a, 0xe7ba9d, 0xe7ba9e, 0xe7bcbc, 0xe7bcbb, 0xe7bcbd, 0xe7bcbe,
    0xe7bcbf, 0xe7bd83, 0xe7bd84, 0xe7bd87, 0xe7bd8f, 0xe7bd92, 0xe7bd93, 0xe7bd9b, 0xe7bd9c,
    0xe7bd9d, 0xe7bda1, 0xe7bda3, 0xe7bda4, 0xe7bda5, 0xe7bda6, 0xe7bdad, 0xe7bdb1, 0xe7bdbd,
    0xe7bdbe, 0xe7bdbf, 0xe7be80, 0xe7be8b, 0xe7be8d, 0xe7be8f, 0xe7be90, 0xe7be91, 0xe7be96,
    0xe7be97, 0xe7be9c, 0xe7bea1, 0xe7bea2, 0xe7bea6, 0xe7beaa, 0xe7bead, 0xe7beb4, 0xe7bebc,
    0xe7bebf, 0xe7bf80, 0xe7bf83, 0xe7bf88, 0xe7bf8e, 0xe7bf8f, 0xe7bf9b, 0xe7bf9f, 0xe7bfa3,
    0xe7bfa5, 0xe7bfa8, 0xe7bfac, 0xe7bfae, 0xe7bfaf, 0xe7bfb2, 0xe7bfba, 0xe7bfbd, 0xe7bfbe,
    0xe7bfbf, 0xe88087, 0xe88088, 0xe8808a, 0xe8808d, 0xe8808e, 0xe8808f, 0xe88091, 0xe88093,
    0xe88094, 0xe88096, 0xe8809d, 0xe8809e, 0xe8809f, 0xe880a0, 0xe880a4, 0xe880a6, 0xe880ac,
    0xe880ae, 0xe880b0, 0xe880b4, 0xe880b5, 0xe880b7, 0xe880b9, 0xe880ba, 0xe880bc, 0xe880be,
    0xe88180, 0xe88184, 0xe881a0, 0xe881a4, 0xe881a6, 0xe881ad, 0xe881b1, 0xe881b5, 0xe88281,
    0xe88288, 0xe8828e, 0xe8829c, 0xe8829e, 0xe882a6, 0xe882a7, 0xe882ab, 0xe882b8, 0xe882b9,
    0xe88388, 0xe8838d, 0xe8838f, 0xe88392, 0xe88394, 0xe88395, 0xe88397, 0xe88398, 0xe883a0,
    0xe883ad, 0xe883ae, 0xe883b0, 0xe883b2, 0xe883b3, 0xe883b6, 0xe883b9, 0xe883ba, 0xe883be,
    0xe88483, 0xe8848b, 0xe88496, 0xe88497, 0xe88498, 0xe8849c, 0xe8849e, 0xe884a0, 0xe884a4,
    0xe884a7, 0xe884ac, 0xe884b0, 0xe884b5, 0xe884ba, 0xe884bc, 0xe88585, 0xe88587, 0xe8858a,
    0xe8858c, 0xe88592, 0xe88597, 0xe885a0, 0xe885a1, 0xe885a7, 0xe885a8, 0xe885a9, 0xe885ad,
    0xe885af, 0xe885b7, 0xe88681, 0xe88690, 0xe88684, 0xe88685, 0xe88686, 0xe8868b, 0xe8868e,
    0xe88696, 0xe88698, 0xe8869b, 0xe8869e, 0xe886a2, 0xe886ae, 0xe886b2, 0xe886b4, 0xe886bb,
    0xe8878b, 0xe88783, 0xe88785, 0xe8878a, 0xe8878e, 0xe8878f, 0xe88795, 0xe88797, 0xe8879b,
    0xe8879d, 0xe8879e, 0xe887a1, 0xe887a4, 0xe887ab, 0xe887ac, 0xe887b0, 0xe887b1, 0xe887b2,
    0xe887b5, 0xe887b6, 0xe887b8, 0xe887b9, 0xe887bd, 0xe887bf, 0xe88880, 0xe88883, 0xe8888f,
    0xe88893, 0xe88894, 0xe88899, 0xe8889a, 0xe8889d, 0xe888a1, 0xe888a2, 0xe888a8, 0xe888b2,
    0xe888b4, 0xe888ba, 0xe88983, 0xe88984, 0xe88985, 0xe88986, 0xe8898b, 0xe8898e, 0xe8898f,
    0xe88991, 0xe88996, 0xe8899c, 0xe889a0, 0xe889a3, 0xe889a7, 0xe889ad, 0xe889b4, 0xe889bb,
    0xe889bd, 0xe889bf, 0xe88a80, 0xe88a81, 0xe88a83, 0xe88a84, 0xe88a87, 0xe88a89, 0xe88a8a,
    0xe88a8e, 0xe88a91, 0xe88a94, 0xe88a96, 0xe88a98, 0xe88a9a, 0xe88a9b, 0xe88aa0, 0xe88aa1,
    0xe88aa3, 0xe88aa4, 0xe88aa7, 0xe88aa8, 0xe88aa9, 0xe88aaa, 0xe88aae, 0xe88ab0, 0xe88ab2,
    0xe88ab4, 0xe88ab7, 0xe88aba, 0xe88abc, 0xe88abe, 0xe88abf, 0xe88b86, 0xe88b90, 0xe88b95,
    0xe88b9a, 0xe88ba0, 0xe88ba2, 0xe88ba4, 0xe88ba8, 0xe88baa, 0xe88bad, 0xe88baf, 0xe88bb6,
    0xe88bb7, 0xe88bbd, 0xe88bbe, 0xe88c80, 0xe88c81, 0xe88c87, 0xe88c88, 0xe88c8a, 0xe88c8b,
    0xe88d94, 0xe88c9b, 0xe88c9d, 0xe88c9e, 0xe88c9f, 0xe88ca1, 0xe88ca2, 0xe88cac, 0xe88cad,
    0xe88cae, 0xe88cb0, 0xe88cb3, 0xe88cb7, 0xe88cba, 0xe88cbc, 0xe88cbd, 0xe88d82, 0xe88d83,
    0xe88d84, 0xe88d87, 0xe88d8d, 0xe88d8e, 0xe88d91, 0xe88d95, 0xe88d96, 0xe88d97, 0xe88db0,
    0xe88db8, 0xe88dbd, 0xe88dbf, 0xe88e80, 0xe88e82, 0xe88e84, 0xe88e86, 0xe88e8d, 0xe88e92,
    0xe88e94, 0xe88e95, 0xe88e98, 0xe88e99, 0xe88e9b, 0xe88e9c, 0xe88e9d, 0xe88ea6, 0xe88ea7,
    0xe88ea9, 0xe88eac, 0xe88ebe, 0xe88ebf, 0xe88f80, 0xe88f87, 0xe88f89, 0xe88f8f, 0xe88f90,
    0xe88f91, 0xe88f94, 0xe88f9d, 0xe88d93, 0xe88fa8, 0xe88faa, 0xe88fb6, 0xe88fb8, 0xe88fb9,
    0xe88fbc, 0xe89081, 0xe89086, 0xe8908a, 0xe8908f, 0xe89091, 0xe89095, 0xe89099, 0xe88ead,
    0xe890af, 0xe890b9, 0xe89185, 0xe89187, 0xe89188, 0xe8918a, 0xe8918d, 0xe8918f, 0xe89191,
    0xe89192, 0xe89196, 0xe89198, 0xe89199, 0xe8919a, 0xe8919c, 0xe891a0, 0xe891a4, 0xe891a5,
    0xe891a7, 0xe891aa, 0xe891b0, 0xe891b3, 0xe891b4, 0xe891b6, 0xe891b8, 0xe891bc, 0xe891bd,
    0xe89281, 0xe89285, 0xe89292, 0xe89293, 0xe89295, 0xe8929e, 0xe892a6, 0xe892a8, 0xe892a9,
    0xe892aa, 0xe892af, 0xe892b1, 0xe892b4, 0xe892ba, 0xe892bd, 0xe892be, 0xe89380, 0xe89382,
    0xe89387, 0xe89388, 0xe8938c, 0xe8938f, 0xe89393, 0xe8939c, 0xe893a7, 0xe893aa, 0xe893af,
    0xe893b0, 0xe893b1, 0xe893b2, 0xe893b7, 0xe894b2, 0xe893ba, 0xe893bb, 0xe893bd, 0xe89482,
    0xe89483, 0xe89487, 0xe8948c, 0xe8948e, 0xe89490, 0xe8949c, 0xe8949e, 0xe894a2, 0xe894a3,
    0xe894a4, 0xe894a5, 0xe894a7, 0xe894aa, 0xe894ab, 0xe894af, 0xe894b3, 0xe894b4, 0xe894b6,
    0xe894bf, 0xe89586, 0xe8958f, 0xe89590, 0xe89591, 0xe89592, 0xe89593, 0xe89596, 0xe89599,
    0xe8959c, 0xe8959d, 0xe8959e, 0xe8959f, 0xe895a0, 0xe895a1, 0xe895a2, 0xe895a4, 0xe895ab,
    0xe895af, 0xe895b9, 0xe895ba, 0xe895bb, 0xe895bd, 0xe895bf, 0xe89681, 0xe89685, 0xe89686,
    0xe89689, 0xe8968b, 0xe8968c, 0xe8968f, 0xe89693, 0xe89698, 0xe8969d, 0xe8969f, 0xe896a0,
    0xe896a2, 0xe896a5, 0xe896a7, 0xe896b4, 0xe896b6, 0xe896b7, 0xe896b8, 0xe896bc, 0xe896bd,
    0xe896be, 0xe896bf, 0xe89782, 0xe89787, 0xe8978a, 0xe8978b, 0xe8978e, 0xe896ad, 0xe89798,
    0xe8979a, 0xe8979f, 0xe897a0, 0xe897a6, 0xe897a8, 0xe897ad, 0xe897b3, 0xe897b6, 0xe897bc,
    0xe897bf, 0xe89880, 0xe89884, 0xe89885, 0xe8988d, 0xe8988e, 0xe89890, 0xe89891, 0xe89892,
    0xe89898, 0xe89899, 0xe8989b, 0xe8989e, 0xe898a1, 0xe898a7, 0xe898a9, 0xe898b6, 0xe898b8,
    0xe898ba, 0xe898bc, 0xe898bd, 0xe89980, 0xe89982, 0xe89986, 0xe89992, 0xe89993, 0xe89996,
    0xe89997, 0xe89998, 0xe89999, 0xe8999d, 0xe899a0, 0xe899a1, 0xe899a2, 0xe899a3, 0xe899a4,
    0xe899a9, 0xe899ac, 0xe899af, 0xe899b5, 0xe899b6, 0xe899b7, 0xe899ba, 0xe89a8d, 0xe89a91,
    0xe89a96, 0xe89a98, 0xe89a9a, 0xe89a9c, 0xe89aa1, 0xe89aa6, 0xe89aa7, 0xe89aa8, 0xe89aad,
    0xe89ab1, 0xe89ab3, 0xe89ab4, 0xe89ab5, 0xe89ab7, 0xe89ab8, 0xe89ab9, 0xe89abf, 0xe89b80,
    0xe89b81, 0xe89b83, 0xe89b85, 0xe89b91, 0xe89b92, 0xe89b95, 0xe89b97, 0xe89b9a, 0xe89b9c,
    0xe89ba0, 0xe89ba3, 0xe89ba5, 0xe89ba7, 0xe89a88, 0xe89bba, 0xe89bbc, 0xe89bbd, 0xe89c84,
    0xe89c85, 0xe89c87, 0xe89c8b, 0xe89c8e, 0xe89c8f, 0xe89c90, 0xe89c93, 0xe89c94, 0xe89c99,
    0xe89c9e, 0xe89c9f, 0xe89ca1, 0xe89ca3, 0xe89ca8, 0xe89cae, 0xe89caf, 0xe89cb1, 0xe89cb2,
    0xe89cb9, 0xe89cba, 0xe89cbc, 0xe89cbd, 0xe89cbe, 0xe89d80, 0xe89d83, 0xe89d85, 0xe89d8d,
    0xe89d98, 0xe89d9d, 0xe89da1, 0xe89da4, 0xe89da5, 0xe89daf, 0xe89db1, 0xe89db2, 0xe89dbb,
    0xe89e83, 0xe89e84, 0xe89e85, 0xe89e86, 0xe89e87, 0xe89e88, 0xe89e89, 0xe89e8b, 0xe89e8c,
    0xe89e90, 0xe89e93, 0xe89e95, 0xe89e97, 0xe89e98, 0xe89e99, 0xe89e9e, 0xe89ea0, 0xe89ea3,
    0xe89ea7, 0xe89eac, 0xe89ead, 0xe89eae, 0xe89eb1, 0xe89eb5, 0xe89ebe, 0xe89ebf, 0xe89f81,
    0xe89f88, 0xe89f89, 0xe89f8a, 0xe89f8e, 0xe89f95, 0xe89f96, 0xe89f99, 0xe89f9a, 0xe89f9c,
    0xe89f9f, 0xe89fa2, 0xe89fa3, 0xe89fa4, 0xe89faa, 0xe89fab, 0xe89fad, 0xe89fb1, 0xe89fb3,
    0xe89fb8, 0xe89fba, 0xe89fbf, 0xe8a081, 0xe8a083, 0xe8a086, 0xe8a089, 0xe8a08a, 0xe8a08b,
    0xe8a090, 0xe8a099, 0xe8a092, 0xe8a093, 0xe8a094, 0xe8a098, 0xe8a09a, 0xe8a09b, 0xe8a09c,
    0xe8a09e, 0xe8a09f, 0xe8a0a8, 0xe8a0ad, 0xe8a0ae, 0xe8a0b0, 0xe8a0b2, 0xe8a0b5, 0xe8a0ba,
    0xe8a0bc, 0xe8a181, 0xe8a183, 0xe8a185, 0xe8a188, 0xe8a189, 0xe8a18a, 0xe8a18b, 0xe8a18e,
    0xe8a191, 0xe8a195, 0xe8a196, 0xe8a198, 0xe8a19a, 0xe8a19c, 0xe8a19f, 0xe8a1a0, 0xe8a1a4,
    0xe8a1a9, 0xe8a1b1, 0xe8a1b9, 0xe8a1bb, 0xe8a280, 0xe8a298, 0xe8a29a, 0xe8a29b, 0xe8a29c,
    0xe8a29f, 0xe8a2a0, 0xe8a2a8, 0xe8a2aa, 0xe8a2ba, 0xe8a2bd, 0xe8a2be, 0xe8a380, 0xe8a38a,
    0xe8a38b, 0xe8a38c, 0xe8a38d, 0xe8a38e, 0xe8a391, 0xe8a392, 0xe8a393, 0xe8a39b, 0xe8a39e,
    0xe8a3a7, 0xe8a3af, 0xe8a3b0, 0xe8a3b1, 0xe8a3b5, 0xe8a3b7, 0xe8a481, 0xe8a486, 0xe8a48d,
    0xe8a48e, 0xe8a48f, 0xe8a495, 0xe8a496, 0xe8a498, 0xe8a499, 0xe8a49a, 0xe8a49c, 0xe8a4a0,
    0xe8a4a6, 0xe8a4a7, 0xe8a4a8, 0xe8a4b0, 0xe8a4b1, 0xe8a4b2, 0xe8a4b5, 0xe8a4b9, 0xe8a4ba,
    0xe8a4be, 0xe8a580, 0xe8a582, 0xe8a585, 0xe8a586, 0xe8a589, 0xe8a58f, 0xe8a592, 0xe8a597,
    0xe8a59a, 0xe8a59b, 0xe8a59c, 0xe8a5a1, 0xe8a5a2, 0xe8a5a3, 0xe8a5ab, 0xe8a5ae, 0xe8a5b0,
    0xe8a5b3, 0xe8a5b5, 0xe8a5ba, 0xe8a5bb, 0xe8a5bc, 0xe8a5bd, 0xe8a689, 0xe8a68d, 0xe8a690,
    0xe8a694, 0xe8a695, 0xe8a69b, 0xe8a69c, 0xe8a69f, 0xe8a6a0, 0xe8a6a5, 0xe8a6b0, 0xe8a6b4,
    0xe8a6b5, 0xe8a6b6, 0xe8a6b7, 0xe8a6bc, 0xe8a794, 0xe8a795, 0xe8a796, 0xe8a797, 0xe8a798,
    0xe8a7a5, 0xe8a7a9, 0xe8a7ab, 0xe8a7ad, 0xe8a7b1, 0xe8a7b3, 0xe8a7b6, 0xe8a7b9, 0xe8a7bd,
    0xe8a7bf, 0xe8a884, 0xe8a885, 0xe8a887, 0xe8a88f, 0xe8a891, 0xe8a892, 0xe8a894, 0xe8a895,
    0xe8a89e, 0xe8a8a0, 0xe8a8a2, 0xe8a8a4, 0xe8a8a6, 0xe8a8ab, 0xe8a8ac, 0xe8a8af, 0xe8a8b5,
    0xe8a8b7, 0xe8a8bd, 0xe8a8be, 0xe8a980, 0xe8a983, 0xe8a985, 0xe8a987, 0xe8a989, 0xe8a98d,
    0xe8a98e, 0xe8a993, 0xe8a996, 0xe8a997, 0xe8a998, 0xe8a99c, 0xe8a99d, 0xe8a9a1, 0xe8a9a5,
    0xe8a9a7, 0xe8a9b5, 0xe8a9b6, 0xe8a9b7, 0xe8a9b9, 0xe8a9ba, 0xe8a9bb, 0xe8a9be, 0xe8a9bf,
    0xe8aa80, 0xe8aa83, 0xe8aa86, 0xe8aa8b, 0xe8aa8f, 0xe8aa90, 0xe8aa92, 0xe8aa96, 0xe8aa97,
    0xe8aa99, 0xe8aa9f, 0xe8aaa7, 0xe8aaa9, 0xe8aaae, 0xe8aaaf, 0xe8aab3, 0xe8aab6, 0xe8aab7,
    0xe8aabb, 0xe8aabe, 0xe8ab83, 0xe8ab86, 0xe8ab88, 0xe8ab89, 0xe8ab8a, 0xe8ab91, 0xe8ab93,
    0xe8ab94, 0xe8ab95, 0xe8ab97, 0xe8ab9d, 0xe8ab9f, 0xe8abac, 0xe8abb0, 0xe8abb4, 0xe8abb5,
    0xe8abb6, 0xe8abbc, 0xe8abbf, 0xe8ac85, 0xe8ac86, 0xe8ac8b, 0xe8ac91, 0xe8ac9c, 0xe8ac9e,
    0xe8ac9f, 0xe8ac8a, 0xe8acad, 0xe8acb0, 0xe8acb7, 0xe8acbc, 0xe8ad82, 0xe8ad83, 0xe8ad84,
    0xe8ad85, 0xe8ad86, 0xe8ad88, 0xe8ad92, 0xe8ad93, 0xe8ad94, 0xe8ad99, 0xe8ad8d, 0xe8ad9e,
    0xe8ada3, 0xe8adad, 0xe8adb6, 0xe8adb8, 0xe8adb9, 0xe8adbc, 0xe8adbe, 0xe8ae81, 0xe8ae84,
    0xe8ae85, 0xe8ae8b, 0xe8ae8d, 0xe8ae8f, 0xe8ae94, 0xe8ae95, 0xe8ae9c, 0xe8ae9e, 0xe8ae9f,
    0xe8b0b8, 0xe8b0b9, 0xe8b0bd, 0xe8b0be, 0xe8b185, 0xe8b187, 0xe8b189, 0xe8b18b, 0xe8b18f,
    0xe8b191, 0xe8b193, 0xe8b194, 0xe8b197, 0xe8b198, 0xe8b19b, 0xe8b19d, 0xe8b199, 0xe8b1a3,
    0xe8b1a4, 0xe8b1a6, 0xe8b1a8, 0xe8b1a9, 0xe8b1ad, 0xe8b1b3, 0xe8b1b5, 0xe8b1b6, 0xe8b1bb,
    0xe8b1be, 0xe8b286, 0xe8b287, 0xe8b28b, 0xe8b290, 0xe8b292, 0xe8b293, 0xe8b299, 0xe8b29b,
    0xe8b29c, 0xe8b2a4, 0xe8b2b9, 0xe8b2ba, 0xe8b385, 0xe8b386, 0xe8b389, 0xe8b38b, 0xe8b38f,
    0xe8b396, 0xe8b395, 0xe8b399, 0xe8b39d, 0xe8b3a1, 0xe8b3a8, 0xe8b3ac, 0xe8b3af, 0xe8b3b0,
    0xe8b3b2, 0xe8b3b5, 0xe8b3b7, 0xe8b3b8, 0xe8b3be, 0xe8b3bf, 0xe8b481, 0xe8b483, 0xe8b489,
    0xe8b492, 0xe8b497, 0xe8b49b, 0xe8b5a5, 0xe8b5a9, 0xe8b5ac, 0xe8b5ae, 0xe8b5bf, 0xe8b682,
    0xe8b684, 0xe8b688, 0xe8b68d, 0xe8b690, 0xe8b691, 0xe8b695, 0xe8b69e, 0xe8b69f, 0xe8b6a0,
    0xe8b6a6, 0xe8b6ab, 0xe8b6ac, 0xe8b6af, 0xe8b6b2, 0xe8b6b5, 0xe8b6b7, 0xe8b6b9, 0xe8b6bb,
    0xe8b780, 0xe8b785, 0xe8b786, 0xe8b787, 0xe8b788, 0xe8b78a, 0xe8b78e, 0xe8b791, 0xe8b794,
    0xe8b795, 0xe8b797, 0xe8b799, 0xe8b7a4, 0xe8b7a5, 0xe8b7a7, 0xe8b7ac, 0xe8b7b0, 0xe8b6bc,
    0xe8b7b1, 0xe8b7b2, 0xe8b7b4, 0xe8b7bd, 0xe8b881, 0xe8b884, 0xe8b885, 0xe8b886, 0xe8b88b,
    0xe8b891, 0xe8b894, 0xe8b896, 0xe8b8a0, 0xe8b8a1, 0xe8b8a2, 0xe8b8a3, 0xe8b8a6, 0xe8b8a7,
    0xe8b8b1, 0xe8b8b3, 0xe8b8b6, 0xe8b8b7, 0xe8b8b8, 0xe8b8b9, 0xe8b8bd, 0xe8b980, 0xe8b981,
    0xe8b98b, 0xe8b98d, 0xe8b98e, 0xe8b98f, 0xe8b994, 0xe8b99b, 0xe8b99c, 0xe8b99d, 0xe8b99e,
    0xe8b9a1, 0xe8b9a2, 0xe8b9a9, 0xe8b9ac, 0xe8b9ad, 0xe8b9af, 0xe8b9b0, 0xe8b9b1, 0xe8b9b9,
    0xe8b9ba, 0xe8b9bb, 0xe8ba82, 0xe8ba83, 0xe8ba89, 0xe8ba90, 0xe8ba92, 0xe8ba95, 0xe8ba9a,
    0xe8ba9b, 0xe8ba9d, 0xe8ba9e, 0xe8baa2, 0xe8baa7, 0xe8baa9, 0xe8baad, 0xe8baae, 0xe8bab3,
    0xe8bab5, 0xe8baba, 0xe8babb, 0xe8bb80, 0xe8bb81, 0xe8bb83, 0xe8bb84, 0xe8bb87, 0xe8bb8f,
    0xe8bb91, 0xe8bb94, 0xe8bb9c, 0xe8bba8, 0xe8bbae, 0xe8bbb0, 0xe8bbb1, 0xe8bbb7, 0xe8bbb9,
    0xe8bbba, 0xe8bbad, 0xe8bc80, 0xe8bc82, 0xe8bc87, 0xe8bc88, 0xe8bc8f, 0xe8bc90, 0xe8bc96,
    0xe8bc97, 0xe8bc98, 0xe8bc9e, 0xe8bca0, 0xe8bca1, 0xe8bca3, 0xe8bca5, 0xe8bca7, 0xe8bca8,
    0xe8bcac, 0xe8bcad, 0xe8bcae, 0xe8bcb4, 0xe8bcb5, 0xe8bcb6, 0xe8bcb7, 0xe8bcba, 0xe8bd80,
    0xe8bd81, 0xe8bd83, 0xe8bd87, 0xe8bd8f, 0xe8bd91, 0xe8bd92, 0xe8bd93, 0xe8bd94, 0xe8bd95,
    0xe8bd98, 0xe8bd9d, 0xe8bd9e, 0xe8bda5, 0xe8be9d, 0xe8bea0, 0xe8bea1, 0xe8bea4, 0xe8bea5,
    0xe8bea6, 0xe8beb5, 0xe8beb6, 0xe8beb8, 0xe8bebe, 0xe8bf80, 0xe8bf81, 0xe8bf86, 0xe8bf8a,
    0xe8bf8b, 0xe8bf8d, 0xe8bf90, 0xe8bf92, 0xe8bf93, 0xe8bf95, 0xe8bfa0, 0xe8bfa3, 0xe8bfa4,
    0xe8bfa8, 0xe8bfae, 0xe8bfb1, 0xe8bfb5, 0xe8bfb6, 0xe8bfbb, 0xe8bfbe, 0xe98082, 0xe98084,
    0xe98088, 0xe9808c, 0xe98098, 0xe9809b, 0xe980a8, 0xe980a9, 0xe980af, 0xe980aa, 0xe980ac,
    0xe980ad, 0xe980b3, 0xe980b4, 0xe980b7, 0xe980bf, 0xe98183, 0xe98184, 0xe9818c, 0xe9819b,
    0xe9819d, 0xe981a2, 0xe981a6, 0xe981a7, 0xe981ac, 0xe981b0, 0xe981b4, 0xe981b9, 0xe98285,
    0xe98288, 0xe9828b, 0xe9828c, 0xe9828e, 0xe98290, 0xe98295, 0xe98297, 0xe98298, 0xe98299,
    0xe9829b, 0xe982a0, 0xe982a1, 0xe982a2, 0xe982a5, 0xe982b0, 0xe982b2, 0xe982b3, 0xe982b4,
    0xe982b6, 0xe982bd, 0xe9838c, 0xe982be, 0xe98383, 0xe98384, 0xe98385, 0xe98387, 0xe98388,
    0xe98395, 0xe98397, 0xe98398, 0xe98399, 0xe9839c, 0xe9839d, 0xe9839f, 0xe983a5, 0xe98392,
    0xe983b6, 0xe983ab, 0xe983af, 0xe983b0, 0xe983b4, 0xe983be, 0xe983bf, 0xe98480, 0xe98484,
    0xe98485, 0xe98486, 0xe98488, 0xe9848d, 0xe98490, 0xe98494, 0xe98496, 0xe98497, 0xe98498,
    0xe9849a, 0xe9849c, 0xe9849e, 0xe984a0, 0xe984a5, 0xe984a2, 0xe984a3, 0xe984a7, 0xe984a9,
    0xe984ae, 0xe984af, 0xe984b1, 0xe984b4, 0xe984b6, 0xe984b7, 0xe984b9, 0xe984ba, 0xe984bc,
    0xe984bd, 0xe98583, 0xe98587, 0xe98588, 0xe9858f, 0xe98593, 0xe98597, 0xe98599, 0xe9859a,
    0xe9859b, 0xe985a1, 0xe985a4, 0xe985a7, 0xe985ad, 0xe985b4, 0xe985b9, 0xe985ba, 0xe985bb,
    0xe98681, 0xe98683, 0xe98685, 0xe98686, 0xe9868a, 0xe9868e, 0xe98691, 0xe98693, 0xe98694,
    0xe98695, 0xe98698, 0xe9869e, 0xe986a1, 0xe986a6, 0xe986a8, 0xe986ac, 0xe986ad, 0xe986ae,
    0xe986b0, 0xe986b1, 0xe986b2, 0xe986b3, 0xe986b6, 0xe986bb, 0xe986bc, 0xe986bd, 0xe986bf,
    0xe98782, 0xe98783, 0xe98785, 0xe98793, 0xe98794, 0xe98797, 0xe98799, 0xe9879a, 0xe9879e,
    0xe987a4, 0xe987a5, 0xe987a9, 0xe987aa, 0xe987ac, 0xe987ad, 0xe987ae, 0xe987af, 0xe987b0,
    0xe987b1, 0xe987b7, 0xe987b9, 0xe987bb, 0xe987bd, 0xe98880, 0xe98881, 0xe98884, 0xe98885,
    0xe98886, 0xe98887, 0xe98889, 0xe9888a, 0xe9888c, 0xe98890, 0xe98892, 0xe98893, 0xe98896,
    0xe98898, 0xe9889c, 0xe9889d, 0xe988a3, 0xe988a4, 0xe988a5, 0xe988a6, 0xe988a8, 0xe988ae,
    0xe988af, 0xe988b0, 0xe988b3, 0xe988b5, 0xe988b6, 0xe988b8, 0xe988b9, 0xe988ba, 0xe988bc,
    0xe988be, 0xe98980, 0xe98982, 0xe98983, 0xe98986, 0xe98987, 0xe9898a, 0xe9898d, 0xe9898e,
    0xe9898f, 0xe98991, 0xe98998, 0xe98999, 0xe9899c, 0xe9899d, 0xe989a0, 0xe989a1, 0xe989a5,
    0xe989a7, 0xe989a8, 0xe989a9, 0xe989ae, 0xe989af, 0xe989b0, 0xe989b5, 0xe989b6, 0xe989b7,
    0xe989b8, 0xe989b9, 0xe989bb, 0xe989bc, 0xe989bd, 0xe989bf, 0xe98a88, 0xe98a89, 0xe98a8a,
    0xe98a8d, 0xe98a8e, 0xe98a92, 0xe98a97, 0xe98a99, 0xe98a9f, 0xe98aa0, 0xe98aa4, 0xe98aa5,
    0xe98aa7, 0xe98aa8, 0xe98aab, 0xe98aaf, 0xe98ab2, 0xe98ab6, 0xe98ab8, 0xe98aba, 0xe98abb,
    0xe98abc, 0xe98abd, 0xe98abf, 0xe98b80, 0xe98b81, 0xe98b82, 0xe98b83, 0xe98b85, 0xe98b86,
    0xe98b87, 0xe98b88, 0xe98b8b, 0xe98b8c, 0xe98b8d, 0xe98b8e, 0xe98b90, 0xe98b93, 0xe98b95,
    0xe98b97, 0xe98b98, 0xe98b99, 0xe98b9c, 0xe98b9d, 0xe98b9f, 0xe98ba0, 0xe98ba1, 0xe98ba3,
    0xe98ba5, 0xe98ba7, 0xe98ba8, 0xe98bac, 0xe98bae, 0xe98bb0, 0xe98bb9, 0xe98bbb, 0xe98bbf,
    0xe98c80, 0xe98c82, 0xe98c88, 0xe98c8d, 0xe98c91, 0xe98c94, 0xe98c95, 0xe98c9c, 0xe98c9d,
    0xe98c9e, 0xe98c9f, 0xe98ca1, 0xe98ca4, 0xe98ca5, 0xe98ca7, 0xe98ca9, 0xe98caa, 0xe98cb3,
    0xe98cb4, 0xe98cb6, 0xe98cb7, 0xe98d87, 0xe98d88, 0xe98d89, 0xe98d90, 0xe98d91, 0xe98d92,
    0xe98d95, 0xe98d97, 0xe98d98, 0xe98d9a, 0xe98d9e, 0xe98da4, 0xe98da5, 0xe98da7, 0xe98da9,
    0xe98daa, 0xe98dad, 0xe98daf, 0xe98db0, 0xe98db1, 0xe98db3, 0xe98db4, 0xe98db6, 0xe98dba,
    0xe98dbd, 0xe98dbf, 0xe98e80, 0xe98e81, 0xe98e82, 0xe98e88, 0xe98e8a, 0xe98e8b, 0xe98e8d,
    0xe98e8f, 0xe98e92, 0xe98e95, 0xe98e98, 0xe98e9b, 0xe98e9e, 0xe98ea1, 0xe98ea3, 0xe98ea4,
    0xe98ea6, 0xe98ea8, 0xe98eab, 0xe98eb4, 0xe98eb5, 0xe98eb6, 0xe98eba, 0xe98ea9, 0xe98f81,
    0xe98f84, 0xe98f85, 0xe98f86, 0xe98f87, 0xe98f89, 0xe98f8a, 0xe98f8b, 0xe98f8c, 0xe98f8d,
    0xe98f93, 0xe98f99, 0xe98f9c, 0xe98f9e, 0xe98f9f, 0xe98fa2, 0xe98fa6, 0xe98fa7, 0xe98fb9,
    0xe98fb7, 0xe98fb8, 0xe98fba, 0xe98fbb, 0xe98fbd, 0xe99081, 0xe99082, 0xe99084, 0xe99088,
    0xe99089, 0xe9908d, 0xe9908e, 0xe9908f, 0xe99095, 0xe99096, 0xe99097, 0xe9909f, 0xe990ae,
    0xe990af, 0xe990b1, 0xe990b2, 0xe990b3, 0xe990b4, 0xe990bb, 0xe990bf, 0xe990bd, 0xe99183,
    0xe99185, 0xe99188, 0xe9918a, 0xe9918c, 0xe99195, 0xe99199, 0xe9919c, 0xe9919f, 0xe991a1,
    0xe991a3, 0xe991a8, 0xe991ab, 0xe991ad, 0xe991ae, 0xe991af, 0xe991b1, 0xe991b2, 0xe99284,
    0xe99283, 0xe995b8, 0xe995b9, 0xe995be, 0xe99684, 0xe99688, 0xe9968c, 0xe9968d, 0xe9968e,
    0xe9969d, 0xe9969e, 0xe9969f, 0xe996a1, 0xe996a6, 0xe996a9, 0xe996ab, 0xe996ac, 0xe996b4,
    0xe996b6, 0xe996ba, 0xe996bd, 0xe996bf, 0xe99786, 0xe99788, 0xe99789, 0xe9978b, 0xe99790,
    0xe99791, 0xe99792, 0xe99793, 0xe99799, 0xe9979a, 0xe9979d, 0xe9979e, 0xe9979f, 0xe997a0,
    0xe997a4, 0xe997a6, 0xe9989d, 0xe9989e, 0xe998a2, 0xe998a4, 0xe998a5, 0xe998a6, 0xe998ac,
    0xe998b1, 0xe998b3, 0xe998b7, 0xe998b8, 0xe998b9, 0xe998ba, 0xe998bc, 0xe998bd, 0xe99981,
    0xe99992, 0xe99994, 0xe99996, 0xe99997, 0xe99998, 0xe999a1, 0xe999ae, 0xe999b4, 0xe999bb,
    0xe999bc, 0xe999be, 0xe999bf, 0xe99a81, 0xe99a82, 0xe99a83, 0xe99a84, 0xe99a89, 0xe99a91,
    0xe99a96, 0xe99a9a, 0xe99a9d, 0xe99a9f, 0xe99aa4, 0xe99aa5, 0xe99aa6, 0xe99aa9, 0xe99aae,
    0xe99aaf, 0xe99ab3, 0xe99aba, 0xe99b8a, 0xe99b92, 0xe5b6b2, 0xe99b98, 0xe99b9a, 0xe99b9d,
    0xe99b9e, 0xe99b9f, 0xe99ba9, 0xe99baf, 0xe99bb1, 0xe99bba, 0xe99c82, 0xe99c83, 0xe99c85,
    0xe99c89, 0xe99c9a, 0xe99c9b, 0xe99c9d, 0xe99ca1, 0xe99ca2, 0xe99ca3, 0xe99ca8, 0xe99cb1,
    0xe99cb3, 0xe99d81, 0xe99d83, 0xe99d8a, 0xe99d8e, 0xe99d8f, 0xe99d95, 0xe99d97, 0xe99d98,
    0xe99d9a, 0xe99d9b, 0xe99da3, 0xe99da7, 0xe99daa, 0xe99dae, 0xe99db3, 0xe99db6, 0xe99db7,
    0xe99db8, 0xe99dbb, 0xe99dbd, 0xe99dbf, 0xe99e80, 0xe99e89, 0xe99e95, 0xe99e96, 0xe99e97,
    0xe99e99, 0xe99e9a, 0xe99e9e, 0xe99e9f, 0xe99ea2, 0xe99eac, 0xe99eae, 0xe99eb1, 0xe99eb2,
    0xe99eb5, 0xe99eb6, 0xe99eb8, 0xe99eb9, 0xe99eba, 0xe99ebc, 0xe99ebe, 0xe99ebf, 0xe99f81,
    0xe99f84, 0xe99f85, 0xe99f87, 0xe99f89, 0xe99f8a, 0xe99f8c, 0xe99f8d, 0xe99f8e, 0xe99f90,
    0xe99f91, 0xe99f94, 0xe99f97, 0xe99f98, 0xe99f99, 0xe99f9d, 0xe99f9e, 0xe99fa0, 0xe99f9b,
    0xe99fa1, 0xe99fa4, 0xe99faf, 0xe99fb1, 0xe99fb4, 0xe99fb7, 0xe99fb8, 0xe99fba, 0xe9a087,
    0xe9a08a, 0xe9a099, 0xe9a08d, 0xe9a08e, 0xe9a094, 0xe9a096, 0xe9a09c, 0xe9a09e, 0xe9a0a0,
    0xe9a0a3, 0xe9a0a6, 0xe9a0ab, 0xe9a0ae, 0xe9a0af, 0xe9a0b0, 0xe9a0b2, 0xe9a0b3, 0xe9a0b5,
    0xe9a0a5, 0xe9a0be, 0xe9a184, 0xe9a187, 0xe9a18a, 0xe9a191, 0xe9a192, 0xe9a193, 0xe9a196,
    0xe9a197, 0xe9a199, 0xe9a19a, 0xe9a1a2, 0xe9a1a3, 0xe9a1a5, 0xe9a1a6, 0xe9a1aa, 0xe9a1ac,
    0xe9a2ab, 0xe9a2ad, 0xe9a2ae, 0xe9a2b0, 0xe9a2b4, 0xe9a2b7, 0xe9a2b8, 0xe9a2ba, 0xe9a2bb,
    0xe9a2bf, 0xe9a382, 0xe9a385, 0xe9a388, 0xe9a38c, 0xe9a3a1, 0xe9a3a3, 0xe9a3a5, 0xe9a3a6,
    0xe9a3a7, 0xe9a3aa, 0xe9a3b3, 0xe9a3b6, 0xe9a482, 0xe9a487, 0xe9a488, 0xe9a491, 0xe9a495,
    0xe9a496, 0xe9a497, 0xe9a49a, 0xe9a49b, 0xe9a49c, 0xe9a49f, 0xe9a4a2, 0xe9a4a6, 0xe9a4a7,
    0xe9a4ab, 0xe9a4b1, 0xe9a4b2, 0xe9a4b3, 0xe9a4b4, 0xe9a4b5, 0xe9a4b9, 0xe9a4ba, 0xe9a4bb,
    0xe9a4bc, 0xe9a580, 0xe9a581, 0xe9a586, 0xe9a587, 0xe9a588, 0xe9a58d, 0xe9a58e, 0xe9a594,
    0xe9a598, 0xe9a599, 0xe9a59b, 0xe9a59c, 0xe9a59e, 0xe9a59f, 0xe9a5a0, 0xe9a69b, 0xe9a69d,
    0xe9a69f, 0xe9a6a6, 0xe9a6b0, 0xe9a6b1, 0xe9a6b2, 0xe9a6b5, 0xe9a6b9, 0xe9a6ba, 0xe9a6bd,
    0xe9a6bf, 0xe9a783, 0xe9a789, 0xe9a793, 0xe9a794, 0xe9a799, 0xe9a79a, 0xe9a79c, 0xe9a79e,
    0xe9a7a7, 0xe9a7aa, 0xe9a7ab, 0xe9a7ac, 0xe9a7b0, 0xe9a7b4, 0xe9a7b5, 0xe9a7b9, 0xe9a7bd,
    0xe9a7be, 0xe9a882, 0xe9a883, 0xe9a884, 0xe9a88b, 0xe9a88c, 0xe9a890, 0xe9a891, 0xe9a896,
    0xe9a89e, 0xe9a8a0, 0xe9a8a2, 0xe9a8a3, 0xe9a8a4, 0xe9a8a7, 0xe9a8ad, 0xe9a8ae, 0xe9a8b3,
    0xe9a8b5, 0xe9a8b6, 0xe9a8b8, 0xe9a987, 0xe9a981, 0xe9a984, 0xe9a98a, 0xe9a98b, 0xe9a98c,
    0xe9a98e, 0xe9a991, 0xe9a994, 0xe9a996, 0xe9a99d, 0xe9aaaa, 0xe9aaac, 0xe9aaae, 0xe9aaaf,
    0xe9aab2, 0xe9aab4, 0xe9aab5, 0xe9aab6, 0xe9aab9, 0xe9aabb, 0xe9aabe, 0xe9aabf, 0xe9ab81,
    0xe9ab83, 0xe9ab86, 0xe9ab88, 0xe9ab8e, 0xe9ab90, 0xe9ab92, 0xe9ab95, 0xe9ab96, 0xe9ab97,
    0xe9ab9b, 0xe9ab9c, 0xe9aba0, 0xe9aba4, 0xe9aba5, 0xe9aba7, 0xe9aba9, 0xe9abac, 0xe9abb2,
    0xe9abb3, 0xe9abb5, 0xe9abb9, 0xe9abba, 0xe9abbd, 0xe9abbf, 0xe9ac80, 0xe9ac81, 0xe9ac82,
    0xe9ac83, 0xe9ac84, 0xe9ac85, 0xe9ac88, 0xe9ac89, 0xe9ac8b, 0xe9ac8c, 0xe9ac8d, 0xe9ac8e,
    0xe9ac90, 0xe9ac92, 0xe9ac96, 0xe9ac99, 0xe9ac9b, 0xe9ac9c, 0xe9aca0, 0xe9aca6, 0xe9acab,
    0xe9acad, 0xe9acb3, 0xe9acb4, 0xe9acb5, 0xe9acb7, 0xe9acb9, 0xe9acba, 0xe9acbd, 0xe9ad88,
    0xe9ad8b, 0xe9ad8c, 0xe9ad95, 0xe9ad96, 0xe9ad97, 0xe9ad9b, 0xe9ad9e, 0xe9ada1, 0xe9ada3,
    0xe9ada5, 0xe9ada6, 0xe9ada8, 0xe9adaa, 0xe9adab, 0xe9adac, 0xe9adad, 0xe9adae, 0xe9adb3,
    0xe9adb5, 0xe9adb7, 0xe9adb8, 0xe9adb9, 0xe9adbf, 0xe9ae80, 0xe9ae84, 0xe9ae85, 0xe9ae86,
    0xe9ae87, 0xe9ae89, 0xe9ae8a, 0xe9ae8b, 0xe9ae8d, 0xe9ae8f, 0xe9ae90, 0xe9ae94, 0xe9ae9a,
    0xe9ae9d, 0xe9ae9e, 0xe9aea6, 0xe9aea7, 0xe9aea9, 0xe9aeac, 0xe9aeb0, 0xe9aeb1, 0xe9aeb2,
    0xe9aeb7, 0xe9aeb8, 0xe9aebb, 0xe9aebc, 0xe9aebe, 0xe9aebf, 0xe9af81, 0xe9af87, 0xe9af88,
    0xe9af8e, 0xe9af90, 0xe9af97, 0xe9af98, 0xe9af9d, 0xe9af9f, 0xe9afa5, 0xe9afa7, 0xe9afaa,
    0xe9afab, 0xe9afaf, 0xe9afb3, 0xe9afb7, 0xe9afb8, 0xe9afb9, 0xe9afba, 0xe9afbd, 0xe9afbf,
    0xe9b080, 0xe9b082, 0xe9b08b, 0xe9b08f, 0xe9b091, 0xe9b096, 0xe9b098, 0xe9b099, 0xe9b09a,
    0xe9b09c, 0xe9b09e, 0xe9b0a2, 0xe9b0a3, 0xe9b0a6, 0xe9b0a7, 0xe9b0a8, 0xe9b0a9, 0xe9b0aa,
    0xe9b0b1, 0xe9b0b5, 0xe9b0b6, 0xe9b0b7, 0xe9b0bd, 0xe9b181, 0xe9b183, 0xe9b184, 0xe9b185,
    0xe9b189, 0xe9b18a, 0xe9b18e, 0xe9b18f, 0xe9b190, 0xe9b193, 0xe9b194, 0xe9b196, 0xe9b198,
    0xe9b19b, 0xe9b19d, 0xe9b19e, 0xe9b19f, 0xe9b1a3, 0xe9b1a9, 0xe9b1aa, 0xe9b19c, 0xe9b1ab,
    0xe9b1a8, 0xe9b1ae, 0xe9b1b0, 0xe9b1b2, 0xe9b1b5, 0xe9b1b7, 0xe9b1bb, 0xe9b3a6, 0xe9b3b2,
    0xe9b3b7, 0xe9b3b9, 0xe9b48b, 0xe9b482, 0xe9b491, 0xe9b497, 0xe9b498, 0xe9b49c, 0xe9b49d,
    0xe9b49e, 0xe9b4af, 0xe9b4b0, 0xe9b4b2, 0xe9b4b3, 0xe9b4b4, 0xe9b4ba, 0xe9b4bc, 0xe9b585,
    0xe9b4bd, 0xe9b582, 0xe9b583, 0xe9b587, 0xe9b58a, 0xe9b593, 0xe9b594, 0xe9b59f, 0xe9b5a3,
    0xe9b5a2, 0xe9b5a5, 0xe9b5a9, 0xe9b5aa, 0xe9b5ab, 0xe9b5b0, 0xe9b5b6, 0xe9b5b7, 0xe9b5bb,
    0xe9b5bc, 0xe9b5be, 0xe9b683, 0xe9b684, 0xe9b686, 0xe9b68a, 0xe9b68d, 0xe9b68e, 0xe9b692,
    0xe9b693, 0xe9b695, 0xe9b696, 0xe9b697, 0xe9b698, 0xe9b6a1, 0xe9b6aa, 0xe9b6ac, 0xe9b6ae,
    0xe9b6b1, 0xe9b6b5, 0xe9b6b9, 0xe9b6bc, 0xe9b6bf, 0xe9b783, 0xe9b787, 0xe9b789, 0xe9b78a,
    0xe9b794, 0xe9b795, 0xe9b796, 0xe9b797, 0xe9b79a, 0xe9b79e, 0xe9b79f, 0xe9b7a0, 0xe9b7a5,
    0xe9b7a7, 0xe9b7a9, 0xe9b7ab, 0xe9b7ae, 0xe9b7b0, 0xe9b7b3, 0xe9b7b4, 0xe9b7be, 0xe9b88a,
    0xe9b882, 0xe9b887, 0xe9b88e, 0xe9b890, 0xe9b891, 0xe9b892, 0xe9b895, 0xe9b896, 0xe9b899,
    0xe9b89c, 0xe9b89d, 0xe9b9ba, 0xe9b9bb, 0xe9b9bc, 0xe9ba80, 0xe9ba82, 0xe9ba83, 0xe9ba84,
    0xe9ba85, 0xe9ba87, 0xe9ba8e, 0xe9ba8f, 0xe9ba96, 0xe9ba98, 0xe9ba9b, 0xe9ba9e, 0xe9baa4,
    0xe9baa8, 0xe9baac, 0xe9baae, 0xe9baaf, 0xe9bab0, 0xe9bab3, 0xe9bab4, 0xe9bab5, 0xe9bb86,
    0xe9bb88, 0xe9bb8b, 0xe9bb95, 0xe9bb9f, 0xe9bba4, 0xe9bba7, 0xe9bbac, 0xe9bbad, 0xe9bbae,
    0xe9bbb0, 0xe9bbb1, 0xe9bbb2, 0xe9bbb5, 0xe9bbb8, 0xe9bbbf, 0xe9bc82, 0xe9bc83, 0xe9bc89,
    0xe9bc8f, 0xe9bc90, 0xe9bc91, 0xe9bc92, 0xe9bc94, 0xe9bc96, 0xe9bc97, 0xe9bc99, 0xe9bc9a,
    0xe9bc9b, 0xe9bc9f, 0xe9bca2, 0xe9bca6, 0xe9bcaa, 0xe9bcab, 0xe9bcaf, 0xe9bcb1, 0xe9bcb2,
    0xe9bcb4, 0xe9bcb7, 0xe9bcb9, 0xe9bcba, 0xe9bcbc, 0xe9bcbd, 0xe9bcbf, 0xe9bd81, 0xe9bd83,
    0xe9bd84, 0xe9bd85, 0xe9bd86, 0xe9bd87, 0xe9bd93, 0xe9bd95, 0xe9bd96, 0xe9bd97, 0xe9bd98,
    0xe9bd9a, 0xe9bd9d, 0xe9bd9e, 0xe9bda8, 0xe9bda9, 0xe9bdad, 0xe9bdae, 0xe9bdaf, 0xe9bdb0,
    0xe9bdb1, 0xe9bdb3, 0xe9bdb5, 0xe9bdba, 0xe9bdbd, 0xe9be8f, 0xe9be90, 0xe9be91, 0xe9be92,
    0xe9be94, 0xe9be96, 0xe9be97, 0xe9be9e, 0xe9bea1, 0xe9bea2, 0xe9bea3, 0xe9bea5, 0x000000,
    0x000000, 0x000000, 0x000000, 0x000000, 0x000000, 0x000000, 0x000000, 0x000000, 0x000000,
    0x000000, 0x000000, 0x000000, 0x000000, 0x000000, 0x000000, 0x000000, 0x000000, 0x000000,
    0x000000, 0x000000, 0x000000, 0x000000, 0x000000, 0x000000, 0x000000, 0x000000, 0x000000,
    0x000000, 0x000000, 0x000000, 0x000000, 0x000000, 0x000000, 0x000000, 0x000000, 0x000000,
    0x000000, 0x000000, 0x000000, 0x000000, 0x000000, 0x000000, 0x000000, 0x000000, 0x000000,
    0x000000, 0x000000, 0x000000, 0x000000, 0x000000, 0x000000, 0x000000, 0x000000, 0x000000,
    0x000000, 0x000000, 0x000000, 0x000000, 0x000000, 0x000000, 0x000000, 0x000000, 0x000000,
    0x000000, 0x000000, 0x000000, 0x000000, 0x000000, 0x000000, 0x000000, 0x000000, 0x000000,
    0x000000, 0x000000, 0x000000, 0x000000, 0x000000, 0x000000, 0x000000, 0x000000, 0x000000,
    0xe285b0, 0xe285b1, 0xe285b2, 0xe285b3, 0xe285b4, 0xe285b5, 0xe285b6, 0xe285b7, 0xe285b8,
    0xe285b9, 0xe285a0, 0xe285a1, 0xe285a2, 0xe285a3, 0xe285a4, 0xe285a5, 0xe285a6, 0xe285a7,
    0xe285a8, 0xe285a9, 0xefbc87, 0xefbc82, 0xe388b1, 0xe28496, 0xe284a1, 0xe782bb, 0xe4bbbc,
    0xe583b4, 0xe587ac, 0xe58c87, 0xe58ca4, 0xefa88e, 0xe5928a, 0xe59d99, 0xefa88f, 0xefa890,
    0xe5a29e, 0xe5afac, 0xe5b3b5, 0xe5b593, 0xefa891, 0xe5beb7, 0xe68285, 0xe684a0, 0xe6958e,
    0xe698bb, 0xe699a5, 0xefa892, 0xefa4a9, 0xe6a081, 0xefa893, 0xefa894, 0xe6a9ab, 0xe6aba2,
    0xe6b7b8, 0xe6b7b2, 0xe780a8, 0xefa895, 0xefa896, 0xe79481, 0xe79a82, 0xe79a9e, 0xefa897,
    0xe7a4b0, 0xefa898, 0xefa899, 0xefa89a, 0xefa89b, 0xe7aba7, 0xefa89c, 0xefa89d, 0xe7b6a0,
    0xe7b796, 0xefa89e, 0xe88da2, 0xefa89f, 0xe896b0, 0xefa8a0, 0xefa8a1, 0xe8a087, 0xefa8a2,
    0xe8adbf, 0xe8b3b4, 0xe8b5b6, 0xefa8a3, 0xefa8a4, 0xefa8a5, 0xe9839e, 0xefa8a6, 0xe98495,
    0xefa8a7, 0xefa8a8, 0xe99692, 0xefa79c, 0xefa8a9, 0xe99cbb, 0xe99d8d, 0xe99d91, 0xefa8aa,
    0xefa8ab, 0xefa8ac, 0xe9a69e, 0xe9ab99, 0xe9adb2, 0xefa8ad, 0xe9bb91,
];
pub static EUC_JP_TO_UNICODE_TREE: PgMbRadixTree = PgMbRadixTree {
    chars16: &[],
    chars32: &EUC_JP_TO_UNICODE_TREE_TABLE,
    b1root: 0x0,
    b1_lower: 0x0,
    b1_upper: 0x0,
    b2root: 0x67,
    b2_1_lower: 0x8e,
    b2_1_upper: 0xf4,
    b2_2_lower: 0xa1,
    b2_2_upper: 0xfe,
    b3root: 0x1dd0,
    b3_1_lower: 0x8f,
    b3_1_upper: 0x8f,
    b3_2_lower: 0xa2,
    b3_2_upper: 0xf4,
    b3_3_lower: 0xa1,
    b3_3_upper: 0xfe,
    b4root: 0x0,
    b4_1_lower: 0x0,
    b4_1_upper: 0x0,
    b4_2_lower: 0x0,
    b4_2_upper: 0x0,
    b4_3_lower: 0x0,
    b4_3_upper: 0x0,
    b4_4_lower: 0x0,
    b4_4_upper: 0x0,
};
static EUC_JP_FROM_UNICODE_TREE_TABLE: [u32; 23370] = [
    0x000000, 0x000000, 0x000000, 0x000000, 0x000000, 0x000000, 0x000000, 0x000000, 0x000000,
    0x000000, 0x000000, 0x000000, 0x000000, 0x000000, 0x000000, 0x000000, 0x000000, 0x000000,
    0x000000, 0x000000, 0x000000, 0x000000, 0x000000, 0x000000, 0x000000, 0x000000, 0x000000,
    0x000000, 0x000000, 0x000000, 0x000000, 0x000000, 0x000000, 0x000000, 0x000000, 0x000000,
    0x000000, 0x000000, 0x000000, 0x000000, 0x000000, 0x000000, 0x000000, 0x000000, 0x000000,
    0x000000, 0x000000, 0x000000, 0x000000, 0x000000, 0x000000, 0x000000, 0x000000, 0x000000,
    0x000000, 0x000000, 0x000000, 0x000000, 0x000000, 0x000000, 0x000000, 0x000000, 0x000000,
    0x000000, 0x000050, 0x000090, 0x0000d0, 0x000110, 0x000000, 0x00014f, 0x000000, 0x000000,
    0x000000, 0x000188, 0x000000, 0x000000, 0x0001c4, 0x000204, 0x000243, 0x000283, 0x000000,
    0x000000, 0x000000, 0x000000, 0x000000, 0x000000, 0x000000, 0x000000, 0x000000, 0x000000,
    0x000000, 0x000000, 0x000000, 0x000000, 0x000000, 0x000000, 0x000000, 0x000000, 0x000000,
    0x000000, 0x000000, 0x000000, 0x000000, 0x000000, 0x000000, 0x000000, 0x000000, 0x000000,
    0x000000, 0x000000, 0x000000, 0x000000, 0x000000, 0x8fa2c2, 0x000000, 0x000000, 0x8fa2f0,
    0x000000, 0x8fa2c3, 0x00a1f8, 0x00a1af, 0x8fa2ed, 0x8fa2ec, 0x000000, 0x000000, 0x000000,
    0x8fa2ee, 0x8fa2b4, 0x00a1eb, 0x00a1de, 0x000000, 0x000000, 0x00a1ad, 0x000000, 0x00a2f9,
    0x000000, 0x8fa2b1, 0x000000, 0x8fa2eb, 0x000000, 0x000000, 0x000000, 0x000000, 0x8fa2c4,
    0x8faaa2, 0x8faaa1, 0x8faaa4, 0x8faaaa, 0x8faaa3, 0x8faaa9, 0x8fa9a1, 0x8faaae, 0x8faab2,
    0x8faab1, 0x8faab4, 0x8faab3, 0x8faac0, 0x8faabf, 0x8faac2, 0x8faac1, 0x000000, 0x8faad0,
    0x8faad2, 0x8faad1, 0x8faad4, 0x8faad8, 0x8faad3, 0x00a1df, 0x8fa9ac, 0x8faae3, 0x8faae2,
    0x8faae5, 0x8faae4, 0x8faaf2, 0x8fa9b0, 0x8fa9ce, 0x8faba2, 0x8faba1, 0x8faba4, 0x8fabaa,
    0x8faba3, 0x8faba9, 0x8fa9c1, 0x8fabae, 0x8fabb2, 0x8fabb1, 0x8fabb4, 0x8fabb3, 0x8fabc0,
    0x8fabbf, 0x8fabc2, 0x8fabc1, 0x8fa9c3, 0x8fabd0, 0x8fabd2, 0x8fabd1, 0x8fabd4, 0x8fabd8,
    0x8fabd3, 0x00a1e0, 0x8fa9cc, 0x8fabe3, 0x8fabe2, 0x8fabe5, 0x8fabe4, 0x8fabf2, 0x8fa9d0,
    0x8fabf3, 0x8faaa7, 0x8faba7, 0x8faaa5, 0x8faba5, 0x8faaa8, 0x8faba8, 0x8faaab, 0x8fabab,
    0x8faaac, 0x8fabac, 0x8faaaf, 0x8fabaf, 0x8faaad, 0x8fabad, 0x8faab0, 0x8fabb0, 0x8fa9a2,
    0x8fa9c2, 0x8faab7, 0x8fabb7, 0x000000, 0x000000, 0x8faab6, 0x8fabb6, 0x8faab8, 0x8fabb8,
    0x8faab5, 0x8fabb5, 0x8faaba, 0x8fabba, 0x8faabb, 0x8fabbb, 0x8faabd, 0x8fabbd, 0x8faabc,
    0x000000, 0x8faabe, 0x8fabbe, 0x8fa9a4, 0x8fa9c4, 0x8faac7, 0x8fabc7, 0x8faac5, 0x8fabc5,
    0x000000, 0x000000, 0x8faac6, 0x8fabc6, 0x8faac4, 0x8fa9c5, 0x8fa9a6, 0x8fa9c6, 0x8faac8,
    0x8fabc8, 0x8faac9, 0x8fabc9, 0x8fa9c7, 0x8faaca, 0x8fabca, 0x8faacc, 0x8fabcc, 0x8faacb,
    0x8fabcb, 0x8fa9a9, 0x8fa9c9, 0x8fa9a8, 0x8fa9c8, 0x8faacd, 0x8fabcd, 0x8faacf, 0x8fabcf,
    0x8faace, 0x8fabce, 0x8fa9ca, 0x8fa9ab, 0x8fa9cb, 0x8faad7, 0x8fabd7, 0x000000, 0x000000,
    0x8faad6, 0x8fabd6, 0x8fa9ad, 0x8fa9cd, 0x8faad9, 0x8fabd9, 0x8faadb, 0x8fabdb, 0x8faada,
    0x8fabda, 0x8faadc, 0x8fabdc, 0x8faadd, 0x8fabdd, 0x8faadf, 0x8fabdf, 0x8faade, 0x8fabde,
    0x8faae1, 0x8fabe1, 0x8faae0, 0x8fabe0, 0x8fa9af, 0x8fa9cf, 0x8faaec, 0x8fabec, 0x8faae9,
    0x8fabe9, 0x8faae6, 0x8fabe6, 0x8faaeb, 0x8fabeb, 0x8faae8, 0x8fabe8, 0x8faaea, 0x8fabea,
    0x8faaf1, 0x8fabf1, 0x8faaf4, 0x8fabf4, 0x8faaf3, 0x8faaf5, 0x8fabf5, 0x8faaf7, 0x8fabf7,
    0x8faaf6, 0x8fabf6, 0x000000, 0x000000, 0x000000, 0x000000, 0x000000, 0x000000, 0x000000,
    0x000000, 0x000000, 0x000000, 0x000000, 0x000000, 0x000000, 0x8faaa6, 0x8faba6, 0x8faac3,
    0x8fabc3, 0x8faad5, 0x8fabd5, 0x8faae7, 0x8fabe7, 0x8faaf0, 0x8fabf0, 0x8faaed, 0x8fabed,
    0x8faaef, 0x8fabef, 0x8faaee, 0x8fabee, 0x000000, 0x000000, 0x000000, 0x000000, 0x000000,
    0x000000, 0x000000, 0x000000, 0x000000, 0x000000, 0x000000, 0x000000, 0x000000, 0x000000,
    0x000000, 0x000000, 0x000000, 0x000000, 0x000000, 0x000000, 0x000000, 0x000000, 0x000000,
    0x000000, 0x8fabb9, 0x000000, 0x000000, 0x000000, 0x000000, 0x000000, 0x000000, 0x000000,
    0x000000, 0x000000, 0x000000, 0x8fa2b0, 0x000000, 0x000000, 0x000000, 0x000000, 0x000000,
    0x000000, 0x000000, 0x000000, 0x000000, 0x000000, 0x000000, 0x000000, 0x000000, 0x000000,
    0x000000, 0x000000, 0x8fa2af, 0x8fa2b2, 0x8fa2b6, 0x8fa2b5, 0x000000, 0x8fa2b3, 0x000000,
    0x000000, 0x000000, 0x000000, 0x000000, 0x000000, 0x000000, 0x000000, 0x000000, 0x000000,
    0x000000, 0x000000, 0x000000, 0x000000, 0x000000, 0x000000, 0x000000, 0x000000, 0x000000,
    0x000000, 0x000000, 0x000000, 0x000000, 0x000000, 0x000000, 0x000000, 0x000000, 0x000000,
    0x000000, 0x000000, 0x000000, 0x000000, 0x000000, 0x000000, 0x8fa2b8, 0x8fa2b9, 0x8fa6e1,
    0x000000, 0x8fa6e2, 0x8fa6e3, 0x8fa6e4, 0x000000, 0x8fa6e7, 0x000000, 0x8fa6e9, 0x8fa6ec,
    0x8fa6f6, 0x00a6a1, 0x00a6a2, 0x00a6a3, 0x00a6a4, 0x00a6a5, 0x00a6a6, 0x00a6a7, 0x00a6a8,
    0x00a6a9, 0x00a6aa, 0x00a6ab, 0x00a6ac, 0x00a6ad, 0x00a6ae, 0x00a6af, 0x00a6b0, 0x00a6b1,
    0x000000, 0x00a6b2, 0x00a6b3, 0x00a6b4, 0x00a6b5, 0x00a6b6, 0x00a6b7, 0x00a6b8, 0x8fa6e5,
    0x8fa6ea, 0x8fa6f1, 0x8fa6f2, 0x8fa6f3, 0x8fa6f4, 0x8fa6fb, 0x00a6c1, 0x00a6c2, 0x00a6c3,
    0x00a6c4, 0x00a6c5, 0x00a6c6, 0x00a6c7, 0x00a6c8, 0x00a6c9, 0x00a6ca, 0x00a6cb, 0x00a6cc,
    0x00a6cd, 0x00a6ce, 0x00a6cf, 0x00a6d0, 0x00a6d1, 0x8fa6f8, 0x00a6d2, 0x00a6d3, 0x00a6d4,
    0x00a6d5, 0x00a6d6, 0x00a6d7, 0x00a6d8, 0x8fa6f5, 0x8fa6fa, 0x8fa6f7, 0x8fa6f9, 0x8fa6fc,
    0x000000, 0x000000, 0x000000, 0x000000, 0x000000, 0x000000, 0x000000, 0x000000, 0x000000,
    0x000000, 0x000000, 0x000000, 0x000000, 0x000000, 0x000000, 0x000000, 0x000000, 0x000000,
    0x000000, 0x000000, 0x000000, 0x000000, 0x000000, 0x000000, 0x000000, 0x000000, 0x000000,
    0x000000, 0x000000, 0x000000, 0x000000, 0x000000, 0x000000, 0x000000, 0x000000, 0x000000,
    0x000000, 0x000000, 0x000000, 0x000000, 0x000000, 0x000000, 0x000000, 0x000000, 0x000000,
    0x000000, 0x000000, 0x000000, 0x000000, 0x00a7a7, 0x8fa7c2, 0x8fa7c3, 0x8fa7c4, 0x8fa7c5,
    0x8fa7c6, 0x8fa7c7, 0x8fa7c8, 0x8fa7c9, 0x8fa7ca, 0x8fa7cb, 0x8fa7cc, 0x000000, 0x8fa7cd,
    0x8fa7ce, 0x00a7a1, 0x00a7a2, 0x00a7a3, 0x00a7a4, 0x00a7a5, 0x00a7a6, 0x00a7a8, 0x00a7a9,
    0x00a7aa, 0x00a7ab, 0x00a7ac, 0x00a7ad, 0x00a7ae, 0x00a7af, 0x00a7b0, 0x00a7b1, 0x00a7b2,
    0x00a7b3, 0x00a7b4, 0x00a7b5, 0x00a7b6, 0x00a7b7, 0x00a7b8, 0x00a7b9, 0x00a7ba, 0x00a7bb,
    0x00a7bc, 0x00a7bd, 0x00a7be, 0x00a7bf, 0x00a7c0, 0x00a7c1, 0x00a7d1, 0x00a7d2, 0x00a7d3,
    0x00a7d4, 0x00a7d5, 0x00a7d6, 0x00a7d8, 0x00a7d9, 0x00a7da, 0x00a7db, 0x00a7dc, 0x00a7dd,
    0x00a7de, 0x00a7df, 0x00a7e0, 0x00a7e1, 0x00a7e2, 0x00a7e3, 0x00a7e4, 0x00a7e5, 0x00a7e6,
    0x00a7e7, 0x00a7e8, 0x00a7e9, 0x00a7ea, 0x00a7eb, 0x00a7ec, 0x00a7ed, 0x00a7ee, 0x00a7ef,
    0x00a7f0, 0x00a7f1, 0x000000, 0x00a7d7, 0x8fa7f2, 0x8fa7f3, 0x8fa7f4, 0x8fa7f5, 0x8fa7f6,
    0x8fa7f7, 0x8fa7f8, 0x8fa7f9, 0x8fa7fa, 0x8fa7fb, 0x8fa7fc, 0x000000, 0x8fa7fd, 0x8fa7fe,
    0x000000, 0x000000, 0x000000, 0x000000, 0x000000, 0x000000, 0x000000, 0x000000, 0x000000,
    0x000000, 0x000000, 0x000000, 0x000000, 0x000000, 0x000000, 0x000000, 0x000000, 0x000000,
    0x000000, 0x000000, 0x000000, 0x000000, 0x000000, 0x000000, 0x000000, 0x000000, 0x000000,
    0x000000, 0x000000, 0x000000, 0x000000, 0x000000, 0x0002d1, 0x000311, 0x000321, 0x000361,
    0x0003a1, 0x0003e1, 0x000421, 0x000461, 0x000000, 0x000000, 0x000000, 0x000000, 0x000000,
    0x0004a0, 0x0004e0, 0x000000, 0x000000, 0x000000, 0x00051d, 0x000549, 0x000583, 0x0005b1,
    0x0005f1, 0x00062f, 0x00066d, 0x000000, 0x0006ad, 0x000000, 0x000000, 0x000000, 0x000000,
    0x0006cd, 0x000000, 0x000000, 0x00070d, 0x00074d, 0x00076d, 0x0007ab, 0x0007e6, 0x000826,
    0x000000, 0x000000, 0x000000, 0x000000, 0x000000, 0x000000, 0x000000, 0x000000, 0x000000,
    0x000000, 0x000000, 0x000000, 0x000000, 0x000000, 0x000000, 0x000000, 0x000000, 0x000000,
    0x000000, 0x000000, 0x000000, 0x000000, 0x000000, 0x000000, 0x000000, 0x000000, 0x000000,
    0x000000, 0x000000, 0x000000, 0x000000, 0x000000, 0x000000, 0x000000, 0x000000, 0x000000,
    0x000000, 0x000000, 0x000866, 0x0008a5, 0x0008e5, 0x000925, 0x000000, 0x000000, 0x000000,
    0x000000, 0x000964, 0x000000, 0x00099e, 0x000000, 0x0009db, 0x000a17, 0x000a56, 0x000a92,
    0x000000, 0x000000, 0x000000, 0x000000, 0x000000, 0x000000, 0x000000, 0x000000, 0x000000,
    0x000000, 0x000000, 0x000000, 0x000000, 0x000000, 0x000000, 0x000000, 0x000000, 0x000000,
    0x000000, 0x000000, 0x000000, 0x000000, 0x000000, 0x000000, 0x000000, 0x000000, 0x000000,
    0x000000, 0x000000, 0x000000, 0x000000, 0x000000, 0x000000, 0x000000, 0x000000, 0x000000,
    0x000000, 0x000000, 0x000000, 0x000000, 0x000000, 0x000000, 0x000000, 0x000000, 0x000000,
    0x000000, 0x000000, 0x000000, 0x000000, 0x000000, 0x000000, 0x000000, 0x000000, 0x000000,
    0x000000, 0x000000, 0x000ad2, 0x000b12, 0x000b52, 0x000b92, 0x000bd2, 0x000c12, 0x000c52,
    0x000c92, 0x000cd2, 0x000d12, 0x000d52, 0x000d92, 0x000dd2, 0x000e12, 0x000e52, 0x000e92,
    0x000ed2, 0x000f0f, 0x000f4f, 0x000f8f, 0x000fcf, 0x00100f, 0x00104f, 0x00108f, 0x0010ce,
    0x00110e, 0x00114e, 0x00118e, 0x0011ce, 0x00120e, 0x00124e, 0x00128e, 0x0012ce, 0x00130e,
    0x00134e, 0x00138e, 0x0013ce, 0x00140e, 0x00144e, 0x00148e, 0x0014ce, 0x00150e, 0x00154e,
    0x00158d, 0x0015cb, 0x00160b, 0x00164a, 0x001689, 0x0016c9, 0x001709, 0x001749, 0x001789,
    0x0017c9, 0x001809, 0x001849, 0x001889, 0x0018c9, 0x001909, 0x001947, 0x001986, 0x0019c5,
    0x001a05, 0x001a45, 0x001a83, 0x001ac3, 0x001b03, 0x001b43, 0x001b83, 0x001bc3, 0x001c03,
    0x001c43, 0x001c81, 0x001cc1, 0x001d01, 0x001d41, 0x001d80, 0x001dc0, 0x001e00, 0x001e40,
    0x001e80, 0x001ec0, 0x001f00, 0x001f40, 0x001f80, 0x001fc0, 0x002000, 0x002040, 0x002080,
    0x0020bb, 0x0020fb, 0x002139, 0x002179, 0x0021b9, 0x0021f9, 0x002238, 0x002278, 0x0022b8,
    0x0022f8, 0x002338, 0x002378, 0x0023b8, 0x0023f8, 0x002438, 0x002478, 0x0024b8, 0x0024f8,
    0x002538, 0x002575, 0x0025b5, 0x0025f5, 0x002635, 0x002675, 0x0026b5, 0x0026f5, 0x002735,
    0x002775, 0x0027b3, 0x0027f3, 0x002833, 0x002873, 0x0028b3, 0x0028f3, 0x002932, 0x002972,
    0x0029ae, 0x0029ee, 0x002a2c, 0x002a6c, 0x002aac, 0x002aeb, 0x002b2b, 0x002b6b, 0x002bab,
    0x002beb, 0x002c2b, 0x002c6b, 0x002cab, 0x002cea, 0x002d29, 0x002d65, 0x002da3, 0x002de2,
    0x002e22, 0x002e62, 0x002ea2, 0x002ee2, 0x002f22, 0x002f61, 0x002fa0, 0x002fe0, 0x003020,
    0x003060, 0x0030a0, 0x0030e0, 0x003120, 0x003160, 0x0031a0, 0x0031e0, 0x003220, 0x003260,
    0x0032a0, 0x0032e0, 0x003320, 0x003360, 0x0033a0, 0x0033e0, 0x003420, 0x003460, 0x00349e,
    0x0034de, 0x00351d, 0x00355d, 0x00359d, 0x0035dd, 0x00361d, 0x00365d, 0x00369d, 0x0036dd,
    0x00371d, 0x00375d, 0x00379d, 0x0037dd, 0x003819, 0x003859, 0x003899, 0x0038d9, 0x003918,
    0x003958, 0x003998, 0x0039d8, 0x003a18, 0x003a58, 0x003a98, 0x003ad8, 0x003b18, 0x000000,
    0x003b37, 0x003b77, 0x003bb7, 0x003bf7, 0x003c37, 0x003c77, 0x003cb7, 0x003cf4, 0x003d33,
    0x003d72, 0x003db2, 0x003df2, 0x003e32, 0x003e72, 0x003eb2, 0x003ef2, 0x003f32, 0x003f72,
    0x003fb2, 0x003ff2, 0x004031, 0x00406f, 0x0040ae, 0x0040ee, 0x00412e, 0x00416e, 0x0041ae,
    0x0041ee, 0x00422e, 0x00426e, 0x0042aa, 0x0042ea, 0x00432a, 0x00436a, 0x0043aa, 0x0043ea,
    0x00442a, 0x00446a, 0x0044aa, 0x0044ea, 0x004529, 0x004569, 0x0045a9, 0x0045e9, 0x004629,
    0x004669, 0x0046a9, 0x0046e9, 0x004729, 0x004768, 0x0047a8, 0x000000, 0x0047c8, 0x004808,
    0x004847, 0x004887, 0x0048c7, 0x0048e3, 0x004923, 0x004963, 0x0049a3, 0x0049e3, 0x004a22,
    0x004a62, 0x004aa2, 0x004ae2, 0x004b08, 0x004b48, 0x004b88, 0x004bc8, 0x004c08, 0x004c47,
    0x004c87, 0x004cc5, 0x004d04, 0x004d44, 0x004d84, 0x004dc4, 0x004e04, 0x004e44, 0x004e84,
    0x004ec0, 0x004f00, 0x004f3f, 0x004f7e, 0x004fbe, 0x004ffe, 0x000000, 0x000000, 0x005007,
    0x005047, 0x005087, 0x0050ae, 0x0050ee, 0x00512e, 0x00516e, 0x0051ae, 0x0051ed, 0x00522d,
    0x00526d, 0x0052ad, 0x0052ec, 0x005321, 0x005361, 0x0053a0, 0x0053e0, 0x00540a, 0x00544a,
    0x00548a, 0x0054ca, 0x0054f6, 0x005536, 0x005576, 0x0055b5, 0x0055f5, 0x005635, 0x005675,
    0x0056b4, 0x000000, 0x0056f0, 0x00572e, 0x00576e, 0x0057ad, 0x0057ed, 0x00582c, 0x00584b,
    0x00588b, 0x0058cb, 0x00590b, 0x00594b, 0x005989, 0x000000, 0x000000, 0x000000, 0x000000,
    0x000000, 0x000000, 0x000000, 0x000000, 0x000000, 0x000000, 0x000000, 0x000000, 0x000000,
    0x000000, 0x000000, 0x000000, 0x000000, 0x000000, 0x000000, 0x000000, 0x000000, 0x000000,
    0x000000, 0x000000, 0x000000, 0x000000, 0x000000, 0x000000, 0x000000, 0x000000, 0x000000,
    0x000000, 0x000000, 0x000000, 0x000000, 0x000000, 0x0059af, 0x000000, 0x000000, 0x0059d9,
    0x005a0b, 0x000000, 0x000000, 0x000000, 0x000000, 0x000000, 0x000000, 0x000000, 0x000000,
    0x000000, 0x000000, 0x000000, 0x000000, 0x000000, 0x000000, 0x000000, 0x000000, 0x000000,
    0x000000, 0x000000, 0x005a4a, 0x005a8a, 0x005aca, 0x005b0a, 0x000000, 0x000000, 0x000000,
    0x000000, 0x000000, 0x000000, 0x000000, 0x000000, 0x000000, 0x000000, 0x000000, 0x000000,
    0x000000, 0x000000, 0x000000, 0x000000, 0x00a1be, 0x000000, 0x000000, 0x000000, 0x000000,
    0x00a1bd, 0x000000, 0x000000, 0x00a1c6, 0x00a1c7, 0x000000, 0x000000, 0x00a1c8, 0x00a1c9,
    0x000000, 0x000000, 0x00a2f7, 0x00a2f8, 0x000000, 0x000000, 0x000000, 0x00a1c5, 0x00a1c4,
    0x000000, 0x000000, 0x000000, 0x000000, 0x000000, 0x000000, 0x000000, 0x000000, 0x000000,
    0x00a2f3, 0x000000, 0x00a1ec, 0x00a1ed, 0x000000, 0x000000, 0x000000, 0x000000, 0x000000,
    0x000000, 0x000000, 0x00a2a8, 0x000000, 0x000000, 0x000000, 0x000000, 0x00a1ee, 0x000000,
    0x000000, 0x000000, 0x000000, 0x000000, 0x000000, 0x000000, 0x000000, 0x000000, 0x000000,
    0x000000, 0x000000, 0x000000, 0x000000, 0x000000, 0x000000, 0x000000, 0x000000, 0x00ade2,
    0x000000, 0x000000, 0x000000, 0x000000, 0x000000, 0x000000, 0x000000, 0x000000, 0x000000,
    0x000000, 0x00ade4, 0x8fa2ef, 0x000000, 0x000000, 0x000000, 0x000000, 0x000000, 0x000000,
    0x000000, 0x000000, 0x00a2f2, 0x000000, 0x000000, 0x000000, 0x000000, 0x000000, 0x000000,
    0x000000, 0x000000, 0x000000, 0x000000, 0x000000, 0x000000, 0x000000, 0x000000, 0x000000,
    0x000000, 0x000000, 0x000000, 0x000000, 0x000000, 0x000000, 0x000000, 0x000000, 0x000000,
    0x000000, 0x000000, 0x000000, 0x000000, 0x000000, 0x000000, 0x000000, 0x000000, 0x00adb5,
    0x00adb6, 0x00adb7, 0x00adb8, 0x00adb9, 0x00adba, 0x00adbb, 0x00adbc, 0x00adbd, 0x00adbe,
    0x000000, 0x000000, 0x000000, 0x000000, 0x000000, 0x000000, 0x8ff3f3, 0x8ff3f4, 0x8ff3f5,
    0x8ff3f6, 0x8ff3f7, 0x8ff3f8, 0x8ff3f9, 0x8ff3fa, 0x8ff3fb, 0x8ff3fc, 0x000000, 0x000000,
    0x000000, 0x000000, 0x000000, 0x000000, 0x000000, 0x000000, 0x000000, 0x000000, 0x000000,
    0x000000, 0x000000, 0x000000, 0x000000, 0x000000, 0x00a2ab, 0x00a2ac, 0x00a2aa, 0x00a2ad,
    0x000000, 0x000000, 0x000000, 0x000000, 0x000000, 0x000000, 0x000000, 0x000000, 0x000000,
    0x000000, 0x000000, 0x000000, 0x000000, 0x000000, 0x000000, 0x000000, 0x000000, 0x000000,
    0x000000, 0x000000, 0x000000, 0x000000, 0x000000, 0x000000, 0x000000, 0x000000, 0x000000,
    0x000000, 0x000000, 0x000000, 0x000000, 0x000000, 0x000000, 0x000000, 0x000000, 0x000000,
    0x000000, 0x000000, 0x000000, 0x000000, 0x000000, 0x000000, 0x000000, 0x000000, 0x00a2cd,
    0x000000, 0x00a2ce, 0x000000, 0x000000, 0x000000, 0x000000, 0x000000, 0x000000, 0x000000,
    0x000000, 0x000000, 0x000000, 0x000000, 0x000000, 0x000000, 0x000000, 0x000000, 0x000000,
    0x000000, 0x000000, 0x000000, 0x000000, 0x000000, 0x000000, 0x000000, 0x000000, 0x000000,
    0x000000, 0x000000, 0x000000, 0x000000, 0x000000, 0x000000, 0x000000, 0x000000, 0x000000,
    0x000000, 0x000000, 0x000000, 0x000000, 0x000000, 0x000000, 0x000000, 0x000000, 0x000000,
    0x00a2cf, 0x000000, 0x00a2df, 0x00a2d0, 0x000000, 0x000000, 0x000000, 0x00a2e0, 0x00a2ba,
    0x000000, 0x000000, 0x00a2bb, 0x000000, 0x000000, 0x000000, 0x000000, 0x000000, 0x00adf4,
    0x000000, 0x000000, 0x000000, 0x000000, 0x000000, 0x000000, 0x000000, 0x000000, 0x00a2e5,
    0x000000, 0x000000, 0x00a2e7, 0x00a1e7, 0x00adf8, 0x00a2dc, 0x000000, 0x000000, 0x000000,
    0x000000, 0x00a1c2, 0x000000, 0x00a2ca, 0x00a2cb, 0x00a2c1, 0x00a2c0, 0x00a2e9, 0x00a2ea,
    0x000000, 0x00adf3, 0x000000, 0x000000, 0x000000, 0x000000, 0x000000, 0x00a1e8, 0x00a2e8,
    0x000000, 0x000000, 0x000000, 0x000000, 0x000000, 0x000000, 0x000000, 0x00a2e6, 0x000000,
    0x000000, 0x000000, 0x000000, 0x000000, 0x000000, 0x000000, 0x000000, 0x000000, 0x000000,
    0x000000, 0x000000, 0x000000, 0x000000, 0x000000, 0x000000, 0x000000, 0x000000, 0x00a2e2,
    0x000000, 0x000000, 0x000000, 0x000000, 0x000000, 0x000000, 0x000000, 0x000000, 0x000000,
    0x000000, 0x000000, 0x000000, 0x000000, 0x00a1e2, 0x00a2e1, 0x000000, 0x000000, 0x000000,
    0x000000, 0x00a1e5, 0x00a1e6, 0x000000, 0x000000, 0x00a2e3, 0x00a2e4, 0x000000, 0x000000,
    0x000000, 0x000000, 0x000000, 0x000000, 0x000000, 0x000000, 0x000000, 0x000000, 0x000000,
    0x000000, 0x000000, 0x000000, 0x000000, 0x000000, 0x000000, 0x000000, 0x000000, 0x000000,
    0x00a2be, 0x00a2bf, 0x000000, 0x000000, 0x00a2bc, 0x00a2bd, 0x000000, 0x000000, 0x000000,
    0x000000, 0x000000, 0x000000, 0x000000, 0x000000, 0x000000, 0x000000, 0x000000, 0x000000,
    0x000000, 0x000000, 0x000000, 0x000000, 0x000000, 0x000000, 0x000000, 0x000000, 0x000000,
    0x000000, 0x000000, 0x000000, 0x000000, 0x000000, 0x000000, 0x000000, 0x000000, 0x00a2dd,
    0x000000, 0x000000, 0x000000, 0x000000, 0x000000, 0x000000, 0x000000, 0x000000, 0x000000,
    0x000000, 0x000000, 0x000000, 0x000000, 0x000000, 0x000000, 0x000000, 0x000000, 0x000000,
    0x000000, 0x000000, 0x000000, 0x000000, 0x000000, 0x000000, 0x000000, 0x00adf9, 0x000000,
    0x000000, 0x000000, 0x000000, 0x000000, 0x000000, 0x000000, 0x000000, 0x000000, 0x000000,
    0x000000, 0x000000, 0x000000, 0x000000, 0x000000, 0x000000, 0x000000, 0x000000, 0x00a2de,
    0x000000, 0x000000, 0x000000, 0x000000, 0x000000, 0x000000, 0x000000, 0x000000, 0x000000,
    0x000000, 0x000000, 0x000000, 0x000000, 0x000000, 0x000000, 0x000000, 0x000000, 0x000000,
    0x000000, 0x000000, 0x000000, 0x000000, 0x000000, 0x000000, 0x000000, 0x000000, 0x000000,
    0x000000, 0x000000, 0x000000, 0x000000, 0x000000, 0x000000, 0x000000, 0x000000, 0x000000,
    0x000000, 0x000000, 0x000000, 0x000000, 0x000000, 0x000000, 0x000000, 0x000000, 0x000000,
    0x00ada1, 0x00ada2, 0x00ada3, 0x00ada4, 0x00ada5, 0x00ada6, 0x00ada7, 0x00ada8, 0x00ada9,
    0x00adaa, 0x00adab, 0x00adac, 0x00adad, 0x00adae, 0x00adaf, 0x00adb0, 0x00adb1, 0x00adb2,
    0x00adb3, 0x00adb4, 0x000000, 0x000000, 0x000000, 0x000000, 0x000000, 0x000000, 0x000000,
    0x000000, 0x000000, 0x000000, 0x000000, 0x000000, 0x00a8a1, 0x00a8ac, 0x00a8a2, 0x00a8ad,
    0x000000, 0x000000, 0x000000, 0x000000, 0x000000, 0x000000, 0x000000, 0x000000, 0x00a8a3,
    0x000000, 0x000000, 0x00a8ae, 0x00a8a4, 0x000000, 0x000000, 0x00a8af, 0x00a8a6, 0x000000,
    0x000000, 0x00a8b1, 0x00a8a5, 0x000000, 0x000000, 0x00a8b0, 0x00a8a7, 0x00a8bc, 0x000000,
    0x000000, 0x00a8b7, 0x000000, 0x000000, 0x00a8b2, 0x00a8a9, 0x00a8be, 0x000000, 0x000000,
    0x00a8b9, 0x000000, 0x000000, 0x00a8b4, 0x00a8a8, 0x000000, 0x000000, 0x00a8b8, 0x00a8bd,
    0x000000, 0x000000, 0x00a8b3, 0x00a8aa, 0x000000, 0x000000, 0x00a8ba, 0x00a8bf, 0x000000,
    0x000000, 0x00a8b5, 0x00a8ab, 0x000000, 0x000000, 0x00a8bb, 0x000000, 0x000000, 0x00a8c0,
    0x000000, 0x000000, 0x000000, 0x000000, 0x000000, 0x000000, 0x000000, 0x000000, 0x00a8b6,
    0x000000, 0x000000, 0x000000, 0x000000, 0x000000, 0x000000, 0x000000, 0x000000, 0x000000,
    0x000000, 0x000000, 0x000000, 0x000000, 0x000000, 0x000000, 0x000000, 0x000000, 0x000000,
    0x000000, 0x000000, 0x000000, 0x000000, 0x000000, 0x000000, 0x000000, 0x000000, 0x000000,
    0x000000, 0x000000, 0x000000, 0x000000, 0x000000, 0x000000, 0x000000, 0x000000, 0x000000,
    0x000000, 0x000000, 0x000000, 0x000000, 0x000000, 0x000000, 0x000000, 0x000000, 0x000000,
    0x000000, 0x000000, 0x000000, 0x000000, 0x000000, 0x000000, 0x000000, 0x00a2a3, 0x00a2a2,
    0x000000, 0x000000, 0x000000, 0x000000, 0x000000, 0x000000, 0x000000, 0x000000, 0x000000,
    0x000000, 0x000000, 0x000000, 0x000000, 0x000000, 0x000000, 0x000000, 0x00a2a5, 0x00a2a4,
    0x000000, 0x000000, 0x000000, 0x000000, 0x000000, 0x000000, 0x000000, 0x000000, 0x00a2a7,
    0x00a2a6, 0x000000, 0x000000, 0x000000, 0x000000, 0x000000, 0x000000, 0x00a2a1, 0x00a1fe,
    0x000000, 0x000000, 0x000000, 0x00a1fb, 0x000000, 0x000000, 0x00a1fd, 0x00a1fc, 0x000000,
    0x000000, 0x000000, 0x000000, 0x000000, 0x000000, 0x000000, 0x000000, 0x000000, 0x000000,
    0x000000, 0x000000, 0x000000, 0x000000, 0x000000, 0x000000, 0x000000, 0x000000, 0x000000,
    0x000000, 0x000000, 0x000000, 0x000000, 0x000000, 0x000000, 0x000000, 0x000000, 0x000000,
    0x000000, 0x000000, 0x000000, 0x00a2fe, 0x000000, 0x000000, 0x000000, 0x000000, 0x000000,
    0x000000, 0x000000, 0x000000, 0x000000, 0x000000, 0x000000, 0x000000, 0x000000, 0x000000,
    0x000000, 0x000000, 0x00a1fa, 0x00a1f9, 0x000000, 0x000000, 0x000000, 0x000000, 0x000000,
    0x000000, 0x000000, 0x000000, 0x000000, 0x000000, 0x000000, 0x000000, 0x000000, 0x000000,
    0x000000, 0x000000, 0x000000, 0x000000, 0x000000, 0x000000, 0x000000, 0x000000, 0x000000,
    0x000000, 0x000000, 0x000000, 0x000000, 0x000000, 0x000000, 0x000000, 0x000000, 0x000000,
    0x000000, 0x000000, 0x000000, 0x000000, 0x000000, 0x000000, 0x000000, 0x000000, 0x000000,
    0x000000, 0x000000, 0x000000, 0x000000, 0x000000, 0x000000, 0x000000, 0x000000, 0x000000,
    0x000000, 0x000000, 0x000000, 0x000000, 0x000000, 0x000000, 0x000000, 0x00a1ea, 0x000000,
    0x00a1e9, 0x000000, 0x000000, 0x000000, 0x000000, 0x000000, 0x000000, 0x000000, 0x000000,
    0x000000, 0x000000, 0x000000, 0x000000, 0x000000, 0x000000, 0x000000, 0x000000, 0x000000,
    0x000000, 0x000000, 0x000000, 0x000000, 0x000000, 0x000000, 0x000000, 0x000000, 0x000000,
    0x000000, 0x000000, 0x000000, 0x000000, 0x000000, 0x000000, 0x000000, 0x000000, 0x000000,
    0x000000, 0x000000, 0x000000, 0x000000, 0x00a2f6, 0x000000, 0x000000, 0x00a2f5, 0x000000,
    0x00a2f4, 0x000000, 0x000000, 0x000000, 0x000000, 0x000000, 0x000000, 0x000000, 0x000000,
    0x000000, 0x000000, 0x000000, 0x000000, 0x000000, 0x000000, 0x000000, 0x000000, 0x00a1a1,
    0x00a1a2, 0x00a1a3, 0x00a1b7, 0x000000, 0x00a1b9, 0x00a1ba, 0x00a1bb, 0x00a1d2, 0x00a1d3,
    0x00a1d4, 0x00a1d5, 0x00a1d6, 0x00a1d7, 0x00a1d8, 0x00a1d9, 0x00a1da, 0x00a1db, 0x00a2a9,
    0x00a2ae, 0x00a1cc, 0x00a1cd, 0x000000, 0x000000, 0x000000, 0x000000, 0x000000, 0x000000,
    0x000000, 0x00ade0, 0x000000, 0x00ade1, 0x000000, 0x000000, 0x000000, 0x000000, 0x000000,
    0x000000, 0x000000, 0x000000, 0x000000, 0x000000, 0x000000, 0x000000, 0x000000, 0x000000,
    0x000000, 0x000000, 0x000000, 0x000000, 0x000000, 0x000000, 0x000000, 0x000000, 0x000000,
    0x000000, 0x000000, 0x000000, 0x000000, 0x000000, 0x000000, 0x000000, 0x000000, 0x000000,
    0x00a4a1, 0x00a4a2, 0x00a4a3, 0x00a4a4, 0x00a4a5, 0x00a4a6, 0x00a4a7, 0x00a4a8, 0x00a4a9,
    0x00a4aa, 0x00a4ab, 0x00a4ac, 0x00a4ad, 0x00a4ae, 0x00a4af, 0x00a4b0, 0x00a4b1, 0x00a4b2,
    0x00a4b3, 0x00a4b4, 0x00a4b5, 0x00a4b6, 0x00a4b7, 0x00a4b8, 0x00a4b9, 0x00a4ba, 0x00a4bb,
    0x00a4bc, 0x00a4bd, 0x00a4be, 0x00a4bf, 0x00a4c0, 0x00a4c1, 0x00a4c2, 0x00a4c3, 0x00a4c4,
    0x00a4c5, 0x00a4c6, 0x00a4c7, 0x00a4c8, 0x00a4c9, 0x00a4ca, 0x00a4cb, 0x00a4cc, 0x00a4cd,
    0x00a4ce, 0x00a4cf, 0x00a4d0, 0x00a4d1, 0x00a4d2, 0x00a4d3, 0x00a4d4, 0x00a4d5, 0x00a4d6,
    0x00a4d7, 0x00a4d8, 0x00a4d9, 0x00a4da, 0x00a4db, 0x00a4dc, 0x00a4dd, 0x00a4de, 0x00a4df,
    0x00a4e0, 0x00a4e1, 0x00a4e2, 0x00a4e3, 0x00a4e4, 0x00a4e5, 0x00a4e6, 0x00a4e7, 0x00a4e8,
    0x00a4e9, 0x00a4ea, 0x00a4eb, 0x00a4ec, 0x00a4ed, 0x00a4ee, 0x00a4ef, 0x00a4f0, 0x00a4f1,
    0x00a4f2, 0x00a4f3, 0x000000, 0x000000, 0x000000, 0x000000, 0x000000, 0x000000, 0x000000,
    0x00a1ab, 0x00a1ac, 0x00a1b5, 0x00a1b6, 0x000000, 0x000000, 0x00a5a1, 0x00a5a2, 0x00a5a3,
    0x00a5a4, 0x00a5a5, 0x00a5a6, 0x00a5a7, 0x00a5a8, 0x00a5a9, 0x00a5aa, 0x00a5ab, 0x00a5ac,
    0x00a5ad, 0x00a5ae, 0x00a5af, 0x00a5b0, 0x00a5b1, 0x00a5b2, 0x00a5b3, 0x00a5b4, 0x00a5b5,
    0x00a5b6, 0x00a5b7, 0x00a5b8, 0x00a5b9, 0x00a5ba, 0x00a5bb, 0x00a5bc, 0x00a5bd, 0x00a5be,
    0x00a5bf, 0x00a5c0, 0x00a5c1, 0x00a5c2, 0x00a5c3, 0x00a5c4, 0x00a5c5, 0x00a5c6, 0x00a5c7,
    0x00a5c8, 0x00a5c9, 0x00a5ca, 0x00a5cb, 0x00a5cc, 0x00a5cd, 0x00a5ce, 0x00a5cf, 0x00a5d0,
    0x00a5d1, 0x00a5d2, 0x00a5d3, 0x00a5d4, 0x00a5d5, 0x00a5d6, 0x00a5d7, 0x00a5d8, 0x00a5d9,
    0x00a5da, 0x00a5db, 0x00a5dc, 0x00a5dd, 0x00a5de, 0x00a5df, 0x00a5e0, 0x00a5e1, 0x00a5e2,
    0x00a5e3, 0x00a5e4, 0x00a5e5, 0x00a5e6, 0x00a5e7, 0x00a5e8, 0x00a5e9, 0x00a5ea, 0x00a5eb,
    0x00a5ec, 0x00a5ed, 0x00a5ee, 0x00a5ef, 0x00a5f0, 0x00a5f1, 0x00a5f2, 0x00a5f3, 0x00a5f4,
    0x00a5f5, 0x00a5f6, 0x000000, 0x000000, 0x000000, 0x000000, 0x00a1a6, 0x00a1bc, 0x00a1b3,
    0x00a1b4, 0x000000, 0x000000, 0x000000, 0x000000, 0x000000, 0x000000, 0x000000, 0x000000,
    0x000000, 0x000000, 0x000000, 0x000000, 0x000000, 0x000000, 0x000000, 0x000000, 0x000000,
    0x000000, 0x000000, 0x000000, 0x000000, 0x000000, 0x000000, 0x000000, 0x000000, 0x000000,
    0x000000, 0x000000, 0x000000, 0x000000, 0x000000, 0x000000, 0x000000, 0x000000, 0x000000,
    0x000000, 0x000000, 0x000000, 0x000000, 0x000000, 0x000000, 0x000000, 0x000000, 0x000000,
    0x000000, 0x000000, 0x000000, 0x000000, 0x000000, 0x00adea, 0x00adeb, 0x000000, 0x000000,
    0x000000, 0x000000, 0x000000, 0x000000, 0x00adec, 0x000000, 0x000000, 0x000000, 0x000000,
    0x000000, 0x000000, 0x000000, 0x000000, 0x000000, 0x000000, 0x000000, 0x000000, 0x000000,
    0x000000, 0x000000, 0x000000, 0x000000, 0x000000, 0x000000, 0x000000, 0x000000, 0x000000,
    0x000000, 0x000000, 0x000000, 0x000000, 0x000000, 0x000000, 0x000000, 0x000000, 0x000000,
    0x000000, 0x000000, 0x000000, 0x000000, 0x000000, 0x00ade5, 0x00ade6, 0x00ade7, 0x00ade8,
    0x00ade9, 0x000000, 0x000000, 0x000000, 0x000000, 0x000000, 0x000000, 0x000000, 0x000000,
    0x000000, 0x000000, 0x000000, 0x000000, 0x000000, 0x000000, 0x000000, 0x000000, 0x000000,
    0x000000, 0x000000, 0x000000, 0x000000, 0x000000, 0x000000, 0x00adc6, 0x000000, 0x000000,
    0x000000, 0x000000, 0x000000, 0x000000, 0x000000, 0x000000, 0x000000, 0x00adca, 0x000000,
    0x000000, 0x000000, 0x000000, 0x000000, 0x000000, 0x00adc1, 0x000000, 0x000000, 0x000000,
    0x00adc4, 0x000000, 0x000000, 0x000000, 0x000000, 0x000000, 0x000000, 0x000000, 0x000000,
    0x000000, 0x00adc2, 0x00adcc, 0x000000, 0x000000, 0x00adcb, 0x00adc5, 0x000000, 0x000000,
    0x000000, 0x00adcd, 0x000000, 0x000000, 0x000000, 0x000000, 0x000000, 0x000000, 0x000000,
    0x000000, 0x000000, 0x000000, 0x00adc7, 0x000000, 0x000000, 0x000000, 0x000000, 0x00adcf,
    0x000000, 0x000000, 0x000000, 0x000000, 0x000000, 0x000000, 0x000000, 0x000000, 0x000000,
    0x00adc0, 0x00adce, 0x000000, 0x000000, 0x00adc3, 0x000000, 0x000000, 0x000000, 0x00adc8,
    0x000000, 0x000000, 0x000000, 0x000000, 0x000000, 0x00adc9, 0x000000, 0x000000, 0x000000,
    0x000000, 0x000000, 0x000000, 0x000000, 0x000000, 0x000000, 0x000000, 0x000000, 0x000000,
    0x000000, 0x000000, 0x000000, 0x000000, 0x000000, 0x000000, 0x000000, 0x000000, 0x000000,
    0x000000, 0x000000, 0x000000, 0x000000, 0x000000, 0x000000, 0x000000, 0x000000, 0x000000,
    0x000000, 0x000000, 0x000000, 0x000000, 0x000000, 0x00addf, 0x00adef, 0x00adee, 0x00aded,
    0x000000, 0x000000, 0x000000, 0x000000, 0x000000, 0x000000, 0x000000, 0x000000, 0x000000,
    0x000000, 0x000000, 0x000000, 0x000000, 0x000000, 0x00add3, 0x00add4, 0x000000, 0x000000,
    0x000000, 0x000000, 0x000000, 0x000000, 0x000000, 0x000000, 0x000000, 0x000000, 0x000000,
    0x000000, 0x00add0, 0x00add1, 0x00add2, 0x000000, 0x000000, 0x00add6, 0x000000, 0x000000,
    0x000000, 0x000000, 0x000000, 0x000000, 0x000000, 0x000000, 0x000000, 0x000000, 0x000000,
    0x000000, 0x000000, 0x000000, 0x000000, 0x000000, 0x000000, 0x000000, 0x000000, 0x000000,
    0x000000, 0x000000, 0x000000, 0x000000, 0x000000, 0x000000, 0x000000, 0x000000, 0x000000,
    0x000000, 0x00add5, 0x000000, 0x000000, 0x000000, 0x000000, 0x000000, 0x000000, 0x000000,
    0x000000, 0x00ade3, 0x000000, 0x000000, 0x000000, 0x000000, 0x000000, 0x000000, 0x000000,
    0x000000, 0x000000, 0x000000, 0x000000, 0x000000, 0x000000, 0x000000, 0x000000, 0x000000,
    0x000000, 0x000000, 0x000000, 0x000000, 0x000000, 0x000000, 0x000000, 0x000000, 0x000000,
    0x000000, 0x000000, 0x000000, 0x000000, 0x000000, 0x000000, 0x000000, 0x000000, 0x000000,
    0x000000, 0x000000, 0x000000, 0x000000, 0x000000, 0x000000, 0x000000, 0x000000, 0x000000,
    0x000000, 0x000000, 0x000000, 0x000000, 0x000000, 0x000000, 0x000000, 0x00b0ec, 0x00c3fa,
    0x8fb0a1, 0x00bcb7, 0x8fb0a2, 0x8fb0a3, 0x000000, 0x00cbfc, 0x00bee6, 0x00bbb0, 0x00bee5,
    0x00b2bc, 0x8fb0a4, 0x00c9d4, 0x00cdbf, 0x000000, 0x00d0a2, 0x00b1af, 0x8fb0a5, 0x000000,
    0x00b3ee, 0x00d0a3, 0x00c0a4, 0x00d2c2, 0x00b5d6, 0x00caba, 0x000000, 0x000000, 0x000000,
    0x000000, 0x00bee7, 0x8fb0a6, 0x000000, 0x00cebe, 0x000000, 0x8fb0a7, 0x8fb0a8, 0x000000,
    0x00cac2, 0x000000, 0x8fb0a9, 0x000000, 0x00d0a4, 0x8fb0aa, 0x000000, 0x00c3e6, 0x8fb0ab,
    0x8fb0ac, 0x8fb0ad, 0x00d0a5, 0x00b6fa, 0x000000, 0x000000, 0x8fb0ae, 0x00d0a6, 0x000000,
    0x00b4dd, 0x00c3b0, 0x000000, 0x00bce7, 0x00d0a7, 0x000000, 0x000000, 0x00d0a8, 0x8fb0af,
    0x8fb0b0, 0x00d0a9, 0x00c7b5, 0x8fb0b1, 0x00b5d7, 0x000000, 0x8fb0b2, 0x000000, 0x000000,
    0x000000, 0x00c7b7, 0x000000, 0x00c6e3, 0x00b8c3, 0x00cbb3, 0x000000, 0x8fb0b3, 0x000000,
    0x000000, 0x000000, 0x00e9c9, 0x00d0aa, 0x00bee8, 0x00d0ab, 0x00b2b5, 0x8fb0b4, 0x000000,
    0x8fb0b5, 0x00b6e5, 0x00b8f0, 0x00cce9, 0x000000, 0x000000, 0x00d6a6, 0x8fb0b6, 0x000000,
    0x000000, 0x000000, 0x000000, 0x8fb0b7, 0x8fb0b8, 0x000000, 0x000000, 0x000000, 0x000000,
    0x000000, 0x000000, 0x000000, 0x00cdf0, 0x000000, 0x00c6fd, 0x8fb0b9, 0x8fb0ba, 0x000000,
    0x000000, 0x000000, 0x8fb0bb, 0x000000, 0x000000, 0x000000, 0x000000, 0x00b4a5, 0x8fb0bc,
    0x00b5b5, 0x000000, 0x00d0ac, 0x000000, 0x000000, 0x00d0ad, 0x00cebb, 0x000000, 0x00cdbd,
    0x00c1e8, 0x00d0af, 0x00bbf6, 0x00c6f3, 0x8fb0bd, 0x00d0b2, 0x000000, 0x000000, 0x00b1be,
    0x00b8df, 0x000000, 0x00b8de, 0x00b0e6, 0x8fb0be, 0x8fb0bf, 0x00cfcb, 0x00cfca, 0x000000,
    0x00bab3, 0x00b0a1, 0x8fb0c0, 0x00d0b3, 0x00d0b4, 0x00d0b5, 0x00cbb4, 0x00d0b6, 0x000000,
    0x00b8f2, 0x00b0e7, 0x00cbf2, 0x000000, 0x00b5fc, 0x000000, 0x000000, 0x00b5fd, 0x00b5fe,
    0x00c4e2, 0x00cebc, 0x8fb0c1, 0x00d0b7, 0x000000, 0x000000, 0x00d0b8, 0x000000, 0x000000,
    0x00d0b9, 0x000000, 0x000000, 0x8fb0c2, 0x00bfcd, 0x000000, 0x000000, 0x000000, 0x000000,
    0x000000, 0x00bdba, 0x00bfce, 0x00d0be, 0x8fb0c3, 0x00d0bc, 0x000000, 0x00d0bd, 0x00b5d8,
    0x000000, 0x000000, 0x00baa3, 0x00b2f0, 0x000000, 0x00d0bb, 0x00d0ba, 0x00caa9, 0x8fb0c4,
    0x000000, 0x000000, 0x000000, 0x00bbc6, 0x00bbc5, 0x00c2be, 0x00d0bf, 0x00c9d5, 0x00c0e7,
    0x8fb0c5, 0x8fb0c6, 0x000000, 0x00a1b8, 0x00d0c0, 0x00d0c2, 0x8fb0c7, 0x8fb0c8, 0x8fb0c9,
    0x00c2e5, 0x00cee1, 0x00b0ca, 0x000000, 0x000000, 0x8fb0ca, 0x000000, 0x000000, 0x000000,
    0x000000, 0x00d0c1, 0x00b2be, 0x8fb0cb, 0x00b6c4, 0x8fb0cc, 0x00c3e7, 0x8fb0cd, 0x000000,
    0x8fb0ce, 0x00b7ef, 0x00d0c3, 0x000000, 0x000000, 0x000000, 0x00c7a4, 0x8ff4af, 0x8fb0cf,
    0x8fb0d0, 0x8fb0d1, 0x8fb0d2, 0x00b4eb, 0x8fb0d3, 0x8fb0d4, 0x000000, 0x000000, 0x000000,
    0x000000, 0x8fb0d5, 0x00d0c4, 0x00b0cb, 0x8fb0d6, 0x8fb0d7, 0x00b8e0, 0x00b4ec, 0x00c9fa,
    0x00c8b2, 0x00b5d9, 0x8fb0d8, 0x000000, 0x000000, 0x8fb0d9, 0x8fb0da, 0x8fb0db, 0x000000,
    0x8fb0dc, 0x00b2f1, 0x000000, 0x00d0e7, 0x00c5c1, 0x000000, 0x000000, 0x000000, 0x000000,
    0x000000, 0x000000, 0x000000, 0x000000, 0x000000, 0x000000, 0x000000, 0x000000, 0x000000,
    0x000000, 0x000000, 0x000000, 0x8fb0dd, 0x00c7ec, 0x00d0c6, 0x8fb0de, 0x000000, 0x8fb0e0,
    0x00c8bc, 0x8fb0e1, 0x00cee2, 0x8fb0e2, 0x00bfad, 0x8fb0e3, 0x00bbc7, 0x8fb0e4, 0x00bbf7,
    0x00b2c0, 0x8fb0e5, 0x000000, 0x8fb0e6, 0x000000, 0x8fb0e7, 0x00c4d1, 0x000000, 0x000000,
    0x00c3a2, 0x00d0ca, 0x8fb0e8, 0x8fb0e9, 0x000000, 0x8fb0ea, 0x8fb0eb, 0x00b0cc, 0x00c4e3,
    0x00bdbb, 0x00bab4, 0x00cda4, 0x8fb0ec, 0x00c2ce, 0x8fb0ed, 0x00b2bf, 0x8fb0ee, 0x00d0c9,
    0x8fb0ef, 0x00cdbe, 0x00d0c5, 0x00d0c7, 0x00baee, 0x00d0c8, 0x00d5a4, 0x8fb0f0, 0x8fb0df,
    0x000000, 0x000000, 0x8fb0f1, 0x000000, 0x000000, 0x000000, 0x000000, 0x000000, 0x00d0d0,
    0x8fb0f2, 0x000000, 0x8fb0f3, 0x000000, 0x8fb0f4, 0x00d0d3, 0x00d0d1, 0x8fb0f5, 0x000000,
    0x00b2c2, 0x000000, 0x00cabb, 0x00d0cb, 0x8fb0f6, 0x8fb0f7, 0x8fb0f8, 0x8fb0f9, 0x00d0cf,
    0x00b8f3, 0x8fb0fa, 0x8fb0fb, 0x00bbc8, 0x000000, 0x8fb0fc, 0x8fb0fd, 0x00b4a6, 0x8fb0fe,
    0x8fb1a1, 0x00d0d4, 0x000000, 0x00d0cc, 0x8fb1a2, 0x8fb1a3, 0x00cee3, 0x8fb1a4, 0x00bbf8,
    0x8fb1a5, 0x00d0cd, 0x8fb1a6, 0x00d0d2, 0x8fb1a7, 0x8fb1a8, 0x8fb1a9, 0x000000, 0x00d0d5,
    0x8fb1aa, 0x00d0ce, 0x8fb1ab, 0x8fb1ac, 0x00b6a1, 0x000000, 0x00b0cd, 0x8fb1ad, 0x8fb1ae,
    0x00b6a2, 0x00b2c1, 0x000000, 0x000000, 0x000000, 0x000000, 0x000000, 0x000000, 0x000000,
    0x000000, 0x000000, 0x00d5a5, 0x000000, 0x00cbf9, 0x00c9ee, 0x00b8f4, 0x000000, 0x000000,
    0x8fb1af, 0x000000, 0x000000, 0x00bfaf, 0x00ceb7, 0x8fb1b0, 0x000000, 0x8fb1b1, 0x000000,
    0x8fb1b2, 0x8fb1b3, 0x8fb1b4, 0x8fb1b5, 0x00cad8, 0x8fb1b6, 0x8fb1b7, 0x00b7b8, 0x00c2a5,
    0x00b2e4, 0x8fb1b8, 0x8fb1b9, 0x000000, 0x8fb1ba, 0x8fb1bb, 0x00bdd3, 0x8fb1bc, 0x8fb1bd,
    0x8fb1be, 0x00d0d9, 0x8fb1bf, 0x00d0de, 0x00d0dc, 0x8fb1c0, 0x000000, 0x00d0d7, 0x000000,
    0x000000, 0x00c2af, 0x00d0da, 0x000000, 0x00d0dd, 0x00d0db, 0x8fb1c1, 0x00cadd, 0x000000,
    0x00d0d8, 0x8fb1c2, 0x00bfae, 0x8fb1c3, 0x00cbf3, 0x00d0df, 0x00d0e0, 0x000000, 0x000000,
    0x000000, 0x000000, 0x000000, 0x000000, 0x000000, 0x000000, 0x00bda4, 0x00d0ed, 0x8fb1c4,
    0x000000, 0x8fb1c5, 0x00c7d0, 0x000000, 0x00c9b6, 0x00d0e8, 0x000000, 0x00caf0, 0x000000,
    0x00b2b6, 0x000000, 0x8fb1c6, 0x8fb1c7, 0x00d0ec, 0x8fb1c8, 0x8fb1c9, 0x8fb1ca, 0x000000,
    0x000000, 0x8fb1cb, 0x00d0e6, 0x00d0ef, 0x8fb1cc, 0x000000, 0x00c1d2, 0x8fb1cd, 0x00b8c4,
    0x8fb1ce, 0x00c7dc, 0x8fb1cf, 0x00e0c7, 0x8fb1d0, 0x00d0ee, 0x00c5dd, 0x8fb1d1, 0x00d0e3,
    0x000000, 0x00b8f6, 0x8fb1d2, 0x8fb1d3, 0x00b8f5, 0x00d0e1, 0x8fb1d4, 0x8fb1d5, 0x8fb1d6,
    0x8fb1d7, 0x00bcda, 0x000000, 0x00d0e9, 0x8fb1d8, 0x00caef, 0x00c3cd, 0x00d0e5, 0x00b7f1,
    0x8fb1d9, 0x00d0e2, 0x00d0ea, 0x00d0e4, 0x00ced1, 0x00d0eb, 0x00cfc1, 0x8fb1da, 0x000000,
    0x8fb1db, 0x000000, 0x8fb1dc, 0x8fb1dd, 0x000000, 0x8fb1de, 0x00b6e6, 0x000000, 0x000000,
    0x00b7f0, 0x000000, 0x8fb1f6, 0x000000, 0x000000, 0x000000, 0x000000, 0x8fb1df, 0x8fb1e0,
    0x8fb1e1, 0x00d0f0, 0x000000, 0x8fb1e2, 0x8fb1e3, 0x00d0f1, 0x00d0f5, 0x00b0ce, 0x8fb1e4,
    0x000000, 0x8fb1e5, 0x000000, 0x8fb1e6, 0x00cad0, 0x00d0f4, 0x8fb1e7, 0x8fb1e8, 0x8fb1e9,
    0x000000, 0x00d0f3, 0x00d0f7, 0x8fb1ea, 0x000000, 0x8fb1eb, 0x00d0f6, 0x000000, 0x00c4e4,
    0x000000, 0x000000, 0x8fb1ec, 0x8fb1ed, 0x000000, 0x8fb1ee, 0x8fb1ef, 0x000000, 0x00b7f2,
    0x8fb1f0, 0x8fb1f1, 0x000000, 0x000000, 0x8fb1f2, 0x000000, 0x00d0f8, 0x8fb1f3, 0x000000,
    0x000000, 0x8fb1f4, 0x8fb1f5, 0x00bcc5, 0x000000, 0x00c2a6, 0x00c4e5, 0x00b6f6, 0x000000,
    0x00d0f9, 0x000000, 0x000000, 0x000000, 0x000000, 0x00b5b6, 0x000000, 0x000000, 0x00d0fa,
    0x8fb1f7, 0x000000, 0x8fb1f8, 0x8fb1f9, 0x00d0fc, 0x8fb1fa, 0x000000, 0x000000, 0x000000,
    0x8fb1fb, 0x000000, 0x000000, 0x00cbb5, 0x8fb1fc, 0x8fb1fd, 0x8fb1fe, 0x00b7e6, 0x8fb2a1,
    0x8fb2a2, 0x8fb2a3, 0x000000, 0x8fb2a4, 0x000000, 0x00bbb1, 0x00c8f7, 0x00d0fb, 0x8fb2a5,
    0x8fb2a6, 0x000000, 0x8fb2a7, 0x8fb2a8, 0x8fb2a9, 0x8fb2aa, 0x8fb2ab, 0x000000, 0x000000,
    0x000000, 0x000000, 0x000000, 0x000000, 0x000000, 0x8fb2ac, 0x000000, 0x00bac5, 0x00cdc3,
    0x000000, 0x8fb2ad, 0x8fb2ae, 0x000000, 0x00d0fe, 0x00d1a3, 0x00d0fd, 0x00bac4, 0x000000,
    0x00bdfd, 0x000000, 0x8fb2af, 0x8fb2b0, 0x000000, 0x000000, 0x8fb2b1, 0x00b7b9, 0x000000,
    0x8fb2b2, 0x000000, 0x00d1a4, 0x8fb2b3, 0x8fb2b4, 0x00b6cf, 0x000000, 0x8fb2b5, 0x000000,
    0x00d1a1, 0x00d1a2, 0x000000, 0x8fb2b6, 0x00c6af, 0x8fb2b7, 0x00c1fc, 0x8fb2b8, 0x00b6a3,
    0x000000, 0x8fb2b9, 0x8fb2ba, 0x00cbcd, 0x00d1a5, 0x000000, 0x8fb2bb, 0x000000, 0x00cebd,
    0x000000, 0x8fb2bc, 0x8fb2bd, 0x00d1a6, 0x8fb2be, 0x000000, 0x000000, 0x8fb2bf, 0x00d1a9,
    0x8fb2c0, 0x00d1a7, 0x8fb2c1, 0x00c1ce, 0x8fb2c2, 0x8fb2c3, 0x000000, 0x000000, 0x000000,
    0x00d1a8, 0x00d1aa, 0x8fb2c4, 0x000000, 0x8fb2c5, 0x8fb2d1, 0x000000, 0x8ff4b0, 0x00d1ac,
    0x8fb2c6, 0x000000, 0x000000, 0x00d1ab, 0x8fb2c7, 0x00cac8, 0x000000, 0x000000, 0x8fb2c8,
    0x000000, 0x00b5b7, 0x00d1ae, 0x00d1af, 0x8fb2c9, 0x00b2af, 0x000000, 0x8fb2ca, 0x8fb2cb,
    0x8fb2cc, 0x00d1ad, 0x000000, 0x8fb2cd, 0x8fb2ce, 0x8fb2cf, 0x8fb2d0, 0x000000, 0x8fb2d2,
    0x000000, 0x00bcf4, 0x000000, 0x00d1b2, 0x00d1b1, 0x00d1b0, 0x8fb2d3, 0x00d0d6, 0x8fb2d4,
    0x00d1b3, 0x8fb2d5, 0x8fb2d6, 0x8fb2d7, 0x8fb2d8, 0x00bdfe, 0x000000, 0x00d1b4, 0x000000,
    0x8fb2d9, 0x000000, 0x000000, 0x000000, 0x8fb2da, 0x8fb2db, 0x000000, 0x00cda5, 0x000000,
    0x8fb2dc, 0x8fb2dd, 0x000000, 0x8fb2de, 0x000000, 0x8fb2df, 0x00ccd9, 0x8fb2e0, 0x8fb2e1,
    0x8fb2e2, 0x000000, 0x00d1b6, 0x8fb2e3, 0x8fb2e4, 0x00d1b5, 0x00d1b8, 0x00d1b7, 0x000000,
    0x000000, 0x00d1b9, 0x00d1ba, 0x00b0f4, 0x8fb2e5, 0x00b8b5, 0x00b7bb, 0x00bdbc, 0x00c3fb,
    0x00b6a4, 0x00c0e8, 0x00b8f7, 0x8fb2e6, 0x00b9ee, 0x00d1bc, 0x00ccc8, 0x00c5c6, 0x8fb2e7,
    0x00bbf9, 0x000000, 0x00d1bb, 0x8fb2e8, 0x00d1bd, 0x8fb2e9, 0x000000, 0x8fb2ea, 0x8fb2eb,
    0x000000, 0x00c5de, 0x000000, 0x00b3f5, 0x000000, 0x000000, 0x8fb2ec, 0x000000, 0x000000,
    0x00d1be, 0x000000, 0x8fb2ed, 0x00c6fe, 0x8fb2ee, 0x000000, 0x00c1b4, 0x00d1c0, 0x00d1c1,
    0x00c8ac, 0x00b8f8, 0x00cfbb, 0x00d1c2, 0x000000, 0x000000, 0x00b6a6, 0x000000, 0x000000,
    0x000000, 0x00cabc, 0x00c2b6, 0x00b6f1, 0x00c5b5, 0x000000, 0x000000, 0x000000, 0x00b7f3,
    0x000000, 0x8fb2ef, 0x000000, 0x00d1c3, 0x000000, 0x00d1c4, 0x8fb2f0, 0x8fb2f1, 0x00c6e2,
    0x00b1df, 0x000000, 0x000000, 0x00d1c7, 0x00bafd, 0x8fb2f2, 0x00d1c6, 0x00bac6, 0x8fb2f3,
    0x00d1c8, 0x00e6ee, 0x00d1c9, 0x00cbc1, 0x00d1ca, 0x000000, 0x00d1cb, 0x00d1cc, 0x00bee9,
    0x8fb2f4, 0x00bccc, 0x000000, 0x000000, 0x000000, 0x8fb2f5, 0x000000, 0x000000, 0x00b4a7,
    0x8fb2f6, 0x00d1cf, 0x8fb2f7, 0x00d1cd, 0x00ccbd, 0x00d1ce, 0x000000, 0x00c9da, 0x00d1d0,
    0x00d1d1, 0x00d1d2, 0x00c5df, 0x8fb2f8, 0x000000, 0x000000, 0x00d1d6, 0x00d1d4, 0x00d1d5,
    0x00d1d3, 0x00bae3, 0x00d1d7, 0x00ccea, 0x00cee4, 0x8fb2f9, 0x000000, 0x8fb2fa, 0x000000,
    0x8fb2fb, 0x00d1d8, 0x8fb2fc, 0x8fb2fd, 0x000000, 0x000000, 0x8fb2fe, 0x000000, 0x00c0a8,
    0x00d1d9, 0x00bdda, 0x000000, 0x8fb3a1, 0x00d1da, 0x000000, 0x00c3fc, 0x00cebf, 0x00c5e0,
    0x000000, 0x8fb3a2, 0x000000, 0x8fb3a3, 0x8fb3a4, 0x8fb3a5, 0x000000, 0x8fb3a6, 0x00d2c5,
    0x000000, 0x8fb3a7, 0x000000, 0x000000, 0x00d1db, 0x00f4a5, 0x00b6c5, 0x8fb3a8, 0x000000,
    0x00d1dc, 0x00cbde, 0x8fb3a9, 0x000000, 0x000000, 0x8fb3aa, 0x00bde8, 0x00c2fc, 0x000000,
    0x00d1de, 0x00c6e4, 0x000000, 0x8ff4b1, 0x00d1df, 0x8fb3ab, 0x000000, 0x00d1e0, 0x00b3ae,
    0x8fb3ac, 0x8fb3ad, 0x8fb3ae, 0x00d1e1, 0x00b6a7, 0x8fb3af, 0x00c6cc, 0x00b1fa, 0x00bdd0,
    0x000000, 0x000000, 0x00c8a1, 0x00d1e2, 0x000000, 0x00c5e1, 0x8fb3b0, 0x8fb3b1, 0x00bfcf,
    0x00d1e3, 0x8fb3b2, 0x00caac, 0x00c0da, 0x00b4a2, 0x000000, 0x00b4a9, 0x00d1e4, 0x000000,
    0x000000, 0x00d1e6, 0x000000, 0x000000, 0x00b7ba, 0x8fb3b3, 0x8fb3b4, 0x00d1e5, 0x8fb3b5,
    0x8fb3b6, 0x00cef3, 0x8fb3b7, 0x000000, 0x000000, 0x000000, 0x000000, 0x00bde9, 0x000000,
    0x000000, 0x000000, 0x000000, 0x8fb3b8, 0x000000, 0x00c8bd, 0x00cacc, 0x000000, 0x00d1e7,
    0x8fb3b9, 0x00cdf8, 0x00d1e8, 0x000000, 0x000000, 0x000000, 0x00d1e9, 0x000000, 0x00c5fe,
    0x8fb3ba, 0x8fb3bb, 0x00d1ea, 0x000000, 0x8fb3bc, 0x00c0a9, 0x00bafe, 0x00b7f4, 0x00d1eb,
    0x00bbc9, 0x00b9ef, 0x8fb3bd, 0x000000, 0x000000, 0x000000, 0x00c4e6, 0x00d1ed, 0x8fb3be,
    0x000000, 0x00c2a7, 0x000000, 0x8fb3bf, 0x00baef, 0x00d1ee, 0x00d1ef, 0x00c1b0, 0x000000,
    0x00d1ec, 0x000000, 0x000000, 0x000000, 0x000000, 0x00d1f1, 0x8fb3c0, 0x00cbb6, 0x8fb3c1,
    0x8fb3c2, 0x000000, 0x8fb3c3, 0x00b9e4, 0x8fb3c4, 0x000000, 0x00d1f0, 0x8fb3c5, 0x8fb3c6,
    0x8fb3c7, 0x000000, 0x00b7f5, 0x00bade, 0x00c7ed, 0x8fb3c8, 0x000000, 0x000000, 0x00d1f4,
    0x00d1f2, 0x000000, 0x000000, 0x000000, 0x8fb3c9, 0x00c9fb, 0x00beea, 0x00d1fb, 0x00b3e4,
    0x00d1f5, 0x00d1f3, 0x00c1cf, 0x000000, 0x8fb3ca, 0x8fb3cb, 0x8fb3cc, 0x000000, 0x000000,
    0x000000, 0x00d1f7, 0x000000, 0x00d1f6, 0x8fb3cd, 0x000000, 0x8fb3ce, 0x00b3c4, 0x000000,
    0x8fb3cf, 0x000000, 0x00b7e0, 0x00d1fc, 0x00cead, 0x8fb3d0, 0x000000, 0x8fb3d1, 0x00d1f8,
    0x000000, 0x000000, 0x000000, 0x00d1fd, 0x00d1fa, 0x8fb3d2, 0x00d1f9, 0x8fb3d3, 0x8fb3d4,
    0x8fb3d5, 0x8fb3d6, 0x000000, 0x8fb3d7, 0x00cecf, 0x8fb3d8, 0x000000, 0x000000, 0x00b8f9,
    0x00b2c3, 0x000000, 0x000000, 0x00cef4, 0x8fb3d9, 0x8fb3da, 0x8fb3db, 0x8fb3dc, 0x000000,
    0x00bdf5, 0x00c5d8, 0x00b9e5, 0x00d2a2, 0x00d2a3, 0x000000, 0x8fb3dd, 0x8fb3de, 0x00cee5,
    0x000000, 0x000000, 0x00cfab, 0x00d2a5, 0x8fb3df, 0x8fb3e0, 0x8fb3e1, 0x00b8fa, 0x8fb3e2,
    0x8fb3e3, 0x00d2a4, 0x8fb3e4, 0x00b3af, 0x000000, 0x8fb3e5, 0x00d2a6, 0x000000, 0x00cbd6,
    0x8fb3e6, 0x00c4bc, 0x8fb3e7, 0x00cda6, 0x8fb3e8, 0x00cad9, 0x000000, 0x000000, 0x8fb3e9,
    0x00d2a7, 0x000000, 0x8fb3ea, 0x000000, 0x8fb3eb, 0x00f0d5, 0x000000, 0x8fb3ec, 0x00c6b0,
    0x8fb3ed, 0x00d2a8, 0x00b4aa, 0x00ccb3, 0x000000, 0x8fb3ee, 0x8fb3ef, 0x00bea1, 0x00d2a9,
    0x00cae7, 0x00d2ad, 0x8fb3f0, 0x00c0aa, 0x00d2aa, 0x00b6d0, 0x8fb3f1, 0x00d2ab, 0x00b4ab,
    0x8fb3f2, 0x8fb3f3, 0x8fb3f4, 0x000000, 0x8fb3f5, 0x000000, 0x000000, 0x000000, 0x8fb3f6,
    0x8fb3f7, 0x00b7ae, 0x00d2ae, 0x8fb3f8, 0x00d2af, 0x8fb3f9, 0x8fb3fa, 0x00d2b0, 0x00d2b1,
    0x00bcdb, 0x000000, 0x000000, 0x000000, 0x00b8fb, 0x00ccde, 0x8fb3fb, 0x00cce8, 0x00c6f7,
    0x8fb3fc, 0x000000, 0x00caf1, 0x00d2b2, 0x8ff4b2, 0x00d2b3, 0x000000, 0x8fb3fd, 0x8fb3fe,
    0x8fb4a1, 0x00d2b5, 0x000000, 0x00d2b7, 0x00d2b6, 0x8fb4a2, 0x000000, 0x8fb4a3, 0x000000,
    0x00d2b8, 0x00b2bd, 0x00cbcc, 0x8fb4a4, 0x00bafc, 0x00d2b9, 0x8fb4a5, 0x8fb4a6, 0x00c1d9,
    0x8fb4a7, 0x8fb4a8, 0x00bea2, 0x00b6a9, 0x000000, 0x00d2ba, 0x8ff4b3, 0x8fb4a9, 0x000000,
    0x8fb4aa, 0x8fb4ab, 0x8fb4ac, 0x00c8db, 0x8fb4ad, 0x8fb4ae, 0x8fb4af, 0x000000, 0x00d2bb,
    0x8fb4b0, 0x00d2bc, 0x8fb4b1, 0x00d2bd, 0x000000, 0x8fb4b2, 0x000000, 0x000000, 0x00d2be,
    0x00c9a4, 0x00b6e8, 0x00b0e5, 0x8fb4b3, 0x8fb4b4, 0x8fb4b5, 0x00c6bf, 0x00d2bf, 0x00bdbd,
    0x8fb4b6, 0x00c0e9, 0x000000, 0x00d2c1, 0x00d2c0, 0x00bea3, 0x00b8e1, 0x00d2c3, 0x00c8be,
    0x8fb4b8, 0x8fb4b7, 0x00d2c4, 0x000000, 0x000000, 0x000000, 0x00c8dc, 0x00c2b4, 0x00c2ee,
    0x00b6a8, 0x000000, 0x000000, 0x00c6ee, 0x00c3b1, 0x8fb4b9, 0x00c7ee, 0x8fb4ba, 0x00cbce,
    0x000000, 0x00d2c6, 0x000000, 0x00c0ea, 0x8fb4bb, 0x000000, 0x8fb4bc, 0x000000, 0x8fb4bd,
    0x00b7b5, 0x000000, 0x000000, 0x00d2c7, 0x000000, 0x000000, 0x8fb4be, 0x8fb4bf, 0x00d2c8,
    0x00b1ac, 0x00b0f5, 0x00b4ed, 0x8fb4c0, 0x00c2a8, 0x00b5d1, 0x00cdf1, 0x000000, 0x00d2cb,
    0x00b2b7, 0x8fb4c1, 0x000000, 0x00d2ca, 0x000000, 0x000000, 0x8fb4c2, 0x00b6aa, 0x000000,
    0x000000, 0x00d2cc, 0x8fb4c3, 0x00ccf1, 0x000000, 0x000000, 0x8fb4c4, 0x8fb4c5, 0x000000,
    0x000000, 0x000000, 0x000000, 0x000000, 0x8fb4c6, 0x000000, 0x000000, 0x000000, 0x000000,
    0x8fb4c7, 0x8fb4c8, 0x000000, 0x00d2cd, 0x000000, 0x00ced2, 0x8fb4c9, 0x00b8fc, 0x000000,
    0x000000, 0x8fb4ca, 0x000000, 0x00b8b6, 0x00d2ce, 0x8fb4cb, 0x000000, 0x000000, 0x8fb4cc,
    0x00d2d0, 0x00d2cf, 0x000000, 0x00bfdf, 0x00b1b9, 0x8fb4cd, 0x8fb4ce, 0x000000, 0x00b1de,
    0x00d2d1, 0x8fb4cf, 0x00d2d2, 0x000000, 0x8fb4d0, 0x00b8b7, 0x8fb4d1, 0x8fb4d2, 0x00d2d3,
    0x8fb4d3, 0x8fb4d4, 0x000000, 0x8fb4d5, 0x00b5ee, 0x000000, 0x8fb4d6, 0x000000, 0x000000,
    0x8fb4d7, 0x000000, 0x00bbb2, 0x00d2d4, 0x000000, 0x8fb4d8, 0x000000, 0x000000, 0x00cbf4,
    0x00bab5, 0x00b5da, 0x00cda7, 0x00c1d0, 0x00c8bf, 0x00bcfd, 0x8fb4d9, 0x000000, 0x000000,
    0x8fb4da, 0x8fb4db, 0x00bdc7, 0x8fb4dc, 0x00bce8, 0x00bcf5, 0x000000, 0x00bdf6, 0x8fb4dd,
    0x00c8c0, 0x000000, 0x8fb4de, 0x8fb4df, 0x00d2d7, 0x8fb4e0, 0x00b1c3, 0x00c1d1, 0x00b8fd,
    0x00b8c5, 0x00b6e7, 0x8fb4e1, 0x8fb4e2, 0x00d2db, 0x00c3a1, 0x00c2fe, 0x00b6ab, 0x00bea4,
    0x00d2dc, 0x00d2da, 0x00b2c4, 0x00c2e6, 0x00bcb8, 0x00bbcb, 0x00b1a6, 0x000000, 0x8fb4e3,
    0x00b3f0, 0x00b9e6, 0x00bbca, 0x000000, 0x00d2dd, 0x000000, 0x000000, 0x000000, 0x000000,
    0x000000, 0x00d2de, 0x8fb4e4, 0x00b5c9, 0x00b3c6, 0x000000, 0x000000, 0x000000, 0x00b9e7,
    0x00b5c8, 0x00c4df, 0x00b1a5, 0x00c6b1, 0x00ccbe, 0x00b9a1, 0x00cdf9, 0x00c5c7, 0x00b8fe,
    0x000000, 0x8fb4e5, 0x000000, 0x000000, 0x000000, 0x000000, 0x000000, 0x000000, 0x8fb4e6,
    0x00b7af, 0x000000, 0x00d2e7, 0x000000, 0x00b6e3, 0x00cbca, 0x8fb4e7, 0x000000, 0x000000,
    0x000000, 0x000000, 0x00c8dd, 0x8fb4e8, 0x8fb4e9, 0x00d2e6, 0x8fb4ea, 0x00b4de, 0x00d2e1,
    0x00d2e2, 0x00d2e4, 0x8fb4eb, 0x000000, 0x8fb4ec, 0x000000, 0x000000, 0x8fb4ed, 0x8fb4ee,
    0x00d2e5, 0x000000, 0x00b5db, 0x00bfe1, 0x000000, 0x00caad, 0x00d2e3, 0x00d2df, 0x00b8e3,
    0x000000, 0x00d2e0, 0x000000, 0x00cfa4, 0x8fb4ef, 0x8fb4f0, 0x000000, 0x00caf2, 0x8fb4f1,
    0x00c4e8, 0x00b8e2, 0x00b9f0, 0x000000, 0x000000, 0x8fb4f2, 0x00d2e8, 0x8fb4f3, 0x000000,
    0x00c6dd, 0x000000, 0x000000, 0x000000, 0x000000, 0x000000, 0x000000, 0x000000, 0x000000,
    0x000000, 0x000000, 0x000000, 0x000000, 0x8fb4f4, 0x00d2ec, 0x000000, 0x000000, 0x8fb4f5,
    0x000000, 0x8fb4f6, 0x000000, 0x8fb4f7, 0x8fb4f8, 0x00bcfe, 0x8fb4f9, 0x00bcf6, 0x8fb4fa,
    0x000000, 0x8fb4fb, 0x8fb4fc, 0x000000, 0x00d2ef, 0x00d2ed, 0x000000, 0x00cca3, 0x8fb4fd,
    0x00d2ea, 0x00d2f3, 0x00d2ee, 0x000000, 0x000000, 0x000000, 0x00d2f1, 0x00b8c6, 0x00ccbf,
    0x000000, 0x8fb4fe, 0x00d2f2, 0x8fb5a1, 0x000000, 0x8fb5a2, 0x00d2f4, 0x8fb5a3, 0x00d2f6,
    0x000000, 0x8fb5a4, 0x8fb5a5, 0x8ff4b5, 0x00baf0, 0x00cfc2, 0x8fb5a6, 0x00d2eb, 0x00d2e9,
    0x00d2f5, 0x8fb5a7, 0x00d2f0, 0x000000, 0x000000, 0x8fb5a8, 0x8fb5a9, 0x000000, 0x000000,
    0x000000, 0x000000, 0x000000, 0x8fb5aa, 0x000000, 0x000000, 0x8fb5ab, 0x000000, 0x8fb5ac,
    0x00d2f8, 0x000000, 0x00d3a3, 0x00d2fa, 0x8fb5ad, 0x8fb5ae, 0x00d2fe, 0x8fb5af, 0x8fb5b0,
    0x00d3a1, 0x00d2fb, 0x8fb5b1, 0x8fb5b2, 0x00d3be, 0x000000, 0x8fb5b3, 0x00bae9, 0x00b3b1,
    0x000000, 0x000000, 0x000000, 0x8fb5b4, 0x00d2f9, 0x8fb5b5, 0x8fb5b6, 0x8fb5b7, 0x00d3a5,
    0x00b0f6, 0x00d3a4, 0x8fb5b8, 0x00b0a5, 0x00c9ca, 0x00d3a2, 0x000000, 0x00d2fc, 0x000000,
    0x8fb5b9, 0x00d2f7, 0x00d2fd, 0x00bac8, 0x8fb5ba, 0x000000, 0x000000, 0x8fb5bb, 0x8fb5bc,
    0x000000, 0x000000, 0x000000, 0x000000, 0x000000, 0x000000, 0x000000, 0x000000, 0x000000,
    0x00d3a6, 0x000000, 0x000000, 0x000000, 0x000000, 0x000000, 0x000000, 0x000000, 0x8fb5bd,
    0x00b0f7, 0x00d3af, 0x000000, 0x000000, 0x00d3a7, 0x00d3a8, 0x000000, 0x00bea5, 0x00cbe9,
    0x8fb5be, 0x000000, 0x8fb5bf, 0x00d3ad, 0x00d3ac, 0x8fb5c0, 0x000000, 0x000000, 0x00c5af,
    0x000000, 0x000000, 0x000000, 0x8fb5c1, 0x000000, 0x000000, 0x000000, 0x00d3ae, 0x000000,
    0x8fb5c2, 0x00d3ab, 0x8fb5c3, 0x8fb5c4, 0x8fb5c5, 0x8fb5c6, 0x000000, 0x000000, 0x00b1b4,
    0x8fb5c7, 0x00bab6, 0x00bfb0, 0x8fb5c8, 0x8fb5c9, 0x000000, 0x000000, 0x8fb5ca, 0x8fb5cb,
    0x8fb5cc, 0x00d3a9, 0x00c5e2, 0x000000, 0x000000, 0x000000, 0x00d3aa, 0x8fb5cd, 0x00b0a2,
    0x000000, 0x000000, 0x000000, 0x000000, 0x000000, 0x000000, 0x000000, 0x000000, 0x000000,
    0x000000, 0x000000, 0x000000, 0x000000, 0x000000, 0x000000, 0x000000, 0x000000, 0x000000,
    0x000000, 0x8fb5ce, 0x8fb5cf, 0x000000, 0x000000, 0x00d3b4, 0x00cda3, 0x000000, 0x00bea7,
    0x8fb5d0, 0x00d3ba, 0x000000, 0x8fb5d1, 0x8fb5d2, 0x000000, 0x00d3b9, 0x00d3b0, 0x000000,
    0x8fb5d3, 0x8fb5d4, 0x8fb5d5, 0x00c2c3, 0x000000, 0x00d3b1, 0x8fb5d6, 0x000000, 0x000000,
    0x00c2ef, 0x00d3b6, 0x00bea6, 0x8fb5d7, 0x000000, 0x8fb5d8, 0x8fb5d9, 0x000000, 0x00d3b3,
    0x8fb5da, 0x000000, 0x00cce4, 0x8fb5db, 0x8fb5dc, 0x000000, 0x00b7bc, 0x000000, 0x000000,
    0x00d3b7, 0x00d3b8, 0x8fb5dd, 0x000000, 0x8fb5de, 0x8fb5df, 0x00d3b5, 0x00d3bb, 0x8fb5e0,
    0x000000, 0x8fb5e1, 0x8fb5e2, 0x000000, 0x00d3b2, 0x8fb5e3, 0x000000, 0x8fb5e4, 0x000000,
    0x000000, 0x000000, 0x000000, 0x000000, 0x000000, 0x000000, 0x000000, 0x000000, 0x000000,
    0x000000, 0x000000, 0x000000, 0x000000, 0x000000, 0x000000, 0x000000, 0x000000, 0x000000,
    0x000000, 0x00d3c1, 0x00d3c6, 0x000000, 0x00d3c2, 0x8fb5e5, 0x00d3bd, 0x8fb5e6, 0x8fb5e7,
    0x00d3c7, 0x00c1b1, 0x000000, 0x8fb5e8, 0x00d3c9, 0x8fb5e9, 0x00b9a2, 0x00d3bf, 0x00c3fd,
    0x000000, 0x000000, 0x8fb5ea, 0x8fb5eb, 0x000000, 0x8fb5ec, 0x8fb5ed, 0x8fb5ee, 0x8fb5ef,
    0x000000, 0x000000, 0x8fb5f0, 0x00d3c3, 0x00d3bc, 0x00b4ad, 0x000000, 0x00b4ee, 0x00b3e5,
    0x00d3c4, 0x00d3c0, 0x000000, 0x000000, 0x000000, 0x8fb5f1, 0x8fb5f2, 0x000000, 0x000000,
    0x00b7f6, 0x00d3ca, 0x00d3c8, 0x00c1d3, 0x00b5ca, 0x00b6ac, 0x8fb5f3, 0x00d3c5, 0x000000,
    0x00b6f4, 0x000000, 0x8fb5f4, 0x000000, 0x000000, 0x000000, 0x00b1c4, 0x000000, 0x000000,
    0x000000, 0x000000, 0x000000, 0x000000, 0x000000, 0x000000, 0x8fb5f5, 0x000000, 0x8fb5f6,
    0x000000, 0x8fb5f7, 0x00d3ce, 0x00d3cc, 0x8fb5f8, 0x00d4a7, 0x000000, 0x8fb5f9, 0x000000,
    0x8fb5fa, 0x8fb5fb, 0x000000, 0x8fb5fc, 0x000000, 0x000000, 0x8fb5fd, 0x8fb5fe, 0x8fb6a1,
    0x00d3d1, 0x000000, 0x000000, 0x8fb6a2, 0x8fb6a3, 0x000000, 0x00d3cb, 0x8fb6a4, 0x00d3cf,
    0x000000, 0x8fb6a5, 0x00d3cd, 0x000000, 0x000000, 0x8fb6a6, 0x00bbcc, 0x00d3d0, 0x000000,
    0x000000, 0x000000, 0x000000, 0x8fb6a7, 0x000000, 0x000000, 0x000000, 0x000000, 0x000000,
    0x000000, 0x000000, 0x000000, 0x000000, 0x000000, 0x000000, 0x000000, 0x8fb6a8, 0x00d3d3,
    0x000000, 0x00d3d8, 0x000000, 0x000000, 0x000000, 0x00d3d6, 0x00d3d5, 0x8fb6a9, 0x000000,
    0x000000, 0x000000, 0x000000, 0x000000, 0x8fb6aa, 0x00c3b2, 0x000000, 0x8fb6ab, 0x00b2c5,
    0x8fb6ac, 0x000000, 0x000000, 0x8fb6ad, 0x8fb6ae, 0x8fb6af, 0x8fb6b0, 0x8fb6b1, 0x8fb6b2,
    0x000000, 0x00d3d2, 0x000000, 0x00d3d4, 0x00bea8, 0x00b1b3, 0x8fb6b3, 0x000000, 0x00d3d7,
    0x000000, 0x000000, 0x000000, 0x000000, 0x000000, 0x000000, 0x000000, 0x000000, 0x000000,
    0x000000, 0x000000, 0x000000, 0x000000, 0x00b2de, 0x000000, 0x000000, 0x8fb6b4, 0x000000,
    0x000000, 0x00d3e2, 0x8fb6b5, 0x00befc, 0x00d3de, 0x8fb6b6, 0x00d3dc, 0x8fb6b7, 0x00d3dd,
    0x8fb6b8, 0x00d3df, 0x8fb6b9, 0x000000, 0x8fb6ba, 0x8fb6bb, 0x8fb6bc, 0x000000, 0x8fb6bd,
    0x8fb6be, 0x8fb6bf, 0x00b1bd, 0x8fb6c0, 0x8fb6c1, 0x000000, 0x8fb6c2, 0x000000, 0x000000,
    0x8fb6c3, 0x000000, 0x8fb6c4, 0x00c1b9, 0x8fb6c5, 0x00d3d9, 0x8fb6c6, 0x00d3da, 0x000000,
    0x000000, 0x000000, 0x8fb6c7, 0x000000, 0x000000, 0x000000, 0x000000, 0x000000, 0x000000,
    0x00b3fa, 0x000000, 0x000000, 0x8fb6c8, 0x000000, 0x8fb6c9, 0x8fb6ca, 0x8fb6cb, 0x8fb6cc,
    0x00d3e1, 0x000000, 0x8fb6cd, 0x000000, 0x00b4ef, 0x8fb6ce, 0x00d3e4, 0x00d3e0, 0x00d3e3,
    0x8fb6cf, 0x000000, 0x8fb6d0, 0x000000, 0x8fb6d1, 0x8fb6d2, 0x000000, 0x00caae, 0x8fb6d3,
    0x000000, 0x000000, 0x00c6d5, 0x000000, 0x00c8b8, 0x000000, 0x000000, 0x000000, 0x000000,
    0x000000, 0x00d3e6, 0x000000, 0x000000, 0x000000, 0x8fb6d4, 0x8fb6d5, 0x00d3e5, 0x00b3c5,
    0x8fb6d6, 0x000000, 0x00d3e7, 0x8fb6d7, 0x8fb6d8, 0x000000, 0x000000, 0x00d3ea, 0x000000,
    0x000000, 0x000000, 0x000000, 0x00d3e9, 0x8fb6d9, 0x000000, 0x000000, 0x000000, 0x8fb6da,
    0x8fb6db, 0x000000, 0x000000, 0x8fb6dc, 0x8fb6dd, 0x8fb6de, 0x00d3e8, 0x000000, 0x00c7b9,
    0x000000, 0x000000, 0x00d3eb, 0x8fb6df, 0x8fb6e0, 0x8fb6e1, 0x8fb6e2, 0x000000, 0x8fb6e3,
    0x8fb6e4, 0x8fb6e5, 0x00d3ec, 0x000000, 0x000000, 0x8fb6e6, 0x000000, 0x8fb6e7, 0x00d3ee,
    0x000000, 0x00d3ed, 0x8fb6e8, 0x000000, 0x000000, 0x000000, 0x000000, 0x00d3f0, 0x000000,
    0x8fb6e9, 0x000000, 0x00d3f3, 0x00d3f1, 0x00d3ef, 0x00d3f2, 0x000000, 0x8fb6ea, 0x000000,
    0x000000, 0x00d3f4, 0x8fb6eb, 0x8fb6ec, 0x8fb6ed, 0x8fb6f0, 0x8fb6f1, 0x00d3f5, 0x8fb6ee,
    0x8fb6ef, 0x00d3f6, 0x000000, 0x00d3f7, 0x000000, 0x000000, 0x000000, 0x00d3f8, 0x00d1c5,
    0x8fb6f2, 0x00bcfc, 0x00bbcd, 0x8fb6f3, 0x8fb6f4, 0x00b2f3, 0x8fb6f5, 0x00b0f8, 0x8fb6f6,
    0x000000, 0x00c3c4, 0x8fb6f7, 0x8fb6f8, 0x8fb6f9, 0x8fb6fa, 0x8fb6fb, 0x000000, 0x000000,
    0x8fb6fd, 0x000000, 0x8fb6fe, 0x00d3f9, 0x000000, 0x00baa4, 0x8fb6fc, 0x00b0cf, 0x00bfde,
    0x000000, 0x000000, 0x8fb7a1, 0x8fb7a2, 0x000000, 0x00d3fa, 0x00b8c7, 0x000000, 0x000000,
    0x00b9f1, 0x000000, 0x00d3fc, 0x00d3fb, 0x8fb7a3, 0x8fb7a4, 0x00cae0, 0x00d3fd, 0x000000,
    0x000000, 0x8fb7a5, 0x00d4a1, 0x00d3fe, 0x8fb7a6, 0x00d4a2, 0x8fb7a7, 0x00d4a3, 0x000000,
    0x00b7f7, 0x000000, 0x8fb7a8, 0x00b1e0, 0x00d4a4, 0x000000, 0x8fb7a9, 0x00d4a6, 0x000000,
    0x00d4a5, 0x000000, 0x8fb7aa, 0x8fb7ab, 0x00d4a8, 0x8fb7ac, 0x000000, 0x00c5da, 0x8fb7ad,
    0x000000, 0x8fb7ae, 0x8fb7af, 0x8fb7b0, 0x8fb7b1, 0x00d4a9, 0x00b0b5, 0x00badf, 0x8fb7b2,
    0x8fb7b3, 0x000000, 0x8fb7b4, 0x00b7bd, 0x8fb7b5, 0x8fb7b6, 0x00c3cf, 0x000000, 0x000000,
    0x8fb7b7, 0x8fb7b8, 0x000000, 0x000000, 0x00d4aa, 0x00d4ab, 0x000000, 0x000000, 0x00d4ad,
    0x000000, 0x8fb7b9, 0x8fb7ba, 0x8fb7bb, 0x00d4ae, 0x000000, 0x00bae4, 0x000000, 0x000000,
    0x8fb7bc, 0x8fb7bd, 0x00b6d1, 0x000000, 0x000000, 0x00cbb7, 0x000000, 0x8fb7be, 0x8fb7bf,
    0x00d4ac, 0x00d4af, 0x00bac1, 0x00b9a3, 0x8fb7c0, 0x000000, 0x000000, 0x000000, 0x000000,
    0x000000, 0x000000, 0x8ff4b6, 0x000000, 0x000000, 0x000000, 0x000000, 0x000000, 0x000000,
    0x000000, 0x00d4b3, 0x8fb7c1, 0x000000, 0x00baa5, 0x8fb7c2, 0x00c3b3, 0x8fb7c3, 0x8fb7c4,
    0x00d4b0, 0x00c4da, 0x8fb7c5, 0x000000, 0x8fb7c6, 0x8fb7c7, 0x8fb7c8, 0x8fb7c9, 0x8fb7ca,
    0x000000, 0x8fb7cb, 0x8fb7cc, 0x8fb7cd, 0x000000, 0x8fb7ce, 0x000000, 0x8fb7cf, 0x8fb7d0,
    0x8fb7d1, 0x8fb7d2, 0x000000, 0x8fb7d3, 0x00d4b4, 0x000000, 0x8fb7d4, 0x00bfe2, 0x8fb7d5,
    0x000000, 0x000000, 0x000000, 0x000000, 0x00d4b2, 0x00d4b5, 0x000000, 0x00b7bf, 0x8fb7d6,
    0x000000, 0x000000, 0x000000, 0x000000, 0x000000, 0x000000, 0x00d4b6, 0x8fb7d7, 0x8fb7e0,
    0x000000, 0x8fb7d8, 0x000000, 0x8fb7d9, 0x8fb7da, 0x000000, 0x8fb7db, 0x8fb7dc, 0x8fb7dd,
    0x8fb7de, 0x00d4b7, 0x8fb7df, 0x00b9a4, 0x00b3c0, 0x00d4b9, 0x000000, 0x000000, 0x8fb7e1,
    0x8fb7e2, 0x8fb7e3, 0x00d4ba, 0x000000, 0x8fb7e4, 0x000000, 0x000000, 0x000000, 0x00d4bb,
    0x000000, 0x000000, 0x00d4b8, 0x000000, 0x000000, 0x000000, 0x000000, 0x8fb7e5, 0x000000,
    0x000000, 0x000000, 0x000000, 0x8fb7e6, 0x000000, 0x000000, 0x00d4b1, 0x000000, 0x000000,
    0x00d4bc, 0x000000, 0x000000, 0x00d4bd, 0x8fb7e7, 0x8fb7e8, 0x000000, 0x000000, 0x00cbe4,
    0x8fb7e9, 0x000000, 0x00beeb, 0x8fb7ea, 0x000000, 0x000000, 0x00d4bf, 0x00d4c0, 0x00d4be,
    0x8fb7eb, 0x00d4c2, 0x000000, 0x000000, 0x000000, 0x000000, 0x000000, 0x00c7b8, 0x8fb7ec,
    0x8fb7ed, 0x00b0e8, 0x00c9d6, 0x8fb7fe, 0x000000, 0x00d4c3, 0x8fb7ee, 0x000000, 0x8fb7ef,
    0x8fb7f0, 0x000000, 0x8fb7f1, 0x000000, 0x000000, 0x000000, 0x8fb7f2, 0x000000, 0x000000,
    0x8fb7f3, 0x000000, 0x000000, 0x000000, 0x00befd, 0x8fb7f4, 0x8fb7f5, 0x00bcb9, 0x8fb7f6,
    0x00c7dd, 0x00b4f0, 0x000000, 0x00baeb, 0x8fb7f7, 0x8fb7f8, 0x8fb7f9, 0x00cbd9, 0x000000,
    0x00c6b2, 0x8fb7fa, 0x8fb7fb, 0x00b7f8, 0x00c2cf, 0x000000, 0x8fb7fc, 0x8fb7fd, 0x00d4c1,
    0x00d4c4, 0x8fb8a1, 0x8fb8a2, 0x000000, 0x000000, 0x000000, 0x000000, 0x000000, 0x000000,
    0x000000, 0x00c2c4, 0x000000, 0x000000, 0x000000, 0x00d4c5, 0x000000, 0x8fb8a3, 0x000000,
    0x00d4c6, 0x8fb8a4, 0x8fb8a5, 0x8fb8a6, 0x00d4c8, 0x000000, 0x000000, 0x00c4e9, 0x000000,
    0x8fb8a7, 0x8fb8a8, 0x000000, 0x000000, 0x00b4ae, 0x000000, 0x000000, 0x8fb8a9, 0x000000,
    0x00f4a1, 0x00b1e1, 0x00caf3, 0x8fb8aa, 0x000000, 0x00beec, 0x00c5c8, 0x000000, 0x000000,
    0x000000, 0x8fb8ab, 0x00bae6, 0x000000, 0x000000, 0x00d4ce, 0x000000, 0x8fb8ac, 0x00cabd,
    0x00cedd, 0x000000, 0x000000, 0x000000, 0x000000, 0x000000, 0x000000, 0x000000, 0x8fb8ad,
    0x00b2f4, 0x00d4ca, 0x8fb8ae, 0x8fb8af, 0x000000, 0x8fb8b0, 0x8fb8b1, 0x00c1ba, 0x00d4cd,
    0x000000, 0x00c5e3, 0x8fb8b2, 0x000000, 0x00c5c9, 0x00c5e4, 0x00c8b9, 0x00c4cd, 0x000000,
    0x000000, 0x000000, 0x00bac9, 0x8fb8b3, 0x000000, 0x8fb8b4, 0x00d4c9, 0x000000, 0x8fb8b5,
    0x000000, 0x000000, 0x8fb8b6, 0x8fb8b7, 0x00b1f6, 0x000000, 0x00c5b6, 0x000000, 0x000000,
    0x000000, 0x000000, 0x00d4cb, 0x000000, 0x00d4c7, 0x000000, 0x000000, 0x00bfd0, 0x000000,
    0x000000, 0x8fb8b8, 0x00d4cf, 0x000000, 0x000000, 0x8fb8b9, 0x000000, 0x00bdce, 0x8fb8ba,
    0x8fb8bb, 0x8fb8bc, 0x000000, 0x00b6ad, 0x000000, 0x00d4d0, 0x000000, 0x8fb8bd, 0x8fb8be,
    0x8fb8bf, 0x8fb8c0, 0x000000, 0x8fb8c1, 0x8fb8c2, 0x000000, 0x8fb8c3, 0x8fb8c4, 0x000000,
    0x000000, 0x00cae8, 0x8fb8c5, 0x000000, 0x8fb8c6, 0x00c1fd, 0x000000, 0x000000, 0x000000,
    0x000000, 0x00c4c6, 0x8fb8c7, 0x8ff4b9, 0x00d4d2, 0x8fb8c8, 0x8fb8c9, 0x8fb8ca, 0x000000,
    0x000000, 0x000000, 0x8fb8cb, 0x000000, 0x00cbcf, 0x8fb8cc, 0x000000, 0x00d4d3, 0x000000,
    0x000000, 0x00d4d8, 0x000000, 0x000000, 0x8fb8cd, 0x8fb8ce, 0x00caaf, 0x000000, 0x000000,
    0x000000, 0x000000, 0x00d4d7, 0x00d4d1, 0x00d4d4, 0x00d4d6, 0x8fb8d0, 0x000000, 0x00baa6,
    0x000000, 0x00cac9, 0x8fb8d1, 0x000000, 0x8fb8cf, 0x00d4d9, 0x000000, 0x00c3c5, 0x8fb8d2,
    0x000000, 0x00b2f5, 0x000000, 0x00beed, 0x8fb8d3, 0x8fb8d4, 0x000000, 0x8fb8d5, 0x00d4db,
    0x8fb8d6, 0x00d4da, 0x8fb8d7, 0x00b9e8, 0x8fb8d8, 0x00d4dc, 0x00d4de, 0x00d4dd, 0x8fb8d9,
    0x000000, 0x00d4e0, 0x8fb8da, 0x00d4d5, 0x00d4e2, 0x000000, 0x8fb8db, 0x8fb8dc, 0x000000,
    0x00d4e1, 0x00d4df, 0x000000, 0x000000, 0x000000, 0x8fb8dd, 0x000000, 0x00bbce, 0x00bfd1,
    0x000000, 0x00c1d4, 0x00d4e3, 0x00c0bc, 0x00b0ed, 0x00c7e4, 0x8fb8de, 0x000000, 0x000000,
    0x000000, 0x00c4db, 0x000000, 0x00d4e5, 0x00d4e4, 0x00d4e6, 0x00d4e7, 0x00d4e8, 0x000000,
    0x000000, 0x00d4e9, 0x000000, 0x000000, 0x8fb8df, 0x8fb8e0, 0x000000, 0x000000, 0x00cad1,
    0x00d4ea, 0x8fb8e1, 0x8fb8e2, 0x000000, 0x000000, 0x00b2c6, 0x00d4eb, 0x000000, 0x8fb8e3,
    0x8fb8e4, 0x8fb8e5, 0x00cdbc, 0x00b3b0, 0x000000, 0x00d2c9, 0x00bdc8, 0x00c2bf, 0x00d4ec,
    0x00cceb, 0x8fb8e7, 0x000000, 0x000000, 0x000000, 0x8fb8e8, 0x00ccb4, 0x8fb8e9, 0x8fb8ea,
    0x00d4ee, 0x000000, 0x00c2e7, 0x8fb8eb, 0x00c5b7, 0x00c2c0, 0x00c9d7, 0x00d4ef, 0x00d4f0,
    0x00b1fb, 0x8fb8ec, 0x8fb8ed, 0x00bcba, 0x00d4f1, 0x8fb8ee, 0x000000, 0x8fb8ef, 0x8fb8f0,
    0x00b0d0, 0x00d4f2, 0x000000, 0x000000, 0x000000, 0x000000, 0x000000, 0x00d4f3, 0x8fb8f1,
    0x000000, 0x000000, 0x000000, 0x8fb8f2, 0x00b1e2, 0x000000, 0x8fb8f3, 0x00b4f1, 0x00c6e0,
    0x00caf4, 0x000000, 0x000000, 0x000000, 0x000000, 0x00d4f7, 0x00c1d5, 0x00d4f6, 0x00b7c0,
    0x8fb8f4, 0x8fb8f5, 0x00cbdb, 0x00d4f5, 0x000000, 0x00c5e5, 0x00d4f9, 0x8fb8f6, 0x00d4f8,
    0x8fb8f7, 0x000000, 0x8fb8f8, 0x8fb8f9, 0x8fb8fa, 0x00d4fb, 0x8fb8fb, 0x00d4fa, 0x8fb8fc,
    0x000000, 0x00b1fc, 0x000000, 0x00d4fc, 0x00bea9, 0x00d4fe, 0x00c3a5, 0x8fb8fd, 0x00d4fd,
    0x8fb8fe, 0x00cab3, 0x8fb9a1, 0x000000, 0x000000, 0x8fb9a2, 0x00bdf7, 0x00c5db, 0x8fb9a3,
    0x8fb9a4, 0x000000, 0x00d5a1, 0x8fb9a5, 0x000000, 0x8fb9a6, 0x8fb9a7, 0x00b9a5, 0x000000,
    0x000000, 0x00d5a2, 0x00c7a1, 0x00c8de, 0x00ccd1, 0x000000, 0x000000, 0x000000, 0x000000,
    0x000000, 0x00c7a5, 0x8fb9a8, 0x8fb9a9, 0x00d5ab, 0x8fb9aa, 0x000000, 0x000000, 0x000000,
    0x8fb9ab, 0x00b5b8, 0x000000, 0x8fb9ac, 0x00cdc5, 0x8fb9ad, 0x000000, 0x00ccaf, 0x000000,
    0x00d6ac, 0x000000, 0x00d5a3, 0x000000, 0x8fb9ae, 0x000000, 0x000000, 0x000000, 0x00d5a6,
    0x8fb9af, 0x00c2c5, 0x000000, 0x8fb9b0, 0x00cbb8, 0x000000, 0x000000, 0x000000, 0x00c5ca,
    0x8fb9b1, 0x8fb9b2, 0x8fb9b3, 0x8fb9b4, 0x000000, 0x00d5a7, 0x8fb9b5, 0x000000, 0x000000,
    0x000000, 0x8fb9b6, 0x000000, 0x00cbe5, 0x8fb9b7, 0x00baca, 0x8fb9b8, 0x000000, 0x00beaa,
    0x000000, 0x8fb9b9, 0x000000, 0x8fb9ba, 0x8fb9bb, 0x000000, 0x00d5a8, 0x000000, 0x8fb9bc,
    0x00bbd0, 0x8fb9bd, 0x00bbcf, 0x000000, 0x8fb9be, 0x000000, 0x000000, 0x00b0b9, 0x00b8c8,
    0x8fb9bf, 0x00c0ab, 0x00b0d1, 0x000000, 0x000000, 0x000000, 0x000000, 0x00d5ac, 0x00d5ad,
    0x000000, 0x00d5aa, 0x8fb9c0, 0x8fb9c1, 0x8fb9c2, 0x000000, 0x000000, 0x000000, 0x8fb9c3,
    0x8fb9c4, 0x00b1b8, 0x00b4af, 0x8fb9c5, 0x00d5a9, 0x000000, 0x00ccc5, 0x00c9b1, 0x000000,
    0x000000, 0x8fb9c6, 0x8fb9c7, 0x000000, 0x8fb9c8, 0x8fb9c9, 0x000000, 0x8fb9ca, 0x000000,
    0x00b0a8, 0x8fb9cb, 0x000000, 0x000000, 0x000000, 0x00b0f9, 0x000000, 0x000000, 0x000000,
    0x00bbd1, 0x8fb9cc, 0x00b0d2, 0x000000, 0x00b0a3, 0x8fb9cd, 0x000000, 0x000000, 0x000000,
    0x000000, 0x00d5b2, 0x000000, 0x000000, 0x8fb9ce, 0x8fb9cf, 0x8fb9d0, 0x000000, 0x000000,
    0x00d5b0, 0x8fb9d1, 0x8fb9d2, 0x000000, 0x000000, 0x000000, 0x000000, 0x00ccbc, 0x000000,
    0x00d5b3, 0x000000, 0x00d5b1, 0x000000, 0x8fb9d3, 0x00d5af, 0x00bfb1, 0x000000, 0x000000,
    0x8fb9d4, 0x8fb9d5, 0x00d5ae, 0x000000, 0x8fb9d6, 0x8fb9d7, 0x00cada, 0x8fb9d8, 0x000000,
    0x000000, 0x8fb9d9, 0x000000, 0x00b8e4, 0x8fb9da, 0x000000, 0x000000, 0x000000, 0x000000,
    0x00d5b7, 0x00d5b8, 0x000000, 0x000000, 0x000000, 0x000000, 0x000000, 0x00beab, 0x000000,
    0x000000, 0x000000, 0x00d5b4, 0x00cfac, 0x000000, 0x000000, 0x8fb9db, 0x8fb9dc, 0x00c7cc,
    0x8fb9dd, 0x8fb9de, 0x00d5b6, 0x000000, 0x000000, 0x8fb9df, 0x000000, 0x000000, 0x000000,
    0x8fb9e0, 0x000000, 0x000000, 0x000000, 0x000000, 0x8fb9e1, 0x000000, 0x000000, 0x000000,
    0x000000, 0x00baa7, 0x000000, 0x000000, 0x000000, 0x8fb9e2, 0x000000, 0x000000, 0x000000,
    0x00d5b9, 0x8fb9e3, 0x000000, 0x8fb9e4, 0x00c9d8, 0x8fb9e5, 0x000000, 0x000000, 0x00d5ba,
    0x000000, 0x00d5b5, 0x8fb9e6, 0x000000, 0x000000, 0x000000, 0x000000, 0x000000, 0x000000,
    0x000000, 0x000000, 0x000000, 0x8fb9e7, 0x000000, 0x000000, 0x8fb9e8, 0x8fb9e9, 0x000000,
    0x000000, 0x8fb9ea, 0x00ccbb, 0x000000, 0x000000, 0x000000, 0x000000, 0x000000, 0x000000,
    0x000000, 0x000000, 0x000000, 0x000000, 0x000000, 0x8fb9eb, 0x000000, 0x000000, 0x000000,
    0x000000, 0x8fb9ec, 0x000000, 0x00c7de, 0x8fb9ed, 0x000000, 0x000000, 0x8fb9ee, 0x000000,
    0x000000, 0x8fb9ef, 0x00d5bb, 0x00c9b2, 0x8fb9f0, 0x000000, 0x8fb9f1, 0x8fb9f2, 0x8fb9f3,
    0x000000, 0x8fb9f4, 0x000000, 0x000000, 0x000000, 0x000000, 0x8fb9f5, 0x000000, 0x000000,
    0x000000, 0x000000, 0x8fb9f6, 0x000000, 0x000000, 0x000000, 0x000000, 0x8fb9f7, 0x8fb9f8,
    0x8fb9f9, 0x000000, 0x8fb9fa, 0x000000, 0x000000, 0x8fb9fb, 0x000000, 0x8fb9fc, 0x8fb9fd,
    0x00d5bc, 0x00d5c0, 0x00d5bd, 0x8fb9fe, 0x000000, 0x00b2c7, 0x00d5bf, 0x000000, 0x8fbaa1,
    0x000000, 0x8fbaa2, 0x000000, 0x8fbaa3, 0x00bcbb, 0x000000, 0x00d5be, 0x00b7f9, 0x000000,
    0x000000, 0x8fbaa4, 0x00d5cc, 0x000000, 0x000000, 0x000000, 0x000000, 0x000000, 0x00d5c5,
    0x00d5c2, 0x000000, 0x000000, 0x8fbaa5, 0x000000, 0x8fbaa6, 0x000000, 0x000000, 0x000000,
    0x8fbaa7, 0x00c3e4, 0x000000, 0x00d5c1, 0x000000, 0x8fbaa8, 0x00d5c3, 0x000000, 0x000000,
    0x00d5c4, 0x8fbaa9, 0x000000, 0x000000, 0x000000, 0x8fbaaa, 0x000000, 0x000000, 0x000000,
    0x000000, 0x000000, 0x000000, 0x8fbaab, 0x8fbaac, 0x000000, 0x000000, 0x000000, 0x00d5c6,
    0x00d5c7, 0x000000, 0x8fbaad, 0x000000, 0x000000, 0x8fbaae, 0x8fbaaf, 0x000000, 0x000000,
    0x000000, 0x000000, 0x000000, 0x000000, 0x8fbab0, 0x00b4f2, 0x000000, 0x00d5c9, 0x00d5c8,
    0x000000, 0x000000, 0x000000, 0x000000, 0x000000, 0x000000, 0x000000, 0x000000, 0x000000,
    0x00d5ca, 0x8fbab1, 0x000000, 0x8fbab3, 0x000000, 0x8fbab4, 0x000000, 0x8fbab5, 0x000000,
    0x000000, 0x000000, 0x8fbab6, 0x00beee, 0x000000, 0x000000, 0x8fbab7, 0x000000, 0x000000,
    0x000000, 0x000000, 0x00d5cd, 0x000000, 0x00c4dc, 0x8fbab8, 0x000000, 0x000000, 0x00b1c5,
    0x000000, 0x00d5cb, 0x000000, 0x8fbab2, 0x000000, 0x00d5ce, 0x000000, 0x8fbab9, 0x000000,
    0x000000, 0x000000, 0x000000, 0x000000, 0x00d5cf, 0x000000, 0x00d5d2, 0x8fbaba, 0x000000,
    0x00d5d0, 0x000000, 0x00d5d1, 0x000000, 0x000000, 0x000000, 0x000000, 0x000000, 0x8fbabb,
    0x8fbabc, 0x000000, 0x000000, 0x000000, 0x00bbd2, 0x00d5d3, 0x8fbabd, 0x000000, 0x00b9a6,
    0x00d5d4, 0x8fbabe, 0x00bbfa, 0x00c2b8, 0x000000, 0x00d5d5, 0x00d5d6, 0x00bbda, 0x00b9a7,
    0x8fbabf, 0x00ccd2, 0x000000, 0x000000, 0x000000, 0x00b5a8, 0x00b8c9, 0x00d5d7, 0x00b3d8,
    0x000000, 0x8fbac0, 0x00d5d8, 0x000000, 0x00c2b9, 0x000000, 0x000000, 0x8fbac1, 0x8fbac2,
    0x00d5d9, 0x00d6a3, 0x000000, 0x00d5da, 0x000000, 0x00d5db, 0x000000, 0x000000, 0x00d5dc,
    0x000000, 0x00d5de, 0x000000, 0x8fbac3, 0x8fbac4, 0x8fbac5, 0x8fbac6, 0x00d5df, 0x8fbac7,
    0x000000, 0x00d5e0, 0x8fbac8, 0x00c2f0, 0x8fbac9, 0x00b1a7, 0x00bce9, 0x00b0c2, 0x8fbaca,
    0x00c1d7, 0x00b4b0, 0x00bcb5, 0x8fbacb, 0x00b9a8, 0x8fbacc, 0x8fbacd, 0x000000, 0x8fbace,
    0x8fbacf, 0x00c5e6, 0x8fbad0, 0x00bda1, 0x00b4b1, 0x00c3e8, 0x00c4ea, 0x00b0b8, 0x00b5b9,
    0x00caf5, 0x000000, 0x00bcc2, 0x000000, 0x000000, 0x00b5d2, 0x00c0eb, 0x00bcbc, 0x00cda8,
    0x00d5e1, 0x000000, 0x8fbad1, 0x8fbad2, 0x000000, 0x000000, 0x8fbad3, 0x8fbad4, 0x00b5dc,
    0x8fbad5, 0x00bacb, 0x8fbad6, 0x8fbad7, 0x00b3b2, 0x00b1e3, 0x00beac, 0x00b2c8, 0x8fbad8,
    0x00d5e2, 0x00cdc6, 0x8fbad9, 0x000000, 0x8fbada, 0x000000, 0x000000, 0x00bdc9, 0x8fbadb,
    0x8fbadc, 0x00bce4, 0x00d5e3, 0x00b4f3, 0x00c6d2, 0x00cca9, 0x00d5e4, 0x000000, 0x00d5e5,
    0x000000, 0x000000, 0x00c9d9, 0x8fbadd, 0x000000, 0x8fbade, 0x00d5e7, 0x000000, 0x00b4a8,
    0x00b6f7, 0x00d5e6, 0x000000, 0x8fbadf, 0x8fbae0, 0x8fbae1, 0x8fbae2, 0x8fbae3, 0x00b4b2,
    0x000000, 0x00bfb2, 0x00d5eb, 0x00bba1, 0x8fbae4, 0x00b2c9, 0x00d5ea, 0x000000, 0x00d5e8,
    0x00d5ec, 0x00d5e9, 0x00c7ab, 0x00dccd, 0x00bfb3, 0x000000, 0x00d5ed, 0x8ff4ba, 0x000000,
    0x00cec0, 0x8fbae5, 0x00d5ee, 0x8fbae6, 0x000000, 0x00d5f0, 0x8fbae7, 0x00c3fe, 0x00d5ef,
    0x000000, 0x00c0a3, 0x000000, 0x00bbfb, 0x000000, 0x000000, 0x8fbae8, 0x00c2d0, 0x00bcf7,
    0x000000, 0x00c9f5, 0x00c0ec, 0x000000, 0x00bccd, 0x00d5f1, 0x00bead, 0x00d5f2, 0x00d5f3,
    0x00b0d3, 0x00c2ba, 0x00bfd2, 0x8fbae9, 0x00d5f4, 0x00c6b3, 0x00beae, 0x000000, 0x00beaf,
    0x000000, 0x00d5f5, 0x000000, 0x000000, 0x00c0ed, 0x8fbaea, 0x000000, 0x000000, 0x00beb0,
    0x000000, 0x000000, 0x000000, 0x8fbaeb, 0x8fbaec, 0x00d5f6, 0x000000, 0x00d5f7, 0x8fbaed,
    0x00cce0, 0x000000, 0x8fbaee, 0x000000, 0x00d5f8, 0x8fbaef, 0x000000, 0x8fbaf0, 0x8fbaf1,
    0x00b6c6, 0x8fbaf2, 0x000000, 0x8fbaf3, 0x00bda2, 0x8fbaf4, 0x000000, 0x000000, 0x8fbaf5,
    0x8fbaf6, 0x000000, 0x00d5f9, 0x00d5fa, 0x00bcdc, 0x00bfac, 0x00c6f4, 0x00bfd4, 0x00c8f8,
    0x00c7a2, 0x00b6c9, 0x00d5fb, 0x000000, 0x000000, 0x000000, 0x00b5ef, 0x00d5fc, 0x000000,
    0x00b6fe, 0x000000, 0x00c6cf, 0x00b2b0, 0x000000, 0x00bbd3, 0x00d5fd, 0x00d6a2, 0x00d6a1,
    0x00b6fd, 0x000000, 0x00d5fe, 0x000000, 0x00c5b8, 0x000000, 0x000000, 0x000000, 0x8fbaf7,
    0x8fbaf8, 0x000000, 0x8fbaf9, 0x000000, 0x00c2b0, 0x000000, 0x00c5cb, 0x00bcc8, 0x8fbafa,
    0x8fbafb, 0x00c1d8, 0x00cdfa, 0x000000, 0x8fbafc, 0x8fbafd, 0x8fbafe, 0x000000, 0x000000,
    0x00d6a4, 0x8fbba1, 0x00d6a5, 0x00c6d6, 0x8fbba2, 0x00bbb3, 0x000000, 0x000000, 0x8fbba3,
    0x8fbba4, 0x00d6a7, 0x000000, 0x000000, 0x00d6a8, 0x8fbba5, 0x8fbba6, 0x8fbba7, 0x8fbba8,
    0x000000, 0x000000, 0x000000, 0x000000, 0x000000, 0x000000, 0x000000, 0x8fbba9, 0x8fbbaa,
    0x000000, 0x8fbbab, 0x000000, 0x00d6a9, 0x000000, 0x000000, 0x8fbbac, 0x00b4f4, 0x00d6aa,
    0x8fbbad, 0x000000, 0x00d6ab, 0x000000, 0x000000, 0x000000, 0x000000, 0x000000, 0x000000,
    0x000000, 0x000000, 0x8fbbae, 0x000000, 0x8fbbaf, 0x8fbbb0, 0x00b2ac, 0x8fbbb1, 0x8fbbb2,
    0x000000, 0x000000, 0x8fbbb3, 0x000000, 0x00c1bb, 0x00b4e4, 0x8fbbb4, 0x00d6ad, 0x00cca8,
    0x000000, 0x000000, 0x000000, 0x000000, 0x00c2d2, 0x8fbbb5, 0x00b3d9, 0x8fbbb6, 0x8fbbb7,
    0x00d6af, 0x00d6b1, 0x00b4df, 0x000000, 0x8fbbb8, 0x00d6ae, 0x00d6b0, 0x000000, 0x00d6b3,
    0x000000, 0x000000, 0x000000, 0x000000, 0x000000, 0x00d6b2, 0x000000, 0x00d6b4, 0x000000,
    0x8fbbb9, 0x000000, 0x8fbbba, 0x000000, 0x000000, 0x000000, 0x000000, 0x000000, 0x000000,
    0x8fbbbb, 0x000000, 0x000000, 0x000000, 0x000000, 0x8fbbbd, 0x000000, 0x00d6b5, 0x000000,
    0x000000, 0x000000, 0x8fbbbc, 0x000000, 0x000000, 0x00c6bd, 0x00b6ae, 0x000000, 0x000000,
    0x000000, 0x000000, 0x000000, 0x000000, 0x00b2e5, 0x00d6b6, 0x00d6bb, 0x000000, 0x000000,
    0x00d6b9, 0x8fbbbe, 0x00caf7, 0x00caf6, 0x8fbbbf, 0x8fbbc0, 0x000000, 0x8fbbc1, 0x8ff4bb,
    0x00c5e7, 0x000000, 0x000000, 0x000000, 0x00d6b8, 0x00bdd4, 0x000000, 0x00d6b7, 0x000000,
    0x000000, 0x8fbbc2, 0x000000, 0x000000, 0x000000, 0x000000, 0x8fbbc3, 0x00bff2, 0x000000,
    0x000000, 0x000000, 0x00d6bc, 0x000000, 0x8fbbc4, 0x00baea, 0x000000, 0x000000, 0x00d6c2,
    0x8fbbc5, 0x000000, 0x00d6c3, 0x00d6bd, 0x00b3b3, 0x00d6be, 0x00d6c7, 0x00d6c6, 0x00d6c5,
    0x00d6c1, 0x000000, 0x000000, 0x000000, 0x00d6c0, 0x000000, 0x000000, 0x00d6c4, 0x8fbbc7,
    0x8fbbc8, 0x000000, 0x8fbbc9, 0x8fbbca, 0x000000, 0x00caf8, 0x000000, 0x8fbbc6, 0x000000,
    0x000000, 0x000000, 0x000000, 0x000000, 0x8fbbcb, 0x000000, 0x000000, 0x8fbbcc, 0x000000,
    0x000000, 0x000000, 0x000000, 0x8fbbcd, 0x000000, 0x000000, 0x000000, 0x8fbbce, 0x000000,
    0x8fbbcf, 0x000000, 0x000000, 0x8fbbd0, 0x8fbbd1, 0x000000, 0x000000, 0x8fbbd2, 0x000000,
    0x8fbbd3, 0x000000, 0x8fbbd7, 0x00d6cb, 0x00d6c8, 0x000000, 0x00d6ca, 0x000000, 0x00cdf2,
    0x8fbbd5, 0x00d6c9, 0x8ff4bc, 0x000000, 0x8fbbd4, 0x000000, 0x000000, 0x000000, 0x8fbbd6,
    0x000000, 0x000000, 0x00d6bf, 0x000000, 0x000000, 0x8fbbd8, 0x8fbbd9, 0x8fbbda, 0x8fbbdb,
    0x000000, 0x8fbbdc, 0x000000, 0x000000, 0x000000, 0x000000, 0x00bff3, 0x8fbbdd, 0x000000,
    0x00d6cc, 0x8fbbde, 0x000000, 0x00bab7, 0x8fbbdf, 0x000000, 0x000000, 0x00d6cd, 0x000000,
    0x000000, 0x00d6ce, 0x000000, 0x000000, 0x8fbbe0, 0x8fbbe1, 0x000000, 0x000000, 0x000000,
    0x8fbbe2, 0x8fbbe3, 0x000000, 0x8fbbe4, 0x00d6d1, 0x8fbbe5, 0x00d6d0, 0x000000, 0x000000,
    0x00d6cf, 0x8fbbe6, 0x000000, 0x8fbbe7, 0x00c5e8, 0x00d6ba, 0x000000, 0x000000, 0x000000,
    0x00d6d7, 0x000000, 0x8fbbe8, 0x8fbbe9, 0x8fbbea, 0x8fbbeb, 0x000000, 0x000000, 0x000000,
    0x8fbbec, 0x000000, 0x8fbbed, 0x000000, 0x00d6d3, 0x000000, 0x8fbbee, 0x8fbbef, 0x000000,
    0x00d6d2, 0x000000, 0x000000, 0x000000, 0x000000, 0x8fbbf0, 0x000000, 0x000000, 0x000000,
    0x8fbbf1, 0x00d6d4, 0x000000, 0x00d6d5, 0x000000, 0x8fbbf2, 0x000000, 0x8fe6f4, 0x000000,
    0x8fbbf3, 0x000000, 0x000000, 0x00d6d8, 0x8fbbf4, 0x8fbbf5, 0x00cee6, 0x000000, 0x00d6d9,
    0x00d6d6, 0x000000, 0x000000, 0x000000, 0x8fbbf6, 0x000000, 0x000000, 0x000000, 0x8fbbf7,
    0x000000, 0x00d6da, 0x000000, 0x8fbbf8, 0x00b4e0, 0x00d6db, 0x8fbbfa, 0x000000, 0x8fbbf9,
    0x000000, 0x00d6dd, 0x00d6dc, 0x000000, 0x000000, 0x00d6de, 0x000000, 0x8fbbfb, 0x8fbbfc,
    0x000000, 0x00d6df, 0x000000, 0x00c0ee, 0x00bda3, 0x000000, 0x8fbbfd, 0x00bde4, 0x000000,
    0x00c1e3, 0x8fbbfe, 0x00b9a9, 0x00bab8, 0x00b9aa, 0x00b5f0, 0x8fbca1, 0x000000, 0x00d6e0,
    0x000000, 0x000000, 0x00bab9, 0x000000, 0x000000, 0x00b8ca, 0x00d6e1, 0x00cca6, 0x00c7c3,
    0x00d6e2, 0x000000, 0x00b9ab, 0x8fbca2, 0x8fbca3, 0x000000, 0x00b4ac, 0x000000, 0x00c3a7,
    0x00b6d2, 0x000000, 0x8fbca4, 0x000000, 0x00bbd4, 0x00c9db, 0x000000, 0x000000, 0x00c8c1,
    0x8fbca5, 0x000000, 0x000000, 0x000000, 0x00d6e3, 0x00b4f5, 0x8fbca6, 0x000000, 0x000000,
    0x000000, 0x00d6e6, 0x8fbca7, 0x000000, 0x8fbca8, 0x8fbca9, 0x00c4a1, 0x000000, 0x8fbcaa,
    0x00d6e5, 0x00d6e4, 0x00d6e7, 0x000000, 0x00c4eb, 0x000000, 0x8fbcab, 0x8fbcac, 0x000000,
    0x000000, 0x000000, 0x000000, 0x00bfe3, 0x000000, 0x000000, 0x8fbcae, 0x000000, 0x000000,
    0x00bbd5, 0x000000, 0x00c0ca, 0x8fbcad, 0x00c2d3, 0x00b5a2, 0x000000, 0x8fbcaf, 0x00c4a2,
    0x000000, 0x8fbcb0, 0x00d6e8, 0x00d6e9, 0x00beef, 0x000000, 0x000000, 0x000000, 0x000000,
    0x00cbb9, 0x8fbcb1, 0x000000, 0x00d6ec, 0x000000, 0x000000, 0x00d6eb, 0x00d6ea, 0x00c9fd,
    0x000000, 0x00d6f3, 0x000000, 0x8fbcb4, 0x000000, 0x8fbcb2, 0x00cbda, 0x000000, 0x00d6ed,
    0x000000, 0x8fbcb3, 0x8fbcb5, 0x000000, 0x000000, 0x00d6ef, 0x00cbeb, 0x8fbcb6, 0x00d6ee,
    0x8fbcb7, 0x000000, 0x000000, 0x8fbcb8, 0x8fbcb9, 0x000000, 0x8fbcba, 0x00d6f0, 0x000000,
    0x00c8a8, 0x00d6f1, 0x00cabe, 0x00d6f2, 0x000000, 0x000000, 0x000000, 0x8fbcbb, 0x000000,
    0x8fbcbc, 0x8fbcbd, 0x8fbcbe, 0x8fbcbf, 0x8fbcc0, 0x000000, 0x8fbcc1, 0x000000, 0x00b4b3,
    0x00cabf, 0x00c7af, 0x00d6f4, 0x00d6f5, 0x000000, 0x00b9ac, 0x00b4b4, 0x00d6f6, 0x00b8b8,
    0x00cdc4, 0x00cda9, 0x00b4f6, 0x00d6f8, 0x8fbcc2, 0x00c4a3, 0x000000, 0x00b9ad, 0x00beb1,
    0x000000, 0x000000, 0x00c8df, 0x000000, 0x000000, 0x00beb2, 0x8fbcc3, 0x000000, 0x000000,
    0x8fbcc4, 0x00bdf8, 0x000000, 0x000000, 0x000000, 0x000000, 0x000000, 0x00c4ec, 0x00caf9,
    0x00c5b9, 0x000000, 0x000000, 0x00b9ae, 0x000000, 0x00c9dc, 0x000000, 0x000000, 0x000000,
    0x00d6f9, 0x000000, 0x8fbcc5, 0x000000, 0x8fbcc6, 0x8fbcc7, 0x00c5d9, 0x00bac2, 0x8fbcc8,
    0x000000, 0x8fbcc9, 0x00b8cb, 0x8fbcca, 0x00c4ed, 0x000000, 0x000000, 0x000000, 0x8fbccb,
    0x000000, 0x8fbccc, 0x000000, 0x00b0c3, 0x00bdee, 0x00b9af, 0x00cdc7, 0x000000, 0x000000,
    0x000000, 0x000000, 0x8fbccd, 0x8fbcce, 0x8fbccf, 0x000000, 0x00d6fa, 0x00d6fb, 0x00c7d1,
    0x000000, 0x000000, 0x8fbcd0, 0x000000, 0x00d6fc, 0x00cef7, 0x00cfad, 0x8fbcd2, 0x8fbcd1,
    0x000000, 0x8fbcd3, 0x00d6fe, 0x00d6fd, 0x8fbcd4, 0x8fbcd5, 0x00b3c7, 0x8fbcd6, 0x8fbcd7,
    0x00d7a1, 0x000000, 0x000000, 0x000000, 0x00d7a4, 0x00d7a5, 0x8fbcd8, 0x00d7a3, 0x8fbcd9,
    0x00c9c0, 0x00beb3, 0x00d7a7, 0x00d7a6, 0x00d7a2, 0x000000, 0x8fbcda, 0x000000, 0x000000,
    0x00d7a8, 0x00d7a9, 0x000000, 0x8fbcdb, 0x00d7aa, 0x000000, 0x000000, 0x000000, 0x00d7ad,
    0x00d7ab, 0x000000, 0x00d7ac, 0x00d7ae, 0x000000, 0x00b1e4, 0x00c4ee, 0x00d7af, 0x000000,
    0x00b7fa, 0x00b2f6, 0x00c7b6, 0x000000, 0x00d7b0, 0x00c6fb, 0x000000, 0x00cadb, 0x8fbcdc,
    0x00d7b1, 0x00cfae, 0x000000, 0x8fbcdd, 0x8fbcde, 0x8fbcdf, 0x00d7b2, 0x00cac0, 0x00d7b5,
    0x00d0a1, 0x00d0b1, 0x8fbce0, 0x00bcb0, 0x00c6f5, 0x00d7b6, 0x000000, 0x00b5dd, 0x00c4a4,
    0x00b0fa, 0x00d7b7, 0x00caa6, 0x00b9b0, 0x8fbce1, 0x000000, 0x00c3d0, 0x8fbce2, 0x8fbce3,
    0x000000, 0x00c4ef, 0x000000, 0x8fbce4, 0x8fbce5, 0x8fbce6, 0x8fbce7, 0x00ccef, 0x00b8b9,
    0x00b8cc, 0x8fbce8, 0x00d7b8, 0x000000, 0x8fbce9, 0x8fbcea, 0x00d7b9, 0x8fbceb, 0x00d7bf,
    0x8fbcec, 0x00bce5, 0x000000, 0x000000, 0x8fbced, 0x00c4a5, 0x8fbcee, 0x00b6af, 0x00d7ba,
    0x000000, 0x000000, 0x8fbcef, 0x00c9ab, 0x8fbcf0, 0x00c3c6, 0x8fbcf1, 0x8fbcf2, 0x00d7bb,
    0x000000, 0x000000, 0x8fbcf3, 0x8fbcf4, 0x000000, 0x8fbcf5, 0x00d7bc, 0x000000, 0x00b6b0,
    0x000000, 0x00d7bd, 0x8fbcf6, 0x00d7be, 0x000000, 0x8fbcf7, 0x00d7c0, 0x000000, 0x00c5f6,
    0x8fbcf8, 0x000000, 0x00d7c1, 0x00d7c2, 0x8fbcf9, 0x00d7c3, 0x000000, 0x8fbcfa, 0x00d7b4,
    0x00d7b3, 0x000000, 0x000000, 0x8fbcfb, 0x00d7c4, 0x00b7c1, 0x8fbcfc, 0x8fbcfd, 0x000000,
    0x00c9a7, 0x8fbcfe, 0x000000, 0x00bacc, 0x00c9b7, 0x00c4a6, 0x00c9cb, 0x00d7c5, 0x000000,
    0x8fbda1, 0x00beb4, 0x00b1c6, 0x8fbda2, 0x00d7c6, 0x8fbda3, 0x8fbda4, 0x000000, 0x00d7c7,
    0x8fbda5, 0x00ccf2, 0x8fbda6, 0x000000, 0x00c8e0, 0x8fbda7, 0x8fbda8, 0x00d7ca, 0x00b1fd,
    0x00c0ac, 0x00d7c9, 0x00d7c8, 0x00b7c2, 0x00c2d4, 0x000000, 0x00d7ce, 0x00d7cc, 0x8fbda9,
    0x00d7cb, 0x00cea7, 0x00b8e5, 0x8fbdaa, 0x000000, 0x8fbdab, 0x00bdf9, 0x00d7cd, 0x00c5cc,
    0x00bdbe, 0x000000, 0x000000, 0x8fbdac, 0x00c6c0, 0x00d7d1, 0x00d7d0, 0x000000, 0x000000,
    0x8fbdad, 0x8fbdae, 0x00d7cf, 0x000000, 0x00d7d2, 0x00b8e6, 0x8fbdaf, 0x000000, 0x8fbdb2,
    0x000000, 0x000000, 0x8fbdb0, 0x00d7d3, 0x00c9fc, 0x00bddb, 0x8fbdb1, 0x8fbdb3, 0x00d7d4,
    0x00c8f9, 0x8fbdb4, 0x8fbdb5, 0x8fbdb6, 0x000000, 0x00c6c1, 0x00c4a7, 0x000000, 0x000000,
    0x8ff4be, 0x8fbdb7, 0x00c5b0, 0x000000, 0x000000, 0x00d7d5, 0x00b5ab, 0x000000, 0x000000,
    0x000000, 0x00bfb4, 0x8fbdb8, 0x00c9ac, 0x000000, 0x8fbdb9, 0x8fbdba, 0x8fbdbb, 0x000000,
    0x8fbdbc, 0x00b4f7, 0x00c7a6, 0x000000, 0x000000, 0x8fbdbd, 0x8fbdbe, 0x8fbdbf, 0x8fbdc0,
    0x8fbdc1, 0x000000, 0x00d7d6, 0x00bbd6, 0x00cbba, 0x00cbbb, 0x000000, 0x000000, 0x00b1fe,
    0x00d7db, 0x8fbdc2, 0x000000, 0x00c3e9, 0x8fbdc3, 0x8fbdc4, 0x000000, 0x00d7d8, 0x000000,
    0x000000, 0x000000, 0x8fbdc5, 0x8fbdc6, 0x8fbdc7, 0x00b2f7, 0x8fbdc8, 0x8fbdc9, 0x8fbdca,
    0x8fbdcb, 0x00d8ad, 0x00d7da, 0x8fbdcc, 0x8fbdcd, 0x000000, 0x00c7b0, 0x8fbdce, 0x000000,
    0x00d7d9, 0x000000, 0x8fbdcf, 0x00d7d7, 0x8fbdd0, 0x00b9fa, 0x000000, 0x00d7dd, 0x000000,
    0x000000, 0x000000, 0x000000, 0x000000, 0x000000, 0x000000, 0x8fbdd1, 0x000000, 0x000000,
    0x8fbdd2, 0x000000, 0x000000, 0x8fbdd3, 0x00d7e3, 0x00d7e9, 0x00d7e1, 0x000000, 0x00c5dc,
    0x8fbdd4, 0x8fbdd5, 0x00d7e6, 0x00c9dd, 0x8fbdd6, 0x8fbdd7, 0x00d7e0, 0x8fbdd8, 0x00d7e5,
    0x00cee7, 0x00bbd7, 0x000000, 0x8fbdd9, 0x00c2d5, 0x00d7de, 0x000000, 0x000000, 0x8fbdda,
    0x00b5de, 0x00d7e8, 0x00c0ad, 0x00b1e5, 0x00d7e2, 0x00b2f8, 0x00d7e7, 0x000000, 0x8fbddb,
    0x000000, 0x00b6b1, 0x000000, 0x00d7e4, 0x000000, 0x8fbddc, 0x000000, 0x8fbddd, 0x000000,
    0x000000, 0x000000, 0x000000, 0x00d7ea, 0x000000, 0x000000, 0x000000, 0x000000, 0x000000,
    0x8fbdde, 0x00d7ec, 0x00d7f6, 0x00d7f4, 0x000000, 0x000000, 0x00d7f1, 0x8fbddf, 0x8fbde0,
    0x8fbde1, 0x00d7f0, 0x00cef8, 0x8fbde2, 0x00d7f2, 0x000000, 0x000000, 0x00b6b2, 0x8fbde3,
    0x00b9b1, 0x000000, 0x8fbde4, 0x00bdfa, 0x8fbde5, 0x8fbde6, 0x000000, 0x00d7f9, 0x00d7eb,
    0x000000, 0x000000, 0x8fbde7, 0x000000, 0x00d7ef, 0x00d7df, 0x8fbde8, 0x00b2fa, 0x00d7f3,
    0x00d7f5, 0x00c3d1, 0x000000, 0x8fbde9, 0x00baa8, 0x00b2b8, 0x00d7ed, 0x00d7f8, 0x00d7f7,
    0x00b6b3, 0x000000, 0x00c2a9, 0x00b3e6, 0x8fbdea, 0x000000, 0x000000, 0x000000, 0x00b7c3,
    0x000000, 0x00d7ee, 0x000000, 0x000000, 0x000000, 0x000000, 0x000000, 0x000000, 0x8fbdeb,
    0x8fbdec, 0x000000, 0x00d7fa, 0x8fbded, 0x00d7fd, 0x00d8a1, 0x8ff4bf, 0x8fbdee, 0x000000,
    0x8fbdef, 0x00bcbd, 0x8fbdf0, 0x00d8a7, 0x00c4f0, 0x00d7fb, 0x8fbdf1, 0x000000, 0x000000,
    0x8fbdf2, 0x00d8a5, 0x8fbdf3, 0x00b2f9, 0x8fbdf4, 0x00d8a3, 0x00d8a4, 0x8fbdf5, 0x000000,
    0x00d7fe, 0x00d8a2, 0x000000, 0x8fbdf6, 0x8fbdf7, 0x00b8e7, 0x00cdaa, 0x000000, 0x8fbdf8,
    0x00b4b5, 0x8fbdf9, 0x8fbdfa, 0x00b1d9, 0x00d8a6, 0x8fbdfb, 0x00c7ba, 0x00b0ad, 0x000000,
    0x000000, 0x000000, 0x000000, 0x000000, 0x8fbdfc, 0x8fbdfd, 0x00c8e1, 0x00d7dc, 0x00d8ac,
    0x00d8b0, 0x00cce5, 0x8fbdfe, 0x00d8a9, 0x000000, 0x000000, 0x8fbea1, 0x00c5e9, 0x00d8ae,
    0x8fbea2, 0x000000, 0x000000, 0x8fbea3, 0x000000, 0x8fbea4, 0x00bef0, 0x00d8af, 0x00c6d7,
    0x8fbea5, 0x8fbea6, 0x8fbea7, 0x8fbea8, 0x000000, 0x000000, 0x8fbea9, 0x8fbeaa, 0x000000,
    0x00cfc7, 0x000000, 0x00d8ab, 0x8fbeab, 0x8fbeac, 0x000000, 0x000000, 0x00d8b1, 0x8fbead,
    0x00b9fb, 0x8fbeae, 0x00c0cb, 0x8fbeaf, 0x8fbeb0, 0x00b0d4, 0x00d8aa, 0x00d8a8, 0x8fbeb1,
    0x00c1da, 0x000000, 0x8fbeb2, 0x000000, 0x00d7fc, 0x00bbb4, 0x000000, 0x000000, 0x000000,
    0x000000, 0x000000, 0x000000, 0x000000, 0x00c2c6, 0x00d8bd, 0x8fbeb3, 0x00c1db, 0x00d8b8,
    0x8fbeb4, 0x00d8b5, 0x00d8b6, 0x8fbeb5, 0x00bce6, 0x00d8b9, 0x00d8bc, 0x8fbeb6, 0x8fbeb7,
    0x000000, 0x000000, 0x00d8b7, 0x00bda5, 0x8fbeb8, 0x00d8ba, 0x000000, 0x000000, 0x00d8b4,
    0x8fbeb9, 0x00ccfc, 0x00ccfb, 0x8fbeba, 0x000000, 0x8fbebb, 0x00d8be, 0x00d8bf, 0x00b0d5,
    0x8fbebc, 0x8fbebd, 0x8fbebe, 0x8fbebf, 0x8fbec0, 0x00d8b3, 0x8fbec1, 0x8fbec2, 0x000000,
    0x8fbec3, 0x00b6f2, 0x00b0a6, 0x8fbec4, 0x000000, 0x8fbec5, 0x00b4b6, 0x8ff4c0, 0x00d8bb,
    0x8fbec6, 0x000000, 0x000000, 0x000000, 0x000000, 0x00d8c3, 0x00d8c2, 0x000000, 0x8fbec7,
    0x8fbec8, 0x00d8c7, 0x000000, 0x000000, 0x000000, 0x8fbec9, 0x8fbeca, 0x000000, 0x000000,
    0x00d8c8, 0x8fbecb, 0x8fbecc, 0x8fbecd, 0x000000, 0x8fbece, 0x000000, 0x000000, 0x00d8c6,
    0x00d8c9, 0x00d8c1, 0x00d8c5, 0x000000, 0x8fbecf, 0x00d8ca, 0x000000, 0x00d8cb, 0x8fbed0,
    0x8fbed1, 0x00d8c0, 0x00bbfc, 0x8fbed2, 0x00d8c4, 0x00c2d6, 0x00b9b2, 0x00d8b2, 0x00bfb5,
    0x000000, 0x000000, 0x000000, 0x000000, 0x00d8d8, 0x000000, 0x00cae9, 0x000000, 0x000000,
    0x00d8ce, 0x00d8cf, 0x00d8d0, 0x000000, 0x000000, 0x00d8d7, 0x8fbed3, 0x00d8d6, 0x8fbed4,
    0x000000, 0x00cbfd, 0x00b4b7, 0x000000, 0x00d8d4, 0x000000, 0x00b7c5, 0x00b3b4, 0x000000,
    0x000000, 0x00d8d1, 0x8fbed5, 0x000000, 0x00ceb8, 0x00d8d3, 0x00b0d6, 0x00d8d5, 0x8fbed6,
    0x00d8cc, 0x00d8d2, 0x00d8d9, 0x00b7c4, 0x00d8cd, 0x8fbed7, 0x000000, 0x000000, 0x8fbed8,
    0x8fbed9, 0x000000, 0x00cddd, 0x8fbeda, 0x8fbedb, 0x8fbedc, 0x00cdab, 0x8fbedd, 0x8fbede,
    0x000000, 0x000000, 0x00d8dc, 0x000000, 0x000000, 0x00d8e0, 0x8fbedf, 0x000000, 0x8fbee0,
    0x00c1fe, 0x000000, 0x00cef9, 0x00d8e1, 0x8fbee1, 0x8fbee2, 0x00d8de, 0x000000, 0x00d8db,
    0x8fbee3, 0x8fbee4, 0x00d8da, 0x00d8df, 0x000000, 0x8fbee5, 0x8fbee6, 0x000000, 0x8fbee7,
    0x8fbee8, 0x000000, 0x000000, 0x000000, 0x00cab0, 0x8fbee9, 0x000000, 0x00c6b4, 0x8fbeea,
    0x00b7c6, 0x8fbeeb, 0x00d8e2, 0x00d8dd, 0x8fbeec, 0x00d8e3, 0x000000, 0x000000, 0x000000,
    0x00b7fb, 0x000000, 0x000000, 0x000000, 0x00b2b1, 0x000000, 0x8fbeed, 0x8fbeee, 0x00d8eb,
    0x000000, 0x8fbeef, 0x000000, 0x00b4b8, 0x000000, 0x8fbef0, 0x8fbef1, 0x8fbef2, 0x00d8e9,
    0x000000, 0x000000, 0x00d8ea, 0x00baa9, 0x00d8e8, 0x00d8e6, 0x00d8e5, 0x00d8ec, 0x00d8e4,
    0x00d8ee, 0x8fbef3, 0x8fbef4, 0x00b2fb, 0x000000, 0x000000, 0x000000, 0x000000, 0x8fbef5,
    0x000000, 0x000000, 0x000000, 0x000000, 0x000000, 0x000000, 0x8fbef6, 0x8fbef7, 0x8fbef8,
    0x8fbef9, 0x000000, 0x8fbefa, 0x8fbefb, 0x00d8f0, 0x000000, 0x8fbefe, 0x00d8ef, 0x8fbefc,
    0x000000, 0x8fbefd, 0x000000, 0x000000, 0x8fbfa1, 0x8fbfa2, 0x000000, 0x8fbfa3, 0x000000,
    0x000000, 0x00c4a8, 0x000000, 0x00d8f3, 0x000000, 0x00d8f1, 0x00d8e7, 0x00b7fc, 0x000000,
    0x00d8f2, 0x000000, 0x00d8f6, 0x00d8f5, 0x00d8f7, 0x00d8f4, 0x00d8f8, 0x8fbfa4, 0x000000,
    0x8fbfa5, 0x8fbfa6, 0x000000, 0x000000, 0x8fbfa7, 0x00d8f9, 0x00d8fa, 0x00caea, 0x000000,
    0x00d8fc, 0x00d8fb, 0x00bdbf, 0x000000, 0x00c0ae, 0x00b2e6, 0x00b2fc, 0x8fbfa8, 0x00d8fd,
    0x8fbfa9, 0x00b0bf, 0x000000, 0x000000, 0x000000, 0x00c0cc, 0x00d8fe, 0x8fbfaa, 0x00ecc3,
    0x00d9a1, 0x00b7e1, 0x8fbfab, 0x00d9a2, 0x8fbfac, 0x8fbfad, 0x000000, 0x000000, 0x00c0ef,
    0x8fbfae, 0x000000, 0x8fbfaf, 0x00d9a3, 0x8fbfb0, 0x000000, 0x000000, 0x00d9a4, 0x00b5ba,
    0x00d9a5, 0x000000, 0x00d9a6, 0x00d9a7, 0x00c2d7, 0x000000, 0x000000, 0x000000, 0x00b8cd,
    0x8fbfb1, 0x000000, 0x00cce1, 0x000000, 0x8fbfb2, 0x000000, 0x00cbbc, 0x00bdea, 0x00d9a8,
    0x8fbfb3, 0x8fbfb4, 0x8fbfb5, 0x000000, 0x8fbfb6, 0x00c0f0, 0x00eebd, 0x00c8e2, 0x000000,
    0x00bcea, 0x8fbfb7, 0x00bacd, 0x00d9a9, 0x000000, 0x8fbfb8, 0x8fbfb9, 0x8fbfba, 0x00c2c7,
    0x8fbfbb, 0x00caa7, 0x8fbfbc, 0x000000, 0x00c2f1, 0x000000, 0x8fbfbd, 0x00d9ac, 0x8fbfbe,
    0x000000, 0x00d9aa, 0x000000, 0x00d9ad, 0x000000, 0x000000, 0x00d9ab, 0x8fbfbf, 0x000000,
    0x000000, 0x000000, 0x00d9ae, 0x000000, 0x000000, 0x000000, 0x000000, 0x8fbfc0, 0x00cab1,
    0x8fbfc1, 0x000000, 0x00b0b7, 0x000000, 0x8fbfc2, 0x000000, 0x000000, 0x00c9de, 0x000000,
    0x000000, 0x00c8e3, 0x8fbfc3, 0x000000, 0x00d9af, 0x8fbfc4, 0x00d9b2, 0x00beb5, 0x00b5bb,
    0x000000, 0x00d9b0, 0x00d9b7, 0x00beb6, 0x000000, 0x000000, 0x000000, 0x000000, 0x00d9b1,
    0x00c7c4, 0x000000, 0x000000, 0x8fbfc5, 0x8fbfc6, 0x8fbfc7, 0x8fbfc8, 0x00cdde, 0x00d9b3,
    0x00d9b4, 0x00d9b8, 0x00c5ea, 0x00d9b5, 0x00b9b3, 0x00c0de, 0x000000, 0x000000, 0x00d9c6,
    0x00c8b4, 0x000000, 0x00c2f2, 0x000000, 0x000000, 0x000000, 0x000000, 0x000000, 0x000000,
    0x000000, 0x8fbfc9, 0x000000, 0x8fbfca, 0x000000, 0x000000, 0x00c8e4, 0x00daad, 0x000000,
    0x000000, 0x000000, 0x000000, 0x00cafa, 0x000000, 0x8fbfcb, 0x000000, 0x00c4f1, 0x8fbfcc,
    0x8fbfcd, 0x000000, 0x00cbf5, 0x8fbfce, 0x00d9bb, 0x00b2a1, 0x00c3ea, 0x8fbfcf, 0x8fbfd0,
    0x000000, 0x000000, 0x00d9c4, 0x000000, 0x8fbfd1, 0x00c3b4, 0x00d9be, 0x00d9c5, 0x00d9c0,
    0x00d9c7, 0x00d9c3, 0x000000, 0x00d9c2, 0x00c7ef, 0x8fbfd2, 0x00d9bc, 0x00b2fd, 0x00d9ba,
    0x00b5f1, 0x00c2f3, 0x00d9b6, 0x8fbfd3, 0x8fbfd4, 0x00d9b9, 0x00b9b4, 0x00c0db, 0x8fbfd5,
    0x00beb7, 0x00d9c1, 0x00c7d2, 0x000000, 0x000000, 0x00b5f2, 0x00b3c8, 0x000000, 0x000000,
    0x000000, 0x000000, 0x000000, 0x000000, 0x000000, 0x000000, 0x8fbfd6, 0x000000, 0x00b3e7,
    0x00bfa1, 0x00d9c9, 0x00d9ce, 0x000000, 0x00d9ca, 0x8fbfd7, 0x00b7fd, 0x8fbfd8, 0x00d9cf,
    0x00bba2, 0x00b9e9, 0x000000, 0x000000, 0x000000, 0x000000, 0x8fbfd9, 0x8fbfda, 0x00bda6,
    0x00d9bd, 0x000000, 0x00bbfd, 0x00d9cc, 0x8fbfdb, 0x8fbfdc, 0x000000, 0x000000, 0x00bbd8,
    0x00d9cd, 0x00b0c4, 0x8fbfdd, 0x8fbfde, 0x00d9c8, 0x8fbfdf, 0x000000, 0x000000, 0x8fbfe0,
    0x00c4a9, 0x000000, 0x8fbfe1, 0x000000, 0x000000, 0x8fbfe2, 0x000000, 0x8fbfe3, 0x00b5f3,
    0x000000, 0x000000, 0x000000, 0x000000, 0x000000, 0x00b6b4, 0x000000, 0x000000, 0x000000,
    0x000000, 0x000000, 0x000000, 0x000000, 0x00d9cb, 0x00b0a7, 0x8fbfe4, 0x8fbfe5, 0x00bac3,
    0x000000, 0x8fbfe6, 0x000000, 0x00bfb6, 0x000000, 0x000000, 0x000000, 0x000000, 0x000000,
    0x8fbfe7, 0x8fbfe8, 0x000000, 0x000000, 0x8fbfe9, 0x00c4f2, 0x000000, 0x8fbfea, 0x00c8d4,
    0x00d9d1, 0x00c1de, 0x000000, 0x8fbfeb, 0x8fbfec, 0x8fbfed, 0x8fbfee, 0x000000, 0x8fbfef,
    0x000000, 0x000000, 0x00c2aa, 0x8fbff0, 0x8fbff1, 0x00bbab, 0x00d9d2, 0x8fbff2, 0x00d9d4,
    0x00d9d0, 0x000000, 0x8fbff3, 0x8fbff4, 0x8fbff5, 0x00cae1, 0x000000, 0x00c4bd, 0x8fbff6,
    0x000000, 0x000000, 0x8fbff7, 0x00c1dc, 0x000000, 0x000000, 0x000000, 0x000000, 0x000000,
    0x000000, 0x000000, 0x000000, 0x8fbff8, 0x8fbff9, 0x00cafb, 0x00bcce, 0x00d9e0, 0x000000,
    0x00d9df, 0x8fbffa, 0x8fbffb, 0x00bff8, 0x000000, 0x000000, 0x8fbffc, 0x00b7fe, 0x000000,
    0x8fbffd, 0x8fbffe, 0x00d9d9, 0x00beb9, 0x8fc0a1, 0x000000, 0x00c6e8, 0x00c7b1, 0x8fc0a2,
    0x8fc0a3, 0x000000, 0x8fc0a4, 0x00d9d7, 0x000000, 0x8fc0a5, 0x00c1dd, 0x8fc0a6, 0x000000,
    0x000000, 0x8fc0a7, 0x00bcf8, 0x00d9dc, 0x8fc0a8, 0x000000, 0x00beb8, 0x000000, 0x00d9d6,
    0x00d9db, 0x8fc0a9, 0x000000, 0x00c7d3, 0x000000, 0x8fc0aa, 0x8fc0ab, 0x00d9d5, 0x000000,
    0x00b7a1, 0x8fc0ac, 0x8fc0ad, 0x00b3dd, 0x000000, 0x000000, 0x8fc0ae, 0x00d9dd, 0x00ceab,
    0x00bace, 0x00c3b5, 0x00d9da, 0x8fc0af, 0x00c0dc, 0x8fc0b0, 0x00b9b5, 0x00bfe4, 0x00b1e6,
    0x00c1bc, 0x00d9d8, 0x00b5c5, 0x8fc0b1, 0x8fc0b2, 0x8fc0b3, 0x000000, 0x000000, 0x00b7c7,
    0x000000, 0x00c4cf, 0x00d9de, 0x000000, 0x000000, 0x000000, 0x000000, 0x000000, 0x00c1df,
    0x000000, 0x8fc0b4, 0x00d9e1, 0x000000, 0x00d9e3, 0x8fc0b5, 0x000000, 0x00c2b7, 0x00d9e9,
    0x8fc0b6, 0x00d9e4, 0x000000, 0x8fc0b7, 0x00d9e6, 0x000000, 0x000000, 0x000000, 0x000000,
    0x8fc0b8, 0x00c9c1, 0x00c4f3, 0x8fc0b9, 0x00d9e7, 0x8fc0ba, 0x8fc0bb, 0x8fc0bc, 0x00cdac,
    0x000000, 0x000000, 0x000000, 0x00cdc8, 0x00b4b9, 0x8fc0bd, 0x000000, 0x000000, 0x000000,
    0x8fc0be, 0x00b0ae, 0x000000, 0x00d9e5, 0x000000, 0x8fc0bf, 0x000000, 0x000000, 0x000000,
    0x00d9e2, 0x8fc0c0, 0x000000, 0x8fc0c1, 0x000000, 0x00b4f8, 0x000000, 0x000000, 0x000000,
    0x8fc0c2, 0x8fc0c3, 0x00b1e7, 0x8fc0c4, 0x00d9e8, 0x000000, 0x8fc0c5, 0x8fc0c6, 0x00cdc9,
    0x000000, 0x000000, 0x000000, 0x000000, 0x000000, 0x000000, 0x00d9ec, 0x000000, 0x000000,
    0x8fc0c7, 0x8fc0c8, 0x000000, 0x000000, 0x00c2bb, 0x000000, 0x00d9f3, 0x8fc0c9, 0x000000,
    0x8fc0ca, 0x00d9ed, 0x8fc0cb, 0x000000, 0x00d9ea, 0x00d9f1, 0x8fc0cc, 0x000000, 0x000000,
    0x000000, 0x00d9d3, 0x000000, 0x8fc0cd, 0x000000, 0x8fc0ce, 0x000000, 0x8fc0cf, 0x000000,
    0x8fc0d0, 0x8fc0d1, 0x00d9ee, 0x000000, 0x00d9f2, 0x8fc0d2, 0x8fc0d3, 0x000000, 0x00c8c2,
    0x00c5eb, 0x000000, 0x8fc0d4, 0x8fc0d5, 0x000000, 0x000000, 0x000000, 0x00d9eb, 0x8fc0d6,
    0x00d9ef, 0x000000, 0x000000, 0x000000, 0x00b7c8, 0x000000, 0x000000, 0x8fc0d7, 0x00baf1,
    0x8fc0d8, 0x000000, 0x000000, 0x00c0dd, 0x000000, 0x000000, 0x000000, 0x000000, 0x000000,
    0x000000, 0x000000, 0x000000, 0x8fc0d9, 0x000000, 0x000000, 0x00d9f7, 0x8fc0da, 0x000000,
    0x8fc0db, 0x8fc0dc, 0x8fc0dd, 0x8fc0de, 0x000000, 0x000000, 0x000000, 0x00c5a6, 0x000000,
    0x8fc0df, 0x8fc0e0, 0x8fc0e1, 0x8fc0e2, 0x000000, 0x8fc0e3, 0x8fc0e4, 0x8fc0e5, 0x000000,
    0x8fc0e6, 0x000000, 0x000000, 0x000000, 0x00d9f4, 0x000000, 0x00cbe0, 0x000000, 0x000000,
    0x000000, 0x8fc0e7, 0x000000, 0x00d9f5, 0x000000, 0x000000, 0x000000, 0x8fc0e8, 0x8fc0e9,
    0x000000, 0x00d9f6, 0x000000, 0x00ccce, 0x000000, 0x00c0a2, 0x8fc0ea, 0x000000, 0x8fc0eb,
    0x000000, 0x000000, 0x000000, 0x00b7e2, 0x000000, 0x8fc0ec, 0x000000, 0x8fc0ed, 0x00d9fd,
    0x000000, 0x000000, 0x000000, 0x000000, 0x000000, 0x000000, 0x8fc0ee, 0x8fc0ef, 0x8fc0f0,
    0x00bbb5, 0x00d9fa, 0x000000, 0x00d9f9, 0x000000, 0x000000, 0x8fc0f1, 0x8fc0f2, 0x00c7b2,
    0x8fc0f3, 0x000000, 0x8fc0f4, 0x00c6b5, 0x8fc0f5, 0x000000, 0x8fc0f6, 0x000000, 0x8fc0f7,
    0x00c5b1, 0x00d9fb, 0x8fc0f8, 0x000000, 0x8fc0f9, 0x00d9fc, 0x000000, 0x00c9ef, 0x8fc0fa,
    0x00c7c5, 0x00bba3, 0x000000, 0x00c0f1, 0x000000, 0x00cbd0, 0x8fc0fb, 0x000000, 0x000000,
    0x000000, 0x000000, 0x000000, 0x00b3c9, 0x000000, 0x00daa5, 0x00d9fe, 0x8fc0fc, 0x8fc0fd,
    0x8fc0fe, 0x000000, 0x00cdca, 0x00daa7, 0x000000, 0x8fc1a1, 0x00daa3, 0x000000, 0x00daa4,
    0x000000, 0x8fc1a2, 0x8fc1a3, 0x8fc1a4, 0x8fc1a5, 0x00c1e0, 0x8fc1a6, 0x000000, 0x8fc1a7,
    0x8fc1a8, 0x00daa2, 0x000000, 0x00d9bf, 0x8fc1a9, 0x000000, 0x8fc1aa, 0x00daa6, 0x000000,
    0x00daa1, 0x000000, 0x000000, 0x000000, 0x000000, 0x000000, 0x00daab, 0x00daac, 0x00c5a7,
    0x00daae, 0x8fc1ab, 0x8fc1ac, 0x00bba4, 0x00daa9, 0x000000, 0x8fc1ad, 0x8fc1ae, 0x000000,
    0x00b5bc, 0x8fc1af, 0x000000, 0x00daaf, 0x8fc1b0, 0x00daa8, 0x00dab3, 0x000000, 0x00dab2,
    0x8fc1b1, 0x00dab1, 0x8fc1b2, 0x000000, 0x000000, 0x00dab4, 0x8fc1b3, 0x000000, 0x00dab6,
    0x00bef1, 0x8fc1b4, 0x00dab5, 0x8fc1b5, 0x000000, 0x000000, 0x8fc1b6, 0x00dab9, 0x000000,
    0x000000, 0x8fc1b7, 0x8fc1b8, 0x8fc1b9, 0x000000, 0x000000, 0x000000, 0x000000, 0x8fc1ba,
    0x000000, 0x000000, 0x000000, 0x8fc1bb, 0x8fc1bc, 0x000000, 0x8fc1bd, 0x000000, 0x00dab7,
    0x8fc1be, 0x000000, 0x8fc1bf, 0x00dab8, 0x00d9f0, 0x8fc1c0, 0x8fc1c1, 0x000000, 0x000000,
    0x8fc1c2, 0x00dabb, 0x00daba, 0x000000, 0x8fc1c3, 0x000000, 0x000000, 0x8fc1c4, 0x00d9f8,
    0x00dabc, 0x00dab0, 0x000000, 0x8fc1c5, 0x00bbd9, 0x000000, 0x8fc1c6, 0x000000, 0x000000,
    0x00dabd, 0x00dabe, 0x00dac0, 0x00dabf, 0x00dac1, 0x00b2fe, 0x8fc1c7, 0x00b9b6, 0x8fc1c8,
    0x8fc1c9, 0x00cafc, 0x00c0af, 0x000000, 0x000000, 0x000000, 0x8fc1ca, 0x000000, 0x00b8ce,
    0x000000, 0x8fc1cb, 0x00dac3, 0x8fc1cc, 0x000000, 0x000000, 0x000000, 0x00dac6, 0x8ff4c1,
    0x00c9d2, 0x8fc1cd, 0x00b5df, 0x8fc1ce, 0x000000, 0x8fc1cf, 0x00dac5, 0x00dac4, 0x00c7d4,
    0x00dac7, 0x00b6b5, 0x000000, 0x000000, 0x000000, 0x00dac9, 0x00dac8, 0x8fc1d0, 0x8fc1d1,
    0x000000, 0x00b4ba, 0x00bbb6, 0x000000, 0x000000, 0x00c6d8, 0x8fc1d2, 0x000000, 0x000000,
    0x000000, 0x8fc1d3, 0x00b7c9, 0x000000, 0x000000, 0x000000, 0x00bff4, 0x000000, 0x00daca,
    0x000000, 0x00c0b0, 0x00c5a8, 0x000000, 0x00c9df, 0x00dacb, 0x000000, 0x8fc1d4, 0x000000,
    0x000000, 0x8fc1d5, 0x000000, 0x000000, 0x8fc1d6, 0x00dacc, 0x00dacd, 0x000000, 0x8fc1d7,
    0x000000, 0x00cab8, 0x00d5dd, 0x00c0c6, 0x8fc1d8, 0x000000, 0x00c9cc, 0x000000, 0x00bad8,
    0x000000, 0x00c8e5, 0x00c8c3, 0x8fc1d9, 0x000000, 0x000000, 0x8fc1da, 0x000000, 0x00c5cd,
    0x8fc1db, 0x00cec1, 0x000000, 0x00dacf, 0x00bcd0, 0x8fc1dc, 0x000000, 0x00dad0, 0x8fc1dd,
    0x00b0b6, 0x000000, 0x8fc1de, 0x00b6d4, 0x00c0cd, 0x8fc1df, 0x00c9e0, 0x000000, 0x000000,
    0x000000, 0x00dad1, 0x00bbc2, 0x00c3c7, 0x8fc1e0, 0x00bbdb, 0x00bfb7, 0x000000, 0x8fc1e1,
    0x8fc1e2, 0x8fc1e3, 0x000000, 0x000000, 0x00dad2, 0x000000, 0x00cafd, 0x000000, 0x000000,
    0x00b1f7, 0x00bbdc, 0x000000, 0x8fc1e4, 0x000000, 0x00dad5, 0x8fc1e5, 0x00dad3, 0x00dad6,
    0x00ceb9, 0x00dad4, 0x000000, 0x8fc1e6, 0x8fc1e7, 0x000000, 0x00c0fb, 0x00dad7, 0x000000,
    0x8fc1e8, 0x00c2b2, 0x8fc1e9, 0x000000, 0x00dad8, 0x000000, 0x8fc1ea, 0x000000, 0x8fc1eb,
    0x00b4fa, 0x8fc1ec, 0x00dada, 0x000000, 0x00dad9, 0x000000, 0x000000, 0x000000, 0x8fc1ed,
    0x00dadb, 0x00dadc, 0x00b4fb, 0x000000, 0x000000, 0x00c6fc, 0x00c3b6, 0x00b5ec, 0x00bbdd,
    0x00c1e1, 0x000000, 0x000000, 0x00bddc, 0x00b0b0, 0x000000, 0x000000, 0x8fc1ee, 0x00dadd,
    0x8fc1ef, 0x000000, 0x8fc1f0, 0x8fc1f1, 0x000000, 0x000000, 0x000000, 0x8fc1f2, 0x00b2a2,
    0x00dae1, 0x000000, 0x000000, 0x8fc1f3, 0x8fc1f4, 0x8fc1f5, 0x000000, 0x00b9b7, 0x00dae0,
    0x8fc1f6, 0x000000, 0x00baab, 0x00beba, 0x8fc1f7, 0x8fc1f8, 0x00dadf, 0x000000, 0x00bebb,
    0x8fc1f9, 0x00ccc0, 0x00baaa, 0x000000, 0x8fc1fa, 0x8fc1fb, 0x00b0d7, 0x00c0ce, 0x8fc1fc,
    0x8fc1fd, 0x000000, 0x000000, 0x000000, 0x000000, 0x000000, 0x00dae6, 0x8fc1fe, 0x8fc2a1,
    0x00c0b1, 0x00b1c7, 0x8fc2a2, 0x8fc2a3, 0x8fc2a4, 0x8fc2a5, 0x00bdd5, 0x8fc2a6, 0x00cbe6,
    0x00baf2, 0x8fc2a7, 0x8fc2a8, 0x8fc2a9, 0x8fc2aa, 0x00bebc, 0x8fc2ab, 0x00c0a7, 0x8fc2ac,
    0x8fc2ad, 0x000000, 0x8fc2ae, 0x00dae5, 0x00dae3, 0x00dae4, 0x8fc2b0, 0x000000, 0x8fc2af,
    0x000000, 0x8ff4c2, 0x00c3eb, 0x000000, 0x000000, 0x00dba6, 0x8fc2b1, 0x00daea, 0x00bbfe,
    0x00b9b8, 0x00dae8, 0x8fc2b2, 0x8fc2b3, 0x000000, 0x000000, 0x00dae9, 0x8fc2b4, 0x00bfb8,
    0x8fc2b5, 0x000000, 0x8fc2b7, 0x00dae7, 0x000000, 0x8fc2b6, 0x00bbaf, 0x000000, 0x000000,
    0x000000, 0x000000, 0x8fc2b8, 0x8fc2b9, 0x8fc2ba, 0x000000, 0x8fc2bb, 0x8fc2bc, 0x00daec,
    0x00daeb, 0x00daf0, 0x8fc2bd, 0x8fc2be, 0x00daf1, 0x000000, 0x00daed, 0x8ff4c3, 0x00b3a2,
    0x00daee, 0x00daef, 0x00c8d5, 0x8fc2c0, 0x8fc2c1, 0x8fc2c2, 0x000000, 0x00c9e1, 0x00b7ca,
    0x00daf2, 0x000000, 0x000000, 0x8fc2c4, 0x00c0b2, 0x8fc2c5, 0x00bebd, 0x8fc2c7, 0x8fc2c8,
    0x8fc2c9, 0x00c3d2, 0x8fc2ca, 0x8fc2cc, 0x000000, 0x8fc2c3, 0x8fc2c6, 0x8fc2cb, 0x00b6c7,
    0x000000, 0x00daf3, 0x00daf7, 0x000000, 0x000000, 0x00b2cb, 0x00daf4, 0x00daf6, 0x000000,
    0x8fc2cd, 0x8fc2ce, 0x8fc2cf, 0x00daf5, 0x000000, 0x8fc2d0, 0x00bdeb, 0x8fc2d1, 0x000000,
    0x000000, 0x000000, 0x00c3c8, 0x00b0c5, 0x00daf8, 0x8fc2d2, 0x8fc2d3, 0x8fc2d4, 0x8fc2d5,
    0x00daf9, 0x000000, 0x8fc2d6, 0x8fc2d7, 0x000000, 0x00c4aa, 0x000000, 0x8fc2d8, 0x000000,
    0x00cef1, 0x000000, 0x000000, 0x000000, 0x000000, 0x00bbc3, 0x000000, 0x8fc2d9, 0x00caeb,
    0x000000, 0x000000, 0x8fc2da, 0x8fc2db, 0x000000, 0x00cbbd, 0x8fc2dc, 0x000000, 0x000000,
    0x00dba2, 0x00dafb, 0x000000, 0x8fc2dd, 0x00dafe, 0x000000, 0x00dafd, 0x8fc2de, 0x8fc2df,
    0x00dafa, 0x8fc2e0, 0x8fc2e1, 0x00dba1, 0x000000, 0x000000, 0x00c6de, 0x8fc2e2, 0x00dafc,
    0x000000, 0x000000, 0x8fc2e3, 0x000000, 0x8fc2e4, 0x8fc2e5, 0x000000, 0x000000, 0x000000,
    0x000000, 0x8fc2e6, 0x000000, 0x00dba3, 0x000000, 0x000000, 0x00bdec, 0x00dba4, 0x8fc2e7,
    0x00cdcb, 0x00c7f8, 0x000000, 0x8fc2e8, 0x00dba5, 0x000000, 0x000000, 0x000000, 0x000000,
    0x000000, 0x00dba7, 0x000000, 0x8fc2e9, 0x00dba8, 0x000000, 0x8fc2ea, 0x8fc2eb, 0x000000,
    0x8fc2ec, 0x000000, 0x00dba9, 0x000000, 0x00b6ca, 0x00b1c8, 0x00b9b9, 0x00dbaa, 0x000000,
    0x00dbab, 0x00bdf1, 0x00c1e2, 0x8fc2ed, 0x8fc2bf, 0x00d2d8, 0x00c1be, 0x00c1bd, 0x00c2d8,
    0x00bac7, 0x000000, 0x000000, 0x00d0f2, 0x000000, 0x8fc2ee, 0x000000, 0x8fc2ef, 0x00b7ee,
    0x00cdad, 0x000000, 0x00cafe, 0x000000, 0x00c9fe, 0x8fc2f0, 0x00dbac, 0x000000, 0x000000,
    0x000000, 0x8fc2f1, 0x00baf3, 0x00c4bf, 0x00dbad, 0x00cfaf, 0x000000, 0x8fc2f2, 0x000000,
    0x00cbbe, 0x8fc2f3, 0x00c4ab, 0x00dbae, 0x00b4fc, 0x8fc2f4, 0x000000, 0x8fc2f5, 0x000000,
    0x000000, 0x000000, 0x00dbaf, 0x00dbb0, 0x00ccda, 0x000000, 0x00cca4, 0x00cbf6, 0x00cbdc,
    0x00bba5, 0x00dbb2, 0x000000, 0x000000, 0x00bceb, 0x000000, 0x8fc2f6, 0x00cbd1, 0x000000,
    0x00dbb4, 0x00dbb7, 0x00dbb6, 0x000000, 0x00b4f9, 0x000000, 0x000000, 0x00b5e0, 0x8fc2f7,
    0x00dbb3, 0x000000, 0x00dbb5, 0x000000, 0x000000, 0x000000, 0x8fc2f8, 0x00dbb8, 0x8fc2f9,
    0x8fc2fa, 0x00bff9, 0x000000, 0x000000, 0x8fc2fb, 0x000000, 0x00cdfb, 0x00b0c9, 0x00bae0,
    0x00c2bc, 0x000000, 0x00bcdd, 0x8fc2fc, 0x8fc2fd, 0x00bef3, 0x000000, 0x000000, 0x00dbbb,
    0x000000, 0x000000, 0x00c5ce, 0x8fc2fe, 0x00dbb9, 0x00c2ab, 0x00dbba, 0x00bef2, 0x00ccdd,
    0x00dbbc, 0x00dbbd, 0x00cde8, 0x8fc3a1, 0x000000, 0x000000, 0x000000, 0x00dbc2, 0x000000,
    0x8fc3a2, 0x00b9ba, 0x8fc3a3, 0x00c7d5, 0x00dbbf, 0x00c5ec, 0x00dade, 0x00dae2, 0x8fc3a4,
    0x00b5cf, 0x8fc3a5, 0x00c7c7, 0x000000, 0x000000, 0x000000, 0x8fc3a6, 0x00dbc1, 0x000000,
    0x00bebe, 0x00c8c4, 0x000000, 0x8fc3a7, 0x000000, 0x000000, 0x8fc3a8, 0x00dbc7, 0x000000,
    0x00c8fa, 0x000000, 0x00dbbe, 0x000000, 0x00dbc4, 0x00dbc3, 0x000000, 0x8fc3a9, 0x8fc3aa,
    0x00c0cf, 0x8fc3ab, 0x000000, 0x8fc3ac, 0x000000, 0x00cbed, 0x8fc3ad, 0x00ced3, 0x8fc3ae,
    0x8fc3af, 0x00cbe7, 0x8fc3b0, 0x00b2cc, 0x00bbde, 0x000000, 0x000000, 0x00cfc8, 0x00dbc6,
    0x00bff5, 0x000000, 0x000000, 0x000000, 0x00dbc5, 0x000000, 0x000000, 0x00dbc0, 0x000000,
    0x000000, 0x000000, 0x000000, 0x000000, 0x00b8cf, 0x8fc3b1, 0x8fc3b2, 0x8fc3b3, 0x00dbcc,
    0x00dbca, 0x8fc3b4, 0x00b2cd, 0x00dbc8, 0x00dbce, 0x00dbd4, 0x000000, 0x8fc3b5, 0x8fc3b6,
    0x8fc3b7, 0x000000, 0x000000, 0x8fc3b9, 0x00c2c8, 0x8fc3ba, 0x8fc3bb, 0x00cac1, 0x8fc3bc,
    0x00dbd6, 0x000000, 0x8fc3bd, 0x8fc3be, 0x00c9a2, 0x000000, 0x000000, 0x000000, 0x00dbd5,
    0x00c7f0, 0x00cbbf, 0x00b4bb, 0x8fc3bf, 0x00c0f7, 0x00bdc0, 0x000000, 0x000000, 0x8fc3c0,
    0x00c4d3, 0x8fc3c1, 0x00cdae, 0x000000, 0x8fc3c2, 0x00dbd1, 0x00dbd0, 0x000000, 0x000000,
    0x8fc3c3, 0x00dbd2, 0x000000, 0x00dbcf, 0x000000, 0x8fc3c4, 0x00dbd7, 0x000000, 0x00dbcd,
    0x000000, 0x000000, 0x00dbcb, 0x000000, 0x00dbd3, 0x00dbc9, 0x8fc3c5, 0x00c3ec, 0x8fc3c6,
    0x00ccf8, 0x00bcc6, 0x00baf4, 0x8fc3c7, 0x8fc3c8, 0x000000, 0x8fc3b8, 0x000000, 0x00baba,
    0x000000, 0x000000, 0x00cbef, 0x00b3c1, 0x000000, 0x8ff4c6, 0x00c4ce, 0x00c6ca, 0x00b1c9,
    0x000000, 0x000000, 0x000000, 0x000000, 0x000000, 0x000000, 0x000000, 0x000000, 0x000000,
    0x000000, 0x000000, 0x000000, 0x000000, 0x000000, 0x00c0f2, 0x8fc3ca, 0x000000, 0x00c0b4,
    0x00b7aa, 0x000000, 0x8fc3cb, 0x000000, 0x000000, 0x000000, 0x8fc3cc, 0x00dbd9, 0x8fc3cd,
    0x000000, 0x00b9bb, 0x00b3fc, 0x000000, 0x000000, 0x000000, 0x000000, 0x8fc3cf, 0x8fc3ce,
    0x00dbdb, 0x00b3f4, 0x00dbe1, 0x8fc3d0, 0x8fc3d1, 0x000000, 0x8fc3d2, 0x8fc3d3, 0x8fc3d4,
    0x00dbde, 0x8fc3d5, 0x00c0f3, 0x000000, 0x000000, 0x000000, 0x00b3cb, 0x00baac, 0x000000,
    0x8fc3d6, 0x00b3ca, 0x00bacf, 0x000000, 0x8fc3d7, 0x00dbdc, 0x00b7e5, 0x00b7cb, 0x00c5ed,
    0x8fc3d8, 0x8fc3d9, 0x00dbda, 0x000000, 0x00b0c6, 0x000000, 0x8fc3da, 0x000000, 0x8fc3db,
    0x00dbdd, 0x00dbdf, 0x000000, 0x00b6cd, 0x00b7ac, 0x8fc3c9, 0x00b4bc, 0x00b5cb, 0x8fc3dc,
    0x000000, 0x8fc3dd, 0x8fc3de, 0x00dbe2, 0x000000, 0x8fc3df, 0x00baf9, 0x00cbf1, 0x000000,
    0x00bbb7, 0x000000, 0x000000, 0x000000, 0x00dbe3, 0x000000, 0x000000, 0x000000, 0x00c9b0,
    0x000000, 0x000000, 0x000000, 0x8fc3e0, 0x000000, 0x000000, 0x8fc3e1, 0x8fc3e2, 0x8fc3e3,
    0x8fc3e4, 0x8fc3e5, 0x000000, 0x00dbef, 0x8fc3e6, 0x00b2b3, 0x00dbe4, 0x000000, 0x8fc3e7,
    0x8fc3e8, 0x8fc3e9, 0x8fc3ea, 0x000000, 0x00dbf5, 0x00dbe5, 0x000000, 0x00cec2, 0x8fc3eb,
    0x00dbec, 0x8fc3ec, 0x00c7df, 0x8fc3ed, 0x000000, 0x8fc3ee, 0x000000, 0x000000, 0x000000,
    0x000000, 0x00dbf4, 0x000000, 0x00dbe7, 0x000000, 0x000000, 0x000000, 0x00b0b4, 0x00dbe9,
    0x000000, 0x8fc3ef, 0x00b9bc, 0x8fc3f0, 0x000000, 0x8fc3f1, 0x00dbeb, 0x8fc3f2, 0x00dbea,
    0x000000, 0x00dbe6, 0x00dbf1, 0x8fc3f3, 0x00bebf, 0x8fc3f4, 0x000000, 0x8fc3f5, 0x00d4ed,
    0x00b8e8, 0x00cdfc, 0x8fc3f6, 0x8fc3f7, 0x000000, 0x000000, 0x00dbe8, 0x8fc3f8, 0x00c4f4,
    0x00b3a3, 0x00baad, 0x8fc3f9, 0x00dbe0, 0x000000, 0x00dbf0, 0x00b3e1, 0x000000, 0x000000,
    0x00dbee, 0x00dbf2, 0x8fc3fa, 0x00c5ee, 0x000000, 0x000000, 0x000000, 0x000000, 0x00b4fe,
    0x8fc3fb, 0x00dcb2, 0x000000, 0x8fc3fc, 0x00ccc9, 0x00dbf7, 0x00b4fd, 0x8fc3fd, 0x00dbfe,
    0x000000, 0x8fc3fe, 0x8fc4a1, 0x8fc4a2, 0x00cbc0, 0x8fc4a3, 0x00dca1, 0x00dca3, 0x8fc4a4,
    0x00dca7, 0x00dbf9, 0x8fc4a5, 0x00c3aa, 0x000000, 0x8fc4a6, 0x8fc4a7, 0x000000, 0x00c5ef,
    0x00dcab, 0x00dbfc, 0x000000, 0x00dca8, 0x000000, 0x8fc4a8, 0x000000, 0x00dca2, 0x8fc4a9,
    0x000000, 0x8fc4aa, 0x8fc4ab, 0x8fc4ac, 0x8fc4ad, 0x00bfb9, 0x00dcac, 0x8fc4ae, 0x8fc4af,
    0x00c0b3, 0x000000, 0x000000, 0x8fc4b0, 0x8fc4b1, 0x000000, 0x000000, 0x00dcaa, 0x00b4bd,
    0x8fc4b2, 0x8fc4b3, 0x8fc4b4, 0x000000, 0x000000, 0x00cfd0, 0x00dbf6, 0x000000, 0x000000,
    0x00dca6, 0x00b0d8, 0x8fc4b5, 0x000000, 0x00dbf8, 0x8fc4b6, 0x8fc4b7, 0x00ccba, 0x00dbfd,
    0x00bfa2, 0x00c4c7, 0x00dbf3, 0x8fc4b8, 0x8fc4b9, 0x00dca5, 0x8fc4ba, 0x000000, 0x000000,
    0x8fc4bb, 0x8fc4bc, 0x000000, 0x00bffa, 0x00dcaf, 0x00b3f1, 0x00b8a1, 0x000000, 0x000000,
    0x000000, 0x000000, 0x00dcb1, 0x00dbfa, 0x00dcb0, 0x000000, 0x00dca9, 0x00dbfb, 0x000000,
    0x00dcad, 0x000000, 0x00dcae, 0x000000, 0x000000, 0x000000, 0x000000, 0x000000, 0x00dcbf,
    0x8fc4bd, 0x000000, 0x8fc4be, 0x00c6ce, 0x8fc4bf, 0x00dca4, 0x000000, 0x8fc4c0, 0x00dcbb,
    0x000000, 0x8fc4c1, 0x000000, 0x00dcbd, 0x000000, 0x00c4d8, 0x000000, 0x000000, 0x8fc4c2,
    0x000000, 0x000000, 0x8fc4c3, 0x000000, 0x000000, 0x000000, 0x8fc4c4, 0x00cdcc, 0x000000,
    0x000000, 0x000000, 0x8fc4c5, 0x000000, 0x000000, 0x000000, 0x000000, 0x00c9f6, 0x00dcb8,
    0x00c2ca, 0x000000, 0x8fc4c6, 0x000000, 0x00dcbe, 0x00c1bf, 0x8fc4c7, 0x00dcb5, 0x00dcc2,
    0x00dcc1, 0x000000, 0x00c6ef, 0x00dcc0, 0x00c6ea, 0x8fc4c8, 0x8fc4c9, 0x8fc4ca, 0x8fc4cb,
    0x000000, 0x8fc4cc, 0x8fc4cd, 0x00dcc4, 0x00dcb7, 0x8fc4ce, 0x00b6c8, 0x00dcba, 0x00bddd,
    0x8fc4cf, 0x8fc4d0, 0x8fc4d1, 0x00c7e0, 0x00dcbc, 0x00b6cb, 0x000000, 0x00dcb4, 0x00dcb6,
    0x00dcb3, 0x8fc4d2, 0x8fc4d3, 0x00cfb0, 0x00b3da, 0x00dcb9, 0x8fc4d4, 0x8fc4d5, 0x00dcc3,
    0x00b3b5, 0x000000, 0x000000, 0x000000, 0x000000, 0x000000, 0x000000, 0x000000, 0x00bae7,
    0x000000, 0x000000, 0x8fc4d6, 0x00b1dd, 0x000000, 0x000000, 0x00dcd4, 0x8fc4d7, 0x000000,
    0x00cfb1, 0x00dcd7, 0x8fc4d8, 0x000000, 0x8fc4d9, 0x000000, 0x000000, 0x00bfba, 0x00dcd6,
    0x000000, 0x000000, 0x000000, 0x00dcd5, 0x8fc4da, 0x000000, 0x000000, 0x000000, 0x8fc4db,
    0x8fc4dc, 0x00dcd2, 0x8fc4dd, 0x000000, 0x000000, 0x8fc4de, 0x000000, 0x8fc4df, 0x00dcc6,
    0x8fc4e0, 0x000000, 0x00dce3, 0x00dcc5, 0x000000, 0x00dcd8, 0x000000, 0x000000, 0x8fc4e1,
    0x8fc4e2, 0x000000, 0x8fc4e3, 0x00dcd0, 0x8fc4e4, 0x000000, 0x00dccb, 0x00dcc8, 0x000000,
    0x00dcc9, 0x000000, 0x00dcd1, 0x000000, 0x8fc4e5, 0x000000, 0x00f4a2, 0x8fc4e6, 0x000000,
    0x00dcce, 0x00b9bd, 0x00c4c8, 0x00c1e4, 0x00dccc, 0x000000, 0x00dcc7, 0x8fc4e7, 0x000000,
    0x00dcca, 0x000000, 0x000000, 0x8fc4e8, 0x8fc4e9, 0x00cdcd, 0x00cbea, 0x000000, 0x000000,
    0x000000, 0x00dccf, 0x00dcd9, 0x000000, 0x000000, 0x000000, 0x8fc4ea, 0x000000, 0x000000,
    0x8fc4eb, 0x000000, 0x00dce1, 0x00dcda, 0x000000, 0x000000, 0x00dce7, 0x000000, 0x00dce5,
    0x8fc4ec, 0x8fc4ed, 0x000000, 0x8fc4ee, 0x00dce0, 0x8fc4ef, 0x000000, 0x8fc4f0, 0x000000,
    0x000000, 0x000000, 0x00dcdf, 0x000000, 0x00c4d0, 0x000000, 0x00c1e5, 0x8fc4f1, 0x00dcdd,
    0x8fc4f2, 0x8fc4f3, 0x00dcdb, 0x8fc4f4, 0x000000, 0x00dce2, 0x000000, 0x000000, 0x000000,
    0x000000, 0x00dce8, 0x00c8f5, 0x00dcee, 0x000000, 0x000000, 0x8fc4f5, 0x000000, 0x8fc4f6,
    0x00dce9, 0x00dcec, 0x00dce6, 0x8fc4f7, 0x000000, 0x00c3f4, 0x000000, 0x00c9b8, 0x8fc4f8,
    0x00dcdc, 0x000000, 0x8fc4f9, 0x00dce4, 0x00bec0, 0x8fc4fa, 0x00cccf, 0x00dcf8, 0x00dceb,
    0x8fc4fb, 0x000000, 0x000000, 0x000000, 0x8fc4fc, 0x00b8a2, 0x00b2a3, 0x00b3df, 0x000000,
    0x000000, 0x00dcd3, 0x000000, 0x8fc4fd, 0x000000, 0x8fc4fe, 0x000000, 0x8fc5a1, 0x00bec1,
    0x00dcf0, 0x8fc5a2, 0x00dcf7, 0x00bcf9, 0x00b3f2, 0x8fc5a3, 0x000000, 0x00c3ae, 0x8fc5a4,
    0x8fc5a5, 0x000000, 0x000000, 0x000000, 0x000000, 0x00dced, 0x8fc5a6, 0x8fc5a7, 0x00dcf2,
    0x00dcf6, 0x8fc5a8, 0x8fc5a9, 0x00b6b6, 0x000000, 0x000000, 0x8fc5aa, 0x000000, 0x8fc5ab,
    0x8fc5ac, 0x8fc5ad, 0x000000, 0x000000, 0x8fc5ae, 0x8fc5af, 0x000000, 0x00b5cc, 0x00dcf4,
    0x000000, 0x8fc5b0, 0x000000, 0x000000, 0x000000, 0x00b5a1, 0x000000, 0x00c6cb, 0x00dcf3,
    0x000000, 0x8fc5b1, 0x000000, 0x00dcf5, 0x8fc5b2, 0x000000, 0x000000, 0x8fc5b3, 0x8ff4c9,
    0x000000, 0x000000, 0x000000, 0x000000, 0x000000, 0x8fc5b4, 0x00dcef, 0x8fc5b5, 0x000000,
    0x000000, 0x000000, 0x000000, 0x00dcf1, 0x000000, 0x000000, 0x000000, 0x000000, 0x000000,
    0x8fc5b6, 0x00b3e0, 0x00c3c9, 0x8fc5b7, 0x000000, 0x8fc5b8, 0x00dcfc, 0x000000, 0x8fc5b9,
    0x8fc5ba, 0x000000, 0x8fc5bb, 0x000000, 0x8fc5bc, 0x000000, 0x00dcfa, 0x00b8e9, 0x000000,
    0x00dcf9, 0x8fc5bd, 0x000000, 0x000000, 0x000000, 0x000000, 0x000000, 0x00dda1, 0x000000,
    0x000000, 0x000000, 0x8fc5be, 0x00dbd8, 0x8fc5bf, 0x8fc5c0, 0x8fc5c1, 0x00dcfb, 0x000000,
    0x00dcfd, 0x00dcfe, 0x000000, 0x8fc5c2, 0x000000, 0x000000, 0x000000, 0x000000, 0x00ddac,
    0x8fc5c3, 0x00dda8, 0x000000, 0x00dbed, 0x8fc5c4, 0x8fc5c5, 0x8fc5c6, 0x000000, 0x00dda7,
    0x8fc5c7, 0x000000, 0x000000, 0x000000, 0x00dda6, 0x000000, 0x000000, 0x00dda3, 0x000000,
    0x8fc5c8, 0x8fc5c9, 0x8fc5ca, 0x000000, 0x00dcea, 0x00dda5, 0x00dda4, 0x000000, 0x000000,
    0x8fc5cb, 0x000000, 0x8fc5cd, 0x8fc5cc, 0x000000, 0x000000, 0x8fc5ce, 0x000000, 0x000000,
    0x000000, 0x8fc5cf, 0x00ddaa, 0x000000, 0x00cfa6, 0x8fc5d0, 0x8fc5d1, 0x8fc5d2, 0x000000,
    0x000000, 0x000000, 0x00ddad, 0x00b6fb, 0x8fc5d3, 0x8fc5d4, 0x00dda9, 0x00ddab, 0x000000,
    0x000000, 0x8ff4ca, 0x000000, 0x8fc5d5, 0x000000, 0x000000, 0x8fc5d6, 0x00c8a7, 0x000000,
    0x00ddae, 0x000000, 0x8fc5d7, 0x000000, 0x000000, 0x000000, 0x8fc5d8, 0x8fc5d9, 0x8fc5da,
    0x000000, 0x000000, 0x000000, 0x000000, 0x000000, 0x000000, 0x000000, 0x00ddb2, 0x00ddaf,
    0x8fc5db, 0x8fc5dc, 0x000000, 0x000000, 0x8fc5dd, 0x8fc5de, 0x00cdf3, 0x00ddb0, 0x8fc5df,
    0x8fc5e0, 0x000000, 0x8fc5e1, 0x00dcde, 0x000000, 0x000000, 0x000000, 0x000000, 0x8fc5e2,
    0x8fc5e3, 0x8fc5e4, 0x00ddb3, 0x000000, 0x000000, 0x000000, 0x00ddb4, 0x8fc5e5, 0x000000,
    0x000000, 0x000000, 0x8fc5e6, 0x000000, 0x00b1b5, 0x8fc5e7, 0x00ddb6, 0x00b7e7, 0x00bca1,
    0x000000, 0x00b6d5, 0x8fc5e8, 0x000000, 0x000000, 0x00b2a4, 0x8fc5e9, 0x000000, 0x000000,
    0x8fc5ea, 0x8fc5eb, 0x000000, 0x000000, 0x8fc5ec, 0x000000, 0x000000, 0x00cddf, 0x000000,
    0x000000, 0x8fc5ed, 0x8fc5ee, 0x00ddb8, 0x00ddb7, 0x00ddba, 0x00b5bd, 0x8fc5ef, 0x000000,
    0x00b6d6, 0x00b4be, 0x8fc5f0, 0x000000, 0x000000, 0x000000, 0x00ddbd, 0x000000, 0x000000,
    0x8fc5f1, 0x00ddbc, 0x000000, 0x00ddbe, 0x8fc5f2, 0x000000, 0x00b2ce, 0x8fc5f3, 0x00c3b7,
    0x000000, 0x00ddbf, 0x000000, 0x8fc5f4, 0x00b4bf, 0x00ddc1, 0x000000, 0x8fc5f5, 0x000000,
    0x8fc5f6, 0x00ddc0, 0x000000, 0x00ddc2, 0x000000, 0x8fc5f7, 0x000000, 0x00ddc3, 0x8fc5f8,
    0x00ddc4, 0x00bbdf, 0x00c0b5, 0x00baa1, 0x000000, 0x00c9f0, 0x8fc5f9, 0x000000, 0x00cae2,
    0x00cfc4, 0x8fc5fa, 0x000000, 0x000000, 0x8fc5fb, 0x00bbf5, 0x8fc5fc, 0x000000, 0x000000,
    0x00bad0, 0x00cef2, 0x8fc5fd, 0x000000, 0x000000, 0x00ddc5, 0x00ddc6, 0x000000, 0x00bbe0,
    0x000000, 0x8fc5fe, 0x8fc6a1, 0x00ddc7, 0x00ddc8, 0x000000, 0x8fc6a2, 0x00ddca, 0x00ddc9,
    0x8fc6a3, 0x00cbd8, 0x000000, 0x000000, 0x00bdde, 0x00bcec, 0x00bbc4, 0x000000, 0x00ddcb,
    0x000000, 0x000000, 0x000000, 0x000000, 0x000000, 0x000000, 0x000000, 0x00ddcd, 0x00bfa3,
    0x8fc6a4, 0x00ddcc, 0x000000, 0x000000, 0x8fc6a5, 0x000000, 0x000000, 0x00ddce, 0x8fc6a6,
    0x8fc6a7, 0x000000, 0x8fc6a8, 0x8fc6a9, 0x00ddcf, 0x000000, 0x000000, 0x000000, 0x8fc6aa,
    0x8fc6ab, 0x00ddd0, 0x00ddd1, 0x8fc6ac, 0x8fc6ad, 0x8fc6ae, 0x00ddd2, 0x8fc6af, 0x00ddd4,
    0x00ddd3, 0x00ddd5, 0x00b2a5, 0x00c3ca, 0x000000, 0x00ddd6, 0x8fc6b0, 0x8fc6b1, 0x00bba6,
    0x00b3cc, 0x00ddd7, 0x8fc6b2, 0x8fc6b3, 0x00c5c2, 0x00d4cc, 0x000000, 0x000000, 0x8fc6b4,
    0x8fc6b5, 0x00b5a3, 0x00ddd8, 0x000000, 0x000000, 0x8fc6b6, 0x000000, 0x00ddd9, 0x8fc6b7,
    0x00caec, 0x00cbe8, 0x000000, 0x000000, 0x000000, 0x00c6c7, 0x00ddda, 0x00c8e6, 0x000000,
    0x8fc6b8, 0x000000, 0x00c8fb, 0x000000, 0x8fc6b9, 0x00ccd3, 0x000000, 0x000000, 0x000000,
    0x00dddb, 0x000000, 0x8fc6ba, 0x000000, 0x8fc6bb, 0x000000, 0x000000, 0x8fc6bc, 0x8fc6bd,
    0x000000, 0x000000, 0x000000, 0x00dddd, 0x00dddc, 0x000000, 0x8fc6be, 0x00dddf, 0x000000,
    0x8fc6bf, 0x000000, 0x00ddde, 0x000000, 0x000000, 0x000000, 0x8fc6c0, 0x000000, 0x8fc6c1,
    0x000000, 0x000000, 0x000000, 0x000000, 0x000000, 0x8fc6c2, 0x000000, 0x000000, 0x8fc6c3,
    0x000000, 0x8fc6c4, 0x8fc6c5, 0x000000, 0x000000, 0x00dde1, 0x8fc6c6, 0x000000, 0x000000,
    0x000000, 0x8fc6c7, 0x8fc6c8, 0x00bbe1, 0x8fc6c9, 0x00ccb1, 0x8fc6ca, 0x00dde2, 0x00dde3,
    0x000000, 0x000000, 0x00b5a4, 0x000000, 0x8fc6cb, 0x000000, 0x00dde4, 0x000000, 0x000000,
    0x000000, 0x8fc6cc, 0x000000, 0x000000, 0x000000, 0x00dde6, 0x00dde5, 0x000000, 0x8fc6cd,
    0x8fc6ce, 0x8fc6cf, 0x000000, 0x000000, 0x000000, 0x8fc6d0, 0x000000, 0x8fc6d1, 0x000000,
    0x000000, 0x000000, 0x000000, 0x8fc6d2, 0x00bfe5, 0x8fc6d3, 0x8fc6d4, 0x00c9b9, 0x00b1ca,
    0x000000, 0x8fc6d5, 0x8fc6d6, 0x000000, 0x000000, 0x00c8c5, 0x8fc6d7, 0x00c4f5, 0x00bdc1,
    0x00b5e1, 0x000000, 0x000000, 0x000000, 0x000000, 0x000000, 0x000000, 0x000000, 0x8fc6d8,
    0x8fc6d9, 0x000000, 0x8fc6da, 0x00c8c6, 0x8fc6db, 0x00bcae, 0x000000, 0x8fc6dc, 0x000000,
    0x8fc6dd, 0x00dde8, 0x000000, 0x00b4c0, 0x000000, 0x8fc6de, 0x00b1f8, 0x8fc6df, 0x8fc6e0,
    0x00c6f2, 0x00dde7, 0x00b9be, 0x00c3d3, 0x000000, 0x00dde9, 0x000000, 0x000000, 0x000000,
    0x000000, 0x8fc7b6, 0x00ddf1, 0x000000, 0x00ddea, 0x8fc6e1, 0x000000, 0x8fc6e2, 0x000000,
    0x8fc6e3, 0x00c2c1, 0x000000, 0x00b5e2, 0x00ddf2, 0x8fc6e4, 0x000000, 0x8fc6e5, 0x000000,
    0x8fc6e6, 0x8fc6e7, 0x00b7e8, 0x8fc6e8, 0x000000, 0x00b5a5, 0x00ddf0, 0x000000, 0x00ddee,
    0x00ddeb, 0x00cde0, 0x000000, 0x8fc6e9, 0x8fc6ea, 0x8fc6eb, 0x00c4c0, 0x8fc6ec, 0x000000,
    0x000000, 0x00c6d9, 0x00ddec, 0x000000, 0x000000, 0x00ddf4, 0x000000, 0x00ddf3, 0x00b7a3,
    0x8fc6ed, 0x8fc6ee, 0x00b2ad, 0x8fc6ef, 0x8fc6f0, 0x00babb, 0x00dded, 0x00ddef, 0x8fc6f1,
    0x000000, 0x000000, 0x8fc6f2, 0x000000, 0x00cbd7, 0x00c2f4, 0x000000, 0x000000, 0x000000,
    0x000000, 0x000000, 0x000000, 0x000000, 0x000000, 0x00cbf7, 0x000000, 0x000000, 0x00ddfc,
    0x000000, 0x8fc6f3, 0x00ddfd, 0x8fc6f4, 0x00b2cf, 0x8fc6f5, 0x000000, 0x000000, 0x000000,
    0x00caa8, 0x00ccfd, 0x00dea1, 0x00bca3, 0x00bec2, 0x00ddf8, 0x00ddfe, 0x00b1e8, 0x000000,
    0x00b6b7, 0x8fc6f6, 0x000000, 0x00ddf5, 0x00ddfa, 0x8fc6f7, 0x000000, 0x000000, 0x00c0f4,
    0x00c7f1, 0x000000, 0x00c8e7, 0x8fc6f8, 0x000000, 0x8fc6f9, 0x8fc6fa, 0x8fc6fb, 0x8fc6fc,
    0x00ddf7, 0x8fc6fd, 0x00cba1, 0x8fc6fe, 0x00ddf9, 0x000000, 0x00dea4, 0x8fc7a1, 0x00dea2,
    0x8fc7a2, 0x00ddfb, 0x000000, 0x000000, 0x8fc7a3, 0x00cba2, 0x00c7c8, 0x00b5e3, 0x000000,
    0x00c5a5, 0x000000, 0x8fc7a4, 0x00c3ed, 0x8fc7a5, 0x00dea5, 0x8fc7a6, 0x8fc7a7, 0x000000,
    0x8fc7a8, 0x00dea3, 0x00c2d9, 0x00ddf6, 0x8fc7a9, 0x00b1cb, 0x8fc7aa, 0x000000, 0x000000,
    0x000000, 0x000000, 0x000000, 0x000000, 0x000000, 0x000000, 0x000000, 0x000000, 0x000000,
    0x8fc7ab, 0x000000, 0x000000, 0x8fc7ac, 0x000000, 0x000000, 0x8fc7ad, 0x00cdce, 0x00deb0,
    0x000000, 0x8fc7ae, 0x8fc7af, 0x000000, 0x8fc7b0, 0x00deaf, 0x8fc7b1, 0x000000, 0x000000,
    0x000000, 0x00c0f6, 0x000000, 0x00deac, 0x8fc7b2, 0x00cdec, 0x000000, 0x000000, 0x00c6b6,
    0x00dea6, 0x000000, 0x000000, 0x000000, 0x000000, 0x000000, 0x00c4c5, 0x8fc7b3, 0x8fc7b4,
    0x8fc7b5, 0x00b1cc, 0x00b9bf, 0x00dea9, 0x000000, 0x000000, 0x8fc7b7, 0x8fc7b8, 0x000000,
    0x8fc7b9, 0x00bda7, 0x00deae, 0x000000, 0x00dead, 0x00dea8, 0x000000, 0x00deab, 0x8fc7ba,
    0x000000, 0x00b3e8, 0x8fc7bb, 0x00deaa, 0x00c7c9, 0x8fc7bc, 0x000000, 0x00ceae, 0x000000,
    0x000000, 0x00bef4, 0x00c0f5, 0x000000, 0x000000, 0x000000, 0x000000, 0x000000, 0x000000,
    0x000000, 0x000000, 0x000000, 0x000000, 0x000000, 0x000000, 0x000000, 0x000000, 0x000000,
    0x000000, 0x000000, 0x8fc7bd, 0x000000, 0x00deb6, 0x00deb4, 0x000000, 0x00c9cd, 0x000000,
    0x8fc7be, 0x8fc7bf, 0x000000, 0x8fc7c0, 0x000000, 0x00deb1, 0x00deb3, 0x8fc7c1, 0x00b1ba,
    0x8fc7c2, 0x000000, 0x00b9c0, 0x00cfb2, 0x000000, 0x00b3bd, 0x000000, 0x00c9e2, 0x8fc7c3,
    0x8fc7c4, 0x000000, 0x000000, 0x000000, 0x00cde1, 0x000000, 0x000000, 0x00b3a4, 0x00bfbb,
    0x00deb5, 0x000000, 0x000000, 0x8fc7c5, 0x000000, 0x000000, 0x000000, 0x8fc7c6, 0x000000,
    0x000000, 0x00deba, 0x000000, 0x8fc7c7, 0x00bec3, 0x000000, 0x000000, 0x000000, 0x00cdb0,
    0x000000, 0x00deb7, 0x000000, 0x000000, 0x8fc7c8, 0x8fc7c9, 0x00deb2, 0x8fc7ca, 0x00deb8,
    0x8fc7cb, 0x8fc7cc, 0x8fc7cd, 0x00cede, 0x000000, 0x00c5f3, 0x00c6c2, 0x000000, 0x000000,
    0x000000, 0x000000, 0x000000, 0x000000, 0x000000, 0x000000, 0x000000, 0x000000, 0x000000,
    0x000000, 0x000000, 0x8fc7ce, 0x000000, 0x8fc7cf, 0x000000, 0x000000, 0x00b3b6, 0x000000,
    0x000000, 0x00b1d5, 0x000000, 0x8fc7d0, 0x00debe, 0x000000, 0x8fc7d1, 0x00dec1, 0x8fc7d2,
    0x000000, 0x000000, 0x00cec3, 0x8fc7d3, 0x000000, 0x8fc7d4, 0x00cde4, 0x000000, 0x000000,
    0x000000, 0x8fc7d5, 0x00dec8, 0x00dec2, 0x00debf, 0x8fc7d6, 0x000000, 0x8fc7d7, 0x00ced4,
    0x00dec5, 0x000000, 0x8fc7d8, 0x8fc7d9, 0x000000, 0x00bdca, 0x00dec7, 0x000000, 0x000000,
    0x00decc, 0x8fc7da, 0x000000, 0x00c5f1, 0x00deca, 0x000000, 0x8fc7db, 0x000000, 0x8fc7dc,
    0x00dec4, 0x8fc7dd, 0x8fc7de, 0x00c3b8, 0x8fc7df, 0x000000, 0x00decb, 0x8fc7e0, 0x00dec0,
    0x000000, 0x00dec6, 0x8fc7e1, 0x00decd, 0x00b0fc, 0x00dec3, 0x000000, 0x00dece, 0x8fc7e2,
    0x8fc7e3, 0x00bfbc, 0x8ff4cc, 0x00bddf, 0x8fc7e4, 0x00caa5, 0x8fc7e5, 0x00baae, 0x8ff4cb,
    0x00debb, 0x00dec9, 0x00c5ba, 0x8fc7e6, 0x000000, 0x000000, 0x000000, 0x8fc7e7, 0x000000,
    0x000000, 0x000000, 0x8fc7e8, 0x00c0b6, 0x000000, 0x00b3e9, 0x00bad1, 0x00bec4, 0x00debd,
    0x00bdc2, 0x000000, 0x000000, 0x000000, 0x000000, 0x000000, 0x000000, 0x000000, 0x00b7cc,
    0x000000, 0x00debc, 0x000000, 0x000000, 0x000000, 0x00ded2, 0x00bded, 0x00b8ba, 0x000000,
    0x00dee1, 0x8fc7e9, 0x00dedb, 0x00b5f4, 0x00c5cf, 0x8fc7ea, 0x00ded6, 0x00dedf, 0x00b0af,
    0x00b1b2, 0x8fc7eb, 0x000000, 0x00b2b9, 0x000000, 0x00ded8, 0x00c2ac, 0x00decf, 0x00ded1,
    0x00b9c1, 0x000000, 0x000000, 0x8fc7ec, 0x000000, 0x000000, 0x000000, 0x8fc7ed, 0x000000,
    0x00dee2, 0x8fc7ee, 0x00dedd, 0x8fc7ef, 0x8fc7f0, 0x000000, 0x00ded5, 0x000000, 0x000000,
    0x000000, 0x00dedc, 0x8fc7f1, 0x8fc7f2, 0x000000, 0x000000, 0x8fc7f3, 0x8fc7f4, 0x00ccab,
    0x8fc7f5, 0x000000, 0x00deda, 0x00dede, 0x8fc7f6, 0x000000, 0x8fc7f7, 0x8fc7f8, 0x8fc7f9,
    0x8fc7fa, 0x000000, 0x00b8d0, 0x8fc7fb, 0x00bec5, 0x000000, 0x000000, 0x00c3b9, 0x8fc7fc,
    0x8fc7fd, 0x8fc7fe, 0x00ded4, 0x000000, 0x000000, 0x8fc8a1, 0x8fc8a2, 0x000000, 0x000000,
    0x000000, 0x00cdaf, 0x8fc8a3, 0x000000, 0x000000, 0x00ded7, 0x000000, 0x000000, 0x00ded0,
    0x00c5f2, 0x000000, 0x000000, 0x00ded3, 0x8fc8a4, 0x000000, 0x000000, 0x00ded9, 0x000000,
    0x000000, 0x000000, 0x000000, 0x8fc8a5, 0x000000, 0x8fc8a6, 0x00cfd1, 0x00bcbe, 0x00cbfe,
    0x000000, 0x00dee3, 0x000000, 0x000000, 0x000000, 0x000000, 0x000000, 0x000000, 0x000000,
    0x000000, 0x000000, 0x00c8ae, 0x8fc8a7, 0x000000, 0x00deef, 0x00b8bb, 0x000000, 0x000000,
    0x8fc8a8, 0x000000, 0x000000, 0x00bde0, 0x000000, 0x00dee5, 0x8fc8a9, 0x000000, 0x000000,
    0x00ceaf, 0x00b9c2, 0x000000, 0x00def2, 0x8fc8aa, 0x000000, 0x00b0ee, 0x000000, 0x000000,
    0x00def0, 0x000000, 0x8fc8ab, 0x000000, 0x000000, 0x00dee4, 0x000000, 0x000000, 0x8fc8ac,
    0x8fc8ad, 0x00deea, 0x000000, 0x8fc8ae, 0x00deec, 0x8fc8af, 0x000000, 0x000000, 0x00cdcf,
    0x00dee7, 0x000000, 0x000000, 0x00c5ae, 0x8fc8b0, 0x000000, 0x00dee9, 0x000000, 0x8fc8b1,
    0x8fc8b2, 0x8fc8b3, 0x00def1, 0x8fc8b4, 0x00deeb, 0x00ccc7, 0x000000, 0x8fc8b5, 0x8fc8b6,
    0x00dee6, 0x8fc8b7, 0x00bca2, 0x00defe, 0x8fc8b8, 0x8fc8b9, 0x8fc8ba, 0x000000, 0x00b3ea,
    0x000000, 0x00dee8, 0x00deed, 0x00deee, 0x000000, 0x000000, 0x000000, 0x000000, 0x000000,
    0x000000, 0x000000, 0x00c2ec, 0x00c2da, 0x000000, 0x000000, 0x000000, 0x000000, 0x000000,
    0x000000, 0x000000, 0x000000, 0x000000, 0x000000, 0x000000, 0x000000, 0x8fc8bb, 0x00def6,
    0x8fc8bc, 0x8fc8bd, 0x00defc, 0x000000, 0x000000, 0x00defa, 0x000000, 0x00c5a9, 0x000000,
    0x000000, 0x00dfa3, 0x00def7, 0x8fc8be, 0x000000, 0x8fc8bf, 0x000000, 0x8fc8c0, 0x00def8,
    0x00dee0, 0x000000, 0x00b5f9, 0x00c9ba, 0x000000, 0x8fc8c1, 0x000000, 0x00bcbf, 0x000000,
    0x8fc8c2, 0x00b9f7, 0x8fc8c3, 0x000000, 0x8fc8c4, 0x8fc8c5, 0x000000, 0x00cfb3, 0x000000,
    0x00def4, 0x000000, 0x00dfa2, 0x00b1e9, 0x00c1e6, 0x8fc8c6, 0x000000, 0x8fc8c7, 0x000000,
    0x8fc8c8, 0x8fc8c9, 0x000000, 0x000000, 0x000000, 0x000000, 0x00c7f9, 0x000000, 0x00b4c1,
    0x00cefa, 0x000000, 0x000000, 0x8fc8ca, 0x000000, 0x000000, 0x8fc8cb, 0x8fc8cc, 0x00cca1,
    0x00c4d2, 0x8fc8d3, 0x000000, 0x8fc8cd, 0x8fc8ce, 0x00defb, 0x00defd, 0x8fc8cf, 0x000000,
    0x000000, 0x8fc8d0, 0x000000, 0x00c1b2, 0x000000, 0x000000, 0x8fc8d1, 0x8fc8d2, 0x000000,
    0x00dfa1, 0x00def9, 0x000000, 0x00def3, 0x000000, 0x000000, 0x000000, 0x00b4c3, 0x000000,
    0x000000, 0x000000, 0x000000, 0x000000, 0x000000, 0x000000, 0x000000, 0x000000, 0x8fc8d4,
    0x000000, 0x8fc8d5, 0x8fc8d6, 0x8fc8d7, 0x00b7e9, 0x000000, 0x000000, 0x8fc8d8, 0x00dfaf,
    0x8fc8d9, 0x8fc8da, 0x00dfaa, 0x00c0f8, 0x8fc8db, 0x8fc8dc, 0x00b3e3, 0x000000, 0x8fc8dd,
    0x8fc8de, 0x000000, 0x00bde1, 0x000000, 0x00dfb3, 0x000000, 0x8fc8df, 0x000000, 0x000000,
    0x000000, 0x8fc8e0, 0x00dfac, 0x00c4ac, 0x00dfa9, 0x00c4d9, 0x000000, 0x000000, 0x000000,
    0x00dfcc, 0x000000, 0x000000, 0x000000, 0x00dfa6, 0x000000, 0x00dfa5, 0x000000, 0x00dfae,
    0x8fc8e1, 0x8fc8e2, 0x000000, 0x00dfa8, 0x00dfa7, 0x00dfad, 0x8fc8e3, 0x00c0a1, 0x000000,
    0x00dfa4, 0x8fc8e4, 0x8fc8e5, 0x000000, 0x000000, 0x8fc8e6, 0x8fc8e7, 0x8fc8e8, 0x00dfb0,
    0x000000, 0x8fc8e9, 0x00dfb1, 0x8fc8ea, 0x8fc8eb, 0x8fc8ec, 0x000000, 0x8fc8ed, 0x00b4c2,
    0x000000, 0x000000, 0x8fc8ee, 0x000000, 0x000000, 0x000000, 0x000000, 0x8fc8ef, 0x8fc8f0,
    0x00dfb6, 0x000000, 0x00dfb5, 0x00dfb7, 0x8fc8f1, 0x8fc8f2, 0x8fc8f3, 0x8fc8f4, 0x000000,
    0x00dfba, 0x000000, 0x000000, 0x000000, 0x8fc8f5, 0x8fc8f6, 0x8fc8f7, 0x00c5c3, 0x000000,
    0x00dfb4, 0x000000, 0x8fc8f8, 0x8fc8f9, 0x000000, 0x000000, 0x00dfb8, 0x000000, 0x000000,
    0x8fc8fa, 0x000000, 0x000000, 0x000000, 0x00b7e3, 0x00c2f9, 0x00dfb2, 0x00c7bb, 0x000000,
    0x8fc8fb, 0x00dfb9, 0x8fc8fc, 0x8fc8fd, 0x000000, 0x8fc8fe, 0x000000, 0x000000, 0x000000,
    0x000000, 0x000000, 0x000000, 0x000000, 0x000000, 0x000000, 0x00dfbe, 0x00dfbc, 0x000000,
    0x000000, 0x00dfbf, 0x000000, 0x8fc9a1, 0x00dfc2, 0x000000, 0x000000, 0x8fc9a2, 0x00dfbb,
    0x00b9ea, 0x00c7a8, 0x000000, 0x000000, 0x00deb9, 0x000000, 0x000000, 0x000000, 0x8fc9a3,
    0x8fc9a4, 0x000000, 0x00cdf4, 0x00dfbd, 0x000000, 0x00dfc1, 0x00c2f5, 0x8fc9a5, 0x00dfc0,
    0x000000, 0x00dfab, 0x000000, 0x8fc9a6, 0x00efe9, 0x000000, 0x000000, 0x8fc9a7, 0x00dfc5,
    0x000000, 0x8fc9a8, 0x8fc9a9, 0x00dfc9, 0x000000, 0x8fc9aa, 0x00dfc7, 0x000000, 0x000000,
    0x000000, 0x8fc9ab, 0x8fc9ac, 0x8fc9ad, 0x000000, 0x00dfc3, 0x000000, 0x00dfc4, 0x000000,
    0x8fc9ae, 0x000000, 0x00dfc8, 0x000000, 0x00dfc6, 0x000000, 0x000000, 0x000000, 0x00c9ce,
    0x000000, 0x8fc9af, 0x00dfce, 0x000000, 0x00dfcb, 0x00dfca, 0x000000, 0x00dfcd, 0x00c6d4,
    0x00dfcf, 0x8fc9b0, 0x000000, 0x000000, 0x8fc9b1, 0x000000, 0x000000, 0x00c3f5, 0x00c2ed,
    0x8ff4cd, 0x000000, 0x000000, 0x000000, 0x00c0a5, 0x000000, 0x000000, 0x8fc9b2, 0x00dfd0,
    0x000000, 0x00dfd2, 0x000000, 0x8fc9b3, 0x000000, 0x000000, 0x8fc9b4, 0x000000, 0x8fc9b5,
    0x000000, 0x000000, 0x8fc9b6, 0x000000, 0x00dfd1, 0x000000, 0x000000, 0x000000, 0x8fc9b7,
    0x8fc9b8, 0x000000, 0x000000, 0x000000, 0x8fc9b9, 0x8fc9ba, 0x8fc9bb, 0x8fc9bc, 0x00def5,
    0x000000, 0x8fc9c1, 0x000000, 0x000000, 0x00dfd3, 0x000000, 0x000000, 0x8fc9bd, 0x8fc9be,
    0x000000, 0x000000, 0x00c6e7, 0x000000, 0x000000, 0x000000, 0x000000, 0x8fc9bf, 0x8fc9c0,
    0x000000, 0x000000, 0x000000, 0x000000, 0x00dfd4, 0x8fc9c2, 0x8fc9c3, 0x000000, 0x000000,
    0x000000, 0x000000, 0x000000, 0x00b2d0, 0x8fc9c4, 0x000000, 0x8fc9c5, 0x00c5f4, 0x00b3a5,
    0x000000, 0x000000, 0x000000, 0x000000, 0x8fc9c6, 0x8fc9c7, 0x000000, 0x00b5e4, 0x000000,
    0x000000, 0x000000, 0x00bcde, 0x00bad2, 0x8fc9c8, 0x000000, 0x8fc9c9, 0x000000, 0x000000,
    0x000000, 0x8fc9ca, 0x8fc9cb, 0x000000, 0x000000, 0x00cfa7, 0x00bfe6, 0x000000, 0x000000,
    0x000000, 0x00b1ea, 0x000000, 0x000000, 0x000000, 0x00dfd6, 0x000000, 0x8fc9cc, 0x8fc9cd,
    0x8fc9ce, 0x8fc9cf, 0x8fc9d0, 0x00dfd5, 0x000000, 0x8fc9d1, 0x000000, 0x000000, 0x000000,
    0x000000, 0x000000, 0x000000, 0x000000, 0x000000, 0x8fc9d2, 0x000000, 0x000000, 0x000000,
    0x000000, 0x000000, 0x000000, 0x8fc9d3, 0x00dfd9, 0x00c3ba, 0x00dfdc, 0x00dfd7, 0x8fc9d4,
    0x8fc9d5, 0x000000, 0x00dfdb, 0x8fc9d6, 0x000000, 0x000000, 0x8fc9d7, 0x00dfda, 0x00c5c0,
    0x00b0d9, 0x8ff4ae, 0x000000, 0x000000, 0x000000, 0x000000, 0x000000, 0x000000, 0x000000,
    0x000000, 0x00cef5, 0x000000, 0x8fc9d8, 0x00dfde, 0x000000, 0x000000, 0x000000, 0x00b1a8,
    0x000000, 0x8fc9d9, 0x000000, 0x8fc9da, 0x8fc9db, 0x8fc9dc, 0x8fc9dd, 0x000000, 0x8fc9de,
    0x00dfe0, 0x000000, 0x000000, 0x8fc9df, 0x00dfdf, 0x000000, 0x00dfdd, 0x000000, 0x000000,
    0x000000, 0x000000, 0x8fc9e0, 0x000000, 0x000000, 0x000000, 0x000000, 0x000000, 0x000000,
    0x000000, 0x000000, 0x000000, 0x000000, 0x000000, 0x000000, 0x00dfd8, 0x000000, 0x000000,
    0x000000, 0x000000, 0x000000, 0x000000, 0x000000, 0x00cba3, 0x8fc9e1, 0x000000, 0x000000,
    0x00dfe2, 0x000000, 0x000000, 0x000000, 0x8fc9e2, 0x8fc9e3, 0x8fc9e4, 0x8fc9e5, 0x8fc9e6,
    0x000000, 0x00dfe1, 0x000000, 0x8fc9e7, 0x8fc9e8, 0x000000, 0x000000, 0x8fc9e9, 0x000000,
    0x000000, 0x000000, 0x000000, 0x00b1eb, 0x000000, 0x000000, 0x000000, 0x000000, 0x00dfe4,
    0x00cab2, 0x000000, 0x00dfe3, 0x000000, 0x8fc9ea, 0x000000, 0x8fc9eb, 0x00ccb5, 0x000000,
    0x000000, 0x000000, 0x000000, 0x00bec7, 0x000000, 0x000000, 0x000000, 0x000000, 0x8fc9ec,
    0x000000, 0x8fc9ed, 0x000000, 0x8fc9ee, 0x8fc9ef, 0x8fc9f0, 0x000000, 0x000000, 0x000000,
    0x000000, 0x00c1b3, 0x000000, 0x8fc9f1, 0x000000, 0x000000, 0x000000, 0x00bec6, 0x000000,
    0x000000, 0x000000, 0x8fc9f2, 0x000000, 0x000000, 0x000000, 0x8fc9f3, 0x8fc9f4, 0x8fc9f5,
    0x000000, 0x00cefb, 0x8fc9f6, 0x8fc9f7, 0x00dfea, 0x000000, 0x00c0f9, 0x000000, 0x8fc9f8,
    0x000000, 0x8fc9f9, 0x000000, 0x000000, 0x00dfe6, 0x00dfeb, 0x8fc9fa, 0x000000, 0x00b1ec,
    0x8fc9fb, 0x000000, 0x8fc9fc, 0x000000, 0x8fc9fd, 0x000000, 0x8fc9fe, 0x000000, 0x00dfe9,
    0x000000, 0x00c7e1, 0x00dfe5, 0x00dfe8, 0x00bec8, 0x8fcaa1, 0x00c8d1, 0x000000, 0x000000,
    0x00dfec, 0x000000, 0x00bcd1, 0x000000, 0x000000, 0x000000, 0x000000, 0x000000, 0x000000,
    0x000000, 0x000000, 0x000000, 0x000000, 0x8fcaa2, 0x000000, 0x000000, 0x000000, 0x00c0fa,
    0x000000, 0x000000, 0x8fcaa3, 0x000000, 0x000000, 0x000000, 0x00dfef, 0x8fcaa4, 0x000000,
    0x8fcaa5, 0x00dfe7, 0x000000, 0x00b7a7, 0x000000, 0x8fcaa6, 0x000000, 0x000000, 0x00dfed,
    0x000000, 0x000000, 0x8fcaa7, 0x000000, 0x00cdd0, 0x00dff0, 0x000000, 0x000000, 0x000000,
    0x00f4a6, 0x8fcaa8, 0x8fcaa9, 0x000000, 0x000000, 0x000000, 0x00bdcf, 0x8fcaaa, 0x000000,
    0x8fcaab, 0x000000, 0x000000, 0x000000, 0x000000, 0x000000, 0x00dff1, 0x000000, 0x000000,
    0x000000, 0x00dff2, 0x000000, 0x000000, 0x8fcaac, 0x8fcaad, 0x00c7ae, 0x8fcaae, 0x8fcaaf,
    0x000000, 0x000000, 0x000000, 0x000000, 0x000000, 0x00dff4, 0x8fcab0, 0x000000, 0x000000,
    0x000000, 0x00dff5, 0x8fcab1, 0x8fcab2, 0x8fcab3, 0x000000, 0x00c7b3, 0x8fcab4, 0x000000,
    0x000000, 0x000000, 0x00c5f5, 0x00dff7, 0x000000, 0x8fcab5, 0x8fcab6, 0x000000, 0x00dff9,
    0x000000, 0x00ced5, 0x000000, 0x00dff6, 0x8fcab7, 0x00dff8, 0x00b1ed, 0x8fcab8, 0x00dff3,
    0x000000, 0x8fcab9, 0x8fcaba, 0x000000, 0x8fcabb, 0x000000, 0x000000, 0x00d3db, 0x00dffa,
    0x000000, 0x000000, 0x000000, 0x000000, 0x00c1e7, 0x00bbb8, 0x00dffc, 0x000000, 0x000000,
    0x000000, 0x000000, 0x00dffb, 0x00bfa4, 0x00d2d9, 0x000000, 0x000000, 0x000000, 0x000000,
    0x000000, 0x000000, 0x00dffd, 0x000000, 0x000000, 0x8fcabc, 0x00e0a1, 0x000000, 0x00dfee,
    0x00dffe, 0x000000, 0x8fcabd, 0x00e0a2, 0x8fcabe, 0x000000, 0x000000, 0x000000, 0x000000,
    0x000000, 0x00c7fa, 0x8fcabf, 0x8fcac0, 0x8fcac1, 0x000000, 0x000000, 0x000000, 0x00e0a3,
    0x000000, 0x000000, 0x00e0a4, 0x000000, 0x000000, 0x8fcac2, 0x000000, 0x000000, 0x000000,
    0x8fcac3, 0x000000, 0x000000, 0x8fcac4, 0x00e0a5, 0x000000, 0x8fcac5, 0x000000, 0x8fcac6,
    0x000000, 0x000000, 0x000000, 0x000000, 0x8fcac7, 0x000000, 0x000000, 0x000000, 0x00e0a6,
    0x000000, 0x00c4de, 0x8fcac8, 0x00e0a8, 0x00e0a7, 0x000000, 0x8fcac9, 0x00e0a9, 0x000000,
    0x00e0aa, 0x000000, 0x8fcaca, 0x00bcdf, 0x00c9e3, 0x000000, 0x8fcacb, 0x8fcacc, 0x00ccec,
    0x00e0ab, 0x00e0ac, 0x00c1d6, 0x00bca4, 0x00e0ad, 0x00e0ae, 0x8fcacd, 0x8fcace, 0x8fcacf,
    0x000000, 0x8fcad0, 0x00e0af, 0x00cad2, 0x00c8c7, 0x000000, 0x000000, 0x00e0b0, 0x00c7d7,
    0x000000, 0x8fcad1, 0x8fcad2, 0x8fcad3, 0x000000, 0x00c4ad, 0x8fcad4, 0x000000, 0x8fcad5,
    0x8fcad6, 0x000000, 0x00e0b1, 0x00b2e7, 0x8fcad7, 0x00b5ed, 0x8fcad8, 0x00ccc6, 0x8fcad9,
    0x00ccb6, 0x8fcada, 0x00b2b4, 0x00cfb4, 0x8fcadb, 0x000000, 0x000000, 0x000000, 0x00cbd2,
    0x8fcadc, 0x00caaa, 0x000000, 0x8fcadd, 0x000000, 0x000000, 0x8fcade, 0x8fcadf, 0x000000,
    0x8fcae0, 0x00c0b7, 0x000000, 0x00e0b2, 0x000000, 0x000000, 0x8fcae1, 0x8fcae2, 0x00c6c3,
    0x000000, 0x8fcae3, 0x8fcae4, 0x00b8a3, 0x00e0b3, 0x8fcae5, 0x00bad4, 0x00e0b5, 0x00e0b4,
    0x000000, 0x8fcae6, 0x000000, 0x000000, 0x00e0b6, 0x000000, 0x8fcae7, 0x000000, 0x000000,
    0x000000, 0x8fcae8, 0x8fcae9, 0x000000, 0x000000, 0x000000, 0x00e0b7, 0x8fcaea, 0x000000,
    0x000000, 0x00e0b8, 0x000000, 0x000000, 0x000000, 0x000000, 0x8fcaeb, 0x000000, 0x000000,
    0x000000, 0x000000, 0x00b5be, 0x000000, 0x00e0b9, 0x000000, 0x000000, 0x000000, 0x000000,
    0x00e0ba, 0x8fcaec, 0x000000, 0x000000, 0x000000, 0x00b8a4, 0x8fcaed, 0x8fcaee, 0x00c8c8,
    0x000000, 0x8fcaef, 0x00e0bc, 0x000000, 0x8fcaf0, 0x000000, 0x00bef5, 0x000000, 0x000000,
    0x00e0bb, 0x000000, 0x000000, 0x000000, 0x000000, 0x8fcaf1, 0x000000, 0x8fcaf2, 0x00b6b8,
    0x00e0bd, 0x00e0bf, 0x000000, 0x00e0be, 0x8fcaf3, 0x000000, 0x8fcaf4, 0x000000, 0x000000,
    0x8fcaf5, 0x000000, 0x00e0c0, 0x000000, 0x00b8d1, 0x000000, 0x00e0c1, 0x000000, 0x000000,
    0x8fcaf6, 0x8fcaf7, 0x00b6e9, 0x8fcaf8, 0x00c1c0, 0x000000, 0x00b9fd, 0x000000, 0x000000,
    0x000000, 0x8fcaf9, 0x00e0c3, 0x00e0c4, 0x00e0c2, 0x000000, 0x000000, 0x8fcafa, 0x000000,
    0x000000, 0x000000, 0x00bced, 0x000000, 0x000000, 0x00c6c8, 0x00b6b9, 0x000000, 0x000000,
    0x000000, 0x000000, 0x000000, 0x8fcafb, 0x8fcafc, 0x000000, 0x000000, 0x00e0c6, 0x00c3ac,
    0x00e0c5, 0x8fcafd, 0x8fcafe, 0x00cfb5, 0x00c7e2, 0x8fcba1, 0x000000, 0x000000, 0x8fcba2,
    0x000000, 0x8fcba3, 0x8fcba4, 0x000000, 0x8fcba5, 0x000000, 0x000000, 0x00e0c9, 0x8fcba6,
    0x000000, 0x8fcba7, 0x000000, 0x000000, 0x000000, 0x000000, 0x8fcba8, 0x8fcba9, 0x000000,
    0x000000, 0x00e0cb, 0x00e0c8, 0x8fcbaa, 0x8fcbab, 0x000000, 0x00ccd4, 0x00e0ca, 0x00e0cc,
    0x8fcbac, 0x00cec4, 0x000000, 0x000000, 0x8fcbad, 0x000000, 0x8fcbae, 0x00e0d0, 0x000000,
    0x8fcbaf, 0x8fcbb0, 0x00e0cf, 0x00c3f6, 0x00c7ad, 0x8fcbb1, 0x000000, 0x00b8a5, 0x00e0ce,
    0x000000, 0x8fcbb2, 0x8fcbb3, 0x000000, 0x00e0cd, 0x8fcbb4, 0x00cdb1, 0x00cdb2, 0x000000,
    0x000000, 0x8fcbb5, 0x8fcbb6, 0x000000, 0x8fcbb7, 0x00e0d1, 0x00b1ee, 0x000000, 0x000000,
    0x000000, 0x8fcbb8, 0x00b9f6, 0x00bbe2, 0x000000, 0x000000, 0x000000, 0x000000, 0x000000,
    0x000000, 0x000000, 0x8fcbb9, 0x00e0d2, 0x00e0d3, 0x8fcbba, 0x000000, 0x8fcbbb, 0x000000,
    0x000000, 0x000000, 0x8fcbbc, 0x00e0d5, 0x8fcbbd, 0x000000, 0x000000, 0x000000, 0x000000,
    0x8fcbbe, 0x8fcbbf, 0x8fcbc0, 0x8fcbc1, 0x000000, 0x000000, 0x00bdc3, 0x000000, 0x000000,
    0x8fcbc2, 0x8fcbc3, 0x00e0d7, 0x8fcbc4, 0x00e0d6, 0x8fcbc5, 0x8fcbc6, 0x000000, 0x8fcbc7,
    0x8fcbc8, 0x00e0d8, 0x8fcbc9, 0x00b3cd, 0x000000, 0x000000, 0x00e0da, 0x000000, 0x8fcbca,
    0x00e0d9, 0x8fcbcb, 0x00e0dc, 0x00e0db, 0x8fcbcc, 0x000000, 0x000000, 0x000000, 0x8fcbcd,
    0x8fcbce, 0x000000, 0x8fcbcf, 0x00b8bc, 0x8fcbd0, 0x8fcbd1, 0x00cea8, 0x000000, 0x00b6cc,
    0x000000, 0x00b2a6, 0x000000, 0x000000, 0x8fcbd2, 0x000000, 0x8fcbd3, 0x000000, 0x000000,
    0x8fcbd4, 0x000000, 0x8fcbd5, 0x00b6ea, 0x8fcbd6, 0x8fcbd7, 0x000000, 0x000000, 0x000000,
    0x8fcbd8, 0x000000, 0x8fcbd9, 0x8fcbda, 0x8fcbdb, 0x000000, 0x8fcbdc, 0x000000, 0x000000,
    0x8fcbdd, 0x8fcbde, 0x000000, 0x000000, 0x00b4e1, 0x8fcbdf, 0x8fcbe0, 0x000000, 0x8fcbe1,
    0x000000, 0x000000, 0x000000, 0x000000, 0x00cee8, 0x00e0de, 0x000000, 0x8fcbe2, 0x000000,
    0x8fcbe3, 0x000000, 0x8fcbe4, 0x000000, 0x00e0e0, 0x8fcbe5, 0x8fcbe6, 0x000000, 0x8fcbe7,
    0x00e0e1, 0x000000, 0x00b2d1, 0x000000, 0x000000, 0x8fcbe8, 0x8fcbe9, 0x000000, 0x00e0dd,
    0x8fcbea, 0x00bbb9, 0x8fcbeb, 0x8fcbec, 0x00c4c1, 0x00e0df, 0x8fcbed, 0x000000, 0x000000,
    0x8fcbee, 0x8fcbef, 0x000000, 0x000000, 0x8fcbf0, 0x000000, 0x000000, 0x8fcbf1, 0x000000,
    0x000000, 0x000000, 0x8fcbf2, 0x00e0e4, 0x000000, 0x00bcee, 0x8fcbf3, 0x000000, 0x8fcbf4,
    0x000000, 0x00e0e2, 0x8fcbf5, 0x8fcbf6, 0x000000, 0x8fcbf7, 0x00b7be, 0x000000, 0x000000,
    0x00c8c9, 0x00e0e3, 0x000000, 0x000000, 0x00e0fe, 0x000000, 0x000000, 0x8fcbf8, 0x8fcbf9,
    0x000000, 0x8fcbfa, 0x00e0e9, 0x8fcbfb, 0x8fcbfc, 0x8fcbfd, 0x000000, 0x8fcbfe, 0x00b8bd,
    0x8fcca1, 0x8fcca2, 0x8fcca3, 0x000000, 0x00b5e5, 0x8fcca4, 0x00e0e6, 0x00cdfd, 0x8fcca5,
    0x000000, 0x00ceb0, 0x8fcca6, 0x000000, 0x000000, 0x000000, 0x000000, 0x000000, 0x000000,
    0x8fcca7, 0x000000, 0x000000, 0x000000, 0x000000, 0x000000, 0x000000, 0x000000, 0x000000,
    0x8fcca8, 0x8fcca9, 0x000000, 0x000000, 0x000000, 0x000000, 0x000000, 0x000000, 0x00c2f6,
    0x000000, 0x8fccaa, 0x00e0e8, 0x8fccab, 0x000000, 0x8fccac, 0x8fccad, 0x8fccae, 0x8fccaf,
    0x8fccb0, 0x8fccb1, 0x8fccb2, 0x8fccb3, 0x8fccb4, 0x8fccb5, 0x00e0ea, 0x00ced6, 0x00b6d7,
    0x00c8fc, 0x00c7ca, 0x000000, 0x000000, 0x8fccb6, 0x00e0eb, 0x000000, 0x000000, 0x000000,
    0x000000, 0x00e0ed, 0x8fccb7, 0x00e0f0, 0x000000, 0x8fccb8, 0x8fccb9, 0x000000, 0x8fccba,
    0x8fccbb, 0x000000, 0x000000, 0x000000, 0x8fccbc, 0x000000, 0x8fccbd, 0x000000, 0x000000,
    0x000000, 0x8fccbe, 0x8fccbf, 0x000000, 0x000000, 0x00e0ec, 0x000000, 0x8fccc0, 0x000000,
    0x00e0ef, 0x00b8ea, 0x00b1cd, 0x00e0f1, 0x8fccc1, 0x00bff0, 0x00e0ee, 0x00cedc, 0x000000,
    0x8fccc2, 0x00e0f4, 0x00f4a4, 0x000000, 0x8fccc3, 0x8fccc4, 0x8fccc5, 0x00e0f2, 0x00e0f5,
    0x8fccc6, 0x000000, 0x8fccc7, 0x8fccc8, 0x00e0e7, 0x00e0f3, 0x8fccc9, 0x8fccca, 0x00babc,
    0x000000, 0x000000, 0x00e0f6, 0x000000, 0x000000, 0x000000, 0x000000, 0x000000, 0x000000,
    0x000000, 0x00e0f7, 0x000000, 0x8fcccb, 0x8fcccc, 0x000000, 0x00cdfe, 0x000000, 0x8fcccd,
    0x8fccce, 0x8fcccf, 0x000000, 0x8fccd0, 0x000000, 0x00e0f8, 0x000000, 0x000000, 0x000000,
    0x8fccd1, 0x8fccd2, 0x8fccd3, 0x8fccd4, 0x000000, 0x000000, 0x000000, 0x000000, 0x000000,
    0x8fccd5, 0x8fccd6, 0x8fccd7, 0x000000, 0x8fccd8, 0x000000, 0x00e0f9, 0x8fccd9, 0x8fccda,
    0x8fccdb, 0x00e0e5, 0x8fccdc, 0x000000, 0x000000, 0x8fccdd, 0x00e0fa, 0x8fccde, 0x8fccdf,
    0x8fcce0, 0x8fcce1, 0x000000, 0x000000, 0x8fcce2, 0x8fcce3, 0x00b4c4, 0x8fcce4, 0x8fcce5,
    0x000000, 0x000000, 0x8fcce6, 0x000000, 0x000000, 0x000000, 0x8fcce7, 0x000000, 0x8fcce8,
    0x000000, 0x00bca5, 0x000000, 0x8fcce9, 0x000000, 0x000000, 0x000000, 0x000000, 0x000000,
    0x000000, 0x000000, 0x000000, 0x8fccea, 0x8fcceb, 0x00e0fb, 0x000000, 0x8fccec, 0x000000,
    0x000000, 0x00e0fc, 0x8fcced, 0x000000, 0x000000, 0x8fccee, 0x00e0fd, 0x000000, 0x000000,
    0x000000, 0x8fccef, 0x000000, 0x8fccf0, 0x8fccf1, 0x00b1bb, 0x000000, 0x8fccf2, 0x8fccf3,
    0x00e1a1, 0x000000, 0x00c9bb, 0x00e1a2, 0x8fccf4, 0x000000, 0x00b4a4, 0x00e1a3, 0x8fccf5,
    0x00e1a4, 0x8fccf6, 0x8fccf7, 0x000000, 0x000000, 0x00e1a5, 0x8fccf8, 0x00e1a7, 0x00e1a8,
    0x00e1a6, 0x000000, 0x8fccf9, 0x000000, 0x00c9d3, 0x00e1aa, 0x00e1a9, 0x000000, 0x8fccfa,
    0x8fccfb, 0x8fccfc, 0x000000, 0x000000, 0x8fccfd, 0x000000, 0x8ff4d0, 0x000000, 0x00e1ac,
    0x00e1ab, 0x00e1ad, 0x8fccfe, 0x000000, 0x000000, 0x000000, 0x000000, 0x000000, 0x00e1ae,
    0x00e1b0, 0x00e1af, 0x000000, 0x000000, 0x00b9f9, 0x8fcda1, 0x00e1b2, 0x000000, 0x00e1b1,
    0x8fcda2, 0x8fcda3, 0x00b4c5, 0x000000, 0x00bfd3, 0x000000, 0x00c5bc, 0x000000, 0x00e1b3,
    0x00c0b8, 0x8fcda4, 0x8fcda5, 0x000000, 0x00bbba, 0x8fcda6, 0x00b1f9, 0x00e1b4, 0x8fcda7,
    0x00cdd1, 0x8fcda8, 0x8fcda9, 0x00cae3, 0x00e1b5, 0x000000, 0x000000, 0x8fcdaa, 0x00c5c4,
    0x00cdb3, 0x00b9c3, 0x00bfbd, 0x000000, 0x000000, 0x8fcdab, 0x00c3cb, 0x00d2b4, 0x8fcdac,
    0x00c4ae, 0x00b2e8, 0x00e1b6, 0x8fcdad, 0x8fcdae, 0x8fcdaf, 0x8fcdb0, 0x000000, 0x000000,
    0x8fcdb1, 0x00e1b7, 0x000000, 0x00e1bc, 0x8fcdb2, 0x8fcdb3, 0x00e1ba, 0x00e1b9, 0x00dac2,
    0x00b3a6, 0x00e1b8, 0x8fcdb4, 0x00b0da, 0x8fcdb5, 0x00c8aa, 0x8fcdb6, 0x000000, 0x00c8ca,
    0x000000, 0x000000, 0x8fcdb7, 0x000000, 0x00ceb1, 0x00e1bd, 0x00e1bb, 0x00c3dc, 0x00c0a6,
    0x8fcdb8, 0x8fcdb9, 0x00c8ab, 0x8fcdba, 0x00c9ad, 0x000000, 0x00e1bf, 0x00ceac, 0x00b7cd,
    0x00e1c0, 0x000000, 0x00e1be, 0x00c8d6, 0x00e1c1, 0x000000, 0x00e1c2, 0x000000, 0x8fcdbb,
    0x00b0db, 0x8fcdbc, 0x000000, 0x00bef6, 0x00e1c7, 0x000000, 0x00e1c4, 0x00c6ed, 0x00e1c3,
    0x8fcdbd, 0x8fcdbe, 0x8fcdbf, 0x8fcdc0, 0x8fcdc1, 0x8fcdc2, 0x00b5a6, 0x000000, 0x8fcdc3,
    0x00e1ca, 0x000000, 0x000000, 0x8fcdc4, 0x00e1c5, 0x00e1c6, 0x000000, 0x00e1c9, 0x00e1c8,
    0x00c9a5, 0x000000, 0x000000, 0x00c1c2, 0x00c1c1, 0x8fcdc5, 0x00b5bf, 0x8fcdc6, 0x8fcdc7,
    0x00e1cb, 0x8fcdc8, 0x000000, 0x000000, 0x000000, 0x8fcdc9, 0x00e1cc, 0x000000, 0x8fcdca,
    0x00e1cd, 0x000000, 0x000000, 0x000000, 0x000000, 0x8fcdcb, 0x00e1cf, 0x8fcdcc, 0x00e1ce,
    0x000000, 0x000000, 0x000000, 0x000000, 0x000000, 0x00b1d6, 0x000000, 0x000000, 0x000000,
    0x000000, 0x000000, 0x00e1d7, 0x00c8e8, 0x00e1d1, 0x8fcdcd, 0x00e1d3, 0x000000, 0x000000,
    0x00e1d5, 0x00bfbe, 0x8fcdce, 0x000000, 0x00e1d6, 0x00e1d4, 0x00bcc0, 0x8fcdcf, 0x8fcdd0,
    0x8fcdd1, 0x00e1d0, 0x00e1d2, 0x8fcdd2, 0x00c9c2, 0x8fcdd3, 0x00bec9, 0x000000, 0x000000,
    0x00e1d9, 0x000000, 0x8fcdd4, 0x00e1d8, 0x8fcdd5, 0x8fcdd6, 0x000000, 0x000000, 0x00e1da,
    0x000000, 0x00bca6, 0x00baaf, 0x000000, 0x8fcdd7, 0x00c5f7, 0x00e1db, 0x000000, 0x00c4cb,
    0x8fcdd8, 0x000000, 0x00e1dd, 0x8fcdd9, 0x8fcdda, 0x8fcddb, 0x00cea1, 0x00e1dc, 0x8fcddc,
    0x000000, 0x000000, 0x8fcddd, 0x000000, 0x00c1e9, 0x000000, 0x000000, 0x8fcdde, 0x000000,
    0x8fcddf, 0x8fcde0, 0x00e1e2, 0x8fcde1, 0x00e1e4, 0x00e1e5, 0x00c3d4, 0x000000, 0x000000,
    0x000000, 0x000000, 0x8fcde2, 0x00e1e3, 0x000000, 0x00e1e0, 0x000000, 0x00e1de, 0x00e1df,
    0x8fcde3, 0x00e1e1, 0x8fcde4, 0x8fcde5, 0x8fcde6, 0x000000, 0x000000, 0x8fcde7, 0x8fcde8,
    0x00e1e8, 0x8fcde9, 0x00e1e6, 0x8fcdea, 0x00e1e7, 0x000000, 0x8fcdeb, 0x000000, 0x000000,
    0x8fcdec, 0x8fcded, 0x000000, 0x8fcdee, 0x8fcdef, 0x000000, 0x000000, 0x8fcdf0, 0x000000,
    0x8fcdf1, 0x8fcdf2, 0x8fcdf3, 0x8fcdf4, 0x00e1e9, 0x00e1eb, 0x00e1ec, 0x00e1ed, 0x8fcdf5,
    0x00e1ee, 0x8fcdf6, 0x8fcdf7, 0x00e1ea, 0x000000, 0x8fcdf8, 0x000000, 0x000000, 0x000000,
    0x8fcdf9, 0x000000, 0x000000, 0x00e1f0, 0x000000, 0x8fcdfa, 0x8fcdfb, 0x00e1ef, 0x8fcdfc,
    0x000000, 0x000000, 0x8fcdfd, 0x8fcdfe, 0x8fcea1, 0x00e1f1, 0x8fcea2, 0x000000, 0x000000,
    0x000000, 0x8fcea4, 0x8fcea5, 0x00cec5, 0x8fcea6, 0x8fcea7, 0x8fcea8, 0x00e1f4, 0x00e1f2,
    0x00e1f3, 0x8fcea9, 0x8fcea3, 0x8fceaa, 0x00b4e2, 0x000000, 0x000000, 0x000000, 0x000000,
    0x000000, 0x00ccfe, 0x000000, 0x000000, 0x8fceab, 0x00caca, 0x000000, 0x00e1f6, 0x8fceac,
    0x000000, 0x000000, 0x00e1f5, 0x000000, 0x000000, 0x8fcead, 0x000000, 0x00e1f7, 0x00e1f8,
    0x000000, 0x8fceae, 0x8fceaf, 0x000000, 0x00e1fc, 0x00e1f9, 0x00e1fa, 0x00e1fb, 0x000000,
    0x00e1fd, 0x8fceb0, 0x8fceb1, 0x8fceb2, 0x00e1fe, 0x8fceb3, 0x00e2a1, 0x000000, 0x8fceb4,
    0x000000, 0x00e2a2, 0x000000, 0x00e2a3, 0x000000, 0x00c8af, 0x00c5d0, 0x00e2a4, 0x00c7f2,
    0x00c9b4, 0x000000, 0x00e2a5, 0x8fceb5, 0x8ff4d1, 0x00e2a6, 0x00c5aa, 0x8fceb6, 0x00b3a7,
    0x00b9c4, 0x00e2a7, 0x000000, 0x000000, 0x00e2a8, 0x8fceb7, 0x8fceb8, 0x00e2a9, 0x000000,
    0x00bba9, 0x000000, 0x000000, 0x00e2ab, 0x000000, 0x8fceb9, 0x00e2aa, 0x000000, 0x000000,
    0x00e2ac, 0x00e2ad, 0x8fceba, 0x8fcebb, 0x8fcebc, 0x8ff4d2, 0x8fcebd, 0x8fcebe, 0x000000,
    0x8fcebf, 0x8fcec0, 0x8fcec1, 0x8fcec2, 0x8fcec3, 0x8fcec4, 0x8fcec5, 0x000000, 0x8fcec6,
    0x000000, 0x000000, 0x8fcec7, 0x00c8e9, 0x000000, 0x00e2ae, 0x000000, 0x000000, 0x000000,
    0x00e2af, 0x000000, 0x000000, 0x00f3e9, 0x00e2b0, 0x00e2b1, 0x00e2b2, 0x000000, 0x000000,
    0x8fcec8, 0x000000, 0x00bbae, 0x000000, 0x8fcec9, 0x00e2b3, 0x00c7d6, 0x000000, 0x8fceca,
    0x00cbdf, 0x000000, 0x00b1ce, 0x8fcecb, 0x00b1d7, 0x8fcecc, 0x8fcecd, 0x00e2b4, 0x8fcece,
    0x000000, 0x000000, 0x000000, 0x00e2b6, 0x000000, 0x8fcecf, 0x000000, 0x00e2b5, 0x00c5f0,
    0x000000, 0x8fced0, 0x000000, 0x00c0b9, 0x00ddb9, 0x000000, 0x00e2b7, 0x00ccc1, 0x8fced1,
    0x00e2b8, 0x000000, 0x00b4c6, 0x00c8d7, 0x00e2b9, 0x8fced2, 0x00e2ba, 0x8fced3, 0x000000,
    0x00e2bb, 0x000000, 0x8fced4, 0x000000, 0x00ccdc, 0x000000, 0x8fced5, 0x8fced6, 0x00ccd5,
    0x000000, 0x00c4be, 0x000000, 0x8fced7, 0x000000, 0x00c1ea, 0x8fced8, 0x000000, 0x00e2bd,
    0x8fced9, 0x000000, 0x00bde2, 0x000000, 0x8fceda, 0x00beca, 0x000000, 0x000000, 0x00e2c0,
    0x000000, 0x8fcedb, 0x00e2bf, 0x00e2be, 0x00c8fd, 0x8fcedc, 0x00b4c7, 0x00b8a9, 0x000000,
    0x8fcedd, 0x000000, 0x000000, 0x000000, 0x8fcede, 0x000000, 0x8fcedf, 0x8fcee0, 0x000000,
    0x8fcee1, 0x000000, 0x8fcee2, 0x8fcee3, 0x00e2c6, 0x8fcee4, 0x000000, 0x00e2c3, 0x00bfbf,
    0x00ccb2, 0x000000, 0x8fcee5, 0x000000, 0x00e2c2, 0x00e2c4, 0x00e2c5, 0x000000, 0x8fcee6,
    0x00e2c1, 0x000000, 0x000000, 0x000000, 0x8fcee7, 0x8fcee8, 0x8fcee9, 0x000000, 0x000000,
    0x000000, 0x000000, 0x8fceea, 0x8fceeb, 0x8fceec, 0x00e2c7, 0x00e2c8, 0x8fceed, 0x00c4af,
    0x000000, 0x00b4e3, 0x8fceee, 0x8fceef, 0x000000, 0x00c3e5, 0x000000, 0x8fcef0, 0x000000,
    0x000000, 0x8fcef1, 0x8fcef2, 0x00e2c9, 0x000000, 0x000000, 0x8fcef3, 0x000000, 0x000000,
    0x8fcef4, 0x8fcef5, 0x8fcef6, 0x000000, 0x000000, 0x8fcef7, 0x000000, 0x000000, 0x000000,
    0x8fcef8, 0x8fcef9, 0x000000, 0x000000, 0x00e2ca, 0x00e2cd, 0x8fcefa, 0x000000, 0x8fcefb,
    0x8fcefc, 0x8fcefd, 0x00bfe7, 0x8fcefe, 0x00c6c4, 0x8fcfa1, 0x00e2ce, 0x00cbd3, 0x8fcfa2,
    0x00e2cb, 0x000000, 0x8fcfa3, 0x00e2cc, 0x8fcfa4, 0x000000, 0x000000, 0x000000, 0x8fcfa5,
    0x000000, 0x8fcfa6, 0x8fcfa7, 0x8fcfa8, 0x000000, 0x000000, 0x000000, 0x000000, 0x00e2d1,
    0x8fcfa9, 0x000000, 0x000000, 0x8fcfaa, 0x00e2d0, 0x00e2cf, 0x8fcfab, 0x000000, 0x000000,
    0x000000, 0x8fcfac, 0x000000, 0x000000, 0x000000, 0x000000, 0x000000, 0x000000, 0x00e2d3,
    0x8fcfad, 0x8fcfae, 0x00e2d2, 0x000000, 0x000000, 0x00e2d4, 0x000000, 0x000000, 0x8fcfaf,
    0x8fcfb0, 0x8fcfb1, 0x000000, 0x000000, 0x000000, 0x8fcfb2, 0x000000, 0x000000, 0x000000,
    0x00e2d6, 0x8fcfb3, 0x00e2d5, 0x000000, 0x8fcfb4, 0x000000, 0x000000, 0x00cacd, 0x000000,
    0x8fcfb5, 0x000000, 0x000000, 0x8fcfb6, 0x000000, 0x00bdd6, 0x00cec6, 0x8fcfb7, 0x8fcfb8,
    0x00e2d7, 0x8fcfb9, 0x000000, 0x00c6b7, 0x000000, 0x8fcfba, 0x00e2d8, 0x000000, 0x000000,
    0x00e2d9, 0x000000, 0x00e2dd, 0x00e2db, 0x00e2dc, 0x8fcfbb, 0x00e2da, 0x000000, 0x000000,
    0x000000, 0x8fcfbc, 0x000000, 0x000000, 0x000000, 0x00e2de, 0x000000, 0x8fcfbd, 0x000000,
    0x000000, 0x000000, 0x00e2df, 0x000000, 0x000000, 0x000000, 0x8fcfbe, 0x8fcfbf, 0x000000,
    0x000000, 0x8fcfc0, 0x000000, 0x00e2e0, 0x000000, 0x8fcfc1, 0x00e2e1, 0x00ccb7, 0x00e2e2,
    0x000000, 0x8fcfc2, 0x8fcfc3, 0x8fcfc4, 0x000000, 0x00ccf0, 0x00e2e3, 0x8fcfc5, 0x00c3ce,
    0x8fcfc6, 0x00c7ea, 0x000000, 0x00b6eb, 0x8fcfc7, 0x000000, 0x8fcfc8, 0x00c3bb, 0x00e2e4,
    0x00b6ba, 0x8fcfc9, 0x8fcfca, 0x000000, 0x00c0d0, 0x8fcfcb, 0x000000, 0x000000, 0x000000,
    0x8fcfcc, 0x000000, 0x000000, 0x8fcfcd, 0x00e2e5, 0x000000, 0x000000, 0x000000, 0x00babd,
    0x000000, 0x000000, 0x8fcfce, 0x8fcfcf, 0x000000, 0x000000, 0x8fcfd0, 0x000000, 0x000000,
    0x00e2e6, 0x8fcfd1, 0x8fcfd2, 0x000000, 0x000000, 0x8fcfd3, 0x00e2e7, 0x000000, 0x00b8a6,
    0x00bad5, 0x000000, 0x000000, 0x000000, 0x000000, 0x000000, 0x000000, 0x000000, 0x8fcfd4,
    0x000000, 0x000000, 0x00e2e9, 0x8fcfd5, 0x8fcfd6, 0x8fcfd7, 0x000000, 0x00c5d6, 0x00bad6,
    0x00b5ce, 0x000000, 0x000000, 0x000000, 0x000000, 0x000000, 0x8fcfd8, 0x8fcfd9, 0x000000,
    0x8fcfda, 0x000000, 0x00cba4, 0x000000, 0x00c7cb, 0x8fcfdb, 0x000000, 0x8fcfdc, 0x000000,
    0x000000, 0x00c5d7, 0x000000, 0x000000, 0x000000, 0x000000, 0x00b9dc, 0x000000, 0x000000,
    0x000000, 0x8fcfdd, 0x8fcfde, 0x00e2eb, 0x000000, 0x8fcfdf, 0x8fcfe0, 0x000000, 0x000000,
    0x000000, 0x8fcfe1, 0x000000, 0x8fcfe2, 0x000000, 0x000000, 0x000000, 0x8fcfe3, 0x000000,
    0x000000, 0x000000, 0x000000, 0x000000, 0x000000, 0x000000, 0x000000, 0x000000, 0x8fcfe4,
    0x00becb, 0x8fcfe5, 0x000000, 0x8fcfe6, 0x8fcfe7, 0x000000, 0x8fcfe8, 0x8fcfe9, 0x000000,
    0x000000, 0x000000, 0x8fcfea, 0x000000, 0x8fcfeb, 0x00ceb2, 0x00b9c5, 0x000000, 0x8fcfec,
    0x00b8a7, 0x000000, 0x000000, 0x00c8a3, 0x000000, 0x00e2ed, 0x000000, 0x000000, 0x000000,
    0x000000, 0x000000, 0x8fcfed, 0x000000, 0x00e2ef, 0x000000, 0x8fcfee, 0x000000, 0x00b8eb,
    0x000000, 0x000000, 0x000000, 0x000000, 0x00e2ee, 0x00c4f6, 0x000000, 0x000000, 0x8fcfef,
    0x000000, 0x00e2f1, 0x00b3b7, 0x00e2ec, 0x8fcff0, 0x000000, 0x00c8ea, 0x000000, 0x00b1b0,
    0x8fcff1, 0x00baec, 0x000000, 0x00cfd2, 0x8fcff2, 0x000000, 0x00e2f0, 0x000000, 0x000000,
    0x8fcff4, 0x8fcff5, 0x8fcff6, 0x000000, 0x8fcff3, 0x000000, 0x00e2f2, 0x8fcff7, 0x000000,
    0x000000, 0x00cacb, 0x8fcff8, 0x00c0d9, 0x00e2f4, 0x000000, 0x8fcff9, 0x8fcffa, 0x000000,
    0x00e2f5, 0x8fcffb, 0x8fcffc, 0x8fcffd, 0x8fcffe, 0x000000, 0x00e2f3, 0x000000, 0x000000,
    0x000000, 0x000000, 0x00b3ce, 0x8fd0a1, 0x00e2fb, 0x8fd0a2, 0x00e2fa, 0x8fd0a3, 0x000000,
    0x00bca7, 0x000000, 0x000000, 0x000000, 0x00e2fc, 0x00e2f7, 0x8fd0a4, 0x8fd0a5, 0x8fd0a6,
    0x00e2fd, 0x00e2f8, 0x8fd0a7, 0x000000, 0x8fd0a8, 0x000000, 0x00c8d8, 0x00e2f6, 0x8fd0a9,
    0x8fd0aa, 0x00e2f9, 0x8fd0ab, 0x8fd0ac, 0x000000, 0x000000, 0x000000, 0x00e3a2, 0x8fd0ae,
    0x000000, 0x000000, 0x000000, 0x8fd0af, 0x8fd0b0, 0x8fd0b1, 0x000000, 0x000000, 0x8fd0ad,
    0x000000, 0x8fd0b2, 0x00e3a1, 0x00cbe1, 0x000000, 0x8fd0b3, 0x000000, 0x00e2fe, 0x000000,
    0x000000, 0x00b0eb, 0x000000, 0x000000, 0x8fd0b4, 0x8fd0b5, 0x00e3a4, 0x000000, 0x8fd0b7,
    0x8fd0b8, 0x000000, 0x000000, 0x8fd0b9, 0x8fd0ba, 0x000000, 0x00e3a3, 0x000000, 0x8fd0bb,
    0x8fd0b6, 0x00becc, 0x000000, 0x000000, 0x000000, 0x000000, 0x8fd0bc, 0x00e3a5, 0x000000,
    0x000000, 0x000000, 0x000000, 0x8fd0bd, 0x000000, 0x00c1c3, 0x000000, 0x8fd0be, 0x00e3a7,
    0x00e3a6, 0x000000, 0x000000, 0x000000, 0x000000, 0x000000, 0x000000, 0x00e3a8, 0x8fd0bf,
    0x000000, 0x8fd0c0, 0x000000, 0x8fd0c1, 0x8fd0c2, 0x8fd0c3, 0x000000, 0x000000, 0x000000,
    0x000000, 0x8fd0c4, 0x00e2e8, 0x8fd0c5, 0x000000, 0x8fd0c6, 0x00e2ea, 0x00e3aa, 0x00e3a9,
    0x8fd0c7, 0x000000, 0x000000, 0x8ff4d4, 0x8fd0c8, 0x000000, 0x000000, 0x8fd0c9, 0x8fd0ca,
    0x000000, 0x000000, 0x000000, 0x000000, 0x00bca8, 0x8fd0cb, 0x00cee9, 0x8fd0cc, 0x00bcd2,
    0x8fd0cd, 0x00e3ab, 0x00b7b7, 0x000000, 0x000000, 0x8fd0ce, 0x8fd0cf, 0x8fd0d0, 0x00b5c0,
    0x00b5a7, 0x00bbe3, 0x8fd0d1, 0x8fd0d2, 0x000000, 0x000000, 0x000000, 0x8fd0d3, 0x00cdb4,
    0x8fd0d4, 0x000000, 0x00e3b1, 0x8fd0d5, 0x00e3b0, 0x00c1c4, 0x00e3ad, 0x8fd0d6, 0x000000,
    0x00e3af, 0x8fd0d7, 0x8fd0d8, 0x00bdcb, 0x00bfc0, 0x00e3ae, 0x00e3ac, 0x000000, 0x00c7aa,
    0x000000, 0x000000, 0x00becd, 0x000000, 0x8fd0d9, 0x00c9bc, 0x8fd0da, 0x000000, 0x8fd0db,
    0x000000, 0x00bad7, 0x000000, 0x000000, 0x000000, 0x000000, 0x8fd0dc, 0x000000, 0x000000,
    0x000000, 0x000000, 0x00c5f8, 0x000000, 0x8fd0dd, 0x00e3b2, 0x8fd0de, 0x8fd0df, 0x000000,
    0x8fd0e0, 0x00e3b3, 0x00e3c9, 0x00b6d8, 0x000000, 0x000000, 0x00cfbd, 0x00c1b5, 0x000000,
    0x000000, 0x000000, 0x000000, 0x00e3b4, 0x8fd0e1, 0x8fd0e2, 0x00b2d2, 0x00c4f7, 0x00caa1,
    0x000000, 0x8fd0e3, 0x000000, 0x8fd0e4, 0x8fd0e5, 0x8fd0e6, 0x8fd0e7, 0x000000, 0x8fd0e8,
    0x000000, 0x000000, 0x8fd0e9, 0x8fd0ea, 0x00e3b5, 0x000000, 0x000000, 0x000000, 0x8fd0eb,
    0x000000, 0x000000, 0x000000, 0x000000, 0x00b5fa, 0x00e3b6, 0x8fd0ec, 0x8fd0ed, 0x00e3b8,
    0x8fd0ee, 0x000000, 0x000000, 0x00e3b9, 0x8fd0ef, 0x00c7a9, 0x8fd0f0, 0x000000, 0x00e3ba,
    0x8fd0f1, 0x000000, 0x000000, 0x000000, 0x8fd0f2, 0x00e3bb, 0x00e3bc, 0x8fd0f3, 0x000000,
    0x00b6d9, 0x00b2d3, 0x00c6c5, 0x00bda8, 0x00bbe4, 0x8fd0f4, 0x000000, 0x8fd0f5, 0x000000,
    0x000000, 0x8fd0f6, 0x8fd0f7, 0x00e3bd, 0x8fd0f8, 0x00bda9, 0x000000, 0x000000, 0x000000,
    0x8fd0f9, 0x000000, 0x00b2ca, 0x00c9c3, 0x000000, 0x8fd0fa, 0x00e3be, 0x8fd0fb, 0x000000,
    0x00c8eb, 0x000000, 0x8fd0fc, 0x000000, 0x000000, 0x8fd0fd, 0x8fd0fe, 0x00c1c5, 0x8fd1a1,
    0x00e3c1, 0x8fd1a2, 0x00e3c2, 0x00c7e9, 0x8fd1a3, 0x00bfc1, 0x00e3bf, 0x000000, 0x00c3e1,
    0x8fd1a4, 0x8fd1a5, 0x00e3c0, 0x8fd1a6, 0x000000, 0x000000, 0x00bece, 0x8fd1a7, 0x000000,
    0x000000, 0x000000, 0x000000, 0x000000, 0x000000, 0x8fd1a8, 0x000000, 0x000000, 0x00b0dc,
    0x8fd1a9, 0x000000, 0x000000, 0x000000, 0x00b5a9, 0x000000, 0x8fd1aa, 0x8fd1ab, 0x000000,
    0x000000, 0x000000, 0x8fd1ac, 0x00e3c3, 0x8fd1ad, 0x8fd1ae, 0x00c4f8, 0x8fd1af, 0x00e3c4,
    0x00c0c7, 0x000000, 0x000000, 0x8fd1b0, 0x000000, 0x000000, 0x00ccad, 0x8fd1b1, 0x000000,
    0x00c9a3, 0x00e3c5, 0x00e3c6, 0x00c3d5, 0x8fd1b2, 0x00cec7, 0x000000, 0x8fd1b3, 0x00e3c8,
    0x00e3c7, 0x8fd1b4, 0x000000, 0x000000, 0x000000, 0x000000, 0x000000, 0x8fd1b5, 0x000000,
    0x000000, 0x000000, 0x8fd1b6, 0x000000, 0x8fd1b7, 0x00bcef, 0x8fd1b8, 0x8fd1b9, 0x00e3ca,
    0x00b0f0, 0x000000, 0x8fd1ba, 0x8fd1bb, 0x000000, 0x00e3cd, 0x8fd1bc, 0x8fd1bd, 0x8fd1be,
    0x00e3cb, 0x00b2d4, 0x00b7ce, 0x00e3cc, 0x00b9c6, 0x00b9f2, 0x000000, 0x00cae6, 0x00e3ce,
    0x8fd1bf, 0x8fd1c0, 0x00cbd4, 0x8fd1c1, 0x8fd1c2, 0x00e3d0, 0x000000, 0x000000, 0x8fd1c3,
    0x00c0d1, 0x00b1cf, 0x00b2ba, 0x00b0ac, 0x000000, 0x000000, 0x000000, 0x000000, 0x8fd1c4,
    0x8fd1c5, 0x00e3cf, 0x000000, 0x8fd1c6, 0x000000, 0x000000, 0x8fd1c7, 0x8fd1c8, 0x000000,
    0x8fd1c9, 0x8fd1ca, 0x00e3d1, 0x00e3d2, 0x00bef7, 0x000000, 0x8fd1cb, 0x000000, 0x8fd1cc,
    0x000000, 0x00e3d3, 0x8fd1cd, 0x00b3cf, 0x000000, 0x8fd1ce, 0x000000, 0x000000, 0x00e3d5,
    0x000000, 0x000000, 0x000000, 0x00b7ea, 0x8fd1cf, 0x00b5e6, 0x000000, 0x8fd1d0, 0x00e3d6,
    0x00b6f5, 0x000000, 0x000000, 0x00e3d7, 0x8fd1d1, 0x00c0fc, 0x8fd1d2, 0x00c6cd, 0x8fd1d3,
    0x00c0e0, 0x00baf5, 0x8fd1d4, 0x8fd1d5, 0x000000, 0x00e3d8, 0x000000, 0x8fd1d6, 0x8fd1d7,
    0x000000, 0x000000, 0x000000, 0x000000, 0x8fd1d8, 0x8fd1d9, 0x00c3e2, 0x00c1eb, 0x8fd1da,
    0x00e3da, 0x00e3dc, 0x00e3d9, 0x00e3db, 0x000000, 0x000000, 0x000000, 0x000000, 0x000000,
    0x8fd1db, 0x00b7a2, 0x8fd1dc, 0x000000, 0x000000, 0x8fd1dd, 0x000000, 0x000000, 0x000000,
    0x000000, 0x000000, 0x00e3dd, 0x00b7a6, 0x000000, 0x8fd1de, 0x000000, 0x00b5e7, 0x00cdd2,
    0x00e3df, 0x000000, 0x000000, 0x8fd1df, 0x000000, 0x8fd1e0, 0x00e3e0, 0x000000, 0x000000,
    0x8fd1e1, 0x00b1ae, 0x8fd1e2, 0x8fd1e3, 0x000000, 0x000000, 0x00e3e3, 0x000000, 0x000000,
    0x000000, 0x00b3f6, 0x00e3e2, 0x00e3e1, 0x8fd1e4, 0x00e3e5, 0x00e3de, 0x8fd1e5, 0x00e3e6,
    0x00cea9, 0x8fd1e6, 0x00e3e7, 0x8fd1e7, 0x00e3e8, 0x000000, 0x8fd1e8, 0x00d4f4, 0x00e3ea,
    0x000000, 0x00e3e9, 0x000000, 0x000000, 0x000000, 0x00e3eb, 0x00e3ec, 0x8fd1e9, 0x00ceb5,
    0x00e3ed, 0x000000, 0x00f0ef, 0x00becf, 0x00e3ee, 0x00e3ef, 0x00bdd7, 0x000000, 0x00c6b8,
    0x00e3f0, 0x8ff4d9, 0x8fd1ea, 0x8fd1eb, 0x00c3a8, 0x8fd1ec, 0x8fd1ed, 0x00e3f1, 0x000000,
    0x00c3bc, 0x00e3f2, 0x8fd1ee, 0x000000, 0x000000, 0x8fd1ef, 0x000000, 0x00b6a5, 0x000000,
    0x00d1bf, 0x00c3dd, 0x00bcb3, 0x8fd1f0, 0x000000, 0x8fd1f1, 0x8fd1f2, 0x00b4c8, 0x000000,
    0x000000, 0x00e3f3, 0x000000, 0x00e4a2, 0x000000, 0x00e3f6, 0x8fd1f3, 0x00b5e8, 0x000000,
    0x00e3f5, 0x00e4a4, 0x000000, 0x000000, 0x000000, 0x00e3f4, 0x000000, 0x00bed0, 0x000000,
    0x000000, 0x8fd1f4, 0x000000, 0x000000, 0x000000, 0x00e3f8, 0x00e3f9, 0x000000, 0x00c5ab,
    0x000000, 0x000000, 0x00e3fa, 0x8fd1f5, 0x00b3de, 0x000000, 0x000000, 0x8fd1f6, 0x000000,
    0x00bfda, 0x00c9e4, 0x8fd1f7, 0x00e3fc, 0x8fd1f8, 0x8fd1f9, 0x8fd1fa, 0x00c2e8, 0x8fd1fb,
    0x8fd1fc, 0x8fd1fd, 0x8fd1fe, 0x8fd2a1, 0x000000, 0x00e3f7, 0x8fd2a2, 0x00e3fb, 0x00e3fd,
    0x000000, 0x000000, 0x00bafb, 0x000000, 0x000000, 0x000000, 0x8fd2a3, 0x000000, 0x8fd2a4,
    0x8fd2a5, 0x8fd2a6, 0x000000, 0x000000, 0x000000, 0x00e4a6, 0x00c9ae, 0x8fd2a7, 0x00c8a6,
    0x00c5f9, 0x000000, 0x00b6da, 0x00e4a5, 0x00e4a3, 0x8fd2a8, 0x00c8b5, 0x00e3fe, 0x00c3de,
    0x00c5fb, 0x000000, 0x00c5fa, 0x8fd2a9, 0x00baf6, 0x000000, 0x000000, 0x000000, 0x000000,
    0x000000, 0x000000, 0x00e4b8, 0x000000, 0x000000, 0x8fd2aa, 0x000000, 0x000000, 0x000000,
    0x8fd2ab, 0x00e4a8, 0x8fd2ac, 0x00e4aa, 0x000000, 0x8fd2ad, 0x8fd2ae, 0x000000, 0x00e4ad,
    0x8fd2af, 0x00e4ae, 0x8fd2b0, 0x00e4ab, 0x00e4ac, 0x8fd2b1, 0x8fd2b2, 0x00e4a9, 0x00e4a7,
    0x000000, 0x8fd2b3, 0x000000, 0x000000, 0x00e4a1, 0x000000, 0x000000, 0x000000, 0x000000,
    0x000000, 0x8fd2b4, 0x000000, 0x00cacf, 0x00b2d5, 0x000000, 0x8fd2b5, 0x000000, 0x00e4b5,
    0x000000, 0x00e4b2, 0x8fd2b6, 0x00e4b7, 0x8fd2b7, 0x8fd2b8, 0x00e4b6, 0x000000, 0x00c7f3,
    0x00cca7, 0x8fd2b9, 0x00bbbb, 0x00e4b0, 0x00e4b9, 0x00e4b4, 0x8fd2ba, 0x00e4b3, 0x00e4af,
    0x8fd2bb, 0x00e4b1, 0x8fd2bc, 0x00b4c9, 0x000000, 0x000000, 0x000000, 0x8fd2bd, 0x000000,
    0x000000, 0x000000, 0x000000, 0x00c3bd, 0x000000, 0x8fd2be, 0x00c0fd, 0x000000, 0x8fd2bf,
    0x8fd2c0, 0x00c8a2, 0x8fd2c1, 0x000000, 0x00e4be, 0x8fd2c2, 0x8fd2c3, 0x000000, 0x00c8a4,
    0x000000, 0x8fd2c4, 0x8fd2c5, 0x8fd2c6, 0x8fd2c7, 0x000000, 0x000000, 0x00c0e1, 0x00e4bb,
    0x8fd2c8, 0x000000, 0x00c8cf, 0x8fd2c9, 0x00e4bf, 0x00cad3, 0x8fd2ca, 0x00c3db, 0x8fd2cb,
    0x00e4ba, 0x00e4bc, 0x000000, 0x000000, 0x00e4bd, 0x000000, 0x000000, 0x000000, 0x000000,
    0x8fd2cc, 0x000000, 0x8fd2cd, 0x8fd2ce, 0x000000, 0x8fd2cf, 0x8fd2d0, 0x8fd2d1, 0x000000,
    0x00e4c0, 0x000000, 0x000000, 0x00bcc4, 0x000000, 0x000000, 0x000000, 0x00c6c6, 0x00e4c5,
    0x00e4c4, 0x000000, 0x8fd2d2, 0x00e4c1, 0x8fd2d3, 0x000000, 0x000000, 0x00cfb6, 0x000000,
    0x000000, 0x000000, 0x000000, 0x8fd2d4, 0x00e4ca, 0x8fd2d5, 0x8fd2d6, 0x00e4ce, 0x00e4cb,
    0x8fd2d7, 0x8fd2d8, 0x8fd2d9, 0x000000, 0x8fd2da, 0x000000, 0x8fd2db, 0x000000, 0x00e4c7,
    0x8fd2dc, 0x8fd2dd, 0x8fd2de, 0x8fd2df, 0x000000, 0x8fd2e0, 0x00e4c8, 0x000000, 0x8fd2e1,
    0x000000, 0x8fd2e2, 0x8fd2e3, 0x00e4cd, 0x8fd2e4, 0x8fd2e5, 0x000000, 0x00e4c2, 0x00d2d5,
    0x00e4c9, 0x00e4c3, 0x000000, 0x000000, 0x00e4cc, 0x000000, 0x8fd2e6, 0x000000, 0x8fd2e7,
    0x000000, 0x000000, 0x000000, 0x00e4d2, 0x8fd2e8, 0x00b4ca, 0x000000, 0x00e4cf, 0x000000,
    0x8fd2e9, 0x8fd2ea, 0x00e4d0, 0x8fd2eb, 0x000000, 0x00e4d1, 0x00e4d4, 0x8fd2ec, 0x000000,
    0x000000, 0x000000, 0x000000, 0x8fd2ed, 0x000000, 0x8fd2ee, 0x8fd2ef, 0x000000, 0x8fd2f0,
    0x00e4d3, 0x00c8f6, 0x8fd2f1, 0x8fd2f2, 0x000000, 0x000000, 0x00e4d5, 0x00cefc, 0x00caed,
    0x00e4da, 0x000000, 0x000000, 0x00e4d7, 0x000000, 0x000000, 0x8fd2f3, 0x000000, 0x000000,
    0x000000, 0x8fd2f4, 0x000000, 0x00e4d6, 0x00c0d2, 0x000000, 0x00e4d9, 0x00e4db, 0x8fd2f6,
    0x8fd2f7, 0x8fd2f8, 0x00e4d8, 0x8fd2f5, 0x00e4df, 0x000000, 0x00e4dc, 0x8fd2f9, 0x8fd2fa,
    0x8fd2fb, 0x8fd2fc, 0x8fd2fd, 0x8fd2fe, 0x00e4dd, 0x00e4c6, 0x8fd3a1, 0x000000, 0x8fd3a2,
    0x00e4de, 0x00e4e0, 0x000000, 0x8fd3a3, 0x000000, 0x8fd3a4, 0x000000, 0x000000, 0x00e4e1,
    0x8fd3a5, 0x8fd3a6, 0x000000, 0x8fd3a7, 0x000000, 0x8fd3a8, 0x00cac6, 0x000000, 0x00e4e2,
    0x000000, 0x000000, 0x000000, 0x8fd3a9, 0x000000, 0x000000, 0x8fd3aa, 0x8fd3ab, 0x00cce2,
    0x000000, 0x00b6ce, 0x00b7a9, 0x00e4e3, 0x000000, 0x000000, 0x8fd3ac, 0x8fd3ad, 0x000000,
    0x00cab4, 0x000000, 0x00bfe8, 0x000000, 0x00ccb0, 0x000000, 0x8fd3ae, 0x00e4e4, 0x000000,
    0x00ceb3, 0x000000, 0x8fd3af, 0x00c7f4, 0x000000, 0x00c1c6, 0x00c7b4, 0x000000, 0x000000,
    0x00bdcd, 0x000000, 0x000000, 0x8fd3b0, 0x00b0c0, 0x8fd3b1, 0x00e4e9, 0x00e4e7, 0x000000,
    0x00e4e5, 0x00b4a1, 0x8fd3b2, 0x00bed1, 0x00e4ea, 0x000000, 0x000000, 0x00e4e8, 0x000000,
    0x00e4e6, 0x00e4ee, 0x000000, 0x8fd3b3, 0x00e4ed, 0x00e4ec, 0x00e4eb, 0x000000, 0x000000,
    0x8fd3b4, 0x8fd3b5, 0x000000, 0x00e4ef, 0x8fd3b6, 0x8fd3b7, 0x8fd3b8, 0x00e4f0, 0x00c0ba,
    0x8fd3b9, 0x00e4f1, 0x000000, 0x00e4f3, 0x000000, 0x8fd3ba, 0x00e4f2, 0x000000, 0x8fd3bb,
    0x8fd3bc, 0x8fd3bd, 0x00b8d2, 0x000000, 0x000000, 0x8fd3be, 0x00c1b8, 0x8fd3bf, 0x000000,
    0x000000, 0x00e4f5, 0x8fd3c0, 0x8fd3c1, 0x8fd3c2, 0x00c5fc, 0x8fd3c3, 0x00e4f4, 0x8fd3c4,
    0x8fd3c5, 0x000000, 0x00e4f6, 0x8fd3c6, 0x00cab5, 0x00c1ec, 0x00b9c7, 0x000000, 0x00e4f7,
    0x000000, 0x000000, 0x000000, 0x8fd3c7, 0x00cec8, 0x000000, 0x8fd3c8, 0x000000, 0x8fd3c9,
    0x000000, 0x000000, 0x000000, 0x00e4f9, 0x000000, 0x000000, 0x00e4fa, 0x000000, 0x00e4fb,
    0x8fd3ca, 0x00e4fc, 0x000000, 0x00bbe5, 0x000000, 0x00e4fd, 0x00b7cf, 0x000000, 0x000000,
    0x00b5ea, 0x000000, 0x00b5aa, 0x000000, 0x00e5a1, 0x8fd3cb, 0x00ccf3, 0x00b9c8, 0x00e4fe,
    0x8fd3cc, 0x8fd3cd, 0x8fd3ce, 0x00e5a4, 0x00cce6, 0x000000, 0x00c7bc, 0x000000, 0x8fd3cf,
    0x00c9b3, 0x8fd3d0, 0x8fd3d1, 0x8fd3d2, 0x00bde3, 0x00e5a3, 0x8fd3d3, 0x00bcd3, 0x00b9c9,
    0x00bbe6, 0x00b5e9, 0x00cab6, 0x00e5a2, 0x8fd3d4, 0x8fd3d5, 0x000000, 0x00c1c7, 0x00cbc2,
    0x00baf7, 0x8fd3d6, 0x000000, 0x000000, 0x8fd3d7, 0x000000, 0x000000, 0x000000, 0x8fd3d8,
    0x00bbe7, 0x00c4dd, 0x8fd3d9, 0x00e5a7, 0x00cedf, 0x00bad9, 0x8fd3da, 0x00e5a8, 0x00bfc2,
    0x000000, 0x00e5aa, 0x000000, 0x000000, 0x000000, 0x00bed2, 0x00bab0, 0x000000, 0x8fd3db,
    0x8fd3dc, 0x8fd3dd, 0x00e5a9, 0x8fd3de, 0x8fd3df, 0x00bdaa, 0x00b8be, 0x00c1c8, 0x00e5a5,
    0x00e5ab, 0x8fd3e0, 0x8fd3e1, 0x000000, 0x000000, 0x00e5a6, 0x00b7d0, 0x8fd3e2, 0x00e5ae,
    0x00e5b2, 0x00b7eb, 0x8fd3e3, 0x000000, 0x8fd3e4, 0x000000, 0x000000, 0x00e5ad, 0x8fd3e5,
    0x000000, 0x8fd3e6, 0x8fd3e7, 0x00e5b6, 0x8fd3e8, 0x8fd3e9, 0x00b9ca, 0x000000, 0x000000,
    0x00cded, 0x00b0bc, 0x00e5b3, 0x000000, 0x8fd3ea, 0x00b5eb, 0x8fd3eb, 0x00e5b0, 0x000000,
    0x8fd3ec, 0x000000, 0x000000, 0x000000, 0x00e5b1, 0x000000, 0x8fd3ed, 0x00c5fd, 0x00e5af,
    0x00e5ac, 0x000000, 0x00b3a8, 0x00c0e4, 0x000000, 0x8fd3ee, 0x00b8a8, 0x8fd3ef, 0x8fd3f0,
    0x000000, 0x00e5b8, 0x000000, 0x8fd3f1, 0x000000, 0x8fd3f2, 0x8fd3f3, 0x8fd3f4, 0x000000,
    0x8fd3f5, 0x8fd3f6, 0x000000, 0x8fd3f7, 0x00e5b5, 0x000000, 0x8fd3f8, 0x8fd3f9, 0x8fd3fa,
    0x000000, 0x00e5b7, 0x000000, 0x8fd3fb, 0x000000, 0x00e5b4, 0x000000, 0x000000, 0x8fd3fc,
    0x8fd3fd, 0x000000, 0x00b7d1, 0x00c2b3, 0x00e5b9, 0x00c1ee, 0x8fd3fe, 0x8fd4a1, 0x00e5c6,
    0x8ff4dc, 0x000000, 0x00e5c2, 0x00e5bc, 0x000000, 0x000000, 0x8fd4a2, 0x8fd4a3, 0x000000,
    0x000000, 0x8fd4a4, 0x00e5c0, 0x00bcfa, 0x00b0dd, 0x00e5bb, 0x00e5c3, 0x00e5c7, 0x00b9cb,
    0x00ccd6, 0x8fd4a5, 0x00c4d6, 0x00e5bd, 0x8fd4a6, 0x8fd4a7, 0x00e5c5, 0x8fd4a8, 0x00e5ba,
    0x00c3be, 0x000000, 0x00e5bf, 0x00b0bd, 0x00ccca, 0x000000, 0x000000, 0x8fd4a9, 0x8fd4aa,
    0x8fd4ab, 0x8fd4ac, 0x8fd4ad, 0x00e5be, 0x000000, 0x000000, 0x00b6db, 0x00c8ec, 0x8fd4ae,
    0x8fd4af, 0x8fd4b0, 0x00c1ed, 0x000000, 0x00ced0, 0x00bdef, 0x000000, 0x000000, 0x00e5ee,
    0x8ff4dd, 0x8fd4b1, 0x00e5c8, 0x8fd4b2, 0x00c0fe, 0x000000, 0x00e5c4, 0x00e5c9, 0x00e5cb,
    0x000000, 0x00c4f9, 0x00e5ce, 0x8fd4b4, 0x000000, 0x00e5ca, 0x8fd4b5, 0x8fd4b6, 0x000000,
    0x00cad4, 0x00b4cb, 0x8fd4b7, 0x8fd4b8, 0x00cccb, 0x8fd4b9, 0x000000, 0x00b0de, 0x000000,
    0x8fd4ba, 0x00e5cd, 0x000000, 0x00cefd, 0x8fd4bb, 0x8fd4bc, 0x000000, 0x000000, 0x8fd4bd,
    0x8fd4be, 0x00e5cc, 0x000000, 0x000000, 0x000000, 0x000000, 0x8fd4b3, 0x00b1ef, 0x000000,
    0x000000, 0x00c6ec, 0x00e5cf, 0x000000, 0x000000, 0x8fd4bf, 0x00e5d6, 0x00e5d0, 0x00e5d7,
    0x000000, 0x000000, 0x000000, 0x000000, 0x8fd4c0, 0x8fd4c1, 0x00e5d3, 0x000000, 0x000000,
    0x8fd4c2, 0x000000, 0x8fd4c3, 0x000000, 0x000000, 0x000000, 0x00c7fb, 0x8fd4c4, 0x8fd4c5,
    0x00bcca, 0x00e5d5, 0x8fd4c6, 0x00e5d2, 0x00e5d8, 0x00e5d1, 0x000000, 0x000000, 0x00bdc4,
    0x8fd4c7, 0x8fd4c8, 0x000000, 0x000000, 0x00cba5, 0x8fd4c9, 0x8fd4ca, 0x00bdcc, 0x8fd4cb,
    0x000000, 0x00e5d4, 0x00e5e0, 0x8fd4cc, 0x000000, 0x00e5dc, 0x8fd4cd, 0x00e5df, 0x000000,
    0x00e5dd, 0x00e5e1, 0x00e5db, 0x000000, 0x00e5c1, 0x00c0d3, 0x8fd4ce, 0x000000, 0x00c8cb,
    0x000000, 0x00e5de, 0x8fd4cf, 0x8fd4d0, 0x00e5d9, 0x8fd4d1, 0x000000, 0x000000, 0x00c1a1,
    0x00b7d2, 0x000000, 0x00bdab, 0x8fd4d2, 0x000000, 0x8fd4d3, 0x000000, 0x8fd4d4, 0x000000,
    0x00bfa5, 0x00c1b6, 0x00e5e4, 0x000000, 0x8fd4d5, 0x00e5e6, 0x00e5e7, 0x000000, 0x000000,
    0x00e5e3, 0x00e5e5, 0x8fd4d6, 0x000000, 0x8fd4d7, 0x8fd4d8, 0x000000, 0x000000, 0x8fd4d9,
    0x00e5da, 0x00e5e2, 0x000000, 0x00e5ea, 0x00e5e9, 0x8fd4da, 0x000000, 0x00cbfa, 0x8fd4db,
    0x8fd4dc, 0x00b7ab, 0x000000, 0x000000, 0x8fd4dd, 0x000000, 0x000000, 0x000000, 0x000000,
    0x8fd4de, 0x00e5e8, 0x000000, 0x00e5ec, 0x00e5eb, 0x00e5ef, 0x8fd4df, 0x00e5f1, 0x000000,
    0x8fd4e0, 0x00bbbc, 0x00e5ed, 0x000000, 0x000000, 0x8fd4e1, 0x8fd4e2, 0x00e5f2, 0x00e5f3,
    0x8fd4e3, 0x000000, 0x00e5f4, 0x8fd4e4, 0x00e5fa, 0x00c5bb, 0x00e5f6, 0x8fd4e5, 0x00e5f5,
    0x00e5f7, 0x00e5f8, 0x8fd4e6, 0x00e5f9, 0x000000, 0x8fd4e7, 0x000000, 0x8fd4e8, 0x00e5fb,
    0x00e5fc, 0x8fd4e9, 0x8fd4ea, 0x000000, 0x000000, 0x000000, 0x000000, 0x000000, 0x000000,
    0x000000, 0x000000, 0x000000, 0x000000, 0x000000, 0x000000, 0x000000, 0x000000, 0x000000,
    0x000000, 0x000000, 0x000000, 0x000000, 0x000000, 0x000000, 0x000000, 0x000000, 0x000000,
    0x000000, 0x000000, 0x000000, 0x000000, 0x000000, 0x000000, 0x000000, 0x000000, 0x000000,
    0x000000, 0x000000, 0x000000, 0x000000, 0x000000, 0x000000, 0x000000, 0x000000, 0x000000,
    0x000000, 0x000000, 0x000000, 0x000000, 0x000000, 0x000000, 0x000000, 0x000000, 0x000000,
    0x000000, 0x000000, 0x000000, 0x00b4cc, 0x000000, 0x00e5fd, 0x000000, 0x00e5fe, 0x8fd4ec,
    0x8fd4eb, 0x8fd4ed, 0x8fd4ee, 0x8fd4ef, 0x000000, 0x000000, 0x000000, 0x8fd4f0, 0x8fd4f1,
    0x00e6a1, 0x000000, 0x8fd4f2, 0x000000, 0x000000, 0x000000, 0x000000, 0x00e6a2, 0x00e6a3,
    0x00e6a4, 0x8fd4f3, 0x00e6a5, 0x00e6a6, 0x8fd4f4, 0x8fd4f5, 0x00e6a8, 0x00e6a7, 0x000000,
    0x000000, 0x00e6a9, 0x000000, 0x000000, 0x8fd4f6, 0x8fd4f7, 0x8fd4f8, 0x000000, 0x00e6aa,
    0x00e6ab, 0x8fd4f9, 0x000000, 0x8fd4fa, 0x8fd4fb, 0x8fd4fc, 0x8fd4fd, 0x00e6ae, 0x00e6ac,
    0x00e6ad, 0x00bae1, 0x00b7d3, 0x000000, 0x8fd4fe, 0x00c3d6, 0x000000, 0x00c8b3, 0x8fd5a1,
    0x00bdf0, 0x000000, 0x000000, 0x00c7cd, 0x000000, 0x00c8ed, 0x00e6af, 0x00d8ed, 0x000000,
    0x000000, 0x000000, 0x8fd5a2, 0x8fd5a3, 0x8fd5a4, 0x8fd5a5, 0x000000, 0x00e6b0, 0x00e6b2,
    0x000000, 0x00cde5, 0x00e6b1, 0x00e6b4, 0x00e6b3, 0x000000, 0x00cdd3, 0x8fd5a6, 0x00e6b5,
    0x8fd5a7, 0x00c8fe, 0x8fd5a8, 0x8fd5a9, 0x8fd5aa, 0x000000, 0x000000, 0x00e6b6, 0x000000,
    0x8fd5ab, 0x8fd5ac, 0x000000, 0x000000, 0x00e6b9, 0x000000, 0x8fd5ad, 0x00e6b8, 0x00e6b7,
    0x000000, 0x000000, 0x8fd5ae, 0x8fd5af, 0x00e6ba, 0x00b7b2, 0x000000, 0x8fd5b0, 0x000000,
    0x00c1a2, 0x00b5c1, 0x8fd5b1, 0x000000, 0x000000, 0x8fd5b2, 0x00e6be, 0x00e6bb, 0x000000,
    0x000000, 0x00e6bc, 0x000000, 0x8fd5b3, 0x000000, 0x00e6bf, 0x000000, 0x00e6c0, 0x00e6bd,
    0x000000, 0x000000, 0x8fd5b4, 0x00b1a9, 0x000000, 0x8fd5b5, 0x8fd5b6, 0x00b2a7, 0x000000,
    0x8fd5b7, 0x000000, 0x00e6c2, 0x00e6c3, 0x000000, 0x8fd5b8, 0x000000, 0x00e6c4, 0x000000,
    0x00cde2, 0x000000, 0x8fd5b9, 0x8fd5ba, 0x000000, 0x000000, 0x00bdac, 0x000000, 0x00e6c6,
    0x00e6c5, 0x000000, 0x000000, 0x000000, 0x000000, 0x000000, 0x8fd5bb, 0x000000, 0x000000,
    0x000000, 0x8fd5bc, 0x00bfe9, 0x00e6c7, 0x000000, 0x8fd5bd, 0x000000, 0x8fd5be, 0x00e6c8,
    0x000000, 0x8fd5bf, 0x00e6c9, 0x000000, 0x00b4e5, 0x8fd5c0, 0x000000, 0x8fd5c1, 0x8fd5c2,
    0x00b4cd, 0x000000, 0x8fd5c3, 0x00e6ca, 0x000000, 0x000000, 0x000000, 0x000000, 0x000000,
    0x00e6cb, 0x8fd5c4, 0x00cbdd, 0x00cde3, 0x8fd5c5, 0x8fd5c6, 0x8fd5c7, 0x00cdd4, 0x00cfb7,
    0x000000, 0x00b9cd, 0x00e6ce, 0x00bcd4, 0x00e6cd, 0x8fd5c8, 0x8fd5c9, 0x000000, 0x8fd5ca,
    0x00e6cf, 0x00bca9, 0x8fd5cb, 0x8fd5cc, 0x8fd5cd, 0x00c2d1, 0x8fd5ce, 0x00e6d0, 0x8fd5cf,
    0x8fd5d0, 0x00b9cc, 0x8fd5d1, 0x00ccd7, 0x00e6d1, 0x00e6d2, 0x000000, 0x000000, 0x00e6d3,
    0x8fd5d2, 0x8fd5d3, 0x8fd5d4, 0x8fd5d5, 0x00e6d4, 0x000000, 0x000000, 0x8fd5d6, 0x000000,
    0x8fd5d7, 0x000000, 0x00e6d5, 0x000000, 0x000000, 0x000000, 0x8fd5d8, 0x000000, 0x8fd5d9,
    0x000000, 0x8fd5da, 0x000000, 0x000000, 0x00bcaa, 0x8fd5db, 0x8fd5dc, 0x00cced, 0x8fd5dd,
    0x000000, 0x8fd5de, 0x8fd5df, 0x00e6d7, 0x8fd5e0, 0x00c3bf, 0x8fd5e1, 0x00e6d6, 0x8fd5e2,
    0x000000, 0x000000, 0x000000, 0x8fd5e3, 0x000000, 0x00e6d9, 0x000000, 0x000000, 0x000000,
    0x00e6d8, 0x000000, 0x000000, 0x000000, 0x000000, 0x000000, 0x000000, 0x000000, 0x00e6da,
    0x000000, 0x000000, 0x000000, 0x00c0bb, 0x000000, 0x00e6db, 0x000000, 0x00e6dc, 0x000000,
    0x000000, 0x000000, 0x00cab9, 0x00e6dd, 0x8fd5e4, 0x00c1ef, 0x00e6de, 0x000000, 0x8fd5e5,
    0x000000, 0x8fd5e6, 0x000000, 0x00e6df, 0x000000, 0x000000, 0x000000, 0x000000, 0x8fd5e7,
    0x000000, 0x00cefe, 0x00e6e2, 0x8fd5e8, 0x00e6e1, 0x00e6e0, 0x00c4b0, 0x8fd5e9, 0x00e6e3,
    0x00bfa6, 0x000000, 0x00e6e4, 0x000000, 0x000000, 0x000000, 0x00e6e5, 0x00cfb8, 0x00e6e6,
    0x000000, 0x8fd5ea, 0x000000, 0x000000, 0x00e6e7, 0x00e6e9, 0x00e6e8, 0x00c8a5, 0x8fd5eb,
    0x00c6f9, 0x000000, 0x00cfbe, 0x00c8a9, 0x000000, 0x8fd5ec, 0x000000, 0x000000, 0x000000,
    0x000000, 0x00e6eb, 0x000000, 0x000000, 0x00bed3, 0x000000, 0x00c9aa, 0x000000, 0x00e6ec,
    0x00e6ea, 0x8fd5ed, 0x00b4ce, 0x8fd5ee, 0x000000, 0x000000, 0x00b8d4, 0x00bbe8, 0x000000,
    0x000000, 0x00c8ee, 0x8fd5ef, 0x8fd5f0, 0x000000, 0x00b8aa, 0x00cbc3, 0x8fd5f1, 0x00e6ef,
    0x00e6ed, 0x000000, 0x00b9ce, 0x000000, 0x00b9cf, 0x00b0e9, 0x000000, 0x00bae8, 0x000000,
    0x000000, 0x000000, 0x8fd5f2, 0x8fd5f3, 0x00c7d9, 0x000000, 0x000000, 0x000000, 0x000000,
    0x000000, 0x00b0df, 0x00e6f4, 0x000000, 0x00c3c0, 0x000000, 0x8fd5f4, 0x000000, 0x000000,
    0x000000, 0x00c7d8, 0x8fd5f5, 0x00c2db, 0x8fd5f6, 0x000000, 0x000000, 0x8fd5f7, 0x000000,
    0x8fd5f8, 0x8fd5f9, 0x00e6f6, 0x8fd5fa, 0x8fd5fb, 0x00e6f2, 0x00e6f5, 0x00e6f0, 0x000000,
    0x00e6f3, 0x00cba6, 0x000000, 0x8fd5fc, 0x00b8d5, 0x000000, 0x000000, 0x00b0fd, 0x00e6f1,
    0x000000, 0x000000, 0x000000, 0x000000, 0x000000, 0x000000, 0x000000, 0x8fd5fd, 0x8fd5fe,
    0x00e6f8, 0x8fd6a1, 0x00e6f9, 0x8fd6a2, 0x8fd6a3, 0x00c6b9, 0x000000, 0x8fd6a4, 0x000000,
    0x00b6bb, 0x8fd6a5, 0x8fd6a6, 0x000000, 0x00e7a6, 0x00c7bd, 0x8fd6a7, 0x000000, 0x000000,
    0x00bbe9, 0x8fd6a8, 0x000000, 0x00b6bc, 0x00c0c8, 0x00cfc6, 0x00ccae, 0x00e6f7, 0x00c0d4,
    0x8fd6a9, 0x000000, 0x000000, 0x000000, 0x000000, 0x000000, 0x000000, 0x000000, 0x000000,
    0x000000, 0x000000, 0x8fd6aa, 0x8fd6ab, 0x8fd6ac, 0x000000, 0x00b5d3, 0x00e6fa, 0x8fd6ad,
    0x000000, 0x8fd6ae, 0x000000, 0x8fd6af, 0x000000, 0x000000, 0x00e6fc, 0x8fd6b0, 0x000000,
    0x000000, 0x8fd6b1, 0x000000, 0x00e6fb, 0x000000, 0x000000, 0x8fd6b2, 0x000000, 0x000000,
    0x00e6fd, 0x8fd6b3, 0x00c3a6, 0x000000, 0x00c7be, 0x000000, 0x8fd6b4, 0x000000, 0x000000,
    0x000000, 0x00c4b1, 0x8fd6b5, 0x000000, 0x8fd6b6, 0x000000, 0x00e7a3, 0x000000, 0x000000,
    0x000000, 0x000000, 0x000000, 0x8fd6b7, 0x00e7a2, 0x8fd6b8, 0x000000, 0x000000, 0x8fd6b9,
    0x00e6fe, 0x8fd6ba, 0x000000, 0x00bfd5, 0x000000, 0x00c9e5, 0x00e7a5, 0x8fd6bb, 0x00e7a4,
    0x00b9d0, 0x00cfd3, 0x000000, 0x8fd6bc, 0x000000, 0x000000, 0x000000, 0x000000, 0x000000,
    0x000000, 0x000000, 0x00e7b5, 0x8fd6bd, 0x8fd6be, 0x000000, 0x000000, 0x000000, 0x00e7a9,
    0x00e7aa, 0x8fd6bf, 0x8fd6c0, 0x8fd6c1, 0x000000, 0x00bcf0, 0x000000, 0x8fd6c2, 0x00e7a8,
    0x8fd6c3, 0x00b9f8, 0x00e7a7, 0x000000, 0x000000, 0x00e7ab, 0x000000, 0x000000, 0x8fd6c4,
    0x00c4b2, 0x00caa2, 0x00c1a3, 0x000000, 0x000000, 0x000000, 0x000000, 0x00c2dc, 0x00e7af,
    0x8fd6c5, 0x00e7b0, 0x00e7ac, 0x8fd6c7, 0x8fd6c8, 0x8fd6c9, 0x000000, 0x00e7ad, 0x000000,
    0x00e7ae, 0x8fd6ca, 0x000000, 0x000000, 0x8fd6cb, 0x00b9d1, 0x8fd6c6, 0x000000, 0x000000,
    0x00e7b6, 0x000000, 0x00e7b2, 0x8fd6cc, 0x000000, 0x8fd6cd, 0x000000, 0x00c9e6, 0x8fd6ce,
    0x00cbec, 0x00c9a8, 0x8fd6cf, 0x000000, 0x00e7b1, 0x000000, 0x8fd6d0, 0x00e7b4, 0x00e7b3,
    0x000000, 0x000000, 0x000000, 0x00cbc4, 0x00e7b7, 0x000000, 0x000000, 0x000000, 0x000000,
    0x8fd6d1, 0x000000, 0x00e7b8, 0x000000, 0x8fd6d2, 0x00c1b7, 0x8fd6d3, 0x00e7b9, 0x000000,
    0x000000, 0x00e7bb, 0x000000, 0x00e7bf, 0x8fd6d4, 0x000000, 0x00e7bc, 0x00e7ba, 0x00c7bf,
    0x00e7bd, 0x000000, 0x00e7be, 0x8fd6d6, 0x000000, 0x8fd6d7, 0x00b2b2, 0x000000, 0x00e7c5,
    0x00e7c0, 0x8fd6d8, 0x8fd6d5, 0x000000, 0x00e7c1, 0x8fd6d9, 0x8fd6da, 0x000000, 0x00e7c2,
    0x000000, 0x00c2a1, 0x000000, 0x8fd6db, 0x000000, 0x8fd6dc, 0x00e7c4, 0x00e7c3, 0x00e7c6,
    0x8fd6dd, 0x000000, 0x8fd6de, 0x8fd6df, 0x00e7c7, 0x00e7c8, 0x8fd6e0, 0x000000, 0x00bfc3,
    0x8fd6e1, 0x00b2e9, 0x000000, 0x00e7c9, 0x00ced7, 0x000000, 0x00bcab, 0x8fd6e2, 0x8fd6e3,
    0x00bdad, 0x000000, 0x000000, 0x8fd6e4, 0x8fd6e5, 0x8fd6e6, 0x00bbea, 0x00c3d7, 0x8fd6e7,
    0x8fd6e8, 0x000000, 0x8fd6e9, 0x8fd6ea, 0x00e7ca, 0x00e7cb, 0x00b1b1, 0x8fd6eb, 0x00e7cc,
    0x8fd6ec, 0x8fd6ed, 0x00e7cd, 0x00e7ce, 0x8fd6ee, 0x000000, 0x00e7cf, 0x000000, 0x00e7d0,
    0x00b6bd, 0x00daaa, 0x00e7d1, 0x000000, 0x00c0e5, 0x00e7d2, 0x00bccb, 0x8fd6ef, 0x00e7d3,
    0x000000, 0x00d0b0, 0x8fd6f0, 0x8fd6f1, 0x000000, 0x00e7d4, 0x00cade, 0x00b4dc, 0x8fd6f2,
    0x8fd6f3, 0x00c1a4, 0x00bdd8, 0x8fd6f4, 0x00c9f1, 0x00bdae, 0x000000, 0x8fd6f5, 0x8fd6f6,
    0x000000, 0x000000, 0x000000, 0x000000, 0x000000, 0x8fd6f7, 0x00e7d5, 0x00b9d2, 0x00e7d6,
    0x00c8cc, 0x000000, 0x00e7e4, 0x000000, 0x000000, 0x000000, 0x8fd6f8, 0x00e7d8, 0x8fd6f9,
    0x00c2c9, 0x00c7f5, 0x00b8bf, 0x00e7d7, 0x00c1a5, 0x8fd6fa, 0x000000, 0x000000, 0x000000,
    0x000000, 0x000000, 0x00e7d9, 0x000000, 0x000000, 0x8fd6fb, 0x8fd6fc, 0x8fd6fd, 0x8fd6fe,
    0x00c4fa, 0x000000, 0x000000, 0x000000, 0x8fd7a1, 0x000000, 0x000000, 0x8fd7a2, 0x8fd7a3,
    0x000000, 0x8fd7a4, 0x000000, 0x000000, 0x000000, 0x000000, 0x8fd7a5, 0x000000, 0x00e7db,
    0x00e7da, 0x00e7dd, 0x000000, 0x8fd7a6, 0x00e7dc, 0x000000, 0x00e7de, 0x8fd7a7, 0x000000,
    0x00e7e0, 0x8fd7a8, 0x00e7df, 0x000000, 0x00b4cf, 0x8fd7a9, 0x00e7e1, 0x000000, 0x00e7e2,
    0x00e7e3, 0x000000, 0x8fd7aa, 0x00bab1, 0x00cec9, 0x000000, 0x00e7e5, 0x00bfa7, 0x000000,
    0x8fd7ab, 0x000000, 0x00b1f0, 0x00e7e6, 0x00e7e7, 0x000000, 0x000000, 0x8fd7ac, 0x000000,
    0x8fd7ad, 0x00e7e8, 0x8fd7ae, 0x8fd7af, 0x8fd7b0, 0x000000, 0x8fd7b1, 0x8fd7b2, 0x000000,
    0x000000, 0x8fd7b3, 0x000000, 0x8fd7b4, 0x8fd7b5, 0x00b0f2, 0x000000, 0x00e7e9, 0x8fd7b6,
    0x000000, 0x000000, 0x8fd7b7, 0x00e7ea, 0x000000, 0x8fd7b8, 0x000000, 0x8fd7b9, 0x000000,
    0x8fd7ba, 0x00c9e7, 0x8fd7bb, 0x8fd7bc, 0x000000, 0x00bcc7, 0x000000, 0x00e7ec, 0x8fd7bd,
    0x8fd7be, 0x000000, 0x8fd7bf, 0x8fd7c0, 0x00b3a9, 0x00b0b2, 0x8fd7c1, 0x8fd7c2, 0x8fd7c3,
    0x8fd7c4, 0x00e7eb, 0x00e7ee, 0x00c7ce, 0x8fd7c5, 0x00bfc4, 0x8fd7c6, 0x00b2d6, 0x8fd7c7,
    0x00cba7, 0x8fd7c8, 0x000000, 0x000000, 0x8fd7c9, 0x00b7dd, 0x00b6dc, 0x8fd7ca, 0x00e7ed,
    0x8fd7cb, 0x00b2ea, 0x8fd7cc, 0x8fd7cd, 0x000000, 0x000000, 0x000000, 0x000000, 0x000000,
    0x00b4a3, 0x8fd7ce, 0x000000, 0x000000, 0x000000, 0x000000, 0x000000, 0x000000, 0x000000,
    0x000000, 0x000000, 0x8fd7cf, 0x00b1f1, 0x00e7f2, 0x00ceea, 0x00c2dd, 0x8fd7d0, 0x000000,
    0x00c9c4, 0x000000, 0x00e7fe, 0x8fd7d1, 0x00b2d7, 0x00e7fc, 0x000000, 0x00e7fa, 0x00e7f1,
    0x8fd7d2, 0x00e7ef, 0x8fd7d3, 0x00e7f0, 0x8fd7d4, 0x00bce3, 0x00b6ec, 0x00c3f7, 0x8fd7d5,
    0x000000, 0x8fd7d6, 0x00c6d1, 0x000000, 0x8fd7d7, 0x000000, 0x8fd7d8, 0x000000, 0x00b1d1,
    0x000000, 0x00e7f4, 0x00e7f3, 0x000000, 0x8fd7d9, 0x8fd7da, 0x000000, 0x00e7f9, 0x00e7f5,
    0x00e7f8, 0x000000, 0x8fd7db, 0x8fd7dc, 0x000000, 0x8fd7dd, 0x8fd7de, 0x00ccd0, 0x00e7f7,
    0x00b2d8, 0x00b3fd, 0x00e7fb, 0x8fd7df, 0x8fd7e0, 0x00e7fd, 0x8fd7e1, 0x8fd7e2, 0x000000,
    0x000000, 0x00b7d4, 0x000000, 0x000000, 0x000000, 0x000000, 0x000000, 0x000000, 0x000000,
    0x00e8a3, 0x00e8ac, 0x00e8ad, 0x000000, 0x000000, 0x8fd7e4, 0x00b0ab, 0x8fd7e5, 0x8fd7e6,
    0x8fd7e7, 0x000000, 0x8fd7e8, 0x8fd7e9, 0x00e8b4, 0x000000, 0x000000, 0x000000, 0x000000,
    0x00b0f1, 0x000000, 0x000000, 0x00e8ab, 0x8fd7ea, 0x8fd7eb, 0x8fd7ec, 0x00e8aa, 0x8fd7ed,
    0x00e8a5, 0x00e8a4, 0x8fd7ee, 0x00e8a2, 0x00e8a1, 0x00c3e3, 0x8fd7ef, 0x00c2fb, 0x00e8a7,
    0x8fd7f0, 0x000000, 0x8fd7f1, 0x8fd7f2, 0x000000, 0x000000, 0x00e8a6, 0x000000, 0x8fd7f3,
    0x8fd7f4, 0x8fd7f5, 0x00e8a9, 0x000000, 0x8fd7f6, 0x000000, 0x00c1f0, 0x00b7d5, 0x000000,
    0x000000, 0x8fd7f7, 0x8fd7f8, 0x00b1c1, 0x00e8a8, 0x8fd7f9, 0x00b9d3, 0x8fd8be, 0x8fd7e3,
    0x8fd7fa, 0x8fd7fb, 0x8fd7fc, 0x00c1f1, 0x000000, 0x000000, 0x000000, 0x000000, 0x000000,
    0x000000, 0x000000, 0x000000, 0x000000, 0x8ff4df, 0x000000, 0x000000, 0x000000, 0x000000,
    0x000000, 0x000000, 0x000000, 0x000000, 0x000000, 0x000000, 0x000000, 0x000000, 0x000000,
    0x8fd7fd, 0x000000, 0x000000, 0x00e8ba, 0x000000, 0x00e8bb, 0x000000, 0x00b2d9, 0x8fd7fe,
    0x000000, 0x000000, 0x00b2ae, 0x00e8b8, 0x8fd8a1, 0x000000, 0x8fd8a2, 0x8fd8a3, 0x000000,
    0x8fd8a4, 0x000000, 0x8fd8a5, 0x00e8ae, 0x8fd8a6, 0x00e8b6, 0x000000, 0x00e8bd, 0x00e8b7,
    0x000000, 0x000000, 0x8fd8a7, 0x00e8b5, 0x000000, 0x000000, 0x000000, 0x8fd8a8, 0x00e7f6,
    0x8fd8a9, 0x8fd8aa, 0x00e8b3, 0x000000, 0x8fd8ab, 0x8fd8ac, 0x00e8af, 0x8fd8ad, 0x8fd8ae,
    0x8fd8af, 0x00b4d0, 0x00e8b1, 0x00e8bc, 0x000000, 0x00e8b2, 0x000000, 0x000000, 0x000000,
    0x8fd8b0, 0x8fd8b1, 0x00e8be, 0x8fd8b2, 0x00e8b0, 0x00c7fc, 0x8fd8b3, 0x8fd8cc, 0x000000,
    0x000000, 0x000000, 0x00cde9, 0x000000, 0x000000, 0x000000, 0x00e8b9, 0x000000, 0x000000,
    0x000000, 0x000000, 0x000000, 0x000000, 0x000000, 0x00e8cf, 0x8fd8b4, 0x8fd8b5, 0x8fd8b6,
    0x00e8c7, 0x000000, 0x000000, 0x000000, 0x00bffb, 0x000000, 0x8fd8b7, 0x000000, 0x8fd8b8,
    0x00b5c6, 0x000000, 0x00b6dd, 0x000000, 0x00e8c2, 0x8fd8b9, 0x8fd8ba, 0x8fd8bb, 0x000000,
    0x00b2db, 0x8fd8bc, 0x000000, 0x00bed4, 0x000000, 0x00e8c5, 0x000000, 0x000000, 0x000000,
    0x00bada, 0x8fd8bd, 0x000000, 0x00c5d1, 0x00e8ca, 0x000000, 0x000000, 0x000000, 0x000000,
    0x000000, 0x000000, 0x000000, 0x8fd8bf, 0x00caee, 0x8fd8c0, 0x00e8c1, 0x000000, 0x000000,
    0x000000, 0x00b2da, 0x00b8d6, 0x00c9a9, 0x00e8cb, 0x000000, 0x00e8bf, 0x000000, 0x8fd8c1,
    0x00e8c8, 0x8fd8c2, 0x8fd8c3, 0x000000, 0x00e8d2, 0x8fd8c4, 0x00e8c3, 0x000000, 0x000000,
    0x8fd8c5, 0x000000, 0x00e8c4, 0x00c6ba, 0x000000, 0x8fd8c6, 0x00e8c9, 0x000000, 0x000000,
    0x8fd8c7, 0x00e8c6, 0x00cba8, 0x00e8cc, 0x00b0e0, 0x8fd8c8, 0x000000, 0x8fd8c9, 0x000000,
    0x00e8c0, 0x000000, 0x8fd8ca, 0x000000, 0x000000, 0x000000, 0x8fd8cb, 0x000000, 0x000000,
    0x000000, 0x000000, 0x000000, 0x000000, 0x00e8ce, 0x000000, 0x00e8cd, 0x000000, 0x000000,
    0x000000, 0x000000, 0x000000, 0x000000, 0x00c7eb, 0x00e8d4, 0x000000, 0x00e8df, 0x000000,
    0x000000, 0x8fd8cd, 0x000000, 0x00b3fe, 0x000000, 0x000000, 0x000000, 0x00e8e2, 0x000000,
    0x000000, 0x00e8d0, 0x8fd8ce, 0x000000, 0x000000, 0x00e8d5, 0x00cdee, 0x000000, 0x000000,
    0x000000, 0x000000, 0x000000, 0x8fd8cf, 0x00e8de, 0x8fd8d0, 0x8fd8d1, 0x00cdd5, 0x8fd8d2,
    0x000000, 0x000000, 0x8fd8d3, 0x00ceaa, 0x8fd8d4, 0x000000, 0x8fd8d5, 0x8fd8d6, 0x000000,
    0x000000, 0x000000, 0x8fd8d7, 0x00c3f8, 0x8fd8d8, 0x8fd8d9, 0x8fd8da, 0x00b3eb, 0x8fd8db,
    0x000000, 0x000000, 0x000000, 0x8fd8dc, 0x00c9f2, 0x00e8e4, 0x00c6a1, 0x8fd8dd, 0x8fd8de,
    0x00b0b1, 0x8fd8df, 0x000000, 0x00e8dd, 0x8fd8e0, 0x00e8d9, 0x00c1f2, 0x00e8d3, 0x00e8db,
    0x00e8e0, 0x8fd8e1, 0x00c7ac, 0x000000, 0x8fd8e2, 0x8fd8e3, 0x00b0aa, 0x8fd8e4, 0x00e8d8,
    0x8fd8e5, 0x00e8e1, 0x00c9f8, 0x000000, 0x8fd8e6, 0x8fd8e7, 0x000000, 0x000000, 0x8fd8e8,
    0x00e8dc, 0x000000, 0x00e8d7, 0x8fd8e9, 0x000000, 0x000000, 0x000000, 0x000000, 0x000000,
    0x00bed5, 0x000000, 0x000000, 0x000000, 0x000000, 0x00bdaf, 0x000000, 0x8fd8ea, 0x8fd8eb,
    0x00bcac, 0x8fd8ec, 0x000000, 0x000000, 0x000000, 0x00ccd8, 0x000000, 0x000000, 0x00c9c7,
    0x000000, 0x8fd8ed, 0x00e8e7, 0x000000, 0x00e8f0, 0x000000, 0x000000, 0x000000, 0x000000,
    0x8fd8ee, 0x000000, 0x8fd8ef, 0x8fd8f0, 0x8fd8f1, 0x000000, 0x000000, 0x00e8da, 0x000000,
    0x8fd8f2, 0x000000, 0x8fd8f3, 0x00b3f7, 0x000000, 0x8fd8f4, 0x000000, 0x000000, 0x000000,
    0x00bef8, 0x00e8e5, 0x8fd8f5, 0x00e8ea, 0x00c1f3, 0x8fd8f6, 0x8fd8f7, 0x00e8e6, 0x8fd8f8,
    0x00e8ed, 0x8fd8f9, 0x000000, 0x00c3df, 0x000000, 0x00e8ee, 0x8fd8fa, 0x8fd8fb, 0x00cdd6,
    0x00e8e3, 0x00b3b8, 0x8fd8fc, 0x00e8e9, 0x000000, 0x8fd8fd, 0x00e8ec, 0x00ccac, 0x000000,
    0x8fd8fe, 0x000000, 0x000000, 0x00e8ef, 0x000000, 0x000000, 0x00e8e8, 0x00e8eb, 0x000000,
    0x8fd9a1, 0x000000, 0x000000, 0x000000, 0x000000, 0x000000, 0x000000, 0x000000, 0x000000,
    0x000000, 0x000000, 0x8fd9a2, 0x000000, 0x000000, 0x8fd9a3, 0x000000, 0x00cba9, 0x000000,
    0x00cfa1, 0x8fd9a4, 0x8fd9a5, 0x8fd9a6, 0x8fd9a7, 0x000000, 0x00e8f3, 0x000000, 0x000000,
    0x8fd9a8, 0x000000, 0x000000, 0x8fd9aa, 0x8fd9ab, 0x00e8fa, 0x8fd9ac, 0x000000, 0x00e8f2,
    0x00bcc3, 0x000000, 0x8fd9ad, 0x8fd9ae, 0x000000, 0x000000, 0x00e8d1, 0x8fd9af, 0x000000,
    0x000000, 0x000000, 0x000000, 0x8fd9b0, 0x000000, 0x8fd9b1, 0x000000, 0x8fd9b2, 0x00cace,
    0x000000, 0x00cca2, 0x00e8f9, 0x00e8f8, 0x000000, 0x00e8f4, 0x00e8f5, 0x000000, 0x00b1b6,
    0x000000, 0x8fd9b3, 0x000000, 0x8fd9b4, 0x00e8f7, 0x000000, 0x00e8f1, 0x8fd9b5, 0x8fd9b6,
    0x8fd9b7, 0x8fd9b8, 0x00c4d5, 0x8fd9b9, 0x000000, 0x000000, 0x8fd9ba, 0x8fd9bb, 0x00e8f6,
    0x00b0fe, 0x000000, 0x8fd9bc, 0x000000, 0x000000, 0x8fd9a9, 0x8fd9bd, 0x8fd9be, 0x00c2a2,
    0x8fd9bf, 0x000000, 0x000000, 0x000000, 0x000000, 0x000000, 0x000000, 0x00cac3, 0x000000,
    0x8fd9c0, 0x00e8fb, 0x00e9a1, 0x000000, 0x00c8d9, 0x000000, 0x000000, 0x8fd9c1, 0x000000,
    0x00e8fe, 0x00bed6, 0x00bcc9, 0x00e9a3, 0x000000, 0x000000, 0x00b6be, 0x8fd9c2, 0x8fd9c3,
    0x8fd9c4, 0x8fd9c5, 0x8fd9c6, 0x000000, 0x00e9a4, 0x8fd9c7, 0x00c9f9, 0x00e8fd, 0x8fd9c8,
    0x00e8d6, 0x000000, 0x8fd9c9, 0x8fd9ca, 0x8fd9cb, 0x8fd9cc, 0x8fd9cd, 0x8fd9ce, 0x8fd9cf,
    0x00e8fc, 0x8fd9d0, 0x000000, 0x000000, 0x000000, 0x00cfcf, 0x00c6a2, 0x00c9f3, 0x8fd9d1,
    0x000000, 0x00e9ab, 0x000000, 0x8fd9d2, 0x000000, 0x000000, 0x000000, 0x000000, 0x000000,
    0x000000, 0x000000, 0x00e9b1, 0x000000, 0x8fd9d3, 0x8fd9d4, 0x8fd9d5, 0x000000, 0x8fd9d6,
    0x00e9b2, 0x8fd9d7, 0x00e9a5, 0x8fd9d8, 0x000000, 0x000000, 0x00c7f6, 0x8fd9d9, 0x8fd9da,
    0x00e9af, 0x00e9a7, 0x8fd9db, 0x00e9a9, 0x8fd9dc, 0x8fd9dd, 0x000000, 0x000000, 0x8fd9de,
    0x00e9b3, 0x00e9a8, 0x000000, 0x8fd9df, 0x00e9ac, 0x000000, 0x000000, 0x00b1f2, 0x8fd9e0,
    0x00c6e5, 0x000000, 0x00e9ad, 0x00e9b0, 0x8fd9e1, 0x000000, 0x8fd9e2, 0x8fd9e3, 0x000000,
    0x8fd9e4, 0x000000, 0x00e9a6, 0x8fd9e5, 0x00c1a6, 0x8fd9e6, 0x00e9aa, 0x00bba7, 0x00bfc5,
    0x00b7b0, 0x00ccf4, 0x8fd9f4, 0x00ccf9, 0x00bdf2, 0x8ff4e1, 0x000000, 0x000000, 0x000000,
    0x8fd9e7, 0x000000, 0x8fd9e8, 0x8fd9e9, 0x8fd9ea, 0x00e9b7, 0x00e9b5, 0x000000, 0x8fd9eb,
    0x8fd9ec, 0x8fd9ed, 0x8fd9ee, 0x000000, 0x00cfce, 0x8fd9ef, 0x000000, 0x000000, 0x000000,
    0x000000, 0x8fd9f0, 0x000000, 0x00e9b4, 0x8fd9f1, 0x8fd9f2, 0x000000, 0x00cdf5, 0x8fd9f3,
    0x00e9b6, 0x00e9b8, 0x000000, 0x000000, 0x000000, 0x000000, 0x00e9b9, 0x000000, 0x000000,
    0x8fd9f5, 0x000000, 0x8fd9f6, 0x000000, 0x00e9bc, 0x00e9ba, 0x000000, 0x8fd9f7, 0x8fd9f8,
    0x000000, 0x000000, 0x000000, 0x00c6a3, 0x00e9bb, 0x8fd9f9, 0x000000, 0x8fd9fa, 0x00c8cd,
    0x00e9ae, 0x000000, 0x000000, 0x8fd9fb, 0x000000, 0x000000, 0x000000, 0x000000, 0x000000,
    0x8fd9fc, 0x000000, 0x000000, 0x8fd9fd, 0x00bdf3, 0x000000, 0x00e9bd, 0x00e9c2, 0x00c1f4,
    0x8fd9fe, 0x000000, 0x00e9c1, 0x8fdaa1, 0x8fdaa2, 0x000000, 0x00e9a2, 0x000000, 0x8fdaa3,
    0x8fdaa4, 0x00e9c3, 0x00c1c9, 0x000000, 0x000000, 0x00e9be, 0x00e9c0, 0x000000, 0x8fdaa5,
    0x8fdaa6, 0x000000, 0x8fdaa7, 0x8fdaa8, 0x8fdaa9, 0x00e9bf, 0x000000, 0x000000, 0x00ddb1,
    0x00dda2, 0x8fdaaa, 0x8fdaab, 0x00e9c5, 0x8fdaac, 0x000000, 0x000000, 0x8fdaad, 0x000000,
    0x000000, 0x8fdaae, 0x00e9c4, 0x000000, 0x000000, 0x000000, 0x000000, 0x8fdaaf, 0x000000,
    0x8fdab0, 0x000000, 0x000000, 0x000000, 0x00cdf6, 0x000000, 0x00e2bc, 0x00e9c6, 0x000000,
    0x000000, 0x000000, 0x000000, 0x000000, 0x8fdab1, 0x000000, 0x8fdab2, 0x000000, 0x8fdab3,
    0x000000, 0x8fdab4, 0x8fdab5, 0x000000, 0x00e9c7, 0x8fdab6, 0x8fb8e6, 0x8fdab7, 0x000000,
    0x000000, 0x000000, 0x8fdab8, 0x000000, 0x000000, 0x000000, 0x000000, 0x000000, 0x000000,
    0x00e9c8, 0x00b8d7, 0x000000, 0x00b5d4, 0x000000, 0x8fdab9, 0x8fdaba, 0x00e9ca, 0x00d1dd,
    0x8fdabb, 0x8fdabc, 0x8fdabd, 0x8fdabe, 0x00b5f5, 0x000000, 0x00ceba, 0x8fdabf, 0x00b6f3,
    0x00e9cb, 0x8fdac0, 0x8fdac1, 0x8fdac2, 0x8fdac3, 0x8fdac4, 0x000000, 0x000000, 0x00e9cc,
    0x000000, 0x8fdac5, 0x000000, 0x00c3ee, 0x8fdac6, 0x000000, 0x000000, 0x8fdac7, 0x000000,
    0x00e9cd, 0x000000, 0x000000, 0x000000, 0x8fdac8, 0x8fdac9, 0x8fdaca, 0x000000, 0x00c6fa,
    0x8fdacb, 0x00b0ba, 0x000000, 0x000000, 0x000000, 0x000000, 0x000000, 0x000000, 0x000000,
    0x000000, 0x8fdaed, 0x000000, 0x00b2e3, 0x00e9d2, 0x00e9d3, 0x8fdacc, 0x000000, 0x000000,
    0x000000, 0x8fdacd, 0x000000, 0x00e9ce, 0x000000, 0x00bbbd, 0x8fdace, 0x000000, 0x8fdacf,
    0x000000, 0x8fdad0, 0x000000, 0x8fdad1, 0x000000, 0x000000, 0x000000, 0x000000, 0x8fdad2,
    0x000000, 0x00e9cf, 0x00c7c2, 0x000000, 0x8fdad3, 0x8fdad4, 0x8fdad5, 0x00e9d0, 0x00e9d1,
    0x00e9db, 0x000000, 0x8fdad6, 0x000000, 0x00e9d5, 0x00e9d8, 0x8fdad7, 0x000000, 0x8fdad8,
    0x8fdad9, 0x8fdada, 0x00e9d4, 0x8fdadb, 0x8fdadc, 0x8fdadd, 0x000000, 0x000000, 0x000000,
    0x000000, 0x000000, 0x8fdade, 0x8fdadf, 0x8fdae0, 0x000000, 0x8fdae1, 0x00e9d6, 0x8fdae2,
    0x00e9d7, 0x00bcd8, 0x000000, 0x00e9d9, 0x000000, 0x00c3c1, 0x000000, 0x00b7d6, 0x00b3c2,
    0x000000, 0x000000, 0x8fdae3, 0x8fdae4, 0x000000, 0x00e9dc, 0x8fdae5, 0x000000, 0x8fdae6,
    0x000000, 0x00b3bf, 0x8fdae7, 0x00e9e1, 0x8fdae8, 0x000000, 0x00e9dd, 0x00e9e0, 0x8fdae9,
    0x000000, 0x000000, 0x8fdaea, 0x00c8ba, 0x8fdaeb, 0x000000, 0x8fdaec, 0x000000, 0x00e9de,
    0x000000, 0x000000, 0x00e9df, 0x00c9c8, 0x00c8da, 0x00e9e2, 0x000000, 0x000000, 0x000000,
    0x000000, 0x000000, 0x000000, 0x000000, 0x000000, 0x00c2fd, 0x00e9ec, 0x8fdaee, 0x00e9e8,
    0x8fdaef, 0x8fdaf0, 0x00b2eb, 0x000000, 0x00e9e6, 0x000000, 0x00cbaa, 0x00e9e7, 0x8fdaf1,
    0x8fdaf2, 0x00e9e4, 0x8fdaf3, 0x00e9e5, 0x00e9ea, 0x00e9ed, 0x8fdaf4, 0x000000, 0x00e9eb,
    0x8fdaf5, 0x8fdaf6, 0x8fdaf7, 0x00e9e9, 0x00e9e3, 0x8fdaf8, 0x8fdaf9, 0x000000, 0x000000,
    0x000000, 0x00c3d8, 0x8fdafa, 0x00e9f4, 0x000000, 0x00ccaa, 0x000000, 0x8fdafb, 0x8fdafc,
    0x000000, 0x8fdafd, 0x000000, 0x8fdafe, 0x000000, 0x00e9f2, 0x000000, 0x000000, 0x8fdba1,
    0x00e9f3, 0x000000, 0x000000, 0x000000, 0x000000, 0x8fdba2, 0x8fdba3, 0x000000, 0x8fdba4,
    0x8fdba5, 0x000000, 0x00e9ee, 0x000000, 0x000000, 0x00e9f0, 0x000000, 0x8fdba6, 0x8fdba7,
    0x00e9f1, 0x8fdba8, 0x8fdba9, 0x8fdbaa, 0x00e9ef, 0x8fdbab, 0x000000, 0x000000, 0x8fdbac,
    0x000000, 0x8fdbad, 0x000000, 0x000000, 0x000000, 0x00c0e6, 0x000000, 0x00cfb9, 0x00e9f8,
    0x8fdbae, 0x00e9f9, 0x000000, 0x000000, 0x000000, 0x000000, 0x00eaa1, 0x000000, 0x00bfaa,
    0x000000, 0x00e9fb, 0x8fdbaf, 0x00e9fe, 0x000000, 0x000000, 0x000000, 0x8fdbb0, 0x000000,
    0x00e9f6, 0x00e9f5, 0x8fdbb1, 0x000000, 0x00eaa2, 0x8fdbb2, 0x8fdbb3, 0x00b2dc, 0x000000,
    0x00e9fc, 0x000000, 0x00eaa3, 0x000000, 0x000000, 0x000000, 0x00e9fd, 0x8fdbb4, 0x000000,
    0x8fdbb5, 0x8fdbb6, 0x000000, 0x00e9fa, 0x000000, 0x00c4b3, 0x000000, 0x00e9f7, 0x000000,
    0x000000, 0x8fdbb7, 0x000000, 0x000000, 0x000000, 0x00c7e8, 0x000000, 0x000000, 0x00eaa7,
    0x8fdbb8, 0x8fdbb9, 0x8fdbba, 0x8fdbbb, 0x8fdbbc, 0x8fdbbd, 0x8fdbbe, 0x000000, 0x8fdbbf,
    0x8fdbc0, 0x00cdbb, 0x000000, 0x000000, 0x8fdbc1, 0x000000, 0x000000, 0x8fdbc2, 0x000000,
    0x8fdbc3, 0x000000, 0x8fdbc4, 0x8fdbc5, 0x8fdbc6, 0x000000, 0x000000, 0x000000, 0x000000,
    0x8fdbc7, 0x00eaa6, 0x8fdbc8, 0x000000, 0x00eaa5, 0x8fdbc9, 0x000000, 0x000000, 0x000000,
    0x8fdbca, 0x000000, 0x000000, 0x000000, 0x00eaae, 0x8fdbcb, 0x8fdbcc, 0x8fdbcd, 0x00eaa8,
    0x000000, 0x8fdbce, 0x000000, 0x00eab0, 0x000000, 0x8fdbcf, 0x000000, 0x000000, 0x000000,
    0x000000, 0x00cde6, 0x00eab3, 0x000000, 0x00eaaa, 0x8fdbd0, 0x8fdbd1, 0x00eaab, 0x8fdbd2,
    0x000000, 0x000000, 0x00eaaf, 0x000000, 0x00eab2, 0x00eab1, 0x8fdbd3, 0x8fdbd4, 0x8fdbd5,
    0x00eaa9, 0x000000, 0x000000, 0x8fdbd6, 0x000000, 0x00eaac, 0x000000, 0x00eabd, 0x000000,
    0x000000, 0x8fdbd7, 0x8fdbd8, 0x000000, 0x000000, 0x8fdbd9, 0x8fdbda, 0x000000, 0x8fdbdb,
    0x000000, 0x000000, 0x8fdbdc, 0x00eab6, 0x000000, 0x8fdbdd, 0x8fdbde, 0x8fdbdf, 0x000000,
    0x000000, 0x000000, 0x000000, 0x000000, 0x8fdbe0, 0x8fdbe1, 0x000000, 0x8fdbe2, 0x000000,
    0x00eab4, 0x000000, 0x8fdbe3, 0x00eab5, 0x8fdbe4, 0x000000, 0x000000, 0x00eaba, 0x00eabb,
    0x8fdbe5, 0x00b3aa, 0x8fdbe6, 0x00b5c2, 0x000000, 0x000000, 0x00eab9, 0x8fdbe7, 0x000000,
    0x8fdbe8, 0x000000, 0x8fdbe9, 0x000000, 0x00eaa4, 0x8fdbea, 0x8ff4e4, 0x000000, 0x8fdbeb,
    0x8fdbec, 0x8fdbed, 0x000000, 0x00eab8, 0x00eabc, 0x00eab7, 0x8fdbee, 0x00eabe, 0x8fdbf0,
    0x8fdbf1, 0x8fdbf2, 0x00eac0, 0x00eabf, 0x000000, 0x8fdbf3, 0x8fdbef, 0x8fdbf4, 0x8fdbf5,
    0x8fdbf6, 0x000000, 0x8fdbf7, 0x8fdbf8, 0x000000, 0x00eac2, 0x00eac1, 0x00e9da, 0x000000,
    0x000000, 0x000000, 0x00eac6, 0x8fdbf9, 0x000000, 0x000000, 0x000000, 0x000000, 0x8fdbfa,
    0x8fdbfb, 0x000000, 0x8fdbfc, 0x00eac3, 0x8fdbfd, 0x000000, 0x000000, 0x8fdbfe, 0x00eac4,
    0x000000, 0x000000, 0x00eac5, 0x8fdca1, 0x00eac7, 0x8fdca2, 0x000000, 0x000000, 0x000000,
    0x00b7ec, 0x8fdca3, 0x00eac9, 0x8fdca4, 0x00eac8, 0x8fdca5, 0x00bdb0, 0x000000, 0x8fdca6,
    0x8fdca7, 0x8fdca8, 0x8fdca9, 0x00b9d4, 0x00dea7, 0x8fdcaa, 0x000000, 0x000000, 0x8fdcab,
    0x00eaca, 0x00bdd1, 0x000000, 0x8fdcac, 0x8fdcad, 0x00b3b9, 0x8fdcae, 0x00eacb, 0x8fdcaf,
    0x00b1d2, 0x8fdcb0, 0x00bed7, 0x00eacc, 0x8fdcb1, 0x8fdcb2, 0x00b9d5, 0x00eacd, 0x00b0e1,
    0x8fdcb3, 0x000000, 0x000000, 0x000000, 0x00c9bd, 0x8fdcb4, 0x000000, 0x00eace, 0x000000,
    0x000000, 0x000000, 0x000000, 0x00bfea, 0x8fdcb5, 0x00ead5, 0x000000, 0x000000, 0x00ead2,
    0x000000, 0x00c3ef, 0x000000, 0x8fdcb6, 0x000000, 0x8fdcb7, 0x000000, 0x00ead3, 0x00ead0,
    0x00b6de, 0x8fdcb8, 0x00eacf, 0x00ead6, 0x000000, 0x000000, 0x000000, 0x000000, 0x000000,
    0x00b7b6, 0x000000, 0x000000, 0x00c2de, 0x000000, 0x00eadc, 0x000000, 0x000000, 0x000000,
    0x000000, 0x00ead8, 0x000000, 0x000000, 0x000000, 0x00c2b5, 0x00ead7, 0x8fdcb9, 0x00eada,
    0x8fdcba, 0x8fdcbb, 0x8fdcbc, 0x000000, 0x00ead1, 0x8fdcbd, 0x8fdcbe, 0x000000, 0x00eadb,
    0x000000, 0x00eadd, 0x000000, 0x000000, 0x000000, 0x8fdcbf, 0x000000, 0x8fdcc0, 0x00c8ef,
    0x000000, 0x000000, 0x00ead9, 0x000000, 0x00eade, 0x00eae0, 0x000000, 0x000000, 0x00b8d3,
    0x00ead4, 0x000000, 0x00b0c1, 0x000000, 0x000000, 0x8fdcc1, 0x000000, 0x000000, 0x8fdcc2,
    0x8fdcc3, 0x00eadf, 0x8fdcc4, 0x00badb, 0x00cef6, 0x00eae1, 0x00eae2, 0x00c1f5, 0x000000,
    0x000000, 0x000000, 0x000000, 0x8fdcc5, 0x8fdcc6, 0x8fdcc7, 0x8fdcc8, 0x8fdcc9, 0x00cea2,
    0x000000, 0x8fdcca, 0x8fdccb, 0x8fdccc, 0x00eae3, 0x00cdb5, 0x000000, 0x000000, 0x00eae4,
    0x00eae5, 0x000000, 0x8fdccd, 0x00cae4, 0x00eae6, 0x8fdcce, 0x00bac0, 0x000000, 0x00cea3,
    0x000000, 0x000000, 0x000000, 0x000000, 0x000000, 0x8fdccf, 0x00eaeb, 0x000000, 0x000000,
    0x000000, 0x000000, 0x000000, 0x000000, 0x8fdcd0, 0x8fdcd1, 0x8fdcd2, 0x00eaec, 0x00bed8,
    0x00eaea, 0x8fdcd3, 0x000000, 0x8fdcd4, 0x00cde7, 0x00eae7, 0x000000, 0x000000, 0x00eae9,
    0x00c0bd, 0x00bffe, 0x000000, 0x8fdcd5, 0x00eae8, 0x000000, 0x00eaed, 0x000000, 0x8fdcd6,
    0x00caa3, 0x000000, 0x000000, 0x00eaef, 0x000000, 0x00eaee, 0x8fdcd7, 0x8fdcd8, 0x8fdcd9,
    0x00b3ec, 0x000000, 0x00cbab, 0x00eaf0, 0x000000, 0x8fdcda, 0x8fdcdb, 0x000000, 0x8fdcdc,
    0x8fdcdd, 0x8fdcde, 0x000000, 0x8fdcdf, 0x00eafc, 0x00eaf2, 0x000000, 0x8fdce0, 0x000000,
    0x000000, 0x000000, 0x000000, 0x00eaf3, 0x8fdce1, 0x8fdce2, 0x8fdce3, 0x000000, 0x00eaf4,
    0x00eaf5, 0x000000, 0x000000, 0x000000, 0x000000, 0x8fdce4, 0x8fdce5, 0x8fdce6, 0x000000,
    0x000000, 0x8fdce7, 0x00eaf9, 0x000000, 0x00eafa, 0x8fdce8, 0x8fdce9, 0x00eaf8, 0x000000,
    0x000000, 0x8fdcea, 0x000000, 0x8fdceb, 0x00eaf6, 0x8fdcec, 0x00eaf1, 0x00eaf7, 0x8fdced,
    0x8fdcee, 0x000000, 0x000000, 0x8fdcef, 0x000000, 0x000000, 0x00eafb, 0x00f0b7, 0x000000,
    0x8fdcf0, 0x000000, 0x000000, 0x8fdcf1, 0x000000, 0x000000, 0x000000, 0x00b2a8, 0x8fdcf2,
    0x000000, 0x000000, 0x8fdcf3, 0x8fdcf4, 0x8fdcf5, 0x000000, 0x00eafe, 0x00b6df, 0x00eafd,
    0x8fdcf6, 0x8fdcf7, 0x8fdcf8, 0x00eba2, 0x000000, 0x00eba1, 0x000000, 0x000000, 0x000000,
    0x00eba4, 0x8fdcf9, 0x000000, 0x00eba3, 0x8fdcfa, 0x00eba5, 0x8fdcfb, 0x000000, 0x00bdb1,
    0x8fdcfc, 0x00eba6, 0x8fdcfd, 0x000000, 0x00eba7, 0x000000, 0x000000, 0x8fdcfe, 0x8fdda1,
    0x8fdda2, 0x8fdda3, 0x00eba8, 0x00c0be, 0x000000, 0x00cdd7, 0x000000, 0x00eba9, 0x000000,
    0x000000, 0x00caa4, 0x00c7c6, 0x00ebaa, 0x8fdda4, 0x00ebab, 0x00b8ab, 0x000000, 0x8fdda5,
    0x000000, 0x00b5ac, 0x8fdda6, 0x000000, 0x000000, 0x00ebac, 0x8fdda7, 0x8fdda8, 0x00bbeb,
    0x00c7c1, 0x00ebad, 0x000000, 0x00b3d0, 0x8fdda9, 0x8fddaa, 0x000000, 0x000000, 0x8fddab,
    0x8fddac, 0x00ebae, 0x000000, 0x000000, 0x000000, 0x8fddad, 0x00ebb0, 0x00cdf7, 0x000000,
    0x00ebaf, 0x00bfc6, 0x000000, 0x00ebb1, 0x000000, 0x000000, 0x00ebb2, 0x8fddae, 0x000000,
    0x00ebb3, 0x00b4d1, 0x8fddaf, 0x8fddb0, 0x8fddb1, 0x8fddb2, 0x000000, 0x000000, 0x00ebb4,
    0x000000, 0x8fddb3, 0x00ebb5, 0x000000, 0x00ebb6, 0x00ebb7, 0x000000, 0x000000, 0x000000,
    0x000000, 0x000000, 0x000000, 0x000000, 0x000000, 0x000000, 0x000000, 0x000000, 0x000000,
    0x000000, 0x000000, 0x000000, 0x000000, 0x000000, 0x00b3d1, 0x000000, 0x8fddb4, 0x8fddb5,
    0x8fddb6, 0x8fddb7, 0x8fddb8, 0x000000, 0x00ebb8, 0x000000, 0x00ebb9, 0x00ebba, 0x000000,
    0x000000, 0x000000, 0x000000, 0x000000, 0x00b2f2, 0x000000, 0x8fddb9, 0x00bfa8, 0x00ebbb,
    0x000000, 0x8fddba, 0x000000, 0x8fddbb, 0x000000, 0x8fddbc, 0x000000, 0x000000, 0x000000,
    0x8fddbd, 0x000000, 0x8fddbe, 0x00ebbc, 0x000000, 0x8fddbf, 0x000000, 0x00ebbd, 0x8fddc0,
    0x000000, 0x000000, 0x000000, 0x8fddc1, 0x000000, 0x8fddc2, 0x00b8c0, 0x000000, 0x00c4fb,
    0x00ebbe, 0x8fddc3, 0x8fddc4, 0x000000, 0x8fddc5, 0x00b7d7, 0x000000, 0x00bfd6, 0x000000,
    0x00ebc1, 0x000000, 0x00c6a4, 0x8fddc6, 0x00ebc0, 0x8fddc7, 0x8fddc8, 0x00b7b1, 0x8fddc9,
    0x8fddca, 0x00ebbf, 0x00c2f7, 0x00b5ad, 0x000000, 0x000000, 0x00ebc2, 0x000000, 0x00ebc3,
    0x8fddcb, 0x00bed9, 0x8fddcc, 0x000000, 0x8fddcd, 0x00b7ed, 0x8fddce, 0x00ebc4, 0x8fddcf,
    0x000000, 0x000000, 0x000000, 0x00cbac, 0x8fddd0, 0x8fddd1, 0x00c0df, 0x000000, 0x8fddd2,
    0x000000, 0x00b5f6, 0x000000, 0x00ccf5, 0x00c1ca, 0x8fddd3, 0x00ebc5, 0x8fddd4, 0x000000,
    0x000000, 0x00bfc7, 0x00c3f0, 0x00beda, 0x8fddd5, 0x8fddd6, 0x000000, 0x8fddd7, 0x00ebc6,
    0x000000, 0x8fddd8, 0x000000, 0x8fddd9, 0x00ebc9, 0x8fddda, 0x00ebca, 0x8fdddb, 0x000000,
    0x000000, 0x000000, 0x8fdddc, 0x8fdddd, 0x000000, 0x00babe, 0x00c2c2, 0x00ebc8, 0x8fddde,
    0x00bedb, 0x00c9be, 0x8fdddf, 0x8fdde0, 0x8fdde1, 0x000000, 0x000000, 0x00ebc7, 0x8fdde2,
    0x8fdde3, 0x00bbec, 0x000000, 0x00b1d3, 0x8fdde4, 0x00ebce, 0x00b7d8, 0x000000, 0x8fdde5,
    0x00bbee, 0x8fdde6, 0x000000, 0x00bbed, 0x000000, 0x00cfcd, 0x00ebcd, 0x00ebcc, 0x00c1a7,
    0x000000, 0x00b5cd, 0x00cfc3, 0x00b3ba, 0x00bedc, 0x000000, 0x8fdde7, 0x8fdde8, 0x8fdde9,
    0x000000, 0x8fddea, 0x8fddeb, 0x8fddec, 0x00ebcb, 0x000000, 0x8fdded, 0x8fddee, 0x8fddef,
    0x000000, 0x00ebd0, 0x8fddf0, 0x00ebd1, 0x00ebcf, 0x8fddf1, 0x00b8d8, 0x000000, 0x00cdc0,
    0x000000, 0x8fddf2, 0x00bbef, 0x00c7a7, 0x000000, 0x8fddf3, 0x8fddf4, 0x00ebd4, 0x8fddf5,
    0x00c0c0, 0x000000, 0x00c3c2, 0x8fddf6, 0x8fddf7, 0x00cdb6, 0x8fddf8, 0x00ebd7, 0x000000,
    0x000000, 0x000000, 0x00b8ec, 0x8fddf9, 0x00c0bf, 0x00ebd3, 0x000000, 0x00ebd8, 0x00b8ed,
    0x00ebd5, 0x00ebd6, 0x8fddfa, 0x00ebd2, 0x8fddfb, 0x000000, 0x000000, 0x00c0e2, 0x00c6c9,
    0x8fddfc, 0x8fddfd, 0x00c3af, 0x000000, 0x00b2dd, 0x8fddfe, 0x000000, 0x000000, 0x8fdea1,
    0x8fdea2, 0x000000, 0x00c8f0, 0x000000, 0x8fdea3, 0x00b5c3, 0x000000, 0x8fdea4, 0x00c4b4,
    0x000000, 0x000000, 0x00ebdb, 0x8fdea5, 0x00ebd9, 0x000000, 0x8fdea6, 0x00c3cc, 0x8fdea7,
    0x8fdea8, 0x8fdea9, 0x00c0c1, 0x00b4d2, 0x00ebda, 0x000000, 0x00bfdb, 0x000000, 0x8fdeaa,
    0x00ceca, 0x8fdeab, 0x8fdeac, 0x8fdead, 0x00cfc0, 0x8fdeae, 0x000000, 0x000000, 0x00ebdc,
    0x00ebe7, 0x00c4b5, 0x8fdeaf, 0x00ebe6, 0x8fdeb0, 0x00ebe3, 0x00ebeb, 0x00ebe4, 0x000000,
    0x00ebe0, 0x000000, 0x00c4fc, 0x00ebdf, 0x000000, 0x000000, 0x000000, 0x00ebdd, 0x8fdeb1,
    0x00cda1, 0x00bbf0, 0x000000, 0x8fdeb2, 0x00ebe1, 0x000000, 0x00ebde, 0x8fdeb3, 0x8fdeb4,
    0x8fdeb5, 0x00ebe5, 0x00bdf4, 0x000000, 0x00b8c1, 0x000000, 0x8fdeb6, 0x000000, 0x00c2fa,
    0x8fdeb7, 0x00cbc5, 0x00b1da, 0x00b0e2, 0x000000, 0x00c6a5, 0x8fdeb8, 0x8fdeb9, 0x00ebe9,
    0x000000, 0x000000, 0x8fdebf, 0x8fdeba, 0x00ebe8, 0x000000, 0x00c6e6, 0x000000, 0x00ebed,
    0x8fdebb, 0x000000, 0x000000, 0x00ebe2, 0x000000, 0x00ebec, 0x00ebee, 0x000000, 0x00b8ac,
    0x00ebea, 0x00b9d6, 0x8fdebc, 0x00bcd5, 0x8fdebd, 0x8fdebe, 0x00ebef, 0x00cdd8, 0x000000,
    0x000000, 0x000000, 0x000000, 0x00ebf2, 0x000000, 0x00ebf5, 0x000000, 0x000000, 0x00ebf3,
    0x00c9b5, 0x8fdec0, 0x000000, 0x000000, 0x8fdec1, 0x000000, 0x000000, 0x00ebf0, 0x000000,
    0x000000, 0x000000, 0x8fdec2, 0x000000, 0x00b6e0, 0x000000, 0x000000, 0x8fdec3, 0x000000,
    0x00ebf4, 0x000000, 0x00ebf6, 0x8fdec4, 0x8fdec5, 0x8fdec6, 0x8fdec7, 0x8fdec8, 0x000000,
    0x8fdec9, 0x00ebfa, 0x000000, 0x000000, 0x00ebf7, 0x8fdece, 0x00ebf9, 0x00ebf8, 0x000000,
    0x000000, 0x8fdeca, 0x8fdecb, 0x8fdecc, 0x000000, 0x00ebfb, 0x000000, 0x00bcb1, 0x8fdecd,
    0x00ebfd, 0x00ebfc, 0x00c9e8, 0x000000, 0x8fdecf, 0x00eca1, 0x000000, 0x000000, 0x000000,
    0x8fded0, 0x000000, 0x000000, 0x00b7d9, 0x000000, 0x000000, 0x000000, 0x000000, 0x00ebfe,
    0x00eca2, 0x8fded1, 0x000000, 0x00eca3, 0x00b5c4, 0x00e6c1, 0x00bef9, 0x000000, 0x00eca4,
    0x000000, 0x8fded2, 0x00b8ee, 0x8fded3, 0x8fded4, 0x000000, 0x000000, 0x8fded5, 0x00eca5,
    0x8fded6, 0x8ff4e6, 0x00eca6, 0x8fded7, 0x000000, 0x00bbbe, 0x8fded8, 0x8fded9, 0x000000,
    0x000000, 0x000000, 0x000000, 0x00dace, 0x8fdeda, 0x00eca7, 0x8fdedb, 0x00eca8, 0x8fdedc,
    0x00bdb2, 0x000000, 0x00eca9, 0x00ecaa, 0x8fdedd, 0x8fdede, 0x00ecab, 0x000000, 0x000000,
    0x00ecac, 0x00ecad, 0x000000, 0x8fdedf, 0x000000, 0x8fdee0, 0x8fdee1, 0x000000, 0x000000,
    0x000000, 0x000000, 0x000000, 0x000000, 0x000000, 0x000000, 0x000000, 0x000000, 0x000000,
    0x000000, 0x000000, 0x000000, 0x000000, 0x000000, 0x000000, 0x000000, 0x000000, 0x000000,
    0x000000, 0x000000, 0x000000, 0x000000, 0x000000, 0x000000, 0x000000, 0x000000, 0x000000,
    0x000000, 0x000000, 0x000000, 0x000000, 0x000000, 0x000000, 0x000000, 0x000000, 0x000000,
    0x000000, 0x000000, 0x000000, 0x000000, 0x000000, 0x000000, 0x000000, 0x000000, 0x000000,
    0x000000, 0x000000, 0x000000, 0x000000, 0x000000, 0x000000, 0x000000, 0x000000, 0x00c3ab,
    0x8fdee2, 0x8fdee3, 0x00ecae, 0x000000, 0x000000, 0x8fdee4, 0x8fdee5, 0x00ecb0, 0x000000,
    0x00ecaf, 0x000000, 0x000000, 0x000000, 0x8fdee6, 0x00c6a6, 0x8fdee7, 0x00ecb1, 0x8fdee8,
    0x00cbad, 0x8fdee9, 0x00ecb2, 0x000000, 0x00ecb3, 0x8fdeea, 0x00ecb4, 0x8fdeeb, 0x000000,
    0x8fdeec, 0x8fdeed, 0x00ecb5, 0x000000, 0x8fdeee, 0x8fdeef, 0x8fdef2, 0x00c6da, 0x8fdef0,
    0x000000, 0x8fdef1, 0x000000, 0x000000, 0x000000, 0x00bedd, 0x00ecb6, 0x8fdef3, 0x8fdef4,
    0x000000, 0x8fdef5, 0x000000, 0x8fdef6, 0x8fdef7, 0x00b9eb, 0x00d0ae, 0x00ecb7, 0x8fdef8,
    0x000000, 0x000000, 0x000000, 0x000000, 0x000000, 0x8fdef9, 0x000000, 0x8fdefa, 0x8fdefb,
    0x000000, 0x00ecb8, 0x00c9bf, 0x00ecb9, 0x8fdefc, 0x00ecc1, 0x000000, 0x8fdefd, 0x000000,
    0x000000, 0x00ecba, 0x000000, 0x000000, 0x00ecbc, 0x8fdefe, 0x8fdfa1, 0x000000, 0x00ecbb,
    0x00ecbd, 0x8fdfa2, 0x00cbc6, 0x00ecbe, 0x00ecbf, 0x000000, 0x8fdfa3, 0x000000, 0x8fdfa4,
    0x8fdfa5, 0x00ecc0, 0x000000, 0x000000, 0x000000, 0x00ecc2, 0x8fdfa6, 0x000000, 0x8fdfa7,
    0x8fdfa8, 0x00b3ad, 0x00c4e7, 0x000000, 0x00c9e9, 0x00bae2, 0x00b9d7, 0x000000, 0x8fdfa9,
    0x000000, 0x000000, 0x00c9cf, 0x00b2df, 0x00c8ce, 0x00ecc5, 0x00b4d3, 0x00c0d5, 0x00ecc4,
    0x00ecc9, 0x00c3f9, 0x00cce3, 0x000000, 0x00ecc7, 0x00ecc8, 0x00b5ae, 0x000000, 0x00ecca,
    0x00c7e3, 0x00c2df, 0x8fdfaa, 0x8fdfab, 0x00c8f1, 0x00c5bd, 0x00ecc6, 0x000000, 0x00cbc7,
    0x00b2ec, 0x00eccc, 0x00cfa8, 0x00c4c2, 0x00cfc5, 0x8fdfac, 0x8fdfad, 0x00bbf1, 0x00eccb,
    0x8fdfae, 0x00c2b1, 0x8fdfaf, 0x000000, 0x00ecdc, 0x00c1a8, 0x8fdfb0, 0x000000, 0x00c6f8,
    0x000000, 0x00c9d0, 0x000000, 0x8fdfb2, 0x8fdfb1, 0x000000, 0x000000, 0x8fdfb3, 0x00eccf,
    0x00bbbf, 0x00bbf2, 0x8fdfb4, 0x00bede, 0x000000, 0x00c7e5, 0x8fdfb5, 0x00b8ad, 0x00ecce,
    0x00eccd, 0x000000, 0x00c9ea, 0x000000, 0x8fdfb6, 0x000000, 0x00bcc1, 0x000000, 0x8fdfb7,
    0x00c5d2, 0x000000, 0x8fdfb8, 0x8fdfb9, 0x000000, 0x8fdfba, 0x000000, 0x8ff4e7, 0x8fdfbb,
    0x000000, 0x8fdfbc, 0x8fdfbd, 0x000000, 0x00ecd1, 0x00ecd2, 0x00b9d8, 0x00ecd0, 0x8fdfbe,
    0x8fdfbf, 0x000000, 0x8fdfc0, 0x000000, 0x8fdfc1, 0x00ecd3, 0x00ecd4, 0x000000, 0x00ecd6,
    0x00c2a3, 0x8fdfc2, 0x00ecd5, 0x00b4e6, 0x000000, 0x00ecd8, 0x000000, 0x00ecd7, 0x00ecd9,
    0x000000, 0x8fdfc3, 0x00ecdb, 0x00ecdd, 0x000000, 0x00ecde, 0x8fdfc4, 0x000000, 0x000000,
    0x000000, 0x8fdfc5, 0x000000, 0x000000, 0x000000, 0x000000, 0x000000, 0x000000, 0x000000,
    0x000000, 0x000000, 0x000000, 0x000000, 0x000000, 0x000000, 0x000000, 0x000000, 0x000000,
    0x000000, 0x000000, 0x000000, 0x000000, 0x000000, 0x000000, 0x000000, 0x000000, 0x000000,
    0x000000, 0x000000, 0x000000, 0x000000, 0x000000, 0x000000, 0x000000, 0x000000, 0x000000,
    0x000000, 0x000000, 0x00c0d6, 0x8fdfc6, 0x00bccf, 0x00ecdf, 0x000000, 0x8fdfc7, 0x000000,
    0x00b3d2, 0x8fdfc8, 0x00ece0, 0x8fdfc9, 0x000000, 0x00c1f6, 0x00ece1, 0x000000, 0x00ece2,
    0x00c9eb, 0x000000, 0x8ff4e8, 0x00b5af, 0x000000, 0x000000, 0x000000, 0x000000, 0x000000,
    0x000000, 0x000000, 0x8fdfca, 0x000000, 0x00ece3, 0x8fdfcb, 0x000000, 0x8fdfcc, 0x00c4b6,
    0x000000, 0x000000, 0x8fdfcd, 0x000000, 0x00b1db, 0x000000, 0x000000, 0x8fdfce, 0x000000,
    0x000000, 0x8fdfcf, 0x8fdfd0, 0x000000, 0x000000, 0x000000, 0x8fdfd1, 0x000000, 0x000000,
    0x000000, 0x00ece4, 0x000000, 0x000000, 0x000000, 0x000000, 0x8fdfd2, 0x8fdfd3, 0x8fdfd4,
    0x000000, 0x000000, 0x00bcf1, 0x000000, 0x000000, 0x8fdfd5, 0x000000, 0x00bff6, 0x000000,
    0x000000, 0x8fdfd6, 0x8fdfd7, 0x000000, 0x000000, 0x8fdfd8, 0x000000, 0x000000, 0x8fdfd9,
    0x00c2ad, 0x000000, 0x8fdfda, 0x000000, 0x8fdfdb, 0x000000, 0x8fdfdc, 0x00ece7, 0x8fdfdd,
    0x8fdfef, 0x000000, 0x00ece6, 0x000000, 0x8fdfde, 0x000000, 0x00ece5, 0x000000, 0x000000,
    0x8fdfdf, 0x8fdfe0, 0x8fdfe1, 0x8fdfe2, 0x000000, 0x8fdfe3, 0x00eced, 0x00eceb, 0x000000,
    0x8fdfe4, 0x00ece8, 0x000000, 0x8fdfe5, 0x000000, 0x000000, 0x8fdfe6, 0x8fdfe7, 0x00ecea,
    0x8fdfe8, 0x000000, 0x8fdfe9, 0x00ece9, 0x00ecec, 0x000000, 0x00b5f7, 0x000000, 0x00ecf0,
    0x000000, 0x00c0d7, 0x000000, 0x00ecf1, 0x8fdfea, 0x8fdfeb, 0x000000, 0x8fdfec, 0x00b8d9,
    0x000000, 0x00ecee, 0x00ecef, 0x8fdfed, 0x000000, 0x000000, 0x00cfa9, 0x8fdfee, 0x8fdff0,
    0x8fdff1, 0x00c4b7, 0x8fdff2, 0x00c1a9, 0x000000, 0x000000, 0x000000, 0x000000, 0x000000,
    0x000000, 0x00ecf2, 0x8fdff3, 0x000000, 0x00ecf5, 0x000000, 0x8fdff4, 0x000000, 0x000000,
    0x8fdff5, 0x8fdff6, 0x8fdff7, 0x000000, 0x00ecf3, 0x00ecf4, 0x00cdd9, 0x8fdff8, 0x000000,
    0x000000, 0x000000, 0x00c6a7, 0x00ecf8, 0x8fdff9, 0x000000, 0x000000, 0x8fdffa, 0x000000,
    0x8fdffb, 0x000000, 0x000000, 0x000000, 0x000000, 0x000000, 0x000000, 0x00ecf6, 0x00ecf7,
    0x00ecf9, 0x8fdffc, 0x8fdffd, 0x8fdffe, 0x8fe0a1, 0x000000, 0x000000, 0x8fe0a2, 0x8fe0a3,
    0x000000, 0x000000, 0x00eda9, 0x000000, 0x000000, 0x000000, 0x000000, 0x000000, 0x00ecfc,
    0x8fe0a4, 0x000000, 0x8fe0a5, 0x00ecfd, 0x00ecfb, 0x8fe0a6, 0x8fe0a7, 0x8fe0a8, 0x8fe0a9,
    0x000000, 0x000000, 0x000000, 0x8fe0aa, 0x000000, 0x000000, 0x8fe0ab, 0x8fe0ac, 0x00ecfa,
    0x000000, 0x00c4fd, 0x000000, 0x000000, 0x00eda1, 0x00eda5, 0x00eda2, 0x00ecfe, 0x8fe0ad,
    0x00eda3, 0x8fe0ae, 0x8fe0af, 0x8fe0b0, 0x00eda4, 0x000000, 0x000000, 0x000000, 0x8fe0b1,
    0x00edab, 0x000000, 0x000000, 0x000000, 0x00eda6, 0x000000, 0x8fe0b2, 0x8fe0b3, 0x8fe0b4,
    0x8fe0b5, 0x00c0d8, 0x00eda8, 0x8fe0b6, 0x8fe0b7, 0x00edaa, 0x00eda7, 0x000000, 0x000000,
    0x000000, 0x000000, 0x8fe0b8, 0x000000, 0x000000, 0x8fe0b9, 0x8fe0ba, 0x000000, 0x8fe0bb,
    0x8fe0bc, 0x8fe0bd, 0x00edad, 0x000000, 0x00bdb3, 0x000000, 0x00edac, 0x000000, 0x000000,
    0x8fe0be, 0x8fe0bf, 0x8fe0c0, 0x00edae, 0x000000, 0x000000, 0x000000, 0x00edaf, 0x8fe0c1,
    0x8fe0c2, 0x00edb2, 0x00edb1, 0x000000, 0x00edb0, 0x000000, 0x8fe0c3, 0x00edb4, 0x00edb3,
    0x000000, 0x00ccf6, 0x000000, 0x000000, 0x8fe0c4, 0x00edb6, 0x8fe0c5, 0x00edb5, 0x00edb7,
    0x8fe0c6, 0x000000, 0x000000, 0x000000, 0x00edb8, 0x8fe0c7, 0x8fe0c8, 0x000000, 0x8fe0c9,
    0x8fe0ca, 0x000000, 0x000000, 0x00edba, 0x8fe0cb, 0x000000, 0x000000, 0x000000, 0x000000,
    0x8fe0cc, 0x000000, 0x8fe0cd, 0x00edb9, 0x00bfc8, 0x00edbb, 0x8fe0ce, 0x8fe0cf, 0x00b6ed,
    0x00edbc, 0x00edbe, 0x000000, 0x8fe0d0, 0x000000, 0x8fe0d1, 0x000000, 0x000000, 0x000000,
    0x000000, 0x8fe0d2, 0x8fe0d3, 0x000000, 0x000000, 0x00edbf, 0x000000, 0x8fe0d4, 0x8fe0d5,
    0x000000, 0x8fe0d6, 0x8fe0d7, 0x00edc0, 0x00edbd, 0x8fe0d8, 0x00edc1, 0x000000, 0x00bcd6,
    0x00edc2, 0x00b5b0, 0x00b7b3, 0x000000, 0x8fe0d9, 0x000000, 0x8fe0da, 0x00b8ae, 0x000000,
    0x8fe0db, 0x000000, 0x000000, 0x000000, 0x000000, 0x000000, 0x000000, 0x00edc3, 0x8fe0dc,
    0x000000, 0x000000, 0x00c6f0, 0x000000, 0x000000, 0x00c5be, 0x00edc4, 0x000000, 0x000000,
    0x000000, 0x000000, 0x8fe0dd, 0x000000, 0x000000, 0x00edc7, 0x000000, 0x8fe0e4, 0x8fe0de,
    0x000000, 0x8fe0df, 0x8fe0e0, 0x000000, 0x000000, 0x000000, 0x000000, 0x000000, 0x8fe0e1,
    0x00bcb4, 0x8fe0e2, 0x8fe0e3, 0x00edc6, 0x00edc5, 0x00b7da, 0x00edc8, 0x000000, 0x8fe0e5,
    0x000000, 0x8fe0e6, 0x00b3d3, 0x000000, 0x00edca, 0x000000, 0x8fe0e7, 0x8fe0e8, 0x00badc,
    0x00edc9, 0x000000, 0x00edd2, 0x000000, 0x000000, 0x8fe0e9, 0x8fe0ea, 0x000000, 0x00edcc,
    0x00edce, 0x00cae5, 0x00edcb, 0x8fe0eb, 0x8fe0ec, 0x8fe0ed, 0x00edcd, 0x000000, 0x00edd1,
    0x00edcf, 0x00b5b1, 0x8fe0ee, 0x00edd0, 0x8fe0ef, 0x8fe0f0, 0x000000, 0x8fe0f1, 0x000000,
    0x8fe0f2, 0x00edd3, 0x8fe0f3, 0x8fe0f4, 0x00c7da, 0x00ced8, 0x000000, 0x8fe0f5, 0x8fe0f6,
    0x8fe0f7, 0x00bdb4, 0x000000, 0x000000, 0x000000, 0x00edd4, 0x8fe0f8, 0x8fe0f9, 0x8fe0fa,
    0x8fe0fb, 0x00cda2, 0x00edd6, 0x8fe0fc, 0x00edd5, 0x000000, 0x000000, 0x00edd9, 0x00cdc1,
    0x8fe0fd, 0x8fe0fe, 0x00edd8, 0x8fe1a1, 0x00b3ed, 0x00edd7, 0x00eddc, 0x8fe1a2, 0x000000,
    0x00eddb, 0x000000, 0x000000, 0x00edda, 0x00c5b2, 0x00eddd, 0x8fe1a3, 0x000000, 0x8fe1a4,
    0x8fe1a5, 0x8fe1a6, 0x8fe1a7, 0x8fe1a8, 0x000000, 0x00edde, 0x8fe1a9, 0x000000, 0x000000,
    0x000000, 0x00eddf, 0x8fe1aa, 0x8fe1ab, 0x00b9ec, 0x000000, 0x00b7a5, 0x00ede0, 0x00ede1,
    0x00ede2, 0x8fe1ac, 0x000000, 0x000000, 0x000000, 0x000000, 0x000000, 0x000000, 0x000000,
    0x000000, 0x000000, 0x000000, 0x000000, 0x000000, 0x000000, 0x000000, 0x000000, 0x000000,
    0x000000, 0x000000, 0x000000, 0x000000, 0x000000, 0x000000, 0x000000, 0x000000, 0x000000,
    0x000000, 0x000000, 0x00bfc9, 0x00ede3, 0x8fe1ad, 0x00bcad, 0x00ede4, 0x8fe1ae, 0x8fe1af,
    0x000000, 0x00ede5, 0x8fe1b0, 0x8fe1b1, 0x8fe1b2, 0x00d2a1, 0x00d1fe, 0x000000, 0x000000,
    0x000000, 0x000000, 0x00ede6, 0x00e5f0, 0x00ede7, 0x00c3a4, 0x00bfab, 0x00c7c0, 0x000000,
    0x000000, 0x8fe1b3, 0x8fe1b4, 0x00ede8, 0x8fe1b5, 0x000000, 0x00cad5, 0x00c4d4, 0x00b9fe,
    0x000000, 0x8fe1b6, 0x00c3a9, 0x8fe1b7, 0x8fe1b8, 0x00b1aa, 0x000000, 0x00cbf8, 0x00bfd7,
    0x8fe1b9, 0x000000, 0x000000, 0x000000, 0x8fe1ba, 0x8fe1bb, 0x000000, 0x8fe1bc, 0x00b7de,
    0x000000, 0x8fe1bd, 0x00b6e1, 0x8fe1be, 0x8fe1bf, 0x00cad6, 0x8fe1c0, 0x000000, 0x000000,
    0x000000, 0x000000, 0x00ede9, 0x000000, 0x000000, 0x000000, 0x000000, 0x000000, 0x8fe1c1,
    0x000000, 0x00edeb, 0x8fe1c2, 0x8fe1c3, 0x00edea, 0x00b2e0, 0x000000, 0x8fe1c4, 0x00c6f6,
    0x00edec, 0x00c7f7, 0x000000, 0x00c5b3, 0x8fe1c5, 0x00eded, 0x00bdd2, 0x8fe1c6, 0x000000,
    0x000000, 0x00edef, 0x8fe1c7, 0x8fe1c8, 0x00ccc2, 0x00edfe, 0x00edf1, 0x00edf2, 0x8fe1c9,
    0x000000, 0x00c4c9, 0x8fe1ca, 0x000000, 0x00c2e0, 0x00c1f7, 0x8fe1cb, 0x00c6a8, 0x8fe1cc,
    0x00edf0, 0x00b5d5, 0x000000, 0x8fe1cd, 0x000000, 0x000000, 0x00edf9, 0x8fe1ce, 0x00edf6,
    0x00eea5, 0x00c6a9, 0x00c3e0, 0x00edf3, 0x000000, 0x00c4fe, 0x00c5d3, 0x00edf4, 0x00edf8,
    0x00bfe0, 0x8fe1cf, 0x00c7e7, 0x00c4cc, 0x8fe1d0, 0x000000, 0x00c0c2, 0x00edf7, 0x00c2ae,
    0x00c2a4, 0x00edf5, 0x00b0a9, 0x00cfa2, 0x000000, 0x000000, 0x000000, 0x00edfa, 0x8fe1d1,
    0x8fe1d2, 0x8fe1d4, 0x000000, 0x8fe1d5, 0x8fe1d6, 0x00c2e1, 0x8fe1d3, 0x000000, 0x00bdb5,
    0x00bfca, 0x8fe1d7, 0x8fe1d8, 0x00edfc, 0x00edfb, 0x8fe1d9, 0x00b0ef, 0x00edfd, 0x000000,
    0x000000, 0x00c9af, 0x000000, 0x00eea7, 0x8fe1da, 0x000000, 0x00c6db, 0x00bfeb, 0x8fe1db,
    0x8fe1dc, 0x00c3d9, 0x000000, 0x00b6f8, 0x000000, 0x00eea6, 0x00cdb7, 0x00b1bf, 0x8fe1dd,
    0x00cad7, 0x00b2e1, 0x00eea1, 0x00eea2, 0x00eea3, 0x00eea4, 0x00c6bb, 0x00c3a3, 0x00b0e3,
    0x00eea8, 0x000000, 0x00eea9, 0x00f4a3, 0x000000, 0x8fe1de, 0x00c2bd, 0x8fe1df, 0x00eeaa,
    0x000000, 0x00b1f3, 0x00c1cc, 0x8fe1e0, 0x00b8af, 0x000000, 0x00cdda, 0x8fe1e1, 0x8fe1e2,
    0x00eeab, 0x00c5ac, 0x000000, 0x000000, 0x8fe1e3, 0x00c1f8, 0x00bcd7, 0x00eeac, 0x8fe1e4,
    0x000000, 0x00eeaf, 0x000000, 0x8fe1e5, 0x00bde5, 0x00eead, 0x00c1ab, 0x00c1aa, 0x8fe1e6,
    0x00b0e4, 0x000000, 0x00cecb, 0x00eeb1, 0x000000, 0x00c8f2, 0x00eeb3, 0x00eeb2, 0x00eeb0,
    0x00e3e4, 0x00b4d4, 0x8fe1e7, 0x000000, 0x00edee, 0x8fe1e8, 0x00eeb5, 0x00eeb4, 0x8fe1e9,
    0x8fe1ea, 0x000000, 0x8fe1eb, 0x00eeb6, 0x8fe1ec, 0x00cdb8, 0x000000, 0x000000, 0x000000,
    0x8fe1ed, 0x000000, 0x8fe1ee, 0x8fe1ef, 0x8fe1f0, 0x000000, 0x8fe1f1, 0x000000, 0x000000,
    0x000000, 0x000000, 0x8fe1f2, 0x8fe1f3, 0x8fe1f4, 0x00c6e1, 0x000000, 0x8fe1f5, 0x00cbae,
    0x000000, 0x00eeb7, 0x000000, 0x00bcd9, 0x000000, 0x000000, 0x000000, 0x000000, 0x00eeb8,
    0x8fe1f6, 0x00eeb9, 0x8fe1f7, 0x8fe1f8, 0x8fe1f9, 0x00eeba, 0x8fe1fa, 0x000000, 0x00c5a1,
    0x000000, 0x000000, 0x000000, 0x000000, 0x8fe1fb, 0x8fe1fd, 0x000000, 0x00b0ea, 0x000000,
    0x8fe1fe, 0x8fe2a1, 0x8fe2a2, 0x000000, 0x8fe2a3, 0x8fe2a4, 0x000000, 0x00b9d9, 0x000000,
    0x8fe1fc, 0x000000, 0x00cfba, 0x000000, 0x000000, 0x000000, 0x8fe2ad, 0x000000, 0x000000,
    0x8fe2a5, 0x000000, 0x8fe2a6, 0x8fe2a7, 0x8fe2a8, 0x000000, 0x00eebe, 0x8fe2a9, 0x8fe2aa,
    0x8ff4ec, 0x8fe2ab, 0x000000, 0x00b7b4, 0x00eebb, 0x000000, 0x00eebc, 0x8fe2ac, 0x000000,
    0x000000, 0x00c9f4, 0x000000, 0x000000, 0x8fe2af, 0x000000, 0x00b3d4, 0x000000, 0x8fe2b0,
    0x8fe2b1, 0x000000, 0x000000, 0x000000, 0x8fe2b2, 0x00cdb9, 0x8fe2ae, 0x00b6bf, 0x000000,
    0x000000, 0x000000, 0x000000, 0x000000, 0x00c5d4, 0x8fe2b3, 0x8fe2b4, 0x8fe2b5, 0x000000,
    0x00eebf, 0x000000, 0x8fe2b6, 0x8fe2b7, 0x8fe2b8, 0x000000, 0x8fe2b9, 0x000000, 0x000000,
    0x000000, 0x000000, 0x8fe2ba, 0x000000, 0x000000, 0x8fe2bb, 0x000000, 0x00eec0, 0x000000,
    0x8fe2bc, 0x8ff4ee, 0x8fe2bd, 0x8fe2be, 0x8fe2bf, 0x00eec1, 0x8fe2c0, 0x000000, 0x8fe2c1,
    0x000000, 0x8fe2c2, 0x000000, 0x8fe2c3, 0x000000, 0x8fe2c5, 0x8fe2c6, 0x000000, 0x8fe2c4,
    0x000000, 0x8fe2c7, 0x000000, 0x8fe2c8, 0x000000, 0x000000, 0x000000, 0x00c5a2, 0x8fe2c9,
    0x8fe2ca, 0x00eec3, 0x8fe2cb, 0x00eec2, 0x000000, 0x8fe2cc, 0x000000, 0x8fe2cd, 0x8fe2ce,
    0x000000, 0x8fe2cf, 0x8fe2d0, 0x000000, 0x8fe2d1, 0x8fe2d2, 0x000000, 0x000000, 0x000000,
    0x8fe2d3, 0x000000, 0x000000, 0x000000, 0x8fe2d4, 0x8fe2d5, 0x00c6d3, 0x00eec4, 0x00bdb6,
    0x00bce0, 0x00c7db, 0x00c3f1, 0x8fe2d6, 0x000000, 0x000000, 0x00bcf2, 0x8fe2d7, 0x00bfec,
    0x000000, 0x00eec5, 0x8fe2d8, 0x00eec6, 0x8fe2d9, 0x8fe2da, 0x8fe2db, 0x000000, 0x000000,
    0x000000, 0x000000, 0x000000, 0x8fe2dc, 0x00bfdd, 0x00eec7, 0x8fe2dd, 0x00eec8, 0x000000,
    0x8fe2de, 0x000000, 0x00eec9, 0x00cdef, 0x000000, 0x00bdb7, 0x8fe2df, 0x000000, 0x000000,
    0x000000, 0x000000, 0x00eecb, 0x00eeca, 0x8fe2e0, 0x00b9da, 0x000000, 0x00b9f3, 0x00bbc0,
    0x8fe2e1, 0x8fe2e2, 0x8fe2e3, 0x000000, 0x000000, 0x000000, 0x000000, 0x8fe2e4, 0x00eece,
    0x8fe2e5, 0x000000, 0x8fe2e6, 0x8fe2e7, 0x00bde6, 0x000000, 0x00eecd, 0x8fe2e8, 0x00eecc,
    0x000000, 0x00c2e9, 0x8fe2e9, 0x000000, 0x00b8ef, 0x8fe2ea, 0x00c0c3, 0x8fe2eb, 0x8fe2ec,
    0x8fe2ed, 0x000000, 0x00c8b0, 0x8fe2ee, 0x000000, 0x000000, 0x000000, 0x00bdb9, 0x000000,
    0x8fe2ef, 0x000000, 0x000000, 0x8fe2f0, 0x00eecf, 0x000000, 0x00bedf, 0x000000, 0x8fe2f1,
    0x000000, 0x8fe2f2, 0x000000, 0x00eed2, 0x00eed0, 0x8fe2f3, 0x8fe2f4, 0x8fe2f5, 0x00eed1,
    0x8fe2f6, 0x8fe2f7, 0x8fe2f8, 0x8fe2f9, 0x00eed4, 0x00eed3, 0x8fe2fa, 0x000000, 0x00befa,
    0x000000, 0x00eed5, 0x8fe2fb, 0x8fe2fc, 0x8fe2fd, 0x000000, 0x8fe2fe, 0x00eed6, 0x00eed7,
    0x8fe3a1, 0x8fe3a2, 0x000000, 0x8fe3a3, 0x00c8d0, 0x00bad3, 0x00bce1, 0x00eed8, 0x000000,
    0x00eed9, 0x00cea4, 0x00bdc5, 0x00ccee, 0x00cecc, 0x00eeda, 0x00b6e2, 0x000000, 0x8fe3a4,
    0x8fe3a5, 0x000000, 0x00eedb, 0x8fe3a6, 0x00c5a3, 0x8fe3a7, 0x8fe3a8, 0x00eede, 0x00b3f8,
    0x00bfcb, 0x8fe3a9, 0x00eedc, 0x000000, 0x00eedd, 0x000000, 0x00c4e0, 0x8fe3aa, 0x8fe3ab,
    0x00cbd5, 0x00b6fc, 0x000000, 0x8fe3ac, 0x8fe3ad, 0x000000, 0x8fe3ae, 0x8fe3af, 0x8fe3b0,
    0x8fe3b1, 0x8fe3b2, 0x8fe3b3, 0x000000, 0x000000, 0x000000, 0x00eee0, 0x00eee1, 0x8fe3b4,
    0x000000, 0x8fe3b5, 0x000000, 0x8fe3b6, 0x00eedf, 0x8fe3b7, 0x000000, 0x00eee3, 0x8fe3b8,
    0x8fe3b9, 0x000000, 0x000000, 0x8fe3ba, 0x8fe3bb, 0x8fe3bc, 0x8fe3bd, 0x000000, 0x8fe3be,
    0x8fe3bf, 0x000000, 0x8fe3c0, 0x00c6df, 0x00b3c3, 0x000000, 0x8fe3c1, 0x00eee7, 0x8fe3c2,
    0x8fe3c3, 0x00eee4, 0x00eee6, 0x8fe3c4, 0x000000, 0x8fe3c5, 0x000000, 0x000000, 0x000000,
    0x8fe3c6, 0x8fe3c7, 0x00eee2, 0x000000, 0x000000, 0x000000, 0x000000, 0x8fe3c8, 0x8fe3c9,
    0x8fe3ca, 0x8fe3cb, 0x000000, 0x8fe3cc, 0x00efcf, 0x000000, 0x000000, 0x00eee5, 0x000000,
    0x8fe3cd, 0x8fe3ce, 0x8fe3cf, 0x000000, 0x000000, 0x8fe3d0, 0x00ceeb, 0x8fe3d1, 0x8fe3d2,
    0x00b8da, 0x8fe3d3, 0x8fe3d4, 0x8fe3d5, 0x000000, 0x8fe3d6, 0x000000, 0x8fe3d7, 0x00eeef,
    0x8fe3d8, 0x000000, 0x8fe3d9, 0x8fe3da, 0x00c5b4, 0x00eeea, 0x8fe3db, 0x8fe3dc, 0x00eeed,
    0x00eeeb, 0x8fe3dd, 0x00eef0, 0x000000, 0x8fe3de, 0x8fe3df, 0x8fe3e0, 0x00eef1, 0x8fe3e1,
    0x000000, 0x000000, 0x000000, 0x000000, 0x000000, 0x00eee9, 0x8fe3e2, 0x8fe3e3, 0x00eef6,
    0x00b1f4, 0x8fe3e4, 0x8fe3e5, 0x00eee8, 0x000000, 0x8fe3e6, 0x8fe3e7, 0x00c8ad, 0x000000,
    0x00eeec, 0x8fe3e8, 0x00bee0, 0x8fe3e9, 0x8fe3ea, 0x8fe3eb, 0x000000, 0x000000, 0x000000,
    0x000000, 0x8fe3ec, 0x8fe3ed, 0x8fe3ee, 0x00b9db, 0x000000, 0x000000, 0x000000, 0x8fe3ef,
    0x8fe3f0, 0x8fe3f1, 0x8fe3f2, 0x8fe3f3, 0x000000, 0x8fe3f4, 0x8fe3f5, 0x8fe3f6, 0x00cbc8,
    0x8fe3f7, 0x00b6e4, 0x000000, 0x000000, 0x00bdc6, 0x000000, 0x00c6bc, 0x000000, 0x000000,
    0x8fe3f8, 0x8fe3f9, 0x8fe3fa, 0x000000, 0x000000, 0x8fe3fb, 0x8fe3fc, 0x000000, 0x000000,
    0x00c1ad, 0x8fe3fd, 0x00eef4, 0x000000, 0x00eeee, 0x00eef3, 0x8fe3fe, 0x00ccc3, 0x8fe4a1,
    0x00c4b8, 0x00eef5, 0x00eef2, 0x000000, 0x000000, 0x8fe4a2, 0x8fe4a3, 0x000000, 0x000000,
    0x000000, 0x8fe4a4, 0x8fe4a5, 0x000000, 0x8fe4a6, 0x8fe4a7, 0x000000, 0x000000, 0x8fe4a8,
    0x000000, 0x00c1ac, 0x000000, 0x8fe4a9, 0x000000, 0x000000, 0x8fe4aa, 0x000000, 0x000000,
    0x000000, 0x8fe4ab, 0x00eef9, 0x8fe4ac, 0x00eef8, 0x8fe4ad, 0x8fe4ae, 0x8fe4af, 0x8fe4b0,
    0x000000, 0x8fe4b1, 0x8fe4b2, 0x8fe4b3, 0x8fe4b4, 0x8fe4b5, 0x000000, 0x8fe4b6, 0x8fe4b7,
    0x8fe4b8, 0x8fe4b9, 0x000000, 0x000000, 0x8fe4ba, 0x8fe4bb, 0x8fe4bc, 0x8fe4bd, 0x00eef7,
    0x8fe4be, 0x000000, 0x00cbaf, 0x8fe4bf, 0x000000, 0x8fe4c0, 0x000000, 0x8fe4c1, 0x8fe4c2,
    0x8fe4c3, 0x000000, 0x000000, 0x8fe4c4, 0x8fe4c5, 0x000000, 0x8fe4c6, 0x8fe4c7, 0x8fe4c8,
    0x000000, 0x8fe4c9, 0x00bdfb, 0x8fe4ca, 0x000000, 0x8fe4cb, 0x8fe4cc, 0x00eefa, 0x00cadf,
    0x000000, 0x8fe4cd, 0x00b1d4, 0x8fe4ce, 0x000000, 0x8fe4cf, 0x000000, 0x00c9c6, 0x00c3f2,
    0x000000, 0x000000, 0x000000, 0x000000, 0x00b5f8, 0x8fe4d0, 0x00eefc, 0x8fe4d1, 0x00b9dd,
    0x000000, 0x000000, 0x8fe4d2, 0x8fe4d3, 0x000000, 0x8fe4d4, 0x000000, 0x000000, 0x000000,
    0x00bbac, 0x000000, 0x8fe4d5, 0x000000, 0x000000, 0x000000, 0x000000, 0x8fe4d6, 0x000000,
    0x00eefb, 0x00bfed, 0x8fe4d7, 0x000000, 0x000000, 0x8fe4d8, 0x8fe4d9, 0x000000, 0x000000,
    0x00bfee, 0x00efa1, 0x00efa3, 0x000000, 0x8fe4da, 0x8fe4db, 0x8fe4dc, 0x8fe4dd, 0x00befb,
    0x8fe4de, 0x00efa2, 0x00efa4, 0x8fe4df, 0x8fe4e0, 0x00b6d3, 0x8fe4e1, 0x00c9c5, 0x8fe4e2,
    0x8fe4e3, 0x00bce2, 0x00cfa3, 0x000000, 0x00eefe, 0x00baf8, 0x000000, 0x000000, 0x00cfbf,
    0x8fe4e4, 0x8fe4e5, 0x00efa6, 0x8fe4e6, 0x8fe4e7, 0x000000, 0x000000, 0x00efa5, 0x00efa7,
    0x000000, 0x000000, 0x000000, 0x000000, 0x00eefd, 0x000000, 0x000000, 0x8fe4e8, 0x8fe4e9,
    0x8fe4ea, 0x000000, 0x00c6e9, 0x000000, 0x00c5d5, 0x000000, 0x000000, 0x8fe4eb, 0x8fe4ec,
    0x8fe4ed, 0x000000, 0x00c4d7, 0x8fe4ee, 0x00efac, 0x8fe4ef, 0x8fe4f0, 0x000000, 0x8fe4f1,
    0x00c3c3, 0x00efa8, 0x000000, 0x8fe4f2, 0x000000, 0x00efa9, 0x000000, 0x000000, 0x000000,
    0x8fe4f3, 0x8fe4f4, 0x000000, 0x8fe4f5, 0x000000, 0x8fe4f6, 0x8fe4f7, 0x000000, 0x00b7ad,
    0x8fe4f8, 0x00efab, 0x8fe4f9, 0x8fe4fa, 0x8fe4fb, 0x000000, 0x8fe4fc, 0x8fe4fd, 0x00b8b0,
    0x8fe4fe, 0x000000, 0x000000, 0x000000, 0x8fe5a1, 0x000000, 0x00efaa, 0x8fe5a2, 0x00bee1,
    0x8fe5a3, 0x8fe5a4, 0x8fe5a5, 0x8fe5a6, 0x000000, 0x000000, 0x000000, 0x000000, 0x000000,
    0x8fe5a7, 0x000000, 0x8fe5a8, 0x8fe5a9, 0x00b3f9, 0x8fe5aa, 0x000000, 0x8fe5ab, 0x000000,
    0x000000, 0x8fe5ac, 0x000000, 0x00efb0, 0x8fe5ad, 0x00babf, 0x00c1f9, 0x8fe5ae, 0x000000,
    0x00c4ca, 0x8fe5af, 0x000000, 0x000000, 0x8fe5b0, 0x000000, 0x000000, 0x8fe5b1, 0x000000,
    0x8fe5b2, 0x8fe5b3, 0x000000, 0x8fe5b4, 0x00b3bb, 0x8fe5b5, 0x8fe5bb, 0x000000, 0x8fe5b6,
    0x00efae, 0x00efaf, 0x00c4c3, 0x000000, 0x00efad, 0x000000, 0x000000, 0x000000, 0x8fe5b7,
    0x8fe5b8, 0x8fe5b9, 0x000000, 0x000000, 0x00efb1, 0x8fe5ba, 0x000000, 0x000000, 0x000000,
    0x000000, 0x000000, 0x8fe5bc, 0x000000, 0x00efb7, 0x8fe5bd, 0x8fe5be, 0x8fe5bf, 0x8fe5c0,
    0x00efba, 0x8fe5c1, 0x8fe5c2, 0x8fe5c3, 0x8fe5c4, 0x8fe5c5, 0x000000, 0x000000, 0x00efb9,
    0x00c5ad, 0x000000, 0x8fe5c6, 0x000000, 0x000000, 0x00efb2, 0x00efb3, 0x00efb6, 0x8fe5c7,
    0x000000, 0x000000, 0x8fe5c8, 0x00efb8, 0x8fe5c9, 0x8fe5ca, 0x000000, 0x00b6c0, 0x8fe5cb,
    0x000000, 0x00efbb, 0x00efb5, 0x8fe5cc, 0x8fe5cd, 0x00efb4, 0x000000, 0x000000, 0x000000,
    0x000000, 0x000000, 0x000000, 0x000000, 0x000000, 0x000000, 0x000000, 0x000000, 0x000000,
    0x000000, 0x000000, 0x8fe5cf, 0x8fe5d0, 0x8fe5ce, 0x8fe5d1, 0x8fe5d2, 0x000000, 0x8fe5d3,
    0x000000, 0x000000, 0x8fe5d4, 0x8fe5d5, 0x00efbf, 0x8fe5d6, 0x000000, 0x000000, 0x00efc0,
    0x8fe5d7, 0x8fe5d8, 0x000000, 0x000000, 0x000000, 0x8fe5d9, 0x8fe5da, 0x8fe5db, 0x00efc1,
    0x000000, 0x000000, 0x00efbe, 0x00efbd, 0x8fe5dc, 0x8fe5dd, 0x8fe5de, 0x00bee2, 0x00c6aa,
    0x00efbc, 0x000000, 0x000000, 0x000000, 0x000000, 0x8fe5df, 0x000000, 0x00efc5, 0x000000,
    0x000000, 0x000000, 0x000000, 0x000000, 0x000000, 0x000000, 0x000000, 0x000000, 0x00efc3,
    0x000000, 0x000000, 0x8fe5e0, 0x8fe5e1, 0x000000, 0x8fe5e2, 0x8fe5e3, 0x8fe5e4, 0x8fe5e5,
    0x00efc4, 0x00efc2, 0x000000, 0x00c2f8, 0x000000, 0x00efc6, 0x8fe5e6, 0x000000, 0x8fe5e8,
    0x000000, 0x8fe5e7, 0x000000, 0x00efc7, 0x000000, 0x8fe5e9, 0x00efc9, 0x8fe5ea, 0x000000,
    0x000000, 0x8fe5eb, 0x000000, 0x8fe5ec, 0x000000, 0x8fe5ed, 0x000000, 0x000000, 0x000000,
    0x000000, 0x00b4d5, 0x00efc8, 0x00ccfa, 0x000000, 0x8fe5ee, 0x000000, 0x000000, 0x000000,
    0x8fe5ef, 0x00efd4, 0x00efca, 0x8fe5f0, 0x000000, 0x00efcd, 0x8fe5f1, 0x00efcb, 0x8fe5f2,
    0x00efcc, 0x8fe5f3, 0x000000, 0x000000, 0x000000, 0x000000, 0x8fe5f4, 0x000000, 0x00efce,
    0x8fe5f5, 0x000000, 0x8fe5f6, 0x8fe5f7, 0x8fe5f8, 0x00efd0, 0x8fe5f9, 0x8fe5fa, 0x000000,
    0x000000, 0x00efd1, 0x000000, 0x00efd2, 0x000000, 0x000000, 0x000000, 0x000000, 0x00efd5,
    0x00efd3, 0x00efd6, 0x00efd8, 0x000000, 0x00efd7, 0x000000, 0x8fe5fc, 0x8fe5fb, 0x000000,
    0x000000, 0x000000, 0x000000, 0x000000, 0x000000, 0x000000, 0x000000, 0x000000, 0x000000,
    0x000000, 0x000000, 0x000000, 0x000000, 0x000000, 0x000000, 0x000000, 0x000000, 0x000000,
    0x000000, 0x000000, 0x000000, 0x000000, 0x000000, 0x000000, 0x000000, 0x000000, 0x000000,
    0x000000, 0x000000, 0x000000, 0x000000, 0x000000, 0x000000, 0x000000, 0x000000, 0x000000,
    0x000000, 0x000000, 0x000000, 0x000000, 0x000000, 0x000000, 0x000000, 0x000000, 0x000000,
    0x000000, 0x000000, 0x000000, 0x000000, 0x000000, 0x000000, 0x000000, 0x000000, 0x000000,
    0x000000, 0x000000, 0x000000, 0x000000, 0x00c4b9, 0x8fe5fd, 0x8fe5fe, 0x000000, 0x000000,
    0x000000, 0x000000, 0x8fe6a1, 0x000000, 0x00cce7, 0x000000, 0x00efd9, 0x00c1ae, 0x8fe6a2,
    0x000000, 0x000000, 0x00efda, 0x8fe6a3, 0x00cac4, 0x00efdb, 0x00b3ab, 0x8fe6a4, 0x8fe6a5,
    0x8fe6a6, 0x00b1bc, 0x000000, 0x00b4d7, 0x8ff4f1, 0x00b4d6, 0x00efdc, 0x000000, 0x00efdd,
    0x000000, 0x00efde, 0x00efdf, 0x000000, 0x000000, 0x000000, 0x8fe6a7, 0x8fe6a8, 0x8fe6a9,
    0x00efe0, 0x8fe6aa, 0x00b4d8, 0x00b3d5, 0x00b9de, 0x00c8b6, 0x8fe6ab, 0x00efe2, 0x00efe1,
    0x8fe6ac, 0x000000, 0x8fe6ad, 0x8fe6ae, 0x00efe3, 0x000000, 0x000000, 0x000000, 0x000000,
    0x00b1dc, 0x000000, 0x8fe6af, 0x000000, 0x8fe6b0, 0x000000, 0x000000, 0x00efe6, 0x8fe6b1,
    0x00efe5, 0x00efe4, 0x8fe6b2, 0x00efe7, 0x8fe6b3, 0x000000, 0x000000, 0x000000, 0x00efea,
    0x000000, 0x000000, 0x8fe6b4, 0x00b0c7, 0x8fe6b5, 0x8fe6b6, 0x00efe8, 0x8fe6b7, 0x00efec,
    0x00efeb, 0x000000, 0x000000, 0x8fe6b8, 0x8fe6b9, 0x8fe6ba, 0x8fe6bb, 0x00efee, 0x00efed,
    0x00efef, 0x000000, 0x00c6ae, 0x8fe6bc, 0x8fe6bd, 0x000000, 0x00eff0, 0x8fe6be, 0x8fe6bf,
    0x8fe6c0, 0x8fe6c1, 0x00eff1, 0x00eff3, 0x000000, 0x8fe6c2, 0x00eff2, 0x8fe6c3, 0x000000,
    0x000000, 0x000000, 0x000000, 0x000000, 0x000000, 0x000000, 0x000000, 0x000000, 0x000000,
    0x000000, 0x000000, 0x000000, 0x000000, 0x000000, 0x000000, 0x000000, 0x000000, 0x000000,
    0x000000, 0x000000, 0x000000, 0x000000, 0x000000, 0x000000, 0x000000, 0x000000, 0x000000,
    0x00c9ec, 0x8fe6c4, 0x8fe6c5, 0x000000, 0x000000, 0x00eff4, 0x8fe6c6, 0x000000, 0x8fe6c7,
    0x8fe6c8, 0x8fe6c9, 0x000000, 0x00eff5, 0x000000, 0x00bae5, 0x000000, 0x8fe6ca, 0x000000,
    0x00eff6, 0x00eff7, 0x000000, 0x8fe6cb, 0x00cbc9, 0x8fe6cc, 0x000000, 0x000000, 0x000000,
    0x8fe6cd, 0x8fe6ce, 0x8fe6cf, 0x8fe6d0, 0x00c1cb, 0x8fe6d1, 0x8fe6d2, 0x000000, 0x00b0a4,
    0x00c2cb, 0x8fe6d3, 0x00eff8, 0x000000, 0x00c9ed, 0x000000, 0x000000, 0x000000, 0x000000,
    0x000000, 0x000000, 0x00effb, 0x00eff9, 0x00b9df, 0x000000, 0x00effa, 0x00b8c2, 0x000000,
    0x8fe6d4, 0x000000, 0x8fe6d5, 0x000000, 0x8fe6d6, 0x8fe6d7, 0x8fe6d8, 0x000000, 0x000000,
    0x00cac5, 0x00effd, 0x00f0a1, 0x00effe, 0x00f0a2, 0x000000, 0x8fe6d9, 0x00b1a1, 0x00bfd8,
    0x00bdfc, 0x00b4d9, 0x00f0a3, 0x000000, 0x000000, 0x000000, 0x00c7e6, 0x000000, 0x00f0a5,
    0x000000, 0x8fe6da, 0x000000, 0x00b1a2, 0x000000, 0x00f0a4, 0x00c4c4, 0x8fe6db, 0x00cecd,
    0x00c6ab, 0x00effc, 0x00cea6, 0x000000, 0x00b8b1, 0x8fe6dc, 0x8fe6dd, 0x00cddb, 0x8fe6de,
    0x8fe6df, 0x000000, 0x8fe6e0, 0x8fe6e1, 0x8fe6e2, 0x8fe6e3, 0x00b6f9, 0x00ceb4, 0x000000,
    0x00b7a8, 0x8fe6e4, 0x00c2e2, 0x00e7a1, 0x000000, 0x00f0a6, 0x00b3ac, 0x00bfef, 0x000000,
    0x8fe6e5, 0x000000, 0x000000, 0x00b3d6, 0x00f0a8, 0x8fe6e6, 0x00f0a9, 0x00f0a7, 0x00b7e4,
    0x8fe6e7, 0x00badd, 0x00bee3, 0x8fe6e8, 0x000000, 0x8fe6e9, 0x00b1a3, 0x000000, 0x000000,
    0x00ced9, 0x8fe6ea, 0x8fe6eb, 0x8fe6ec, 0x00f0ab, 0x00eeae, 0x8fe6ed, 0x00f0aa, 0x000000,
    0x000000, 0x000000, 0x8fe6ee, 0x8fe6ef, 0x00f0ae, 0x00f0ac, 0x00f0ad, 0x8fe6f0, 0x00f0af,
    0x000000, 0x00f0b0, 0x00ceec, 0x00f0b1, 0x00f0b2, 0x8fe6f1, 0x00c0c9, 0x00c8bb, 0x000000,
    0x000000, 0x000000, 0x00bffd, 0x00b4e7, 0x000000, 0x000000, 0x00cdba, 0x00b2ed, 0x00bdb8,
    0x00b8db, 0x000000, 0x00f0b5, 0x8fe6f2, 0x00f0b4, 0x00bbf3, 0x00f0b6, 0x00f0b3, 0x000000,
    0x000000, 0x00bba8, 0x8fe6f3, 0x000000, 0x000000, 0x00f0ba, 0x00eaad, 0x000000, 0x8fe6f5,
    0x00d2d6, 0x8fe6f6, 0x00bff7, 0x00f0b8, 0x8fe6f7, 0x8fe6f8, 0x8fe6f9, 0x000000, 0x000000,
    0x00cea5, 0x00c6f1, 0x000000, 0x000000, 0x000000, 0x000000, 0x00b1ab, 0x8fe6fa, 0x00c0e3,
    0x00bcb6, 0x000000, 0x000000, 0x000000, 0x8fe6fb, 0x00cab7, 0x8fe6fc, 0x00b1c0, 0x000000,
    0x000000, 0x000000, 0x00ceed, 0x00cdeb, 0x000000, 0x00f0bb, 0x8fe6fd, 0x00c5c5, 0x000000,
    0x000000, 0x000000, 0x000000, 0x00bcfb, 0x000000, 0x8fe6fe, 0x8fe7a1, 0x00f0bc, 0x8fe7a2,
    0x00f0bd, 0x00bfcc, 0x00f0be, 0x8fe7a3, 0x00ceee, 0x000000, 0x000000, 0x00f0b9, 0x00f0c0,
    0x00f0c2, 0x000000, 0x00f0c1, 0x000000, 0x00f0bf, 0x000000, 0x000000, 0x00f0c3, 0x000000,
    0x000000, 0x00f0c4, 0x8fe7a4, 0x8fe7a5, 0x00c1fa, 0x8fe7a6, 0x00b2e2, 0x000000, 0x000000,
    0x8fe7a7, 0x8fe7a8, 0x8fe7a9, 0x00f0c5, 0x000000, 0x000000, 0x00ccb8, 0x8fe7aa, 0x000000,
    0x00f0c6, 0x000000, 0x000000, 0x000000, 0x000000, 0x000000, 0x00f0c7, 0x8fe7ab, 0x00cfaa,
    0x8fe7ac, 0x000000, 0x000000, 0x000000, 0x000000, 0x00dbb1, 0x00f0c8, 0x000000, 0x8ff4f4,
    0x000000, 0x00f0c9, 0x00f0ca, 0x000000, 0x8fe7ad, 0x00f0ce, 0x8fe7ae, 0x00f0cb, 0x000000,
    0x00f0cc, 0x000000, 0x00f0cd, 0x00f0cf, 0x8fe7af, 0x000000, 0x000000, 0x8ff4f5, 0x8fe7b0,
    0x8fe7b1, 0x000000, 0x8ff4f6, 0x00c0c4, 0x000000, 0x000000, 0x8fe7b2, 0x00ccf7, 0x8fe7b3,
    0x8fe7b4, 0x00c0c5, 0x8fe7b5, 0x8fe7b6, 0x00f0d0, 0x000000, 0x00c8f3, 0x000000, 0x00f0d1,
    0x00f3d3, 0x00cccc, 0x8fe7b7, 0x00f0d2, 0x000000, 0x00f0d3, 0x8fe7b8, 0x00f0d4, 0x00b3d7,
    0x8fe7b9, 0x00f0d6, 0x000000, 0x00bfd9, 0x8fe7ba, 0x000000, 0x000000, 0x00f0d7, 0x000000,
    0x8fe7bb, 0x00b7a4, 0x000000, 0x8fe7bc, 0x8fe7bd, 0x8fe7be, 0x00f0d8, 0x00f0dc, 0x8fe7bf,
    0x00f0da, 0x8fe7c0, 0x000000, 0x8fe7c1, 0x8fe7c2, 0x00f0db, 0x000000, 0x000000, 0x00b3f3,
    0x00f0d9, 0x00f0dd, 0x000000, 0x000000, 0x8fe7c3, 0x000000, 0x00f0de, 0x000000, 0x00b0c8,
    0x000000, 0x00f0df, 0x00f0e0, 0x000000, 0x000000, 0x000000, 0x000000, 0x8fe7c4, 0x8fe7c5,
    0x8fe7c6, 0x00bee4, 0x8fe7c7, 0x8fe7c8, 0x000000, 0x00f0e1, 0x000000, 0x8fe7c9, 0x8fe7ca,
    0x00b5c7, 0x000000, 0x8fe7cb, 0x00f0e4, 0x000000, 0x000000, 0x00f0e3, 0x000000, 0x00f0e2,
    0x000000, 0x000000, 0x00ebf1, 0x8fe7cc, 0x00cadc, 0x8fe7cd, 0x000000, 0x000000, 0x8fe7ce,
    0x8fe7cf, 0x00f0e5, 0x00f0e6, 0x8fe7d0, 0x8fe7d1, 0x000000, 0x8fe7d2, 0x8fe7d3, 0x8fe7d4,
    0x000000, 0x8fe7d5, 0x000000, 0x8fe7d6, 0x8fe7d7, 0x000000, 0x8fe7d8, 0x000000, 0x00f0e7,
    0x8fe7d9, 0x8fe7da, 0x00f0e8, 0x8fe7db, 0x00f0e9, 0x8fe7dc, 0x8fe7dd, 0x00f0ea, 0x8fe7de,
    0x8fe7df, 0x8fe7e0, 0x000000, 0x8fe7e1, 0x8fe7e2, 0x000000, 0x00b4da, 0x8fe7e3, 0x000000,
    0x000000, 0x8fe7e4, 0x8fe7e5, 0x8fe7e6, 0x000000, 0x8fe7ea, 0x00f0eb, 0x8fe7e7, 0x8fe7e8,
    0x000000, 0x8fe7e9, 0x8fe7eb, 0x000000, 0x000000, 0x8fe7ec, 0x000000, 0x000000, 0x000000,
    0x000000, 0x000000, 0x000000, 0x000000, 0x000000, 0x00f0ec, 0x00c7a3, 0x8fe7ed, 0x000000,
    0x8fe7ee, 0x00f0ee, 0x00b2bb, 0x8fe7ef, 0x00f0f1, 0x00f0f0, 0x8fe7f0, 0x8fe7f1, 0x000000,
    0x8fe7f2, 0x00b1a4, 0x000000, 0x000000, 0x000000, 0x00b6c1, 0x000000, 0x00cac7, 0x00c4ba,
    0x00baa2, 0x000000, 0x00b9e0, 0x00bde7, 0x8fe7f3, 0x00bfdc, 0x000000, 0x8fe7f4, 0x000000,
    0x00f0f3, 0x8fe7f6, 0x8fe7f7, 0x00f0f2, 0x00cdc2, 0x00b4e8, 0x00c8d2, 0x00c6dc, 0x8fe7f8,
    0x000000, 0x8fe7f9, 0x00bffc, 0x00cece, 0x8fe7f5, 0x00b7db, 0x000000, 0x8fe7fa, 0x000000,
    0x8fe7fb, 0x000000, 0x8fe7fc, 0x00f0f6, 0x000000, 0x8fe7fd, 0x00f0f5, 0x8fe8a8, 0x8fe7fe,
    0x000000, 0x000000, 0x000000, 0x000000, 0x8fe8a1, 0x00cbcb, 0x00c6ac, 0x8fe8a2, 0x8fe8a3,
    0x8fe8a4, 0x000000, 0x8fe8a5, 0x8fe8a6, 0x00b1d0, 0x8fe8a7, 0x000000, 0x00f0f7, 0x00f0f4,
    0x000000, 0x000000, 0x00c9d1, 0x00cdea, 0x00f0f8, 0x8fe8a9, 0x000000, 0x000000, 0x000000,
    0x000000, 0x8fe8aa, 0x000000, 0x00f0f9, 0x8fe8ab, 0x000000, 0x000000, 0x8fe8ac, 0x00f0fb,
    0x00c2ea, 0x00b3db, 0x00b3dc, 0x00f0fa, 0x000000, 0x8fe8ad, 0x8fe8ae, 0x8fe8af, 0x00b4e9,
    0x00b8b2, 0x8fe8b0, 0x8fe8b1, 0x00b4ea, 0x8fe8b2, 0x8fe8b3, 0x00c5bf, 0x000000, 0x000000,
    0x00cee0, 0x000000, 0x000000, 0x000000, 0x8fe8b4, 0x8fe8b5, 0x000000, 0x8fe8b6, 0x8fe8b7,
    0x00b8dc, 0x000000, 0x000000, 0x8fe8b8, 0x00f0fc, 0x8fe8b9, 0x000000, 0x000000, 0x00f0fd,
    0x00f0fe, 0x00f1a1, 0x000000, 0x00f1a3, 0x00f1a2, 0x000000, 0x000000, 0x000000, 0x000000,
    0x000000, 0x000000, 0x000000, 0x000000, 0x000000, 0x000000, 0x000000, 0x000000, 0x000000,
    0x000000, 0x000000, 0x000000, 0x000000, 0x000000, 0x000000, 0x000000, 0x000000, 0x000000,
    0x000000, 0x000000, 0x000000, 0x000000, 0x000000, 0x000000, 0x000000, 0x000000, 0x000000,
    0x000000, 0x000000, 0x000000, 0x000000, 0x000000, 0x000000, 0x000000, 0x000000, 0x000000,
    0x00c9f7, 0x000000, 0x00f1a4, 0x8fe8ba, 0x000000, 0x8fe8bb, 0x8fe8bc, 0x00f1a5, 0x8fe8bd,
    0x00f1a6, 0x000000, 0x000000, 0x8fe8be, 0x000000, 0x00f1a7, 0x8fe8bf, 0x8fe8c0, 0x000000,
    0x8fe8c1, 0x8fe8c2, 0x000000, 0x000000, 0x000000, 0x8fe8c3, 0x000000, 0x000000, 0x8fe8c4,
    0x00f1a9, 0x00f1a8, 0x8fe8c5, 0x00f1aa, 0x000000, 0x8fe8c6, 0x000000, 0x000000, 0x000000,
    0x8fe8c7, 0x000000, 0x000000, 0x000000, 0x000000, 0x000000, 0x000000, 0x000000, 0x000000,
    0x000000, 0x000000, 0x000000, 0x000000, 0x000000, 0x000000, 0x00c8f4, 0x00e6cc, 0x000000,
    0x000000, 0x00bfa9, 0x000000, 0x8fe8c8, 0x00b5b2, 0x8fe8c9, 0x000000, 0x8fe8ca, 0x8fe8cb,
    0x8fe8cc, 0x000000, 0x00f1ab, 0x8fe8cd, 0x00f1ac, 0x000000, 0x00d2ac, 0x00ddbb, 0x00c8d3,
    0x000000, 0x000000, 0x00b0fb, 0x8fe8ce, 0x00b0bb, 0x000000, 0x8fe8cf, 0x000000, 0x000000,
    0x000000, 0x000000, 0x000000, 0x00bbf4, 0x00cbb0, 0x00befe, 0x000000, 0x000000, 0x8fe8d0,
    0x00f1ad, 0x000000, 0x00ccdf, 0x000000, 0x8fe8d1, 0x8fe8d2, 0x00f1ae, 0x00cddc, 0x000000,
    0x00b1c2, 0x000000, 0x000000, 0x000000, 0x00bbc1, 0x8fe8d3, 0x00f1af, 0x00b2ee, 0x00f1b0,
    0x8fe8d4, 0x8fe8d5, 0x8fe8d6, 0x00f1b1, 0x000000, 0x8fe8d7, 0x8fe8d8, 0x8fe8d9, 0x00f1b3,
    0x00f1b4, 0x8fe8da, 0x00f1b6, 0x00f1b2, 0x8fe8db, 0x000000, 0x00f1b5, 0x000000, 0x8fe8dc,
    0x8fe8dd, 0x00b4db, 0x000000, 0x000000, 0x8fe8de, 0x00f1b7, 0x000000, 0x00f1b8, 0x000000,
    0x000000, 0x8fe8df, 0x8fe8e0, 0x8fe8e1, 0x8fe8e2, 0x8fe8e3, 0x000000, 0x000000, 0x000000,
    0x8fe8e4, 0x8fe8e5, 0x8fe8e6, 0x8fe8e7, 0x00f1b9, 0x00f1ba, 0x000000, 0x8fe8e8, 0x8fe8e9,
    0x00f1bb, 0x000000, 0x000000, 0x00f1bd, 0x8fe8ea, 0x8fe8eb, 0x8fe8ec, 0x00f1bc, 0x000000,
    0x00f1bf, 0x00f1c2, 0x8fe8ed, 0x8fe8ee, 0x000000, 0x00f1be, 0x00f1c0, 0x00f1c1, 0x000000,
    0x8fe8ef, 0x00f1c3, 0x000000, 0x00b6c2, 0x8fe8f0, 0x8fe8f1, 0x000000, 0x8fe8f2, 0x8fe8f3,
    0x000000, 0x8fe8f4, 0x8fe8f5, 0x8fe8f6, 0x000000, 0x000000, 0x000000, 0x000000, 0x000000,
    0x000000, 0x000000, 0x000000, 0x000000, 0x000000, 0x000000, 0x000000, 0x000000, 0x000000,
    0x000000, 0x000000, 0x000000, 0x000000, 0x000000, 0x000000, 0x000000, 0x000000, 0x000000,
    0x000000, 0x000000, 0x000000, 0x000000, 0x000000, 0x000000, 0x000000, 0x000000, 0x00bcf3,
    0x00f1c4, 0x00f1c5, 0x00b9e1, 0x000000, 0x8fe8f7, 0x000000, 0x8fe8f8, 0x8ff4fa, 0x8fe8f9,
    0x000000, 0x000000, 0x000000, 0x000000, 0x000000, 0x00f1c6, 0x8fe8fa, 0x000000, 0x00b3be,
    0x000000, 0x000000, 0x000000, 0x00c7cf, 0x00f1c7, 0x00f1c8, 0x000000, 0x8fe8fb, 0x8fe8fc,
    0x8fe8fd, 0x00c3da, 0x00c6eb, 0x8fe8fe, 0x000000, 0x000000, 0x000000, 0x8fe9a1, 0x8fe9a2,
    0x000000, 0x00f1c9, 0x8fe9a3, 0x000000, 0x8fe9a4, 0x000000, 0x00c7fd, 0x000000, 0x8fe9a5,
    0x00c2cc, 0x00b1d8, 0x00b6ee, 0x000000, 0x00b6ef, 0x8fe9a6, 0x000000, 0x000000, 0x000000,
    0x000000, 0x000000, 0x000000, 0x00c3f3, 0x00f1ce, 0x00b6f0, 0x8fe9a7, 0x8fe9a8, 0x00b2ef,
    0x000000, 0x000000, 0x00f1cd, 0x8fe9a9, 0x8fe9aa, 0x00f1cb, 0x8fe9ab, 0x00f1cc, 0x8fe9ac,
    0x00f1ca, 0x000000, 0x000000, 0x00f1d8, 0x000000, 0x000000, 0x000000, 0x000000, 0x8fe9ad,
    0x000000, 0x000000, 0x8fe9ae, 0x8fe9af, 0x8fe9b0, 0x00f1cf, 0x00f1d0, 0x000000, 0x8fe9b1,
    0x00f1d1, 0x00f1d2, 0x000000, 0x8fe9b2, 0x8fe9b3, 0x000000, 0x000000, 0x00f1d4, 0x8fe9b4,
    0x000000, 0x00f1d3, 0x000000, 0x8fe9b5, 0x8fe9b6, 0x00bdd9, 0x000000, 0x00f1d5, 0x8fe9b7,
    0x8fe9b8, 0x8fe9b9, 0x00f1d7, 0x000000, 0x000000, 0x000000, 0x000000, 0x000000, 0x8fe9ba,
    0x8fe9bb, 0x000000, 0x00b5b3, 0x00f1d6, 0x8fe9bc, 0x8fe9bd, 0x00c1fb, 0x00b8b3, 0x000000,
    0x000000, 0x8fe9be, 0x000000, 0x000000, 0x00f1d9, 0x000000, 0x000000, 0x000000, 0x000000,
    0x8fe9bf, 0x000000, 0x8fe9c0, 0x000000, 0x8fe9c1, 0x8fe9c2, 0x8fe9c3, 0x000000, 0x000000,
    0x8fe9c4, 0x00c2cd, 0x000000, 0x000000, 0x00f1da, 0x000000, 0x8fe9c5, 0x8fe9c6, 0x000000,
    0x00c6ad, 0x000000, 0x000000, 0x8fe9c7, 0x000000, 0x8fe9c8, 0x8fe9c9, 0x00f1db, 0x8fe9ca,
    0x000000, 0x000000, 0x000000, 0x000000, 0x000000, 0x00f1e0, 0x000000, 0x00f1de, 0x8fe9cc,
    0x00f1dd, 0x00f1df, 0x8fe9cd, 0x00f1dc, 0x000000, 0x8fe9cb, 0x000000, 0x000000, 0x8fe9ce,
    0x8fe9cf, 0x8fe9d0, 0x00f1e2, 0x8fe9d1, 0x000000, 0x000000, 0x8fe9d2, 0x000000, 0x000000,
    0x8fe9d3, 0x00f1e1, 0x8fe9d4, 0x00f1e4, 0x000000, 0x000000, 0x00b6c3, 0x00f1e3, 0x000000,
    0x8fe9d5, 0x000000, 0x00f1e5, 0x000000, 0x000000, 0x00f1e6, 0x000000, 0x00f1e8, 0x00f1e7,
    0x000000, 0x000000, 0x000000, 0x00f1e9, 0x00f1eb, 0x00f1ea, 0x000000, 0x000000, 0x000000,
    0x000000, 0x000000, 0x000000, 0x000000, 0x000000, 0x000000, 0x000000, 0x000000, 0x000000,
    0x000000, 0x000000, 0x000000, 0x000000, 0x000000, 0x000000, 0x000000, 0x000000, 0x000000,
    0x000000, 0x000000, 0x000000, 0x000000, 0x000000, 0x000000, 0x000000, 0x000000, 0x000000,
    0x000000, 0x000000, 0x000000, 0x000000, 0x000000, 0x000000, 0x000000, 0x000000, 0x000000,
    0x000000, 0x00b9fc, 0x000000, 0x8fe9d6, 0x000000, 0x8fe9d7, 0x00f1ec, 0x8fe9d8, 0x8fe9d9,
    0x00f1ed, 0x000000, 0x8fe9da, 0x000000, 0x8fe9db, 0x8fe9dc, 0x8fe9dd, 0x000000, 0x00b3bc,
    0x8fe9de, 0x000000, 0x8fe9df, 0x00f1ee, 0x000000, 0x8fe9e0, 0x8fe9e1, 0x00f1ef, 0x8fe9e2,
    0x000000, 0x8fe9e3, 0x00bff1, 0x000000, 0x8fe9e4, 0x000000, 0x8fe9e5, 0x000000, 0x000000,
    0x000000, 0x000000, 0x000000, 0x8fe9e6, 0x00f1f0, 0x8fe9e7, 0x00f1f1, 0x8fe9e8, 0x00f1f2,
    0x00f1f3, 0x8fe9e9, 0x8fe9ea, 0x8fe9eb, 0x00b9e2, 0x8ff4fb, 0x000000, 0x8fe9ec, 0x8fe9ed,
    0x000000, 0x00f1f4, 0x00f1f5, 0x8fe9ee, 0x000000, 0x00f1f6, 0x00f1f7, 0x8fe9ef, 0x8fe9f0,
    0x00f1f8, 0x8fe9f1, 0x000000, 0x8fe9f2, 0x00c8b1, 0x00f1fa, 0x8fe9f3, 0x00c9a6, 0x00f1fb,
    0x00f1f9, 0x000000, 0x00f1fd, 0x8fe9f4, 0x8fe9f5, 0x00f1fc, 0x8fe9f6, 0x000000, 0x00f1fe,
    0x000000, 0x8fe9f7, 0x8fe9f8, 0x00f2a1, 0x000000, 0x8fe9f9, 0x000000, 0x8fe9fa, 0x8fe9fb,
    0x8fe9fc, 0x8fe9fd, 0x8fe9fe, 0x8feaa1, 0x8feaa2, 0x00f2a2, 0x000000, 0x8feaa3, 0x8feaa4,
    0x000000, 0x8feaa5, 0x8feaa6, 0x8feaa7, 0x8feaa8, 0x000000, 0x8feaa9, 0x000000, 0x8feaaa,
    0x000000, 0x000000, 0x000000, 0x8feaab, 0x000000, 0x00f2a3, 0x8feaac, 0x00f2a4, 0x8feaad,
    0x8feaae, 0x000000, 0x000000, 0x00f2a5, 0x8feaaf, 0x000000, 0x00f2a6, 0x00f2a7, 0x000000,
    0x00f2a8, 0x8feab0, 0x00f2a9, 0x00f2aa, 0x00f2ab, 0x00f2ac, 0x8feab1, 0x000000, 0x8feab2,
    0x00f2ad, 0x00f2ae, 0x000000, 0x00ddb5, 0x00f2af, 0x8feab3, 0x8feab4, 0x8feab5, 0x000000,
    0x8feab6, 0x000000, 0x8feab7, 0x8feab8, 0x00e4f8, 0x00b5b4, 0x8feab9, 0x000000, 0x000000,
    0x00b3a1, 0x00bab2, 0x00f2b1, 0x00f2b0, 0x00cca5, 0x000000, 0x000000, 0x8feaba, 0x000000,
    0x000000, 0x8feabb, 0x8feabc, 0x00f2b3, 0x00f2b4, 0x00f2b2, 0x000000, 0x00f2b5, 0x000000,
    0x000000, 0x00cbe2, 0x8feabd, 0x8feabe, 0x8feabf, 0x00f2b6, 0x000000, 0x00b5fb, 0x8feac0,
    0x000000, 0x000000, 0x8feac1, 0x000000, 0x000000, 0x8feac2, 0x000000, 0x8feac3, 0x000000,
    0x8feac4, 0x8feac5, 0x000000, 0x8feac6, 0x000000, 0x8feac7, 0x8feac8, 0x8feac9, 0x8feaca,
    0x8feacb, 0x00cfa5, 0x000000, 0x000000, 0x8ff4fc, 0x8feacc, 0x00f2b7, 0x8feacd, 0x000000,
    0x8feace, 0x8feacf, 0x8fead0, 0x000000, 0x000000, 0x000000, 0x000000, 0x000000, 0x8fead1,
    0x8fead2, 0x000000, 0x000000, 0x00f2b9, 0x8fead3, 0x8fead4, 0x8fead5, 0x8fead6, 0x000000,
    0x8fead7, 0x8fead8, 0x8fead9, 0x000000, 0x8feada, 0x00b0be, 0x8feadb, 0x8feadc, 0x00f2ba,
    0x00caab, 0x00f2b8, 0x8feadd, 0x000000, 0x00f2bb, 0x00f2bc, 0x000000, 0x000000, 0x8feade,
    0x000000, 0x000000, 0x8feadf, 0x8feae0, 0x00f2bd, 0x00f2be, 0x000000, 0x000000, 0x000000,
    0x000000, 0x000000, 0x8feae1, 0x8feae2, 0x00f2bf, 0x8feae3, 0x00cbee, 0x00bbad, 0x8feae4,
    0x00bafa, 0x00c1af, 0x000000, 0x8feae5, 0x8feae6, 0x8feae7, 0x000000, 0x00f2c0, 0x000000,
    0x000000, 0x8feae8, 0x8feae9, 0x00f2c3, 0x000000, 0x8feaea, 0x8feaeb, 0x000000, 0x8feaec,
    0x8feaed, 0x00f2c1, 0x8feaee, 0x000000, 0x000000, 0x000000, 0x000000, 0x00f2c4, 0x8feaef,
    0x8feaf0, 0x00b8f1, 0x00f2c2, 0x000000, 0x000000, 0x000000, 0x8feaf1, 0x00f2c5, 0x8feaf2,
    0x00f2c6, 0x00f2c7, 0x000000, 0x00f2cb, 0x000000, 0x00bbaa, 0x8feaf3, 0x8feaf4, 0x000000,
    0x000000, 0x00c2e4, 0x000000, 0x8feaf5, 0x000000, 0x8feaf6, 0x000000, 0x00f2cc, 0x00f2c9,
    0x00f2c8, 0x00f2ca, 0x8feaf7, 0x000000, 0x8feaf8, 0x00b7df, 0x000000, 0x8feaf9, 0x8feafa,
    0x000000, 0x000000, 0x000000, 0x8feafb, 0x00f2d0, 0x00f2cf, 0x00f2ce, 0x8feafc, 0x000000,
    0x00b0b3, 0x000000, 0x8feafd, 0x8feafe, 0x8feba1, 0x8feba2, 0x000000, 0x000000, 0x8feba3,
    0x000000, 0x8feba4, 0x8feba5, 0x000000, 0x8feba6, 0x000000, 0x00f2da, 0x000000, 0x00f2d6,
    0x000000, 0x00f2d7, 0x00f2d3, 0x00f2d9, 0x8feba7, 0x00f2d5, 0x00b3e2, 0x000000, 0x8feba8,
    0x00cfcc, 0x8feba9, 0x00f2d8, 0x00f2d4, 0x00f2d2, 0x00f2d1, 0x8febaa, 0x000000, 0x8febab,
    0x8febac, 0x8febad, 0x00f2dc, 0x8febae, 0x000000, 0x8febaf, 0x000000, 0x000000, 0x00f2df,
    0x8febb0, 0x8febb1, 0x00f2de, 0x00f2dd, 0x8febb2, 0x8febb3, 0x8febb4, 0x8febb5, 0x8febb6,
    0x000000, 0x000000, 0x00c9c9, 0x00f2db, 0x00b0f3, 0x00f2e0, 0x8febb7, 0x00f2e2, 0x000000,
    0x000000, 0x8febb8, 0x8febb9, 0x8febba, 0x000000, 0x00b3ef, 0x00f2cd, 0x00b1b7, 0x000000,
    0x8febbb, 0x00f2e4, 0x000000, 0x8febbc, 0x000000, 0x8febbd, 0x8febbe, 0x8febbf, 0x00f2e3,
    0x00f2e1, 0x00c3ad, 0x8febc0, 0x8febc1, 0x000000, 0x000000, 0x000000, 0x8febc2, 0x8febc3,
    0x8febc4, 0x000000, 0x00cbf0, 0x8febc5, 0x8febc6, 0x000000, 0x8febc7, 0x00ceda, 0x8febc8,
    0x000000, 0x00f2e5, 0x8febc9, 0x8febd0, 0x8febca, 0x8febcb, 0x8febcc, 0x00f2e6, 0x000000,
    0x000000, 0x8febcd, 0x000000, 0x000000, 0x000000, 0x00f2e7, 0x8febd2, 0x8febce, 0x8febcf,
    0x8febd1, 0x000000, 0x000000, 0x8febd3, 0x000000, 0x8febd4, 0x000000, 0x8febd5, 0x000000,
    0x000000, 0x8febd6, 0x00f2e8, 0x8febd7, 0x00f2e9, 0x000000, 0x000000, 0x8febd8, 0x000000,
    0x000000, 0x000000, 0x000000, 0x000000, 0x000000, 0x000000, 0x000000, 0x000000, 0x000000,
    0x000000, 0x000000, 0x000000, 0x000000, 0x000000, 0x000000, 0x000000, 0x000000, 0x000000,
    0x000000, 0x000000, 0x000000, 0x000000, 0x000000, 0x000000, 0x000000, 0x000000, 0x000000,
    0x000000, 0x000000, 0x000000, 0x000000, 0x000000, 0x000000, 0x000000, 0x000000, 0x000000,
    0x00c4bb, 0x8febd9, 0x00f2ea, 0x000000, 0x00c8b7, 0x000000, 0x00f2ef, 0x00f2eb, 0x000000,
    0x000000, 0x000000, 0x00f2ec, 0x000000, 0x8febda, 0x00cbb1, 0x00ccc4, 0x000000, 0x00c6d0,
    0x8febdb, 0x000000, 0x8febdc, 0x000000, 0x000000, 0x000000, 0x000000, 0x000000, 0x000000,
    0x8febde, 0x00f2f0, 0x000000, 0x000000, 0x00f2f1, 0x00c6be, 0x00f2ee, 0x00f2ed, 0x000000,
    0x8febdd, 0x000000, 0x000000, 0x00b2aa, 0x000000, 0x000000, 0x8febdf, 0x00f2f9, 0x000000,
    0x000000, 0x00f2f8, 0x000000, 0x8febe0, 0x8febe1, 0x000000, 0x000000, 0x00b1f5, 0x8febe2,
    0x8febe3, 0x8febe4, 0x00f2f6, 0x000000, 0x000000, 0x000000, 0x00f2f5, 0x000000, 0x000000,
    0x00f2f3, 0x000000, 0x00b3fb, 0x000000, 0x00f2f2, 0x00bcb2, 0x00b2a9, 0x000000, 0x000000,
    0x8febe5, 0x8febe6, 0x000000, 0x8febe7, 0x8febe8, 0x8febe9, 0x000000, 0x000000, 0x000000,
    0x000000, 0x000000, 0x8febea, 0x00b9e3, 0x8febeb, 0x8febed, 0x00f2fc, 0x00f2fb, 0x000000,
    0x00f2fa, 0x8febee, 0x8febef, 0x00f2f7, 0x8febec, 0x00f2fd, 0x8febf0, 0x00f2fe, 0x000000,
    0x8febf1, 0x000000, 0x000000, 0x000000, 0x000000, 0x000000, 0x00f3a5, 0x00f3a4, 0x000000,
    0x8febf2, 0x8febf3, 0x000000, 0x000000, 0x000000, 0x000000, 0x00f3a6, 0x000000, 0x000000,
    0x00b1ad, 0x00f3a1, 0x00f3a2, 0x8febf4, 0x00b9f4, 0x00ccb9, 0x8febf6, 0x8febf5, 0x00f3a3,
    0x8febf7, 0x000000, 0x000000, 0x000000, 0x8febf8, 0x8febf9, 0x8febfa, 0x00cbb2, 0x000000,
    0x000000, 0x00f3ab, 0x8febfb, 0x000000, 0x00f3a7, 0x000000, 0x000000, 0x000000, 0x8febfc,
    0x8febfd, 0x000000, 0x000000, 0x00f3ac, 0x8febfe, 0x8feca1, 0x000000, 0x8feca2, 0x000000,
    0x000000, 0x000000, 0x8feca3, 0x8feca4, 0x000000, 0x8feca5, 0x00f3a9, 0x000000, 0x00f3a8,
    0x8feca6, 0x000000, 0x000000, 0x8feca7, 0x8feca8, 0x00b7dc, 0x000000, 0x000000, 0x8feca9,
    0x8fecaa, 0x000000, 0x8fecab, 0x8fecac, 0x8fecad, 0x8fecae, 0x000000, 0x00f3ad, 0x000000,
    0x000000, 0x000000, 0x000000, 0x000000, 0x000000, 0x8fecaf, 0x000000, 0x000000, 0x00f3ae,
    0x000000, 0x000000, 0x000000, 0x000000, 0x00f3af, 0x8fecb0, 0x00f3aa, 0x8fecb1, 0x000000,
    0x8fecb2, 0x00f2f4, 0x000000, 0x8fecb3, 0x00f3b0, 0x000000, 0x00c4e1, 0x8fecb4, 0x000000,
    0x000000, 0x00f3b4, 0x8fecb5, 0x00f3b5, 0x00f3b3, 0x8fecb6, 0x000000, 0x000000, 0x8fecb7,
    0x000000, 0x00f3b2, 0x00f3b8, 0x8fecb8, 0x00f3b1, 0x000000, 0x00f3b6, 0x8fecb9, 0x000000,
    0x8fecba, 0x8fecbb, 0x000000, 0x000000, 0x000000, 0x000000, 0x00f3b7, 0x000000, 0x000000,
    0x000000, 0x00f3ba, 0x8fecbc, 0x8fecbd, 0x8fecbe, 0x8fecbf, 0x000000, 0x00f3b9, 0x8fecc0,
    0x000000, 0x000000, 0x000000, 0x8fecc1, 0x8fecc2, 0x8fecc3, 0x000000, 0x000000, 0x000000,
    0x000000, 0x8fecc4, 0x00f3bc, 0x8fecc5, 0x000000, 0x8fecc6, 0x000000, 0x8fecc7, 0x000000,
    0x00f3bd, 0x8fecc8, 0x00f3be, 0x8fecc9, 0x000000, 0x00cfc9, 0x8fecca, 0x8feccb, 0x000000,
    0x000000, 0x000000, 0x00f3bb, 0x00c2eb, 0x00baed, 0x000000, 0x000000, 0x00f3bf, 0x8feccc,
    0x000000, 0x000000, 0x8fecce, 0x000000, 0x000000, 0x000000, 0x000000, 0x8feccf, 0x000000,
    0x000000, 0x8feccd, 0x000000, 0x000000, 0x000000, 0x8fecd0, 0x000000, 0x8fecd1, 0x8fecd2,
    0x8fecd3, 0x000000, 0x000000, 0x8fecd4, 0x8fecd5, 0x000000, 0x000000, 0x8fecd6, 0x00f3c0,
    0x00f3c1, 0x8fecd7, 0x8fecd8, 0x00f3c2, 0x000000, 0x000000, 0x000000, 0x000000, 0x000000,
    0x000000, 0x000000, 0x000000, 0x000000, 0x000000, 0x000000, 0x000000, 0x000000, 0x000000,
    0x000000, 0x000000, 0x000000, 0x000000, 0x000000, 0x000000, 0x000000, 0x000000, 0x000000,
    0x000000, 0x000000, 0x000000, 0x000000, 0x000000, 0x000000, 0x000000, 0x000000, 0x000000,
    0x000000, 0x000000, 0x000000, 0x000000, 0x000000, 0x000000, 0x000000, 0x000000, 0x000000,
    0x000000, 0x000000, 0x000000, 0x000000, 0x000000, 0x000000, 0x000000, 0x000000, 0x000000,
    0x000000, 0x000000, 0x000000, 0x00f3c3, 0x000000, 0x000000, 0x00b8b4, 0x00f3c4, 0x8fecd9,
    0x8fecda, 0x8fecdb, 0x00f3c5, 0x000000, 0x00bcaf, 0x8fecdc, 0x00f3c6, 0x8fecdd, 0x8fecde,
    0x8fecdf, 0x8fece0, 0x000000, 0x8fece1, 0x00f3c7, 0x000000, 0x000000, 0x00f3c8, 0x00f3c9,
    0x000000, 0x8fece2, 0x8fece3, 0x000000, 0x00f3cc, 0x00f3ca, 0x00cfbc, 0x000000, 0x00f3cb,
    0x8fece4, 0x00ceef, 0x8fece5, 0x000000, 0x000000, 0x8fece6, 0x000000, 0x00f3cd, 0x8fece7,
    0x00cedb, 0x000000, 0x000000, 0x000000, 0x000000, 0x8fece8, 0x00f3ce, 0x00c7fe, 0x000000,
    0x8fece9, 0x00f3cf, 0x00f3d1, 0x000000, 0x8fecea, 0x00f3d2, 0x8feceb, 0x8fecec, 0x8feced,
    0x000000, 0x000000, 0x8fecee, 0x8fecef, 0x8fecf0, 0x000000, 0x000000, 0x00f3d0, 0x00b9ed,
    0x00cccd, 0x00cbe3, 0x00d6f7, 0x000000, 0x00dde0, 0x00cbfb, 0x000000, 0x000000, 0x000000,
    0x000000, 0x00b2ab, 0x000000, 0x8fecf1, 0x000000, 0x8fecf2, 0x000000, 0x000000, 0x8fecf3,
    0x00f3d4, 0x00b5d0, 0x00f3d5, 0x00f3d6, 0x00f3d7, 0x8ff4fe, 0x00b9f5, 0x000000, 0x00f3d8,
    0x8fecf4, 0x000000, 0x000000, 0x00e0d4, 0x00ccdb, 0x000000, 0x00c2e3, 0x00f3d9, 0x00f3db,
    0x00f3da, 0x8fecf5, 0x00f3dc, 0x000000, 0x000000, 0x000000, 0x8fecf6, 0x00f3dd, 0x000000,
    0x8fecf7, 0x00f3de, 0x000000, 0x000000, 0x000000, 0x8fecf8, 0x8fecf9, 0x8fecfa, 0x00f3df,
    0x8fecfb, 0x8fecfc, 0x8fecfd, 0x000000, 0x00f3e0, 0x8fecfe, 0x00f3e1, 0x00f3e2, 0x8feda1,
    0x00f3e3, 0x000000, 0x00f3e4, 0x00f3e5, 0x00f3e6, 0x000000, 0x8feda2, 0x000000, 0x000000,
    0x8feda3, 0x8feda4, 0x000000, 0x000000, 0x000000, 0x00f3e7, 0x00f3e8, 0x8feda5, 0x000000,
    0x000000, 0x000000, 0x000000, 0x00c5a4, 0x8feda6, 0x8feda7, 0x8feda8, 0x8feda9, 0x00b8dd,
    0x8fedaa, 0x00f3ea, 0x8fedab, 0x8fedac, 0x000000, 0x8fedad, 0x8fedae, 0x8fedaf, 0x000000,
    0x000000, 0x000000, 0x8fedb0, 0x00c1cd, 0x00f3eb, 0x8fedb1, 0x000000, 0x000000, 0x000000,
    0x8fedb2, 0x000000, 0x000000, 0x000000, 0x8fedb3, 0x8fedb4, 0x00f3ec, 0x000000, 0x000000,
    0x8fedb5, 0x000000, 0x8fedb6, 0x8fedb7, 0x000000, 0x8fedb8, 0x000000, 0x000000, 0x8fedb9,
    0x000000, 0x8fedba, 0x8fedbb, 0x00c9a1, 0x8fedbc, 0x8fedbd, 0x00f3ed, 0x8fedbe, 0x000000,
    0x8fedbf, 0x000000, 0x8fedc0, 0x8fedc1, 0x8fedc2, 0x8fedc3, 0x8fedc4, 0x000000, 0x000000,
    0x00f3ee, 0x00e3b7, 0x000000, 0x000000, 0x00ecda, 0x00f0ed, 0x000000, 0x000000, 0x00f3ef,
    0x8fedc5, 0x00f3f0, 0x8fedc6, 0x8fedc7, 0x8fedc8, 0x8fedc9, 0x000000, 0x8fedca, 0x000000,
    0x000000, 0x8fedcb, 0x8fedcc, 0x00f3f2, 0x00f3f3, 0x00f3f4, 0x00cef0, 0x00f3f1, 0x000000,
    0x000000, 0x00f3f5, 0x00f3f6, 0x8fedcd, 0x8fedce, 0x00f3f8, 0x000000, 0x00f3f7, 0x8fedcf,
    0x8fedd0, 0x8fedd1, 0x8fedd2, 0x8fedd3, 0x00f3fa, 0x8fedd4, 0x000000, 0x8fedd5, 0x00f3fb,
    0x00f3f9, 0x000000, 0x000000, 0x8fedd6, 0x000000, 0x000000, 0x8fedd7, 0x000000, 0x000000,
    0x000000, 0x000000, 0x000000, 0x000000, 0x000000, 0x000000, 0x000000, 0x000000, 0x000000,
    0x000000, 0x000000, 0x00ceb6, 0x000000, 0x8fedd8, 0x8fedd9, 0x8fedda, 0x8feddb, 0x000000,
    0x8feddc, 0x00f3fc, 0x8feddd, 0x8fedde, 0x000000, 0x000000, 0x000000, 0x000000, 0x00f3fd,
    0x00e3d4, 0x8feddf, 0x000000, 0x00f3fe, 0x8fede0, 0x8fede1, 0x8fede2, 0x000000, 0x8fede3,
    0x000000, 0x000000, 0x000000, 0x000000, 0x000000, 0x000000, 0x000000, 0x000000, 0x000000,
    0x000000, 0x000000, 0x000000, 0x000000, 0x000000, 0x000000, 0x000000, 0x000000, 0x000000,
    0x000000, 0x000000, 0x000000, 0x000000, 0x000000, 0x000000, 0x000000, 0x000000, 0x000000,
    0x000000, 0x000000, 0x000000, 0x000000, 0x000000, 0x000000, 0x000000, 0x000000, 0x000000,
    0x000000, 0x000000, 0x000000, 0x000000, 0x000000, 0x8ff4c5, 0x000000, 0x000000, 0x000000,
    0x000000, 0x000000, 0x000000, 0x000000, 0x000000, 0x000000, 0x000000, 0x000000, 0x000000,
    0x000000, 0x000000, 0x000000, 0x000000, 0x000000, 0x000000, 0x000000, 0x000000, 0x000000,
    0x000000, 0x000000, 0x000000, 0x000000, 0x000000, 0x000000, 0x000000, 0x8ff4f2, 0x000000,
    0x000000, 0x000000, 0x000000, 0x000000, 0x000000, 0x000000, 0x000000, 0x000000, 0x000000,
    0x000000, 0x000000, 0x000000, 0x000000, 0x000000, 0x000000, 0x000000, 0x000000, 0x000000,
    0x000000, 0x000000, 0x000000, 0x000000, 0x000000, 0x000000, 0x000000, 0x000000, 0x000000,
    0x000000, 0x000000, 0x000000, 0x000000, 0x000000, 0x000000, 0x000000, 0x8ff4b4, 0x8ff4b7,
    0x8ff4b8, 0x8ff4bd, 0x8ff4c4, 0x8ff4c7, 0x8ff4c8, 0x8ff4ce, 0x8ff4cf, 0x8ff4d3, 0x8ff4d5,
    0x8ff4d6, 0x8ff4d7, 0x8ff4d8, 0x8ff4da, 0x8ff4db, 0x8ff4de, 0x8ff4e0, 0x8ff4e2, 0x8ff4e3,
    0x8ff4e5, 0x8ff4e9, 0x8ff4ea, 0x8ff4eb, 0x8ff4ed, 0x8ff4ef, 0x8ff4f0, 0x8ff4f3, 0x8ff4f7,
    0x8ff4f8, 0x8ff4f9, 0x8ff4fd, 0x000000, 0x000000, 0x000000, 0x000000, 0x000000, 0x000000,
    0x000000, 0x000000, 0x000000, 0x000000, 0x000000, 0x000000, 0x000000, 0x000000, 0x000000,
    0x000000, 0x000000, 0x000000, 0x00a1aa, 0x8ff4aa, 0x00a1f4, 0x00a1f0, 0x00a1f3, 0x00a1f5,
    0x8ff4a9, 0x00a1ca, 0x00a1cb, 0x00a1f6, 0x00a1dc, 0x00a1a4, 0x00a1dd, 0x00a1a5, 0x00a1bf,
    0x00a3b0, 0x00a3b1, 0x00a3b2, 0x00a3b3, 0x00a3b4, 0x00a3b5, 0x00a3b6, 0x00a3b7, 0x00a3b8,
    0x00a3b9, 0x00a1a7, 0x00a1a8, 0x00a1e3, 0x00a1e1, 0x00a1e4, 0x00a1a9, 0x00a1f7, 0x00a3c1,
    0x00a3c2, 0x00a3c3, 0x00a3c4, 0x00a3c5, 0x00a3c6, 0x00a3c7, 0x00a3c8, 0x00a3c9, 0x00a3ca,
    0x00a3cb, 0x00a3cc, 0x00a3cd, 0x00a3ce, 0x00a3cf, 0x00a3d0, 0x00a3d1, 0x00a3d2, 0x00a3d3,
    0x00a3d4, 0x00a3d5, 0x00a3d6, 0x00a3d7, 0x00a3d8, 0x00a3d9, 0x00a3da, 0x00a1ce, 0x00a1c0,
    0x00a1cf, 0x00a1b0, 0x00a1b2, 0x00a1ae, 0x00a3e1, 0x00a3e2, 0x00a3e3, 0x00a3e4, 0x00a3e5,
    0x00a3e6, 0x00a3e7, 0x00a3e8, 0x00a3e9, 0x00a3ea, 0x00a3eb, 0x00a3ec, 0x00a3ed, 0x00a3ee,
    0x00a3ef, 0x00a3f0, 0x00a3f1, 0x00a3f2, 0x00a3f3, 0x00a3f4, 0x00a3f5, 0x00a3f6, 0x00a3f7,
    0x00a3f8, 0x00a3f9, 0x00a3fa, 0x00a1d0, 0x00a1c3, 0x00a1d1, 0x00a1c1, 0x000000, 0x000000,
    0x008ea1, 0x008ea2, 0x008ea3, 0x008ea4, 0x008ea5, 0x008ea6, 0x008ea7, 0x008ea8, 0x008ea9,
    0x008eaa, 0x008eab, 0x008eac, 0x008ead, 0x008eae, 0x008eaf, 0x008eb0, 0x008eb1, 0x008eb2,
    0x008eb3, 0x008eb4, 0x008eb5, 0x008eb6, 0x008eb7, 0x008eb8, 0x008eb9, 0x008eba, 0x008ebb,
    0x008ebc, 0x008ebd, 0x008ebe, 0x008ebf, 0x008ec0, 0x008ec1, 0x008ec2, 0x008ec3, 0x008ec4,
    0x008ec5, 0x008ec6, 0x008ec7, 0x008ec8, 0x008ec9, 0x008eca, 0x008ecb, 0x008ecc, 0x008ecd,
    0x008ece, 0x008ecf, 0x008ed0, 0x008ed1, 0x008ed2, 0x008ed3, 0x008ed4, 0x008ed5, 0x008ed6,
    0x008ed7, 0x008ed8, 0x008ed9, 0x008eda, 0x008edb, 0x008edc, 0x008edd, 0x008ede, 0x008edf,
    0x000000, 0x000000, 0x000000, 0x000000, 0x000000, 0x000000, 0x000000, 0x000000, 0x000000,
    0x000000, 0x000000, 0x000000, 0x000000, 0x000000, 0x000000, 0x000000, 0x000000, 0x000000,
    0x000000, 0x000000, 0x000000, 0x000000, 0x000000, 0x000000, 0x000000, 0x000000, 0x000000,
    0x000000, 0x000000, 0x000000, 0x000000, 0x000000, 0x000000, 0x000000, 0x000000, 0x000000,
    0x000000, 0x000000, 0x000000, 0x000000, 0x000000, 0x000000, 0x000000, 0x000000, 0x000000,
    0x000000, 0x000000, 0x000000, 0x000000, 0x000000, 0x000000, 0x000000, 0x000000, 0x000000,
    0x000000, 0x000000, 0x000000, 0x000000, 0x000000, 0x000000, 0x000000, 0x000000, 0x000000,
    0x000000, 0x00a1f1, 0x00a1f2, 0x00a2cc, 0x00a1b1, 0x8fa2c3, 0x00a1ef, 0x000000, 0x000000,
    0x000000, 0x000000, 0x000000, 0x000000, 0x000000, 0x000000, 0x000000, 0x000000, 0x000000,
    0x000000, 0x000000, 0x000000, 0x000000, 0x000000, 0x000000, 0x000000, 0x000000, 0x000000,
    0x000000, 0x000000, 0x000000, 0x000000, 0x000000, 0x000000,
];
pub static EUC_JP_FROM_UNICODE_TREE: PgMbRadixTree = PgMbRadixTree {
    chars16: &[],
    chars32: &EUC_JP_FROM_UNICODE_TREE_TABLE,
    b1root: 0x0,
    b1_lower: 0x0,
    b1_upper: 0x0,
    b2root: 0x40,
    b2_1_lower: 0xc2,
    b2_1_upper: 0xd1,
    b2_2_lower: 0x80,
    b2_2_upper: 0xbf,
    b3root: 0x2c3,
    b3_1_lower: 0xe2,
    b3_1_upper: 0xef,
    b3_2_lower: 0x80,
    b3_2_upper: 0xbf,
    b3_3_lower: 0x80,
    b3_3_upper: 0xbf,
    b4root: 0x0,
    b4_1_lower: 0x0,
    b4_1_upper: 0x0,
    b4_2_lower: 0x0,
    b4_2_upper: 0x0,
    b4_3_lower: 0x0,
    b4_3_upper: 0x0,
    b4_4_lower: 0x0,
    b4_4_upper: 0x0,
};
