// Generated by scripts/gen_radix_tables.py from postgres-18.3 C sources. Do not edit.
use crate::PgMbRadixTree;
static EUC_CN_TO_UNICODE_TREE_TABLE: [u32; 7792] = [
    0x000000, 0x000000, 0x000000, 0x000000, 0x000000, 0x000000, 0x000000, 0x000000, 0x000000,
    0x000000, 0x000000, 0x000000, 0x000000, 0x000000, 0x000000, 0x000000, 0x000000, 0x000000,
    0x000000, 0x000000, 0x000000, 0x000000, 0x000000, 0x000000, 0x000000, 0x000000, 0x000000,
    0x000000, 0x000000, 0x000000, 0x000000, 0x000000, 0x000000, 0x000000, 0x000000, 0x000000,
    0x000000, 0x000000, 0x000000, 0x000000, 0x000000, 0x000000, 0x000000, 0x000000, 0x000000,
    0x000000, 0x000000, 0x000000, 0x000000, 0x000000, 0x000000, 0x000000, 0x000000, 0x000000,
    0x000000, 0x000000, 0x000000, 0x000000, 0x000000, 0x000000, 0x000000, 0x000000, 0x000000,
    0x000000, 0x000000, 0x000000, 0x000000, 0x000000, 0x000000, 0x000000, 0x000000, 0x000000,
    0x000000, 0x000000, 0x000000, 0x000000, 0x000000, 0x000000, 0x000000, 0x000000, 0x000000,
    0x000000, 0x000000, 0x000000, 0x000000, 0x000000, 0x000000, 0x000000, 0x000000, 0x000000,
    0x000000, 0x000000, 0x000000, 0x000000, 0x0000b5, 0x000113, 0x000171, 0x0001cf, 0x00022d,
    0x00028b, 0x0002e9, 0x000347, 0x0003a2, 0x000000, 0x000000, 0x000000, 0x000000, 0x000000,
    0x000000, 0x000400, 0x00045e, 0x0004bc, 0x00051a, 0x000578, 0x0005d6, 0x000634, 0x000692,
    0x0006f0, 0x00074e, 0x0007ac, 0x00080a, 0x000868, 0x0008c6, 0x000924, 0x000982, 0x0009e0,
    0x000a3e, 0x000a9c, 0x000afa, 0x000b58, 0x000bb6, 0x000c14, 0x000c72, 0x000cd0, 0x000d2e,
    0x000d8c, 0x000dea, 0x000e48, 0x000ea6, 0x000f04, 0x000f62, 0x000fc0, 0x00101e, 0x00107c,
    0x0010da, 0x001138, 0x001196, 0x0011f4, 0x001252, 0x0012b0, 0x00130e, 0x00136c, 0x0013ca,
    0x001428, 0x001486, 0x0014e4, 0x001542, 0x0015a0, 0x0015fe, 0x00165c, 0x0016ba, 0x001718,
    0x001776, 0x0017d4, 0x001832, 0x001890, 0x0018ee, 0x00194c, 0x0019aa, 0x001a08, 0x001a66,
    0x001ac4, 0x001b22, 0x001b80, 0x001bde, 0x001c3c, 0x001c9a, 0x001cf8, 0x001d56, 0x001db4,
    0x001e12, 0xe38080, 0xe38081, 0xe38082, 0xe383bb, 0x00cb89, 0x00cb87, 0x00c2a8, 0xe38083,
    0xe38085, 0xe28095, 0xefbd9e, 0xe28096, 0xe280a6, 0xe28098, 0xe28099, 0xe2809c, 0xe2809d,
    0xe38094, 0xe38095, 0xe38088, 0xe38089, 0xe3808a, 0xe3808b, 0xe3808c, 0xe3808d, 0xe3808e,
    0xe3808f, 0xe38096, 0xe38097, 0xe38090, 0xe38091, 0x00c2b1, 0x00c397, 0x00c3b7, 0xe288b6,
    0xe288a7, 0xe288a8, 0xe28891, 0xe2888f, 0xe288aa, 0xe288a9, 0xe28888, 0xe288b7, 0xe2889a,
    0xe28aa5, 0xe288a5, 0xe288a0, 0xe28c92, 0xe28a99, 0xe288ab, 0xe288ae, 0xe289a1, 0xe2898c,
    0xe28988, 0xe288bd, 0xe2889d, 0xe289a0, 0xe289ae, 0xe289af, 0xe289a4, 0xe289a5, 0xe2889e,
    0xe288b5, 0xe288b4, 0xe29982, 0xe29980, 0x00c2b0, 0xe280b2, 0xe280b3, 0xe28483, 0xefbc84,
    0x00c2a4, 0xefbfa0, 0xefbfa1, 0xe280b0, 0x00c2a7, 0xe28496, 0xe29886, 0xe29885, 0xe2978b,
    0xe2978f, 0xe2978e, 0xe29787, 0xe29786, 0xe296a1, 0xe296a0, 0xe296b3, 0xe296b2, 0xe280bb,
    0xe28692, 0xe28690, 0xe28691, 0xe28693, 0xe38093, 0x000000, 0x000000, 0x000000, 0x000000,
    0x000000, 0x000000, 0x000000, 0x000000, 0x000000, 0x000000, 0x000000, 0x000000, 0x000000,
    0x000000, 0x000000, 0x000000, 0xe29288, 0xe29289, 0xe2928a, 0xe2928b, 0xe2928c, 0xe2928d,
    0xe2928e, 0xe2928f, 0xe29290, 0xe29291, 0xe29292, 0xe29293, 0xe29294, 0xe29295, 0xe29296,
    0xe29297, 0xe29298, 0xe29299, 0xe2929a, 0xe2929b, 0xe291b4, 0xe291b5, 0xe291b6, 0xe291b7,
    0xe291b8, 0xe291b9, 0xe291ba, 0xe291bb, 0xe291bc, 0xe291bd, 0xe291be, 0xe291bf, 0xe29280,
    0xe29281, 0xe29282, 0xe29283, 0xe29284, 0xe29285, 0xe29286, 0xe29287, 0xe291a0, 0xe291a1,
    0xe291a2, 0xe291a3, 0xe291a4, 0xe291a5, 0xe291a6, 0xe291a7, 0xe291a8, 0xe291a9, 0x000000,
    0x000000, 0xe388a0, 0xe388a1, 0xe388a2, 0xe388a3, 0xe388a4, 0xe388a5, 0xe388a6, 0xe388a7,
    0xe388a8, 0xe388a9, 0x000000, 0x000000, 0xe285a0, 0xe285a1, 0xe285a2, 0xe285a3, 0xe285a4,
    0xe285a5, 0xe285a6, 0xe285a7, 0xe285a8, 0xe285a9, 0xe285aa, 0xe285ab, 0x000000, 0x000000,
    0xefbc81, 0xefbc82, 0xefbc83, 0xefbfa5, 0xefbc85, 0xefbc86, 0xefbc87, 0xefbc88, 0xefbc89,
    0xefbc8a, 0xefbc8b, 0xefbc8c, 0xefbc8d, 0xefbc8e, 0xefbc8f, 0xefbc90, 0xefbc91, 0xefbc92,
    0xefbc93, 0xefbc94, 0xefbc95, 0xefbc96, 0xefbc97, 0xefbc98, 0xefbc99, 0xefbc9a, 0xefbc9b,
    0xefbc9c, 0xefbc9d, 0xefbc9e, 0xefbc9f, 0xefbca0, 0xefbca1, 0xefbca2, 0xefbca3, 0xefbca4,
    0xefbca5, 0xefbca6, 0xefbca7, 0xefbca8, 0xefbca9, 0xefbcaa, 0xefbcab, 0xefbcac, 0xefbcad,
    0xefbcae, 0xefbcaf, 0xefbcb0, 0xefbcb1, 0xefbcb2, 0xefbcb3, 0xefbcb4, 0xefbcb5, 0xefbcb6,
    0xefbcb7, 0xefbcb8, 0xefbcb9, 0xefbcba, 0xefbcbb, 0xefbcbc, 0xefbcbd, 0xefbcbe, 0xefbcbf,
    0xefbd80, 0xefbd81, 0xefbd82, 0xefbd83, 0xefbd84, 0xefbd85, 0xefbd86, 0xefbd87, 0xefbd88,
    0xefbd89, 0xefbd8a, 0xefbd8b, 0xefbd8c, 0xefbd8d, 0xefbd8e, 0xefbd8f, 0xefbd90, 0xefbd91,
    0xefbd92, 0xefbd93, 0xefbd94, 0xefbd95, 0xefbd96, 0xefbd97, 0xefbd98, 0xefbd99, 0xefbd9a,
    0xefbd9b, 0xefbd9c, 0xefbd9d, 0xefbfa3, 0xe38181, 0xe38182, 0xe38183, 0xe38184, 0xe38185,
    0xe38186, 0xe38187, 0xe38188, 0xe38189, 0xe3818a, 0xe3818b, 0xe3818c, 0xe3818d, 0xe3818e,
    0xe3818f, 0xe38190, 0xe38191, 0xe38192, 0xe38193, 0xe38194, 0xe38195, 0xe38196, 0xe38197,
    0xe38198, 0xe38199, 0xe3819a, 0xe3819b, 0xe3819c, 0xe3819d, 0xe3819e, 0xe3819f, 0xe381a0,
    0xe381a1, 0xe381a2, 0xe381a3, 0xe381a4, 0xe381a5, 0xe381a6, 0xe381a7, 0xe381a8, 0xe381a9,
    0xe381aa, 0xe381ab, 0xe381ac, 0xe381ad, 0xe381ae, 0xe381af, 0xe381b0, 0xe381b1, 0xe381b2,
    0xe381b3, 0xe381b4, 0xe381b5, 0xe381b6, 0xe381b7, 0xe381b8, 0xe381b9, 0xe381ba, 0xe381bb,
    0xe381bc, 0xe381bd, 0xe381be, 0xe381bf, 0xe38280, 0xe38281, 0xe38282, 0xe38283, 0xe38284,
    0xe38285, 0xe38286, 0xe38287, 0xe38288, 0xe38289, 0xe3828a, 0xe3828b, 0xe3828c, 0xe3828d,
    0xe3828e, 0xe3828f, 0xe38290, 0xe38291, 0xe38292, 0xe38293, 0x000000, 0x000000, 0x000000,
    0x000000, 0x000000, 0x000000, 0x000000, 0x000000, 0x000000, 0x000000, 0x000000, 0xe382a1,
    0xe382a2, 0xe382a3, 0xe382a4, 0xe382a5, 0xe382a6, 0xe382a7, 0xe382a8, 0xe382a9, 0xe382aa,
    0xe382ab, 0xe382ac, 0xe382ad, 0xe382ae, 0xe382af, 0xe382b0, 0xe382b1, 0xe382b2, 0xe382b3,
    0xe382b4, 0xe382b5, 0xe382b6, 0xe382b7, 0xe382b8, 0xe382b9, 0xe382ba, 0xe382bb, 0xe382bc,
    0xe382bd, 0xe382be, 0xe382bf, 0xe38380, 0xe38381, 0xe38382, 0xe38383, 0xe38384, 0xe38385,
    0xe38386, 0xe38387, 0xe38388, 0xe38389, 0xe3838a, 0xe3838b, 0xe3838c, 0xe3838d, 0xe3838e,
    0xe3838f, 0xe38390, 0xe38391, 0xe38392, 0xe38393, 0xe38394, 0xe38395, 0xe38396, 0xe38397,
    0xe38398, 0xe38399, 0xe3839a, 0xe3839b, 0xe3839c, 0xe3839d, 0xe3839e, 0xe3839f, 0xe383a0,
    0xe383a1, 0xe383a2, 0xe383a3, 0xe383a4, 0xe383a5, 0xe383a6, 0xe383a7, 0xe383a8, 0xe383a9,
    0xe383aa, 0xe383ab, 0xe383ac, 0xe383ad, 0xe383ae, 0xe383af, 0xe383b0, 0xe383b1, 0xe383b2,
    0xe383b3, 0xe383b4, 0xe383b5, 0xe383b6, 0x000000, 0x000000, 0x000000, 0x000000, 0x000000,
    0x000000, 0x000000, 0x000000, 0x00ce91, 0x00ce92, 0x00ce93, 0x00ce94, 0x00ce95, 0x00ce96,
    0x00ce97, 0x00ce98, 0x00ce99, 0x00ce9a, 0x00ce9b, 0x00ce9c, 0x00ce9d, 0x00ce9e, 0x00ce9f,
    0x00cea0, 0x00cea1, 0x00cea3, 0x00cea4, 0x00cea5, 0x00cea6, 0x00cea7, 0x00cea8, 0x00cea9,
    0x000000, 0x000000, 0x000000, 0x000000, 0x000000, 0x000000, 0x000000, 0x000000, 0x00ceb1,
    0x00ceb2, 0x00ceb3, 0x00ceb4, 0x00ceb5, 0x00ceb6, 0x00ceb7, 0x00ceb8, 0x00ceb9, 0x00ceba,
    0x00cebb, 0x00cebc, 0x00cebd, 0x00cebe, 0x00cebf, 0x00cf80, 0x00cf81, 0x00cf83, 0x00cf84,
    0x00cf85, 0x00cf86, 0x00cf87, 0x00cf88, 0x00cf89, 0x000000, 0x000000, 0x000000, 0x000000,
    0x000000, 0x000000, 0x000000, 0x000000, 0x000000, 0x000000, 0x000000, 0x000000, 0x000000,
    0x000000, 0x000000, 0x000000, 0x000000, 0x000000, 0x000000, 0x000000, 0x000000, 0x000000,
    0x000000, 0x000000, 0x000000, 0x000000, 0x000000, 0x000000, 0x000000, 0x000000, 0x000000,
    0x000000, 0x000000, 0x000000, 0x000000, 0x000000, 0x000000, 0x000000, 0x00d090, 0x00d091,
    0x00d092, 0x00d093, 0x00d094, 0x00d095, 0x00d081, 0x00d096, 0x00d097, 0x00d098, 0x00d099,
    0x00d09a, 0x00d09b, 0x00d09c, 0x00d09d, 0x00d09e, 0x00d09f, 0x00d0a0, 0x00d0a1, 0x00d0a2,
    0x00d0a3, 0x00d0a4, 0x00d0a5, 0x00d0a6, 0x00d0a7, 0x00d0a8, 0x00d0a9, 0x00d0aa, 0x00d0ab,
    0x00d0ac, 0x00d0ad, 0x00d0ae, 0x00d0af, 0x000000, 0x000000, 0x000000, 0x000000, 0x000000,
    0x000000, 0x000000, 0x000000, 0x000000, 0x000000, 0x000000, 0x000000, 0x000000, 0x000000,
    0x000000, 0x00d0b0, 0x00d0b1, 0x00d0b2, 0x00d0b3, 0x00d0b4, 0x00d0b5, 0x00d191, 0x00d0b6,
    0x00d0b7, 0x00d0b8, 0x00d0b9, 0x00d0ba, 0x00d0bb, 0x00d0bc, 0x00d0bd, 0x00d0be, 0x00d0bf,
    0x00d180, 0x00d181, 0x00d182, 0x00d183, 0x00d184, 0x00d185, 0x00d186, 0x00d187, 0x00d188,
    0x00d189, 0x00d18a, 0x00d18b, 0x00d18c, 0x00d18d, 0x00d18e, 0x00d18f, 0x000000, 0x000000,
    0x000000, 0x000000, 0x000000, 0x000000, 0x000000, 0x000000, 0x000000, 0x000000, 0x000000,
    0x000000, 0x000000, 0x00c481, 0x00c3a1, 0x00c78e, 0x00c3a0, 0x00c493, 0x00c3a9, 0x00c49b,
    0x00c3a8, 0x00c4ab, 0x00c3ad, 0x00c790, 0x00c3ac, 0x00c58d, 0x00c3b3, 0x00c792, 0x00c3b2,
    0x00c5ab, 0x00c3ba, 0x00c794, 0x00c3b9, 0x00c796, 0x00c798, 0x00c79a, 0x00c79c, 0x00c3bc,
    0x00c3aa, 0x000000, 0x000000, 0x000000, 0x000000, 0x000000, 0x000000, 0x000000, 0x000000,
    0x000000, 0x000000, 0xe38485, 0xe38486, 0xe38487, 0xe38488, 0xe38489, 0xe3848a, 0xe3848b,
    0xe3848c, 0xe3848d, 0xe3848e, 0xe3848f, 0xe38490, 0xe38491, 0xe38492, 0xe38493, 0xe38494,
    0xe38495, 0xe38496, 0xe38497, 0xe38498, 0xe38499, 0xe3849a, 0xe3849b, 0xe3849c, 0xe3849d,
    0xe3849e, 0xe3849f, 0xe384a0, 0xe384a1, 0xe384a2, 0xe384a3, 0xe384a4, 0xe384a5, 0xe384a6,
    0xe384a7, 0xe384a8, 0xe384a9, 0x000000, 0x000000, 0x000000, 0x000000, 0x000000, 0x000000,
    0x000000, 0x000000, 0x000000, 0x000000, 0x000000, 0x000000, 0x000000, 0x000000, 0x000000,
    0x000000, 0x000000, 0x000000, 0x000000, 0x000000, 0x000000, 0xe29480, 0xe29481, 0xe29482,
    0xe29483, 0xe29484, 0xe29485, 0xe29486, 0xe29487, 0xe29488, 0xe29489, 0xe2948a, 0xe2948b,
    0xe2948c, 0xe2948d, 0xe2948e, 0xe2948f, 0xe29490, 0xe29491, 0xe29492, 0xe29493, 0xe29494,
    0xe29495, 0xe29496, 0xe29497, 0xe29498, 0xe29499, 0xe2949a, 0xe2949b, 0xe2949c, 0xe2949d,
    0xe2949e, 0xe2949f, 0xe294a0, 0xe294a1, 0xe294a2, 0xe294a3, 0xe294a4, 0xe294a5, 0xe294a6,
    0xe294a7, 0xe294a8, 0xe294a9, 0xe294aa, 0xe294ab, 0xe294ac, 0xe294ad, 0xe294ae, 0xe294af,
    0xe294b0, 0xe294b1, 0xe294b2, 0xe294b3, 0xe294b4, 0xe294b5, 0xe294b6, 0xe294b7, 0xe294b8,
    0xe294b9, 0xe294ba, 0xe294bb, 0xe294bc, 0xe294bd, 0xe294be, 0xe294bf, 0xe29580, 0xe29581,
    0xe29582, 0xe29583, 0xe29584, 0xe29585, 0xe29586, 0xe29587, 0xe29588, 0xe29589, 0xe2958a,
    0xe2958b, 0x000000, 0x000000, 0x000000, 0x000000, 0x000000, 0x000000, 0x000000, 0x000000,
    0x000000, 0x000000, 0x000000, 0x000000, 0x000000, 0x000000, 0x000000, 0xe5958a, 0xe998bf,
    0xe59f83, 0xe68ca8, 0xe5938e, 0xe59489, 0xe59380, 0xe79a91, 0xe7998c, 0xe894bc, 0xe79fae,
    0xe889be, 0xe7a28d, 0xe788b1, 0xe99a98, 0xe99e8d, 0xe6b0a8, 0xe5ae89, 0xe4bfba, 0xe68c89,
    0xe69a97, 0xe5b2b8, 0xe883ba, 0xe6a188, 0xe882ae, 0xe69882, 0xe79b8e, 0xe587b9, 0xe69596,
    0xe786ac, 0xe7bfb1, 0xe8a284, 0xe582b2, 0xe5a5a5, 0xe6878a, 0xe6beb3, 0xe88aad, 0xe68d8c,
    0xe68992, 0xe58fad, 0xe590a7, 0xe7ac86, 0xe585ab, 0xe796a4, 0xe5b7b4, 0xe68b94, 0xe8b78b,
    0xe99db6, 0xe68a8a, 0xe88099, 0xe59d9d, 0xe99cb8, 0xe7bda2, 0xe788b8, 0xe799bd, 0xe69f8f,
    0xe799be, 0xe69186, 0xe4bdb0, 0xe8b4a5, 0xe68b9c, 0xe7a897, 0xe69691, 0xe78fad, 0xe690ac,
    0xe689b3, 0xe888ac, 0xe9a281, 0xe69dbf, 0xe78988, 0xe689ae, 0xe68b8c, 0xe4bcb4, 0xe793a3,
    0xe58d8a, 0xe58a9e, 0xe7bb8a, 0xe982a6, 0xe5b8ae, 0xe6a286, 0xe6a69c, 0xe88680, 0xe7bb91,
    0xe6a392, 0xe7a385, 0xe89a8c, 0xe99591, 0xe5828d, 0xe8b0a4, 0xe88b9e, 0xe8839e, 0xe58c85,
    0xe8a492, 0xe589a5, 0xe89684, 0xe99bb9, 0xe4bf9d, 0xe5a0a1, 0xe9a5b1, 0xe5ae9d, 0xe68ab1,
    0xe68aa5, 0xe69ab4, 0xe8b1b9, 0xe9b28d, 0xe78886, 0xe69daf, 0xe7a291, 0xe682b2, 0xe58d91,
    0xe58c97, 0xe8be88, 0xe8838c, 0xe8b49d, 0xe992a1, 0xe5808d, 0xe78b88, 0xe5a487, 0xe683ab,
    0xe78499, 0xe8a2ab, 0xe5a594, 0xe88baf, 0xe69cac, 0xe7aca8, 0xe5b4a9, 0xe7bbb7, 0xe794ad,
    0xe6b3b5, 0xe8b9a6, 0xe8bfb8, 0xe980bc, 0xe9bcbb, 0xe6af94, 0xe98499, 0xe7ac94, 0xe5bdbc,
    0xe7a2a7, 0xe89396, 0xe894bd, 0xe6af95, 0xe6af99, 0xe6af96, 0xe5b881, 0xe5ba87, 0xe797b9,
    0xe997ad, 0xe6959d, 0xe5bc8a, 0xe5bf85, 0xe8be9f, 0xe5a381, 0xe88782, 0xe981bf, 0xe9999b,
    0xe99ead, 0xe8beb9, 0xe7bc96, 0xe8b4ac, 0xe68981, 0xe4bebf, 0xe58f98, 0xe58d9e, 0xe8bea8,
    0xe8bea9, 0xe8beab, 0xe9818d, 0xe6a087, 0xe5bdaa, 0xe88698, 0xe8a1a8, 0xe9b396, 0xe6868b,
    0xe588ab, 0xe798aa, 0xe5bdac, 0xe6968c, 0xe6bf92, 0xe6bba8, 0xe5aebe, 0xe69188, 0xe585b5,
    0xe586b0, 0xe69f84, 0xe4b899, 0xe7a789, 0xe9a5bc, 0xe782b3, 0xe79785, 0xe5b9b6, 0xe78ebb,
    0xe88fa0, 0xe692ad, 0xe68ba8, 0xe992b5, 0xe6b3a2, 0xe58d9a, 0xe58b83, 0xe6908f, 0xe99382,
    0xe7ae94, 0xe4bcaf, 0xe5b89b, 0xe888b6, 0xe88496, 0xe8868a, 0xe6b8a4, 0xe6b38a, 0xe9a9b3,
    0xe68d95, 0xe58d9c, 0xe593ba, 0xe8a1a5, 0xe59fa0, 0xe4b88d, 0xe5b883, 0xe6ada5, 0xe7b0bf,
    0xe983a8, 0xe68096, 0xe693a6, 0xe78c9c, 0xe8a381, 0xe69d90, 0xe6898d, 0xe8b4a2, 0xe79dac,
    0xe8b8a9, 0xe98787, 0xe5bda9, 0xe88f9c, 0xe894a1, 0xe9a490, 0xe58f82, 0xe89a95, 0xe6ae8b,
    0xe683ad, 0xe683a8, 0xe781bf, 0xe88b8d, 0xe888b1, 0xe4bb93, 0xe6b2a7, 0xe8978f, 0xe6938d,
    0xe7b399, 0xe6a7bd, 0xe69bb9, 0xe88d89, 0xe58e95, 0xe7ad96, 0xe4bea7, 0xe5868c, 0xe6b58b,
    0xe5b182, 0xe8b9ad, 0xe68f92, 0xe58f89, 0xe88cac, 0xe88cb6, 0xe69fa5, 0xe7a2b4, 0xe690bd,
    0xe5af9f, 0xe5b294, 0xe5b7ae, 0xe8afa7, 0xe68b86, 0xe69fb4, 0xe8b1ba, 0xe69080, 0xe68eba,
    0xe89d89, 0xe9a68b, 0xe8b097, 0xe7bca0, 0xe993b2, 0xe4baa7, 0xe99890, 0xe9a2a4, 0xe6988c,
    0xe78c96, 0xe59cba, 0xe5b09d, 0xe5b8b8, 0xe995bf, 0xe581bf, 0xe882a0, 0xe58e82, 0xe6959e,
    0xe79585, 0xe594b1, 0xe580a1, 0xe8b685, 0xe68a84, 0xe9929e, 0xe69c9d, 0xe598b2, 0xe6bdae,
    0xe5b7a2, 0xe590b5, 0xe78292, 0xe8bda6, 0xe689af, 0xe692a4, 0xe68ea3, 0xe5bdbb, 0xe6be88,
    0xe983b4, 0xe887a3, 0xe8beb0, 0xe5b098, 0xe699a8, 0xe5bfb1, 0xe6b289, 0xe99988, 0xe8b681,
    0xe8a1ac, 0xe69291, 0xe7a7b0, 0xe59f8e, 0xe6a999, 0xe68890, 0xe59188, 0xe4b998, 0xe7a88b,
    0xe683a9, 0xe6be84, 0xe8af9a, 0xe689bf, 0xe9809e, 0xe9aa8b, 0xe7a7a4, 0xe59083, 0xe797b4,
    0xe68c81, 0xe58c99, 0xe6b1a0, 0xe8bf9f, 0xe5bc9b, 0xe9a9b0, 0xe880bb, 0xe9bdbf, 0xe4be88,
    0xe5b0ba, 0xe8b5a4, 0xe7bf85, 0xe696a5, 0xe782bd, 0xe58585, 0xe586b2, 0xe899ab, 0xe5b487,
    0xe5aea0, 0xe68abd, 0xe985ac, 0xe795b4, 0xe8b88c, 0xe7a8a0, 0xe68481, 0xe7adb9, 0xe4bb87,
    0xe7bbb8, 0xe79e85, 0xe4b891, 0xe887ad, 0xe5889d, 0xe587ba, 0xe6a9b1, 0xe58ea8, 0xe8ba87,
    0xe99484, 0xe99b8f, 0xe6bb81, 0xe999a4, 0xe6a59a, 0xe7a180, 0xe582a8, 0xe79f97, 0xe69090,
    0xe8a7a6, 0xe5a484, 0xe68fa3, 0xe5b79d, 0xe7a9bf, 0xe6a4bd, 0xe4bca0, 0xe888b9, 0xe59698,
    0xe4b8b2, 0xe796ae, 0xe7aa97, 0xe5b9a2, 0xe5ba8a, 0xe997af, 0xe5889b, 0xe590b9, 0xe7828a,
    0xe68db6, 0xe994a4, 0xe59e82, 0xe698a5, 0xe6a4bf, 0xe98687, 0xe59487, 0xe6b7b3, 0xe7baaf,
    0xe8a0a2, 0xe688b3, 0xe7bbb0, 0xe796b5, 0xe88ca8, 0xe7a381, 0xe99b8c, 0xe8be9e, 0xe68588,
    0xe793b7, 0xe8af8d, 0xe6ada4, 0xe588ba, 0xe8b590, 0xe6aca1, 0xe881aa, 0xe891b1, 0xe59bb1,
    0xe58c86, 0xe4bb8e, 0xe4b89b, 0xe58791, 0xe7b297, 0xe9868b, 0xe7b087, 0xe4bf83, 0xe8b9bf,
    0xe7afa1, 0xe7aa9c, 0xe691a7, 0xe5b494, 0xe582ac, 0xe88486, 0xe79881, 0xe7b2b9, 0xe6b7ac,
    0xe7bfa0, 0xe69d91, 0xe5ad98, 0xe5afb8, 0xe7a38b, 0xe692ae, 0xe69093, 0xe68eaa, 0xe68cab,
    0xe99499, 0xe690ad, 0xe8bebe, 0xe7ad94, 0xe798a9, 0xe68993, 0xe5a4a7, 0xe59186, 0xe6adb9,
    0xe582a3, 0xe688b4, 0xe5b8a6, 0xe6ae86, 0xe4bba3, 0xe8b4b7, 0xe8a28b, 0xe5be85, 0xe980ae,
    0xe680a0, 0xe880bd, 0xe68b85, 0xe4b8b9, 0xe58d95, 0xe983b8, 0xe68eb8, 0xe88386, 0xe697a6,
    0xe6b0ae, 0xe4bd86, 0xe683ae, 0xe6b7a1, 0xe8af9e, 0xe5bcb9, 0xe89b8b, 0xe5bd93, 0xe68ca1,
    0xe5859a, 0xe88da1, 0xe6a1a3, 0xe58880, 0xe68da3, 0xe8b988, 0xe58092, 0xe5b29b, 0xe7a5b7,
    0xe5afbc, 0xe588b0, 0xe7a8bb, 0xe682bc, 0xe98193, 0xe79b97, 0xe5beb7, 0xe5be97, 0xe79a84,
    0xe8b9ac, 0xe781af, 0xe799bb, 0xe7ad89, 0xe79eaa, 0xe587b3, 0xe98293, 0xe5a0a4, 0xe4bd8e,
    0xe6bbb4, 0xe8bfaa, 0xe6958c, 0xe7ac9b, 0xe78b84, 0xe6b6a4, 0xe7bf9f, 0xe5aba1, 0xe68ab5,
    0xe5ba95, 0xe59cb0, 0xe89282, 0xe7acac, 0xe5b89d, 0xe5bc9f, 0xe98092, 0xe7bc94, 0xe9a2a0,
    0xe68e82, 0xe6bb87, 0xe7a298, 0xe782b9, 0xe585b8, 0xe99d9b, 0xe59eab, 0xe794b5, 0xe4bd83,
    0xe794b8, 0xe5ba97, 0xe683a6, 0xe5a5a0, 0xe6b780, 0xe6aebf, 0xe7a289, 0xe58fbc, 0xe99b95,
    0xe5878b, 0xe58881, 0xe68e89, 0xe5908a, 0xe99293, 0xe8b083, 0xe8b78c, 0xe788b9, 0xe7a29f,
    0xe89db6, 0xe8bfad, 0xe8b08d, 0xe58fa0, 0xe4b881, 0xe79baf, 0xe58fae, 0xe99289, 0xe9a1b6,
    0xe9bc8e, 0xe994ad, 0xe5ae9a, 0xe8aea2, 0xe4b8a2, 0xe4b89c, 0xe586ac, 0xe891a3, 0xe68782,
    0xe58aa8, 0xe6a08b, 0xe4be97, 0xe681ab, 0xe586bb, 0xe6b49e, 0xe5859c, 0xe68a96, 0xe69697,
    0xe999a1, 0xe8b186, 0xe98097, 0xe79798, 0xe983bd, 0xe79da3, 0xe6af92, 0xe78a8a, 0xe78bac,
    0xe8afbb, 0xe5a0b5, 0xe79db9, 0xe8b58c, 0xe69d9c, 0xe99580, 0xe8829a, 0xe5baa6, 0xe6b8a1,
    0xe5a692, 0xe7abaf, 0xe79fad, 0xe994bb, 0xe6aeb5, 0xe696ad, 0xe7bc8e, 0xe5a086, 0xe58591,
    0xe9989f, 0xe5afb9, 0xe5a2a9, 0xe590a8, 0xe8b9b2, 0xe695a6, 0xe9a1bf, 0xe59ba4, 0xe9929d,
    0xe79bbe, 0xe98181, 0xe68e87, 0xe59386, 0xe5a49a, 0xe5a4ba, 0xe59e9b, 0xe8bab2, 0xe69cb5,
    0xe8b7ba, 0xe888b5, 0xe58981, 0xe683b0, 0xe5a095, 0xe89bbe, 0xe5b3a8, 0xe9b985, 0xe4bf84,
    0xe9a29d, 0xe8aeb9, 0xe5a8a5, 0xe681b6, 0xe58e84, 0xe689bc, 0xe9818f, 0xe98482, 0xe9a5bf,
    0xe681a9, 0xe8808c, 0xe584bf, 0xe880b3, 0xe5b094, 0xe9a5b5, 0xe6b4b1, 0xe4ba8c, 0xe8b4b0,
    0xe58f91, 0xe7bd9a, 0xe7ad8f, 0xe4bc90, 0xe4b98f, 0xe99880, 0xe6b395, 0xe78f90, 0xe897a9,
    0xe5b886, 0xe795aa, 0xe7bfbb, 0xe6a88a, 0xe79fbe, 0xe99292, 0xe7b981, 0xe587a1, 0xe783a6,
    0xe58f8d, 0xe8bf94, 0xe88c83, 0xe8b4a9, 0xe78aaf, 0xe9a5ad, 0xe6b39b, 0xe59d8a, 0xe88ab3,
    0xe696b9, 0xe882aa, 0xe688bf, 0xe998b2, 0xe5a6a8, 0xe4bbbf, 0xe8aebf, 0xe7baba, 0xe694be,
    0xe88fb2, 0xe99d9e, 0xe595a1, 0xe9a39e, 0xe882a5, 0xe58caa, 0xe8afbd, 0xe590a0, 0xe882ba,
    0xe5ba9f, 0xe6b2b8, 0xe8b4b9, 0xe88aac, 0xe9859a, 0xe590a9, 0xe6b09b, 0xe58886, 0xe7bab7,
    0xe59d9f, 0xe7849a, 0xe6b1be, 0xe7b289, 0xe5a58b, 0xe4bbbd, 0xe5bfbf, 0xe684a4, 0xe7b2aa,
    0xe4b8b0, 0xe5b081, 0xe69eab, 0xe89c82, 0xe5b3b0, 0xe9948b, 0xe9a38e, 0xe796af, 0xe783bd,
    0xe980a2, 0xe586af, 0xe7bc9d, 0xe8aebd, 0xe5a589, 0xe587a4, 0xe4bd9b, 0xe590a6, 0xe5a4ab,
    0xe695b7, 0xe882a4, 0xe5adb5, 0xe689b6, 0xe68b82, 0xe8be90, 0xe5b985, 0xe6b09f, 0xe7aca6,
    0xe4bc8f, 0xe4bf98, 0xe69c8d, 0xe6b5ae, 0xe6b6aa, 0xe7a68f, 0xe8a2b1, 0xe5bc97, 0xe794ab,
    0xe68a9a, 0xe8be85, 0xe4bfaf, 0xe9879c, 0xe696a7, 0xe884af, 0xe88591, 0xe5ba9c, 0xe88590,
    0xe8b5b4, 0xe589af, 0xe8a686, 0xe8b58b, 0xe5a48d, 0xe58285, 0xe4bb98, 0xe9989c, 0xe788b6,
    0xe885b9, 0xe8b49f, 0xe5af8c, 0xe8aea3, 0xe99984, 0xe5a687, 0xe7bc9a, 0xe59290, 0xe599b6,
    0xe5988e, 0xe8afa5, 0xe694b9, 0xe6a682, 0xe99299, 0xe79b96, 0xe6ba89, 0xe5b9b2, 0xe79498,
    0xe69d86, 0xe69f91, 0xe7abbf, 0xe8829d, 0xe8b5b6, 0xe6849f, 0xe7a786, 0xe695a2, 0xe8b5a3,
    0xe58688, 0xe5889a, 0xe992a2, 0xe7bcb8, 0xe8829b, 0xe7bab2, 0xe5b297, 0xe6b8af, 0xe69da0,
    0xe7af99, 0xe79a8b, 0xe9ab98, 0xe8868f, 0xe7be94, 0xe7b395, 0xe6909e, 0xe99590, 0xe7a8bf,
    0xe5918a, 0xe593a5, 0xe6ad8c, 0xe69081, 0xe68888, 0xe9b8bd, 0xe883b3, 0xe79699, 0xe589b2,
    0xe99da9, 0xe8919b, 0xe6a0bc, 0xe89ba4, 0xe99881, 0xe99a94, 0xe993ac, 0xe4b8aa, 0xe59084,
    0xe7bb99, 0xe6a0b9, 0xe8b79f, 0xe88095, 0xe69bb4, 0xe5ba9a, 0xe7beb9, 0xe59f82, 0xe880bf,
    0xe6a297, 0xe5b7a5, 0xe694bb, 0xe58a9f, 0xe681ad, 0xe9be9a, 0xe4be9b, 0xe8baac, 0xe585ac,
    0xe5aeab, 0xe5bc93, 0xe5b7a9, 0xe6b19e, 0xe68bb1, 0xe8b4a1, 0xe585b1, 0xe992a9, 0xe58bbe,
    0xe6b29f, 0xe88b9f, 0xe78b97, 0xe59ea2, 0xe69e84, 0xe8b4ad, 0xe5a49f, 0xe8be9c, 0xe88f87,
    0xe59295, 0xe7ae8d, 0xe4bcb0, 0xe6b2bd, 0xe5ada4, 0xe5a791, 0xe9bc93, 0xe58fa4, 0xe89b8a,
    0xe9aaa8, 0xe8b0b7, 0xe882a1, 0xe69585, 0xe9a1be, 0xe59bba, 0xe99b87, 0xe588ae, 0xe7939c,
    0xe58990, 0xe5afa1, 0xe68c82, 0xe8a482, 0xe4b996, 0xe68b90, 0xe680aa, 0xe6a3ba, 0xe585b3,
    0xe5ae98, 0xe586a0, 0xe8a782, 0xe7aea1, 0xe9a686, 0xe7bd90, 0xe683af, 0xe7818c, 0xe8b4af,
    0xe58589, 0xe5b9bf, 0xe9809b, 0xe791b0, 0xe8a784, 0xe59cad, 0xe7a185, 0xe5bd92, 0xe9be9f,
    0xe997ba, 0xe8bda8, 0xe9acbc, 0xe8afa1, 0xe799b8, 0xe6a182, 0xe69f9c, 0xe8b7aa, 0xe8b4b5,
    0xe588bd, 0xe8be8a, 0xe6bb9a, 0xe6a38d, 0xe99485, 0xe983ad, 0xe59bbd, 0xe69e9c, 0xe8a3b9,
    0xe8bf87, 0xe59388, 0xe9aab8, 0xe5ada9, 0xe6b5b7, 0xe6b0a6, 0xe4baa5, 0xe5aeb3, 0xe9aa87,
    0xe985a3, 0xe686a8, 0xe982af, 0xe99fa9, 0xe590ab, 0xe6b6b5, 0xe5af92, 0xe587bd, 0xe5968a,
    0xe7bd95, 0xe7bfb0, 0xe692bc, 0xe68d8d, 0xe697b1, 0xe686be, 0xe6828d, 0xe7848a, 0xe6b197,
    0xe6b189, 0xe5a4af, 0xe69dad, 0xe888aa, 0xe5a395, 0xe59a8e, 0xe8b1aa, 0xe6afab, 0xe9839d,
    0xe5a5bd, 0xe88097, 0xe58fb7, 0xe6b5a9, 0xe591b5, 0xe5969d, 0xe88db7, 0xe88f8f, 0xe6a0b8,
    0xe7a6be, 0xe5928c, 0xe4bd95, 0xe59088, 0xe79b92, 0xe8b289, 0xe99882, 0xe6b2b3, 0xe6b6b8,
    0xe8b5ab, 0xe8a490, 0xe9b9a4, 0xe8b4ba, 0xe598bf, 0xe9bb91, 0xe79795, 0xe5be88, 0xe78ba0,
    0xe681a8, 0xe593bc, 0xe4baa8, 0xe6a8aa, 0xe8a1a1, 0xe68192, 0xe8bdb0, 0xe59384, 0xe78398,
    0xe899b9, 0xe9b8bf, 0xe6b4aa, 0xe5ae8f, 0xe5bc98, 0xe7baa2, 0xe59689, 0xe4beaf, 0xe78cb4,
    0xe590bc, 0xe58e9a, 0xe58099, 0xe5908e, 0xe591bc, 0xe4b98e, 0xe5bfbd, 0xe7919a, 0xe5a3b6,
    0xe891ab, 0xe883a1, 0xe89db4, 0xe78b90, 0xe7b38a, 0xe6b996, 0xe5bca7, 0xe8998e, 0xe594ac,
    0xe68aa4, 0xe4ba92, 0xe6b2aa, 0xe688b7, 0xe88ab1, 0xe59397, 0xe58d8e, 0xe78cbe, 0xe6bb91,
    0xe794bb, 0xe58892, 0xe58c96, 0xe8af9d, 0xe6a790, 0xe5be8a, 0xe68080, 0xe6b7ae, 0xe59d8f,
    0xe6aca2, 0xe78eaf, 0xe6a193, 0xe8bf98, 0xe7bc93, 0xe68da2, 0xe682a3, 0xe594a4, 0xe797aa,
    0xe8b1a2, 0xe78495, 0xe6b6a3, 0xe5aea6, 0xe5b9bb, 0xe88d92, 0xe6858c, 0xe9bb84, 0xe7a3ba,
    0xe89d97, 0xe7b0a7, 0xe79a87, 0xe587b0, 0xe683b6, 0xe7858c, 0xe69983, 0xe5b98c, 0xe6818d,
    0xe8b08e, 0xe781b0, 0xe68ca5, 0xe8be89, 0xe5bebd, 0xe681a2, 0xe89b94, 0xe59b9e, 0xe6af81,
    0xe68294, 0xe685a7, 0xe58d89, 0xe683a0, 0xe699a6, 0xe8b4bf, 0xe7a7bd, 0xe4bc9a, 0xe783a9,
    0xe6b187, 0xe8aeb3, 0xe8afb2, 0xe7bb98, 0xe88da4, 0xe6988f, 0xe5a99a, 0xe9ad82, 0xe6b591,
    0xe6b7b7, 0xe8b181, 0xe6b4bb, 0xe4bc99, 0xe781ab, 0xe88eb7, 0xe68896, 0xe68391, 0xe99c8d,
    0xe8b4a7, 0xe7a5b8, 0xe587bb, 0xe59cbe, 0xe59fba, 0xe69cba, 0xe795b8, 0xe7a8bd, 0xe7a7af,
    0xe7ae95, 0xe8828c, 0xe9a5a5, 0xe8bfb9, 0xe6bf80, 0xe8aea5, 0xe9b8a1, 0xe5a7ac, 0xe7bba9,
    0xe7bc89, 0xe59089, 0xe69e81, 0xe6a398, 0xe8be91, 0xe7b18d, 0xe99b86, 0xe58f8a, 0xe680a5,
    0xe796be, 0xe6b1b2, 0xe58db3, 0xe5ab89, 0xe7baa7, 0xe68ca4, 0xe587a0, 0xe8848a, 0xe5b7b1,
    0xe8939f, 0xe68a80, 0xe58680, 0xe5ada3, 0xe4bc8e, 0xe7a5ad, 0xe58982, 0xe682b8, 0xe6b58e,
    0xe5af84, 0xe5af82, 0xe8aea1, 0xe8aeb0, 0xe697a2, 0xe5bf8c, 0xe99985, 0xe5a693, 0xe7bba7,
    0xe7baaa, 0xe59889, 0xe69eb7, 0xe5a4b9, 0xe4bdb3, 0xe5aeb6, 0xe58aa0, 0xe88d9a, 0xe9a28a,
    0xe8b4be, 0xe794b2, 0xe992be, 0xe58187, 0xe7a8bc, 0xe4bbb7, 0xe69eb6, 0xe9a9be, 0xe5ab81,
    0xe6adbc, 0xe79b91, 0xe59d9a, 0xe5b096, 0xe7acba, 0xe997b4, 0xe7858e, 0xe585bc, 0xe882a9,
    0xe889b0, 0xe5a5b8, 0xe7bc84, 0xe88ca7, 0xe6a380, 0xe69fac, 0xe7a2b1, 0xe7a1b7, 0xe68ba3,
    0xe68da1, 0xe7ae80, 0xe4bfad, 0xe589aa, 0xe5878f, 0xe88d90, 0xe6a79b, 0xe989b4, 0xe8b7b5,
    0xe8b4b1, 0xe8a781, 0xe994ae, 0xe7aead, 0xe4bbb6, 0xe581a5, 0xe888b0, 0xe58991, 0xe9a5af,
    0xe6b890, 0xe6ba85, 0xe6b6a7, 0xe5bbba, 0xe583b5, 0xe5a79c, 0xe5b086, 0xe6b586, 0xe6b19f,
    0xe79686, 0xe8928b, 0xe6a1a8, 0xe5a596, 0xe8aeb2, 0xe58ca0, 0xe985b1, 0xe9998d, 0xe89589,
    0xe6a492, 0xe7a481, 0xe784a6, 0xe883b6, 0xe4baa4, 0xe9838a, 0xe6b587, 0xe9aa84, 0xe5a887,
    0xe59abc, 0xe69085, 0xe993b0, 0xe79fab, 0xe4bea5, 0xe8849a, 0xe78ba1, 0xe8a792, 0xe9a5ba,
    0xe7bcb4, 0xe7bb9e, 0xe589bf, 0xe69599, 0xe985b5, 0xe8bdbf, 0xe8be83, 0xe58fab, 0xe7aa96,
    0xe68fad, 0xe68ea5, 0xe79a86, 0xe7a7b8, 0xe8a197, 0xe998b6, 0xe688aa, 0xe58aab, 0xe88a82,
    0xe6a194, 0xe69db0, 0xe68db7, 0xe79dab, 0xe7abad, 0xe6b481, 0xe7bb93, 0xe8a7a3, 0xe5a790,
    0xe68892, 0xe89789, 0xe88aa5, 0xe7958c, 0xe5809f, 0xe4bb8b, 0xe796a5, 0xe8afab, 0xe5b18a,
    0xe5b7be, 0xe7ad8b, 0xe696a4, 0xe98791, 0xe4bb8a, 0xe6b4a5, 0xe8a59f, 0xe7b4a7, 0xe994a6,
    0xe4bb85, 0xe8b0a8, 0xe8bf9b, 0xe99db3, 0xe6998b, 0xe7a681, 0xe8bf91, 0xe783ac, 0xe6b5b8,
    0xe5b0bd, 0xe58ab2, 0xe88d86, 0xe585a2, 0xe88c8e, 0xe79d9b, 0xe699b6, 0xe9b2b8, 0xe4baac,
    0xe6838a, 0xe7b2be, 0xe7b2b3, 0xe7bb8f, 0xe4ba95, 0xe8ada6, 0xe699af, 0xe9a288, 0xe99d99,
    0xe5a283, 0xe695ac, 0xe9959c, 0xe5be84, 0xe79789, 0xe99d96, 0xe7ab9f, 0xe7ab9e, 0xe58780,
    0xe782af, 0xe7aa98, 0xe68faa, 0xe7a9b6, 0xe7baa0, 0xe78e96, 0xe99fad, 0xe4b985, 0xe781b8,
    0xe4b99d, 0xe98592, 0xe58ea9, 0xe69591, 0xe697a7, 0xe887bc, 0xe88885, 0xe5928e, 0xe5b0b1,
    0xe7969a, 0xe99ea0, 0xe68b98, 0xe78b99, 0xe796bd, 0xe5b185, 0xe9a9b9, 0xe88f8a, 0xe5b180,
    0xe59280, 0xe79fa9, 0xe4b8be, 0xe6b2ae, 0xe8819a, 0xe68b92, 0xe68dae, 0xe5b7a8, 0xe585b7,
    0xe8b79d, 0xe8b89e, 0xe994af, 0xe4bfb1, 0xe58fa5, 0xe683a7, 0xe782ac, 0xe589a7, 0xe68d90,
    0xe9b983, 0xe5a89f, 0xe580a6, 0xe79cb7, 0xe58db7, 0xe7bba2, 0xe69285, 0xe694ab, 0xe68a89,
    0xe68e98, 0xe58094, 0xe788b5, 0xe8a789, 0xe586b3, 0xe8af80, 0xe7bb9d, 0xe59d87, 0xe88f8c,
    0xe992a7, 0xe5869b, 0xe5909b, 0xe5b3bb, 0xe4bf8a, 0xe7aba3, 0xe6b59a, 0xe983a1, 0xe9aa8f,
    0xe59680, 0xe59296, 0xe58da1, 0xe592af, 0xe5bc80, 0xe68fa9, 0xe6a5b7, 0xe587af, 0xe685a8,
    0xe5888a, 0xe5a0aa, 0xe58b98, 0xe59d8e, 0xe7a08d, 0xe79c8b, 0xe5bab7, 0xe685b7, 0xe7b3a0,
    0xe6899b, 0xe68a97, 0xe4baa2, 0xe78295, 0xe88083, 0xe68bb7, 0xe783a4, 0xe99da0, 0xe59db7,
    0xe88b9b, 0xe69faf, 0xe6a3b5, 0xe7a395, 0xe9a297, 0xe7a791, 0xe5a3b3, 0xe592b3, 0xe58faf,
    0xe6b8b4, 0xe5858b, 0xe588bb, 0xe5aea2, 0xe8afbe, 0xe882af, 0xe59583, 0xe59ea6, 0xe681b3,
    0xe59d91, 0xe590ad, 0xe7a9ba, 0xe68190, 0xe5ad94, 0xe68ea7, 0xe68aa0, 0xe58fa3, 0xe689a3,
    0xe5af87, 0xe69eaf, 0xe593ad, 0xe7aa9f, 0xe88ba6, 0xe985b7, 0xe5ba93, 0xe8a3a4, 0xe5a4b8,
    0xe59eae, 0xe68c8e, 0xe8b7a8, 0xe883af, 0xe59d97, 0xe7adb7, 0xe4bea9, 0xe5bfab, 0xe5aebd,
    0xe6acbe, 0xe58ca1, 0xe7ad90, 0xe78b82, 0xe6a186, 0xe79fbf, 0xe79cb6, 0xe697b7, 0xe586b5,
    0xe4ba8f, 0xe79b94, 0xe5b2bf, 0xe7aaa5, 0xe891b5, 0xe5a58e, 0xe9ad81, 0xe58280, 0xe9a688,
    0xe684a7, 0xe6ba83, 0xe59da4, 0xe69886, 0xe68d86, 0xe59bb0, 0xe68bac, 0xe689a9, 0xe5bb93,
    0xe99894, 0xe59e83, 0xe68b89, 0xe59687, 0xe89ca1, 0xe8858a, 0xe8bea3, 0xe595a6, 0xe88eb1,
    0xe69da5, 0xe8b596, 0xe8939d, 0xe5a9aa, 0xe6a08f, 0xe68ba6, 0xe7afae, 0xe99891, 0xe585b0,
    0xe6be9c, 0xe8b0b0, 0xe68fbd, 0xe8a788, 0xe68792, 0xe7bc86, 0xe78382, 0xe6bba5, 0xe79085,
    0xe6a694, 0xe78bbc, 0xe5bb8a, 0xe9838e, 0xe69c97, 0xe6b5aa, 0xe68d9e, 0xe58ab3, 0xe789a2,
    0xe88081, 0xe4bdac, 0xe5a7a5, 0xe985aa, 0xe78399, 0xe6b69d, 0xe58b92, 0xe4b990, 0xe99bb7,
    0xe995ad, 0xe895be, 0xe7a38a, 0xe7b4af, 0xe584a1, 0xe59e92, 0xe69382, 0xe8828b, 0xe7b1bb,
    0xe6b3aa, 0xe6a3b1, 0xe6a59e, 0xe586b7, 0xe58e98, 0xe6a2a8, 0xe78a81, 0xe9bb8e, 0xe7afb1,
    0xe78bb8, 0xe7a6bb, 0xe6bc93, 0xe79086, 0xe69d8e, 0xe9878c, 0xe9b2a4, 0xe7a4bc, 0xe88e89,
    0xe88d94, 0xe5908f, 0xe6a097, 0xe4b8bd, 0xe58e89, 0xe58ab1, 0xe7a0be, 0xe58e86, 0xe588a9,
    0xe58288, 0xe4be8b, 0xe4bf90, 0xe797a2, 0xe7ab8b, 0xe7b292, 0xe6b2a5, 0xe99ab6, 0xe58a9b,
    0xe79283, 0xe593a9, 0xe4bfa9, 0xe88194, 0xe88eb2, 0xe8bf9e, 0xe995b0, 0xe5bb89, 0xe6809c,
    0xe6b69f, 0xe5b898, 0xe6959b, 0xe884b8, 0xe993be, 0xe6818b, 0xe782bc, 0xe7bb83, 0xe7b2ae,
    0xe58789, 0xe6a281, 0xe7b2b1, 0xe889af, 0xe4b8a4, 0xe8be86, 0xe9878f, 0xe699be, 0xe4baae,
    0xe8b085, 0xe692a9, 0xe8818a, 0xe5839a, 0xe79697, 0xe7878e, 0xe5afa5, 0xe8bebd, 0xe6bda6,
    0xe4ba86, 0xe69282, 0xe995a3, 0xe5bb96, 0xe69699, 0xe58897, 0xe8a382, 0xe78388, 0xe58aa3,
    0xe78c8e, 0xe790b3, 0xe69e97, 0xe7a3b7, 0xe99c96, 0xe4b8b4, 0xe982bb, 0xe9b39e, 0xe6b78b,
    0xe5879b, 0xe8b581, 0xe5909d, 0xe68b8e, 0xe78eb2, 0xe88fb1, 0xe99bb6, 0xe9be84, 0xe99383,
    0xe4bcb6, 0xe7be9a, 0xe5878c, 0xe781b5, 0xe999b5, 0xe5b2ad, 0xe9a286, 0xe58fa6, 0xe4bba4,
    0xe6ba9c, 0xe79089, 0xe6a6b4, 0xe7a1ab, 0xe9a68f, 0xe79599, 0xe58898, 0xe798a4, 0xe6b581,
    0xe69fb3, 0xe585ad, 0xe9be99, 0xe8818b, 0xe59299, 0xe7acbc, 0xe7aabf, 0xe99a86, 0xe59e84,
    0xe68ba2, 0xe99987, 0xe6a5bc, 0xe5a884, 0xe69082, 0xe7af93, 0xe6bc8f, 0xe9998b, 0xe88aa6,
    0xe58da2, 0xe9a285, 0xe5ba90, 0xe78289, 0xe68eb3, 0xe58da4, 0xe8998f, 0xe9b281, 0xe9ba93,
    0xe7a28c, 0xe99cb2, 0xe8b7af, 0xe8b582, 0xe9b9bf, 0xe6bd9e, 0xe7a684, 0xe5bd95, 0xe99986,
    0xe688ae, 0xe9a9b4, 0xe59095, 0xe9939d, 0xe4bea3, 0xe69785, 0xe5b1a5, 0xe5b1a1, 0xe7bc95,
    0xe89991, 0xe6b0af, 0xe5be8b, 0xe78e87, 0xe6bba4, 0xe7bbbf, 0xe5b3a6, 0xe68c9b, 0xe5adaa,
    0xe6bba6, 0xe58db5, 0xe4b9b1, 0xe68ea0, 0xe795a5, 0xe68aa1, 0xe8bdae, 0xe4bca6, 0xe4bb91,
    0xe6b2a6, 0xe7bab6, 0xe8aeba, 0xe8909d, 0xe89eba, 0xe7bd97, 0xe980bb, 0xe994a3, 0xe7aea9,
    0xe9aaa1, 0xe8a3b8, 0xe890bd, 0xe6b49b, 0xe9aa86, 0xe7bb9c, 0xe5a688, 0xe9babb, 0xe78e9b,
    0xe7a081, 0xe89a82, 0xe9a9ac, 0xe9aa82, 0xe5989b, 0xe59097, 0xe59f8b, 0xe4b9b0, 0xe9baa6,
    0xe58d96, 0xe8bf88, 0xe88489, 0xe79e92, 0xe9a692, 0xe89bae, 0xe6bba1, 0xe89493, 0xe69bbc,
    0xe685a2, 0xe6bcab, 0xe8b0a9, 0xe88a92, 0xe88cab, 0xe79bb2, 0xe6b093, 0xe5bf99, 0xe88ebd,
    0xe78cab, 0xe88c85, 0xe9949a, 0xe6af9b, 0xe79f9b, 0xe99386, 0xe58daf, 0xe88c82, 0xe58692,
    0xe5b8bd, 0xe8b28c, 0xe8b4b8, 0xe4b988, 0xe78eab, 0xe69e9a, 0xe6a285, 0xe985b6, 0xe99c89,
    0xe785a4, 0xe6b2a1, 0xe79c89, 0xe5aa92, 0xe99581, 0xe6af8f, 0xe7be8e, 0xe698a7, 0xe5af90,
    0xe5a6b9, 0xe5aa9a, 0xe997a8, 0xe997b7, 0xe4bbac, 0xe8908c, 0xe89299, 0xe6aaac, 0xe79b9f,
    0xe994b0, 0xe78c9b, 0xe6a2a6, 0xe5ad9f, 0xe79caf, 0xe9869a, 0xe99da1, 0xe7b39c, 0xe8bfb7,
    0xe8b09c, 0xe5bca5, 0xe7b1b3, 0xe7a798, 0xe8a785, 0xe6b38c, 0xe89c9c, 0xe5af86, 0xe5b982,
    0xe6a389, 0xe79ca0, 0xe7bbb5, 0xe58695, 0xe5858d, 0xe58b89, 0xe5a8a9, 0xe7bc85, 0xe99da2,
    0xe88b97, 0xe68f8f, 0xe79e84, 0xe89790, 0xe7a792, 0xe6b8ba, 0xe5ba99, 0xe5a699, 0xe89491,
    0xe781ad, 0xe6b091, 0xe68abf, 0xe79abf, 0xe6958f, 0xe682af, 0xe997bd, 0xe6988e, 0xe89e9f,
    0xe9b8a3, 0xe993ad, 0xe5908d, 0xe591bd, 0xe8b0ac, 0xe691b8, 0xe691b9, 0xe89891, 0xe6a8a1,
    0xe8869c, 0xe7a3a8, 0xe691a9, 0xe9ad94, 0xe68ab9, 0xe69cab, 0xe88eab, 0xe5a2a8, 0xe9bb98,
    0xe6b2ab, 0xe6bca0, 0xe5af9e, 0xe9998c, 0xe8b08b, 0xe7899f, 0xe69f90, 0xe68b87, 0xe789a1,
    0xe4baa9, 0xe5a786, 0xe6af8d, 0xe5a293, 0xe69aae, 0xe5b995, 0xe58b9f, 0xe68595, 0xe69ca8,
    0xe79bae, 0xe79da6, 0xe789a7, 0xe7a986, 0xe68bbf, 0xe593aa, 0xe59190, 0xe992a0, 0xe982a3,
    0xe5a89c, 0xe7bab3, 0xe6b096, 0xe4b983, 0xe5a5b6, 0xe88090, 0xe5a588, 0xe58d97, 0xe794b7,
    0xe99abe, 0xe59b8a, 0xe68ca0, 0xe88491, 0xe681bc, 0xe997b9, 0xe6b796, 0xe591a2, 0xe9a681,
    0xe58685, 0xe5aba9, 0xe883bd, 0xe5a6ae, 0xe99c93, 0xe580aa, 0xe6b3a5, 0xe5b0bc, 0xe68b9f,
    0xe4bda0, 0xe58cbf, 0xe885bb, 0xe98086, 0xe6baba, 0xe894ab, 0xe68b88, 0xe5b9b4, 0xe7a2be,
    0xe692b5, 0xe68dbb, 0xe5bfb5, 0xe5a898, 0xe985bf, 0xe9b89f, 0xe5b0bf, 0xe68d8f, 0xe88182,
    0xe5adbd, 0xe595ae, 0xe9958a, 0xe9958d, 0xe6b685, 0xe682a8, 0xe69fa0, 0xe78b9e, 0xe5879d,
    0xe5ae81, 0xe68ba7, 0xe6b39e, 0xe7899b, 0xe689ad, 0xe992ae, 0xe7babd, 0xe88493, 0xe6b593,
    0xe5869c, 0xe5bc84, 0xe5a5b4, 0xe58aaa, 0xe68092, 0xe5a5b3, 0xe69a96, 0xe89990, 0xe7969f,
    0xe68caa, 0xe687a6, 0xe7b3af, 0xe8afba, 0xe593a6, 0xe6aca7, 0xe9b8a5, 0xe6aeb4, 0xe89795,
    0xe59195, 0xe581b6, 0xe6b2a4, 0xe595aa, 0xe8b6b4, 0xe788ac, 0xe5b895, 0xe68095, 0xe790b6,
    0xe68b8d, 0xe68e92, 0xe7898c, 0xe5be98, 0xe6b983, 0xe6b4be, 0xe69480, 0xe6bd98, 0xe79b98,
    0xe7a390, 0xe79bbc, 0xe79594, 0xe588a4, 0xe58f9b, 0xe4b993, 0xe5ba9e, 0xe69781, 0xe880aa,
    0xe88396, 0xe68a9b, 0xe59286, 0xe588a8, 0xe782ae, 0xe8a28d, 0xe8b791, 0xe6b3a1, 0xe591b8,
    0xe8839a, 0xe59fb9, 0xe8a3b4, 0xe8b594, 0xe999aa, 0xe9858d, 0xe4bda9, 0xe6b29b, 0xe596b7,
    0xe79b86, 0xe7a0b0, 0xe68aa8, 0xe783b9, 0xe6be8e, 0xe5bdad, 0xe893ac, 0xe6a39a, 0xe7a1bc,
    0xe7afb7, 0xe886a8, 0xe69c8b, 0xe9b98f, 0xe68da7, 0xe7a2b0, 0xe59daf, 0xe7a092, 0xe99cb9,
    0xe689b9, 0xe68aab, 0xe58a88, 0xe790b5, 0xe6af97, 0xe595a4, 0xe884be, 0xe796b2, 0xe79aae,
    0xe58cb9, 0xe7979e, 0xe583bb, 0xe5b181, 0xe8adac, 0xe7af87, 0xe5818f, 0xe78987, 0xe9aa97,
    0xe9a398, 0xe6bc82, 0xe793a2, 0xe7a5a8, 0xe69287, 0xe79ea5, 0xe68bbc, 0xe9a291, 0xe8b4ab,
    0xe59381, 0xe88198, 0xe4b992, 0xe59daa, 0xe88bb9, 0xe8908d, 0xe5b9b3, 0xe587ad, 0xe793b6,
    0xe8af84, 0xe5b18f, 0xe59da1, 0xe6b3bc, 0xe9a287, 0xe5a986, 0xe7a0b4, 0xe9ad84, 0xe8bfab,
    0xe7b295, 0xe58996, 0xe68991, 0xe993ba, 0xe4bb86, 0xe88e86, 0xe891a1, 0xe88fa9, 0xe892b2,
    0xe59f94, 0xe69cb4, 0xe59c83, 0xe699ae, 0xe6b5a6, 0xe8b0b1, 0xe69b9d, 0xe78091, 0xe69c9f,
    0xe6acba, 0xe6a096, 0xe6889a, 0xe5a6bb, 0xe4b883, 0xe58784, 0xe6bc86, 0xe69f92, 0xe6b28f,
    0xe585b6, 0xe6a38b, 0xe5a587, 0xe6ada7, 0xe795a6, 0xe5b48e, 0xe88490, 0xe9bd90, 0xe69797,
    0xe7a588, 0xe7a581, 0xe9aa91, 0xe8b5b7, 0xe5b282, 0xe4b99e, 0xe4bc81, 0xe590af, 0xe5a591,
    0xe7a08c, 0xe599a8, 0xe6b094, 0xe8bf84, 0xe5bc83, 0xe6b1bd, 0xe6b3a3, 0xe8aeab, 0xe68e90,
    0xe681b0, 0xe6b4bd, 0xe789b5, 0xe689a6, 0xe9928e, 0xe99385, 0xe58d83, 0xe8bf81, 0xe7adbe,
    0xe4bb9f, 0xe8b0a6, 0xe4b9be, 0xe9bb94, 0xe992b1, 0xe992b3, 0xe5898d, 0xe6bd9c, 0xe981a3,
    0xe6b585, 0xe8b0b4, 0xe5a091, 0xe5b58c, 0xe6aca0, 0xe6ad89, 0xe69eaa, 0xe5919b, 0xe88594,
    0xe7be8c, 0xe5a299, 0xe894b7, 0xe5bcba, 0xe68aa2, 0xe6a987, 0xe994b9, 0xe695b2, 0xe68284,
    0xe6a1a5, 0xe79ea7, 0xe4b994, 0xe4bea8, 0xe5b7a7, 0xe99e98, 0xe692ac, 0xe7bf98, 0xe5b3ad,
    0xe4bf8f, 0xe7aa8d, 0xe58887, 0xe88c84, 0xe4b894, 0xe680af, 0xe7aa83, 0xe992a6, 0xe4beb5,
    0xe4bab2, 0xe7a7a6, 0xe790b4, 0xe58ba4, 0xe88ab9, 0xe69392, 0xe7a6bd, 0xe5af9d, 0xe6b281,
    0xe99d92, 0xe8bdbb, 0xe6b0a2, 0xe580be, 0xe58dbf, 0xe6b885, 0xe6938e, 0xe699b4, 0xe6b0b0,
    0xe68385, 0xe9a1b7, 0xe8afb7, 0xe5ba86, 0xe790bc, 0xe7a9b7, 0xe7a78b, 0xe4b898, 0xe982b1,
    0xe79083, 0xe6b182, 0xe59b9a, 0xe9858b, 0xe6b385, 0xe8b68b, 0xe58cba, 0xe89b86, 0xe69bb2,
    0xe8baaf, 0xe5b188, 0xe9a9b1, 0xe6b8a0, 0xe58f96, 0xe5a8b6, 0xe9be8b, 0xe8b6a3, 0xe58ebb,
    0xe59c88, 0xe9a2a7, 0xe69d83, 0xe9869b, 0xe6b389, 0xe585a8, 0xe7978a, 0xe68bb3, 0xe78aac,
    0xe588b8, 0xe58a9d, 0xe7bcba, 0xe78294, 0xe798b8, 0xe58db4, 0xe9b98a, 0xe6a6b7, 0xe7a1ae,
    0xe99b80, 0xe8a399, 0xe7bea4, 0xe784b6, 0xe78783, 0xe58689, 0xe69f93, 0xe793a4, 0xe5a3a4,
    0xe69498, 0xe59ab7, 0xe8aea9, 0xe9a5b6, 0xe689b0, 0xe7bb95, 0xe683b9, 0xe783ad, 0xe5a3ac,
    0xe4bb81, 0xe4baba, 0xe5bf8d, 0xe99fa7, 0xe4bbbb, 0xe8aea4, 0xe58883, 0xe5a68a, 0xe7baab,
    0xe68994, 0xe4bb8d, 0xe697a5, 0xe6888e, 0xe88cb8, 0xe89389, 0xe88da3, 0xe89e8d, 0xe78694,
    0xe6bab6, 0xe5aeb9, 0xe7bb92, 0xe58697, 0xe68f89, 0xe69f94, 0xe88289, 0xe88cb9, 0xe8a095,
    0xe58492, 0xe5adba, 0xe5a682, 0xe8beb1, 0xe4b9b3, 0xe6b19d, 0xe585a5, 0xe8a4a5, 0xe8bdaf,
    0xe998ae, 0xe8958a, 0xe7919e, 0xe99490, 0xe997b0, 0xe6b6a6, 0xe88ba5, 0xe5bcb1, 0xe69292,
    0xe6b492, 0xe890a8, 0xe885ae, 0xe9b383, 0xe5a19e, 0xe8b59b, 0xe4b889, 0xe58f81, 0xe4bc9e,
    0xe695a3, 0xe6a191, 0xe59793, 0xe4b8a7, 0xe69094, 0xe9aa9a, 0xe689ab, 0xe5ab82, 0xe7919f,
    0xe889b2, 0xe6b6a9, 0xe6a3ae, 0xe583a7, 0xe88e8e, 0xe7a082, 0xe69d80, 0xe588b9, 0xe6b299,
    0xe7bab1, 0xe582bb, 0xe595a5, 0xe7859e, 0xe7ad9b, 0xe69992, 0xe78f8a, 0xe88bab, 0xe69d89,
    0xe5b1b1, 0xe588a0, 0xe785bd, 0xe8a1ab, 0xe997aa, 0xe99995, 0xe69385, 0xe8b5a1, 0xe886b3,
    0xe59684, 0xe6b195, 0xe68987, 0xe7bcae, 0xe5a292, 0xe4bca4, 0xe59586, 0xe8b58f, 0xe6998c,
    0xe4b88a, 0xe5b09a, 0xe8a3b3, 0xe6a2a2, 0xe68d8e, 0xe7a88d, 0xe783a7, 0xe88a8d, 0xe58bba,
    0xe99fb6, 0xe5b091, 0xe593a8, 0xe982b5, 0xe7bb8d, 0xe5a5a2, 0xe8b58a, 0xe89b87, 0xe8888c,
    0xe8888d, 0xe8b5a6, 0xe69184, 0xe5b084, 0xe68591, 0xe6b689, 0xe7a4be, 0xe8aebe, 0xe7a0b7,
    0xe794b3, 0xe591bb, 0xe4bcb8, 0xe8baab, 0xe6b7b1, 0xe5a8a0, 0xe7bb85, 0xe7a59e, 0xe6b288,
    0xe5aea1, 0xe5a9b6, 0xe7949a, 0xe882be, 0xe6858e, 0xe6b897, 0xe5a3b0, 0xe7949f, 0xe794a5,
    0xe789b2, 0xe58d87, 0xe7bbb3, 0xe79c81, 0xe79b9b, 0xe589a9, 0xe8839c, 0xe59ca3, 0xe5b888,
    0xe5a4b1, 0xe78bae, 0xe696bd, 0xe6b9bf, 0xe8af97, 0xe5b0b8, 0xe899b1, 0xe58d81, 0xe79fb3,
    0xe68bbe, 0xe697b6, 0xe4bb80, 0xe9a39f, 0xe89a80, 0xe5ae9e, 0xe8af86, 0xe58fb2, 0xe79fa2,
    0xe4bdbf, 0xe5b18e, 0xe9a9b6, 0xe5a78b, 0xe5bc8f, 0xe7a4ba, 0xe5a3ab, 0xe4b896, 0xe69fbf,
    0xe4ba8b, 0xe68bad, 0xe8aa93, 0xe9809d, 0xe58abf, 0xe698af, 0xe5979c, 0xe599ac, 0xe98082,
    0xe4bb95, 0xe4be8d, 0xe9878a, 0xe9a5b0, 0xe6b08f, 0xe5b882, 0xe68183, 0xe5aea4, 0xe8a786,
    0xe8af95, 0xe694b6, 0xe6898b, 0xe9a696, 0xe5ae88, 0xe5afbf, 0xe68e88, 0xe594ae, 0xe58f97,
    0xe798a6, 0xe585bd, 0xe894ac, 0xe69ea2, 0xe6a2b3, 0xe6ae8a, 0xe68a92, 0xe8be93, 0xe58f94,
    0xe88892, 0xe6b791, 0xe7968f, 0xe4b9a6, 0xe8b58e, 0xe5adb0, 0xe7869f, 0xe896af, 0xe69a91,
    0xe69b99, 0xe7bdb2, 0xe89c80, 0xe9bb8d, 0xe9bca0, 0xe5b19e, 0xe69caf, 0xe8bfb0, 0xe6a091,
    0xe69d9f, 0xe6888d, 0xe7ab96, 0xe5a285, 0xe5bab6, 0xe695b0, 0xe6bcb1, 0xe68195, 0xe588b7,
    0xe8808d, 0xe69194, 0xe8a1b0, 0xe794a9, 0xe5b885, 0xe6a093, 0xe68bb4, 0xe99c9c, 0xe58f8c,
    0xe788bd, 0xe8b081, 0xe6b0b4, 0xe79da1, 0xe7a88e, 0xe590ae, 0xe79eac, 0xe9a1ba, 0xe8889c,
    0xe8afb4, 0xe7a195, 0xe69c94, 0xe78381, 0xe696af, 0xe69295, 0xe598b6, 0xe6809d, 0xe7a781,
    0xe58fb8, 0xe4b89d, 0xe6adbb, 0xe88286, 0xe5afba, 0xe597a3, 0xe59b9b, 0xe4bcba, 0xe4bcbc,
    0xe9a5b2, 0xe5b7b3, 0xe69dbe, 0xe880b8, 0xe68082, 0xe9a282, 0xe98081, 0xe5ae8b, 0xe8aebc,
    0xe8afb5, 0xe6909c, 0xe88998, 0xe6939e, 0xe597bd, 0xe88b8f, 0xe985a5, 0xe4bf97, 0xe7b4a0,
    0xe9809f, 0xe7b29f, 0xe583b3, 0xe5a191, 0xe6baaf, 0xe5aebf, 0xe8af89, 0xe88283, 0xe985b8,
    0xe8929c, 0xe7ae97, 0xe899bd, 0xe99a8b, 0xe99a8f, 0xe7bba5, 0xe9ab93, 0xe7a28e, 0xe5b281,
    0xe7a997, 0xe98182, 0xe99aa7, 0xe7a59f, 0xe5ad99, 0xe68d9f, 0xe7ac8b, 0xe89391, 0xe6a2ad,
    0xe59486, 0xe7bca9, 0xe79090, 0xe7b4a2, 0xe99481, 0xe68980, 0xe5a18c, 0xe4bb96, 0xe5ae83,
    0xe5a5b9, 0xe5a194, 0xe78dad, 0xe68c9e, 0xe8b98b, 0xe8b88f, 0xe8838e, 0xe88b94, 0xe68aac,
    0xe58fb0, 0xe6b3b0, 0xe9859e, 0xe5a4aa, 0xe68081, 0xe6b1b0, 0xe59d8d, 0xe6918a, 0xe8b4aa,
    0xe798ab, 0xe6bba9, 0xe59d9b, 0xe6aa80, 0xe797b0, 0xe6bdad, 0xe8b0ad, 0xe8b088, 0xe59da6,
    0xe6afaf, 0xe8a292, 0xe7a2b3, 0xe68ea2, 0xe58fb9, 0xe782ad, 0xe6b1a4, 0xe5a198, 0xe690aa,
    0xe5a082, 0xe6a3a0, 0xe8869b, 0xe59490, 0xe7b396, 0xe58098, 0xe8baba, 0xe6b78c, 0xe8b69f,
    0xe783ab, 0xe68e8f, 0xe6b69b, 0xe6bb94, 0xe7bba6, 0xe89084, 0xe6a183, 0xe98083, 0xe6b798,
    0xe999b6, 0xe8aea8, 0xe5a597, 0xe789b9, 0xe897a4, 0xe885be, 0xe796bc, 0xe8aa8a, 0xe6a2af,
    0xe58994, 0xe8b8a2, 0xe99491, 0xe68f90, 0xe9a298, 0xe8b984, 0xe595bc, 0xe4bd93, 0xe69bbf,
    0xe59a8f, 0xe68395, 0xe6b695, 0xe58983, 0xe5b189, 0xe5a4a9, 0xe6b7bb, 0xe5a1ab, 0xe794b0,
    0xe7949c, 0xe681ac, 0xe88894, 0xe88586, 0xe68c91, 0xe69da1, 0xe8bfa2, 0xe79cba, 0xe8b7b3,
    0xe8b4b4, 0xe99381, 0xe5b896, 0xe58e85, 0xe590ac, 0xe78383, 0xe6b180, 0xe5bbb7, 0xe5819c,
    0xe4baad, 0xe5baad, 0xe68cba, 0xe88987, 0xe9809a, 0xe6a190, 0xe985ae, 0xe79eb3, 0xe5908c,
    0xe9939c, 0xe5bda4, 0xe7aba5, 0xe6a1b6, 0xe68d85, 0xe7ad92, 0xe7bb9f, 0xe7979b, 0xe581b7,
    0xe68a95, 0xe5a4b4, 0xe9808f, 0xe587b8, 0xe7a783, 0xe7aa81, 0xe59bbe, 0xe5be92, 0xe98094,
    0xe6b682, 0xe5b1a0, 0xe59c9f, 0xe59090, 0xe58594, 0xe6b98d, 0xe59ba2, 0xe68ea8, 0xe9a293,
    0xe885bf, 0xe89c95, 0xe8a4aa, 0xe98080, 0xe5909e, 0xe5b1af, 0xe88780, 0xe68b96, 0xe68998,
    0xe884b1, 0xe9b8b5, 0xe99980, 0xe9a9ae, 0xe9a9bc, 0xe6a4ad, 0xe5a6a5, 0xe68b93, 0xe594be,
    0xe68c96, 0xe59387, 0xe89b99, 0xe6b4bc, 0xe5a883, 0xe793a6, 0xe8a29c, 0xe6adaa, 0xe5a496,
    0xe8b18c, 0xe5bcaf, 0xe6b9be, 0xe78ea9, 0xe9a1bd, 0xe4b8b8, 0xe783b7, 0xe5ae8c, 0xe7a297,
    0xe68cbd, 0xe6999a, 0xe79a96, 0xe6838b, 0xe5ae9b, 0xe5a989, 0xe4b887, 0xe88595, 0xe6b1aa,
    0xe78e8b, 0xe4baa1, 0xe69e89, 0xe7bd91, 0xe5be80, 0xe697ba, 0xe69c9b, 0xe5bf98, 0xe5a684,
    0xe5a881, 0xe5b78d, 0xe5beae, 0xe58db1, 0xe99fa6, 0xe8bf9d, 0xe6a185, 0xe59bb4, 0xe594af,
    0xe6839f, 0xe4b8ba, 0xe6bd8d, 0xe7bbb4, 0xe88b87, 0xe8908e, 0xe5a794, 0xe4bc9f, 0xe4bcaa,
    0xe5b0be, 0xe7baac, 0xe69caa, 0xe8949a, 0xe591b3, 0xe7958f, 0xe88383, 0xe59682, 0xe9ad8f,
    0xe4bd8d, 0xe6b8ad, 0xe8b093, 0xe5b089, 0xe685b0, 0xe58dab, 0xe7989f, 0xe6b8a9, 0xe89a8a,
    0xe69687, 0xe997bb, 0xe7bab9, 0xe590bb, 0xe7a8b3, 0xe7b48a, 0xe997ae, 0xe597a1, 0xe7bf81,
    0xe793ae, 0xe68c9d, 0xe89c97, 0xe6b6a1, 0xe7aa9d, 0xe68891, 0xe696a1, 0xe58da7, 0xe68fa1,
    0xe6b283, 0xe5b7ab, 0xe5919c, 0xe992a8, 0xe4b98c, 0xe6b1a1, 0xe8afac, 0xe5b18b, 0xe697a0,
    0xe88a9c, 0xe6a2a7, 0xe590be, 0xe590b4, 0xe6af8b, 0xe6ada6, 0xe4ba94, 0xe68d82, 0xe58d88,
    0xe8889e, 0xe4bc8d, 0xe4beae, 0xe59d9e, 0xe6888a, 0xe99bbe, 0xe699a4, 0xe789a9, 0xe58bbf,
    0xe58aa1, 0xe6829f, 0xe8afaf, 0xe69894, 0xe78699, 0xe69e90, 0xe8a5bf, 0xe7a192, 0xe79fbd,
    0xe699b0, 0xe598bb, 0xe590b8, 0xe994a1, 0xe789ba, 0xe7a880, 0xe681af, 0xe5b88c, 0xe68289,
    0xe8869d, 0xe5a495, 0xe6839c, 0xe78684, 0xe783af, 0xe6baaa, 0xe6b190, 0xe78a80, 0xe6aa84,
    0xe8a2ad, 0xe5b8ad, 0xe4b9a0, 0xe5aab3, 0xe5969c, 0xe993a3, 0xe6b497, 0xe7b3bb, 0xe99a99,
    0xe6888f, 0xe7bb86, 0xe79e8e, 0xe899be, 0xe58ca3, 0xe99c9e, 0xe8be96, 0xe69a87, 0xe5b3a1,
    0xe4bea0, 0xe78bad, 0xe4b88b, 0xe58ea6, 0xe5a48f, 0xe59093, 0xe68e80, 0xe994a8, 0xe58588,
    0xe4bb99, 0xe9b29c, 0xe7baa4, 0xe592b8, 0xe8b4a4, 0xe8a194, 0xe888b7, 0xe997b2, 0xe6b68e,
    0xe5bca6, 0xe5ab8c, 0xe698be, 0xe999a9, 0xe78eb0, 0xe78cae, 0xe58ebf, 0xe885ba, 0xe9a685,
    0xe7bea1, 0xe5aeaa, 0xe999b7, 0xe99990, 0xe7babf, 0xe79bb8, 0xe58ea2, 0xe995b6, 0xe9a699,
    0xe7aeb1, 0xe8a584, 0xe6b998, 0xe4b9a1, 0xe7bf94, 0xe7a5a5, 0xe8afa6, 0xe683b3, 0xe5938d,
    0xe4baab, 0xe9a1b9, 0xe5b7b7, 0xe6a9a1, 0xe5838f, 0xe59091, 0xe8b1a1, 0xe890a7, 0xe7a19d,
    0xe99c84, 0xe5898a, 0xe593ae, 0xe59aa3, 0xe99480, 0xe6b688, 0xe5aeb5, 0xe6b786, 0xe69993,
    0xe5b08f, 0xe5ad9d, 0xe6a0a1, 0xe88296, 0xe595b8, 0xe7ac91, 0xe69588, 0xe6a594, 0xe4ba9b,
    0xe6ad87, 0xe89d8e, 0xe99e8b, 0xe58d8f, 0xe68c9f, 0xe690ba, 0xe982aa, 0xe6969c, 0xe88381,
    0xe8b090, 0xe58699, 0xe6a2b0, 0xe58db8, 0xe89fb9, 0xe68788, 0xe6b384, 0xe6b3bb, 0xe8b0a2,
    0xe5b191, 0xe896aa, 0xe88aaf, 0xe9948c, 0xe6aca3, 0xe8be9b, 0xe696b0, 0xe5bfbb, 0xe5bf83,
    0xe4bfa1, 0xe8a185, 0xe6989f, 0xe885a5, 0xe78ca9, 0xe683ba, 0xe585b4, 0xe58891, 0xe59e8b,
    0xe5bda2, 0xe982a2, 0xe8a18c, 0xe98692, 0xe5b9b8, 0xe69d8f, 0xe680a7, 0xe5a793, 0xe58584,
    0xe587b6, 0xe883b8, 0xe58c88, 0xe6b1b9, 0xe99b84, 0xe7868a, 0xe4bc91, 0xe4bfae, 0xe7be9e,
    0xe69cbd, 0xe59785, 0xe99488, 0xe7a780, 0xe8a296, 0xe7bba3, 0xe5a29f, 0xe6888c, 0xe99c80,
    0xe8999a, 0xe59898, 0xe9a1bb, 0xe5be90, 0xe8aeb8, 0xe89384, 0xe98597, 0xe58f99, 0xe697ad,
    0xe5ba8f, 0xe7959c, 0xe681a4, 0xe7b5ae, 0xe5a9bf, 0xe7bbaa, 0xe7bbad, 0xe8bda9, 0xe596a7,
    0xe5aea3, 0xe682ac, 0xe6978b, 0xe78e84, 0xe98089, 0xe799a3, 0xe79ca9, 0xe7bb9a, 0xe99db4,
    0xe8969b, 0xe5ada6, 0xe7a9b4, 0xe99baa, 0xe8a180, 0xe58b8b, 0xe7868f, 0xe5beaa, 0xe697ac,
    0xe8afa2, 0xe5afbb, 0xe9a9af, 0xe5b7a1, 0xe6ae89, 0xe6b19b, 0xe8aead, 0xe8aeaf, 0xe9808a,
    0xe8bf85, 0xe58e8b, 0xe68abc, 0xe9b8a6, 0xe9b8ad, 0xe59180, 0xe4b8ab, 0xe88abd, 0xe78999,
    0xe89a9c, 0xe5b496, 0xe8a199, 0xe6b6af, 0xe99b85, 0xe59391, 0xe4ba9a, 0xe8aeb6, 0xe78489,
    0xe592bd, 0xe99889, 0xe7839f, 0xe6b7b9, 0xe79b90, 0xe4b8a5, 0xe7a094, 0xe89c92, 0xe5b2a9,
    0xe5bbb6, 0xe8a880, 0xe9a29c, 0xe9988e, 0xe7828e, 0xe6b2bf, 0xe5a584, 0xe68ea9, 0xe79cbc,
    0xe8a18d, 0xe6bc94, 0xe889b3, 0xe5a0b0, 0xe78795, 0xe58e8c, 0xe7a09a, 0xe99b81, 0xe59481,
    0xe5bda6, 0xe784b0, 0xe5aeb4, 0xe8b09a, 0xe9aa8c, 0xe6ae83, 0xe5a4ae, 0xe9b8af, 0xe7a7a7,
    0xe69da8, 0xe689ac, 0xe4bdaf, 0xe796a1, 0xe7be8a, 0xe6b48b, 0xe998b3, 0xe6b0a7, 0xe4bbb0,
    0xe79792, 0xe585bb, 0xe6a0b7, 0xe6bcbe, 0xe98280, 0xe885b0, 0xe5a696, 0xe791b6, 0xe69187,
    0xe5b0a7, 0xe981a5, 0xe7aa91, 0xe8b0a3, 0xe5a79a, 0xe592ac, 0xe88880, 0xe88daf, 0xe8a681,
    0xe88080, 0xe6a4b0, 0xe5998e, 0xe880b6, 0xe788b7, 0xe9878e, 0xe586b6, 0xe4b99f, 0xe9a1b5,
    0xe68e96, 0xe4b89a, 0xe58fb6, 0xe69bb3, 0xe8858b, 0xe5a49c, 0xe6b6b2, 0xe4b880, 0xe5a3b9,
    0xe58cbb, 0xe68f96, 0xe993b1, 0xe4be9d, 0xe4bc8a, 0xe8a1a3, 0xe9a290, 0xe5a4b7, 0xe98197,
    0xe7a7bb, 0xe4bbaa, 0xe883b0, 0xe79691, 0xe6b282, 0xe5ae9c, 0xe5a7a8, 0xe5bd9d, 0xe6a485,
    0xe89a81, 0xe5809a, 0xe5b7b2, 0xe4b999, 0xe79fa3, 0xe4bba5, 0xe889ba, 0xe68a91, 0xe69893,
    0xe98291, 0xe5b1b9, 0xe4babf, 0xe5bdb9, 0xe88786, 0xe980b8, 0xe88284, 0xe796ab, 0xe4baa6,
    0xe8a394, 0xe6848f, 0xe6af85, 0xe5bf86, 0xe4b989, 0xe79b8a, 0xe6baa2, 0xe8afa3, 0xe8aeae,
    0xe8b08a, 0xe8af91, 0xe5bc82, 0xe7bfbc, 0xe7bf8c, 0xe7bb8e, 0xe88cb5, 0xe88dab, 0xe59ba0,
    0xe6aeb7, 0xe99fb3, 0xe998b4, 0xe5a7bb, 0xe5909f, 0xe993b6, 0xe6b7ab, 0xe5af85, 0xe9a5ae,
    0xe5b0b9, 0xe5bc95, 0xe99a90, 0xe58db0, 0xe88bb1, 0xe6a8b1, 0xe5a9b4, 0xe9b9b0, 0xe5ba94,
    0xe7bca8, 0xe88eb9, 0xe890a4, 0xe890a5, 0xe88da7, 0xe89d87, 0xe8bf8e, 0xe8b5a2, 0xe79b88,
    0xe5bdb1, 0xe9a296, 0xe7a1ac, 0xe698a0, 0xe5939f, 0xe68ba5, 0xe4bda3, 0xe88783, 0xe79788,
    0xe5bab8, 0xe99b8d, 0xe8b88a, 0xe89bb9, 0xe5928f, 0xe6b3b3, 0xe6b68c, 0xe6b0b8, 0xe681bf,
    0xe58b87, 0xe794a8, 0xe5b9bd, 0xe4bc98, 0xe682a0, 0xe5bfa7, 0xe5b0a4, 0xe794b1, 0xe982ae,
    0xe99380, 0xe78ab9, 0xe6b2b9, 0xe6b8b8, 0xe98589, 0xe69c89, 0xe58f8b, 0xe58fb3, 0xe4bd91,
    0xe98789, 0xe8afb1, 0xe58f88, 0xe5b9bc, 0xe8bf82, 0xe6b7a4, 0xe4ba8e, 0xe79b82, 0xe6a686,
    0xe8999e, 0xe6849a, 0xe88886, 0xe4bd99, 0xe4bf9e, 0xe980be, 0xe9b1bc, 0xe68489, 0xe6b89d,
    0xe6b894, 0xe99a85, 0xe4ba88, 0xe5a8b1, 0xe99ba8, 0xe4b88e, 0xe5b1bf, 0xe7a6b9, 0xe5ae87,
    0xe8afad, 0xe7bebd, 0xe78e89, 0xe59f9f, 0xe88a8b, 0xe98381, 0xe59081, 0xe98187, 0xe596bb,
    0xe5b3aa, 0xe5bea1, 0xe68488, 0xe6acb2, 0xe78bb1, 0xe882b2, 0xe8aa89, 0xe6b5b4, 0xe5af93,
    0xe8a395, 0xe9a284, 0xe8b1ab, 0xe9a9ad, 0xe9b8b3, 0xe6b88a, 0xe586a4, 0xe58583, 0xe59ea3,
    0xe8a281, 0xe58e9f, 0xe68fb4, 0xe8be95, 0xe59bad, 0xe59198, 0xe59c86, 0xe78cbf, 0xe6ba90,
    0xe7bc98, 0xe8bf9c, 0xe88b91, 0xe684bf, 0xe680a8, 0xe999a2, 0xe69bb0, 0xe7baa6, 0xe8b68a,
    0xe8b783, 0xe992a5, 0xe5b2b3, 0xe7b2a4, 0xe69c88, 0xe682a6, 0xe99885, 0xe88098, 0xe4ba91,
    0xe983a7, 0xe58c80, 0xe999a8, 0xe58581, 0xe8bf90, 0xe895b4, 0xe9859d, 0xe69995, 0xe99fb5,
    0xe5ad95, 0xe58c9d, 0xe7a0b8, 0xe69d82, 0xe6a0bd, 0xe59389, 0xe781be, 0xe5aeb0, 0xe8bdbd,
    0xe5868d, 0xe59ca8, 0xe592b1, 0xe69492, 0xe69a82, 0xe8b59e, 0xe8b583, 0xe8848f, 0xe891ac,
    0xe981ad, 0xe7b39f, 0xe587bf, 0xe897bb, 0xe69ea3, 0xe697a9, 0xe6bea1, 0xe89aa4, 0xe8ba81,
    0xe599aa, 0xe980a0, 0xe79a82, 0xe781b6, 0xe787a5, 0xe8b4a3, 0xe68ba9, 0xe58899, 0xe6b3bd,
    0xe8b4bc, 0xe6808e, 0xe5a29e, 0xe6868e, 0xe69bbe, 0xe8b5a0, 0xe6898e, 0xe596b3, 0xe6b8a3,
    0xe69cad, 0xe8bda7, 0xe993a1, 0xe997b8, 0xe79ca8, 0xe6a085, 0xe6a6a8, 0xe5928b, 0xe4b98d,
    0xe782b8, 0xe8af88, 0xe69198, 0xe6968b, 0xe5ae85, 0xe7aa84, 0xe580ba, 0xe5afa8, 0xe79ebb,
    0xe6afa1, 0xe8a9b9, 0xe7b298, 0xe6b2be, 0xe79b8f, 0xe696a9, 0xe8be97, 0xe5b4ad, 0xe5b195,
    0xe898b8, 0xe6a088, 0xe58da0, 0xe68898, 0xe7ab99, 0xe6b99b, 0xe7bbbd, 0xe6a89f, 0xe7aba0,
    0xe5bdb0, 0xe6bcb3, 0xe5bca0, 0xe68e8c, 0xe6b6a8, 0xe69d96, 0xe4b888, 0xe5b890, 0xe8b4a6,
    0xe4bb97, 0xe88380, 0xe798b4, 0xe99a9c, 0xe68b9b, 0xe698ad, 0xe689be, 0xe6b2bc, 0xe8b5b5,
    0xe785a7, 0xe7bda9, 0xe58586, 0xe88287, 0xe58fac, 0xe981ae, 0xe68a98, 0xe593b2, 0xe89bb0,
    0xe8be99, 0xe88085, 0xe99497, 0xe89497, 0xe8bf99, 0xe6b599, 0xe78f8d, 0xe6969f, 0xe79c9f,
    0xe79484, 0xe7a0a7, 0xe887bb, 0xe8b49e, 0xe99288, 0xe4bea6, 0xe69e95, 0xe796b9, 0xe8af8a,
    0xe99c87, 0xe68caf, 0xe99587, 0xe998b5, 0xe892b8, 0xe68ca3, 0xe79d81, 0xe5be81, 0xe78bb0,
    0xe4ba89, 0xe68094, 0xe695b4, 0xe68baf, 0xe6ada3, 0xe694bf, 0xe5b8a7, 0xe79787, 0xe98391,
    0xe8af81, 0xe88a9d, 0xe69e9d, 0xe694af, 0xe590b1, 0xe89c98, 0xe79fa5, 0xe882a2, 0xe88482,
    0xe6b181, 0xe4b98b, 0xe7bb87, 0xe8818c, 0xe79bb4, 0xe6a48d, 0xe6ae96, 0xe689a7, 0xe580bc,
    0xe4be84, 0xe59d80, 0xe68c87, 0xe6ada2, 0xe8b6be, 0xe58faa, 0xe697a8, 0xe7bab8, 0xe5bf97,
    0xe68c9a, 0xe68eb7, 0xe887b3, 0xe887b4, 0xe7bdae, 0xe5b89c, 0xe5b399, 0xe588b6, 0xe699ba,
    0xe7a7a9, 0xe7a89a, 0xe8b4a8, 0xe78299, 0xe79794, 0xe6bb9e, 0xe6b2bb, 0xe7aa92, 0xe4b8ad,
    0xe79b85, 0xe5bfa0, 0xe9929f, 0xe8a1b7, 0xe7bb88, 0xe7a78d, 0xe882bf, 0xe9878d, 0xe4bbb2,
    0xe4bc97, 0xe8889f, 0xe591a8, 0xe5b79e, 0xe6b4b2, 0xe8af8c, 0xe7b2a5, 0xe8bdb4, 0xe88298,
    0xe5b89a, 0xe59292, 0xe79ab1, 0xe5ae99, 0xe698bc, 0xe9aaa4, 0xe78fa0, 0xe6a0aa, 0xe89b9b,
    0xe69cb1, 0xe78caa, 0xe8afb8, 0xe8af9b, 0xe98090, 0xe7abb9, 0xe7839b, 0xe785ae, 0xe68b84,
    0xe79ea9, 0xe598b1, 0xe4b8bb, 0xe89197, 0xe69fb1, 0xe58aa9, 0xe89b80, 0xe8b4ae, 0xe993b8,
    0xe7ad91, 0xe4bd8f, 0xe6b3a8, 0xe7a59d, 0xe9a9bb, 0xe68a93, 0xe788aa, 0xe68bbd, 0xe4b893,
    0xe7a096, 0xe8bdac, 0xe692b0, 0xe8b59a, 0xe7af86, 0xe6a1a9, 0xe5ba84, 0xe8a385, 0xe5a686,
    0xe6929e, 0xe5a3ae, 0xe78ab6, 0xe6a48e, 0xe994a5, 0xe8bfbd, 0xe8b598, 0xe59da0, 0xe7bc80,
    0xe8b086, 0xe58786, 0xe68d89, 0xe68b99, 0xe58d93, 0xe6a18c, 0xe790a2, 0xe88c81, 0xe9858c,
    0xe59584, 0xe79d80, 0xe781bc, 0xe6b58a, 0xe585b9, 0xe592a8, 0xe8b584, 0xe5a7bf, 0xe6bb8b,
    0xe6b784, 0xe5ad9c, 0xe7b4ab, 0xe4bb94, 0xe7b1bd, 0xe6bb93, 0xe5ad90, 0xe887aa, 0xe6b88d,
    0xe5ad97, 0xe9ac83, 0xe6a395, 0xe8b8aa, 0xe5ae97, 0xe7bbbc, 0xe680bb, 0xe7bab5, 0xe982b9,
    0xe8b5b0, 0xe5a58f, 0xe68f8d, 0xe7a79f, 0xe8b6b3, 0xe58d92, 0xe6978f, 0xe7a596, 0xe8af85,
    0xe998bb, 0xe7bb84, 0xe992bb, 0xe7ba82, 0xe598b4, 0xe98689, 0xe69c80, 0xe7bdaa, 0xe5b08a,
    0xe981b5, 0xe698a8, 0xe5b7a6, 0xe4bd90, 0xe69f9e, 0xe5819a, 0xe4bd9c, 0xe59d90, 0xe5baa7,
    0x000000, 0x000000, 0x000000, 0x000000, 0x000000, 0xe4ba8d, 0xe4b88c, 0xe58580, 0xe4b890,
    0xe5bbbf, 0xe58d85, 0xe4b895, 0xe4ba98, 0xe4b89e, 0xe9acb2, 0xe5adac, 0xe599a9, 0xe4b8a8,
    0xe7a6ba, 0xe4b8bf, 0xe58c95, 0xe4b987, 0xe5a4ad, 0xe788bb, 0xe58dae, 0xe6b090, 0xe59b9f,
    0xe883a4, 0xe9a697, 0xe6af93, 0xe79dbe, 0xe9bc97, 0xe4b8b6, 0xe4ba9f, 0xe9bc90, 0xe4b99c,
    0xe4b9a9, 0xe4ba93, 0xe88a88, 0xe5ad9b, 0xe595ac, 0xe5988f, 0xe4bb84, 0xe58e8d, 0xe58e9d,
    0xe58ea3, 0xe58ea5, 0xe58eae, 0xe99da5, 0xe8b59d, 0xe58c9a, 0xe58fb5, 0xe58ca6, 0xe58cae,
    0xe58cbe, 0xe8b59c, 0xe58da6, 0xe58da3, 0xe58882, 0xe58888, 0xe5888e, 0xe588ad, 0xe588b3,
    0xe588bf, 0xe58980, 0xe5898c, 0xe5899e, 0xe589a1, 0xe5899c, 0xe892af, 0xe589bd, 0xe58a82,
    0xe58a81, 0xe58a90, 0xe58a93, 0xe58682, 0xe7bd94, 0xe4babb, 0xe4bb83, 0xe4bb89, 0xe4bb82,
    0xe4bba8, 0xe4bba1, 0xe4bbab, 0xe4bb9e, 0xe4bc9b, 0xe4bbb3, 0xe4bca2, 0xe4bda4, 0xe4bbb5,
    0xe4bca5, 0xe4bca7, 0xe4bc89, 0xe4bcab, 0xe4bd9e, 0xe4bda7, 0xe694b8, 0xe4bd9a, 0xe4bd9d,
    0xe4bd9f, 0xe4bd97, 0xe4bcb2, 0xe4bcbd, 0xe4bdb6, 0xe4bdb4, 0xe4be91, 0xe4be89, 0xe4be83,
    0xe4be8f, 0xe4bdbe, 0xe4bdbb, 0xe4beaa, 0xe4bdbc, 0xe4beac, 0xe4be94, 0xe4bfa6, 0xe4bfa8,
    0xe4bfaa, 0xe4bf85, 0xe4bf9a, 0xe4bfa3, 0xe4bf9c, 0xe4bf91, 0xe4bf9f, 0xe4bfb8, 0xe580a9,
    0xe5818c, 0xe4bfb3, 0xe580ac, 0xe5808f, 0xe580ae, 0xe580ad, 0xe4bfbe, 0xe5809c, 0xe5808c,
    0xe580a5, 0xe580a8, 0xe581be, 0xe58183, 0xe58195, 0xe58188, 0xe5818e, 0xe581ac, 0xe581bb,
    0xe582a5, 0xe582a7, 0xe582a9, 0xe582ba, 0xe58396, 0xe58486, 0xe583ad, 0xe583ac, 0xe583a6,
    0xe583ae, 0xe58487, 0xe5848b, 0xe4bb9d, 0xe6b0bd, 0xe4bd98, 0xe4bda5, 0xe4bf8e, 0xe9bea0,
    0xe6b186, 0xe7b1b4, 0xe585ae, 0xe5b7bd, 0xe9bb89, 0xe9a698, 0xe58681, 0xe5a494, 0xe58bb9,
    0xe58c8d, 0xe8a887, 0xe58c90, 0xe587ab, 0xe5a499, 0xe58595, 0xe4baa0, 0xe58596, 0xe4bab3,
    0xe8a1ae, 0xe8a2a4, 0xe4bab5, 0xe88494, 0xe8a392, 0xe7a680, 0xe5acb4, 0xe8a083, 0xe7beb8,
    0xe586ab, 0xe586b1, 0xe586bd, 0xe586bc, 0xe58787, 0xe58696, 0xe586a2, 0xe586a5, 0xe8aea0,
    0xe8aea6, 0xe8aea7, 0xe8aeaa, 0xe8aeb4, 0xe8aeb5, 0xe8aeb7, 0xe8af82, 0xe8af83, 0xe8af8b,
    0xe8af8f, 0xe8af8e, 0xe8af92, 0xe8af93, 0xe8af94, 0xe8af96, 0xe8af98, 0xe8af99, 0xe8af9c,
    0xe8af9f, 0xe8afa0, 0xe8afa4, 0xe8afa8, 0xe8afa9, 0xe8afae, 0xe8afb0, 0xe8afb3, 0xe8afb6,
    0xe8afb9, 0xe8afbc, 0xe8afbf, 0xe8b080, 0xe8b082, 0xe8b084, 0xe8b087, 0xe8b08c, 0xe8b08f,
    0xe8b091, 0xe8b092, 0xe8b094, 0xe8b095, 0xe8b096, 0xe8b099, 0xe8b09b, 0xe8b098, 0xe8b09d,
    0xe8b09f, 0xe8b0a0, 0xe8b0a1, 0xe8b0a5, 0xe8b0a7, 0xe8b0aa, 0xe8b0ab, 0xe8b0ae, 0xe8b0af,
    0xe8b0b2, 0xe8b0b3, 0xe8b0b5, 0xe8b0b6, 0xe58da9, 0xe58dba, 0xe9989d, 0xe998a2, 0xe998a1,
    0xe998b1, 0xe998aa, 0xe998bd, 0xe998bc, 0xe99982, 0xe99989, 0xe99994, 0xe9999f, 0xe999a7,
    0xe999ac, 0xe999b2, 0xe999b4, 0xe99a88, 0xe99a8d, 0xe99a97, 0xe99ab0, 0xe98297, 0xe9829b,
    0xe9829d, 0xe98299, 0xe982ac, 0xe982a1, 0xe982b4, 0xe982b3, 0xe982b6, 0xe982ba, 0xe982b8,
    0xe982b0, 0xe9838f, 0xe98385, 0xe982be, 0xe98390, 0xe98384, 0xe98387, 0xe98393, 0xe983a6,
    0xe983a2, 0xe9839c, 0xe98397, 0xe9839b, 0xe983ab, 0xe983af, 0xe983be, 0xe98484, 0xe984a2,
    0xe9849e, 0xe984a3, 0xe984b1, 0xe984af, 0xe984b9, 0xe98583, 0xe98586, 0xe5888d, 0xe5a582,
    0xe58aa2, 0xe58aac, 0xe58aad, 0xe58abe, 0xe593bf, 0xe58b90, 0xe58b96, 0xe58bb0, 0xe58f9f,
    0xe787ae, 0xe79f8d, 0xe5bbb4, 0xe587b5, 0xe587bc, 0xe9acaf, 0xe58eb6, 0xe5bc81, 0xe7959a,
    0xe5b7af, 0xe59d8c, 0xe59ea9, 0xe59ea1, 0xe5a1be, 0xe5a2bc, 0xe5a385, 0xe5a391, 0xe59ca9,
    0xe59cac, 0xe59caa, 0xe59cb3, 0xe59cb9, 0xe59cae, 0xe59caf, 0xe59d9c, 0xe59cbb, 0xe59d82,
    0xe59da9, 0xe59e85, 0xe59dab, 0xe59e86, 0xe59dbc, 0xe59dbb, 0xe59da8, 0xe59dad, 0xe59db6,
    0xe59db3, 0xe59ead, 0xe59ea4, 0xe59e8c, 0xe59eb2, 0xe59f8f, 0xe59ea7, 0xe59eb4, 0xe59e93,
    0xe59ea0, 0xe59f95, 0xe59f98, 0xe59f9a, 0xe59f99, 0xe59f92, 0xe59eb8, 0xe59fb4, 0xe59faf,
    0xe59fb8, 0xe59fa4, 0xe59f9d, 0xe5a08b, 0xe5a08d, 0xe59fbd, 0xe59fad, 0xe5a080, 0xe5a09e,
    0xe5a099, 0xe5a184, 0xe5a0a0, 0xe5a1a5, 0xe5a1ac, 0xe5a281, 0xe5a289, 0xe5a29a, 0xe5a280,
    0xe9a6a8, 0xe9bc99, 0xe687bf, 0xe889b9, 0xe889bd, 0xe889bf, 0xe88a8f, 0xe88a8a, 0xe88aa8,
    0xe88a84, 0xe88a8e, 0xe88a91, 0xe88a97, 0xe88a99, 0xe88aab, 0xe88ab8, 0xe88abe, 0xe88ab0,
    0xe88b88, 0xe88b8a, 0xe88ba3, 0xe88a98, 0xe88ab7, 0xe88aae, 0xe88b8b, 0xe88b8c, 0xe88b81,
    0xe88aa9, 0xe88ab4, 0xe88aa1, 0xe88aaa, 0xe88a9f, 0xe88b84, 0xe88b8e, 0xe88aa4, 0xe88ba1,
    0xe88c89, 0xe88bb7, 0xe88ba4, 0xe88c8f, 0xe88c87, 0xe88b9c, 0xe88bb4, 0xe88b92, 0xe88b98,
    0xe88c8c, 0xe88bbb, 0xe88b93, 0xe88c91, 0xe88c9a, 0xe88c86, 0xe88c94, 0xe88c95, 0xe88ba0,
    0xe88b95, 0xe88c9c, 0xe88d91, 0xe88d9b, 0xe88d9c, 0xe88c88, 0xe88e92, 0xe88cbc, 0xe88cb4,
    0xe88cb1, 0xe88e9b, 0xe88d9e, 0xe88caf, 0xe88d8f, 0xe88d87, 0xe88d83, 0xe88d9f, 0xe88d80,
    0xe88c97, 0xe88da0, 0xe88cad, 0xe88cba, 0xe88cb3, 0xe88da6, 0xe88da5, 0xe88da8, 0xe88c9b,
    0xe88da9, 0xe88dac, 0xe88daa, 0xe88dad, 0xe88dae, 0xe88eb0, 0xe88db8, 0xe88eb3, 0xe88eb4,
    0xe88ea0, 0xe88eaa, 0xe88e93, 0xe88e9c, 0xe88e85, 0xe88dbc, 0xe88eb6, 0xe88ea9, 0xe88dbd,
    0xe88eb8, 0xe88dbb, 0xe88e98, 0xe88e9e, 0xe88ea8, 0xe88eba, 0xe88ebc, 0xe88f81, 0xe89081,
    0xe88fa5, 0xe88f98, 0xe5a087, 0xe89098, 0xe8908b, 0xe88f9d, 0xe88fbd, 0xe88f96, 0xe8909c,
    0xe890b8, 0xe89091, 0xe89086, 0xe88f94, 0xe88f9f, 0xe8908f, 0xe89083, 0xe88fb8, 0xe88fb9,
    0xe88faa, 0xe88f85, 0xe88f80, 0xe890a6, 0xe88fb0, 0xe88fa1, 0xe8919c, 0xe89191, 0xe8919a,
    0xe89199, 0xe891b3, 0xe89287, 0xe89288, 0xe891ba, 0xe89289, 0xe891b8, 0xe890bc, 0xe89186,
    0xe891a9, 0xe891b6, 0xe8928c, 0xe8928e, 0xe890b1, 0xe891ad, 0xe89381, 0xe8938d, 0xe89390,
    0xe893a6, 0xe892bd, 0xe89393, 0xe8938a, 0xe892bf, 0xe892ba, 0xe893a0, 0xe892a1, 0xe892b9,
    0xe892b4, 0xe89297, 0xe893a5, 0xe893a3, 0xe8948c, 0xe7948d, 0xe894b8, 0xe893b0, 0xe894b9,
    0xe8949f, 0xe894ba, 0xe89596, 0xe894bb, 0xe893bf, 0xe893bc, 0xe89599, 0xe89588, 0xe895a8,
    0xe895a4, 0xe8959e, 0xe895ba, 0xe79ea2, 0xe89583, 0xe895b2, 0xe895bb, 0xe896a4, 0xe896a8,
    0xe89687, 0xe8968f, 0xe895b9, 0xe896ae, 0xe8969c, 0xe89685, 0xe896b9, 0xe896b7, 0xe896b0,
    0xe89793, 0xe89781, 0xe8979c, 0xe897bf, 0xe898a7, 0xe89885, 0xe898a9, 0xe89896, 0xe898bc,
    0xe5bbbe, 0xe5bc88, 0xe5a4bc, 0xe5a581, 0xe880b7, 0xe5a595, 0xe5a59a, 0xe5a598, 0xe58c8f,
    0xe5b0a2, 0xe5b0a5, 0xe5b0ac, 0xe5b0b4, 0xe6898c, 0xe689aa, 0xe68a9f, 0xe68abb, 0xe68b8a,
    0xe68b9a, 0xe68b97, 0xe68bae, 0xe68ca2, 0xe68bb6, 0xe68cb9, 0xe68d8b, 0xe68d83, 0xe68ead,
    0xe68fb6, 0xe68db1, 0xe68dba, 0xe68e8e, 0xe68eb4, 0xe68dad, 0xe68eac, 0xe68e8a, 0xe68da9,
    0xe68eae, 0xe68ebc, 0xe68fb2, 0xe68fb8, 0xe68fa0, 0xe68fbf, 0xe68f84, 0xe68f9e, 0xe68f8e,
    0xe69192, 0xe68f86, 0xe68ebe, 0xe69185, 0xe69181, 0xe6908b, 0xe6909b, 0xe690a0, 0xe6908c,
    0xe690a6, 0xe690a1, 0xe6919e, 0xe69284, 0xe691ad, 0xe69296, 0xe691ba, 0xe692b7, 0xe692b8,
    0xe69299, 0xe692ba, 0xe69380, 0xe69390, 0xe69397, 0xe693a4, 0xe693a2, 0xe69489, 0xe694a5,
    0xe694ae, 0xe5bc8b, 0xe5bf92, 0xe79499, 0xe5bc91, 0xe58d9f, 0xe58fb1, 0xe58fbd, 0xe58fa9,
    0xe58fa8, 0xe58fbb, 0xe59092, 0xe59096, 0xe59086, 0xe5918b, 0xe59192, 0xe59193, 0xe59194,
    0xe59196, 0xe59183, 0xe590a1, 0xe59197, 0xe59199, 0xe590a3, 0xe590b2, 0xe59282, 0xe59294,
    0xe591b7, 0xe591b1, 0xe591a4, 0xe5929a, 0xe5929b, 0xe59284, 0xe591b6, 0xe591a6, 0xe5929d,
    0xe59390, 0xe592ad, 0xe59382, 0xe592b4, 0xe59392, 0xe592a7, 0xe592a6, 0xe59393, 0xe59394,
    0xe591b2, 0xe592a3, 0xe59395, 0xe592bb, 0xe592bf, 0xe5938c, 0xe59399, 0xe5939a, 0xe5939c,
    0xe592a9, 0xe592aa, 0xe592a4, 0xe5939d, 0xe5938f, 0xe5939e, 0xe5949b, 0xe593a7, 0xe594a0,
    0xe593bd, 0xe59494, 0xe593b3, 0xe594a2, 0xe594a3, 0xe5948f, 0xe59491, 0xe594a7, 0xe594aa,
    0xe595a7, 0xe5968f, 0xe596b5, 0xe59589, 0xe595ad, 0xe59581, 0xe59595, 0xe594bf, 0xe59590,
    0xe594bc, 0xe594b7, 0xe59596, 0xe595b5, 0xe595b6, 0xe595b7, 0xe594b3, 0xe594b0, 0xe5959c,
    0xe5968b, 0xe59792, 0xe59683, 0xe596b1, 0xe596b9, 0xe59688, 0xe59681, 0xe5969f, 0xe595be,
    0xe59796, 0xe59691, 0xe595bb, 0xe5979f, 0xe596bd, 0xe596be, 0xe59694, 0xe59699, 0xe597aa,
    0xe597b7, 0xe59789, 0xe5989f, 0xe59791, 0xe597ab, 0xe597ac, 0xe59794, 0xe597a6, 0xe5979d,
    0xe59784, 0xe597af, 0xe597a5, 0xe597b2, 0xe597b3, 0xe5978c, 0xe5978d, 0xe597a8, 0xe597b5,
    0xe597a4, 0xe8be94, 0xe5989e, 0xe59888, 0xe5988c, 0xe59881, 0xe598a4, 0xe598a3, 0xe597be,
    0xe59880, 0xe598a7, 0xe598ad, 0xe59998, 0xe598b9, 0xe59997, 0xe598ac, 0xe5998d, 0xe599a2,
    0xe59999, 0xe5999c, 0xe5998c, 0xe59994, 0xe59a86, 0xe599a4, 0xe599b1, 0xe599ab, 0xe599bb,
    0xe599bc, 0xe59a85, 0xe59a93, 0xe59aaf, 0xe59b94, 0xe59b97, 0xe59b9d, 0xe59ba1, 0xe59bb5,
    0xe59bab, 0xe59bb9, 0xe59bbf, 0xe59c84, 0xe59c8a, 0xe59c89, 0xe59c9c, 0xe5b88f, 0xe5b899,
    0xe5b894, 0xe5b891, 0xe5b8b1, 0xe5b8bb, 0xe5b8bc, 0xe5b8b7, 0xe5b984, 0xe5b994, 0xe5b99b,
    0xe5b99e, 0xe5b9a1, 0xe5b28c, 0xe5b1ba, 0xe5b28d, 0xe5b290, 0xe5b296, 0xe5b288, 0xe5b298,
    0xe5b299, 0xe5b291, 0xe5b29a, 0xe5b29c, 0xe5b2b5, 0xe5b2a2, 0xe5b2bd, 0xe5b2ac, 0xe5b2ab,
    0xe5b2b1, 0xe5b2a3, 0xe5b381, 0xe5b2b7, 0xe5b384, 0xe5b392, 0xe5b3a4, 0xe5b38b, 0xe5b3a5,
    0xe5b482, 0xe5b483, 0xe5b4a7, 0xe5b4a6, 0xe5b4ae, 0xe5b4a4, 0xe5b49e, 0xe5b486, 0xe5b49b,
    0xe5b598, 0xe5b4be, 0xe5b4b4, 0xe5b4bd, 0xe5b5ac, 0xe5b59b, 0xe5b5af, 0xe5b59d, 0xe5b5ab,
    0xe5b58b, 0xe5b58a, 0xe5b5a9, 0xe5b5b4, 0xe5b682, 0xe5b699, 0xe5b69d, 0xe8b1b3, 0xe5b6b7,
    0xe5b785, 0xe5bdb3, 0xe5bdb7, 0xe5be82, 0xe5be87, 0xe5be89, 0xe5be8c, 0xe5be95, 0xe5be99,
    0xe5be9c, 0xe5bea8, 0xe5bead, 0xe5beb5, 0xe5bebc, 0xe8a1a2, 0xe5bda1, 0xe78aad, 0xe78ab0,
    0xe78ab4, 0xe78ab7, 0xe78ab8, 0xe78b83, 0xe78b81, 0xe78b8e, 0xe78b8d, 0xe78b92, 0xe78ba8,
    0xe78baf, 0xe78ba9, 0xe78bb2, 0xe78bb4, 0xe78bb7, 0xe78c81, 0xe78bb3, 0xe78c83, 0xe78bba,
    0xe78bbb, 0xe78c97, 0xe78c93, 0xe78ca1, 0xe78c8a, 0xe78c9e, 0xe78c9d, 0xe78c95, 0xe78ca2,
    0xe78cb9, 0xe78ca5, 0xe78cac, 0xe78cb8, 0xe78cb1, 0xe78d90, 0xe78d8d, 0xe78d97, 0xe78da0,
    0xe78dac, 0xe78daf, 0xe78dbe, 0xe8889b, 0xe5a4a5, 0xe9a3a7, 0xe5a4a4, 0xe5a482, 0xe9a5a3,
    0xe9a5a7, 0xe9a5a8, 0xe9a5a9, 0xe9a5aa, 0xe9a5ab, 0xe9a5ac, 0xe9a5b4, 0xe9a5b7, 0xe9a5bd,
    0xe9a680, 0xe9a684, 0xe9a687, 0xe9a68a, 0xe9a68d, 0xe9a690, 0xe9a691, 0xe9a693, 0xe9a694,
    0xe9a695, 0xe5ba80, 0xe5ba91, 0xe5ba8b, 0xe5ba96, 0xe5baa5, 0xe5baa0, 0xe5bab9, 0xe5bab5,
    0xe5babe, 0xe5bab3, 0xe8b593, 0xe5bb92, 0xe5bb91, 0xe5bb9b, 0xe5bba8, 0xe5bbaa, 0xe886ba,
    0xe5bf84, 0xe5bf89, 0xe5bf96, 0xe5bf8f, 0xe68083, 0xe5bfae, 0xe68084, 0xe5bfa1, 0xe5bfa4,
    0xe5bfbe, 0xe68085, 0xe68086, 0xe5bfaa, 0xe5bfad, 0xe5bfb8, 0xe68099, 0xe680b5, 0xe680a6,
    0xe6809b, 0xe6808f, 0xe6808d, 0xe680a9, 0xe680ab, 0xe6808a, 0xe680bf, 0xe680a1, 0xe681b8,
    0xe681b9, 0xe681bb, 0xe681ba, 0xe68182, 0xe681aa, 0xe681bd, 0xe68296, 0xe6829a, 0xe682ad,
    0xe6829d, 0xe68283, 0xe68292, 0xe6828c, 0xe6829b, 0xe683ac, 0xe682bb, 0xe682b1, 0xe6839d,
    0xe68398, 0xe68386, 0xe6839a, 0xe682b4, 0xe684a0, 0xe684a6, 0xe68495, 0xe684a3, 0xe683b4,
    0xe68480, 0xe6848e, 0xe684ab, 0xe6858a, 0xe685b5, 0xe686ac, 0xe68694, 0xe686a7, 0xe686b7,
    0xe68794, 0xe687b5, 0xe5bf9d, 0xe99ab3, 0xe997a9, 0xe997ab, 0xe997b1, 0xe997b3, 0xe997b5,
    0xe997b6, 0xe997bc, 0xe997be, 0xe99883, 0xe99884, 0xe99886, 0xe99888, 0xe9988a, 0xe9988b,
    0xe9988c, 0xe9988d, 0xe9988f, 0xe99892, 0xe99895, 0xe99896, 0xe99897, 0xe99899, 0xe9989a,
    0xe4b8ac, 0xe788bf, 0xe68895, 0xe6b0b5, 0xe6b194, 0xe6b19c, 0xe6b18a, 0xe6b2a3, 0xe6b285,
    0xe6b290, 0xe6b294, 0xe6b28c, 0xe6b1a8, 0xe6b1a9, 0xe6b1b4, 0xe6b1b6, 0xe6b286, 0xe6b2a9,
    0xe6b390, 0xe6b394, 0xe6b2ad, 0xe6b3b7, 0xe6b3b8, 0xe6b3b1, 0xe6b397, 0xe6b2b2, 0xe6b3a0,
    0xe6b396, 0xe6b3ba, 0xe6b3ab, 0xe6b3ae, 0xe6b2b1, 0xe6b393, 0xe6b3af, 0xe6b3be, 0xe6b4b9,
    0xe6b4a7, 0xe6b48c, 0xe6b583, 0xe6b588, 0xe6b487, 0xe6b484, 0xe6b499, 0xe6b48e, 0xe6b4ab,
    0xe6b58d, 0xe6b4ae, 0xe6b4b5, 0xe6b49a, 0xe6b58f, 0xe6b592, 0xe6b594, 0xe6b4b3, 0xe6b691,
    0xe6b5af, 0xe6b69e, 0xe6b6a0, 0xe6b59e, 0xe6b693, 0xe6b694, 0xe6b59c, 0xe6b5a0, 0xe6b5bc,
    0xe6b5a3, 0xe6b89a, 0xe6b787, 0xe6b785, 0xe6b79e, 0xe6b88e, 0xe6b6bf, 0xe6b7a0, 0xe6b891,
    0xe6b7a6, 0xe6b79d, 0xe6b799, 0xe6b896, 0xe6b6ab, 0xe6b88c, 0xe6b6ae, 0xe6b8ab, 0xe6b9ae,
    0xe6b98e, 0xe6b9ab, 0xe6bab2, 0xe6b99f, 0xe6ba86, 0xe6b993, 0xe6b994, 0xe6b8b2, 0xe6b8a5,
    0xe6b984, 0xe6bb9f, 0xe6bab1, 0xe6ba98, 0xe6bba0, 0xe6bcad, 0xe6bba2, 0xe6baa5, 0xe6baa7,
    0xe6babd, 0xe6babb, 0xe6bab7, 0xe6bb97, 0xe6bab4, 0xe6bb8f, 0xe6ba8f, 0xe6bb82, 0xe6ba9f,
    0xe6bda2, 0xe6bd86, 0xe6bd87, 0xe6bca4, 0xe6bc95, 0xe6bbb9, 0xe6bcaf, 0xe6bcb6, 0xe6bd8b,
    0xe6bdb4, 0xe6bcaa, 0xe6bc89, 0xe6bca9, 0xe6be89, 0xe6be8d, 0xe6be8c, 0xe6bdb8, 0xe6bdb2,
    0xe6bdbc, 0xe6bdba, 0xe6bf91, 0xe6bf89, 0xe6bea7, 0xe6beb9, 0xe6beb6, 0xe6bf82, 0xe6bfa1,
    0xe6bfae, 0xe6bf9e, 0xe6bfa0, 0xe6bfaf, 0xe7809a, 0xe780a3, 0xe7809b, 0xe780b9, 0xe780b5,
    0xe7818f, 0xe7819e, 0xe5ae80, 0xe5ae84, 0xe5ae95, 0xe5ae93, 0xe5aea5, 0xe5aeb8, 0xe794af,
    0xe9aa9e, 0xe690b4, 0xe5afa4, 0xe5afae, 0xe8a4b0, 0xe5afb0, 0xe8b987, 0xe8ac87, 0xe8beb6,
    0xe8bf93, 0xe8bf95, 0xe8bfa5, 0xe8bfae, 0xe8bfa4, 0xe8bfa9, 0xe8bfa6, 0xe8bfb3, 0xe8bfa8,
    0xe98085, 0xe98084, 0xe9808b, 0xe980a6, 0xe98091, 0xe9808d, 0xe98096, 0xe980a1, 0xe980b5,
    0xe980b6, 0xe980ad, 0xe980af, 0xe98184, 0xe98191, 0xe98192, 0xe98190, 0xe981a8, 0xe98198,
    0xe981a2, 0xe9819b, 0xe69ab9, 0xe981b4, 0xe981bd, 0xe98282, 0xe98288, 0xe98283, 0xe9828b,
    0xe5bd90, 0xe5bd97, 0xe5bd96, 0xe5bd98, 0xe5b0bb, 0xe592ab, 0xe5b190, 0xe5b199, 0xe5adb1,
    0xe5b1a3, 0xe5b1a6, 0xe7bebc, 0xe5bcaa, 0xe5bca9, 0xe5bcad, 0xe889b4, 0xe5bcbc, 0xe9acbb,
    0xe5b1ae, 0xe5a681, 0xe5a683, 0xe5a68d, 0xe5a6a9, 0xe5a6aa, 0xe5a6a3, 0xe5a697, 0xe5a78a,
    0xe5a6ab, 0xe5a69e, 0xe5a6a4, 0xe5a792, 0xe5a6b2, 0xe5a6af, 0xe5a797, 0xe5a6be, 0xe5a885,
    0xe5a886, 0xe5a79d, 0xe5a888, 0xe5a7a3, 0xe5a798, 0xe5a7b9, 0xe5a88c, 0xe5a889, 0xe5a8b2,
    0xe5a8b4, 0xe5a891, 0xe5a8a3, 0xe5a893, 0xe5a980, 0xe5a9a7, 0xe5a98a, 0xe5a995, 0xe5a8bc,
    0xe5a9a2, 0xe5a9b5, 0xe883ac, 0xe5aaaa, 0xe5aa9b, 0xe5a9b7, 0xe5a9ba, 0xe5aabe, 0xe5abab,
    0xe5aab2, 0xe5ab92, 0xe5ab94, 0xe5aab8, 0xe5aba0, 0xe5aba3, 0xe5abb1, 0xe5ab96, 0xe5aba6,
    0xe5ab98, 0xe5ab9c, 0xe5ac89, 0xe5ac97, 0xe5ac96, 0xe5acb2, 0xe5acb7, 0xe5ad80, 0xe5b095,
    0xe5b09c, 0xe5ad9a, 0xe5ada5, 0xe5adb3, 0xe5ad91, 0xe5ad93, 0xe5ada2, 0xe9a9b5, 0xe9a9b7,
    0xe9a9b8, 0xe9a9ba, 0xe9a9bf, 0xe9a9bd, 0xe9aa80, 0xe9aa81, 0xe9aa85, 0xe9aa88, 0xe9aa8a,
    0xe9aa90, 0xe9aa92, 0xe9aa93, 0xe9aa96, 0xe9aa98, 0xe9aa9b, 0xe9aa9c, 0xe9aa9d, 0xe9aa9f,
    0xe9aaa0, 0xe9aaa2, 0xe9aaa3, 0xe9aaa5, 0xe9aaa7, 0xe7ba9f, 0xe7baa1, 0xe7baa3, 0xe7baa5,
    0xe7baa8, 0xe7baa9, 0xe7baad, 0xe7bab0, 0xe7babe, 0xe7bb80, 0xe7bb81, 0xe7bb82, 0xe7bb89,
    0xe7bb8b, 0xe7bb8c, 0xe7bb90, 0xe7bb94, 0xe7bb97, 0xe7bb9b, 0xe7bba0, 0xe7bba1, 0xe7bba8,
    0xe7bbab, 0xe7bbae, 0xe7bbaf, 0xe7bbb1, 0xe7bbb2, 0xe7bc8d, 0xe7bbb6, 0xe7bbba, 0xe7bbbb,
    0xe7bbbe, 0xe7bc81, 0xe7bc82, 0xe7bc83, 0xe7bc87, 0xe7bc88, 0xe7bc8b, 0xe7bc8c, 0xe7bc8f,
    0xe7bc91, 0xe7bc92, 0xe7bc97, 0xe7bc99, 0xe7bc9c, 0xe7bc9b, 0xe7bc9f, 0xe7bca1, 0xe7bca2,
    0xe7bca3, 0xe7bca4, 0xe7bca5, 0xe7bca6, 0xe7bca7, 0xe7bcaa, 0xe7bcab, 0xe7bcac, 0xe7bcad,
    0xe7bcaf, 0xe7bcb0, 0xe7bcb1, 0xe7bcb2, 0xe7bcb3, 0xe7bcb5, 0xe5b9ba, 0xe795bf, 0xe5b79b,
    0xe794be, 0xe98295, 0xe78e8e, 0xe78e91, 0xe78eae, 0xe78ea2, 0xe78e9f, 0xe78f8f, 0xe78f82,
    0xe78f91, 0xe78eb7, 0xe78eb3, 0xe78f80, 0xe78f89, 0xe78f88, 0xe78fa5, 0xe78f99, 0xe9a1bc,
    0xe7908a, 0xe78fa9, 0xe78fa7, 0xe78f9e, 0xe78eba, 0xe78fb2, 0xe7908f, 0xe790aa, 0xe7919b,
    0xe790a6, 0xe790a5, 0xe790a8, 0xe790b0, 0xe790ae, 0xe790ac, 0xe7909b, 0xe7909a, 0xe79181,
    0xe7919c, 0xe79197, 0xe79195, 0xe79199, 0xe791b7, 0xe791ad, 0xe791be, 0xe7929c, 0xe7928e,
    0xe79280, 0xe79281, 0xe79287, 0xe7928b, 0xe7929e, 0xe792a8, 0xe792a9, 0xe79290, 0xe792a7,
    0xe79392, 0xe792ba, 0xe99faa, 0xe99fab, 0xe99fac, 0xe69d8c, 0xe69d93, 0xe69d9e, 0xe69d88,
    0xe69da9, 0xe69ea5, 0xe69e87, 0xe69daa, 0xe69db3, 0xe69e98, 0xe69ea7, 0xe69db5, 0xe69ea8,
    0xe69e9e, 0xe69ead, 0xe69e8b, 0xe69db7, 0xe69dbc, 0xe69fb0, 0xe6a089, 0xe69f98, 0xe6a08a,
    0xe69fa9, 0xe69eb0, 0xe6a08c, 0xe69f99, 0xe69eb5, 0xe69f9a, 0xe69eb3, 0xe69f9d, 0xe6a080,
    0xe69f83, 0xe69eb8, 0xe69fa2, 0xe6a08e, 0xe69f81, 0xe69fbd, 0xe6a0b2, 0xe6a0b3, 0xe6a1a0,
    0xe6a1a1, 0xe6a18e, 0xe6a1a2, 0xe6a184, 0xe6a1a4, 0xe6a283, 0xe6a09d, 0xe6a195, 0xe6a1a6,
    0xe6a181, 0xe6a1a7, 0xe6a180, 0xe6a0be, 0xe6a18a, 0xe6a189, 0xe6a0a9, 0xe6a2b5, 0xe6a28f,
    0xe6a1b4, 0xe6a1b7, 0xe6a293, 0xe6a1ab, 0xe6a382, 0xe6a5ae, 0xe6a3bc, 0xe6a49f, 0xe6a4a0,
    0xe6a3b9, 0xe6a4a4, 0xe6a3b0, 0xe6a48b, 0xe6a481, 0xe6a597, 0xe6a3a3, 0xe6a490, 0xe6a5b1,
    0xe6a4b9, 0xe6a5a0, 0xe6a582, 0xe6a59d, 0xe6a684, 0xe6a5ab, 0xe6a680, 0xe6a698, 0xe6a5b8,
    0xe6a4b4, 0xe6a78c, 0xe6a687, 0xe6a688, 0xe6a78e, 0xe6a689, 0xe6a5a6, 0xe6a5a3, 0xe6a5b9,
    0xe6a69b, 0xe6a6a7, 0xe6a6bb, 0xe6a6ab, 0xe6a6ad, 0xe6a794, 0xe6a6b1, 0xe6a781, 0xe6a78a,
    0xe6a79f, 0xe6a695, 0xe6a7a0, 0xe6a68d, 0xe6a7bf, 0xe6a8af, 0xe6a7ad, 0xe6a897, 0xe6a898,
    0xe6a9a5, 0xe6a7b2, 0xe6a984, 0xe6a8be, 0xe6aaa0, 0xe6a990, 0xe6a99b, 0xe6a8b5, 0xe6aa8e,
    0xe6a9b9, 0xe6a8bd, 0xe6a8a8, 0xe6a998, 0xe6a9bc, 0xe6aa91, 0xe6aa90, 0xe6aaa9, 0xe6aa97,
    0xe6aaab, 0xe78cb7, 0xe78d92, 0xe6ae81, 0xe6ae82, 0xe6ae87, 0xe6ae84, 0xe6ae92, 0xe6ae93,
    0xe6ae8d, 0xe6ae9a, 0xe6ae9b, 0xe6aea1, 0xe6aeaa, 0xe8bdab, 0xe8bdad, 0xe8bdb1, 0xe8bdb2,
    0xe8bdb3, 0xe8bdb5, 0xe8bdb6, 0xe8bdb8, 0xe8bdb7, 0xe8bdb9, 0xe8bdba, 0xe8bdbc, 0xe8bdbe,
    0xe8be81, 0xe8be82, 0xe8be84, 0xe8be87, 0xe8be8b, 0xe8be8d, 0xe8be8e, 0xe8be8f, 0xe8be98,
    0xe8be9a, 0xe8bb8e, 0xe6888b, 0xe68897, 0xe6889b, 0xe6889f, 0xe688a2, 0xe688a1, 0xe688a5,
    0xe688a4, 0xe688ac, 0xe887a7, 0xe793af, 0xe793b4, 0xe793bf, 0xe7948f, 0xe79491, 0xe79493,
    0xe694b4, 0xe697ae, 0xe697af, 0xe697b0, 0xe6988a, 0xe69899, 0xe69db2, 0xe69883, 0xe69895,
    0xe69880, 0xe78285, 0xe69bb7, 0xe6989d, 0xe698b4, 0xe698b1, 0xe698b6, 0xe698b5, 0xe88086,
    0xe6999f, 0xe69994, 0xe69981, 0xe6998f, 0xe69996, 0xe699a1, 0xe69997, 0xe699b7, 0xe69a84,
    0xe69a8c, 0xe69aa7, 0xe69a9d, 0xe69abe, 0xe69b9b, 0xe69b9c, 0xe69ba6, 0xe69ba9, 0xe8b4b2,
    0xe8b4b3, 0xe8b4b6, 0xe8b4bb, 0xe8b4bd, 0xe8b580, 0xe8b585, 0xe8b586, 0xe8b588, 0xe8b589,
    0xe8b587, 0xe8b58d, 0xe8b595, 0xe8b599, 0xe8a787, 0xe8a78a, 0xe8a78b, 0xe8a78c, 0xe8a78e,
    0xe8a78f, 0xe8a790, 0xe8a791, 0xe789ae, 0xe78a9f, 0xe7899d, 0xe789a6, 0xe789af, 0xe789be,
    0xe789bf, 0xe78a84, 0xe78a8b, 0xe78a8d, 0xe78a8f, 0xe78a92, 0xe68c88, 0xe68cb2, 0xe68eb0,
    0xe690bf, 0xe69398, 0xe88084, 0xe6afaa, 0xe6afb3, 0xe6afbd, 0xe6afb5, 0xe6afb9, 0xe6b085,
    0xe6b087, 0xe6b086, 0xe6b08d, 0xe6b095, 0xe6b098, 0xe6b099, 0xe6b09a, 0xe6b0a1, 0xe6b0a9,
    0xe6b0a4, 0xe6b0aa, 0xe6b0b2, 0xe694b5, 0xe69595, 0xe695ab, 0xe7898d, 0xe78992, 0xe78996,
    0xe788b0, 0xe899a2, 0xe58896, 0xe8829f, 0xe8829c, 0xe88293, 0xe882bc, 0xe69c8a, 0xe882bd,
    0xe882b1, 0xe882ab, 0xe882ad, 0xe882b4, 0xe882b7, 0xe883a7, 0xe883a8, 0xe883a9, 0xe883aa,
    0xe8839b, 0xe88382, 0xe88384, 0xe88399, 0xe8838d, 0xe88397, 0xe69c90, 0xe8839d, 0xe883ab,
    0xe883b1, 0xe883b4, 0xe883ad, 0xe8848d, 0xe8848e, 0xe883b2, 0xe883bc, 0xe69c95, 0xe88492,
    0xe8b19a, 0xe884b6, 0xe8849e, 0xe884ac, 0xe88498, 0xe884b2, 0xe88588, 0xe8858c, 0xe88593,
    0xe885b4, 0xe88599, 0xe8859a, 0xe885b1, 0xe885a0, 0xe885a9, 0xe885bc, 0xe885bd, 0xe885ad,
    0xe885a7, 0xe5a18d, 0xe5aab5, 0xe88688, 0xe88682, 0xe88691, 0xe6bb95, 0xe886a3, 0xe886aa,
    0xe8878c, 0xe69ca6, 0xe8878a, 0xe886bb, 0xe88781, 0xe886a6, 0xe6aca4, 0xe6acb7, 0xe6acb9,
    0xe6ad83, 0xe6ad86, 0xe6ad99, 0xe9a391, 0xe9a392, 0xe9a393, 0xe9a395, 0xe9a399, 0xe9a39a,
    0xe6aeb3, 0xe5bd80, 0xe6af82, 0xe8a7b3, 0xe69690, 0xe9bd91, 0xe69693, 0xe696bc, 0xe69786,
    0xe69784, 0xe69783, 0xe6978c, 0xe6978e, 0xe69792, 0xe69796, 0xe78280, 0xe7829c, 0xe78296,
    0xe7829d, 0xe782bb, 0xe78380, 0xe782b7, 0xe782ab, 0xe782b1, 0xe783a8, 0xe7838a, 0xe78490,
    0xe78493, 0xe78496, 0xe784af, 0xe784b1, 0xe785b3, 0xe7859c, 0xe785a8, 0xe78585, 0xe785b2,
    0xe7858a, 0xe785b8, 0xe785ba, 0xe78698, 0xe786b3, 0xe786b5, 0xe786a8, 0xe786a0, 0xe787a0,
    0xe78794, 0xe787a7, 0xe787b9, 0xe7889d, 0xe788a8, 0xe781ac, 0xe78498, 0xe785a6, 0xe786b9,
    0xe688be, 0xe688bd, 0xe68983, 0xe68988, 0xe68989, 0xe7a4bb, 0xe7a580, 0xe7a586, 0xe7a589,
    0xe7a59b, 0xe7a59c, 0xe7a593, 0xe7a59a, 0xe7a5a2, 0xe7a597, 0xe7a5a0, 0xe7a5af, 0xe7a5a7,
    0xe7a5ba, 0xe7a685, 0xe7a68a, 0xe7a69a, 0xe7a6a7, 0xe7a6b3, 0xe5bf91, 0xe5bf90, 0xe680bc,
    0xe6819d, 0xe6819a, 0xe681a7, 0xe68181, 0xe68199, 0xe681a3, 0xe682ab, 0xe68486, 0xe6848d,
    0xe6859d, 0xe686a9, 0xe6869d, 0xe6878b, 0xe68791, 0xe68886, 0xe88280, 0xe881bf, 0xe6b293,
    0xe6b3b6, 0xe6b7bc, 0xe79fb6, 0xe79fb8, 0xe7a080, 0xe7a089, 0xe7a097, 0xe7a098, 0xe7a091,
    0xe696ab, 0xe7a0ad, 0xe7a09c, 0xe7a09d, 0xe7a0b9, 0xe7a0ba, 0xe7a0bb, 0xe7a09f, 0xe7a0bc,
    0xe7a0a5, 0xe7a0ac, 0xe7a0a3, 0xe7a0a9, 0xe7a18e, 0xe7a1ad, 0xe7a196, 0xe7a197, 0xe7a0a6,
    0xe7a190, 0xe7a187, 0xe7a18c, 0xe7a1aa, 0xe7a29b, 0xe7a293, 0xe7a29a, 0xe7a287, 0xe7a29c,
    0xe7a2a1, 0xe7a2a3, 0xe7a2b2, 0xe7a2b9, 0xe7a2a5, 0xe7a394, 0xe7a399, 0xe7a389, 0xe7a3ac,
    0xe7a3b2, 0xe7a485, 0xe7a3b4, 0xe7a493, 0xe7a4a4, 0xe7a49e, 0xe7a4b4, 0xe9be9b, 0xe9bbb9,
    0xe9bbbb, 0xe9bbbc, 0xe79bb1, 0xe79c84, 0xe79c8d, 0xe79bb9, 0xe79c87, 0xe79c88, 0xe79c9a,
    0xe79ca2, 0xe79c99, 0xe79cad, 0xe79ca6, 0xe79cb5, 0xe79cb8, 0xe79d90, 0xe79d91, 0xe79d87,
    0xe79d83, 0xe79d9a, 0xe79da8, 0xe79da2, 0xe79da5, 0xe79dbf, 0xe79e8d, 0xe79dbd, 0xe79e80,
    0xe79e8c, 0xe79e91, 0xe79e9f, 0xe79ea0, 0xe79eb0, 0xe79eb5, 0xe79ebd, 0xe794ba, 0xe79580,
    0xe7958e, 0xe7958b, 0xe79588, 0xe7959b, 0xe795b2, 0xe795b9, 0xe79683, 0xe7bd98, 0xe7bda1,
    0xe7bd9f, 0xe8a988, 0xe7bda8, 0xe7bdb4, 0xe7bdb1, 0xe7bdb9, 0xe7be81, 0xe7bdbe, 0xe79b8d,
    0xe79ba5, 0xe8a0b2, 0xe99285, 0xe99286, 0xe99287, 0xe9928b, 0xe9928a, 0xe9928c, 0xe9928d,
    0xe9928f, 0xe99290, 0xe99294, 0xe99297, 0xe99295, 0xe9929a, 0xe9929b, 0xe9929c, 0xe992a3,
    0xe992a4, 0xe992ab, 0xe992aa, 0xe992ad, 0xe992ac, 0xe992af, 0xe992b0, 0xe992b2, 0xe992b4,
    0xe992b6, 0xe992b7, 0xe992b8, 0xe992b9, 0xe992ba, 0xe992bc, 0xe992bd, 0xe992bf, 0xe99384,
    0xe99388, 0xe99389, 0xe9938a, 0xe9938b, 0xe9938c, 0xe9938d, 0xe9938e, 0xe99390, 0xe99391,
    0xe99392, 0xe99395, 0xe99396, 0xe99397, 0xe99399, 0xe99398, 0xe9939b, 0xe9939e, 0xe9939f,
    0xe993a0, 0xe993a2, 0xe993a4, 0xe993a5, 0xe993a7, 0xe993a8, 0xe993aa, 0xe993a9, 0xe993ab,
    0xe993ae, 0xe993af, 0xe993b3, 0xe993b4, 0xe993b5, 0xe993b7, 0xe993b9, 0xe993bc, 0xe993bd,
    0xe993bf, 0xe99483, 0xe99482, 0xe99486, 0xe99487, 0xe99489, 0xe9948a, 0xe9948d, 0xe9948e,
    0xe9948f, 0xe99492, 0xe99493, 0xe99494, 0xe99495, 0xe99496, 0xe99498, 0xe9949b, 0xe9949d,
    0xe9949e, 0xe9949f, 0xe994a2, 0xe994aa, 0xe994ab, 0xe994a9, 0xe994ac, 0xe994b1, 0xe994b2,
    0xe994b4, 0xe994b6, 0xe994b7, 0xe994b8, 0xe994bc, 0xe994be, 0xe994bf, 0xe99582, 0xe994b5,
    0xe99584, 0xe99585, 0xe99586, 0xe99589, 0xe9958c, 0xe9958e, 0xe9958f, 0xe99592, 0xe99593,
    0xe99594, 0xe99596, 0xe99597, 0xe99598, 0xe99599, 0xe9959b, 0xe9959e, 0xe9959f, 0xe9959d,
    0xe995a1, 0xe995a2, 0xe995a4, 0xe995a5, 0xe995a6, 0xe995a7, 0xe995a8, 0xe995a9, 0xe995aa,
    0xe995ab, 0xe995ac, 0xe995af, 0xe995b1, 0xe995b2, 0xe995b3, 0xe994ba, 0xe79fa7, 0xe79fac,
    0xe99b89, 0xe7a795, 0xe7a7ad, 0xe7a7a3, 0xe7a7ab, 0xe7a886, 0xe5b587, 0xe7a883, 0xe7a882,
    0xe7a89e, 0xe7a894, 0xe7a8b9, 0xe7a8b7, 0xe7a991, 0xe9bb8f, 0xe9a6a5, 0xe7a9b0, 0xe79a88,
    0xe79a8e, 0xe79a93, 0xe79a99, 0xe79aa4, 0xe7939e, 0xe793a0, 0xe794ac, 0xe9b8a0, 0xe9b8a2,
    0xe9b8a8, 0xe9b8a9, 0xe9b8aa, 0xe9b8ab, 0xe9b8ac, 0xe9b8b2, 0xe9b8b1, 0xe9b8b6, 0xe9b8b8,
    0xe9b8b7, 0xe9b8b9, 0xe9b8ba, 0xe9b8be, 0xe9b981, 0xe9b982, 0xe9b984, 0xe9b986, 0xe9b987,
    0xe9b988, 0xe9b989, 0xe9b98b, 0xe9b98c, 0xe9b98e, 0xe9b991, 0xe9b995, 0xe9b997, 0xe9b99a,
    0xe9b99b, 0xe9b99c, 0xe9b99e, 0xe9b9a3, 0xe9b9a6, 0xe9b9a7, 0xe9b9a8, 0xe9b9a9, 0xe9b9aa,
    0xe9b9ab, 0xe9b9ac, 0xe9b9b1, 0xe9b9ad, 0xe9b9b3, 0xe79692, 0xe79694, 0xe79696, 0xe796a0,
    0xe7969d, 0xe796ac, 0xe796a3, 0xe796b3, 0xe796b4, 0xe796b8, 0xe79784, 0xe796b1, 0xe796b0,
    0xe79783, 0xe79782, 0xe79796, 0xe7978d, 0xe797a3, 0xe797a8, 0xe797a6, 0xe797a4, 0xe797ab,
    0xe797a7, 0xe79883, 0xe797b1, 0xe797bc, 0xe797bf, 0xe79890, 0xe79880, 0xe79885, 0xe7988c,
    0xe79897, 0xe7988a, 0xe798a5, 0xe79898, 0xe79895, 0xe79899, 0xe7989b, 0xe798bc, 0xe798a2,
    0xe798a0, 0xe79980, 0xe798ad, 0xe798b0, 0xe798bf, 0xe798b5, 0xe79983, 0xe798be, 0xe798b3,
    0xe7998d, 0xe7999e, 0xe79994, 0xe7999c, 0xe79996, 0xe799ab, 0xe799af, 0xe7bf8a, 0xe7aba6,
    0xe7a9b8, 0xe7a9b9, 0xe7aa80, 0xe7aa86, 0xe7aa88, 0xe7aa95, 0xe7aaa6, 0xe7aaa0, 0xe7aaac,
    0xe7aaa8, 0xe7aaad, 0xe7aab3, 0xe8a1a4, 0xe8a1a9, 0xe8a1b2, 0xe8a1bd, 0xe8a1bf, 0xe8a282,
    0xe8a2a2, 0xe8a386, 0xe8a2b7, 0xe8a2bc, 0xe8a389, 0xe8a3a2, 0xe8a38e, 0xe8a3a3, 0xe8a3a5,
    0xe8a3b1, 0xe8a49a, 0xe8a3bc, 0xe8a3a8, 0xe8a3be, 0xe8a3b0, 0xe8a4a1, 0xe8a499, 0xe8a493,
    0xe8a49b, 0xe8a48a, 0xe8a4b4, 0xe8a4ab, 0xe8a4b6, 0xe8a581, 0xe8a5a6, 0xe8a5bb, 0xe7968b,
    0xe883a5, 0xe79ab2, 0xe79ab4, 0xe79f9c, 0xe88092, 0xe88094, 0xe88096, 0xe8809c, 0xe880a0,
    0xe880a2, 0xe880a5, 0xe880a6, 0xe880a7, 0xe880a9, 0xe880a8, 0xe880b1, 0xe8808b, 0xe880b5,
    0xe88183, 0xe88186, 0xe8818d, 0xe88192, 0xe881a9, 0xe881b1, 0xe8a683, 0xe9a1b8, 0xe9a280,
    0xe9a283, 0xe9a289, 0xe9a28c, 0xe9a28d, 0xe9a28f, 0xe9a294, 0xe9a29a, 0xe9a29b, 0xe9a29e,
    0xe9a29f, 0xe9a2a1, 0xe9a2a2, 0xe9a2a5, 0xe9a2a6, 0xe8998d, 0xe89994, 0xe899ac, 0xe899ae,
    0xe899bf, 0xe899ba, 0xe899bc, 0xe899bb, 0xe89aa8, 0xe89a8d, 0xe89a8b, 0xe89aac, 0xe89a9d,
    0xe89aa7, 0xe89aa3, 0xe89aaa, 0xe89a93, 0xe89aa9, 0xe89ab6, 0xe89b84, 0xe89ab5, 0xe89b8e,
    0xe89ab0, 0xe89aba, 0xe89ab1, 0xe89aaf, 0xe89b89, 0xe89b8f, 0xe89ab4, 0xe89ba9, 0xe89bb1,
    0xe89bb2, 0xe89bad, 0xe89bb3, 0xe89b90, 0xe89c93, 0xe89b9e, 0xe89bb4, 0xe89b9f, 0xe89b98,
    0xe89b91, 0xe89c83, 0xe89c87, 0xe89bb8, 0xe89c88, 0xe89c8a, 0xe89c8d, 0xe89c89, 0xe89ca3,
    0xe89cbb, 0xe89c9e, 0xe89ca5, 0xe89cae, 0xe89c9a, 0xe89cbe, 0xe89d88, 0xe89cb4, 0xe89cb1,
    0xe89ca9, 0xe89cb7, 0xe89cbf, 0xe89e82, 0xe89ca2, 0xe89dbd, 0xe89dbe, 0xe89dbb, 0xe89da0,
    0xe89db0, 0xe89d8c, 0xe89dae, 0xe89e8b, 0xe89d93, 0xe89da3, 0xe89dbc, 0xe89da4, 0xe89d99,
    0xe89da5, 0xe89e93, 0xe89eaf, 0xe89ea8, 0xe89f92, 0xe89f86, 0xe89e88, 0xe89e85, 0xe89ead,
    0xe89e97, 0xe89e83, 0xe89eab, 0xe89fa5, 0xe89eac, 0xe89eb5, 0xe89eb3, 0xe89f8b, 0xe89f93,
    0xe89ebd, 0xe89f91, 0xe89f80, 0xe89f8a, 0xe89f9b, 0xe89faa, 0xe89fa0, 0xe89fae, 0xe8a096,
    0xe8a093, 0xe89fbe, 0xe8a08a, 0xe8a09b, 0xe8a0a1, 0xe8a0b9, 0xe8a0bc, 0xe7bcb6, 0xe7bd82,
    0xe7bd84, 0xe7bd85, 0xe88890, 0xe7abba, 0xe7abbd, 0xe7ac88, 0xe7ac83, 0xe7ac84, 0xe7ac95,
    0xe7ac8a, 0xe7acab, 0xe7ac8f, 0xe7ad87, 0xe7acb8, 0xe7acaa, 0xe7ac99, 0xe7acae, 0xe7acb1,
    0xe7aca0, 0xe7aca5, 0xe7aca4, 0xe7acb3, 0xe7acbe, 0xe7ac9e, 0xe7ad98, 0xe7ad9a, 0xe7ad85,
    0xe7adb5, 0xe7ad8c, 0xe7ad9d, 0xe7ada0, 0xe7adae, 0xe7adbb, 0xe7ada2, 0xe7adb2, 0xe7adb1,
    0xe7ae90, 0xe7aea6, 0xe7aea7, 0xe7aeb8, 0xe7aeac, 0xe7ae9d, 0xe7aea8, 0xe7ae85, 0xe7aeaa,
    0xe7ae9c, 0xe7aea2, 0xe7aeab, 0xe7aeb4, 0xe7af91, 0xe7af81, 0xe7af8c, 0xe7af9d, 0xe7af9a,
    0xe7afa5, 0xe7afa6, 0xe7afaa, 0xe7b08c, 0xe7afbe, 0xe7afbc, 0xe7b08f, 0xe7b096, 0xe7b08b,
    0xe7b09f, 0xe7b0aa, 0xe7b0a6, 0xe7b0b8, 0xe7b181, 0xe7b180, 0xe887be, 0xe88881, 0xe88882,
    0xe88884, 0xe887ac, 0xe8a184, 0xe888a1, 0xe888a2, 0xe888a3, 0xe888ad, 0xe888af, 0xe888a8,
    0xe888ab, 0xe888b8, 0xe888bb, 0xe888b3, 0xe888b4, 0xe888be, 0xe88984, 0xe88989, 0xe8898b,
    0xe8898f, 0xe8899a, 0xe8899f, 0xe889a8, 0xe8a1be, 0xe8a285, 0xe8a288, 0xe8a398, 0xe8a39f,
    0xe8a59e, 0xe7be9d, 0xe7be9f, 0xe7bea7, 0xe7beaf, 0xe7beb0, 0xe7beb2, 0xe7b1bc, 0xe69589,
    0xe7b291, 0xe7b29d, 0xe7b29c, 0xe7b29e, 0xe7b2a2, 0xe7b2b2, 0xe7b2bc, 0xe7b2bd, 0xe7b381,
    0xe7b387, 0xe7b38c, 0xe7b38d, 0xe7b388, 0xe7b385, 0xe7b397, 0xe7b3a8, 0xe889ae, 0xe69aa8,
    0xe7bebf, 0xe7bf8e, 0xe7bf95, 0xe7bfa5, 0xe7bfa1, 0xe7bfa6, 0xe7bfa9, 0xe7bfae, 0xe7bfb3,
    0xe7b3b8, 0xe7b5b7, 0xe7b6a6, 0xe7b6ae, 0xe7b987, 0xe7ba9b, 0xe9bab8, 0xe9bab4, 0xe8b5b3,
    0xe8b684, 0xe8b694, 0xe8b691, 0xe8b6b1, 0xe8b5a7, 0xe8b5ad, 0xe8b187, 0xe8b189, 0xe9858a,
    0xe98590, 0xe9858e, 0xe9858f, 0xe985a4, 0xe985a2, 0xe985a1, 0xe985b0, 0xe985a9, 0xe985af,
    0xe985bd, 0xe985be, 0xe985b2, 0xe985b4, 0xe985b9, 0xe9868c, 0xe98685, 0xe98690, 0xe9868d,
    0xe98691, 0xe986a2, 0xe986a3, 0xe986aa, 0xe986ad, 0xe986ae, 0xe986af, 0xe986b5, 0xe986b4,
    0xe986ba, 0xe8b195, 0xe9b9be, 0xe8b6b8, 0xe8b7ab, 0xe8b885, 0xe8b999, 0xe8b9a9, 0xe8b6b5,
    0xe8b6bf, 0xe8b6bc, 0xe8b6ba, 0xe8b784, 0xe8b796, 0xe8b797, 0xe8b79a, 0xe8b79e, 0xe8b78e,
    0xe8b78f, 0xe8b79b, 0xe8b786, 0xe8b7ac, 0xe8b7b7, 0xe8b7b8, 0xe8b7a3, 0xe8b7b9, 0xe8b7bb,
    0xe8b7a4, 0xe8b889, 0xe8b7bd, 0xe8b894, 0xe8b89d, 0xe8b89f, 0xe8b8ac, 0xe8b8ae, 0xe8b8a3,
    0xe8b8af, 0xe8b8ba, 0xe8b980, 0xe8b8b9, 0xe8b8b5, 0xe8b8bd, 0xe8b8b1, 0xe8b989, 0xe8b981,
    0xe8b982, 0xe8b991, 0xe8b992, 0xe8b98a, 0xe8b9b0, 0xe8b9b6, 0xe8b9bc, 0xe8b9af, 0xe8b9b4,
    0xe8ba85, 0xe8ba8f, 0xe8ba94, 0xe8ba90, 0xe8ba9c, 0xe8ba9e, 0xe8b1b8, 0xe8b282, 0xe8b28a,
    0xe8b285, 0xe8b298, 0xe8b294, 0xe6969b, 0xe8a796, 0xe8a79e, 0xe8a79a, 0xe8a79c, 0xe8a7a5,
    0xe8a7ab, 0xe8a7af, 0xe8a8be, 0xe8aca6, 0xe99d93, 0xe99ba9, 0xe99bb3, 0xe99baf, 0xe99c86,
    0xe99c81, 0xe99c88, 0xe99c8f, 0xe99c8e, 0xe99caa, 0xe99cad, 0xe99cb0, 0xe99cbe, 0xe9be80,
    0xe9be83, 0xe9be85, 0xe9be86, 0xe9be87, 0xe9be88, 0xe9be89, 0xe9be8a, 0xe9be8c, 0xe9bbbe,
    0xe9bc8b, 0xe9bc8d, 0xe99ab9, 0xe99abc, 0xe99abd, 0xe99b8e, 0xe99b92, 0xe79ebf, 0xe99ba0,
    0xe98a8e, 0xe98aae, 0xe98b88, 0xe98cbe, 0xe98daa, 0xe98f8a, 0xe98e8f, 0xe990be, 0xe991ab,
    0xe9b1bf, 0xe9b282, 0xe9b285, 0xe9b286, 0xe9b287, 0xe9b288, 0xe7a8a3, 0xe9b28b, 0xe9b28e,
    0xe9b290, 0xe9b291, 0xe9b292, 0xe9b294, 0xe9b295, 0xe9b29a, 0xe9b29b, 0xe9b29e, 0xe9b29f,
    0xe9b2a0, 0xe9b2a1, 0xe9b2a2, 0xe9b2a3, 0xe9b2a5, 0xe9b2a6, 0xe9b2a7, 0xe9b2a8, 0xe9b2a9,
    0xe9b2ab, 0xe9b2ad, 0xe9b2ae, 0xe9b2b0, 0xe9b2b1, 0xe9b2b2, 0xe9b2b3, 0xe9b2b4, 0xe9b2b5,
    0xe9b2b6, 0xe9b2b7, 0xe9b2ba, 0xe9b2bb, 0xe9b2bc, 0xe9b2bd, 0xe9b384, 0xe9b385, 0xe9b386,
    0xe9b387, 0xe9b38a, 0xe9b38b, 0xe9b38c, 0xe9b38d, 0xe9b38e, 0xe9b38f, 0xe9b390, 0xe9b393,
    0xe9b394, 0xe9b395, 0xe9b397, 0xe9b398, 0xe9b399, 0xe9b39c, 0xe9b39d, 0xe9b39f, 0xe9b3a2,
    0xe99dbc, 0xe99e85, 0xe99e91, 0xe99e92, 0xe99e94, 0xe99eaf, 0xe99eab, 0xe99ea3, 0xe99eb2,
    0xe99eb4, 0xe9aab1, 0xe9aab0, 0xe9aab7, 0xe9b998, 0xe9aab6, 0xe9aaba, 0xe9aabc, 0xe9ab81,
    0xe9ab80, 0xe9ab85, 0xe9ab82, 0xe9ab8b, 0xe9ab8c, 0xe9ab91, 0xe9ad85, 0xe9ad83, 0xe9ad87,
    0xe9ad89, 0xe9ad88, 0xe9ad8d, 0xe9ad91, 0xe9a3a8, 0xe9a48d, 0xe9a4ae, 0xe9a595, 0xe9a594,
    0xe9ab9f, 0xe9aba1, 0xe9aba6, 0xe9abaf, 0xe9abab, 0xe9abbb, 0xe9abad, 0xe9abb9, 0xe9ac88,
    0xe9ac8f, 0xe9ac93, 0xe9ac9f, 0xe9aca3, 0xe9babd, 0xe9babe, 0xe7b8bb, 0xe9ba82, 0xe9ba87,
    0xe9ba88, 0xe9ba8b, 0xe9ba92, 0xe98f96, 0xe9ba9d, 0xe9ba9f, 0xe9bb9b, 0xe9bb9c, 0xe9bb9d,
    0xe9bba0, 0xe9bb9f, 0xe9bba2, 0xe9bba9, 0xe9bba7, 0xe9bba5, 0xe9bbaa, 0xe9bbaf, 0xe9bca2,
    0xe9bcac, 0xe9bcaf, 0xe9bcb9, 0xe9bcb7, 0xe9bcbd, 0xe9bcbe, 0xe9bd84,
];
pub static EUC_CN_TO_UNICODE_TREE: PgMbRadixTree = PgMbRadixTree {
    chars16: &[],
    chars32: &EUC_CN_TO_UNICODE_TREE_TABLE,
    b1root: 0x0,
    b1_lower: 0x0,
    b1_upper: 0x0,
    b2root: 0x5e,
    b2_1_lower: 0xa1,
    b2_1_upper: 0xf7,
    b2_2_lower: 0xa1,
    b2_2_upper: 0xfe,
    b3root: 0x0,
    b3_1_lower: 0x0,
    b3_1_upper: 0x0,
    b3_2_lower: 0x0,
    b3_2_upper: 0x0,
    b3_3_lower: 0x0,
    b3_3_upper: 0x0,
    b4root: 0x0,
    b4_1_lower: 0x0,
    b4_1_upper: 0x0,
    b4_2_lower: 0x0,
    b4_2_upper: 0x0,
    b4_3_lower: 0x0,
    b4_3_upper: 0x0,
    b4_4_lower: 0x0,
    b4_4_upper: 0x0,
};
static EUC_CN_FROM_UNICODE_TREE_TABLE: [u16; 21644] = [
    0x000000, 0x000000, 0x000000, 0x000000, 0x000000, 0x000000, 0x000000, 0x000000, 0x000000,
    0x000000, 0x000000, 0x000000, 0x000000, 0x000000, 0x000000, 0x000000, 0x000000, 0x000000,
    0x000000, 0x000000, 0x000000, 0x000000, 0x000000, 0x000000, 0x000000, 0x000000, 0x000000,
    0x000000, 0x000000, 0x000000, 0x000000, 0x000000, 0x000000, 0x000000, 0x000000, 0x000000,
    0x000000, 0x000000, 0x000000, 0x000000, 0x000000, 0x000000, 0x000000, 0x000000, 0x000000,
    0x000000, 0x000000, 0x000000, 0x000000, 0x000000, 0x000000, 0x000000, 0x000000, 0x000000,
    0x000000, 0x000000, 0x000000, 0x000000, 0x000000, 0x000000, 0x000000, 0x000000, 0x000000,
    0x000000, 0x000050, 0x000082, 0x0000c1, 0x0000f4, 0x000000, 0x000126, 0x000000, 0x000000,
    0x000000, 0x00015f, 0x000000, 0x000000, 0x00018e, 0x0001ce, 0x00020d, 0x00024d, 0x000000,
    0x000000, 0x000000, 0x000000, 0x000000, 0x000000, 0x000000, 0x000000, 0x000000, 0x000000,
    0x000000, 0x000000, 0x000000, 0x000000, 0x000000, 0x000000, 0x000000, 0x000000, 0x000000,
    0x000000, 0x000000, 0x000000, 0x000000, 0x000000, 0x000000, 0x000000, 0x000000, 0x000000,
    0x000000, 0x000000, 0x000000, 0x000000, 0x000000, 0x000000, 0x000000, 0x000000, 0x00a1e8,
    0x000000, 0x000000, 0x00a1ec, 0x00a1a7, 0x000000, 0x000000, 0x000000, 0x000000, 0x000000,
    0x000000, 0x000000, 0x00a1e3, 0x00a1c0, 0x000000, 0x000000, 0x000000, 0x000000, 0x000000,
    0x000000, 0x000000, 0x000000, 0x000000, 0x000000, 0x000000, 0x000000, 0x000000, 0x000000,
    0x000000, 0x000000, 0x000000, 0x000000, 0x000000, 0x000000, 0x000000, 0x000000, 0x000000,
    0x00a1c1, 0x000000, 0x000000, 0x000000, 0x000000, 0x000000, 0x000000, 0x000000, 0x000000,
    0x00a8a4, 0x00a8a2, 0x000000, 0x000000, 0x000000, 0x000000, 0x000000, 0x000000, 0x00a8a8,
    0x00a8a6, 0x00a8ba, 0x000000, 0x00a8ac, 0x00a8aa, 0x000000, 0x000000, 0x000000, 0x000000,
    0x00a8b0, 0x00a8ae, 0x000000, 0x000000, 0x000000, 0x00a1c2, 0x000000, 0x00a8b4, 0x00a8b2,
    0x000000, 0x00a8b9, 0x000000, 0x000000, 0x000000, 0x00a8a1, 0x000000, 0x000000, 0x000000,
    0x000000, 0x000000, 0x000000, 0x000000, 0x000000, 0x000000, 0x000000, 0x000000, 0x000000,
    0x000000, 0x000000, 0x000000, 0x000000, 0x000000, 0x00a8a5, 0x000000, 0x000000, 0x000000,
    0x000000, 0x000000, 0x000000, 0x000000, 0x00a8a7, 0x000000, 0x000000, 0x000000, 0x000000,
    0x000000, 0x000000, 0x000000, 0x000000, 0x000000, 0x000000, 0x000000, 0x000000, 0x000000,
    0x000000, 0x000000, 0x00a8a9, 0x000000, 0x000000, 0x000000, 0x000000, 0x000000, 0x000000,
    0x000000, 0x000000, 0x000000, 0x000000, 0x000000, 0x000000, 0x000000, 0x000000, 0x000000,
    0x000000, 0x000000, 0x000000, 0x000000, 0x000000, 0x00a8ad, 0x000000, 0x000000, 0x000000,
    0x000000, 0x000000, 0x000000, 0x000000, 0x000000, 0x000000, 0x000000, 0x000000, 0x000000,
    0x000000, 0x000000, 0x000000, 0x000000, 0x000000, 0x000000, 0x000000, 0x000000, 0x000000,
    0x000000, 0x000000, 0x000000, 0x000000, 0x000000, 0x000000, 0x000000, 0x000000, 0x00a8b1,
    0x000000, 0x000000, 0x000000, 0x000000, 0x000000, 0x000000, 0x000000, 0x000000, 0x000000,
    0x000000, 0x000000, 0x000000, 0x000000, 0x000000, 0x000000, 0x000000, 0x000000, 0x000000,
    0x000000, 0x000000, 0x00a8a3, 0x000000, 0x00a8ab, 0x000000, 0x00a8af, 0x000000, 0x00a8b3,
    0x000000, 0x00a8b5, 0x000000, 0x00a8b6, 0x000000, 0x00a8b7, 0x000000, 0x00a8b8, 0x000000,
    0x000000, 0x000000, 0x000000, 0x000000, 0x000000, 0x000000, 0x000000, 0x000000, 0x000000,
    0x000000, 0x000000, 0x000000, 0x000000, 0x000000, 0x000000, 0x000000, 0x000000, 0x000000,
    0x000000, 0x000000, 0x000000, 0x000000, 0x000000, 0x000000, 0x000000, 0x000000, 0x000000,
    0x000000, 0x000000, 0x000000, 0x000000, 0x000000, 0x000000, 0x000000, 0x00a1a6, 0x000000,
    0x00a1a5, 0x000000, 0x000000, 0x000000, 0x000000, 0x000000, 0x000000, 0x000000, 0x000000,
    0x000000, 0x000000, 0x000000, 0x000000, 0x000000, 0x000000, 0x000000, 0x000000, 0x000000,
    0x000000, 0x000000, 0x000000, 0x000000, 0x000000, 0x000000, 0x000000, 0x000000, 0x000000,
    0x000000, 0x000000, 0x000000, 0x000000, 0x000000, 0x000000, 0x000000, 0x000000, 0x000000,
    0x000000, 0x000000, 0x000000, 0x000000, 0x000000, 0x000000, 0x000000, 0x000000, 0x000000,
    0x000000, 0x000000, 0x000000, 0x000000, 0x000000, 0x000000, 0x000000, 0x000000, 0x000000,
    0x000000, 0x00a6a1, 0x00a6a2, 0x00a6a3, 0x00a6a4, 0x00a6a5, 0x00a6a6, 0x00a6a7, 0x00a6a8,
    0x00a6a9, 0x00a6aa, 0x00a6ab, 0x00a6ac, 0x00a6ad, 0x00a6ae, 0x00a6af, 0x00a6b0, 0x00a6b1,
    0x000000, 0x00a6b2, 0x00a6b3, 0x00a6b4, 0x00a6b5, 0x00a6b6, 0x00a6b7, 0x00a6b8, 0x000000,
    0x000000, 0x000000, 0x000000, 0x000000, 0x000000, 0x000000, 0x00a6c1, 0x00a6c2, 0x00a6c3,
    0x00a6c4, 0x00a6c5, 0x00a6c6, 0x00a6c7, 0x00a6c8, 0x00a6c9, 0x00a6ca, 0x00a6cb, 0x00a6cc,
    0x00a6cd, 0x00a6ce, 0x00a6cf, 0x00a6d0, 0x00a6d1, 0x000000, 0x00a6d2, 0x00a6d3, 0x00a6d4,
    0x00a6d5, 0x00a6d6, 0x00a6d7, 0x00a6d8, 0x000000, 0x000000, 0x000000, 0x000000, 0x000000,
    0x000000, 0x000000, 0x000000, 0x000000, 0x000000, 0x000000, 0x000000, 0x000000, 0x000000,
    0x000000, 0x000000, 0x000000, 0x000000, 0x000000, 0x000000, 0x000000, 0x000000, 0x000000,
    0x000000, 0x000000, 0x000000, 0x000000, 0x000000, 0x000000, 0x000000, 0x000000, 0x000000,
    0x000000, 0x000000, 0x000000, 0x000000, 0x000000, 0x000000, 0x000000, 0x000000, 0x000000,
    0x000000, 0x000000, 0x000000, 0x000000, 0x000000, 0x000000, 0x000000, 0x000000, 0x000000,
    0x000000, 0x000000, 0x000000, 0x000000, 0x00a7a7, 0x000000, 0x000000, 0x000000, 0x000000,
    0x000000, 0x000000, 0x000000, 0x000000, 0x000000, 0x000000, 0x000000, 0x000000, 0x000000,
    0x000000, 0x00a7a1, 0x00a7a2, 0x00a7a3, 0x00a7a4, 0x00a7a5, 0x00a7a6, 0x00a7a8, 0x00a7a9,
    0x00a7aa, 0x00a7ab, 0x00a7ac, 0x00a7ad, 0x00a7ae, 0x00a7af, 0x00a7b0, 0x00a7b1, 0x00a7b2,
    0x00a7b3, 0x00a7b4, 0x00a7b5, 0x00a7b6, 0x00a7b7, 0x00a7b8, 0x00a7b9, 0x00a7ba, 0x00a7bb,
    0x00a7bc, 0x00a7bd, 0x00a7be, 0x00a7bf, 0x00a7c0, 0x00a7c1, 0x00a7d1, 0x00a7d2, 0x00a7d3,
    0x00a7d4, 0x00a7d5, 0x00a7d6, 0x00a7d8, 0x00a7d9, 0x00a7da, 0x00a7db, 0x00a7dc, 0x00a7dd,
    0x00a7de, 0x00a7df, 0x00a7e0, 0x00a7e1, 0x00a7e2, 0x00a7e3, 0x00a7e4, 0x00a7e5, 0x00a7e6,
    0x00a7e7, 0x00a7e8, 0x00a7e9, 0x00a7ea, 0x00a7eb, 0x00a7ec, 0x00a7ed, 0x00a7ee, 0x00a7ef,
    0x00a7f0, 0x00a7f1, 0x000000, 0x00a7d7, 0x000000, 0x000000, 0x000000, 0x000000, 0x000000,
    0x000000, 0x000000, 0x000000, 0x000000, 0x000000, 0x000000, 0x000000, 0x000000, 0x000000,
    0x000000, 0x000000, 0x000000, 0x000000, 0x000000, 0x000000, 0x000000, 0x000000, 0x000000,
    0x000000, 0x000000, 0x000000, 0x000000, 0x000000, 0x000000, 0x000000, 0x000000, 0x000000,
    0x000000, 0x000000, 0x000000, 0x000000, 0x000000, 0x000000, 0x000000, 0x000000, 0x000000,
    0x000000, 0x000000, 0x000000, 0x000000, 0x000000, 0x00029b, 0x0002db, 0x0002e4, 0x000324,
    0x000364, 0x0003a4, 0x0003e4, 0x000424, 0x000000, 0x000000, 0x000000, 0x000000, 0x000000,
    0x000463, 0x0004a3, 0x000000, 0x000000, 0x000000, 0x0004e0, 0x000500, 0x000530, 0x000000,
    0x000568, 0x0005a6, 0x0005d6, 0x000000, 0x000604, 0x000000, 0x000000, 0x000000, 0x000000,
    0x000624, 0x000664, 0x000000, 0x0006a4, 0x0006e4, 0x000704, 0x00073e, 0x000779, 0x0007b9,
    0x000000, 0x000000, 0x000000, 0x000000, 0x000000, 0x000000, 0x000000, 0x000000, 0x000000,
    0x000000, 0x000000, 0x000000, 0x000000, 0x000000, 0x000000, 0x000000, 0x000000, 0x000000,
    0x000000, 0x000000, 0x000000, 0x000000, 0x000000, 0x000000, 0x000000, 0x000000, 0x000000,
    0x000000, 0x000000, 0x000000, 0x000000, 0x000000, 0x000000, 0x000000, 0x000000, 0x000000,
    0x000000, 0x000000, 0x0007f9, 0x000838, 0x000878, 0x0008b8, 0x0008f4, 0x000000, 0x000000,
    0x000000, 0x00091e, 0x000000, 0x000000, 0x000000, 0x000000, 0x000000, 0x000000, 0x000000,
    0x000000, 0x000000, 0x000000, 0x000000, 0x000000, 0x000000, 0x000000, 0x000000, 0x000000,
    0x000000, 0x000000, 0x000000, 0x000000, 0x000000, 0x000000, 0x000000, 0x000000, 0x000000,
    0x000000, 0x000000, 0x000000, 0x000000, 0x000000, 0x000000, 0x000000, 0x000000, 0x000000,
    0x000000, 0x000000, 0x000000, 0x000000, 0x000000, 0x000000, 0x000000, 0x000000, 0x000000,
    0x000000, 0x000000, 0x000000, 0x000000, 0x000000, 0x000000, 0x000000, 0x000000, 0x000000,
    0x000000, 0x000000, 0x000000, 0x000000, 0x00095e, 0x00099e, 0x0009dd, 0x000a1d, 0x000a5d,
    0x000a9b, 0x000adb, 0x000b1b, 0x000b5a, 0x000b99, 0x000bd9, 0x000c15, 0x000c51, 0x000c91,
    0x000cd1, 0x000d11, 0x000d51, 0x000d91, 0x000dd1, 0x000e11, 0x000e51, 0x000e91, 0x000ed1,
    0x000f11, 0x000f50, 0x000f90, 0x000fd0, 0x001010, 0x001050, 0x001090, 0x0010d0, 0x00110f,
    0x00114f, 0x00118f, 0x0011cc, 0x001209, 0x001249, 0x001289, 0x0012c7, 0x001305, 0x001345,
    0x001381, 0x0013c1, 0x001400, 0x00143e, 0x00147d, 0x0014bc, 0x0014fb, 0x00153b, 0x00157b,
    0x0015bb, 0x0015fa, 0x001631, 0x001671, 0x0016b1, 0x0016f1, 0x001731, 0x001771, 0x0017b1,
    0x0017f1, 0x00182f, 0x00186e, 0x0018ac, 0x0018e7, 0x001926, 0x001964, 0x0019a4, 0x0019e3,
    0x001a23, 0x001a63, 0x001aa3, 0x001ae1, 0x001b21, 0x001b61, 0x001ba1, 0x001bde, 0x001c1e,
    0x001c5e, 0x001c96, 0x001cd5, 0x001d15, 0x001d55, 0x001d95, 0x001dd5, 0x001e15, 0x001e53,
    0x001e93, 0x001ed2, 0x001f12, 0x001f52, 0x001f90, 0x001fd0, 0x002010, 0x002050, 0x002089,
    0x0020c8, 0x002108, 0x002147, 0x002186, 0x0021c5, 0x002205, 0x002245, 0x002285, 0x0022c4,
    0x002304, 0x002344, 0x002383, 0x0023c3, 0x002402, 0x002442, 0x002482, 0x0024c1, 0x002501,
    0x002540, 0x002580, 0x000000, 0x0025ad, 0x0025ec, 0x00262b, 0x00266b, 0x0026a9, 0x0026e9,
    0x002728, 0x002768, 0x0027a7, 0x0027e6, 0x002824, 0x002864, 0x0028a1, 0x0028de, 0x00291e,
    0x00295d, 0x00299b, 0x0029da, 0x002a17, 0x002a57, 0x002a87, 0x002ac1, 0x002b01, 0x002b41,
    0x002b7f, 0x002bba, 0x002bf8, 0x002c35, 0x002c6f, 0x002caf, 0x002cef, 0x002d2e, 0x002d6d,
    0x002dad, 0x002dec, 0x002e2c, 0x002e69, 0x002ea8, 0x002ee8, 0x002f23, 0x002f63, 0x002fa3,
    0x002fe3, 0x003022, 0x003062, 0x0030a2, 0x0030e1, 0x003121, 0x003160, 0x0031a0, 0x0031e0,
    0x003220, 0x003260, 0x0032a0, 0x0032dd, 0x00331c, 0x00335b, 0x00339b, 0x0033db, 0x00341b,
    0x00345b, 0x00349b, 0x0034db, 0x00351b, 0x00355b, 0x00359a, 0x0035da, 0x003619, 0x003658,
    0x003698, 0x0036d6, 0x003715, 0x003751, 0x003781, 0x0037b9, 0x000000, 0x0037e8, 0x003827,
    0x003865, 0x0038a5, 0x0038e5, 0x003923, 0x003962, 0x0039a2, 0x0039e2, 0x003a22, 0x003a62,
    0x003aa2, 0x003ae0, 0x003b1f, 0x003b5f, 0x003b9f, 0x003bdf, 0x003c1e, 0x003c5e, 0x003c9d,
    0x003cdc, 0x003d1c, 0x003d5a, 0x003d9a, 0x003dd9, 0x003e17, 0x003e55, 0x003e95, 0x003ed5,
    0x003f13, 0x003f52, 0x003f91, 0x003fd1, 0x00400e, 0x00404e, 0x00408e, 0x0040ce, 0x00410e,
    0x00414d, 0x00418d, 0x0041cc, 0x00420c, 0x00424c, 0x00428b, 0x0042ca, 0x004309, 0x004349,
    0x004388, 0x0043c8, 0x004407, 0x004441, 0x000000, 0x00447a, 0x0044a1, 0x0044ce, 0x00450e,
    0x00454e, 0x00458d, 0x0045cb, 0x000000, 0x0045ee, 0x00462e, 0x00466d, 0x0046ad, 0x0046eb,
    0x00472b, 0x00476b, 0x0047a6, 0x000000, 0x0047c0, 0x004800, 0x00483f, 0x00487f, 0x0048be,
    0x0048fe, 0x00493d, 0x00497c, 0x0049b9, 0x0049f9, 0x004a34, 0x000000, 0x004a51, 0x004a86,
    0x004abe, 0x004ac7, 0x004b06, 0x004b37, 0x004b6d, 0x004b84, 0x004bc3, 0x004bfe, 0x004c3e,
    0x004c7e, 0x004cbe, 0x000000, 0x004cfe, 0x004d3e, 0x004d7e, 0x004db9, 0x004df9, 0x004e39,
    0x004e78, 0x004eb5, 0x004eea, 0x000000, 0x004f21, 0x004f61, 0x004f93, 0x004fc6, 0x004ff5,
    0x005035, 0x000000, 0x000000, 0x00505e, 0x00509e, 0x0050de, 0x00511b, 0x00515a, 0x000000,
    0x000000, 0x000000, 0x00516f, 0x0051af, 0x0051ed, 0x000000, 0x000000, 0x000000, 0x000000,
    0x005210, 0x005250, 0x005290, 0x0052cf, 0x00530e, 0x00534d, 0x00538d, 0x000000, 0x000000,
    0x000000, 0x000000, 0x000000, 0x000000, 0x000000, 0x000000, 0x000000, 0x000000, 0x000000,
    0x000000, 0x000000, 0x000000, 0x000000, 0x000000, 0x000000, 0x000000, 0x000000, 0x000000,
    0x000000, 0x000000, 0x000000, 0x000000, 0x000000, 0x000000, 0x000000, 0x000000, 0x000000,
    0x000000, 0x000000, 0x000000, 0x000000, 0x000000, 0x000000, 0x000000, 0x000000, 0x000000,
    0x000000, 0x000000, 0x000000, 0x000000, 0x000000, 0x000000, 0x000000, 0x000000, 0x000000,
    0x000000, 0x000000, 0x000000, 0x000000, 0x000000, 0x000000, 0x000000, 0x000000, 0x000000,
    0x000000, 0x000000, 0x000000, 0x000000, 0x0053cc, 0x00540c, 0x000000, 0x00544c, 0x000000,
    0x000000, 0x000000, 0x000000, 0x000000, 0x000000, 0x000000, 0x000000, 0x000000, 0x000000,
    0x000000, 0x000000, 0x000000, 0x000000, 0x000000, 0x000000, 0x000000, 0x000000, 0x000000,
    0x000000, 0x000000, 0x00a1aa, 0x00a1ac, 0x000000, 0x00a1ae, 0x00a1af, 0x000000, 0x000000,
    0x00a1b0, 0x00a1b1, 0x000000, 0x000000, 0x000000, 0x000000, 0x000000, 0x000000, 0x000000,
    0x000000, 0x00a1ad, 0x000000, 0x000000, 0x000000, 0x000000, 0x000000, 0x000000, 0x000000,
    0x000000, 0x000000, 0x00a1eb, 0x000000, 0x00a1e4, 0x00a1e5, 0x000000, 0x000000, 0x000000,
    0x000000, 0x000000, 0x000000, 0x000000, 0x00a1f9, 0x000000, 0x000000, 0x000000, 0x000000,
    0x00a1e6, 0x000000, 0x000000, 0x000000, 0x000000, 0x000000, 0x000000, 0x000000, 0x000000,
    0x000000, 0x000000, 0x000000, 0x000000, 0x000000, 0x000000, 0x000000, 0x000000, 0x000000,
    0x000000, 0x00a1ed, 0x000000, 0x000000, 0x000000, 0x000000, 0x000000, 0x000000, 0x000000,
    0x000000, 0x000000, 0x000000, 0x000000, 0x000000, 0x000000, 0x000000, 0x000000, 0x000000,
    0x000000, 0x000000, 0x000000, 0x000000, 0x000000, 0x000000, 0x000000, 0x000000, 0x000000,
    0x000000, 0x000000, 0x000000, 0x000000, 0x000000, 0x000000, 0x000000, 0x000000, 0x000000,
    0x000000, 0x000000, 0x000000, 0x000000, 0x000000, 0x000000, 0x000000, 0x00a2f1, 0x00a2f2,
    0x00a2f3, 0x00a2f4, 0x00a2f5, 0x00a2f6, 0x00a2f7, 0x00a2f8, 0x00a2f9, 0x00a2fa, 0x00a2fb,
    0x00a2fc, 0x000000, 0x000000, 0x000000, 0x000000, 0x000000, 0x000000, 0x000000, 0x000000,
    0x000000, 0x000000, 0x000000, 0x000000, 0x000000, 0x000000, 0x000000, 0x000000, 0x000000,
    0x000000, 0x000000, 0x000000, 0x00a1fb, 0x00a1fc, 0x00a1fa, 0x00a1fd, 0x000000, 0x000000,
    0x000000, 0x000000, 0x000000, 0x000000, 0x000000, 0x000000, 0x000000, 0x000000, 0x000000,
    0x000000, 0x000000, 0x000000, 0x000000, 0x000000, 0x000000, 0x000000, 0x000000, 0x000000,
    0x000000, 0x000000, 0x000000, 0x000000, 0x000000, 0x000000, 0x000000, 0x000000, 0x000000,
    0x000000, 0x000000, 0x000000, 0x000000, 0x000000, 0x000000, 0x000000, 0x000000, 0x000000,
    0x000000, 0x000000, 0x000000, 0x000000, 0x000000, 0x000000, 0x00a1ca, 0x000000, 0x000000,
    0x000000, 0x000000, 0x000000, 0x000000, 0x00a1c7, 0x000000, 0x00a1c6, 0x000000, 0x000000,
    0x000000, 0x000000, 0x000000, 0x000000, 0x000000, 0x000000, 0x00a1cc, 0x000000, 0x000000,
    0x00a1d8, 0x00a1de, 0x000000, 0x00a1cf, 0x000000, 0x000000, 0x000000, 0x000000, 0x00a1ce,
    0x000000, 0x00a1c4, 0x00a1c5, 0x00a1c9, 0x00a1c8, 0x00a1d2, 0x000000, 0x000000, 0x00a1d3,
    0x000000, 0x000000, 0x000000, 0x000000, 0x000000, 0x00a1e0, 0x00a1df, 0x00a1c3, 0x00a1cb,
    0x000000, 0x000000, 0x000000, 0x000000, 0x000000, 0x00a1d7, 0x000000, 0x000000, 0x000000,
    0x000000, 0x000000, 0x000000, 0x000000, 0x000000, 0x00a1d6, 0x000000, 0x000000, 0x000000,
    0x00a1d5, 0x000000, 0x000000, 0x000000, 0x000000, 0x000000, 0x000000, 0x000000, 0x000000,
    0x000000, 0x000000, 0x000000, 0x000000, 0x000000, 0x000000, 0x000000, 0x000000, 0x000000,
    0x000000, 0x000000, 0x00a1d9, 0x00a1d4, 0x000000, 0x000000, 0x00a1dc, 0x00a1dd, 0x000000,
    0x000000, 0x000000, 0x000000, 0x000000, 0x000000, 0x000000, 0x000000, 0x00a1da, 0x00a1db,
    0x000000, 0x000000, 0x000000, 0x000000, 0x000000, 0x000000, 0x000000, 0x000000, 0x000000,
    0x000000, 0x000000, 0x000000, 0x000000, 0x000000, 0x000000, 0x000000, 0x000000, 0x000000,
    0x000000, 0x000000, 0x000000, 0x000000, 0x000000, 0x000000, 0x000000, 0x00a1d1, 0x000000,
    0x000000, 0x000000, 0x000000, 0x000000, 0x000000, 0x000000, 0x000000, 0x000000, 0x000000,
    0x000000, 0x00a1cd, 0x000000, 0x000000, 0x000000, 0x000000, 0x000000, 0x000000, 0x000000,
    0x000000, 0x000000, 0x000000, 0x000000, 0x000000, 0x000000, 0x000000, 0x000000, 0x000000,
    0x000000, 0x000000, 0x000000, 0x000000, 0x000000, 0x000000, 0x000000, 0x000000, 0x000000,
    0x000000, 0x00a1d0, 0x000000, 0x000000, 0x000000, 0x000000, 0x000000, 0x000000, 0x000000,
    0x000000, 0x000000, 0x000000, 0x000000, 0x000000, 0x000000, 0x000000, 0x000000, 0x000000,
    0x000000, 0x000000, 0x000000, 0x000000, 0x000000, 0x000000, 0x000000, 0x000000, 0x000000,
    0x000000, 0x000000, 0x000000, 0x000000, 0x000000, 0x000000, 0x000000, 0x000000, 0x000000,
    0x000000, 0x000000, 0x000000, 0x000000, 0x000000, 0x000000, 0x000000, 0x000000, 0x000000,
    0x000000, 0x000000, 0x00a2d9, 0x00a2da, 0x00a2db, 0x00a2dc, 0x00a2dd, 0x00a2de, 0x00a2df,
    0x00a2e0, 0x00a2e1, 0x00a2e2, 0x000000, 0x000000, 0x000000, 0x000000, 0x000000, 0x000000,
    0x000000, 0x000000, 0x000000, 0x000000, 0x00a2c5, 0x00a2c6, 0x00a2c7, 0x00a2c8, 0x00a2c9,
    0x00a2ca, 0x00a2cb, 0x00a2cc, 0x00a2cd, 0x00a2ce, 0x00a2cf, 0x00a2d0, 0x00a2d1, 0x00a2d2,
    0x00a2d3, 0x00a2d4, 0x00a2d5, 0x00a2d6, 0x00a2d7, 0x00a2d8, 0x00a2b1, 0x00a2b2, 0x00a2b3,
    0x00a2b4, 0x00a2b5, 0x00a2b6, 0x00a2b7, 0x00a2b8, 0x00a2b9, 0x00a2ba, 0x00a2bb, 0x00a2bc,
    0x00a2bd, 0x00a2be, 0x00a2bf, 0x00a2c0, 0x00a2c1, 0x00a2c2, 0x00a2c3, 0x00a2c4, 0x000000,
    0x000000, 0x000000, 0x000000, 0x000000, 0x000000, 0x000000, 0x000000, 0x000000, 0x000000,
    0x000000, 0x000000, 0x000000, 0x000000, 0x000000, 0x000000, 0x000000, 0x000000, 0x000000,
    0x000000, 0x000000, 0x000000, 0x000000, 0x000000, 0x000000, 0x000000, 0x000000, 0x000000,
    0x000000, 0x000000, 0x000000, 0x000000, 0x000000, 0x000000, 0x000000, 0x000000, 0x00a9a4,
    0x00a9a5, 0x00a9a6, 0x00a9a7, 0x00a9a8, 0x00a9a9, 0x00a9aa, 0x00a9ab, 0x00a9ac, 0x00a9ad,
    0x00a9ae, 0x00a9af, 0x00a9b0, 0x00a9b1, 0x00a9b2, 0x00a9b3, 0x00a9b4, 0x00a9b5, 0x00a9b6,
    0x00a9b7, 0x00a9b8, 0x00a9b9, 0x00a9ba, 0x00a9bb, 0x00a9bc, 0x00a9bd, 0x00a9be, 0x00a9bf,
    0x00a9c0, 0x00a9c1, 0x00a9c2, 0x00a9c3, 0x00a9c4, 0x00a9c5, 0x00a9c6, 0x00a9c7, 0x00a9c8,
    0x00a9c9, 0x00a9ca, 0x00a9cb, 0x00a9cc, 0x00a9cd, 0x00a9ce, 0x00a9cf, 0x00a9d0, 0x00a9d1,
    0x00a9d2, 0x00a9d3, 0x00a9d4, 0x00a9d5, 0x00a9d6, 0x00a9d7, 0x00a9d8, 0x00a9d9, 0x00a9da,
    0x00a9db, 0x00a9dc, 0x00a9dd, 0x00a9de, 0x00a9df, 0x00a9e0, 0x00a9e1, 0x00a9e2, 0x00a9e3,
    0x00a9e4, 0x00a9e5, 0x00a9e6, 0x00a9e7, 0x00a9e8, 0x00a9e9, 0x00a9ea, 0x00a9eb, 0x00a9ec,
    0x00a9ed, 0x00a9ee, 0x00a9ef, 0x000000, 0x000000, 0x000000, 0x000000, 0x000000, 0x000000,
    0x000000, 0x000000, 0x000000, 0x000000, 0x000000, 0x000000, 0x000000, 0x000000, 0x000000,
    0x000000, 0x000000, 0x000000, 0x000000, 0x000000, 0x000000, 0x000000, 0x000000, 0x000000,
    0x000000, 0x000000, 0x000000, 0x000000, 0x000000, 0x000000, 0x000000, 0x000000, 0x000000,
    0x000000, 0x000000, 0x000000, 0x000000, 0x000000, 0x000000, 0x000000, 0x000000, 0x000000,
    0x000000, 0x000000, 0x000000, 0x000000, 0x000000, 0x000000, 0x000000, 0x000000, 0x000000,
    0x000000, 0x00a1f6, 0x00a1f5, 0x000000, 0x000000, 0x000000, 0x000000, 0x000000, 0x000000,
    0x000000, 0x000000, 0x000000, 0x000000, 0x000000, 0x000000, 0x000000, 0x000000, 0x000000,
    0x000000, 0x00a1f8, 0x00a1f7, 0x000000, 0x000000, 0x000000, 0x000000, 0x000000, 0x000000,
    0x000000, 0x000000, 0x000000, 0x000000, 0x000000, 0x000000, 0x00a1f4, 0x00a1f3, 0x000000,
    0x000000, 0x000000, 0x00a1f0, 0x000000, 0x000000, 0x00a1f2, 0x00a1f1, 0x000000, 0x000000,
    0x000000, 0x000000, 0x000000, 0x000000, 0x000000, 0x000000, 0x000000, 0x000000, 0x000000,
    0x000000, 0x000000, 0x000000, 0x000000, 0x000000, 0x000000, 0x000000, 0x000000, 0x000000,
    0x000000, 0x000000, 0x000000, 0x000000, 0x000000, 0x000000, 0x000000, 0x000000, 0x000000,
    0x000000, 0x000000, 0x000000, 0x000000, 0x000000, 0x000000, 0x000000, 0x000000, 0x000000,
    0x000000, 0x000000, 0x000000, 0x000000, 0x000000, 0x000000, 0x000000, 0x000000, 0x000000,
    0x000000, 0x00a1ef, 0x00a1ee, 0x000000, 0x000000, 0x000000, 0x000000, 0x000000, 0x000000,
    0x000000, 0x000000, 0x000000, 0x000000, 0x000000, 0x000000, 0x000000, 0x000000, 0x000000,
    0x000000, 0x000000, 0x000000, 0x000000, 0x000000, 0x000000, 0x000000, 0x000000, 0x000000,
    0x000000, 0x000000, 0x000000, 0x000000, 0x000000, 0x000000, 0x000000, 0x000000, 0x000000,
    0x000000, 0x000000, 0x000000, 0x000000, 0x000000, 0x000000, 0x000000, 0x000000, 0x000000,
    0x000000, 0x000000, 0x000000, 0x000000, 0x000000, 0x000000, 0x000000, 0x000000, 0x000000,
    0x000000, 0x000000, 0x000000, 0x000000, 0x000000, 0x000000, 0x00a1e2, 0x000000, 0x00a1e1,
    0x000000, 0x000000, 0x000000, 0x000000, 0x000000, 0x000000, 0x000000, 0x000000, 0x000000,
    0x000000, 0x000000, 0x000000, 0x000000, 0x000000, 0x000000, 0x000000, 0x000000, 0x000000,
    0x000000, 0x000000, 0x000000, 0x000000, 0x000000, 0x000000, 0x000000, 0x000000, 0x000000,
    0x000000, 0x000000, 0x000000, 0x000000, 0x000000, 0x000000, 0x000000, 0x000000, 0x000000,
    0x000000, 0x000000, 0x000000, 0x000000, 0x000000, 0x000000, 0x000000, 0x000000, 0x000000,
    0x000000, 0x000000, 0x000000, 0x000000, 0x000000, 0x000000, 0x000000, 0x000000, 0x000000,
    0x000000, 0x000000, 0x000000, 0x000000, 0x000000, 0x000000, 0x000000, 0x00a1a1, 0x00a1a2,
    0x00a1a3, 0x00a1a8, 0x000000, 0x00a1a9, 0x000000, 0x000000, 0x00a1b4, 0x00a1b5, 0x00a1b6,
    0x00a1b7, 0x00a1b8, 0x00a1b9, 0x00a1ba, 0x00a1bb, 0x00a1be, 0x00a1bf, 0x000000, 0x00a1fe,
    0x00a1b2, 0x00a1b3, 0x00a1bc, 0x00a1bd, 0x000000, 0x000000, 0x000000, 0x000000, 0x000000,
    0x000000, 0x000000, 0x000000, 0x000000, 0x000000, 0x000000, 0x000000, 0x000000, 0x000000,
    0x000000, 0x000000, 0x000000, 0x000000, 0x000000, 0x000000, 0x000000, 0x000000, 0x000000,
    0x000000, 0x000000, 0x000000, 0x000000, 0x000000, 0x000000, 0x000000, 0x000000, 0x000000,
    0x000000, 0x000000, 0x000000, 0x000000, 0x000000, 0x000000, 0x000000, 0x000000, 0x00a4a1,
    0x00a4a2, 0x00a4a3, 0x00a4a4, 0x00a4a5, 0x00a4a6, 0x00a4a7, 0x00a4a8, 0x00a4a9, 0x00a4aa,
    0x00a4ab, 0x00a4ac, 0x00a4ad, 0x00a4ae, 0x00a4af, 0x00a4b0, 0x00a4b1, 0x00a4b2, 0x00a4b3,
    0x00a4b4, 0x00a4b5, 0x00a4b6, 0x00a4b7, 0x00a4b8, 0x00a4b9, 0x00a4ba, 0x00a4bb, 0x00a4bc,
    0x00a4bd, 0x00a4be, 0x00a4bf, 0x00a4c0, 0x00a4c1, 0x00a4c2, 0x00a4c3, 0x00a4c4, 0x00a4c5,
    0x00a4c6, 0x00a4c7, 0x00a4c8, 0x00a4c9, 0x00a4ca, 0x00a4cb, 0x00a4cc, 0x00a4cd, 0x00a4ce,
    0x00a4cf, 0x00a4d0, 0x00a4d1, 0x00a4d2, 0x00a4d3, 0x00a4d4, 0x00a4d5, 0x00a4d6, 0x00a4d7,
    0x00a4d8, 0x00a4d9, 0x00a4da, 0x00a4db, 0x00a4dc, 0x00a4dd, 0x00a4de, 0x00a4df, 0x00a4e0,
    0x00a4e1, 0x00a4e2, 0x00a4e3, 0x00a4e4, 0x00a4e5, 0x00a4e6, 0x00a4e7, 0x00a4e8, 0x00a4e9,
    0x00a4ea, 0x00a4eb, 0x00a4ec, 0x00a4ed, 0x00a4ee, 0x00a4ef, 0x00a4f0, 0x00a4f1, 0x00a4f2,
    0x00a4f3, 0x000000, 0x000000, 0x000000, 0x000000, 0x000000, 0x000000, 0x000000, 0x000000,
    0x000000, 0x000000, 0x000000, 0x000000, 0x000000, 0x00a5a1, 0x00a5a2, 0x00a5a3, 0x00a5a4,
    0x00a5a5, 0x00a5a6, 0x00a5a7, 0x00a5a8, 0x00a5a9, 0x00a5aa, 0x00a5ab, 0x00a5ac, 0x00a5ad,
    0x00a5ae, 0x00a5af, 0x00a5b0, 0x00a5b1, 0x00a5b2, 0x00a5b3, 0x00a5b4, 0x00a5b5, 0x00a5b6,
    0x00a5b7, 0x00a5b8, 0x00a5b9, 0x00a5ba, 0x00a5bb, 0x00a5bc, 0x00a5bd, 0x00a5be, 0x00a5bf,
    0x00a5c0, 0x00a5c1, 0x00a5c2, 0x00a5c3, 0x00a5c4, 0x00a5c5, 0x00a5c6, 0x00a5c7, 0x00a5c8,
    0x00a5c9, 0x00a5ca, 0x00a5cb, 0x00a5cc, 0x00a5cd, 0x00a5ce, 0x00a5cf, 0x00a5d0, 0x00a5d1,
    0x00a5d2, 0x00a5d3, 0x00a5d4, 0x00a5d5, 0x00a5d6, 0x00a5d7, 0x00a5d8, 0x00a5d9, 0x00a5da,
    0x00a5db, 0x00a5dc, 0x00a5dd, 0x00a5de, 0x00a5df, 0x00a5e0, 0x00a5e1, 0x00a5e2, 0x00a5e3,
    0x00a5e4, 0x00a5e5, 0x00a5e6, 0x00a5e7, 0x00a5e8, 0x00a5e9, 0x00a5ea, 0x00a5eb, 0x00a5ec,
    0x00a5ed, 0x00a5ee, 0x00a5ef, 0x00a5f0, 0x00a5f1, 0x00a5f2, 0x00a5f3, 0x00a5f4, 0x00a5f5,
    0x00a5f6, 0x000000, 0x000000, 0x000000, 0x000000, 0x00a1a4, 0x000000, 0x000000, 0x000000,
    0x000000, 0x000000, 0x00a8c5, 0x00a8c6, 0x00a8c7, 0x00a8c8, 0x00a8c9, 0x00a8ca, 0x00a8cb,
    0x00a8cc, 0x00a8cd, 0x00a8ce, 0x00a8cf, 0x00a8d0, 0x00a8d1, 0x00a8d2, 0x00a8d3, 0x00a8d4,
    0x00a8d5, 0x00a8d6, 0x00a8d7, 0x00a8d8, 0x00a8d9, 0x00a8da, 0x00a8db, 0x00a8dc, 0x00a8dd,
    0x00a8de, 0x00a8df, 0x00a8e0, 0x00a8e1, 0x00a8e2, 0x00a8e3, 0x00a8e4, 0x00a8e5, 0x00a8e6,
    0x00a8e7, 0x00a8e8, 0x00a8e9, 0x000000, 0x000000, 0x000000, 0x000000, 0x000000, 0x000000,
    0x000000, 0x000000, 0x000000, 0x000000, 0x000000, 0x000000, 0x000000, 0x000000, 0x000000,
    0x000000, 0x000000, 0x000000, 0x000000, 0x000000, 0x000000, 0x000000, 0x000000, 0x000000,
    0x000000, 0x000000, 0x000000, 0x000000, 0x000000, 0x000000, 0x000000, 0x000000, 0x00a2e5,
    0x00a2e6, 0x00a2e7, 0x00a2e8, 0x00a2e9, 0x00a2ea, 0x00a2eb, 0x00a2ec, 0x00a2ed, 0x00a2ee,
    0x000000, 0x000000, 0x000000, 0x000000, 0x000000, 0x000000, 0x000000, 0x000000, 0x000000,
    0x000000, 0x000000, 0x000000, 0x000000, 0x000000, 0x000000, 0x000000, 0x000000, 0x000000,
    0x000000, 0x000000, 0x000000, 0x000000, 0x00d2bb, 0x00b6a1, 0x000000, 0x00c6df, 0x000000,
    0x000000, 0x000000, 0x00cdf2, 0x00d5c9, 0x00c8fd, 0x00c9cf, 0x00cfc2, 0x00d8a2, 0x00b2bb,
    0x00d3eb, 0x000000, 0x00d8a4, 0x00b3f3, 0x000000, 0x00d7a8, 0x00c7d2, 0x00d8a7, 0x00cac0,
    0x000000, 0x00c7f0, 0x00b1fb, 0x00d2b5, 0x00b4d4, 0x00b6ab, 0x00cbbf, 0x00d8a9, 0x000000,
    0x000000, 0x000000, 0x00b6aa, 0x000000, 0x00c1bd, 0x00d1cf, 0x000000, 0x00c9a5, 0x00d8ad,
    0x000000, 0x00b8f6, 0x00d1be, 0x00e3dc, 0x00d6d0, 0x000000, 0x000000, 0x00b7e1, 0x000000,
    0x00b4ae, 0x000000, 0x00c1d9, 0x000000, 0x00d8bc, 0x000000, 0x00cde8, 0x00b5a4, 0x00ceaa,
    0x00d6f7, 0x000000, 0x00c0f6, 0x00bed9, 0x00d8af, 0x000000, 0x000000, 0x000000, 0x00c4cb,
    0x000000, 0x00bec3, 0x000000, 0x00d8b1, 0x00c3b4, 0x00d2e5, 0x000000, 0x00d6ae, 0x00ceda,
    0x00d5a7, 0x00baf5, 0x00b7a6, 0x00c0d6, 0x000000, 0x00c6b9, 0x00c5d2, 0x00c7c7, 0x000000,
    0x00b9d4, 0x000000, 0x00b3cb, 0x00d2d2, 0x000000, 0x000000, 0x00d8bf, 0x00bec5, 0x00c6f2,
    0x00d2b2, 0x00cfb0, 0x00cfe7, 0x000000, 0x000000, 0x000000, 0x000000, 0x00cae9, 0x000000,
    0x000000, 0x00d8c0, 0x000000, 0x000000, 0x000000, 0x000000, 0x000000, 0x000000, 0x00c2f2,
    0x00c2d2, 0x000000, 0x00c8e9, 0x000000, 0x000000, 0x000000, 0x000000, 0x000000, 0x000000,
    0x000000, 0x000000, 0x000000, 0x000000, 0x00c7ac, 0x000000, 0x000000, 0x000000, 0x000000,
    0x000000, 0x000000, 0x00c1cb, 0x000000, 0x00d3e8, 0x00d5f9, 0x000000, 0x00cac2, 0x00b6fe,
    0x00d8a1, 0x00d3da, 0x00bff7, 0x000000, 0x00d4c6, 0x00bba5, 0x00d8c1, 0x00cee5, 0x00beae,
    0x000000, 0x000000, 0x00d8a8, 0x000000, 0x00d1c7, 0x00d0a9, 0x000000, 0x000000, 0x000000,
    0x00d8bd, 0x00d9ef, 0x00cdf6, 0x00bfba, 0x000000, 0x00bdbb, 0x00baa5, 0x00d2e0, 0x00b2fa,
    0x00bae0, 0x00c4b6, 0x000000, 0x00cfed, 0x00bea9, 0x00cda4, 0x00c1c1, 0x000000, 0x000000,
    0x000000, 0x00c7d7, 0x00d9f1, 0x000000, 0x00d9f4, 0x000000, 0x000000, 0x000000, 0x000000,
    0x00c8cb, 0x00d8e9, 0x000000, 0x000000, 0x000000, 0x00d2da, 0x00cab2, 0x00c8ca, 0x00d8ec,
    0x00d8ea, 0x00d8c6, 0x00bdf6, 0x00c6cd, 0x00b3f0, 0x000000, 0x00d8eb, 0x00bdf1, 0x00bde9,
    0x000000, 0x00c8d4, 0x00b4d3, 0x000000, 0x000000, 0x00c2d8, 0x000000, 0x00b2d6, 0x00d7d0,
    0x00cacb, 0x00cbfb, 0x00d5cc, 0x00b8b6, 0x00cfc9, 0x000000, 0x000000, 0x000000, 0x00d9da,
    0x00d8f0, 0x00c7aa, 0x000000, 0x00d8ee, 0x000000, 0x00b4fa, 0x00c1ee, 0x00d2d4, 0x000000,
    0x000000, 0x00d8ed, 0x000000, 0x00d2c7, 0x00d8ef, 0x00c3c7, 0x000000, 0x000000, 0x000000,
    0x00d1f6, 0x000000, 0x00d6d9, 0x00d8f2, 0x000000, 0x00d8f5, 0x00bcfe, 0x00bcdb, 0x000000,
    0x000000, 0x000000, 0x00c8ce, 0x000000, 0x00b7dd, 0x000000, 0x00b7c2, 0x000000, 0x00c6f3,
    0x000000, 0x000000, 0x000000, 0x000000, 0x000000, 0x000000, 0x000000, 0x00d8f8, 0x00d2c1,
    0x000000, 0x000000, 0x00cee9, 0x00bcbf, 0x00b7fc, 0x00b7a5, 0x00d0dd, 0x000000, 0x000000,
    0x000000, 0x000000, 0x000000, 0x00d6da, 0x00d3c5, 0x00bbef, 0x00bbe1, 0x00d8f1, 0x000000,
    0x000000, 0x00c9a1, 0x00ceb0, 0x00b4ab, 0x000000, 0x00d8f3, 0x000000, 0x00c9cb, 0x00d8f6,
    0x00c2d7, 0x00d8f7, 0x000000, 0x000000, 0x00ceb1, 0x00d8f9, 0x000000, 0x000000, 0x000000,
    0x00b2ae, 0x00b9c0, 0x000000, 0x00d9a3, 0x000000, 0x00b0e9, 0x000000, 0x00c1e6, 0x000000,
    0x00c9ec, 0x000000, 0x00cbc5, 0x000000, 0x00cbc6, 0x00d9a4, 0x000000, 0x000000, 0x000000,
    0x00b5e8, 0x000000, 0x000000, 0x00b5ab, 0x000000, 0x000000, 0x000000, 0x000000, 0x000000,
    0x000000, 0x00cebb, 0x00b5cd, 0x00d7a1, 0x00d7f4, 0x00d3d3, 0x000000, 0x00cce5, 0x000000,
    0x00bace, 0x000000, 0x00d9a2, 0x00d9dc, 0x00d3e0, 0x00d8fd, 0x00b7f0, 0x00d7f7, 0x00d8fe,
    0x00d8fa, 0x00d9a1, 0x00c4e3, 0x000000, 0x000000, 0x00d3b6, 0x00d8f4, 0x00d9dd, 0x000000,
    0x00d8fb, 0x000000, 0x00c5e5, 0x000000, 0x000000, 0x00c0d0, 0x000000, 0x000000, 0x00d1f0,
    0x00b0db, 0x000000, 0x000000, 0x00bcd1, 0x00d9a6, 0x000000, 0x00d9a5, 0x000000, 0x000000,
    0x000000, 0x000000, 0x00d9ac, 0x00d9ae, 0x000000, 0x00d9ab, 0x00cab9, 0x000000, 0x000000,
    0x000000, 0x00d9a9, 0x00d6b6, 0x000000, 0x000000, 0x000000, 0x00b3de, 0x00d9a8, 0x000000,
    0x00c0fd, 0x000000, 0x00cacc, 0x000000, 0x00d9aa, 0x000000, 0x00d9a7, 0x000000, 0x000000,
    0x00d9b0, 0x000000, 0x000000, 0x00b6b1, 0x000000, 0x000000, 0x000000, 0x00b9a9, 0x000000,
    0x00d2c0, 0x000000, 0x000000, 0x00cfc0, 0x000000, 0x000000, 0x00c2c2, 0x000000, 0x00bdc4,
    0x00d5ec, 0x00b2e0, 0x00c7c8, 0x00bfeb, 0x00d9ad, 0x000000, 0x00d9af, 0x000000, 0x00ceea,
    0x00baee, 0x000000, 0x000000, 0x000000, 0x000000, 0x000000, 0x00c7d6, 0x000000, 0x000000,
    0x000000, 0x000000, 0x000000, 0x000000, 0x000000, 0x000000, 0x000000, 0x00b1e3, 0x000000,
    0x000000, 0x000000, 0x00b4d9, 0x00b6ed, 0x00d9b4, 0x000000, 0x000000, 0x000000, 0x000000,
    0x00bfa1, 0x000000, 0x000000, 0x000000, 0x00d9de, 0x00c7ce, 0x00c0fe, 0x00d9b8, 0x000000,
    0x000000, 0x000000, 0x000000, 0x000000, 0x00cbd7, 0x00b7fd, 0x000000, 0x00d9b5, 0x000000,
    0x00d9b7, 0x00b1a3, 0x00d3e1, 0x00d9b9, 0x000000, 0x00d0c5, 0x000000, 0x00d9b6, 0x000000,
    0x000000, 0x00d9b1, 0x000000, 0x00d9b2, 0x00c1a9, 0x00d9b3, 0x000000, 0x000000, 0x00bcf3,
    0x00d0de, 0x00b8a9, 0x000000, 0x00bee3, 0x000000, 0x00d9bd, 0x000000, 0x000000, 0x000000,
    0x000000, 0x00d9ba, 0x000000, 0x00b0b3, 0x000000, 0x000000, 0x000000, 0x00d9c2, 0x000000,
    0x000000, 0x000000, 0x000000, 0x000000, 0x000000, 0x000000, 0x000000, 0x000000, 0x000000,
    0x000000, 0x000000, 0x00d9c4, 0x00b1b6, 0x000000, 0x00d9bf, 0x000000, 0x000000, 0x00b5b9,
    0x000000, 0x00bef3, 0x000000, 0x000000, 0x000000, 0x00ccc8, 0x00baf2, 0x00d2d0, 0x000000,
    0x00d9c3, 0x000000, 0x000000, 0x00bde8, 0x000000, 0x00b3ab, 0x000000, 0x000000, 0x000000,
    0x00d9c5, 0x00beeb, 0x000000, 0x00d9c6, 0x00d9bb, 0x00c4df, 0x000000, 0x00d9be, 0x00d9c1,
    0x00d9c0, 0x000000, 0x000000, 0x000000, 0x000000, 0x000000, 0x000000, 0x000000, 0x000000,
    0x000000, 0x000000, 0x000000, 0x00d5ae, 0x000000, 0x00d6b5, 0x000000, 0x00c7e3, 0x000000,
    0x000000, 0x000000, 0x00d9c8, 0x000000, 0x000000, 0x000000, 0x00bcd9, 0x00d9ca, 0x000000,
    0x000000, 0x000000, 0x00d9bc, 0x000000, 0x00d9cb, 0x00c6ab, 0x000000, 0x000000, 0x000000,
    0x000000, 0x000000, 0x00d9c9, 0x000000, 0x000000, 0x000000, 0x000000, 0x00d7f6, 0x000000,
    0x00cda3, 0x000000, 0x000000, 0x000000, 0x000000, 0x000000, 0x000000, 0x000000, 0x000000,
    0x00bda1, 0x000000, 0x000000, 0x000000, 0x000000, 0x000000, 0x000000, 0x00d9cc, 0x000000,
    0x000000, 0x000000, 0x000000, 0x000000, 0x000000, 0x000000, 0x000000, 0x000000, 0x00c5bc,
    0x00cdb5, 0x000000, 0x000000, 0x000000, 0x00d9cd, 0x000000, 0x000000, 0x00d9c7, 0x00b3a5,
    0x00bffe, 0x000000, 0x000000, 0x000000, 0x000000, 0x00b8b5, 0x000000, 0x000000, 0x00c0fc,
    0x000000, 0x000000, 0x000000, 0x000000, 0x00b0f8, 0x000000, 0x000000, 0x000000, 0x000000,
    0x000000, 0x000000, 0x000000, 0x000000, 0x000000, 0x000000, 0x000000, 0x000000, 0x000000,
    0x000000, 0x000000, 0x000000, 0x000000, 0x000000, 0x000000, 0x000000, 0x000000, 0x00b4f6,
    0x000000, 0x00d9ce, 0x000000, 0x00d9cf, 0x00b4a2, 0x00d9d0, 0x000000, 0x000000, 0x00b4df,
    0x000000, 0x000000, 0x000000, 0x000000, 0x000000, 0x00b0c1, 0x000000, 0x000000, 0x000000,
    0x000000, 0x000000, 0x000000, 0x000000, 0x00d9d1, 0x00c9b5, 0x000000, 0x000000, 0x000000,
    0x000000, 0x000000, 0x000000, 0x000000, 0x000000, 0x000000, 0x000000, 0x000000, 0x000000,
    0x000000, 0x000000, 0x000000, 0x00cff1, 0x000000, 0x000000, 0x000000, 0x000000, 0x000000,
    0x000000, 0x00d9d2, 0x000000, 0x000000, 0x000000, 0x00c1c5, 0x000000, 0x000000, 0x000000,
    0x000000, 0x000000, 0x000000, 0x000000, 0x000000, 0x000000, 0x000000, 0x000000, 0x00d9d6,
    0x00c9ae, 0x000000, 0x000000, 0x000000, 0x000000, 0x00d9d5, 0x00d9d4, 0x00d9d7, 0x000000,
    0x000000, 0x000000, 0x000000, 0x00cbdb, 0x000000, 0x00bda9, 0x000000, 0x000000, 0x000000,
    0x000000, 0x000000, 0x00c6a7, 0x000000, 0x000000, 0x000000, 0x000000, 0x000000, 0x000000,
    0x00d9d3, 0x00d9d8, 0x000000, 0x000000, 0x000000, 0x00d9d9, 0x000000, 0x000000, 0x000000,
    0x000000, 0x000000, 0x000000, 0x00c8e5, 0x000000, 0x000000, 0x000000, 0x000000, 0x000000,
    0x000000, 0x000000, 0x000000, 0x000000, 0x000000, 0x000000, 0x000000, 0x000000, 0x000000,
    0x00c0dc, 0x000000, 0x000000, 0x000000, 0x000000, 0x000000, 0x000000, 0x000000, 0x000000,
    0x000000, 0x000000, 0x000000, 0x000000, 0x000000, 0x000000, 0x000000, 0x000000, 0x000000,
    0x000000, 0x000000, 0x000000, 0x000000, 0x000000, 0x000000, 0x000000, 0x000000, 0x000000,
    0x000000, 0x000000, 0x000000, 0x00b6f9, 0x00d8a3, 0x00d4ca, 0x000000, 0x00d4aa, 0x00d0d6,
    0x00b3e4, 0x00d5d7, 0x000000, 0x00cfc8, 0x00b9e2, 0x000000, 0x00bfcb, 0x000000, 0x00c3e2,
    0x000000, 0x000000, 0x000000, 0x00b6d2, 0x000000, 0x000000, 0x00cdc3, 0x00d9ee, 0x00d9f0,
    0x000000, 0x000000, 0x000000, 0x00b5b3, 0x000000, 0x00b6b5, 0x000000, 0x000000, 0x000000,
    0x000000, 0x000000, 0x00bea4, 0x000000, 0x000000, 0x00c8eb, 0x000000, 0x000000, 0x00c8ab,
    0x000000, 0x000000, 0x00b0cb, 0x00b9ab, 0x00c1f9, 0x00d9e2, 0x000000, 0x00c0bc, 0x00b9b2,
    0x000000, 0x00b9d8, 0x00d0cb, 0x00b1f8, 0x00c6e4, 0x00bedf, 0x00b5e4, 0x00d7c8, 0x000000,
    0x00d1f8, 0x00bce6, 0x00cade, 0x000000, 0x000000, 0x00bcbd, 0x00d9e6, 0x00d8e7, 0x000000,
    0x000000, 0x00c4da, 0x000000, 0x000000, 0x00b8d4, 0x00c8bd, 0x000000, 0x000000, 0x00b2e1,
    0x00d4d9, 0x000000, 0x000000, 0x000000, 0x000000, 0x00c3b0, 0x000000, 0x000000, 0x00c3e1,
    0x00daa2, 0x00c8df, 0x000000, 0x00d0b4, 0x000000, 0x00befc, 0x00c5a9, 0x000000, 0x000000,
    0x000000, 0x00b9da, 0x000000, 0x00daa3, 0x000000, 0x00d4a9, 0x00daa4, 0x000000, 0x000000,
    0x000000, 0x000000, 0x000000, 0x00d9fb, 0x00b6ac, 0x000000, 0x000000, 0x00b7eb, 0x00b1f9,
    0x00d9fc, 0x00b3e5, 0x00bef6, 0x000000, 0x00bff6, 0x00d2b1, 0x00c0e4, 0x000000, 0x000000,
    0x000000, 0x00b6b3, 0x00d9fe, 0x00d9fd, 0x000000, 0x000000, 0x00bebb, 0x000000, 0x000000,
    0x000000, 0x00c6e0, 0x000000, 0x00d7bc, 0x00daa1, 0x000000, 0x00c1b9, 0x000000, 0x00b5f2,
    0x00c1e8, 0x000000, 0x000000, 0x00bcf5, 0x000000, 0x00b4d5, 0x000000, 0x000000, 0x000000,
    0x000000, 0x000000, 0x000000, 0x000000, 0x000000, 0x000000, 0x00c1dd, 0x000000, 0x00c4fd,
    0x000000, 0x000000, 0x00bcb8, 0x00b7b2, 0x000000, 0x000000, 0x00b7ef, 0x000000, 0x000000,
    0x000000, 0x000000, 0x000000, 0x000000, 0x00d9ec, 0x000000, 0x00c6be, 0x000000, 0x00bfad,
    0x00bbcb, 0x000000, 0x000000, 0x00b5ca, 0x000000, 0x00dbc9, 0x00d0d7, 0x000000, 0x00cdb9,
    0x00b0bc, 0x00b3f6, 0x00bbf7, 0x00dbca, 0x00baaf, 0x000000, 0x00d4e4, 0x00b5b6, 0x00b5f3,
    0x00d8d6, 0x00c8d0, 0x000000, 0x000000, 0x00b7d6, 0x00c7d0, 0x00d8d7, 0x000000, 0x00bfaf,
    0x000000, 0x000000, 0x00dbbb, 0x00d8d8, 0x000000, 0x000000, 0x00d0cc, 0x00bbae, 0x000000,
    0x000000, 0x000000, 0x00ebbe, 0x00c1d0, 0x00c1f5, 0x00d4f2, 0x00b8d5, 0x00b4b4, 0x000000,
    0x00b3f5, 0x000000, 0x000000, 0x00c9be, 0x000000, 0x000000, 0x000000, 0x00c5d0, 0x000000,
    0x000000, 0x000000, 0x00c5d9, 0x00c0fb, 0x000000, 0x00b1f0, 0x000000, 0x00d8d9, 0x00b9ce,
    0x000000, 0x00b5bd, 0x000000, 0x000000, 0x00d8da, 0x000000, 0x000000, 0x00d6c6, 0x00cba2,
    0x00c8af, 0x00c9b2, 0x00b4cc, 0x00bfcc, 0x000000, 0x00b9f4, 0x000000, 0x00d8db, 0x00d8dc,
    0x00b6e7, 0x00bcc1, 0x00ccea, 0x000000, 0x000000, 0x000000, 0x000000, 0x000000, 0x000000,
    0x00cff7, 0x000000, 0x00d8dd, 0x00c7b0, 0x000000, 0x000000, 0x00b9d0, 0x00bda3, 0x000000,
    0x000000, 0x00ccde, 0x000000, 0x00c6ca, 0x000000, 0x000000, 0x000000, 0x000000, 0x000000,
    0x00d8e0, 0x000000, 0x00d8de, 0x000000, 0x000000, 0x00d8df, 0x000000, 0x000000, 0x000000,
    0x00b0fe, 0x000000, 0x00bee7, 0x000000, 0x00caa3, 0x00bcf4, 0x000000, 0x000000, 0x000000,
    0x000000, 0x00b8b1, 0x000000, 0x000000, 0x00b8ee, 0x000000, 0x000000, 0x000000, 0x000000,
    0x000000, 0x000000, 0x000000, 0x000000, 0x000000, 0x000000, 0x00d8e2, 0x000000, 0x00bdcb,
    0x000000, 0x00d8e4, 0x00d8e3, 0x000000, 0x000000, 0x000000, 0x000000, 0x000000, 0x00c5fc,
    0x000000, 0x000000, 0x000000, 0x000000, 0x000000, 0x000000, 0x000000, 0x00d8e5, 0x000000,
    0x000000, 0x00d8e6, 0x000000, 0x000000, 0x000000, 0x000000, 0x000000, 0x000000, 0x000000,
    0x00c1a6, 0x000000, 0x00c8b0, 0x00b0ec, 0x00b9a6, 0x00bcd3, 0x00cef1, 0x00dbbd, 0x00c1d3,
    0x000000, 0x000000, 0x000000, 0x000000, 0x00b6af, 0x00d6fa, 0x00c5ac, 0x00bdd9, 0x00dbbe,
    0x00dbbf, 0x000000, 0x000000, 0x000000, 0x00c0f8, 0x00bea2, 0x00c0cd, 0x000000, 0x000000,
    0x000000, 0x000000, 0x000000, 0x000000, 0x000000, 0x000000, 0x000000, 0x000000, 0x00dbc0,
    0x00cac6, 0x000000, 0x000000, 0x000000, 0x00b2aa, 0x000000, 0x000000, 0x000000, 0x00d3c2,
    0x000000, 0x00c3e3, 0x000000, 0x00d1ab, 0x000000, 0x000000, 0x000000, 0x000000, 0x00dbc2,
    0x000000, 0x00c0d5, 0x000000, 0x000000, 0x000000, 0x00dbc3, 0x000000, 0x00bfb1, 0x000000,
    0x000000, 0x000000, 0x000000, 0x000000, 0x000000, 0x00c4bc, 0x000000, 0x000000, 0x000000,
    0x000000, 0x00c7da, 0x000000, 0x000000, 0x000000, 0x000000, 0x000000, 0x000000, 0x000000,
    0x000000, 0x000000, 0x000000, 0x000000, 0x00dbc4, 0x000000, 0x000000, 0x000000, 0x000000,
    0x000000, 0x000000, 0x000000, 0x000000, 0x00d9e8, 0x00c9d7, 0x000000, 0x000000, 0x000000,
    0x00b9b4, 0x00cef0, 0x00d4c8, 0x000000, 0x000000, 0x000000, 0x000000, 0x00b0fc, 0x00b4d2,
    0x000000, 0x00d0d9, 0x000000, 0x000000, 0x000000, 0x000000, 0x00d9e9, 0x000000, 0x00decb,
    0x00d9eb, 0x000000, 0x000000, 0x000000, 0x000000, 0x00d8b0, 0x00bbaf, 0x00b1b1, 0x000000,
    0x00b3d7, 0x00d8ce, 0x000000, 0x000000, 0x00d4d1, 0x000000, 0x000000, 0x00bdb3, 0x00bfef,
    0x000000, 0x00cfbb, 0x000000, 0x000000, 0x00d8d0, 0x000000, 0x000000, 0x000000, 0x00b7cb,
    0x000000, 0x000000, 0x000000, 0x00d8d1, 0x000000, 0x000000, 0x000000, 0x000000, 0x000000,
    0x000000, 0x000000, 0x000000, 0x000000, 0x000000, 0x00c6a5, 0x00c7f8, 0x00d2bd, 0x000000,
    0x000000, 0x00d8d2, 0x00c4e4, 0x000000, 0x00caae, 0x000000, 0x00c7a7, 0x000000, 0x00d8a6,
    0x000000, 0x00c9fd, 0x00cee7, 0x00bbdc, 0x00b0eb, 0x000000, 0x000000, 0x000000, 0x00bbaa,
    0x00d0ad, 0x000000, 0x00b1b0, 0x00d7e4, 0x00d7bf, 0x000000, 0x00b5a5, 0x00c2f4, 0x00c4cf,
    0x000000, 0x000000, 0x00b2a9, 0x000000, 0x00b2b7, 0x000000, 0x00b1e5, 0x00dfb2, 0x00d5bc,
    0x00bfa8, 0x00c2ac, 0x00d8d5, 0x00c2b1, 0x000000, 0x00d8d4, 0x00ced4, 0x000000, 0x00dae0,
    0x000000, 0x00cec0, 0x000000, 0x000000, 0x00d8b4, 0x00c3ae, 0x00d3a1, 0x00cea3, 0x000000,
    0x00bcb4, 0x00c8b4, 0x00c2d1, 0x000000, 0x00beed, 0x00d0b6, 0x000000, 0x00dae1, 0x000000,
    0x000000, 0x000000, 0x000000, 0x00c7e4, 0x000000, 0x000000, 0x00b3a7, 0x000000, 0x00b6f2,
    0x00ccfc, 0x00c0fa, 0x000000, 0x000000, 0x00c0f7, 0x000000, 0x00d1b9, 0x00d1e1, 0x00d8c7,
    0x000000, 0x000000, 0x000000, 0x000000, 0x000000, 0x000000, 0x000000, 0x00b2de, 0x000000,
    0x000000, 0x00c0e5, 0x000000, 0x00baf1, 0x000000, 0x000000, 0x00d8c8, 0x000000, 0x00d4ad,
    0x000000, 0x000000, 0x00cfe1, 0x00d8c9, 0x000000, 0x00d8ca, 0x00cfc3, 0x000000, 0x00b3f8,
    0x00bec7, 0x000000, 0x000000, 0x000000, 0x000000, 0x00d8cb, 0x000000, 0x000000, 0x000000,
    0x000000, 0x000000, 0x000000, 0x000000, 0x00dbcc, 0x000000, 0x000000, 0x000000, 0x000000,
    0x00c8a5, 0x000000, 0x000000, 0x000000, 0x00cfd8, 0x000000, 0x00c8fe, 0x00b2ce, 0x000000,
    0x000000, 0x000000, 0x000000, 0x000000, 0x00d3d6, 0x00b2e6, 0x00bcb0, 0x00d3d1, 0x00cbab,
    0x00b7b4, 0x000000, 0x000000, 0x000000, 0x00b7a2, 0x000000, 0x000000, 0x00cae5, 0x000000,
    0x00c8a1, 0x00cadc, 0x00b1e4, 0x00d0f0, 0x000000, 0x00c5d1, 0x000000, 0x000000, 0x000000,
    0x00dbc5, 0x00b5fe, 0x000000, 0x000000, 0x00bfda, 0x00b9c5, 0x00bee4, 0x00c1ed, 0x000000,
    0x00dfb6, 0x00dfb5, 0x00d6bb, 0x00bdd0, 0x00d5d9, 0x00b0c8, 0x00b6a3, 0x00bfc9, 0x00cca8,
    0x00dfb3, 0x00cab7, 0x00d3d2, 0x000000, 0x00d8cf, 0x00d2b6, 0x00bac5, 0x00cbbe, 0x00ccbe,
    0x000000, 0x00dfb7, 0x00b5f0, 0x00dfb4, 0x000000, 0x000000, 0x00d3f5, 0x000000, 0x00b3d4,
    0x00b8f7, 0x000000, 0x00dfba, 0x000000, 0x00bacf, 0x00bcaa, 0x00b5f5, 0x000000, 0x00cdac,
    0x00c3fb, 0x00baf3, 0x00c0f4, 0x00cdc2, 0x00cff2, 0x00dfb8, 0x00cfc5, 0x000000, 0x00c2c0,
    0x00dfb9, 0x00c2f0, 0x000000, 0x000000, 0x000000, 0x00befd, 0x000000, 0x00c1df, 0x00cdcc,
    0x00d2f7, 0x00b7cd, 0x00dfc1, 0x000000, 0x00dfc4, 0x000000, 0x000000, 0x00b7f1, 0x00b0c9,
    0x00b6d6, 0x00b7d4, 0x000000, 0x00baac, 0x00ccfd, 0x00bfd4, 0x00cbb1, 0x00c6f4, 0x000000,
    0x00d6a8, 0x00dfc5, 0x000000, 0x00cee2, 0x00b3b3, 0x000000, 0x000000, 0x00cefc, 0x00b4b5,
    0x000000, 0x00cec7, 0x00baf0, 0x000000, 0x00cee1, 0x000000, 0x00d1bd, 0x000000, 0x000000,
    0x00dfc0, 0x000000, 0x000000, 0x00b4f4, 0x000000, 0x00b3ca, 0x000000, 0x00b8e6, 0x00dfbb,
    0x000000, 0x000000, 0x000000, 0x000000, 0x00c4c5, 0x000000, 0x00dfbc, 0x00dfbd, 0x00dfbe,
    0x00c5bb, 0x00dfbf, 0x00dfc2, 0x00d4b1, 0x00dfc3, 0x000000, 0x00c7ba, 0x00ced8, 0x000000,
    0x000000, 0x000000, 0x000000, 0x000000, 0x00c4d8, 0x000000, 0x00dfca, 0x000000, 0x00dfcf,
    0x000000, 0x00d6dc, 0x000000, 0x000000, 0x000000, 0x000000, 0x000000, 0x000000, 0x000000,
    0x000000, 0x00dfc9, 0x00dfda, 0x00ceb6, 0x000000, 0x00bac7, 0x00dfce, 0x00dfc8, 0x00c5de,
    0x000000, 0x000000, 0x00c9eb, 0x00baf4, 0x00c3fc, 0x000000, 0x000000, 0x00bed7, 0x000000,
    0x00dfc6, 0x000000, 0x00dfcd, 0x000000, 0x00c5d8, 0x000000, 0x000000, 0x000000, 0x000000,
    0x00d5a6, 0x00bacd, 0x000000, 0x00becc, 0x00d3bd, 0x00b8c0, 0x000000, 0x00d6e4, 0x000000,
    0x00dfc7, 0x00b9be, 0x00bfa7, 0x000000, 0x000000, 0x00c1fc, 0x00dfcb, 0x00dfcc, 0x000000,
    0x00dfd0, 0x000000, 0x000000, 0x000000, 0x000000, 0x000000, 0x00dfdb, 0x00dfe5, 0x000000,
    0x00dfd7, 0x00dfd6, 0x00d7c9, 0x00dfe3, 0x00dfe4, 0x00e5eb, 0x00d2a7, 0x00dfd2, 0x000000,
    0x00bfa9, 0x000000, 0x00d4db, 0x000000, 0x00bfc8, 0x00dfd4, 0x000000, 0x000000, 0x000000,
    0x00cfcc, 0x000000, 0x000000, 0x00dfdd, 0x000000, 0x00d1ca, 0x000000, 0x00dfde, 0x00b0a7,
    0x00c6b7, 0x00dfd3, 0x000000, 0x00bae5, 0x000000, 0x00b6df, 0x00cddb, 0x00b9fe, 0x00d4d5,
    0x000000, 0x000000, 0x00dfdf, 0x00cfec, 0x00b0a5, 0x00dfe7, 0x00dfd1, 0x00d1c6, 0x00dfd5,
    0x00dfd8, 0x00dfd9, 0x00dfdc, 0x000000, 0x00bba9, 0x000000, 0x00dfe0, 0x00dfe1, 0x000000,
    0x00dfe2, 0x00dfe6, 0x00dfe8, 0x00d3b4, 0x000000, 0x000000, 0x000000, 0x000000, 0x000000,
    0x00b8e7, 0x00c5b6, 0x00dfea, 0x00c9da, 0x00c1a8, 0x00c4c4, 0x000000, 0x000000, 0x00bfde,
    0x00cff8, 0x000000, 0x000000, 0x000000, 0x00d5dc, 0x00dfee, 0x000000, 0x000000, 0x000000,
    0x000000, 0x000000, 0x000000, 0x00b2b8, 0x000000, 0x00badf, 0x00dfec, 0x000000, 0x00dbc1,
    0x000000, 0x00d1e4, 0x000000, 0x000000, 0x000000, 0x000000, 0x00cbf4, 0x00b4bd, 0x000000,
    0x00b0a6, 0x000000, 0x000000, 0x000000, 0x000000, 0x000000, 0x00dff1, 0x00ccc6, 0x00dff2,
    0x000000, 0x000000, 0x00dfed, 0x000000, 0x000000, 0x000000, 0x000000, 0x000000, 0x000000,
    0x00dfe9, 0x000000, 0x000000, 0x000000, 0x000000, 0x00dfeb, 0x000000, 0x00dfef, 0x00dff0,
    0x00bbbd, 0x000000, 0x000000, 0x00dff3, 0x000000, 0x000000, 0x00dff4, 0x000000, 0x00bba3,
    0x000000, 0x00cadb, 0x00cea8, 0x00e0a7, 0x00b3aa, 0x000000, 0x00e0a6, 0x000000, 0x000000,
    0x000000, 0x00e0a1, 0x000000, 0x000000, 0x000000, 0x000000, 0x00dffe, 0x000000, 0x00cdd9,
    0x00dffc, 0x000000, 0x00dffa, 0x000000, 0x00bfd0, 0x00d7c4, 0x000000, 0x00c9cc, 0x000000,
    0x000000, 0x00dff8, 0x00b0a1, 0x000000, 0x000000, 0x000000, 0x000000, 0x000000, 0x00dffd,
    0x000000, 0x000000, 0x000000, 0x000000, 0x00dffb, 0x00e0a2, 0x000000, 0x000000, 0x000000,
    0x000000, 0x000000, 0x00e0a8, 0x000000, 0x000000, 0x000000, 0x000000, 0x00b7c8, 0x000000,
    0x000000, 0x00c6a1, 0x00c9b6, 0x00c0b2, 0x00dff5, 0x000000, 0x000000, 0x00c5be, 0x000000,
    0x00d8c4, 0x00dff9, 0x00c4f6, 0x000000, 0x000000, 0x000000, 0x000000, 0x000000, 0x000000,
    0x00e0a3, 0x00e0a4, 0x00e0a5, 0x00d0a5, 0x000000, 0x000000, 0x00e0b4, 0x00cce4, 0x000000,
    0x00e0b1, 0x000000, 0x00bfa6, 0x00e0af, 0x00ceb9, 0x00e0ab, 0x00c9c6, 0x000000, 0x000000,
    0x00c0ae, 0x00e0ae, 0x00baed, 0x00bab0, 0x00e0a9, 0x000000, 0x000000, 0x000000, 0x00dff6,
    0x000000, 0x00e0b3, 0x000000, 0x000000, 0x00e0b8, 0x000000, 0x000000, 0x000000, 0x00b4ad,
    0x00e0b9, 0x000000, 0x000000, 0x00cfb2, 0x00bac8, 0x000000, 0x00e0b0, 0x000000, 0x000000,
    0x000000, 0x000000, 0x000000, 0x000000, 0x000000, 0x00d0fa, 0x000000, 0x000000, 0x000000,
    0x000000, 0x000000, 0x000000, 0x000000, 0x000000, 0x000000, 0x00e0ac, 0x000000, 0x00d4fb,
    0x000000, 0x00dff7, 0x000000, 0x00c5e7, 0x000000, 0x00e0ad, 0x000000, 0x00d3f7, 0x000000,
    0x00e0b6, 0x00e0b7, 0x000000, 0x000000, 0x000000, 0x000000, 0x00e0c4, 0x00d0e1, 0x000000,
    0x000000, 0x000000, 0x00e0bc, 0x000000, 0x000000, 0x00e0c9, 0x00e0ca, 0x000000, 0x000000,
    0x000000, 0x00e0be, 0x00e0aa, 0x00c9a4, 0x00e0c1, 0x000000, 0x00e0b2, 0x000000, 0x000000,
    0x000000, 0x000000, 0x000000, 0x00cac8, 0x00e0c3, 0x000000, 0x00e0b5, 0x000000, 0x00cecb,
    0x000000, 0x00cbc3, 0x00e0cd, 0x00e0c6, 0x00e0c2, 0x000000, 0x00e0cb, 0x000000, 0x00e0ba,
    0x00e0bf, 0x00e0c0, 0x000000, 0x000000, 0x00e0c5, 0x000000, 0x000000, 0x00e0c7, 0x00e0c8,
    0x000000, 0x00e0cc, 0x000000, 0x00e0bb, 0x000000, 0x000000, 0x000000, 0x000000, 0x000000,
    0x00cbd4, 0x00e0d5, 0x000000, 0x00e0d6, 0x00e0d2, 0x000000, 0x000000, 0x000000, 0x000000,
    0x000000, 0x000000, 0x00e0d0, 0x00bcce, 0x000000, 0x000000, 0x00e0d1, 0x000000, 0x00b8c2,
    0x00d8c5, 0x000000, 0x000000, 0x000000, 0x000000, 0x000000, 0x000000, 0x000000, 0x000000,
    0x00d0ea, 0x000000, 0x000000, 0x00c2ef, 0x000000, 0x000000, 0x00e0cf, 0x00e0bd, 0x000000,
    0x000000, 0x000000, 0x00e0d4, 0x00e0d3, 0x000000, 0x000000, 0x00e0d7, 0x000000, 0x000000,
    0x000000, 0x000000, 0x00e0dc, 0x00e0d8, 0x000000, 0x000000, 0x000000, 0x00d6f6, 0x00b3b0,
    0x000000, 0x00d7ec, 0x000000, 0x00cbbb, 0x000000, 0x000000, 0x00e0da, 0x000000, 0x00cefb,
    0x000000, 0x000000, 0x000000, 0x00bad9, 0x000000, 0x000000, 0x000000, 0x000000, 0x000000,
    0x000000, 0x000000, 0x000000, 0x000000, 0x000000, 0x000000, 0x000000, 0x00e0e1, 0x00e0dd,
    0x00d2ad, 0x000000, 0x000000, 0x000000, 0x000000, 0x000000, 0x00e0e2, 0x000000, 0x000000,
    0x00e0db, 0x00e0d9, 0x00e0df, 0x000000, 0x000000, 0x00e0e0, 0x000000, 0x000000, 0x000000,
    0x000000, 0x000000, 0x00e0de, 0x000000, 0x00e0e4, 0x000000, 0x000000, 0x000000, 0x00c6f7,
    0x00d8ac, 0x00d4eb, 0x00e0e6, 0x00cac9, 0x000000, 0x000000, 0x000000, 0x000000, 0x00e0e5,
    0x000000, 0x000000, 0x000000, 0x000000, 0x00b8c1, 0x000000, 0x000000, 0x000000, 0x000000,
    0x00e0e7, 0x00e0e8, 0x000000, 0x000000, 0x000000, 0x000000, 0x000000, 0x00e0e9, 0x00e0e3,
    0x000000, 0x000000, 0x000000, 0x000000, 0x000000, 0x000000, 0x000000, 0x00babf, 0x00cce7,
    0x000000, 0x000000, 0x000000, 0x00e0ea, 0x000000, 0x000000, 0x000000, 0x000000, 0x000000,
    0x000000, 0x000000, 0x000000, 0x000000, 0x000000, 0x000000, 0x000000, 0x000000, 0x000000,
    0x000000, 0x00cff9, 0x000000, 0x000000, 0x000000, 0x000000, 0x000000, 0x000000, 0x000000,
    0x000000, 0x000000, 0x000000, 0x000000, 0x00e0eb, 0x000000, 0x000000, 0x000000, 0x000000,
    0x000000, 0x000000, 0x000000, 0x00c8c2, 0x000000, 0x000000, 0x000000, 0x000000, 0x00bdc0,
    0x000000, 0x000000, 0x000000, 0x000000, 0x000000, 0x000000, 0x000000, 0x000000, 0x000000,
    0x000000, 0x00c4d2, 0x000000, 0x000000, 0x000000, 0x000000, 0x000000, 0x000000, 0x000000,
    0x000000, 0x000000, 0x00e0ec, 0x000000, 0x000000, 0x00e0ed, 0x000000, 0x000000, 0x00c7f4,
    0x00cbc4, 0x000000, 0x00e0ee, 0x00bbd8, 0x00d8b6, 0x00d2f2, 0x00e0ef, 0x00cdc5, 0x000000,
    0x00b6da, 0x000000, 0x000000, 0x000000, 0x000000, 0x000000, 0x000000, 0x00e0f1, 0x000000,
    0x00d4b0, 0x000000, 0x000000, 0x00c0a7, 0x00b4d1, 0x000000, 0x000000, 0x00cea7, 0x00e0f0,
    0x000000, 0x000000, 0x000000, 0x00e0f2, 0x00b9cc, 0x000000, 0x000000, 0x00b9fa, 0x00cdbc,
    0x00e0f3, 0x000000, 0x000000, 0x000000, 0x00c6d4, 0x00e0f4, 0x000000, 0x00d4b2, 0x000000,
    0x00c8a6, 0x00e0f6, 0x00e0f5, 0x000000, 0x000000, 0x000000, 0x000000, 0x000000, 0x000000,
    0x000000, 0x000000, 0x000000, 0x000000, 0x000000, 0x000000, 0x000000, 0x000000, 0x000000,
    0x000000, 0x000000, 0x00e0f7, 0x000000, 0x000000, 0x00cdc1, 0x000000, 0x000000, 0x000000,
    0x00caa5, 0x000000, 0x000000, 0x000000, 0x000000, 0x00d4da, 0x00dbd7, 0x00dbd9, 0x000000,
    0x00dbd8, 0x00b9e7, 0x00dbdc, 0x00dbdd, 0x00b5d8, 0x000000, 0x000000, 0x00dbda, 0x000000,
    0x000000, 0x000000, 0x000000, 0x000000, 0x00dbdb, 0x00b3a1, 0x00dbdf, 0x000000, 0x000000,
    0x00bbf8, 0x000000, 0x00d6b7, 0x000000, 0x00dbe0, 0x000000, 0x000000, 0x000000, 0x000000,
    0x00bef9, 0x000000, 0x000000, 0x00b7bb, 0x000000, 0x00dbd0, 0x00ccae, 0x00bfb2, 0x00bbb5,
    0x00d7f8, 0x00bfd3, 0x000000, 0x000000, 0x000000, 0x000000, 0x000000, 0x00bfe9, 0x000000,
    0x000000, 0x00bce1, 0x00ccb3, 0x00dbde, 0x00b0d3, 0x00ceeb, 0x00b7d8, 0x00d7b9, 0x00c6c2,
    0x000000, 0x000000, 0x00c0a4, 0x000000, 0x00ccb9, 0x000000, 0x00dbe7, 0x00dbe1, 0x00c6ba,
    0x00dbe3, 0x000000, 0x00dbe8, 0x000000, 0x00c5f7, 0x000000, 0x000000, 0x000000, 0x00dbea,
    0x000000, 0x000000, 0x00dbe9, 0x00bfc0, 0x000000, 0x000000, 0x000000, 0x00dbe6, 0x00dbe5,
    0x000000, 0x000000, 0x000000, 0x00b4b9, 0x00c0ac, 0x00c2a2, 0x00dbe2, 0x00dbe4, 0x000000,
    0x000000, 0x000000, 0x000000, 0x00d0cd, 0x00dbed, 0x000000, 0x000000, 0x000000, 0x000000,
    0x000000, 0x00c0dd, 0x00dbf2, 0x000000, 0x000000, 0x000000, 0x000000, 0x000000, 0x000000,
    0x000000, 0x00b6e2, 0x000000, 0x000000, 0x000000, 0x000000, 0x00dbf3, 0x00dbd2, 0x00b9b8,
    0x00d4ab, 0x00dbec, 0x000000, 0x00bfd1, 0x00dbf0, 0x000000, 0x00dbd1, 0x000000, 0x00b5e6,
    0x000000, 0x00dbeb, 0x00bfe5, 0x000000, 0x000000, 0x000000, 0x00dbee, 0x000000, 0x00dbf1,
    0x000000, 0x000000, 0x000000, 0x00dbf9, 0x000000, 0x000000, 0x000000, 0x000000, 0x000000,
    0x000000, 0x000000, 0x00b9a1, 0x00b0a3, 0x000000, 0x000000, 0x000000, 0x000000, 0x000000,
    0x000000, 0x000000, 0x00c2f1, 0x000000, 0x000000, 0x00b3c7, 0x00dbef, 0x000000, 0x000000,
    0x00dbf8, 0x000000, 0x00c6d2, 0x00dbf4, 0x000000, 0x000000, 0x00dbf5, 0x00dbf7, 0x00dbf6,
    0x000000, 0x000000, 0x00dbfe, 0x000000, 0x00d3f2, 0x00b2ba, 0x000000, 0x000000, 0x000000,
    0x00dbfd, 0x000000, 0x000000, 0x000000, 0x000000, 0x000000, 0x000000, 0x000000, 0x000000,
    0x00dca4, 0x000000, 0x00dbfb, 0x000000, 0x000000, 0x000000, 0x000000, 0x00dbfa, 0x000000,
    0x000000, 0x000000, 0x00dbfc, 0x00c5e0, 0x00bbf9, 0x000000, 0x000000, 0x00dca3, 0x000000,
    0x000000, 0x00dca5, 0x000000, 0x00ccc3, 0x000000, 0x000000, 0x000000, 0x00b6d1, 0x00ddc0,
    0x000000, 0x000000, 0x000000, 0x00dca1, 0x000000, 0x00dca2, 0x000000, 0x000000, 0x000000,
    0x00c7b5, 0x000000, 0x000000, 0x000000, 0x00b6e9, 0x000000, 0x000000, 0x000000, 0x00dca7,
    0x000000, 0x000000, 0x000000, 0x000000, 0x00dca6, 0x000000, 0x00dca9, 0x00b1a4, 0x000000,
    0x000000, 0x00b5cc, 0x000000, 0x000000, 0x000000, 0x000000, 0x000000, 0x00bfb0, 0x000000,
    0x000000, 0x000000, 0x000000, 0x000000, 0x00d1df, 0x000000, 0x000000, 0x000000, 0x000000,
    0x00b6c2, 0x000000, 0x000000, 0x000000, 0x000000, 0x000000, 0x000000, 0x000000, 0x000000,
    0x000000, 0x000000, 0x00dca8, 0x000000, 0x000000, 0x000000, 0x000000, 0x000000, 0x000000,
    0x000000, 0x00cbfa, 0x00ebf3, 0x000000, 0x000000, 0x000000, 0x00cbdc, 0x000000, 0x000000,
    0x00cbfe, 0x000000, 0x000000, 0x000000, 0x00ccc1, 0x000000, 0x000000, 0x000000, 0x000000,
    0x000000, 0x00c8fb, 0x000000, 0x000000, 0x000000, 0x000000, 0x000000, 0x000000, 0x00dcaa,
    0x000000, 0x000000, 0x000000, 0x000000, 0x000000, 0x00ccee, 0x00dcab, 0x000000, 0x000000,
    0x000000, 0x000000, 0x000000, 0x000000, 0x000000, 0x000000, 0x000000, 0x000000, 0x000000,
    0x000000, 0x000000, 0x000000, 0x000000, 0x000000, 0x000000, 0x00dbd3, 0x000000, 0x00dcaf,
    0x00dcac, 0x000000, 0x00beb3, 0x000000, 0x00cafb, 0x000000, 0x000000, 0x000000, 0x00dcad,
    0x000000, 0x000000, 0x000000, 0x000000, 0x000000, 0x000000, 0x000000, 0x000000, 0x00c9ca,
    0x00c4b9, 0x000000, 0x000000, 0x000000, 0x000000, 0x000000, 0x00c7bd, 0x00dcae, 0x000000,
    0x000000, 0x000000, 0x00d4f6, 0x00d0e6, 0x000000, 0x000000, 0x000000, 0x000000, 0x000000,
    0x000000, 0x000000, 0x000000, 0x00c4ab, 0x00b6d5, 0x000000, 0x000000, 0x000000, 0x000000,
    0x000000, 0x000000, 0x000000, 0x000000, 0x000000, 0x000000, 0x000000, 0x000000, 0x000000,
    0x000000, 0x000000, 0x000000, 0x000000, 0x000000, 0x00dbd4, 0x000000, 0x000000, 0x000000,
    0x00b1da, 0x000000, 0x000000, 0x000000, 0x00dbd5, 0x000000, 0x000000, 0x000000, 0x000000,
    0x000000, 0x000000, 0x000000, 0x000000, 0x000000, 0x000000, 0x000000, 0x00dbd6, 0x000000,
    0x000000, 0x000000, 0x00babe, 0x000000, 0x000000, 0x000000, 0x000000, 0x000000, 0x000000,
    0x000000, 0x000000, 0x000000, 0x000000, 0x000000, 0x000000, 0x000000, 0x000000, 0x00c8c0,
    0x000000, 0x000000, 0x000000, 0x000000, 0x000000, 0x000000, 0x00cabf, 0x00c8c9, 0x000000,
    0x00d7b3, 0x000000, 0x00c9f9, 0x000000, 0x000000, 0x00bfc7, 0x000000, 0x000000, 0x00baf8,
    0x000000, 0x000000, 0x00d2bc, 0x000000, 0x000000, 0x000000, 0x000000, 0x000000, 0x000000,
    0x00e2ba, 0x000000, 0x00b4a6, 0x000000, 0x000000, 0x00b1b8, 0x000000, 0x000000, 0x000000,
    0x000000, 0x000000, 0x00b8b4, 0x000000, 0x00cfc4, 0x000000, 0x000000, 0x000000, 0x000000,
    0x00d9e7, 0x00cfa6, 0x00cde2, 0x000000, 0x000000, 0x00d9ed, 0x00b6e0, 0x000000, 0x00d2b9,
    0x000000, 0x000000, 0x00b9bb, 0x000000, 0x000000, 0x000000, 0x000000, 0x00e2b9, 0x00e2b7,
    0x000000, 0x00b4f3, 0x000000, 0x00ccec, 0x00ccab, 0x00b7f2, 0x000000, 0x00d8b2, 0x00d1eb,
    0x00babb, 0x000000, 0x00caa7, 0x000000, 0x000000, 0x00cdb7, 0x000000, 0x000000, 0x00d2c4,
    0x00bfe4, 0x00bcd0, 0x00b6e1, 0x000000, 0x00dec5, 0x000000, 0x000000, 0x000000, 0x00dec6,
    0x00dbbc, 0x000000, 0x00d1d9, 0x000000, 0x000000, 0x00c6e6, 0x00c4ce, 0x00b7ee, 0x000000,
    0x00b7dc, 0x000000, 0x000000, 0x00bffc, 0x00d7e0, 0x000000, 0x00c6f5, 0x000000, 0x000000,
    0x00b1bc, 0x00dec8, 0x00bdb1, 0x00ccd7, 0x00deca, 0x000000, 0x00dec9, 0x000000, 0x000000,
    0x000000, 0x000000, 0x000000, 0x00b5ec, 0x000000, 0x00c9dd, 0x000000, 0x000000, 0x00b0c2,
    0x000000, 0x000000, 0x000000, 0x000000, 0x000000, 0x000000, 0x000000, 0x000000, 0x000000,
    0x000000, 0x000000, 0x000000, 0x000000, 0x00c5ae, 0x00c5ab, 0x000000, 0x00c4cc, 0x000000,
    0x00bce9, 0x00cbfd, 0x000000, 0x000000, 0x000000, 0x00bac3, 0x000000, 0x000000, 0x00e5f9,
    0x00c8e7, 0x00e5fa, 0x00cdfd, 0x000000, 0x00d7b1, 0x00b8be, 0x00c2e8, 0x000000, 0x00c8d1,
    0x000000, 0x000000, 0x00e5fb, 0x000000, 0x000000, 0x000000, 0x000000, 0x00b6ca, 0x00bccb,
    0x000000, 0x000000, 0x00d1fd, 0x00e6a1, 0x000000, 0x00c3ee, 0x000000, 0x000000, 0x000000,
    0x000000, 0x00e6a4, 0x000000, 0x000000, 0x000000, 0x000000, 0x00e5fe, 0x00e6a5, 0x00cdd7,
    0x000000, 0x000000, 0x00b7c1, 0x00e5fc, 0x00e5fd, 0x00e6a3, 0x000000, 0x000000, 0x00c4dd,
    0x00e6a8, 0x000000, 0x000000, 0x00e6a7, 0x000000, 0x000000, 0x000000, 0x000000, 0x000000,
    0x000000, 0x00c3c3, 0x000000, 0x00c6de, 0x000000, 0x000000, 0x00e6aa, 0x000000, 0x000000,
    0x000000, 0x000000, 0x000000, 0x000000, 0x00c4b7, 0x000000, 0x000000, 0x000000, 0x00e6a2,
    0x00cabc, 0x000000, 0x000000, 0x000000, 0x000000, 0x00bde3, 0x00b9c3, 0x00e6a6, 0x00d0d5,
    0x00ceaf, 0x000000, 0x000000, 0x00e6a9, 0x00e6b0, 0x000000, 0x00d2a6, 0x000000, 0x00bdaa,
    0x00e6ad, 0x000000, 0x000000, 0x000000, 0x000000, 0x000000, 0x00e6af, 0x000000, 0x00c0d1,
    0x000000, 0x000000, 0x00d2cc, 0x000000, 0x000000, 0x000000, 0x00bca7, 0x000000, 0x000000,
    0x000000, 0x000000, 0x000000, 0x000000, 0x000000, 0x000000, 0x000000, 0x000000, 0x000000,
    0x000000, 0x00e6b1, 0x000000, 0x00d2f6, 0x000000, 0x000000, 0x000000, 0x00d7cb, 0x000000,
    0x00cdfe, 0x000000, 0x00cdde, 0x00c2a6, 0x00e6ab, 0x00e6ac, 0x00bdbf, 0x00e6ae, 0x00e6b3,
    0x000000, 0x000000, 0x00e6b2, 0x000000, 0x000000, 0x000000, 0x000000, 0x00e6b6, 0x000000,
    0x00e6b8, 0x000000, 0x000000, 0x000000, 0x000000, 0x00c4ef, 0x000000, 0x000000, 0x000000,
    0x00c4c8, 0x000000, 0x000000, 0x00beea, 0x00c9ef, 0x000000, 0x000000, 0x00e6b7, 0x000000,
    0x00b6f0, 0x000000, 0x000000, 0x000000, 0x00c3e4, 0x000000, 0x000000, 0x000000, 0x000000,
    0x000000, 0x000000, 0x000000, 0x00d3e9, 0x00e6b4, 0x000000, 0x00e6b5, 0x000000, 0x00c8a2,
    0x000000, 0x000000, 0x000000, 0x000000, 0x000000, 0x00e6bd, 0x000000, 0x000000, 0x000000,
    0x00e6b9, 0x000000, 0x000000, 0x000000, 0x000000, 0x000000, 0x00c6c5, 0x000000, 0x000000,
    0x00cdf1, 0x00e6bb, 0x000000, 0x000000, 0x000000, 0x000000, 0x000000, 0x000000, 0x000000,
    0x000000, 0x000000, 0x000000, 0x00e6bc, 0x000000, 0x000000, 0x000000, 0x000000, 0x00bbe9,
    0x000000, 0x000000, 0x000000, 0x000000, 0x000000, 0x000000, 0x000000, 0x00e6be, 0x000000,
    0x000000, 0x000000, 0x000000, 0x00e6ba, 0x000000, 0x000000, 0x00c0b7, 0x000000, 0x000000,
    0x000000, 0x000000, 0x000000, 0x000000, 0x000000, 0x000000, 0x000000, 0x00d3a4, 0x00e6bf,
    0x00c9f4, 0x00e6c3, 0x000000, 0x000000, 0x00e6c4, 0x000000, 0x000000, 0x000000, 0x000000,
    0x00d0f6, 0x000000, 0x000000, 0x000000, 0x000000, 0x000000, 0x000000, 0x000000, 0x000000,
    0x000000, 0x000000, 0x000000, 0x000000, 0x000000, 0x000000, 0x000000, 0x000000, 0x000000,
    0x000000, 0x00c3bd, 0x000000, 0x000000, 0x000000, 0x000000, 0x000000, 0x000000, 0x000000,
    0x00c3c4, 0x00e6c2, 0x000000, 0x000000, 0x000000, 0x000000, 0x000000, 0x000000, 0x000000,
    0x000000, 0x000000, 0x000000, 0x000000, 0x000000, 0x000000, 0x000000, 0x00e6c1, 0x000000,
    0x000000, 0x000000, 0x000000, 0x000000, 0x000000, 0x000000, 0x00e6c7, 0x00cfb1, 0x000000,
    0x00ebf4, 0x000000, 0x000000, 0x00e6ca, 0x000000, 0x000000, 0x000000, 0x000000, 0x000000,
    0x00e6c5, 0x000000, 0x00bcde, 0x00c9a9, 0x000000, 0x000000, 0x000000, 0x000000, 0x000000,
    0x000000, 0x00bcb5, 0x000000, 0x000000, 0x00cfd3, 0x000000, 0x000000, 0x000000, 0x000000,
    0x000000, 0x00e6c8, 0x000000, 0x00e6c9, 0x000000, 0x00e6ce, 0x000000, 0x00e6d0, 0x000000,
    0x000000, 0x000000, 0x00e6d1, 0x000000, 0x000000, 0x000000, 0x00e6cb, 0x00b5d5, 0x000000,
    0x00e6cc, 0x000000, 0x000000, 0x00e6cf, 0x000000, 0x000000, 0x00c4db, 0x000000, 0x00e6c6,
    0x000000, 0x000000, 0x000000, 0x000000, 0x000000, 0x00e6cd, 0x000000, 0x000000, 0x000000,
    0x000000, 0x000000, 0x000000, 0x000000, 0x000000, 0x000000, 0x000000, 0x000000, 0x000000,
    0x000000, 0x000000, 0x00e6d2, 0x000000, 0x000000, 0x000000, 0x000000, 0x000000, 0x000000,
    0x000000, 0x000000, 0x000000, 0x000000, 0x000000, 0x000000, 0x00e6d4, 0x00e6d3, 0x000000,
    0x000000, 0x000000, 0x000000, 0x000000, 0x000000, 0x000000, 0x000000, 0x000000, 0x000000,
    0x000000, 0x000000, 0x000000, 0x000000, 0x000000, 0x000000, 0x000000, 0x000000, 0x000000,
    0x000000, 0x000000, 0x000000, 0x000000, 0x000000, 0x000000, 0x000000, 0x00e6d5, 0x000000,
    0x00d9f8, 0x000000, 0x000000, 0x00e6d6, 0x000000, 0x000000, 0x000000, 0x000000, 0x000000,
    0x000000, 0x000000, 0x000000, 0x00e6d7, 0x000000, 0x000000, 0x000000, 0x000000, 0x000000,
    0x000000, 0x000000, 0x000000, 0x000000, 0x000000, 0x000000, 0x000000, 0x000000, 0x000000,
    0x000000, 0x00d7d3, 0x00e6dd, 0x000000, 0x00e6de, 0x00bfd7, 0x00d4d0, 0x000000, 0x00d7d6,
    0x00b4e6, 0x00cbef, 0x00e6da, 0x00d8c3, 0x00d7ce, 0x00d0a2, 0x000000, 0x00c3cf, 0x000000,
    0x000000, 0x00e6df, 0x00bcbe, 0x00b9c2, 0x00e6db, 0x00d1a7, 0x000000, 0x000000, 0x00baa2,
    0x00c2cf, 0x000000, 0x00d8ab, 0x000000, 0x000000, 0x000000, 0x00caeb, 0x00e5ee, 0x000000,
    0x00e6dc, 0x000000, 0x00b7f5, 0x000000, 0x000000, 0x000000, 0x000000, 0x00c8e6, 0x000000,
    0x000000, 0x00c4f5, 0x000000, 0x000000, 0x00e5b2, 0x00c4fe, 0x000000, 0x00cbfc, 0x00e5b3,
    0x00d5ac, 0x000000, 0x00d3ee, 0x00cad8, 0x00b0b2, 0x000000, 0x00cbce, 0x00cdea, 0x000000,
    0x000000, 0x00baea, 0x000000, 0x000000, 0x000000, 0x00e5b5, 0x000000, 0x00e5b4, 0x000000,
    0x00d7da, 0x00b9d9, 0x00d6e6, 0x00b6a8, 0x00cdf0, 0x00d2cb, 0x00b1a6, 0x00cab5, 0x000000,
    0x00b3e8, 0x00c9f3, 0x00bfcd, 0x00d0fb, 0x00cad2, 0x00e5b6, 0x00bbc2, 0x000000, 0x000000,
    0x000000, 0x00cfdc, 0x00b9ac, 0x000000, 0x000000, 0x000000, 0x000000, 0x00d4d7, 0x000000,
    0x000000, 0x00baa6, 0x00d1e7, 0x00cffc, 0x00bcd2, 0x000000, 0x00e5b7, 0x00c8dd, 0x000000,
    0x000000, 0x000000, 0x00bfed, 0x00b1f6, 0x00cbde, 0x000000, 0x000000, 0x00bcc5, 0x000000,
    0x00bcc4, 0x00d2fa, 0x00c3dc, 0x00bfdc, 0x000000, 0x000000, 0x000000, 0x000000, 0x00b8bb,
    0x000000, 0x000000, 0x000000, 0x00c3c2, 0x000000, 0x00baae, 0x00d4a2, 0x000000, 0x000000,
    0x000000, 0x000000, 0x000000, 0x000000, 0x000000, 0x000000, 0x000000, 0x00c7de, 0x00c4af,
    0x00b2ec, 0x000000, 0x00b9d1, 0x000000, 0x000000, 0x00e5bb, 0x00c1c8, 0x000000, 0x000000,
    0x00d5af, 0x000000, 0x000000, 0x000000, 0x000000, 0x000000, 0x00e5bc, 0x000000, 0x00e5be,
    0x000000, 0x000000, 0x000000, 0x000000, 0x000000, 0x000000, 0x000000, 0x00b4e7, 0x00b6d4,
    0x00cbc2, 0x00d1b0, 0x00b5bc, 0x000000, 0x000000, 0x00cad9, 0x000000, 0x00b7e2, 0x000000,
    0x000000, 0x00c9e4, 0x000000, 0x00bdab, 0x000000, 0x000000, 0x00cebe, 0x00d7f0, 0x000000,
    0x000000, 0x000000, 0x000000, 0x00d0a1, 0x000000, 0x00c9d9, 0x000000, 0x000000, 0x00b6fb,
    0x00e6d8, 0x00bce2, 0x000000, 0x00b3be, 0x000000, 0x00c9d0, 0x000000, 0x00e6d9, 0x00b3a2,
    0x000000, 0x000000, 0x000000, 0x000000, 0x00decc, 0x000000, 0x00d3c8, 0x00decd, 0x000000,
    0x00d2a2, 0x000000, 0x000000, 0x000000, 0x000000, 0x00dece, 0x000000, 0x000000, 0x000000,
    0x000000, 0x00becd, 0x000000, 0x000000, 0x00decf, 0x000000, 0x000000, 0x000000, 0x00caac,
    0x00d2fc, 0x00b3df, 0x00e5ea, 0x00c4e1, 0x00bea1, 0x00ceb2, 0x00c4f2, 0x00bed6, 0x00c6a8,
    0x00b2e3, 0x000000, 0x000000, 0x00bed3, 0x000000, 0x000000, 0x00c7fc, 0x00cceb, 0x00bdec,
    0x00cedd, 0x000000, 0x000000, 0x00caba, 0x00c6c1, 0x00e5ec, 0x00d0bc, 0x000000, 0x000000,
    0x000000, 0x00d5b9, 0x000000, 0x000000, 0x000000, 0x00e5ed, 0x000000, 0x000000, 0x000000,
    0x000000, 0x00caf4, 0x000000, 0x00cdc0, 0x00c2c5, 0x000000, 0x00e5ef, 0x000000, 0x00c2c4,
    0x00e5f0, 0x000000, 0x000000, 0x000000, 0x000000, 0x000000, 0x000000, 0x000000, 0x00e5f8,
    0x00cdcd, 0x000000, 0x00c9bd, 0x000000, 0x000000, 0x000000, 0x000000, 0x000000, 0x000000,
    0x000000, 0x00d2d9, 0x00e1a8, 0x000000, 0x000000, 0x000000, 0x000000, 0x00d3ec, 0x000000,
    0x00cbea, 0x00c6f1, 0x000000, 0x000000, 0x000000, 0x000000, 0x000000, 0x00e1ac, 0x000000,
    0x000000, 0x000000, 0x00e1a7, 0x00e1a9, 0x000000, 0x000000, 0x00e1aa, 0x00e1af, 0x000000,
    0x000000, 0x00b2ed, 0x000000, 0x00e1ab, 0x00b8da, 0x00e1ad, 0x00e1ae, 0x00e1b0, 0x00b5ba,
    0x00e1b1, 0x000000, 0x000000, 0x000000, 0x000000, 0x000000, 0x00e1b3, 0x00e1b8, 0x000000,
    0x000000, 0x000000, 0x000000, 0x000000, 0x00d1d2, 0x000000, 0x00e1b6, 0x00e1b5, 0x00c1eb,
    0x000000, 0x000000, 0x000000, 0x00e1b7, 0x000000, 0x00d4c0, 0x000000, 0x00e1b2, 0x000000,
    0x00e1ba, 0x00b0b6, 0x000000, 0x000000, 0x000000, 0x000000, 0x00e1b4, 0x000000, 0x00bff9,
    0x000000, 0x00e1b9, 0x000000, 0x000000, 0x00e1bb, 0x000000, 0x000000, 0x000000, 0x000000,
    0x000000, 0x000000, 0x00e1be, 0x000000, 0x000000, 0x000000, 0x000000, 0x000000, 0x000000,
    0x00e1bc, 0x000000, 0x000000, 0x000000, 0x000000, 0x000000, 0x000000, 0x00d6c5, 0x000000,
    0x000000, 0x000000, 0x000000, 0x000000, 0x000000, 0x000000, 0x00cfbf, 0x000000, 0x000000,
    0x00e1bd, 0x00e1bf, 0x00c2cd, 0x000000, 0x00b6eb, 0x000000, 0x00d3f8, 0x000000, 0x000000,
    0x00c7cd, 0x000000, 0x000000, 0x00b7e5, 0x000000, 0x000000, 0x000000, 0x000000, 0x000000,
    0x000000, 0x000000, 0x000000, 0x000000, 0x000000, 0x00befe, 0x000000, 0x000000, 0x000000,
    0x000000, 0x00e1c0, 0x00e1c1, 0x000000, 0x000000, 0x00e1c7, 0x00b3e7, 0x000000, 0x000000,
    0x000000, 0x000000, 0x000000, 0x000000, 0x00c6e9, 0x000000, 0x000000, 0x000000, 0x000000,
    0x000000, 0x00b4de, 0x000000, 0x00d1c2, 0x000000, 0x000000, 0x000000, 0x000000, 0x00e1c8,
    0x000000, 0x000000, 0x00e1c6, 0x000000, 0x000000, 0x000000, 0x000000, 0x000000, 0x00e1c5,
    0x000000, 0x00e1c3, 0x00e1c2, 0x000000, 0x00b1c0, 0x000000, 0x000000, 0x000000, 0x00d5b8,
    0x00e1c4, 0x000000, 0x000000, 0x000000, 0x000000, 0x000000, 0x00e1cb, 0x000000, 0x000000,
    0x000000, 0x000000, 0x000000, 0x000000, 0x000000, 0x000000, 0x00e1cc, 0x00e1ca, 0x000000,
    0x000000, 0x000000, 0x000000, 0x000000, 0x000000, 0x000000, 0x00effa, 0x000000, 0x000000,
    0x00e1d3, 0x00e1d2, 0x00c7b6, 0x000000, 0x000000, 0x000000, 0x000000, 0x000000, 0x000000,
    0x000000, 0x000000, 0x000000, 0x000000, 0x000000, 0x00e1c9, 0x000000, 0x000000, 0x00e1ce,
    0x000000, 0x00e1d0, 0x000000, 0x000000, 0x000000, 0x000000, 0x000000, 0x000000, 0x000000,
    0x000000, 0x000000, 0x000000, 0x000000, 0x00e1d4, 0x000000, 0x00e1d1, 0x00e1cd, 0x000000,
    0x000000, 0x00e1cf, 0x000000, 0x000000, 0x000000, 0x000000, 0x00e1d5, 0x000000, 0x000000,
    0x000000, 0x000000, 0x000000, 0x000000, 0x000000, 0x000000, 0x000000, 0x000000, 0x000000,
    0x00e1d6, 0x000000, 0x000000, 0x000000, 0x000000, 0x000000, 0x000000, 0x000000, 0x000000,
    0x000000, 0x000000, 0x000000, 0x000000, 0x000000, 0x000000, 0x000000, 0x000000, 0x000000,
    0x000000, 0x000000, 0x000000, 0x000000, 0x000000, 0x00e1d7, 0x000000, 0x000000, 0x000000,
    0x00e1d8, 0x000000, 0x000000, 0x000000, 0x000000, 0x000000, 0x000000, 0x000000, 0x000000,
    0x000000, 0x000000, 0x000000, 0x000000, 0x000000, 0x000000, 0x000000, 0x000000, 0x000000,
    0x000000, 0x000000, 0x000000, 0x000000, 0x000000, 0x000000, 0x000000, 0x000000, 0x00e1da,
    0x000000, 0x000000, 0x000000, 0x000000, 0x000000, 0x000000, 0x000000, 0x000000, 0x00e1db,
    0x000000, 0x000000, 0x000000, 0x000000, 0x000000, 0x000000, 0x000000, 0x00cea1, 0x000000,
    0x000000, 0x000000, 0x000000, 0x000000, 0x000000, 0x000000, 0x000000, 0x000000, 0x000000,
    0x000000, 0x000000, 0x000000, 0x00e7dd, 0x000000, 0x00b4a8, 0x00d6dd, 0x000000, 0x000000,
    0x00d1b2, 0x00b3b2, 0x000000, 0x000000, 0x00b9a4, 0x00d7f3, 0x00c7c9, 0x00bede, 0x00b9ae,
    0x000000, 0x00ced7, 0x000000, 0x000000, 0x00b2ee, 0x00dbcf, 0x000000, 0x00bcba, 0x00d2d1,
    0x00cbc8, 0x00b0cd, 0x000000, 0x000000, 0x00cfef, 0x000000, 0x000000, 0x000000, 0x000000,
    0x000000, 0x00d9e3, 0x00bded, 0x000000, 0x00b1d2, 0x00cad0, 0x00b2bc, 0x000000, 0x00cba7,
    0x00b7ab, 0x000000, 0x00caa6, 0x000000, 0x000000, 0x000000, 0x00cfa3, 0x000000, 0x000000,
    0x00e0f8, 0x00d5ca, 0x00e0fb, 0x000000, 0x000000, 0x00e0fa, 0x00c5c1, 0x00ccfb, 0x000000,
    0x00c1b1, 0x00e0f9, 0x00d6e3, 0x00b2af, 0x00d6c4, 0x00b5db, 0x000000, 0x000000, 0x000000,
    0x000000, 0x000000, 0x000000, 0x000000, 0x000000, 0x00b4f8, 0x00d6a1, 0x000000, 0x000000,
    0x000000, 0x000000, 0x000000, 0x00cfaf, 0x00b0ef, 0x000000, 0x000000, 0x00e0fc, 0x000000,
    0x000000, 0x000000, 0x000000, 0x000000, 0x00e1a1, 0x00b3a3, 0x000000, 0x000000, 0x00e0fd,
    0x00e0fe, 0x00c3b1, 0x000000, 0x000000, 0x00c3dd, 0x000000, 0x00e1a2, 0x00b7f9, 0x000000,
    0x000000, 0x000000, 0x000000, 0x000000, 0x000000, 0x00bbcf, 0x000000, 0x000000, 0x000000,
    0x000000, 0x000000, 0x000000, 0x000000, 0x00e1a3, 0x00c4bb, 0x000000, 0x000000, 0x000000,
    0x000000, 0x000000, 0x00e1a4, 0x000000, 0x000000, 0x00e1a5, 0x000000, 0x000000, 0x00e1a6,
    0x00b4b1, 0x000000, 0x000000, 0x000000, 0x000000, 0x000000, 0x000000, 0x000000, 0x000000,
    0x000000, 0x000000, 0x000000, 0x000000, 0x000000, 0x000000, 0x000000, 0x00b8c9, 0x00c6bd,
    0x00c4ea, 0x000000, 0x00b2a2, 0x000000, 0x00d0d2, 0x000000, 0x00e7db, 0x00bbc3, 0x00d3d7,
    0x00d3c4, 0x000000, 0x00b9e3, 0x00e2cf, 0x000000, 0x000000, 0x000000, 0x00d7af, 0x000000,
    0x00c7ec, 0x00b1d3, 0x000000, 0x000000, 0x00b4b2, 0x00e2d1, 0x000000, 0x000000, 0x000000,
    0x00d0f2, 0x00c2ae, 0x00e2d0, 0x000000, 0x00bfe2, 0x00d3a6, 0x00b5d7, 0x00e2d2, 0x00b5ea,
    0x000000, 0x00c3ed, 0x00b8fd, 0x000000, 0x00b8ae, 0x000000, 0x00c5d3, 0x00b7cf, 0x00e2d4,
    0x000000, 0x000000, 0x000000, 0x000000, 0x00e2d3, 0x00b6c8, 0x00d7f9, 0x000000, 0x000000,
    0x000000, 0x000000, 0x000000, 0x00cda5, 0x000000, 0x000000, 0x000000, 0x000000, 0x000000,
    0x00e2d8, 0x000000, 0x00e2d6, 0x00cafc, 0x00bfb5, 0x00d3b9, 0x00e2d5, 0x000000, 0x000000,
    0x000000, 0x000000, 0x00e2d7, 0x000000, 0x000000, 0x000000, 0x000000, 0x000000, 0x000000,
    0x000000, 0x000000, 0x000000, 0x00c1ae, 0x00c0c8, 0x000000, 0x000000, 0x000000, 0x000000,
    0x000000, 0x000000, 0x00e2db, 0x00e2da, 0x00c0aa, 0x000000, 0x000000, 0x00c1ce, 0x000000,
    0x000000, 0x000000, 0x000000, 0x00e2dc, 0x000000, 0x000000, 0x000000, 0x000000, 0x000000,
    0x000000, 0x000000, 0x000000, 0x000000, 0x000000, 0x000000, 0x000000, 0x00e2dd, 0x000000,
    0x00e2de, 0x000000, 0x000000, 0x000000, 0x000000, 0x000000, 0x000000, 0x000000, 0x000000,
    0x000000, 0x00dbc8, 0x000000, 0x00d1d3, 0x00cda2, 0x000000, 0x000000, 0x00bda8, 0x000000,
    0x000000, 0x000000, 0x00dec3, 0x00d8a5, 0x00bfaa, 0x00dbcd, 0x00d2ec, 0x00c6fa, 0x00c5aa,
    0x000000, 0x000000, 0x000000, 0x00dec4, 0x000000, 0x00b1d7, 0x00dfae, 0x000000, 0x000000,
    0x000000, 0x00cabd, 0x000000, 0x00dfb1, 0x000000, 0x00b9ad, 0x000000, 0x00d2fd, 0x000000,
    0x00b8a5, 0x00baeb, 0x000000, 0x000000, 0x00b3da, 0x000000, 0x000000, 0x000000, 0x00b5dc,
    0x00d5c5, 0x000000, 0x000000, 0x000000, 0x000000, 0x00c3d6, 0x00cfd2, 0x00bba1, 0x000000,
    0x00e5f3, 0x00e5f2, 0x000000, 0x000000, 0x00e5f4, 0x000000, 0x00cde4, 0x000000, 0x00c8f5,
    0x000000, 0x000000, 0x000000, 0x000000, 0x000000, 0x000000, 0x000000, 0x00b5af, 0x00c7bf,
    0x000000, 0x00e5f6, 0x000000, 0x000000, 0x000000, 0x00ecb0, 0x000000, 0x000000, 0x000000,
    0x000000, 0x000000, 0x000000, 0x000000, 0x000000, 0x000000, 0x000000, 0x000000, 0x000000,
    0x000000, 0x000000, 0x000000, 0x00e5e6, 0x000000, 0x00b9e9, 0x00b5b1, 0x000000, 0x00c2bc,
    0x00e5e8, 0x00e5e7, 0x00e5e9, 0x000000, 0x000000, 0x000000, 0x000000, 0x00d2cd, 0x000000,
    0x000000, 0x000000, 0x00e1ea, 0x00d0ce, 0x000000, 0x00cdae, 0x000000, 0x00d1e5, 0x000000,
    0x000000, 0x00b2ca, 0x00b1eb, 0x000000, 0x00b1f2, 0x00c5ed, 0x000000, 0x000000, 0x00d5c3,
    0x00d3b0, 0x000000, 0x00e1dc, 0x000000, 0x000000, 0x000000, 0x00e1dd, 0x000000, 0x00d2db,
    0x000000, 0x00b3b9, 0x00b1cb, 0x000000, 0x000000, 0x000000, 0x00cdf9, 0x00d5f7, 0x00e1de,
    0x000000, 0x00beb6, 0x00b4fd, 0x000000, 0x00e1df, 0x00badc, 0x00e1e0, 0x00bbb2, 0x00c2c9,
    0x00e1e1, 0x000000, 0x000000, 0x000000, 0x00d0ec, 0x000000, 0x00cdbd, 0x000000, 0x000000,
    0x00e1e2, 0x000000, 0x00b5c3, 0x00c5c7, 0x00e1e3, 0x000000, 0x000000, 0x00e1e4, 0x000000,
    0x000000, 0x000000, 0x000000, 0x00d3f9, 0x000000, 0x000000, 0x000000, 0x000000, 0x000000,
    0x000000, 0x00e1e5, 0x000000, 0x00d1ad, 0x000000, 0x000000, 0x00e1e6, 0x00cea2, 0x000000,
    0x000000, 0x000000, 0x000000, 0x000000, 0x000000, 0x00e1e7, 0x000000, 0x00b5c2, 0x000000,
    0x000000, 0x000000, 0x000000, 0x00e1e8, 0x00bbd5, 0x000000, 0x000000, 0x000000, 0x00d0c4,
    0x00e2e0, 0x00b1d8, 0x00d2e4, 0x000000, 0x000000, 0x00e2e1, 0x000000, 0x000000, 0x00bcc9,
    0x00c8cc, 0x000000, 0x00e2e3, 0x00ecfe, 0x00ecfd, 0x00dfaf, 0x000000, 0x000000, 0x000000,
    0x00e2e2, 0x00d6be, 0x00cdfc, 0x00c3a6, 0x000000, 0x000000, 0x000000, 0x00e3c3, 0x000000,
    0x000000, 0x00d6d2, 0x00e2e7, 0x000000, 0x000000, 0x00e2e8, 0x000000, 0x000000, 0x00d3c7,
    0x000000, 0x000000, 0x00e2ec, 0x00bfec, 0x000000, 0x00e2ed, 0x00e2e5, 0x000000, 0x000000,
    0x00b3c0, 0x000000, 0x000000, 0x000000, 0x00c4ee, 0x000000, 0x000000, 0x00e2ee, 0x000000,
    0x000000, 0x00d0c3, 0x000000, 0x00baf6, 0x00e2e9, 0x00b7de, 0x00bbb3, 0x00ccac, 0x00cbcb,
    0x00e2e4, 0x00e2e6, 0x00e2ea, 0x00e2eb, 0x000000, 0x000000, 0x000000, 0x00e2f7, 0x000000,
    0x000000, 0x00e2f4, 0x00d4f5, 0x00e2f3, 0x000000, 0x000000, 0x00c5ad, 0x000000, 0x00d5fa,
    0x00c5c2, 0x00b2c0, 0x000000, 0x000000, 0x00e2ef, 0x000000, 0x00e2f2, 0x00c1af, 0x00cbbc,
    0x000000, 0x000000, 0x00b5a1, 0x00e2f9, 0x000000, 0x000000, 0x000000, 0x00bcb1, 0x00e2f1,
    0x00d0d4, 0x00d4b9, 0x00e2f5, 0x00b9d6, 0x00e2f6, 0x000000, 0x000000, 0x000000, 0x00c7d3,
    0x000000, 0x000000, 0x000000, 0x000000, 0x000000, 0x00e2f0, 0x000000, 0x000000, 0x000000,
    0x000000, 0x000000, 0x00d7dc, 0x00eda1, 0x000000, 0x000000, 0x00e2f8, 0x000000, 0x00eda5,
    0x00e2fe, 0x00cad1, 0x000000, 0x000000, 0x000000, 0x000000, 0x000000, 0x000000, 0x000000,
    0x00c1b5, 0x000000, 0x00bbd0, 0x000000, 0x000000, 0x00bfd6, 0x000000, 0x00bae3, 0x000000,
    0x000000, 0x00cba1, 0x000000, 0x000000, 0x000000, 0x00eda6, 0x00eda3, 0x000000, 0x000000,
    0x00eda2, 0x000000, 0x000000, 0x000000, 0x000000, 0x00bbd6, 0x00eda7, 0x00d0f4, 0x000000,
    0x000000, 0x00eda4, 0x00bade, 0x00b6f7, 0x00e3a1, 0x00b6b2, 0x00ccf1, 0x00b9a7, 0x000000,
    0x00cfa2, 0x00c7a1, 0x000000, 0x000000, 0x00bfd2, 0x000000, 0x000000, 0x00b6f1, 0x000000,
    0x00e2fa, 0x00e2fb, 0x00e2fd, 0x00e2fc, 0x00c4d5, 0x00e3a2, 0x000000, 0x00d3c1, 0x000000,
    0x000000, 0x000000, 0x00e3a7, 0x00c7c4, 0x000000, 0x000000, 0x000000, 0x000000, 0x00cfa4,
    0x000000, 0x000000, 0x00e3a9, 0x00bab7, 0x000000, 0x000000, 0x000000, 0x000000, 0x00e3a8,
    0x000000, 0x00bbda, 0x000000, 0x00e3a3, 0x000000, 0x000000, 0x000000, 0x00e3a4, 0x00e3aa,
    0x000000, 0x00e3a6, 0x000000, 0x00cef2, 0x00d3c6, 0x000000, 0x000000, 0x00bbbc, 0x000000,
    0x000000, 0x00d4c3, 0x000000, 0x00c4fa, 0x000000, 0x000000, 0x00eda8, 0x00d0fc, 0x00e3a5,
    0x000000, 0x00c3f5, 0x000000, 0x00e3ad, 0x00b1af, 0x000000, 0x00e3b2, 0x000000, 0x000000,
    0x000000, 0x00bcc2, 0x000000, 0x000000, 0x00e3ac, 0x00b5bf, 0x000000, 0x000000, 0x000000,
    0x000000, 0x000000, 0x00c7e9, 0x00e3b0, 0x000000, 0x000000, 0x000000, 0x00beaa, 0x00cdef,
    0x000000, 0x000000, 0x000000, 0x000000, 0x000000, 0x00bbf3, 0x000000, 0x000000, 0x000000,
    0x00cce8, 0x000000, 0x000000, 0x00e3af, 0x000000, 0x00e3b1, 0x000000, 0x00cfa7, 0x00e3ae,
    0x000000, 0x00cea9, 0x00bbdd, 0x000000, 0x000000, 0x000000, 0x000000, 0x000000, 0x00b5eb,
    0x00bee5, 0x00b2d2, 0x00b3cd, 0x000000, 0x00b1b9, 0x00e3ab, 0x00b2d1, 0x00b5ac, 0x00b9df,
    0x00b6e8, 0x000000, 0x000000, 0x00cfeb, 0x00e3b7, 0x000000, 0x00bbcc, 0x000000, 0x000000,
    0x00c8c7, 0x00d0ca, 0x000000, 0x000000, 0x000000, 0x000000, 0x000000, 0x00e3b8, 0x00b3ee,
    0x000000, 0x000000, 0x000000, 0x000000, 0x00eda9, 0x000000, 0x00d3fa, 0x00d3e4, 0x000000,
    0x000000, 0x000000, 0x00edaa, 0x00e3b9, 0x00d2e2, 0x000000, 0x000000, 0x000000, 0x000000,
    0x000000, 0x00e3b5, 0x000000, 0x000000, 0x000000, 0x000000, 0x00d3de, 0x000000, 0x000000,
    0x000000, 0x000000, 0x00b8d0, 0x00e3b3, 0x000000, 0x000000, 0x00e3b6, 0x00b7df, 0x000000,
    0x00e3b4, 0x00c0a2, 0x000000, 0x000000, 0x000000, 0x00e3ba, 0x000000, 0x000000, 0x000000,
    0x000000, 0x000000, 0x000000, 0x000000, 0x000000, 0x000000, 0x000000, 0x000000, 0x000000,
    0x000000, 0x000000, 0x000000, 0x000000, 0x000000, 0x000000, 0x000000, 0x00d4b8, 0x000000,
    0x000000, 0x000000, 0x000000, 0x000000, 0x000000, 0x000000, 0x000000, 0x00b4c8, 0x000000,
    0x00e3bb, 0x000000, 0x00bbc5, 0x000000, 0x00c9f7, 0x000000, 0x000000, 0x00c9e5, 0x000000,
    0x000000, 0x000000, 0x00c4bd, 0x000000, 0x000000, 0x000000, 0x000000, 0x000000, 0x000000,
    0x000000, 0x00edab, 0x000000, 0x000000, 0x000000, 0x000000, 0x00c2fd, 0x000000, 0x000000,
    0x000000, 0x000000, 0x00bbdb, 0x00bfae, 0x000000, 0x000000, 0x000000, 0x000000, 0x000000,
    0x000000, 0x000000, 0x00cebf, 0x000000, 0x000000, 0x000000, 0x000000, 0x00e3bc, 0x000000,
    0x00bfb6, 0x000000, 0x000000, 0x000000, 0x000000, 0x000000, 0x000000, 0x000000, 0x000000,
    0x000000, 0x000000, 0x000000, 0x00b1ef, 0x000000, 0x000000, 0x00d4f7, 0x000000, 0x000000,
    0x000000, 0x000000, 0x000000, 0x00e3be, 0x000000, 0x000000, 0x000000, 0x000000, 0x000000,
    0x000000, 0x000000, 0x000000, 0x00edad, 0x000000, 0x000000, 0x000000, 0x000000, 0x000000,
    0x000000, 0x000000, 0x000000, 0x000000, 0x00e3bf, 0x00baa9, 0x00edac, 0x000000, 0x000000,
    0x00e3bd, 0x000000, 0x000000, 0x000000, 0x000000, 0x000000, 0x000000, 0x000000, 0x000000,
    0x000000, 0x000000, 0x00e3c0, 0x000000, 0x000000, 0x000000, 0x000000, 0x000000, 0x000000,
    0x00bab6, 0x000000, 0x000000, 0x00b6ae, 0x000000, 0x000000, 0x000000, 0x000000, 0x000000,
    0x00d0b8, 0x000000, 0x00b0c3, 0x00edae, 0x000000, 0x000000, 0x000000, 0x000000, 0x000000,
    0x00edaf, 0x00c0c1, 0x000000, 0x00e3c1, 0x000000, 0x000000, 0x000000, 0x000000, 0x000000,
    0x000000, 0x000000, 0x000000, 0x000000, 0x000000, 0x000000, 0x000000, 0x000000, 0x000000,
    0x000000, 0x000000, 0x000000, 0x00c5b3, 0x000000, 0x000000, 0x000000, 0x000000, 0x000000,
    0x000000, 0x000000, 0x000000, 0x000000, 0x000000, 0x000000, 0x000000, 0x000000, 0x000000,
    0x00e3c2, 0x000000, 0x000000, 0x000000, 0x000000, 0x000000, 0x000000, 0x000000, 0x000000,
    0x000000, 0x00dcb2, 0x000000, 0x000000, 0x000000, 0x000000, 0x000000, 0x000000, 0x00edb0,
    0x000000, 0x00b8ea, 0x000000, 0x00ceec, 0x00eaa7, 0x00d0e7, 0x00caf9, 0x00c8d6, 0x00cfb7,
    0x00b3c9, 0x00ced2, 0x00bde4, 0x000000, 0x000000, 0x00e3de, 0x00bbf2, 0x00eaa8, 0x00d5bd,
    0x000000, 0x00c6dd, 0x00eaa9, 0x000000, 0x000000, 0x000000, 0x00eaaa, 0x000000, 0x00eaac,
    0x00eaab, 0x000000, 0x00eaae, 0x00eaad, 0x000000, 0x000000, 0x000000, 0x000000, 0x00bdd8,
    0x000000, 0x00eaaf, 0x000000, 0x00c2be, 0x000000, 0x000000, 0x000000, 0x000000, 0x00b4c1,
    0x00b4f7, 0x000000, 0x000000, 0x00bba7, 0x000000, 0x000000, 0x000000, 0x000000, 0x000000,
    0x00ece6, 0x00ece5, 0x00b7bf, 0x00cbf9, 0x00b1e2, 0x000000, 0x00ece7, 0x000000, 0x000000,
    0x000000, 0x00c9c8, 0x00ece8, 0x00ece9, 0x000000, 0x00cad6, 0x00ded0, 0x00b2c5, 0x00d4fa,
    0x000000, 0x000000, 0x00c6cb, 0x00b0c7, 0x00b4f2, 0x00c8d3, 0x000000, 0x000000, 0x000000,
    0x00cdd0, 0x000000, 0x000000, 0x00bfb8, 0x000000, 0x000000, 0x000000, 0x000000, 0x000000,
    0x000000, 0x000000, 0x00bfdb, 0x000000, 0x000000, 0x00c7a4, 0x00d6b4, 0x000000, 0x00c0a9,
    0x00ded1, 0x00c9a8, 0x00d1ef, 0x00c5a4, 0x00b0e7, 0x00b3b6, 0x00c8c5, 0x000000, 0x000000,
    0x00b0e2, 0x000000, 0x000000, 0x00b7f6, 0x000000, 0x000000, 0x00c5fa, 0x000000, 0x000000,
    0x00b6f3, 0x000000, 0x00d5d2, 0x00b3d0, 0x00bcbc, 0x000000, 0x000000, 0x000000, 0x00b3ad,
    0x000000, 0x000000, 0x000000, 0x000000, 0x00bef1, 0x00b0d1, 0x000000, 0x000000, 0x000000,
    0x000000, 0x000000, 0x000000, 0x00d2d6, 0x00cae3, 0x00d7a5, 0x000000, 0x00cdb6, 0x00b6b6,
    0x00bfb9, 0x00d5db, 0x000000, 0x00b8a7, 0x00c5d7, 0x000000, 0x000000, 0x000000, 0x00ded2,
    0x00bfd9, 0x00c2d5, 0x00c7c0, 0x000000, 0x00bba4, 0x00b1a8, 0x000000, 0x000000, 0x00c5ea,
    0x000000, 0x000000, 0x00c5fb, 0x00cca7, 0x000000, 0x000000, 0x000000, 0x000000, 0x00b1a7,
    0x000000, 0x000000, 0x000000, 0x00b5d6, 0x000000, 0x000000, 0x000000, 0x00c4a8, 0x000000,
    0x00ded3, 0x00d1ba, 0x00b3e9, 0x000000, 0x00c3f2, 0x000000, 0x000000, 0x00b7f7, 0x000000,
    0x00d6f4, 0x00b5a3, 0x00b2f0, 0x00c4b4, 0x00c4e9, 0x00c0ad, 0x00ded4, 0x000000, 0x00b0e8,
    0x00c5c4, 0x00c1e0, 0x000000, 0x00b9d5, 0x000000, 0x00bedc, 0x00cdd8, 0x00b0ce, 0x000000,
    0x00cdcf, 0x00ded6, 0x00bed0, 0x00d7be, 0x00ded5, 0x00d5d0, 0x00b0dd, 0x000000, 0x000000,
    0x00c4e2, 0x000000, 0x000000, 0x00c2a3, 0x00bcf0, 0x000000, 0x00d3b5, 0x00c0b9, 0x00c5a1,
    0x00b2a6, 0x00d4f1, 0x000000, 0x000000, 0x00c0a8, 0x00cac3, 0x00ded7, 0x00d5fc, 0x000000,
    0x00b9b0, 0x000000, 0x00c8ad, 0x00cba9, 0x000000, 0x00ded9, 0x00bfbd, 0x000000, 0x000000,
    0x000000, 0x000000, 0x00c6b4, 0x00d7a7, 0x00cab0, 0x00c4c3, 0x000000, 0x00b3d6, 0x00b9d2,
    0x000000, 0x000000, 0x000000, 0x000000, 0x00d6b8, 0x00eafc, 0x00b0b4, 0x000000, 0x000000,
    0x000000, 0x000000, 0x00bfe6, 0x000000, 0x000000, 0x00ccf4, 0x000000, 0x000000, 0x000000,
    0x000000, 0x00cdda, 0x000000, 0x000000, 0x000000, 0x00d6bf, 0x00c2ce, 0x000000, 0x00cece,
    0x00cca2, 0x00d0ae, 0x00c4d3, 0x00b5b2, 0x00ded8, 0x00d5f5, 0x00bcb7, 0x00bbd3, 0x000000,
    0x000000, 0x00b0a4, 0x000000, 0x00c5b2, 0x00b4ec, 0x000000, 0x000000, 0x000000, 0x00d5f1,
    0x000000, 0x000000, 0x00eafd, 0x000000, 0x000000, 0x000000, 0x000000, 0x000000, 0x000000,
    0x00deda, 0x00cda6, 0x000000, 0x000000, 0x00cdec, 0x000000, 0x000000, 0x00cee6, 0x00dedc,
    0x000000, 0x00cdb1, 0x00c0a6, 0x000000, 0x000000, 0x00d7bd, 0x000000, 0x00dedb, 0x00b0c6,
    0x00bab4, 0x00c9d3, 0x00c4f3, 0x00bee8, 0x000000, 0x000000, 0x000000, 0x000000, 0x00b2b6,
    0x000000, 0x000000, 0x000000, 0x000000, 0x000000, 0x000000, 0x000000, 0x000000, 0x00c0cc,
    0x00cbf0, 0x000000, 0x00bcf1, 0x00bbbb, 0x00b5b7, 0x000000, 0x000000, 0x000000, 0x00c5f5,
    0x000000, 0x00dee6, 0x000000, 0x000000, 0x000000, 0x00dee3, 0x00bedd, 0x000000, 0x000000,
    0x00dedf, 0x000000, 0x000000, 0x000000, 0x000000, 0x00b4b7, 0x00bddd, 0x000000, 0x000000,
    0x00dee0, 0x00c4ed, 0x000000, 0x000000, 0x000000, 0x000000, 0x00cfc6, 0x000000, 0x00b5e0,
    0x000000, 0x000000, 0x000000, 0x000000, 0x00b6de, 0x00cada, 0x00b5f4, 0x00dee5, 0x000000,
    0x00d5c6, 0x000000, 0x00dee1, 0x00cccd, 0x00c6fe, 0x000000, 0x00c5c5, 0x000000, 0x000000,
    0x000000, 0x00d2b4, 0x000000, 0x00bef2, 0x000000, 0x000000, 0x000000, 0x000000, 0x000000,
    0x000000, 0x000000, 0x00c2d3, 0x000000, 0x00ccbd, 0x00b3b8, 0x000000, 0x00bdd3, 0x000000,
    0x00bfd8, 0x00cdc6, 0x00d1da, 0x00b4eb, 0x000000, 0x00dee4, 0x00dedd, 0x00dee7, 0x000000,
    0x00eafe, 0x000000, 0x000000, 0x00c2b0, 0x00dee2, 0x000000, 0x000000, 0x00d6c0, 0x00b5a7,
    0x000000, 0x00b2f4, 0x000000, 0x00dee8, 0x000000, 0x00def2, 0x000000, 0x000000, 0x000000,
    0x000000, 0x00deed, 0x000000, 0x00def1, 0x000000, 0x000000, 0x00c8e0, 0x000000, 0x000000,
    0x000000, 0x00d7e1, 0x00deef, 0x00c3e8, 0x00cce1, 0x000000, 0x00b2e5, 0x000000, 0x000000,
    0x000000, 0x00d2be, 0x000000, 0x000000, 0x000000, 0x000000, 0x000000, 0x000000, 0x000000,
    0x00deee, 0x000000, 0x00deeb, 0x00ced5, 0x000000, 0x00b4a7, 0x000000, 0x000000, 0x000000,
    0x000000, 0x000000, 0x00bfab, 0x00bebe, 0x000000, 0x000000, 0x00bdd2, 0x000000, 0x000000,
    0x000000, 0x000000, 0x00dee9, 0x000000, 0x00d4ae, 0x000000, 0x00dede, 0x000000, 0x00deea,
    0x000000, 0x000000, 0x000000, 0x000000, 0x00c0bf, 0x000000, 0x00deec, 0x00b2f3, 0x00b8e9,
    0x00c2a7, 0x000000, 0x000000, 0x00bdc1, 0x000000, 0x000000, 0x000000, 0x000000, 0x000000,
    0x00def5, 0x00def8, 0x000000, 0x000000, 0x00b2ab, 0x00b4a4, 0x000000, 0x000000, 0x00b4ea,
    0x00c9a6, 0x000000, 0x000000, 0x000000, 0x000000, 0x000000, 0x000000, 0x00def6, 0x00cbd1,
    0x000000, 0x00b8e3, 0x000000, 0x00def7, 0x00defa, 0x000000, 0x000000, 0x000000, 0x000000,
    0x00def9, 0x000000, 0x000000, 0x000000, 0x00ccc2, 0x000000, 0x00b0e1, 0x00b4ee, 0x000000,
    0x000000, 0x000000, 0x000000, 0x000000, 0x000000, 0x00e5ba, 0x000000, 0x000000, 0x000000,
    0x000000, 0x000000, 0x00d0af, 0x000000, 0x000000, 0x00b2eb, 0x000000, 0x00eba1, 0x000000,
    0x00def4, 0x000000, 0x000000, 0x00c9e3, 0x00def3, 0x00b0da, 0x00d2a1, 0x00b1f7, 0x000000,
    0x00ccaf, 0x000000, 0x000000, 0x000000, 0x000000, 0x000000, 0x000000, 0x000000, 0x00def0,
    0x000000, 0x00cba4, 0x000000, 0x000000, 0x000000, 0x00d5aa, 0x000000, 0x000000, 0x000000,
    0x000000, 0x000000, 0x00defb, 0x000000, 0x000000, 0x000000, 0x000000, 0x000000, 0x000000,
    0x000000, 0x000000, 0x00b4dd, 0x000000, 0x00c4a6, 0x000000, 0x000000, 0x000000, 0x00defd,
    0x000000, 0x000000, 0x000000, 0x000000, 0x000000, 0x000000, 0x000000, 0x000000, 0x000000,
    0x000000, 0x00c3fe, 0x00c4a1, 0x00dfa1, 0x000000, 0x000000, 0x000000, 0x000000, 0x000000,
    0x00c1cc, 0x000000, 0x00defc, 0x00beef, 0x000000, 0x00c6b2, 0x000000, 0x000000, 0x000000,
    0x000000, 0x000000, 0x000000, 0x000000, 0x000000, 0x000000, 0x00b3c5, 0x00c8f6, 0x000000,
    0x000000, 0x00cbba, 0x00defe, 0x000000, 0x000000, 0x00dfa4, 0x000000, 0x000000, 0x000000,
    0x000000, 0x00d7b2, 0x000000, 0x000000, 0x000000, 0x000000, 0x000000, 0x00b3b7, 0x000000,
    0x000000, 0x000000, 0x000000, 0x00c1c3, 0x000000, 0x000000, 0x00c7cb, 0x00b2a5, 0x00b4e9,
    0x000000, 0x00d7ab, 0x000000, 0x000000, 0x000000, 0x000000, 0x00c4ec, 0x000000, 0x00dfa2,
    0x00dfa3, 0x000000, 0x00dfa5, 0x000000, 0x00bab3, 0x000000, 0x000000, 0x000000, 0x00dfa6,
    0x000000, 0x00c0de, 0x000000, 0x000000, 0x00c9c3, 0x000000, 0x000000, 0x000000, 0x000000,
    0x000000, 0x000000, 0x000000, 0x00b2d9, 0x00c7e6, 0x000000, 0x00dfa7, 0x000000, 0x00c7dc,
    0x000000, 0x000000, 0x000000, 0x000000, 0x00dfa8, 0x00eba2, 0x000000, 0x000000, 0x000000,
    0x000000, 0x000000, 0x00cbd3, 0x000000, 0x000000, 0x000000, 0x00dfaa, 0x000000, 0x00dfa9,
    0x000000, 0x00b2c1, 0x000000, 0x000000, 0x000000, 0x000000, 0x000000, 0x000000, 0x000000,
    0x000000, 0x000000, 0x000000, 0x000000, 0x000000, 0x000000, 0x000000, 0x000000, 0x000000,
    0x000000, 0x000000, 0x000000, 0x000000, 0x000000, 0x000000, 0x000000, 0x000000, 0x000000,
    0x00c5ca, 0x000000, 0x000000, 0x000000, 0x000000, 0x000000, 0x000000, 0x000000, 0x000000,
    0x00dfab, 0x000000, 0x000000, 0x000000, 0x000000, 0x000000, 0x000000, 0x000000, 0x000000,
    0x00d4dc, 0x000000, 0x000000, 0x000000, 0x000000, 0x000000, 0x00c8c1, 0x000000, 0x000000,
    0x000000, 0x000000, 0x000000, 0x000000, 0x000000, 0x000000, 0x000000, 0x000000, 0x000000,
    0x000000, 0x00dfac, 0x000000, 0x000000, 0x000000, 0x000000, 0x000000, 0x00bef0, 0x000000,
    0x000000, 0x00dfad, 0x00d6a7, 0x000000, 0x000000, 0x000000, 0x000000, 0x00eab7, 0x00ebb6,
    0x00cad5, 0x000000, 0x00d8fc, 0x00b8c4, 0x000000, 0x00b9a5, 0x000000, 0x000000, 0x00b7c5,
    0x00d5fe, 0x000000, 0x000000, 0x000000, 0x000000, 0x000000, 0x00b9ca, 0x000000, 0x000000,
    0x00d0a7, 0x00f4cd, 0x000000, 0x000000, 0x00b5d0, 0x000000, 0x000000, 0x00c3f4, 0x000000,
    0x00bec8, 0x000000, 0x000000, 0x000000, 0x00ebb7, 0x00b0bd, 0x000000, 0x000000, 0x00bdcc,
    0x000000, 0x00c1b2, 0x000000, 0x00b1d6, 0x00b3a8, 0x000000, 0x000000, 0x000000, 0x00b8d2,
    0x00c9a2, 0x000000, 0x000000, 0x00b6d8, 0x000000, 0x000000, 0x000000, 0x000000, 0x00ebb8,
    0x00beb4, 0x000000, 0x000000, 0x000000, 0x00cafd, 0x000000, 0x00c7c3, 0x000000, 0x00d5fb,
    0x000000, 0x000000, 0x00b7f3, 0x000000, 0x000000, 0x000000, 0x000000, 0x000000, 0x000000,
    0x000000, 0x000000, 0x00cec4, 0x000000, 0x000000, 0x000000, 0x00d5ab, 0x00b1f3, 0x000000,
    0x000000, 0x000000, 0x00ecb3, 0x00b0df, 0x000000, 0x00ecb5, 0x000000, 0x000000, 0x000000,
    0x00b6b7, 0x000000, 0x00c1cf, 0x000000, 0x00f5fa, 0x00d0b1, 0x000000, 0x000000, 0x00d5e5,
    0x000000, 0x00ced3, 0x000000, 0x000000, 0x00bdef, 0x00b3e2, 0x000000, 0x00b8ab, 0x000000,
    0x00d5b6, 0x000000, 0x00edbd, 0x000000, 0x00b6cf, 0x000000, 0x00cbb9, 0x00d0c2, 0x000000,
    0x000000, 0x000000, 0x000000, 0x000000, 0x000000, 0x000000, 0x000000, 0x00b7bd, 0x000000,
    0x000000, 0x00ecb6, 0x00caa9, 0x000000, 0x000000, 0x00c5d4, 0x000000, 0x00ecb9, 0x00ecb8,
    0x00c2c3, 0x00ecb7, 0x000000, 0x000000, 0x000000, 0x000000, 0x00d0fd, 0x00ecba, 0x000000,
    0x00ecbb, 0x00d7e5, 0x000000, 0x000000, 0x00ecbc, 0x000000, 0x000000, 0x000000, 0x00ecbd,
    0x00c6ec, 0x000000, 0x000000, 0x000000, 0x000000, 0x000000, 0x000000, 0x000000, 0x000000,
    0x00cede, 0x000000, 0x00bcc8, 0x000000, 0x000000, 0x00c8d5, 0x00b5a9, 0x00bec9, 0x00d6bc,
    0x00d4e7, 0x000000, 0x000000, 0x00d1ae, 0x00d0f1, 0x00eab8, 0x00eab9, 0x00eaba, 0x00bab5,
    0x000000, 0x000000, 0x000000, 0x000000, 0x00cab1, 0x00bff5, 0x000000, 0x000000, 0x00cdfa,
    0x000000, 0x000000, 0x000000, 0x000000, 0x000000, 0x00eac0, 0x000000, 0x00b0ba, 0x00eabe,
    0x000000, 0x000000, 0x00c0a5, 0x000000, 0x000000, 0x000000, 0x00eabb, 0x000000, 0x00b2fd,
    0x000000, 0x00c3f7, 0x00bbe8, 0x000000, 0x000000, 0x000000, 0x00d2d7, 0x00cef4, 0x00eabf,
    0x000000, 0x000000, 0x000000, 0x00eabc, 0x000000, 0x000000, 0x000000, 0x00eac3, 0x000000,
    0x00d0c7, 0x00d3b3, 0x000000, 0x000000, 0x000000, 0x000000, 0x00b4ba, 0x000000, 0x00c3c1,
    0x00d7f2, 0x000000, 0x000000, 0x000000, 0x000000, 0x00d5d1, 0x000000, 0x00cac7, 0x000000,
    0x00eac5, 0x000000, 0x000000, 0x00eac4, 0x00eac7, 0x00eac6, 0x000000, 0x000000, 0x000000,
    0x000000, 0x000000, 0x00d6e7, 0x000000, 0x00cfd4, 0x000000, 0x00eacb, 0x000000, 0x00bbce,
    0x000000, 0x000000, 0x000000, 0x000000, 0x000000, 0x000000, 0x000000, 0x00bdfa, 0x00c9ce,
    0x000000, 0x000000, 0x00eacc, 0x000000, 0x000000, 0x00c9b9, 0x00cffe, 0x00eaca, 0x00d4ce,
    0x00eacd, 0x00eacf, 0x000000, 0x000000, 0x00cded, 0x000000, 0x000000, 0x000000, 0x000000,
    0x00eac9, 0x000000, 0x00eace, 0x000000, 0x000000, 0x00ceee, 0x000000, 0x00bbde, 0x000000,
    0x00b3bf, 0x000000, 0x000000, 0x000000, 0x000000, 0x000000, 0x00c6d5, 0x00beb0, 0x00cefa,
    0x000000, 0x000000, 0x000000, 0x00c7e7, 0x000000, 0x00bea7, 0x00ead0, 0x000000, 0x000000,
    0x00d6c7, 0x000000, 0x000000, 0x000000, 0x00c1c0, 0x000000, 0x000000, 0x00d4dd, 0x000000,
    0x00ead1, 0x000000, 0x000000, 0x00cfbe, 0x000000, 0x000000, 0x000000, 0x000000, 0x00ead2,
    0x000000, 0x000000, 0x000000, 0x000000, 0x00caee, 0x000000, 0x000000, 0x000000, 0x000000,
    0x00c5af, 0x00b0b5, 0x000000, 0x000000, 0x000000, 0x000000, 0x000000, 0x00ead4, 0x000000,
    0x000000, 0x000000, 0x000000, 0x000000, 0x000000, 0x000000, 0x000000, 0x000000, 0x00ead3,
    0x00f4df, 0x000000, 0x000000, 0x000000, 0x000000, 0x000000, 0x00c4ba, 0x000000, 0x000000,
    0x000000, 0x000000, 0x000000, 0x00b1a9, 0x000000, 0x000000, 0x000000, 0x000000, 0x00e5df,
    0x000000, 0x000000, 0x000000, 0x000000, 0x00ead5, 0x000000, 0x000000, 0x000000, 0x000000,
    0x000000, 0x000000, 0x000000, 0x000000, 0x000000, 0x000000, 0x000000, 0x000000, 0x000000,
    0x000000, 0x000000, 0x000000, 0x000000, 0x000000, 0x000000, 0x000000, 0x000000, 0x000000,
    0x000000, 0x000000, 0x000000, 0x00caef, 0x000000, 0x00ead6, 0x00ead7, 0x00c6d8, 0x000000,
    0x000000, 0x000000, 0x000000, 0x000000, 0x000000, 0x000000, 0x000000, 0x00ead8, 0x000000,
    0x000000, 0x00ead9, 0x000000, 0x000000, 0x000000, 0x000000, 0x000000, 0x000000, 0x00d4bb,
    0x000000, 0x00c7fa, 0x00d2b7, 0x00b8fc, 0x000000, 0x000000, 0x00eac2, 0x000000, 0x00b2dc,
    0x000000, 0x000000, 0x00c2fc, 0x000000, 0x00d4f8, 0x00cce6, 0x00d7ee, 0x000000, 0x000000,
    0x000000, 0x000000, 0x000000, 0x000000, 0x000000, 0x00d4c2, 0x00d3d0, 0x00ebc3, 0x00c5f3,
    0x000000, 0x00b7fe, 0x000000, 0x000000, 0x00ebd4, 0x000000, 0x000000, 0x000000, 0x00cbb7,
    0x00ebde, 0x000000, 0x00c0ca, 0x000000, 0x000000, 0x000000, 0x00cdfb, 0x000000, 0x00b3af,
    0x000000, 0x00c6da, 0x000000, 0x000000, 0x000000, 0x000000, 0x000000, 0x000000, 0x00ebfc,
    0x000000, 0x00c4be, 0x000000, 0x00ceb4, 0x00c4a9, 0x00b1be, 0x00d4fd, 0x000000, 0x00caf5,
    0x000000, 0x00d6ec, 0x000000, 0x000000, 0x00c6d3, 0x00b6e4, 0x000000, 0x000000, 0x000000,
    0x000000, 0x00bbfa, 0x000000, 0x000000, 0x00d0e0, 0x000000, 0x000000, 0x00c9b1, 0x000000,
    0x00d4d3, 0x00c8a8, 0x000000, 0x000000, 0x00b8cb, 0x000000, 0x00e8be, 0x00c9bc, 0x000000,
    0x000000, 0x00e8bb, 0x000000, 0x00c0ee, 0x00d0d3, 0x00b2c4, 0x00b4e5, 0x000000, 0x00e8bc,
    0x000000, 0x000000, 0x00d5c8, 0x000000, 0x000000, 0x000000, 0x000000, 0x000000, 0x00b6c5,
    0x000000, 0x00e8bd, 0x00caf8, 0x00b8dc, 0x00ccf5, 0x000000, 0x000000, 0x000000, 0x00c0b4,
    0x000000, 0x000000, 0x00d1ee, 0x00e8bf, 0x00e8c2, 0x000000, 0x000000, 0x00babc, 0x000000,
    0x00b1ad, 0x00bddc, 0x000000, 0x00eabd, 0x00e8c3, 0x000000, 0x00e8c6, 0x000000, 0x00e8cb,
    0x000000, 0x000000, 0x000000, 0x000000, 0x00e8cc, 0x000000, 0x00cbc9, 0x00b0e5, 0x000000,
    0x00bcab, 0x000000, 0x000000, 0x00b9b9, 0x000000, 0x000000, 0x00e8c1, 0x000000, 0x00cdf7,
    0x000000, 0x00e8ca, 0x000000, 0x000000, 0x000000, 0x000000, 0x00cef6, 0x000000, 0x000000,
    0x000000, 0x000000, 0x00d5ed, 0x000000, 0x00c1d6, 0x00e8c4, 0x000000, 0x00c3b6, 0x000000,
    0x00b9fb, 0x00d6a6, 0x00e8c8, 0x000000, 0x000000, 0x000000, 0x00cae0, 0x00d4e6, 0x000000,
    0x00e8c0, 0x000000, 0x00e8c5, 0x00e8c7, 0x000000, 0x00c7b9, 0x00b7e3, 0x000000, 0x00e8c9,
    0x000000, 0x00bfdd, 0x00e8d2, 0x000000, 0x000000, 0x00e8d7, 0x000000, 0x00e8d5, 0x00bcdc,
    0x00bccf, 0x00e8db, 0x000000, 0x000000, 0x000000, 0x000000, 0x000000, 0x000000, 0x000000,
    0x00e8de, 0x000000, 0x00e8da, 0x00b1fa, 0x000000, 0x000000, 0x000000, 0x000000, 0x000000,
    0x000000, 0x000000, 0x000000, 0x000000, 0x000000, 0x00b0d8, 0x00c4b3, 0x00b8cc, 0x00c6e2,
    0x00c8be, 0x00c8e1, 0x000000, 0x000000, 0x000000, 0x00e8cf, 0x00e8d4, 0x00e8d6, 0x000000,
    0x00b9f1, 0x00e8d8, 0x00d7f5, 0x000000, 0x00c4fb, 0x000000, 0x00e8dc, 0x000000, 0x000000,
    0x00b2e9, 0x000000, 0x000000, 0x000000, 0x00e8d1, 0x000000, 0x000000, 0x00bced, 0x000000,
    0x000000, 0x00bfc2, 0x00e8cd, 0x00d6f9, 0x000000, 0x00c1f8, 0x00b2f1, 0x000000, 0x000000,
    0x000000, 0x000000, 0x000000, 0x000000, 0x000000, 0x000000, 0x00e8df, 0x000000, 0x00cac1,
    0x00e8d9, 0x000000, 0x000000, 0x000000, 0x000000, 0x00d5a4, 0x000000, 0x00b1ea, 0x00d5bb,
    0x00e8ce, 0x00e8d0, 0x00b6b0, 0x00e8d3, 0x000000, 0x00e8dd, 0x00c0b8, 0x000000, 0x00caf7,
    0x000000, 0x00cba8, 0x000000, 0x000000, 0x00c6dc, 0x00c0f5, 0x000000, 0x000000, 0x000000,
    0x000000, 0x000000, 0x00e8e9, 0x000000, 0x000000, 0x000000, 0x00d0a3, 0x000000, 0x000000,
    0x000000, 0x000000, 0x000000, 0x000000, 0x000000, 0x00e8f2, 0x00d6ea, 0x000000, 0x000000,
    0x000000, 0x000000, 0x000000, 0x000000, 0x000000, 0x00e8e0, 0x00e8e1, 0x000000, 0x000000,
    0x000000, 0x00d1f9, 0x00bacb, 0x00b8f9, 0x000000, 0x000000, 0x00b8f1, 0x00d4d4, 0x00e8ef,
    0x000000, 0x00e8ee, 0x00e8ec, 0x00b9f0, 0x00ccd2, 0x00e8e6, 0x00cea6, 0x00bff2, 0x000000,
    0x00b0b8, 0x00e8f1, 0x00e8f0, 0x000000, 0x00d7c0, 0x000000, 0x00e8e4, 0x000000, 0x00cda9,
    0x00c9a3, 0x000000, 0x00bbb8, 0x00bddb, 0x00e8ea, 0x000000, 0x000000, 0x000000, 0x000000,
    0x000000, 0x000000, 0x000000, 0x000000, 0x000000, 0x000000, 0x00e8e2, 0x00e8e3, 0x00e8e5,
    0x00b5b5, 0x00e8e7, 0x00c7c5, 0x00e8eb, 0x00e8ed, 0x00bdb0, 0x00d7ae, 0x000000, 0x00e8f8,
    0x000000, 0x000000, 0x000000, 0x000000, 0x000000, 0x000000, 0x000000, 0x000000, 0x00e8f5,
    0x000000, 0x00cdb0, 0x00e8f6, 0x000000, 0x000000, 0x000000, 0x000000, 0x000000, 0x000000,
    0x000000, 0x000000, 0x00c1ba, 0x000000, 0x00e8e8, 0x000000, 0x00c3b7, 0x00b0f0, 0x000000,
    0x000000, 0x000000, 0x000000, 0x000000, 0x000000, 0x000000, 0x000000, 0x00e8f4, 0x000000,
    0x000000, 0x000000, 0x00e8f7, 0x000000, 0x000000, 0x000000, 0x00b9a3, 0x000000, 0x000000,
    0x000000, 0x000000, 0x000000, 0x000000, 0x000000, 0x000000, 0x000000, 0x000000, 0x00c9d2,
    0x000000, 0x000000, 0x000000, 0x00c3ce, 0x00cee0, 0x00c0e6, 0x000000, 0x000000, 0x000000,
    0x000000, 0x00cbf3, 0x000000, 0x00ccdd, 0x00d0b5, 0x000000, 0x000000, 0x00cae1, 0x000000,
    0x00e8f3, 0x000000, 0x000000, 0x000000, 0x000000, 0x000000, 0x000000, 0x000000, 0x000000,
    0x000000, 0x000000, 0x00bcec, 0x000000, 0x00e8f9, 0x000000, 0x000000, 0x000000, 0x000000,
    0x000000, 0x000000, 0x00c3de, 0x000000, 0x00c6e5, 0x000000, 0x00b9f7, 0x000000, 0x000000,
    0x000000, 0x000000, 0x00b0f4, 0x000000, 0x000000, 0x00d7d8, 0x000000, 0x000000, 0x00bcac,
    0x000000, 0x00c5ef, 0x000000, 0x000000, 0x000000, 0x000000, 0x000000, 0x00ccc4, 0x000000,
    0x000000, 0x00e9a6, 0x000000, 0x000000, 0x000000, 0x000000, 0x000000, 0x000000, 0x000000,
    0x000000, 0x000000, 0x000000, 0x00c9ad, 0x000000, 0x00e9a2, 0x00c0e2, 0x000000, 0x000000,
    0x000000, 0x00bfc3, 0x000000, 0x000000, 0x000000, 0x00e8fe, 0x00b9d7, 0x000000, 0x00e8fb,
    0x000000, 0x000000, 0x000000, 0x00e9a4, 0x000000, 0x000000, 0x000000, 0x00d2ce, 0x000000,
    0x000000, 0x000000, 0x000000, 0x000000, 0x00e9a3, 0x000000, 0x00d6b2, 0x00d7b5, 0x000000,
    0x00e9a7, 0x000000, 0x00bdb7, 0x000000, 0x000000, 0x000000, 0x000000, 0x000000, 0x000000,
    0x000000, 0x000000, 0x000000, 0x000000, 0x000000, 0x000000, 0x00e8fc, 0x00e8fd, 0x000000,
    0x000000, 0x000000, 0x00e9a1, 0x000000, 0x000000, 0x000000, 0x000000, 0x000000, 0x000000,
    0x000000, 0x000000, 0x00cdd6, 0x000000, 0x000000, 0x00d2ac, 0x000000, 0x000000, 0x000000,
    0x00e9b2, 0x000000, 0x000000, 0x000000, 0x000000, 0x00e9a9, 0x000000, 0x000000, 0x000000,
    0x00b4aa, 0x000000, 0x00b4bb, 0x000000, 0x000000, 0x00e9ab, 0x000000, 0x000000, 0x000000,
    0x000000, 0x000000, 0x000000, 0x000000, 0x000000, 0x000000, 0x000000, 0x000000, 0x000000,
    0x000000, 0x000000, 0x000000, 0x000000, 0x000000, 0x00d0a8, 0x000000, 0x000000, 0x00e9a5,
    0x000000, 0x000000, 0x00b3fe, 0x000000, 0x000000, 0x00e9ac, 0x00c0e3, 0x000000, 0x00e9aa,
    0x000000, 0x000000, 0x00e9b9, 0x000000, 0x000000, 0x00e9b8, 0x000000, 0x000000, 0x000000,
    0x000000, 0x00e9ae, 0x000000, 0x000000, 0x00e8fa, 0x000000, 0x000000, 0x00e9a8, 0x000000,
    0x000000, 0x000000, 0x000000, 0x000000, 0x00bfac, 0x00e9b1, 0x00e9ba, 0x000000, 0x000000,
    0x00c2a5, 0x000000, 0x000000, 0x000000, 0x00e9af, 0x000000, 0x00b8c5, 0x000000, 0x00e9ad,
    0x000000, 0x00d3dc, 0x00e9b4, 0x00e9b5, 0x00e9b7, 0x000000, 0x000000, 0x000000, 0x00e9c7,
    0x000000, 0x000000, 0x000000, 0x000000, 0x000000, 0x000000, 0x00c0c6, 0x00e9c5, 0x000000,
    0x000000, 0x00e9b0, 0x000000, 0x000000, 0x00e9bb, 0x00b0f1, 0x000000, 0x000000, 0x000000,
    0x000000, 0x000000, 0x000000, 0x000000, 0x000000, 0x000000, 0x000000, 0x00e9bc, 0x00d5a5,
    0x000000, 0x000000, 0x00e9be, 0x000000, 0x00e9bf, 0x000000, 0x000000, 0x000000, 0x00e9c1,
    0x000000, 0x000000, 0x00c1f1, 0x000000, 0x000000, 0x00c8b6, 0x000000, 0x000000, 0x000000,
    0x00e9bd, 0x000000, 0x000000, 0x000000, 0x000000, 0x00e9c2, 0x000000, 0x000000, 0x000000,
    0x000000, 0x000000, 0x000000, 0x000000, 0x000000, 0x00e9c3, 0x000000, 0x00e9b3, 0x000000,
    0x00e9b6, 0x000000, 0x00bbb1, 0x000000, 0x000000, 0x000000, 0x00e9c0, 0x000000, 0x000000,
    0x000000, 0x000000, 0x000000, 0x000000, 0x00bcf7, 0x000000, 0x000000, 0x000000, 0x00e9c4,
    0x00e9c6, 0x000000, 0x000000, 0x000000, 0x000000, 0x000000, 0x000000, 0x000000, 0x000000,
    0x000000, 0x000000, 0x000000, 0x000000, 0x00e9ca, 0x000000, 0x000000, 0x000000, 0x000000,
    0x00e9ce, 0x000000, 0x000000, 0x000000, 0x000000, 0x000000, 0x000000, 0x000000, 0x000000,
    0x000000, 0x000000, 0x00b2db, 0x000000, 0x00e9c8, 0x000000, 0x000000, 0x000000, 0x000000,
    0x000000, 0x000000, 0x000000, 0x000000, 0x000000, 0x000000, 0x00b7ae, 0x000000, 0x000000,
    0x000000, 0x000000, 0x000000, 0x000000, 0x000000, 0x000000, 0x000000, 0x000000, 0x000000,
    0x000000, 0x00e9cb, 0x00e9cc, 0x000000, 0x000000, 0x000000, 0x000000, 0x000000, 0x000000,
    0x00d5c1, 0x000000, 0x00c4a3, 0x000000, 0x000000, 0x000000, 0x000000, 0x000000, 0x000000,
    0x00e9d8, 0x000000, 0x00bae1, 0x000000, 0x000000, 0x000000, 0x000000, 0x00e9c9, 0x000000,
    0x00d3a3, 0x000000, 0x000000, 0x000000, 0x00e9d4, 0x000000, 0x000000, 0x000000, 0x000000,
    0x000000, 0x000000, 0x000000, 0x00e9d7, 0x00e9d0, 0x000000, 0x000000, 0x000000, 0x000000,
    0x00e9cf, 0x000000, 0x000000, 0x00c7c1, 0x000000, 0x000000, 0x000000, 0x000000, 0x000000,
    0x000000, 0x000000, 0x000000, 0x00e9d2, 0x000000, 0x000000, 0x000000, 0x000000, 0x000000,
    0x000000, 0x000000, 0x00e9d9, 0x00b3c8, 0x000000, 0x00e9d3, 0x000000, 0x000000, 0x000000,
    0x000000, 0x000000, 0x00cff0, 0x000000, 0x000000, 0x000000, 0x00e9cd, 0x000000, 0x000000,
    0x000000, 0x000000, 0x000000, 0x000000, 0x000000, 0x000000, 0x000000, 0x000000, 0x000000,
    0x00b3f7, 0x000000, 0x000000, 0x000000, 0x000000, 0x000000, 0x000000, 0x000000, 0x00e9d6,
    0x000000, 0x000000, 0x00e9da, 0x000000, 0x000000, 0x000000, 0x00ccb4, 0x000000, 0x000000,
    0x000000, 0x00cfad, 0x000000, 0x000000, 0x000000, 0x000000, 0x000000, 0x000000, 0x000000,
    0x000000, 0x000000, 0x00e9d5, 0x000000, 0x00e9dc, 0x00e9db, 0x000000, 0x000000, 0x000000,
    0x000000, 0x000000, 0x00e9de, 0x000000, 0x000000, 0x000000, 0x000000, 0x000000, 0x000000,
    0x000000, 0x000000, 0x00e9d1, 0x000000, 0x000000, 0x000000, 0x000000, 0x000000, 0x000000,
    0x000000, 0x000000, 0x00e9dd, 0x000000, 0x00e9df, 0x00c3ca, 0x000000, 0x000000, 0x000000,
    0x000000, 0x000000, 0x000000, 0x000000, 0x000000, 0x000000, 0x000000, 0x000000, 0x000000,
    0x000000, 0x000000, 0x000000, 0x000000, 0x000000, 0x000000, 0x000000, 0x000000, 0x000000,
    0x000000, 0x000000, 0x000000, 0x000000, 0x000000, 0x000000, 0x000000, 0x000000, 0x000000,
    0x000000, 0x000000, 0x00c7b7, 0x00b4ce, 0x00bbb6, 0x00d0c0, 0x00eca3, 0x000000, 0x000000,
    0x00c5b7, 0x000000, 0x000000, 0x000000, 0x000000, 0x000000, 0x000000, 0x000000, 0x000000,
    0x000000, 0x000000, 0x00d3fb, 0x000000, 0x000000, 0x000000, 0x000000, 0x00eca4, 0x000000,
    0x00eca5, 0x00c6db, 0x000000, 0x000000, 0x000000, 0x00bfee, 0x000000, 0x000000, 0x000000,
    0x00eca6, 0x000000, 0x000000, 0x00eca7, 0x00d0aa, 0x000000, 0x00c7b8, 0x000000, 0x000000,
    0x00b8e8, 0x000000, 0x000000, 0x000000, 0x000000, 0x000000, 0x000000, 0x000000, 0x000000,
    0x000000, 0x000000, 0x000000, 0x000000, 0x00eca8, 0x000000, 0x000000, 0x000000, 0x000000,
    0x000000, 0x000000, 0x000000, 0x000000, 0x00d6b9, 0x00d5fd, 0x00b4cb, 0x00b2bd, 0x00cee4,
    0x00c6e7, 0x000000, 0x000000, 0x00cde1, 0x000000, 0x000000, 0x000000, 0x000000, 0x000000,
    0x000000, 0x000000, 0x000000, 0x000000, 0x000000, 0x000000, 0x000000, 0x000000, 0x000000,
    0x00b4f5, 0x000000, 0x00cbc0, 0x00bcdf, 0x000000, 0x000000, 0x000000, 0x00e9e2, 0x00e9e3,
    0x00d1ea, 0x00e9e5, 0x000000, 0x00b4f9, 0x00e9e4, 0x000000, 0x00d1b3, 0x00cae2, 0x00b2d0,
    0x000000, 0x00e9e8, 0x000000, 0x000000, 0x000000, 0x000000, 0x00e9e6, 0x00e9e7, 0x000000,
    0x000000, 0x00d6b3, 0x000000, 0x000000, 0x000000, 0x00e9e9, 0x00e9ea, 0x000000, 0x000000,
    0x000000, 0x000000, 0x000000, 0x00e9eb, 0x000000, 0x000000, 0x000000, 0x000000, 0x000000,
    0x000000, 0x000000, 0x000000, 0x00e9ec, 0x000000, 0x000000, 0x000000, 0x000000, 0x000000,
    0x000000, 0x000000, 0x000000, 0x00ecaf, 0x00c5b9, 0x00b6ce, 0x000000, 0x00d2f3, 0x000000,
    0x000000, 0x000000, 0x000000, 0x000000, 0x000000, 0x000000, 0x00b5ee, 0x000000, 0x00bbd9,
    0x00ecb1, 0x000000, 0x000000, 0x00d2e3, 0x000000, 0x000000, 0x000000, 0x000000, 0x000000,
    0x00cee3, 0x000000, 0x00c4b8, 0x000000, 0x00c3bf, 0x000000, 0x000000, 0x00b6be, 0x00d8b9,
    0x00b1c8, 0x00b1cf, 0x00b1d1, 0x00c5fe, 0x000000, 0x00b1d0, 0x000000, 0x00c3ab, 0x000000,
    0x000000, 0x000000, 0x000000, 0x000000, 0x00d5b1, 0x000000, 0x000000, 0x000000, 0x000000,
    0x000000, 0x000000, 0x000000, 0x000000, 0x00eba4, 0x00bac1, 0x000000, 0x000000, 0x000000,
    0x00ccba, 0x000000, 0x000000, 0x000000, 0x00eba5, 0x000000, 0x00eba7, 0x000000, 0x000000,
    0x000000, 0x00eba8, 0x000000, 0x000000, 0x000000, 0x00eba6, 0x000000, 0x000000, 0x000000,
    0x000000, 0x000000, 0x00eba9, 0x00ebab, 0x00ebaa, 0x000000, 0x000000, 0x000000, 0x000000,
    0x000000, 0x00ebac, 0x000000, 0x00cacf, 0x00d8b5, 0x00c3f1, 0x000000, 0x00c3a5, 0x00c6f8,
    0x00ebad, 0x00c4ca, 0x000000, 0x00ebae, 0x00ebaf, 0x00ebb0, 0x00b7d5, 0x000000, 0x000000,
    0x000000, 0x00b7fa, 0x000000, 0x00ebb1, 0x00c7e2, 0x000000, 0x00ebb3, 0x000000, 0x00baa4,
    0x00d1f5, 0x00b0b1, 0x00ebb2, 0x00ebb4, 0x000000, 0x000000, 0x000000, 0x00b5aa, 0x00c2c8,
    0x00c7e8, 0x000000, 0x00ebb5, 0x000000, 0x00cbae, 0x00e3df, 0x000000, 0x000000, 0x00d3c0,
    0x000000, 0x000000, 0x000000, 0x000000, 0x00d9db, 0x000000, 0x000000, 0x00cda1, 0x00d6ad,
    0x00c7f3, 0x000000, 0x000000, 0x000000, 0x00d9e0, 0x00bbe3, 0x000000, 0x00baba, 0x00e3e2,
    0x000000, 0x000000, 0x000000, 0x000000, 0x000000, 0x00cfab, 0x000000, 0x000000, 0x000000,
    0x00e3e0, 0x00c9c7, 0x000000, 0x00bab9, 0x000000, 0x000000, 0x000000, 0x00d1b4, 0x00e3e1,
    0x00c8ea, 0x00b9af, 0x00bdad, 0x00b3d8, 0x00cedb, 0x000000, 0x000000, 0x00ccc0, 0x000000,
    0x000000, 0x000000, 0x00e3e8, 0x00e3e9, 0x00cdf4, 0x000000, 0x000000, 0x000000, 0x000000,
    0x000000, 0x00ccad, 0x000000, 0x00bcb3, 0x000000, 0x00e3ea, 0x000000, 0x00e3eb, 0x000000,
    0x000000, 0x00d0da, 0x000000, 0x000000, 0x000000, 0x00c6fb, 0x00b7da, 0x000000, 0x00c7df,
    0x00d2ca, 0x00ced6, 0x000000, 0x00e3e4, 0x00e3ec, 0x000000, 0x00c9f2, 0x00b3c1, 0x000000,
    0x000000, 0x00e3e7, 0x000000, 0x000000, 0x00c6e3, 0x00e3e5, 0x000000, 0x000000, 0x00edb3,
    0x00e3e6, 0x000000, 0x000000, 0x000000, 0x000000, 0x00c9b3, 0x000000, 0x00c5e6, 0x000000,
    0x000000, 0x000000, 0x00b9b5, 0x000000, 0x00c3bb, 0x000000, 0x00e3e3, 0x00c5bd, 0x00c1a4,
    0x00c2d9, 0x00b2d7, 0x000000, 0x00e3ed, 0x00bba6, 0x00c4ad, 0x000000, 0x00e3f0, 0x00beda,
    0x000000, 0x000000, 0x00e3fb, 0x00e3f5, 0x00bad3, 0x000000, 0x000000, 0x000000, 0x000000,
    0x00b7d0, 0x00d3cd, 0x000000, 0x00d6ce, 0x00d5d3, 0x00b9c1, 0x00d5b4, 0x00d1d8, 0x000000,
    0x000000, 0x000000, 0x000000, 0x00d0b9, 0x00c7f6, 0x000000, 0x000000, 0x000000, 0x00c8aa,
    0x00b2b4, 0x000000, 0x00c3da, 0x000000, 0x000000, 0x000000, 0x00e3ee, 0x000000, 0x000000,
    0x00e3fc, 0x00e3ef, 0x00b7a8, 0x00e3f7, 0x00e3f4, 0x000000, 0x000000, 0x000000, 0x00b7ba,
    0x000000, 0x000000, 0x00c5a2, 0x000000, 0x00e3f6, 0x00c5dd, 0x00b2a8, 0x00c6fc, 0x000000,
    0x00c4e0, 0x000000, 0x000000, 0x00d7a2, 0x000000, 0x00c0e1, 0x00e3f9, 0x000000, 0x000000,
    0x00e3fa, 0x00e3fd, 0x00cca9, 0x00e3f3, 0x000000, 0x00d3be, 0x000000, 0x00b1c3, 0x00edb4,
    0x00e3f1, 0x00e3f2, 0x000000, 0x00e3f8, 0x00d0ba, 0x00c6c3, 0x00d4f3, 0x00e3fe, 0x000000,
    0x00bde0, 0x000000, 0x000000, 0x00e4a7, 0x000000, 0x000000, 0x00e4a6, 0x000000, 0x000000,
    0x000000, 0x00d1f3, 0x00e4a3, 0x000000, 0x00e4a9, 0x000000, 0x000000, 0x000000, 0x00c8f7,
    0x000000, 0x000000, 0x000000, 0x000000, 0x00cfb4, 0x000000, 0x00e4a8, 0x00e4ae, 0x00c2e5,
    0x000000, 0x000000, 0x00b6b4, 0x000000, 0x000000, 0x000000, 0x000000, 0x000000, 0x000000,
    0x00bdf2, 0x000000, 0x00e4a2, 0x000000, 0x000000, 0x00bae9, 0x00e4aa, 0x000000, 0x000000,
    0x00e4ac, 0x000000, 0x000000, 0x00b6fd, 0x00d6de, 0x00e4b2, 0x000000, 0x00e4ad, 0x000000,
    0x000000, 0x000000, 0x00e4a1, 0x000000, 0x00bbee, 0x00cddd, 0x00c7a2, 0x00c5c9, 0x000000,
    0x00c1f7, 0x000000, 0x00e4a4, 0x000000, 0x00c7b3, 0x00bdac, 0x00bdbd, 0x00e4a5, 0x000000,
    0x00d7c7, 0x00b2e2, 0x000000, 0x00e4ab, 0x00bcc3, 0x00e4af, 0x000000, 0x00bbeb, 0x00e4b0,
    0x00c5a8, 0x00e4b1, 0x000000, 0x000000, 0x000000, 0x000000, 0x00d5e3, 0x00bfa3, 0x000000,
    0x00e4ba, 0x000000, 0x00e4b7, 0x000000, 0x00e4bb, 0x000000, 0x000000, 0x00e4bd, 0x000000,
    0x000000, 0x00c6d6, 0x000000, 0x000000, 0x00bac6, 0x00c0cb, 0x000000, 0x000000, 0x000000,
    0x00b8a1, 0x00e4b4, 0x000000, 0x000000, 0x000000, 0x000000, 0x00d4a1, 0x000000, 0x000000,
    0x00baa3, 0x00bdfe, 0x000000, 0x000000, 0x000000, 0x00e4bc, 0x000000, 0x000000, 0x000000,
    0x00cdbf, 0x000000, 0x000000, 0x00c4f9, 0x000000, 0x000000, 0x00cffb, 0x00c9e6, 0x000000,
    0x000000, 0x00d3bf, 0x000000, 0x00cfd1, 0x000000, 0x000000, 0x00e4b3, 0x000000, 0x00e4b8,
    0x00e4b9, 0x00cce9, 0x000000, 0x000000, 0x000000, 0x000000, 0x000000, 0x00ccce, 0x000000,
    0x00c0d4, 0x00e4b5, 0x00c1b0, 0x00e4b6, 0x00ced0, 0x000000, 0x00bbc1, 0x00b5d3, 0x000000,
    0x00c8f3, 0x00bda7, 0x00d5c7, 0x00c9ac, 0x00b8a2, 0x00e4ca, 0x000000, 0x000000, 0x00e4cc,
    0x00d1c4, 0x000000, 0x000000, 0x00d2ba, 0x000000, 0x000000, 0x00baad, 0x000000, 0x000000,
    0x00bad4, 0x000000, 0x000000, 0x000000, 0x000000, 0x000000, 0x000000, 0x00e4c3, 0x00b5ed,
    0x000000, 0x000000, 0x000000, 0x00d7cd, 0x00e4c0, 0x00cffd, 0x00e4bf, 0x000000, 0x000000,
    0x000000, 0x00c1dc, 0x00ccca, 0x000000, 0x000000, 0x000000, 0x000000, 0x00cae7, 0x000000,
    0x000000, 0x000000, 0x000000, 0x00c4d7, 0x000000, 0x00ccd4, 0x00e4c8, 0x000000, 0x000000,
    0x000000, 0x00e4c7, 0x00e4c1, 0x000000, 0x00e4c4, 0x00b5ad, 0x000000, 0x000000, 0x00d3d9,
    0x000000, 0x00e4c6, 0x000000, 0x000000, 0x000000, 0x000000, 0x00d2f9, 0x00b4e3, 0x000000,
    0x00bbb4, 0x000000, 0x000000, 0x00c9ee, 0x000000, 0x00b4be, 0x000000, 0x000000, 0x000000,
    0x00bbec, 0x000000, 0x00d1cd, 0x000000, 0x00cced, 0x00edb5, 0x000000, 0x000000, 0x000000,
    0x000000, 0x000000, 0x00c7e5, 0x000000, 0x000000, 0x000000, 0x000000, 0x00d4a8, 0x000000,
    0x00e4cb, 0x00d7d5, 0x00e4c2, 0x000000, 0x00bda5, 0x00e4c5, 0x000000, 0x000000, 0x00d3e6,
    0x000000, 0x00e4c9, 0x00c9f8, 0x000000, 0x000000, 0x00e4be, 0x000000, 0x000000, 0x00d3e5,
    0x000000, 0x000000, 0x00c7fe, 0x00b6c9, 0x000000, 0x00d4fc, 0x00b2b3, 0x00e4d7, 0x000000,
    0x000000, 0x000000, 0x00cec2, 0x000000, 0x00e4cd, 0x000000, 0x00cebc, 0x000000, 0x00b8db,
    0x000000, 0x000000, 0x00e4d6, 0x000000, 0x00bfca, 0x000000, 0x000000, 0x000000, 0x00d3ce,
    0x000000, 0x00c3ec, 0x000000, 0x000000, 0x000000, 0x000000, 0x000000, 0x00c5c8, 0x00e4d8,
    0x000000, 0x000000, 0x000000, 0x000000, 0x000000, 0x000000, 0x000000, 0x000000, 0x00cdc4,
    0x00e4cf, 0x000000, 0x000000, 0x000000, 0x000000, 0x00e4d4, 0x00e4d5, 0x000000, 0x00bafe,
    0x000000, 0x00cfe6, 0x000000, 0x000000, 0x00d5bf, 0x000000, 0x000000, 0x000000, 0x00e4d2,
    0x000000, 0x000000, 0x000000, 0x000000, 0x000000, 0x000000, 0x000000, 0x000000, 0x000000,
    0x000000, 0x000000, 0x00e4d0, 0x000000, 0x000000, 0x00e4ce, 0x000000, 0x000000, 0x000000,
    0x000000, 0x000000, 0x000000, 0x000000, 0x000000, 0x000000, 0x000000, 0x000000, 0x000000,
    0x000000, 0x000000, 0x000000, 0x00cde5, 0x00caaa, 0x000000, 0x000000, 0x000000, 0x00c0a3,
    0x000000, 0x00bda6, 0x00e4d3, 0x000000, 0x000000, 0x00b8c8, 0x000000, 0x000000, 0x000000,
    0x000000, 0x000000, 0x00e4e7, 0x00d4b4, 0x000000, 0x000000, 0x000000, 0x000000, 0x000000,
    0x000000, 0x000000, 0x00e4db, 0x000000, 0x000000, 0x000000, 0x00c1ef, 0x000000, 0x000000,
    0x00e4e9, 0x000000, 0x000000, 0x00d2e7, 0x000000, 0x000000, 0x00e4df, 0x000000, 0x00e4e0,
    0x000000, 0x000000, 0x00cfaa, 0x000000, 0x000000, 0x000000, 0x000000, 0x00cbdd, 0x000000,
    0x00e4da, 0x00e4d1, 0x000000, 0x00e4e5, 0x000000, 0x00c8dc, 0x00e4e3, 0x000000, 0x000000,
    0x00c4e7, 0x00e4e2, 0x000000, 0x00e4e1, 0x000000, 0x000000, 0x00b3fc, 0x00e4e8, 0x000000,
    0x000000, 0x000000, 0x000000, 0x00b5e1, 0x000000, 0x000000, 0x000000, 0x00d7cc, 0x000000,
    0x000000, 0x000000, 0x00e4e6, 0x000000, 0x00bbac, 0x000000, 0x00d7d2, 0x00cccf, 0x00ebf8,
    0x000000, 0x00e4e4, 0x000000, 0x000000, 0x00b9f6, 0x000000, 0x000000, 0x000000, 0x00d6cd,
    0x00e4d9, 0x00e4dc, 0x00c2fa, 0x00e4de, 0x000000, 0x00c2cb, 0x00c0c4, 0x00c2d0, 0x000000,
    0x00b1f5, 0x00ccb2, 0x000000, 0x000000, 0x000000, 0x000000, 0x000000, 0x000000, 0x000000,
    0x000000, 0x000000, 0x000000, 0x00b5ce, 0x000000, 0x000000, 0x000000, 0x000000, 0x00e4ef,
    0x000000, 0x000000, 0x000000, 0x000000, 0x000000, 0x000000, 0x00c6af, 0x000000, 0x000000,
    0x000000, 0x00c6e1, 0x000000, 0x000000, 0x00e4f5, 0x000000, 0x000000, 0x000000, 0x000000,
    0x000000, 0x00c2a9, 0x000000, 0x000000, 0x000000, 0x00c0ec, 0x00d1dd, 0x00e4ee, 0x000000,
    0x000000, 0x000000, 0x000000, 0x000000, 0x000000, 0x000000, 0x000000, 0x000000, 0x000000,
    0x00c4ae, 0x000000, 0x000000, 0x000000, 0x00e4ed, 0x000000, 0x000000, 0x000000, 0x000000,
    0x00e4f6, 0x00e4f4, 0x00c2fe, 0x000000, 0x00e4dd, 0x000000, 0x00e4f0, 0x000000, 0x00cafe,
    0x000000, 0x00d5c4, 0x000000, 0x000000, 0x00e4f1, 0x000000, 0x000000, 0x000000, 0x000000,
    0x000000, 0x000000, 0x000000, 0x00d1fa, 0x000000, 0x000000, 0x000000, 0x000000, 0x000000,
    0x000000, 0x00e4eb, 0x00e4ec, 0x000000, 0x000000, 0x000000, 0x00e4f2, 0x000000, 0x00ceab,
    0x000000, 0x000000, 0x000000, 0x000000, 0x000000, 0x000000, 0x000000, 0x000000, 0x000000,
    0x000000, 0x00c5cb, 0x000000, 0x000000, 0x000000, 0x00c7b1, 0x000000, 0x00c2ba, 0x000000,
    0x000000, 0x000000, 0x00e4ea, 0x000000, 0x000000, 0x000000, 0x00c1ca, 0x000000, 0x000000,
    0x000000, 0x000000, 0x000000, 0x000000, 0x00ccb6, 0x00b3b1, 0x000000, 0x000000, 0x000000,
    0x00e4fb, 0x000000, 0x00e4f3, 0x000000, 0x000000, 0x000000, 0x00e4fa, 0x000000, 0x00e4fd,
    0x000000, 0x00e4fc, 0x000000, 0x000000, 0x000000, 0x000000, 0x00b3ce, 0x000000, 0x000000,
    0x000000, 0x00b3ba, 0x00e4f7, 0x000000, 0x000000, 0x00e4f9, 0x00e4f8, 0x00c5ec, 0x000000,
    0x000000, 0x000000, 0x000000, 0x000000, 0x000000, 0x000000, 0x000000, 0x000000, 0x000000,
    0x000000, 0x000000, 0x000000, 0x00c0bd, 0x000000, 0x000000, 0x000000, 0x000000, 0x00d4e8,
    0x000000, 0x000000, 0x000000, 0x000000, 0x000000, 0x00e5a2, 0x000000, 0x000000, 0x000000,
    0x000000, 0x000000, 0x000000, 0x000000, 0x000000, 0x000000, 0x000000, 0x000000, 0x00b0c4,
    0x000000, 0x000000, 0x00e5a4, 0x000000, 0x000000, 0x00e5a3, 0x000000, 0x000000, 0x000000,
    0x000000, 0x000000, 0x000000, 0x00bca4, 0x000000, 0x00e5a5, 0x000000, 0x000000, 0x000000,
    0x000000, 0x000000, 0x000000, 0x00e5a1, 0x000000, 0x000000, 0x000000, 0x000000, 0x000000,
    0x000000, 0x000000, 0x00e4fe, 0x00b1f4, 0x000000, 0x000000, 0x000000, 0x000000, 0x000000,
    0x000000, 0x000000, 0x000000, 0x000000, 0x000000, 0x000000, 0x00e5a8, 0x000000, 0x00e5a9,
    0x00e5a6, 0x000000, 0x000000, 0x000000, 0x000000, 0x000000, 0x000000, 0x000000, 0x000000,
    0x000000, 0x000000, 0x000000, 0x000000, 0x00e5a7, 0x00e5aa, 0x000000, 0x000000, 0x000000,
    0x000000, 0x000000, 0x000000, 0x000000, 0x000000, 0x000000, 0x000000, 0x000000, 0x000000,
    0x000000, 0x000000, 0x000000, 0x000000, 0x000000, 0x00c6d9, 0x000000, 0x000000, 0x000000,
    0x000000, 0x000000, 0x000000, 0x000000, 0x000000, 0x00e5ab, 0x00e5ad, 0x000000, 0x000000,
    0x000000, 0x000000, 0x000000, 0x000000, 0x000000, 0x00e5ac, 0x000000, 0x000000, 0x000000,
    0x000000, 0x000000, 0x000000, 0x000000, 0x000000, 0x000000, 0x000000, 0x000000, 0x000000,
    0x000000, 0x000000, 0x000000, 0x000000, 0x000000, 0x00e5af, 0x000000, 0x000000, 0x000000,
    0x00e5ae, 0x000000, 0x000000, 0x000000, 0x000000, 0x000000, 0x000000, 0x000000, 0x000000,
    0x000000, 0x000000, 0x000000, 0x000000, 0x00b9e0, 0x000000, 0x000000, 0x00e5b0, 0x000000,
    0x000000, 0x000000, 0x000000, 0x000000, 0x000000, 0x000000, 0x000000, 0x000000, 0x000000,
    0x000000, 0x000000, 0x000000, 0x000000, 0x00e5b1, 0x000000, 0x000000, 0x000000, 0x000000,
    0x000000, 0x000000, 0x000000, 0x000000, 0x000000, 0x000000, 0x000000, 0x000000, 0x00bbf0,
    0x00ece1, 0x00c3f0, 0x000000, 0x00b5c6, 0x00bbd2, 0x000000, 0x000000, 0x000000, 0x000000,
    0x00c1e9, 0x00d4ee, 0x000000, 0x00bec4, 0x000000, 0x000000, 0x000000, 0x00d7c6, 0x000000,
    0x00d4d6, 0x00b2d3, 0x00ecbe, 0x000000, 0x000000, 0x000000, 0x000000, 0x00eac1, 0x000000,
    0x000000, 0x000000, 0x00c2af, 0x00b4b6, 0x000000, 0x000000, 0x000000, 0x00d1d7, 0x000000,
    0x000000, 0x000000, 0x00b3b4, 0x000000, 0x00c8b2, 0x00bfbb, 0x00ecc0, 0x000000, 0x000000,
    0x00d6cb, 0x000000, 0x000000, 0x00ecbf, 0x00ecc1, 0x000000, 0x000000, 0x000000, 0x000000,
    0x000000, 0x000000, 0x000000, 0x000000, 0x000000, 0x000000, 0x000000, 0x000000, 0x000000,
    0x00ecc5, 0x00bee6, 0x00ccbf, 0x00c5da, 0x00bebc, 0x000000, 0x00ecc6, 0x000000, 0x00b1fe,
    0x000000, 0x000000, 0x000000, 0x00ecc4, 0x00d5a8, 0x00b5e3, 0x000000, 0x00ecc2, 0x00c1b6,
    0x00b3e3, 0x000000, 0x000000, 0x00ecc3, 0x00cbb8, 0x00c0c3, 0x00ccfe, 0x000000, 0x000000,
    0x000000, 0x000000, 0x00c1d2, 0x000000, 0x00ecc8, 0x000000, 0x000000, 0x000000, 0x000000,
    0x000000, 0x000000, 0x000000, 0x000000, 0x000000, 0x000000, 0x000000, 0x000000, 0x000000,
    0x00bae6, 0x00c0d3, 0x000000, 0x00d6f2, 0x000000, 0x000000, 0x000000, 0x00d1cc, 0x000000,
    0x000000, 0x000000, 0x000000, 0x00bfbe, 0x000000, 0x00b7b3, 0x00c9d5, 0x00ecc7, 0x00bbe2,
    0x000000, 0x00cccc, 0x00bdfd, 0x00c8c8, 0x000000, 0x00cfa9, 0x000000, 0x000000, 0x000000,
    0x000000, 0x000000, 0x000000, 0x000000, 0x00cde9, 0x000000, 0x00c5eb, 0x000000, 0x000000,
    0x000000, 0x00b7e9, 0x000000, 0x000000, 0x000000, 0x000000, 0x000000, 0x000000, 0x000000,
    0x000000, 0x000000, 0x00d1c9, 0x00bab8, 0x000000, 0x000000, 0x000000, 0x000000, 0x000000,
    0x00ecc9, 0x000000, 0x000000, 0x00ecca, 0x000000, 0x00bbc0, 0x00eccb, 0x000000, 0x00ece2,
    0x00b1ba, 0x00b7d9, 0x000000, 0x000000, 0x000000, 0x000000, 0x000000, 0x000000, 0x000000,
    0x000000, 0x000000, 0x000000, 0x000000, 0x00bdb9, 0x000000, 0x000000, 0x000000, 0x000000,
    0x000000, 0x000000, 0x000000, 0x000000, 0x00eccc, 0x00d1e6, 0x00eccd, 0x000000, 0x000000,
    0x000000, 0x000000, 0x00c8bb, 0x000000, 0x000000, 0x000000, 0x000000, 0x000000, 0x000000,
    0x000000, 0x000000, 0x000000, 0x00ecd1, 0x000000, 0x000000, 0x000000, 0x000000, 0x00ecd3,
    0x000000, 0x00bbcd, 0x000000, 0x00bce5, 0x000000, 0x000000, 0x000000, 0x000000, 0x000000,
    0x000000, 0x000000, 0x000000, 0x000000, 0x000000, 0x000000, 0x000000, 0x000000, 0x00eccf,
    0x000000, 0x00c9b7, 0x000000, 0x000000, 0x000000, 0x000000, 0x000000, 0x00c3ba, 0x000000,
    0x00ece3, 0x00d5d5, 0x00ecd0, 0x000000, 0x000000, 0x000000, 0x000000, 0x000000, 0x00d6f3,
    0x000000, 0x000000, 0x000000, 0x00ecd2, 0x00ecce, 0x000000, 0x000000, 0x000000, 0x000000,
    0x00ecd4, 0x000000, 0x00ecd5, 0x000000, 0x000000, 0x00c9bf, 0x000000, 0x000000, 0x000000,
    0x000000, 0x00cfa8, 0x000000, 0x000000, 0x000000, 0x000000, 0x000000, 0x00d0dc, 0x000000,
    0x000000, 0x000000, 0x000000, 0x00d1ac, 0x000000, 0x000000, 0x000000, 0x000000, 0x00c8db,
    0x000000, 0x000000, 0x000000, 0x00ecd6, 0x00cef5, 0x000000, 0x000000, 0x000000, 0x000000,
    0x000000, 0x00caec, 0x00ecda, 0x000000, 0x000000, 0x000000, 0x000000, 0x000000, 0x000000,
    0x000000, 0x00ecd9, 0x000000, 0x000000, 0x000000, 0x00b0be, 0x000000, 0x000000, 0x000000,
    0x000000, 0x000000, 0x000000, 0x00ecd7, 0x000000, 0x00ecd8, 0x000000, 0x000000, 0x000000,
    0x00ece4, 0x000000, 0x000000, 0x000000, 0x000000, 0x000000, 0x000000, 0x00c8bc, 0x000000,
    0x000000, 0x000000, 0x000000, 0x000000, 0x000000, 0x000000, 0x000000, 0x000000, 0x000000,
    0x00c1c7, 0x000000, 0x000000, 0x000000, 0x000000, 0x000000, 0x00ecdc, 0x00d1e0, 0x000000,
    0x000000, 0x000000, 0x000000, 0x000000, 0x000000, 0x000000, 0x000000, 0x000000, 0x000000,
    0x00ecdb, 0x000000, 0x000000, 0x000000, 0x000000, 0x00d4ef, 0x000000, 0x00ecdd, 0x000000,
    0x000000, 0x000000, 0x000000, 0x000000, 0x000000, 0x00dbc6, 0x000000, 0x000000, 0x000000,
    0x000000, 0x000000, 0x000000, 0x000000, 0x000000, 0x000000, 0x000000, 0x00ecde, 0x000000,
    0x000000, 0x000000, 0x000000, 0x000000, 0x000000, 0x00b1ac, 0x000000, 0x000000, 0x000000,
    0x000000, 0x000000, 0x000000, 0x000000, 0x000000, 0x000000, 0x000000, 0x000000, 0x000000,
    0x000000, 0x000000, 0x000000, 0x000000, 0x000000, 0x000000, 0x000000, 0x000000, 0x000000,
    0x000000, 0x00ecdf, 0x000000, 0x000000, 0x000000, 0x000000, 0x000000, 0x000000, 0x000000,
    0x000000, 0x000000, 0x000000, 0x00ece0, 0x000000, 0x00d7a6, 0x000000, 0x00c5c0, 0x000000,
    0x000000, 0x000000, 0x00ebbc, 0x00b0ae, 0x000000, 0x000000, 0x000000, 0x00bef4, 0x00b8b8,
    0x00d2af, 0x00b0d6, 0x00b5f9, 0x000000, 0x00d8b3, 0x000000, 0x00cbac, 0x000000, 0x00e3dd,
    0x000000, 0x000000, 0x000000, 0x000000, 0x000000, 0x000000, 0x000000, 0x00c6ac, 0x00b0e6,
    0x000000, 0x000000, 0x000000, 0x00c5c6, 0x00ebb9, 0x000000, 0x000000, 0x000000, 0x000000,
    0x00ebba, 0x000000, 0x000000, 0x000000, 0x00ebbb, 0x000000, 0x000000, 0x00d1c0, 0x000000,
    0x00c5a3, 0x000000, 0x00eaf2, 0x000000, 0x00c4b2, 0x000000, 0x00c4b5, 0x00c0ce, 0x000000,
    0x000000, 0x000000, 0x00eaf3, 0x00c4c1, 0x000000, 0x00ceef, 0x000000, 0x000000, 0x000000,
    0x000000, 0x00eaf0, 0x00eaf4, 0x000000, 0x000000, 0x00c9fc, 0x000000, 0x000000, 0x00c7a3,
    0x000000, 0x000000, 0x000000, 0x00ccd8, 0x00cefe, 0x000000, 0x000000, 0x000000, 0x00eaf5,
    0x00eaf6, 0x00cfac, 0x00c0e7, 0x000000, 0x000000, 0x00eaf7, 0x000000, 0x000000, 0x000000,
    0x000000, 0x000000, 0x00b6bf, 0x00eaf8, 0x000000, 0x00eaf9, 0x000000, 0x00eafa, 0x000000,
    0x000000, 0x00eafb, 0x000000, 0x000000, 0x000000, 0x000000, 0x000000, 0x000000, 0x000000,
    0x000000, 0x000000, 0x000000, 0x000000, 0x000000, 0x00eaf1, 0x000000, 0x000000, 0x000000,
    0x000000, 0x000000, 0x000000, 0x000000, 0x000000, 0x000000, 0x000000, 0x000000, 0x000000,
    0x00c8ae, 0x00e1eb, 0x000000, 0x00b7b8, 0x00e1ec, 0x000000, 0x000000, 0x000000, 0x00e1ed,
    0x000000, 0x00d7b4, 0x00e1ee, 0x00e1ef, 0x00d3cc, 0x000000, 0x000000, 0x000000, 0x000000,
    0x000000, 0x000000, 0x00e1f1, 0x00bff1, 0x00e1f0, 0x00b5d2, 0x000000, 0x000000, 0x000000,
    0x00b1b7, 0x000000, 0x000000, 0x000000, 0x000000, 0x00e1f3, 0x00e1f2, 0x000000, 0x00bafc,
    0x000000, 0x00e1f4, 0x000000, 0x000000, 0x000000, 0x000000, 0x00b9b7, 0x000000, 0x00bed1,
    0x000000, 0x000000, 0x000000, 0x000000, 0x00c4fc, 0x000000, 0x00badd, 0x00bdc6, 0x000000,
    0x000000, 0x000000, 0x000000, 0x000000, 0x000000, 0x00e1f5, 0x00e1f7, 0x000000, 0x000000,
    0x00b6c0, 0x00cfc1, 0x00caa8, 0x00e1f6, 0x00d5f8, 0x00d3fc, 0x00e1f8, 0x00e1fc, 0x00e1f9,
    0x000000, 0x000000, 0x00e1fa, 0x00c0ea, 0x000000, 0x00e1fe, 0x00e2a1, 0x00c0c7, 0x000000,
    0x000000, 0x000000, 0x00e1fb, 0x000000, 0x00e1fd, 0x000000, 0x000000, 0x000000, 0x000000,
    0x000000, 0x000000, 0x00e2a5, 0x000000, 0x000000, 0x000000, 0x00c1d4, 0x000000, 0x000000,
    0x000000, 0x000000, 0x00e2a3, 0x000000, 0x00e2a8, 0x00b2fe, 0x00e2a2, 0x000000, 0x000000,
    0x000000, 0x00c3cd, 0x00b2c2, 0x00e2a7, 0x00e2a6, 0x000000, 0x000000, 0x00e2a4, 0x00e2a9,
    0x000000, 0x000000, 0x00e2ab, 0x000000, 0x000000, 0x000000, 0x00d0c9, 0x00d6ed, 0x00c3a8,
    0x00e2ac, 0x000000, 0x00cfd7, 0x000000, 0x000000, 0x00e2ae, 0x000000, 0x000000, 0x00baef,
    0x000000, 0x000000, 0x00e9e0, 0x00e2ad, 0x00e2aa, 0x000000, 0x000000, 0x000000, 0x000000,
    0x00bbab, 0x00d4b3, 0x000000, 0x000000, 0x000000, 0x000000, 0x000000, 0x000000, 0x000000,
    0x000000, 0x000000, 0x000000, 0x000000, 0x000000, 0x000000, 0x00e2b0, 0x000000, 0x000000,
    0x00e2af, 0x000000, 0x00e9e1, 0x000000, 0x000000, 0x000000, 0x000000, 0x00e2b1, 0x000000,
    0x000000, 0x000000, 0x000000, 0x000000, 0x000000, 0x000000, 0x000000, 0x00e2b2, 0x000000,
    0x000000, 0x000000, 0x000000, 0x000000, 0x000000, 0x000000, 0x000000, 0x000000, 0x000000,
    0x000000, 0x00e2b3, 0x00cca1, 0x000000, 0x00e2b4, 0x000000, 0x000000, 0x000000, 0x000000,
    0x000000, 0x000000, 0x000000, 0x000000, 0x000000, 0x000000, 0x000000, 0x000000, 0x000000,
    0x000000, 0x00e2b5, 0x000000, 0x000000, 0x000000, 0x000000, 0x00d0fe, 0x000000, 0x000000,
    0x00c2ca, 0x000000, 0x00d3f1, 0x000000, 0x00cdf5, 0x000000, 0x000000, 0x00e7e0, 0x000000,
    0x000000, 0x00e7e1, 0x000000, 0x000000, 0x000000, 0x000000, 0x00bec1, 0x000000, 0x000000,
    0x000000, 0x000000, 0x00c2ea, 0x000000, 0x000000, 0x000000, 0x00e7e4, 0x000000, 0x000000,
    0x00e7e3, 0x000000, 0x000000, 0x000000, 0x000000, 0x000000, 0x000000, 0x00cde6, 0x000000,
    0x00c3b5, 0x000000, 0x000000, 0x00e7e2, 0x00bbb7, 0x00cfd6, 0x000000, 0x00c1e1, 0x00e7e9,
    0x000000, 0x000000, 0x000000, 0x00e7e8, 0x000000, 0x000000, 0x00e7f4, 0x00b2a3, 0x000000,
    0x000000, 0x000000, 0x000000, 0x00e7ea, 0x000000, 0x00e7e6, 0x000000, 0x000000, 0x000000,
    0x000000, 0x000000, 0x00e7ec, 0x00e7eb, 0x00c9ba, 0x000000, 0x000000, 0x00d5e4, 0x000000,
    0x00e7e5, 0x00b7a9, 0x00e7e7, 0x000000, 0x000000, 0x000000, 0x000000, 0x000000, 0x000000,
    0x000000, 0x00e7ee, 0x000000, 0x000000, 0x000000, 0x000000, 0x00e7f3, 0x000000, 0x00d6e9,
    0x000000, 0x000000, 0x000000, 0x000000, 0x00e7ed, 0x000000, 0x00e7f2, 0x000000, 0x00e7f1,
    0x000000, 0x000000, 0x000000, 0x00b0e0, 0x000000, 0x000000, 0x000000, 0x000000, 0x00e7f5,
    0x000000, 0x000000, 0x000000, 0x000000, 0x000000, 0x000000, 0x000000, 0x000000, 0x000000,
    0x000000, 0x000000, 0x000000, 0x000000, 0x00c7f2, 0x000000, 0x00c0c5, 0x00c0ed, 0x000000,
    0x000000, 0x00c1f0, 0x00e7f0, 0x000000, 0x000000, 0x000000, 0x000000, 0x00e7f6, 0x00cbf6,
    0x000000, 0x000000, 0x000000, 0x000000, 0x000000, 0x000000, 0x000000, 0x000000, 0x000000,
    0x00e8a2, 0x00e8a1, 0x000000, 0x000000, 0x000000, 0x000000, 0x000000, 0x000000, 0x00d7c1,
    0x000000, 0x000000, 0x00e7fa, 0x00e7f9, 0x000000, 0x00e7fb, 0x000000, 0x00e7f7, 0x000000,
    0x00e7fe, 0x000000, 0x00e7fd, 0x000000, 0x00e7fc, 0x000000, 0x000000, 0x00c1d5, 0x00c7d9,
    0x00c5fd, 0x00c5c3, 0x000000, 0x000000, 0x000000, 0x000000, 0x000000, 0x00c7ed, 0x000000,
    0x000000, 0x000000, 0x00e8a3, 0x000000, 0x000000, 0x000000, 0x000000, 0x000000, 0x000000,
    0x000000, 0x000000, 0x000000, 0x000000, 0x000000, 0x000000, 0x000000, 0x000000, 0x000000,
    0x000000, 0x000000, 0x000000, 0x000000, 0x00e8a6, 0x000000, 0x00e8a5, 0x000000, 0x00e8a7,
    0x00baf7, 0x00e7f8, 0x00e8a4, 0x000000, 0x00c8f0, 0x00c9aa, 0x000000, 0x000000, 0x000000,
    0x000000, 0x000000, 0x000000, 0x000000, 0x000000, 0x000000, 0x000000, 0x000000, 0x000000,
    0x000000, 0x00e8a9, 0x000000, 0x000000, 0x00b9e5, 0x000000, 0x000000, 0x000000, 0x000000,
    0x000000, 0x00d1fe, 0x00e8a8, 0x000000, 0x000000, 0x000000, 0x000000, 0x000000, 0x000000,
    0x00e8aa, 0x000000, 0x00e8ad, 0x00e8ae, 0x000000, 0x00c1a7, 0x000000, 0x000000, 0x000000,
    0x00e8af, 0x000000, 0x000000, 0x000000, 0x00e8b0, 0x000000, 0x000000, 0x00e8ac, 0x000000,
    0x00e8b4, 0x000000, 0x000000, 0x000000, 0x000000, 0x000000, 0x000000, 0x000000, 0x000000,
    0x000000, 0x000000, 0x000000, 0x00e8ab, 0x000000, 0x00e8b1, 0x000000, 0x000000, 0x000000,
    0x000000, 0x000000, 0x000000, 0x000000, 0x000000, 0x00e8b5, 0x00e8b2, 0x00e8b3, 0x000000,
    0x000000, 0x000000, 0x000000, 0x000000, 0x000000, 0x000000, 0x000000, 0x000000, 0x000000,
    0x000000, 0x000000, 0x000000, 0x000000, 0x000000, 0x000000, 0x00e8b7, 0x000000, 0x000000,
    0x000000, 0x000000, 0x000000, 0x000000, 0x000000, 0x000000, 0x000000, 0x000000, 0x000000,
    0x000000, 0x000000, 0x000000, 0x000000, 0x000000, 0x000000, 0x000000, 0x00e8b6, 0x000000,
    0x000000, 0x000000, 0x000000, 0x000000, 0x000000, 0x000000, 0x000000, 0x000000, 0x00b9cf,
    0x000000, 0x00f0ac, 0x000000, 0x00f0ad, 0x000000, 0x00c6b0, 0x00b0ea, 0x00c8bf, 0x000000,
    0x00cddf, 0x000000, 0x000000, 0x000000, 0x000000, 0x000000, 0x000000, 0x000000, 0x00cecd,
    0x00eab1, 0x000000, 0x000000, 0x000000, 0x000000, 0x00eab2, 0x000000, 0x00c6bf, 0x00b4c9,
    0x000000, 0x000000, 0x000000, 0x000000, 0x000000, 0x000000, 0x000000, 0x00eab3, 0x000000,
    0x000000, 0x000000, 0x000000, 0x00d5e7, 0x000000, 0x000000, 0x000000, 0x000000, 0x000000,
    0x000000, 0x000000, 0x000000, 0x00ddf9, 0x000000, 0x00eab4, 0x000000, 0x00eab5, 0x000000,
    0x00eab6, 0x000000, 0x000000, 0x000000, 0x000000, 0x00b8ca, 0x00dfb0, 0x00c9f5, 0x000000,
    0x00ccf0, 0x000000, 0x000000, 0x00c9fa, 0x000000, 0x000000, 0x000000, 0x000000, 0x000000,
    0x00c9fb, 0x000000, 0x000000, 0x00d3c3, 0x00cba6, 0x000000, 0x00b8a6, 0x00f0ae, 0x00b1c2,
    0x000000, 0x00e5b8, 0x00ccef, 0x00d3c9, 0x00bcd7, 0x00c9ea, 0x000000, 0x00b5e7, 0x000000,
    0x00c4d0, 0x00b5e9, 0x000000, 0x00eeae, 0x00bbad, 0x000000, 0x000000, 0x00e7de, 0x000000,
    0x00eeaf, 0x000000, 0x000000, 0x000000, 0x000000, 0x00b3a9, 0x000000, 0x000000, 0x00eeb2,
    0x000000, 0x000000, 0x00eeb1, 0x00bde7, 0x000000, 0x00eeb0, 0x00ceb7, 0x000000, 0x000000,
    0x000000, 0x000000, 0x00c5cf, 0x000000, 0x000000, 0x000000, 0x000000, 0x00c1f4, 0x00dbce,
    0x00eeb3, 0x00d0f3, 0x000000, 0x000000, 0x000000, 0x000000, 0x000000, 0x000000, 0x000000,
    0x000000, 0x00c2d4, 0x00c6e8, 0x000000, 0x000000, 0x000000, 0x00b7ac, 0x000000, 0x000000,
    0x000000, 0x000000, 0x000000, 0x000000, 0x000000, 0x00eeb4, 0x000000, 0x00b3eb, 0x000000,
    0x000000, 0x000000, 0x00bbfb, 0x00eeb5, 0x000000, 0x000000, 0x000000, 0x000000, 0x000000,
    0x00e7dc, 0x000000, 0x000000, 0x000000, 0x00eeb6, 0x000000, 0x000000, 0x00bdae, 0x000000,
    0x000000, 0x000000, 0x000000, 0x00f1e2, 0x000000, 0x000000, 0x000000, 0x00cae8, 0x000000,
    0x00d2c9, 0x00f0da, 0x000000, 0x00f0db, 0x000000, 0x00f0dc, 0x00c1c6, 0x000000, 0x00b8ed,
    0x00bece, 0x000000, 0x000000, 0x00f0de, 0x000000, 0x00c5b1, 0x00f0dd, 0x00d1f1, 0x000000,
    0x00f0e0, 0x00b0cc, 0x00bdea, 0x000000, 0x000000, 0x000000, 0x000000, 0x000000, 0x00d2df,
    0x00f0df, 0x000000, 0x00b4af, 0x00b7e8, 0x00f0e6, 0x00f0e5, 0x00c6a3, 0x00f0e1, 0x00f0e2,
    0x00b4c3, 0x000000, 0x000000, 0x00f0e3, 0x00d5ee, 0x000000, 0x000000, 0x00ccdb, 0x00bed2,
    0x00bcb2, 0x000000, 0x000000, 0x00f0e8, 0x00f0e7, 0x00f0e4, 0x00b2a1, 0x000000, 0x00d6a2,
    0x00d3b8, 0x00beb7, 0x00c8ac, 0x000000, 0x000000, 0x00f0ea, 0x000000, 0x000000, 0x000000,
    0x000000, 0x00d1f7, 0x000000, 0x00d6cc, 0x00badb, 0x00f0e9, 0x000000, 0x00b6bb, 0x000000,
    0x000000, 0x00cdb4, 0x000000, 0x000000, 0x00c6a6, 0x000000, 0x000000, 0x000000, 0x00c1a1,
    0x00f0eb, 0x00f0ee, 0x000000, 0x00f0ed, 0x00f0f0, 0x00f0ec, 0x000000, 0x00bbbe, 0x00f0ef,
    0x000000, 0x000000, 0x000000, 0x000000, 0x00ccb5, 0x00f0f2, 0x000000, 0x000000, 0x00b3d5,
    0x000000, 0x000000, 0x000000, 0x000000, 0x00b1d4, 0x000000, 0x000000, 0x00f0f3, 0x000000,
    0x000000, 0x00f0f4, 0x00f0f6, 0x00b4e1, 0x000000, 0x00f0f1, 0x000000, 0x00f0f7, 0x000000,
    0x000000, 0x000000, 0x000000, 0x00f0fa, 0x000000, 0x00f0f8, 0x000000, 0x000000, 0x000000,
    0x00f0f5, 0x000000, 0x000000, 0x000000, 0x000000, 0x00f0fd, 0x000000, 0x00f0f9, 0x00f0fc,
    0x00f0fe, 0x000000, 0x00f1a1, 0x000000, 0x000000, 0x000000, 0x00cec1, 0x00f1a4, 0x000000,
    0x00f1a3, 0x000000, 0x00c1f6, 0x00f0fb, 0x00cadd, 0x000000, 0x000000, 0x00b4f1, 0x00b1f1,
    0x00ccb1, 0x000000, 0x00f1a6, 0x000000, 0x000000, 0x00f1a7, 0x000000, 0x000000, 0x00f1ac,
    0x00d5ce, 0x00f1a9, 0x000000, 0x000000, 0x00c8b3, 0x000000, 0x000000, 0x000000, 0x00f1a2,
    0x000000, 0x00f1ab, 0x00f1a8, 0x00f1a5, 0x000000, 0x000000, 0x00f1aa, 0x000000, 0x000000,
    0x000000, 0x000000, 0x000000, 0x000000, 0x000000, 0x000000, 0x00b0a9, 0x00f1ad, 0x000000,
    0x000000, 0x000000, 0x000000, 0x000000, 0x000000, 0x00f1af, 0x000000, 0x00f1b1, 0x000000,
    0x000000, 0x000000, 0x000000, 0x000000, 0x00f1b0, 0x000000, 0x00f1ae, 0x000000, 0x000000,
    0x000000, 0x000000, 0x00d1a2, 0x000000, 0x000000, 0x000000, 0x000000, 0x000000, 0x000000,
    0x000000, 0x00f1b2, 0x000000, 0x000000, 0x000000, 0x00f1b3, 0x000000, 0x000000, 0x000000,
    0x000000, 0x000000, 0x000000, 0x000000, 0x000000, 0x00b9ef, 0x000000, 0x000000, 0x00b5c7,
    0x000000, 0x00b0d7, 0x00b0d9, 0x000000, 0x000000, 0x00d4ed, 0x000000, 0x00b5c4, 0x000000,
    0x00bdd4, 0x00bbca, 0x00f0a7, 0x000000, 0x000000, 0x00b8de, 0x000000, 0x000000, 0x00f0a8,
    0x000000, 0x000000, 0x00b0a8, 0x000000, 0x00f0a9, 0x000000, 0x000000, 0x00cdee, 0x000000,
    0x000000, 0x00f0aa, 0x000000, 0x000000, 0x000000, 0x000000, 0x000000, 0x000000, 0x000000,
    0x000000, 0x000000, 0x000000, 0x00f0ab, 0x000000, 0x000000, 0x000000, 0x000000, 0x000000,
    0x000000, 0x000000, 0x000000, 0x000000, 0x00c6a4, 0x000000, 0x000000, 0x00d6e5, 0x00f1e4,
    0x000000, 0x00f1e5, 0x000000, 0x000000, 0x000000, 0x000000, 0x000000, 0x000000, 0x000000,
    0x000000, 0x000000, 0x000000, 0x00c3f3, 0x000000, 0x000000, 0x00d3db, 0x000000, 0x000000,
    0x00d6d1, 0x00c5e8, 0x000000, 0x00d3af, 0x000000, 0x00d2e6, 0x000000, 0x000000, 0x00eec1,
    0x00b0bb, 0x00d5b5, 0x00d1ce, 0x00bce0, 0x00bad0, 0x000000, 0x00bff8, 0x000000, 0x00b8c7,
    0x00b5c1, 0x00c5cc, 0x000000, 0x000000, 0x00caa2, 0x000000, 0x000000, 0x000000, 0x00c3cb,
    0x000000, 0x000000, 0x000000, 0x000000, 0x000000, 0x00eec2, 0x000000, 0x000000, 0x000000,
    0x000000, 0x000000, 0x000000, 0x000000, 0x000000, 0x00c4bf, 0x00b6a2, 0x000000, 0x00edec,
    0x00c3a4, 0x000000, 0x00d6b1, 0x000000, 0x000000, 0x000000, 0x00cfe0, 0x00edef, 0x000000,
    0x000000, 0x00c5ce, 0x000000, 0x00b6dc, 0x000000, 0x00caa1, 0x000000, 0x000000, 0x00eded,
    0x000000, 0x000000, 0x00edf0, 0x00edf1, 0x00c3bc, 0x000000, 0x00bfb4, 0x000000, 0x00edee,
    0x000000, 0x000000, 0x000000, 0x000000, 0x000000, 0x000000, 0x000000, 0x000000, 0x000000,
    0x000000, 0x000000, 0x00edf4, 0x00edf2, 0x000000, 0x000000, 0x000000, 0x000000, 0x00d5e6,
    0x00c3df, 0x000000, 0x00edf3, 0x000000, 0x000000, 0x000000, 0x00edf6, 0x000000, 0x00d5a3,
    0x00d1a3, 0x000000, 0x000000, 0x000000, 0x00edf5, 0x000000, 0x00c3d0, 0x000000, 0x000000,
    0x000000, 0x000000, 0x000000, 0x00edf7, 0x00bff4, 0x00beec, 0x00edf8, 0x000000, 0x00ccf7,
    0x000000, 0x00d1db, 0x000000, 0x000000, 0x000000, 0x00d7c5, 0x00d5f6, 0x000000, 0x00edfc,
    0x000000, 0x000000, 0x000000, 0x00edfb, 0x000000, 0x000000, 0x000000, 0x000000, 0x000000,
    0x000000, 0x000000, 0x000000, 0x00edf9, 0x00edfa, 0x000000, 0x000000, 0x000000, 0x000000,
    0x000000, 0x000000, 0x000000, 0x000000, 0x00edfd, 0x00bea6, 0x000000, 0x000000, 0x000000,
    0x000000, 0x000000, 0x00cbaf, 0x00eea1, 0x00b6bd, 0x000000, 0x00eea2, 0x00c4c0, 0x000000,
    0x00edfe, 0x000000, 0x000000, 0x00bdde, 0x00b2c7, 0x000000, 0x000000, 0x000000, 0x000000,
    0x000000, 0x000000, 0x000000, 0x000000, 0x000000, 0x000000, 0x000000, 0x000000, 0x00b6c3,
    0x000000, 0x000000, 0x000000, 0x00eea5, 0x00d8ba, 0x00eea3, 0x00eea6, 0x000000, 0x000000,
    0x000000, 0x00c3e9, 0x00b3f2, 0x000000, 0x000000, 0x000000, 0x000000, 0x000000, 0x000000,
    0x00eea7, 0x00eea4, 0x00cfb9, 0x000000, 0x000000, 0x00eea8, 0x00c2f7, 0x000000, 0x000000,
    0x000000, 0x000000, 0x000000, 0x000000, 0x000000, 0x000000, 0x000000, 0x000000, 0x000000,
    0x000000, 0x00eea9, 0x00eeaa, 0x000000, 0x00deab, 0x000000, 0x000000, 0x00c6b3, 0x000000,
    0x00c7c6, 0x000000, 0x00d6f5, 0x00b5c9, 0x000000, 0x00cbb2, 0x000000, 0x000000, 0x000000,
    0x00eeab, 0x000000, 0x000000, 0x00cdab, 0x000000, 0x00eeac, 0x000000, 0x000000, 0x000000,
    0x000000, 0x000000, 0x00d5b0, 0x000000, 0x00eead, 0x000000, 0x00f6c4, 0x000000, 0x000000,
    0x000000, 0x000000, 0x000000, 0x000000, 0x000000, 0x000000, 0x000000, 0x000000, 0x000000,
    0x000000, 0x000000, 0x00dbc7, 0x000000, 0x000000, 0x000000, 0x000000, 0x000000, 0x000000,
    0x000000, 0x000000, 0x000000, 0x00b4a3, 0x000000, 0x000000, 0x000000, 0x00c3ac, 0x00f1e6,
    0x000000, 0x000000, 0x000000, 0x000000, 0x000000, 0x00cab8, 0x00d2d3, 0x000000, 0x00d6aa,
    0x000000, 0x00eff2, 0x000000, 0x00bed8, 0x000000, 0x00bdc3, 0x00eff3, 0x00b6cc, 0x00b0ab,
    0x000000, 0x000000, 0x000000, 0x000000, 0x00caaf, 0x000000, 0x000000, 0x00edb6, 0x000000,
    0x00edb7, 0x000000, 0x000000, 0x000000, 0x000000, 0x00cef9, 0x00b7af, 0x00bff3, 0x00edb8,
    0x00c2eb, 0x00c9b0, 0x000000, 0x000000, 0x000000, 0x000000, 0x000000, 0x000000, 0x00edb9,
    0x000000, 0x000000, 0x00c6f6, 0x00bfb3, 0x000000, 0x000000, 0x000000, 0x00edbc, 0x00c5f8,
    0x000000, 0x00d1d0, 0x000000, 0x00d7a9, 0x00edba, 0x00edbb, 0x000000, 0x00d1e2, 0x000000,
    0x00edbf, 0x00edc0, 0x000000, 0x00edc4, 0x000000, 0x000000, 0x000000, 0x00edc8, 0x000000,
    0x00edc6, 0x00edce, 0x00d5e8, 0x000000, 0x00edc9, 0x000000, 0x000000, 0x00edc7, 0x00edbe,
    0x000000, 0x000000, 0x00c5e9, 0x000000, 0x000000, 0x000000, 0x00c6c6, 0x000000, 0x000000,
    0x00c9e9, 0x00d4d2, 0x00edc1, 0x00edc2, 0x00edc3, 0x00edc5, 0x000000, 0x00c0f9, 0x000000,
    0x00b4a1, 0x000000, 0x000000, 0x000000, 0x000000, 0x00b9e8, 0x000000, 0x00edd0, 0x000000,
    0x000000, 0x000000, 0x000000, 0x00edd1, 0x000000, 0x00edca, 0x000000, 0x00edcf, 0x000000,
    0x00cef8, 0x000000, 0x000000, 0x00cbb6, 0x00edcc, 0x00edcd, 0x000000, 0x000000, 0x000000,
    0x000000, 0x000000, 0x00cff5, 0x000000, 0x000000, 0x000000, 0x000000, 0x000000, 0x000000,
    0x000000, 0x000000, 0x000000, 0x000000, 0x000000, 0x000000, 0x00edd2, 0x00c1f2, 0x00d3b2,
    0x00edcb, 0x00c8b7, 0x000000, 0x000000, 0x000000, 0x000000, 0x000000, 0x000000, 0x000000,
    0x000000, 0x00bcef, 0x000000, 0x000000, 0x000000, 0x000000, 0x00c5f0, 0x000000, 0x000000,
    0x000000, 0x000000, 0x000000, 0x000000, 0x000000, 0x00edd6, 0x000000, 0x00b5ef, 0x000000,
    0x000000, 0x00c2b5, 0x00b0ad, 0x00cbe9, 0x000000, 0x000000, 0x00b1ae, 0x000000, 0x00edd4,
    0x000000, 0x000000, 0x000000, 0x00cdeb, 0x00b5e2, 0x000000, 0x00edd5, 0x00edd3, 0x00edd7,
    0x000000, 0x000000, 0x00b5fa, 0x000000, 0x00edd8, 0x000000, 0x00edd9, 0x000000, 0x00eddc,
    0x000000, 0x00b1cc, 0x000000, 0x000000, 0x000000, 0x000000, 0x000000, 0x000000, 0x000000,
    0x000000, 0x00c5f6, 0x00bcee, 0x00edda, 0x00ccbc, 0x00b2ea, 0x000000, 0x000000, 0x000000,
    0x000000, 0x00eddb, 0x000000, 0x000000, 0x000000, 0x000000, 0x00c4eb, 0x000000, 0x00b4c5,
    0x000000, 0x000000, 0x000000, 0x00b0f5, 0x000000, 0x000000, 0x000000, 0x00eddf, 0x00c0da,
    0x00b4e8, 0x000000, 0x000000, 0x000000, 0x000000, 0x00c5cd, 0x000000, 0x000000, 0x000000,
    0x00eddd, 0x00bfc4, 0x000000, 0x000000, 0x000000, 0x00edde, 0x000000, 0x000000, 0x000000,
    0x000000, 0x000000, 0x000000, 0x000000, 0x000000, 0x000000, 0x000000, 0x000000, 0x000000,
    0x000000, 0x000000, 0x00c4a5, 0x000000, 0x000000, 0x000000, 0x00ede0, 0x000000, 0x000000,
    0x000000, 0x000000, 0x000000, 0x00ede1, 0x000000, 0x00ede3, 0x000000, 0x000000, 0x00c1d7,
    0x000000, 0x000000, 0x00bbc7, 0x000000, 0x000000, 0x000000, 0x000000, 0x000000, 0x00bdb8,
    0x000000, 0x000000, 0x000000, 0x00ede2, 0x000000, 0x000000, 0x000000, 0x000000, 0x000000,
    0x000000, 0x000000, 0x000000, 0x000000, 0x000000, 0x000000, 0x000000, 0x000000, 0x00ede4,
    0x000000, 0x000000, 0x000000, 0x000000, 0x000000, 0x000000, 0x000000, 0x000000, 0x000000,
    0x000000, 0x00ede6, 0x000000, 0x000000, 0x000000, 0x000000, 0x000000, 0x00ede5, 0x000000,
    0x000000, 0x000000, 0x000000, 0x000000, 0x000000, 0x000000, 0x000000, 0x000000, 0x000000,
    0x000000, 0x000000, 0x000000, 0x000000, 0x000000, 0x00ede7, 0x000000, 0x000000, 0x000000,
    0x000000, 0x000000, 0x00cabe, 0x00ecea, 0x00c0f1, 0x000000, 0x00c9e7, 0x000000, 0x00eceb,
    0x00c6ee, 0x000000, 0x000000, 0x000000, 0x000000, 0x00ecec, 0x000000, 0x00c6ed, 0x00eced,
    0x000000, 0x000000, 0x000000, 0x000000, 0x000000, 0x000000, 0x000000, 0x000000, 0x000000,
    0x00ecf0, 0x000000, 0x000000, 0x00d7e6, 0x00ecf3, 0x000000, 0x000000, 0x00ecf1, 0x00ecee,
    0x00ecef, 0x00d7a3, 0x00c9f1, 0x00cbee, 0x00ecf4, 0x000000, 0x00ecf2, 0x000000, 0x000000,
    0x00cfe9, 0x000000, 0x00ecf6, 0x00c6b1, 0x000000, 0x000000, 0x000000, 0x000000, 0x00bcc0,
    0x000000, 0x00ecf5, 0x000000, 0x000000, 0x000000, 0x000000, 0x000000, 0x000000, 0x000000,
    0x00b5bb, 0x00bbf6, 0x000000, 0x00ecf7, 0x000000, 0x000000, 0x000000, 0x000000, 0x000000,
    0x00d9f7, 0x00bdfb, 0x000000, 0x000000, 0x00c2bb, 0x00ecf8, 0x000000, 0x000000, 0x000000,
    0x000000, 0x00ecf9, 0x000000, 0x000000, 0x000000, 0x000000, 0x00b8a3, 0x000000, 0x000000,
    0x000000, 0x000000, 0x000000, 0x000000, 0x000000, 0x000000, 0x000000, 0x000000, 0x00ecfa,
    0x000000, 0x000000, 0x000000, 0x000000, 0x000000, 0x000000, 0x000000, 0x000000, 0x000000,
    0x000000, 0x000000, 0x000000, 0x00ecfb, 0x000000, 0x000000, 0x000000, 0x000000, 0x000000,
    0x000000, 0x000000, 0x000000, 0x000000, 0x000000, 0x000000, 0x00ecfc, 0x000000, 0x000000,
    0x000000, 0x000000, 0x000000, 0x00d3ed, 0x00d8ae, 0x00c0eb, 0x000000, 0x00c7dd, 0x00bacc,
    0x000000, 0x00d0e3, 0x00cbbd, 0x000000, 0x00cdba, 0x000000, 0x000000, 0x00b8d1, 0x000000,
    0x000000, 0x00b1fc, 0x000000, 0x00c7ef, 0x000000, 0x00d6d6, 0x000000, 0x000000, 0x000000,
    0x00bfc6, 0x00c3eb, 0x000000, 0x000000, 0x00eff5, 0x000000, 0x000000, 0x00c3d8, 0x000000,
    0x000000, 0x000000, 0x000000, 0x000000, 0x000000, 0x00d7e2, 0x000000, 0x000000, 0x000000,
    0x00eff7, 0x00b3d3, 0x000000, 0x00c7d8, 0x00d1ed, 0x000000, 0x00d6c8, 0x000000, 0x00eff8,
    0x000000, 0x00eff6, 0x000000, 0x00bbfd, 0x00b3c6, 0x000000, 0x000000, 0x000000, 0x000000,
    0x000000, 0x000000, 0x000000, 0x00bdd5, 0x000000, 0x000000, 0x00d2c6, 0x000000, 0x00bbe0,
    0x000000, 0x000000, 0x00cfa1, 0x000000, 0x00effc, 0x00effb, 0x000000, 0x000000, 0x00eff9,
    0x000000, 0x000000, 0x000000, 0x000000, 0x00b3cc, 0x000000, 0x00c9d4, 0x00cbb0, 0x000000,
    0x000000, 0x000000, 0x000000, 0x000000, 0x00effe, 0x000000, 0x000000, 0x00b0de, 0x000000,
    0x000000, 0x00d6c9, 0x000000, 0x000000, 0x000000, 0x00effd, 0x000000, 0x00b3ed, 0x000000,
    0x000000, 0x00f6d5, 0x000000, 0x000000, 0x000000, 0x000000, 0x000000, 0x000000, 0x000000,
    0x000000, 0x000000, 0x000000, 0x000000, 0x000000, 0x000000, 0x000000, 0x000000, 0x00cec8,
    0x000000, 0x000000, 0x000000, 0x00f0a2, 0x000000, 0x00f0a1, 0x000000, 0x00b5be, 0x00bcda,
    0x00bbfc, 0x000000, 0x00b8e5, 0x000000, 0x000000, 0x000000, 0x000000, 0x000000, 0x000000,
    0x00c4c2, 0x000000, 0x000000, 0x000000, 0x000000, 0x000000, 0x000000, 0x000000, 0x000000,
    0x000000, 0x000000, 0x00f0a3, 0x000000, 0x000000, 0x000000, 0x000000, 0x000000, 0x00cbeb,
    0x000000, 0x000000, 0x000000, 0x000000, 0x000000, 0x000000, 0x000000, 0x000000, 0x000000,
    0x000000, 0x000000, 0x000000, 0x000000, 0x000000, 0x000000, 0x000000, 0x000000, 0x000000,
    0x000000, 0x000000, 0x000000, 0x000000, 0x000000, 0x000000, 0x00f0a6, 0x000000, 0x000000,
    0x000000, 0x00d1a8, 0x000000, 0x00bebf, 0x00c7ee, 0x00f1b6, 0x00f1b7, 0x00bfd5, 0x000000,
    0x000000, 0x000000, 0x000000, 0x00b4a9, 0x00f1b8, 0x00cdbb, 0x000000, 0x00c7d4, 0x00d5ad,
    0x000000, 0x00f1b9, 0x000000, 0x00f1ba, 0x000000, 0x000000, 0x000000, 0x000000, 0x00c7cf,
    0x000000, 0x000000, 0x000000, 0x00d2a4, 0x00d6cf, 0x000000, 0x000000, 0x00f1bb, 0x00bdd1,
    0x00b4b0, 0x00bebd, 0x000000, 0x000000, 0x000000, 0x00b4dc, 0x00ced1, 0x000000, 0x00bfdf,
    0x00f1bd, 0x000000, 0x000000, 0x000000, 0x000000, 0x00bffa, 0x00f1bc, 0x000000, 0x00f1bf,
    0x000000, 0x000000, 0x000000, 0x00f1be, 0x00f1c0, 0x000000, 0x000000, 0x000000, 0x000000,
    0x000000, 0x00f1c1, 0x000000, 0x000000, 0x000000, 0x000000, 0x000000, 0x000000, 0x000000,
    0x000000, 0x000000, 0x000000, 0x000000, 0x00c1fe, 0x000000, 0x000000, 0x000000, 0x000000,
    0x000000, 0x000000, 0x000000, 0x000000, 0x000000, 0x000000, 0x000000, 0x00c1a2, 0x000000,
    0x000000, 0x000000, 0x000000, 0x000000, 0x000000, 0x000000, 0x000000, 0x000000, 0x000000,
    0x00cafa, 0x000000, 0x000000, 0x00d5be, 0x000000, 0x000000, 0x000000, 0x000000, 0x00beba,
    0x00beb9, 0x00d5c2, 0x000000, 0x000000, 0x00bfa2, 0x000000, 0x00cdaf, 0x00f1b5, 0x000000,
    0x000000, 0x000000, 0x000000, 0x000000, 0x000000, 0x00bddf, 0x000000, 0x00b6cb, 0x000000,
    0x000000, 0x000000, 0x000000, 0x000000, 0x000000, 0x000000, 0x000000, 0x000000, 0x00d6f1,
    0x00f3c3, 0x000000, 0x000000, 0x00f3c4, 0x000000, 0x00b8cd, 0x000000, 0x000000, 0x000000,
    0x00f3c6, 0x00f3c7, 0x000000, 0x00b0ca, 0x000000, 0x00f3c5, 0x000000, 0x00f3c9, 0x00cbf1,
    0x000000, 0x000000, 0x000000, 0x00f3cb, 0x000000, 0x00d0a6, 0x000000, 0x000000, 0x00b1ca,
    0x00f3c8, 0x000000, 0x000000, 0x000000, 0x00f3cf, 0x000000, 0x00b5d1, 0x000000, 0x000000,
    0x00f3d7, 0x000000, 0x00f3d2, 0x000000, 0x000000, 0x000000, 0x00f3d4, 0x00f3d3, 0x00b7fb,
    0x000000, 0x00b1bf, 0x000000, 0x00f3ce, 0x00f3ca, 0x00b5da, 0x000000, 0x00f3d0, 0x000000,
    0x000000, 0x00f3d1, 0x000000, 0x00f3d5, 0x000000, 0x000000, 0x000000, 0x000000, 0x00f3cd,
    0x000000, 0x00bce3, 0x000000, 0x00c1fd, 0x000000, 0x00f3d6, 0x000000, 0x000000, 0x000000,
    0x000000, 0x000000, 0x00f3da, 0x000000, 0x00f3cc, 0x000000, 0x00b5c8, 0x000000, 0x00bdee,
    0x00f3dc, 0x000000, 0x000000, 0x00b7a4, 0x00bff0, 0x00d6fe, 0x00cdb2, 0x000000, 0x00b4f0,
    0x000000, 0x00b2df, 0x000000, 0x00f3d8, 0x000000, 0x00f3d9, 0x00c9b8, 0x000000, 0x00f3dd,
    0x000000, 0x000000, 0x00f3de, 0x000000, 0x00f3e1, 0x000000, 0x000000, 0x000000, 0x000000,
    0x000000, 0x000000, 0x000000, 0x000000, 0x000000, 0x000000, 0x000000, 0x00f3df, 0x000000,
    0x000000, 0x00f3e3, 0x00f3e2, 0x000000, 0x000000, 0x00f3db, 0x000000, 0x00bfea, 0x000000,
    0x00b3ef, 0x000000, 0x00f3e0, 0x000000, 0x000000, 0x00c7a9, 0x000000, 0x00bcf2, 0x000000,
    0x000000, 0x000000, 0x000000, 0x00f3eb, 0x000000, 0x000000, 0x000000, 0x000000, 0x000000,
    0x000000, 0x000000, 0x00b9bf, 0x000000, 0x000000, 0x00f3e4, 0x000000, 0x000000, 0x000000,
    0x00b2ad, 0x00bbfe, 0x000000, 0x00cbe3, 0x000000, 0x000000, 0x000000, 0x000000, 0x00f3ed,
    0x00f3e9, 0x000000, 0x000000, 0x000000, 0x00b9dc, 0x00f3ee, 0x000000, 0x000000, 0x000000,
    0x00f3e5, 0x00f3e6, 0x00f3ea, 0x00c2e1, 0x00f3ec, 0x00f3ef, 0x00f3e8, 0x00bcfd, 0x000000,
    0x000000, 0x000000, 0x00cfe4, 0x000000, 0x000000, 0x00f3f0, 0x000000, 0x000000, 0x000000,
    0x00f3e7, 0x000000, 0x000000, 0x000000, 0x000000, 0x000000, 0x000000, 0x000000, 0x00f3f2,
    0x000000, 0x000000, 0x000000, 0x000000, 0x00d7ad, 0x00c6aa, 0x000000, 0x000000, 0x000000,
    0x000000, 0x00f3f3, 0x000000, 0x000000, 0x000000, 0x000000, 0x00f3f1, 0x000000, 0x00c2a8,
    0x000000, 0x000000, 0x000000, 0x000000, 0x000000, 0x00b8dd, 0x00f3f5, 0x000000, 0x000000,
    0x00f3f4, 0x000000, 0x000000, 0x000000, 0x00b4db, 0x000000, 0x000000, 0x000000, 0x00f3f6,
    0x00f3f7, 0x000000, 0x000000, 0x000000, 0x00f3f8, 0x000000, 0x000000, 0x000000, 0x00c0ba,
    0x000000, 0x000000, 0x00c0e9, 0x000000, 0x000000, 0x000000, 0x000000, 0x000000, 0x00c5f1,
    0x000000, 0x000000, 0x000000, 0x000000, 0x00f3fb, 0x000000, 0x00f3fa, 0x000000, 0x000000,
    0x000000, 0x000000, 0x000000, 0x000000, 0x000000, 0x00b4d8, 0x000000, 0x000000, 0x000000,
    0x00f3fe, 0x00f3f9, 0x000000, 0x000000, 0x00f3fc, 0x000000, 0x000000, 0x000000, 0x000000,
    0x000000, 0x000000, 0x00f3fd, 0x000000, 0x000000, 0x000000, 0x000000, 0x000000, 0x000000,
    0x000000, 0x000000, 0x00f4a1, 0x000000, 0x000000, 0x000000, 0x000000, 0x000000, 0x000000,
    0x00f4a3, 0x00bbc9, 0x000000, 0x000000, 0x00f4a2, 0x000000, 0x000000, 0x000000, 0x000000,
    0x000000, 0x000000, 0x000000, 0x000000, 0x000000, 0x000000, 0x000000, 0x000000, 0x000000,
    0x00f4a4, 0x000000, 0x000000, 0x000000, 0x000000, 0x000000, 0x000000, 0x00b2be, 0x00f4a6,
    0x00f4a5, 0x000000, 0x000000, 0x000000, 0x000000, 0x000000, 0x000000, 0x000000, 0x000000,
    0x000000, 0x000000, 0x000000, 0x00bcae, 0x000000, 0x000000, 0x000000, 0x000000, 0x000000,
    0x000000, 0x000000, 0x000000, 0x000000, 0x000000, 0x000000, 0x000000, 0x000000, 0x000000,
    0x000000, 0x000000, 0x000000, 0x000000, 0x000000, 0x000000, 0x000000, 0x000000, 0x000000,
    0x000000, 0x000000, 0x000000, 0x000000, 0x000000, 0x000000, 0x000000, 0x000000, 0x000000,
    0x000000, 0x000000, 0x000000, 0x000000, 0x000000, 0x00c3d7, 0x00d9e1, 0x000000, 0x000000,
    0x000000, 0x000000, 0x000000, 0x000000, 0x00c0e0, 0x00f4cc, 0x00d7d1, 0x000000, 0x000000,
    0x000000, 0x000000, 0x000000, 0x000000, 0x000000, 0x000000, 0x000000, 0x00b7db, 0x000000,
    0x000000, 0x000000, 0x000000, 0x000000, 0x000000, 0x000000, 0x00f4ce, 0x00c1a3, 0x000000,
    0x000000, 0x00c6c9, 0x000000, 0x00b4d6, 0x00d5b3, 0x000000, 0x000000, 0x000000, 0x00f4d0,
    0x00f4cf, 0x00f4d1, 0x00cbda, 0x000000, 0x000000, 0x00f4d2, 0x000000, 0x00d4c1, 0x00d6e0,
    0x000000, 0x000000, 0x000000, 0x000000, 0x00b7e0, 0x000000, 0x000000, 0x000000, 0x00c1b8,
    0x000000, 0x000000, 0x00c1bb, 0x00f4d3, 0x00beac, 0x000000, 0x000000, 0x000000, 0x000000,
    0x000000, 0x00b4e2, 0x000000, 0x000000, 0x00f4d4, 0x00f4d5, 0x00beab, 0x000000, 0x00f4d6,
    0x000000, 0x000000, 0x000000, 0x00f4db, 0x000000, 0x00f4d7, 0x00f4da, 0x000000, 0x00bafd,
    0x000000, 0x00f4d8, 0x00f4d9, 0x000000, 0x000000, 0x000000, 0x000000, 0x000000, 0x000000,
    0x000000, 0x00b8e2, 0x00ccc7, 0x00f4dc, 0x000000, 0x00b2da, 0x000000, 0x000000, 0x00c3d3,
    0x000000, 0x000000, 0x00d4e3, 0x00bfb7, 0x000000, 0x000000, 0x000000, 0x000000, 0x000000,
    0x000000, 0x000000, 0x00f4dd, 0x000000, 0x000000, 0x000000, 0x000000, 0x000000, 0x000000,
    0x00c5b4, 0x000000, 0x000000, 0x000000, 0x000000, 0x000000, 0x000000, 0x000000, 0x000000,
    0x00f4e9, 0x000000, 0x000000, 0x00cfb5, 0x000000, 0x000000, 0x000000, 0x000000, 0x000000,
    0x000000, 0x000000, 0x000000, 0x000000, 0x000000, 0x00cec9, 0x000000, 0x000000, 0x000000,
    0x000000, 0x000000, 0x000000, 0x000000, 0x000000, 0x000000, 0x000000, 0x000000, 0x000000,
    0x000000, 0x000000, 0x000000, 0x000000, 0x000000, 0x000000, 0x000000, 0x000000, 0x000000,
    0x00cbd8, 0x000000, 0x00cbf7, 0x000000, 0x000000, 0x000000, 0x000000, 0x00bdf4, 0x000000,
    0x000000, 0x000000, 0x00d7cf, 0x000000, 0x000000, 0x000000, 0x00c0db, 0x000000, 0x000000,
    0x000000, 0x000000, 0x000000, 0x000000, 0x000000, 0x000000, 0x000000, 0x000000, 0x000000,
    0x000000, 0x000000, 0x000000, 0x000000, 0x000000, 0x000000, 0x000000, 0x000000, 0x000000,
    0x000000, 0x000000, 0x000000, 0x000000, 0x000000, 0x000000, 0x000000, 0x000000, 0x000000,
    0x000000, 0x000000, 0x000000, 0x000000, 0x000000, 0x000000, 0x000000, 0x000000, 0x000000,
    0x000000, 0x000000, 0x000000, 0x000000, 0x000000, 0x000000, 0x000000, 0x000000, 0x00d0f5,
    0x000000, 0x000000, 0x000000, 0x000000, 0x000000, 0x000000, 0x000000, 0x000000, 0x00f4ea,
    0x000000, 0x000000, 0x000000, 0x000000, 0x000000, 0x000000, 0x000000, 0x000000, 0x000000,
    0x000000, 0x000000, 0x000000, 0x000000, 0x000000, 0x000000, 0x000000, 0x000000, 0x000000,
    0x000000, 0x000000, 0x000000, 0x000000, 0x000000, 0x000000, 0x000000, 0x000000, 0x000000,
    0x000000, 0x000000, 0x000000, 0x000000, 0x000000, 0x000000, 0x000000, 0x000000, 0x000000,
    0x000000, 0x000000, 0x00f4eb, 0x000000, 0x000000, 0x000000, 0x000000, 0x000000, 0x000000,
    0x000000, 0x00f4ec, 0x000000, 0x000000, 0x000000, 0x000000, 0x000000, 0x000000, 0x000000,
    0x000000, 0x000000, 0x000000, 0x000000, 0x000000, 0x000000, 0x000000, 0x000000, 0x000000,
    0x000000, 0x000000, 0x000000, 0x000000, 0x000000, 0x000000, 0x000000, 0x000000, 0x000000,
    0x000000, 0x000000, 0x000000, 0x000000, 0x000000, 0x000000, 0x000000, 0x000000, 0x000000,
    0x000000, 0x000000, 0x000000, 0x000000, 0x000000, 0x000000, 0x000000, 0x000000, 0x000000,
    0x000000, 0x000000, 0x000000, 0x000000, 0x000000, 0x000000, 0x000000, 0x000000, 0x000000,
    0x000000, 0x000000, 0x000000, 0x000000, 0x000000, 0x000000, 0x000000, 0x00f7e3, 0x000000,
    0x000000, 0x000000, 0x000000, 0x00b7b1, 0x000000, 0x000000, 0x000000, 0x000000, 0x000000,
    0x00f4ed, 0x000000, 0x000000, 0x000000, 0x000000, 0x000000, 0x000000, 0x000000, 0x000000,
    0x000000, 0x000000, 0x000000, 0x000000, 0x000000, 0x000000, 0x000000, 0x000000, 0x000000,
    0x000000, 0x000000, 0x000000, 0x000000, 0x000000, 0x000000, 0x000000, 0x000000, 0x000000,
    0x000000, 0x000000, 0x000000, 0x000000, 0x000000, 0x000000, 0x000000, 0x000000, 0x000000,
    0x000000, 0x000000, 0x000000, 0x000000, 0x000000, 0x000000, 0x000000, 0x000000, 0x000000,
    0x000000, 0x000000, 0x000000, 0x000000, 0x000000, 0x000000, 0x000000, 0x000000, 0x000000,
    0x000000, 0x000000, 0x000000, 0x00d7eb, 0x000000, 0x000000, 0x000000, 0x000000, 0x000000,
    0x000000, 0x000000, 0x000000, 0x000000, 0x000000, 0x000000, 0x000000, 0x000000, 0x000000,
    0x000000, 0x000000, 0x000000, 0x000000, 0x000000, 0x000000, 0x000000, 0x000000, 0x000000,
    0x000000, 0x00f4ee, 0x000000, 0x000000, 0x000000, 0x00e6f9, 0x00bec0, 0x00e6fa, 0x00baec,
    0x00e6fb, 0x00cfcb, 0x00e6fc, 0x00d4bc, 0x00bcb6, 0x00e6fd, 0x00e6fe, 0x00bccd, 0x00c8d2,
    0x00ceb3, 0x00e7a1, 0x000000, 0x00b4bf, 0x00e7a2, 0x00c9b4, 0x00b8d9, 0x00c4c9, 0x000000,
    0x00d7dd, 0x00c2da, 0x00b7d7, 0x00d6bd, 0x00cec6, 0x00b7c4, 0x000000, 0x000000, 0x00c5a6,
    0x00e7a3, 0x00cfdf, 0x00e7a4, 0x00e7a5, 0x00e7a6, 0x00c1b7, 0x00d7e9, 0x00c9f0, 0x00cfb8,
    0x00d6af, 0x00d6d5, 0x00e7a7, 0x00b0ed, 0x00e7a8, 0x00e7a9, 0x00c9dc, 0x00d2ef, 0x00bead,
    0x00e7aa, 0x00b0f3, 0x00c8de, 0x00bde1, 0x00e7ab, 0x00c8c6, 0x000000, 0x00e7ac, 0x00bbe6,
    0x00b8f8, 0x00d1a4, 0x00e7ad, 0x00c2e7, 0x00bef8, 0x00bdca, 0x00cdb3, 0x00e7ae, 0x00e7af,
    0x00beee, 0x00d0e5, 0x000000, 0x00cbe7, 0x00ccd0, 0x00bccc, 0x00e7b0, 0x00bca8, 0x00d0f7,
    0x00e7b1, 0x000000, 0x00d0f8, 0x00e7b2, 0x00e7b3, 0x00b4c2, 0x00e7b4, 0x00e7b5, 0x00c9fe,
    0x00ceac, 0x00c3e0, 0x00e7b7, 0x00b1c1, 0x00b3f1, 0x000000, 0x00e7b8, 0x00e7b9, 0x00d7db,
    0x00d5c0, 0x00e7ba, 0x00c2cc, 0x00d7ba, 0x00e7bb, 0x00e7bc, 0x00e7bd, 0x00bcea, 0x00c3e5,
    0x00c0c2, 0x00e7be, 0x00e7bf, 0x00bca9, 0x000000, 0x00e7c0, 0x00e7c1, 0x00e7b6, 0x00b6d0,
    0x00e7c2, 0x000000, 0x00e7c3, 0x00e7c4, 0x00bbba, 0x00b5de, 0x00c2c6, 0x00b1e0, 0x00e7c5,
    0x00d4b5, 0x00e7c6, 0x00b8bf, 0x00e7c8, 0x00e7c7, 0x00b7ec, 0x000000, 0x00e7c9, 0x00b2f8,
    0x00e7ca, 0x00e7cb, 0x00e7cc, 0x00e7cd, 0x00e7ce, 0x00e7cf, 0x00e7d0, 0x00d3a7, 0x00cbf5,
    0x00e7d1, 0x00e7d2, 0x00e7d3, 0x00e7d4, 0x00c9c9, 0x00e7d5, 0x00e7d6, 0x00e7d7, 0x00e7d8,
    0x00e7d9, 0x00bdc9, 0x00e7da, 0x00f3be, 0x000000, 0x00b8d7, 0x000000, 0x00c8b1, 0x000000,
    0x000000, 0x000000, 0x000000, 0x000000, 0x00f3bf, 0x000000, 0x00f3c0, 0x00f3c1, 0x000000,
    0x000000, 0x000000, 0x000000, 0x000000, 0x000000, 0x000000, 0x000000, 0x000000, 0x000000,
    0x00b9de, 0x00cdf8, 0x000000, 0x000000, 0x00d8e8, 0x00bab1, 0x000000, 0x00c2de, 0x00eeb7,
    0x000000, 0x00b7a3, 0x000000, 0x000000, 0x000000, 0x000000, 0x00eeb9, 0x000000, 0x00eeb8,
    0x00b0d5, 0x000000, 0x000000, 0x000000, 0x000000, 0x000000, 0x00eebb, 0x00d5d6, 0x00d7ef,
    0x000000, 0x000000, 0x000000, 0x00d6c3, 0x000000, 0x000000, 0x00eebd, 0x00caf0, 0x000000,
    0x00eebc, 0x000000, 0x000000, 0x000000, 0x000000, 0x00eebe, 0x000000, 0x000000, 0x000000,
    0x000000, 0x00eec0, 0x000000, 0x00eebf, 0x000000, 0x000000, 0x000000, 0x000000, 0x000000,
    0x000000, 0x000000, 0x000000, 0x00d1f2, 0x000000, 0x00c7bc, 0x000000, 0x00c3c0, 0x000000,
    0x000000, 0x000000, 0x000000, 0x000000, 0x00b8e1, 0x000000, 0x000000, 0x000000, 0x000000,
    0x000000, 0x00c1e7, 0x000000, 0x000000, 0x00f4c6, 0x00d0df, 0x00f4c7, 0x000000, 0x00cfdb,
    0x000000, 0x000000, 0x00c8ba, 0x000000, 0x000000, 0x00f4c8, 0x000000, 0x000000, 0x000000,
    0x000000, 0x000000, 0x000000, 0x000000, 0x00f4c9, 0x00f4ca, 0x000000, 0x00f4cb, 0x000000,
    0x000000, 0x000000, 0x000000, 0x000000, 0x00d9fa, 0x00b8fe, 0x000000, 0x000000, 0x00e5f1,
    0x00d3f0, 0x000000, 0x00f4e0, 0x000000, 0x00cecc, 0x000000, 0x000000, 0x000000, 0x00b3e1,
    0x000000, 0x000000, 0x000000, 0x000000, 0x00f1b4, 0x000000, 0x00d2ee, 0x000000, 0x00f4e1,
    0x000000, 0x000000, 0x000000, 0x000000, 0x000000, 0x00cfe8, 0x00f4e2, 0x000000, 0x000000,
    0x00c7cc, 0x000000, 0x000000, 0x000000, 0x000000, 0x000000, 0x000000, 0x00b5d4, 0x00b4e4,
    0x00f4e4, 0x000000, 0x000000, 0x000000, 0x00f4e3, 0x00f4e5, 0x000000, 0x000000, 0x00f4e6,
    0x000000, 0x000000, 0x000000, 0x000000, 0x00f4e7, 0x000000, 0x00bab2, 0x00b0bf, 0x000000,
    0x00f4e8, 0x000000, 0x000000, 0x000000, 0x000000, 0x000000, 0x000000, 0x000000, 0x00b7ad,
    0x00d2ed, 0x000000, 0x000000, 0x000000, 0x00d2ab, 0x00c0cf, 0x000000, 0x00bfbc, 0x00eba3,
    0x00d5df, 0x00eac8, 0x000000, 0x000000, 0x000000, 0x000000, 0x00f1f3, 0x00b6f8, 0x00cba3,
    0x000000, 0x000000, 0x00c4cd, 0x000000, 0x00f1e7, 0x000000, 0x00f1e8, 0x00b8fb, 0x00f1e9,
    0x00bac4, 0x00d4c5, 0x00b0d2, 0x000000, 0x000000, 0x00f1ea, 0x000000, 0x000000, 0x000000,
    0x00f1eb, 0x000000, 0x00f1ec, 0x000000, 0x000000, 0x00f1ed, 0x00f1ee, 0x00f1ef, 0x00f1f1,
    0x00f1f0, 0x00c5d5, 0x000000, 0x000000, 0x000000, 0x000000, 0x000000, 0x000000, 0x00f1f2,
    0x000000, 0x00b6fa, 0x000000, 0x00f1f4, 0x00d2ae, 0x00dec7, 0x00cbca, 0x000000, 0x000000,
    0x00b3dc, 0x000000, 0x00b5a2, 0x000000, 0x00b9a2, 0x000000, 0x000000, 0x00c4f4, 0x00f1f5,
    0x000000, 0x000000, 0x00f1f6, 0x000000, 0x000000, 0x000000, 0x00c1c4, 0x00c1fb, 0x00d6b0,
    0x00f1f7, 0x000000, 0x000000, 0x000000, 0x000000, 0x00f1f8, 0x000000, 0x00c1aa, 0x000000,
    0x000000, 0x000000, 0x00c6b8, 0x000000, 0x00bedb, 0x000000, 0x000000, 0x000000, 0x000000,
    0x000000, 0x000000, 0x000000, 0x000000, 0x000000, 0x000000, 0x000000, 0x000000, 0x000000,
    0x000000, 0x00f1f9, 0x00b4cf, 0x000000, 0x000000, 0x000000, 0x000000, 0x000000, 0x000000,
    0x00f1fa, 0x000000, 0x000000, 0x000000, 0x000000, 0x000000, 0x000000, 0x000000, 0x000000,
    0x000000, 0x000000, 0x000000, 0x000000, 0x000000, 0x00edb2, 0x00edb1, 0x000000, 0x000000,
    0x00cbe0, 0x00d2de, 0x000000, 0x00cbc1, 0x00d5d8, 0x000000, 0x00c8e2, 0x000000, 0x00c0df,
    0x00bca1, 0x000000, 0x000000, 0x000000, 0x000000, 0x000000, 0x000000, 0x00ebc1, 0x000000,
    0x000000, 0x00d0a4, 0x000000, 0x00d6e2, 0x000000, 0x00b6c7, 0x00b8d8, 0x00ebc0, 0x00b8ce,
    0x000000, 0x00ebbf, 0x00b3a6, 0x00b9c9, 0x00d6ab, 0x000000, 0x00b7f4, 0x00b7ca, 0x000000,
    0x000000, 0x000000, 0x00bce7, 0x00b7be, 0x00ebc6, 0x000000, 0x00ebc7, 0x00b0b9, 0x00bfcf,
    0x000000, 0x00ebc5, 0x00d3fd, 0x000000, 0x00ebc8, 0x000000, 0x000000, 0x00ebc9, 0x000000,
    0x000000, 0x00b7ce, 0x000000, 0x00ebc2, 0x00ebc4, 0x00c9f6, 0x00d6d7, 0x00d5cd, 0x00d0b2,
    0x00ebcf, 0x00ceb8, 0x00ebd0, 0x000000, 0x00b5a8, 0x000000, 0x000000, 0x000000, 0x000000,
    0x000000, 0x00b1b3, 0x00ebd2, 0x00cca5, 0x000000, 0x000000, 0x000000, 0x000000, 0x000000,
    0x000000, 0x000000, 0x00c5d6, 0x00ebd3, 0x000000, 0x00ebd1, 0x00c5df, 0x00ebce, 0x00caa4,
    0x00ebd5, 0x00b0fb, 0x000000, 0x000000, 0x00bafa, 0x000000, 0x000000, 0x00d8b7, 0x00f1e3,
    0x000000, 0x00ebca, 0x00ebcb, 0x00ebcc, 0x00ebcd, 0x00ebd6, 0x00e6c0, 0x00ebd9, 0x000000,
    0x00bfe8, 0x00d2c8, 0x00ebd7, 0x00ebdc, 0x00b8ec, 0x00ebd8, 0x000000, 0x00bdba, 0x000000,
    0x00d0d8, 0x000000, 0x00b0b7, 0x000000, 0x00ebdd, 0x00c4dc, 0x000000, 0x000000, 0x00d6ac,
    0x000000, 0x000000, 0x000000, 0x00b4e0, 0x000000, 0x000000, 0x00c2f6, 0x00bcb9, 0x000000,
    0x000000, 0x00ebda, 0x00ebdb, 0x00d4e0, 0x00c6ea, 0x00c4d4, 0x00ebdf, 0x00c5a7, 0x00d9f5,
    0x000000, 0x00b2b1, 0x000000, 0x00ebe4, 0x000000, 0x00bdc5, 0x000000, 0x000000, 0x000000,
    0x00ebe2, 0x000000, 0x000000, 0x000000, 0x000000, 0x000000, 0x000000, 0x000000, 0x000000,
    0x000000, 0x000000, 0x000000, 0x000000, 0x000000, 0x00ebe3, 0x000000, 0x000000, 0x00b8ac,
    0x000000, 0x00cdd1, 0x00ebe5, 0x000000, 0x000000, 0x000000, 0x00ebe1, 0x000000, 0x00c1b3,
    0x000000, 0x000000, 0x000000, 0x000000, 0x000000, 0x00c6a2, 0x000000, 0x000000, 0x000000,
    0x000000, 0x000000, 0x000000, 0x00ccf3, 0x000000, 0x00ebe6, 0x000000, 0x00c0b0, 0x00d2b8,
    0x00ebe7, 0x000000, 0x000000, 0x000000, 0x00b8af, 0x00b8ad, 0x000000, 0x00ebe8, 0x00c7bb,
    0x00cdf3, 0x000000, 0x000000, 0x000000, 0x00ebea, 0x00ebeb, 0x000000, 0x000000, 0x000000,
    0x000000, 0x000000, 0x00ebed, 0x000000, 0x000000, 0x000000, 0x000000, 0x00d0c8, 0x000000,
    0x00ebf2, 0x000000, 0x00ebee, 0x000000, 0x000000, 0x000000, 0x00ebf1, 0x00c8f9, 0x000000,
    0x00d1fc, 0x00ebec, 0x000000, 0x000000, 0x00ebe9, 0x000000, 0x000000, 0x000000, 0x000000,
    0x00b8b9, 0x00cfd9, 0x00c4e5, 0x00ebef, 0x00ebf0, 0x00ccda, 0x00cdc8, 0x00b0f2, 0x000000,
    0x00ebf6, 0x000000, 0x000000, 0x000000, 0x000000, 0x000000, 0x00ebf5, 0x000000, 0x00b2b2,
    0x000000, 0x000000, 0x000000, 0x000000, 0x00b8e0, 0x000000, 0x00ebf7, 0x000000, 0x000000,
    0x000000, 0x000000, 0x000000, 0x000000, 0x00b1ec, 0x000000, 0x000000, 0x00ccc5, 0x00c4a4,
    0x00cfa5, 0x000000, 0x000000, 0x000000, 0x000000, 0x000000, 0x00ebf9, 0x000000, 0x000000,
    0x00eca2, 0x000000, 0x00c5f2, 0x000000, 0x00ebfa, 0x000000, 0x000000, 0x000000, 0x000000,
    0x000000, 0x000000, 0x000000, 0x000000, 0x00c9c5, 0x000000, 0x000000, 0x000000, 0x000000,
    0x000000, 0x000000, 0x00e2df, 0x00ebfe, 0x000000, 0x000000, 0x000000, 0x000000, 0x00cdce,
    0x00eca1, 0x00b1db, 0x00d3b7, 0x000000, 0x000000, 0x00d2dc, 0x000000, 0x000000, 0x000000,
    0x00ebfd, 0x000000, 0x00ebfb, 0x000000, 0x000000, 0x000000, 0x000000, 0x000000, 0x000000,
    0x000000, 0x000000, 0x000000, 0x000000, 0x000000, 0x000000, 0x000000, 0x000000, 0x000000,
    0x000000, 0x000000, 0x000000, 0x000000, 0x000000, 0x000000, 0x000000, 0x00b3bc, 0x000000,
    0x000000, 0x000000, 0x00eab0, 0x000000, 0x000000, 0x00d7d4, 0x000000, 0x00f4ab, 0x00b3f4,
    0x000000, 0x000000, 0x000000, 0x000000, 0x000000, 0x00d6c1, 0x00d6c2, 0x000000, 0x000000,
    0x000000, 0x000000, 0x000000, 0x000000, 0x00d5e9, 0x00beca, 0x000000, 0x00f4a7, 0x000000,
    0x00d2a8, 0x00f4a8, 0x00f4a9, 0x000000, 0x00f4aa, 0x00becb, 0x00d3df, 0x000000, 0x000000,
    0x000000, 0x000000, 0x000000, 0x00c9e0, 0x00c9e1, 0x000000, 0x000000, 0x00f3c2, 0x000000,
    0x00cae6, 0x000000, 0x00ccf2, 0x000000, 0x000000, 0x000000, 0x000000, 0x000000, 0x000000,
    0x00e2b6, 0x00cbb4, 0x000000, 0x00cee8, 0x00d6db, 0x000000, 0x00f4ad, 0x00f4ae, 0x00f4af,
    0x000000, 0x000000, 0x000000, 0x000000, 0x00f4b2, 0x000000, 0x00babd, 0x00f4b3, 0x00b0e3,
    0x00f4b0, 0x000000, 0x00f4b1, 0x00bda2, 0x00b2d5, 0x000000, 0x00f4b6, 0x00f4b7, 0x00b6e6,
    0x00b2b0, 0x00cfcf, 0x00f4b4, 0x00b4ac, 0x000000, 0x00f4b5, 0x000000, 0x000000, 0x00f4b8,
    0x000000, 0x000000, 0x000000, 0x000000, 0x00f4b9, 0x000000, 0x000000, 0x00cda7, 0x000000,
    0x00f4ba, 0x000000, 0x00f4bb, 0x000000, 0x000000, 0x000000, 0x00f4bc, 0x000000, 0x000000,
    0x000000, 0x000000, 0x000000, 0x000000, 0x000000, 0x000000, 0x00cbd2, 0x000000, 0x00f4bd,
    0x000000, 0x000000, 0x000000, 0x000000, 0x00f4be, 0x000000, 0x000000, 0x000000, 0x000000,
    0x000000, 0x000000, 0x000000, 0x000000, 0x00f4bf, 0x000000, 0x000000, 0x000000, 0x000000,
    0x000000, 0x00f4de, 0x00c1bc, 0x00bce8, 0x000000, 0x00c9ab, 0x00d1de, 0x00e5f5, 0x000000,
    0x000000, 0x000000, 0x000000, 0x00dcb3, 0x00d2d5, 0x000000, 0x000000, 0x00dcb4, 0x00b0ac,
    0x00dcb5, 0x000000, 0x000000, 0x00bdda, 0x000000, 0x00dcb9, 0x000000, 0x000000, 0x000000,
    0x00d8c2, 0x000000, 0x00dcb7, 0x00d3f3, 0x000000, 0x00c9d6, 0x00dcba, 0x00dcb6, 0x000000,
    0x00dcbb, 0x00c3a2, 0x000000, 0x000000, 0x000000, 0x000000, 0x00dcbc, 0x00dcc5, 0x00dcbd,
    0x000000, 0x000000, 0x00cedf, 0x00d6a5, 0x000000, 0x00dccf, 0x000000, 0x00dccd, 0x000000,
    0x000000, 0x00dcd2, 0x00bde6, 0x00c2ab, 0x000000, 0x00dcb8, 0x00dccb, 0x00dcce, 0x00dcbe,
    0x00b7d2, 0x00b0c5, 0x00dcc7, 0x00d0be, 0x00dcc1, 0x00bba8, 0x000000, 0x00b7bc, 0x00dccc,
    0x000000, 0x000000, 0x00dcc6, 0x00dcbf, 0x00c7db, 0x000000, 0x000000, 0x000000, 0x00d1bf,
    0x00dcc0, 0x000000, 0x00dcca, 0x000000, 0x000000, 0x00dcd0, 0x000000, 0x000000, 0x00cead,
    0x00dcc2, 0x000000, 0x00dcc3, 0x00dcc8, 0x00dcc9, 0x00b2d4, 0x00dcd1, 0x00cbd5, 0x000000,
    0x00d4b7, 0x00dcdb, 0x00dcdf, 0x00cca6, 0x00dce6, 0x000000, 0x00c3e7, 0x00dcdc, 0x000000,
    0x000000, 0x00bfc1, 0x00dcd9, 0x000000, 0x00b0fa, 0x00b9b6, 0x00dce5, 0x00dcd3, 0x000000,
    0x00dcc4, 0x00dcd6, 0x00c8f4, 0x00bfe0, 0x000000, 0x000000, 0x000000, 0x000000, 0x00c9bb,
    0x000000, 0x000000, 0x000000, 0x00b1bd, 0x000000, 0x00d3a2, 0x000000, 0x000000, 0x00dcda,
    0x000000, 0x000000, 0x00dcd5, 0x000000, 0x00c6bb, 0x000000, 0x00dcde, 0x000000, 0x000000,
    0x000000, 0x000000, 0x00d7c2, 0x00c3af, 0x00b7b6, 0x00c7d1, 0x00c3a9, 0x00dce2, 0x00dcd8,
    0x00dceb, 0x00dcd4, 0x000000, 0x000000, 0x00dcdd, 0x000000, 0x00bea5, 0x00dcd7, 0x000000,
    0x00dce0, 0x000000, 0x000000, 0x00dce3, 0x00dce4, 0x000000, 0x00dcf8, 0x000000, 0x000000,
    0x00dce1, 0x00dda2, 0x00dce7, 0x000000, 0x000000, 0x000000, 0x000000, 0x000000, 0x000000,
    0x000000, 0x000000, 0x000000, 0x000000, 0x00bceb, 0x00b4c4, 0x000000, 0x000000, 0x00c3a3,
    0x00b2e7, 0x00dcfa, 0x000000, 0x00dcf2, 0x000000, 0x00dcef, 0x000000, 0x00dcfc, 0x00dcee,
    0x00d2f0, 0x00b2e8, 0x000000, 0x00c8d7, 0x00c8e3, 0x00dcfb, 0x000000, 0x00dced, 0x000000,
    0x000000, 0x000000, 0x00dcf7, 0x000000, 0x000000, 0x00dcf5, 0x000000, 0x000000, 0x00bea3,
    0x00dcf4, 0x000000, 0x00b2dd, 0x000000, 0x000000, 0x000000, 0x000000, 0x000000, 0x00dcf3,
    0x00bcf6, 0x00dce8, 0x00bbc4, 0x000000, 0x00c0f3, 0x000000, 0x000000, 0x000000, 0x000000,
    0x000000, 0x00bcd4, 0x00dce9, 0x00dcea, 0x000000, 0x00dcf1, 0x00dcf6, 0x00dcf9, 0x00b5b4,
    0x000000, 0x00c8d9, 0x00bbe7, 0x00dcfe, 0x00dcfd, 0x00d3ab, 0x00dda1, 0x00dda3, 0x00dda5,
    0x00d2f1, 0x00dda4, 0x00dda6, 0x00dda7, 0x00d2a9, 0x000000, 0x000000, 0x000000, 0x000000,
    0x000000, 0x000000, 0x000000, 0x00bac9, 0x00dda9, 0x000000, 0x000000, 0x00ddb6, 0x00ddb1,
    0x00ddb4, 0x000000, 0x000000, 0x000000, 0x000000, 0x000000, 0x00ddb0, 0x00c6ce, 0x000000,
    0x000000, 0x00c0f2, 0x000000, 0x000000, 0x000000, 0x000000, 0x00c9af, 0x000000, 0x000000,
    0x000000, 0x00dcec, 0x00ddae, 0x000000, 0x000000, 0x000000, 0x000000, 0x00ddb7, 0x000000,
    0x000000, 0x00dcf0, 0x00ddaf, 0x000000, 0x00ddb8, 0x000000, 0x00ddac, 0x000000, 0x000000,
    0x000000, 0x000000, 0x000000, 0x000000, 0x000000, 0x00ddb9, 0x00ddb3, 0x00ddad, 0x00c4aa,
    0x000000, 0x000000, 0x000000, 0x000000, 0x00dda8, 0x00c0b3, 0x00c1ab, 0x00ddaa, 0x00ddab,
    0x000000, 0x00ddb2, 0x00bbf1, 0x00ddb5, 0x00d3a8, 0x00ddba, 0x000000, 0x00ddbb, 0x00c3a7,
    0x000000, 0x000000, 0x00ddd2, 0x00ddbc, 0x000000, 0x000000, 0x000000, 0x00ddd1, 0x000000,
    0x00b9bd, 0x000000, 0x000000, 0x00bed5, 0x000000, 0x00befa, 0x000000, 0x000000, 0x00baca,
    0x000000, 0x000000, 0x000000, 0x000000, 0x00ddca, 0x000000, 0x00ddc5, 0x000000, 0x00ddbf,
    0x000000, 0x000000, 0x000000, 0x00b2cb, 0x00ddc3, 0x000000, 0x00ddcb, 0x00b2a4, 0x00ddd5,
    0x000000, 0x000000, 0x000000, 0x00ddbe, 0x000000, 0x000000, 0x000000, 0x00c6d0, 0x00ddd0,
    0x000000, 0x000000, 0x000000, 0x000000, 0x000000, 0x00ddd4, 0x00c1e2, 0x00b7c6, 0x000000,
    0x000000, 0x000000, 0x000000, 0x000000, 0x00ddce, 0x00ddcf, 0x000000, 0x000000, 0x000000,
    0x00ddc4, 0x000000, 0x000000, 0x00ddbd, 0x000000, 0x00ddcd, 0x00ccd1, 0x000000, 0x00ddc9,
    0x000000, 0x000000, 0x000000, 0x000000, 0x00ddc2, 0x00c3c8, 0x00c6bc, 0x00ceae, 0x00ddcc,
    0x000000, 0x00ddc8, 0x000000, 0x000000, 0x000000, 0x000000, 0x000000, 0x000000, 0x00ddc1,
    0x000000, 0x000000, 0x000000, 0x00ddc6, 0x00c2dc, 0x000000, 0x000000, 0x000000, 0x000000,
    0x000000, 0x000000, 0x00d3a9, 0x00d3aa, 0x00ddd3, 0x00cff4, 0x00c8f8, 0x000000, 0x000000,
    0x000000, 0x000000, 0x000000, 0x000000, 0x000000, 0x000000, 0x00dde6, 0x000000, 0x000000,
    0x000000, 0x000000, 0x000000, 0x000000, 0x00ddc7, 0x000000, 0x000000, 0x000000, 0x00dde0,
    0x00c2e4, 0x000000, 0x000000, 0x000000, 0x000000, 0x000000, 0x000000, 0x00dde1, 0x000000,
    0x000000, 0x000000, 0x000000, 0x000000, 0x000000, 0x000000, 0x000000, 0x000000, 0x000000,
    0x00ddd7, 0x000000, 0x000000, 0x000000, 0x000000, 0x000000, 0x00d6f8, 0x000000, 0x00ddd9,
    0x00ddd8, 0x00b8f0, 0x00ddd6, 0x000000, 0x000000, 0x000000, 0x000000, 0x00c6cf, 0x000000,
    0x00b6ad, 0x000000, 0x000000, 0x000000, 0x000000, 0x000000, 0x00dde2, 0x000000, 0x00baf9,
    0x00d4e1, 0x00dde7, 0x000000, 0x000000, 0x000000, 0x00b4d0, 0x000000, 0x00ddda, 0x000000,
    0x00bffb, 0x00dde3, 0x000000, 0x00dddf, 0x000000, 0x00dddd, 0x000000, 0x000000, 0x000000,
    0x000000, 0x000000, 0x00b5d9, 0x000000, 0x000000, 0x000000, 0x000000, 0x00dddb, 0x00dddc,
    0x00ddde, 0x000000, 0x00bdaf, 0x00dde4, 0x000000, 0x00dde5, 0x000000, 0x000000, 0x000000,
    0x000000, 0x000000, 0x000000, 0x000000, 0x000000, 0x00ddf5, 0x000000, 0x00c3c9, 0x000000,
    0x000000, 0x00cbe2, 0x000000, 0x000000, 0x000000, 0x000000, 0x00ddf2, 0x000000, 0x000000,
    0x000000, 0x000000, 0x000000, 0x000000, 0x000000, 0x000000, 0x000000, 0x000000, 0x000000,
    0x000000, 0x000000, 0x00d8e1, 0x000000, 0x000000, 0x00c6d1, 0x000000, 0x00ddf4, 0x000000,
    0x000000, 0x000000, 0x00d5f4, 0x00ddf3, 0x00ddf0, 0x000000, 0x000000, 0x00ddec, 0x000000,
    0x00ddef, 0x000000, 0x00dde8, 0x000000, 0x000000, 0x00d0ee, 0x000000, 0x000000, 0x000000,
    0x000000, 0x00c8d8, 0x00ddee, 0x000000, 0x000000, 0x00dde9, 0x000000, 0x000000, 0x00ddea,
    0x00cbf2, 0x000000, 0x00dded, 0x000000, 0x000000, 0x00b1cd, 0x000000, 0x000000, 0x000000,
    0x000000, 0x000000, 0x000000, 0x00c0b6, 0x000000, 0x00bcbb, 0x00ddf1, 0x000000, 0x000000,
    0x00ddf7, 0x000000, 0x00ddf6, 0x00ddeb, 0x000000, 0x000000, 0x000000, 0x000000, 0x000000,
    0x00c5ee, 0x000000, 0x000000, 0x000000, 0x00ddfb, 0x000000, 0x000000, 0x000000, 0x000000,
    0x000000, 0x000000, 0x000000, 0x000000, 0x000000, 0x000000, 0x000000, 0x00dea4, 0x000000,
    0x000000, 0x00dea3, 0x000000, 0x000000, 0x000000, 0x000000, 0x000000, 0x000000, 0x000000,
    0x000000, 0x000000, 0x000000, 0x000000, 0x000000, 0x00ddf8, 0x000000, 0x000000, 0x000000,
    0x000000, 0x00c3ef, 0x000000, 0x00c2fb, 0x000000, 0x000000, 0x000000, 0x00d5e1, 0x000000,
    0x000000, 0x00ceb5, 0x000000, 0x000000, 0x000000, 0x000000, 0x00ddfd, 0x000000, 0x00b2cc,
    0x000000, 0x000000, 0x000000, 0x000000, 0x000000, 0x000000, 0x000000, 0x000000, 0x000000,
    0x00c4e8, 0x00cadf, 0x000000, 0x000000, 0x000000, 0x000000, 0x000000, 0x000000, 0x000000,
    0x000000, 0x000000, 0x000000, 0x00c7be, 0x00ddfa, 0x00ddfc, 0x00ddfe, 0x00dea2, 0x00b0aa,
    0x00b1ce, 0x000000, 0x000000, 0x000000, 0x00deac, 0x000000, 0x000000, 0x000000, 0x000000,
    0x00dea6, 0x00bdb6, 0x00c8ef, 0x000000, 0x000000, 0x000000, 0x000000, 0x000000, 0x000000,
    0x000000, 0x000000, 0x000000, 0x000000, 0x000000, 0x00dea1, 0x000000, 0x000000, 0x00dea5,
    0x000000, 0x000000, 0x000000, 0x000000, 0x00dea9, 0x000000, 0x000000, 0x000000, 0x000000,
    0x000000, 0x00dea8, 0x000000, 0x000000, 0x000000, 0x00dea7, 0x000000, 0x000000, 0x000000,
    0x000000, 0x000000, 0x000000, 0x000000, 0x000000, 0x000000, 0x00dead, 0x000000, 0x00d4cc,
    0x000000, 0x000000, 0x000000, 0x000000, 0x00deb3, 0x00deaa, 0x00deae, 0x000000, 0x000000,
    0x00c0d9, 0x000000, 0x000000, 0x000000, 0x000000, 0x00b1a1, 0x00deb6, 0x000000, 0x00deb1,
    0x000000, 0x000000, 0x000000, 0x000000, 0x000000, 0x000000, 0x000000, 0x00deb2, 0x000000,
    0x000000, 0x000000, 0x000000, 0x000000, 0x000000, 0x000000, 0x000000, 0x000000, 0x000000,
    0x000000, 0x00d1a6, 0x00deb5, 0x000000, 0x000000, 0x000000, 0x000000, 0x000000, 0x000000,
    0x000000, 0x00deaf, 0x000000, 0x000000, 0x000000, 0x00deb0, 0x000000, 0x00d0bd, 0x000000,
    0x000000, 0x000000, 0x00deb4, 0x00caed, 0x00deb9, 0x000000, 0x000000, 0x000000, 0x000000,
    0x000000, 0x000000, 0x00deb8, 0x000000, 0x00deb7, 0x000000, 0x000000, 0x000000, 0x000000,
    0x000000, 0x000000, 0x00debb, 0x000000, 0x000000, 0x000000, 0x000000, 0x000000, 0x000000,
    0x000000, 0x00bde5, 0x000000, 0x000000, 0x000000, 0x000000, 0x000000, 0x00b2d8, 0x00c3ea,
    0x000000, 0x000000, 0x00deba, 0x000000, 0x00c5ba, 0x000000, 0x000000, 0x000000, 0x000000,
    0x000000, 0x000000, 0x00debc, 0x000000, 0x000000, 0x000000, 0x000000, 0x000000, 0x000000,
    0x000000, 0x00ccd9, 0x000000, 0x000000, 0x000000, 0x000000, 0x00b7aa, 0x000000, 0x000000,
    0x000000, 0x000000, 0x000000, 0x000000, 0x000000, 0x000000, 0x000000, 0x000000, 0x000000,
    0x000000, 0x000000, 0x000000, 0x000000, 0x000000, 0x000000, 0x00d4e5, 0x000000, 0x000000,
    0x000000, 0x00debd, 0x000000, 0x000000, 0x000000, 0x000000, 0x000000, 0x00debf, 0x000000,
    0x000000, 0x000000, 0x000000, 0x000000, 0x000000, 0x000000, 0x000000, 0x000000, 0x000000,
    0x000000, 0x00c4a2, 0x000000, 0x000000, 0x000000, 0x000000, 0x00dec1, 0x000000, 0x000000,
    0x000000, 0x000000, 0x000000, 0x000000, 0x000000, 0x000000, 0x000000, 0x000000, 0x000000,
    0x000000, 0x000000, 0x000000, 0x000000, 0x000000, 0x00debe, 0x000000, 0x00dec0, 0x000000,
    0x000000, 0x000000, 0x000000, 0x000000, 0x000000, 0x000000, 0x000000, 0x000000, 0x000000,
    0x000000, 0x000000, 0x000000, 0x000000, 0x00d5ba, 0x000000, 0x000000, 0x000000, 0x00dec2,
    0x000000, 0x000000, 0x000000, 0x000000, 0x000000, 0x000000, 0x000000, 0x000000, 0x000000,
    0x000000, 0x000000, 0x000000, 0x000000, 0x00f2ae, 0x00bba2, 0x00c2b2, 0x00c5b0, 0x00c2c7,
    0x000000, 0x000000, 0x00f2af, 0x000000, 0x000000, 0x000000, 0x000000, 0x000000, 0x00d0e9,
    0x000000, 0x000000, 0x000000, 0x00d3dd, 0x000000, 0x000000, 0x000000, 0x00ebbd, 0x000000,
    0x000000, 0x000000, 0x000000, 0x000000, 0x000000, 0x000000, 0x000000, 0x00b3e6, 0x00f2b0,
    0x000000, 0x00f2b1, 0x000000, 0x000000, 0x00caad, 0x000000, 0x000000, 0x000000, 0x000000,
    0x000000, 0x000000, 0x000000, 0x00bae7, 0x00f2b3, 0x00f2b5, 0x00f2b4, 0x00cbe4, 0x00cfba,
    0x00f2b2, 0x00cab4, 0x00d2cf, 0x00c2ec, 0x000000, 0x000000, 0x000000, 0x000000, 0x000000,
    0x000000, 0x000000, 0x00cec3, 0x00f2b8, 0x00b0f6, 0x00f2b7, 0x000000, 0x000000, 0x000000,
    0x000000, 0x000000, 0x00f2be, 0x000000, 0x00b2cf, 0x000000, 0x000000, 0x000000, 0x000000,
    0x000000, 0x000000, 0x00d1c1, 0x00f2ba, 0x000000, 0x000000, 0x000000, 0x000000, 0x000000,
    0x00f2bc, 0x00d4e9, 0x000000, 0x000000, 0x00f2bb, 0x00f2b6, 0x00f2bf, 0x00f2bd, 0x000000,
    0x00f2b9, 0x000000, 0x000000, 0x00f2c7, 0x00f2c4, 0x00f2c6, 0x000000, 0x000000, 0x00f2ca,
    0x00f2c2, 0x00f2c0, 0x000000, 0x000000, 0x000000, 0x00f2c5, 0x000000, 0x000000, 0x000000,
    0x000000, 0x000000, 0x00d6fb, 0x000000, 0x000000, 0x000000, 0x00f2c1, 0x000000, 0x00c7f9,
    0x00c9df, 0x000000, 0x00f2c8, 0x00b9c6, 0x00b5b0, 0x000000, 0x000000, 0x00f2c3, 0x00f2c9,
    0x00f2d0, 0x00f2d6, 0x000000, 0x000000, 0x00bbd7, 0x000000, 0x000000, 0x000000, 0x00f2d5,
    0x00cddc, 0x000000, 0x00d6eb, 0x000000, 0x000000, 0x00f2d2, 0x00f2d4, 0x000000, 0x000000,
    0x000000, 0x000000, 0x00b8f2, 0x000000, 0x000000, 0x000000, 0x000000, 0x00f2cb, 0x000000,
    0x000000, 0x000000, 0x00f2ce, 0x00c2f9, 0x000000, 0x00d5dd, 0x00f2cc, 0x00f2cd, 0x00f2cf,
    0x00f2d3, 0x000000, 0x000000, 0x000000, 0x00f2d9, 0x00d3bc, 0x000000, 0x000000, 0x000000,
    0x000000, 0x00b6ea, 0x000000, 0x00caf1, 0x000000, 0x00b7e4, 0x00f2d7, 0x000000, 0x000000,
    0x000000, 0x00f2d8, 0x00f2da, 0x00f2dd, 0x00f2db, 0x000000, 0x000000, 0x00f2dc, 0x000000,
    0x000000, 0x000000, 0x000000, 0x00d1d1, 0x00f2d1, 0x000000, 0x00cdc9, 0x000000, 0x00cecf,
    0x00d6a9, 0x000000, 0x00f2e3, 0x000000, 0x00c3db, 0x000000, 0x00f2e0, 0x000000, 0x000000,
    0x00c0af, 0x00f2ec, 0x00f2de, 0x000000, 0x00f2e1, 0x000000, 0x000000, 0x000000, 0x00f2e8,
    0x000000, 0x000000, 0x000000, 0x000000, 0x00f2e2, 0x000000, 0x000000, 0x00f2e7, 0x000000,
    0x000000, 0x00f2e6, 0x000000, 0x000000, 0x00f2e9, 0x000000, 0x000000, 0x000000, 0x00f2df,
    0x000000, 0x000000, 0x00f2e4, 0x00f2ea, 0x000000, 0x000000, 0x000000, 0x000000, 0x000000,
    0x000000, 0x000000, 0x00d3ac, 0x00f2e5, 0x00b2f5, 0x000000, 0x000000, 0x00f2f2, 0x000000,
    0x00d0ab, 0x000000, 0x000000, 0x000000, 0x000000, 0x00f2f5, 0x000000, 0x000000, 0x000000,
    0x00bbc8, 0x000000, 0x00f2f9, 0x000000, 0x000000, 0x000000, 0x000000, 0x000000, 0x000000,
    0x00f2f0, 0x000000, 0x000000, 0x00f2f6, 0x00f2f8, 0x00f2fa, 0x000000, 0x000000, 0x000000,
    0x000000, 0x000000, 0x000000, 0x000000, 0x000000, 0x00f2f3, 0x000000, 0x00f2f1, 0x000000,
    0x000000, 0x000000, 0x00bafb, 0x000000, 0x00b5fb, 0x000000, 0x000000, 0x000000, 0x000000,
    0x00f2ef, 0x00f2f7, 0x00f2ed, 0x00f2ee, 0x000000, 0x000000, 0x00f2eb, 0x00f3a6, 0x000000,
    0x00f3a3, 0x000000, 0x000000, 0x00f3a2, 0x000000, 0x000000, 0x00f2f4, 0x000000, 0x00c8da,
    0x000000, 0x000000, 0x000000, 0x000000, 0x000000, 0x00f2fb, 0x000000, 0x000000, 0x000000,
    0x00f3a5, 0x000000, 0x000000, 0x000000, 0x000000, 0x000000, 0x000000, 0x000000, 0x00c3f8,
    0x000000, 0x000000, 0x000000, 0x000000, 0x000000, 0x000000, 0x000000, 0x000000, 0x00f2fd,
    0x000000, 0x000000, 0x00f3a7, 0x00f3a9, 0x00f3a4, 0x000000, 0x00f2fc, 0x000000, 0x000000,
    0x000000, 0x00f3ab, 0x000000, 0x00f3aa, 0x000000, 0x000000, 0x000000, 0x000000, 0x00c2dd,
    0x000000, 0x000000, 0x00f3ae, 0x000000, 0x000000, 0x00f3b0, 0x000000, 0x000000, 0x000000,
    0x000000, 0x000000, 0x00f3a1, 0x000000, 0x000000, 0x000000, 0x00f3b1, 0x00f3ac, 0x000000,
    0x000000, 0x000000, 0x000000, 0x000000, 0x00f3af, 0x00f2fe, 0x00f3ad, 0x000000, 0x000000,
    0x000000, 0x000000, 0x000000, 0x000000, 0x000000, 0x00f3b2, 0x000000, 0x000000, 0x000000,
    0x000000, 0x00f3b4, 0x000000, 0x000000, 0x000000, 0x000000, 0x00f3a8, 0x000000, 0x000000,
    0x000000, 0x000000, 0x00f3b3, 0x000000, 0x000000, 0x000000, 0x00f3b5, 0x000000, 0x000000,
    0x000000, 0x000000, 0x000000, 0x000000, 0x000000, 0x000000, 0x000000, 0x000000, 0x00d0b7,
    0x000000, 0x000000, 0x000000, 0x000000, 0x00f3b8, 0x000000, 0x000000, 0x000000, 0x00d9f9,
    0x000000, 0x000000, 0x000000, 0x000000, 0x000000, 0x000000, 0x00f3b9, 0x000000, 0x000000,
    0x000000, 0x000000, 0x000000, 0x000000, 0x000000, 0x000000, 0x00f3b7, 0x000000, 0x00c8e4,
    0x00f3b6, 0x000000, 0x000000, 0x000000, 0x000000, 0x00f3ba, 0x000000, 0x000000, 0x000000,
    0x000000, 0x000000, 0x00f3bb, 0x00b4c0, 0x000000, 0x000000, 0x000000, 0x000000, 0x000000,
    0x000000, 0x000000, 0x000000, 0x000000, 0x000000, 0x000000, 0x000000, 0x000000, 0x000000,
    0x000000, 0x00eec3, 0x000000, 0x000000, 0x000000, 0x000000, 0x000000, 0x000000, 0x00f3bc,
    0x000000, 0x000000, 0x00f3bd, 0x000000, 0x000000, 0x000000, 0x00d1aa, 0x000000, 0x000000,
    0x000000, 0x00f4ac, 0x00d0c6, 0x000000, 0x000000, 0x000000, 0x000000, 0x000000, 0x000000,
    0x00d0d0, 0x00d1dc, 0x000000, 0x000000, 0x000000, 0x000000, 0x000000, 0x000000, 0x00cfce,
    0x000000, 0x000000, 0x00bdd6, 0x000000, 0x00d1c3, 0x000000, 0x000000, 0x000000, 0x000000,
    0x000000, 0x000000, 0x000000, 0x00bae2, 0x00e1e9, 0x00d2c2, 0x00f1c2, 0x00b2b9, 0x000000,
    0x000000, 0x00b1ed, 0x00f1c3, 0x000000, 0x00c9c0, 0x00b3c4, 0x000000, 0x00d9f2, 0x000000,
    0x00cba5, 0x000000, 0x00f1c4, 0x000000, 0x000000, 0x000000, 0x000000, 0x00d6d4, 0x000000,
    0x000000, 0x000000, 0x000000, 0x000000, 0x00f1c5, 0x00f4c0, 0x00f1c6, 0x000000, 0x00d4ac,
    0x00f1c7, 0x000000, 0x00b0c0, 0x00f4c1, 0x000000, 0x000000, 0x00f4c2, 0x000000, 0x000000,
    0x00b4fc, 0x000000, 0x00c5db, 0x000000, 0x000000, 0x000000, 0x000000, 0x00ccbb, 0x000000,
    0x000000, 0x000000, 0x00d0e4, 0x000000, 0x000000, 0x000000, 0x000000, 0x000000, 0x00cde0,
    0x000000, 0x000000, 0x000000, 0x000000, 0x000000, 0x00f1c8, 0x000000, 0x00d9f3, 0x000000,
    0x000000, 0x000000, 0x000000, 0x000000, 0x000000, 0x00b1bb, 0x000000, 0x00cfae, 0x000000,
    0x000000, 0x000000, 0x00b8a4, 0x000000, 0x000000, 0x000000, 0x000000, 0x000000, 0x00f1ca,
    0x000000, 0x000000, 0x000000, 0x000000, 0x00f1cb, 0x000000, 0x000000, 0x000000, 0x00b2c3,
    0x00c1d1, 0x000000, 0x000000, 0x00d7b0, 0x00f1c9, 0x000000, 0x000000, 0x00f1cc, 0x000000,
    0x000000, 0x000000, 0x000000, 0x00f1ce, 0x000000, 0x000000, 0x000000, 0x00d9f6, 0x000000,
    0x00d2e1, 0x00d4a3, 0x000000, 0x000000, 0x00f4c3, 0x00c8b9, 0x000000, 0x000000, 0x000000,
    0x000000, 0x000000, 0x00f4c4, 0x000000, 0x000000, 0x00f1cd, 0x00f1cf, 0x00bfe3, 0x00f1d0,
    0x000000, 0x000000, 0x00f1d4, 0x000000, 0x000000, 0x000000, 0x000000, 0x000000, 0x000000,
    0x000000, 0x00f1d6, 0x00f1d1, 0x000000, 0x00c9d1, 0x00c5e1, 0x000000, 0x000000, 0x000000,
    0x00c2e3, 0x00b9fc, 0x000000, 0x000000, 0x00f1d3, 0x000000, 0x00f1d5, 0x000000, 0x000000,
    0x00b9d3, 0x000000, 0x000000, 0x000000, 0x000000, 0x000000, 0x000000, 0x000000, 0x00f1db,
    0x000000, 0x000000, 0x000000, 0x000000, 0x000000, 0x00bad6, 0x000000, 0x00b0fd, 0x00f1d9,
    0x000000, 0x000000, 0x000000, 0x000000, 0x000000, 0x00f1d8, 0x00f1d2, 0x00f1da, 0x000000,
    0x000000, 0x000000, 0x000000, 0x000000, 0x00f1d7, 0x000000, 0x000000, 0x000000, 0x00c8ec,
    0x000000, 0x000000, 0x000000, 0x000000, 0x00cdca, 0x00f1dd, 0x000000, 0x000000, 0x000000,
    0x000000, 0x00e5bd, 0x000000, 0x000000, 0x000000, 0x00f1dc, 0x000000, 0x00f1de, 0x000000,
    0x000000, 0x000000, 0x000000, 0x000000, 0x000000, 0x000000, 0x000000, 0x000000, 0x00f1df,
    0x000000, 0x000000, 0x00cfe5, 0x000000, 0x000000, 0x000000, 0x000000, 0x000000, 0x000000,
    0x000000, 0x000000, 0x000000, 0x000000, 0x000000, 0x000000, 0x000000, 0x000000, 0x000000,
    0x000000, 0x000000, 0x000000, 0x000000, 0x000000, 0x000000, 0x000000, 0x000000, 0x000000,
    0x000000, 0x00f4c5, 0x00bdf3, 0x000000, 0x000000, 0x000000, 0x000000, 0x000000, 0x000000,
    0x00f1e0, 0x000000, 0x000000, 0x000000, 0x000000, 0x000000, 0x000000, 0x000000, 0x000000,
    0x000000, 0x000000, 0x000000, 0x000000, 0x000000, 0x000000, 0x000000, 0x000000, 0x000000,
    0x000000, 0x000000, 0x000000, 0x00f1e1, 0x000000, 0x000000, 0x000000, 0x00cef7, 0x000000,
    0x00d2aa, 0x000000, 0x00f1fb, 0x000000, 0x000000, 0x00b8b2, 0x000000, 0x000000, 0x000000,
    0x000000, 0x000000, 0x000000, 0x000000, 0x000000, 0x000000, 0x000000, 0x000000, 0x000000,
    0x000000, 0x000000, 0x000000, 0x000000, 0x000000, 0x000000, 0x000000, 0x000000, 0x000000,
    0x000000, 0x000000, 0x000000, 0x000000, 0x000000, 0x000000, 0x000000, 0x000000, 0x000000,
    0x000000, 0x000000, 0x000000, 0x000000, 0x000000, 0x000000, 0x000000, 0x000000, 0x000000,
    0x000000, 0x000000, 0x000000, 0x000000, 0x000000, 0x000000, 0x000000, 0x000000, 0x000000,
    0x000000, 0x000000, 0x000000, 0x000000, 0x000000, 0x000000, 0x000000, 0x000000, 0x000000,
    0x00bcfb, 0x00b9db, 0x000000, 0x00b9e6, 0x00c3d9, 0x00cad3, 0x00eae8, 0x00c0c0, 0x00bef5,
    0x00eae9, 0x00eaea, 0x00eaeb, 0x000000, 0x00eaec, 0x00eaed, 0x00eaee, 0x00eaef, 0x00bdc7,
    0x000000, 0x000000, 0x000000, 0x00f5fb, 0x000000, 0x000000, 0x000000, 0x00f5fd, 0x000000,
    0x00f5fe, 0x000000, 0x00f5fc, 0x000000, 0x000000, 0x000000, 0x000000, 0x00bde2, 0x000000,
    0x00f6a1, 0x00b4a5, 0x000000, 0x000000, 0x000000, 0x000000, 0x00f6a2, 0x000000, 0x000000,
    0x000000, 0x00f6a3, 0x000000, 0x000000, 0x000000, 0x00ecb2, 0x000000, 0x000000, 0x000000,
    0x000000, 0x000000, 0x000000, 0x000000, 0x000000, 0x000000, 0x000000, 0x000000, 0x000000,
    0x00d1d4, 0x000000, 0x000000, 0x000000, 0x000000, 0x000000, 0x000000, 0x00d9ea, 0x000000,
    0x000000, 0x000000, 0x000000, 0x000000, 0x000000, 0x000000, 0x000000, 0x000000, 0x000000,
    0x000000, 0x000000, 0x000000, 0x000000, 0x000000, 0x000000, 0x000000, 0x000000, 0x000000,
    0x000000, 0x000000, 0x000000, 0x000000, 0x000000, 0x000000, 0x000000, 0x000000, 0x000000,
    0x000000, 0x000000, 0x000000, 0x000000, 0x000000, 0x000000, 0x000000, 0x000000, 0x000000,
    0x000000, 0x000000, 0x000000, 0x000000, 0x000000, 0x000000, 0x000000, 0x000000, 0x000000,
    0x000000, 0x000000, 0x000000, 0x000000, 0x000000, 0x000000, 0x000000, 0x000000, 0x00f6a4,
    0x000000, 0x000000, 0x000000, 0x000000, 0x000000, 0x000000, 0x000000, 0x000000, 0x00eeba,
    0x000000, 0x000000, 0x000000, 0x000000, 0x000000, 0x000000, 0x000000, 0x000000, 0x000000,
    0x000000, 0x000000, 0x000000, 0x000000, 0x000000, 0x000000, 0x000000, 0x000000, 0x000000,
    0x000000, 0x000000, 0x000000, 0x000000, 0x000000, 0x000000, 0x000000, 0x000000, 0x000000,
    0x000000, 0x000000, 0x000000, 0x000000, 0x000000, 0x000000, 0x000000, 0x000000, 0x000000,
    0x000000, 0x000000, 0x000000, 0x000000, 0x000000, 0x000000, 0x000000, 0x000000, 0x000000,
    0x000000, 0x000000, 0x000000, 0x00d5b2, 0x000000, 0x000000, 0x000000, 0x000000, 0x000000,
    0x000000, 0x000000, 0x000000, 0x000000, 0x00d3fe, 0x00ccdc, 0x000000, 0x000000, 0x000000,
    0x000000, 0x000000, 0x000000, 0x000000, 0x000000, 0x00cac4, 0x000000, 0x000000, 0x000000,
    0x000000, 0x000000, 0x000000, 0x000000, 0x000000, 0x000000, 0x000000, 0x000000, 0x000000,
    0x000000, 0x000000, 0x000000, 0x000000, 0x000000, 0x000000, 0x000000, 0x000000, 0x000000,
    0x000000, 0x000000, 0x000000, 0x000000, 0x000000, 0x000000, 0x000000, 0x000000, 0x000000,
    0x000000, 0x000000, 0x000000, 0x000000, 0x000000, 0x000000, 0x000000, 0x000000, 0x000000,
    0x000000, 0x000000, 0x000000, 0x000000, 0x000000, 0x00e5c0, 0x000000, 0x000000, 0x000000,
    0x000000, 0x000000, 0x000000, 0x000000, 0x000000, 0x000000, 0x000000, 0x000000, 0x000000,
    0x000000, 0x000000, 0x000000, 0x000000, 0x000000, 0x000000, 0x000000, 0x000000, 0x000000,
    0x000000, 0x000000, 0x000000, 0x000000, 0x000000, 0x000000, 0x000000, 0x000000, 0x000000,
    0x00f6a5, 0x000000, 0x000000, 0x000000, 0x000000, 0x000000, 0x000000, 0x000000, 0x000000,
    0x000000, 0x000000, 0x000000, 0x000000, 0x000000, 0x000000, 0x000000, 0x000000, 0x000000,
    0x000000, 0x000000, 0x000000, 0x000000, 0x000000, 0x000000, 0x000000, 0x000000, 0x000000,
    0x000000, 0x000000, 0x000000, 0x000000, 0x000000, 0x000000, 0x000000, 0x000000, 0x000000,
    0x000000, 0x000000, 0x000000, 0x00beaf, 0x000000, 0x000000, 0x000000, 0x000000, 0x000000,
    0x00c6a9, 0x000000, 0x000000, 0x000000, 0x000000, 0x000000, 0x000000, 0x000000, 0x000000,
    0x000000, 0x000000, 0x000000, 0x000000, 0x000000, 0x000000, 0x000000, 0x000000, 0x000000,
    0x000000, 0x000000, 0x000000, 0x000000, 0x000000, 0x000000, 0x000000, 0x000000, 0x000000,
    0x000000, 0x000000, 0x000000, 0x000000, 0x000000, 0x000000, 0x00daa5, 0x00bcc6, 0x00b6a9,
    0x00b8bc, 0x00c8cf, 0x00bca5, 0x00daa6, 0x00daa7, 0x00ccd6, 0x00c8c3, 0x00daa8, 0x00c6fd,
    0x000000, 0x00d1b5, 0x00d2e9, 0x00d1b6, 0x00bcc7, 0x000000, 0x00bdb2, 0x00bbe4, 0x00daa9,
    0x00daaa, 0x00d1c8, 0x00daab, 0x00d0ed, 0x00b6ef, 0x00c2db, 0x000000, 0x00cbcf, 0x00b7ed,
    0x00c9e8, 0x00b7c3, 0x00bef7, 0x00d6a4, 0x00daac, 0x00daad, 0x00c6c0, 0x00d7e7, 0x00cab6,
    0x000000, 0x00d5a9, 0x00cbdf, 0x00d5ef, 0x00daae, 0x00d6df, 0x00b4ca, 0x00dab0, 0x00daaf,
    0x000000, 0x00d2eb, 0x00dab1, 0x00dab2, 0x00dab3, 0x00cad4, 0x00dab4, 0x00caab, 0x00dab5,
    0x00dab6, 0x00b3cf, 0x00d6ef, 0x00dab7, 0x00bbb0, 0x00b5ae, 0x00dab8, 0x00dab9, 0x00b9ee,
    0x00d1af, 0x00d2e8, 0x00daba, 0x00b8c3, 0x00cfea, 0x00b2ef, 0x00dabb, 0x00dabc, 0x000000,
    0x00bdeb, 0x00cedc, 0x00d3ef, 0x00dabd, 0x00cef3, 0x00dabe, 0x00d3d5, 0x00bbe5, 0x00dabf,
    0x00cbb5, 0x00cbd0, 0x00dac0, 0x00c7eb, 0x00d6ee, 0x00dac1, 0x00c5b5, 0x00b6c1, 0x00dac2,
    0x00b7cc, 0x00bfce, 0x00dac3, 0x00dac4, 0x00cbad, 0x00dac5, 0x00b5f7, 0x00dac6, 0x00c1c2,
    0x00d7bb, 0x00dac7, 0x00ccb8, 0x000000, 0x00d2ea, 0x00c4b1, 0x00dac8, 0x00b5fd, 0x00bbd1,
    0x00dac9, 0x00d0b3, 0x00daca, 0x00dacb, 0x00cebd, 0x00dacc, 0x00dacd, 0x00dace, 0x00b2f7,
    0x00dad1, 0x00dacf, 0x00d1e8, 0x00dad0, 0x00c3d5, 0x00dad2, 0x000000, 0x00dad3, 0x00dad4,
    0x00dad5, 0x00d0bb, 0x00d2a5, 0x00b0f9, 0x00dad6, 0x00c7ab, 0x00dad7, 0x00bdf7, 0x00c3a1,
    0x00dad8, 0x00dad9, 0x00c3fd, 0x00ccb7, 0x00dada, 0x00dadb, 0x00c0be, 0x00c6d7, 0x00dadc,
    0x00dadd, 0x00c7b4, 0x00dade, 0x00dadf, 0x00b9c8, 0x000000, 0x000000, 0x000000, 0x000000,
    0x000000, 0x000000, 0x000000, 0x000000, 0x00bbed, 0x000000, 0x000000, 0x000000, 0x000000,
    0x00b6b9, 0x00f4f8, 0x000000, 0x00f4f9, 0x000000, 0x000000, 0x00cde3, 0x000000, 0x000000,
    0x000000, 0x000000, 0x000000, 0x000000, 0x000000, 0x000000, 0x00f5b9, 0x000000, 0x000000,
    0x000000, 0x000000, 0x00ebe0, 0x000000, 0x000000, 0x000000, 0x000000, 0x000000, 0x000000,
    0x00cff3, 0x00bbbf, 0x000000, 0x000000, 0x000000, 0x000000, 0x000000, 0x000000, 0x000000,
    0x00bac0, 0x00d4a5, 0x000000, 0x000000, 0x000000, 0x000000, 0x000000, 0x000000, 0x000000,
    0x00e1d9, 0x000000, 0x000000, 0x000000, 0x000000, 0x00f5f4, 0x00b1aa, 0x00b2f2, 0x000000,
    0x000000, 0x000000, 0x000000, 0x000000, 0x00f5f5, 0x000000, 0x000000, 0x00f5f7, 0x000000,
    0x000000, 0x000000, 0x00bad1, 0x00f5f6, 0x000000, 0x00c3b2, 0x000000, 0x000000, 0x000000,
    0x000000, 0x000000, 0x000000, 0x000000, 0x00f5f9, 0x000000, 0x000000, 0x000000, 0x00f5f8,
    0x000000, 0x000000, 0x000000, 0x000000, 0x000000, 0x000000, 0x000000, 0x000000, 0x000000,
    0x000000, 0x000000, 0x000000, 0x000000, 0x000000, 0x000000, 0x000000, 0x000000, 0x000000,
    0x000000, 0x000000, 0x000000, 0x000000, 0x000000, 0x000000, 0x000000, 0x000000, 0x000000,
    0x000000, 0x000000, 0x000000, 0x000000, 0x000000, 0x000000, 0x000000, 0x000000, 0x000000,
    0x000000, 0x000000, 0x000000, 0x00b1b4, 0x00d5ea, 0x00b8ba, 0x000000, 0x00b9b1, 0x00b2c6,
    0x00d4f0, 0x00cfcd, 0x00b0dc, 0x00d5cb, 0x00bbf5, 0x00d6ca, 0x00b7b7, 0x00ccb0, 0x00c6b6,
    0x00b1e1, 0x00b9ba, 0x00d6fc, 0x00b9e1, 0x00b7a1, 0x00bcfa, 0x00eada, 0x00eadb, 0x00ccf9,
    0x00b9f3, 0x00eadc, 0x00b4fb, 0x00c3b3, 0x00b7d1, 0x00bad8, 0x00eadd, 0x00d4f4, 0x00eade,
    0x00bcd6, 0x00bbdf, 0x00eadf, 0x00c1de, 0x00c2b8, 0x00d4df, 0x00d7ca, 0x00eae0, 0x00eae1,
    0x00eae4, 0x00eae2, 0x00eae3, 0x00c9de, 0x00b8b3, 0x00b6c4, 0x00eae5, 0x00caea, 0x00c9cd,
    0x00b4cd, 0x000000, 0x000000, 0x00e2d9, 0x00c5e2, 0x00eae6, 0x00c0b5, 0x000000, 0x00d7b8,
    0x00eae7, 0x00d7ac, 0x00c8fc, 0x00d8d3, 0x00d8cd, 0x00d4de, 0x000000, 0x00d4f9, 0x00c9c4,
    0x00d3ae, 0x00b8d3, 0x00b3e0, 0x000000, 0x00c9e2, 0x00f4f6, 0x000000, 0x000000, 0x000000,
    0x00bad5, 0x000000, 0x00f4f7, 0x000000, 0x000000, 0x00d7df, 0x000000, 0x000000, 0x00f4f1,
    0x00b8b0, 0x00d5d4, 0x00b8cf, 0x00c6f0, 0x000000, 0x000000, 0x000000, 0x000000, 0x000000,
    0x000000, 0x000000, 0x000000, 0x00b3c3, 0x000000, 0x000000, 0x00f4f2, 0x00b3ac, 0x000000,
    0x000000, 0x000000, 0x000000, 0x00d4bd, 0x00c7f7, 0x000000, 0x000000, 0x000000, 0x000000,
    0x000000, 0x00f4f4, 0x000000, 0x000000, 0x00f4f3, 0x000000, 0x000000, 0x000000, 0x000000,
    0x000000, 0x000000, 0x000000, 0x000000, 0x000000, 0x000000, 0x00cccb, 0x000000, 0x000000,
    0x000000, 0x00c8a4, 0x000000, 0x000000, 0x000000, 0x000000, 0x000000, 0x000000, 0x000000,
    0x000000, 0x000000, 0x000000, 0x000000, 0x000000, 0x000000, 0x00f4f5, 0x000000, 0x00d7e3,
    0x00c5bf, 0x00f5c0, 0x000000, 0x000000, 0x00f5bb, 0x000000, 0x00f5c3, 0x000000, 0x00f5c2,
    0x000000, 0x00d6ba, 0x00f5c1, 0x000000, 0x000000, 0x000000, 0x00d4be, 0x00f5c4, 0x000000,
    0x00f5cc, 0x000000, 0x000000, 0x000000, 0x000000, 0x00b0cf, 0x00b5f8, 0x000000, 0x00f5c9,
    0x00f5ca, 0x000000, 0x00c5dc, 0x000000, 0x000000, 0x000000, 0x000000, 0x00f5c5, 0x00f5c6,
    0x000000, 0x000000, 0x00f5c7, 0x00f5cb, 0x000000, 0x00bee0, 0x00f5c8, 0x00b8fa, 0x000000,
    0x000000, 0x000000, 0x00f5d0, 0x00f5d3, 0x000000, 0x000000, 0x000000, 0x00bfe7, 0x000000,
    0x00b9f2, 0x00f5bc, 0x00f5cd, 0x000000, 0x000000, 0x00c2b7, 0x000000, 0x000000, 0x000000,
    0x00ccf8, 0x000000, 0x00bcf9, 0x000000, 0x00f5ce, 0x00f5cf, 0x00f5d1, 0x00b6e5, 0x00f5d2,
    0x000000, 0x00f5d5, 0x000000, 0x000000, 0x000000, 0x000000, 0x000000, 0x00f5bd, 0x000000,
    0x000000, 0x000000, 0x00f5d4, 0x00d3bb, 0x000000, 0x00b3ec, 0x000000, 0x000000, 0x00cca4,
    0x000000, 0x000000, 0x000000, 0x000000, 0x00f5d6, 0x000000, 0x000000, 0x000000, 0x000000,
    0x000000, 0x000000, 0x000000, 0x000000, 0x00f5d7, 0x00bee1, 0x00f5d8, 0x000000, 0x000000,
    0x00ccdf, 0x00f5db, 0x000000, 0x000000, 0x000000, 0x000000, 0x000000, 0x00b2c8, 0x00d7d9,
    0x000000, 0x00f5d9, 0x000000, 0x00f5da, 0x00f5dc, 0x000000, 0x00f5e2, 0x000000, 0x000000,
    0x000000, 0x00f5e0, 0x000000, 0x000000, 0x000000, 0x00f5df, 0x00f5dd, 0x000000, 0x000000,
    0x00f5e1, 0x000000, 0x000000, 0x00f5de, 0x00f5e4, 0x00f5e5, 0x000000, 0x00cce3, 0x000000,
    0x000000, 0x00e5bf, 0x00b5b8, 0x00f5e3, 0x00f5e8, 0x00cca3, 0x000000, 0x000000, 0x000000,
    0x000000, 0x000000, 0x00f5e6, 0x00f5e7, 0x000000, 0x000000, 0x000000, 0x000000, 0x000000,
    0x000000, 0x00f5be, 0x000000, 0x000000, 0x000000, 0x000000, 0x000000, 0x000000, 0x000000,
    0x000000, 0x000000, 0x000000, 0x000000, 0x000000, 0x00b1c4, 0x000000, 0x000000, 0x00f5bf,
    0x000000, 0x000000, 0x00b5c5, 0x00b2e4, 0x000000, 0x00f5ec, 0x00f5e9, 0x000000, 0x00b6d7,
    0x000000, 0x00f5ed, 0x000000, 0x00f5ea, 0x000000, 0x000000, 0x000000, 0x000000, 0x000000,
    0x00f5eb, 0x000000, 0x000000, 0x00b4da, 0x000000, 0x00d4ea, 0x000000, 0x000000, 0x000000,
    0x00f5ee, 0x000000, 0x00b3f9, 0x000000, 0x000000, 0x000000, 0x000000, 0x000000, 0x000000,
    0x000000, 0x00f5ef, 0x00f5f1, 0x000000, 0x000000, 0x000000, 0x00f5f0, 0x000000, 0x000000,
    0x000000, 0x000000, 0x000000, 0x000000, 0x000000, 0x00f5f2, 0x000000, 0x00f5f3, 0x000000,
    0x000000, 0x000000, 0x000000, 0x000000, 0x000000, 0x000000, 0x000000, 0x000000, 0x000000,
    0x000000, 0x000000, 0x00c9ed, 0x00b9aa, 0x000000, 0x000000, 0x00c7fb, 0x000000, 0x000000,
    0x00b6e3, 0x000000, 0x000000, 0x000000, 0x000000, 0x000000, 0x000000, 0x000000, 0x00ccc9,
    0x000000, 0x000000, 0x000000, 0x000000, 0x000000, 0x000000, 0x000000, 0x000000, 0x000000,
    0x000000, 0x000000, 0x000000, 0x000000, 0x000000, 0x00eaa6, 0x000000, 0x000000, 0x000000,
    0x000000, 0x000000, 0x000000, 0x000000, 0x000000, 0x000000, 0x000000, 0x000000, 0x000000,
    0x000000, 0x000000, 0x000000, 0x000000, 0x000000, 0x000000, 0x000000, 0x000000, 0x000000,
    0x000000, 0x000000, 0x000000, 0x000000, 0x000000, 0x000000, 0x000000, 0x000000, 0x000000,
    0x000000, 0x000000, 0x000000, 0x000000, 0x000000, 0x000000, 0x000000, 0x000000, 0x000000,
    0x000000, 0x000000, 0x000000, 0x000000, 0x000000, 0x000000, 0x000000, 0x000000, 0x000000,
    0x000000, 0x00b3b5, 0x00d4fe, 0x00b9ec, 0x00d0f9, 0x000000, 0x00e9ed, 0x00d7aa, 0x00e9ee,
    0x00c2d6, 0x00c8ed, 0x00bae4, 0x00e9ef, 0x00e9f0, 0x00e9f1, 0x00d6e1, 0x00e9f2, 0x00e9f3,
    0x00e9f5, 0x00e9f4, 0x00e9f6, 0x00e9f7, 0x00c7e1, 0x00e9f8, 0x00d4d8, 0x00e9f9, 0x00bdce,
    0x000000, 0x00e9fa, 0x00e9fb, 0x00bdcf, 0x00e9fc, 0x00b8a8, 0x00c1be, 0x00e9fd, 0x00b1b2,
    0x00bbd4, 0x00b9f5, 0x00e9fe, 0x000000, 0x00eaa1, 0x00eaa2, 0x00eaa3, 0x00b7f8, 0x00bcad,
    0x000000, 0x00cae4, 0x00e0ce, 0x00d4af, 0x00cfbd, 0x00d5b7, 0x00eaa4, 0x00d5de, 0x00eaa5,
    0x00d0c1, 0x00b9bc, 0x000000, 0x00b4c7, 0x00b1d9, 0x000000, 0x000000, 0x000000, 0x00c0b1,
    0x000000, 0x000000, 0x000000, 0x000000, 0x00b1e6, 0x00b1e7, 0x000000, 0x00b1e8, 0x000000,
    0x000000, 0x000000, 0x000000, 0x00b3bd, 0x00c8e8, 0x000000, 0x000000, 0x000000, 0x000000,
    0x00e5c1, 0x000000, 0x000000, 0x00b1df, 0x000000, 0x000000, 0x000000, 0x00c1c9, 0x00b4ef,
    0x000000, 0x00c7a8, 0x00d3d8, 0x000000, 0x00c6f9, 0x00d1b8, 0x000000, 0x00b9fd, 0x00c2f5,
    0x000000, 0x000000, 0x000000, 0x000000, 0x000000, 0x00d3ad, 0x000000, 0x00d4cb, 0x00bdfc,
    0x000000, 0x00e5c2, 0x00b7b5, 0x00e5c3, 0x000000, 0x000000, 0x00bbb9, 0x00d5e2, 0x000000,
    0x00bdf8, 0x00d4b6, 0x00cea5, 0x00c1ac, 0x00b3d9, 0x000000, 0x000000, 0x00ccf6, 0x000000,
    0x00e5c6, 0x00e5c4, 0x00e5c8, 0x000000, 0x00e5ca, 0x00e5c7, 0x00b5cf, 0x00c6c8, 0x000000,
    0x00b5fc, 0x00e5c5, 0x000000, 0x00caf6, 0x000000, 0x000000, 0x00e5c9, 0x000000, 0x000000,
    0x000000, 0x00c3d4, 0x00b1c5, 0x00bca3, 0x000000, 0x000000, 0x000000, 0x00d7b7, 0x000000,
    0x000000, 0x00cdcb, 0x00cbcd, 0x00caca, 0x00ccd3, 0x00e5cc, 0x00e5cb, 0x00c4e6, 0x000000,
    0x000000, 0x00d1a1, 0x00d1b7, 0x00e5cd, 0x000000, 0x00e5d0, 0x000000, 0x00cdb8, 0x00d6f0,
    0x00e5cf, 0x00b5dd, 0x000000, 0x00cdbe, 0x000000, 0x00e5d1, 0x00b6ba, 0x000000, 0x000000,
    0x00cda8, 0x00b9e4, 0x000000, 0x00cac5, 0x00b3d1, 0x00cbd9, 0x00d4ec, 0x00e5d2, 0x00b7ea,
    0x000000, 0x000000, 0x000000, 0x00e5ce, 0x000000, 0x000000, 0x000000, 0x000000, 0x000000,
    0x000000, 0x00e5d5, 0x00b4fe, 0x00e5d6, 0x000000, 0x000000, 0x000000, 0x000000, 0x000000,
    0x00e5d3, 0x00e5d4, 0x000000, 0x00d2dd, 0x000000, 0x000000, 0x00c2df, 0x00b1c6, 0x000000,
    0x00d3e2, 0x000000, 0x00b6dd, 0x00cbec, 0x000000, 0x00e5d7, 0x000000, 0x000000, 0x00d3f6,
    0x000000, 0x000000, 0x000000, 0x000000, 0x000000, 0x00b1e9, 0x000000, 0x00b6f4, 0x00e5da,
    0x00e5d8, 0x00e5d9, 0x00b5c0, 0x000000, 0x000000, 0x000000, 0x00d2c5, 0x00e5dc, 0x000000,
    0x000000, 0x00e5de, 0x000000, 0x000000, 0x000000, 0x000000, 0x000000, 0x000000, 0x00e5dd,
    0x00c7b2, 0x000000, 0x00d2a3, 0x000000, 0x000000, 0x00e5db, 0x000000, 0x000000, 0x000000,
    0x000000, 0x00d4e2, 0x00d5da, 0x000000, 0x000000, 0x000000, 0x000000, 0x000000, 0x00e5e0,
    0x00d7f1, 0x000000, 0x000000, 0x000000, 0x000000, 0x000000, 0x000000, 0x000000, 0x00e5e1,
    0x000000, 0x00b1dc, 0x00d1fb, 0x000000, 0x00e5e2, 0x00e5e4, 0x000000, 0x000000, 0x000000,
    0x000000, 0x00e5e3, 0x000000, 0x000000, 0x00e5e5, 0x000000, 0x000000, 0x000000, 0x000000,
    0x000000, 0x00d2d8, 0x000000, 0x00b5cb, 0x000000, 0x00e7df, 0x000000, 0x00daf5, 0x000000,
    0x00daf8, 0x000000, 0x00daf6, 0x000000, 0x00daf7, 0x000000, 0x000000, 0x000000, 0x00dafa,
    0x00d0cf, 0x00c4c7, 0x000000, 0x000000, 0x00b0ee, 0x000000, 0x000000, 0x000000, 0x00d0b0,
    0x000000, 0x00daf9, 0x000000, 0x00d3ca, 0x00baaa, 0x00dba2, 0x00c7f1, 0x000000, 0x00dafc,
    0x00dafb, 0x00c9db, 0x00dafd, 0x000000, 0x00dba1, 0x00d7de, 0x00dafe, 0x00c1da, 0x000000,
    0x000000, 0x00dba5, 0x000000, 0x00d3f4, 0x000000, 0x000000, 0x00dba7, 0x00dba4, 0x000000,
    0x00dba8, 0x000000, 0x000000, 0x00bdbc, 0x000000, 0x000000, 0x000000, 0x00c0c9, 0x00dba3,
    0x00dba6, 0x00d6a3, 0x000000, 0x00dba9, 0x000000, 0x000000, 0x000000, 0x00dbad, 0x000000,
    0x000000, 0x000000, 0x00dbae, 0x00dbac, 0x00bac2, 0x000000, 0x000000, 0x000000, 0x00bfa4,
    0x00dbab, 0x000000, 0x000000, 0x000000, 0x00dbaa, 0x00d4c7, 0x00b2bf, 0x000000, 0x000000,
    0x00dbaf, 0x000000, 0x00b9f9, 0x000000, 0x00dbb0, 0x000000, 0x000000, 0x000000, 0x000000,
    0x00b3bb, 0x000000, 0x000000, 0x000000, 0x00b5a6, 0x000000, 0x000000, 0x000000, 0x000000,
    0x00b6bc, 0x00dbb1, 0x000000, 0x000000, 0x00b6f5, 0x000000, 0x00dbb2, 0x000000, 0x000000,
    0x000000, 0x000000, 0x000000, 0x000000, 0x000000, 0x000000, 0x000000, 0x000000, 0x000000,
    0x000000, 0x000000, 0x000000, 0x000000, 0x000000, 0x000000, 0x000000, 0x000000, 0x000000,
    0x00b1c9, 0x000000, 0x000000, 0x000000, 0x000000, 0x00dbb4, 0x000000, 0x000000, 0x000000,
    0x00dbb3, 0x00dbb5, 0x000000, 0x000000, 0x000000, 0x000000, 0x000000, 0x000000, 0x000000,
    0x000000, 0x000000, 0x000000, 0x000000, 0x00dbb7, 0x000000, 0x00dbb6, 0x000000, 0x000000,
    0x000000, 0x000000, 0x000000, 0x000000, 0x000000, 0x00dbb8, 0x000000, 0x000000, 0x000000,
    0x000000, 0x000000, 0x000000, 0x00dbb9, 0x000000, 0x000000, 0x00dbba, 0x000000, 0x000000,
    0x00d3cf, 0x00f4fa, 0x00c7f5, 0x00d7c3, 0x00c5e4, 0x00f4fc, 0x00f4fd, 0x00f4fb, 0x000000,
    0x00bec6, 0x000000, 0x000000, 0x000000, 0x000000, 0x00d0ef, 0x000000, 0x000000, 0x00b7d3,
    0x000000, 0x000000, 0x00d4cd, 0x00ccaa, 0x000000, 0x000000, 0x00f5a2, 0x00f5a1, 0x00baa8,
    0x00f4fe, 0x00cbd6, 0x000000, 0x000000, 0x000000, 0x00f5a4, 0x00c0d2, 0x000000, 0x00b3ea,
    0x000000, 0x00cdaa, 0x00f5a5, 0x00f5a3, 0x00bdb4, 0x00f5a8, 0x000000, 0x00f5a9, 0x00bdcd,
    0x00c3b8, 0x00bfe1, 0x00cbe1, 0x00f5aa, 0x000000, 0x000000, 0x000000, 0x00f5a6, 0x00f5a7,
    0x00c4f0, 0x000000, 0x000000, 0x000000, 0x000000, 0x000000, 0x00f5ac, 0x000000, 0x00b4bc,
    0x000000, 0x00d7ed, 0x000000, 0x00b4d7, 0x00f5ab, 0x00f5ae, 0x000000, 0x000000, 0x00f5ad,
    0x00f5af, 0x00d0d1, 0x000000, 0x000000, 0x000000, 0x000000, 0x000000, 0x000000, 0x000000,
    0x00c3d1, 0x00c8a9, 0x000000, 0x000000, 0x000000, 0x000000, 0x000000, 0x000000, 0x00f5b0,
    0x00f5b1, 0x000000, 0x000000, 0x000000, 0x000000, 0x000000, 0x000000, 0x00f5b2, 0x000000,
    0x000000, 0x00f5b3, 0x00f5b4, 0x00f5b5, 0x000000, 0x000000, 0x000000, 0x000000, 0x00f5b7,
    0x00f5b6, 0x000000, 0x000000, 0x000000, 0x000000, 0x00f5b8, 0x000000, 0x000000, 0x000000,
    0x000000, 0x000000, 0x000000, 0x000000, 0x00b2c9, 0x000000, 0x00d3d4, 0x00cacd, 0x000000,
    0x00c0ef, 0x00d6d8, 0x00d2b0, 0x00c1bf, 0x000000, 0x00bdf0, 0x000000, 0x000000, 0x000000,
    0x000000, 0x000000, 0x000000, 0x000000, 0x000000, 0x000000, 0x000000, 0x00b8aa, 0x000000,
    0x000000, 0x000000, 0x000000, 0x000000, 0x000000, 0x000000, 0x000000, 0x000000, 0x000000,
    0x000000, 0x000000, 0x000000, 0x000000, 0x000000, 0x000000, 0x000000, 0x000000, 0x000000,
    0x000000, 0x000000, 0x000000, 0x000000, 0x000000, 0x000000, 0x000000, 0x000000, 0x000000,
    0x000000, 0x000000, 0x000000, 0x000000, 0x000000, 0x000000, 0x000000, 0x000000, 0x000000,
    0x000000, 0x000000, 0x000000, 0x000000, 0x000000, 0x000000, 0x000000, 0x000000, 0x000000,
    0x000000, 0x000000, 0x000000, 0x000000, 0x000000, 0x000000, 0x00bcf8, 0x000000, 0x000000,
    0x000000, 0x000000, 0x000000, 0x000000, 0x000000, 0x000000, 0x000000, 0x000000, 0x000000,
    0x000000, 0x000000, 0x000000, 0x00f6c6, 0x000000, 0x000000, 0x000000, 0x000000, 0x000000,
    0x000000, 0x000000, 0x000000, 0x000000, 0x000000, 0x000000, 0x000000, 0x000000, 0x000000,
    0x000000, 0x000000, 0x000000, 0x000000, 0x000000, 0x000000, 0x000000, 0x000000, 0x000000,
    0x000000, 0x000000, 0x000000, 0x000000, 0x000000, 0x000000, 0x000000, 0x000000, 0x00f6c7,
    0x000000, 0x000000, 0x000000, 0x000000, 0x000000, 0x000000, 0x000000, 0x000000, 0x000000,
    0x000000, 0x000000, 0x000000, 0x000000, 0x000000, 0x000000, 0x000000, 0x000000, 0x00f6c8,
    0x000000, 0x000000, 0x000000, 0x000000, 0x000000, 0x000000, 0x000000, 0x000000, 0x000000,
    0x000000, 0x000000, 0x000000, 0x000000, 0x000000, 0x000000, 0x000000, 0x000000, 0x000000,
    0x000000, 0x000000, 0x000000, 0x000000, 0x000000, 0x000000, 0x000000, 0x000000, 0x000000,
    0x000000, 0x000000, 0x000000, 0x000000, 0x000000, 0x000000, 0x000000, 0x000000, 0x000000,
    0x000000, 0x000000, 0x000000, 0x000000, 0x000000, 0x000000, 0x000000, 0x000000, 0x000000,
    0x000000, 0x000000, 0x000000, 0x000000, 0x000000, 0x000000, 0x000000, 0x000000, 0x000000,
    0x000000, 0x000000, 0x000000, 0x000000, 0x000000, 0x000000, 0x000000, 0x000000, 0x00f6c9,
    0x000000, 0x000000, 0x000000, 0x000000, 0x000000, 0x000000, 0x000000, 0x000000, 0x000000,
    0x000000, 0x000000, 0x000000, 0x000000, 0x000000, 0x000000, 0x000000, 0x000000, 0x000000,
    0x000000, 0x000000, 0x000000, 0x000000, 0x000000, 0x000000, 0x000000, 0x000000, 0x000000,
    0x000000, 0x000000, 0x000000, 0x000000, 0x000000, 0x000000, 0x000000, 0x000000, 0x000000,
    0x000000, 0x000000, 0x000000, 0x000000, 0x000000, 0x000000, 0x00f6ca, 0x000000, 0x000000,
    0x000000, 0x000000, 0x000000, 0x000000, 0x000000, 0x000000, 0x000000, 0x000000, 0x000000,
    0x000000, 0x000000, 0x000000, 0x000000, 0x000000, 0x000000, 0x000000, 0x000000, 0x000000,
    0x000000, 0x00f6cc, 0x000000, 0x000000, 0x000000, 0x000000, 0x000000, 0x000000, 0x000000,
    0x000000, 0x000000, 0x000000, 0x000000, 0x000000, 0x000000, 0x000000, 0x000000, 0x000000,
    0x000000, 0x000000, 0x000000, 0x000000, 0x000000, 0x000000, 0x000000, 0x000000, 0x000000,
    0x000000, 0x000000, 0x000000, 0x000000, 0x000000, 0x000000, 0x000000, 0x000000, 0x000000,
    0x000000, 0x000000, 0x000000, 0x000000, 0x000000, 0x000000, 0x000000, 0x000000, 0x000000,
    0x000000, 0x000000, 0x000000, 0x000000, 0x000000, 0x00f6cb, 0x000000, 0x000000, 0x000000,
    0x000000, 0x000000, 0x000000, 0x000000, 0x000000, 0x000000, 0x000000, 0x000000, 0x00f7e9,
    0x000000, 0x000000, 0x000000, 0x000000, 0x000000, 0x000000, 0x000000, 0x000000, 0x000000,
    0x000000, 0x000000, 0x000000, 0x000000, 0x000000, 0x000000, 0x000000, 0x000000, 0x000000,
    0x000000, 0x000000, 0x000000, 0x000000, 0x000000, 0x000000, 0x000000, 0x000000, 0x000000,
    0x000000, 0x000000, 0x000000, 0x000000, 0x000000, 0x000000, 0x000000, 0x000000, 0x000000,
    0x000000, 0x000000, 0x000000, 0x000000, 0x000000, 0x000000, 0x000000, 0x000000, 0x000000,
    0x000000, 0x000000, 0x000000, 0x000000, 0x000000, 0x000000, 0x000000, 0x000000, 0x000000,
    0x000000, 0x000000, 0x000000, 0x000000, 0x000000, 0x000000, 0x000000, 0x000000, 0x00f6cd,
    0x000000, 0x000000, 0x000000, 0x000000, 0x000000, 0x000000, 0x000000, 0x000000, 0x000000,
    0x000000, 0x000000, 0x000000, 0x000000, 0x000000, 0x000000, 0x000000, 0x000000, 0x000000,
    0x000000, 0x000000, 0x000000, 0x000000, 0x000000, 0x000000, 0x000000, 0x000000, 0x000000,
    0x000000, 0x000000, 0x000000, 0x000000, 0x000000, 0x000000, 0x000000, 0x000000, 0x000000,
    0x000000, 0x000000, 0x000000, 0x000000, 0x000000, 0x000000, 0x000000, 0x00f6ce, 0x000000,
    0x000000, 0x000000, 0x000000, 0x000000, 0x000000, 0x000000, 0x000000, 0x000000, 0x000000,
    0x000000, 0x000000, 0x000000, 0x000000, 0x000000, 0x000000, 0x000000, 0x000000, 0x000000,
    0x000000, 0x00eec4, 0x00eec5, 0x00eec6, 0x00d5eb, 0x00b6a4, 0x00eec8, 0x00eec7, 0x00eec9,
    0x00eeca, 0x00c7a5, 0x00eecb, 0x00eecc, 0x000000, 0x00b7b0, 0x00b5f6, 0x00eecd, 0x00eecf,
    0x000000, 0x00eece, 0x000000, 0x00b8c6, 0x00eed0, 0x00eed1, 0x00eed2, 0x00b6db, 0x00b3ae,
    0x00d6d3, 0x00c4c6, 0x00b1b5, 0x00b8d6, 0x00eed3, 0x00eed4, 0x00d4bf, 0x00c7d5, 0x00befb,
    0x00ced9, 0x00b9b3, 0x00eed6, 0x00eed5, 0x00eed8, 0x00eed7, 0x00c5a5, 0x00eed9, 0x00eeda,
    0x00c7ae, 0x00eedb, 0x00c7af, 0x00eedc, 0x00b2a7, 0x00eedd, 0x00eede, 0x00eedf, 0x00eee0,
    0x00eee1, 0x00d7ea, 0x00eee2, 0x00eee3, 0x00bcd8, 0x00eee4, 0x00d3cb, 0x00ccfa, 0x00b2ac,
    0x00c1e5, 0x00eee5, 0x00c7a6, 0x00c3ad, 0x000000, 0x00eee6, 0x00eee7, 0x00eee8, 0x00eee9,
    0x00eeea, 0x00eeeb, 0x00eeec, 0x000000, 0x00eeed, 0x00eeee, 0x00eeef, 0x000000, 0x000000,
    0x00eef0, 0x00eef1, 0x00eef2, 0x00eef4, 0x00eef3, 0x000000, 0x00eef5, 0x00cdad, 0x00c2c1,
    0x00eef6, 0x00eef7, 0x00eef8, 0x00d5a1, 0x00eef9, 0x00cfb3, 0x00eefa, 0x00eefb, 0x000000,
    0x00eefc, 0x00eefd, 0x00efa1, 0x00eefe, 0x00efa2, 0x00b8f5, 0x00c3fa, 0x00efa3, 0x00efa4,
    0x00bdc2, 0x00d2bf, 0x00b2f9, 0x00efa5, 0x00efa6, 0x00efa7, 0x00d2f8, 0x00efa8, 0x00d6fd,
    0x00efa9, 0x00c6cc, 0x000000, 0x00efaa, 0x00efab, 0x00c1b4, 0x00efac, 0x00cffa, 0x00cbf8,
    0x00efae, 0x00efad, 0x00b3fa, 0x00b9f8, 0x00efaf, 0x00efb0, 0x00d0e2, 0x00efb1, 0x00efb2,
    0x00b7e6, 0x00d0bf, 0x00efb3, 0x00efb4, 0x00efb5, 0x00c8f1, 0x00cce0, 0x00efb6, 0x00efb7,
    0x00efb8, 0x00efb9, 0x00efba, 0x00d5e0, 0x00efbb, 0x00b4ed, 0x00c3aa, 0x00efbc, 0x000000,
    0x00efbd, 0x00efbe, 0x00efbf, 0x000000, 0x00cefd, 0x00efc0, 0x00c2e0, 0x00b4b8, 0x00d7b6,
    0x00bdf5, 0x000000, 0x00cfc7, 0x00efc3, 0x00efc1, 0x00efc2, 0x00efc4, 0x00b6a7, 0x00bcfc,
    0x00bee2, 0x00c3cc, 0x00efc5, 0x00efc6, 0x000000, 0x00efc7, 0x00efcf, 0x00efc8, 0x00efc9,
    0x00efca, 0x00c7c2, 0x00eff1, 0x00b6cd, 0x00efcb, 0x000000, 0x00efcc, 0x00efcd, 0x00b6c6,
    0x00c3be, 0x00efce, 0x000000, 0x00efd0, 0x00efd1, 0x00efd2, 0x00d5f2, 0x000000, 0x00efd3,
    0x00c4f7, 0x000000, 0x00efd4, 0x00c4f8, 0x00efd5, 0x00efd6, 0x00b8e4, 0x00b0f7, 0x00efd7,
    0x00efd8, 0x00efd9, 0x000000, 0x00efda, 0x00efdb, 0x00efdc, 0x00efdd, 0x000000, 0x00efde,
    0x00beb5, 0x00efe1, 0x00efdf, 0x00efe0, 0x000000, 0x00efe2, 0x00efe3, 0x00c1cd, 0x00efe4,
    0x00efe5, 0x00efe6, 0x00efe7, 0x00efe8, 0x00efe9, 0x00efea, 0x00efeb, 0x00efec, 0x00c0d8,
    0x000000, 0x00efed, 0x00c1ad, 0x00efee, 0x00efef, 0x00eff0, 0x000000, 0x000000, 0x00cfe2,
    0x000000, 0x000000, 0x000000, 0x000000, 0x000000, 0x000000, 0x000000, 0x000000, 0x00b3a4,
    0x000000, 0x000000, 0x000000, 0x000000, 0x000000, 0x000000, 0x000000, 0x000000, 0x000000,
    0x000000, 0x000000, 0x000000, 0x000000, 0x000000, 0x000000, 0x000000, 0x000000, 0x000000,
    0x000000, 0x000000, 0x000000, 0x000000, 0x000000, 0x000000, 0x000000, 0x000000, 0x000000,
    0x000000, 0x000000, 0x000000, 0x000000, 0x000000, 0x000000, 0x000000, 0x000000, 0x000000,
    0x000000, 0x000000, 0x000000, 0x000000, 0x00c3c5, 0x00e3c5, 0x00c9c1, 0x00e3c6, 0x000000,
    0x00b1d5, 0x00ceca, 0x00b4b3, 0x00c8f2, 0x00e3c7, 0x00cfd0, 0x00e3c8, 0x00bce4, 0x00e3c9,
    0x00e3ca, 0x00c3c6, 0x00d5a2, 0x00c4d6, 0x00b9eb, 0x00cec5, 0x00e3cb, 0x00c3f6, 0x00e3cc,
    0x000000, 0x00b7a7, 0x00b8f3, 0x00bad2, 0x00e3cd, 0x00e3ce, 0x00d4c4, 0x00e3cf, 0x000000,
    0x00e3d0, 0x00d1cb, 0x00e3d1, 0x00e3d2, 0x00e3d3, 0x00e3d4, 0x00d1d6, 0x00e3d5, 0x00b2fb,
    0x00c0bb, 0x00e3d6, 0x000000, 0x00c0ab, 0x00e3d7, 0x00e3d8, 0x00e3d9, 0x000000, 0x00e3da,
    0x00e3db, 0x000000, 0x00b8b7, 0x00dae2, 0x000000, 0x00b6d3, 0x000000, 0x00dae4, 0x00dae3,
    0x000000, 0x000000, 0x000000, 0x000000, 0x000000, 0x000000, 0x000000, 0x00dae6, 0x000000,
    0x000000, 0x000000, 0x00c8ee, 0x000000, 0x000000, 0x00dae5, 0x00b7c0, 0x00d1f4, 0x00d2f5,
    0x00d5f3, 0x00bdd7, 0x000000, 0x000000, 0x000000, 0x000000, 0x00d7e8, 0x00dae8, 0x00dae7,
    0x000000, 0x00b0a2, 0x00cdd3, 0x000000, 0x00dae9, 0x000000, 0x00b8bd, 0x00bcca, 0x00c2bd,
    0x00c2a4, 0x00b3c2, 0x00daea, 0x000000, 0x00c2aa, 0x00c4b0, 0x00bdb5, 0x000000, 0x000000,
    0x00cfde, 0x000000, 0x000000, 0x000000, 0x00daeb, 0x00c9c2, 0x000000, 0x000000, 0x000000,
    0x000000, 0x000000, 0x00b1dd, 0x000000, 0x000000, 0x000000, 0x00daec, 0x000000, 0x00b6b8,
    0x00d4ba, 0x000000, 0x00b3fd, 0x000000, 0x000000, 0x00daed, 0x00d4c9, 0x00cfd5, 0x00c5e3,
    0x000000, 0x00daee, 0x000000, 0x000000, 0x000000, 0x000000, 0x000000, 0x00daef, 0x000000,
    0x00daf0, 0x00c1ea, 0x00ccd5, 0x00cfdd, 0x000000, 0x000000, 0x000000, 0x000000, 0x000000,
    0x000000, 0x000000, 0x000000, 0x00d3e7, 0x00c2a1, 0x000000, 0x00daf1, 0x000000, 0x000000,
    0x00cbe5, 0x000000, 0x00daf2, 0x000000, 0x00cbe6, 0x00d2fe, 0x000000, 0x000000, 0x000000,
    0x00b8f4, 0x000000, 0x000000, 0x00daf3, 0x00b0af, 0x00cfb6, 0x000000, 0x000000, 0x00d5cf,
    0x000000, 0x000000, 0x000000, 0x000000, 0x000000, 0x000000, 0x000000, 0x000000, 0x000000,
    0x000000, 0x00cbed, 0x000000, 0x000000, 0x000000, 0x000000, 0x000000, 0x000000, 0x000000,
    0x000000, 0x00daf4, 0x000000, 0x000000, 0x00e3c4, 0x000000, 0x000000, 0x00c1a5, 0x000000,
    0x000000, 0x00f6bf, 0x000000, 0x000000, 0x00f6c0, 0x00f6c1, 0x00c4d1, 0x000000, 0x00c8b8,
    0x00d1e3, 0x000000, 0x000000, 0x00d0db, 0x00d1c5, 0x00bcaf, 0x00b9cd, 0x000000, 0x00eff4,
    0x000000, 0x000000, 0x00b4c6, 0x00d3ba, 0x00f6c2, 0x00b3fb, 0x000000, 0x000000, 0x00f6c3,
    0x000000, 0x000000, 0x00b5f1, 0x000000, 0x000000, 0x000000, 0x000000, 0x000000, 0x000000,
    0x000000, 0x000000, 0x000000, 0x000000, 0x00f6c5, 0x000000, 0x000000, 0x000000, 0x000000,
    0x000000, 0x000000, 0x000000, 0x00d3ea, 0x00f6a7, 0x00d1a9, 0x000000, 0x000000, 0x000000,
    0x000000, 0x00f6a9, 0x000000, 0x000000, 0x000000, 0x00f6a8, 0x000000, 0x000000, 0x00c1e3,
    0x00c0d7, 0x000000, 0x00b1a2, 0x000000, 0x000000, 0x000000, 0x000000, 0x00ceed, 0x000000,
    0x00d0e8, 0x00f6ab, 0x000000, 0x000000, 0x00cff6, 0x000000, 0x00f6aa, 0x00d5f0, 0x00f6ac,
    0x00c3b9, 0x000000, 0x000000, 0x000000, 0x00bbf4, 0x00f6ae, 0x00f6ad, 0x000000, 0x000000,
    0x000000, 0x00c4de, 0x000000, 0x000000, 0x00c1d8, 0x000000, 0x000000, 0x000000, 0x000000,
    0x000000, 0x00cbaa, 0x000000, 0x00cfbc, 0x000000, 0x000000, 0x000000, 0x000000, 0x000000,
    0x000000, 0x000000, 0x000000, 0x000000, 0x000000, 0x000000, 0x00f6af, 0x000000, 0x000000,
    0x00f6b0, 0x000000, 0x000000, 0x00f6b1, 0x000000, 0x00c2b6, 0x000000, 0x000000, 0x000000,
    0x000000, 0x000000, 0x00b0d4, 0x00c5f9, 0x000000, 0x000000, 0x000000, 0x000000, 0x00f6b2,
    0x000000, 0x000000, 0x000000, 0x000000, 0x000000, 0x000000, 0x000000, 0x000000, 0x000000,
    0x000000, 0x000000, 0x000000, 0x000000, 0x000000, 0x000000, 0x000000, 0x000000, 0x000000,
    0x00c7e0, 0x00f6a6, 0x000000, 0x000000, 0x00beb8, 0x000000, 0x000000, 0x00beb2, 0x000000,
    0x00b5e5, 0x000000, 0x000000, 0x00b7c7, 0x000000, 0x00bfbf, 0x00c3d2, 0x00c3e6, 0x000000,
    0x000000, 0x00d8cc, 0x000000, 0x000000, 0x000000, 0x00b8ef, 0x000000, 0x000000, 0x000000,
    0x000000, 0x000000, 0x000000, 0x000000, 0x000000, 0x000000, 0x00bdf9, 0x00d1a5, 0x000000,
    0x00b0d0, 0x000000, 0x000000, 0x000000, 0x000000, 0x000000, 0x00f7b0, 0x000000, 0x000000,
    0x000000, 0x000000, 0x000000, 0x00f7b1, 0x000000, 0x000000, 0x000000, 0x000000, 0x000000,
    0x00d0ac, 0x000000, 0x00b0b0, 0x000000, 0x000000, 0x000000, 0x00f7b2, 0x00f7b3, 0x000000,
    0x00f7b4, 0x000000, 0x000000, 0x000000, 0x00c7ca, 0x000000, 0x000000, 0x000000, 0x000000,
    0x000000, 0x000000, 0x000000, 0x00becf, 0x000000, 0x000000, 0x00f7b7, 0x000000, 0x000000,
    0x000000, 0x000000, 0x000000, 0x000000, 0x000000, 0x00f7b6, 0x000000, 0x00b1de, 0x000000,
    0x00f7b5, 0x000000, 0x000000, 0x00f7b8, 0x000000, 0x00f7b9, 0x000000, 0x000000, 0x000000,
    0x000000, 0x000000, 0x000000, 0x000000, 0x000000, 0x000000, 0x000000, 0x000000, 0x000000,
    0x000000, 0x000000, 0x000000, 0x000000, 0x000000, 0x000000, 0x000000, 0x000000, 0x000000,
    0x000000, 0x000000, 0x000000, 0x000000, 0x000000, 0x000000, 0x000000, 0x000000, 0x000000,
    0x000000, 0x000000, 0x000000, 0x000000, 0x000000, 0x000000, 0x000000, 0x000000, 0x00cea4,
    0x00c8cd, 0x000000, 0x00baab, 0x00e8b8, 0x00e8b9, 0x00e8ba, 0x00bec2, 0x000000, 0x000000,
    0x000000, 0x000000, 0x000000, 0x00d2f4, 0x000000, 0x00d4cf, 0x00c9d8, 0x000000, 0x000000,
    0x000000, 0x000000, 0x000000, 0x000000, 0x000000, 0x000000, 0x000000, 0x000000, 0x000000,
    0x000000, 0x000000, 0x000000, 0x000000, 0x000000, 0x000000, 0x000000, 0x000000, 0x000000,
    0x000000, 0x000000, 0x000000, 0x000000, 0x000000, 0x000000, 0x000000, 0x000000, 0x000000,
    0x000000, 0x000000, 0x000000, 0x000000, 0x000000, 0x000000, 0x000000, 0x000000, 0x000000,
    0x000000, 0x000000, 0x000000, 0x000000, 0x000000, 0x000000, 0x000000, 0x000000, 0x000000,
    0x000000, 0x000000, 0x000000, 0x000000, 0x000000, 0x000000, 0x00d2b3, 0x00b6a5, 0x00c7ea,
    0x00f1fc, 0x00cfee, 0x00cbb3, 0x00d0eb, 0x00e7ef, 0x00cde7, 0x00b9cb, 0x00b6d9, 0x00f1fd,
    0x00b0e4, 0x00cbcc, 0x00f1fe, 0x00d4a4, 0x00c2ad, 0x00c1ec, 0x00c6c4, 0x00beb1, 0x00f2a1,
    0x00bcd5, 0x000000, 0x00f2a2, 0x00f2a3, 0x000000, 0x00f2a4, 0x00d2c3, 0x00c6b5, 0x000000,
    0x00cdc7, 0x00f2a5, 0x000000, 0x00d3b1, 0x00bfc5, 0x00cce2, 0x000000, 0x00f2a6, 0x00f2a7,
    0x00d1d5, 0x00b6ee, 0x00f2a8, 0x00f2a9, 0x00b5df, 0x00f2aa, 0x00f2ab, 0x000000, 0x00b2fc,
    0x00f2ac, 0x00f2ad, 0x00c8a7, 0x000000, 0x000000, 0x000000, 0x000000, 0x000000, 0x000000,
    0x000000, 0x000000, 0x000000, 0x000000, 0x000000, 0x000000, 0x000000, 0x000000, 0x000000,
    0x000000, 0x000000, 0x000000, 0x000000, 0x000000, 0x000000, 0x000000, 0x000000, 0x000000,
    0x00b7e7, 0x000000, 0x000000, 0x00eca9, 0x00ecaa, 0x00ecab, 0x000000, 0x00ecac, 0x000000,
    0x000000, 0x00c6ae, 0x00ecad, 0x00ecae, 0x000000, 0x000000, 0x000000, 0x00b7c9, 0x00cab3,
    0x000000, 0x000000, 0x000000, 0x000000, 0x000000, 0x000000, 0x000000, 0x00e2b8, 0x00f7cf,
    0x000000, 0x000000, 0x000000, 0x000000, 0x000000, 0x000000, 0x000000, 0x000000, 0x000000,
    0x000000, 0x000000, 0x000000, 0x000000, 0x000000, 0x000000, 0x000000, 0x000000, 0x000000,
    0x000000, 0x000000, 0x000000, 0x000000, 0x000000, 0x00f7d0, 0x000000, 0x000000, 0x00b2cd,
    0x000000, 0x000000, 0x000000, 0x000000, 0x000000, 0x000000, 0x000000, 0x000000, 0x000000,
    0x000000, 0x000000, 0x000000, 0x000000, 0x000000, 0x000000, 0x000000, 0x000000, 0x000000,
    0x000000, 0x000000, 0x000000, 0x000000, 0x000000, 0x000000, 0x000000, 0x000000, 0x000000,
    0x000000, 0x000000, 0x00f7d1, 0x000000, 0x000000, 0x000000, 0x000000, 0x000000, 0x000000,
    0x000000, 0x000000, 0x000000, 0x000000, 0x000000, 0x000000, 0x000000, 0x000000, 0x000000,
    0x000000, 0x000000, 0x000000, 0x000000, 0x000000, 0x00f7d3, 0x00f7d2, 0x000000, 0x000000,
    0x000000, 0x000000, 0x000000, 0x000000, 0x000000, 0x000000, 0x000000, 0x000000, 0x000000,
    0x000000, 0x000000, 0x00e2bb, 0x000000, 0x00bca2, 0x000000, 0x00e2bc, 0x00e2bd, 0x00e2be,
    0x00e2bf, 0x00e2c0, 0x00e2c1, 0x00b7b9, 0x00d2fb, 0x00bda4, 0x00cace, 0x00b1a5, 0x00cbc7,
    0x000000, 0x00e2c2, 0x00b6fc, 0x00c8c4, 0x00e2c3, 0x000000, 0x000000, 0x00bdc8, 0x000000,
    0x00b1fd, 0x00e2c4, 0x000000, 0x00b6f6, 0x00e2c5, 0x00c4d9, 0x000000, 0x000000, 0x00e2c6,
    0x00cfda, 0x00b9dd, 0x00e2c7, 0x00c0a1, 0x000000, 0x00e2c8, 0x00b2f6, 0x000000, 0x00e2c9,
    0x000000, 0x00c1f3, 0x00e2ca, 0x00e2cb, 0x00c2f8, 0x00e2cc, 0x00e2cd, 0x00e2ce, 0x00cad7,
    0x00d8b8, 0x00d9e5, 0x00cfe3, 0x000000, 0x000000, 0x000000, 0x000000, 0x000000, 0x000000,
    0x000000, 0x000000, 0x000000, 0x000000, 0x000000, 0x00f0a5, 0x000000, 0x000000, 0x00dcb0,
    0x000000, 0x000000, 0x000000, 0x000000, 0x000000, 0x000000, 0x000000, 0x000000, 0x000000,
    0x000000, 0x000000, 0x000000, 0x000000, 0x000000, 0x000000, 0x000000, 0x000000, 0x000000,
    0x000000, 0x000000, 0x000000, 0x000000, 0x000000, 0x000000, 0x000000, 0x000000, 0x000000,
    0x000000, 0x000000, 0x000000, 0x000000, 0x000000, 0x000000, 0x000000, 0x000000, 0x000000,
    0x000000, 0x000000, 0x000000, 0x000000, 0x000000, 0x000000, 0x000000, 0x000000, 0x00c2ed,
    0x00d4a6, 0x00cdd4, 0x00d1b1, 0x00b3db, 0x00c7fd, 0x000000, 0x00b2b5, 0x00c2bf, 0x00e6e0,
    0x00cabb, 0x00e6e1, 0x00e6e2, 0x00bed4, 0x00e6e3, 0x00d7a4, 0x00cdd5, 0x00e6e5, 0x00bcdd,
    0x00e6e4, 0x00e6e6, 0x00e6e7, 0x00c2ee, 0x000000, 0x00bdbe, 0x00e6e8, 0x00c2e6, 0x00baa7,
    0x00e6e9, 0x000000, 0x00e6ea, 0x00b3d2, 0x00d1e9, 0x000000, 0x000000, 0x00bfa5, 0x00e6eb,
    0x00c6ef, 0x00e6ec, 0x00e6ed, 0x000000, 0x000000, 0x00e6ee, 0x00c6ad, 0x00e6ef, 0x000000,
    0x00c9a7, 0x00e6f0, 0x00e6f1, 0x00e6f2, 0x00e5b9, 0x00e6f3, 0x00e6f4, 0x00c2e2, 0x00e6f5,
    0x00e6f6, 0x00d6e8, 0x00e6f7, 0x000000, 0x00e6f8, 0x00b9c7, 0x000000, 0x000000, 0x000000,
    0x000000, 0x000000, 0x000000, 0x000000, 0x00f7bb, 0x00f7ba, 0x000000, 0x000000, 0x000000,
    0x000000, 0x00f7be, 0x00f7bc, 0x00baa1, 0x000000, 0x00f7bf, 0x000000, 0x00f7c0, 0x000000,
    0x000000, 0x000000, 0x00f7c2, 0x00f7c1, 0x00f7c4, 0x000000, 0x000000, 0x00f7c3, 0x000000,
    0x000000, 0x000000, 0x000000, 0x000000, 0x00f7c5, 0x00f7c6, 0x000000, 0x000000, 0x000000,
    0x000000, 0x00f7c7, 0x000000, 0x00cbe8, 0x000000, 0x000000, 0x000000, 0x000000, 0x00b8df,
    0x000000, 0x000000, 0x000000, 0x000000, 0x000000, 0x000000, 0x00f7d4, 0x000000, 0x00f7d5,
    0x000000, 0x000000, 0x000000, 0x000000, 0x00f7d6, 0x000000, 0x000000, 0x000000, 0x000000,
    0x00f7d8, 0x000000, 0x00f7da, 0x000000, 0x00f7d7, 0x000000, 0x000000, 0x000000, 0x000000,
    0x000000, 0x000000, 0x000000, 0x000000, 0x000000, 0x00f7db, 0x000000, 0x00f7d9, 0x000000,
    0x000000, 0x000000, 0x000000, 0x00d7d7, 0x000000, 0x000000, 0x000000, 0x000000, 0x00f7dc,
    0x000000, 0x000000, 0x000000, 0x000000, 0x000000, 0x000000, 0x00f7dd, 0x000000, 0x000000,
    0x000000, 0x00f7de, 0x000000, 0x000000, 0x000000, 0x000000, 0x000000, 0x000000, 0x000000,
    0x000000, 0x000000, 0x000000, 0x000000, 0x00f7df, 0x000000, 0x000000, 0x000000, 0x00f7e0,
    0x000000, 0x000000, 0x000000, 0x000000, 0x000000, 0x000000, 0x000000, 0x000000, 0x000000,
    0x000000, 0x000000, 0x00dbcb, 0x000000, 0x000000, 0x00d8aa, 0x000000, 0x000000, 0x000000,
    0x000000, 0x000000, 0x000000, 0x000000, 0x000000, 0x00e5f7, 0x00b9ed, 0x000000, 0x000000,
    0x000000, 0x00bffd, 0x00bbea, 0x00f7c9, 0x00c6c7, 0x00f7c8, 0x000000, 0x00f7ca, 0x00f7cc,
    0x00f7cb, 0x000000, 0x000000, 0x000000, 0x00f7cd, 0x000000, 0x00ceba, 0x000000, 0x00f7ce,
    0x000000, 0x000000, 0x00c4a7, 0x000000, 0x000000, 0x000000, 0x000000, 0x000000, 0x000000,
    0x000000, 0x000000, 0x000000, 0x000000, 0x000000, 0x000000, 0x000000, 0x000000, 0x000000,
    0x000000, 0x000000, 0x000000, 0x000000, 0x000000, 0x000000, 0x000000, 0x000000, 0x000000,
    0x000000, 0x000000, 0x000000, 0x000000, 0x000000, 0x000000, 0x000000, 0x000000, 0x000000,
    0x000000, 0x000000, 0x000000, 0x000000, 0x000000, 0x000000, 0x000000, 0x000000, 0x000000,
    0x000000, 0x000000, 0x000000, 0x000000, 0x000000, 0x000000, 0x000000, 0x000000, 0x000000,
    0x000000, 0x000000, 0x000000, 0x000000, 0x000000, 0x000000, 0x000000, 0x000000, 0x000000,
    0x00d3e3, 0x000000, 0x000000, 0x00f6cf, 0x000000, 0x00c2b3, 0x00f6d0, 0x000000, 0x000000,
    0x00f6d1, 0x00f6d2, 0x00f6d3, 0x00f6d4, 0x000000, 0x000000, 0x00f6d6, 0x000000, 0x00b1ab,
    0x00f6d7, 0x000000, 0x00f6d8, 0x00f6d9, 0x00f6da, 0x000000, 0x00f6db, 0x00f6dc, 0x000000,
    0x000000, 0x000000, 0x000000, 0x00f6dd, 0x00f6de, 0x00cfca, 0x000000, 0x00f6df, 0x00f6e0,
    0x00f6e1, 0x00f6e2, 0x00f6e3, 0x00f6e4, 0x00c0f0, 0x00f6e5, 0x00f6e6, 0x00f6e7, 0x00f6e8,
    0x00f6e9, 0x000000, 0x00f6ea, 0x000000, 0x00f6eb, 0x00f6ec, 0x000000, 0x00f6ed, 0x00f6ee,
    0x00f6ef, 0x00f6f0, 0x00f6f1, 0x00f6f2, 0x00f6f3, 0x00f6f4, 0x00bea8, 0x000000, 0x00f6f5,
    0x00f6f6, 0x00f6f7, 0x00f6f8, 0x000000, 0x000000, 0x000000, 0x00c8fa, 0x00f6f9, 0x00f6fa,
    0x00f6fb, 0x00f6fc, 0x000000, 0x000000, 0x00f6fd, 0x00f6fe, 0x00f7a1, 0x00f7a2, 0x00f7a3,
    0x00f7a4, 0x00f7a5, 0x000000, 0x000000, 0x00f7a6, 0x00f7a7, 0x00f7a8, 0x00b1ee, 0x00f7a9,
    0x00f7aa, 0x00f7ab, 0x000000, 0x000000, 0x00f7ac, 0x00f7ad, 0x00c1db, 0x00f7ae, 0x000000,
    0x000000, 0x00f7af, 0x000000, 0x000000, 0x000000, 0x000000, 0x000000, 0x000000, 0x000000,
    0x000000, 0x000000, 0x000000, 0x000000, 0x000000, 0x000000, 0x000000, 0x000000, 0x000000,
    0x000000, 0x000000, 0x000000, 0x000000, 0x000000, 0x000000, 0x000000, 0x000000, 0x000000,
    0x000000, 0x000000, 0x000000, 0x000000, 0x000000, 0x000000, 0x00c4f1, 0x00f0af, 0x00bca6,
    0x00f0b0, 0x00c3f9, 0x000000, 0x00c5b8, 0x00d1bb, 0x000000, 0x00f0b1, 0x00f0b2, 0x00f0b3,
    0x00f0b4, 0x00f0b5, 0x00d1bc, 0x000000, 0x00d1ec, 0x000000, 0x00f0b7, 0x00f0b6, 0x00d4a7,
    0x000000, 0x00cdd2, 0x00f0b8, 0x00f0ba, 0x00f0b9, 0x00f0bb, 0x00f0bc, 0x000000, 0x000000,
    0x00b8eb, 0x00f0bd, 0x00bae8, 0x000000, 0x00f0be, 0x00f0bf, 0x00bee9, 0x00f0c0, 0x00b6ec,
    0x00f0c1, 0x00f0c2, 0x00f0c3, 0x00f0c4, 0x00c8b5, 0x00f0c5, 0x00f0c6, 0x000000, 0x00f0c7,
    0x00c5f4, 0x000000, 0x00f0c8, 0x000000, 0x000000, 0x000000, 0x00f0c9, 0x000000, 0x00f0ca,
    0x00f7bd, 0x000000, 0x00f0cb, 0x00f0cc, 0x00f0cd, 0x000000, 0x00f0ce, 0x000000, 0x000000,
    0x000000, 0x000000, 0x00f0cf, 0x00bad7, 0x000000, 0x00f0d0, 0x00f0d1, 0x00f0d2, 0x00f0d3,
    0x00f0d4, 0x00f0d5, 0x00f0d6, 0x00f0d8, 0x000000, 0x000000, 0x00d3a5, 0x00f0d7, 0x000000,
    0x00f0d9, 0x000000, 0x000000, 0x000000, 0x000000, 0x000000, 0x000000, 0x000000, 0x000000,
    0x000000, 0x000000, 0x00f5ba, 0x00c2b9, 0x000000, 0x000000, 0x00f7e4, 0x000000, 0x000000,
    0x000000, 0x000000, 0x00f7e5, 0x00f7e6, 0x000000, 0x000000, 0x00f7e7, 0x000000, 0x000000,
    0x000000, 0x000000, 0x000000, 0x000000, 0x00f7e8, 0x00c2b4, 0x000000, 0x000000, 0x000000,
    0x000000, 0x000000, 0x000000, 0x000000, 0x000000, 0x000000, 0x00f7ea, 0x000000, 0x00f7eb,
    0x000000, 0x000000, 0x000000, 0x000000, 0x000000, 0x000000, 0x00c2f3, 0x000000, 0x000000,
    0x000000, 0x000000, 0x000000, 0x000000, 0x000000, 0x000000, 0x000000, 0x000000, 0x000000,
    0x000000, 0x000000, 0x00f4f0, 0x000000, 0x000000, 0x000000, 0x00f4ef, 0x000000, 0x000000,
    0x00c2e9, 0x000000, 0x00f7e1, 0x00f7e2, 0x000000, 0x000000, 0x000000, 0x000000, 0x00bbc6,
    0x000000, 0x000000, 0x000000, 0x000000, 0x00d9e4, 0x000000, 0x000000, 0x000000, 0x00caf2,
    0x00c0e8, 0x00f0a4, 0x000000, 0x00bada, 0x000000, 0x000000, 0x00c7ad, 0x000000, 0x000000,
    0x000000, 0x00c4ac, 0x000000, 0x000000, 0x00f7ec, 0x00f7ed, 0x00f7ee, 0x000000, 0x00f7f0,
    0x00f7ef, 0x000000, 0x00f7f1, 0x000000, 0x000000, 0x00f7f4, 0x000000, 0x00f7f3, 0x000000,
    0x00f7f2, 0x00f7f5, 0x000000, 0x000000, 0x000000, 0x000000, 0x00f7f6, 0x000000, 0x000000,
    0x000000, 0x000000, 0x000000, 0x000000, 0x000000, 0x000000, 0x000000, 0x00ede9, 0x000000,
    0x00edea, 0x00edeb, 0x000000, 0x00f6bc, 0x000000, 0x000000, 0x000000, 0x000000, 0x000000,
    0x000000, 0x000000, 0x000000, 0x000000, 0x000000, 0x000000, 0x00f6bd, 0x000000, 0x00f6be,
    0x00b6a6, 0x000000, 0x00d8be, 0x000000, 0x000000, 0x00b9c4, 0x000000, 0x000000, 0x000000,
    0x00d8bb, 0x000000, 0x00dcb1, 0x000000, 0x000000, 0x000000, 0x000000, 0x000000, 0x000000,
    0x00caf3, 0x000000, 0x00f7f7, 0x000000, 0x000000, 0x000000, 0x000000, 0x000000, 0x000000,
    0x000000, 0x000000, 0x000000, 0x00f7f8, 0x000000, 0x000000, 0x00f7f9, 0x000000, 0x000000,
    0x000000, 0x000000, 0x000000, 0x000000, 0x000000, 0x00f7fb, 0x000000, 0x00f7fa, 0x000000,
    0x00b1c7, 0x000000, 0x00f7fc, 0x00f7fd, 0x000000, 0x000000, 0x000000, 0x000000, 0x00f7fe,
    0x000000, 0x000000, 0x000000, 0x000000, 0x000000, 0x000000, 0x000000, 0x000000, 0x000000,
    0x000000, 0x000000, 0x00c6eb, 0x00ecb4, 0x000000, 0x000000, 0x000000, 0x000000, 0x000000,
    0x000000, 0x000000, 0x000000, 0x000000, 0x000000, 0x000000, 0x000000, 0x000000, 0x000000,
    0x000000, 0x000000, 0x000000, 0x000000, 0x000000, 0x000000, 0x000000, 0x000000, 0x000000,
    0x000000, 0x000000, 0x000000, 0x000000, 0x000000, 0x000000, 0x000000, 0x000000, 0x000000,
    0x000000, 0x000000, 0x000000, 0x000000, 0x000000, 0x000000, 0x000000, 0x000000, 0x000000,
    0x000000, 0x000000, 0x000000, 0x000000, 0x00b3dd, 0x00f6b3, 0x000000, 0x000000, 0x00f6b4,
    0x00c1e4, 0x00f6b5, 0x00f6b6, 0x00f6b7, 0x00f6b8, 0x00f6b9, 0x00f6ba, 0x00c8a3, 0x00f6bb,
    0x000000, 0x000000, 0x000000, 0x000000, 0x000000, 0x000000, 0x000000, 0x000000, 0x000000,
    0x000000, 0x000000, 0x000000, 0x00c1fa, 0x00b9a8, 0x00ede8, 0x000000, 0x000000, 0x000000,
    0x00b9ea, 0x00d9df, 0x000000, 0x000000, 0x000000, 0x000000, 0x000000, 0x000000, 0x000000,
    0x000000, 0x000000, 0x000000, 0x000000, 0x000000, 0x000000, 0x000000, 0x000000, 0x000000,
    0x000000, 0x000000, 0x000000, 0x000000, 0x000000, 0x000000, 0x000000, 0x000000, 0x000000,
    0x000000, 0x000000, 0x000000, 0x000000, 0x000000, 0x000000, 0x00a3a1, 0x00a3a2, 0x00a3a3,
    0x00a1e7, 0x00a3a5, 0x00a3a6, 0x00a3a7, 0x00a3a8, 0x00a3a9, 0x00a3aa, 0x00a3ab, 0x00a3ac,
    0x00a3ad, 0x00a3ae, 0x00a3af, 0x00a3b0, 0x00a3b1, 0x00a3b2, 0x00a3b3, 0x00a3b4, 0x00a3b5,
    0x00a3b6, 0x00a3b7, 0x00a3b8, 0x00a3b9, 0x00a3ba, 0x00a3bb, 0x00a3bc, 0x00a3bd, 0x00a3be,
    0x00a3bf, 0x00a3c0, 0x00a3c1, 0x00a3c2, 0x00a3c3, 0x00a3c4, 0x00a3c5, 0x00a3c6, 0x00a3c7,
    0x00a3c8, 0x00a3c9, 0x00a3ca, 0x00a3cb, 0x00a3cc, 0x00a3cd, 0x00a3ce, 0x00a3cf, 0x00a3d0,
    0x00a3d1, 0x00a3d2, 0x00a3d3, 0x00a3d4, 0x00a3d5, 0x00a3d6, 0x00a3d7, 0x00a3d8, 0x00a3d9,
    0x00a3da, 0x00a3db, 0x00a3dc, 0x00a3dd, 0x00a3de, 0x00a3df, 0x00a3e0, 0x00a3e1, 0x00a3e2,
    0x00a3e3, 0x00a3e4, 0x00a3e5, 0x00a3e6, 0x00a3e7, 0x00a3e8, 0x00a3e9, 0x00a3ea, 0x00a3eb,
    0x00a3ec, 0x00a3ed, 0x00a3ee, 0x00a3ef, 0x00a3f0, 0x00a3f1, 0x00a3f2, 0x00a3f3, 0x00a3f4,
    0x00a3f5, 0x00a3f6, 0x00a3f7, 0x00a3f8, 0x00a3f9, 0x00a3fa, 0x00a3fb, 0x00a3fc, 0x00a3fd,
    0x00a1ab, 0x000000, 0x000000, 0x000000, 0x000000, 0x000000, 0x000000, 0x000000, 0x000000,
    0x000000, 0x000000, 0x000000, 0x000000, 0x000000, 0x000000, 0x000000, 0x000000, 0x000000,
    0x000000, 0x000000, 0x000000, 0x000000, 0x000000, 0x000000, 0x000000, 0x000000, 0x000000,
    0x000000, 0x000000, 0x000000, 0x000000, 0x000000, 0x000000, 0x000000, 0x000000, 0x000000,
    0x000000, 0x000000, 0x000000, 0x000000, 0x000000, 0x000000, 0x000000, 0x000000, 0x000000,
    0x000000, 0x000000, 0x000000, 0x000000, 0x000000, 0x000000, 0x000000, 0x000000, 0x000000,
    0x000000, 0x000000, 0x000000, 0x000000, 0x000000, 0x000000, 0x000000, 0x000000, 0x000000,
    0x000000, 0x000000, 0x000000, 0x00a1e9, 0x00a1ea, 0x000000, 0x00a3fe, 0x000000, 0x00a3a4,
    0x000000, 0x000000, 0x000000, 0x000000, 0x000000, 0x000000, 0x000000, 0x000000, 0x000000,
    0x000000, 0x000000, 0x000000, 0x000000, 0x000000, 0x000000, 0x000000, 0x000000, 0x000000,
    0x000000, 0x000000, 0x000000, 0x000000, 0x000000, 0x000000, 0x000000, 0x000000,
];
pub static EUC_CN_FROM_UNICODE_TREE: PgMbRadixTree = PgMbRadixTree {
    chars16: &EUC_CN_FROM_UNICODE_TREE_TABLE,
    chars32: &[],
    b1root: 0x0,
    b1_lower: 0x0,
    b1_upper: 0x0,
    b2root: 0x40,
    b2_1_lower: 0xc2,
    b2_1_upper: 0xd1,
    b2_2_lower: 0x80,
    b2_2_upper: 0xbf,
    b3root: 0x28d,
    b3_1_lower: 0xe2,
    b3_1_upper: 0xef,
    b3_2_lower: 0x80,
    b3_2_upper: 0xbf,
    b3_3_lower: 0x80,
    b3_3_upper: 0xbf,
    b4root: 0x0,
    b4_1_lower: 0x0,
    b4_1_upper: 0x0,
    b4_2_lower: 0x0,
    b4_2_upper: 0x0,
    b4_3_lower: 0x0,
    b4_3_upper: 0x0,
    b4_4_lower: 0x0,
    b4_4_upper: 0x0,
};
