// Generated by scripts/gen_radix_tables.py from postgres-18.3 C sources. Do not edit.
use crate::PgMbRadixTree;
static EUC_TW_TO_UNICODE_TREE_TABLE: [u32; 27068] = [
    0x000000, 0x000000, 0x000000, 0x000000, 0x000000, 0x000000, 0x000000, 0x000000, 0x000000,
    0x000000, 0x000000, 0x000000, 0x000000, 0x000000, 0x000000, 0x000000, 0x000000, 0x000000,
    0x000000, 0x000000, 0x000000, 0x000000, 0x000000, 0x000000, 0x000000, 0x000000, 0x000000,
    0x000000, 0x000000, 0x000000, 0x000000, 0x000000, 0x000000, 0x000000, 0x000000, 0x000000,
    0x000000, 0x000000, 0x000000, 0x000000, 0x000000, 0x000000, 0x000000, 0x000000, 0x000000,
    0x000000, 0x000000, 0x000000, 0x000000, 0x000000, 0x000000, 0x000000, 0x000000, 0x000000,
    0x000000, 0x000000, 0x000000, 0x000000, 0x000000, 0x000000, 0x000000, 0x000000, 0x000000,
    0x000000, 0x000000, 0x000000, 0x000000, 0x000000, 0x000000, 0x000000, 0x000000, 0x000000,
    0x000000, 0x000000, 0x000000, 0x000000, 0x000000, 0x000000, 0x000000, 0x000000, 0x000000,
    0x000000, 0x000000, 0x000000, 0x000000, 0x000000, 0x000000, 0x000000, 0x000000, 0x000000,
    0x000000, 0x000000, 0x000000, 0x000000, 0x0000bb, 0x000119, 0x000177, 0x0001d5, 0x000233,
    0x000291, 0x000000, 0x000000, 0x000000, 0x000000, 0x000000, 0x000000, 0x000000, 0x000000,
    0x000000, 0x000000, 0x000000, 0x000000, 0x000000, 0x000000, 0x000000, 0x000000, 0x000000,
    0x000000, 0x000000, 0x000000, 0x000000, 0x000000, 0x000000, 0x000000, 0x000000, 0x000000,
    0x000000, 0x0002ef, 0x000000, 0x00034d, 0x0003ab, 0x000409, 0x000467, 0x0004c5, 0x000523,
    0x000581, 0x0005df, 0x00063d, 0x00069b, 0x0006f9, 0x000757, 0x0007b5, 0x000813, 0x000871,
    0x0008cf, 0x00092d, 0x00098b, 0x0009e9, 0x000a47, 0x000aa5, 0x000b03, 0x000b61, 0x000bbf,
    0x000c1d, 0x000c7b, 0x000cd9, 0x000d37, 0x000d95, 0x000df3, 0x000e51, 0x000eaf, 0x000f0d,
    0x000f6b, 0x000fc9, 0x001027, 0x001085, 0x0010e3, 0x001141, 0x00119f, 0x0011fd, 0x00125b,
    0x0012b9, 0x001317, 0x001375, 0x0013d3, 0x001431, 0x00148f, 0x0014ed, 0x00154b, 0x0015a9,
    0x001607, 0x001665, 0x0016c3, 0x001721, 0x00177f, 0x0017dd, 0x00183b, 0xe38080, 0xefbc8c,
    0xe38081, 0xe38082, 0xefbc8e, 0xe383bb, 0xefbc9b, 0xefbc9a, 0xefbc9f, 0xefbc81, 0xefb8b0,
    0xe280a6, 0xe280a5, 0xefb990, 0xefb991, 0xefb992, 0x00c2b7, 0xefb994, 0xefb995, 0xefb996,
    0xefb997, 0xefb8b1, 0xe28094, 0xefb8b2, 0xe28093, 0x000000, 0x000000, 0x000000, 0x000000,
    0xefbc88, 0xefbc89, 0xefb8b5, 0xefb8b6, 0xefbd9b, 0xefbd9d, 0xefb8b7, 0xefb8b8, 0xe38094,
    0xe38095, 0xefb8b9, 0xefb8ba, 0xe38090, 0xe38091, 0xefb8bb, 0xefb8bc, 0xe3808a, 0xe3808b,
    0xefb8bd, 0xefb8be, 0xe38088, 0xe38089, 0xefb8bf, 0xefb980, 0xe3808c, 0xe3808d, 0xefb981,
    0xefb982, 0xe3808e, 0xe3808f, 0xefb983, 0xefb984, 0xefb999, 0xefb99a, 0xefb99b, 0xefb99c,
    0xefb99d, 0xefb99e, 0xe28098, 0xe28099, 0xe2809c, 0xe2809d, 0xe3809d, 0xe3809e, 0xe280b2,
    0xe280b5, 0xefbc83, 0xefbc86, 0xefbc8a, 0xe280bb, 0x00c2a7, 0xe38083, 0xe2978b, 0xe2978f,
    0xe296b3, 0xe296b2, 0xe2978e, 0xe29886, 0xe29885, 0xe29787, 0xe29786, 0xe296a1, 0xe296a0,
    0xe296bd, 0xe296bc, 0xe38aa3, 0xe28485, 0xe280be, 0x000000, 0xefbcbf, 0x000000, 0xefb989,
    0xefb98a, 0xefb98d, 0xefb98e, 0xefb98b, 0xefb98c, 0xefb99f, 0xefb9a0, 0xefb9a1, 0xefbc8b,
    0xefbc8d, 0x00c397, 0x00c3b7, 0x00c2b1, 0xe2889a, 0xefbc9c, 0xefbc9e, 0xefbc9d, 0xe289a6,
    0xe289a7, 0xe289a0, 0xe2889e, 0xe28992, 0xe289a1, 0xefb9a2, 0xefb9a3, 0xefb9a4, 0xefb9a6,
    0xefb9a5, 0xe288bc, 0xe288a9, 0xe288aa, 0xe28aa5, 0xe288a0, 0xe2889f, 0xe28abf, 0xe38f92,
    0xe38f91, 0xe288ab, 0xe288ae, 0xe288b5, 0xe288b4, 0xe29980, 0xe29982, 0xe29981, 0xe29889,
    0xe28691, 0xe28693, 0xe28692, 0xe28690, 0xe28696, 0xe28697, 0xe28699, 0xe28698, 0xe28096,
    0xefbd9c, 0xefbc8f, 0xefbcbc, 0xe28895, 0xefb9a8, 0xefbc84, 0xefbfa5, 0xe38092, 0xefbfa0,
    0xefbfa1, 0xefbc85, 0xefbca0, 0xe28483, 0xe28489, 0xefb9a9, 0xefb9aa, 0xefb9ab, 0xe38f95,
    0xe38e9c, 0xe38e9d, 0xe38e9e, 0xe38f8e, 0xe38ea1, 0xe38e8e, 0xe38e8f, 0xe38f84, 0x00c2b0,
    0xe58599, 0xe5859b, 0xe5859e, 0xe5859d, 0xe585a1, 0xe585a3, 0xe597a7, 0xe793a9, 0xe7b38e,
    0xe29681, 0xe29682, 0xe29683, 0xe29684, 0xe29685, 0xe29686, 0xe29687, 0xe29688, 0xe2968f,
    0xe2968e, 0xe2968d, 0xe2968c, 0xe2968b, 0xe2968a, 0xe29689, 0xe294bc, 0xe294b4, 0xe294ac,
    0xe294a4, 0xe2949c, 0xe29694, 0xe29480, 0xe29482, 0xe29695, 0xe2948c, 0xe29490, 0xe29494,
    0xe29498, 0xe295ad, 0xe295ae, 0xe295b0, 0xe295af, 0xe29590, 0xe2959e, 0xe295aa, 0xe295a1,
    0xe297a2, 0xe297a3, 0xe297a5, 0xe297a4, 0xe295b1, 0xe295b2, 0xe295b3, 0x000000, 0x000000,
    0x000000, 0x000000, 0x000000, 0x000000, 0x000000, 0x000000, 0x000000, 0x000000, 0x000000,
    0x000000, 0x000000, 0x000000, 0x000000, 0x000000, 0x000000, 0x000000, 0x000000, 0x000000,
    0x000000, 0x000000, 0x000000, 0x000000, 0x000000, 0x000000, 0x000000, 0x000000, 0x000000,
    0x000000, 0x000000, 0x000000, 0x000000, 0x000000, 0x000000, 0x000000, 0x000000, 0x000000,
    0x000000, 0x000000, 0x000000, 0x000000, 0x000000, 0x000000, 0x000000, 0x000000, 0x000000,
    0x000000, 0xefbc90, 0xefbc91, 0xefbc92, 0xefbc93, 0xefbc94, 0xefbc95, 0xefbc96, 0xefbc97,
    0xefbc98, 0xefbc99, 0xe285a0, 0xe285a1, 0xe285a2, 0xe285a3, 0xe285a4, 0xe285a5, 0xe285a6,
    0xe285a7, 0xe285a8, 0xe285a9, 0xe380a1, 0xe380a2, 0xe380a3, 0xe380a4, 0xe380a5, 0xe380a6,
    0xe380a7, 0xe380a8, 0xe380a9, 0x000000, 0xe58d84, 0x000000, 0xefbca1, 0xefbca2, 0xefbca3,
    0xefbca4, 0xefbca5, 0xefbca6, 0xefbca7, 0xefbca8, 0xefbca9, 0xefbcaa, 0xefbcab, 0xefbcac,
    0xefbcad, 0xefbcae, 0xefbcaf, 0xefbcb0, 0xefbcb1, 0xefbcb2, 0xefbcb3, 0xefbcb4, 0xefbcb5,
    0xefbcb6, 0xefbcb7, 0xefbcb8, 0xefbcb9, 0xefbcba, 0xefbd81, 0xefbd82, 0xefbd83, 0xefbd84,
    0xefbd85, 0xefbd86, 0xefbd87, 0xefbd88, 0xefbd89, 0xefbd8a, 0xefbd8b, 0xefbd8c, 0xefbd8d,
    0xefbd8e, 0xefbd8f, 0xefbd90, 0xefbd91, 0xefbd92, 0xefbd93, 0xefbd94, 0xefbd95, 0xefbd96,
    0xefbd97, 0xefbd98, 0xefbd99, 0xefbd9a, 0x00ce91, 0x00ce92, 0x00ce93, 0x00ce94, 0x00ce95,
    0x00ce96, 0x00ce97, 0x00ce98, 0x00ce99, 0x00ce9a, 0x00ce9b, 0x00ce9c, 0x00ce9d, 0x00ce9e,
    0x00ce9f, 0x00cea0, 0x00cea1, 0x00cea3, 0x00cea4, 0x00cea5, 0x00cea6, 0x00cea7, 0x00cea8,
    0x00cea9, 0x00ceb1, 0x00ceb2, 0x00ceb3, 0x00ceb4, 0x00ceb5, 0x00ceb6, 0x00ceb7, 0x00ceb8,
    0x00ceb9, 0x00ceba, 0x00cebb, 0x00cebc, 0x00cebd, 0x00cebe, 0x00cebf, 0x00cf80, 0x00cf81,
    0x00cf83, 0x00cf84, 0x00cf85, 0x00cf86, 0x00cf87, 0x00cf88, 0x00cf89, 0xe38485, 0xe38486,
    0xe38487, 0xe38488, 0xe38489, 0xe3848a, 0xe3848b, 0xe3848c, 0xe3848d, 0xe3848e, 0xe3848f,
    0xe38490, 0xe38491, 0xe38492, 0xe38493, 0xe38494, 0xe38495, 0xe38496, 0xe38497, 0xe38498,
    0xe38499, 0xe3849a, 0xe3849b, 0xe3849c, 0xe3849d, 0xe3849e, 0xe3849f, 0xe384a0, 0xe384a1,
    0xe384a2, 0xe384a3, 0xe384a4, 0xe384a5, 0xe384a6, 0xe384a7, 0xe384a8, 0xe384a9, 0x00cb99,
    0x00cb89, 0x00cb8a, 0x00cb87, 0x00cb8b, 0x000000, 0x000000, 0x000000, 0x000000, 0x000000,
    0x000000, 0x000000, 0x000000, 0x000000, 0x000000, 0x000000, 0x000000, 0x000000, 0x000000,
    0xe291a0, 0xe291a1, 0xe291a2, 0xe291a3, 0xe291a4, 0xe291a5, 0xe291a6, 0xe291a7, 0xe291a8,
    0xe291a9, 0xe291b4, 0xe291b5, 0xe291b6, 0xe291b7, 0xe291b8, 0xe291b9, 0xe291ba, 0xe291bb,
    0xe291bc, 0xe291bd, 0xe285b0, 0xe285b1, 0xe285b2, 0xe285b3, 0xe285b4, 0xe285b5, 0xe285b6,
    0xe285b7, 0xe285b8, 0xe285b9, 0x000000, 0x000000, 0x000000, 0x000000, 0x000000, 0x000000,
    0x000000, 0x000000, 0x000000, 0x000000, 0x000000, 0x000000, 0x000000, 0x000000, 0x000000,
    0x000000, 0x000000, 0x000000, 0x000000, 0x000000, 0x000000, 0x000000, 0x000000, 0x000000,
    0x000000, 0x000000, 0x000000, 0x000000, 0x000000, 0x000000, 0x000000, 0x000000, 0x000000,
    0x000000, 0x000000, 0x000000, 0x000000, 0x000000, 0x000000, 0x000000, 0x000000, 0x000000,
    0x000000, 0x000000, 0x000000, 0x000000, 0x000000, 0x000000, 0x000000, 0x000000, 0x000000,
    0x000000, 0x000000, 0x000000, 0x000000, 0x000000, 0x000000, 0x000000, 0x000000, 0x000000,
    0x000000, 0x000000, 0x000000, 0x000000, 0xe29080, 0xe29081, 0xe29082, 0xe29083, 0xe29084,
    0xe29085, 0xe29086, 0xe29087, 0xe29088, 0xe29089, 0xe2908a, 0xe2908b, 0xe2908c, 0xe2908d,
    0xe2908e, 0xe2908f, 0xe29090, 0xe29091, 0xe29092, 0xe29093, 0xe29094, 0xe29095, 0xe29096,
    0xe29097, 0xe29098, 0xe29099, 0xe2909a, 0xe2909b, 0xe2909c, 0xe2909d, 0xe2909e, 0xe2909f,
    0xe290a1, 0x000000, 0x000000, 0x000000, 0x000000, 0x000000, 0x000000, 0x000000, 0x000000,
    0x000000, 0x000000, 0x000000, 0x000000, 0x000000, 0x000000, 0x000000, 0x000000, 0x000000,
    0x000000, 0x000000, 0x000000, 0x000000, 0x000000, 0x000000, 0x000000, 0x000000, 0x000000,
    0x000000, 0x000000, 0x000000, 0x000000, 0x000000, 0x000000, 0x000000, 0x000000, 0x000000,
    0x000000, 0x000000, 0x000000, 0x000000, 0x000000, 0x000000, 0x000000, 0x000000, 0x000000,
    0x000000, 0x000000, 0x000000, 0x000000, 0x000000, 0x000000, 0x000000, 0x000000, 0x000000,
    0x000000, 0x000000, 0x000000, 0x000000, 0x000000, 0x000000, 0x000000, 0x000000, 0xe4b880,
    0xe4b999, 0xe4b881, 0xe4b883, 0xe4b983, 0xe4b99d, 0xe4ba86, 0xe4ba8c, 0xe4baba, 0xe584bf,
    0xe585a5, 0xe585ab, 0xe587a0, 0xe58880, 0xe58881, 0xe58a9b, 0xe58c95, 0xe58d81, 0xe58d9c,
    0xe58f88, 0xe4b889, 0xe4b88b, 0xe4b888, 0xe4b88a, 0xe4b8ab, 0xe4b8b8, 0xe587a1, 0xe4b985,
    0xe4b988, 0xe4b99f, 0xe4b99e, 0xe4ba8e, 0xe4baa1, 0xe58580, 0xe58883, 0xe58bba, 0xe58d83,
    0xe58f89, 0xe58fa3, 0xe59c9f, 0xe5a3ab, 0xe5a495, 0xe5a4a7, 0xe5a5b3, 0xe5ad90, 0xe5ad91,
    0xe5ad93, 0xe5afb8, 0xe5b08f, 0xe5b0a2, 0xe5b0b8, 0xe5b1b1, 0xe5b79d, 0xe5b7a5, 0xe5b7b1,
    0xe5b7b2, 0xe5b7b3, 0xe5b7be, 0xe5b9b2, 0xe5bbbe, 0xe5bc8b, 0xe5bc93, 0xe6898d, 0xe4b891,
    0xe4b890, 0xe4b88d, 0xe4b8ad, 0xe4b8b0, 0xe4b8b9, 0xe4b98b, 0xe5b0b9, 0xe4ba88, 0xe4ba91,
    0xe4ba95, 0xe4ba92, 0xe4ba94, 0xe4baa2, 0xe4bb81, 0xe4bb80, 0xe4bb83, 0xe4bb86, 0xe4bb87,
    0xe4bb8d, 0xe4bb8a, 0xe4bb8b, 0xe4bb84, 0xe58583, 0xe58581, 0xe585a7, 0xe585ad, 0xe585ae,
    0xe585ac, 0xe58697, 0xe587b6, 0xe58886, 0xe58887, 0xe58888, 0xe58bbb, 0xe58bbe, 0xe58bbf,
    0xe58c96, 0xe58cb9, 0xe58d88, 0xe58d87, 0xe58d85, 0xe58d9e, 0xe58e84, 0xe58f8b, 0xe58f8a,
    0xe58f8d, 0xe5a3ac, 0xe5a4a9, 0xe5a4ab, 0xe5a4aa, 0xe5a4ad, 0xe5ad94, 0xe5b091, 0xe5b0a4,
    0xe5b0ba, 0xe5b1af, 0xe5b7b4, 0xe5b9bb, 0xe5bbbf, 0xe5bc94, 0xe5bc95, 0xe5bf83, 0xe68888,
    0xe688b6, 0xe6898b, 0xe6898e, 0xe694af, 0xe69687, 0xe69697, 0xe696a4, 0xe696b9, 0xe697a5,
    0xe69bb0, 0xe69c88, 0xe69ca8, 0xe6aca0, 0xe6ada2, 0xe6adb9, 0xe6af8b, 0xe6af94, 0xe6af9b,
    0xe6b08f, 0xe6b0b4, 0xe781ab, 0xe788aa, 0xe788b6, 0xe788bb, 0xe78987, 0xe78999, 0xe7899b,
    0xe78aac, 0xe78e8b, 0xe4b899, 0xe4b896, 0xe4b895, 0xe4b894, 0xe4b898, 0xe4b8bb, 0xe4b98d,
    0xe4b98f, 0xe4b98e, 0xe4bba5, 0xe4bb98, 0xe4bb94, 0xe4bb95, 0xe4bb96, 0xe4bb97, 0xe4bba3,
    0xe4bba4, 0xe4bb99, 0xe4bb9e, 0xe58585, 0xe58584, 0xe58689, 0xe5868a, 0xe586ac, 0xe587b9,
    0xe587ba, 0xe587b8, 0xe5888a, 0xe58aa0, 0xe58a9f, 0xe58c85, 0xe58c86, 0xe58c97, 0xe58c9d,
    0xe4bb9f, 0xe58d8a, 0xe58d89, 0xe58da1, 0xe58da0, 0xe58daf, 0xe58dae, 0xe58ebb, 0xe58faf,
    0xe58fa4, 0xe58fb3, 0xe58fac, 0xe58fae, 0xe58fa9, 0xe58fa8, 0xe58fbc, 0xe58fb8, 0xe58fb5,
    0xe58fab, 0xe58fa6, 0xe58faa, 0xe58fb2, 0xe58fb1, 0xe58fb0, 0xe58fa5, 0xe58fad, 0xe58fbb,
    0xe59b9b, 0xe59b9a, 0xe5a496, 0xe5a4ae, 0xe5a4b1, 0xe5a5b4, 0xe5a5b6, 0xe5ad95, 0xe5ae83,
    0xe5b0bc, 0xe5b7a8, 0xe5b7a7, 0xe5b7a6, 0xe5b882, 0xe5b883, 0xe5b9b3, 0xe5b9bc, 0xe5bc81,
    0xe5bc98, 0xe5bc97, 0xe5bf85, 0xe6888a, 0xe68993, 0xe68994, 0xe68992, 0xe68991, 0xe696a5,
    0xe697a6, 0xe69cae, 0xe69cac, 0xe69caa, 0xe69cab, 0xe69cad, 0xe6ada3, 0xe6af8d, 0xe6b091,
    0xe6b090, 0xe6b0b8, 0xe6b181, 0xe6b180, 0xe6b0be, 0xe78aaf, 0xe78e84, 0xe78e89, 0xe7939c,
    0xe793a6, 0xe79498, 0xe7949f, 0xe794a8, 0xe794a9, 0xe794b0, 0xe794b1, 0xe794b2, 0xe794b3,
    0xe7968b, 0xe799bd, 0xe79aae, 0xe79abf, 0xe79bae, 0xe79f9b, 0xe79fa2, 0xe79fb3, 0xe7a4ba,
    0xe7a6be, 0xe7a9b4, 0xe7ab8b, 0xe4b89e, 0xe4b89f, 0xe4b992, 0xe4b993, 0xe4b9a9, 0xe4ba99,
    0xe4baa4, 0xe4baa6, 0xe4baa5, 0xe4bbbf, 0xe4bc89, 0xe4bc99, 0xe4bc8a, 0xe4bc95, 0xe4bc8d,
    0xe4bc90, 0xe4bc91, 0xe4bc8f, 0xe4bbb2, 0xe4bbb6, 0xe4bbbb, 0xe4bbb0, 0xe4bbb3, 0xe4bbbd,
    0xe4bc81, 0xe4bc8b, 0xe58589, 0xe58587, 0xe58586, 0xe58588, 0xe585a8, 0xe585b1, 0xe5868d,
    0xe586b0, 0xe58897, 0xe58891, 0xe58892, 0xe5888e, 0xe58896, 0xe58aa3, 0xe58c88, 0xe58ca1,
    0xe58ca0, 0xe58db0, 0xe58db1, 0xe59089, 0xe5908f, 0xe5908c, 0xe5908a, 0xe59090, 0xe59081,
    0xe5908b, 0xe59084, 0xe59091, 0xe5908d, 0xe59088, 0xe59083, 0xe5908e, 0xe59086, 0xe59092,
    0xe59ba0, 0xe59b9e, 0xe59b9d, 0xe59cb3, 0xe59cb0, 0xe59ca8, 0xe59cad, 0xe59cac, 0xe59caf,
    0xe59ca9, 0xe5a499, 0xe5a49a, 0xe5a4b7, 0xe5a4b8, 0xe5a684, 0xe5a5b8, 0xe5a683, 0xe5a5bd,
    0xe5a5b9, 0xe5a682, 0xe5a681, 0xe5ad97, 0xe5ad98, 0xe5ae87, 0xe5ae88, 0xe5ae85, 0xe5ae89,
    0xe5afba, 0xe5b096, 0xe5b1b9, 0xe5b79e, 0xe5b886, 0xe5b9b6, 0xe5b9b4, 0xe5bc8f, 0xe5bc9b,
    0xe5bf99, 0xe5bf96, 0xe6888e, 0xe6888c, 0xe6888d, 0xe68890, 0xe689a3, 0xe6899b, 0xe68998,
    0xe694b6, 0xe697a9, 0xe697a8, 0xe697ac, 0xe697ad, 0xe69bb2, 0xe69bb3, 0xe69c89, 0xe69cbd,
    0xe69cb4, 0xe69cb1, 0xe69cb5, 0xe6aca1, 0xe6ada4, 0xe6adbb, 0xe6b096, 0xe6b19d, 0xe6b197,
    0xe6b199, 0xe6b19f, 0xe6b1a0, 0xe6b190, 0xe6b195, 0xe6b1a1, 0xe6b19b, 0xe6b18d, 0xe6b18e,
    0xe781b0, 0xe7899f, 0xe7899d, 0xe799be, 0xe7abb9, 0xe7b1b3, 0xe7b3b8, 0xe7bcb6, 0xe7be8a,
    0xe7bebd, 0xe88081, 0xe88083, 0xe8808c, 0xe88092, 0xe880b3, 0xe881bf, 0xe88289, 0xe8828b,
    0xe8828c, 0xe887a3, 0xe887aa, 0xe887b3, 0xe887bc, 0xe8888c, 0xe8889b, 0xe8889f, 0xe889ae,
    0xe889b2, 0xe889be, 0xe899ab, 0xe8a180, 0xe8a18c, 0xe8a1a3, 0xe8a5bf, 0xe998a1, 0xe4b8b2,
    0xe4baa8, 0xe4bd8d, 0xe4bd8f, 0xe4bd87, 0xe4bd97, 0xe4bd9e, 0xe4bcb4, 0xe4bd9b, 0xe4bd95,
    0xe4bcb0, 0xe4bd90, 0xe4bd91, 0xe4bcbd, 0xe4bcba, 0xe4bcb8, 0xe4bd83, 0xe4bd94, 0xe4bcbc,
    0xe4bd86, 0xe4bda3, 0xe4bd9c, 0xe4bda0, 0xe4bcaf, 0xe4bd8e, 0xe4bcb6, 0xe4bd99, 0xe4bd9d,
    0xe4bd88, 0xe4bd9a, 0xe5858c, 0xe5858b, 0xe5858d, 0xe585b5, 0xe586b6, 0xe586b7, 0xe588a5,
    0xe588a4, 0xe588a9, 0xe588aa, 0xe588a8, 0xe58aab, 0xe58aa9, 0xe58aaa, 0xe58aac, 0xe58ca3,
    0xe58db3, 0xe58db5, 0xe5909d, 0xe590ad, 0xe5909e, 0xe590be, 0xe590a6, 0xe5918e, 0xe590a7,
    0xe59186, 0xe59183, 0xe590b3, 0xe59188, 0xe59182, 0xe5909b, 0xe590a9, 0xe5918a, 0xe590b9,
    0xe590bb, 0xe590b8, 0xe590ae, 0xe590b5, 0xe590b6, 0xe590a0, 0xe590bc, 0xe59180, 0xe590b1,
    0xe590ab, 0xe5909f, 0xe590ac, 0xe59baa, 0xe59bb0, 0xe59ba4, 0xe59bab, 0xe59d8a, 0xe59d91,
    0xe59d80, 0xe59d8d, 0xe59d87, 0xe59d8e, 0xe59cbe, 0xe59d90, 0xe59d8f, 0xe59cbb, 0xe5a3af,
    0xe5a4be, 0xe5a69d, 0xe5a692, 0xe5a6a8, 0xe5a69e, 0xe5a6a3, 0xe5a699, 0xe5a696, 0xe5a68d,
    0xe5a6a4, 0xe5a693, 0xe5a68a, 0xe5a6a5, 0xe5ad9d, 0xe5ad9c, 0xe5ad9a, 0xe5ad9b, 0xe5ae8c,
    0xe5ae8b, 0xe5ae8f, 0xe5b0ac, 0xe5b180, 0xe5b181, 0xe5b0bf, 0xe5b0be, 0xe5b290, 0xe5b291,
    0xe5b294, 0xe5b28c, 0xe5b7ab, 0xe5b88c, 0xe5ba8f, 0xe5ba87, 0xe5ba8a, 0xe5bbb7, 0xe5bc84,
    0xe5bc9f, 0xe5bda4, 0xe5bda2, 0xe5bdb7, 0xe5bdb9, 0xe5bf98, 0xe5bf8c, 0xe5bf97, 0xe5bf8d,
    0xe5bfb1, 0xe5bfab, 0xe5bfb8, 0xe5bfaa, 0xe68892, 0xe68891, 0xe68a84, 0xe68a97, 0xe68a96,
    0xe68a80, 0xe689b6, 0xe68a89, 0xe689ad, 0xe68a8a, 0xe689bc, 0xe689be, 0xe689b9, 0xe689b3,
    0xe68a92, 0xe689af, 0xe68a98, 0xe689ae, 0xe68a95, 0xe68a93, 0xe68a91, 0xe68a86, 0xe694b9,
    0xe694bb, 0xe694b8, 0xe697b1, 0xe69bb4, 0xe69d9f, 0xe69d8e, 0xe69d8f, 0xe69d90, 0xe69d91,
    0xe69d9c, 0xe69d96, 0xe69d9e, 0xe69d89, 0xe69d86, 0xe69da0, 0xe69d93, 0xe69d97, 0xe6ada5,
    0xe6af8f, 0xe6b182, 0xe6b19e, 0xe6b299, 0xe6b281, 0xe6b288, 0xe6b289, 0xe6b285, 0xe6b29b,
    0xe6b1aa, 0xe6b1ba, 0xe6b290, 0xe6b1b0, 0xe6b28c, 0xe6b1a8, 0xe6b296, 0xe6b292, 0xe6b1bd,
    0xe6b283, 0xe6b1b2, 0xe6b1be, 0xe6b1b4, 0xe6b286, 0xe6b1b6, 0xe6b28d, 0xe6b294, 0xe6b298,
    0xe6b282, 0xe781b6, 0xe781bc, 0xe781bd, 0xe781b8, 0xe789a2, 0xe789a1, 0xe789a0, 0xe78b84,
    0xe78b82, 0xe78e96, 0xe794ac, 0xe794ab, 0xe794b7, 0xe794b8, 0xe79a82, 0xe79baf, 0xe79fa3,
    0xe7a781, 0xe7a780, 0xe7a6bf, 0xe7a9b6, 0xe7b3bb, 0xe7bd95, 0xe88296, 0xe88293, 0xe8829d,
    0xe88298, 0xe8829b, 0xe8829a, 0xe882b2, 0xe889af, 0xe88a92, 0xe88a8b, 0xe88a8d, 0xe8a68b,
    0xe8a792, 0xe8a880, 0xe8b0b7, 0xe8b186, 0xe8b195, 0xe8b29d, 0xe8b5a4, 0xe8b5b0, 0xe8b6b3,
    0xe8baab, 0xe8bb8a, 0xe8be9b, 0xe8beb0, 0xe8bf82, 0xe8bf86, 0xe8bf85, 0xe8bf84, 0xe5b7a1,
    0xe98291, 0xe982a2, 0xe982aa, 0xe982a6, 0xe982a3, 0xe98589, 0xe98786, 0xe9878c, 0xe998b2,
    0xe998ae, 0xe998b1, 0xe998aa, 0xe998ac, 0xe4b8a6, 0xe4b996, 0xe4b9b3, 0xe4ba8b, 0xe4ba9b,
    0xe4ba9e, 0xe4baab, 0xe4baac, 0xe4bdaf, 0xe4be9d, 0xe4be8d, 0xe4bdb3, 0xe4bdbf, 0xe4bdac,
    0xe4be9b, 0xe4be8b, 0xe4be86, 0xe4be83, 0xe4bdb0, 0xe4bdb5, 0xe4be88, 0xe4bda9, 0xe4bdbb,
    0xe4be96, 0xe4bdbe, 0xe4be8f, 0xe4be91, 0xe4bdba, 0xe58594, 0xe58592, 0xe58595, 0xe585a9,
    0xe585b7, 0xe585b6, 0xe585b8, 0xe586bd, 0xe587bd, 0xe588bb, 0xe588b8, 0xe588b7, 0xe588ba,
    0xe588b0, 0xe588ae, 0xe588b6, 0xe58981, 0xe58abe, 0xe58abb, 0xe58d92, 0xe58d94, 0xe58d93,
    0xe58d91, 0xe58da6, 0xe58db7, 0xe58db8, 0xe58db9, 0xe58f96, 0xe58f94, 0xe58f97, 0xe591b3,
    0xe591b5, 0xe59296, 0xe591b8, 0xe59295, 0xe59280, 0xe591bb, 0xe591b7, 0xe59284, 0xe59292,
    0xe59286, 0xe591bc, 0xe59290, 0xe591b1, 0xe591b6, 0xe5928c, 0xe5929a, 0xe591a2, 0xe591a8,
    0xe5928b, 0xe591bd, 0xe5928e, 0xe59bba, 0xe59e83, 0xe59db7, 0xe59daa, 0xe59da9, 0xe59da1,
    0xe59da6, 0xe59da4, 0xe59dbc, 0xe5a49c, 0xe5a589, 0xe5a587, 0xe5a588, 0xe5a584, 0xe5a594,
    0xe5a6be, 0xe5a6bb, 0xe5a794, 0xe5a6b9, 0xe5a6ae, 0xe5a791, 0xe5a786, 0xe5a790, 0xe5a78d,
    0xe5a78b, 0xe5a793, 0xe5a78a, 0xe5a6af, 0xe5a6b3, 0xe5a792, 0xe5a785, 0xe5ad9f, 0xe5ada4,
    0xe5ada3, 0xe5ae97, 0xe5ae9a, 0xe5ae98, 0xe5ae9c, 0xe5ae99, 0xe5ae9b, 0xe5b09a, 0xe5b188,
    0xe5b185, 0xe5b186, 0xe5b2b7, 0xe5b2a1, 0xe5b2b8, 0xe5b2a9, 0xe5b2ab, 0xe5b2b1, 0xe5b2b3,
    0xe5b898, 0xe5b89a, 0xe5b896, 0xe5b895, 0xe5b89b, 0xe5b891, 0xe5b9b8, 0xe5ba9a, 0xe5ba97,
    0xe5ba9c, 0xe5ba95, 0xe5ba96, 0xe5bbb6, 0xe5bca6, 0xe5bca7, 0xe5bca9, 0xe5be80, 0xe5be81,
    0xe5bdbf, 0xe5bdbc, 0xe5bf9d, 0xe5bfa0, 0xe5bfbd, 0xe5bfb5, 0xe5bfbf, 0xe6808f, 0xe68094,
    0xe680af, 0xe680b5, 0xe68096, 0xe680aa, 0xe68095, 0xe680a1, 0xe680a7, 0xe680a9, 0xe680ab,
    0xe6809b, 0xe68896, 0xe68895, 0xe688bf, 0xe688be, 0xe68980, 0xe689bf, 0xe68b89, 0xe68b8c,
    0xe68b84, 0xe68abf, 0xe68b82, 0xe68ab9, 0xe68b92, 0xe68b9b, 0xe68aab, 0xe68b93, 0xe68b94,
    0xe68b8b, 0xe68b88, 0xe68aa8, 0xe68abd, 0xe68abc, 0xe68b90, 0xe68b99, 0xe68b87, 0xe68b8d,
    0xe68ab5, 0xe68b9a, 0xe68ab1, 0xe68b98, 0xe68b96, 0xe68b97, 0xe68b86, 0xe68aac, 0xe68b8e,
    0xe694be, 0xe696a7, 0xe696bc, 0xe697ba, 0xe69894, 0xe69893, 0xe6988c, 0xe69886, 0xe69882,
    0xe6988e, 0xe69880, 0xe6988f, 0xe69895, 0xe6988a, 0xe69887, 0xe69c8d, 0xe69c8b, 0xe69dad,
    0xe69e8b, 0xe69e95, 0xe69db1, 0xe69e9c, 0xe69db3, 0xe69db7, 0xe69e87, 0xe69e9d, 0xe69e97,
    0xe69daf, 0xe69db0, 0xe69dbf, 0xe69e89, 0xe69dbe, 0xe69e90, 0xe69db5, 0xe69e9a, 0xe69e93,
    0xe69dbc, 0xe69daa, 0xe69db2, 0xe6aca3, 0xe6ada6, 0xe6ada7, 0xe6adbf, 0xe6b093, 0xe6b09b,
    0xe6b3a3, 0xe6b3a8, 0xe6b3b3, 0xe6b2b1, 0xe6b38c, 0xe6b3a5, 0xe6b2b3, 0xe6b2bd, 0xe6b2be,
    0xe6b2bc, 0xe6b3a2, 0xe6b2ab, 0xe6b395, 0xe6b393, 0xe6b2b8, 0xe6b384, 0xe6b2b9, 0xe6b381,
    0xe6b2ae, 0xe6b397, 0xe6b385, 0xe6b3b1, 0xe6b2bf, 0xe6b2bb, 0xe6b3a1, 0xe6b39b, 0xe6b38a,
    0xe6b2ac, 0xe6b3af, 0xe6b39c, 0xe6b396, 0xe6b3a0, 0xe78295, 0xe7828e, 0xe78292, 0xe7828a,
    0xe78299, 0xe788ac, 0xe788ad, 0xe788b8, 0xe78988, 0xe789a7, 0xe789a9, 0xe78b80, 0xe78b8e,
    0xe78b99, 0xe78b97, 0xe78b90, 0xe78ea9, 0xe78ea8, 0xe78e9f, 0xe78eab, 0xe78ea5, 0xe794bd,
    0xe7969d, 0xe79699, 0xe7969a, 0xe79a84, 0xe79b82, 0xe79bb2, 0xe79bb4, 0xe79fa5, 0xe79fbd,
    0xe7a4be, 0xe7a580, 0xe7a581, 0xe7a789, 0xe7a788, 0xe7a9ba, 0xe7a9b9, 0xe7abba, 0xe7b3be,
    0xe7bd94, 0xe7be8c, 0xe7be8b, 0xe88085, 0xe882ba, 0xe882a5, 0xe882a2, 0xe882b1, 0xe882a1,
    0xe882ab, 0xe882a9, 0xe882b4, 0xe882aa, 0xe882af, 0xe887a5, 0xe887be, 0xe8888d, 0xe88ab3,
    0xe88a9d, 0xe88a99, 0xe88aad, 0xe88abd, 0xe88a9f, 0xe88ab9, 0xe88ab1, 0xe88aac, 0xe88aa5,
    0xe88aaf, 0xe88ab8, 0xe88aa3, 0xe88ab0, 0xe88abe, 0xe88ab7, 0xe8998e, 0xe899b1, 0xe5889d,
    0xe8a1a8, 0xe8bb8b, 0xe8bf8e, 0xe8bf94, 0xe8bf91, 0xe982b5, 0xe982b8, 0xe982b1, 0xe982b6,
    0xe98787, 0xe98791, 0xe995b7, 0xe99680, 0xe9989c, 0xe99980, 0xe998bf, 0xe998bb, 0xe99984,
    0xe99982, 0xe99ab9, 0xe99ba8, 0xe99d92, 0xe99d9e, 0xe4ba9f, 0xe4baad, 0xe4baae, 0xe4bfa1,
    0xe4beb5, 0xe4beaf, 0xe4bebf, 0xe4bfa0, 0xe4bf91, 0xe4bf8f, 0xe4bf9d, 0xe4bf83, 0xe4beb6,
    0xe4bf98, 0xe4bf9f, 0xe4bf8a, 0xe4bf97, 0xe4beae, 0xe4bf90, 0xe4bf84, 0xe4bf82, 0xe4bf9a,
    0xe4bf8e, 0xe4bf9e, 0xe4beb7, 0xe58597, 0xe58692, 0xe58691, 0xe586a0, 0xe5898e, 0xe58983,
    0xe5898a, 0xe5898d, 0xe5898c, 0xe5898b, 0xe58987, 0xe58b87, 0xe58b89, 0xe58b83, 0xe58b81,
    0xe58c8d, 0xe58d97, 0xe58dbb, 0xe58e9a, 0xe58f9b, 0xe592ac, 0xe59380, 0xe592a8, 0xe5938e,
    0xe59389, 0xe592b8, 0xe592a6, 0xe592b3, 0xe59387, 0xe59382, 0xe592bd, 0xe592aa, 0xe59381,
    0xe59384, 0xe59388, 0xe592af, 0xe592ab, 0xe592b1, 0xe592bb, 0xe592a9, 0xe592a7, 0xe592bf,
    0xe59bbf, 0xe59e82, 0xe59e8b, 0xe59ea0, 0xe59ea3, 0xe59ea2, 0xe59f8e, 0xe59eae, 0xe59e93,
    0xe5a595, 0xe5a591, 0xe5a58f, 0xe5a58e, 0xe5a590, 0xe5a79c, 0xe5a798, 0xe5a7bf, 0xe5a7a3,
    0xe5a7a8, 0xe5a883, 0xe5a7a5, 0xe5a7aa, 0xe5a79a, 0xe5a7a6, 0xe5a881, 0xe5a7bb, 0xe5ada9,
    0xe5aea3, 0xe5aea6, 0xe5aea4, 0xe5aea2, 0xe5aea5, 0xe5b081, 0xe5b18e, 0xe5b18f, 0xe5b18d,
    0xe5b18b, 0xe5b399, 0xe5b392, 0xe5b7b7, 0xe5b89d, 0xe5b8a5, 0xe5b89f, 0xe5b9bd, 0xe5baa0,
    0xe5baa6, 0xe5bbba, 0xe5bc88, 0xe5bcad, 0xe5bda5, 0xe5be88, 0xe5be85, 0xe5be8a, 0xe5be8b,
    0xe5be87, 0xe5be8c, 0xe5be89, 0xe68092, 0xe6809d, 0xe680a0, 0xe680a5, 0xe6808e, 0xe680a8,
    0xe6818d, 0xe681b0, 0xe681a8, 0xe681a2, 0xe68186, 0xe68183, 0xe681ac, 0xe681ab, 0xe681aa,
    0xe681a4, 0xe68981, 0xe68b9c, 0xe68c96, 0xe68c89, 0xe68bbc, 0xe68bad, 0xe68c81, 0xe68bae,
    0xe68bbd, 0xe68c87, 0xe68bb1, 0xe68bb7, 0xe68baf, 0xe68bac, 0xe68bbe, 0xe68bb4, 0xe68c91,
    0xe68c82, 0xe694bf, 0xe69585, 0xe696ab, 0xe696bd, 0xe697a2, 0xe698a5, 0xe698ad, 0xe698a0,
    0xe698a7, 0xe698af, 0xe6989f, 0xe698a8, 0xe698b1, 0xe698a4, 0xe69bb7, 0xe69fbf, 0xe69f93,
    0xe69fb1, 0xe69f94, 0xe69f90, 0xe69fac, 0xe69eb6, 0xe69eaf, 0xe69fb5, 0xe69fa9, 0xe69faf,
    0xe69f84, 0xe69f91, 0xe69eb4, 0xe69f9a, 0xe69fa5, 0xe69eb8, 0xe69f8f, 0xe69f9e, 0xe69fb3,
    0xe69eb0, 0xe69f99, 0xe69fa2, 0xe69f9d, 0xe69f92, 0xe6adaa, 0xe6ae83, 0xe6ae86, 0xe6aeb5,
    0xe6af92, 0xe6af97, 0xe6b09f, 0xe6b389, 0xe6b48b, 0xe6b4b2, 0xe6b4aa, 0xe6b581, 0xe6b4a5,
    0xe6b48c, 0xe6b4b1, 0xe6b49e, 0xe6b497, 0xe6b4bb, 0xe6b4bd, 0xe6b4be, 0xe6b4b6, 0xe6b49b,
    0xe6b3b5, 0xe6b4b9, 0xe6b4a7, 0xe6b4b8, 0xe6b4a9, 0xe6b4ae, 0xe6b4b5, 0xe6b48e, 0xe6b4ab,
    0xe782ab, 0xe782ba, 0xe782b3, 0xe782ac, 0xe782af, 0xe782ad, 0xe782b8, 0xe782ae, 0xe782a4,
    0xe788b0, 0xe789b2, 0xe789af, 0xe789b4, 0xe78ba9, 0xe78ba0, 0xe78ba1, 0xe78eb7, 0xe78f8a,
    0xe78ebb, 0xe78eb2, 0xe78f8d, 0xe78f80, 0xe78eb3, 0xe7949a, 0xe794ad, 0xe7958f, 0xe7958c,
    0xe7958e, 0xe7958b, 0xe796ab, 0xe796a4, 0xe796a5, 0xe796a2, 0xe796a3, 0xe799b8, 0xe79a86,
    0xe79a87, 0xe79a88, 0xe79b88, 0xe79b86, 0xe79b83, 0xe79b85, 0xe79c81, 0xe79bb9, 0xe79bb8,
    0xe79c89, 0xe79c8b, 0xe79bbe, 0xe79bbc, 0xe79c87, 0xe79f9c, 0xe7a082, 0xe7a094, 0xe7a08c,
    0xe7a08d, 0xe7a586, 0xe7a589, 0xe7a588, 0xe7a587, 0xe7a6b9, 0xe7a6ba, 0xe7a791, 0xe7a792,
    0xe7a78b, 0xe7a9bf, 0xe7aa81, 0xe7abbf, 0xe7abbd, 0xe7b1bd, 0xe7b482, 0xe7b485, 0xe7b480,
    0xe7b489, 0xe7b487, 0xe7b484, 0xe7b486, 0xe7bcb8, 0xe7be8e, 0xe7bebf, 0xe88090, 0xe8808d,
    0xe88091, 0xe880b6, 0xe88396, 0xe883a5, 0xe8839a, 0xe88383, 0xe88384, 0xe8838c, 0xe883a1,
    0xe8839b, 0xe8838e, 0xe8839e, 0xe883a4, 0xe8839d, 0xe887b4, 0xe888a2, 0xe88ba7, 0xe88c83,
    0xe88c85, 0xe88ba3, 0xe88b9b, 0xe88ba6, 0xe88c84, 0xe88ba5, 0xe88c82, 0xe88c89, 0xe88b92,
    0xe88b97, 0xe88bb1, 0xe88c81, 0xe88b9c, 0xe88b94, 0xe88b91, 0xe88b9e, 0xe88b93, 0xe88b9f,
    0xe88baf, 0xe88c86, 0xe89990, 0xe899b9, 0xe899bb, 0xe899ba, 0xe8a18d, 0xe8a1ab, 0xe8a681,
    0xe8a794, 0xe8a888, 0xe8a882, 0xe8a883, 0xe8b29e, 0xe8b2a0, 0xe8b5b4, 0xe8b5b3, 0xe8b6b4,
    0xe8bb8d, 0xe8bb8c, 0xe8bfb0, 0xe8bfa6, 0xe8bfa2, 0xe8bfaa, 0xe8bfa5, 0xe8bfad, 0xe8bfab,
    0xe8bfa4, 0xe8bfa8, 0xe9838a, 0xe9838e, 0xe98381, 0xe98383, 0xe9858b, 0xe9858a, 0xe9878d,
    0xe99682, 0xe99990, 0xe9998b, 0xe9998c, 0xe9998d, 0xe99da2, 0xe99da9, 0xe99f8b, 0xe99fad,
    0xe99fb3, 0xe9a081, 0xe9a2a8, 0xe9a39b, 0xe9a39f, 0xe9a696, 0xe9a699, 0xe4b998, 0xe4bab3,
    0xe5808c, 0xe5808d, 0xe580a3, 0xe4bfaf, 0xe580a6, 0xe580a5, 0xe4bfb8, 0xe580a9, 0xe58096,
    0xe58086, 0xe580bc, 0xe5809f, 0xe5809a, 0xe58092, 0xe58091, 0xe4bfba, 0xe58080, 0xe58094,
    0xe580a8, 0xe4bfb1, 0xe580a1, 0xe5808b, 0xe58099, 0xe58098, 0xe4bfb3, 0xe4bfae, 0xe580ad,
    0xe580aa, 0xe4bfbe, 0xe580ab, 0xe58089, 0xe585bc, 0xe586a4, 0xe586a5, 0xe586a2, 0xe5878d,
    0xe5878c, 0xe58786, 0xe5878b, 0xe58996, 0xe5899c, 0xe58994, 0xe5899b, 0xe5899d, 0xe58caa,
    0xe58dbf, 0xe58e9f, 0xe58e9d, 0xe58f9f, 0xe593a8, 0xe59490, 0xe59481, 0xe594b7, 0xe593bc,
    0xe593a5, 0xe593b2, 0xe59486, 0xe593ba, 0xe59494, 0xe593a9, 0xe593ad, 0xe593a1, 0xe59489,
    0xe593ae, 0xe593aa, 0xe593a6, 0xe594a7, 0xe59487, 0xe593bd, 0xe5948f, 0xe59c83, 0xe59c84,
    0xe59f82, 0xe59f94, 0xe59f8b, 0xe59f83, 0xe5a089, 0xe5a48f, 0xe5a597, 0xe5a598, 0xe5a59a,
    0xe5a891, 0xe5a898, 0xe5a89c, 0xe5a89f, 0xe5a89b, 0xe5a893, 0xe5a7ac, 0xe5a8a0, 0xe5a8a3,
    0xe5a8a9, 0xe5a8a5, 0xe5a88c, 0xe5a889, 0xe5adab, 0xe5b198, 0xe5aeb0, 0xe5aeb3, 0xe5aeb6,
    0xe5aeb4, 0xe5aeae, 0xe5aeb5, 0xe5aeb9, 0xe5aeb8, 0xe5b084, 0xe5b191, 0xe5b195, 0xe5b190,
    0xe5b3ad, 0xe5b3bd, 0xe5b3bb, 0xe5b3aa, 0xe5b3a8, 0xe5b3b0, 0xe5b3b6, 0xe5b481, 0xe5b3b4,
    0xe5b7ae, 0xe5b8ad, 0xe5b8ab, 0xe5baab, 0xe5baad, 0xe5baa7, 0xe5bcb1, 0xe5be92, 0xe5be91,
    0xe5be90, 0xe68199, 0xe681a3, 0xe681a5, 0xe68190, 0xe68195, 0xe681ad, 0xe681a9, 0xe681af,
    0xe68284, 0xe6829f, 0xe6829a, 0xe6828d, 0xe68294, 0xe6828c, 0xe68285, 0xe68296, 0xe68987,
    0xe68bb3, 0xe68c88, 0xe68bbf, 0xe68d8e, 0xe68cbe, 0xe68caf, 0xe68d95, 0xe68d82, 0xe68d86,
    0xe68d8f, 0xe68d89, 0xe68cba, 0xe68d90, 0xe68cbd, 0xe68caa, 0xe68cab, 0xe68ca8, 0xe68d8d,
    0xe68d8c, 0xe69588, 0xe69589, 0xe69699, 0xe69781, 0xe69785, 0xe69982, 0xe69989, 0xe6998f,
    0xe69983, 0xe69992, 0xe6998c, 0xe69985, 0xe69981, 0xe69bb8, 0xe69c94, 0xe69c95, 0xe69c97,
    0xe6a0a1, 0xe6a0b8, 0xe6a188, 0xe6a186, 0xe6a193, 0xe6a0b9, 0xe6a182, 0xe6a194, 0xe6a0a9,
    0xe6a2b3, 0xe6a097, 0xe6a18c, 0xe6a191, 0xe6a0bd, 0xe69fb4, 0xe6a190, 0xe6a180, 0xe6a0bc,
    0xe6a183, 0xe6a0aa, 0xe6a185, 0xe6a093, 0xe6a098, 0xe6a181, 0xe6ae8a, 0xe6ae89, 0xe6aeb7,
    0xe6b0a3, 0xe6b0a7, 0xe6b0a8, 0xe6b0a6, 0xe6b0a4, 0xe6b3b0, 0xe6b5aa, 0xe6b695, 0xe6b688,
    0xe6b687, 0xe6b5a6, 0xe6b5b8, 0xe6b5b7, 0xe6b599, 0xe6b693, 0xe6b5ac, 0xe6b689, 0xe6b5ae,
    0xe6b59a, 0xe6b5b4, 0xe6b5a9, 0xe6b68c, 0xe6b68a, 0xe6b5b9, 0xe6b685, 0xe6b5a5, 0xe6b694,
    0xe7838a, 0xe78398, 0xe783a4, 0xe78399, 0xe78388, 0xe7838f, 0xe788b9, 0xe789b9, 0xe78bbc,
    0xe78bb9, 0xe78bbd, 0xe78bb8, 0xe78bb7, 0xe78e86, 0xe78fad, 0xe79089, 0xe78fae, 0xe78fa0,
    0xe78faa, 0xe78f9e, 0xe79594, 0xe7959d, 0xe7959c, 0xe7959a, 0xe79599, 0xe796be, 0xe79785,
    0xe79787, 0xe796b2, 0xe796b3, 0xe796bd, 0xe796bc, 0xe796b9, 0xe79782, 0xe796b8, 0xe79a8b,
    0xe79ab0, 0xe79b8a, 0xe79b8d, 0xe79b8e, 0xe79ca9, 0xe79c9f, 0xe79ca0, 0xe79ca8, 0xe79fa9,
    0xe7a0b0, 0xe7a0a7, 0xe7a0b8, 0xe7a09d, 0xe7a0b4, 0xe7a0b7, 0xe7a0a5, 0xe7a0ad, 0xe7a0a0,
    0xe7a09f, 0xe7a0b2, 0xe7a595, 0xe7a590, 0xe7a5a0, 0xe7a59f, 0xe7a596, 0xe7a59e, 0xe7a59d,
    0xe7a597, 0xe7a59a, 0xe7a7a4, 0xe7a7a3, 0xe7a7a7, 0xe7a79f, 0xe7a7a6, 0xe7a7a9, 0xe7a798,
    0xe7aa84, 0xe7aa88, 0xe7ab99, 0xe7ac86, 0xe7ac91, 0xe7b289, 0xe7b4a1, 0xe7b497, 0xe7b48b,
    0xe7b48a, 0xe7b4a0, 0xe7b4a2, 0xe7b494, 0xe7b490, 0xe7b495, 0xe7b49a, 0xe7b49c, 0xe7b48d,
    0xe7b499, 0xe7b49b, 0xe7bcba, 0xe7bd9f, 0xe7be94, 0xe7bf85, 0xe7bf81, 0xe88086, 0xe88084,
    0xe88098, 0xe88095, 0xe88099, 0xe88097, 0xe880bd, 0xe880bf, 0xe883b1, 0xe88482, 0xe883b0,
    0xe88485, 0xe883ad, 0xe883b4, 0xe88486, 0xe883b8, 0xe883b3, 0xe88488, 0xe883bd, 0xe8848a,
    0xe883bc, 0xe883af, 0xe887ad, 0xe887ac, 0xe88880, 0xe88890, 0xe888aa, 0xe888ab, 0xe888a8,
    0xe888ac, 0xe88abb, 0xe88cab, 0xe88d92, 0xe88d94, 0xe88d8a, 0xe88cb8, 0xe88d90, 0xe88d89,
    0xe88cb5, 0xe88cb4, 0xe88d8f, 0xe88cb2, 0xe88cb9, 0xe88cb6, 0xe88c97, 0xe88d80, 0xe88cb1,
    0xe88ca8, 0xe88d83, 0xe89994, 0xe89a8a, 0xe89aaa, 0xe89a93, 0xe89aa4, 0xe89aa9, 0xe89a8c,
    0xe89aa3, 0xe89a9c, 0xe8a1b0, 0xe8a1b7, 0xe8a281, 0xe8a282, 0xe8a1bd, 0xe8a1b9, 0xe8a898,
    0xe8a890, 0xe8a88e, 0xe8a88c, 0xe8a895, 0xe8a88a, 0xe8a897, 0xe8a893, 0xe8a896, 0xe8a88f,
    0xe8a891, 0xe8b188, 0xe8b1ba, 0xe8b1b9, 0xe8b2a1, 0xe8b2a2, 0xe8b5b7, 0xe8baac, 0xe8bb92,
    0xe8bb94, 0xe8bb8f, 0xe8beb1, 0xe98081, 0xe98086, 0xe8bfb7, 0xe98080, 0xe8bfba, 0xe8bfb4,
    0xe98083, 0xe8bfbd, 0xe98085, 0xe8bfb8, 0xe98295, 0xe983a1, 0xe9839d, 0xe983a2, 0xe98592,
    0xe9858d, 0xe9858c, 0xe98798, 0xe9879d, 0xe98797, 0xe9879c, 0xe98799, 0xe99683, 0xe999a2,
    0xe999a3, 0xe999a1, 0xe9999b, 0xe9999d, 0xe999a4, 0xe99998, 0xe9999e, 0xe99abb, 0xe9a3a2,
    0xe9a6ac, 0xe9aaa8, 0xe9ab98, 0xe9aca5, 0xe9acb2, 0xe9acbc, 0xe4b9be, 0xe581ba, 0xe581bd,
    0xe5819c, 0xe58187, 0xe58183, 0xe5818c, 0xe5819a, 0xe58189, 0xe581a5, 0xe581b6, 0xe5818e,
    0xe58195, 0xe581b5, 0xe581b4, 0xe581b7, 0xe5818f, 0xe5808f, 0xe581af, 0xe581ad, 0xe5859c,
    0xe58695, 0xe587b0, 0xe589aa, 0xe589af, 0xe58b92, 0xe58b99, 0xe58b98, 0xe58b95, 0xe58c90,
    0xe58c8f, 0xe58c99, 0xe58cbf, 0xe58d80, 0xe58cbe, 0xe58f83, 0xe69bbc, 0xe59586, 0xe595aa,
    0xe595a6, 0xe59584, 0xe5959e, 0xe595a1, 0xe59583, 0xe5958a, 0xe594b1, 0xe59596, 0xe5958f,
    0xe59595, 0xe594af, 0xe595a4, 0xe594b8, 0xe594ae, 0xe5959c, 0xe594ac, 0xe595a3, 0xe594b3,
    0xe59581, 0xe59597, 0xe59c88, 0xe59c8b, 0xe59c89, 0xe59f9f, 0xe5a085, 0xe5a08a, 0xe5a086,
    0xe59fa0, 0xe59fa4, 0xe59fba, 0xe5a082, 0xe5a0b5, 0xe59fb7, 0xe59fb9, 0xe5a4a0, 0xe5a5a2,
    0xe5a8b6, 0xe5a981, 0xe5a989, 0xe5a9a6, 0xe5a9aa, 0xe5a980, 0xe5a8bc, 0xe5a9a2, 0xe5a99a,
    0xe5a986, 0xe5a98a, 0xe5adb0, 0xe5af87, 0xe5af85, 0xe5af84, 0xe5af82, 0xe5aebf, 0xe5af86,
    0xe5b089, 0xe5b088, 0xe5b087, 0xe5b1a0, 0xe5b19c, 0xe5b19d, 0xe5b487, 0xe5b486, 0xe5b48e,
    0xe5b49b, 0xe5b496, 0xe5b4a2, 0xe5b491, 0xe5b4a9, 0xe5b494, 0xe5b499, 0xe5b4a4, 0xe5b4a7,
    0xe5b497, 0xe5b7a2, 0xe5b8b8, 0xe5b8b6, 0xe5b8b3, 0xe5b8b7, 0xe5bab7, 0xe5bab8, 0xe5bab6,
    0xe5bab5, 0xe5babe, 0xe5bcb5, 0xe5bcb7, 0xe5bd97, 0xe5bdac, 0xe5bda9, 0xe5bdab, 0xe5be97,
    0xe5be99, 0xe5be9e, 0xe5be98, 0xe5bea1, 0xe5bea0, 0xe5be9c, 0xe681bf, 0xe682a3, 0xe68289,
    0xe682a0, 0xe682a8, 0xe6838b, 0xe682b4, 0xe683a6, 0xe682bd, 0xe68385, 0xe682bb, 0xe682b5,
    0xe6839c, 0xe682bc, 0xe68398, 0xe68395, 0xe68386, 0xe6839f, 0xe682b8, 0xe6839a, 0xe68387,
    0xe6889a, 0xe6889b, 0xe68988, 0xe68ea0, 0xe68ea7, 0xe68db2, 0xe68e96, 0xe68ea2, 0xe68ea5,
    0xe68db7, 0xe68da7, 0xe68e98, 0xe68eaa, 0xe68db1, 0xe68ea9, 0xe68e89, 0xe68e83, 0xe68e9b,
    0xe68dab, 0xe68ea8, 0xe68e84, 0xe68e88, 0xe68e99, 0xe68ea1, 0xe68eac, 0xe68e92, 0xe68e8f,
    0xe68e80, 0xe68dbb, 0xe68da9, 0xe68da8, 0xe68dba, 0xe6959d, 0xe69596, 0xe69591, 0xe69599,
    0xe69597, 0xe5959f, 0xe6958f, 0xe69598, 0xe69595, 0xe69594, 0xe6969c, 0xe6969b, 0xe696ac,
    0xe6978f, 0xe6978b, 0xe6978c, 0xe6978e, 0xe6999d, 0xe6999a, 0xe699a4, 0xe699a8, 0xe699a6,
    0xe6999e, 0xe69bb9, 0xe58b97, 0xe69c9b, 0xe6a281, 0xe6a2af, 0xe6a2a2, 0xe6a293, 0xe6a2b5,
    0xe6a1bf, 0xe6a1b6, 0xe6a2b1, 0xe6a2a7, 0xe6a297, 0xe6a2b0, 0xe6a283, 0xe6a384, 0xe6a2ad,
    0xe6a286, 0xe6a285, 0xe6a294, 0xe6a29d, 0xe6a2a8, 0xe6a29f, 0xe6a2a1, 0xe6a282, 0xe6acb2,
    0xe6aeba, 0xe6afab, 0xe6afac, 0xe6b0ab, 0xe6b68e, 0xe6b6bc, 0xe6b7b3, 0xe6b799, 0xe6b6b2,
    0xe6b7a1, 0xe6b78c, 0xe6b7a4, 0xe6b7bb, 0xe6b7ba, 0xe6b885, 0xe6b787, 0xe6b78b, 0xe6b6af,
    0xe6b791, 0xe6b6ae, 0xe6b79e, 0xe6b7b9, 0xe6b6b8, 0xe6b7b7, 0xe6b7b5, 0xe6b785, 0xe6b792,
    0xe6b89a, 0xe6b6b5, 0xe6b79a, 0xe6b7ab, 0xe6b798, 0xe6b7aa, 0xe6b7b1, 0xe6b7ae, 0xe6b7a8,
    0xe6b786, 0xe6b784, 0xe6b6aa, 0xe6b7ac, 0xe6b6bf, 0xe6b7a6, 0xe783b9, 0xe78489, 0xe7848a,
    0xe783bd, 0xe783af, 0xe788bd, 0xe789bd, 0xe78a81, 0xe78c9c, 0xe78c9b, 0xe78c96, 0xe78c93,
    0xe78c99, 0xe78e87, 0xe79085, 0xe7908a, 0xe79083, 0xe79086, 0xe78fbe, 0xe7908d, 0xe793a0,
    0xe793b6, 0xe793b7, 0xe7949c, 0xe794a2, 0xe795a5, 0xe795a6, 0xe795a2, 0xe795b0, 0xe7968f,
    0xe79794, 0xe79795, 0xe796b5, 0xe7978a, 0xe7978d, 0xe79a8e, 0xe79b94, 0xe79b92, 0xe79b9b,
    0xe79cb7, 0xe79cbe, 0xe79cbc, 0xe79cb6, 0xe79cb8, 0xe79cba, 0xe7a1ab, 0xe7a183, 0xe7a18e,
    0xe7a5a5, 0xe7a5a8, 0xe7a5ad, 0xe7a7bb, 0xe7aa92, 0xe7aa95, 0xe7aca0, 0xe7aca8, 0xe7ac9b,
    0xe7acac, 0xe7aca6, 0xe7ac99, 0xe7ac9e, 0xe7acae, 0xe7b292, 0xe7b297, 0xe7b295, 0xe7b586,
    0xe7b583, 0xe7b5b1, 0xe7b4ae, 0xe7b4b9, 0xe7b4bc, 0xe7b580, 0xe7b4b0, 0xe7b4b3, 0xe7b584,
    0xe7b4af, 0xe7b582, 0xe7b4b2, 0xe7b4b1, 0xe7bcbd, 0xe7be9e, 0xe7be9a, 0xe7bf8c, 0xe7bf8e,
    0xe7bf92, 0xe8809c, 0xe8818a, 0xe88186, 0xe884af, 0xe88496, 0xe884a3, 0xe884ab, 0xe884a9,
    0xe884b0, 0xe884a4, 0xe88882, 0xe888b5, 0xe888b7, 0xe888b6, 0xe888b9, 0xe88e8e, 0xe88e9e,
    0xe88e98, 0xe88db8, 0xe88ea2, 0xe88e96, 0xe88ebd, 0xe88eab, 0xe88e92, 0xe88e8a, 0xe88e93,
    0xe88e89, 0xe88ea0, 0xe88db7, 0xe88dbb, 0xe88dbc, 0xe88e86, 0xe88ea7, 0xe89995, 0xe5bdaa,
    0xe89b87, 0xe89b80, 0xe89ab6, 0xe89b84, 0xe89ab5, 0xe89b86, 0xe89b8b, 0xe89ab1, 0xe89aaf,
    0xe89b89, 0xe8a193, 0xe8a29e, 0xe8a288, 0xe8a2ab, 0xe8a292, 0xe8a296, 0xe8a28d, 0xe8a28b,
    0xe8a693, 0xe8a68f, 0xe8a8aa, 0xe8a89d, 0xe8a8a3, 0xe8a8a5, 0xe8a8b1, 0xe8a8ad, 0xe8a89f,
    0xe8a89b, 0xe8a8a2, 0xe8b189, 0xe8b19a, 0xe8b2a9, 0xe8b2ac, 0xe8b2ab, 0xe8b2a8, 0xe8b2aa,
    0xe8b2a7, 0xe8b5a7, 0xe8b5a6, 0xe8b6be, 0xe8b6ba, 0xe8bb9b, 0xe8bb9f, 0xe98099, 0xe9808d,
    0xe9809a, 0xe98097, 0xe980a3, 0xe9809f, 0xe9809d, 0xe98090, 0xe98095, 0xe9809e, 0xe980a0,
    0xe9808f, 0xe980a2, 0xe98096, 0xe9809b, 0xe98094, 0xe983a8, 0xe983ad, 0xe983bd, 0xe98597,
    0xe9878e, 0xe987b5, 0xe987a6, 0xe987a3, 0xe987a7, 0xe987ad, 0xe987a9, 0xe99689, 0xe999aa,
    0xe999b5, 0xe999b3, 0xe999b8, 0xe999b0, 0xe999b4, 0xe999b6, 0xe999b7, 0xe999ac, 0xe99b80,
    0xe99baa, 0xe99ba9, 0xe7aba0, 0xe7ab9f, 0xe9a082, 0xe9a083, 0xe9ad9a, 0xe9b3a5, 0xe9b9b5,
    0xe9b9bf, 0xe9baa5, 0xe9babb, 0xe582a2, 0xe5828d, 0xe58285, 0xe58299, 0xe58291, 0xe58280,
    0xe58296, 0xe58298, 0xe5829a, 0xe69c80, 0xe587b1, 0xe589b2, 0xe589b4, 0xe589b5, 0xe589a9,
    0xe58b9e, 0xe58b9d, 0xe58b9b, 0xe58d9a, 0xe58ea5, 0xe595bb, 0xe59680, 0xe596a7, 0xe595bc,
    0xe5968a, 0xe5969d, 0xe59698, 0xe59682, 0xe5969c, 0xe596aa, 0xe59694, 0xe59687, 0xe5968b,
    0xe59683, 0xe596b3, 0xe596ae, 0xe5969f, 0xe594be, 0xe596b2, 0xe5969a, 0xe596bb, 0xe596ac,
    0xe596b1, 0xe595be, 0xe59689, 0xe596ab, 0xe59699, 0xe59c8d, 0xe5a0af, 0xe5a0aa, 0xe5a0b4,
    0xe5a0a4, 0xe5a0b0, 0xe5a0b1, 0xe5a0a1, 0xe5a09d, 0xe5a0a0, 0xe5a3b9, 0xe5a3ba, 0xe5a5a0,
    0xe5a9b7, 0xe5aa9a, 0xe5a9bf, 0xe5aa92, 0xe5aa9b, 0xe5aaa7, 0xe5adb3, 0xe5adb1, 0xe5af92,
    0xe5af8c, 0xe5af93, 0xe5af90, 0xe5b08a, 0xe5b08b, 0xe5b0b1, 0xe5b58c, 0xe5b590, 0xe5b4b4,
    0xe5b587, 0xe5b7bd, 0xe5b985, 0xe5b8bd, 0xe5b980, 0xe5b983, 0xe5b9be, 0xe5bb8a, 0xe5bb81,
    0xe5bb82, 0xe5bb84, 0xe5bcbc, 0xe5bdad, 0xe5bea9, 0xe5beaa, 0xe5bea8, 0xe68391, 0xe683a1,
    0xe682b2, 0xe682b6, 0xe683a0, 0xe6849c, 0xe684a3, 0xe683ba, 0xe68495, 0xe683b0, 0xe683bb,
    0xe683b4, 0xe685a8, 0xe683b1, 0xe6848e, 0xe683b6, 0xe68489, 0xe68480, 0xe68492, 0xe6889f,
    0xe68989, 0xe68ea3, 0xe68e8c, 0xe68f8f, 0xe68f80, 0xe68fa9, 0xe68f89, 0xe68f86, 0xe68f8d,
    0xe68f92, 0xe68fa3, 0xe68f90, 0xe68fa1, 0xe68f96, 0xe68fad, 0xe68fae, 0xe68db6, 0xe68fb4,
    0xe68faa, 0xe68f9b, 0xe69192, 0xe68f9a, 0xe68fb9, 0xe6959e, 0xe695a6, 0xe695a2, 0xe695a3,
    0xe69691, 0xe69690, 0xe696af, 0xe699ae, 0xe699b0, 0xe699b4, 0xe699b6, 0xe699af, 0xe69a91,
    0xe699ba, 0xe699be, 0xe699b7, 0xe69bbe, 0xe69bbf, 0xe69c9f, 0xe69c9d, 0xe6a3ba, 0xe6a395,
    0xe6a3a0, 0xe6a398, 0xe6a397, 0xe6a485, 0xe6a39f, 0xe6a3b5, 0xe6a3ae, 0xe6a3a7, 0xe6a3b9,
    0xe6a392, 0xe6a3b2, 0xe6a3a3, 0xe6a38b, 0xe6a38d, 0xe6a48d, 0xe6a492, 0xe6a48e, 0xe6a389,
    0xe6a39a, 0xe6a5ae, 0xe6a3bb, 0xe6acbe, 0xe6acba, 0xe6acbd, 0xe6ae98, 0xe6ae96, 0xe6aebc,
    0xe6afaf, 0xe6b0ae, 0xe6b0af, 0xe6b0ac, 0xe6b8af, 0xe6b8b8, 0xe6b994, 0xe6b8a1, 0xe6b8b2,
    0xe6b9a7, 0xe6b98a, 0xe6b8a0, 0xe6b8a5, 0xe6b8a3, 0xe6b89b, 0xe6b99b, 0xe6b998, 0xe6b8a4,
    0xe6b996, 0xe6b9ae, 0xe6b8ad, 0xe6b8a6, 0xe6b9af, 0xe6b8b4, 0xe6b98d, 0xe6b8ba, 0xe6b8ac,
    0xe6b983, 0xe6b89d, 0xe6b8be, 0xe6bb8b, 0xe6ba89, 0xe6b899, 0xe6b98e, 0xe6b9a3, 0xe6b984,
    0xe6b9b2, 0xe6b9a9, 0xe6b99f, 0xe78499, 0xe7849a, 0xe784a6, 0xe784b0, 0xe784a1, 0xe784b6,
    0xe785ae, 0xe7849c, 0xe7898c, 0xe78a84, 0xe78a80, 0xe78cb6, 0xe78ca5, 0xe78cb4, 0xe78ca9,
    0xe790ba, 0xe790aa, 0xe790b3, 0xe790a2, 0xe790a5, 0xe790b5, 0xe790b6, 0xe790b4, 0xe790af,
    0xe7909b, 0xe790a6, 0xe790a8, 0xe794a5, 0xe794a6, 0xe795ab, 0xe795aa, 0xe797a2, 0xe7979b,
    0xe797a3, 0xe79799, 0xe79798, 0xe7979e, 0xe797a0, 0xe799bb, 0xe799bc, 0xe79a96, 0xe79a93,
    0xe79ab4, 0xe79b9c, 0xe79d8f, 0xe79fad, 0xe7a19d, 0xe7a1ac, 0xe7a1af, 0xe7a88d, 0xe7a888,
    0xe7a88b, 0xe7a885, 0xe7a880, 0xe7aa98, 0xe7aa97, 0xe7aa96, 0xe7aba5, 0xe7aba3, 0xe7ad89,
    0xe7ad96, 0xe7ad86, 0xe7ad90, 0xe7ad92, 0xe7ad94, 0xe7ad8d, 0xe7ad8b, 0xe7ad8f, 0xe7ad91,
    0xe7b29f, 0xe7b2a5, 0xe7b59e, 0xe7b590, 0xe7b5a8, 0xe7b595, 0xe7b4ab, 0xe7b5ae, 0xe7b5b2,
    0xe7b5a1, 0xe7b5a6, 0xe7b5a2, 0xe7b5b0, 0xe7b5b3, 0xe59684, 0xe7bf94, 0xe7bf95, 0xe8808b,
    0xe88192, 0xe88285, 0xe88595, 0xe88594, 0xe8858b, 0xe88591, 0xe8858e, 0xe884b9, 0xe88586,
    0xe884be, 0xe8858c, 0xe88593, 0xe885b4, 0xe88892, 0xe8889c, 0xe88fa9, 0xe89083, 0xe88fb8,
    0xe8908d, 0xe88fa0, 0xe88f85, 0xe8908b, 0xe88f81, 0xe88faf, 0xe88fb1, 0xe88fb4, 0xe89197,
    0xe8908a, 0xe88fb0, 0xe8908c, 0xe88f8c, 0xe88fbd, 0xe88fb2, 0xe88f8a, 0xe890b8, 0xe8908e,
    0xe89084, 0xe88f9c, 0xe89087, 0xe88f94, 0xe88f9f, 0xe8999b, 0xe89b9f, 0xe89b99, 0xe89bad,
    0xe89b94, 0xe89b9b, 0xe89ba4, 0xe89b90, 0xe89b9e, 0xe8a197, 0xe8a381, 0xe8a382, 0xe8a2b1,
    0xe8a683, 0xe8a696, 0xe8a8bb, 0xe8a9a0, 0xe8a995, 0xe8a99e, 0xe8a8bc, 0xe8a981, 0xe8a994,
    0xe8a99b, 0xe8a990, 0xe8a986, 0xe8a8b4, 0xe8a8ba, 0xe8a8b6, 0xe8a996, 0xe8b1a1, 0xe8b282,
    0xe8b2af, 0xe8b2bc, 0xe8b2b3, 0xe8b2bd, 0xe8b381, 0xe8b2bb, 0xe8b380, 0xe8b2b4, 0xe8b2b7,
    0xe8b2b6, 0xe8b2bf, 0xe8b2b8, 0xe8b68a, 0xe8b685, 0xe8b681, 0xe8b78e, 0xe8b79d, 0xe8b78b,
    0xe8b79a, 0xe8b791, 0xe8b78c, 0xe8b79b, 0xe8b786, 0xe8bbbb, 0xe8bbb8, 0xe8bbbc, 0xe8be9c,
    0xe980ae, 0xe980b5, 0xe980b1, 0xe980b8, 0xe980b2, 0xe980b6, 0xe98482, 0xe983b5, 0xe98489,
    0xe983be, 0xe985a3, 0xe985a5, 0xe9878f, 0xe98894, 0xe98895, 0xe988a3, 0xe98889, 0xe9889e,
    0xe9888d, 0xe98890, 0xe98887, 0xe98891, 0xe99694, 0xe9968f, 0xe9968b, 0xe99691, 0xe99693,
    0xe99692, 0xe9968e, 0xe99a8a, 0xe99a8e, 0xe99a8b, 0xe999bd, 0xe99a85, 0xe99a86, 0xe99a8d,
    0xe999b2, 0xe99a84, 0xe99b81, 0xe99b85, 0xe99b84, 0xe99b86, 0xe99b87, 0xe99baf, 0xe99bb2,
    0xe99f8c, 0xe9a085, 0xe9a086, 0xe9a088, 0xe9a3a7, 0xe9a3aa, 0xe9a3af, 0xe9a3a9, 0xe9a3b2,
    0xe9a3ad, 0xe9a6ae, 0xe9a6ad, 0xe9bb83, 0xe9bb8d, 0xe9bb91, 0xe4ba82, 0xe582ad, 0xe582b5,
    0xe582b2, 0xe582b3, 0xe58385, 0xe582be, 0xe582ac, 0xe582b7, 0xe582bb, 0xe582af, 0xe58387,
    0xe589bf, 0xe589b7, 0xe589bd, 0xe58b9f, 0xe58ba6, 0xe58ba4, 0xe58ba2, 0xe58ba3, 0xe58caf,
    0xe5979f, 0xe597a8, 0xe59793, 0xe597a6, 0xe5978e, 0xe5979c, 0xe59787, 0xe59791, 0xe597a3,
    0xe597a4, 0xe597af, 0xe5979a, 0xe597a1, 0xe59785, 0xe59786, 0xe597a5, 0xe59789, 0xe59c92,
    0xe59c93, 0xe5a19e, 0xe5a191, 0xe5a198, 0xe5a197, 0xe5a19a, 0xe5a194, 0xe5a1ab, 0xe5a18c,
    0xe5a1ad, 0xe5a18a, 0xe5a1a2, 0xe5a192, 0xe5a18b, 0xe5a5a7, 0xe5ab81, 0xe5ab89, 0xe5ab8c,
    0xe5aabe, 0xe5aabd, 0xe5aabc, 0xe5aab3, 0xe5ab82, 0xe5aab2, 0xe5b5a9, 0xe5b5af, 0xe5b98c,
    0xe5b9b9, 0xe5bb89, 0xe5bb88, 0xe5bc92, 0xe5bd99, 0xe5beac, 0xe5beae, 0xe6849a, 0xe6848f,
    0xe68588, 0xe6849f, 0xe683b3, 0xe6849b, 0xe683b9, 0xe68481, 0xe68488, 0xe6858e, 0xe6858c,
    0xe68584, 0xe6858d, 0xe684be, 0xe684b4, 0xe684a7, 0xe6848d, 0xe68486, 0xe684b7, 0xe688a1,
    0xe688a2, 0xe69093, 0xe690be, 0xe6909e, 0xe690aa, 0xe690ad, 0xe690bd, 0xe690ac, 0xe6908f,
    0xe6909c, 0xe69094, 0xe6908d, 0xe690b6, 0xe69096, 0xe69097, 0xe69086, 0xe695ac, 0xe6969f,
    0xe696b0, 0xe69a97, 0xe69a89, 0xe69a87, 0xe69a88, 0xe69a96, 0xe69a84, 0xe69a98, 0xe69a8d,
    0xe69c83, 0xe6a694, 0xe6a5ad, 0xe6a59a, 0xe6a5b7, 0xe6a5a0, 0xe6a594, 0xe6a5b5, 0xe6a4b0,
    0xe6a682, 0xe6a58a, 0xe6a5a8, 0xe6a5ab, 0xe6a59e, 0xe6a593, 0xe6a5b9, 0xe6a686, 0xe6a59d,
    0xe6a5a3, 0xe6a59b, 0xe6ad87, 0xe6adb2, 0xe6af80, 0xe6aebf, 0xe6af93, 0xe6afbd, 0xe6baa2,
    0xe6baaf, 0xe6bb93, 0xe6bab6, 0xe6bb82, 0xe6ba90, 0xe6ba9d, 0xe6bb87, 0xe6bb85, 0xe6baa5,
    0xe6ba98, 0xe6babc, 0xe6baba, 0xe6baab, 0xe6bb91, 0xe6ba96, 0xe6ba9c, 0xe6bb84, 0xe6bb94,
    0xe6baaa, 0xe6baa7, 0xe6bab4, 0xe7858e, 0xe78599, 0xe785a9, 0xe785a4, 0xe78589, 0xe785a7,
    0xe7859c, 0xe785ac, 0xe785a6, 0xe7858c, 0xe785a5, 0xe7859e, 0xe78586, 0xe785a8, 0xe78596,
    0xe788ba, 0xe78992, 0xe78cb7, 0xe78d85, 0xe78cbf, 0xe78cbe, 0xe791af, 0xe7919a, 0xe79195,
    0xe7919f, 0xe7919e, 0xe79181, 0xe790bf, 0xe79199, 0xe7919b, 0xe7919c, 0xe795b6, 0xe795b8,
    0xe79880, 0xe797b0, 0xe79881, 0xe797b2, 0xe797b1, 0xe797ba, 0xe797bf, 0xe797b4, 0xe797b3,
    0xe79b9e, 0xe79b9f, 0xe79d9b, 0xe79dab, 0xe79da6, 0xe79d9e, 0xe79da3, 0xe79db9, 0xe79daa,
    0xe79dac, 0xe79d9c, 0xe79da5, 0xe79da8, 0xe79da2, 0xe79fae, 0xe7a28e, 0xe7a2b0, 0xe7a297,
    0xe7a298, 0xe7a28c, 0xe7a289, 0xe7a1bc, 0xe7a291, 0xe7a293, 0xe7a1bf, 0xe7a5ba, 0xe7a5bf,
    0xe7a681, 0xe890ac, 0xe7a6bd, 0xe7a89c, 0xe7a89a, 0xe7a8a0, 0xe7a894, 0xe7a89f, 0xe7a89e,
    0xe7aa9f, 0xe7aaa0, 0xe7adb7, 0xe7af80, 0xe7ada0, 0xe7adae, 0xe7ada7, 0xe7b2b1, 0xe7b2b3,
    0xe7b2b5, 0xe7b693, 0xe7b5b9, 0xe7b691, 0xe7b681, 0xe7b68f, 0xe7b59b, 0xe7bdae, 0xe7bda9,
    0xe7bdaa, 0xe7bdb2, 0xe7bea9, 0xe7bea8, 0xe7bea4, 0xe88196, 0xe88198, 0xe88286, 0xe88284,
    0xe885b1, 0xe885b0, 0xe885b8, 0xe885a5, 0xe885ae, 0xe885b3, 0xe885ab, 0xe885b9, 0xe885ba,
    0xe885a6, 0xe88885, 0xe88987, 0xe89282, 0xe891b7, 0xe890bd, 0xe890b1, 0xe891b5, 0xe891a6,
    0xe891ab, 0xe89189, 0xe891ac, 0xe8919b, 0xe890bc, 0xe890b5, 0xe891a1, 0xe891a3, 0xe891a9,
    0xe891ad, 0xe89186, 0xe8999e, 0xe8999c, 0xe8999f, 0xe89bb9, 0xe89c93, 0xe89c88, 0xe89c87,
    0xe89c80, 0xe89bbe, 0xe89bbb, 0xe89c82, 0xe89c83, 0xe89c86, 0xe89c8a, 0xe8a199, 0xe8a39f,
    0xe8a394, 0xe8a399, 0xe8a39c, 0xe8a398, 0xe8a39d, 0xe8a3a1, 0xe8a38a, 0xe8a395, 0xe8a392,
    0xe8a69c, 0xe8a7a3, 0xe8a9ab, 0xe8a9b2, 0xe8a9b3, 0xe8a9a6, 0xe8a9a9, 0xe8a9b0, 0xe8aa87,
    0xe8a9bc, 0xe8a9a3, 0xe8aaa0, 0xe8a9b1, 0xe8aa85, 0xe8a9ad, 0xe8a9a2, 0xe8a9ae, 0xe8a9ac,
    0xe8a9b9, 0xe8a9bb, 0xe8a8be, 0xe8a9a8, 0xe8b1a2, 0xe8b28a, 0xe8b289, 0xe8b38a, 0xe8b387,
    0xe8b388, 0xe8b384, 0xe8b2b2, 0xe8b383, 0xe8b382, 0xe8b385, 0xe8b7a1, 0xe8b79f, 0xe8b7a8,
    0xe8b7af, 0xe8b7b3, 0xe8b7ba, 0xe8b7aa, 0xe8b7a4, 0xe8b7a6, 0xe8bab2, 0xe8bc83, 0xe8bc89,
    0xe8bbbe, 0xe8bc8a, 0xe8be9f, 0xe8beb2, 0xe9818b, 0xe9818a, 0xe98193, 0xe98182, 0xe98194,
    0xe980bc, 0xe98195, 0xe98190, 0xe98187, 0xe9818f, 0xe9818e, 0xe9818d, 0xe98191, 0xe980be,
    0xe98181, 0xe98492, 0xe98497, 0xe985ac, 0xe985aa, 0xe985a9, 0xe98789, 0xe988b7, 0xe98997,
    0xe988b8, 0xe988bd, 0xe98980, 0xe988be, 0xe9899b, 0xe9898b, 0xe989a4, 0xe98991, 0xe988b4,
    0xe98989, 0xe9898d, 0xe98985, 0xe988b9, 0xe988bf, 0xe9899a, 0xe99698, 0xe99a98, 0xe99a94,
    0xe99a95, 0xe99b8d, 0xe99b8b, 0xe99b89, 0xe99b8a, 0xe99bb7, 0xe99bbb, 0xe99bb9, 0xe99bb6,
    0xe99d96, 0xe99db4, 0xe99db6, 0xe9a090, 0xe9a091, 0xe9a093, 0xe9a08a, 0xe9a092, 0xe9a08c,
    0xe9a3bc, 0xe9a3b4, 0xe9a3bd, 0xe9a3be, 0xe9a6b3, 0xe9a6b1, 0xe9a6b4, 0xe9aba1, 0xe9b3a9,
    0xe9ba82, 0xe9bc8e, 0xe9bc93, 0xe9bca0, 0xe583a7, 0xe583ae, 0xe583a5, 0xe58396, 0xe583ad,
    0xe5839a, 0xe58395, 0xe5838f, 0xe58391, 0xe583b1, 0xe5838e, 0xe583a9, 0xe585a2, 0xe587b3,
    0xe58a83, 0xe58a82, 0xe58cb1, 0xe58ead, 0xe597be, 0xe59880, 0xe5989b, 0xe59897, 0xe597bd,
    0xe59894, 0xe59886, 0xe59889, 0xe5988d, 0xe5988e, 0xe597b7, 0xe59896, 0xe5989f, 0xe59888,
    0xe59890, 0xe597b6, 0xe59c98, 0xe59c96, 0xe5a1b5, 0xe5a1be, 0xe5a283, 0xe5a293, 0xe5a28a,
    0xe5a1b9, 0xe5a285, 0xe5a1bd, 0xe5a3bd, 0xe5a4a5, 0xe5a4a2, 0xe5a4a4, 0xe5a5aa, 0xe5a5a9,
    0xe5aba1, 0xe5aba6, 0xe5aba9, 0xe5ab97, 0xe5ab96, 0xe5ab98, 0xe5aba3, 0xe5adb5, 0xe5af9e,
    0xe5afa7, 0xe5afa1, 0xe5afa5, 0xe5afa6, 0xe5afa8, 0xe5afa2, 0xe5afa4, 0xe5af9f, 0xe5b08d,
    0xe5b1a2, 0xe5b684, 0xe5b687, 0xe5b99b, 0xe5b9a3, 0xe5b995, 0xe5b997, 0xe5b994, 0xe5bb93,
    0xe5bb96, 0xe5bc8a, 0xe5bd86, 0xe5bdb0, 0xe5beb9, 0xe68587, 0xe684bf, 0xe6858b, 0xe685b7,
    0xe685a2, 0xe685a3, 0xe6859f, 0xe6859a, 0xe68598, 0xe685b5, 0xe688aa, 0xe69287, 0xe69198,
    0xe69194, 0xe692a4, 0xe691b8, 0xe6919f, 0xe691ba, 0xe69191, 0xe691a7, 0xe690b4, 0xe691ad,
    0xe691bb, 0xe695b2, 0xe696a1, 0xe69797, 0xe69796, 0xe69aa2, 0xe69aa8, 0xe69a9d, 0xe6a69c,
    0xe6a6a8, 0xe6a695, 0xe6a781, 0xe6a6ae, 0xe6a793, 0xe6a78b, 0xe6a69b, 0xe6a6b7, 0xe6a6bb,
    0xe6a6ab, 0xe6a6b4, 0xe6a790, 0xe6a78d, 0xe6a6ad, 0xe6a78c, 0xe6a6a6, 0xe6a783, 0xe6a6a3,
    0xe6ad89, 0xe6ad8c, 0xe6b0b3, 0xe6bcb3, 0xe6bc94, 0xe6bbbe, 0xe6bc93, 0xe6bbb4, 0xe6bca9,
    0xe6bcbe, 0xe6bca0, 0xe6bcac, 0xe6bc8f, 0xe6bc82, 0xe6bca2, 0xe6bbbf, 0xe6bbaf, 0xe6bc86,
    0xe6bcb1, 0xe6bcb8, 0xe6bcb2, 0xe6bca3, 0xe6bc95, 0xe6bcab, 0xe6bcaf, 0xe6be88, 0xe6bcaa,
    0xe6bbac, 0xe6bc81, 0xe6bbb2, 0xe6bb8c, 0xe6bbb7, 0xe78694, 0xe78699, 0xe785bd, 0xe7868a,
    0xe78684, 0xe78692, 0xe788be, 0xe78a92, 0xe78a96, 0xe78d84, 0xe78d90, 0xe791a4, 0xe791a3,
    0xe791aa, 0xe791b0, 0xe791ad, 0xe79484, 0xe79691, 0xe798a7, 0xe7988d, 0xe7988b, 0xe79889,
    0xe79893, 0xe79ba1, 0xe79ba3, 0xe79e84, 0xe79dbd, 0xe79dbf, 0xe79da1, 0xe7a381, 0xe7a29f,
    0xe7a2a7, 0xe7a2b3, 0xe7a2a9, 0xe7a2a3, 0xe7a68e, 0xe7a68f, 0xe7a68d, 0xe7a8ae, 0xe7a8b1,
    0xe7aaaa, 0xe7aaa9, 0xe7abad, 0xe7abaf, 0xe7aea1, 0xe7ae95, 0xe7ae8b, 0xe7adb5, 0xe7ae97,
    0xe7ae9d, 0xe7ae94, 0xe7ae8f, 0xe7aeb8, 0xe7ae87, 0xe7ae84, 0xe7b2b9, 0xe7b2bd, 0xe7b2be,
    0xe7b6bb, 0xe7b6b0, 0xe7b69c, 0xe7b6bd, 0xe7b6be, 0xe7b6a0, 0xe7b78a, 0xe7b6b4, 0xe7b6b2,
    0xe7b6b1, 0xe7b6ba, 0xe7b6a2, 0xe7b6bf, 0xe7b6b5, 0xe7b6b8, 0xe7b6ad, 0xe7b792, 0xe7b787,
    0xe7b6ac, 0xe7bdb0, 0xe7bfa0, 0xe7bfa1, 0xe7bf9f, 0xe8819e, 0xe8819a, 0xe88287, 0xe88590,
    0xe88680, 0xe8868f, 0xe88688, 0xe8868a, 0xe885bf, 0xe88682, 0xe887a7, 0xe887ba, 0xe88887,
    0xe88894, 0xe8889e, 0xe8898b, 0xe89389, 0xe892bf, 0xe89386, 0xe89384, 0xe89299, 0xe8929e,
    0xe892b2, 0xe8929c, 0xe8938b, 0xe892b8, 0xe89380, 0xe89393, 0xe89290, 0xe892bc, 0xe89391,
    0xe8938a, 0xe89cbf, 0xe89c9c, 0xe89cbb, 0xe89ca2, 0xe89ca5, 0xe89cb4, 0xe89c98, 0xe89d95,
    0xe89cb7, 0xe89ca9, 0xe8a3b3, 0xe8a482, 0xe8a3b4, 0xe8a3b9, 0xe8a3b8, 0xe8a3bd, 0xe8a3a8,
    0xe8a49a, 0xe8a3af, 0xe8aaa6, 0xe8aa8c, 0xe8aa9e, 0xe8aaa3, 0xe8aa8d, 0xe8aaa1, 0xe8aa93,
    0xe8aaa4, 0xe8aaaa, 0xe8aaa5, 0xe8aaa8, 0xe8aa98, 0xe8aa91, 0xe8aa9a, 0xe8aaa7, 0xe8b1aa,
    0xe8b28d, 0xe8b28c, 0xe8b393, 0xe8b391, 0xe8b392, 0xe8b5ab, 0xe8b699, 0xe8b695, 0xe8b7bc,
    0xe8bc94, 0xe8bc92, 0xe8bc95, 0xe8bc93, 0xe8bea3, 0xe981a0, 0xe98198, 0xe9819c, 0xe981a3,
    0xe98199, 0xe9819e, 0xe981a2, 0xe9819d, 0xe9819b, 0xe98499, 0xe98498, 0xe9849e, 0xe985b5,
    0xe985b8, 0xe985b7, 0xe985b4, 0xe989b8, 0xe98aac, 0xe98a80, 0xe98a85, 0xe98a98, 0xe98a96,
    0xe989bb, 0xe98a93, 0xe98a9c, 0xe98aa8, 0xe989bc, 0xe98a91, 0xe996a1, 0xe996a8, 0xe996a9,
    0xe996a3, 0xe996a5, 0xe996a4, 0xe99a99, 0xe99a9c, 0xe99a9b, 0xe99b8c, 0xe99b92, 0xe99c80,
    0xe99dbc, 0xe99e85, 0xe99fb6, 0xe9a097, 0xe9a098, 0xe9a2af, 0xe9a2b1, 0xe9a483, 0xe9a485,
    0xe9a48c, 0xe9a489, 0xe9a781, 0xe9aaaf, 0xe9aab0, 0xe9aba6, 0xe9ad81, 0xe9ad82, 0xe9b3b4,
    0xe9b3b6, 0xe9b3b3, 0xe9babc, 0xe9bcbb, 0xe9bd8a, 0xe58484, 0xe58480, 0xe583bb, 0xe583b5,
    0xe583b9, 0xe58482, 0xe58488, 0xe58489, 0xe58485, 0xe5879c, 0xe58a87, 0xe58a88, 0xe58a89,
    0xe58a8d, 0xe58a8a, 0xe58bb0, 0xe58eb2, 0xe598ae, 0xe598bb, 0xe598b9, 0xe598b2, 0xe598bf,
    0xe598b4, 0xe598a9, 0xe59993, 0xe5998e, 0xe59997, 0xe599b4, 0xe598b6, 0xe598af, 0xe598b0,
    0xe5a280, 0xe5a29f, 0xe5a29e, 0xe5a2b3, 0xe5a29c, 0xe5a2ae, 0xe5a2a9, 0xe5a2a6, 0xe5a5ad,
    0xe5ac89, 0xe5abbb, 0xe5ac8b, 0xe5abb5, 0xe5ac8c, 0xe5ac88, 0xe5afae, 0xe5afac, 0xe5afa9,
    0xe5afab, 0xe5b1a4, 0xe5b1a5, 0xe5b69d, 0xe5b694, 0xe5b9a2, 0xe5b99f, 0xe5b9a1, 0xe5bba2,
    0xe5bb9a, 0xe5bb9f, 0xe5bb9d, 0xe5bba3, 0xe5bba0, 0xe5bd88, 0xe5bdb1, 0xe5beb7, 0xe5beb5,
    0xe685b6, 0xe685a7, 0xe685ae, 0xe6859d, 0xe68595, 0xe68682, 0xe685bc, 0xe685b0, 0xe685ab,
    0xe685be, 0xe686a7, 0xe68690, 0xe686ab, 0xe6868e, 0xe686ac, 0xe6869a, 0xe686a4, 0xe68694,
    0xe686ae, 0xe688ae, 0xe691a9, 0xe691af, 0xe691b9, 0xe6929e, 0xe692b2, 0xe69288, 0xe69290,
    0xe692b0, 0xe692a5, 0xe69293, 0xe69295, 0xe692a9, 0xe69292, 0xe692ae, 0xe692ad, 0xe692ab,
    0xe6929a, 0xe692ac, 0xe69299, 0xe692a2, 0xe692b3, 0xe695b5, 0xe695b7, 0xe695b8, 0xe69aae,
    0xe69aab, 0xe69ab4, 0xe69ab1, 0xe6a8a3, 0xe6a89f, 0xe6a7a8, 0xe6a881, 0xe6a89e, 0xe6a899,
    0xe6a7bd, 0xe6a8a1, 0xe6a893, 0xe6a88a, 0xe6a7b3, 0xe6a882, 0xe6a885, 0xe6a7ad, 0xe6a891,
    0xe6ad90, 0xe6ad8e, 0xe6aea4, 0xe6af85, 0xe6af86, 0xe6bcbf, 0xe6bdbc, 0xe6be84, 0xe6bd91,
    0xe6bda6, 0xe6bd94, 0xe6be86, 0xe6bdad, 0xe6bd9b, 0xe6bdb8, 0xe6bdae, 0xe6be8e, 0xe6bdba,
    0xe6bdb0, 0xe6bda4, 0xe6be97, 0xe6bd98, 0xe6bb95, 0xe6bdaf, 0xe6bda0, 0xe6bd9f, 0xe7869f,
    0xe786ac, 0xe786b1, 0xe786a8, 0xe78996, 0xe78a9b, 0xe78d8e, 0xe78d97, 0xe791a9, 0xe7928b,
    0xe79283, 0xe791be, 0xe79280, 0xe795bf, 0xe798a0, 0xe798a9, 0xe7989f, 0xe798a4, 0xe798a6,
    0xe798a1, 0xe798a2, 0xe79a9a, 0xe79aba, 0xe79ba4, 0xe79e8e, 0xe79e87, 0xe79e8c, 0xe79e91,
    0xe79e8b, 0xe7a38b, 0xe7a385, 0xe7a2ba, 0xe7a38a, 0xe7a2be, 0xe7a395, 0xe7a2bc, 0xe7a390,
    0xe7a8bf, 0xe7a8bc, 0xe7a980, 0xe7a8bd, 0xe7a8b7, 0xe7a8bb, 0xe7aaaf, 0xe7aaae, 0xe7aead,
    0xe7aeb1, 0xe7af84, 0xe7aeb4, 0xe7af86, 0xe7af87, 0xe7af81, 0xe7aea0, 0xe7af8c, 0xe7b38a,
    0xe7b7a0, 0xe7b7b4, 0xe7b7af, 0xe7b7bb, 0xe7b798, 0xe7b7ac, 0xe7b79d, 0xe7b7a8, 0xe7b7a3,
    0xe7b79a, 0xe7b79e, 0xe7b7a9, 0xe7b69e, 0xe7b799, 0xe7b7b2, 0xe7b7b9, 0xe7bdb5, 0xe7bdb7,
    0xe7beaf, 0xe7bfa9, 0xe880a6, 0xe8869b, 0xe8869c, 0xe8869d, 0xe886a0, 0xe8869a, 0xe88698,
    0xe89497, 0xe894bd, 0xe8949a, 0xe893ae, 0xe894ac, 0xe894ad, 0xe89493, 0xe89491, 0xe894a3,
    0xe894a1, 0xe89494, 0xe893ac, 0xe894a5, 0xe893bf, 0xe89486, 0xe89e82, 0xe89db4, 0xe89db6,
    0xe89da0, 0xe89da6, 0xe89db8, 0xe89da8, 0xe89d99, 0xe89d97, 0xe89d8c, 0xe89d93, 0xe8a19b,
    0xe8a19d, 0xe8a490, 0xe8a487, 0xe8a492, 0xe8a493, 0xe8a495, 0xe8a48a, 0xe8aabc, 0xe8ab92,
    0xe8ab87, 0xe8ab84, 0xe8aa95, 0xe8ab8b, 0xe8abb8, 0xe8aab2, 0xe8ab89, 0xe8ab82, 0xe8aabf,
    0xe8aab0, 0xe8ab96, 0xe8ab8d, 0xe8aab6, 0xe8aab9, 0xe8ab9b, 0xe8b18c, 0xe8b18e, 0xe8b1ac,
    0xe8b3a0, 0xe8b39e, 0xe8b3a6, 0xe8b3a4, 0xe8b3ac, 0xe8b3ad, 0xe8b3a2, 0xe8b3a3, 0xe8b39c,
    0xe8b3aa, 0xe8b3a1, 0xe8b5ad, 0xe8b69f, 0xe8b6a3, 0xe8b8ab, 0xe8b890, 0xe8b89d, 0xe8b8a2,
    0xe8b88f, 0xe8b8a9, 0xe8b89f, 0xe8b8a1, 0xe8b89e, 0xe8baba, 0xe8bc9d, 0xe8bc9b, 0xe8bc9f,
    0xe8bca9, 0xe8bca6, 0xe8bcaa, 0xe8bc9c, 0xe8bc9e, 0xe8bca5, 0xe981a9, 0xe981ae, 0xe981a8,
    0xe981ad, 0xe981b7, 0xe984b0, 0xe984ad, 0xe984a7, 0xe984b1, 0xe98687, 0xe98689, 0xe9868b,
    0xe98683, 0xe98b85, 0xe98abb, 0xe98ab7, 0xe98baa, 0xe98ba4, 0xe98b81, 0xe98ab3, 0xe98abc,
    0xe98b92, 0xe98b87, 0xe98bb0, 0xe98ab2, 0xe996ad, 0xe996b1, 0xe99c84, 0xe99c86, 0xe99c87,
    0xe99c89, 0xe99da0, 0xe99e8d, 0xe99e8b, 0xe99e8f, 0xe9a0a1, 0xe9a0ab, 0xe9a09c, 0xe9a2b3,
    0xe9a48a, 0xe9a493, 0xe9a492, 0xe9a498, 0xe9a79d, 0xe9a790, 0xe9a79f, 0xe9a79b, 0xe9a791,
    0xe9a795, 0xe9a792, 0xe9a799, 0xe9aab7, 0xe9abae, 0xe9abaf, 0xe9aca7, 0xe9ad85, 0xe9ad84,
    0xe9adb7, 0xe9adaf, 0xe9b486, 0xe9b489, 0xe9b483, 0xe9baa9, 0xe9babe, 0xe9bb8e, 0xe5a2a8,
    0xe9bd92, 0xe58492, 0xe58498, 0xe58494, 0xe58490, 0xe58495, 0xe58680, 0xe586aa, 0xe5879d,
    0xe58a91, 0xe58a93, 0xe58bb3, 0xe59999, 0xe599ab, 0xe599b9, 0xe599a9, 0xe599a4, 0xe599b8,
    0xe599aa, 0xe599a8, 0xe599a5, 0xe599b1, 0xe599af, 0xe599ac, 0xe599a2, 0xe599b6, 0xe5a381,
    0xe5a2be, 0xe5a387, 0xe5a385, 0xe5a5ae, 0xe5ac9d, 0xe5acb4, 0xe5adb8, 0xe5afb0, 0xe5b08e,
    0xe5bd8a, 0xe686b2, 0xe68691, 0xe686a9, 0xe6868a, 0xe6878d, 0xe686b6, 0xe686be, 0xe6878a,
    0xe68788, 0xe688b0, 0xe69385, 0xe69381, 0xe6938b, 0xe692bb, 0xe692bc, 0xe6939a, 0xe69384,
    0xe69387, 0xe69382, 0xe6938d, 0xe692bf, 0xe69392, 0xe69394, 0xe692be, 0xe695b4, 0xe69b86,
    0xe69b89, 0xe69ab9, 0xe69b84, 0xe69b87, 0xe69ab8, 0xe6a8bd, 0xe6a8b8, 0xe6a8ba, 0xe6a999,
    0xe6a9ab, 0xe6a998, 0xe6a8b9, 0xe6a984, 0xe6a9a2, 0xe6a9a1, 0xe6a98b, 0xe6a987, 0xe6a8b5,
    0xe6a99f, 0xe6a988, 0xe6ad99, 0xe6adb7, 0xe6b085, 0xe6bf82, 0xe6beb1, 0xe6bea1, 0xe6bf83,
    0xe6bea4, 0xe6bf81, 0xe6bea7, 0xe6beb3, 0xe6bf80, 0xe6beb9, 0xe6beb6, 0xe6bea6, 0xe6bea0,
    0xe6beb4, 0xe786be, 0xe78789, 0xe78790, 0xe78792, 0xe78788, 0xe78795, 0xe786b9, 0xe7878e,
    0xe78799, 0xe7879c, 0xe78783, 0xe78784, 0xe78da8, 0xe7929c, 0xe792a3, 0xe79298, 0xe7929f,
    0xe7929e, 0xe793a2, 0xe7948c, 0xe7948d, 0xe798b4, 0xe798b8, 0xe798ba, 0xe79ba7, 0xe79ba5,
    0xe79ea0, 0xe79e9e, 0xe79e9f, 0xe79ea5, 0xe7a3a8, 0xe7a39a, 0xe7a3ac, 0xe7a3a7, 0xe7a6a6,
    0xe7a98d, 0xe7a98e, 0xe7a986, 0xe7a98c, 0xe7a98b, 0xe7aaba, 0xe7af99, 0xe7b091, 0xe7af89,
    0xe7afa4, 0xe7af9b, 0xe7afa1, 0xe7afa9, 0xe7afa6, 0xe7b395, 0xe7b396, 0xe7b88a, 0xe7b891,
    0xe7b888, 0xe7b89b, 0xe7b8a3, 0xe7b89e, 0xe7b89d, 0xe7b889, 0xe7b890, 0xe7bdb9, 0xe7beb2,
    0xe7bfb0, 0xe7bfb1, 0xe7bfae, 0xe880a8, 0xe886b3, 0xe886a9, 0xe886a8, 0xe887bb, 0xe88888,
    0xe88998, 0xe88999, 0xe8958a, 0xe89599, 0xe89588, 0xe895a8, 0xe895a9, 0xe89583, 0xe89589,
    0xe895ad, 0xe895aa, 0xe8959e, 0xe89e83, 0xe89e9f, 0xe89e9e, 0xe89ea2, 0xe89e8d, 0xe8a1a1,
    0xe8a4aa, 0xe8a4b2, 0xe8a4a5, 0xe8a4ab, 0xe8a4a1, 0xe8a6aa, 0xe8a6a6, 0xe8aba6, 0xe8abba,
    0xe8abab, 0xe8abb1, 0xe8ac80, 0xe8ab9c, 0xe8aba7, 0xe8abae, 0xe8abbe, 0xe8ac81, 0xe8ac82,
    0xe8abb7, 0xe8abad, 0xe8abb3, 0xe8abb6, 0xe8abbc, 0xe8b1ab, 0xe8b1ad, 0xe8b293, 0xe8b3b4,
    0xe8b984, 0xe8b8b1, 0xe8b8b4, 0xe8b982, 0xe8b8b9, 0xe8b8b5, 0xe8bcbb, 0xe8bcaf, 0xe8bcb8,
    0xe8bcb3, 0xe8bea8, 0xe8bea6, 0xe981b5, 0xe981b4, 0xe981b8, 0xe981b2, 0xe981bc, 0xe981ba,
    0xe984b4, 0xe98692, 0xe98ca0, 0xe98cb6, 0xe98bb8, 0xe98cb3, 0xe98caf, 0xe98ca2, 0xe98bbc,
    0xe98cab, 0xe98c84, 0xe98c9a, 0xe98c90, 0xe98ca6, 0xe98ca1, 0xe98c95, 0xe98cae, 0xe98c99,
    0xe996bb, 0xe99aa7, 0xe99aa8, 0xe99aaa, 0xe99b95, 0xe99c8e, 0xe99c91, 0xe99c96, 0xe99c8d,
    0xe99c93, 0xe99c8f, 0xe99d9b, 0xe99d9c, 0xe99da6, 0xe99e98, 0xe9a0b0, 0xe9a0b8, 0xe9a0bb,
    0xe9a0b7, 0xe9a0ad, 0xe9a0b9, 0xe9a0a4, 0xe9a490, 0xe9a4a8, 0xe9a49e, 0xe9a49b, 0xe9a4a1,
    0xe9a49a, 0xe9a7ad, 0xe9a7a2, 0xe9a7b1, 0xe9aab8, 0xe9aabc, 0xe9abbb, 0xe9abad, 0xe9aca8,
    0xe9ae91, 0xe9b495, 0xe9b4a3, 0xe9b4a6, 0xe9b4a8, 0xe9b492, 0xe9b49b, 0xe9bb98, 0xe9bb94,
    0xe9be8d, 0xe9be9c, 0xe584aa, 0xe5849f, 0xe584a1, 0xe584b2, 0xe58bb5, 0xe59a8e, 0xe59a80,
    0xe59a90, 0xe59a85, 0xe59a87, 0xe59a8f, 0xe5a395, 0xe5a393, 0xe5a391, 0xe5a38e, 0xe5acb0,
    0xe5acaa, 0xe5aca4, 0xe5adba, 0xe5b0b7, 0xe5b1a8, 0xe5b6bc, 0xe5b6ba, 0xe5b6bd, 0xe5b6b8,
    0xe5b9ab, 0xe5bd8c, 0xe5bebd, 0xe68789, 0xe68782, 0xe68787, 0xe687a6, 0xe6878b, 0xe688b2,
    0xe688b4, 0xe6938e, 0xe6938a, 0xe69398, 0xe693a0, 0xe693b0, 0xe693a6, 0xe693ac, 0xe693b1,
    0xe693a2, 0xe693ad, 0xe69682, 0xe69683, 0xe69b99, 0xe69b96, 0xe6aa80, 0xe6aa94, 0xe6aa84,
    0xe6aaa2, 0xe6aa9c, 0xe6ab9b, 0xe6aaa3, 0xe6a9be, 0xe6aa97, 0xe6aa90, 0xe6aaa0, 0xe6ad9c,
    0xe6aeae, 0xe6af9a, 0xe6b088, 0xe6bf98, 0xe6bfb1, 0xe6bf9f, 0xe6bfa0, 0xe6bf9b, 0xe6bfa4,
    0xe6bfab, 0xe6bfaf, 0xe6be80, 0xe6bfac, 0xe6bfa1, 0xe6bfa9, 0xe6bf95, 0xe6bfae, 0xe6bfb0,
    0xe787a7, 0xe7879f, 0xe787ae, 0xe787a6, 0xe787a5, 0xe787ad, 0xe787ac, 0xe787b4, 0xe787a0,
    0xe788b5, 0xe78986, 0xe78db0, 0xe78db2, 0xe792a9, 0xe792b0, 0xe792a6, 0xe792a8, 0xe79986,
    0xe79982, 0xe7998c, 0xe79baa, 0xe79eb3, 0xe79eaa, 0xe79eb0, 0xe79eac, 0xe79ea7, 0xe79ead,
    0xe79faf, 0xe7a3b7, 0xe7a3ba, 0xe7a3b4, 0xe7a3af, 0xe7a481, 0xe7a6a7, 0xe7a6aa, 0xe7a997,
    0xe7aabf, 0xe7b087, 0xe7b08d, 0xe7afbe, 0xe7afb7, 0xe7b08c, 0xe7afa0, 0xe7b3a0, 0xe7b39c,
    0xe7b39e, 0xe7b3a2, 0xe7b39f, 0xe7b399, 0xe7b39d, 0xe7b8ae, 0xe7b8be, 0xe7b986, 0xe7b8b7,
    0xe7b8b2, 0xe7b983, 0xe7b8ab, 0xe7b8bd, 0xe7b8b1, 0xe7b985, 0xe7b981, 0xe7b8b4, 0xe7b8b9,
    0xe7b988, 0xe7b8b5, 0xe7b8bf, 0xe7b8af, 0xe7bd84, 0xe7bfb3, 0xe7bfbc, 0xe881b1, 0xe881b2,
    0xe881b0, 0xe881af, 0xe881b3, 0xe88786, 0xe88783, 0xe886ba, 0xe88782, 0xe88780, 0xe886bf,
    0xe886bd, 0xe88789, 0xe886be, 0xe887a8, 0xe88889, 0xe889b1, 0xe896aa, 0xe89684, 0xe895be,
    0xe8969c, 0xe89691, 0xe89694, 0xe896af, 0xe8969b, 0xe89687, 0xe896a8, 0xe8968a, 0xe896a6,
    0xe899a7, 0xe89f80, 0xe89f91, 0xe89eb3, 0xe89f92, 0xe89f86, 0xe89eab, 0xe89ebb, 0xe89eba,
    0xe89f88, 0xe89f8b, 0xe8a4bb, 0xe8a4b6, 0xe8a584, 0xe8a4b8, 0xe8a4bd, 0xe8a6ac, 0xe8ac8e,
    0xe8ac97, 0xe8ac99, 0xe8ac9b, 0xe8ac8a, 0xe8aca0, 0xe8ac9d, 0xe8ac84, 0xe8ac90, 0xe8b181,
    0xe8b0bf, 0xe8b1b3, 0xe8b3ba, 0xe8b3bd, 0xe8b3bc, 0xe8b3b8, 0xe8b3bb, 0xe8b6a8, 0xe8b989,
    0xe8b98b, 0xe8b988, 0xe8b98a, 0xe8bd84, 0xe8bcbe, 0xe8bd82, 0xe8bd85, 0xe8bcbf, 0xe981bf,
    0xe981bd, 0xe98284, 0xe98281, 0xe98282, 0xe98280, 0xe984b9, 0xe986a3, 0xe9869e, 0xe9869c,
    0xe98d8d, 0xe98e82, 0xe98ca8, 0xe98db5, 0xe98d8a, 0xe98da5, 0xe98d8b, 0xe98c98, 0xe98dbe,
    0xe98dac, 0xe98d9b, 0xe98db0, 0xe98d9a, 0xe98d94, 0xe9978a, 0xe9978b, 0xe9978c, 0xe99788,
    0xe99786, 0xe99ab1, 0xe99ab8, 0xe99b96, 0xe99c9c, 0xe99c9e, 0xe99ea0, 0xe99f93, 0xe9a186,
    0xe9a2b6, 0xe9a4b5, 0xe9a881, 0xe9a7bf, 0xe9aeae, 0xe9aeab, 0xe9aeaa, 0xe9aead, 0xe9b4bb,
    0xe9b4bf, 0xe9ba8b, 0xe9bb8f, 0xe9bb9e, 0xe9bb9c, 0xe9bb9d, 0xe9bb9b, 0xe9bcbe, 0xe9bd8b,
    0xe58fa2, 0xe59a95, 0xe59aae, 0xe5a399, 0xe5a398, 0xe5acb8, 0xe5bd9e, 0xe687a3, 0xe688b3,
    0xe693b4, 0xe693b2, 0xe693be, 0xe69486, 0xe693ba, 0xe693bb, 0xe693b7, 0xe696b7, 0xe69b9c,
    0xe69ca6, 0xe6aab3, 0xe6aaac, 0xe6ab83, 0xe6aabb, 0xe6aab8, 0xe6ab82, 0xe6aaae, 0xe6aaaf,
    0xe6ad9f, 0xe6adb8, 0xe6aeaf, 0xe78089, 0xe7808b, 0xe6bfbe, 0xe78086, 0xe6bfba, 0xe78091,
    0xe7808f, 0xe787bb, 0xe787bc, 0xe787be, 0xe787b8, 0xe78db7, 0xe78db5, 0xe792a7, 0xe792bf,
    0xe79495, 0xe79996, 0xe79998, 0xe79992, 0xe79ebd, 0xe79ebf, 0xe79ebb, 0xe79ebc, 0xe7a48e,
    0xe7a6ae, 0xe7a9a1, 0xe7a9a2, 0xe7a9a0, 0xe7ab84, 0xe7ab85, 0xe7b0ab, 0xe7b0a7, 0xe7b0aa,
    0xe7b09e, 0xe7b0a3, 0xe7b0a1, 0xe7b3a7, 0xe7b994, 0xe7b995, 0xe7b99e, 0xe7b99a, 0xe7b9a1,
    0xe7b992, 0xe7b999, 0xe7bd88, 0xe7bfb9, 0xe7bfbb, 0xe881b7, 0xe881b6, 0xe8878d, 0xe8878f,
    0xe8888a, 0xe8978f, 0xe896a9, 0xe8978d, 0xe89790, 0xe89789, 0xe896b0, 0xe896ba, 0xe896b9,
    0xe89faf, 0xe89fac, 0xe89fb2, 0xe89fa0, 0xe8a686, 0xe8a6b2, 0xe8a7b4, 0xe8aca8, 0xe8acb9,
    0xe8acac, 0xe8acab, 0xe8b190, 0xe8b485, 0xe8b999, 0xe8b9a3, 0xe8b9a6, 0xe8b9a4, 0xe8b99f,
    0xe8b995, 0xe8bb80, 0xe8bd89, 0xe8bd8d, 0xe98287, 0xe98283, 0xe98288, 0xe986ab, 0xe986ac,
    0xe98790, 0xe98e94, 0xe98e8a, 0xe98e96, 0xe98ea2, 0xe98eb3, 0xe98eae, 0xe98eac, 0xe98eb0,
    0xe98e98, 0xe98e9a, 0xe98e97, 0xe99794, 0xe99796, 0xe99790, 0xe99795, 0xe99ba2, 0xe99b9c,
    0xe99b99, 0xe99b9b, 0xe99b9e, 0xe99ca4, 0xe99ea3, 0xe99ea6, 0xe99ead, 0xe99fb9, 0xe9a18d,
    0xe9a18f, 0xe9a18c, 0xe9a18e, 0xe9a193, 0xe9a2ba, 0xe9a4be, 0xe9a4bf, 0xe9a4bd, 0xe9a4ae,
    0xe9a6a5, 0xe9a88e, 0xe9ab81, 0xe9ac83, 0xe9ac86, 0xe9ad8f, 0xe9ad8e, 0xe9ad8d, 0xe9af8a,
    0xe9af89, 0xe9afbd, 0xe9af88, 0xe9af80, 0xe9b591, 0xe9b59d, 0xe9b5a0, 0xe9bba0, 0xe9bc95,
    0xe9bcac, 0xe584b3, 0xe59aa5, 0xe59aa8, 0xe5a39e, 0xe5a39f, 0xe5a3a2, 0xe5afb5, 0xe9be90,
    0xe5bbac, 0xe687b2, 0xe687b7, 0xe687b6, 0xe687b5, 0xe69480, 0xe6948f, 0xe69ba0, 0xe69b9d,
    0xe6aba5, 0xe6ab9d, 0xe6ab9a, 0xe6ab93, 0xe7809b, 0xe7809f, 0xe780a8, 0xe7809a, 0xe7809d,
    0xe78095, 0xe78098, 0xe78886, 0xe7888d, 0xe78998, 0xe78aa2, 0xe78db8, 0xe78dba, 0xe792bd,
    0xe7938a, 0xe793a3, 0xe79687, 0xe79686, 0xe7999f, 0xe799a1, 0xe79f87, 0xe7a499, 0xe7a6b1,
    0xe7a9ab, 0xe7a9a9, 0xe7b0be, 0xe7b0bf, 0xe7b0b8, 0xe7b0bd, 0xe7b0b7, 0xe7b180, 0xe7b9ab,
    0xe7b9ad, 0xe7b9b9, 0xe7b9a9, 0xe7b9aa, 0xe7b9b3, 0xe7be85, 0xe7beb6, 0xe7beb9, 0xe7beb8,
    0xe88798, 0xe897a9, 0xe8979d, 0xe897aa, 0xe89795, 0xe897a4, 0xe897a5, 0xe897b7, 0xe89fbb,
    0xe8a085, 0xe8a08d, 0xe89fb9, 0xe89fbe, 0xe8a5a0, 0xe8a59f, 0xe8a596, 0xe8a59e, 0xe8ad81,
    0xe8ad9c, 0xe8ad98, 0xe8ad89, 0xe8ad9a, 0xe8ad8e, 0xe8ad8f, 0xe8ad86, 0xe8ad99, 0xe8b488,
    0xe8b48a, 0xe8b9bc, 0xe8b9b2, 0xe8ba87, 0xe8b9b6, 0xe8b9ac, 0xe8b9ba, 0xe8b9b4, 0xe8bd94,
    0xe8bd8e, 0xe8bead, 0xe9828a, 0xe9828b, 0xe986b1, 0xe986ae, 0xe98fa1, 0xe98f91, 0xe98f9f,
    0xe98f83, 0xe98f88, 0xe98f9c, 0xe98f9d, 0xe98f96, 0xe98fa2, 0xe98f8d, 0xe98f98, 0xe98fa4,
    0xe98f97, 0xe98fa8, 0xe9979c, 0xe99ab4, 0xe99ba3, 0xe99caa, 0xe99ca7, 0xe99da1, 0xe99f9c,
    0xe99fbb, 0xe9a19e, 0xe9a198, 0xe9a19b, 0xe9a2bc, 0xe9a585, 0xe9a589, 0xe9a896, 0xe9a899,
    0xe9ac8d, 0xe9afa8, 0xe9afa7, 0xe9af96, 0xe9af9b, 0xe9b689, 0xe9b5a1, 0xe9b5b2, 0xe9b5aa,
    0xe9b5ac, 0xe9ba92, 0xe9ba97, 0xe9ba93, 0xe9bab4, 0xe58bb8, 0xe59ab7, 0xe59ab6, 0xe59ab4,
    0xe59abc, 0xe5a3a4, 0xe5ad80, 0xe5ad83, 0xe5adbd, 0xe5afb6, 0xe5b789, 0xe687b8, 0xe687ba,
    0xe69498, 0xe69494, 0xe69499, 0xe69ba6, 0xe69ca7, 0xe6abac, 0xe780be, 0xe780b0, 0xe780b2,
    0xe78890, 0xe78dbb, 0xe7938f, 0xe799a2, 0xe799a5, 0xe7a4a6, 0xe7a4aa, 0xe7a4ac, 0xe7a4ab,
    0xe7ab87, 0xe7abb6, 0xe7b18c, 0xe7b183, 0xe7b18d, 0xe7b3af, 0xe7b3b0, 0xe8beae, 0xe7b9bd,
    0xe7b9bc, 0xe7ba82, 0xe7bd8c, 0xe88080, 0xe8879a, 0xe889a6, 0xe897bb, 0xe897b9, 0xe89891,
    0xe897ba, 0xe89886, 0xe8988b, 0xe89887, 0xe8988a, 0xe8a094, 0xe8a095, 0xe8a5a4, 0xe8a6ba,
    0xe8a7b8, 0xe8adb0, 0xe8adac, 0xe8ada6, 0xe8adaf, 0xe8ad9f, 0xe8adab, 0xe8b48f, 0xe8b48d,
    0xe8ba89, 0xe8ba81, 0xe8ba85, 0xe8ba82, 0xe986b4, 0xe9878b, 0xe99098, 0xe99083, 0xe98fbd,
    0xe997a1, 0xe99cb0, 0xe9a384, 0xe9a592, 0xe9a591, 0xe9a6a8, 0xe9a8ab, 0xe9a8b0, 0xe9a8b7,
    0xe9a8b5, 0xe9b093, 0xe9b08d, 0xe9b9b9, 0xe9bab5, 0xe9bba8, 0xe9bcaf, 0xe9bd9f, 0xe9bda3,
    0xe9bda1, 0xe584b7, 0xe584b8, 0xe59b81, 0xe59b80, 0xe59b82, 0xe5a494, 0xe5b1ac, 0xe5b78d,
    0xe687bc, 0xe687be, 0xe6949d, 0xe6949c, 0xe69695, 0xe69ba9, 0xe6abbb, 0xe6ac84, 0xe6abba,
    0xe6aeb2, 0xe7818c, 0xe7889b, 0xe78aa7, 0xe79396, 0xe79394, 0xe799a9, 0xe79f93, 0xe7b190,
    0xe7ba8f, 0xe7ba8c, 0xe7bebc, 0xe89897, 0xe898ad, 0xe8989a, 0xe8a0a3, 0xe8a0a2, 0xe8a0a1,
    0xe8a09f, 0xe8a5aa, 0xe8a5ac, 0xe8a6bd, 0xe8adb4, 0xe8adb7, 0xe8adbd, 0xe8b493, 0xe8ba8a,
    0xe8ba8d, 0xe8ba8b, 0xe8bd9f, 0xe8beaf, 0xe986ba, 0xe990ae, 0xe990b3, 0xe990b5, 0xe990ba,
    0xe990b8, 0xe990b2, 0xe990ab, 0xe997a2, 0xe99cb8, 0xe99cb9, 0xe99cb2, 0xe99fbf, 0xe9a1a7,
    0xe9a1a5, 0xe9a597, 0xe9a985, 0xe9a983, 0xe9a980, 0xe9a8be, 0xe9ab8f, 0xe9ad94, 0xe9ad91,
    0xe9b0ad, 0xe9b0a5, 0xe9b6af, 0xe9b6b4, 0xe9b782, 0xe9b6b8, 0xe9ba9d, 0xe9bbaf, 0xe9bc99,
    0xe9bd9c, 0xe9bda6, 0xe9bda7, 0xe584bc, 0xe584bb, 0xe59b88, 0xe59b8a, 0xe59b89, 0xe5adbf,
    0xe5b794, 0xe5b792, 0xe5bd8e, 0xe687bf, 0xe694a4, 0xe6ac8a, 0xe6ada1, 0xe78191, 0xe78198,
    0xe78e80, 0xe793a4, 0xe7968a, 0xe799ae, 0xe799ac, 0xe7a6b3, 0xe7b1a0, 0xe7b19f, 0xe881be,
    0xe881bd, 0xe8879f, 0xe8a5b2, 0xe8a5af, 0xe8a7bc, 0xe8ae80, 0xe8b496, 0xe8b497, 0xe8ba91,
    0xe8ba93, 0xe8bda1, 0xe98588, 0xe99184, 0xe99191, 0xe99192, 0xe99cbd, 0xe99cbe, 0xe99f83,
    0xe99f81, 0xe9a1ab, 0xe9a595, 0xe9a995, 0xe9a98d, 0xe9ab92, 0xe9ac9a, 0xe9b189, 0xe9b0b1,
    0xe9b0be, 0xe9b0bb, 0xe9b793, 0xe9b797, 0xe9bcb4, 0xe9bdac, 0xe9bdaa, 0xe9be94, 0xe59b8c,
    0xe5b796, 0xe68880, 0xe694a3, 0xe694ab, 0xe694aa, 0xe69bac, 0xe6ac90, 0xe7939a, 0xe7ab8a,
    0xe7b1a4, 0xe7b1a3, 0xe7b1a5, 0xe7ba93, 0xe7ba96, 0xe7ba94, 0xe887a2, 0xe898b8, 0xe898bf,
    0xe8a0b1, 0xe8ae8a, 0xe98290, 0xe9828f, 0xe991a3, 0xe991a0, 0xe991a4, 0xe99da8, 0xe9a1af,
    0xe9a59c, 0xe9a99a, 0xe9a99b, 0xe9a997, 0xe9ab93, 0xe9ab94, 0xe9ab91, 0xe9b194, 0xe9b197,
    0xe9b196, 0xe9b7a5, 0xe9ba9f, 0xe9bbb4, 0xe59b91, 0xe5a3a9, 0xe694ac, 0xe7819e, 0xe799b1,
    0xe799b2, 0xe79f97, 0xe7bd90, 0xe7be88, 0xe8a0b6, 0xe8a0b9, 0xe8a1a2, 0xe8ae93, 0xe8ae92,
    0xe8ae96, 0xe889b7, 0xe8b49b, 0xe98780, 0xe991aa, 0xe99d82, 0xe99d88, 0xe99d84, 0xe99f86,
    0xe9a1b0, 0xe9a99f, 0xe9aca2, 0xe9ad98, 0xe9b19f, 0xe9b7b9, 0xe9b7ba, 0xe9b9bc, 0xe9b9bd,
    0xe9bc87, 0xe9bdb7, 0xe9bdb2, 0xe5bbb3, 0xe6ac96, 0xe781a3, 0xe7b1ac, 0xe7b1ae, 0xe8a0bb,
    0xe8a780, 0xe8baa1, 0xe98781, 0xe991b2, 0xe991b0, 0xe9a1b1, 0xe9a59e, 0xe9ab96, 0xe9aca3,
    0xe9bb8c, 0xe781a4, 0xe79f9a, 0xe8ae9a, 0xe991b7, 0xe99f89, 0xe9a9a2, 0xe9a9a5, 0xe7ba9c,
    0xe8ae9c, 0xe8baaa, 0xe98785, 0xe991bd, 0xe991be, 0xe991bc, 0xe9b1b7, 0xe9b1b8, 0xe9bbb7,
    0xe8b194, 0xe991bf, 0xe9b89a, 0xe788a8, 0xe9a9aa, 0xe9acb1, 0xe9b89b, 0xe9b89e, 0xe7b1b2,
    0x000000, 0x000000, 0x000000, 0x000000, 0x000000, 0x000000, 0x000000, 0x000000, 0x000000,
    0x000000, 0x000000, 0x000000, 0x000000, 0x000000, 0x000000, 0x000000, 0x000000, 0x000000,
    0x000000, 0x000000, 0x000000, 0x000000, 0x000000, 0x000000, 0x000000, 0x000000, 0x000000,
    0x000000, 0x000000, 0x000000, 0x000000, 0x000000, 0x000000, 0x000000, 0x000000, 0x000000,
    0x000000, 0x000000, 0x000000, 0x000000, 0x000000, 0x000000, 0x000000, 0x000000, 0x000000,
    0x000000, 0x000000, 0x000000, 0x000000, 0x000000, 0x000000, 0x00189a, 0x0018a8, 0x001905,
    0x000000, 0x000000, 0x000000, 0x000000, 0x000000, 0x000000, 0x000000, 0x000000, 0x000000,
    0x000000, 0x000000, 0x001962, 0x0019bf, 0x001a1d, 0x001a7b, 0x001ad9, 0x001b37, 0x001b95,
    0x000000, 0x000000, 0x000000, 0x000000, 0x000000, 0x000000, 0x000000, 0x000000, 0x000000,
    0x000000, 0x000000, 0x000000, 0x000000, 0x000000, 0x000000, 0x000000, 0x000000, 0x000000,
    0x000000, 0x000000, 0x000000, 0x000000, 0x000000, 0x000000, 0x000000, 0x000000, 0x000000,
    0x001bf3, 0x000000, 0x001c51, 0x001caf, 0x001d0d, 0x001d6b, 0x001dc9, 0x001e27, 0x001e85,
    0x001ee3, 0x001f41, 0x001f9f, 0x001ffd, 0x00205b, 0x0020b9, 0x002117, 0x002175, 0x0021d3,
    0x002231, 0x00228f, 0x0022ed, 0x00234b, 0x0023a9, 0x002407, 0x002465, 0x0024c3, 0x002521,
    0x00257f, 0x0025dd, 0x00263b, 0x002699, 0x0026f7, 0x002755, 0x0027b3, 0x002811, 0x00286f,
    0x0028cd, 0x00292b, 0x002989, 0x0029e7, 0x002a45, 0x002aa3, 0x002b01, 0x002b5f, 0x002bbd,
    0x002c1b, 0x002c79, 0x002cd7, 0x002d35, 0x002d93, 0x002df1, 0x002e4f, 0x002ead, 0x002f0b,
    0x002f69, 0x002fc7, 0x003025, 0x003083, 0x0030e1, 0x00313f, 0x00319d, 0x0031fb, 0x003259,
    0x0032b7, 0x003315, 0x003373, 0x0033d1, 0x00342f, 0x00348d, 0x0034eb, 0x003549, 0x0035a7,
    0x003605, 0x003663, 0x0036c1, 0x00371f, 0x00377d, 0x0037db, 0x003839, 0x003897, 0x0038f5,
    0x003953, 0x0039b1, 0x003a0f, 0x003a6d, 0x003acb, 0x003b29, 0x003b87, 0x003be5, 0x003c43,
    0x003ca1, 0x003cff, 0x003d5d, 0x003dbb, 0x003e19, 0x003e77, 0x003ed5, 0x003f33, 0x003f91,
    0x003fef, 0x00404d, 0x0040ab, 0x004109, 0x004167, 0x0041c5, 0x004223, 0x004281, 0x0042df,
    0x00433d, 0x00439b, 0x0043f9, 0x004457, 0x0044b5, 0x004513, 0x004571, 0x0045cf, 0x00462d,
    0x00468b, 0x0046e9, 0x004747, 0x0047a5, 0x004803, 0x004861, 0x0048bf, 0x00491d, 0x00497b,
    0x0049d9, 0x004a37, 0x004a95, 0x004af3, 0x004b51, 0x004baf, 0x004c0d, 0x004c6b, 0x004cc9,
    0x004d27, 0x004d85, 0x004de3, 0x004e41, 0x004e9f, 0x004efd, 0x004f5b, 0x000000, 0x000000,
    0x000000, 0x000000, 0x000000, 0x000000, 0x000000, 0x000000, 0x000000, 0x000000, 0x000000,
    0x004fb9, 0x005016, 0x005074, 0x0050d2, 0x005130, 0x00518e, 0x0051ec, 0x00524a, 0x0052a8,
    0x005306, 0x005364, 0x0053c2, 0x005420, 0x00547e, 0x0054dc, 0x00553a, 0x005598, 0x0055f6,
    0x005652, 0x0056ae, 0x00570b, 0x005768, 0x0057c6, 0x005824, 0x005882, 0x0058e0, 0x00593e,
    0x00599c, 0x0059fa, 0x005a58, 0x005ab6, 0x005b14, 0x005b72, 0x005bd0, 0x005c2e, 0x005c8c,
    0x005cea, 0x005d48, 0x005da6, 0x005e04, 0x005e61, 0x005ebf, 0x005f1c, 0x005f7a, 0x005fd8,
    0x006036, 0x006094, 0x0060f2, 0x006150, 0x0061ae, 0x00620c, 0x00626a, 0x0062c8, 0x006326,
    0x006381, 0x0063df, 0x00643d, 0x00649b, 0x0064f9, 0x006557, 0x0065b5, 0x006613, 0x006671,
    0x0066cf, 0x00672d, 0x00678b, 0x0067e7, 0x006844, 0x0068a2, 0x006900, 0x00695e, 0x000000,
    0x000000, 0x000000, 0x000000, 0x000000, 0x000000, 0x000000, 0x000000, 0x000000, 0x000000,
    0x000000, 0x000000, 0x000000, 0x000000, 0x000000, 0x000000, 0x000000, 0x000000, 0x000000,
    0x000000, 0x000000, 0x000000, 0xe38080, 0xefbc8c, 0xe38081, 0xe38082, 0xefbc8e, 0xe383bb,
    0xefbc9b, 0xefbc9a, 0xefbc9f, 0xefbc81, 0xefb8b0, 0xe280a6, 0xe280a5, 0xefb990, 0xefb991,
    0xefb992, 0x00c2b7, 0xefb994, 0xefb995, 0xefb996, 0xefb997, 0xefb8b1, 0xe28094, 0xefb8b2,
    0xe28093, 0x000000, 0x000000, 0x000000, 0x000000, 0xefbc88, 0xefbc89, 0xefb8b5, 0xefb8b6,
    0xefbd9b, 0xefbd9d, 0xefb8b7, 0xefb8b8, 0xe38094, 0xe38095, 0xefb8b9, 0xefb8ba, 0xe38090,
    0xe38091, 0xefb8bb, 0xefb8bc, 0xe3808a, 0xe3808b, 0xefb8bd, 0xefb8be, 0xe38088, 0xe38089,
    0xefb8bf, 0xefb980, 0xe3808c, 0xe3808d, 0xefb981, 0xefb982, 0xe3808e, 0xe3808f, 0xefb983,
    0xefb984, 0xefb999, 0xefb99a, 0xefb99b, 0xefb99c, 0xefb99d, 0xefb99e, 0xe28098, 0xe28099,
    0xe2809c, 0xe2809d, 0xe3809d, 0xe3809e, 0xe280b2, 0xe280b5, 0xefbc83, 0xefbc86, 0xefbc8a,
    0xe280bb, 0x00c2a7, 0xe38083, 0xe2978b, 0xe2978f, 0xe296b3, 0xe296b2, 0xe2978e, 0xe29886,
    0xe29885, 0xe29787, 0xe29786, 0xe296a1, 0xe296a0, 0xe296bd, 0xe296bc, 0xe38aa3, 0xe28485,
    0xe280be, 0x000000, 0xefbcbf, 0x000000, 0xefb989, 0xefb98a, 0xefb98d, 0xefb98e, 0xefb98b,
    0xefb98c, 0xefb99f, 0xefb9a0, 0xefb9a1, 0xefbc8b, 0xefbc8d, 0x00c397, 0x00c3b7, 0x00c2b1,
    0xe2889a, 0xefbc9c, 0xefbc9e, 0xefbc9d, 0xe289a6, 0xe289a7, 0xe289a0, 0xe2889e, 0xe28992,
    0xe289a1, 0xefb9a2, 0xefb9a3, 0xefb9a4, 0xefb9a6, 0xefb9a5, 0xe288bc, 0xe288a9, 0xe288aa,
    0xe28aa5, 0xe288a0, 0xe2889f, 0xe28abf, 0xe38f92, 0xe38f91, 0xe288ab, 0xe288ae, 0xe288b5,
    0xe288b4, 0xe29980, 0xe29982, 0xe29981, 0xe29889, 0xe28691, 0xe28693, 0xe28692, 0xe28690,
    0xe28696, 0xe28697, 0xe28699, 0xe28698, 0xe28096, 0xefbd9c, 0xefbc8f, 0xefbcbc, 0xe28895,
    0xefb9a8, 0xefbc84, 0xefbfa5, 0xe38092, 0xefbfa0, 0xefbfa1, 0xefbc85, 0xefbca0, 0xe28483,
    0xe28489, 0xefb9a9, 0xefb9aa, 0xefb9ab, 0xe38f95, 0xe38e9c, 0xe38e9d, 0xe38e9e, 0xe38f8e,
    0xe38ea1, 0xe38e8e, 0xe38e8f, 0xe38f84, 0x00c2b0, 0xe58599, 0xe5859b, 0xe5859e, 0xe5859d,
    0xe585a1, 0xe585a3, 0xe597a7, 0xe793a9, 0xe7b38e, 0xe29681, 0xe29682, 0xe29683, 0xe29684,
    0xe29685, 0xe29686, 0xe29687, 0xe29688, 0xe2968f, 0xe2968e, 0xe2968d, 0xe2968c, 0xe2968b,
    0xe2968a, 0xe29689, 0xe294bc, 0xe294b4, 0xe294ac, 0xe294a4, 0xe2949c, 0xe29694, 0xe29480,
    0xe29482, 0xe29695, 0xe2948c, 0xe29490, 0xe29494, 0xe29498, 0xe295ad, 0xe295ae, 0xe295b0,
    0xe295af, 0xe29590, 0xe2959e, 0xe295aa, 0xe295a1, 0xe297a2, 0xe297a3, 0xe297a5, 0xe297a4,
    0xe295b1, 0xe295b2, 0xe295b3, 0x000000, 0x000000, 0x000000, 0x000000, 0x000000, 0x000000,
    0x000000, 0x000000, 0x000000, 0x000000, 0x000000, 0x000000, 0x000000, 0x000000, 0x000000,
    0x000000, 0x000000, 0x000000, 0x000000, 0x000000, 0x000000, 0x000000, 0x000000, 0x000000,
    0x000000, 0x000000, 0x000000, 0x000000, 0x000000, 0x000000, 0x000000, 0x000000, 0x000000,
    0x000000, 0x000000, 0x000000, 0x000000, 0x000000, 0x000000, 0x000000, 0x000000, 0x000000,
    0x000000, 0x000000, 0x000000, 0x000000, 0x000000, 0x000000, 0xefbc90, 0xefbc91, 0xefbc92,
    0xefbc93, 0xefbc94, 0xefbc95, 0xefbc96, 0xefbc97, 0xefbc98, 0xefbc99, 0xe285a0, 0xe285a1,
    0xe285a2, 0xe285a3, 0xe285a4, 0xe285a5, 0xe285a6, 0xe285a7, 0xe285a8, 0xe285a9, 0xe380a1,
    0xe380a2, 0xe380a3, 0xe380a4, 0xe380a5, 0xe380a6, 0xe380a7, 0xe380a8, 0xe380a9, 0x000000,
    0xe58d84, 0x000000, 0xefbca1, 0xefbca2, 0xefbca3, 0xefbca4, 0xefbca5, 0xefbca6, 0xefbca7,
    0xefbca8, 0xefbca9, 0xefbcaa, 0xefbcab, 0xefbcac, 0xefbcad, 0xefbcae, 0xefbcaf, 0xefbcb0,
    0xefbcb1, 0xefbcb2, 0xefbcb3, 0xefbcb4, 0xefbcb5, 0xefbcb6, 0xefbcb7, 0xefbcb8, 0xefbcb9,
    0xefbcba, 0xefbd81, 0xefbd82, 0xefbd83, 0xefbd84, 0xefbd85, 0xefbd86, 0xefbd87, 0xefbd88,
    0xefbd89, 0xefbd8a, 0xefbd8b, 0xefbd8c, 0xefbd8d, 0xefbd8e, 0xefbd8f, 0xefbd90, 0xefbd91,
    0xefbd92, 0xefbd93, 0xefbd94, 0xefbd95, 0xefbd96, 0xefbd97, 0xefbd98, 0xefbd99, 0xefbd9a,
    0x00ce91, 0x00ce92, 0x00ce93, 0x00ce94, 0x00ce95, 0x00ce96, 0x00ce97, 0x00ce98, 0x00ce99,
    0x00ce9a, 0x00ce9b, 0x00ce9c, 0x00ce9d, 0x00ce9e, 0x00ce9f, 0x00cea0, 0x00cea1, 0x00cea3,
    0x00cea4, 0x00cea5, 0x00cea6, 0x00cea7, 0x00cea8, 0x00cea9, 0x00ceb1, 0x00ceb2, 0x00ceb3,
    0x00ceb4, 0x00ceb5, 0x00ceb6, 0x00ceb7, 0x00ceb8, 0x00ceb9, 0x00ceba, 0x00cebb, 0x00cebc,
    0x00cebd, 0x00cebe, 0x00cebf, 0x00cf80, 0x00cf81, 0x00cf83, 0x00cf84, 0x00cf85, 0x00cf86,
    0x00cf87, 0x00cf88, 0x00cf89, 0xe38485, 0xe38486, 0xe38487, 0xe38488, 0xe38489, 0xe3848a,
    0xe3848b, 0xe3848c, 0xe3848d, 0xe3848e, 0xe3848f, 0xe38490, 0xe38491, 0xe38492, 0xe38493,
    0xe38494, 0xe38495, 0xe38496, 0xe38497, 0xe38498, 0xe38499, 0xe3849a, 0xe3849b, 0xe3849c,
    0xe3849d, 0xe3849e, 0xe3849f, 0xe384a0, 0xe384a1, 0xe384a2, 0xe384a3, 0xe384a4, 0xe384a5,
    0xe384a6, 0xe384a7, 0xe384a8, 0xe384a9, 0x00cb99, 0x00cb89, 0x00cb8a, 0x00cb87, 0x00cb8b,
    0x000000, 0x000000, 0x000000, 0x000000, 0x000000, 0x000000, 0x000000, 0x000000, 0x000000,
    0x000000, 0x000000, 0x000000, 0x000000, 0x000000, 0xe291a0, 0xe291a1, 0xe291a2, 0xe291a3,
    0xe291a4, 0xe291a5, 0xe291a6, 0xe291a7, 0xe291a8, 0xe291a9, 0xe291b4, 0xe291b5, 0xe291b6,
    0xe291b7, 0xe291b8, 0xe291b9, 0xe291ba, 0xe291bb, 0xe291bc, 0xe291bd, 0xe285b0, 0xe285b1,
    0xe285b2, 0xe285b3, 0xe285b4, 0xe285b5, 0xe285b6, 0xe285b7, 0xe285b8, 0xe285b9, 0x000000,
    0x000000, 0x000000, 0x000000, 0x000000, 0x000000, 0x000000, 0x000000, 0x000000, 0x000000,
    0x000000, 0x000000, 0x000000, 0x000000, 0x000000, 0x000000, 0x000000, 0x000000, 0x000000,
    0x000000, 0x000000, 0x000000, 0x000000, 0x000000, 0x000000, 0x000000, 0x000000, 0x000000,
    0x000000, 0x000000, 0x000000, 0x000000, 0x000000, 0x000000, 0x000000, 0x000000, 0x000000,
    0x000000, 0x000000, 0x000000, 0x000000, 0x000000, 0x000000, 0x000000, 0x000000, 0x000000,
    0x000000, 0x000000, 0x000000, 0x000000, 0x000000, 0x000000, 0x000000, 0x000000, 0x000000,
    0x000000, 0x000000, 0x000000, 0x000000, 0x000000, 0x000000, 0x000000, 0x000000, 0x000000,
    0xe29080, 0xe29081, 0xe29082, 0xe29083, 0xe29084, 0xe29085, 0xe29086, 0xe29087, 0xe29088,
    0xe29089, 0xe2908a, 0xe2908b, 0xe2908c, 0xe2908d, 0xe2908e, 0xe2908f, 0xe29090, 0xe29091,
    0xe29092, 0xe29093, 0xe29094, 0xe29095, 0xe29096, 0xe29097, 0xe29098, 0xe29099, 0xe2909a,
    0xe2909b, 0xe2909c, 0xe2909d, 0xe2909e, 0xe2909f, 0xe290a1, 0x000000, 0x000000, 0x000000,
    0x000000, 0x000000, 0x000000, 0x000000, 0x000000, 0x000000, 0x000000, 0x000000, 0x000000,
    0x000000, 0x000000, 0x000000, 0x000000, 0x000000, 0x000000, 0x000000, 0x000000, 0x000000,
    0x000000, 0x000000, 0x000000, 0x000000, 0x000000, 0x000000, 0x000000, 0x000000, 0x000000,
    0x000000, 0x000000, 0x000000, 0x000000, 0x000000, 0x000000, 0x000000, 0x000000, 0x000000,
    0x000000, 0x000000, 0x000000, 0x000000, 0x000000, 0x000000, 0x000000, 0x000000, 0x000000,
    0x000000, 0x000000, 0x000000, 0x000000, 0x000000, 0x000000, 0x000000, 0x000000, 0x000000,
    0x000000, 0x000000, 0x000000, 0x000000, 0xe4b880, 0xe4b999, 0xe4b881, 0xe4b883, 0xe4b983,
    0xe4b99d, 0xe4ba86, 0xe4ba8c, 0xe4baba, 0xe584bf, 0xe585a5, 0xe585ab, 0xe587a0, 0xe58880,
    0xe58881, 0xe58a9b, 0xe58c95, 0xe58d81, 0xe58d9c, 0xe58f88, 0xe4b889, 0xe4b88b, 0xe4b888,
    0xe4b88a, 0xe4b8ab, 0xe4b8b8, 0xe587a1, 0xe4b985, 0xe4b988, 0xe4b99f, 0xe4b99e, 0xe4ba8e,
    0xe4baa1, 0xe58580, 0xe58883, 0xe58bba, 0xe58d83, 0xe58f89, 0xe58fa3, 0xe59c9f, 0xe5a3ab,
    0xe5a495, 0xe5a4a7, 0xe5a5b3, 0xe5ad90, 0xe5ad91, 0xe5ad93, 0xe5afb8, 0xe5b08f, 0xe5b0a2,
    0xe5b0b8, 0xe5b1b1, 0xe5b79d, 0xe5b7a5, 0xe5b7b1, 0xe5b7b2, 0xe5b7b3, 0xe5b7be, 0xe5b9b2,
    0xe5bbbe, 0xe5bc8b, 0xe5bc93, 0xe6898d, 0xe4b891, 0xe4b890, 0xe4b88d, 0xe4b8ad, 0xe4b8b0,
    0xe4b8b9, 0xe4b98b, 0xe5b0b9, 0xe4ba88, 0xe4ba91, 0xe4ba95, 0xe4ba92, 0xe4ba94, 0xe4baa2,
    0xe4bb81, 0xe4bb80, 0xe4bb83, 0xe4bb86, 0xe4bb87, 0xe4bb8d, 0xe4bb8a, 0xe4bb8b, 0xe4bb84,
    0xe58583, 0xe58581, 0xe585a7, 0xe585ad, 0xe585ae, 0xe585ac, 0xe58697, 0xe587b6, 0xe58886,
    0xe58887, 0xe58888, 0xe58bbb, 0xe58bbe, 0xe58bbf, 0xe58c96, 0xe58cb9, 0xe58d88, 0xe58d87,
    0xe58d85, 0xe58d9e, 0xe58e84, 0xe58f8b, 0xe58f8a, 0xe58f8d, 0xe5a3ac, 0xe5a4a9, 0xe5a4ab,
    0xe5a4aa, 0xe5a4ad, 0xe5ad94, 0xe5b091, 0xe5b0a4, 0xe5b0ba, 0xe5b1af, 0xe5b7b4, 0xe5b9bb,
    0xe5bbbf, 0xe5bc94, 0xe5bc95, 0xe5bf83, 0xe68888, 0xe688b6, 0xe6898b, 0xe6898e, 0xe694af,
    0xe69687, 0xe69697, 0xe696a4, 0xe696b9, 0xe697a5, 0xe69bb0, 0xe69c88, 0xe69ca8, 0xe6aca0,
    0xe6ada2, 0xe6adb9, 0xe6af8b, 0xe6af94, 0xe6af9b, 0xe6b08f, 0xe6b0b4, 0xe781ab, 0xe788aa,
    0xe788b6, 0xe788bb, 0xe78987, 0xe78999, 0xe7899b, 0xe78aac, 0xe78e8b, 0xe4b899, 0xe4b896,
    0xe4b895, 0xe4b894, 0xe4b898, 0xe4b8bb, 0xe4b98d, 0xe4b98f, 0xe4b98e, 0xe4bba5, 0xe4bb98,
    0xe4bb94, 0xe4bb95, 0xe4bb96, 0xe4bb97, 0xe4bba3, 0xe4bba4, 0xe4bb99, 0xe4bb9e, 0xe58585,
    0xe58584, 0xe58689, 0xe5868a, 0xe586ac, 0xe587b9, 0xe587ba, 0xe587b8, 0xe5888a, 0xe58aa0,
    0xe58a9f, 0xe58c85, 0xe58c86, 0xe58c97, 0xe58c9d, 0xe4bb9f, 0xe58d8a, 0xe58d89, 0xe58da1,
    0xe58da0, 0xe58daf, 0xe58dae, 0xe58ebb, 0xe58faf, 0xe58fa4, 0xe58fb3, 0xe58fac, 0xe58fae,
    0xe58fa9, 0xe58fa8, 0xe58fbc, 0xe58fb8, 0xe58fb5, 0xe58fab, 0xe58fa6, 0xe58faa, 0xe58fb2,
    0xe58fb1, 0xe58fb0, 0xe58fa5, 0xe58fad, 0xe58fbb, 0xe59b9b, 0xe59b9a, 0xe5a496, 0xe5a4ae,
    0xe5a4b1, 0xe5a5b4, 0xe5a5b6, 0xe5ad95, 0xe5ae83, 0xe5b0bc, 0xe5b7a8, 0xe5b7a7, 0xe5b7a6,
    0xe5b882, 0xe5b883, 0xe5b9b3, 0xe5b9bc, 0xe5bc81, 0xe5bc98, 0xe5bc97, 0xe5bf85, 0xe6888a,
    0xe68993, 0xe68994, 0xe68992, 0xe68991, 0xe696a5, 0xe697a6, 0xe69cae, 0xe69cac, 0xe69caa,
    0xe69cab, 0xe69cad, 0xe6ada3, 0xe6af8d, 0xe6b091, 0xe6b090, 0xe6b0b8, 0xe6b181, 0xe6b180,
    0xe6b0be, 0xe78aaf, 0xe78e84, 0xe78e89, 0xe7939c, 0xe793a6, 0xe79498, 0xe7949f, 0xe794a8,
    0xe794a9, 0xe794b0, 0xe794b1, 0xe794b2, 0xe794b3, 0xe7968b, 0xe799bd, 0xe79aae, 0xe79abf,
    0xe79bae, 0xe79f9b, 0xe79fa2, 0xe79fb3, 0xe7a4ba, 0xe7a6be, 0xe7a9b4, 0xe7ab8b, 0xe4b89e,
    0xe4b89f, 0xe4b992, 0xe4b993, 0xe4b9a9, 0xe4ba99, 0xe4baa4, 0xe4baa6, 0xe4baa5, 0xe4bbbf,
    0xe4bc89, 0xe4bc99, 0xe4bc8a, 0xe4bc95, 0xe4bc8d, 0xe4bc90, 0xe4bc91, 0xe4bc8f, 0xe4bbb2,
    0xe4bbb6, 0xe4bbbb, 0xe4bbb0, 0xe4bbb3, 0xe4bbbd, 0xe4bc81, 0xe4bc8b, 0xe58589, 0xe58587,
    0xe58586, 0xe58588, 0xe585a8, 0xe585b1, 0xe5868d, 0xe586b0, 0xe58897, 0xe58891, 0xe58892,
    0xe5888e, 0xe58896, 0xe58aa3, 0xe58c88, 0xe58ca1, 0xe58ca0, 0xe58db0, 0xe58db1, 0xe59089,
    0xe5908f, 0xe5908c, 0xe5908a, 0xe59090, 0xe59081, 0xe5908b, 0xe59084, 0xe59091, 0xe5908d,
    0xe59088, 0xe59083, 0xe5908e, 0xe59086, 0xe59092, 0xe59ba0, 0xe59b9e, 0xe59b9d, 0xe59cb3,
    0xe59cb0, 0xe59ca8, 0xe59cad, 0xe59cac, 0xe59caf, 0xe59ca9, 0xe5a499, 0xe5a49a, 0xe5a4b7,
    0xe5a4b8, 0xe5a684, 0xe5a5b8, 0xe5a683, 0xe5a5bd, 0xe5a5b9, 0xe5a682, 0xe5a681, 0xe5ad97,
    0xe5ad98, 0xe5ae87, 0xe5ae88, 0xe5ae85, 0xe5ae89, 0xe5afba, 0xe5b096, 0xe5b1b9, 0xe5b79e,
    0xe5b886, 0xe5b9b6, 0xe5b9b4, 0xe5bc8f, 0xe5bc9b, 0xe5bf99, 0xe5bf96, 0xe6888e, 0xe6888c,
    0xe6888d, 0xe68890, 0xe689a3, 0xe6899b, 0xe68998, 0xe694b6, 0xe697a9, 0xe697a8, 0xe697ac,
    0xe697ad, 0xe69bb2, 0xe69bb3, 0xe69c89, 0xe69cbd, 0xe69cb4, 0xe69cb1, 0xe69cb5, 0xe6aca1,
    0xe6ada4, 0xe6adbb, 0xe6b096, 0xe6b19d, 0xe6b197, 0xe6b199, 0xe6b19f, 0xe6b1a0, 0xe6b190,
    0xe6b195, 0xe6b1a1, 0xe6b19b, 0xe6b18d, 0xe6b18e, 0xe781b0, 0xe7899f, 0xe7899d, 0xe799be,
    0xe7abb9, 0xe7b1b3, 0xe7b3b8, 0xe7bcb6, 0xe7be8a, 0xe7bebd, 0xe88081, 0xe88083, 0xe8808c,
    0xe88092, 0xe880b3, 0xe881bf, 0xe88289, 0xe8828b, 0xe8828c, 0xe887a3, 0xe887aa, 0xe887b3,
    0xe887bc, 0xe8888c, 0xe8889b, 0xe8889f, 0xe889ae, 0xe889b2, 0xe889be, 0xe899ab, 0xe8a180,
    0xe8a18c, 0xe8a1a3, 0xe8a5bf, 0xe998a1, 0xe4b8b2, 0xe4baa8, 0xe4bd8d, 0xe4bd8f, 0xe4bd87,
    0xe4bd97, 0xe4bd9e, 0xe4bcb4, 0xe4bd9b, 0xe4bd95, 0xe4bcb0, 0xe4bd90, 0xe4bd91, 0xe4bcbd,
    0xe4bcba, 0xe4bcb8, 0xe4bd83, 0xe4bd94, 0xe4bcbc, 0xe4bd86, 0xe4bda3, 0xe4bd9c, 0xe4bda0,
    0xe4bcaf, 0xe4bd8e, 0xe4bcb6, 0xe4bd99, 0xe4bd9d, 0xe4bd88, 0xe4bd9a, 0xe5858c, 0xe5858b,
    0xe5858d, 0xe585b5, 0xe586b6, 0xe586b7, 0xe588a5, 0xe588a4, 0xe588a9, 0xe588aa, 0xe588a8,
    0xe58aab, 0xe58aa9, 0xe58aaa, 0xe58aac, 0xe58ca3, 0xe58db3, 0xe58db5, 0xe5909d, 0xe590ad,
    0xe5909e, 0xe590be, 0xe590a6, 0xe5918e, 0xe590a7, 0xe59186, 0xe59183, 0xe590b3, 0xe59188,
    0xe59182, 0xe5909b, 0xe590a9, 0xe5918a, 0xe590b9, 0xe590bb, 0xe590b8, 0xe590ae, 0xe590b5,
    0xe590b6, 0xe590a0, 0xe590bc, 0xe59180, 0xe590b1, 0xe590ab, 0xe5909f, 0xe590ac, 0xe59baa,
    0xe59bb0, 0xe59ba4, 0xe59bab, 0xe59d8a, 0xe59d91, 0xe59d80, 0xe59d8d, 0xe59d87, 0xe59d8e,
    0xe59cbe, 0xe59d90, 0xe59d8f, 0xe59cbb, 0xe5a3af, 0xe5a4be, 0xe5a69d, 0xe5a692, 0xe5a6a8,
    0xe5a69e, 0xe5a6a3, 0xe5a699, 0xe5a696, 0xe5a68d, 0xe5a6a4, 0xe5a693, 0xe5a68a, 0xe5a6a5,
    0xe5ad9d, 0xe5ad9c, 0xe5ad9a, 0xe5ad9b, 0xe5ae8c, 0xe5ae8b, 0xe5ae8f, 0xe5b0ac, 0xe5b180,
    0xe5b181, 0xe5b0bf, 0xe5b0be, 0xe5b290, 0xe5b291, 0xe5b294, 0xe5b28c, 0xe5b7ab, 0xe5b88c,
    0xe5ba8f, 0xe5ba87, 0xe5ba8a, 0xe5bbb7, 0xe5bc84, 0xe5bc9f, 0xe5bda4, 0xe5bda2, 0xe5bdb7,
    0xe5bdb9, 0xe5bf98, 0xe5bf8c, 0xe5bf97, 0xe5bf8d, 0xe5bfb1, 0xe5bfab, 0xe5bfb8, 0xe5bfaa,
    0xe68892, 0xe68891, 0xe68a84, 0xe68a97, 0xe68a96, 0xe68a80, 0xe689b6, 0xe68a89, 0xe689ad,
    0xe68a8a, 0xe689bc, 0xe689be, 0xe689b9, 0xe689b3, 0xe68a92, 0xe689af, 0xe68a98, 0xe689ae,
    0xe68a95, 0xe68a93, 0xe68a91, 0xe68a86, 0xe694b9, 0xe694bb, 0xe694b8, 0xe697b1, 0xe69bb4,
    0xe69d9f, 0xe69d8e, 0xe69d8f, 0xe69d90, 0xe69d91, 0xe69d9c, 0xe69d96, 0xe69d9e, 0xe69d89,
    0xe69d86, 0xe69da0, 0xe69d93, 0xe69d97, 0xe6ada5, 0xe6af8f, 0xe6b182, 0xe6b19e, 0xe6b299,
    0xe6b281, 0xe6b288, 0xe6b289, 0xe6b285, 0xe6b29b, 0xe6b1aa, 0xe6b1ba, 0xe6b290, 0xe6b1b0,
    0xe6b28c, 0xe6b1a8, 0xe6b296, 0xe6b292, 0xe6b1bd, 0xe6b283, 0xe6b1b2, 0xe6b1be, 0xe6b1b4,
    0xe6b286, 0xe6b1b6, 0xe6b28d, 0xe6b294, 0xe6b298, 0xe6b282, 0xe781b6, 0xe781bc, 0xe781bd,
    0xe781b8, 0xe789a2, 0xe789a1, 0xe789a0, 0xe78b84, 0xe78b82, 0xe78e96, 0xe794ac, 0xe794ab,
    0xe794b7, 0xe794b8, 0xe79a82, 0xe79baf, 0xe79fa3, 0xe7a781, 0xe7a780, 0xe7a6bf, 0xe7a9b6,
    0xe7b3bb, 0xe7bd95, 0xe88296, 0xe88293, 0xe8829d, 0xe88298, 0xe8829b, 0xe8829a, 0xe882b2,
    0xe889af, 0xe88a92, 0xe88a8b, 0xe88a8d, 0xe8a68b, 0xe8a792, 0xe8a880, 0xe8b0b7, 0xe8b186,
    0xe8b195, 0xe8b29d, 0xe8b5a4, 0xe8b5b0, 0xe8b6b3, 0xe8baab, 0xe8bb8a, 0xe8be9b, 0xe8beb0,
    0xe8bf82, 0xe8bf86, 0xe8bf85, 0xe8bf84, 0xe5b7a1, 0xe98291, 0xe982a2, 0xe982aa, 0xe982a6,
    0xe982a3, 0xe98589, 0xe98786, 0xe9878c, 0xe998b2, 0xe998ae, 0xe998b1, 0xe998aa, 0xe998ac,
    0xe4b8a6, 0xe4b996, 0xe4b9b3, 0xe4ba8b, 0xe4ba9b, 0xe4ba9e, 0xe4baab, 0xe4baac, 0xe4bdaf,
    0xe4be9d, 0xe4be8d, 0xe4bdb3, 0xe4bdbf, 0xe4bdac, 0xe4be9b, 0xe4be8b, 0xe4be86, 0xe4be83,
    0xe4bdb0, 0xe4bdb5, 0xe4be88, 0xe4bda9, 0xe4bdbb, 0xe4be96, 0xe4bdbe, 0xe4be8f, 0xe4be91,
    0xe4bdba, 0xe58594, 0xe58592, 0xe58595, 0xe585a9, 0xe585b7, 0xe585b6, 0xe585b8, 0xe586bd,
    0xe587bd, 0xe588bb, 0xe588b8, 0xe588b7, 0xe588ba, 0xe588b0, 0xe588ae, 0xe588b6, 0xe58981,
    0xe58abe, 0xe58abb, 0xe58d92, 0xe58d94, 0xe58d93, 0xe58d91, 0xe58da6, 0xe58db7, 0xe58db8,
    0xe58db9, 0xe58f96, 0xe58f94, 0xe58f97, 0xe591b3, 0xe591b5, 0xe59296, 0xe591b8, 0xe59295,
    0xe59280, 0xe591bb, 0xe591b7, 0xe59284, 0xe59292, 0xe59286, 0xe591bc, 0xe59290, 0xe591b1,
    0xe591b6, 0xe5928c, 0xe5929a, 0xe591a2, 0xe591a8, 0xe5928b, 0xe591bd, 0xe5928e, 0xe59bba,
    0xe59e83, 0xe59db7, 0xe59daa, 0xe59da9, 0xe59da1, 0xe59da6, 0xe59da4, 0xe59dbc, 0xe5a49c,
    0xe5a589, 0xe5a587, 0xe5a588, 0xe5a584, 0xe5a594, 0xe5a6be, 0xe5a6bb, 0xe5a794, 0xe5a6b9,
    0xe5a6ae, 0xe5a791, 0xe5a786, 0xe5a790, 0xe5a78d, 0xe5a78b, 0xe5a793, 0xe5a78a, 0xe5a6af,
    0xe5a6b3, 0xe5a792, 0xe5a785, 0xe5ad9f, 0xe5ada4, 0xe5ada3, 0xe5ae97, 0xe5ae9a, 0xe5ae98,
    0xe5ae9c, 0xe5ae99, 0xe5ae9b, 0xe5b09a, 0xe5b188, 0xe5b185, 0xe5b186, 0xe5b2b7, 0xe5b2a1,
    0xe5b2b8, 0xe5b2a9, 0xe5b2ab, 0xe5b2b1, 0xe5b2b3, 0xe5b898, 0xe5b89a, 0xe5b896, 0xe5b895,
    0xe5b89b, 0xe5b891, 0xe5b9b8, 0xe5ba9a, 0xe5ba97, 0xe5ba9c, 0xe5ba95, 0xe5ba96, 0xe5bbb6,
    0xe5bca6, 0xe5bca7, 0xe5bca9, 0xe5be80, 0xe5be81, 0xe5bdbf, 0xe5bdbc, 0xe5bf9d, 0xe5bfa0,
    0xe5bfbd, 0xe5bfb5, 0xe5bfbf, 0xe6808f, 0xe68094, 0xe680af, 0xe680b5, 0xe68096, 0xe680aa,
    0xe68095, 0xe680a1, 0xe680a7, 0xe680a9, 0xe680ab, 0xe6809b, 0xe68896, 0xe68895, 0xe688bf,
    0xe688be, 0xe68980, 0xe689bf, 0xe68b89, 0xe68b8c, 0xe68b84, 0xe68abf, 0xe68b82, 0xe68ab9,
    0xe68b92, 0xe68b9b, 0xe68aab, 0xe68b93, 0xe68b94, 0xe68b8b, 0xe68b88, 0xe68aa8, 0xe68abd,
    0xe68abc, 0xe68b90, 0xe68b99, 0xe68b87, 0xe68b8d, 0xe68ab5, 0xe68b9a, 0xe68ab1, 0xe68b98,
    0xe68b96, 0xe68b97, 0xe68b86, 0xe68aac, 0xe68b8e, 0xe694be, 0xe696a7, 0xe696bc, 0xe697ba,
    0xe69894, 0xe69893, 0xe6988c, 0xe69886, 0xe69882, 0xe6988e, 0xe69880, 0xe6988f, 0xe69895,
    0xe6988a, 0xe69887, 0xe69c8d, 0xe69c8b, 0xe69dad, 0xe69e8b, 0xe69e95, 0xe69db1, 0xe69e9c,
    0xe69db3, 0xe69db7, 0xe69e87, 0xe69e9d, 0xe69e97, 0xe69daf, 0xe69db0, 0xe69dbf, 0xe69e89,
    0xe69dbe, 0xe69e90, 0xe69db5, 0xe69e9a, 0xe69e93, 0xe69dbc, 0xe69daa, 0xe69db2, 0xe6aca3,
    0xe6ada6, 0xe6ada7, 0xe6adbf, 0xe6b093, 0xe6b09b, 0xe6b3a3, 0xe6b3a8, 0xe6b3b3, 0xe6b2b1,
    0xe6b38c, 0xe6b3a5, 0xe6b2b3, 0xe6b2bd, 0xe6b2be, 0xe6b2bc, 0xe6b3a2, 0xe6b2ab, 0xe6b395,
    0xe6b393, 0xe6b2b8, 0xe6b384, 0xe6b2b9, 0xe6b381, 0xe6b2ae, 0xe6b397, 0xe6b385, 0xe6b3b1,
    0xe6b2bf, 0xe6b2bb, 0xe6b3a1, 0xe6b39b, 0xe6b38a, 0xe6b2ac, 0xe6b3af, 0xe6b39c, 0xe6b396,
    0xe6b3a0, 0xe78295, 0xe7828e, 0xe78292, 0xe7828a, 0xe78299, 0xe788ac, 0xe788ad, 0xe788b8,
    0xe78988, 0xe789a7, 0xe789a9, 0xe78b80, 0xe78b8e, 0xe78b99, 0xe78b97, 0xe78b90, 0xe78ea9,
    0xe78ea8, 0xe78e9f, 0xe78eab, 0xe78ea5, 0xe794bd, 0xe7969d, 0xe79699, 0xe7969a, 0xe79a84,
    0xe79b82, 0xe79bb2, 0xe79bb4, 0xe79fa5, 0xe79fbd, 0xe7a4be, 0xe7a580, 0xe7a581, 0xe7a789,
    0xe7a788, 0xe7a9ba, 0xe7a9b9, 0xe7abba, 0xe7b3be, 0xe7bd94, 0xe7be8c, 0xe7be8b, 0xe88085,
    0xe882ba, 0xe882a5, 0xe882a2, 0xe882b1, 0xe882a1, 0xe882ab, 0xe882a9, 0xe882b4, 0xe882aa,
    0xe882af, 0xe887a5, 0xe887be, 0xe8888d, 0xe88ab3, 0xe88a9d, 0xe88a99, 0xe88aad, 0xe88abd,
    0xe88a9f, 0xe88ab9, 0xe88ab1, 0xe88aac, 0xe88aa5, 0xe88aaf, 0xe88ab8, 0xe88aa3, 0xe88ab0,
    0xe88abe, 0xe88ab7, 0xe8998e, 0xe899b1, 0xe5889d, 0xe8a1a8, 0xe8bb8b, 0xe8bf8e, 0xe8bf94,
    0xe8bf91, 0xe982b5, 0xe982b8, 0xe982b1, 0xe982b6, 0xe98787, 0xe98791, 0xe995b7, 0xe99680,
    0xe9989c, 0xe99980, 0xe998bf, 0xe998bb, 0xe99984, 0xe99982, 0xe99ab9, 0xe99ba8, 0xe99d92,
    0xe99d9e, 0xe4ba9f, 0xe4baad, 0xe4baae, 0xe4bfa1, 0xe4beb5, 0xe4beaf, 0xe4bebf, 0xe4bfa0,
    0xe4bf91, 0xe4bf8f, 0xe4bf9d, 0xe4bf83, 0xe4beb6, 0xe4bf98, 0xe4bf9f, 0xe4bf8a, 0xe4bf97,
    0xe4beae, 0xe4bf90, 0xe4bf84, 0xe4bf82, 0xe4bf9a, 0xe4bf8e, 0xe4bf9e, 0xe4beb7, 0xe58597,
    0xe58692, 0xe58691, 0xe586a0, 0xe5898e, 0xe58983, 0xe5898a, 0xe5898d, 0xe5898c, 0xe5898b,
    0xe58987, 0xe58b87, 0xe58b89, 0xe58b83, 0xe58b81, 0xe58c8d, 0xe58d97, 0xe58dbb, 0xe58e9a,
    0xe58f9b, 0xe592ac, 0xe59380, 0xe592a8, 0xe5938e, 0xe59389, 0xe592b8, 0xe592a6, 0xe592b3,
    0xe59387, 0xe59382, 0xe592bd, 0xe592aa, 0xe59381, 0xe59384, 0xe59388, 0xe592af, 0xe592ab,
    0xe592b1, 0xe592bb, 0xe592a9, 0xe592a7, 0xe592bf, 0xe59bbf, 0xe59e82, 0xe59e8b, 0xe59ea0,
    0xe59ea3, 0xe59ea2, 0xe59f8e, 0xe59eae, 0xe59e93, 0xe5a595, 0xe5a591, 0xe5a58f, 0xe5a58e,
    0xe5a590, 0xe5a79c, 0xe5a798, 0xe5a7bf, 0xe5a7a3, 0xe5a7a8, 0xe5a883, 0xe5a7a5, 0xe5a7aa,
    0xe5a79a, 0xe5a7a6, 0xe5a881, 0xe5a7bb, 0xe5ada9, 0xe5aea3, 0xe5aea6, 0xe5aea4, 0xe5aea2,
    0xe5aea5, 0xe5b081, 0xe5b18e, 0xe5b18f, 0xe5b18d, 0xe5b18b, 0xe5b399, 0xe5b392, 0xe5b7b7,
    0xe5b89d, 0xe5b8a5, 0xe5b89f, 0xe5b9bd, 0xe5baa0, 0xe5baa6, 0xe5bbba, 0xe5bc88, 0xe5bcad,
    0xe5bda5, 0xe5be88, 0xe5be85, 0xe5be8a, 0xe5be8b, 0xe5be87, 0xe5be8c, 0xe5be89, 0xe68092,
    0xe6809d, 0xe680a0, 0xe680a5, 0xe6808e, 0xe680a8, 0xe6818d, 0xe681b0, 0xe681a8, 0xe681a2,
    0xe68186, 0xe68183, 0xe681ac, 0xe681ab, 0xe681aa, 0xe681a4, 0xe68981, 0xe68b9c, 0xe68c96,
    0xe68c89, 0xe68bbc, 0xe68bad, 0xe68c81, 0xe68bae, 0xe68bbd, 0xe68c87, 0xe68bb1, 0xe68bb7,
    0xe68baf, 0xe68bac, 0xe68bbe, 0xe68bb4, 0xe68c91, 0xe68c82, 0xe694bf, 0xe69585, 0xe696ab,
    0xe696bd, 0xe697a2, 0xe698a5, 0xe698ad, 0xe698a0, 0xe698a7, 0xe698af, 0xe6989f, 0xe698a8,
    0xe698b1, 0xe698a4, 0xe69bb7, 0xe69fbf, 0xe69f93, 0xe69fb1, 0xe69f94, 0xe69f90, 0xe69fac,
    0xe69eb6, 0xe69eaf, 0xe69fb5, 0xe69fa9, 0xe69faf, 0xe69f84, 0xe69f91, 0xe69eb4, 0xe69f9a,
    0xe69fa5, 0xe69eb8, 0xe69f8f, 0xe69f9e, 0xe69fb3, 0xe69eb0, 0xe69f99, 0xe69fa2, 0xe69f9d,
    0xe69f92, 0xe6adaa, 0xe6ae83, 0xe6ae86, 0xe6aeb5, 0xe6af92, 0xe6af97, 0xe6b09f, 0xe6b389,
    0xe6b48b, 0xe6b4b2, 0xe6b4aa, 0xe6b581, 0xe6b4a5, 0xe6b48c, 0xe6b4b1, 0xe6b49e, 0xe6b497,
    0xe6b4bb, 0xe6b4bd, 0xe6b4be, 0xe6b4b6, 0xe6b49b, 0xe6b3b5, 0xe6b4b9, 0xe6b4a7, 0xe6b4b8,
    0xe6b4a9, 0xe6b4ae, 0xe6b4b5, 0xe6b48e, 0xe6b4ab, 0xe782ab, 0xe782ba, 0xe782b3, 0xe782ac,
    0xe782af, 0xe782ad, 0xe782b8, 0xe782ae, 0xe782a4, 0xe788b0, 0xe789b2, 0xe789af, 0xe789b4,
    0xe78ba9, 0xe78ba0, 0xe78ba1, 0xe78eb7, 0xe78f8a, 0xe78ebb, 0xe78eb2, 0xe78f8d, 0xe78f80,
    0xe78eb3, 0xe7949a, 0xe794ad, 0xe7958f, 0xe7958c, 0xe7958e, 0xe7958b, 0xe796ab, 0xe796a4,
    0xe796a5, 0xe796a2, 0xe796a3, 0xe799b8, 0xe79a86, 0xe79a87, 0xe79a88, 0xe79b88, 0xe79b86,
    0xe79b83, 0xe79b85, 0xe79c81, 0xe79bb9, 0xe79bb8, 0xe79c89, 0xe79c8b, 0xe79bbe, 0xe79bbc,
    0xe79c87, 0xe79f9c, 0xe7a082, 0xe7a094, 0xe7a08c, 0xe7a08d, 0xe7a586, 0xe7a589, 0xe7a588,
    0xe7a587, 0xe7a6b9, 0xe7a6ba, 0xe7a791, 0xe7a792, 0xe7a78b, 0xe7a9bf, 0xe7aa81, 0xe7abbf,
    0xe7abbd, 0xe7b1bd, 0xe7b482, 0xe7b485, 0xe7b480, 0xe7b489, 0xe7b487, 0xe7b484, 0xe7b486,
    0xe7bcb8, 0xe7be8e, 0xe7bebf, 0xe88090, 0xe8808d, 0xe88091, 0xe880b6, 0xe88396, 0xe883a5,
    0xe8839a, 0xe88383, 0xe88384, 0xe8838c, 0xe883a1, 0xe8839b, 0xe8838e, 0xe8839e, 0xe883a4,
    0xe8839d, 0xe887b4, 0xe888a2, 0xe88ba7, 0xe88c83, 0xe88c85, 0xe88ba3, 0xe88b9b, 0xe88ba6,
    0xe88c84, 0xe88ba5, 0xe88c82, 0xe88c89, 0xe88b92, 0xe88b97, 0xe88bb1, 0xe88c81, 0xe88b9c,
    0xe88b94, 0xe88b91, 0xe88b9e, 0xe88b93, 0xe88b9f, 0xe88baf, 0xe88c86, 0xe89990, 0xe899b9,
    0xe899bb, 0xe899ba, 0xe8a18d, 0xe8a1ab, 0xe8a681, 0xe8a794, 0xe8a888, 0xe8a882, 0xe8a883,
    0xe8b29e, 0xe8b2a0, 0xe8b5b4, 0xe8b5b3, 0xe8b6b4, 0xe8bb8d, 0xe8bb8c, 0xe8bfb0, 0xe8bfa6,
    0xe8bfa2, 0xe8bfaa, 0xe8bfa5, 0xe8bfad, 0xe8bfab, 0xe8bfa4, 0xe8bfa8, 0xe9838a, 0xe9838e,
    0xe98381, 0xe98383, 0xe9858b, 0xe9858a, 0xe9878d, 0xe99682, 0xe99990, 0xe9998b, 0xe9998c,
    0xe9998d, 0xe99da2, 0xe99da9, 0xe99f8b, 0xe99fad, 0xe99fb3, 0xe9a081, 0xe9a2a8, 0xe9a39b,
    0xe9a39f, 0xe9a696, 0xe9a699, 0xe4b998, 0xe4bab3, 0xe5808c, 0xe5808d, 0xe580a3, 0xe4bfaf,
    0xe580a6, 0xe580a5, 0xe4bfb8, 0xe580a9, 0xe58096, 0xe58086, 0xe580bc, 0xe5809f, 0xe5809a,
    0xe58092, 0xe58091, 0xe4bfba, 0xe58080, 0xe58094, 0xe580a8, 0xe4bfb1, 0xe580a1, 0xe5808b,
    0xe58099, 0xe58098, 0xe4bfb3, 0xe4bfae, 0xe580ad, 0xe580aa, 0xe4bfbe, 0xe580ab, 0xe58089,
    0xe585bc, 0xe586a4, 0xe586a5, 0xe586a2, 0xe5878d, 0xe5878c, 0xe58786, 0xe5878b, 0xe58996,
    0xe5899c, 0xe58994, 0xe5899b, 0xe5899d, 0xe58caa, 0xe58dbf, 0xe58e9f, 0xe58e9d, 0xe58f9f,
    0xe593a8, 0xe59490, 0xe59481, 0xe594b7, 0xe593bc, 0xe593a5, 0xe593b2, 0xe59486, 0xe593ba,
    0xe59494, 0xe593a9, 0xe593ad, 0xe593a1, 0xe59489, 0xe593ae, 0xe593aa, 0xe593a6, 0xe594a7,
    0xe59487, 0xe593bd, 0xe5948f, 0xe59c83, 0xe59c84, 0xe59f82, 0xe59f94, 0xe59f8b, 0xe59f83,
    0xe5a089, 0xe5a48f, 0xe5a597, 0xe5a598, 0xe5a59a, 0xe5a891, 0xe5a898, 0xe5a89c, 0xe5a89f,
    0xe5a89b, 0xe5a893, 0xe5a7ac, 0xe5a8a0, 0xe5a8a3, 0xe5a8a9, 0xe5a8a5, 0xe5a88c, 0xe5a889,
    0xe5adab, 0xe5b198, 0xe5aeb0, 0xe5aeb3, 0xe5aeb6, 0xe5aeb4, 0xe5aeae, 0xe5aeb5, 0xe5aeb9,
    0xe5aeb8, 0xe5b084, 0xe5b191, 0xe5b195, 0xe5b190, 0xe5b3ad, 0xe5b3bd, 0xe5b3bb, 0xe5b3aa,
    0xe5b3a8, 0xe5b3b0, 0xe5b3b6, 0xe5b481, 0xe5b3b4, 0xe5b7ae, 0xe5b8ad, 0xe5b8ab, 0xe5baab,
    0xe5baad, 0xe5baa7, 0xe5bcb1, 0xe5be92, 0xe5be91, 0xe5be90, 0xe68199, 0xe681a3, 0xe681a5,
    0xe68190, 0xe68195, 0xe681ad, 0xe681a9, 0xe681af, 0xe68284, 0xe6829f, 0xe6829a, 0xe6828d,
    0xe68294, 0xe6828c, 0xe68285, 0xe68296, 0xe68987, 0xe68bb3, 0xe68c88, 0xe68bbf, 0xe68d8e,
    0xe68cbe, 0xe68caf, 0xe68d95, 0xe68d82, 0xe68d86, 0xe68d8f, 0xe68d89, 0xe68cba, 0xe68d90,
    0xe68cbd, 0xe68caa, 0xe68cab, 0xe68ca8, 0xe68d8d, 0xe68d8c, 0xe69588, 0xe69589, 0xe69699,
    0xe69781, 0xe69785, 0xe69982, 0xe69989, 0xe6998f, 0xe69983, 0xe69992, 0xe6998c, 0xe69985,
    0xe69981, 0xe69bb8, 0xe69c94, 0xe69c95, 0xe69c97, 0xe6a0a1, 0xe6a0b8, 0xe6a188, 0xe6a186,
    0xe6a193, 0xe6a0b9, 0xe6a182, 0xe6a194, 0xe6a0a9, 0xe6a2b3, 0xe6a097, 0xe6a18c, 0xe6a191,
    0xe6a0bd, 0xe69fb4, 0xe6a190, 0xe6a180, 0xe6a0bc, 0xe6a183, 0xe6a0aa, 0xe6a185, 0xe6a093,
    0xe6a098, 0xe6a181, 0xe6ae8a, 0xe6ae89, 0xe6aeb7, 0xe6b0a3, 0xe6b0a7, 0xe6b0a8, 0xe6b0a6,
    0xe6b0a4, 0xe6b3b0, 0xe6b5aa, 0xe6b695, 0xe6b688, 0xe6b687, 0xe6b5a6, 0xe6b5b8, 0xe6b5b7,
    0xe6b599, 0xe6b693, 0xe6b5ac, 0xe6b689, 0xe6b5ae, 0xe6b59a, 0xe6b5b4, 0xe6b5a9, 0xe6b68c,
    0xe6b68a, 0xe6b5b9, 0xe6b685, 0xe6b5a5, 0xe6b694, 0xe7838a, 0xe78398, 0xe783a4, 0xe78399,
    0xe78388, 0xe7838f, 0xe788b9, 0xe789b9, 0xe78bbc, 0xe78bb9, 0xe78bbd, 0xe78bb8, 0xe78bb7,
    0xe78e86, 0xe78fad, 0xe79089, 0xe78fae, 0xe78fa0, 0xe78faa, 0xe78f9e, 0xe79594, 0xe7959d,
    0xe7959c, 0xe7959a, 0xe79599, 0xe796be, 0xe79785, 0xe79787, 0xe796b2, 0xe796b3, 0xe796bd,
    0xe796bc, 0xe796b9, 0xe79782, 0xe796b8, 0xe79a8b, 0xe79ab0, 0xe79b8a, 0xe79b8d, 0xe79b8e,
    0xe79ca9, 0xe79c9f, 0xe79ca0, 0xe79ca8, 0xe79fa9, 0xe7a0b0, 0xe7a0a7, 0xe7a0b8, 0xe7a09d,
    0xe7a0b4, 0xe7a0b7, 0xe7a0a5, 0xe7a0ad, 0xe7a0a0, 0xe7a09f, 0xe7a0b2, 0xe7a595, 0xe7a590,
    0xe7a5a0, 0xe7a59f, 0xe7a596, 0xe7a59e, 0xe7a59d, 0xe7a597, 0xe7a59a, 0xe7a7a4, 0xe7a7a3,
    0xe7a7a7, 0xe7a79f, 0xe7a7a6, 0xe7a7a9, 0xe7a798, 0xe7aa84, 0xe7aa88, 0xe7ab99, 0xe7ac86,
    0xe7ac91, 0xe7b289, 0xe7b4a1, 0xe7b497, 0xe7b48b, 0xe7b48a, 0xe7b4a0, 0xe7b4a2, 0xe7b494,
    0xe7b490, 0xe7b495, 0xe7b49a, 0xe7b49c, 0xe7b48d, 0xe7b499, 0xe7b49b, 0xe7bcba, 0xe7bd9f,
    0xe7be94, 0xe7bf85, 0xe7bf81, 0xe88086, 0xe88084, 0xe88098, 0xe88095, 0xe88099, 0xe88097,
    0xe880bd, 0xe880bf, 0xe883b1, 0xe88482, 0xe883b0, 0xe88485, 0xe883ad, 0xe883b4, 0xe88486,
    0xe883b8, 0xe883b3, 0xe88488, 0xe883bd, 0xe8848a, 0xe883bc, 0xe883af, 0xe887ad, 0xe887ac,
    0xe88880, 0xe88890, 0xe888aa, 0xe888ab, 0xe888a8, 0xe888ac, 0xe88abb, 0xe88cab, 0xe88d92,
    0xe88d94, 0xe88d8a, 0xe88cb8, 0xe88d90, 0xe88d89, 0xe88cb5, 0xe88cb4, 0xe88d8f, 0xe88cb2,
    0xe88cb9, 0xe88cb6, 0xe88c97, 0xe88d80, 0xe88cb1, 0xe88ca8, 0xe88d83, 0xe89994, 0xe89a8a,
    0xe89aaa, 0xe89a93, 0xe89aa4, 0xe89aa9, 0xe89a8c, 0xe89aa3, 0xe89a9c, 0xe8a1b0, 0xe8a1b7,
    0xe8a281, 0xe8a282, 0xe8a1bd, 0xe8a1b9, 0xe8a898, 0xe8a890, 0xe8a88e, 0xe8a88c, 0xe8a895,
    0xe8a88a, 0xe8a897, 0xe8a893, 0xe8a896, 0xe8a88f, 0xe8a891, 0xe8b188, 0xe8b1ba, 0xe8b1b9,
    0xe8b2a1, 0xe8b2a2, 0xe8b5b7, 0xe8baac, 0xe8bb92, 0xe8bb94, 0xe8bb8f, 0xe8beb1, 0xe98081,
    0xe98086, 0xe8bfb7, 0xe98080, 0xe8bfba, 0xe8bfb4, 0xe98083, 0xe8bfbd, 0xe98085, 0xe8bfb8,
    0xe98295, 0xe983a1, 0xe9839d, 0xe983a2, 0xe98592, 0xe9858d, 0xe9858c, 0xe98798, 0xe9879d,
    0xe98797, 0xe9879c, 0xe98799, 0xe99683, 0xe999a2, 0xe999a3, 0xe999a1, 0xe9999b, 0xe9999d,
    0xe999a4, 0xe99998, 0xe9999e, 0xe99abb, 0xe9a3a2, 0xe9a6ac, 0xe9aaa8, 0xe9ab98, 0xe9aca5,
    0xe9acb2, 0xe9acbc, 0xe4b9be, 0xe581ba, 0xe581bd, 0xe5819c, 0xe58187, 0xe58183, 0xe5818c,
    0xe5819a, 0xe58189, 0xe581a5, 0xe581b6, 0xe5818e, 0xe58195, 0xe581b5, 0xe581b4, 0xe581b7,
    0xe5818f, 0xe5808f, 0xe581af, 0xe581ad, 0xe5859c, 0xe58695, 0xe587b0, 0xe589aa, 0xe589af,
    0xe58b92, 0xe58b99, 0xe58b98, 0xe58b95, 0xe58c90, 0xe58c8f, 0xe58c99, 0xe58cbf, 0xe58d80,
    0xe58cbe, 0xe58f83, 0xe69bbc, 0xe59586, 0xe595aa, 0xe595a6, 0xe59584, 0xe5959e, 0xe595a1,
    0xe59583, 0xe5958a, 0xe594b1, 0xe59596, 0xe5958f, 0xe59595, 0xe594af, 0xe595a4, 0xe594b8,
    0xe594ae, 0xe5959c, 0xe594ac, 0xe595a3, 0xe594b3, 0xe59581, 0xe59597, 0xe59c88, 0xe59c8b,
    0xe59c89, 0xe59f9f, 0xe5a085, 0xe5a08a, 0xe5a086, 0xe59fa0, 0xe59fa4, 0xe59fba, 0xe5a082,
    0xe5a0b5, 0xe59fb7, 0xe59fb9, 0xe5a4a0, 0xe5a5a2, 0xe5a8b6, 0xe5a981, 0xe5a989, 0xe5a9a6,
    0xe5a9aa, 0xe5a980, 0xe5a8bc, 0xe5a9a2, 0xe5a99a, 0xe5a986, 0xe5a98a, 0xe5adb0, 0xe5af87,
    0xe5af85, 0xe5af84, 0xe5af82, 0xe5aebf, 0xe5af86, 0xe5b089, 0xe5b088, 0xe5b087, 0xe5b1a0,
    0xe5b19c, 0xe5b19d, 0xe5b487, 0xe5b486, 0xe5b48e, 0xe5b49b, 0xe5b496, 0xe5b4a2, 0xe5b491,
    0xe5b4a9, 0xe5b494, 0xe5b499, 0xe5b4a4, 0xe5b4a7, 0xe5b497, 0xe5b7a2, 0xe5b8b8, 0xe5b8b6,
    0xe5b8b3, 0xe5b8b7, 0xe5bab7, 0xe5bab8, 0xe5bab6, 0xe5bab5, 0xe5babe, 0xe5bcb5, 0xe5bcb7,
    0xe5bd97, 0xe5bdac, 0xe5bda9, 0xe5bdab, 0xe5be97, 0xe5be99, 0xe5be9e, 0xe5be98, 0xe5bea1,
    0xe5bea0, 0xe5be9c, 0xe681bf, 0xe682a3, 0xe68289, 0xe682a0, 0xe682a8, 0xe6838b, 0xe682b4,
    0xe683a6, 0xe682bd, 0xe68385, 0xe682bb, 0xe682b5, 0xe6839c, 0xe682bc, 0xe68398, 0xe68395,
    0xe68386, 0xe6839f, 0xe682b8, 0xe6839a, 0xe68387, 0xe6889a, 0xe6889b, 0xe68988, 0xe68ea0,
    0xe68ea7, 0xe68db2, 0xe68e96, 0xe68ea2, 0xe68ea5, 0xe68db7, 0xe68da7, 0xe68e98, 0xe68eaa,
    0xe68db1, 0xe68ea9, 0xe68e89, 0xe68e83, 0xe68e9b, 0xe68dab, 0xe68ea8, 0xe68e84, 0xe68e88,
    0xe68e99, 0xe68ea1, 0xe68eac, 0xe68e92, 0xe68e8f, 0xe68e80, 0xe68dbb, 0xe68da9, 0xe68da8,
    0xe68dba, 0xe6959d, 0xe69596, 0xe69591, 0xe69599, 0xe69597, 0xe5959f, 0xe6958f, 0xe69598,
    0xe69595, 0xe69594, 0xe6969c, 0xe6969b, 0xe696ac, 0xe6978f, 0xe6978b, 0xe6978c, 0xe6978e,
    0xe6999d, 0xe6999a, 0xe699a4, 0xe699a8, 0xe699a6, 0xe6999e, 0xe69bb9, 0xe58b97, 0xe69c9b,
    0xe6a281, 0xe6a2af, 0xe6a2a2, 0xe6a293, 0xe6a2b5, 0xe6a1bf, 0xe6a1b6, 0xe6a2b1, 0xe6a2a7,
    0xe6a297, 0xe6a2b0, 0xe6a283, 0xe6a384, 0xe6a2ad, 0xe6a286, 0xe6a285, 0xe6a294, 0xe6a29d,
    0xe6a2a8, 0xe6a29f, 0xe6a2a1, 0xe6a282, 0xe6acb2, 0xe6aeba, 0xe6afab, 0xe6afac, 0xe6b0ab,
    0xe6b68e, 0xe6b6bc, 0xe6b7b3, 0xe6b799, 0xe6b6b2, 0xe6b7a1, 0xe6b78c, 0xe6b7a4, 0xe6b7bb,
    0xe6b7ba, 0xe6b885, 0xe6b787, 0xe6b78b, 0xe6b6af, 0xe6b791, 0xe6b6ae, 0xe6b79e, 0xe6b7b9,
    0xe6b6b8, 0xe6b7b7, 0xe6b7b5, 0xe6b785, 0xe6b792, 0xe6b89a, 0xe6b6b5, 0xe6b79a, 0xe6b7ab,
    0xe6b798, 0xe6b7aa, 0xe6b7b1, 0xe6b7ae, 0xe6b7a8, 0xe6b786, 0xe6b784, 0xe6b6aa, 0xe6b7ac,
    0xe6b6bf, 0xe6b7a6, 0xe783b9, 0xe78489, 0xe7848a, 0xe783bd, 0xe783af, 0xe788bd, 0xe789bd,
    0xe78a81, 0xe78c9c, 0xe78c9b, 0xe78c96, 0xe78c93, 0xe78c99, 0xe78e87, 0xe79085, 0xe7908a,
    0xe79083, 0xe79086, 0xe78fbe, 0xe7908d, 0xe793a0, 0xe793b6, 0xe793b7, 0xe7949c, 0xe794a2,
    0xe795a5, 0xe795a6, 0xe795a2, 0xe795b0, 0xe7968f, 0xe79794, 0xe79795, 0xe796b5, 0xe7978a,
    0xe7978d, 0xe79a8e, 0xe79b94, 0xe79b92, 0xe79b9b, 0xe79cb7, 0xe79cbe, 0xe79cbc, 0xe79cb6,
    0xe79cb8, 0xe79cba, 0xe7a1ab, 0xe7a183, 0xe7a18e, 0xe7a5a5, 0xe7a5a8, 0xe7a5ad, 0xe7a7bb,
    0xe7aa92, 0xe7aa95, 0xe7aca0, 0xe7aca8, 0xe7ac9b, 0xe7acac, 0xe7aca6, 0xe7ac99, 0xe7ac9e,
    0xe7acae, 0xe7b292, 0xe7b297, 0xe7b295, 0xe7b586, 0xe7b583, 0xe7b5b1, 0xe7b4ae, 0xe7b4b9,
    0xe7b4bc, 0xe7b580, 0xe7b4b0, 0xe7b4b3, 0xe7b584, 0xe7b4af, 0xe7b582, 0xe7b4b2, 0xe7b4b1,
    0xe7bcbd, 0xe7be9e, 0xe7be9a, 0xe7bf8c, 0xe7bf8e, 0xe7bf92, 0xe8809c, 0xe8818a, 0xe88186,
    0xe884af, 0xe88496, 0xe884a3, 0xe884ab, 0xe884a9, 0xe884b0, 0xe884a4, 0xe88882, 0xe888b5,
    0xe888b7, 0xe888b6, 0xe888b9, 0xe88e8e, 0xe88e9e, 0xe88e98, 0xe88db8, 0xe88ea2, 0xe88e96,
    0xe88ebd, 0xe88eab, 0xe88e92, 0xe88e8a, 0xe88e93, 0xe88e89, 0xe88ea0, 0xe88db7, 0xe88dbb,
    0xe88dbc, 0xe88e86, 0xe88ea7, 0xe89995, 0xe5bdaa, 0xe89b87, 0xe89b80, 0xe89ab6, 0xe89b84,
    0xe89ab5, 0xe89b86, 0xe89b8b, 0xe89ab1, 0xe89aaf, 0xe89b89, 0xe8a193, 0xe8a29e, 0xe8a288,
    0xe8a2ab, 0xe8a292, 0xe8a296, 0xe8a28d, 0xe8a28b, 0xe8a693, 0xe8a68f, 0xe8a8aa, 0xe8a89d,
    0xe8a8a3, 0xe8a8a5, 0xe8a8b1, 0xe8a8ad, 0xe8a89f, 0xe8a89b, 0xe8a8a2, 0xe8b189, 0xe8b19a,
    0xe8b2a9, 0xe8b2ac, 0xe8b2ab, 0xe8b2a8, 0xe8b2aa, 0xe8b2a7, 0xe8b5a7, 0xe8b5a6, 0xe8b6be,
    0xe8b6ba, 0xe8bb9b, 0xe8bb9f, 0xe98099, 0xe9808d, 0xe9809a, 0xe98097, 0xe980a3, 0xe9809f,
    0xe9809d, 0xe98090, 0xe98095, 0xe9809e, 0xe980a0, 0xe9808f, 0xe980a2, 0xe98096, 0xe9809b,
    0xe98094, 0xe983a8, 0xe983ad, 0xe983bd, 0xe98597, 0xe9878e, 0xe987b5, 0xe987a6, 0xe987a3,
    0xe987a7, 0xe987ad, 0xe987a9, 0xe99689, 0xe999aa, 0xe999b5, 0xe999b3, 0xe999b8, 0xe999b0,
    0xe999b4, 0xe999b6, 0xe999b7, 0xe999ac, 0xe99b80, 0xe99baa, 0xe99ba9, 0xe7aba0, 0xe7ab9f,
    0xe9a082, 0xe9a083, 0xe9ad9a, 0xe9b3a5, 0xe9b9b5, 0xe9b9bf, 0xe9baa5, 0xe9babb, 0xe582a2,
    0xe5828d, 0xe58285, 0xe58299, 0xe58291, 0xe58280, 0xe58296, 0xe58298, 0xe5829a, 0xe69c80,
    0xe587b1, 0xe589b2, 0xe589b4, 0xe589b5, 0xe589a9, 0xe58b9e, 0xe58b9d, 0xe58b9b, 0xe58d9a,
    0xe58ea5, 0xe595bb, 0xe59680, 0xe596a7, 0xe595bc, 0xe5968a, 0xe5969d, 0xe59698, 0xe59682,
    0xe5969c, 0xe596aa, 0xe59694, 0xe59687, 0xe5968b, 0xe59683, 0xe596b3, 0xe596ae, 0xe5969f,
    0xe594be, 0xe596b2, 0xe5969a, 0xe596bb, 0xe596ac, 0xe596b1, 0xe595be, 0xe59689, 0xe596ab,
    0xe59699, 0xe59c8d, 0xe5a0af, 0xe5a0aa, 0xe5a0b4, 0xe5a0a4, 0xe5a0b0, 0xe5a0b1, 0xe5a0a1,
    0xe5a09d, 0xe5a0a0, 0xe5a3b9, 0xe5a3ba, 0xe5a5a0, 0xe5a9b7, 0xe5aa9a, 0xe5a9bf, 0xe5aa92,
    0xe5aa9b, 0xe5aaa7, 0xe5adb3, 0xe5adb1, 0xe5af92, 0xe5af8c, 0xe5af93, 0xe5af90, 0xe5b08a,
    0xe5b08b, 0xe5b0b1, 0xe5b58c, 0xe5b590, 0xe5b4b4, 0xe5b587, 0xe5b7bd, 0xe5b985, 0xe5b8bd,
    0xe5b980, 0xe5b983, 0xe5b9be, 0xe5bb8a, 0xe5bb81, 0xe5bb82, 0xe5bb84, 0xe5bcbc, 0xe5bdad,
    0xe5bea9, 0xe5beaa, 0xe5bea8, 0xe68391, 0xe683a1, 0xe682b2, 0xe682b6, 0xe683a0, 0xe6849c,
    0xe684a3, 0xe683ba, 0xe68495, 0xe683b0, 0xe683bb, 0xe683b4, 0xe685a8, 0xe683b1, 0xe6848e,
    0xe683b6, 0xe68489, 0xe68480, 0xe68492, 0xe6889f, 0xe68989, 0xe68ea3, 0xe68e8c, 0xe68f8f,
    0xe68f80, 0xe68fa9, 0xe68f89, 0xe68f86, 0xe68f8d, 0xe68f92, 0xe68fa3, 0xe68f90, 0xe68fa1,
    0xe68f96, 0xe68fad, 0xe68fae, 0xe68db6, 0xe68fb4, 0xe68faa, 0xe68f9b, 0xe69192, 0xe68f9a,
    0xe68fb9, 0xe6959e, 0xe695a6, 0xe695a2, 0xe695a3, 0xe69691, 0xe69690, 0xe696af, 0xe699ae,
    0xe699b0, 0xe699b4, 0xe699b6, 0xe699af, 0xe69a91, 0xe699ba, 0xe699be, 0xe699b7, 0xe69bbe,
    0xe69bbf, 0xe69c9f, 0xe69c9d, 0xe6a3ba, 0xe6a395, 0xe6a3a0, 0xe6a398, 0xe6a397, 0xe6a485,
    0xe6a39f, 0xe6a3b5, 0xe6a3ae, 0xe6a3a7, 0xe6a3b9, 0xe6a392, 0xe6a3b2, 0xe6a3a3, 0xe6a38b,
    0xe6a38d, 0xe6a48d, 0xe6a492, 0xe6a48e, 0xe6a389, 0xe6a39a, 0xe6a5ae, 0xe6a3bb, 0xe6acbe,
    0xe6acba, 0xe6acbd, 0xe6ae98, 0xe6ae96, 0xe6aebc, 0xe6afaf, 0xe6b0ae, 0xe6b0af, 0xe6b0ac,
    0xe6b8af, 0xe6b8b8, 0xe6b994, 0xe6b8a1, 0xe6b8b2, 0xe6b9a7, 0xe6b98a, 0xe6b8a0, 0xe6b8a5,
    0xe6b8a3, 0xe6b89b, 0xe6b99b, 0xe6b998, 0xe6b8a4, 0xe6b996, 0xe6b9ae, 0xe6b8ad, 0xe6b8a6,
    0xe6b9af, 0xe6b8b4, 0xe6b98d, 0xe6b8ba, 0xe6b8ac, 0xe6b983, 0xe6b89d, 0xe6b8be, 0xe6bb8b,
    0xe6ba89, 0xe6b899, 0xe6b98e, 0xe6b9a3, 0xe6b984, 0xe6b9b2, 0xe6b9a9, 0xe6b99f, 0xe78499,
    0xe7849a, 0xe784a6, 0xe784b0, 0xe784a1, 0xe784b6, 0xe785ae, 0xe7849c, 0xe7898c, 0xe78a84,
    0xe78a80, 0xe78cb6, 0xe78ca5, 0xe78cb4, 0xe78ca9, 0xe790ba, 0xe790aa, 0xe790b3, 0xe790a2,
    0xe790a5, 0xe790b5, 0xe790b6, 0xe790b4, 0xe790af, 0xe7909b, 0xe790a6, 0xe790a8, 0xe794a5,
    0xe794a6, 0xe795ab, 0xe795aa, 0xe797a2, 0xe7979b, 0xe797a3, 0xe79799, 0xe79798, 0xe7979e,
    0xe797a0, 0xe799bb, 0xe799bc, 0xe79a96, 0xe79a93, 0xe79ab4, 0xe79b9c, 0xe79d8f, 0xe79fad,
    0xe7a19d, 0xe7a1ac, 0xe7a1af, 0xe7a88d, 0xe7a888, 0xe7a88b, 0xe7a885, 0xe7a880, 0xe7aa98,
    0xe7aa97, 0xe7aa96, 0xe7aba5, 0xe7aba3, 0xe7ad89, 0xe7ad96, 0xe7ad86, 0xe7ad90, 0xe7ad92,
    0xe7ad94, 0xe7ad8d, 0xe7ad8b, 0xe7ad8f, 0xe7ad91, 0xe7b29f, 0xe7b2a5, 0xe7b59e, 0xe7b590,
    0xe7b5a8, 0xe7b595, 0xe7b4ab, 0xe7b5ae, 0xe7b5b2, 0xe7b5a1, 0xe7b5a6, 0xe7b5a2, 0xe7b5b0,
    0xe7b5b3, 0xe59684, 0xe7bf94, 0xe7bf95, 0xe8808b, 0xe88192, 0xe88285, 0xe88595, 0xe88594,
    0xe8858b, 0xe88591, 0xe8858e, 0xe884b9, 0xe88586, 0xe884be, 0xe8858c, 0xe88593, 0xe885b4,
    0xe88892, 0xe8889c, 0xe88fa9, 0xe89083, 0xe88fb8, 0xe8908d, 0xe88fa0, 0xe88f85, 0xe8908b,
    0xe88f81, 0xe88faf, 0xe88fb1, 0xe88fb4, 0xe89197, 0xe8908a, 0xe88fb0, 0xe8908c, 0xe88f8c,
    0xe88fbd, 0xe88fb2, 0xe88f8a, 0xe890b8, 0xe8908e, 0xe89084, 0xe88f9c, 0xe89087, 0xe88f94,
    0xe88f9f, 0xe8999b, 0xe89b9f, 0xe89b99, 0xe89bad, 0xe89b94, 0xe89b9b, 0xe89ba4, 0xe89b90,
    0xe89b9e, 0xe8a197, 0xe8a381, 0xe8a382, 0xe8a2b1, 0xe8a683, 0xe8a696, 0xe8a8bb, 0xe8a9a0,
    0xe8a995, 0xe8a99e, 0xe8a8bc, 0xe8a981, 0xe8a994, 0xe8a99b, 0xe8a990, 0xe8a986, 0xe8a8b4,
    0xe8a8ba, 0xe8a8b6, 0xe8a996, 0xe8b1a1, 0xe8b282, 0xe8b2af, 0xe8b2bc, 0xe8b2b3, 0xe8b2bd,
    0xe8b381, 0xe8b2bb, 0xe8b380, 0xe8b2b4, 0xe8b2b7, 0xe8b2b6, 0xe8b2bf, 0xe8b2b8, 0xe8b68a,
    0xe8b685, 0xe8b681, 0xe8b78e, 0xe8b79d, 0xe8b78b, 0xe8b79a, 0xe8b791, 0xe8b78c, 0xe8b79b,
    0xe8b786, 0xe8bbbb, 0xe8bbb8, 0xe8bbbc, 0xe8be9c, 0xe980ae, 0xe980b5, 0xe980b1, 0xe980b8,
    0xe980b2, 0xe980b6, 0xe98482, 0xe983b5, 0xe98489, 0xe983be, 0xe985a3, 0xe985a5, 0xe9878f,
    0xe98894, 0xe98895, 0xe988a3, 0xe98889, 0xe9889e, 0xe9888d, 0xe98890, 0xe98887, 0xe98891,
    0xe99694, 0xe9968f, 0xe9968b, 0xe99691, 0xe99693, 0xe99692, 0xe9968e, 0xe99a8a, 0xe99a8e,
    0xe99a8b, 0xe999bd, 0xe99a85, 0xe99a86, 0xe99a8d, 0xe999b2, 0xe99a84, 0xe99b81, 0xe99b85,
    0xe99b84, 0xe99b86, 0xe99b87, 0xe99baf, 0xe99bb2, 0xe99f8c, 0xe9a085, 0xe9a086, 0xe9a088,
    0xe9a3a7, 0xe9a3aa, 0xe9a3af, 0xe9a3a9, 0xe9a3b2, 0xe9a3ad, 0xe9a6ae, 0xe9a6ad, 0xe9bb83,
    0xe9bb8d, 0xe9bb91, 0xe4ba82, 0xe582ad, 0xe582b5, 0xe582b2, 0xe582b3, 0xe58385, 0xe582be,
    0xe582ac, 0xe582b7, 0xe582bb, 0xe582af, 0xe58387, 0xe589bf, 0xe589b7, 0xe589bd, 0xe58b9f,
    0xe58ba6, 0xe58ba4, 0xe58ba2, 0xe58ba3, 0xe58caf, 0xe5979f, 0xe597a8, 0xe59793, 0xe597a6,
    0xe5978e, 0xe5979c, 0xe59787, 0xe59791, 0xe597a3, 0xe597a4, 0xe597af, 0xe5979a, 0xe597a1,
    0xe59785, 0xe59786, 0xe597a5, 0xe59789, 0xe59c92, 0xe59c93, 0xe5a19e, 0xe5a191, 0xe5a198,
    0xe5a197, 0xe5a19a, 0xe5a194, 0xe5a1ab, 0xe5a18c, 0xe5a1ad, 0xe5a18a, 0xe5a1a2, 0xe5a192,
    0xe5a18b, 0xe5a5a7, 0xe5ab81, 0xe5ab89, 0xe5ab8c, 0xe5aabe, 0xe5aabd, 0xe5aabc, 0xe5aab3,
    0xe5ab82, 0xe5aab2, 0xe5b5a9, 0xe5b5af, 0xe5b98c, 0xe5b9b9, 0xe5bb89, 0xe5bb88, 0xe5bc92,
    0xe5bd99, 0xe5beac, 0xe5beae, 0xe6849a, 0xe6848f, 0xe68588, 0xe6849f, 0xe683b3, 0xe6849b,
    0xe683b9, 0xe68481, 0xe68488, 0xe6858e, 0xe6858c, 0xe68584, 0xe6858d, 0xe684be, 0xe684b4,
    0xe684a7, 0xe6848d, 0xe68486, 0xe684b7, 0xe688a1, 0xe688a2, 0xe69093, 0xe690be, 0xe6909e,
    0xe690aa, 0xe690ad, 0xe690bd, 0xe690ac, 0xe6908f, 0xe6909c, 0xe69094, 0xe6908d, 0xe690b6,
    0xe69096, 0xe69097, 0xe69086, 0xe695ac, 0xe6969f, 0xe696b0, 0xe69a97, 0xe69a89, 0xe69a87,
    0xe69a88, 0xe69a96, 0xe69a84, 0xe69a98, 0xe69a8d, 0xe69c83, 0xe6a694, 0xe6a5ad, 0xe6a59a,
    0xe6a5b7, 0xe6a5a0, 0xe6a594, 0xe6a5b5, 0xe6a4b0, 0xe6a682, 0xe6a58a, 0xe6a5a8, 0xe6a5ab,
    0xe6a59e, 0xe6a593, 0xe6a5b9, 0xe6a686, 0xe6a59d, 0xe6a5a3, 0xe6a59b, 0xe6ad87, 0xe6adb2,
    0xe6af80, 0xe6aebf, 0xe6af93, 0xe6afbd, 0xe6baa2, 0xe6baaf, 0xe6bb93, 0xe6bab6, 0xe6bb82,
    0xe6ba90, 0xe6ba9d, 0xe6bb87, 0xe6bb85, 0xe6baa5, 0xe6ba98, 0xe6babc, 0xe6baba, 0xe6baab,
    0xe6bb91, 0xe6ba96, 0xe6ba9c, 0xe6bb84, 0xe6bb94, 0xe6baaa, 0xe6baa7, 0xe6bab4, 0xe7858e,
    0xe78599, 0xe785a9, 0xe785a4, 0xe78589, 0xe785a7, 0xe7859c, 0xe785ac, 0xe785a6, 0xe7858c,
    0xe785a5, 0xe7859e, 0xe78586, 0xe785a8, 0xe78596, 0xe788ba, 0xe78992, 0xe78cb7, 0xe78d85,
    0xe78cbf, 0xe78cbe, 0xe791af, 0xe7919a, 0xe79195, 0xe7919f, 0xe7919e, 0xe79181, 0xe790bf,
    0xe79199, 0xe7919b, 0xe7919c, 0xe795b6, 0xe795b8, 0xe79880, 0xe797b0, 0xe79881, 0xe797b2,
    0xe797b1, 0xe797ba, 0xe797bf, 0xe797b4, 0xe797b3, 0xe79b9e, 0xe79b9f, 0xe79d9b, 0xe79dab,
    0xe79da6, 0xe79d9e, 0xe79da3, 0xe79db9, 0xe79daa, 0xe79dac, 0xe79d9c, 0xe79da5, 0xe79da8,
    0xe79da2, 0xe79fae, 0xe7a28e, 0xe7a2b0, 0xe7a297, 0xe7a298, 0xe7a28c, 0xe7a289, 0xe7a1bc,
    0xe7a291, 0xe7a293, 0xe7a1bf, 0xe7a5ba, 0xe7a5bf, 0xe7a681, 0xe890ac, 0xe7a6bd, 0xe7a89c,
    0xe7a89a, 0xe7a8a0, 0xe7a894, 0xe7a89f, 0xe7a89e, 0xe7aa9f, 0xe7aaa0, 0xe7adb7, 0xe7af80,
    0xe7ada0, 0xe7adae, 0xe7ada7, 0xe7b2b1, 0xe7b2b3, 0xe7b2b5, 0xe7b693, 0xe7b5b9, 0xe7b691,
    0xe7b681, 0xe7b68f, 0xe7b59b, 0xe7bdae, 0xe7bda9, 0xe7bdaa, 0xe7bdb2, 0xe7bea9, 0xe7bea8,
    0xe7bea4, 0xe88196, 0xe88198, 0xe88286, 0xe88284, 0xe885b1, 0xe885b0, 0xe885b8, 0xe885a5,
    0xe885ae, 0xe885b3, 0xe885ab, 0xe885b9, 0xe885ba, 0xe885a6, 0xe88885, 0xe88987, 0xe89282,
    0xe891b7, 0xe890bd, 0xe890b1, 0xe891b5, 0xe891a6, 0xe891ab, 0xe89189, 0xe891ac, 0xe8919b,
    0xe890bc, 0xe890b5, 0xe891a1, 0xe891a3, 0xe891a9, 0xe891ad, 0xe89186, 0xe8999e, 0xe8999c,
    0xe8999f, 0xe89bb9, 0xe89c93, 0xe89c88, 0xe89c87, 0xe89c80, 0xe89bbe, 0xe89bbb, 0xe89c82,
    0xe89c83, 0xe89c86, 0xe89c8a, 0xe8a199, 0xe8a39f, 0xe8a394, 0xe8a399, 0xe8a39c, 0xe8a398,
    0xe8a39d, 0xe8a3a1, 0xe8a38a, 0xe8a395, 0xe8a392, 0xe8a69c, 0xe8a7a3, 0xe8a9ab, 0xe8a9b2,
    0xe8a9b3, 0xe8a9a6, 0xe8a9a9, 0xe8a9b0, 0xe8aa87, 0xe8a9bc, 0xe8a9a3, 0xe8aaa0, 0xe8a9b1,
    0xe8aa85, 0xe8a9ad, 0xe8a9a2, 0xe8a9ae, 0xe8a9ac, 0xe8a9b9, 0xe8a9bb, 0xe8a8be, 0xe8a9a8,
    0xe8b1a2, 0xe8b28a, 0xe8b289, 0xe8b38a, 0xe8b387, 0xe8b388, 0xe8b384, 0xe8b2b2, 0xe8b383,
    0xe8b382, 0xe8b385, 0xe8b7a1, 0xe8b79f, 0xe8b7a8, 0xe8b7af, 0xe8b7b3, 0xe8b7ba, 0xe8b7aa,
    0xe8b7a4, 0xe8b7a6, 0xe8bab2, 0xe8bc83, 0xe8bc89, 0xe8bbbe, 0xe8bc8a, 0xe8be9f, 0xe8beb2,
    0xe9818b, 0xe9818a, 0xe98193, 0xe98182, 0xe98194, 0xe980bc, 0xe98195, 0xe98190, 0xe98187,
    0xe9818f, 0xe9818e, 0xe9818d, 0xe98191, 0xe980be, 0xe98181, 0xe98492, 0xe98497, 0xe985ac,
    0xe985aa, 0xe985a9, 0xe98789, 0xe988b7, 0xe98997, 0xe988b8, 0xe988bd, 0xe98980, 0xe988be,
    0xe9899b, 0xe9898b, 0xe989a4, 0xe98991, 0xe988b4, 0xe98989, 0xe9898d, 0xe98985, 0xe988b9,
    0xe988bf, 0xe9899a, 0xe99698, 0xe99a98, 0xe99a94, 0xe99a95, 0xe99b8d, 0xe99b8b, 0xe99b89,
    0xe99b8a, 0xe99bb7, 0xe99bbb, 0xe99bb9, 0xe99bb6, 0xe99d96, 0xe99db4, 0xe99db6, 0xe9a090,
    0xe9a091, 0xe9a093, 0xe9a08a, 0xe9a092, 0xe9a08c, 0xe9a3bc, 0xe9a3b4, 0xe9a3bd, 0xe9a3be,
    0xe9a6b3, 0xe9a6b1, 0xe9a6b4, 0xe9aba1, 0xe9b3a9, 0xe9ba82, 0xe9bc8e, 0xe9bc93, 0xe9bca0,
    0xe583a7, 0xe583ae, 0xe583a5, 0xe58396, 0xe583ad, 0xe5839a, 0xe58395, 0xe5838f, 0xe58391,
    0xe583b1, 0xe5838e, 0xe583a9, 0xe585a2, 0xe587b3, 0xe58a83, 0xe58a82, 0xe58cb1, 0xe58ead,
    0xe597be, 0xe59880, 0xe5989b, 0xe59897, 0xe597bd, 0xe59894, 0xe59886, 0xe59889, 0xe5988d,
    0xe5988e, 0xe597b7, 0xe59896, 0xe5989f, 0xe59888, 0xe59890, 0xe597b6, 0xe59c98, 0xe59c96,
    0xe5a1b5, 0xe5a1be, 0xe5a283, 0xe5a293, 0xe5a28a, 0xe5a1b9, 0xe5a285, 0xe5a1bd, 0xe5a3bd,
    0xe5a4a5, 0xe5a4a2, 0xe5a4a4, 0xe5a5aa, 0xe5a5a9, 0xe5aba1, 0xe5aba6, 0xe5aba9, 0xe5ab97,
    0xe5ab96, 0xe5ab98, 0xe5aba3, 0xe5adb5, 0xe5af9e, 0xe5afa7, 0xe5afa1, 0xe5afa5, 0xe5afa6,
    0xe5afa8, 0xe5afa2, 0xe5afa4, 0xe5af9f, 0xe5b08d, 0xe5b1a2, 0xe5b684, 0xe5b687, 0xe5b99b,
    0xe5b9a3, 0xe5b995, 0xe5b997, 0xe5b994, 0xe5bb93, 0xe5bb96, 0xe5bc8a, 0xe5bd86, 0xe5bdb0,
    0xe5beb9, 0xe68587, 0xe684bf, 0xe6858b, 0xe685b7, 0xe685a2, 0xe685a3, 0xe6859f, 0xe6859a,
    0xe68598, 0xe685b5, 0xe688aa, 0xe69287, 0xe69198, 0xe69194, 0xe692a4, 0xe691b8, 0xe6919f,
    0xe691ba, 0xe69191, 0xe691a7, 0xe690b4, 0xe691ad, 0xe691bb, 0xe695b2, 0xe696a1, 0xe69797,
    0xe69796, 0xe69aa2, 0xe69aa8, 0xe69a9d, 0xe6a69c, 0xe6a6a8, 0xe6a695, 0xe6a781, 0xe6a6ae,
    0xe6a793, 0xe6a78b, 0xe6a69b, 0xe6a6b7, 0xe6a6bb, 0xe6a6ab, 0xe6a6b4, 0xe6a790, 0xe6a78d,
    0xe6a6ad, 0xe6a78c, 0xe6a6a6, 0xe6a783, 0xe6a6a3, 0xe6ad89, 0xe6ad8c, 0xe6b0b3, 0xe6bcb3,
    0xe6bc94, 0xe6bbbe, 0xe6bc93, 0xe6bbb4, 0xe6bca9, 0xe6bcbe, 0xe6bca0, 0xe6bcac, 0xe6bc8f,
    0xe6bc82, 0xe6bca2, 0xe6bbbf, 0xe6bbaf, 0xe6bc86, 0xe6bcb1, 0xe6bcb8, 0xe6bcb2, 0xe6bca3,
    0xe6bc95, 0xe6bcab, 0xe6bcaf, 0xe6be88, 0xe6bcaa, 0xe6bbac, 0xe6bc81, 0xe6bbb2, 0xe6bb8c,
    0xe6bbb7, 0xe78694, 0xe78699, 0xe785bd, 0xe7868a, 0xe78684, 0xe78692, 0xe788be, 0xe78a92,
    0xe78a96, 0xe78d84, 0xe78d90, 0xe791a4, 0xe791a3, 0xe791aa, 0xe791b0, 0xe791ad, 0xe79484,
    0xe79691, 0xe798a7, 0xe7988d, 0xe7988b, 0xe79889, 0xe79893, 0xe79ba1, 0xe79ba3, 0xe79e84,
    0xe79dbd, 0xe79dbf, 0xe79da1, 0xe7a381, 0xe7a29f, 0xe7a2a7, 0xe7a2b3, 0xe7a2a9, 0xe7a2a3,
    0xe7a68e, 0xe7a68f, 0xe7a68d, 0xe7a8ae, 0xe7a8b1, 0xe7aaaa, 0xe7aaa9, 0xe7abad, 0xe7abaf,
    0xe7aea1, 0xe7ae95, 0xe7ae8b, 0xe7adb5, 0xe7ae97, 0xe7ae9d, 0xe7ae94, 0xe7ae8f, 0xe7aeb8,
    0xe7ae87, 0xe7ae84, 0xe7b2b9, 0xe7b2bd, 0xe7b2be, 0xe7b6bb, 0xe7b6b0, 0xe7b69c, 0xe7b6bd,
    0xe7b6be, 0xe7b6a0, 0xe7b78a, 0xe7b6b4, 0xe7b6b2, 0xe7b6b1, 0xe7b6ba, 0xe7b6a2, 0xe7b6bf,
    0xe7b6b5, 0xe7b6b8, 0xe7b6ad, 0xe7b792, 0xe7b787, 0xe7b6ac, 0xe7bdb0, 0xe7bfa0, 0xe7bfa1,
    0xe7bf9f, 0xe8819e, 0xe8819a, 0xe88287, 0xe88590, 0xe88680, 0xe8868f, 0xe88688, 0xe8868a,
    0xe885bf, 0xe88682, 0xe887a7, 0xe887ba, 0xe88887, 0xe88894, 0xe8889e, 0xe8898b, 0xe89389,
    0xe892bf, 0xe89386, 0xe89384, 0xe89299, 0xe8929e, 0xe892b2, 0xe8929c, 0xe8938b, 0xe892b8,
    0xe89380, 0xe89393, 0xe89290, 0xe892bc, 0xe89391, 0xe8938a, 0xe89cbf, 0xe89c9c, 0xe89cbb,
    0xe89ca2, 0xe89ca5, 0xe89cb4, 0xe89c98, 0xe89d95, 0xe89cb7, 0xe89ca9, 0xe8a3b3, 0xe8a482,
    0xe8a3b4, 0xe8a3b9, 0xe8a3b8, 0xe8a3bd, 0xe8a3a8, 0xe8a49a, 0xe8a3af, 0xe8aaa6, 0xe8aa8c,
    0xe8aa9e, 0xe8aaa3, 0xe8aa8d, 0xe8aaa1, 0xe8aa93, 0xe8aaa4, 0xe8aaaa, 0xe8aaa5, 0xe8aaa8,
    0xe8aa98, 0xe8aa91, 0xe8aa9a, 0xe8aaa7, 0xe8b1aa, 0xe8b28d, 0xe8b28c, 0xe8b393, 0xe8b391,
    0xe8b392, 0xe8b5ab, 0xe8b699, 0xe8b695, 0xe8b7bc, 0xe8bc94, 0xe8bc92, 0xe8bc95, 0xe8bc93,
    0xe8bea3, 0xe981a0, 0xe98198, 0xe9819c, 0xe981a3, 0xe98199, 0xe9819e, 0xe981a2, 0xe9819d,
    0xe9819b, 0xe98499, 0xe98498, 0xe9849e, 0xe985b5, 0xe985b8, 0xe985b7, 0xe985b4, 0xe989b8,
    0xe98aac, 0xe98a80, 0xe98a85, 0xe98a98, 0xe98a96, 0xe989bb, 0xe98a93, 0xe98a9c, 0xe98aa8,
    0xe989bc, 0xe98a91, 0xe996a1, 0xe996a8, 0xe996a9, 0xe996a3, 0xe996a5, 0xe996a4, 0xe99a99,
    0xe99a9c, 0xe99a9b, 0xe99b8c, 0xe99b92, 0xe99c80, 0xe99dbc, 0xe99e85, 0xe99fb6, 0xe9a097,
    0xe9a098, 0xe9a2af, 0xe9a2b1, 0xe9a483, 0xe9a485, 0xe9a48c, 0xe9a489, 0xe9a781, 0xe9aaaf,
    0xe9aab0, 0xe9aba6, 0xe9ad81, 0xe9ad82, 0xe9b3b4, 0xe9b3b6, 0xe9b3b3, 0xe9babc, 0xe9bcbb,
    0xe9bd8a, 0xe58484, 0xe58480, 0xe583bb, 0xe583b5, 0xe583b9, 0xe58482, 0xe58488, 0xe58489,
    0xe58485, 0xe5879c, 0xe58a87, 0xe58a88, 0xe58a89, 0xe58a8d, 0xe58a8a, 0xe58bb0, 0xe58eb2,
    0xe598ae, 0xe598bb, 0xe598b9, 0xe598b2, 0xe598bf, 0xe598b4, 0xe598a9, 0xe59993, 0xe5998e,
    0xe59997, 0xe599b4, 0xe598b6, 0xe598af, 0xe598b0, 0xe5a280, 0xe5a29f, 0xe5a29e, 0xe5a2b3,
    0xe5a29c, 0xe5a2ae, 0xe5a2a9, 0xe5a2a6, 0xe5a5ad, 0xe5ac89, 0xe5abbb, 0xe5ac8b, 0xe5abb5,
    0xe5ac8c, 0xe5ac88, 0xe5afae, 0xe5afac, 0xe5afa9, 0xe5afab, 0xe5b1a4, 0xe5b1a5, 0xe5b69d,
    0xe5b694, 0xe5b9a2, 0xe5b99f, 0xe5b9a1, 0xe5bba2, 0xe5bb9a, 0xe5bb9f, 0xe5bb9d, 0xe5bba3,
    0xe5bba0, 0xe5bd88, 0xe5bdb1, 0xe5beb7, 0xe5beb5, 0xe685b6, 0xe685a7, 0xe685ae, 0xe6859d,
    0xe68595, 0xe68682, 0xe685bc, 0xe685b0, 0xe685ab, 0xe685be, 0xe686a7, 0xe68690, 0xe686ab,
    0xe6868e, 0xe686ac, 0xe6869a, 0xe686a4, 0xe68694, 0xe686ae, 0xe688ae, 0xe691a9, 0xe691af,
    0xe691b9, 0xe6929e, 0xe692b2, 0xe69288, 0xe69290, 0xe692b0, 0xe692a5, 0xe69293, 0xe69295,
    0xe692a9, 0xe69292, 0xe692ae, 0xe692ad, 0xe692ab, 0xe6929a, 0xe692ac, 0xe69299, 0xe692a2,
    0xe692b3, 0xe695b5, 0xe695b7, 0xe695b8, 0xe69aae, 0xe69aab, 0xe69ab4, 0xe69ab1, 0xe6a8a3,
    0xe6a89f, 0xe6a7a8, 0xe6a881, 0xe6a89e, 0xe6a899, 0xe6a7bd, 0xe6a8a1, 0xe6a893, 0xe6a88a,
    0xe6a7b3, 0xe6a882, 0xe6a885, 0xe6a7ad, 0xe6a891, 0xe6ad90, 0xe6ad8e, 0xe6aea4, 0xe6af85,
    0xe6af86, 0xe6bcbf, 0xe6bdbc, 0xe6be84, 0xe6bd91, 0xe6bda6, 0xe6bd94, 0xe6be86, 0xe6bdad,
    0xe6bd9b, 0xe6bdb8, 0xe6bdae, 0xe6be8e, 0xe6bdba, 0xe6bdb0, 0xe6bda4, 0xe6be97, 0xe6bd98,
    0xe6bb95, 0xe6bdaf, 0xe6bda0, 0xe6bd9f, 0xe7869f, 0xe786ac, 0xe786b1, 0xe786a8, 0xe78996,
    0xe78a9b, 0xe78d8e, 0xe78d97, 0xe791a9, 0xe7928b, 0xe79283, 0xe791be, 0xe79280, 0xe795bf,
    0xe798a0, 0xe798a9, 0xe7989f, 0xe798a4, 0xe798a6, 0xe798a1, 0xe798a2, 0xe79a9a, 0xe79aba,
    0xe79ba4, 0xe79e8e, 0xe79e87, 0xe79e8c, 0xe79e91, 0xe79e8b, 0xe7a38b, 0xe7a385, 0xe7a2ba,
    0xe7a38a, 0xe7a2be, 0xe7a395, 0xe7a2bc, 0xe7a390, 0xe7a8bf, 0xe7a8bc, 0xe7a980, 0xe7a8bd,
    0xe7a8b7, 0xe7a8bb, 0xe7aaaf, 0xe7aaae, 0xe7aead, 0xe7aeb1, 0xe7af84, 0xe7aeb4, 0xe7af86,
    0xe7af87, 0xe7af81, 0xe7aea0, 0xe7af8c, 0xe7b38a, 0xe7b7a0, 0xe7b7b4, 0xe7b7af, 0xe7b7bb,
    0xe7b798, 0xe7b7ac, 0xe7b79d, 0xe7b7a8, 0xe7b7a3, 0xe7b79a, 0xe7b79e, 0xe7b7a9, 0xe7b69e,
    0xe7b799, 0xe7b7b2, 0xe7b7b9, 0xe7bdb5, 0xe7bdb7, 0xe7beaf, 0xe7bfa9, 0xe880a6, 0xe8869b,
    0xe8869c, 0xe8869d, 0xe886a0, 0xe8869a, 0xe88698, 0xe89497, 0xe894bd, 0xe8949a, 0xe893ae,
    0xe894ac, 0xe894ad, 0xe89493, 0xe89491, 0xe894a3, 0xe894a1, 0xe89494, 0xe893ac, 0xe894a5,
    0xe893bf, 0xe89486, 0xe89e82, 0xe89db4, 0xe89db6, 0xe89da0, 0xe89da6, 0xe89db8, 0xe89da8,
    0xe89d99, 0xe89d97, 0xe89d8c, 0xe89d93, 0xe8a19b, 0xe8a19d, 0xe8a490, 0xe8a487, 0xe8a492,
    0xe8a493, 0xe8a495, 0xe8a48a, 0xe8aabc, 0xe8ab92, 0xe8ab87, 0xe8ab84, 0xe8aa95, 0xe8ab8b,
    0xe8abb8, 0xe8aab2, 0xe8ab89, 0xe8ab82, 0xe8aabf, 0xe8aab0, 0xe8ab96, 0xe8ab8d, 0xe8aab6,
    0xe8aab9, 0xe8ab9b, 0xe8b18c, 0xe8b18e, 0xe8b1ac, 0xe8b3a0, 0xe8b39e, 0xe8b3a6, 0xe8b3a4,
    0xe8b3ac, 0xe8b3ad, 0xe8b3a2, 0xe8b3a3, 0xe8b39c, 0xe8b3aa, 0xe8b3a1, 0xe8b5ad, 0xe8b69f,
    0xe8b6a3, 0xe8b8ab, 0xe8b890, 0xe8b89d, 0xe8b8a2, 0xe8b88f, 0xe8b8a9, 0xe8b89f, 0xe8b8a1,
    0xe8b89e, 0xe8baba, 0xe8bc9d, 0xe8bc9b, 0xe8bc9f, 0xe8bca9, 0xe8bca6, 0xe8bcaa, 0xe8bc9c,
    0xe8bc9e, 0xe8bca5, 0xe981a9, 0xe981ae, 0xe981a8, 0xe981ad, 0xe981b7, 0xe984b0, 0xe984ad,
    0xe984a7, 0xe984b1, 0xe98687, 0xe98689, 0xe9868b, 0xe98683, 0xe98b85, 0xe98abb, 0xe98ab7,
    0xe98baa, 0xe98ba4, 0xe98b81, 0xe98ab3, 0xe98abc, 0xe98b92, 0xe98b87, 0xe98bb0, 0xe98ab2,
    0xe996ad, 0xe996b1, 0xe99c84, 0xe99c86, 0xe99c87, 0xe99c89, 0xe99da0, 0xe99e8d, 0xe99e8b,
    0xe99e8f, 0xe9a0a1, 0xe9a0ab, 0xe9a09c, 0xe9a2b3, 0xe9a48a, 0xe9a493, 0xe9a492, 0xe9a498,
    0xe9a79d, 0xe9a790, 0xe9a79f, 0xe9a79b, 0xe9a791, 0xe9a795, 0xe9a792, 0xe9a799, 0xe9aab7,
    0xe9abae, 0xe9abaf, 0xe9aca7, 0xe9ad85, 0xe9ad84, 0xe9adb7, 0xe9adaf, 0xe9b486, 0xe9b489,
    0xe9b483, 0xe9baa9, 0xe9babe, 0xe9bb8e, 0xe5a2a8, 0xe9bd92, 0xe58492, 0xe58498, 0xe58494,
    0xe58490, 0xe58495, 0xe58680, 0xe586aa, 0xe5879d, 0xe58a91, 0xe58a93, 0xe58bb3, 0xe59999,
    0xe599ab, 0xe599b9, 0xe599a9, 0xe599a4, 0xe599b8, 0xe599aa, 0xe599a8, 0xe599a5, 0xe599b1,
    0xe599af, 0xe599ac, 0xe599a2, 0xe599b6, 0xe5a381, 0xe5a2be, 0xe5a387, 0xe5a385, 0xe5a5ae,
    0xe5ac9d, 0xe5acb4, 0xe5adb8, 0xe5afb0, 0xe5b08e, 0xe5bd8a, 0xe686b2, 0xe68691, 0xe686a9,
    0xe6868a, 0xe6878d, 0xe686b6, 0xe686be, 0xe6878a, 0xe68788, 0xe688b0, 0xe69385, 0xe69381,
    0xe6938b, 0xe692bb, 0xe692bc, 0xe6939a, 0xe69384, 0xe69387, 0xe69382, 0xe6938d, 0xe692bf,
    0xe69392, 0xe69394, 0xe692be, 0xe695b4, 0xe69b86, 0xe69b89, 0xe69ab9, 0xe69b84, 0xe69b87,
    0xe69ab8, 0xe6a8bd, 0xe6a8b8, 0xe6a8ba, 0xe6a999, 0xe6a9ab, 0xe6a998, 0xe6a8b9, 0xe6a984,
    0xe6a9a2, 0xe6a9a1, 0xe6a98b, 0xe6a987, 0xe6a8b5, 0xe6a99f, 0xe6a988, 0xe6ad99, 0xe6adb7,
    0xe6b085, 0xe6bf82, 0xe6beb1, 0xe6bea1, 0xe6bf83, 0xe6bea4, 0xe6bf81, 0xe6bea7, 0xe6beb3,
    0xe6bf80, 0xe6beb9, 0xe6beb6, 0xe6bea6, 0xe6bea0, 0xe6beb4, 0xe786be, 0xe78789, 0xe78790,
    0xe78792, 0xe78788, 0xe78795, 0xe786b9, 0xe7878e, 0xe78799, 0xe7879c, 0xe78783, 0xe78784,
    0xe78da8, 0xe7929c, 0xe792a3, 0xe79298, 0xe7929f, 0xe7929e, 0xe793a2, 0xe7948c, 0xe7948d,
    0xe798b4, 0xe798b8, 0xe798ba, 0xe79ba7, 0xe79ba5, 0xe79ea0, 0xe79e9e, 0xe79e9f, 0xe79ea5,
    0xe7a3a8, 0xe7a39a, 0xe7a3ac, 0xe7a3a7, 0xe7a6a6, 0xe7a98d, 0xe7a98e, 0xe7a986, 0xe7a98c,
    0xe7a98b, 0xe7aaba, 0xe7af99, 0xe7b091, 0xe7af89, 0xe7afa4, 0xe7af9b, 0xe7afa1, 0xe7afa9,
    0xe7afa6, 0xe7b395, 0xe7b396, 0xe7b88a, 0xe7b891, 0xe7b888, 0xe7b89b, 0xe7b8a3, 0xe7b89e,
    0xe7b89d, 0xe7b889, 0xe7b890, 0xe7bdb9, 0xe7beb2, 0xe7bfb0, 0xe7bfb1, 0xe7bfae, 0xe880a8,
    0xe886b3, 0xe886a9, 0xe886a8, 0xe887bb, 0xe88888, 0xe88998, 0xe88999, 0xe8958a, 0xe89599,
    0xe89588, 0xe895a8, 0xe895a9, 0xe89583, 0xe89589, 0xe895ad, 0xe895aa, 0xe8959e, 0xe89e83,
    0xe89e9f, 0xe89e9e, 0xe89ea2, 0xe89e8d, 0xe8a1a1, 0xe8a4aa, 0xe8a4b2, 0xe8a4a5, 0xe8a4ab,
    0xe8a4a1, 0xe8a6aa, 0xe8a6a6, 0xe8aba6, 0xe8abba, 0xe8abab, 0xe8abb1, 0xe8ac80, 0xe8ab9c,
    0xe8aba7, 0xe8abae, 0xe8abbe, 0xe8ac81, 0xe8ac82, 0xe8abb7, 0xe8abad, 0xe8abb3, 0xe8abb6,
    0xe8abbc, 0xe8b1ab, 0xe8b1ad, 0xe8b293, 0xe8b3b4, 0xe8b984, 0xe8b8b1, 0xe8b8b4, 0xe8b982,
    0xe8b8b9, 0xe8b8b5, 0xe8bcbb, 0xe8bcaf, 0xe8bcb8, 0xe8bcb3, 0xe8bea8, 0xe8bea6, 0xe981b5,
    0xe981b4, 0xe981b8, 0xe981b2, 0xe981bc, 0xe981ba, 0xe984b4, 0xe98692, 0xe98ca0, 0xe98cb6,
    0xe98bb8, 0xe98cb3, 0xe98caf, 0xe98ca2, 0xe98bbc, 0xe98cab, 0xe98c84, 0xe98c9a, 0xe98c90,
    0xe98ca6, 0xe98ca1, 0xe98c95, 0xe98cae, 0xe98c99, 0xe996bb, 0xe99aa7, 0xe99aa8, 0xe99aaa,
    0xe99b95, 0xe99c8e, 0xe99c91, 0xe99c96, 0xe99c8d, 0xe99c93, 0xe99c8f, 0xe99d9b, 0xe99d9c,
    0xe99da6, 0xe99e98, 0xe9a0b0, 0xe9a0b8, 0xe9a0bb, 0xe9a0b7, 0xe9a0ad, 0xe9a0b9, 0xe9a0a4,
    0xe9a490, 0xe9a4a8, 0xe9a49e, 0xe9a49b, 0xe9a4a1, 0xe9a49a, 0xe9a7ad, 0xe9a7a2, 0xe9a7b1,
    0xe9aab8, 0xe9aabc, 0xe9abbb, 0xe9abad, 0xe9aca8, 0xe9ae91, 0xe9b495, 0xe9b4a3, 0xe9b4a6,
    0xe9b4a8, 0xe9b492, 0xe9b49b, 0xe9bb98, 0xe9bb94, 0xe9be8d, 0xe9be9c, 0xe584aa, 0xe5849f,
    0xe584a1, 0xe584b2, 0xe58bb5, 0xe59a8e, 0xe59a80, 0xe59a90, 0xe59a85, 0xe59a87, 0xe59a8f,
    0xe5a395, 0xe5a393, 0xe5a391, 0xe5a38e, 0xe5acb0, 0xe5acaa, 0xe5aca4, 0xe5adba, 0xe5b0b7,
    0xe5b1a8, 0xe5b6bc, 0xe5b6ba, 0xe5b6bd, 0xe5b6b8, 0xe5b9ab, 0xe5bd8c, 0xe5bebd, 0xe68789,
    0xe68782, 0xe68787, 0xe687a6, 0xe6878b, 0xe688b2, 0xe688b4, 0xe6938e, 0xe6938a, 0xe69398,
    0xe693a0, 0xe693b0, 0xe693a6, 0xe693ac, 0xe693b1, 0xe693a2, 0xe693ad, 0xe69682, 0xe69683,
    0xe69b99, 0xe69b96, 0xe6aa80, 0xe6aa94, 0xe6aa84, 0xe6aaa2, 0xe6aa9c, 0xe6ab9b, 0xe6aaa3,
    0xe6a9be, 0xe6aa97, 0xe6aa90, 0xe6aaa0, 0xe6ad9c, 0xe6aeae, 0xe6af9a, 0xe6b088, 0xe6bf98,
    0xe6bfb1, 0xe6bf9f, 0xe6bfa0, 0xe6bf9b, 0xe6bfa4, 0xe6bfab, 0xe6bfaf, 0xe6be80, 0xe6bfac,
    0xe6bfa1, 0xe6bfa9, 0xe6bf95, 0xe6bfae, 0xe6bfb0, 0xe787a7, 0xe7879f, 0xe787ae, 0xe787a6,
    0xe787a5, 0xe787ad, 0xe787ac, 0xe787b4, 0xe787a0, 0xe788b5, 0xe78986, 0xe78db0, 0xe78db2,
    0xe792a9, 0xe792b0, 0xe792a6, 0xe792a8, 0xe79986, 0xe79982, 0xe7998c, 0xe79baa, 0xe79eb3,
    0xe79eaa, 0xe79eb0, 0xe79eac, 0xe79ea7, 0xe79ead, 0xe79faf, 0xe7a3b7, 0xe7a3ba, 0xe7a3b4,
    0xe7a3af, 0xe7a481, 0xe7a6a7, 0xe7a6aa, 0xe7a997, 0xe7aabf, 0xe7b087, 0xe7b08d, 0xe7afbe,
    0xe7afb7, 0xe7b08c, 0xe7afa0, 0xe7b3a0, 0xe7b39c, 0xe7b39e, 0xe7b3a2, 0xe7b39f, 0xe7b399,
    0xe7b39d, 0xe7b8ae, 0xe7b8be, 0xe7b986, 0xe7b8b7, 0xe7b8b2, 0xe7b983, 0xe7b8ab, 0xe7b8bd,
    0xe7b8b1, 0xe7b985, 0xe7b981, 0xe7b8b4, 0xe7b8b9, 0xe7b988, 0xe7b8b5, 0xe7b8bf, 0xe7b8af,
    0xe7bd84, 0xe7bfb3, 0xe7bfbc, 0xe881b1, 0xe881b2, 0xe881b0, 0xe881af, 0xe881b3, 0xe88786,
    0xe88783, 0xe886ba, 0xe88782, 0xe88780, 0xe886bf, 0xe886bd, 0xe88789, 0xe886be, 0xe887a8,
    0xe88889, 0xe889b1, 0xe896aa, 0xe89684, 0xe895be, 0xe8969c, 0xe89691, 0xe89694, 0xe896af,
    0xe8969b, 0xe89687, 0xe896a8, 0xe8968a, 0xe896a6, 0xe899a7, 0xe89f80, 0xe89f91, 0xe89eb3,
    0xe89f92, 0xe89f86, 0xe89eab, 0xe89ebb, 0xe89eba, 0xe89f88, 0xe89f8b, 0xe8a4bb, 0xe8a4b6,
    0xe8a584, 0xe8a4b8, 0xe8a4bd, 0xe8a6ac, 0xe8ac8e, 0xe8ac97, 0xe8ac99, 0xe8ac9b, 0xe8ac8a,
    0xe8aca0, 0xe8ac9d, 0xe8ac84, 0xe8ac90, 0xe8b181, 0xe8b0bf, 0xe8b1b3, 0xe8b3ba, 0xe8b3bd,
    0xe8b3bc, 0xe8b3b8, 0xe8b3bb, 0xe8b6a8, 0xe8b989, 0xe8b98b, 0xe8b988, 0xe8b98a, 0xe8bd84,
    0xe8bcbe, 0xe8bd82, 0xe8bd85, 0xe8bcbf, 0xe981bf, 0xe981bd, 0xe98284, 0xe98281, 0xe98282,
    0xe98280, 0xe984b9, 0xe986a3, 0xe9869e, 0xe9869c, 0xe98d8d, 0xe98e82, 0xe98ca8, 0xe98db5,
    0xe98d8a, 0xe98da5, 0xe98d8b, 0xe98c98, 0xe98dbe, 0xe98dac, 0xe98d9b, 0xe98db0, 0xe98d9a,
    0xe98d94, 0xe9978a, 0xe9978b, 0xe9978c, 0xe99788, 0xe99786, 0xe99ab1, 0xe99ab8, 0xe99b96,
    0xe99c9c, 0xe99c9e, 0xe99ea0, 0xe99f93, 0xe9a186, 0xe9a2b6, 0xe9a4b5, 0xe9a881, 0xe9a7bf,
    0xe9aeae, 0xe9aeab, 0xe9aeaa, 0xe9aead, 0xe9b4bb, 0xe9b4bf, 0xe9ba8b, 0xe9bb8f, 0xe9bb9e,
    0xe9bb9c, 0xe9bb9d, 0xe9bb9b, 0xe9bcbe, 0xe9bd8b, 0xe58fa2, 0xe59a95, 0xe59aae, 0xe5a399,
    0xe5a398, 0xe5acb8, 0xe5bd9e, 0xe687a3, 0xe688b3, 0xe693b4, 0xe693b2, 0xe693be, 0xe69486,
    0xe693ba, 0xe693bb, 0xe693b7, 0xe696b7, 0xe69b9c, 0xe69ca6, 0xe6aab3, 0xe6aaac, 0xe6ab83,
    0xe6aabb, 0xe6aab8, 0xe6ab82, 0xe6aaae, 0xe6aaaf, 0xe6ad9f, 0xe6adb8, 0xe6aeaf, 0xe78089,
    0xe7808b, 0xe6bfbe, 0xe78086, 0xe6bfba, 0xe78091, 0xe7808f, 0xe787bb, 0xe787bc, 0xe787be,
    0xe787b8, 0xe78db7, 0xe78db5, 0xe792a7, 0xe792bf, 0xe79495, 0xe79996, 0xe79998, 0xe79992,
    0xe79ebd, 0xe79ebf, 0xe79ebb, 0xe79ebc, 0xe7a48e, 0xe7a6ae, 0xe7a9a1, 0xe7a9a2, 0xe7a9a0,
    0xe7ab84, 0xe7ab85, 0xe7b0ab, 0xe7b0a7, 0xe7b0aa, 0xe7b09e, 0xe7b0a3, 0xe7b0a1, 0xe7b3a7,
    0xe7b994, 0xe7b995, 0xe7b99e, 0xe7b99a, 0xe7b9a1, 0xe7b992, 0xe7b999, 0xe7bd88, 0xe7bfb9,
    0xe7bfbb, 0xe881b7, 0xe881b6, 0xe8878d, 0xe8878f, 0xe8888a, 0xe8978f, 0xe896a9, 0xe8978d,
    0xe89790, 0xe89789, 0xe896b0, 0xe896ba, 0xe896b9, 0xe89faf, 0xe89fac, 0xe89fb2, 0xe89fa0,
    0xe8a686, 0xe8a6b2, 0xe8a7b4, 0xe8aca8, 0xe8acb9, 0xe8acac, 0xe8acab, 0xe8b190, 0xe8b485,
    0xe8b999, 0xe8b9a3, 0xe8b9a6, 0xe8b9a4, 0xe8b99f, 0xe8b995, 0xe8bb80, 0xe8bd89, 0xe8bd8d,
    0xe98287, 0xe98283, 0xe98288, 0xe986ab, 0xe986ac, 0xe98790, 0xe98e94, 0xe98e8a, 0xe98e96,
    0xe98ea2, 0xe98eb3, 0xe98eae, 0xe98eac, 0xe98eb0, 0xe98e98, 0xe98e9a, 0xe98e97, 0xe99794,
    0xe99796, 0xe99790, 0xe99795, 0xe99ba2, 0xe99b9c, 0xe99b99, 0xe99b9b, 0xe99b9e, 0xe99ca4,
    0xe99ea3, 0xe99ea6, 0xe99ead, 0xe99fb9, 0xe9a18d, 0xe9a18f, 0xe9a18c, 0xe9a18e, 0xe9a193,
    0xe9a2ba, 0xe9a4be, 0xe9a4bf, 0xe9a4bd, 0xe9a4ae, 0xe9a6a5, 0xe9a88e, 0xe9ab81, 0xe9ac83,
    0xe9ac86, 0xe9ad8f, 0xe9ad8e, 0xe9ad8d, 0xe9af8a, 0xe9af89, 0xe9afbd, 0xe9af88, 0xe9af80,
    0xe9b591, 0xe9b59d, 0xe9b5a0, 0xe9bba0, 0xe9bc95, 0xe9bcac, 0xe584b3, 0xe59aa5, 0xe59aa8,
    0xe5a39e, 0xe5a39f, 0xe5a3a2, 0xe5afb5, 0xe9be90, 0xe5bbac, 0xe687b2, 0xe687b7, 0xe687b6,
    0xe687b5, 0xe69480, 0xe6948f, 0xe69ba0, 0xe69b9d, 0xe6aba5, 0xe6ab9d, 0xe6ab9a, 0xe6ab93,
    0xe7809b, 0xe7809f, 0xe780a8, 0xe7809a, 0xe7809d, 0xe78095, 0xe78098, 0xe78886, 0xe7888d,
    0xe78998, 0xe78aa2, 0xe78db8, 0xe78dba, 0xe792bd, 0xe7938a, 0xe793a3, 0xe79687, 0xe79686,
    0xe7999f, 0xe799a1, 0xe79f87, 0xe7a499, 0xe7a6b1, 0xe7a9ab, 0xe7a9a9, 0xe7b0be, 0xe7b0bf,
    0xe7b0b8, 0xe7b0bd, 0xe7b0b7, 0xe7b180, 0xe7b9ab, 0xe7b9ad, 0xe7b9b9, 0xe7b9a9, 0xe7b9aa,
    0xe7b9b3, 0xe7be85, 0xe7beb6, 0xe7beb9, 0xe7beb8, 0xe88798, 0xe897a9, 0xe8979d, 0xe897aa,
    0xe89795, 0xe897a4, 0xe897a5, 0xe897b7, 0xe89fbb, 0xe8a085, 0xe8a08d, 0xe89fb9, 0xe89fbe,
    0xe8a5a0, 0xe8a59f, 0xe8a596, 0xe8a59e, 0xe8ad81, 0xe8ad9c, 0xe8ad98, 0xe8ad89, 0xe8ad9a,
    0xe8ad8e, 0xe8ad8f, 0xe8ad86, 0xe8ad99, 0xe8b488, 0xe8b48a, 0xe8b9bc, 0xe8b9b2, 0xe8ba87,
    0xe8b9b6, 0xe8b9ac, 0xe8b9ba, 0xe8b9b4, 0xe8bd94, 0xe8bd8e, 0xe8bead, 0xe9828a, 0xe9828b,
    0xe986b1, 0xe986ae, 0xe98fa1, 0xe98f91, 0xe98f9f, 0xe98f83, 0xe98f88, 0xe98f9c, 0xe98f9d,
    0xe98f96, 0xe98fa2, 0xe98f8d, 0xe98f98, 0xe98fa4, 0xe98f97, 0xe98fa8, 0xe9979c, 0xe99ab4,
    0xe99ba3, 0xe99caa, 0xe99ca7, 0xe99da1, 0xe99f9c, 0xe99fbb, 0xe9a19e, 0xe9a198, 0xe9a19b,
    0xe9a2bc, 0xe9a585, 0xe9a589, 0xe9a896, 0xe9a899, 0xe9ac8d, 0xe9afa8, 0xe9afa7, 0xe9af96,
    0xe9af9b, 0xe9b689, 0xe9b5a1, 0xe9b5b2, 0xe9b5aa, 0xe9b5ac, 0xe9ba92, 0xe9ba97, 0xe9ba93,
    0xe9bab4, 0xe58bb8, 0xe59ab7, 0xe59ab6, 0xe59ab4, 0xe59abc, 0xe5a3a4, 0xe5ad80, 0xe5ad83,
    0xe5adbd, 0xe5afb6, 0xe5b789, 0xe687b8, 0xe687ba, 0xe69498, 0xe69494, 0xe69499, 0xe69ba6,
    0xe69ca7, 0xe6abac, 0xe780be, 0xe780b0, 0xe780b2, 0xe78890, 0xe78dbb, 0xe7938f, 0xe799a2,
    0xe799a5, 0xe7a4a6, 0xe7a4aa, 0xe7a4ac, 0xe7a4ab, 0xe7ab87, 0xe7abb6, 0xe7b18c, 0xe7b183,
    0xe7b18d, 0xe7b3af, 0xe7b3b0, 0xe8beae, 0xe7b9bd, 0xe7b9bc, 0xe7ba82, 0xe7bd8c, 0xe88080,
    0xe8879a, 0xe889a6, 0xe897bb, 0xe897b9, 0xe89891, 0xe897ba, 0xe89886, 0xe8988b, 0xe89887,
    0xe8988a, 0xe8a094, 0xe8a095, 0xe8a5a4, 0xe8a6ba, 0xe8a7b8, 0xe8adb0, 0xe8adac, 0xe8ada6,
    0xe8adaf, 0xe8ad9f, 0xe8adab, 0xe8b48f, 0xe8b48d, 0xe8ba89, 0xe8ba81, 0xe8ba85, 0xe8ba82,
    0xe986b4, 0xe9878b, 0xe99098, 0xe99083, 0xe98fbd, 0xe997a1, 0xe99cb0, 0xe9a384, 0xe9a592,
    0xe9a591, 0xe9a6a8, 0xe9a8ab, 0xe9a8b0, 0xe9a8b7, 0xe9a8b5, 0xe9b093, 0xe9b08d, 0xe9b9b9,
    0xe9bab5, 0xe9bba8, 0xe9bcaf, 0xe9bd9f, 0xe9bda3, 0xe9bda1, 0xe584b7, 0xe584b8, 0xe59b81,
    0xe59b80, 0xe59b82, 0xe5a494, 0xe5b1ac, 0xe5b78d, 0xe687bc, 0xe687be, 0xe6949d, 0xe6949c,
    0xe69695, 0xe69ba9, 0xe6abbb, 0xe6ac84, 0xe6abba, 0xe6aeb2, 0xe7818c, 0xe7889b, 0xe78aa7,
    0xe79396, 0xe79394, 0xe799a9, 0xe79f93, 0xe7b190, 0xe7ba8f, 0xe7ba8c, 0xe7bebc, 0xe89897,
    0xe898ad, 0xe8989a, 0xe8a0a3, 0xe8a0a2, 0xe8a0a1, 0xe8a09f, 0xe8a5aa, 0xe8a5ac, 0xe8a6bd,
    0xe8adb4, 0xe8adb7, 0xe8adbd, 0xe8b493, 0xe8ba8a, 0xe8ba8d, 0xe8ba8b, 0xe8bd9f, 0xe8beaf,
    0xe986ba, 0xe990ae, 0xe990b3, 0xe990b5, 0xe990ba, 0xe990b8, 0xe990b2, 0xe990ab, 0xe997a2,
    0xe99cb8, 0xe99cb9, 0xe99cb2, 0xe99fbf, 0xe9a1a7, 0xe9a1a5, 0xe9a597, 0xe9a985, 0xe9a983,
    0xe9a980, 0xe9a8be, 0xe9ab8f, 0xe9ad94, 0xe9ad91, 0xe9b0ad, 0xe9b0a5, 0xe9b6af, 0xe9b6b4,
    0xe9b782, 0xe9b6b8, 0xe9ba9d, 0xe9bbaf, 0xe9bc99, 0xe9bd9c, 0xe9bda6, 0xe9bda7, 0xe584bc,
    0xe584bb, 0xe59b88, 0xe59b8a, 0xe59b89, 0xe5adbf, 0xe5b794, 0xe5b792, 0xe5bd8e, 0xe687bf,
    0xe694a4, 0xe6ac8a, 0xe6ada1, 0xe78191, 0xe78198, 0xe78e80, 0xe793a4, 0xe7968a, 0xe799ae,
    0xe799ac, 0xe7a6b3, 0xe7b1a0, 0xe7b19f, 0xe881be, 0xe881bd, 0xe8879f, 0xe8a5b2, 0xe8a5af,
    0xe8a7bc, 0xe8ae80, 0xe8b496, 0xe8b497, 0xe8ba91, 0xe8ba93, 0xe8bda1, 0xe98588, 0xe99184,
    0xe99191, 0xe99192, 0xe99cbd, 0xe99cbe, 0xe99f83, 0xe99f81, 0xe9a1ab, 0xe9a595, 0xe9a995,
    0xe9a98d, 0xe9ab92, 0xe9ac9a, 0xe9b189, 0xe9b0b1, 0xe9b0be, 0xe9b0bb, 0xe9b793, 0xe9b797,
    0xe9bcb4, 0xe9bdac, 0xe9bdaa, 0xe9be94, 0xe59b8c, 0xe5b796, 0xe68880, 0xe694a3, 0xe694ab,
    0xe694aa, 0xe69bac, 0xe6ac90, 0xe7939a, 0xe7ab8a, 0xe7b1a4, 0xe7b1a3, 0xe7b1a5, 0xe7ba93,
    0xe7ba96, 0xe7ba94, 0xe887a2, 0xe898b8, 0xe898bf, 0xe8a0b1, 0xe8ae8a, 0xe98290, 0xe9828f,
    0xe991a3, 0xe991a0, 0xe991a4, 0xe99da8, 0xe9a1af, 0xe9a59c, 0xe9a99a, 0xe9a99b, 0xe9a997,
    0xe9ab93, 0xe9ab94, 0xe9ab91, 0xe9b194, 0xe9b197, 0xe9b196, 0xe9b7a5, 0xe9ba9f, 0xe9bbb4,
    0xe59b91, 0xe5a3a9, 0xe694ac, 0xe7819e, 0xe799b1, 0xe799b2, 0xe79f97, 0xe7bd90, 0xe7be88,
    0xe8a0b6, 0xe8a0b9, 0xe8a1a2, 0xe8ae93, 0xe8ae92, 0xe8ae96, 0xe889b7, 0xe8b49b, 0xe98780,
    0xe991aa, 0xe99d82, 0xe99d88, 0xe99d84, 0xe99f86, 0xe9a1b0, 0xe9a99f, 0xe9aca2, 0xe9ad98,
    0xe9b19f, 0xe9b7b9, 0xe9b7ba, 0xe9b9bc, 0xe9b9bd, 0xe9bc87, 0xe9bdb7, 0xe9bdb2, 0xe5bbb3,
    0xe6ac96, 0xe781a3, 0xe7b1ac, 0xe7b1ae, 0xe8a0bb, 0xe8a780, 0xe8baa1, 0xe98781, 0xe991b2,
    0xe991b0, 0xe9a1b1, 0xe9a59e, 0xe9ab96, 0xe9aca3, 0xe9bb8c, 0xe781a4, 0xe79f9a, 0xe8ae9a,
    0xe991b7, 0xe99f89, 0xe9a9a2, 0xe9a9a5, 0xe7ba9c, 0xe8ae9c, 0xe8baaa, 0xe98785, 0xe991bd,
    0xe991be, 0xe991bc, 0xe9b1b7, 0xe9b1b8, 0xe9bbb7, 0xe8b194, 0xe991bf, 0xe9b89a, 0xe788a8,
    0xe9a9aa, 0xe9acb1, 0xe9b89b, 0xe9b89e, 0xe7b1b2, 0x000000, 0x000000, 0x000000, 0x000000,
    0x000000, 0x000000, 0x000000, 0x000000, 0x000000, 0x000000, 0x000000, 0x000000, 0x000000,
    0x000000, 0x000000, 0x000000, 0x000000, 0x000000, 0x000000, 0x000000, 0x000000, 0x000000,
    0x000000, 0x000000, 0x000000, 0x000000, 0x000000, 0x000000, 0x000000, 0x000000, 0x000000,
    0x000000, 0x000000, 0x000000, 0x000000, 0x000000, 0x000000, 0x000000, 0x000000, 0x000000,
    0x000000, 0x000000, 0x000000, 0x000000, 0x000000, 0x000000, 0x000000, 0x000000, 0x000000,
    0x000000, 0x000000, 0xe4b982, 0xe4b99c, 0xe587b5, 0xe58c9a, 0xe58e82, 0xe4b887, 0xe4b88c,
    0xe4b987, 0xe4ba8d, 0xe59b97, 0xe5b1ae, 0xe5bdb3, 0xe4b88f, 0xe58687, 0xe4b88e, 0xe4b8ae,
    0xe4ba93, 0xe4bb82, 0xe4bb89, 0xe4bb88, 0xe58698, 0xe58bbc, 0xe58dac, 0xe58eb9, 0xe59ca0,
    0xe5a483, 0xe5a4ac, 0xe5b090, 0xe5b7bf, 0xe697a1, 0xe6aeb3, 0xe6af8c, 0xe6b094, 0xe788bf,
    0xe4b8b1, 0xe4b8bc, 0xe4bba8, 0xe4bb9c, 0xe4bba9, 0xe4bba1, 0xe4bb9d, 0xe4bb9a, 0xe5888c,
    0xe58889, 0xe58c9c, 0xe58d8c, 0xe59ca2, 0xe59ca3, 0xe5a497, 0xe5a4af, 0xe5ae81, 0xe5ae84,
    0xe5b092, 0xe5b0bb, 0xe5b1b4, 0xe5b1b3, 0xe5b884, 0xe5ba80, 0xe5ba82, 0xe5bf89, 0xe68889,
    0xe68990, 0xe6b095, 0xe6b0b6, 0xe6b183, 0xe6b0bf, 0xe6b0bb, 0xe78aae, 0xe78ab0, 0xe78e8a,
    0xe7a6b8, 0xe8828a, 0xe9989e, 0xe4bc8e, 0xe4bc98, 0xe4bcac, 0xe4bbb5, 0xe4bc94, 0xe4bbb1,
    0xe4bc80, 0xe4bbb7, 0xe4bc88, 0xe4bc9d, 0xe4bc82, 0xe4bc85, 0xe4bca2, 0xe4bc93, 0xe4bc84,
    0xe4bbb4, 0xe4bc92, 0xe586b1, 0xe58893, 0xe58890, 0xe58aa6, 0xe58ca2, 0xe58c9f, 0xe58d8d,
    0xe58e8a, 0xe59087, 0xe59ba1, 0xe59b9f, 0xe59cae, 0xe59caa, 0xe59cb4, 0xe5a4bc, 0xe5a680,
    0xe5a5bc, 0xe5a685, 0xe5a5bb, 0xe5a5be, 0xe5a5b7, 0xe5a5bf, 0xe5ad96, 0xe5b095, 0xe5b0a5,
    0xe5b1bc, 0xe5b1ba, 0xe5b1bb, 0xe5b1be, 0xe5b79f, 0xe5b9b5, 0xe5ba84, 0xe5bc82, 0xe5bc9a,
    0xe5bdb4, 0xe5bf95, 0xe5bf94, 0xe5bf8f, 0xe6899c, 0xe6899e, 0xe689a4, 0xe689a1, 0xe689a6,
    0xe689a2, 0xe68999, 0xe689a0, 0xe6899a, 0xe689a5, 0xe694b7, 0xe697af, 0xe697ae, 0xe69cbe,
    0xe69cb9, 0xe69cb8, 0xe69cbb, 0xe69cba, 0xe69cbf, 0xe69cbc, 0xe69cb3, 0xe6b098, 0xe6b186,
    0xe6b192, 0xe6b19c, 0xe6b18f, 0xe6b18a, 0xe6b194, 0xe6b18b, 0xe6b18c, 0xe781b1, 0xe7899e,
    0xe78ab4, 0xe78ab5, 0xe78e8e, 0xe794aa, 0xe799bf, 0xe7a9b5, 0xe7bd91, 0xe889b8, 0xe889bc,
    0xe88a80, 0xe889bd, 0xe889bf, 0xe8998d, 0xe8a5be, 0xe98299, 0xe98297, 0xe98298, 0xe9829b,
    0xe98294, 0xe998a2, 0xe998a4, 0xe998a0, 0xe998a3, 0xe4bd96, 0xe4bcbb, 0xe4bda2, 0xe4bd89,
    0xe4bd93, 0xe4bda4, 0xe4bcbe, 0xe4bda7, 0xe4bd92, 0xe4bd9f, 0xe4bd81, 0xe4bd98, 0xe4bcad,
    0xe4bcb3, 0xe4bcbf, 0xe4bda1, 0xe5868f, 0xe586b9, 0xe5889c, 0xe5889e, 0xe588a1, 0xe58aad,
    0xe58aae, 0xe58c89, 0xe58da3, 0xe58db2, 0xe58e8e, 0xe58e8f, 0xe590b0, 0xe590b7, 0xe590aa,
    0xe59194, 0xe59185, 0xe59099, 0xe5909c, 0xe590a5, 0xe59098, 0xe590bd, 0xe5918f, 0xe59181,
    0xe590a8, 0xe590a4, 0xe59187, 0xe59bae, 0xe59ba7, 0xe59ba5, 0xe59d81, 0xe59d85, 0xe59d8c,
    0xe59d89, 0xe59d8b, 0xe59d92, 0xe5a486, 0xe5a580, 0xe5a6a6, 0xe5a698, 0xe5a6a0, 0xe5a697,
    0xe5a68e, 0xe5a6a2, 0xe5a690, 0xe5a68f, 0xe5a6a7, 0xe5a6a1, 0xe5ae8e, 0xe5ae92, 0xe5b0a8,
    0xe5b0aa, 0xe5b28d, 0xe5b28f, 0xe5b288, 0xe5b28b, 0xe5b289, 0xe5b292, 0xe5b28a, 0xe5b286,
    0xe5b293, 0xe5b295, 0xe5b7a0, 0xe5b88a, 0xe5b88e, 0xe5ba8b, 0xe5ba89, 0xe5ba8c, 0xe5ba88,
    0xe5ba8d, 0xe5bc85, 0xe5bc9d, 0xe5bdb8, 0xe5bdb6, 0xe5bf92, 0xe5bf91, 0xe5bf90, 0xe5bfad,
    0xe5bfa8, 0xe5bfae, 0xe5bfb3, 0xe5bfa1, 0xe5bfa4, 0xe5bfa3, 0xe5bfba, 0xe5bfaf, 0xe5bfb7,
    0xe5bfbb, 0xe68080, 0xe5bfb4, 0xe688ba, 0xe68a83, 0xe68a8c, 0xe68a8e, 0xe68a8f, 0xe68a94,
    0xe68a87, 0xe689b1, 0xe689bb, 0xe689ba, 0xe689b0, 0xe68a81, 0xe68a88, 0xe689b7, 0xe689bd,
    0xe689b2, 0xe689b4, 0xe697b0, 0xe697b4, 0xe697b3, 0xe697b2, 0xe697b5, 0xe69d85, 0xe69d87,
    0xe69d99, 0xe69d95, 0xe69d8c, 0xe69d88, 0xe69d9d, 0xe69d8d, 0xe69d9a, 0xe69d8b, 0xe6af90,
    0xe6b099, 0xe6b09a, 0xe6b1b8, 0xe6b1a7, 0xe6b1ab, 0xe6b284, 0xe6b28b, 0xe6b28f, 0xe6b1b1,
    0xe6b1af, 0xe6b1a9, 0xe6b29a, 0xe6b1ad, 0xe6b287, 0xe6b295, 0xe6b29c, 0xe6b1a6, 0xe6b1b3,
    0xe6b1a5, 0xe6b1bb, 0xe6b28e, 0xe781b4, 0xe781ba, 0xe789a3, 0xe78abf, 0xe78abd, 0xe78b83,
    0xe78b86, 0xe78b81, 0xe78aba, 0xe78b85, 0xe78e95, 0xe78e97, 0xe78e93, 0xe78e94, 0xe78e92,
    0xe794ba, 0xe794b9, 0xe79694, 0xe79695, 0xe79a81, 0xe7a4bd, 0xe880b4, 0xe88295, 0xe88299,
    0xe88290, 0xe88292, 0xe8829c, 0xe88a90, 0xe88a8f, 0xe88a85, 0xe88a8e, 0xe88a91, 0xe88a93,
    0xe88a8a, 0xe88a83, 0xe88a84, 0xe8b1b8, 0xe8bf89, 0xe8bebf, 0xe9829f, 0xe982a1, 0xe982a5,
    0xe9829e, 0xe982a7, 0xe982a0, 0xe998b0, 0xe998a8, 0xe998af, 0xe998ad, 0xe4b8b3, 0xe4be98,
    0xe4bdbc, 0xe4be85, 0xe4bdbd, 0xe4be80, 0xe4be87, 0xe4bdb6, 0xe4bdb4, 0xe4be89, 0xe4be84,
    0xe4bdb7, 0xe4bd8c, 0xe4be97, 0xe4bdaa, 0xe4be9a, 0xe4bdb9, 0xe4be81, 0xe4bdb8, 0xe4be90,
    0xe4be9c, 0xe4be94, 0xe4be9e, 0xe4be92, 0xe4be82, 0xe4be95, 0xe4bdab, 0xe4bdae, 0xe5869e,
    0xe586bc, 0xe586be, 0xe588b5, 0xe588b2, 0xe588b3, 0xe58986, 0xe588b1, 0xe58abc, 0xe58c8a,
    0xe58c8b, 0xe58cbc, 0xe58e92, 0xe58e94, 0xe59287, 0xe591bf, 0xe59281, 0xe59291, 0xe59282,
    0xe59288, 0xe591ab, 0xe591ba, 0xe591be, 0xe591a5, 0xe591ac, 0xe591b4, 0xe591a6, 0xe5928d,
    0xe591af, 0xe591a1, 0xe591a0, 0xe59298, 0xe591a3, 0xe591a7, 0xe591a4, 0xe59bb7, 0xe59bb9,
    0xe59daf, 0xe59db2, 0xe59dad, 0xe59dab, 0xe59db1, 0xe59db0, 0xe59db6, 0xe59e80, 0xe59db5,
    0xe59dbb, 0xe59db3, 0xe59db4, 0xe59da2, 0xe59da8, 0xe59dbd, 0xe5a48c, 0xe5a585, 0xe5a6b5,
    0xe5a6ba, 0xe5a78f, 0xe5a78e, 0xe5a6b2, 0xe5a78c, 0xe5a781, 0xe5a6b6, 0xe5a6bc, 0xe5a783,
    0xe5a796, 0xe5a6b1, 0xe5a6bd, 0xe5a780, 0xe5a788, 0xe5a6b4, 0xe5a787, 0xe5ada2, 0xe5ada5,
    0xe5ae93, 0xe5ae95, 0xe5b184, 0xe5b187, 0xe5b2ae, 0xe5b2a4, 0xe5b2a0, 0xe5b2b5, 0xe5b2af,
    0xe5b2a8, 0xe5b2ac, 0xe5b29f, 0xe5b2a3, 0xe5b2ad, 0xe5b2a2, 0xe5b2aa, 0xe5b2a7, 0xe5b29d,
    0xe5b2a5, 0xe5b2b6, 0xe5b2b0, 0xe5b2a6, 0xe5b897, 0xe5b894, 0xe5b899, 0xe5bca8, 0xe5bca2,
    0xe5bca3, 0xe5bca4, 0xe5bd94, 0xe5be82, 0xe5bdbe, 0xe5bdbd, 0xe5bf9e, 0xe5bfa5, 0xe680ad,
    0xe680a6, 0xe68099, 0xe680b2, 0xe6808b, 0xe680b4, 0xe6808a, 0xe68097, 0xe680b3, 0xe6809a,
    0xe6809e, 0xe680ac, 0xe680a2, 0xe6808d, 0xe68090, 0xe680ae, 0xe68093, 0xe68091, 0xe6808c,
    0xe68089, 0xe6809c, 0xe68894, 0xe688bd, 0xe68aad, 0xe68ab4, 0xe68b91, 0xe68abe, 0xe68aaa,
    0xe68ab6, 0xe68b8a, 0xe68aae, 0xe68ab3, 0xe68aaf, 0xe68abb, 0xe68aa9, 0xe68ab0, 0xe68ab8,
    0xe694bd, 0xe696a8, 0xe696bb, 0xe69889, 0xe697bc, 0xe69884, 0xe69892, 0xe69888, 0xe697bb,
    0xe69883, 0xe6988b, 0xe6988d, 0xe69885, 0xe697bd, 0xe69891, 0xe69890, 0xe69bb6, 0xe69c8a,
    0xe69e85, 0xe69dac, 0xe69e8e, 0xe69e92, 0xe69db6, 0xe69dbb, 0xe69e98, 0xe69e86, 0xe69e84,
    0xe69db4, 0xe69e8d, 0xe69e8c, 0xe69dba, 0xe69e9f, 0xe69e91, 0xe69e99, 0xe69e83, 0xe69dbd,
    0xe69e81, 0xe69db8, 0xe69db9, 0xe69e94, 0xe6aca5, 0xe6ae80, 0xe6adbe, 0xe6af9e, 0xe6b09d,
    0xe6b293, 0xe6b3ac, 0xe6b3ab, 0xe6b3ae, 0xe6b399, 0xe6b2b6, 0xe6b394, 0xe6b2ad, 0xe6b3a7,
    0xe6b2b7, 0xe6b390, 0xe6b382, 0xe6b2ba, 0xe6b383, 0xe6b386, 0xe6b3ad, 0xe6b3b2, 0xe6b392,
    0xe6b39d, 0xe6b2b4, 0xe6b28a, 0xe6b29d, 0xe6b280, 0xe6b39e, 0xe6b380, 0xe6b4b0, 0xe6b38d,
    0xe6b387, 0xe6b2b0, 0xe6b3b9, 0xe6b38f, 0xe6b3a9, 0xe6b391, 0xe78294, 0xe78298, 0xe78285,
    0xe78293, 0xe78286, 0xe78284, 0xe78291, 0xe78296, 0xe78282, 0xe7829a, 0xe78283, 0xe789aa,
    0xe78b96, 0xe78b8b, 0xe78b98, 0xe78b89, 0xe78b9c, 0xe78b92, 0xe78b94, 0xe78b9a, 0xe78b8c,
    0xe78b91, 0xe78ea4, 0xe78ea1, 0xe78ead, 0xe78ea6, 0xe78ea2, 0xe78ea0, 0xe78eac, 0xe78e9d,
    0xe7939d, 0xe793a8, 0xe794bf, 0xe79580, 0xe794be, 0xe7968c, 0xe79698, 0xe79aaf, 0xe79bb3,
    0xe79bb1, 0xe79bb0, 0xe79bb5, 0xe79fb8, 0xe79fbc, 0xe79fb9, 0xe79fbb, 0xe79fba, 0xe79fb7,
    0xe7a582, 0xe7a4bf, 0xe7a785, 0xe7a9b8, 0xe7a9bb, 0xe7abbb, 0xe7b1b5, 0xe7b3bd, 0xe880b5,
    0xe8828f, 0xe882ae, 0xe882a3, 0xe882b8, 0xe882b5, 0xe882ad, 0xe888a0, 0xe88aa0, 0xe88b80,
    0xe88aab, 0xe88a9a, 0xe88a98, 0xe88a9b, 0xe88ab5, 0xe88aa7, 0xe88aae, 0xe88abc, 0xe88a9e,
    0xe88aba, 0xe88ab4, 0xe88aa8, 0xe88aa1, 0xe88aa9, 0xe88b82, 0xe88aa4, 0xe88b83, 0xe88ab6,
    0xe88aa2, 0xe899b0, 0xe899af, 0xe899ad, 0xe899ae, 0xe8b196, 0xe8bf92, 0xe8bf8b, 0xe8bf93,
    0xe8bf8d, 0xe8bf96, 0xe8bf95, 0xe8bf97, 0xe982b2, 0xe982b4, 0xe982af, 0xe982b3, 0xe982b0,
    0xe998b9, 0xe998bd, 0xe998bc, 0xe998ba, 0xe99983, 0xe4bf8d, 0xe4bf85, 0xe4bf93, 0xe4beb2,
    0xe4bf89, 0xe4bf8b, 0xe4bf81, 0xe4bf94, 0xe4bf9c, 0xe4bf99, 0xe4bebb, 0xe4beb3, 0xe4bf9b,
    0xe4bf87, 0xe4bf96, 0xe4beba, 0xe4bf80, 0xe4beb9, 0xe4bfac, 0xe58984, 0xe58989, 0xe58b80,
    0xe58b82, 0xe58cbd, 0xe58dbc, 0xe58e97, 0xe58e96, 0xe58e99, 0xe58e98, 0xe592ba, 0xe592a1,
    0xe592ad, 0xe592a5, 0xe5938f, 0xe59383, 0xe88c8d, 0xe592b7, 0xe592ae, 0xe59396, 0xe592b6,
    0xe59385, 0xe59386, 0xe592a0, 0xe591b0, 0xe592bc, 0xe592a2, 0xe592be, 0xe591b2, 0xe5939e,
    0xe592b0, 0xe59eb5, 0xe59e9e, 0xe59e9f, 0xe59ea4, 0xe59e8c, 0xe59e97, 0xe59e9d, 0xe59e9b,
    0xe59e94, 0xe59e98, 0xe59e8f, 0xe59e99, 0xe59ea5, 0xe59e9a, 0xe59e95, 0xe5a3b4, 0xe5a48d,
    0xe5a593, 0xe5a7a1, 0xe5a79e, 0xe5a7ae, 0xe5a880, 0xe5a7b1, 0xe5a79d, 0xe5a7ba, 0xe5a7bd,
    0xe5a7bc, 0xe5a7b6, 0xe5a7a4, 0xe5a7b2, 0xe5a7b7, 0xe5a79b, 0xe5a7a9, 0xe5a7b3, 0xe5a7b5,
    0xe5a7a0, 0xe5a7be, 0xe5a7b4, 0xe5a7ad, 0xe5aea8, 0xe5b18c, 0xe5b390, 0xe5b398, 0xe5b38c,
    0xe5b397, 0xe5b38b, 0xe5b39b, 0xe5b39e, 0xe5b39a, 0xe5b389, 0xe5b387, 0xe5b38a, 0xe5b396,
    0xe5b393, 0xe5b394, 0xe5b38f, 0xe5b388, 0xe5b386, 0xe5b38e, 0xe5b39f, 0xe5b3b8, 0xe5b7b9,
    0xe5b8a1, 0xe5b8a2, 0xe5b8a3, 0xe5b8a0, 0xe5b8a4, 0xe5bab0, 0xe5baa4, 0xe5baa2, 0xe5ba9b,
    0xe5baa3, 0xe5baa5, 0xe5bc87, 0xe5bcae, 0xe5bd96, 0xe5be86, 0xe680b7, 0xe680b9, 0xe68194,
    0xe681b2, 0xe6819e, 0xe68185, 0xe68193, 0xe68187, 0xe68189, 0xe6819b, 0xe6818c, 0xe68180,
    0xe68182, 0xe6819f, 0xe680a4, 0xe68184, 0xe68198, 0xe681a6, 0xe681ae, 0xe68982, 0xe68983,
    0xe68b8f, 0xe68c8d, 0xe68c8b, 0xe68bb5, 0xe68c8e, 0xe68c83, 0xe68bab, 0xe68bb9, 0xe68c8f,
    0xe68c8c, 0xe68bb8, 0xe68bb6, 0xe68c80, 0xe68c93, 0xe68c94, 0xe68bba, 0xe68c95, 0xe68bbb,
    0xe68bb0, 0xe69581, 0xe69583, 0xe696aa, 0xe696bf, 0xe698b6, 0xe698a1, 0xe698b2, 0xe698b5,
    0xe6989c, 0xe698a6, 0xe698a2, 0xe698b3, 0xe698ab, 0xe698ba, 0xe6989d, 0xe698b4, 0xe698b9,
    0xe698ae, 0xe69c8f, 0xe69c90, 0xe69f81, 0xe69fb2, 0xe69f88, 0xe69eba, 0xe69f9c, 0xe69ebb,
    0xe69fb8, 0xe69f98, 0xe69f80, 0xe69eb7, 0xe69f85, 0xe69fab, 0xe69fa4, 0xe69f9f, 0xe69eb5,
    0xe69f8d, 0xe69eb3, 0xe69fb7, 0xe69fb6, 0xe69fae, 0xe69fa3, 0xe69f82, 0xe69eb9, 0xe69f8e,
    0xe69fa7, 0xe69fb0, 0xe69eb2, 0xe69fbc, 0xe69f86, 0xe69fad, 0xe69f8c, 0xe69eae, 0xe69fa6,
    0xe69f9b, 0xe69fba, 0xe69f89, 0xe69f8a, 0xe69f83, 0xe69faa, 0xe69f8b, 0xe6aca8, 0xe6ae82,
    0xe6ae84, 0xe6aeb6, 0xe6af96, 0xe6af98, 0xe6afa0, 0xe6b0a0, 0xe6b0a1, 0xe6b4a8, 0xe6b4b4,
    0xe6b4ad, 0xe6b49f, 0xe6b4bc, 0xe6b4bf, 0xe6b492, 0xe6b48a, 0xe6b39a, 0xe6b4b3, 0xe6b484,
    0xe6b499, 0xe6b4ba, 0xe6b49a, 0xe6b491, 0xe6b480, 0xe6b49d, 0xe6b582, 0xe6b481, 0xe6b498,
    0xe6b4b7, 0xe6b483, 0xe6b48f, 0xe6b580, 0xe6b487, 0xe6b4a0, 0xe6b4ac, 0xe6b488, 0xe6b4a2,
    0xe6b489, 0xe6b490, 0xe782b7, 0xe7829f, 0xe782be, 0xe782b1, 0xe782b0, 0xe782a1, 0xe782b4,
    0xe782b5, 0xe782a9, 0xe78981, 0xe78989, 0xe7898a, 0xe789ac, 0xe789b0, 0xe789b3, 0xe789ae,
    0xe78b8a, 0xe78ba4, 0xe78ba8, 0xe78bab, 0xe78b9f, 0xe78baa, 0xe78ba6, 0xe78ba3, 0xe78e85,
    0xe78f8c, 0xe78f82, 0xe78f88, 0xe78f85, 0xe78eb9, 0xe78eb6, 0xe78eb5, 0xe78eb4, 0xe78fab,
    0xe78ebf, 0xe78f87, 0xe78ebe, 0xe78f83, 0xe78f86, 0xe78eb8, 0xe78f8b, 0xe793ac, 0xe793ae,
    0xe794ae, 0xe79587, 0xe79588, 0xe796a7, 0xe796aa, 0xe799b9, 0xe79b84, 0xe79c88, 0xe79c83,
    0xe79c84, 0xe79c85, 0xe79c8a, 0xe79bb7, 0xe79bbb, 0xe79bba, 0xe79fa7, 0xe79fa8, 0xe7a086,
    0xe7a091, 0xe7a092, 0xe7a085, 0xe7a090, 0xe7a08f, 0xe7a08e, 0xe7a089, 0xe7a083, 0xe7a093,
    0xe7a58a, 0xe7a58c, 0xe7a58b, 0xe7a585, 0xe7a584, 0xe7a795, 0xe7a78d, 0xe7a78f, 0xe7a796,
    0xe7a78e, 0xe7aa80, 0xe7a9be, 0xe7ab91, 0xe7ac80, 0xe7ac81, 0xe7b1ba, 0xe7b1b8, 0xe7b1b9,
    0xe7b1bf, 0xe7b280, 0xe7b281, 0xe7b483, 0xe7b488, 0xe7b481, 0xe7bd98, 0xe7be91, 0xe7be8d,
    0xe7bebe, 0xe88087, 0xe8808e, 0xe8808f, 0xe88094, 0xe880b7, 0xe88398, 0xe88387, 0xe883a0,
    0xe88391, 0xe88388, 0xe88382, 0xe88390, 0xe88385, 0xe883a3, 0xe88399, 0xe8839c, 0xe8838a,
    0xe88395, 0xe88389, 0xe8838f, 0xe88397, 0xe883a6, 0xe8838d, 0xe887bf, 0xe888a1, 0xe88a94,
    0xe88b99, 0xe88bbe, 0xe88bb9, 0xe88c87, 0xe88ba8, 0xe88c80, 0xe88b95, 0xe88cba, 0xe88bab,
    0xe88b96, 0xe88bb4, 0xe88bac, 0xe88ba1, 0xe88bb2, 0xe88bb5, 0xe88c8c, 0xe88bbb, 0xe88bb6,
    0xe88bb0, 0xe88baa, 0xe88ba4, 0xe88ba0, 0xe88bba, 0xe88bb3, 0xe88bad, 0xe899b7, 0xe899b4,
    0xe899bc, 0xe899b3, 0xe8a181, 0xe8a18e, 0xe8a1a7, 0xe8a1aa, 0xe8a1a9, 0xe8a793, 0xe8a884,
    0xe8a887, 0xe8b5b2, 0xe8bfa3, 0xe8bfa1, 0xe8bfae, 0xe8bfa0, 0xe983b1, 0xe982bd, 0xe982bf,
    0xe98395, 0xe98385, 0xe982be, 0xe98387, 0xe9838b, 0xe98388, 0xe98794, 0xe98793, 0xe99994,
    0xe9998f, 0xe99991, 0xe99993, 0xe9998a, 0xe9998e, 0xe5809e, 0xe58085, 0xe58087, 0xe58093,
    0xe580a2, 0xe580b0, 0xe5809b, 0xe4bfb5, 0xe4bfb4, 0xe580b3, 0xe580b7, 0xe580ac, 0xe4bfb6,
    0xe4bfb7, 0xe58097, 0xe5809c, 0xe580a0, 0xe580a7, 0xe580b5, 0xe580af, 0xe580b1, 0xe5808e,
    0xe5859a, 0xe58694, 0xe58693, 0xe5878a, 0xe58784, 0xe58785, 0xe58788, 0xe5878e, 0xe589a1,
    0xe5899a, 0xe58992, 0xe5899e, 0xe5899f, 0xe58995, 0xe589a2, 0xe58b8d, 0xe58c8e, 0xe58e9e,
    0xe594a6, 0xe593a2, 0xe59497, 0xe59492, 0xe593a7, 0xe593b3, 0xe593a4, 0xe5949a, 0xe593bf,
    0xe59484, 0xe59488, 0xe593ab, 0xe59491, 0xe59485, 0xe593b1, 0xe5948a, 0xe593bb, 0xe593b7,
    0xe593b8, 0xe593a0, 0xe5948e, 0xe59483, 0xe5948b, 0xe59c81, 0xe59c82, 0xe59f8c, 0xe5a0b2,
    0xe59f95, 0xe59f92, 0xe59eba, 0xe59f86, 0xe59ebd, 0xe59ebc, 0xe59eb8, 0xe59eb6, 0xe59ebf,
    0xe59f87, 0xe59f90, 0xe59eb9, 0xe59f81, 0xe5a48e, 0xe5a58a, 0xe5a899, 0xe5a896, 0xe5a8ad,
    0xe5a8ae, 0xe5a895, 0xe5a88f, 0xe5a897, 0xe5a88a, 0xe5a89e, 0xe5a8b3, 0xe5adac, 0xe5aea7,
    0xe5aead, 0xe5aeac, 0xe5b083, 0xe5b196, 0xe5b194, 0xe5b3ac, 0xe5b3bf, 0xe5b3ae, 0xe5b3b1,
    0xe5b3b7, 0xe5b480, 0xe5b3b9, 0xe5b8a9, 0xe5b8a8, 0xe5baa8, 0xe5baae, 0xe5baaa, 0xe5baac,
    0xe5bcb3, 0xe5bcb0, 0xe5bda7, 0xe6819d, 0xe6819a, 0xe681a7, 0xe68181, 0xe682a2, 0xe68288,
    0xe68280, 0xe68292, 0xe68281, 0xe6829d, 0xe68283, 0xe68295, 0xe6829b, 0xe68297, 0xe68287,
    0xe6829c, 0xe6828e, 0xe68899, 0xe68986, 0xe68bb2, 0xe68c90, 0xe68d96, 0xe68cac, 0xe68d84,
    0xe68d85, 0xe68cb6, 0xe68d83, 0xe68fa4, 0xe68cb9, 0xe68d8b, 0xe68d8a, 0xe68cbc, 0xe68ca9,
    0xe68d81, 0xe68cb4, 0xe68d98, 0xe68d94, 0xe68d99, 0xe68cad, 0xe68d87, 0xe68cb3, 0xe68d9a,
    0xe68d91, 0xe68cb8, 0xe68d97, 0xe68d80, 0xe68d88, 0xe6958a, 0xe69586, 0xe69786, 0xe69783,
    0xe69784, 0xe69782, 0xe6998a, 0xe6999f, 0xe69987, 0xe69991, 0xe69c92, 0xe69c93, 0xe6a09f,
    0xe6a09a, 0xe6a189, 0xe6a0b2, 0xe6a0b3, 0xe6a0bb, 0xe6a18b, 0xe6a18f, 0xe6a096, 0xe6a0b1,
    0xe6a09c, 0xe6a0b5, 0xe6a0ab, 0xe6a0ad, 0xe6a0af, 0xe6a18e, 0xe6a184, 0xe6a0b4, 0xe6a09d,
    0xe6a092, 0xe6a094, 0xe6a0a6, 0xe6a0a8, 0xe6a0ae, 0xe6a18d, 0xe6a0ba, 0xe6a0a5, 0xe6a0a0,
    0xe6acac, 0xe6acaf, 0xe6acad, 0xe6acb1, 0xe6acb4, 0xe6adad, 0xe88282, 0xe6ae88, 0xe6afa6,
    0xe6afa4, 0xe6afa8, 0xe6afa3, 0xe6afa2, 0xe6afa7, 0xe6b0a5, 0xe6b5ba, 0xe6b5a3, 0xe6b5a4,
    0xe6b5b6, 0xe6b48d, 0xe6b5a1, 0xe6b692, 0xe6b598, 0xe6b5a2, 0xe6b5ad, 0xe6b5af, 0xe6b691,
    0xe6b68d, 0xe6b7af, 0xe6b5bf, 0xe6b686, 0xe6b59e, 0xe6b5a7, 0xe6b5a0, 0xe6b697, 0xe6b5b0,
    0xe6b5bc, 0xe6b59f, 0xe6b682, 0xe6b698, 0xe6b4af, 0xe6b5a8, 0xe6b68b, 0xe6b5be, 0xe6b680,
    0xe6b684, 0xe6b496, 0xe6b683, 0xe6b5bb, 0xe6b5bd, 0xe6b5b5, 0xe6b690, 0xe7839c, 0xe78393,
    0xe78391, 0xe7839d, 0xe7838b, 0xe7bcb9, 0xe783a2, 0xe78397, 0xe78392, 0xe7839e, 0xe783a0,
    0xe78394, 0xe7838d, 0xe78385, 0xe78386, 0xe78387, 0xe7839a, 0xe7838e, 0xe783a1, 0xe78982,
    0xe789b8, 0xe789b7, 0xe789b6, 0xe78c80, 0xe78bba, 0xe78bb4, 0xe78bbe, 0xe78bb6, 0xe78bb3,
    0xe78bbb, 0xe78c81, 0xe78f93, 0xe78f99, 0xe78fa5, 0xe78f96, 0xe78ebc, 0xe78fa7, 0xe78fa3,
    0xe78fa9, 0xe78f9c, 0xe78f92, 0xe78f9b, 0xe78f94, 0xe78f9d, 0xe78f9a, 0xe78f97, 0xe78f98,
    0xe78fa8, 0xe7939e, 0xe7939f, 0xe793b4, 0xe793b5, 0xe794a1, 0xe7959b, 0xe7959f, 0xe796b0,
    0xe79781, 0xe796bb, 0xe79784, 0xe79780, 0xe796bf, 0xe796b6, 0xe796ba, 0xe79a8a, 0xe79b89,
    0xe79c9d, 0xe79c9b, 0xe79c90, 0xe79c93, 0xe79c92, 0xe79ca3, 0xe79c91, 0xe79c95, 0xe79c99,
    0xe79c9a, 0xe79ca2, 0xe79ca7, 0xe7a0a3, 0xe7a0ac, 0xe7a0a2, 0xe7a0b5, 0xe7a0af, 0xe7a0a8,
    0xe7a0ae, 0xe7a0ab, 0xe7a0a1, 0xe7a0a9, 0xe7a0b3, 0xe7a0aa, 0xe7a0b1, 0xe7a594, 0xe7a59b,
    0xe7a58f, 0xe7a59c, 0xe7a593, 0xe7a592, 0xe7a591, 0xe7a7ab, 0xe7a7ac, 0xe7a7a0, 0xe7a7ae,
    0xe7a7ad, 0xe7a7aa, 0xe7a79c, 0xe7a79e, 0xe7a79d, 0xe7aa86, 0xe7aa89, 0xe7aa85, 0xe7aa8b,
    0xe7aa8c, 0xe7aa8a, 0xe7aa87, 0xe7ab98, 0xe7ac90, 0xe7ac84, 0xe7ac93, 0xe7ac85, 0xe7ac8f,
    0xe7ac88, 0xe7ac8a, 0xe7ac8e, 0xe7ac89, 0xe7ac92, 0xe7b284, 0xe7b291, 0xe7b28a, 0xe7b28c,
    0xe7b288, 0xe7b28d, 0xe7b285, 0xe7b49e, 0xe7b49d, 0xe7b491, 0xe7b48e, 0xe7b498, 0xe7b496,
    0xe7b493, 0xe7b49f, 0xe7b492, 0xe7b48f, 0xe7b48c, 0xe7bd9c, 0xe7bda1, 0xe7bd9e, 0xe7bda0,
    0xe7bd9d, 0xe7bd9b, 0xe7be96, 0xe7be92, 0xe7bf83, 0xe7bf82, 0xe7bf80, 0xe88096, 0xe880be,
    0xe880b9, 0xe883ba, 0xe883b2, 0xe883b9, 0xe883b5, 0xe88481, 0xe883bb, 0xe88480, 0xe88881,
    0xe888af, 0xe888a5, 0xe88cb3, 0xe88cad, 0xe88d84, 0xe88c99, 0xe88d91, 0xe88ca5, 0xe88d96,
    0xe88cbf, 0xe88d81, 0xe88ca6, 0xe88c9c, 0xe88ca2, 0xe88d82, 0xe88d8e, 0xe88c9b, 0xe88caa,
    0xe88c88, 0xe88cbc, 0xe88d8d, 0xe88c96, 0xe88ca4, 0xe88ca0, 0xe88cb7, 0xe88caf, 0xe88ca9,
    0xe88d87, 0xe88d85, 0xe88d8c, 0xe88d93, 0xe88c9e, 0xe88cac, 0xe88d8b, 0xe88ca7, 0xe88d88,
    0xe89993, 0xe89992, 0xe89aa2, 0xe89aa8, 0xe89a96, 0xe89a8d, 0xe89a91, 0xe89a9e, 0xe89a87,
    0xe89a97, 0xe89a86, 0xe89a8b, 0xe89a9a, 0xe89a85, 0xe89aa5, 0xe89a99, 0xe89aa1, 0xe89aa7,
    0xe89a95, 0xe89a98, 0xe89a8e, 0xe89a9d, 0xe89a90, 0xe89a94, 0xe8a183, 0xe8a184, 0xe8a1ad,
    0xe8a1b5, 0xe8a1b6, 0xe8a1b2, 0xe8a280, 0xe8a1b1, 0xe8a1bf, 0xe8a1af, 0xe8a283, 0xe8a1be,
    0xe8a1b4, 0xe8a1bc, 0xe8a892, 0xe8b187, 0xe8b197, 0xe8b1bb, 0xe8b2a4, 0xe8b2a3, 0xe8b5b6,
    0xe8b5b8, 0xe8b6b5, 0xe8b6b7, 0xe8b6b6, 0xe8bb91, 0xe8bb93, 0xe8bfbe, 0xe8bfb5, 0xe98082,
    0xe8bfbf, 0xe8bfbb, 0xe98084, 0xe8bfbc, 0xe8bfb6, 0xe98396, 0xe983a0, 0xe98399, 0xe9839a,
    0xe983a3, 0xe9839f, 0xe983a5, 0xe98398, 0xe9839b, 0xe98397, 0xe9839c, 0xe983a4, 0xe98590,
    0xe9858e, 0xe9858f, 0xe98795, 0xe987a2, 0xe9879a, 0xe9999c, 0xe9999f, 0xe99abc, 0xe9a3a3,
    0xe9ab9f, 0xe9acaf, 0xe4b9bf, 0xe581b0, 0xe581aa, 0xe581a1, 0xe5819e, 0xe581a0, 0xe58193,
    0xe5818b, 0xe5819d, 0xe581b2, 0xe58188, 0xe5818d, 0xe58181, 0xe5819b, 0xe5818a, 0xe581a2,
    0xe58095, 0xe58185, 0xe5819f, 0xe581a9, 0xe581ab, 0xe581a3, 0xe581a4, 0xe58186, 0xe58180,
    0xe581ae, 0xe581b3, 0xe58197, 0xe58191, 0xe58790, 0xe589ab, 0xe589ad, 0xe589ac, 0xe589ae,
    0xe58b96, 0xe58b93, 0xe58cad, 0xe58e9c, 0xe595b5, 0xe595b6, 0xe594bc, 0xe5958d, 0xe59590,
    0xe594b4, 0xe594aa, 0xe59591, 0xe595a2, 0xe594b6, 0xe594b5, 0xe594b0, 0xe59592, 0xe59585,
    0xe5948c, 0xe594b2, 0xe595a5, 0xe5958e, 0xe594b9, 0xe59588, 0xe594ad, 0xe594bb, 0xe59580,
    0xe5958b, 0xe59c8a, 0xe59c87, 0xe59fbb, 0xe5a094, 0xe59fa2, 0xe59fb6, 0xe59f9c, 0xe59fb4,
    0xe5a080, 0xe59fad, 0xe59fbd, 0xe5a088, 0xe59fb8, 0xe5a08b, 0xe59fb3, 0xe59f8f, 0xe5a087,
    0xe59fae, 0xe59fa3, 0xe59fb2, 0xe59fa5, 0xe59fac, 0xe59fa1, 0xe5a08e, 0xe59fbc, 0xe5a090,
    0xe59fa7, 0xe5a081, 0xe5a08c, 0xe59fb1, 0xe59fa9, 0xe59fb0, 0xe5a08d, 0xe5a084, 0xe5a59c,
    0xe5a9a0, 0xe5a998, 0xe5a995, 0xe5a9a7, 0xe5a99e, 0xe5a8b8, 0xe5a8b5, 0xe5a9ad, 0xe5a990,
    0xe5a99f, 0xe5a9a5, 0xe5a9ac, 0xe5a993, 0xe5a9a4, 0xe5a997, 0xe5a983, 0xe5a99d, 0xe5a992,
    0xe5a984, 0xe5a99b, 0xe5a988, 0xe5aa8e, 0xe5a8be, 0xe5a98d, 0xe5a8b9, 0xe5a98c, 0xe5a9b0,
    0xe5a9a9, 0xe5a987, 0xe5a991, 0xe5a996, 0xe5a982, 0xe5a99c, 0xe5adb2, 0xe5adae, 0xe5af81,
    0xe5af80, 0xe5b199, 0xe5b49e, 0xe5b48b, 0xe5b49d, 0xe5b49a, 0xe5b4a0, 0xe5b48c, 0xe5b4a8,
    0xe5b48d, 0xe5b4a6, 0xe5b4a5, 0xe5b48f, 0xe5b4b0, 0xe5b492, 0xe5b4a3, 0xe5b49f, 0xe5b4ae,
    0xe5b8be, 0xe5b8b4, 0xe5bab1, 0xe5bab4, 0xe5bab9, 0xe5bab2, 0xe5bab3, 0xe5bcb6, 0xe5bcb8,
    0xe5be9b, 0xe5be96, 0xe5be9f, 0xe6828a, 0xe68290, 0xe68286, 0xe682be, 0xe682b0, 0xe682ba,
    0xe68393, 0xe68394, 0xe6838f, 0xe683a4, 0xe68399, 0xe6839d, 0xe68388, 0xe682b1, 0xe6839b,
    0xe682b7, 0xe6838a, 0xe682bf, 0xe68383, 0xe6838d, 0xe68380, 0xe68cb2, 0xe68da5, 0xe68e8a,
    0xe68e82, 0xe68dbd, 0xe68ebd, 0xe68e9e, 0xe68ead, 0xe68e9d, 0xe68e97, 0xe68eab, 0xe68e8e,
    0xe68daf, 0xe68e87, 0xe68e90, 0xe68dae, 0xe68eaf, 0xe68db5, 0xe68e9c, 0xe68dad, 0xe68eae,
    0xe68dbc, 0xe68ea4, 0xe68cbb, 0xe68e9f, 0xe68db8, 0xe68e85, 0xe68e81, 0xe68e91, 0xe68e8d,
    0xe68db0, 0xe69593, 0xe6978d, 0xe699a5, 0xe699a1, 0xe6999b, 0xe69999, 0xe6999c, 0xe699a2,
    0xe69c98, 0xe6a1b9, 0xe6a287, 0xe6a290, 0xe6a29c, 0xe6a1ad, 0xe6a1ae, 0xe6a2ae, 0xe6a2ab,
    0xe6a596, 0xe6a1af, 0xe6a2a3, 0xe6a2ac, 0xe6a2a9, 0xe6a1b5, 0xe6a1b4, 0xe6a2b2, 0xe6a28f,
    0xe6a1b7, 0xe6a292, 0xe6a1bc, 0xe6a1ab, 0xe6a1b2, 0xe6a2aa, 0xe6a280, 0xe6a1b1, 0xe6a1be,
    0xe6a29b, 0xe6a296, 0xe6a28b, 0xe6a2a0, 0xe6a289, 0xe6a2a4, 0xe6a1b8, 0xe6a1bb, 0xe6a291,
    0xe6a28c, 0xe6a28a, 0xe6a1bd, 0xe6acb6, 0xe6acb3, 0xe6acb7, 0xe6acb8, 0xe6ae91, 0xe6ae8f,
    0xe6ae8d, 0xe6ae8e, 0xe6ae8c, 0xe6b0aa, 0xe6b780, 0xe6b6ab, 0xe6b6b4, 0xe6b6b3, 0xe6b9b4,
    0xe6b6ac, 0xe6b7a9, 0xe6b7a2, 0xe6b6b7, 0xe6b7b6, 0xe6b794, 0xe6b880, 0xe6b788, 0xe6b7a0,
    0xe6b79f, 0xe6b796, 0xe6b6be, 0xe6b7a5, 0xe6b79c, 0xe6b79d, 0xe6b79b, 0xe6b7b4, 0xe6b78a,
    0xe6b6bd, 0xe6b7ad, 0xe6b7b0, 0xe6b6ba, 0xe6b795, 0xe6b782, 0xe6b78f, 0xe6b789, 0xe6b790,
    0xe6b7b2, 0xe6b793, 0xe6b7bd, 0xe6b797, 0xe6b78d, 0xe6b7a3, 0xe6b6bb, 0xe783ba, 0xe7848d,
    0xe783b7, 0xe78497, 0xe783b4, 0xe7848c, 0xe783b0, 0xe78484, 0xe783b3, 0xe78490, 0xe783bc,
    0xe783bf, 0xe78486, 0xe78493, 0xe78480, 0xe783b8, 0xe783b6, 0xe7848b, 0xe78482, 0xe7848e,
    0xe789be, 0xe789bb, 0xe789bc, 0xe789bf, 0xe78c9d, 0xe78c97, 0xe78c87, 0xe78c91, 0xe78c98,
    0xe78c8a, 0xe78c88, 0xe78bbf, 0xe78c8f, 0xe78c9e, 0xe78e88, 0xe78fb6, 0xe78fb8, 0xe78fb5,
    0xe79084, 0xe79081, 0xe78fbd, 0xe79087, 0xe79080, 0xe78fba, 0xe78fbc, 0xe78fbf, 0xe7908c,
    0xe7908b, 0xe78fb4, 0xe79088, 0xe795a4, 0xe795a3, 0xe7978e, 0xe79792, 0xe7978f, 0xe7978b,
    0xe7978c, 0xe79791, 0xe79790, 0xe79a8f, 0xe79a89, 0xe79b93, 0xe79cb9, 0xe79caf, 0xe79cad,
    0xe79cb1, 0xe79cb2, 0xe79cb4, 0xe79cb3, 0xe79cbd, 0xe79ca5, 0xe79cbb, 0xe79cb5, 0xe7a188,
    0xe7a192, 0xe7a189, 0xe7a18d, 0xe7a18a, 0xe7a18c, 0xe7a0a6, 0xe7a185, 0xe7a190, 0xe7a5a4,
    0xe7a5a7, 0xe7a5a9, 0xe7a5aa, 0xe7a5a3, 0xe7a5ab, 0xe7a5a1, 0xe7a6bb, 0xe7a7ba, 0xe7a7b8,
    0xe7a7b6, 0xe7a7b7, 0xe7aa8f, 0xe7aa94, 0xe7aa90, 0xe7acb5, 0xe7acbb, 0xe7acb4, 0xe7aca5,
    0xe7acb0, 0xe7aca2, 0xe7aca4, 0xe7acb3, 0xe7ac98, 0xe7acaa, 0xe7ac9d, 0xe7acb1, 0xe7acab,
    0xe7acad, 0xe7acaf, 0xe7acb2, 0xe7acb8, 0xe7ac9a, 0xe7aca3, 0xe7b294, 0xe7b298, 0xe7b296,
    0xe7b2a3, 0xe7b4b5, 0xe7b4bd, 0xe7b4b8, 0xe7b4b6, 0xe7b4ba, 0xe7b585, 0xe7b4ac, 0xe7b4a9,
    0xe7b581, 0xe7b587, 0xe7b4be, 0xe7b4bf, 0xe7b58a, 0xe7b4bb, 0xe7b4a8, 0xe7bda3, 0xe7be95,
    0xe7be9c, 0xe7be9d, 0xe7be9b, 0xe7bf8a, 0xe7bf8b, 0xe7bf8d, 0xe7bf90, 0xe7bf91, 0xe7bf87,
    0xe7bf8f, 0xe7bf89, 0xe8809f, 0xe8809e, 0xe8809b, 0xe88187, 0xe88183, 0xe88188, 0xe88498,
    0xe884a5, 0xe88499, 0xe8849b, 0xe884ad, 0xe8849f, 0xe884ac, 0xe8849e, 0xe884a1, 0xe88495,
    0xe884a7, 0xe8849d, 0xe884a2, 0xe88891, 0xe888b8, 0xe888b3, 0xe888ba, 0xe888b4, 0xe888b2,
    0xe889b4, 0xe88e90, 0xe88ea3, 0xe88ea8, 0xe88e8d, 0xe88dba, 0xe88db3, 0xe88ea4, 0xe88db4,
    0xe88e8f, 0xe88e81, 0xe88e95, 0xe88e99, 0xe88db5, 0xe88e94, 0xe88ea9, 0xe88dbd, 0xe88e83,
    0xe88e8c, 0xe88e9d, 0xe88e9b, 0xe88eaa, 0xe88e8b, 0xe88dbe, 0xe88ea5, 0xe88eaf, 0xe88e88,
    0xe88e97, 0xe88eb0, 0xe88dbf, 0xe88ea6, 0xe88e87, 0xe88eae, 0xe88db6, 0xe89999, 0xe89996,
    0xe89abf, 0xe89ab7, 0xe89b82, 0xe89b81, 0xe89b85, 0xe89aba, 0xe89ab0, 0xe89b88, 0xe89ab9,
    0xe89ab3, 0xe89ab8, 0xe89b8c, 0xe89ab4, 0xe89abb, 0xe89abc, 0xe89b83, 0xe89abd, 0xe89abe,
    0xe8a192, 0xe8a289, 0xe8a295, 0xe8a2a8, 0xe8a2a2, 0xe8a2aa, 0xe8a29a, 0xe8a291, 0xe8a2a1,
    0xe8a29f, 0xe8a298, 0xe8a2a7, 0xe8a299, 0xe8a29b, 0xe8a297, 0xe8a2a4, 0xe8a2ac, 0xe8a28c,
    0xe8a293, 0xe8a28e, 0xe8a682, 0xe8a796, 0xe8a799, 0xe8a795, 0xe8a8b0, 0xe8a8a7, 0xe8a8ac,
    0xe8a89e, 0xe8b0b9, 0xe8b0bb, 0xe8b19c, 0xe8b19d, 0xe8b1bd, 0xe8b2a5, 0xe8b5bd, 0xe8b5bb,
    0xe8b5b9, 0xe8b6bc, 0xe8b782, 0xe8b6b9, 0xe8b6bf, 0xe8b781, 0xe8bb98, 0xe8bb9e, 0xe8bb9d,
    0xe8bb9c, 0xe8bb97, 0xe8bba0, 0xe8bba1, 0xe980a4, 0xe9808b, 0xe98091, 0xe9809c, 0xe9808c,
    0xe980a1, 0xe983af, 0xe983aa, 0xe983b0, 0xe983b4, 0xe983b2, 0xe983b3, 0xe98394, 0xe983ab,
    0xe983ac, 0xe983a9, 0xe98596, 0xe98598, 0xe9859a, 0xe98593, 0xe98595, 0xe987ac, 0xe987b4,
    0xe987b1, 0xe987b3, 0xe987b8, 0xe987a4, 0xe987b9, 0xe987aa, 0xe987ab, 0xe987b7, 0xe987a8,
    0xe987ae, 0xe995ba, 0xe99686, 0xe99688, 0xe999bc, 0xe999ad, 0xe999ab, 0xe999b1, 0xe999af,
    0xe99abf, 0xe99daa, 0xe9a084, 0xe9a3a5, 0xe9a697, 0xe5829b, 0xe58295, 0xe58294, 0xe5829e,
    0xe5828b, 0xe582a3, 0xe58283, 0xe5828c, 0xe5828e, 0xe5829d, 0xe581a8, 0xe5829c, 0xe58292,
    0xe58282, 0xe58287, 0xe5859f, 0xe58794, 0xe58c92, 0xe58c91, 0xe58ea4, 0xe58ea7, 0xe59691,
    0xe596a8, 0xe596a5, 0xe596ad, 0xe595b7, 0xe59985, 0xe596a2, 0xe59693, 0xe59688, 0xe5968f,
    0xe596b5, 0xe59681, 0xe596a3, 0xe59692, 0xe596a4, 0xe595bd, 0xe5968c, 0xe596a6, 0xe595bf,
    0xe59695, 0xe596a1, 0xe5968e, 0xe59c8c, 0xe5a0a9, 0xe5a0b7, 0xe5a099, 0xe5a09e, 0xe5a0a7,
    0xe5a0a3, 0xe5a0a8, 0xe59fb5, 0xe5a188, 0xe5a0a5, 0xe5a09c, 0xe5a09b, 0xe5a0b3, 0xe5a0bf,
    0xe5a0b6, 0xe5a0ae, 0xe5a0b9, 0xe5a0b8, 0xe5a0ad, 0xe5a0ac, 0xe5a0bb, 0xe5a5a1, 0xe5aaaf,
    0xe5aa94, 0xe5aa9f, 0xe5a9ba, 0xe5aaa2, 0xe5aa9e, 0xe5a9b8, 0xe5aaa6, 0xe5a9bc, 0xe5aaa5,
    0xe5aaac, 0xe5aa95, 0xe5aaae, 0xe5a8b7, 0xe5aa84, 0xe5aa8a, 0xe5aa97, 0xe5aa83, 0xe5aa8b,
    0xe5aaa9, 0xe5a9bb, 0xe5a9bd, 0xe5aa8c, 0xe5aa9c, 0xe5aa8f, 0xe5aa93, 0xe5aa9d, 0xe5afaa,
    0xe5af8d, 0xe5af8b, 0xe5af94, 0xe5af91, 0xe5af8a, 0xe5af8e, 0xe5b08c, 0xe5b0b0, 0xe5b4b7,
    0xe5b583, 0xe5b5ab, 0xe5b581, 0xe5b58b, 0xe5b4bf, 0xe5b4b5, 0xe5b591, 0xe5b58e, 0xe5b595,
    0xe5b4b3, 0xe5b4ba, 0xe5b592, 0xe5b4bd, 0xe5b4b1, 0xe5b599, 0xe5b582, 0xe5b4b9, 0xe5b589,
    0xe5b4b8, 0xe5b4bc, 0xe5b4b2, 0xe5b4b6, 0xe5b580, 0xe5b585, 0xe5b984, 0xe5b981, 0xe5bd98,
    0xe5bea6, 0xe5bea5, 0xe5beab, 0xe68389, 0xe682b9, 0xe6838c, 0xe683a2, 0xe6838e, 0xe68384,
    0xe68494, 0xe683b2, 0xe6848a, 0xe68496, 0xe68485, 0xe683b5, 0xe68493, 0xe683b8, 0xe683bc,
    0xe683be, 0xe68381, 0xe68483, 0xe68498, 0xe6849d, 0xe68490, 0xe683bf, 0xe68484, 0xe6848b,
    0xe6898a, 0xe68e94, 0xe68eb1, 0xe68eb0, 0xe68f8e, 0xe68fa5, 0xe68fa8, 0xe68faf, 0xe68f83,
    0xe6929d, 0xe68fb3, 0xe68f8a, 0xe68fa0, 0xe68fb6, 0xe68f95, 0xe68fb2, 0xe68fb5, 0xe691a1,
    0xe68f9f, 0xe68ebe, 0xe68f9d, 0xe68f9c, 0xe68f84, 0xe68f98, 0xe68f93, 0xe68f82, 0xe68f87,
    0xe68f8c, 0xe68f8b, 0xe68f88, 0xe68fb0, 0xe68f97, 0xe68f99, 0xe694b2, 0xe695a7, 0xe695aa,
    0xe695a4, 0xe6959c, 0xe695a8, 0xe695a5, 0xe6968c, 0xe6969d, 0xe6969e, 0xe696ae, 0xe69790,
    0xe69792, 0xe699bc, 0xe699ac, 0xe699bb, 0xe69a80, 0xe699b1, 0xe699b9, 0xe699aa, 0xe699b2,
    0xe69c81, 0xe6a48c, 0xe6a393, 0xe6a484, 0xe6a39c, 0xe6a4aa, 0xe6a3ac, 0xe6a3aa, 0xe6a3b1,
    0xe6a48f, 0xe6a396, 0xe6a3b7, 0xe6a3ab, 0xe6a3a4, 0xe6a3b6, 0xe6a493, 0xe6a490, 0xe6a3b3,
    0xe6a3a1, 0xe6a487, 0xe6a38c, 0xe6a488, 0xe6a5b0, 0xe6a2b4, 0xe6a491, 0xe6a3af, 0xe6a386,
    0xe6a494, 0xe6a3b8, 0xe6a390, 0xe6a3bd, 0xe6a3bc, 0xe6a3a8, 0xe6a48b, 0xe6a48a, 0xe6a497,
    0xe6a38e, 0xe6a388, 0xe6a39d, 0xe6a39e, 0xe6a3a6, 0xe6a3b4, 0xe6a391, 0xe6a486, 0xe6a394,
    0xe6a3a9, 0xe6a495, 0xe6a4a5, 0xe6a387, 0xe6acb9, 0xe6acbb, 0xe6acbf, 0xe6acbc, 0xe6ae94,
    0xe6ae97, 0xe6ae99, 0xe6ae95, 0xe6aebd, 0xe6afb0, 0xe6afb2, 0xe6afb3, 0xe6b0b0, 0xe6b7bc,
    0xe6b986, 0xe6b987, 0xe6b89f, 0xe6b989, 0xe6ba88, 0xe6b8bc, 0xe6b8bd, 0xe6b985, 0xe6b9a2,
    0xe6b8ab, 0xe6b8bf, 0xe6b981, 0xe6b99d, 0xe6b9b3, 0xe6b89c, 0xe6b8b3, 0xe6b98b, 0xe6b980,
    0xe6b991, 0xe6b8bb, 0xe6b883, 0xe6b8ae, 0xe6b99e, 0xe6b9a8, 0xe6b99c, 0xe6b9a1, 0xe6b8b1,
    0xe6b8a8, 0xe6b9a0, 0xe6b9b1, 0xe6b9ab, 0xe6b8b9, 0xe6b8a2, 0xe6b8b0, 0xe6b993, 0xe6b9a5,
    0xe6b8a7, 0xe6b9b8, 0xe6b9a4, 0xe6b9b7, 0xe6b995, 0xe6b9b9, 0xe6b992, 0xe6b9a6, 0xe6b8b5,
    0xe6b8b6, 0xe6b99a, 0xe784a0, 0xe7849e, 0xe784af, 0xe783bb, 0xe784ae, 0xe784b1, 0xe784a3,
    0xe784a5, 0xe784a2, 0xe784b2, 0xe7849f, 0xe784a8, 0xe784ba, 0xe7849b, 0xe7898b, 0xe7899a,
    0xe78a88, 0xe78a89, 0xe78a86, 0xe78a85, 0xe78a8b, 0xe78c92, 0xe78c8b, 0xe78cb0, 0xe78ca2,
    0xe78cb1, 0xe78cb3, 0xe78ca7, 0xe78cb2, 0xe78cad, 0xe78ca6, 0xe78ca3, 0xe78cb5, 0xe78c8c,
    0xe790ae, 0xe790ac, 0xe790b0, 0xe790ab, 0xe79096, 0xe7909a, 0xe790a1, 0xe790ad, 0xe790b1,
    0xe790a4, 0xe790a3, 0xe7909d, 0xe790a9, 0xe790a0, 0xe790b2, 0xe793bb, 0xe794af, 0xe795af,
    0xe795ac, 0xe797a7, 0xe7979a, 0xe797a1, 0xe797a6, 0xe7979d, 0xe7979f, 0xe797a4, 0xe79797,
    0xe79a95, 0xe79a92, 0xe79b9a, 0xe79d86, 0xe79d87, 0xe79d84, 0xe79d8d, 0xe79d85, 0xe79d8a,
    0xe79d8e, 0xe79d8b, 0xe79d8c, 0xe79f9e, 0xe79fac, 0xe7a1a0, 0xe7a1a4, 0xe7a1a5, 0xe7a19c,
    0xe7a1ad, 0xe7a1b1, 0xe7a1aa, 0xe7a1ae, 0xe7a1b0, 0xe7a1a9, 0xe7a1a8, 0xe7a19e, 0xe7a1a2,
    0xe7a5b4, 0xe7a5b3, 0xe7a5b2, 0xe7a5b0, 0xe7a882, 0xe7a88a, 0xe7a883, 0xe7a88c, 0xe7a884,
    0xe7aa99, 0xe7aba6, 0xe7aba4, 0xe7ad8a, 0xe7ad87, 0xe7ad84, 0xe7ad88, 0xe7ad8c, 0xe7ad8e,
    0xe7ad80, 0xe7ad98, 0xe7ad85, 0xe7b2a2, 0xe7b29e, 0xe7b2a8, 0xe7b2a1, 0xe7b598, 0xe7b5af,
    0xe7b5a3, 0xe7b593, 0xe7b596, 0xe7b5a7, 0xe7b5aa, 0xe7b58f, 0xe7b5ad, 0xe7b59c, 0xe7b5ab,
    0xe7b592, 0xe7b594, 0xe7b5a9, 0xe7b591, 0xe7b59f, 0xe7b58e, 0xe7bcbe, 0xe7bcbf, 0xe7bda5,
    0xe7bda6, 0xe7bea2, 0xe7bea0, 0xe7bea1, 0xe7bf97, 0xe88191, 0xe8818f, 0xe88190, 0xe883be,
    0xe88394, 0xe88583, 0xe8858a, 0xe88592, 0xe8858f, 0xe88587, 0xe884bd, 0xe8858d, 0xe884ba,
    0xe887a6, 0xe887ae, 0xe887b7, 0xe887b8, 0xe887b9, 0xe88884, 0xe888bc, 0xe888bd, 0xe888bf,
    0xe889b5, 0xe88cbb, 0xe88f8f, 0xe88fb9, 0xe890a3, 0xe88f80, 0xe88fa8, 0xe89092, 0xe88fa7,
    0xe88fa4, 0xe88fbc, 0xe88fb6, 0xe89090, 0xe88f86, 0xe88f88, 0xe88fab, 0xe88fa3, 0xe88ebf,
    0xe89081, 0xe88f9d, 0xe88fa5, 0xe88f98, 0xe88fbf, 0xe88fa1, 0xe88f8b, 0xe88f8e, 0xe88f96,
    0xe88fb5, 0xe88f89, 0xe89089, 0xe8908f, 0xe88f9e, 0xe89091, 0xe89086, 0xe88f82, 0xe88fb3,
    0xe88f95, 0xe88fba, 0xe88f87, 0xe88f91, 0xe88faa, 0xe89093, 0xe88e9a, 0xe88f83, 0xe88fac,
    0xe88fae, 0xe88f84, 0xe88fbb, 0xe88f97, 0xe88fa2, 0xe8909b, 0xe88f9b, 0xe88fbe, 0xe89b98,
    0xe89ba2, 0xe89ba6, 0xe89b93, 0xe89ba3, 0xe89b9a, 0xe89baa, 0xe89b9d, 0xe89bab, 0xe89b9c,
    0xe89bac, 0xe89ba9, 0xe89b97, 0xe89ba8, 0xe89b91, 0xe8a188, 0xe8a196, 0xe8a195, 0xe8a2ba,
    0xe8a397, 0xe8a2b9, 0xe8a2b8, 0xe8a380, 0xe8a2be, 0xe8a2b6, 0xe8a2bc, 0xe8a2b7, 0xe8a2bd,
    0xe8a2b2, 0xe8a481, 0xe8a389, 0xe8a695, 0xe8a698, 0xe8a697, 0xe8a79d, 0xe8a79a, 0xe8a79b,
    0xe8a98e, 0xe8a98d, 0xe8a8b9, 0xe8a999, 0xe8a980, 0xe8a997, 0xe8a998, 0xe8a984, 0xe8a985,
    0xe8a992, 0xe8a988, 0xe8a991, 0xe8a98a, 0xe8a98c, 0xe8a98f, 0xe8b19f, 0xe8b281, 0xe8b280,
    0xe8b2ba, 0xe8b2be, 0xe8b2b0, 0xe8b2b9, 0xe8b2b5, 0xe8b684, 0xe8b680, 0xe8b689, 0xe8b798,
    0xe8b793, 0xe8b78d, 0xe8b787, 0xe8b796, 0xe8b79c, 0xe8b78f, 0xe8b795, 0xe8b799, 0xe8b788,
    0xe8b797, 0xe8b785, 0xe8bbaf, 0xe8bbb7, 0xe8bbba, 0xe8bbb9, 0xe8bba6, 0xe8bbae, 0xe8bba5,
    0xe8bbb5, 0xe8bba7, 0xe8bba8, 0xe8bbb6, 0xe8bbab, 0xe8bbb1, 0xe8bbac, 0xe8bbb4, 0xe8bba9,
    0xe980ad, 0xe980b4, 0xe980af, 0xe98486, 0xe984ac, 0xe98484, 0xe983bf, 0xe983bc, 0xe98488,
    0xe983b9, 0xe983bb, 0xe98481, 0xe98480, 0xe98487, 0xe98485, 0xe98483, 0xe985a1, 0xe985a4,
    0xe9859f, 0xe985a2, 0xe985a0, 0xe98881, 0xe9888a, 0xe988a5, 0xe98883, 0xe9889a, 0xe988a6,
    0xe9888f, 0xe9888c, 0xe98880, 0xe98892, 0xe987bf, 0xe987bd, 0xe98886, 0xe98884, 0xe988a7,
    0xe98882, 0xe9889c, 0xe988a4, 0xe98899, 0xe98897, 0xe98885, 0xe98896, 0xe995bb, 0xe9968d,
    0xe9968c, 0xe99690, 0xe99a87, 0xe999be, 0xe99a88, 0xe99a89, 0xe99a83, 0xe99a80, 0xe99b82,
    0xe99b88, 0xe99b83, 0xe99bb1, 0xe99bb0, 0xe99dac, 0xe99db0, 0xe99dae, 0xe9a087, 0xe9a2a9,
    0xe9a3ab, 0xe9b3a6, 0xe9bbb9, 0xe4ba83, 0xe4ba84, 0xe4bab6, 0xe582bd, 0xe582bf, 0xe58386,
    0xe582ae, 0xe58384, 0xe5838a, 0xe582b4, 0xe58388, 0xe58382, 0xe582b0, 0xe58381, 0xe582ba,
    0xe582b1, 0xe5838b, 0xe58389, 0xe582b6, 0xe582b8, 0xe58797, 0xe589ba, 0xe589b8, 0xe589bb,
    0xe589bc, 0xe59783, 0xe5979b, 0xe5978c, 0xe59790, 0xe5978b, 0xe5978a, 0xe5979d, 0xe59780,
    0xe59794, 0xe59784, 0xe597a9, 0xe596bf, 0xe59792, 0xe5968d, 0xe5978f, 0xe59795, 0xe597a2,
    0xe59796, 0xe59788, 0xe597b2, 0xe5978d, 0xe59799, 0xe59782, 0xe59c94, 0xe5a193, 0xe5a1a8,
    0xe5a1a4, 0xe5a18f, 0xe5a18d, 0xe5a189, 0xe5a1af, 0xe5a195, 0xe5a18e, 0xe5a19d, 0xe5a199,
    0xe5a1a5, 0xe5a19b, 0xe5a0bd, 0xe5a1a3, 0xe5a1b1, 0xe5a3bc, 0xe5ab87, 0xe5ab84, 0xe5ab8b,
    0xe5aaba, 0xe5aab8, 0xe5aab1, 0xe5aab5, 0xe5aab0, 0xe5aabf, 0xe5ab88, 0xe5aabb, 0xe5ab86,
    0xe5aab7, 0xe5ab80, 0xe5ab8a, 0xe5aab4, 0xe5aab6, 0xe5ab8d, 0xe5aab9, 0xe5aa90, 0xe5af96,
    0xe5af98, 0xe5af99, 0xe5b09f, 0xe5b0b3, 0xe5b5b1, 0xe5b5a3, 0xe5b58a, 0xe5b5a5, 0xe5b5b2,
    0xe5b5ac, 0xe5b59e, 0xe5b5a8, 0xe5b5a7, 0xe5b5a2, 0xe5b7b0, 0xe5b98f, 0xe5b98e, 0xe5b98a,
    0xe5b98d, 0xe5b98b, 0xe5bb85, 0xe5bb8c, 0xe5bb86, 0xe5bb8b, 0xe5bb87, 0xe5bd80, 0xe5beaf,
    0xe5bead, 0xe683b7, 0xe68589, 0xe6858a, 0xe684ab, 0xe68585, 0xe684b6, 0xe684b2, 0xe684ae,
    0xe68586, 0xe684af, 0xe6858f, 0xe684a9, 0xe68580, 0xe688a0, 0xe985a8, 0xe688a3, 0xe688a5,
    0xe688a4, 0xe68f85, 0xe68fb1, 0xe68fab, 0xe69090, 0xe69092, 0xe69089, 0xe690a0, 0xe690a4,
    0xe690b3, 0xe69183, 0xe6909f, 0xe69095, 0xe69098, 0xe690b9, 0xe690b7, 0xe690a2, 0xe690a3,
    0xe6908c, 0xe690a6, 0xe690b0, 0xe690a8, 0xe69181, 0xe690b5, 0xe690af, 0xe6908a, 0xe6909a,
    0xe69180, 0xe690a5, 0xe690a7, 0xe6908b, 0xe68fa7, 0xe6909b, 0xe690ae, 0xe690a1, 0xe6908e,
    0xe695af, 0xe69692, 0xe69793, 0xe69a86, 0xe69a8c, 0xe69a95, 0xe69a90, 0xe69a8b, 0xe69a8a,
    0xe69a99, 0xe69a94, 0xe699b8, 0xe69ca0, 0xe6a5a6, 0xe6a59f, 0xe6a4b8, 0xe6a58e, 0xe6a5a2,
    0xe6a5b1, 0xe6a4bf, 0xe6a585, 0xe6a5aa, 0xe6a4b9, 0xe6a582, 0xe6a597, 0xe6a599, 0xe6a5ba,
    0xe6a588, 0xe6a589, 0xe6a4b5, 0xe6a5ac, 0xe6a4b3, 0xe6a4bd, 0xe6a5a5, 0xe6a3b0, 0xe6a5b8,
    0xe6a4b4, 0xe6a5a9, 0xe6a580, 0xe6a5af, 0xe6a584, 0xe6a5b6, 0xe6a598, 0xe6a581, 0xe6a5b4,
    0xe6a58c, 0xe6a4bb, 0xe6a58b, 0xe6a4b7, 0xe6a59c, 0xe6a58f, 0xe6a591, 0xe6a4b2, 0xe6a592,
    0xe6a4af, 0xe6a5bb, 0xe6a4bc, 0xe6ad86, 0xe6ad85, 0xe6ad83, 0xe6ad82, 0xe6ad88, 0xe6ad81,
    0xe6ae9b, 0xe6afbb, 0xe6afbc, 0xe6afb9, 0xe6afb7, 0xe6afb8, 0xe6ba9b, 0xe6bb96, 0xe6bb88,
    0xe6ba8f, 0xe6bb80, 0xe6ba9f, 0xe6ba93, 0xe6ba94, 0xe6baa0, 0xe6bab1, 0xe6bab9, 0xe6bb86,
    0xe6bb92, 0xe6babd, 0xe6bb81, 0xe6ba9e, 0xe6bb89, 0xe6bab7, 0xe6bab0, 0xe6bb8d, 0xe6baa6,
    0xe6bb8f, 0xe6bab2, 0xe6babe, 0xe6bb83, 0xe6bb9c, 0xe6bb98, 0xe6ba99, 0xe6ba92, 0xe6ba8e,
    0xe6ba8d, 0xe6baa4, 0xe6baa1, 0xe6babf, 0xe6bab3, 0xe6bb90, 0xe6bb8a, 0xe6ba97, 0xe6baae,
    0xe6baa3, 0xe78587, 0xe78594, 0xe78592, 0xe785a3, 0xe785a0, 0xe78581, 0xe7859d, 0xe785a2,
    0xe785b2, 0xe785b8, 0xe785aa, 0xe785a1, 0xe78582, 0xe78598, 0xe78583, 0xe7858b, 0xe785b0,
    0xe7859f, 0xe78590, 0xe78593, 0xe78584, 0xe7858d, 0xe7859a, 0xe7898f, 0xe78a8d, 0xe78a8c,
    0xe78a91, 0xe78a90, 0xe78a8e, 0xe78cbc, 0xe78d82, 0xe78cbb, 0xe78cba, 0xe78d80, 0xe78d8a,
    0xe78d89, 0xe79184, 0xe7918a, 0xe7918b, 0xe79192, 0xe79191, 0xe79197, 0xe79180, 0xe7918f,
    0xe79190, 0xe7918e, 0xe79182, 0xe79186, 0xe7918d, 0xe79194, 0xe793a1, 0xe793bf, 0xe793be,
    0xe793bd, 0xe7949d, 0xe795b9, 0xe795b7, 0xe6a683, 0xe797af, 0xe7988f, 0xe79883, 0xe797b7,
    0xe797be, 0xe797bc, 0xe797b9, 0xe797b8, 0xe79890, 0xe797bb, 0xe797b6, 0xe797ad, 0xe797b5,
    0xe797bd, 0xe79a99, 0xe79ab5, 0xe79b9d, 0xe79d95, 0xe79d9f, 0xe79da0, 0xe79d92, 0xe79d96,
    0xe79d9a, 0xe79da9, 0xe79da7, 0xe79d94, 0xe79d99, 0xe79dad, 0xe79fa0, 0xe7a287, 0xe7a29a,
    0xe7a294, 0xe7a28f, 0xe7a284, 0xe7a295, 0xe7a285, 0xe7a286, 0xe7a2a1, 0xe7a283, 0xe7a1b9,
    0xe7a299, 0xe7a280, 0xe7a296, 0xe7a1bb, 0xe7a5bc, 0xe7a682, 0xe7a5bd, 0xe7a5b9, 0xe7a891,
    0xe7a898, 0xe7a899, 0xe7a892, 0xe7a897, 0xe7a895, 0xe7a8a2, 0xe7a893, 0xe7a89b, 0xe7a890,
    0xe7aaa3, 0xe7aaa2, 0xe7aa9e, 0xe7abab, 0xe7ada6, 0xe7ada4, 0xe7adad, 0xe7adb4, 0xe7ada9,
    0xe7adb2, 0xe7ada5, 0xe7adb3, 0xe7adb1, 0xe7adb0, 0xe7ada1, 0xe7adb8, 0xe7adb6, 0xe7ada3,
    0xe7b2b2, 0xe7b2b4, 0xe7b2af, 0xe7b688, 0xe7b686, 0xe7b680, 0xe7b68d, 0xe7b5bf, 0xe7b685,
    0xe7b5ba, 0xe7b68e, 0xe7b5bb, 0xe7b683, 0xe7b5bc, 0xe7b68c, 0xe7b694, 0xe7b684, 0xe7b5bd,
    0xe7b692, 0xe7bdad, 0xe7bdab, 0xe7bda7, 0xe7bda8, 0xe7bdac, 0xe7bea6, 0xe7bea5, 0xe7bea7,
    0xe7bf9b, 0xe7bf9c, 0xe880a1, 0xe885a4, 0xe885a0, 0xe885b7, 0xe8859c, 0xe885a9, 0xe8859b,
    0xe885a2, 0xe885b2, 0xe69ca1, 0xe8859e, 0xe885b6, 0xe885a7, 0xe885af, 0xe88584, 0xe885a1,
    0xe8889d, 0xe88989, 0xe88984, 0xe88980, 0xe88982, 0xe88985, 0xe893b1, 0xe890bf, 0xe89196,
    0xe891b6, 0xe891b9, 0xe8928f, 0xe8928d, 0xe891a5, 0xe89191, 0xe89180, 0xe89286, 0xe891a7,
    0xe890b0, 0xe8918d, 0xe891bd, 0xe8919a, 0xe89199, 0xe891b4, 0xe891b3, 0xe8919d, 0xe89487,
    0xe8919e, 0xe890b7, 0xe890ba, 0xe890b4, 0xe891ba, 0xe89183, 0xe891b8, 0xe890b2, 0xe89185,
    0xe890a9, 0xe88f99, 0xe8918b, 0xe890af, 0xe89182, 0xe890ad, 0xe8919f, 0xe891b0, 0xe890b9,
    0xe8918e, 0xe8918c, 0xe89192, 0xe891af, 0xe89385, 0xe8928e, 0xe890bb, 0xe89187, 0xe890b6,
    0xe890b3, 0xe891a8, 0xe891be, 0xe89184, 0xe890ab, 0xe891a0, 0xe89194, 0xe891ae, 0xe89190,
    0xe89c8b, 0xe89c84, 0xe89bb7, 0xe89c8c, 0xe89bba, 0xe89b96, 0xe89bb5, 0xe89d8d, 0xe89bb8,
    0xe89c8e, 0xe89c89, 0xe89c81, 0xe89bb6, 0xe89c8d, 0xe89c85, 0xe8a396, 0xe8a38b, 0xe8a38d,
    0xe8a38e, 0xe8a39e, 0xe8a39b, 0xe8a39a, 0xe8a38c, 0xe8a390, 0xe8a685, 0xe8a69b, 0xe8a79f,
    0xe8a7a5, 0xe8a7a4, 0xe8a7a1, 0xe8a7a0, 0xe8a7a2, 0xe8a79c, 0xe8a7a6, 0xe8a9b6, 0xe8aa86,
    0xe8a9bf, 0xe8a9a1, 0xe8a8bf, 0xe8a9b7, 0xe8aa82, 0xe8aa84, 0xe8a9b5, 0xe8aa83, 0xe8aa81,
    0xe8a9b4, 0xe8a9ba, 0xe8b0bc, 0xe8b18b, 0xe8b18a, 0xe8b1a5, 0xe8b1a4, 0xe8b1a6, 0xe8b286,
    0xe8b284, 0xe8b285, 0xe8b38c, 0xe8b5a8, 0xe8b5a9, 0xe8b691, 0xe8b68c, 0xe8b68e, 0xe8b68f,
    0xe8b68d, 0xe8b693, 0xe8b694, 0xe8b690, 0xe8b692, 0xe8b7b0, 0xe8b7a0, 0xe8b7ac, 0xe8b7b1,
    0xe8b7ae, 0xe8b790, 0xe8b7a9, 0xe8b7a3, 0xe8b7a2, 0xe8b7a7, 0xe8b7b2, 0xe8b7ab, 0xe8b7b4,
    0xe8bc86, 0xe8bbbf, 0xe8bc81, 0xe8bc80, 0xe8bc85, 0xe8bc87, 0xe8bc88, 0xe8bc82, 0xe8bc8b,
    0xe98192, 0xe980bf, 0xe98184, 0xe98189, 0xe980bd, 0xe98490, 0xe9848d, 0xe9848f, 0xe98491,
    0xe98496, 0xe98494, 0xe9848b, 0xe9848e, 0xe985ae, 0xe985af, 0xe98988, 0xe98992, 0xe988b0,
    0xe988ba, 0xe989a6, 0xe988b3, 0xe989a5, 0xe9899e, 0xe98a83, 0xe988ae, 0xe9898a, 0xe98986,
    0xe989ad, 0xe989ac, 0xe9898f, 0xe989a0, 0xe989a7, 0xe989af, 0xe988b6, 0xe989a1, 0xe989b0,
    0xe988b1, 0xe98994, 0xe989a3, 0xe98990, 0xe989b2, 0xe9898e, 0xe98993, 0xe9898c, 0xe98996,
    0xe988b2, 0xe9969f, 0xe9969c, 0xe9969e, 0xe9969b, 0xe99a92, 0xe99a93, 0xe99a91, 0xe99a97,
    0xe99b8e, 0xe99bba, 0xe99bbd, 0xe99bb8, 0xe99bb5, 0xe99db3, 0xe99db7, 0xe99db8, 0xe99db2,
    0xe9a08f, 0xe9a08d, 0xe9a08e, 0xe9a2ac, 0xe9a3b6, 0xe9a3b9, 0xe9a6af, 0xe9a6b2, 0xe9a6b0,
    0xe9a6b5, 0xe9aaad, 0xe9aaab, 0xe9ad9b, 0xe9b3aa, 0xe9b3ad, 0xe9b3a7, 0xe9ba80, 0xe9bbbd,
    0xe583a6, 0xe58394, 0xe58397, 0xe583a8, 0xe583b3, 0xe5839b, 0xe583aa, 0xe5839d, 0xe583a4,
    0xe58393, 0xe583ac, 0xe583b0, 0xe583af, 0xe583a3, 0xe583a0, 0xe58798, 0xe58a80, 0xe58a81,
    0xe58ba9, 0xe58bab, 0xe58cb0, 0xe58eac, 0xe598a7, 0xe59895, 0xe5988c, 0xe59892, 0xe597bc,
    0xe5988f, 0xe5989c, 0xe59881, 0xe59893, 0xe59882, 0xe597ba, 0xe5989d, 0xe59884, 0xe597bf,
    0xe597b9, 0xe5a289, 0xe5a1bc, 0xe5a290, 0xe5a298, 0xe5a286, 0xe5a281, 0xe5a1bf, 0xe5a1b4,
    0xe5a28b, 0xe5a1ba, 0xe5a287, 0xe5a291, 0xe5a28e, 0xe5a1b6, 0xe5a282, 0xe5a288, 0xe5a1bb,
    0xe5a294, 0xe5a28f, 0xe5a3be, 0xe5a5ab, 0xe5ab9c, 0xe5abae, 0xe5aba5, 0xe5ab95, 0xe5abaa,
    0xe5ab9a, 0xe5abad, 0xe5abab, 0xe5abb3, 0xe5aba2, 0xe5aba0, 0xe5ab9b, 0xe5abac, 0xe5ab9e,
    0xe5ab9d, 0xe5ab99, 0xe5aba8, 0xe5ab9f, 0xe5adb7, 0xe5afa0, 0xe5afa3, 0xe5b1a3, 0xe5b682,
    0xe5b680, 0xe5b5bd, 0xe5b686, 0xe5b5ba, 0xe5b681, 0xe5b5b7, 0xe5b68a, 0xe5b689, 0xe5b688,
    0xe5b5be, 0xe5b5bc, 0xe5b68d, 0xe5b5b9, 0xe5b5bf, 0xe5b998, 0xe5b999, 0xe5b993, 0xe5bb98,
    0xe5bb91, 0xe5bb97, 0xe5bb8e, 0xe5bb9c, 0xe5bb95, 0xe5bb99, 0xe5bb92, 0xe5bb94, 0xe5bd84,
    0xe5bd83, 0xe5bdaf, 0xe5beb6, 0xe684ac, 0xe684a8, 0xe68581, 0xe6859e, 0xe685b1, 0xe685b3,
    0xe68592, 0xe68593, 0xe685b2, 0xe685ac, 0xe68680, 0xe685b4, 0xe68594, 0xe685ba, 0xe6859b,
    0xe685a5, 0xe684bb, 0xe685aa, 0xe685a1, 0xe68596, 0xe688a9, 0xe688a7, 0xe688ab, 0xe690ab,
    0xe6918d, 0xe6919b, 0xe6919d, 0xe691b4, 0xe691b6, 0xe691b2, 0xe691b3, 0xe691bd, 0xe691b5,
    0xe691a6, 0xe692a6, 0xe6918e, 0xe69282, 0xe6919e, 0xe6919c, 0xe6918b, 0xe69193, 0xe691a0,
    0xe69190, 0xe691bf, 0xe690bf, 0xe691ac, 0xe691ab, 0xe69199, 0xe691a5, 0xe691b7, 0xe695b3,
    0xe696a0, 0xe69aa1, 0xe69aa0, 0xe69a9f, 0xe69c85, 0xe69c84, 0xe69ca2, 0xe6a6b1, 0xe6a6b6,
    0xe6a789, 0xe6a6a0, 0xe6a78e, 0xe6a696, 0xe6a6b0, 0xe6a6ac, 0xe6a6bc, 0xe6a691, 0xe6a699,
    0xe6a68e, 0xe6a6a7, 0xe6a68d, 0xe6a6a9, 0xe6a6be, 0xe6a6af, 0xe6a6bf, 0xe6a784, 0xe6a6bd,
    0xe6a6a4, 0xe6a794, 0xe6a6b9, 0xe6a78a, 0xe6a69a, 0xe6a78f, 0xe6a6b3, 0xe6a693, 0xe6a6aa,
    0xe6a6a1, 0xe6a69e, 0xe6a799, 0xe6a697, 0xe6a690, 0xe6a782, 0xe6a6b5, 0xe6a6a5, 0xe6a786,
    0xe6ad8a, 0xe6ad8d, 0xe6ad8b, 0xe6ae9e, 0xe6ae9f, 0xe6aea0, 0xe6af83, 0xe6af84, 0xe6afbe,
    0xe6bb8e, 0xe6bbb5, 0xe6bbb1, 0xe6bc83, 0xe6bca5, 0xe6bbb8, 0xe6bcb7, 0xe6bbbb, 0xe6bcae,
    0xe6bc89, 0xe6bd8e, 0xe6bc99, 0xe6bc9a, 0xe6bca7, 0xe6bc98, 0xe6bcbb, 0xe6bc92, 0xe6bbad,
    0xe6bc8a, 0xe6bcb6, 0xe6bdb3, 0xe6bbb9, 0xe6bbae, 0xe6bcad, 0xe6bd80, 0xe6bcb0, 0xe6bcbc,
    0xe6bcb5, 0xe6bbab, 0xe6bc87, 0xe6bc8e, 0xe6bd83, 0xe6bc85, 0xe6bbbd, 0xe6bbb6, 0xe6bcb9,
    0xe6bc9c, 0xe6bbbc, 0xe6bcba, 0xe6bc9f, 0xe6bc8d, 0xe6bc9e, 0xe6bc88, 0xe6bca1, 0xe78687,
    0xe78690, 0xe78689, 0xe78680, 0xe78685, 0xe78682, 0xe7868f, 0xe785bb, 0xe78686, 0xe78681,
    0xe78697, 0xe78984, 0xe78993, 0xe78a97, 0xe78a95, 0xe78a93, 0xe78d83, 0xe78d8d, 0xe78d91,
    0xe78d8c, 0xe791a2, 0xe791b3, 0xe791b1, 0xe791b5, 0xe791b2, 0xe791a7, 0xe791ae, 0xe79480,
    0xe79482, 0xe79483, 0xe795bd, 0xe79690, 0xe79896, 0xe79888, 0xe7988c, 0xe79895, 0xe79891,
    0xe7988a, 0xe79894, 0xe79ab8, 0xe79e81, 0xe79dbc, 0xe79e85, 0xe79e82, 0xe79dae, 0xe79e80,
    0xe79daf, 0xe79dbe, 0xe79e83, 0xe7a2b2, 0xe7a2aa, 0xe7a2b4, 0xe7a2ad, 0xe7a2a8, 0xe7a1be,
    0xe7a2ab, 0xe7a29e, 0xe7a2a5, 0xe7a2a0, 0xe7a2ac, 0xe7a2a2, 0xe7a2a4, 0xe7a698, 0xe7a68a,
    0xe7a68b, 0xe7a696, 0xe7a695, 0xe7a694, 0xe7a693, 0xe7a697, 0xe7a688, 0xe7a692, 0xe7a690,
    0xe7a8ab, 0xe7a98a, 0xe7a8b0, 0xe7a8af, 0xe7a8a8, 0xe7a8a6, 0xe7aaa8, 0xe7aaab, 0xe7aaac,
    0xe7abae, 0xe7ae88, 0xe7ae9c, 0xe7ae8a, 0xe7ae91, 0xe7ae90, 0xe7ae96, 0xe7ae8d, 0xe7ae8c,
    0xe7ae9b, 0xe7ae8e, 0xe7ae85, 0xe7ae98, 0xe58a84, 0xe7ae99, 0xe7aea4, 0xe7ae82, 0xe7b2bb,
    0xe7b2bf, 0xe7b2bc, 0xe7b2ba, 0xe7b6a7, 0xe7b6b7, 0xe7b782, 0xe7b6a3, 0xe7b6aa, 0xe7b781,
    0xe7b780, 0xe7b785, 0xe7b69d, 0xe7b78e, 0xe7b784, 0xe7b786, 0xe7b78b, 0xe7b78c, 0xe7b6af,
    0xe7b6b9, 0xe7b696, 0xe7b6bc, 0xe7b69f, 0xe7b6a6, 0xe7b6ae, 0xe7b6a9, 0xe7b6a1, 0xe7b789,
    0xe7bdb3, 0xe7bfa2, 0xe7bfa3, 0xe7bfa5, 0xe7bf9e, 0xe880a4, 0xe8819d, 0xe8819c, 0xe88689,
    0xe88686, 0xe88683, 0xe88687, 0xe8868d, 0xe8868c, 0xe8868b, 0xe88895, 0xe89297, 0xe892a4,
    0xe892a1, 0xe8929f, 0xe892ba, 0xe8938e, 0xe89382, 0xe892ac, 0xe892ae, 0xe892ab, 0xe892b9,
    0xe892b4, 0xe89381, 0xe8938d, 0xe892aa, 0xe8929a, 0xe892b1, 0xe89390, 0xe8929d, 0xe892a7,
    0xe892bb, 0xe892a2, 0xe89294, 0xe89387, 0xe8938c, 0xe8929b, 0xe892a9, 0xe892af, 0xe892a8,
    0xe89396, 0xe89298, 0xe892b6, 0xe8938f, 0xe892a0, 0xe89397, 0xe89394, 0xe89392, 0xe8939b,
    0xe892b0, 0xe89291, 0xe899a1, 0xe89cb3, 0xe89ca3, 0xe89ca8, 0xe89dab, 0xe89d80, 0xe89cae,
    0xe89c9e, 0xe89ca1, 0xe89c99, 0xe89c9b, 0xe89d83, 0xe89cac, 0xe89d81, 0xe89cbe, 0xe89d86,
    0xe89ca0, 0xe89cb2, 0xe89caa, 0xe89cad, 0xe89cbc, 0xe89c92, 0xe89cba, 0xe89cb1, 0xe89cb5,
    0xe89d82, 0xe89ca6, 0xe89ca7, 0xe89cb8, 0xe89ca4, 0xe89c9a, 0xe89cb0, 0xe89c91, 0xe8a3b7,
    0xe8a3a7, 0xe8a3b1, 0xe8a3b2, 0xe8a3ba, 0xe8a3be, 0xe8a3ae, 0xe8a3bc, 0xe8a3b6, 0xe8a3bb,
    0xe8a3b0, 0xe8a3ac, 0xe8a3ab, 0xe8a69d, 0xe8a6a1, 0xe8a69f, 0xe8a69e, 0xe8a7a9, 0xe8a7ab,
    0xe8a7a8, 0xe8aaab, 0xe8aa99, 0xe8aa8b, 0xe8aa92, 0xe8aa8f, 0xe8aa96, 0xe8b0bd, 0xe8b1a8,
    0xe8b1a9, 0xe8b395, 0xe8b38f, 0xe8b397, 0xe8b696, 0xe8b889, 0xe8b882, 0xe8b7bf, 0xe8b88d,
    0xe8b7bd, 0xe8b88a, 0xe8b883, 0xe8b887, 0xe8b886, 0xe8b885, 0xe8b7be, 0xe8b880, 0xe8b884,
    0xe8bc90, 0xe8bc91, 0xe8bc8e, 0xe8bc8d, 0xe984a3, 0xe9849c, 0xe984a0, 0xe984a2, 0xe9849f,
    0xe9849d, 0xe9849a, 0xe984a4, 0xe984a1, 0xe9849b, 0xe985ba, 0xe985b2, 0xe985b9, 0xe985b3,
    0xe98aa5, 0xe98aa4, 0xe989b6, 0xe98a9b, 0xe989ba, 0xe98aa0, 0xe98a94, 0xe98aaa, 0xe98a8d,
    0xe98aa6, 0xe98a9a, 0xe98aab, 0xe989b9, 0xe98a97, 0xe989bf, 0xe98aa3, 0xe98bae, 0xe98a8e,
    0xe98a82, 0xe98a95, 0xe98aa2, 0xe989bd, 0xe98a88, 0xe98aa1, 0xe98a8a, 0xe98a86, 0xe98a8c,
    0xe98a99, 0xe98aa7, 0xe989be, 0xe98a87, 0xe98aa9, 0xe98a9d, 0xe98a8b, 0xe988ad, 0xe99a9e,
    0xe99aa1, 0xe99bbf, 0xe99d98, 0xe99dbd, 0xe99dba, 0xe99dbe, 0xe99e83, 0xe99e80, 0xe99e82,
    0xe99dbb, 0xe99e84, 0xe99e81, 0xe99dbf, 0xe99f8e, 0xe99f8d, 0xe9a096, 0xe9a2ad, 0xe9a2ae,
    0xe9a482, 0xe9a480, 0xe9a487, 0xe9a69d, 0xe9a69c, 0xe9a783, 0xe9a6b9, 0xe9a6bb, 0xe9a6ba,
    0xe9a782, 0xe9a6bd, 0xe9a787, 0xe9aab1, 0xe9aba3, 0xe9aba7, 0xe9acbe, 0xe9acbf, 0xe9ada0,
    0xe9ada1, 0xe9ad9f, 0xe9b3b1, 0xe9b3b2, 0xe9b3b5, 0xe9baa7, 0xe583bf, 0xe58483, 0xe584b0,
    0xe583b8, 0xe58486, 0xe58487, 0xe583b6, 0xe583be, 0xe5848b, 0xe5848c, 0xe583bd, 0xe5848a,
    0xe58a8b, 0xe58a8c, 0xe58bb1, 0xe58baf, 0xe59988, 0xe59982, 0xe5998c, 0xe598b5, 0xe59981,
    0xe5998a, 0xe59989, 0xe59986, 0xe59998, 0xe5999a, 0xe59980, 0xe598b3, 0xe598bd, 0xe598ac,
    0xe598be, 0xe598b8, 0xe598aa, 0xe598ba, 0xe59c9a, 0xe5a2ab, 0xe5a29d, 0xe5a2b1, 0xe5a2a0,
    0xe5a2a3, 0xe5a2af, 0xe5a2ac, 0xe5a2a5, 0xe5a2a1, 0xe5a3bf, 0xe5abbf, 0xe5abb4, 0xe5abbd,
    0xe5abb7, 0xe5abb6, 0xe5ac83, 0xe5abb8, 0xe5ac82, 0xe5abb9, 0xe5ac81, 0xe5ac87, 0xe5ac85,
    0xe5ac8f, 0xe5b1a7, 0xe5b699, 0xe5b697, 0xe5b69f, 0xe5b692, 0xe5b6a2, 0xe5b693, 0xe5b695,
    0xe5b6a0, 0xe5b69c, 0xe5b6a1, 0xe5b69a, 0xe5b69e, 0xe5b9a9, 0xe5b99d, 0xe5b9a0, 0xe5b99c,
    0xe7b7b3, 0xe5bb9b, 0xe5bb9e, 0xe5bba1, 0xe5bd89, 0xe5beb2, 0xe6868b, 0xe68683, 0xe685b9,
    0xe686b1, 0xe686b0, 0xe686a2, 0xe68689, 0xe6869b, 0xe68693, 0xe686af, 0xe686ad, 0xe6869f,
    0xe68692, 0xe686aa, 0xe686a1, 0xe6868d, 0xe685a6, 0xe686b3, 0xe688ad, 0xe691ae, 0xe691b0,
    0xe69296, 0xe692a0, 0xe69285, 0xe69297, 0xe6929c, 0xe6928f, 0xe6928b, 0xe6928a, 0xe6928c,
    0xe692a3, 0xe6929f, 0xe691a8, 0xe692b1, 0xe69298, 0xe695b6, 0xe695ba, 0xe695b9, 0xe695bb,
    0xe696b2, 0xe696b3, 0xe69ab5, 0xe69ab0, 0xe69aa9, 0xe69ab2, 0xe69ab7, 0xe69aaa, 0xe69aaf,
    0xe6a880, 0xe6a886, 0xe6a897, 0xe6a7a5, 0xe6a7b8, 0xe6a895, 0xe6a7b1, 0xe6a7a4, 0xe6a8a0,
    0xe6a7bf, 0xe6a7ac, 0xe6a7a2, 0xe6a89b, 0xe6a89d, 0xe6a7be, 0xe6a8a7, 0xe6a7b2, 0xe6a7ae,
    0xe6a894, 0xe6a7b7, 0xe6a7a7, 0xe6a980, 0xe6a888, 0xe6a7a6, 0xe6a7bb, 0xe6a88d, 0xe6a7bc,
    0xe6a7ab, 0xe6a889, 0xe6a884, 0xe6a898, 0xe6a8a5, 0xe6a88f, 0xe6a7b6, 0xe6a8a6, 0xe6a887,
    0xe6a7b4, 0xe6a896, 0xe6ad91, 0xe6aea5, 0xe6aea3, 0xe6aea2, 0xe6aea6, 0xe6b081, 0xe6b080,
    0xe6afbf, 0xe6b082, 0xe6bd81, 0xe6bca6, 0xe6bdbe, 0xe6be87, 0xe6bf86, 0xe6be92, 0xe6be8d,
    0xe6be89, 0xe6be8c, 0xe6bda2, 0xe6bd8f, 0xe6be85, 0xe6bd9a, 0xe6be96, 0xe6bdb6, 0xe6bdac,
    0xe6be82, 0xe6bd95, 0xe6bdb2, 0xe6bd92, 0xe6bd90, 0xe6bd97, 0xe6be94, 0xe6be93, 0xe6bd9d,
    0xe6bc80, 0xe6bda1, 0xe6bdab, 0xe6bdbd, 0xe6bda7, 0xe6be90, 0xe6bd93, 0xe6be8b, 0xe6bda9,
    0xe6bdbf, 0xe6be95, 0xe6bda3, 0xe6bdb7, 0xe6bdaa, 0xe6bdbb, 0xe786b2, 0xe786af, 0xe7869b,
    0xe786b0, 0xe786a0, 0xe7869a, 0xe786a9, 0xe786b5, 0xe7869d, 0xe786a5, 0xe7869e, 0xe786a4,
    0xe786a1, 0xe786aa, 0xe7869c, 0xe786a7, 0xe786b3, 0xe78a98, 0xe78a9a, 0xe78d98, 0xe78d92,
    0xe78d9e, 0xe78d9f, 0xe78da0, 0xe78d9d, 0xe78d9b, 0xe78da1, 0xe78d9a, 0xe78d99, 0xe78da2,
    0xe79287, 0xe79289, 0xe7928a, 0xe79286, 0xe79281, 0xe791bd, 0xe79285, 0xe79288, 0xe791bc,
    0xe791b9, 0xe79488, 0xe79487, 0xe795be, 0xe798a5, 0xe7989e, 0xe79899, 0xe7989d, 0xe7989c,
    0xe798a3, 0xe7989a, 0xe798a8, 0xe7989b, 0xe79a9c, 0xe79a9d, 0xe79a9e, 0xe79a9b, 0xe79e8d,
    0xe79e8f, 0xe79e89, 0xe79e88, 0xe7a38d, 0xe7a2bb, 0xe7a38f, 0xe7a38c, 0xe7a391, 0xe7a38e,
    0xe7a394, 0xe7a388, 0xe7a383, 0xe7a384, 0xe7a389, 0xe7a69a, 0xe7a6a1, 0xe7a6a0, 0xe7a69c,
    0xe7a6a2, 0xe7a69b, 0xe6adb6, 0xe7a8b9, 0xe7aab2, 0xe7aab4, 0xe7aab3, 0xe7aeb7, 0xe7af8b,
    0xe7aebe, 0xe7aeac, 0xe7af8e, 0xe7aeaf, 0xe7aeb9, 0xe7af8a, 0xe7aeb5, 0xe7b385, 0xe7b388,
    0xe7b38c, 0xe7b38b, 0xe7b7b7, 0xe7b79b, 0xe7b7aa, 0xe7b7a7, 0xe7b797, 0xe7b7a1, 0xe7b883,
    0xe7b7ba, 0xe7b7a6, 0xe7b7b6, 0xe7b7b1, 0xe7b7b0, 0xe7b7ae, 0xe7b79f, 0xe7bdb6, 0xe7beac,
    0xe7beb0, 0xe7bead, 0xe7bfad, 0xe7bfab, 0xe7bfaa, 0xe7bfac, 0xe7bfa6, 0xe7bfa8, 0xe881a4,
    0xe881a7, 0xe886a3, 0xe8869f, 0xe8869e, 0xe88695, 0xe886a2, 0xe88699, 0xe88697, 0xe88896,
    0xe8898f, 0xe88993, 0xe88992, 0xe88990, 0xe8898e, 0xe88991, 0xe894a4, 0xe894bb, 0xe8948f,
    0xe89480, 0xe894a9, 0xe8948e, 0xe89489, 0xe8948d, 0xe8949f, 0xe8948a, 0xe894a7, 0xe8949c,
    0xe893bb, 0xe894ab, 0xe893ba, 0xe89488, 0xe8948c, 0xe893b4, 0xe894aa, 0xe893b2, 0xe89495,
    0xe893b7, 0xe893ab, 0xe893b3, 0xe893bc, 0xe89492, 0xe893aa, 0xe893a9, 0xe89496, 0xe893be,
    0xe894a8, 0xe8949d, 0xe894ae, 0xe89482, 0xe893bd, 0xe8949e, 0xe893b6, 0xe894b1, 0xe894a6,
    0xe893a7, 0xe893a8, 0xe893b0, 0xe893af, 0xe893b9, 0xe89498, 0xe894a0, 0xe894b0, 0xe8948b,
    0xe89499, 0xe894af, 0xe899a2, 0xe89d96, 0xe89da3, 0xe89da4, 0xe89db7, 0xe89fa1, 0xe89db3,
    0xe89d98, 0xe89d94, 0xe89d9b, 0xe89d92, 0xe89da1, 0xe89d9a, 0xe89d91, 0xe89d9e, 0xe89dad,
    0xe89daa, 0xe89d90, 0xe89d8e, 0xe89d9f, 0xe89d9d, 0xe89daf, 0xe89dac, 0xe89dba, 0xe89dae,
    0xe89d9c, 0xe89da5, 0xe89d8f, 0xe89dbb, 0xe89db5, 0xe89da2, 0xe89da7, 0xe89da9, 0xe8a19a,
    0xe8a485, 0xe8a48c, 0xe8a494, 0xe8a48b, 0xe8a497, 0xe8a498, 0xe8a499, 0xe8a486, 0xe8a496,
    0xe8a491, 0xe8a48e, 0xe8a489, 0xe8a6a2, 0xe8a6a4, 0xe8a6a3, 0xe8a7ad, 0xe8a7b0, 0xe8a7ac,
    0xe8ab8f, 0xe8ab86, 0xe8aab8, 0xe8ab93, 0xe8ab91, 0xe8ab94, 0xe8ab95, 0xe8aabb, 0xe8ab97,
    0xe8aabe, 0xe8ab80, 0xe8ab85, 0xe8ab98, 0xe8ab83, 0xe8aaba, 0xe8aabd, 0xe8ab99, 0xe8b0be,
    0xe8b18d, 0xe8b28f, 0xe8b3a5, 0xe8b39f, 0xe8b399, 0xe8b3a8, 0xe8b39a, 0xe8b39d, 0xe8b3a7,
    0xe8b6a0, 0xe8b69c, 0xe8b6a1, 0xe8b69b, 0xe8b8a0, 0xe8b8a3, 0xe8b8a5, 0xe8b8a4, 0xe8b8ae,
    0xe8b895, 0xe8b89b, 0xe8b896, 0xe8b891, 0xe8b899, 0xe8b8a6, 0xe8b8a7, 0xe8b894, 0xe8b892,
    0xe8b898, 0xe8b893, 0xe8b89c, 0xe8b897, 0xe8b89a, 0xe8bcac, 0xe8bca4, 0xe8bc98, 0xe8bc9a,
    0xe8bca0, 0xe8bca3, 0xe8bc96, 0xe8bc97, 0xe981b3, 0xe981b0, 0xe981af, 0xe981a7, 0xe981ab,
    0xe984af, 0xe984ab, 0xe984a9, 0xe984aa, 0xe984b2, 0xe984a6, 0xe984ae, 0xe98685, 0xe98686,
    0xe9868a, 0xe98681, 0xe98682, 0xe98684, 0xe98680, 0xe98b90, 0xe98b83, 0xe98b84, 0xe98b80,
    0xe98b99, 0xe98ab6, 0xe98b8f, 0xe98bb1, 0xe98b9f, 0xe98b98, 0xe98ba9, 0xe98b97, 0xe98b9d,
    0xe98b8c, 0xe98baf, 0xe98b82, 0xe98ba8, 0xe98b8a, 0xe98b88, 0xe98b8e, 0xe98ba6, 0xe98b8d,
    0xe98b95, 0xe98b89, 0xe98ba0, 0xe98b9e, 0xe98ba7, 0xe98b91, 0xe98b93, 0xe98ab5, 0xe98ba1,
    0xe98ca5, 0xe98b86, 0xe98ab4, 0xe995bc, 0xe996ac, 0xe996ab, 0xe996ae, 0xe996b0, 0xe99aa4,
    0xe99aa2, 0xe99b93, 0xe99c85, 0xe99c88, 0xe99c82, 0xe99d9a, 0xe99e8a, 0xe99e8e, 0xe99e88,
    0xe99f90, 0xe99f8f, 0xe9a09e, 0xe9a09d, 0xe9a0a6, 0xe9a0a9, 0xe9a0a8, 0xe9a0a0, 0xe9a09b,
    0xe9a0a7, 0xe9a2b2, 0xe9a488, 0xe9a3ba, 0xe9a491, 0xe9a494, 0xe9a496, 0xe9a497, 0xe9a495,
    0xe9a79c, 0xe9a78d, 0xe9a78f, 0xe9a793, 0xe9a794, 0xe9a78e, 0xe9a789, 0xe9a796, 0xe9a798,
    0xe9a78b, 0xe9a797, 0xe9a78c, 0xe9aab3, 0xe9abac, 0xe9abab, 0xe9abb3, 0xe9abb2, 0xe9abb1,
    0xe9ad86, 0xe9ad83, 0xe9ada7, 0xe9adb4, 0xe9adb1, 0xe9ada6, 0xe9adb6, 0xe9adb5, 0xe9adb0,
    0xe9ada8, 0xe9ada4, 0xe9adac, 0xe9b3bc, 0xe9b3ba, 0xe9b3bd, 0xe9b3bf, 0xe9b3b7, 0xe9b487,
    0xe9b480, 0xe9b3b9, 0xe9b3bb, 0xe9b488, 0xe9b485, 0xe9b484, 0xe9ba83, 0xe9bb93, 0xe9bc8f,
    0xe9bc90, 0xe5849c, 0xe58493, 0xe58497, 0xe5849a, 0xe58491, 0xe5879e, 0xe58cb4, 0xe58fa1,
    0xe599b0, 0xe599a0, 0xe599ae, 0xe599b3, 0xe599a6, 0xe599a3, 0xe599ad, 0xe599b2, 0xe5999e,
    0xe599b7, 0xe59c9c, 0xe59c9b, 0xe5a388, 0xe5a2bd, 0xe5a389, 0xe5a2bf, 0xe5a2ba, 0xe5a382,
    0xe5a2bc, 0xe5a386, 0xe5ac97, 0xe5ac99, 0xe5ac9b, 0xe5aca1, 0xe5ac94, 0xe5ac93, 0xe5ac90,
    0xe5ac96, 0xe5aca8, 0xe5ac9a, 0xe5aca0, 0xe5ac9e, 0xe5afaf, 0xe5b6ac, 0xe5b6b1, 0xe5b6a9,
    0xe5b6a7, 0xe5b6b5, 0xe5b6b0, 0xe5b6ae, 0xe5b6aa, 0xe5b6a8, 0xe5b6b2, 0xe5b6ad, 0xe5b6af,
    0xe5b6b4, 0xe5b9a7, 0xe5b9a8, 0xe5b9a6, 0xe5b9af, 0xe5bba9, 0xe5bba7, 0xe5bba6, 0xe5bba8,
    0xe5bba5, 0xe5bd8b, 0xe5bebc, 0xe5bebb, 0xe6869d, 0xe686a8, 0xe68696, 0xe68785, 0xe686b4,
    0xe68786, 0xe68781, 0xe6878c, 0xe686ba, 0xe686bf, 0xe686b8, 0xe6868c, 0xe69397, 0xe69396,
    0xe69390, 0xe6938f, 0xe69389, 0xe692bd, 0xe69289, 0xe69383, 0xe6939b, 0xe693b3, 0xe69399,
    0xe694b3, 0xe695bf, 0xe695bc, 0xe696a2, 0xe69b88, 0xe69abe, 0xe69b80, 0xe69b8a, 0xe69b8b,
    0xe69b8f, 0xe69abd, 0xe69abb, 0xe69aba, 0xe69b8c, 0xe69ca3, 0xe6a8b4, 0xe6a9a6, 0xe6a989,
    0xe6a9a7, 0xe6a8b2, 0xe6a9a8, 0xe6a8be, 0xe6a99d, 0xe6a9ad, 0xe6a9b6, 0xe6a99b, 0xe6a991,
    0xe6a8a8, 0xe6a99a, 0xe6a8bb, 0xe6a8bf, 0xe6a981, 0xe6a9aa, 0xe6a9a4, 0xe6a990, 0xe6a98f,
    0xe6a994, 0xe6a9af, 0xe6a9a9, 0xe6a9a0, 0xe6a8bc, 0xe6a99e, 0xe6a996, 0xe6a995, 0xe6a98d,
    0xe6a98e, 0xe6a986, 0xe6ad95, 0xe6ad94, 0xe6ad96, 0xe6aea7, 0xe6aeaa, 0xe6aeab, 0xe6af88,
    0xe6af87, 0xe6b084, 0xe6b083, 0xe6b086, 0xe6bead, 0xe6bf8b, 0xe6bea3, 0xe6bf87, 0xe6bebc,
    0xe6bf8e, 0xe6bf88, 0xe6bd9e, 0xe6bf84, 0xe6bebd, 0xe6be9e, 0xe6bf8a, 0xe6bea8, 0xe78084,
    0xe6bea5, 0xe6beae, 0xe6beba, 0xe6beac, 0xe6beaa, 0xe6bf8f, 0xe6bebf, 0xe6beb8, 0xe6bea2,
    0xe6bf89, 0xe6beab, 0xe6bf8d, 0xe6beaf, 0xe6beb2, 0xe6beb0, 0xe78785, 0xe78782, 0xe786bf,
    0xe786b8, 0xe78796, 0xe78780, 0xe78781, 0xe7878b, 0xe78794, 0xe7878a, 0xe78787, 0xe7878f,
    0xe786bd, 0xe78798, 0xe786bc, 0xe78786, 0xe7879a, 0xe7879b, 0xe78a9d, 0xe78a9e, 0xe78da9,
    0xe78da6, 0xe78da7, 0xe78dac, 0xe78da5, 0xe78dab, 0xe78daa, 0xe791bf, 0xe7929a, 0xe792a0,
    0xe79294, 0xe79292, 0xe79295, 0xe792a1, 0xe7948b, 0xe79680, 0xe798af, 0xe798ad, 0xe798b1,
    0xe798bd, 0xe798b3, 0xe798bc, 0xe798b5, 0xe798b2, 0xe798b0, 0xe79abb, 0xe79ba6, 0xe79e9a,
    0xe79e9d, 0xe79ea1, 0xe79e9c, 0xe79e9b, 0xe79ea2, 0xe79ea3, 0xe79e95, 0xe79e99, 0xe79e97,
    0xe7a39d, 0xe7a3a9, 0xe7a3a5, 0xe7a3aa, 0xe7a39e, 0xe7a3a3, 0xe7a39b, 0xe7a3a1, 0xe7a3a2,
    0xe7a3ad, 0xe7a39f, 0xe7a3a0, 0xe7a6a4, 0xe7a984, 0xe7a988, 0xe7a987, 0xe7aab6, 0xe7aab8,
    0xe7aab5, 0xe7aab1, 0xe7aab7, 0xe7af9e, 0xe7afa3, 0xe7afa7, 0xe7af9d, 0xe7af95, 0xe7afa5,
    0xe7af9a, 0xe7afa8, 0xe7afb9, 0xe7af94, 0xe7afaa, 0xe7afa2, 0xe7af9c, 0xe7afab, 0xe7af98,
    0xe7af9f, 0xe7b392, 0xe7b394, 0xe7b397, 0xe7b390, 0xe7b391, 0xe7b892, 0xe7b8a1, 0xe7b897,
    0xe7b88c, 0xe7b89f, 0xe7b8a0, 0xe7b893, 0xe7b88e, 0xe7b89c, 0xe7b895, 0xe7b89a, 0xe7b8a2,
    0xe7b88b, 0xe7b88f, 0xe7b896, 0xe7b88d, 0xe7b894, 0xe7b8a5, 0xe7b8a4, 0xe7bd83, 0xe7bdbb,
    0xe7bdbc, 0xe7bdba, 0xe7beb1, 0xe7bfaf, 0xe880aa, 0xe880a9, 0xe881ac, 0xe886b1, 0xe886a6,
    0xe886ae, 0xe886b9, 0xe886b5, 0xe886ab, 0xe886b0, 0xe886ac, 0xe886b4, 0xe886b2, 0xe886b7,
    0xe886a7, 0xe887b2, 0xe88995, 0xe88996, 0xe88997, 0xe89596, 0xe89585, 0xe895ab, 0xe8958d,
    0xe89593, 0xe895a1, 0xe89598, 0xe89580, 0xe89586, 0xe895a4, 0xe89581, 0xe895a2, 0xe89584,
    0xe89591, 0xe89587, 0xe895a3, 0xe894be, 0xe8959b, 0xe895b1, 0xe8958e, 0xe895ae, 0xe895b5,
    0xe89595, 0xe895a7, 0xe895a0, 0xe8968c, 0xe895a6, 0xe8959d, 0xe89594, 0xe895a5, 0xe895ac,
    0xe899a3, 0xe899a5, 0xe899a4, 0xe89ea4, 0xe89e9b, 0xe89e8f, 0xe89e97, 0xe89e93, 0xe89e92,
    0xe89e88, 0xe89e81, 0xe89e96, 0xe89e98, 0xe89db9, 0xe89e87, 0xe89ea3, 0xe89e85, 0xe89e90,
    0xe89e91, 0xe89e9d, 0xe89e84, 0xe89e94, 0xe89e9c, 0xe89e9a, 0xe89e89, 0xe8a49e, 0xe8a4a6,
    0xe8a4b0, 0xe8a4ad, 0xe8a4ae, 0xe8a4a7, 0xe8a4b1, 0xe8a4a2, 0xe8a4a9, 0xe8a4a3, 0xe8a4af,
    0xe8a4ac, 0xe8a49f, 0xe8a7b1, 0xe8aba0, 0xe8aba2, 0xe8abb2, 0xe8abb4, 0xe8abb5, 0xe8ab9d,
    0xe8ac94, 0xe8aba4, 0xe8ab9f, 0xe8abb0, 0xe8ab88, 0xe8ab9e, 0xe8aba1, 0xe8aba8, 0xe8abbf,
    0xe8abaf, 0xe8abbb, 0xe8b291, 0xe8b292, 0xe8b290, 0xe8b3b5, 0xe8b3ae, 0xe8b3b1, 0xe8b3b0,
    0xe8b3b3, 0xe8b5ac, 0xe8b5ae, 0xe8b6a5, 0xe8b6a7, 0xe8b8b3, 0xe8b8be, 0xe8b8b8, 0xe8b980,
    0xe8b985, 0xe8b8b6, 0xe8b8bc, 0xe8b8bd, 0xe8b981, 0xe8b8b0, 0xe8b8bf, 0xe8babd, 0xe8bcb6,
    0xe8bcae, 0xe8bcb5, 0xe8bcb2, 0xe8bcb9, 0xe8bcb7, 0xe8bcb4, 0xe981b6, 0xe981b9, 0xe981bb,
    0xe98286, 0xe983ba, 0xe984b3, 0xe984b5, 0xe984b6, 0xe98693, 0xe98690, 0xe98691, 0xe9868d,
    0xe9868f, 0xe98ca7, 0xe98c9e, 0xe98c88, 0xe98c9f, 0xe98c86, 0xe98c8f, 0xe98dba, 0xe98cb8,
    0xe98cbc, 0xe98c9b, 0xe98ca3, 0xe98c92, 0xe98c81, 0xe98d86, 0xe98cad, 0xe98c8e, 0xe98c8d,
    0xe98b8b, 0xe98c9d, 0xe98bba, 0xe98c93, 0xe98bb9, 0xe98bb7, 0xe98cb4, 0xe98c82, 0xe98ca4,
    0xe98bbf, 0xe98ca9, 0xe98cb9, 0xe98cb5, 0xe98caa, 0xe98c94, 0xe98c8c, 0xe98c8b, 0xe98bbe,
    0xe98c89, 0xe98c80, 0xe98bbb, 0xe98c96, 0xe996bc, 0xe9978d, 0xe996be, 0xe996b9, 0xe996ba,
    0xe996b6, 0xe996bf, 0xe996b5, 0xe996bd, 0xe99aa9, 0xe99b94, 0xe99c8b, 0xe99c92, 0xe99c90,
    0xe99e99, 0xe99e97, 0xe99e94, 0xe99fb0, 0xe99fb8, 0xe9a0b5, 0xe9a0af, 0xe9a0b2, 0xe9a4a4,
    0xe9a49f, 0xe9a4a7, 0xe9a4a9, 0xe9a69e, 0xe9a7ae, 0xe9a7ac, 0xe9a7a5, 0xe9a7a4, 0xe9a7b0,
    0xe9a7a3, 0xe9a7aa, 0xe9a7a9, 0xe9a7a7, 0xe9aab9, 0xe9aabf, 0xe9aab4, 0xe9aabb, 0xe9abb6,
    0xe9abba, 0xe9abb9, 0xe9abb7, 0xe9acb3, 0xe9ae80, 0xe9ae85, 0xe9ae87, 0xe9adbc, 0xe9adbe,
    0xe9adbb, 0xe9ae82, 0xe9ae93, 0xe9ae92, 0xe9ae90, 0xe9adba, 0xe9ae95, 0xe9adbd, 0xe9ae88,
    0xe9b4a5, 0xe9b497, 0xe9b4a0, 0xe9b49e, 0xe9b494, 0xe9b4a9, 0xe9b49d, 0xe9b498, 0xe9b4a2,
    0xe9b490, 0xe9b499, 0xe9b49f, 0xe9ba88, 0xe9ba86, 0xe9ba87, 0xe9baae, 0xe9baad, 0xe9bb95,
    0xe9bb96, 0xe9bbba, 0xe9bc92, 0xe9bcbd, 0xe584a6, 0xe584a5, 0xe584a2, 0xe584a4, 0xe584a0,
    0xe584a9, 0xe58bb4, 0xe59a93, 0xe59a8c, 0xe59a8d, 0xe59a86, 0xe59a84, 0xe59a83, 0xe599be,
    0xe59a82, 0xe599bf, 0xe59a81, 0xe5a396, 0xe5a394, 0xe5a38f, 0xe5a392, 0xe5acad, 0xe5aca5,
    0xe5acb2, 0xe5aca3, 0xe5acac, 0xe5aca7, 0xe5aca6, 0xe5acaf, 0xe5acae, 0xe5adbb, 0xe5afb1,
    0xe5afb2, 0xe5b6b7, 0xe5b9ac, 0xe5b9aa, 0xe5bebe, 0xe68783, 0xe686b5, 0xe686bc, 0xe687a7,
    0xe687a0, 0xe687a5, 0xe687a4, 0xe687a8, 0xe6879e, 0xe693af, 0xe693a9, 0xe693a3, 0xe693ab,
    0xe693a4, 0xe693a8, 0xe69681, 0xe69680, 0xe696b6, 0xe6979a, 0xe69b92, 0xe6aa8d, 0xe6aa96,
    0xe6aa81, 0xe6aaa5, 0xe6aa89, 0xe6aa9f, 0xe6aa9b, 0xe6aaa1, 0xe6aa9e, 0xe6aa87, 0xe6aa93,
    0xe6aa8e, 0xe6aa95, 0xe6aa83, 0xe6aaa8, 0xe6aaa4, 0xe6aa91, 0xe6a9bf, 0xe6aaa6, 0xe6aa9a,
    0xe6aa85, 0xe6aa8c, 0xe6aa92, 0xe6ad9b, 0xe6aead, 0xe6b089, 0xe6bf8c, 0xe6bea9, 0xe6bfb4,
    0xe6bf94, 0xe6bfa3, 0xe6bf9c, 0xe6bfad, 0xe6bfa7, 0xe6bfa6, 0xe6bf9e, 0xe6bfb2, 0xe6bf9d,
    0xe6bfa2, 0xe6bfa8, 0xe787a1, 0xe787b1, 0xe787a8, 0xe787b2, 0xe787a4, 0xe787b0, 0xe787a2,
    0xe78db3, 0xe78dae, 0xe78daf, 0xe79297, 0xe792b2, 0xe792ab, 0xe79290, 0xe792aa, 0xe792ad,
    0xe792b1, 0xe792a5, 0xe792af, 0xe79490, 0xe79491, 0xe79492, 0xe7948f, 0xe79684, 0xe79983,
    0xe79988, 0xe79989, 0xe79987, 0xe79aa4, 0xe79ba9, 0xe79eb5, 0xe79eab, 0xe79eb2, 0xe79eb7,
    0xe79eb6, 0xe79eb4, 0xe79eb1, 0xe79ea8, 0xe79fb0, 0xe7a3b3, 0xe7a3bd, 0xe7a482, 0xe7a3bb,
    0xe7a3bc, 0xe7a3bf, 0xe7a3b2, 0xe7a485, 0xe7a3b9, 0xe7a3be, 0xe7a484, 0xe7a6ab, 0xe7a6a8,
    0xe7a99c, 0xe7a99b, 0xe7a996, 0xe7a998, 0xe7a994, 0xe7a99a, 0xe7aabe, 0xe7ab80, 0xe7ab81,
    0xe7b085, 0xe7b08f, 0xe7afb2, 0xe7b080, 0xe7afbf, 0xe7afbb, 0xe7b08e, 0xe7afb4, 0xe7b08b,
    0xe7afb3, 0xe7b082, 0xe7b089, 0xe7b083, 0xe7b081, 0xe7afb8, 0xe7afbd, 0xe7b086, 0xe7afb0,
    0xe7afb1, 0xe7b090, 0xe7b08a, 0xe7b3a8, 0xe7b8ad, 0xe7b8bc, 0xe7b982, 0xe7b8b3, 0xe9a188,
    0xe7b8b8, 0xe7b8aa, 0xe7b989, 0xe7b980, 0xe7b987, 0xe7b8a9, 0xe7b98c, 0xe7b8b0, 0xe7b8bb,
    0xe7b8b6, 0xe7b984, 0xe7b8ba, 0xe7bd85, 0xe7bdbf, 0xe7bdbe, 0xe7bdbd, 0xe7bfb4, 0xe7bfb2,
    0xe880ac, 0xe886bb, 0xe88784, 0xe8878c, 0xe8878a, 0xe88785, 0xe88787, 0xe886bc, 0xe887a9,
    0xe8899b, 0xe8899a, 0xe8899c, 0xe89683, 0xe89680, 0xe8968f, 0xe896a7, 0xe89695, 0xe896a0,
    0xe8968b, 0xe896a3, 0xe895bb, 0xe896a4, 0xe8969a, 0xe8969e, 0xe895b7, 0xe895bc, 0xe89689,
    0xe896a1, 0xe895ba, 0xe895b8, 0xe89597, 0xe8968e, 0xe89696, 0xe89686, 0xe8968d, 0xe89699,
    0xe8969d, 0xe89681, 0xe896a2, 0xe89682, 0xe89688, 0xe89685, 0xe895b9, 0xe895b6, 0xe89698,
    0xe89690, 0xe8969f, 0xe899a8, 0xe89ebe, 0xe89eaa, 0xe89ead, 0xe89f85, 0xe89eb0, 0xe89eac,
    0xe89eb9, 0xe89eb5, 0xe89ebc, 0xe89eae, 0xe89f89, 0xe89f83, 0xe89f82, 0xe89f8c, 0xe89eb7,
    0xe89eaf, 0xe89f84, 0xe89f8a, 0xe89eb4, 0xe89eb6, 0xe89ebf, 0xe89eb8, 0xe89ebd, 0xe89f9e,
    0xe89eb2, 0xe8a4b5, 0xe8a4b3, 0xe8a4bc, 0xe8a4be, 0xe8a581, 0xe8a592, 0xe8a4b7, 0xe8a582,
    0xe8a6ad, 0xe8a6af, 0xe8a6ae, 0xe8a7b2, 0xe8a7b3, 0xe8ac9e, 0xe8ac98, 0xe8ac96, 0xe8ac91,
    0xe8ac85, 0xe8ac8b, 0xe8aca2, 0xe8ac8f, 0xe8ac92, 0xe8ac95, 0xe8ac87, 0xe8ac8d, 0xe8ac88,
    0xe8ac86, 0xe8ac9c, 0xe8ac93, 0xe8ac9a, 0xe8b18f, 0xe8b1b0, 0xe8b1b2, 0xe8b1b1, 0xe8b1af,
    0xe8b295, 0xe8b294, 0xe8b3b9, 0xe8b5af, 0xe8b98e, 0xe8b98d, 0xe8b993, 0xe8b990, 0xe8b98c,
    0xe8b987, 0xe8bd83, 0xe8bd80, 0xe98285, 0xe981be, 0xe984b8, 0xe9869a, 0xe986a2, 0xe9869b,
    0xe98699, 0xe9869f, 0xe986a1, 0xe9869d, 0xe986a0, 0xe98ea1, 0xe98e83, 0xe98eaf, 0xe98da4,
    0xe98d96, 0xe98d87, 0xe98dbc, 0xe98d98, 0xe98d9c, 0xe98db6, 0xe98d89, 0xe98d90, 0xe98d91,
    0xe98da0, 0xe98dad, 0xe98e8f, 0xe98d8c, 0xe98daa, 0xe98db9, 0xe98d97, 0xe98d95, 0xe98d92,
    0xe98d8f, 0xe98db1, 0xe98db7, 0xe98dbb, 0xe98da1, 0xe98d9e, 0xe98da3, 0xe98da7, 0xe98d8e,
    0xe98d99, 0xe99787, 0xe99780, 0xe99789, 0xe99783, 0xe99785, 0xe996b7, 0xe99aae, 0xe99ab0,
    0xe99aac, 0xe99ca0, 0xe99c9f, 0xe99c98, 0xe99c9d, 0xe99c99, 0xe99e9a, 0xe99ea1, 0xe99e9c,
    0xe99e9e, 0xe99e9d, 0xe99f95, 0xe99f94, 0xe99fb1, 0xe9a181, 0xe9a184, 0xe9a18a, 0xe9a189,
    0xe9a185, 0xe9a183, 0xe9a4a5, 0xe9a4ab, 0xe9a4ac, 0xe9a4aa, 0xe9a4b3, 0xe9a4b2, 0xe9a4af,
    0xe9a4ad, 0xe9a4b1, 0xe9a4b0, 0xe9a698, 0xe9a6a3, 0xe9a6a1, 0xe9a882, 0xe9a7ba, 0xe9a7b4,
    0xe9a7b7, 0xe9a7b9, 0xe9a7b8, 0xe9a7b6, 0xe9a7bb, 0xe9a7bd, 0xe9a7be, 0xe9a7bc, 0xe9a883,
    0xe9aabe, 0xe9abbe, 0xe9abbd, 0xe9ac81, 0xe9abbc, 0xe9ad88, 0xe9ae9a, 0xe9aea8, 0xe9ae9e,
    0xe9ae9b, 0xe9aea6, 0xe9aea1, 0xe9aea5, 0xe9aea4, 0xe9ae86, 0xe9aea2, 0xe9aea0, 0xe9aeaf,
    0xe9b4b3, 0xe9b581, 0xe9b5a7, 0xe9b4b6, 0xe9b4ae, 0xe9b4af, 0xe9b4b1, 0xe9b4b8, 0xe9b4b0,
    0xe9b585, 0xe9b582, 0xe9b583, 0xe9b4be, 0xe9b4b7, 0xe9b580, 0xe9b4bd, 0xe7bfb5, 0xe9b4ad,
    0xe9ba8a, 0xe9ba89, 0xe9ba8d, 0xe9bab0, 0xe9bb88, 0xe9bb9a, 0xe9bbbb, 0xe9bbbf, 0xe9bca4,
    0xe9bca3, 0xe9bca2, 0xe9bd94, 0xe9bea0, 0xe584b1, 0xe584ad, 0xe584ae, 0xe59a98, 0xe59a9c,
    0xe59a97, 0xe59a9a, 0xe59a9d, 0xe59a99, 0xe5a5b0, 0xe5acbc, 0xe5b1a9, 0xe5b1aa, 0xe5b780,
    0xe5b9ad, 0xe5b9ae, 0xe68798, 0xe6879f, 0xe687ad, 0xe687ae, 0xe687b1, 0xe687aa, 0xe687b0,
    0xe687ab, 0xe68796, 0xe687a9, 0xe693bf, 0xe69484, 0xe693bd, 0xe693b8, 0xe69481, 0xe69483,
    0xe693bc, 0xe69694, 0xe6979b, 0xe69b9a, 0xe69b9b, 0xe69b98, 0xe6ab85, 0xe6aab9, 0xe6aabd,
    0xe6aba1, 0xe6ab86, 0xe6aaba, 0xe6aab6, 0xe6aab7, 0xe6ab87, 0xe6aab4, 0xe6aaad, 0xe6ad9e,
    0xe6af89, 0xe6b08b, 0xe78087, 0xe7808c, 0xe7808d, 0xe78081, 0xe78085, 0xe78094, 0xe7808e,
    0xe6bfbf, 0xe78080, 0xe6bfbb, 0xe780a6, 0xe6bfbc, 0xe6bfb7, 0xe7808a, 0xe78881, 0xe787bf,
    0xe787b9, 0xe78883, 0xe787bd, 0xe78db6, 0xe792b8, 0xe79380, 0xe792b5, 0xe79381, 0xe792be,
    0xe792b6, 0xe792bb, 0xe79382, 0xe79494, 0xe79493, 0xe7999c, 0xe799a4, 0xe79999, 0xe79990,
    0xe79993, 0xe79997, 0xe7999a, 0xe79aa6, 0xe79abd, 0xe79bac, 0xe79f82, 0xe79eba, 0xe7a48c,
    0xe7a493, 0xe7a494, 0xe7a489, 0xe7a490, 0xe7a492, 0xe7a491, 0xe7a6ad, 0xe7a6ac, 0xe7a99f,
    0xe7b09c, 0xe7b0a9, 0xe7b099, 0xe7b0a0, 0xe7b09f, 0xe7b0ad, 0xe7b09d, 0xe7b0a6, 0xe7b0a8,
    0xe7b0a2, 0xe7b0a5, 0xe7b0b0, 0xe7b99c, 0xe7b990, 0xe7b996, 0xe7b9a3, 0xe7b998, 0xe7b9a2,
    0xe7b99f, 0xe7b991, 0xe7b9a0, 0xe7b997, 0xe7b993, 0xe7beb5, 0xe7beb3, 0xe7bfb7, 0xe7bfb8,
    0xe881b5, 0xe88791, 0xe88792, 0xe88790, 0xe8899f, 0xe8899e, 0xe896b4, 0xe89786, 0xe89780,
    0xe89783, 0xe89782, 0xe896b3, 0xe896b5, 0xe896bd, 0xe89787, 0xe89784, 0xe896bf, 0xe8978b,
    0xe8978e, 0xe89788, 0xe89785, 0xe896b1, 0xe896b6, 0xe89792, 0xe898a4, 0xe896b8, 0xe896b7,
    0xe896be, 0xe899a9, 0xe89fa7, 0xe89fa6, 0xe89fa2, 0xe89f9b, 0xe89fab, 0xe89faa, 0xe89fa5,
    0xe89f9f, 0xe89fb3, 0xe89fa4, 0xe89f94, 0xe89f9c, 0xe89f93, 0xe89fad, 0xe89f98, 0xe89fa3,
    0xe89f97, 0xe89f99, 0xe8a081, 0xe89fb4, 0xe89fa8, 0xe89f9d, 0xe8a593, 0xe8a58b, 0xe8a58f,
    0xe8a58c, 0xe8a586, 0xe8a590, 0xe8a591, 0xe8a589, 0xe8acaa, 0xe8aca7, 0xe8aca3, 0xe8acb3,
    0xe8acb0, 0xe8acb5, 0xe8ad87, 0xe8acaf, 0xe8acbc, 0xe8acbe, 0xe8acb1, 0xe8aca5, 0xe8acb7,
    0xe8aca6, 0xe8acb6, 0xe8acae, 0xe8aca4, 0xe8acbb, 0xe8acbd, 0xe8acba, 0xe8b182, 0xe8b1b5,
    0xe8b299, 0xe8b298, 0xe8b297, 0xe8b3be, 0xe8b484, 0xe8b482, 0xe8b480, 0xe8b99c, 0xe8b9a2,
    0xe8b9a0, 0xe8b997, 0xe8b996, 0xe8b99e, 0xe8b9a5, 0xe8b9a7, 0xe8b99b, 0xe8b99a, 0xe8b9a1,
    0xe8b99d, 0xe8b9a9, 0xe8b994, 0xe8bd86, 0xe8bd87, 0xe8bd88, 0xe8bd8b, 0xe984a8, 0xe984ba,
    0xe984bb, 0xe984be, 0xe986a8, 0xe986a5, 0xe986a7, 0xe986af, 0xe986aa, 0xe98eb5, 0xe98e8c,
    0xe98e92, 0xe98eb7, 0xe98e9b, 0xe98e9d, 0xe98e89, 0xe98ea7, 0xe98e8e, 0xe98eaa, 0xe98e9e,
    0xe98ea6, 0xe98e95, 0xe98e88, 0xe98e99, 0xe98e9f, 0xe98e80, 0xe98e8d, 0xe98eb1, 0xe98e91,
    0xe98eb2, 0xe98ea4, 0xe98ea8, 0xe98eb4, 0xe98ea3, 0xe99792, 0xe99793, 0xe99791, 0xe99ab3,
    0xe99b97, 0xe99b9a, 0xe5b782, 0xe99b9f, 0xe99b98, 0xe99b9d, 0xe99ca3, 0xe99ca2, 0xe99ca5,
    0xe99eac, 0xe99eae, 0xe99ea8, 0xe99eab, 0xe99ea4, 0xe99eaa, 0xe99ea2, 0xe99ea5, 0xe99f97,
    0xe99f99, 0xe99f96, 0xe99f98, 0xe99fba, 0xe9a190, 0xe9a191, 0xe9a192, 0xe9a2b8, 0xe9a581,
    0xe9a4bc, 0xe9a4ba, 0xe9a88f, 0xe9a88b, 0xe9a889, 0xe9a88d, 0xe9a884, 0xe9a891, 0xe9a88a,
    0xe9a885, 0xe9a887, 0xe9a886, 0xe9ab80, 0xe9ab9c, 0xe9ac88, 0xe9ac84, 0xe9ac85, 0xe9aca9,
    0xe9acb5, 0xe9ad8a, 0xe9ad8c, 0xe9ad8b, 0xe9af87, 0xe9af86, 0xe9af83, 0xe9aebf, 0xe9af81,
    0xe9aeb5, 0xe9aeb8, 0xe9af93, 0xe9aeb6, 0xe9af84, 0xe9aeb9, 0xe9aebd, 0xe9b59c, 0xe9b593,
    0xe9b58f, 0xe9b58a, 0xe9b59b, 0xe9b58b, 0xe9b599, 0xe9b596, 0xe9b58c, 0xe9b597, 0xe9b592,
    0xe9b594, 0xe9b59f, 0xe9b598, 0xe9b59a, 0xe9ba8e, 0xe9ba8c, 0xe9bb9f, 0xe9bc81, 0xe9bc80,
    0xe9bc96, 0xe9bca5, 0xe9bcab, 0xe9bcaa, 0xe9bca9, 0xe9bca8, 0xe9bd8c, 0xe9bd95, 0xe584b4,
    0xe584b5, 0xe58a96, 0xe58bb7, 0xe58eb4, 0xe59aab, 0xe59aad, 0xe59aa6, 0xe59aa7, 0xe59aaa,
    0xe59aac, 0xe5a39a, 0xe5a39d, 0xe5a39b, 0xe5a492, 0xe5acbd, 0xe5acbe, 0xe5acbf, 0xe5b783,
    0xe5b9b0, 0xe5bebf, 0xe687bb, 0xe69487, 0xe69490, 0xe6948d, 0xe69489, 0xe6948c, 0xe6948e,
    0xe69684, 0xe6979e, 0xe6979d, 0xe69b9e, 0xe6aba7, 0xe6aba0, 0xe6ab8c, 0xe6ab91, 0xe6ab99,
    0xe6ab8b, 0xe6ab9f, 0xe6ab9c, 0xe6ab90, 0xe6abab, 0xe6ab8f, 0xe6ab8d, 0xe6ab9e, 0xe6ada0,
    0xe6aeb0, 0xe6b08c, 0xe78099, 0xe780a7, 0xe780a0, 0xe78096, 0xe780ab, 0xe780a1, 0xe780a2,
    0xe780a3, 0xe780a9, 0xe78097, 0xe780a4, 0xe7809c, 0xe7888c, 0xe7888a, 0xe78887, 0xe78882,
    0xe78885, 0xe78aa5, 0xe78aa6, 0xe78aa4, 0xe78aa3, 0xe78aa1, 0xe7938b, 0xe79385, 0xe792b7,
    0xe79383, 0xe79496, 0xe799a0, 0xe79f89, 0xe79f8a, 0xe79f84, 0xe79fb1, 0xe7a49d, 0xe7a49b,
    0xe7a4a1, 0xe7a49c, 0xe7a497, 0xe7a49e, 0xe7a6b0, 0xe7a9a7, 0xe7a9a8, 0xe7b0b3, 0xe7b0bc,
    0xe7b0b9, 0xe7b0ac, 0xe7b0bb, 0xe7b3ac, 0xe7b3aa, 0xe7b9b6, 0xe7b9b5, 0xe7b9b8, 0xe7b9b0,
    0xe7b9b7, 0xe7b9af, 0xe7b9ba, 0xe7b9b2, 0xe7b9b4, 0xe7b9a8, 0xe7bd8b, 0xe7bd8a, 0xe7be83,
    0xe7be86, 0xe7beb7, 0xe7bfbd, 0xe7bfbe, 0xe881b8, 0xe88797, 0xe88795, 0xe8888b, 0xe889a4,
    0xe889a1, 0xe889a3, 0xe897ab, 0xe897b1, 0xe897ad, 0xe89799, 0xe897a1, 0xe897a8, 0xe8979a,
    0xe89797, 0xe897ac, 0xe897b2, 0xe897b8, 0xe89798, 0xe8979f, 0xe897a3, 0xe8979c, 0xe89791,
    0xe897b0, 0xe897a6, 0xe897af, 0xe8979e, 0xe897a2, 0xe8a080, 0xe89fba, 0xe8a083, 0xe89fb6,
    0xe89fb7, 0xe8a089, 0xe8a08c, 0xe8a08b, 0xe8a086, 0xe89fbc, 0xe8a088, 0xe89fbf, 0xe8a08a,
    0xe8a082, 0xe8a5a2, 0xe8a59a, 0xe8a59b, 0xe8a597, 0xe8a5a1, 0xe8a59c, 0xe8a598, 0xe8a59d,
    0xe8a599, 0xe8a688, 0xe8a6b7, 0xe8a6b6, 0xe8a7b6, 0xe8ad90, 0xe8ad88, 0xe8ad8a, 0xe8ad80,
    0xe8ad93, 0xe8ad96, 0xe8ad94, 0xe8ad8b, 0xe8ad95, 0xe8ad91, 0xe8ad82, 0xe8ad92, 0xe8ad97,
    0xe8b183, 0xe8b1b7, 0xe8b1b6, 0xe8b29a, 0xe8b486, 0xe8b487, 0xe8b489, 0xe8b6ac, 0xe8b6aa,
    0xe8b6ad, 0xe8b6ab, 0xe8b9ad, 0xe8b9b8, 0xe8b9b3, 0xe8b9aa, 0xe8b9af, 0xe8b9bb, 0xe8bb82,
    0xe8bd92, 0xe8bd91, 0xe8bd8f, 0xe8bd90, 0xe8bd93, 0xe8beb4, 0xe98580, 0xe984bf, 0xe986b0,
    0xe986ad, 0xe98f9e, 0xe98f87, 0xe98f8f, 0xe98f82, 0xe98f9a, 0xe98f90, 0xe98fb9, 0xe98fac,
    0xe98f8c, 0xe98f99, 0xe98ea9, 0xe98fa6, 0xe98f8a, 0xe98f94, 0xe98fae, 0xe98fa3, 0xe98f95,
    0xe98f84, 0xe98f8e, 0xe98f80, 0xe98f92, 0xe98ea5, 0xe98fa7, 0xe995bd, 0xe9979a, 0xe9979b,
    0xe99ba1, 0xe99ca9, 0xe99cab, 0xe99cac, 0xe99ca8, 0xe99ca6, 0xe99eb3, 0xe99eb7, 0xe99eb6,
    0xe99f9d, 0xe99f9e, 0xe99f9f, 0xe9a19c, 0xe9a199, 0xe9a19d, 0xe9a197, 0xe9a2bf, 0xe9a2bd,
    0xe9a2bb, 0xe9a2be, 0xe9a588, 0xe9a587, 0xe9a583, 0xe9a6a6, 0xe9a6a7, 0xe9a89a, 0xe9a895,
    0xe9a8a5, 0xe9a89d, 0xe9a8a4, 0xe9a89b, 0xe9a8a2, 0xe9a8a0, 0xe9a8a7, 0xe9a8a3, 0xe9a89e,
    0xe9a89c, 0xe9a894, 0xe9ab82, 0xe9ac8b, 0xe9ac8a, 0xe9ac8e, 0xe9ac8c, 0xe9acb7, 0xe9afaa,
    0xe9afab, 0xe9afa0, 0xe9af9e, 0xe9afa4, 0xe9afa6, 0xe9afa2, 0xe9afb0, 0xe9af94, 0xe9af97,
    0xe9afac, 0xe9af9c, 0xe9af99, 0xe9afa5, 0xe9af95, 0xe9afa1, 0xe9af9a, 0xe9b5b7, 0xe9b681,
    0xe9b68a, 0xe9b684, 0xe9b688, 0xe9b5b1, 0xe9b680, 0xe9b5b8, 0xe9b686, 0xe9b68b, 0xe9b68c,
    0xe9b5bd, 0xe9b5ab, 0xe9b5b4, 0xe9b5b5, 0xe9b5b0, 0xe9b5a9, 0xe9b685, 0xe9b5b3, 0xe9b5bb,
    0xe9b682, 0xe9b5af, 0xe9b5b9, 0xe9b5bf, 0xe9b687, 0xe9b5a8, 0xe9ba94, 0xe9ba91, 0xe9bb80,
    0xe9bbbc, 0xe9bcad, 0xe9bd80, 0xe9bd81, 0xe9bd8d, 0xe9bd96, 0xe9bd97, 0xe9bd98, 0xe58cb7,
    0xe59ab2, 0xe59ab5, 0xe59ab3, 0xe5a3a3, 0xe5ad85, 0xe5b786, 0xe5b787, 0xe5bbae, 0xe5bbaf,
    0xe5bf80, 0xe5bf81, 0xe687b9, 0xe69497, 0xe69496, 0xe69495, 0xe69493, 0xe6979f, 0xe69ba8,
    0xe69ba3, 0xe69ba4, 0xe6abb3, 0xe6abb0, 0xe6abaa, 0xe6aba8, 0xe6abb9, 0xe6abb1, 0xe6abae,
    0xe6abaf, 0xe780bc, 0xe780b5, 0xe780af, 0xe780b7, 0xe780b4, 0xe780b1, 0xe78182, 0xe780b8,
    0xe780bf, 0xe780ba, 0xe780b9, 0xe780aa, 0xe78180, 0xe780bb, 0xe780b3, 0xe78181, 0xe78893,
    0xe78894, 0xe78aa8, 0xe78dbd, 0xe78dbc, 0xe792ba, 0xe79aab, 0xe79aaa, 0xe79abe, 0xe79bad,
    0xe79f8c, 0xe79f8e, 0xe79f8f, 0xe79f8d, 0xe79fb2, 0xe7a4a5, 0xe7a4a3, 0xe7a4a7, 0xe7a4a8,
    0xe7a4a4, 0xe7a4a9, 0xe7a6b2, 0xe7a9ae, 0xe7a9ac, 0xe7a9ad, 0xe7abb7, 0xe7b189, 0xe7b188,
    0xe7b18a, 0xe7b187, 0xe7b185, 0xe7b3ae, 0xe7b9bb, 0xe7b9be, 0xe7ba81, 0xe7ba80, 0xe7beba,
    0xe7bfbf, 0xe881b9, 0xe8879b, 0xe88799, 0xe889a8, 0xe889a9, 0xe898a2, 0xe897bf, 0xe89881,
    0xe897be, 0xe8989b, 0xe89880, 0xe897b6, 0xe89884, 0xe89889, 0xe89885, 0xe8988c, 0xe897bd,
    0xe8a099, 0xe8a090, 0xe8a091, 0xe8a097, 0xe8a093, 0xe8a096, 0xe8a5a3, 0xe8a5a6, 0xe8a6b9,
    0xe8a7b7, 0xe8ada0, 0xe8adaa, 0xe8ad9d, 0xe8ada8, 0xe8ada3, 0xe8ada5, 0xe8ada7, 0xe8adad,
    0xe8b6ae, 0xe8ba86, 0xe8ba88, 0xe8ba84, 0xe8bd99, 0xe8bd96, 0xe8bd97, 0xe8bd95, 0xe8bd98,
    0xe8bd9a, 0xe9828d, 0xe98583, 0xe98581, 0xe986b7, 0xe986b5, 0xe986b2, 0xe986b3, 0xe9908b,
    0xe99093, 0xe98fbb, 0xe990a0, 0xe9908f, 0xe99094, 0xe98fbe, 0xe99095, 0xe99090, 0xe990a8,
    0xe99099, 0xe9908d, 0xe98fb5, 0xe99080, 0xe98fb7, 0xe99087, 0xe9908e, 0xe99096, 0xe99092,
    0xe98fba, 0xe99089, 0xe98fb8, 0xe990bc, 0xe9908a, 0xe98fbf, 0xe98fbc, 0xe9908c, 0xe98fb6,
    0xe99091, 0xe99086, 0xe9979e, 0xe997a0, 0xe9979f, 0xe99cae, 0xe99caf, 0xe99eb9, 0xe99ebb,
    0xe99fbd, 0xe99fbe, 0xe9a1a0, 0xe9a1a2, 0xe9a1a3, 0xe9a19f, 0xe9a381, 0xe9a382, 0xe9a590,
    0xe9a58e, 0xe9a599, 0xe9a58c, 0xe9a58b, 0xe9a593, 0xe9a8b2, 0xe9a8b4, 0xe9a8b1, 0xe9a8ac,
    0xe9a8aa, 0xe9a8b6, 0xe9a8a9, 0xe9a8ae, 0xe9a8b8, 0xe9a8ad, 0xe9ab87, 0xe9ab8a, 0xe9ab86,
    0xe9ac90, 0xe9ac92, 0xe9ac91, 0xe9b08b, 0xe9b088, 0xe9afb7, 0xe9b085, 0xe9b092, 0xe9afb8,
    0xe9b180, 0xe9b087, 0xe9b08e, 0xe9b086, 0xe9b097, 0xe9b094, 0xe9b089, 0xe9b69f, 0xe9b699,
    0xe9b6a4, 0xe9b69d, 0xe9b692, 0xe9b698, 0xe9b690, 0xe9b69b, 0xe9b6a0, 0xe9b694, 0xe9b69c,
    0xe9b6aa, 0xe9b697, 0xe9b6a1, 0xe9b69a, 0xe9b6a2, 0xe9b6a8, 0xe9b69e, 0xe9b6a3, 0xe9b6bf,
    0xe9b6a9, 0xe9b696, 0xe9b6a6, 0xe9b6a7, 0xe9ba99, 0xe9ba9b, 0xe9ba9a, 0xe9bba5, 0xe9bba4,
    0xe9bba7, 0xe9bba6, 0xe9bcb0, 0xe9bcae, 0xe9bd9b, 0xe9bda0, 0xe9bd9e, 0xe9bd9d, 0xe9bd99,
    0xe9be91, 0xe584ba, 0xe584b9, 0xe58a98, 0xe58a97, 0xe59b83, 0xe59abd, 0xe59abe, 0xe5ad88,
    0xe5ad87, 0xe5b78b, 0xe5b78f, 0xe5bbb1, 0xe687bd, 0xe6949b, 0xe6ac82, 0xe6abbc, 0xe6ac83,
    0xe6abb8, 0xe6ac80, 0xe78183, 0xe78184, 0xe7818a, 0xe78188, 0xe78189, 0xe78185, 0xe78186,
    0xe7889d, 0xe7889a, 0xe78899, 0xe78dbe, 0xe79497, 0xe799aa, 0xe79f90, 0xe7a4ad, 0xe7a4b1,
    0xe7a4af, 0xe7b194, 0xe7b193, 0xe7b3b2, 0xe7ba8a, 0xe7ba87, 0xe7ba88, 0xe7ba8b, 0xe7ba86,
    0xe7ba8d, 0xe7bd8d, 0xe7bebb, 0xe880b0, 0xe8879d, 0xe89898, 0xe898aa, 0xe898a6, 0xe8989f,
    0xe898a3, 0xe8989c, 0xe89899, 0xe898a7, 0xe898ae, 0xe898a1, 0xe898a0, 0xe898a9, 0xe8989e,
    0xe898a5, 0xe8a0a9, 0xe8a09d, 0xe8a09b, 0xe8a0a0, 0xe8a0a4, 0xe8a09c, 0xe8a0ab, 0xe8a18a,
    0xe8a5ad, 0xe8a5a9, 0xe8a5ae, 0xe8a5ab, 0xe8a7ba, 0xe8adb9, 0xe8adb8, 0xe8ad85, 0xe8adba,
    0xe8adbb, 0xe8b490, 0xe8b494, 0xe8b6af, 0xe8ba8e, 0xe8ba8c, 0xe8bd9e, 0xe8bd9b, 0xe8bd9d,
    0xe98586, 0xe98584, 0xe98585, 0xe986b9, 0xe990bf, 0xe990bb, 0xe990b6, 0xe990a9, 0xe990bd,
    0xe990b0, 0xe990b9, 0xe990aa, 0xe990b7, 0xe990ac, 0xe99180, 0xe990b1, 0xe997a5, 0xe997a4,
    0xe997a3, 0xe99cb5, 0xe99cba, 0xe99ebf, 0xe99fa1, 0xe9a1a4, 0xe9a389, 0xe9a386, 0xe9a380,
    0xe9a598, 0xe9a596, 0xe9a8b9, 0xe9a8bd, 0xe9a986, 0xe9a984, 0xe9a982, 0xe9a981, 0xe9a8ba,
    0xe9a8bf, 0xe9ab8d, 0xe9ac95, 0xe9ac97, 0xe9ac98, 0xe9ac96, 0xe9acba, 0xe9ad92, 0xe9b0ab,
    0xe9b09d, 0xe9b09c, 0xe9b0ac, 0xe9b0a3, 0xe9b0a8, 0xe9b0a9, 0xe9b0a4, 0xe9b0a1, 0xe9b6b7,
    0xe9b6b6, 0xe9b6bc, 0xe9b781, 0xe9b787, 0xe9b78a, 0xe9b78f, 0xe9b6be, 0xe9b785, 0xe9b783,
    0xe9b6bb, 0xe9b6b5, 0xe9b78e, 0xe9b6b9, 0xe9b6ba, 0xe9b6ac, 0xe9b788, 0xe9b6b1, 0xe9b6ad,
    0xe9b78c, 0xe9b6b3, 0xe9b78d, 0xe9b6b2, 0xe9b9ba, 0xe9ba9c, 0xe9bbab, 0xe9bbae, 0xe9bbad,
    0xe9bc9b, 0xe9bc98, 0xe9bc9a, 0xe9bcb1, 0xe9bd8e, 0xe9bda5, 0xe9bda4, 0xe9be92, 0xe4bab9,
    0xe59b86, 0xe59b85, 0xe59b8b, 0xe5a5b1, 0xe5ad8b, 0xe5ad8c, 0xe5b795, 0xe5b791, 0xe5bbb2,
    0xe694a1, 0xe694a0, 0xe694a6, 0xe694a2, 0xe6ac8b, 0xe6ac88, 0xe6ac89, 0xe6b08d, 0xe78195,
    0xe78196, 0xe78197, 0xe78192, 0xe7889e, 0xe7889f, 0xe78aa9, 0xe78dbf, 0xe79398, 0xe79395,
    0xe79399, 0xe79397, 0xe799ad, 0xe79aad, 0xe7a4b5, 0xe7a6b4, 0xe7a9b0, 0xe7a9b1, 0xe7b197,
    0xe7b19c, 0xe7b199, 0xe7b19b, 0xe7b19a, 0xe7b3b4, 0xe7b3b1, 0xe7ba91, 0xe7bd8f, 0xe7be87,
    0xe8879e, 0xe889ab, 0xe898b4, 0xe898b5, 0xe898b3, 0xe898ac, 0xe898b2, 0xe898b6, 0xe8a0ac,
    0xe8a0a8, 0xe8a0a6, 0xe8a0aa, 0xe8a0a5, 0xe8a5b1, 0xe8a6bf, 0xe8a6be, 0xe8a7bb, 0xe8adbe,
    0xe8ae84, 0xe8ae82, 0xe8ae86, 0xe8ae85, 0xe8adbf, 0xe8b495, 0xe8ba95, 0xe8ba94, 0xe8ba9a,
    0xe8ba92, 0xe8ba90, 0xe8ba96, 0xe8ba97, 0xe8bda0, 0xe8bda2, 0xe98587, 0xe9918c, 0xe99190,
    0xe9918a, 0xe9918b, 0xe9918f, 0xe99187, 0xe99185, 0xe99188, 0xe99189, 0xe99186, 0xe99cbf,
    0xe99fa3, 0xe9a1aa, 0xe9a1a9, 0xe9a38b, 0xe9a594, 0xe9a59b, 0xe9a98e, 0xe9a993, 0xe9a994,
    0xe9a98c, 0xe9a98f, 0xe9a988, 0xe9a98a, 0xe9a989, 0xe9a992, 0xe9a990, 0xe9ab90, 0xe9ac99,
    0xe9acab, 0xe9acbb, 0xe9ad96, 0xe9ad95, 0xe9b186, 0xe9b188, 0xe9b0bf, 0xe9b184, 0xe9b0b9,
    0xe9b0b3, 0xe9b181, 0xe9b0bc, 0xe9b0b7, 0xe9b0b4, 0xe9b0b2, 0xe9b0bd, 0xe9b0b6, 0xe9b79b,
    0xe9b792, 0xe9b79e, 0xe9b79a, 0xe9b78b, 0xe9b790, 0xe9b79c, 0xe9b791, 0xe9b79f, 0xe9b7a9,
    0xe9b799, 0xe9b798, 0xe9b796, 0xe9b7b5, 0xe9b795, 0xe9b79d, 0xe9bab6, 0xe9bbb0, 0xe9bcb5,
    0xe9bcb3, 0xe9bcb2, 0xe9bd82, 0xe9bdab, 0xe9be95, 0xe9bea2, 0xe584bd, 0xe58a99, 0xe5a3a8,
    0xe5a3a7, 0xe5a5b2, 0xe5ad8d, 0xe5b798, 0xe8a0af, 0xe5bd8f, 0xe68881, 0xe68883, 0xe68884,
    0xe694a9, 0xe694a5, 0xe69696, 0xe69bab, 0xe6ac91, 0xe6ac92, 0xe6ac8f, 0xe6af8a, 0xe7819b,
    0xe7819a, 0xe788a2, 0xe78e82, 0xe78e81, 0xe78e83, 0xe799b0, 0xe79f94, 0xe7b1a7, 0xe7b1a6,
    0xe7ba95, 0xe889ac, 0xe898ba, 0xe89980, 0xe898b9, 0xe898bc, 0xe898b1, 0xe898bb, 0xe898be,
    0xe8a0b0, 0xe8a0b2, 0xe8a0ae, 0xe8a0b3, 0xe8a5b6, 0xe8a5b4, 0xe8a5b3, 0xe8a7be, 0xe8ae8c,
    0xe8ae8e, 0xe8ae8b, 0xe8ae88, 0xe8b185, 0xe8b499, 0xe8ba98, 0xe8bda4, 0xe8bda3, 0xe986bc,
    0xe991a2, 0xe99195, 0xe9919d, 0xe99197, 0xe9919e, 0xe99f84, 0xe99f85, 0xe9a080, 0xe9a996,
    0xe9a999, 0xe9ac9e, 0xe9ac9f, 0xe9aca0, 0xe9b192, 0xe9b198, 0xe9b190, 0xe9b18a, 0xe9b18d,
    0xe9b18b, 0xe9b195, 0xe9b199, 0xe9b18c, 0xe9b18e, 0xe9b7bb, 0xe9b7b7, 0xe9b7af, 0xe9b7a3,
    0xe9b7ab, 0xe9b7b8, 0xe9b7a4, 0xe9b7b6, 0xe9b7a1, 0xe9b7ae, 0xe9b7a6, 0xe9b7b2, 0xe9b7b0,
    0xe9b7a2, 0xe9b7ac, 0xe9b7b4, 0xe9b7b3, 0xe9b7a8, 0xe9b7ad, 0xe9bb82, 0xe9bb90, 0xe9bbb2,
    0xe9bbb3, 0xe9bc86, 0xe9bc9c, 0xe9bcb8, 0xe9bcb7, 0xe9bcb6, 0xe9bd83, 0xe9bd8f, 0xe9bdb1,
    0xe9bdb0, 0xe9bdae, 0xe9bdaf, 0xe59b93, 0xe59b8d, 0xe5ad8e, 0xe5b1ad, 0xe694ad, 0xe69bad,
    0xe69bae, 0xe6ac93, 0xe7819f, 0xe781a1, 0xe7819d, 0xe781a0, 0xe788a3, 0xe7939b, 0xe793a5,
    0xe79f95, 0xe7a4b8, 0xe7a6b7, 0xe7a6b6, 0xe7b1aa, 0xe7ba97, 0xe7be89, 0xe889ad, 0xe89983,
    0xe8a0b8, 0xe8a0b7, 0xe8a0b5, 0xe8a18b, 0xe8ae94, 0xe8ae95, 0xe8ba9e, 0xe8ba9f, 0xe8baa0,
    0xe8ba9d, 0xe986be, 0xe986bd, 0xe98782, 0xe991ab, 0xe991a8, 0xe991a9, 0xe99ba5, 0xe99d86,
    0xe99d83, 0xe99d87, 0xe99f87, 0xe99fa5, 0xe9a99e, 0xe9ab95, 0xe9ad99, 0xe9b1a3, 0xe9b1a7,
    0xe9b1a6, 0xe9b1a2, 0xe9b19e, 0xe9b1a0, 0xe9b882, 0xe9b7be, 0xe9b887, 0xe9b883, 0xe9b886,
    0xe9b885, 0xe9b880, 0xe9b881, 0xe9b889, 0xe9b7bf, 0xe9b7bd, 0xe9b884, 0xe9baa0, 0xe9bc9e,
    0xe9bd86, 0xe9bdb4, 0xe9bdb5, 0xe9bdb6, 0xe59b94, 0xe694ae, 0xe696b8, 0xe6ac98, 0xe6ac99,
    0xe6ac97, 0xe6ac9a, 0xe781a2, 0xe788a6, 0xe78aaa, 0xe79f98, 0xe79f99, 0xe7a4b9, 0xe7b1a9,
    0xe7b1ab, 0xe7b3b6, 0xe7ba9a, 0xe7ba98, 0xe7ba9b, 0xe7ba99, 0xe887a0, 0xe887a1, 0xe89986,
    0xe89987, 0xe89988, 0xe8a5b9, 0xe8a5ba, 0xe8a5bc, 0xe8a5bb, 0xe8a7bf, 0xe8ae98, 0xe8ae99,
    0xe8baa5, 0xe8baa4, 0xe8baa3, 0xe991ae, 0xe991ad, 0xe991af, 0xe991b1, 0xe991b3, 0xe99d89,
    0xe9a1b2, 0xe9a59f, 0xe9b1a8, 0xe9b1ae, 0xe9b1ad, 0xe9b88b, 0xe9b88d, 0xe9b890, 0xe9b88f,
    0xe9b892, 0xe9b891, 0xe9baa1, 0xe9bbb5, 0xe9bc89, 0xe9bd87, 0xe9bdb8, 0xe9bdbb, 0xe9bdba,
    0xe9bdb9, 0xe59c9e, 0xe781a6, 0xe7b1af, 0xe8a0bc, 0xe8b6b2, 0xe8baa6, 0xe98783, 0xe991b4,
    0xe991b8, 0xe991b6, 0xe991b5, 0xe9a9a0, 0xe9acae, 0xe9b1b4, 0xe9b1b3, 0xe9b1b1, 0xe9b1b5,
    0xe9b894, 0xe9b893, 0xe9bbb6, 0xe9bc8a, 0xe9bea4, 0xe781a8, 0xe781a5, 0xe7b3b7, 0xe899aa,
    0xe8a0be, 0xe8a0bd, 0xe8a0bf, 0xe8ae9e, 0xe8b29c, 0xe8baa9, 0xe8bb89, 0xe99d8b, 0xe9a1b3,
    0xe9a1b4, 0xe9a38c, 0xe9a5a1, 0xe9a6ab, 0xe9a9a4, 0xe9a9a6, 0xe9a9a7, 0xe9aca4, 0xe9b895,
    0xe9b897, 0xe9bd88, 0xe68887, 0xe6ac9e, 0xe788a7, 0xe8998c, 0xe8baa8, 0xe99282, 0xe99280,
    0xe99281, 0xe9a9a9, 0xe9a9a8, 0xe9b899, 0xe8998b, 0xe8ae9f, 0xe99283, 0xe9b1b9, 0xe9bab7,
    0xe799b5, 0xe9a9ab, 0xe9b1ba, 0xe9b89d, 0xe781a9, 0xe781aa, 0xe788a9, 0xe9baa4, 0xe9bdbe,
    0xe9bd89, 0xe9be98, 0x000000, 0x000000, 0x000000, 0x000000, 0x000000, 0x000000, 0x000000,
    0x000000, 0x000000, 0x000000, 0x000000, 0x000000, 0x000000, 0x000000, 0x000000, 0x000000,
    0x000000, 0x000000, 0x000000, 0x000000, 0x000000, 0x000000, 0x000000, 0x000000, 0x000000,
    0x000000, 0x000000, 0x000000, 0x000000, 0x000000, 0x000000, 0x000000, 0x000000, 0x000000,
    0x000000, 0x000000, 0x000000, 0x000000, 0x000000, 0x000000, 0x000000, 0x000000, 0x000000,
    0x000000, 0x000000, 0x000000, 0x000000, 0x000000, 0x000000, 0x000000, 0x000000, 0x000000,
    0x000000, 0x000000, 0x000000, 0x000000, 0x000000, 0x000000, 0xe4b8a8, 0xe4b8b6, 0xe4b8bf,
    0xe4ba85, 0xe4b885, 0xe4b884, 0xe58682, 0xe58696, 0xe58cb8, 0xe58da9, 0xe58eb6, 0xe4b8aa,
    0xe4ba87, 0xe4b989, 0xe587a2, 0xe4b986, 0xe4ba8f, 0xe4babc, 0xe4babe, 0xe585a6, 0xe587a3,
    0xe58884, 0xe58a9c, 0x000000, 0xe5a482, 0xe5a48a, 0xe5ae80, 0xe5b79b, 0xe5b9ba, 0xe5b9bf,
    0xe5bbb4, 0xe5bd90, 0xe5bd91, 0xe5bda1, 0xe9989d, 0x000000, 0xe4b9a3, 0xe4b9a2, 0xe4baa3,
    0xe58685, 0xe4bb85, 0xe4bb8f, 0xe4bb8e, 0xe4bb8c, 0xe58684, 0xe58686, 0x000000, 0x000000,
    0xe587a4, 0xe58885, 0xe58a9e, 0xe58a9d, 0xe58bbd, 0xe58c80, 0xe58cba, 0x000000, 0xe58d86,
    0xe58d9d, 0xe58e86, 0xe58eb7, 0x000000, 0xe58f8c, 0x000000, 0xe58f8e, 0xe59ca1, 0x000000,
    0xe5b880, 0xe5bc8c, 0xe688b7, 0xe688b8, 0xe694b4, 0xe694b5, 0xe697a0, 0x000000, 0xe78e8d,
    0xe4ba97, 0xe4bba0, 0x000000, 0x000000, 0xe4bba7, 0x000000, 0xe4bba6, 0x000000, 0x000000,
    0x000000, 0x000000, 0xe59b98, 0xe5868b, 0xe5868c, 0xe58699, 0xe587a5, 0x000000, 0xe5888b,
    0x000000, 0xe58c84, 0xe58c83, 0xe58c87, 0x000000, 0xe58c9e, 0xe58d9f, 0xe58dad, 0xe58e89,
    0xe58eba, 0xe58f90, 0x000000, 0xe58fb6, 0xe58fb7, 0xe58fb9, 0x000000, 0xe58fb4, 0x000000,
    0x000000, 0xe59ca4, 0xe5a484, 0xe5a498, 0xe5a4b2, 0xe5a4b0, 0xe5a4b4, 0x000000, 0xe5a5b5,
    0x000000, 0xe5ae82, 0xe5afb9, 0xe5b094, 0x000000, 0x000000, 0x000000, 0x000000, 0x000000,
    0x000000, 0x000000, 0xe5ba81, 0xe5ba83, 0xe5bc8d, 0xe5bd92, 0x000000, 0xe5bf8a, 0xe5bf87,
    0xe688b9, 0x000000, 0xe6898f, 0xe697a7, 0xe69caf, 0xe6adba, 0xe6b0b9, 0x000000, 0x000000,
    0xe6b0b7, 0xe6b184, 0xe6b185, 0xe78e8c, 0xe79692, 0xe799b6, 0xe98293, 0xe98292, 0x000000,
    0x000000, 0xe4b8a1, 0xe4b8a0, 0xe4b8a2, 0xe4b9a8, 0xe4ba89, 0xe4ba98, 0xe4bbb9, 0xe4bbaf,
    0x000000, 0x000000, 0xe4bbb8, 0xe4bc86, 0xe4bc83, 0xe4bbbc, 0xe4bbae, 0xe4bc96, 0x000000,
    0xe4bca8, 0xe4bc9c, 0xe4bc87, 0xe4bc9a, 0xe4bbba, 0xe4bc97, 0xe5858a, 0x000000, 0xe585b2,
    0x000000, 0xe586b4, 0xe586b3, 0xe586b2, 0x000000, 0xe587a8, 0x000000, 0xe58894, 0xe5888f,
    0xe58895, 0xe58898, 0xe58aa8, 0x000000, 0xe58d8b, 0xe58d8f, 0x000000, 0xe58d90, 0x000000,
    0xe58e8b, 0x000000, 0xe58ebe, 0x000000, 0xe58f92, 0xe59096, 0xe58fbf, 0x000000, 0xe59080,
    0x000000, 0xe59085, 0xe59093, 0xe59095, 0x000000, 0x000000, 0xe59ba3, 0xe59cb5, 0xe59cb6,
    0xe59cb1, 0xe59cb2, 0xe5a3ae, 0xe5a485, 0xe4b994, 0x000000, 0xe5a4b6, 0x000000, 0x000000,
    0x000000, 0xe5a5ba, 0x000000, 0xe5a686, 0x000000, 0x000000, 0xe5ae86, 0xe5bd93, 0xe5b098,
    0x000000, 0xe5b0bd, 0xe5b1b8, 0x000000, 0x000000, 0x000000, 0x000000, 0xe5b280, 0x000000,
    0xe5b888, 0x000000, 0x000000, 0x000000, 0x000000, 0xe5bbb5, 0xe5bc8e, 0x000000, 0x000000,
    0x000000, 0xe5bf93, 0xe5bf9a, 0x000000, 0xe5bf9b, 0x000000, 0xe6888f, 0xe6899d, 0xe6899f,
    0xe689a7, 0xe68997, 0xe9bd90, 0x000000, 0xe697ab, 0xe697aa, 0x000000, 0xe69cb7, 0x000000,
    0xe69cb2, 0xe69cb6, 0xe6aca2, 0xe6af8e, 0x000000, 0xe6b198, 0xe6b191, 0xe6b1b7, 0xe6b0bc,
    0x000000, 0xe6b19a, 0x000000, 0xe6b193, 0xe781af, 0xe781b2, 0xe781ae, 0x000000, 0x000000,
    0xe781b3, 0xe78ab1, 0xe78ab2, 0x000000, 0xe78e8f, 0x000000, 0x000000, 0x000000, 0xe7a4bc,
    0x000000, 0xe8828d, 0xe8828e, 0x000000, 0xe889bb, 0x000000, 0xe8b5b1, 0xe8beb9, 0xe98296,
    0xe9829a, 0x000000, 0xe4b8a4, 0xe4b9b1, 0x000000, 0xe4ba9c, 0xe4bd85, 0xe4bd8a, 0xe4bcb9,
    0xe4bcb7, 0x000000, 0xe4bcb2, 0xe4bd82, 0x000000, 0xe4bd84, 0xe4bd8b, 0x000000, 0xe4bd80,
    0xe4bcb5, 0xe4bcb1, 0xe58591, 0x000000, 0xe58590, 0xe5858e, 0x000000, 0x000000, 0xe5869d,
    0x000000, 0xe586b5, 0xe586b8, 0xe587ac, 0xe588a3, 0xe588a7, 0xe588a6, 0xe5889f, 0xe588ab,
    0xe588a0, 0xe58ab4, 0xe58ab3, 0x000000, 0xe58ca5, 0xe58cbb, 0xe58db4, 0x000000, 0x000000,
    0x000000, 0x000000, 0x000000, 0xe5918d, 0x000000, 0x000000, 0xe590ba, 0x000000, 0x000000,
    0xe59184, 0xe5918c, 0xe590a3, 0xe5909a, 0xe590b2, 0xe5918b, 0xe590a1, 0x000000, 0xe590b4,
    0xe59189, 0xe59190, 0xe590a2, 0xe590bf, 0xe59191, 0xe5919a, 0xe590af, 0x000000, 0xe59ba9,
    0xe59bb2, 0xe59bb3, 0xe59baf, 0xe59bad, 0xe59bac, 0xe59ba6, 0xe59d88, 0x000000, 0xe59d84,
    0xe59cbf, 0xe59cbc, 0xe59d93, 0xe59d96, 0x000000, 0xe59d9f, 0xe59d83, 0xe59d98, 0xe59d97,
    0x000000, 0x000000, 0x000000, 0xe59d86, 0x000000, 0xe59cbd, 0x000000, 0xe59d82, 0xe59d94,
    0xe59d95, 0xe5a3b1, 0xe5a3b2, 0xe5a3b0, 0xe5a48b, 0xe9baa6, 0xe59bb1, 0xe5a4bd, 0x000000,
    0xe5a694, 0xe5a68c, 0x000000, 0xe5a69c, 0x000000, 0x000000, 0xe5a69f, 0x000000, 0xe5a69b,
    0x000000, 0xe5a689, 0xe5a69a, 0x000000, 0xe69688, 0x000000, 0xe5ae8d, 0x000000, 0xe5afbe,
    0xe5afbf, 0xe5afbd, 0xe5b0ab, 0x000000, 0xe5b284, 0xe5b28e, 0xe5b29c, 0x000000, 0x000000,
    0xe5b285, 0xe5b7b5, 0xe5b889, 0x000000, 0x000000, 0xe5b88b, 0x000000, 0xe5ba92, 0xe5ba90,
    0xe5bc83, 0x000000, 0xe5bc9e, 0xe5bda3, 0x000000, 0xe5bfa7, 0xe5bfbe, 0xe5bfa6, 0xe5bf9c,
    0xe5bf8e, 0x000000, 0xe5bfbc, 0xe5bf9f, 0xe5bfac, 0xe5bfb6, 0x000000, 0xe5bfb2, 0xe5bfb0,
    0xe5bfb9, 0x000000, 0xe68893, 0x000000, 0x000000, 0xe688bb, 0xe688bc, 0xe68a82, 0x000000,
    0x000000, 0x000000, 0xe689b8, 0xe68a8b, 0x000000, 0xe68a9e, 0xe68aa5, 0xe68a9b, 0xe68a9c,
    0xe68a99, 0xe68a8d, 0xe68a85, 0xe68a9d, 0xe689b5, 0x000000, 0x000000, 0x000000, 0xe697b6,
    0x000000, 0x000000, 0x000000, 0xe69bb5, 0xe69d9b, 0x000000, 0xe69d94, 0xe69d92, 0x000000,
    0xe69d98, 0xe69d84, 0xe69d8a, 0xe69da1, 0x000000, 0xe6b1bf, 0xe6b291, 0xe6b29e, 0x000000,
    0xe6b1ae, 0xe6b1bc, 0xe6b29f, 0xe6b1b5, 0x000000, 0xe6b196, 0xe6b2a2, 0xe6b1b9, 0x000000,
    0xe6b2a1, 0x000000, 0xe6b2aa, 0xe6b2a0, 0x000000, 0xe781b9, 0xe781b7, 0xe781be, 0x000000,
    0xe781b5, 0xe781bb, 0xe789a4, 0x000000, 0xe78abb, 0xe78abc, 0xe78b87, 0xe78ab9, 0xe78abe,
    0xe78ab6, 0x000000, 0x000000, 0xe78e98, 0x000000, 0x000000, 0x000000, 0x000000, 0xe79693,
    0xe79a80, 0x000000, 0xe79a83, 0xe79b80, 0xe79b81, 0x000000, 0x000000, 0xe79fb4, 0xe79fb5,
    0x000000, 0xe7ab8c, 0xe7ab8d, 0xe7b3ba, 0xe8829f, 0xe88291, 0xe88297, 0xe88294, 0x000000,
    0xe88a86, 0xe88a8c, 0x000000, 0xe88a95, 0x000000, 0xe899ac, 0x000000, 0xe8beb5, 0xe8bebe,
    0xe8bf87, 0x000000, 0xe8bf81, 0xe982a9, 0xe982a4, 0x000000, 0x000000, 0x000000, 0xe982a8,
    0xe998a7, 0xe998a6, 0xe998ab, 0xe998b3, 0xe998b4, 0xe998a9, 0xe4b8bd, 0x000000, 0xe4ba9d,
    0xe4be93, 0xe4be8a, 0x000000, 0x000000, 0xe4bdad, 0xe4be8e, 0xe4bea0, 0xe4bea2, 0xe4bea1,
    0xe4be9f, 0xe4bea3, 0x000000, 0xe4bdb2, 0x000000, 0xe4be8c, 0xe58596, 0x000000, 0x000000,
    0xe58690, 0x000000, 0x000000, 0x000000, 0xe587ad, 0xe587be, 0xe588af, 0x000000, 0xe588bc,
    0xe588b4, 0xe588b9, 0xe58ab9, 0xe58ab5, 0xe58abf, 0xe58d95, 0x000000, 0xe58db6, 0xe58dba,
    0xe58e93, 0x000000, 0xe58f81, 0xe58f82, 0xe58f95, 0xe59285, 0x000000, 0xe5919f, 0xe59293,
    0xe59289, 0xe591b9, 0xe9bbbe, 0xe5928f, 0xe591a9, 0xe591ad, 0x000000, 0xe59294, 0xe591aa,
    0xe5928a, 0x000000, 0xe59bbd, 0xe59bbb, 0xe59bb8, 0x000000, 0xe59bbc, 0xe59bb6, 0xe59da5,
    0xe59e81, 0xe59da3, 0xe59da7, 0x000000, 0xe59dae, 0xe59db8, 0xe59dbf, 0x000000, 0x000000,
    0xe5a3b3, 0xe5a58b, 0xe5a58c, 0x000000, 0x000000, 0x000000, 0xe5a6ad, 0x000000, 0xe5a784,
    0x000000, 0xe5a782, 0xe5a6b0, 0x000000, 0x000000, 0x000000, 0x000000, 0xe5a6bf, 0x000000,
    0xe5a789, 0xe5a6b8, 0xe5a6ac, 0x000000, 0x000000, 0x000000, 0xe5a6b7, 0xe5a797, 0x000000,
    0xe5ada0, 0x000000, 0xe5ae96, 0xe5ae9e, 0xe5ae94, 0xe5ae9f, 0xe5ae9d, 0x000000, 0xe5b080,
    0xe5b099, 0x000000, 0x000000, 0xe5b189, 0xe5b18a, 0x000000, 0xe5b2bb, 0xe5b381, 0x000000,
    0x000000, 0x000000, 0xe5b2b9, 0xe5b29e, 0xe5b2b4, 0xe5b2ba, 0xe5b7b6, 0xe5b893, 0xe5b892,
    0xe5b9b7, 0x000000, 0xe5ba98, 0x000000, 0xe5ba99, 0xe5ba9d, 0xe5bbb8, 0x000000, 0xe5bbb9,
    0x000000, 0xe5bc86, 0xe5bca1, 0x000000, 0xe5bca5, 0xe5bd95, 0x000000, 0x000000, 0x000000,
    0xe5be84, 0xe5be83, 0xe680b0, 0xe68087, 0x000000, 0xe680b6, 0x000000, 0x000000, 0x000000,
    0xe5bfa9, 0xe680bd, 0xe68088, 0x000000, 0x000000, 0xe68aba, 0xe68ab2, 0x000000, 0xe68ab7,
    0xe68ba4, 0xe68aa7, 0x000000, 0x000000, 0x000000, 0xe68b95, 0xe68ba1, 0xe68b9d, 0xe68aa6,
    0xe68b81, 0xe68b85, 0xe68b80, 0xe68b9f, 0xe68ba0, 0xe68b9e, 0x000000, 0xe69689, 0x000000,
    0xe696a6, 0xe696ba, 0x000000, 0xe697bf, 0x000000, 0xe69897, 0xe69898, 0xe69881, 0xe697be,
    0x000000, 0xe69c8c, 0x000000, 0xe69dab, 0xe69e96, 0xe69e82, 0xe69e8a, 0x000000, 0xe69ea3,
    0x000000, 0xe69ea2, 0xe69e8f, 0x000000, 0xe69fb9, 0xe69e80, 0xe6aca6, 0xe6aca7, 0xe6ada8,
    0xe6ada9, 0x000000, 0xe6ae81, 0xe6aeb4, 0xe6af91, 0x000000, 0x000000, 0xe6b09c, 0x000000,
    0x000000, 0x000000, 0x000000, 0x000000, 0xe6b297, 0xe6b1ac, 0xe6b39f, 0x000000, 0xe6b3aa,
    0x000000, 0xe6b3a4, 0xe6b398, 0xe6b2b2, 0xe6b38e, 0xe6b388, 0x000000, 0xe7828b, 0xe78288,
    0xe78290, 0xe7828f, 0x000000, 0xe78287, 0xe78289, 0xe7828d, 0xe78281, 0x000000, 0xe7828c,
    0x000000, 0x000000, 0xe78980, 0x000000, 0x000000, 0xe789a5, 0xe789a6, 0xe789a8, 0x000000,
    0x000000, 0xe78b8d, 0xe78b93, 0xe78b9b, 0x000000, 0xe78b8f, 0xe78ea7, 0xe78ea3, 0xe78e9e,
    0x000000, 0xe78eaf, 0x000000, 0x000000, 0xe78eaa, 0xe78e9c, 0x000000, 0xe79582, 0xe79584,
    0xe794bb, 0xe79581, 0x000000, 0xe7969b, 0xe7969e, 0x000000, 0xe7a784, 0xe7a783, 0xe7a786,
    0x000000, 0x000000, 0xe7a787, 0x000000, 0xe7a78a, 0x000000, 0x000000, 0xe7ab8f, 0xe7b1b6,
    0xe7b1b4, 0xe7b3bf, 0xe7b3bc, 0x000000, 0x000000, 0xe7bd99, 0xe882a8, 0x000000, 0x000000,
    0xe882b0, 0x000000, 0xe882b3, 0x000000, 0xe882a4, 0xe882b6, 0xe882a7, 0xe882ac, 0x000000,
    0xe882a6, 0xe58da7, 0xe8888e, 0xe88b84, 0xe88cbe, 0xe88a9c, 0x000000, 0x000000, 0x000000,
    0x000000, 0x000000, 0xe88aaa, 0x000000, 0xe88b89, 0x000000, 0x000000, 0xe88aa6, 0xe88ab2,
    0x000000, 0x000000, 0x000000, 0xe8bf8c, 0xe8bf99, 0xe8bf8a, 0xe8bf98, 0xe8bf8f, 0xe982b7,
    0x000000, 0xe982ad, 0xe982b9, 0xe998b7, 0x000000, 0xe99981, 0xe998be, 0xe99ab6, 0xe99d91,
    0xe99da3, 0xe4b997, 0xe4b9b9, 0xe4bab2, 0xe4bab0, 0xe4baaf, 0xe4bab1, 0xe4bf92, 0xe4bf95,
    0x000000, 0xe4bebe, 0xe4beb8, 0xe4beb0, 0xe4beb1, 0xe4bf88, 0x000000, 0x000000, 0xe4bf86,
    0xe4bf8c, 0xe4bfa5, 0xe4bfa3, 0xe4beb4, 0xe585aa, 0x000000, 0xe5869f, 0x000000, 0xe58781,
    0x000000, 0xe58782, 0xe58783, 0xe58985, 0xe58988, 0x000000, 0x000000, 0xe5898f, 0x000000,
    0x000000, 0xe58b85, 0xe58b8a, 0xe58b84, 0xe58ca7, 0xe58d98, 0xe58dbd, 0x000000, 0xe58f9d,
    0xe58f9c, 0xe58f9a, 0xe58f99, 0xe592b9, 0x000000, 0xe59390, 0xe592b4, 0xe5938a, 0x000000,
    0xe592a3, 0xe5939a, 0xe592a4, 0x000000, 0xe592b2, 0xe5929e, 0xe5929f, 0xe592b5, 0x000000,
    0x000000, 0xe5938d, 0x000000, 0xe5938c, 0x000000, 0xe59c80, 0xe59eac, 0xe59e91, 0xe59e8e,
    0xe59e8d, 0xe59e92, 0xe59ea1, 0xe59e90, 0xe59ea6, 0xe59ea8, 0x000000, 0xe59e9c, 0xe59e96,
    0xe59ea7, 0x000000, 0x000000, 0x000000, 0x000000, 0xe5a3b5, 0x000000, 0xe5a489, 0xe5a488,
    0x000000, 0xe5a592, 0x000000, 0x000000, 0xe5a79f, 0x000000, 0xe5a7ab, 0xe5a7af, 0xe5a7b0,
    0xe5a795, 0xe5a88d, 0xe5a884, 0xe5a7b9, 0xe5a882, 0xe5a7b8, 0xe5a7a2, 0xe5a799, 0xe5a7a7,
    0xe5adaa, 0x000000, 0x000000, 0xe5aeab, 0x000000, 0xe5b09b, 0xe5b0af, 0x000000, 0xe698bc,
    0x000000, 0x000000, 0x000000, 0xe5b391, 0xe5b39c, 0xe5b3a6, 0xe5b3a1, 0xe5b38d, 0x000000,
    0xe5b3a2, 0xe5b39d, 0xe5b3a5, 0xe5b7bb, 0xe5b7ba, 0xe5b89e, 0x000000, 0xe5baa1, 0x000000,
    0x000000, 0xe5bbbc, 0xe5bbbb, 0xe5bcaf, 0x000000, 0x000000, 0xe5bda6, 0x000000, 0x000000,
    0x000000, 0xe6819c, 0x000000, 0xe6818e, 0xe68191, 0x000000, 0x000000, 0xe680a3, 0xe680b1,
    0xe681bc, 0xe68192, 0x000000, 0xe681a0, 0xe6818a, 0xe681a1, 0x000000, 0xe68898, 0x000000,
    0x000000, 0x000000, 0x000000, 0x000000, 0x000000, 0x000000, 0xe68c9f, 0xe68c97, 0xe68baa,
    0xe68ca1, 0xe68c84, 0xe68c85, 0x000000, 0xe694b1, 0xe69584, 0xe69580, 0x000000, 0xe69582,
    0xe696be, 0x000000, 0xe698a9, 0xe6989b, 0x000000, 0xe698a3, 0xe698ac, 0xe6989a, 0xe698b0,
    0xe698bb, 0xe6989e, 0xe698b7, 0xe698b8, 0x000000, 0xe69c8e, 0x000000, 0x000000, 0xe69fa8,
    0xe69f96, 0x000000, 0xe69f87, 0xe69ebc, 0xe6a192, 0xe69ebf, 0xe69f95, 0xe69fbe, 0xe88da3,
    0xe69fbb, 0x000000, 0xe69eb1, 0xe6a081, 0xe6a085, 0xe6a080, 0xe69f97, 0x000000, 0xe6acaa,
    0xe6adab, 0x000000, 0x000000, 0x000000, 0x000000, 0xe6afa1, 0x000000, 0x000000, 0xe6b4a3,
    0xe6b3bf, 0xe6b494, 0xe6b485, 0xe6b493, 0xe6b486, 0xe6b4a1, 0x000000, 0xe6b495, 0xe6b2af,
    0xe6b3b4, 0xe6b482, 0xe6b585, 0x000000, 0xe6b4a6, 0x000000, 0xe6b584, 0x000000, 0xe6b4a4,
    0xe782a5, 0x000000, 0xe782a3, 0x000000, 0xe782a2, 0xe782bb, 0xe782a0, 0xe782aa, 0x000000,
    0x000000, 0xe782a8, 0xe782b6, 0xe782b2, 0xe782a7, 0x000000, 0x000000, 0xe782b9, 0xe788ae,
    0x000000, 0xe788bc, 0x000000, 0xe789ad, 0x000000, 0x000000, 0xe78ba7, 0xe78bad, 0x000000,
    0xe78bac, 0xe78ba5, 0xe78ba2, 0x000000, 0xe78f84, 0xe78ebd, 0xe78f8f, 0xe78f89, 0xe78f81,
    0xe78f90, 0x000000, 0xe78f8e, 0xe793ad, 0xe793ab, 0x000000, 0xe793af, 0xe79589, 0xe79590,
    0xe79586, 0xe7958a, 0x000000, 0xe7958d, 0xe796a6, 0x000000, 0x000000, 0x000000, 0xe796a8,
    0x000000, 0x000000, 0xe79b87, 0xe79bbf, 0x000000, 0xe79bbd, 0xe79fa6, 0xe7a08a, 0x000000,
    0xe7a084, 0xe7a08b, 0xe7a087, 0x000000, 0xe7a095, 0xe7a088, 0x000000, 0xe7a793, 0xe7a794,
    0xe7a790, 0xe7a797, 0xe7a9bc, 0x000000, 0x000000, 0xe7a9bd, 0xe7aa83, 0xe7aa82, 0x000000,
    0xe7ab94, 0xe7ab95, 0xe7ab93, 0xe7ab90, 0xe7ab92, 0xe7abbe, 0xe7abbc, 0xe7b1b7, 0xe7b1bc,
    0xe7b1bb, 0x000000, 0x000000, 0x000000, 0x000000, 0x000000, 0x000000, 0x000000, 0x000000,
    0xe7be8f, 0xe88393, 0x000000, 0xe8838b, 0xe88392, 0x000000, 0xe88489, 0xe883a2, 0xe8839f,
    0xe88386, 0x000000, 0xe888a4, 0xe88bb7, 0xe88b98, 0xe88b9d, 0x000000, 0x000000, 0xe88bb8,
    0xe88bbc, 0x000000, 0x000000, 0xe88ba9, 0x000000, 0xe88bae, 0x000000, 0xe88b90, 0xe88c8e,
    0xe88ba2, 0xe88c8b, 0xe88bbd, 0xe585b9, 0xe899b6, 0x000000, 0xe899b8, 0x000000, 0x000000,
    0xe899b5, 0xe899bd, 0x000000, 0xe8a182, 0xe8a1a6, 0x000000, 0xe8a68c, 0xe8a885, 0x000000,
    0xe8a886, 0x000000, 0xe8b29f, 0x000000, 0xe8bfb1, 0xe8bfa7, 0xe8bfa9, 0xe8bfaf, 0xe98382,
    0xe982bc, 0x000000, 0xe98386, 0xe98380, 0x000000, 0x000000, 0xe9838d, 0xe98389, 0x000000,
    0xe98384, 0x000000, 0xe99681, 0x000000, 0xe9b3ac, 0xe580b2, 0xe4bfb9, 0xe5809d, 0xe4bfbf,
    0xe58084, 0xe4bfb0, 0xe58083, 0x000000, 0xe58082, 0xe4bfbc, 0xe4bfb2, 0xe580a4, 0xe58088,
    0xe580b6, 0xe580ae, 0x000000, 0xe58090, 0xe580b8, 0xe580b9, 0xe4bfbd, 0xe58196, 0xe4bfbb,
    0xe586a3, 0xe586a6, 0xe586a1, 0x000000, 0x000000, 0xe58787, 0xe58789, 0xe589a0, 0xe589a4,
    0xe58999, 0xe589a5, 0xe589a7, 0xe58997, 0xe589a3, 0x000000, 0xe58993, 0x000000, 0xe58b8f,
    0x000000, 0xe58b8e, 0xe58b90, 0xe58b91, 0xe58b8c, 0x000000, 0x000000, 0x000000, 0xe5948d,
    0xe593b4, 0x000000, 0xe59493, 0xe593af, 0xe593b5, 0xe593b9, 0xe59482, 0xe59480, 0x000000,
    0x000000, 0xe59498, 0xe593b0, 0xe593b6, 0x000000, 0x000000, 0xe59499, 0x000000, 0xe59c85,
    0xe59f89, 0x000000, 0xe59eb7, 0xe59f8d, 0x000000, 0x000000, 0x000000, 0xe59ebe, 0xe59ebb,
    0x000000, 0xe59f9b, 0xe59f88, 0xe59f84, 0xe59f85, 0xe59f91, 0xe59f8a, 0xe59f80, 0x000000,
    0x000000, 0xe5a8a1, 0xe5a8aa, 0x000000, 0xe5a89d, 0x000000, 0xe5a88b, 0x000000, 0x000000,
    0x000000, 0x000000, 0xe5a8a2, 0x000000, 0x000000, 0xe5a8a4, 0x000000, 0xe5a894, 0xe5a8b1,
    0x000000, 0xe5a8af, 0xe5a89a, 0xe5a892, 0x000000, 0x000000, 0xe5a8a6, 0x000000, 0x000000,
    0xe5aebc, 0xe5aebb, 0xe5aeb7, 0xe5b085, 0xe5b086, 0xe5b192, 0xe5b193, 0x000000, 0x000000,
    0xe5b3ba, 0xe5b3ab, 0x000000, 0xe5b3b3, 0xe5b3b5, 0xe5b3a9, 0xe5b3af, 0x000000, 0xe5b8aa,
    0xe5b8b0, 0xe5b8ae, 0xe5b8ac, 0xe5b8af, 0xe5baaf, 0xe5baa9, 0x000000, 0xe5bbbd, 0xe5bcb2,
    0xe5be8e, 0xe5be93, 0xe5be8f, 0xe6818f, 0xe68299, 0x000000, 0xe681be, 0x000000, 0xe681b4,
    0xe6818b, 0xe681b3, 0xe681b5, 0x000000, 0x000000, 0xe68196, 0xe682a9, 0xe6828b, 0xe682a6,
    0x000000, 0xe68293, 0xe682ae, 0xe6829e, 0xe682a7, 0xe68985, 0x000000, 0x000000, 0xe68cae,
    0x000000, 0xe68d92, 0xe68cb0, 0xe68d9b, 0x000000, 0xe68c99, 0xe68c9b, 0x000000, 0xe68cb1,
    0xe68d9d, 0xe68cb7, 0xe68cb5, 0xe68d93, 0x000000, 0xe68d9c, 0xe68cbf, 0xe6958b, 0x000000,
    0x000000, 0xe6968b, 0x000000, 0xe6969a, 0xe69990, 0xe69986, 0xe6998e, 0xe69980, 0x000000,
    0xe6998b, 0xe69988, 0x000000, 0xe699a0, 0xe69984, 0xe6998d, 0x000000, 0xe6a0b7, 0xe6a0a4,
    0x000000, 0x000000, 0xe6a09b, 0xe6a0b6, 0x000000, 0xe6a0ac, 0xe6a099, 0xe6a196, 0xe6a187,
    0xe6a0be, 0xe6a09e, 0x000000, 0xe6a095, 0xe6a0a2, 0xe6a0a7, 0xe6a199, 0xe6a198, 0xe6a195,
    0xe6a0b0, 0xe6a0a3, 0xe6acae, 0xe6acab, 0xe6acb0, 0xe6adac, 0x000000, 0xe6ae8b, 0x000000,
    0xe6afa9, 0xe6afaa, 0xe6afa5, 0xe6b5ab, 0x000000, 0x000000, 0xe6b5b3, 0xe6b597, 0x000000,
    0x000000, 0xe6b59d, 0xe6b596, 0xe6b68f, 0xe6b59b, 0xe6b49c, 0xe6b69a, 0xe6b69b, 0xe6b699,
    0x000000, 0xe6b681, 0xe6b5b1, 0x000000, 0x000000, 0xe6b5b2, 0xe6b59c, 0xe6b696, 0xe78384,
    0xe7839b, 0xe7838c, 0xe78390, 0xe783a3, 0xe7839f, 0x000000, 0xe78396, 0xe783ae, 0xe78395,
    0x000000, 0x000000, 0x000000, 0x000000, 0xe789ba, 0x000000, 0xe78bb5, 0xe78c82, 0x000000,
    0x000000, 0xe78fa2, 0xe78fac, 0xe78f95, 0xe78fb9, 0xe78f9f, 0xe78fa6, 0x000000, 0x000000,
    0x000000, 0x000000, 0xe78fa4, 0xe78fa1, 0xe793b3, 0x000000, 0x000000, 0x000000, 0x000000,
    0xe79596, 0xe79595, 0xe79598, 0xe79597, 0xe7959e, 0xe79783, 0x000000, 0x000000, 0xe796b4,
    0x000000, 0xe796b1, 0x000000, 0x000000, 0xe79b8b, 0xe79b8c, 0xe79caa, 0x000000, 0xe79c96,
    0xe79c8f, 0x000000, 0x000000, 0xe79cbf, 0xe79cab, 0xe79c8e, 0xe79ca4, 0x000000, 0xe79ca1,
    0xe79c98, 0xe79f9d, 0x000000, 0x000000, 0xe7a0a4, 0xe7a0b6, 0x000000, 0xe7a598, 0xe7a599,
    0x000000, 0xe7a5a2, 0xe7a79a, 0xe7a799, 0x000000, 0xe7a7a1, 0xe7a7a5, 0xe7a7a8, 0xe7a79b,
    0x000000, 0xe7a7a2, 0xe7a7b0, 0x000000, 0x000000, 0xe7ab9a, 0xe7ab9d, 0x000000, 0xe7ab9b,
    0xe7ab9c, 0x000000, 0x000000, 0xe7ac8d, 0xe7ac8b, 0xe7ac94, 0xe7b28e, 0xe7b286, 0x000000,
    0xe7b287, 0xe7b283, 0xe7b28b, 0x000000, 0x000000, 0x000000, 0x000000, 0xe7b4a4, 0x000000,
    0x000000, 0x000000, 0xe7b4a5, 0xe7bda2, 0xe7be93, 0xe7be99, 0xe7be97, 0x000000, 0x000000,
    0xe7bf84, 0xe7bf86, 0xe8808a, 0x000000, 0x000000, 0xe88180, 0xe880bc, 0xe880bb, 0xe883b6,
    0xe883bf, 0xe883ae, 0xe88484, 0xe88483, 0xe88487, 0x000000, 0x000000, 0xe883b7, 0x000000,
    0x000000, 0xe888ad, 0x000000, 0xe888a7, 0xe888a9, 0xe88c9f, 0xe88d97, 0x000000, 0x000000,
    0x000000, 0x000000, 0xe88ca1, 0x000000, 0x000000, 0xe88c98, 0xe88d98, 0x000000, 0x000000,
    0x000000, 0x000000, 0x000000, 0xe89a84, 0xe89a9f, 0xe89a9b, 0xe89a89, 0xe89aa6, 0xe89a92,
    0xe89a8f, 0xe89aa0, 0xe8a18f, 0xe8a1b8, 0xe8a1ba, 0xe8a1ae, 0xe8a1bb, 0xe8a284, 0xe8a1b3,
    0x000000, 0x000000, 0xe8a88d, 0xe8a88b, 0xe8a899, 0x000000, 0x000000, 0x000000, 0x000000,
    0xe8bfb9, 0xe98089, 0xe98088, 0x000000, 0xe9839e, 0xe98591, 0x000000, 0x000000, 0xe9879b,
    0xe9879f, 0xe9879e, 0xe98796, 0xe987a0, 0xe99685, 0xe999a0, 0xe99999, 0x000000, 0xe99996,
    0x000000, 0x000000, 0xe99abd, 0x000000, 0x000000, 0xe58182, 0xe58199, 0x000000, 0xe58184,
    0xe581a6, 0xe58192, 0xe58194, 0xe581b1, 0xe58190, 0xe581bb, 0xe581bc, 0xe58198, 0x000000,
    0x000000, 0xe581b9, 0xe581ac, 0xe581b8, 0xe586a8, 0xe58791, 0xe5878f, 0xe589a8, 0xe589b6,
    0xe58b94, 0x000000, 0xe58ea0, 0xe58f84, 0x000000, 0xe59598, 0xe5958c, 0xe595a8, 0x000000,
    0xe59589, 0x000000, 0x000000, 0xe5959d, 0xe594a9, 0x000000, 0xe59594, 0xe59593, 0x000000,
    0xe5959a, 0x000000, 0xe594ba, 0xe594bf, 0xe594ab, 0xe59faa, 0x000000, 0xe59faf, 0x000000,
    0x000000, 0xe59f9d, 0xe59fbe, 0x000000, 0xe59f9e, 0xe59fa6, 0x000000, 0xe59fa8, 0xe59fbf,
    0xe5a083, 0xe5a3b7, 0xe6a2a6, 0xe5a49f, 0x000000, 0xe5a59b, 0xe5a59d, 0xe5a59e, 0x000000,
    0xe5a8ab, 0x000000, 0xe5a8bb, 0x000000, 0x000000, 0xe5a9a1, 0xe5a8ba, 0xe5a9ae, 0xe5a98b,
    0xe5a9ab, 0x000000, 0x000000, 0xe5a985, 0xe5a98e, 0xe5a9a8, 0xe5a8bd, 0xe5a9b1, 0xe5a8bf,
    0xe5a9af, 0xe5a9b5, 0x000000, 0xe5a9b3, 0xe5a8ac, 0xe5a999, 0xe5a994, 0xe5a98f, 0xe5a9a3,
    0x000000, 0x000000, 0xe5af88, 0x000000, 0xe5af83, 0x000000, 0xe5b19b, 0xe5b1a1, 0x000000,
    0xe5b4a1, 0xe5b48a, 0xe5b489, 0x000000, 0xe5b4ac, 0xe5b488, 0x000000, 0x000000, 0xe5b4aa,
    0xe5b495, 0x000000, 0xe5b490, 0xe5b493, 0x000000, 0xe5b4af, 0xe5b498, 0x000000, 0xe5b7a3,
    0xe5b8b9, 0xe5b8b5, 0xe5b8ba, 0xe5b8b2, 0x000000, 0x000000, 0x000000, 0x000000, 0xe5babb,
    0xe5baba, 0xe5bcb4, 0xe5bcb9, 0x000000, 0x000000, 0x000000, 0x000000, 0xe68298, 0x000000,
    0xe68390, 0x000000, 0x000000, 0x000000, 0xe68397, 0xe682aa, 0x000000, 0xe682a1, 0xe682a4,
    0x000000, 0xe683ae, 0x000000, 0xe683a7, 0x000000, 0x000000, 0xe6839e, 0x000000, 0x000000,
    0xe68dbe, 0xe68e8b, 0x000000, 0xe68db9, 0xe68e86, 0xe68e93, 0x000000, 0xe68db3, 0xe68daa,
    0x000000, 0xe68dac, 0x000000, 0xe68dbf, 0x000000, 0xe68eb2, 0xe68eba, 0x000000, 0x000000,
    0xe68da6, 0xe68db4, 0x000000, 0xe6959a, 0x000000, 0xe6958e, 0xe6958d, 0xe6968d, 0xe6968e,
    0xe696ad, 0x000000, 0xe69787, 0xe6978a, 0x000000, 0xe69789, 0x000000, 0xe697a3, 0xe69997,
    0x000000, 0xe699a3, 0xe699a7, 0xe69c9a, 0xe69c99, 0xe69c96, 0x000000, 0x000000, 0xe6a29e,
    0xe6a2b6, 0xe6a298, 0xe6a1b3, 0x000000, 0xe6a29a, 0xe6a28e, 0xe6a2b7, 0xe6a39b, 0xe6a2a5,
    0xe6a1ac, 0xe6a381, 0xe6a284, 0x000000, 0x000000, 0xe6a295, 0xe6a1ba, 0xe6a299, 0x000000,
    0xe6a2b8, 0xe6a2b9, 0xe6a1b0, 0x000000, 0xe6acb5, 0x000000, 0xe6ae90, 0xe6aebb, 0xe6afad,
    0x000000, 0x000000, 0x000000, 0xe6b781, 0xe6b783, 0xe6b78e, 0x000000, 0x000000, 0xe6b6ad,
    0xe6b884, 0x000000, 0xe6b6b9, 0x000000, 0xe6b7a7, 0x000000, 0xe6b888, 0xe6b886, 0x000000,
    0xe6b88a, 0xe6b6b0, 0x000000, 0xe6b7b8, 0xe6b88c, 0x000000, 0xe6b6b1, 0x000000, 0xe6b882,
    0xe6b887, 0xe6b889, 0xe6b881, 0xe6b897, 0xe6b7bf, 0xe6b892, 0x000000, 0x000000, 0xe78483,
    0xe78487, 0xe78481, 0xe783b5, 0xe783b1, 0xe78488, 0xe783b2, 0xe7848f, 0x000000, 0xe783be,
    0x000000, 0x000000, 0x000000, 0xe78c9a, 0xe78c90, 0xe78c8e, 0xe79082, 0xe78fb3, 0x000000,
    0x000000, 0xe78fbb, 0x000000, 0x000000, 0x000000, 0xe7949b, 0xe794a3, 0xe795a1, 0xe795a8,
    0x000000, 0xe795a7, 0xe79793, 0x000000, 0x000000, 0xe79a90, 0x000000, 0x000000, 0xe79b95,
    0xe79b97, 0xe79b96, 0xe79cb0, 0x000000, 0xe79ca6, 0x000000, 0xe79d80, 0x000000, 0xe79c9e,
    0x000000, 0x000000, 0x000000, 0xe7a187, 0x000000, 0xe7a18b, 0xe7a191, 0xe7a18f, 0xe7a182,
    0xe7a186, 0x000000, 0xe7a5ae, 0xe7a5ac, 0xe7a7b2, 0x000000, 0xe7a7b1, 0xe7a7b5, 0xe7a7b3,
    0xe7a7b9, 0x000000, 0x000000, 0x000000, 0xe7aa9a, 0xe7aa93, 0xe7aa91, 0xe7aba1, 0x000000,
    0x000000, 0xe7aca1, 0xe7ac9c, 0xe7ac96, 0xe7ac97, 0xe7acb6, 0xe7ac9f, 0x000000, 0xe7b293,
    0xe7b299, 0xe7b29a, 0xe7b29c, 0x000000, 0xe7b589, 0x000000, 0xe7b4b4, 0xe7b4b7, 0x000000,
    0xe7b4ad, 0x000000, 0xe7b58c, 0x000000, 0x000000, 0xe7b588, 0x000000, 0x000000, 0xe7bcbb,
    0x000000, 0x000000, 0x000000, 0x000000, 0xe88088, 0xe8809a, 0x000000, 0xe8809d, 0x000000,
    0xe88189, 0xe88185, 0xe88184, 0xe7b29b, 0x000000, 0x000000, 0xe884aa, 0xe884ae, 0x000000,
    0x000000, 0xe884b1, 0x000000, 0xe8849a, 0xe884b4, 0xe88497, 0x000000, 0x000000, 0x000000,
    0xe88c9d, 0xe88db1, 0xe88e84, 0xe88e80, 0xe88db2, 0xe88ea1, 0x000000, 0xe88db9, 0xe88e91,
    0x000000, 0xe88e9f, 0xe88ead, 0x000000, 0x000000, 0xe88ca3, 0x000000, 0xe88e85, 0xe88e9c,
    0xe88eb7, 0xe89998, 0xe8999a, 0x000000, 0xe89997, 0xe89ab2, 0x000000, 0xe89aae, 0x000000,
    0x000000, 0x000000, 0xe8a185, 0xe8a29c, 0xe8a294, 0xe8a2a3, 0xe8a28f, 0xe8a2a5, 0xe8a2a9,
    0xe8a2a6, 0xe8a28a, 0xe8a2a0, 0xe8a290, 0xe8a692, 0xe8a691, 0xe8a694, 0x000000, 0xe8a8a6,
    0xe8a8b2, 0xe8a8a8, 0x000000, 0x000000, 0xe8a89c, 0x000000, 0xe8a8ab, 0xe8a8a0, 0x000000,
    0xe8a8a9, 0x000000, 0x000000, 0x000000, 0xe8a8a1, 0xe8b0ba, 0x000000, 0xe8b19b, 0xe8b198,
    0xe8b1bc, 0x000000, 0xe8b2a6, 0xe8b2ae, 0xe8b2ad, 0xe8b5a5, 0x000000, 0xe8b5be, 0x000000,
    0xe8b5bc, 0xe8b5bf, 0xe8b5ba, 0xe8b6bd, 0x000000, 0x000000, 0xe8b780, 0xe8b6bb, 0xe8baad,
    0xe8baaf, 0xe8bb96, 0x000000, 0x000000, 0x000000, 0x000000, 0x000000, 0xe8bb99, 0x000000,
    0x000000, 0xe98092, 0xe9808e, 0xe980a5, 0x000000, 0xe98093, 0xe983ae, 0x000000, 0xe982ab,
    0xe983b7, 0x000000, 0xe98599, 0xe98594, 0xe987b2, 0xe987b0, 0xe987a5, 0xe987b6, 0x000000,
    0x000000, 0xe99687, 0x000000, 0xe9999a, 0x000000, 0x000000, 0xe999ae, 0x000000, 0x000000,
    0x000000, 0xe999b9, 0x000000, 0xe9a3a1, 0xe9a3a6, 0x000000, 0xe9bb84, 0xe9bb92, 0xe4ba80,
    0x000000, 0xe4ba81, 0xe5828f, 0xe58297, 0xe58288, 0xe58289, 0x000000, 0x000000, 0xe58281,
    0xe585a0, 0x000000, 0x000000, 0xe5b982, 0xe58793, 0x000000, 0x000000, 0xe58792, 0xe58796,
    0xe589b3, 0x000000, 0xe589b0, 0x000000, 0x000000, 0x000000, 0xe58ea8, 0xe58ea6, 0xe58f85,
    0xe59697, 0xe5979e, 0x000000, 0x000000, 0xe59696, 0xe596b4, 0x000000, 0xe59685, 0x000000,
    0xe5969b, 0xe596a0, 0x000000, 0xe59599, 0x000000, 0xe59686, 0x000000, 0x000000, 0xe596af,
    0xe595ba, 0x000000, 0x000000, 0x000000, 0xe5969e, 0x000000, 0xe596a9, 0xe59c8f, 0xe59c8e,
    0xe5a09a, 0x000000, 0xe5a09f, 0x000000, 0xe5a0bc, 0xe5a098, 0xe5a0be, 0xe5a0a6, 0x000000,
    0xe5a0ba, 0x000000, 0xe5a0a2, 0x000000, 0xe5a3bb, 0xe5a5a3, 0xe5a5a4, 0x000000, 0xe5aaa8,
    0xe5aaa3, 0xe5aa82, 0xe5aa88, 0xe5aaa1, 0xe5aa85, 0xe5aa98, 0x000000, 0xe5aa99, 0x000000,
    0xe5aa89, 0xe5aa81, 0xe5aa96, 0xe5aa80, 0x000000, 0x000000, 0xe5aa91, 0x000000, 0x000000,
    0x000000, 0x000000, 0xe5ab8f, 0x000000, 0x000000, 0x000000, 0x000000, 0x000000, 0x000000,
    0xe5aa87, 0xe5aaa0, 0x000000, 0xe5a9b9, 0x000000, 0xe5aa86, 0xe5aaab, 0xe5aaaa, 0xe5aaa4,
    0xe5aa8d, 0xe5a9be, 0x000000, 0xe5af95, 0x000000, 0x000000, 0x000000, 0xe5b09e, 0xe5b19f,
    0xe5b19e, 0xe5b584, 0xe5b4be, 0x000000, 0xe5b588, 0xe5b49c, 0x000000, 0xe5b59b, 0xe5b58d,
    0x000000, 0x000000, 0xe5b597, 0x000000, 0xe5b593, 0xe5b58f, 0x000000, 0xe5b4bb, 0xe5b586,
    0x000000, 0x000000, 0xe5b986, 0xe5b987, 0x000000, 0xe5b988, 0xe5bb80, 0xe5babd, 0xe5babf,
    0x000000, 0xe5bc91, 0x000000, 0xe5bcbe, 0xe5bcbb, 0x000000, 0xe5bcba, 0x000000, 0x000000,
    0x000000, 0xe5bea7, 0x000000, 0xe683aa, 0x000000, 0xe68487, 0xe684a2, 0xe6848c, 0x000000,
    0x000000, 0xe682b3, 0xe68396, 0xe68392, 0x000000, 0xe683a3, 0xe683a5, 0xe683a9, 0x000000,
    0x000000, 0xe68491, 0xe683bd, 0x000000, 0x000000, 0xe6849e, 0xe684a0, 0xe684a1, 0xe6889e,
    0x000000, 0xe68fa2, 0xe68f9e, 0xe68fa6, 0x000000, 0x000000, 0x000000, 0x000000, 0xe68fb8,
    0x000000, 0xe68fbe, 0xe68f81, 0xe68ebf, 0xe68fb7, 0xe68f91, 0xe6959f, 0xe695a0, 0xe695a1,
    0x000000, 0x000000, 0xe69791, 0x000000, 0x000000, 0xe699bd, 0xe699ab, 0xe699bf, 0x000000,
    0x000000, 0xe699b3, 0xe69a81, 0xe699ad, 0xe699a9, 0x000000, 0x000000, 0xe69c9e, 0xe6a3ad,
    0x000000, 0x000000, 0x000000, 0x000000, 0xe6a483, 0x000000, 0xe6a3be, 0xe6a3a5, 0xe6a49e,
    0xe6a482, 0x000000, 0x000000, 0xe6a489, 0xe6a38a, 0xe6a480, 0x000000, 0xe6a481, 0xe6a498,
    0xe6a3a2, 0xe6a38f, 0x000000, 0xe6a4ae, 0xe6a385, 0xe6a3bf, 0x000000, 0xe6a49c, 0xe6a383,
    0x000000, 0xe6adaf, 0x000000, 0xe6adae, 0x000000, 0xe6aebe, 0x000000, 0xe6afb4, 0xe6b0ad,
    0x000000, 0xe6b6b6, 0xe6b9b5, 0xe6b89e, 0x000000, 0xe6b898, 0x000000, 0xe6b988, 0x000000,
    0xe6b98f, 0x000000, 0xe6b982, 0xe6b9aa, 0xe6b9b0, 0xe6b7be, 0x000000, 0x000000, 0xe6b9ad,
    0x000000, 0xe6b9bb, 0xe6b9be, 0xe6b999, 0x000000, 0xe6b997, 0x000000, 0xe6ba80, 0xe6b990,
    0x000000, 0xe6b8a9, 0xe6b9b6, 0xe6b8aa, 0xe6b98c, 0xe784aa, 0x000000, 0xe784b5, 0xe784ac,
    0xe784b7, 0xe7849d, 0x000000, 0x000000, 0xe784b8, 0x000000, 0xe784b4, 0xe784ab, 0xe784b3,
    0xe784a7, 0xe784a4, 0x000000, 0xe784ad, 0xe788b2, 0xe78a83, 0xe78a82, 0xe78a87, 0xe78c86,
    0xe78ca4, 0xe78cb8, 0xe78caa, 0xe78cac, 0xe78cab, 0x000000, 0xe78caf, 0xe78ca8, 0xe79097,
    0x000000, 0x000000, 0xe79099, 0xe790b8, 0x000000, 0xe7909f, 0xe79094, 0xe790bc, 0xe78fb7,
    0xe7909c, 0xe79095, 0xe79098, 0xe790b9, 0xe793b9, 0xe794a4, 0x000000, 0x000000, 0x000000,
    0xe795ae, 0xe795ad, 0xe795b1, 0xe7968e, 0x000000, 0xe797a5, 0x000000, 0x000000, 0x000000,
    0x000000, 0xe79a94, 0xe79ab3, 0x000000, 0xe79b99, 0x000000, 0xe79d88, 0xe79d89, 0xe79d83,
    0x000000, 0x000000, 0xe79d82, 0xe79f9f, 0x000000, 0xe7a1a3, 0xe7a1b6, 0x000000, 0xe7a19f,
    0xe7a1a6, 0xe7a5a6, 0xe7a5b1, 0x000000, 0x000000, 0xe7a5b6, 0xe7a684, 0xe7a5b5, 0xe7a7bf,
    0xe7a887, 0x000000, 0xe7a88e, 0xe7a889, 0x000000, 0x000000, 0x000000, 0x000000, 0x000000,
    0x000000, 0xe7aba7, 0xe7aba2, 0xe7ad95, 0x000000, 0x000000, 0xe7ad83, 0xe7ad97, 0xe7adac,
    0xe7ad82, 0xe7ad93, 0x000000, 0xe7ad81, 0x000000, 0x000000, 0xe7b2a7, 0xe7b2a0, 0xe7b2a6,
    0xe7b2a4, 0xe7b5b4, 0x000000, 0xe7b599, 0x000000, 0xe7b5a0, 0xe7b597, 0xe7b5ac, 0xe7b5be,
    0xe7b5a4, 0x000000, 0xe7b59a, 0xe7b59d, 0x000000, 0x000000, 0x000000, 0xe7b5b6, 0xe7b58d,
    0xe7b5b5, 0x000000, 0xe7bf93, 0xe7bf96, 0x000000, 0x000000, 0xe881a0, 0xe8818e, 0xe88585,
    0xe884bb, 0x000000, 0xe88588, 0xe88582, 0xe88589, 0xe88580, 0xe88494, 0xe88581, 0x000000,
    0xe887af, 0xe887b6, 0xe88883, 0x000000, 0xe88fad, 0x000000, 0xe88f9a, 0xe89098, 0xe88f92,
    0xe89088, 0x000000, 0xe89080, 0x000000, 0x000000, 0x000000, 0xe89097, 0xe88d86, 0xe89094,
    0xe88f93, 0xe89085, 0xe8909f, 0xe89082, 0xe89096, 0xe88f8d, 0xe88fa6, 0x000000, 0xe8999d,
    0xe89b95, 0xe89ba1, 0x000000, 0x000000, 0x000000, 0x000000, 0xe89bae, 0xe8a187, 0xe8a186,
    0x000000, 0x000000, 0xe8a2bb, 0x000000, 0xe8a2bf, 0xe8a2b4, 0x000000, 0xe8a2b5, 0x000000,
    0xe8a69a, 0xe8a983, 0x000000, 0x000000, 0xe8a99a, 0x000000, 0x000000, 0x000000, 0xe8a8b5,
    0xe8a8b8, 0xe8a982, 0xe8a989, 0xe8a99d, 0xe8a98b, 0xe8a8bd, 0x000000, 0x000000, 0x000000,
    0x000000, 0xe8b1a0, 0xe8b19e, 0xe8b1bf, 0xe8b1be, 0xe8b283, 0x000000, 0xe8b2b1, 0xe8b687,
    0x000000, 0x000000, 0xe8b688, 0xe8b683, 0x000000, 0x000000, 0xe8b686, 0xe8b68b, 0xe8b682,
    0xe8b78a, 0xe8b792, 0x000000, 0x000000, 0xe8b794, 0xe8b789, 0xe8bab0, 0x000000, 0x000000,
    0x000000, 0xe8bbb2, 0xe8bba4, 0xe8bbb3, 0xe8bbaa, 0x000000, 0xe8bbbd, 0x000000, 0xe8be9d,
    0xe980ab, 0xe980aa, 0x000000, 0xe980a8, 0xe980a9, 0xe980ac, 0x000000, 0x000000, 0xe980ba,
    0xe980b0, 0xe980b7, 0xe980bb, 0x000000, 0xe9848a, 0x000000, 0x000000, 0x000000, 0xe987be,
    0xe988a0, 0x000000, 0xe9888b, 0x000000, 0xe98898, 0xe988a2, 0x000000, 0xe9889b, 0xe98888,
    0x000000, 0xe9888e, 0xe98893, 0x000000, 0x000000, 0xe99695, 0x000000, 0x000000, 0x000000,
    0xe99a8c, 0xe999bb, 0xe999bf, 0xe99a81, 0x000000, 0xe99a82, 0x000000, 0x000000, 0x000000,
    0x000000, 0x000000, 0xe99bae, 0xe99bad, 0x000000, 0xe99bac, 0xe99d9f, 0xe99daf, 0x000000,
    0xe99dad, 0x000000, 0x000000, 0x000000, 0x000000, 0x000000, 0x000000, 0xe9a3b0, 0x000000,
    0x000000, 0x000000, 0xe9aaa9, 0x000000, 0x000000, 0xe9aba0, 0xe4bab7, 0x000000, 0x000000,
    0xe5838c, 0xe582bc, 0x000000, 0xe582aa, 0xe582b9, 0x000000, 0xe582ab, 0xe58383, 0xe5838d,
    0xe585be, 0xe589be, 0xe589b9, 0x000000, 0x000000, 0xe58ba1, 0xe58ba0, 0xe58ba7, 0xe58e80,
    0xe58eab, 0xe58eaa, 0xe58ea9, 0xe58fa0, 0xe597aa, 0x000000, 0xe59797, 0x000000, 0x000000,
    0xe59781, 0xe59c95, 0x000000, 0xe5a1ac, 0x000000, 0xe5a19c, 0xe5a190, 0xe5a1a1, 0xe5a1aa,
    0xe5a1a9, 0xe5a196, 0xe5a1a0, 0xe5a1a6, 0xe5a19f, 0xe5a4a3, 0xe5a5a6, 0xe5a5a8, 0x000000,
    0x000000, 0xe5ab8e, 0x000000, 0xe5ab85, 0xe5ab83, 0x000000, 0x000000, 0xe5ab90, 0x000000,
    0x000000, 0x000000, 0x000000, 0x000000, 0x000000, 0xe5adb4, 0xe5adb6, 0xe5af9c, 0xe5af97,
    0xe5af9a, 0xe5af9b, 0x000000, 0xe5b0a0, 0xe5b5ad, 0xe5b5a6, 0x000000, 0xe5b5a4, 0xe5b5ae,
    0x000000, 0xe5b5a0, 0xe5bd82, 0xe5bd9a, 0xe5bdae, 0x000000, 0x000000, 0xe684b0, 0xe684ba,
    0xe684aa, 0xe68583, 0xe68499, 0xe684b1, 0x000000, 0xe684bd, 0x000000, 0x000000, 0x000000,
    0xe69088, 0xe690b2, 0xe690b8, 0x000000, 0xe690b1, 0x000000, 0xe69099, 0x000000, 0xe69091,
    0x000000, 0x000000, 0xe690a9, 0xe6909d, 0x000000, 0x000000, 0x000000, 0xe690bc, 0x000000,
    0xe69186, 0xe69187, 0x000000, 0x000000, 0xe690ba, 0xe69087, 0x000000, 0xe695ab, 0x000000,
    0xe695b0, 0xe695ad, 0x000000, 0xe697a4, 0xe69a93, 0x000000, 0x000000, 0x000000, 0x000000,
    0xe69a8f, 0x000000, 0x000000, 0xe69a92, 0x000000, 0xe69a8e, 0x000000, 0xe6a586, 0x000000,
    0x000000, 0x000000, 0x000000, 0x000000, 0x000000, 0x000000, 0xe6a4b1, 0x000000, 0x000000,
    0xe6a4be, 0x000000, 0xe6a5bc, 0xe6a583, 0x000000, 0xe6a5b3, 0x000000, 0xe6a595, 0x000000,
    0x000000, 0xe6a685, 0xe6a58d, 0xe6a590, 0xe6a587, 0xe6a5a7, 0xe6a4b6, 0xe6a5a4, 0xe6a5a1,
    0x000000, 0xe6a5bd, 0xe6ad84, 0xe6ad80, 0xe6adb1, 0xe6adb3, 0xe6ae9c, 0x000000, 0x000000,
    0x000000, 0xe6af81, 0x000000, 0xe6afba, 0xe6b0b1, 0xe6b0b2, 0x000000, 0x000000, 0xe6bab8,
    0xe6baa8, 0x000000, 0xe6ba91, 0xe6babb, 0x000000, 0xe6ba9a, 0x000000, 0x000000, 0xe6baa9,
    0x000000, 0x000000, 0xe6bab5, 0xe6b9ac, 0xe6bba8, 0x000000, 0xe6bb9d, 0xe6bb9a, 0xe6bba6,
    0xe6baac, 0x000000, 0x000000, 0x000000, 0xe6bb99, 0xe6bba3, 0xe6bba9, 0xe6bb9b, 0x000000,
    0xe785af, 0x000000, 0x000000, 0xe78588, 0x000000, 0xe7858a, 0xe785ab, 0x000000, 0xe7858f,
    0xe78597, 0xe785b4, 0x000000, 0x000000, 0x000000, 0xe78585, 0xe78591, 0xe785ad, 0x000000,
    0xe78991, 0xe78990, 0xe7898e, 0x000000, 0xe78d81, 0x000000, 0xe78cae, 0xe78d86, 0x000000,
    0xe790a7, 0x000000, 0xe79188, 0xe79193, 0xe790bd, 0x000000, 0xe7919d, 0xe79196, 0x000000,
    0xe7909e, 0xe79187, 0xe79183, 0xe79198, 0xe79189, 0x000000, 0xe7918c, 0xe79185, 0xe790be,
    0x000000, 0xe79481, 0xe7949e, 0x000000, 0x000000, 0xe795ba, 0xe797ae, 0xe79882, 0xe79a97,
    0xe79a98, 0x000000, 0x000000, 0x000000, 0xe79d9d, 0xe79da4, 0xe79d93, 0xe79d98, 0xe7a282,
    0xe7a290, 0xe7a28a, 0x000000, 0xe7a1ba, 0xe7a1bd, 0x000000, 0xe7a28b, 0xe7a1b8, 0x000000,
    0x000000, 0xe7a28d, 0xe7a288, 0xe7a292, 0xe7a281, 0xe7a5be, 0xe7a683, 0x000000, 0x000000,
    0x000000, 0xe7a680, 0x000000, 0x000000, 0x000000, 0xe7a88f, 0x000000, 0x000000, 0xe7a89d,
    0x000000, 0xe7aaa1, 0xe7aaa4, 0x000000, 0xe7aba9, 0xe7abaa, 0x000000, 0xe7ada2, 0xe7adab,
    0x000000, 0xe7ad9e, 0x000000, 0xe7adb9, 0x000000, 0x000000, 0xe7adaf, 0xe7ada8, 0x000000,
    0x000000, 0xe7b2ae, 0x000000, 0x000000, 0x000000, 0xe7b2b0, 0x000000, 0xe7b690, 0x000000,
    0xe7b68a, 0x000000, 0xe7b68b, 0xe7b699, 0xe7b695, 0x000000, 0xe7b687, 0xe7b5b8, 0xe7b697,
    0xe7b689, 0xe7b698, 0x000000, 0x000000, 0x000000, 0xe7bea3, 0x000000, 0x000000, 0x000000,
    0xe7bf9d, 0xe88197, 0x000000, 0xe885a3, 0xe885aa, 0xe885ac, 0x000000, 0x000000, 0x000000,
    0xe8859d, 0xe885b5, 0x000000, 0xe8859f, 0x000000, 0xe885bd, 0xe885ad, 0x000000, 0x000000,
    0xe88981, 0xe8918f, 0xe89284, 0x000000, 0xe891bf, 0x000000, 0xe89188, 0xe890aa, 0xe891bb,
    0xe891b2, 0xe891a4, 0xe890ae, 0xe8919c, 0xe89193, 0x000000, 0xe89181, 0xe89388, 0x000000,
    0xe891a2, 0xe89280, 0xe890be, 0xe89283, 0xe891b1, 0x000000, 0xe8918a, 0xe89195, 0xe89198,
    0x000000, 0x000000, 0x000000, 0xe89bbc, 0xe89bbd, 0xe89c95, 0x000000, 0xe89c96, 0xe89bbf,
    0x000000, 0x000000, 0x000000, 0xe8a198, 0xe8a38f, 0xe8a3a0, 0x000000, 0x000000, 0x000000,
    0x000000, 0xe8a7a7, 0xe8a9aa, 0xe8aa80, 0x000000, 0xe8a9af, 0xe8a9a5, 0x000000, 0xe8a9b8,
    0xe8a9bd, 0xe8aa88, 0x000000, 0x000000, 0xe8a9a4, 0xe8a9be, 0x000000, 0xe8a9a7, 0xe8b1a3,
    0xe8b288, 0x000000, 0xe8b38d, 0x000000, 0xe8b389, 0x000000, 0xe8b7ad, 0x000000, 0x000000,
    0x000000, 0x000000, 0x000000, 0x000000, 0x000000, 0xe8bab1, 0x000000, 0x000000, 0xe8bc84,
    0xe8be9e, 0xe8bea0, 0xe98183, 0xe98186, 0xe98188, 0xe98185, 0xe98180, 0xe9818c, 0x000000,
    0x000000, 0xe9848c, 0xe98493, 0xe98495, 0x000000, 0xe985ab, 0xe985a7, 0xe9899d, 0xe98995,
    0xe988b5, 0x000000, 0xe98999, 0xe988af, 0xe988bc, 0xe98a8f, 0xe9899c, 0xe989aa, 0xe989a2,
    0xe9899f, 0xe989ab, 0xe989ae, 0xe988bb, 0xe98984, 0xe98981, 0xe9969a, 0x000000, 0xe99699,
    0x000000, 0x000000, 0x000000, 0xe99a8f, 0x000000, 0xe99a96, 0x000000, 0x000000, 0x000000,
    0xe99bb4, 0xe99bbc, 0x000000, 0xe99d95, 0x000000, 0xe99db9, 0x000000, 0x000000, 0x000000,
    0xe99fae, 0xe99fb5, 0x000000, 0xe9a08b, 0x000000, 0xe9a3b3, 0x000000, 0x000000, 0xe9a3b7,
    0xe9a3bf, 0xe9a3b5, 0x000000, 0xe9a3ac, 0xe9a3b1, 0x000000, 0x000000, 0xe9a69a, 0x000000,
    0xe9aba2, 0xe9acbd, 0xe9ad9d, 0xe9b3a8, 0x000000, 0xe9b3ab, 0xe9b3af, 0xe9b3ae, 0xe9ba81,
    0xe9bc94, 0xe58390, 0xe58399, 0xe5839c, 0xe58398, 0x000000, 0xe583a1, 0xe583ab, 0x000000,
    0x000000, 0xe583b4, 0xe583a2, 0xe5839e, 0x000000, 0x000000, 0x000000, 0xe587b4, 0x000000,
    0x000000, 0x000000, 0xe58bad, 0xe58baa, 0x000000, 0xe58cb2, 0x000000, 0xe58eae, 0xe58eb0,
    0x000000, 0xe597bb, 0xe59883, 0xe5988b, 0x000000, 0xe59887, 0x000000, 0xe597b8, 0x000000,
    0xe598a8, 0xe5989e, 0x000000, 0xe59898, 0xe59891, 0xe59991, 0xe59885, 0xe59c97, 0xe5a292,
    0x000000, 0xe5a28c, 0x000000, 0xe5a1b8, 0xe5a284, 0xe5a1b3, 0xe5a2ad, 0xe5a297, 0xe5a295,
    0xe5a1b7, 0xe5a1b2, 0xe5a296, 0xe5a28d, 0xe5a490, 0x000000, 0xe5a5ac, 0x000000, 0xe5aba7,
    0x000000, 0xe5aba4, 0x000000, 0x000000, 0xe5abaf, 0xe598a6, 0x000000, 0x000000, 0xe5abb0,
    0xe5b5bb, 0x000000, 0xe5b683, 0x000000, 0x000000, 0xe5b68b, 0xe5b68c, 0x000000, 0xe5b5b8,
    0xe5b992, 0x000000, 0x000000, 0xe5bb90, 0xe5bb8f, 0x000000, 0xe5beb3, 0xe5beb4, 0x000000,
    0x000000, 0x000000, 0xe685bb, 0x000000, 0xe685af, 0xe68681, 0xe684bc, 0xe68582, 0xe684b8,
    0xe684b3, 0x000000, 0xe685a0, 0xe685a9, 0xe685bd, 0xe68686, 0xe688ac, 0xe688a8, 0x000000,
    0xe6918c, 0x000000, 0xe69197, 0xe691bc, 0x000000, 0x000000, 0xe69195, 0xe691a2, 0xe691b1,
    0xe691aa, 0xe69196, 0xe690bb, 0xe69281, 0x000000, 0xe6918f, 0xe691be, 0xe691a4, 0x000000,
    0x000000, 0x000000, 0x000000, 0x000000, 0xe695b1, 0x000000, 0x000000, 0xe69aa5, 0xe69a9a,
    0xe69a9c, 0x000000, 0xe69aa6, 0x000000, 0xe69aa4, 0xe6a68f, 0xe6a785, 0xe6a788, 0xe6a692,
    0xe6a6b2, 0x000000, 0x000000, 0x000000, 0xe6a7a3, 0xe6a780, 0xe6a796, 0xe6a791, 0xe6a69f,
    0xe6a6a2, 0xe6a792, 0x000000, 0x000000, 0x000000, 0xe6a7a1, 0xe6a795, 0xe6a69d, 0x000000,
    0x000000, 0xe6a698, 0x000000, 0xe6adb4, 0xe6aea1, 0x000000, 0xe6bbb0, 0xe6bbb3, 0x000000,
    0x000000, 0xe6bc9b, 0xe6bc8c, 0xe6bc9d, 0xe6bcb4, 0xe6bca8, 0xe6bc97, 0x000000, 0xe6bd84,
    0xe6bd82, 0xe6bc84, 0xe6bc91, 0xe6bbba, 0xe6bd8a, 0xe78691, 0xe7868e, 0x000000, 0xe7868b,
    0xe7868d, 0xe785bf, 0xe7868c, 0xe785be, 0xe785bc, 0xe78683, 0x000000, 0xe78688, 0x000000,
    0x000000, 0xe78a94, 0x000000, 0xe78d95, 0xe78d93, 0xe78d8f, 0xe78d94, 0xe791ac, 0xe791a5,
    0xe791a6, 0xe791a1, 0xe791ab, 0xe791a8, 0xe791b6, 0x000000, 0xe791a0, 0x000000, 0xe791b4,
    0xe79486, 0xe7988e, 0x000000, 0xe79887, 0x000000, 0x000000, 0xe79ab9, 0x000000, 0xe79ab7,
    0xe79ba2, 0x000000, 0xe79db4, 0xe79db7, 0xe79db6, 0xe79db5, 0x000000, 0xe79db8, 0xe79db1,
    0x000000, 0xe79dba, 0xe7859b, 0xe79dbb, 0xe7a2a6, 0xe7a2ae, 0xe7a2b8, 0x000000, 0x000000,
    0x000000, 0xe7a2b1, 0xe7a2af, 0x000000, 0xe7a689, 0xe7a687, 0x000000, 0x000000, 0xe7a8a9,
    0x000000, 0xe7a8aa, 0x000000, 0xe7a8ad, 0xe7a8ac, 0x000000, 0xe7a8b2, 0x000000, 0xe7abac,
    0xe7abb0, 0xe7ae81, 0xe7ae9e, 0xe7ae83, 0x000000, 0xe7ae92, 0x000000, 0xe7aea3, 0xe7ae9f,
    0xe7ae93, 0x000000, 0xe7ae86, 0xe7b2b8, 0xe7b2b7, 0x000000, 0x000000, 0x000000, 0x000000,
    0x000000, 0xe7b788, 0xe7b6b6, 0x000000, 0xe7b791, 0x000000, 0xe7b6a8, 0xe7b6ab, 0x000000,
    0xe7b6b3, 0xe7b78d, 0x000000, 0xe7b78f, 0xe7b6a4, 0x000000, 0x000000, 0xe7bd81, 0xe7bdaf,
    0xe7bdb1, 0x000000, 0x000000, 0x000000, 0x000000, 0x000000, 0xe880a3, 0xe8819b, 0x000000,
    0xe881a1, 0xe8819f, 0xe88681, 0x000000, 0x000000, 0xe88684, 0xe88893, 0x000000, 0xe8898a,
    0xe8898c, 0x000000, 0x000000, 0x000000, 0xe892bd, 0xe89295, 0x000000, 0xe89292, 0xe89383,
    0x000000, 0xe89296, 0xe892a5, 0xe892b5, 0xe892b3, 0xe892a3, 0xe893a4, 0xe89398, 0xe89395,
    0x000000, 0xe892b7, 0xe892ad, 0xe8939a, 0xe89293, 0xe89cb6, 0x000000, 0x000000, 0x000000,
    0xe89cbd, 0xe89cab, 0xe89d87, 0xe89cb9, 0x000000, 0xe89d85, 0xe89c9d, 0x000000, 0xe8a3bf,
    0xe8a3aa, 0x000000, 0xe8a3b5, 0x000000, 0xe8a480, 0xe8a3ad, 0xe8a483, 0xe8a3a9, 0x000000,
    0x000000, 0xe8a7aa, 0x000000, 0xe8aa9b, 0xe8aa8e, 0xe8aaa2, 0x000000, 0xe8aa9c, 0xe8aa94,
    0xe8aa90, 0xe8aaa9, 0xe8aaac, 0x000000, 0xe8aa9f, 0x000000, 0x000000, 0xe8aa9d, 0x000000,
    0xe8b1a7, 0x000000, 0x000000, 0xe8b390, 0xe8b396, 0xe8b394, 0xe8b698, 0xe8b69a, 0xe8b697,
    0x000000, 0x000000, 0x000000, 0xe8b88b, 0xe8b888, 0xe8b881, 0xe8bab4, 0xe8bab3, 0x000000,
    0xe8bea1, 0xe8bea2, 0x000000, 0xe9819a, 0x000000, 0xe981a1, 0xe9819f, 0x000000, 0x000000,
    0xe984a5, 0xe985bb, 0xe985b6, 0xe985bc, 0x000000, 0xe98a89, 0xe98bb6, 0xe98ab1, 0xe98aad,
    0xe98a92, 0xe98a81, 0xe98a84, 0x000000, 0xe98aae, 0xe98a90, 0xe98a9e, 0x000000, 0x000000,
    0x000000, 0xe996a2, 0xe996a7, 0x000000, 0x000000, 0x000000, 0x000000, 0x000000, 0xe99aa0,
    0xe99a9d, 0xe99a9f, 0xe99b90, 0x000000, 0xe99b91, 0x000000, 0x000000, 0xe99d99, 0x000000,
    0xe99da4, 0x000000, 0x000000, 0x000000, 0xe9a099, 0x000000, 0xe9a094, 0xe9a095, 0xe9a09a,
    0x000000, 0x000000, 0x000000, 0x000000, 0xe9a486, 0x000000, 0xe9a3b8, 0xe9a481, 0x000000,
    0xe9a6be, 0xe9a6bc, 0xe9a6b7, 0xe9a6b6, 0xe9a780, 0x000000, 0xe9a6b8, 0x000000, 0x000000,
    0x000000, 0xe9a784, 0x000000, 0xe9a6bf, 0x000000, 0xe9ab9a, 0xe9aba4, 0xe9aba9, 0xe9aba8,
    0xe9abaa, 0xe9aba5, 0x000000, 0xe9aca6, 0x000000, 0x000000, 0xe9ad80, 0x000000, 0x000000,
    0x000000, 0x000000, 0x000000, 0x000000, 0xe9babd, 0x000000, 0x000000, 0x000000, 0x000000,
    0xe5848e, 0x000000, 0xe583b7, 0x000000, 0xe583bc, 0xe5848d, 0xe58481, 0xe5879a, 0xe58799,
    0xe5879b, 0xe58a86, 0xe58a8e, 0xe58bae, 0xe58cb3, 0xe58eb1, 0x000000, 0xe59987, 0xe598ad,
    0xe59994, 0x000000, 0xe5998b, 0xe59992, 0xe598b1, 0xe59984, 0xe59996, 0xe59990, 0xe598ab,
    0x000000, 0xe5998d, 0xe598b7, 0xe5998f, 0xe5a2a2, 0xe5a2b7, 0x000000, 0xe5a2b2, 0x000000,
    0xe5a2aa, 0xe5a2b5, 0xe5a2b0, 0x000000, 0xe5a2b4, 0xe5a2a4, 0xe5a2a7, 0x000000, 0xe5a4a6,
    0xe5abbe, 0x000000, 0xe5ac84, 0x000000, 0xe5abbc, 0x000000, 0xe5ac86, 0xe5ac8a, 0xe5abba,
    0xe5ac8d, 0xe5ac80, 0xe5ac8e, 0x000000, 0x000000, 0x000000, 0xe5b691, 0x000000, 0xe5b68f,
    0xe5b690, 0xe5b698, 0xe5b6a4, 0xe5b69b, 0xe5b6a3, 0xe5b696, 0xe5b7a4, 0xe5b99a, 0x000000,
    0x000000, 0xe5b99e, 0x000000, 0xe5beb8, 0xe68597, 0xe6859c, 0xe686a6, 0xe68695, 0xe68688,
    0x000000, 0xe686a3, 0xe6868f, 0x000000, 0xe685a4, 0x000000, 0xe68599, 0xe685b8, 0x000000,
    0xe68685, 0xe68687, 0xe6869e, 0x000000, 0x000000, 0xe68698, 0xe6869c, 0x000000, 0x000000,
    0xe688af, 0xe69280, 0xe6929b, 0xe6928e, 0xe6928d, 0xe69294, 0xe69386, 0x000000, 0xe692a8,
    0xe69283, 0x000000, 0xe692b9, 0xe69286, 0xe692b4, 0xe692af, 0xe69291, 0x000000, 0xe692aa,
    0xe692a1, 0xe692a7, 0xe69ab6, 0xe69ab3, 0x000000, 0xe69abc, 0xe69aac, 0x000000, 0xe69aad,
    0xe6a88e, 0x000000, 0xe6a89c, 0xe6a89a, 0x000000, 0x000000, 0xe6a88b, 0x000000, 0xe6a7af,
    0xe6a88c, 0xe6a7b0, 0xe6a8a2, 0x000000, 0xe6a798, 0x000000, 0xe6a892, 0xe6a7ba, 0x000000,
    0xe6a8aa, 0x000000, 0xe6a890, 0x000000, 0x000000, 0xe6a8a9, 0xe6a7b9, 0xe6a7aa, 0xe6a8ac,
    0xe6a8a4, 0x000000, 0xe6a7a9, 0xe6ad92, 0xe6ad8f, 0xe6ad93, 0x000000, 0x000000, 0xe6bc90,
    0xe6bda5, 0xe6bdb5, 0x000000, 0x000000, 0x000000, 0x000000, 0xe6bf90, 0x000000, 0xe6bd9c,
    0xe6bcbd, 0xe6bdb1, 0x000000, 0xe6be91, 0xe6bc8b, 0xe6bdb9, 0xe6be81, 0xe6be8f, 0x000000,
    0xe6bd99, 0xe6bdb4, 0x000000, 0xe786ae, 0x000000, 0xe786a3, 0xe786ad, 0x000000, 0x000000,
    0xe786ab, 0xe786a6, 0xe786a2, 0x000000, 0xe58bb2, 0xe78997, 0xe78995, 0xe78a99, 0xe78d8b,
    0xe791ba, 0x000000, 0x000000, 0x000000, 0xe7928c, 0xe79284, 0x000000, 0x000000, 0xe79282,
    0xe79293, 0xe791bb, 0x000000, 0xe79489, 0x000000, 0x000000, 0x000000, 0x000000, 0x000000,
    0x000000, 0xe79e8a, 0x000000, 0xe79e90, 0x000000, 0xe7a386, 0xe7a393, 0xe7a380, 0xe7a392,
    0xe7a387, 0xe7a382, 0x000000, 0xe7a69f, 0xe7a69d, 0xe7a69e, 0x000000, 0xe7a981, 0x000000,
    0xe7a8b8, 0xe7a8ba, 0xe7a982, 0x000000, 0x000000, 0xe7a8be, 0xe7aab0, 0xe7aeae, 0xe7aeb3,
    0x000000, 0x000000, 0xe7aebf, 0x000000, 0x000000, 0xe7af8d, 0x000000, 0xe7aeb2, 0x000000,
    0x000000, 0x000000, 0x000000, 0x000000, 0x000000, 0x000000, 0xe7b384, 0xe7b38d, 0xe7b382,
    0xe7b386, 0xe7b383, 0xe7b389, 0xe7b387, 0x000000, 0xe7b7b8, 0x000000, 0xe7b7ad, 0xe7b7a2,
    0x000000, 0x000000, 0x000000, 0xe7b79c, 0xe7b882, 0xe7b881, 0x000000, 0xe7b796, 0x000000,
    0xe7b7a4, 0xe7b7be, 0x000000, 0xe7b880, 0xe7b7bc, 0xe7b7bd, 0x000000, 0xe7b7b5, 0xe7b7bf,
    0x000000, 0xe7b7ab, 0xe7b7a5, 0xe7bdb8, 0xe7beae, 0xe7bfa7, 0x000000, 0xe881a5, 0xe881aa,
    0xe881a6, 0xe881a8, 0xe881ab, 0xe88694, 0xe886a1, 0xe88692, 0xe88696, 0xe88693, 0x000000,
    0x000000, 0xe89481, 0x000000, 0xe893b8, 0x000000, 0xe893b5, 0x000000, 0xe89484, 0x000000,
    0x000000, 0x000000, 0x000000, 0xe8949b, 0xe89483, 0xe894b3, 0xe894b4, 0xe893ad, 0x000000,
    0x000000, 0xe894b5, 0x000000, 0xe89485, 0x000000, 0x000000, 0x000000, 0x000000, 0xe89dbd,
    0x000000, 0x000000, 0x000000, 0xe89db1, 0x000000, 0xe8a19c, 0xe8a3a6, 0xe8a48f, 0xe8a49b,
    0x000000, 0xe8a6a9, 0xe8a6a5, 0xe8a7ae, 0xe8aab1, 0x000000, 0xe8ab8c, 0xe8ab8e, 0x000000,
    0xe8aab7, 0x000000, 0xe8aab5, 0xe8aba9, 0xe8aab4, 0x000000, 0xe8aab3, 0xe8ab81, 0xe8aaaf,
    0xe8ab8a, 0xe8ab90, 0x000000, 0x000000, 0x000000, 0xe8b28e, 0x000000, 0x000000, 0xe8b3a9,
    0xe8b39b, 0x000000, 0xe8b3ab, 0xe8b6a4, 0x000000, 0xe8b6a2, 0xe8b69d, 0x000000, 0x000000,
    0x000000, 0x000000, 0xe8b8aa, 0xe8b8a8, 0x000000, 0x000000, 0xe8bab8, 0xe8bab6, 0xe8bab9,
    0xe8bab7, 0xe8bca2, 0xe8bcab, 0xe8bca7, 0xe8bc99, 0xe8bea4, 0x000000, 0xe8beb3, 0x000000,
    0xe981b1, 0xe981aa, 0x000000, 0x000000, 0xe98688, 0xe9868c, 0xe98abf, 0xe98ab8, 0xe98abe,
    0xe98b9c, 0xe98ba5, 0x000000, 0x000000, 0xe98b94, 0xe98b96, 0x000000, 0xe98b9a, 0xe98bad,
    0xe98bb3, 0xe98b9b, 0x000000, 0xe98ab9, 0xe98ba2, 0xe98bab, 0xe996af, 0x000000, 0xe996b2,
    0xe996b3, 0x000000, 0x000000, 0x000000, 0xe99aa3, 0xe99aa5, 0x000000, 0x000000, 0x000000,
    0x000000, 0xe99c8a, 0x000000, 0xe99e87, 0xe99e89, 0xe99e8c, 0xe99faf, 0xe9a0aa, 0xe9a0a2,
    0x000000, 0xe9a09f, 0x000000, 0xe9a499, 0x000000, 0xe9a78a, 0xe9a79a, 0x000000, 0x000000,
    0x000000, 0xe9a79e, 0xe9a788, 0xe9a7a0, 0x000000, 0xe9aab6, 0xe9aab5, 0x000000, 0xe9abb4,
    0x000000, 0xe9adab, 0xe9ada9, 0xe9adb2, 0xe9ada3, 0x000000, 0xe9b48d, 0x000000, 0xe9b481,
    0xe9b48c, 0x000000, 0xe9b3b8, 0x000000, 0x000000, 0xe9b3be, 0xe9b482, 0xe9ba84, 0x000000,
    0xe9baab, 0xe9baaa, 0xe5849d, 0xe58496, 0x000000, 0xe584ab, 0xe5849e, 0xe5849b, 0xe58a90,
    0xe58a94, 0xe58c94, 0x000000, 0x000000, 0xe599a7, 0x000000, 0xe599bb, 0x000000, 0xe5999f,
    0xe599a1, 0x000000, 0x000000, 0x000000, 0x000000, 0x000000, 0x000000, 0x000000, 0xe5a383,
    0xe5a38a, 0xe5a2bb, 0xe5a380, 0xe5a384, 0xe5a481, 0xe5ac9f, 0xe5ac98, 0xe5ac91, 0xe5ac95,
    0x000000, 0xe5ac92, 0xe5ac9c, 0x000000, 0xe5aca2, 0xe5adb9, 0xe5b6a6, 0x000000, 0xe5b6b3,
    0xe5b6ab, 0xe5bbaa, 0x000000, 0xe5bd9b, 0x000000, 0x000000, 0xe686b7, 0xe6878e, 0xe686b9,
    0xe686bd, 0xe6878f, 0xe68780, 0xe68699, 0xe68697, 0x000000, 0xe686bb, 0xe68790, 0xe68784,
    0xe688b1, 0x000000, 0xe69393, 0xe69380, 0x000000, 0x000000, 0x000000, 0x000000, 0xe6939c,
    0xe69391, 0xe69388, 0x000000, 0xe69395, 0xe69b83, 0x000000, 0x000000, 0xe69abf, 0xe69b85,
    0x000000, 0xe69b8d, 0xe69b81, 0xe69c86, 0x000000, 0xe69ca4, 0xe6a9a3, 0xe6a982, 0xe6a992,
    0x000000, 0xe6a983, 0xe6a8b3, 0x000000, 0xe6a9ac, 0xe6a997, 0x000000, 0xe6a98c, 0xe6a9ae,
    0x000000, 0x000000, 0x000000, 0x000000, 0x000000, 0xe6a8b7, 0x000000, 0xe6a9b1, 0xe6a98a,
    0xe6a8b6, 0x000000, 0xe6a993, 0x000000, 0xe6a985, 0xe6a9b0, 0x000000, 0x000000, 0xe6a99c,
    0xe6ad98, 0xe6ad97, 0x000000, 0x000000, 0x000000, 0x000000, 0x000000, 0x000000, 0xe6bebb,
    0x000000, 0x000000, 0xe6bebe, 0x000000, 0x000000, 0x000000, 0xe6beb5, 0xe6bf93, 0xe6be9f,
    0x000000, 0xe6beb7, 0xe6bfb5, 0xe786b7, 0x000000, 0xe786bb, 0x000000, 0xe78791, 0x000000,
    0xe786ba, 0x000000, 0xe786b6, 0xe7878c, 0x000000, 0x000000, 0xe78793, 0xe7929b, 0x000000,
    0x000000, 0xe79296, 0xe792a2, 0xe7929d, 0xe7948a, 0xe7948e, 0x000000, 0xe79681, 0xe798ac,
    0xe798b7, 0xe798b6, 0xe798bb, 0x000000, 0xe79aa1, 0x000000, 0x000000, 0xe79e98, 0x000000,
    0xe79e96, 0x000000, 0x000000, 0x000000, 0xe7a396, 0xe7a3ab, 0x000000, 0xe7a39c, 0x000000,
    0xe7a6a5, 0xe7a6a9, 0xe9a0b4, 0xe7a993, 0xe7a985, 0x000000, 0xe7a98f, 0x000000, 0xe7aabd,
    0xe7aabb, 0xe7abb1, 0x000000, 0x000000, 0xe7afac, 0xe7afad, 0x000000, 0x000000, 0xe7b393,
    0x000000, 0xe7b3a1, 0x000000, 0xe7b899, 0x000000, 0x000000, 0x000000, 0xe7b8a7, 0xe7b8a6,
    0x000000, 0x000000, 0xe881ae, 0xe886af, 0x000000, 0x000000, 0xe886ad, 0x000000, 0xe886aa,
    0xe88898, 0x000000, 0x000000, 0x000000, 0x000000, 0xe895af, 0xe8958c, 0x000000, 0xe89582,
    0x000000, 0xe8959c, 0xe895b0, 0xe8959f, 0x000000, 0xe8959a, 0xe8958b, 0xe894bf, 0xe89e8a,
    0x000000, 0xe89e8b, 0xe89ea1, 0xe89e8e, 0x000000, 0x000000, 0xe89e99, 0xe8a19e, 0xe8a19f,
    0xe8a4a4, 0xe8a6a7, 0xe8abaa, 0xe8abbd, 0xe8abb9, 0xe8aba3, 0xe8aba5, 0x000000, 0x000000,
    0xe8abac, 0x000000, 0x000000, 0x000000, 0x000000, 0xe8b3b2, 0x000000, 0xe8b3af, 0x000000,
    0xe8b6a6, 0x000000, 0x000000, 0x000000, 0xe8b8bb, 0xe8b983, 0x000000, 0xe8b8b2, 0xe8bcb1,
    0xe8bcb0, 0x000000, 0xe8bcad, 0xe8bcbc, 0xe8bea7, 0xe8bea5, 0x000000, 0x000000, 0x000000,
    0xe984b7, 0xe98695, 0xe9868e, 0x000000, 0xe98696, 0x000000, 0xe98d85, 0xe98c8a, 0x000000,
    0x000000, 0xe98bbd, 0xe98c97, 0xe98c9c, 0xe98c87, 0xe98cb1, 0xe98cb2, 0xe98cac, 0xe98cb0,
    0xe98c83, 0xe98c85, 0x000000, 0xe99782, 0x000000, 0xe996b8, 0x000000, 0xe99781, 0x000000,
    0x000000, 0x000000, 0xe99aab, 0xe99ab7, 0x000000, 0x000000, 0xe99c95, 0xe99c94, 0x000000,
    0x000000, 0xe99c8c, 0xe99c97, 0x000000, 0xe99e93, 0x000000, 0xe99f92, 0x000000, 0x000000,
    0xe9a0b6, 0xe9a0b1, 0xe9a0b3, 0xe9a0bc, 0xe9a0ae, 0xe9a0ba, 0x000000, 0xe9a0bd, 0x000000,
    0xe9a2b5, 0xe9a4a2, 0xe9a4a3, 0xe9a4a0, 0xe9a49c, 0xe9a49d, 0x000000, 0xe9a6a0, 0x000000,
    0xe9a7af, 0xe9a7a8, 0xe9a7ab, 0x000000, 0x000000, 0x000000, 0xe9a7a1, 0xe9a7a6, 0x000000,
    0x000000, 0xe9abb8, 0xe9abb5, 0x000000, 0x000000, 0xe9ae83, 0xe9ae94, 0xe9ae84, 0x000000,
    0xe9ae8b, 0xe9ae8f, 0x000000, 0xe9ae8c, 0x000000, 0xe9ae89, 0x000000, 0xe9ae8e, 0x000000,
    0x000000, 0x000000, 0xe9b4a4, 0xe9b48f, 0x000000, 0xe9b493, 0xe9b48a, 0x000000, 0x000000,
    0x000000, 0x000000, 0xe9b4aa, 0xe9b49a, 0x000000, 0xe9b4a7, 0xe9b496, 0xe9b4a1, 0x000000,
    0xe9ba85, 0xe9baac, 0xe9bb86, 0xe9bb85, 0xe9bb97, 0xe9bd93, 0x000000, 0xe584a8, 0xe584a7,
    0xe5879f, 0x000000, 0xe58cb5, 0xe58eb3, 0x000000, 0xe59a8a, 0xe599bd, 0xe59a89, 0x000000,
    0xe5a38d, 0xe5a390, 0x000000, 0xe5acab, 0xe5acb3, 0xe5aca9, 0xe5acb5, 0xe5acb1, 0xe5acb7,
    0xe5b0b6, 0xe5b6be, 0x000000, 0xe5b6b9, 0x000000, 0xe5b6bb, 0x000000, 0xe687a2, 0xe6879b,
    0xe6879d, 0xe6879c, 0xe6879a, 0x000000, 0xe68799, 0x000000, 0x000000, 0xe6939f, 0x000000,
    0x000000, 0xe693a1, 0x000000, 0xe693ae, 0x000000, 0xe696b5, 0xe69b94, 0xe69b95, 0x000000,
    0xe69b90, 0xe69b91, 0xe69b8e, 0xe69b97, 0x000000, 0x000000, 0xe6a9bd, 0xe6aa8a, 0x000000,
    0xe6aaa7, 0x000000, 0xe6aa99, 0xe6aa82, 0xe6aa88, 0x000000, 0x000000, 0xe6aa86, 0x000000,
    0xe6aa98, 0xe6aa9d, 0x000000, 0x000000, 0xe6aa8f, 0x000000, 0xe6aaaa, 0x000000, 0xe6ad9d,
    0x000000, 0xe6b08a, 0x000000, 0xe6bf97, 0xe6bf96, 0xe6bfa5, 0x000000, 0x000000, 0x000000,
    0xe6bf99, 0xe6bf9a, 0xe6bfaa, 0x000000, 0xe6bfb6, 0x000000, 0x000000, 0xe787a3, 0x000000,
    0xe787a9, 0x000000, 0xe787ab, 0xe787af, 0xe787b3, 0xe787aa, 0x000000, 0x000000, 0x000000,
    0x000000, 0x000000, 0xe78db1, 0x000000, 0xe792ae, 0x000000, 0xe792b3, 0x000000, 0xe792ac,
    0x000000, 0x000000, 0xe79683, 0xe79985, 0xe7998e, 0xe79984, 0xe79aa3, 0xe79aa5, 0xe79ea6,
    0xe79ea4, 0x000000, 0xe79ea9, 0xe79eaf, 0x000000, 0x000000, 0x000000, 0xe7a3b0, 0xe7a3b8,
    0xe7a3b1, 0x000000, 0xe7a989, 0x000000, 0x000000, 0x000000, 0xe7ab82, 0xe7abb2, 0xe7abb3,
    0xe7afba, 0x000000, 0xe7afb6, 0xe7afbc, 0xe7b098, 0xe7b088, 0xe7b092, 0x000000, 0x000000,
    0xe7b39b, 0xe7b39a, 0x000000, 0x000000, 0x000000, 0xe7b8ac, 0xe7b98d, 0x000000, 0x000000,
    0xe7bd86, 0xe7bfb6, 0xe880ab, 0xe881b4, 0xe886b8, 0xe88788, 0x000000, 0x000000, 0x000000,
    0xe89692, 0xe89693, 0x000000, 0xe895bf, 0xe896ab, 0xe89697, 0x000000, 0x000000, 0xe896ac,
    0x000000, 0x000000, 0x000000, 0xe89f8e, 0x000000, 0xe89f8d, 0x000000, 0x000000, 0xe89f81,
    0xe89eb1, 0xe89f87, 0x000000, 0xe8a580, 0x000000, 0xe8a4bf, 0xe8a4b9, 0x000000, 0xe8a583,
    0x000000, 0x000000, 0x000000, 0xe8a6ab, 0x000000, 0xe8ac9f, 0xe8ac89, 0xe8ac8c, 0x000000,
    0x000000, 0xe8b180, 0x000000, 0xe8b296, 0x000000, 0xe8b3b6, 0xe8b3b7, 0x000000, 0xe8b986,
    0xe8b98f, 0x000000, 0x000000, 0x000000, 0xe8bcbd, 0xe8bd81, 0xe98da6, 0xe98db8, 0xe98d9d,
    0xe98da9, 0xe98db4, 0xe98dbd, 0xe98dae, 0xe98db2, 0xe98db3, 0xe98da2, 0xe98d88, 0xe98d93,
    0xe98d9f, 0xe98da8, 0x000000, 0xe98dbf, 0xe98dab, 0x000000, 0xe99784, 0x000000, 0xe99aaf,
    0xe99aad, 0xe99ab2, 0x000000, 0x000000, 0xe99c9a, 0xe99c9b, 0x000000, 0x000000, 0x000000,
    0x000000, 0xe99e9b, 0xe99e9f, 0x000000, 0x000000, 0x000000, 0x000000, 0x000000, 0xe9a180,
    0x000000, 0xe9a187, 0x000000, 0xe9a2b7, 0x000000, 0x000000, 0x000000, 0x000000, 0x000000,
    0xe9a6a2, 0x000000, 0x000000, 0xe9a880, 0xe9a7b3, 0x000000, 0x000000, 0xe9a7b5, 0x000000,
    0x000000, 0xe9aabd, 0xe9ac80, 0xe9ac82, 0x000000, 0xe9acb4, 0xe9ad89, 0xe9ae9f, 0x000000,
    0xe9aea3, 0xe9af8d, 0xe9ae99, 0xe9ae9d, 0x000000, 0x000000, 0xe9b4b9, 0x000000, 0xe9b584,
    0x000000, 0x000000, 0xe9b4b5, 0x000000, 0x000000, 0xe9baaf, 0x000000, 0xe584af, 0x000000,
    0x000000, 0xe9be8e, 0x000000, 0xe59a9f, 0xe59a9b, 0xe59a9e, 0xe59a96, 0xe59a94, 0xe59aa0,
    0x000000, 0xe5acbb, 0x000000, 0x000000, 0xe5acba, 0xe5b781, 0xe5bd8d, 0xe5bd9d, 0xe687b3,
    0x000000, 0x000000, 0x000000, 0x000000, 0xe693b6, 0xe693a5, 0xe693aa, 0xe693a7, 0xe69485,
    0x000000, 0xe693b9, 0x000000, 0x000000, 0x000000, 0xe6aaab, 0xe6abad, 0xe6aab2, 0xe6aab0,
    0xe6aab5, 0xe6aabe, 0xe6ab81, 0xe6ab88, 0x000000, 0xe6ab80, 0xe6aabc, 0xe6aab1, 0xe6ab84,
    0xe6aabf, 0x000000, 0x000000, 0xe78088, 0xe78083, 0xe6bfbd, 0xe78090, 0xe78082, 0xe78093,
    0x000000, 0xe787ba, 0xe78880, 0xe792b9, 0xe792bc, 0x000000, 0xe7999b, 0xe79991, 0xe7998f,
    0xe79bab, 0xe79eb8, 0x000000, 0xe79eb9, 0xe79f81, 0xe79f80, 0xe79ebe, 0xe7a48b, 0x000000,
    0xe7a487, 0xe7a48a, 0xe7a488, 0x000000, 0xe7a48d, 0xe7a486, 0xe7a495, 0xe7a6af, 0x000000,
    0x000000, 0x000000, 0xe7abb5, 0x000000, 0x000000, 0xe7b0ae, 0x000000, 0xe7b09b, 0x000000,
    0xe7b09a, 0xe7b0a4, 0x000000, 0x000000, 0xe7b3a6, 0xe7b3a3, 0x000000, 0x000000, 0xe7b99d,
    0xe7b98f, 0xe7b9a6, 0xe7b99b, 0xe7bd87, 0xe7beb4, 0x000000, 0x000000, 0x000000, 0xe7bfba,
    0xe880ae, 0x000000, 0x000000, 0xe8878e, 0x000000, 0x000000, 0xe88899, 0x000000, 0x000000,
    0xe8978c, 0xe896b2, 0x000000, 0xe896bb, 0xe89781, 0x000000, 0x000000, 0x000000, 0xe89fa9,
    0xe89fae, 0xe89fb0, 0xe89f96, 0xe8a08e, 0xe89f9a, 0xe8a588, 0xe8a58a, 0xe8a58e, 0xe8a58d,
    0xe8a6b1, 0xe8a6b0, 0xe8a6b3, 0x000000, 0xe8acb8, 0xe8acb2, 0x000000, 0xe8acad, 0x000000,
    0xe8acb4, 0x000000, 0xe8aca9, 0xe8b1b4, 0x000000, 0x000000, 0xe8b483, 0x000000, 0x000000,
    0xe8b6a9, 0xe8b998, 0x000000, 0x000000, 0xe8babf, 0xe8bb81, 0xe8bd8a, 0xe8beac, 0x000000,
    0xe98289, 0xe984bd, 0xe984bc, 0xe986a9, 0xe98ea0, 0x000000, 0xe98e90, 0x000000, 0xe98e93,
    0xe98e8b, 0xe98ead, 0xe98ebb, 0xe98eb8, 0x000000, 0x000000, 0xe98e9c, 0xe99798, 0xe99797,
    0x000000, 0x000000, 0x000000, 0xe99d9d, 0xe99ea9, 0xe99f9a, 0x000000, 0x000000, 0x000000,
    0x000000, 0xe9a194, 0x000000, 0xe9a195, 0xe9a18b, 0x000000, 0xe9a0bf, 0xe9a2b9, 0x000000,
    0x000000, 0x000000, 0x000000, 0xe9a4b8, 0xe9a4b6, 0xe9a580, 0x000000, 0xe9a4bb, 0xe9a4b9,
    0xe9a6a4, 0x000000, 0x000000, 0xe9a888, 0xe9a88c, 0x000000, 0xe9a890, 0x000000, 0xe9ac87,
    0x000000, 0xe9af92, 0x000000, 0xe9af82, 0xe9aebb, 0xe9af8c, 0xe9af8b, 0x000000, 0x000000,
    0xe9b58d, 0xe9b5a3, 0xe9b58e, 0x000000, 0xe9b590, 0xe9b595, 0x000000, 0xe9b59e, 0x000000,
    0xe9ba90, 0xe9bab2, 0xe9bab1, 0x000000, 0xe9bb8a, 0xe9bc82, 0xe9bca7, 0xe9bca6, 0x000000,
    0xe59aaf, 0xe5a3a0, 0xe5a39c, 0x000000, 0xe5acb9, 0x000000, 0x000000, 0xe5adbc, 0xe5afb3,
    0x000000, 0x000000, 0xe5b1ab, 0xe5b784, 0xe6948b, 0xe69488, 0xe6948a, 0x000000, 0x000000,
    0xe6979c, 0x000000, 0x000000, 0xe69ba1, 0xe69b9f, 0xe6ab8e, 0xe6ab94, 0xe6aba3, 0xe6ab97,
    0xe6aba2, 0x000000, 0x000000, 0x000000, 0x000000, 0xe6ab98, 0xe6ab95, 0xe6ab92, 0x000000,
    0x000000, 0xe7809e, 0xe780ac, 0xe780a5, 0xe6bfb3, 0xe78884, 0xe78888, 0xe78895, 0x000000,
    0xe79384, 0xe79389, 0xe79387, 0xe79388, 0xe79aa9, 0xe79f86, 0xe79f85, 0xe7a498, 0xe7a49a,
    0xe7a4a0, 0x000000, 0xe7a9a6, 0xe7a9a4, 0xe7a9aa, 0x000000, 0x000000, 0x000000, 0x000000,
    0x000000, 0x000000, 0xe7b0b5, 0xe7b0b4, 0x000000, 0x000000, 0xe7b9ac, 0x000000, 0xe7b9ae,
    0xe7b9b1, 0x000000, 0xe88794, 0xe88796, 0xe8889a, 0xe889a2, 0xe889a5, 0xe889b6, 0xe8979b,
    0xe89796, 0x000000, 0xe897a7, 0x000000, 0x000000, 0xe897b4, 0x000000, 0xe89fbd, 0xe89f95,
    0xe8a087, 0x000000, 0xe8a08f, 0xe89fb8, 0x000000, 0x000000, 0xe8a687, 0x000000, 0xe8a6b5,
    0xe8a7b5, 0x000000, 0xe8acbf, 0xe8ad83, 0xe8ad8c, 0x000000, 0xe8b48b, 0xe8b9ab, 0xe8b9a8,
    0xe8b9b0, 0xe8b9b5, 0xe8b9b7, 0x000000, 0xe8bb83, 0x000000, 0xe98fa9, 0xe98faa, 0xe98f8b,
    0xe98f85, 0xe98f86, 0x000000, 0xe98fad, 0xe98f93, 0x000000, 0xe98fa5, 0x000000, 0x000000,
    0xe98f9b, 0xe98fab, 0xe98fa0, 0xe98f81, 0x000000, 0x000000, 0xe9979d, 0x000000, 0x000000,
    0x000000, 0x000000, 0x000000, 0x000000, 0x000000, 0x000000, 0x000000, 0xe99eb2, 0xe99eb4,
    0xe99eb1, 0xe99eb5, 0xe99fb2, 0x000000, 0x000000, 0x000000, 0xe9a196, 0x000000, 0x000000,
    0x000000, 0xe9a584, 0x000000, 0xe9a8a6, 0xe9a89f, 0xe9a898, 0xe9a8a1, 0xe9a897, 0x000000,
    0xe9ac89, 0x000000, 0x000000, 0xe9af85, 0xe9af9f, 0x000000, 0xe9afa3, 0x000000, 0xe9afa9,
    0xe9afae, 0x000000, 0x000000, 0xe9b5a6, 0xe9b5ba, 0x000000, 0xe9b5ae, 0xe9b691, 0xe9b683,
    0xe9b5b6, 0xe9b5be, 0xe9b5ad, 0x000000, 0xe9ba95, 0xe9bba3, 0x000000, 0x000000, 0xe9bc83,
    0xe9bc84, 0x000000, 0xe9bc97, 0x000000, 0xe584b6, 0x000000, 0xe58cb6, 0x000000, 0xe5ad82,
    0x000000, 0x000000, 0xe5ad84, 0xe5ad86, 0xe5adbe, 0xe5b78a, 0xe5b788, 0xe5b78c, 0xe5bbb0,
    0x000000, 0xe69685, 0xe69ba5, 0xe69ba7, 0x000000, 0x000000, 0x000000, 0xe6abb4, 0x000000,
    0xe6aba9, 0x000000, 0x000000, 0x000000, 0x000000, 0x000000, 0xe780bd, 0x000000, 0xe780b6,
    0x000000, 0xe78896, 0x000000, 0xe78892, 0xe7888f, 0xe78897, 0xe78891, 0xe7888b, 0x000000,
    0x000000, 0xe7938d, 0xe79390, 0xe7938c, 0xe7938e, 0xe79391, 0x000000, 0xe79689, 0x000000,
    0xe7a9af, 0xe7b18b, 0xe7b184, 0x000000, 0x000000, 0x000000, 0x000000, 0x000000, 0xe7b9bf,
    0xe8adb1, 0x000000, 0xe880af, 0xe881ba, 0xe881bb, 0xe881bc, 0x000000, 0x000000, 0x000000,
    0xe897bc, 0xe89890, 0xe89882, 0x000000, 0x000000, 0xe897ae, 0xe89883, 0x000000, 0xe8988d,
    0xe89893, 0xe89888, 0xe8988f, 0xe8a098, 0xe8a092, 0x000000, 0x000000, 0xe8a5a7, 0xe8a5a5,
    0xe8a6bb, 0xe8ada9, 0xe8ada2, 0x000000, 0xe8adae, 0x000000, 0xe8ada1, 0x000000, 0xe8ada4,
    0xe8ad8d, 0xe8b191, 0x000000, 0x000000, 0xe8ba83, 0xe8bb86, 0x000000, 0xe9909f, 0x000000,
    0xe99084, 0xe99097, 0xe99088, 0xe99085, 0x000000, 0xe98fb3, 0xe9909e, 0xe99082, 0xe9909a,
    0xe9909b, 0xe990a7, 0xe9909c, 0x000000, 0xe99ab5, 0x000000, 0x000000, 0xe99cb3, 0x000000,
    0xe99cb4, 0xe99cb1, 0xe99eb8, 0xe99eba, 0x000000, 0xe99fbc, 0x000000, 0x000000, 0xe9a383,
    0x000000, 0xe9a58d, 0x000000, 0xe9a8af, 0x000000, 0x000000, 0x000000, 0xe9ab89, 0x000000,
    0xe9ab88, 0xe9ab84, 0xe9acaa, 0xe9acb8, 0xe9ad90, 0x000000, 0xe9b08a, 0xe9afbb, 0xe9b084,
    0xe9afbc, 0xe9afbe, 0x000000, 0x000000, 0x000000, 0xe9b082, 0xe9afb6, 0xe9b09b, 0xe9afb9,
    0xe9b095, 0xe9b090, 0xe9afbf, 0xe9b080, 0xe9b08c, 0x000000, 0x000000, 0xe9b695, 0xe9b6a5,
    0x000000, 0x000000, 0x000000, 0x000000, 0xe9ba98, 0xe9bb81, 0x000000, 0xe9bd9a, 0xe585a4,
    0xe59abb, 0x000000, 0xe5a3a6, 0xe5ad89, 0xe5afb7, 0x000000, 0x000000, 0xe5b790, 0x000000,
    0xe5bf82, 0x000000, 0xe69491, 0x000000, 0xe6abbf, 0xe6abbe, 0xe6abbd, 0x000000, 0xe6ac81,
    0x000000, 0x000000, 0xe7818b, 0xe7818d, 0xe78187, 0xe79393, 0xe799a8, 0xe799a7, 0x000000,
    0x000000, 0xe79f91, 0xe7a4b0, 0xe7a4b2, 0xe7a4ae, 0x000000, 0xe9be9d, 0xe7ab89, 0xe7ab88,
    0x000000, 0xe7b196, 0xe7b191, 0x000000, 0x000000, 0x000000, 0xe7ba85, 0xe7ba89, 0xe7ba8e,
    0xe7ba84, 0x000000, 0xe889aa, 0xe898ab, 0xe898af, 0xe898a8, 0x000000, 0xe89896, 0xe89895,
    0xe8989d, 0xe8a09a, 0x000000, 0x000000, 0x000000, 0xe8a6bc, 0xe8adb5, 0xe8adbc, 0x000000,
    0xe8b491, 0xe8b492, 0xe8bd9c, 0xe986bb, 0x000000, 0xe98fb4, 0x000000, 0x000000, 0xe990ad,
    0x000000, 0x000000, 0xe99ba4, 0xe99cb7, 0xe99cb6, 0xe99da7, 0xe99ebe, 0xe99ebd, 0xe99fa2,
    0xe9a1a8, 0xe9a1a6, 0xe9a388, 0xe9a38a, 0xe9a387, 0xe9a39c, 0x000000, 0xe9a58f, 0xe9a6a9,
    0xe9a8bc, 0x000000, 0xe9a8bb, 0xe9ab8e, 0x000000, 0xe9ac94, 0xe9ad93, 0x000000, 0xe9b0ae,
    0x000000, 0xe9b09f, 0x000000, 0x000000, 0x000000, 0x000000, 0xe9b6b0, 0xe9b6bd, 0x000000,
    0x000000, 0xe9b6ae, 0xe9b784, 0xe9b9bb, 0x000000, 0x000000, 0xe9ba9e, 0x000000, 0xe9bc85,
    0x000000, 0xe9bda9, 0xe9bea1, 0xe59b87, 0xe59c9d, 0xe5ad8a, 0xe5b793, 0x000000, 0xe5bdb2,
    0xe68882, 0x000000, 0xe688b5, 0xe694a7, 0xe6949e, 0xe6949f, 0x000000, 0x000000, 0xe6ac87,
    0xe6ac86, 0x000000, 0x000000, 0xe78194, 0xe7889c, 0xe788a0, 0xe7abb8, 0x000000, 0xe7b19d,
    0xe7b198, 0x000000, 0xe7ba92, 0xe7bd8e, 0x000000, 0x000000, 0x000000, 0xe8a0a7, 0x000000,
    0xe8ae81, 0xe8ae83, 0x000000, 0xe8b184, 0x000000, 0x000000, 0x000000, 0x000000, 0xe99182,
    0xe9918d, 0xe99194, 0xe9918e, 0x000000, 0xe99183, 0x000000, 0x000000, 0xe99cbc, 0xe99d80,
    0xe99f80, 0x000000, 0x000000, 0x000000, 0x000000, 0xe9a59a, 0xe9a991, 0x000000, 0xe9ab9d,
    0x000000, 0x000000, 0xe9b0b8, 0x000000, 0xe9b185, 0xe9b0ba, 0x000000, 0xe9b0b5, 0x000000,
    0x000000, 0x000000, 0xe9bbb1, 0x000000, 0xe9be93, 0xe58a9a, 0x000000, 0x000000, 0xe89981,
    0xe5b797, 0x000000, 0xe694a8, 0x000000, 0x000000, 0x000000, 0xe78193, 0xe78199, 0x000000,
    0xe788a1, 0x000000, 0xe799af, 0xe7a4b7, 0xe7a6b5, 0xe7b1a2, 0xe7b19e, 0xe7b3b5, 0x000000,
    0x000000, 0xe898bd, 0x000000, 0xe8a0ad, 0xe8a689, 0xe8ae8d, 0xe8ae87, 0xe8ae90, 0xe8b49a,
    0xe8ba99, 0x000000, 0x000000, 0x000000, 0xe9919f, 0x000000, 0x000000, 0xe99196, 0xe991a1,
    0xe9919b, 0xe9919a, 0xe9919c, 0xe991a5, 0x000000, 0xe99d81, 0x000000, 0x000000, 0xe9a1ae,
    0xe9a1ac, 0xe9a1ad, 0x000000, 0xe9a6aa, 0xe9a99c, 0xe9a998, 0xe9ab9e, 0x000000, 0xe9b18f,
    0xe9b191, 0x000000, 0xe9b193, 0x000000, 0x000000, 0x000000, 0xe9b7bc, 0xe9bcb9, 0x000000,
    0xe584be, 0x000000, 0xe59b92, 0x000000, 0xe5ad8f, 0xe6ac94, 0x000000, 0xe7a9b2, 0xe7a9b3,
    0x000000, 0x000000, 0x000000, 0xe8ae91, 0x000000, 0x000000, 0xe986bf, 0x000000, 0xe991ac,
    0x000000, 0x000000, 0xe99ba6, 0xe99d85, 0x000000, 0xe99f88, 0xe99fa4, 0xe9a59d, 0x000000,
    0xe9aca1, 0x000000, 0xe9acac, 0xe9ad97, 0x000000, 0x000000, 0xe9b19d, 0xe9b1a1, 0xe9b1a5,
    0xe9b888, 0x000000, 0x000000, 0x000000, 0x000000, 0x000000, 0xe9bd85, 0x000000, 0x000000,
    0xe68885, 0xe69baf, 0xe6ac9b, 0xe6ac9d, 0xe788a5, 0xe788a4, 0xe7b1ad, 0x000000, 0xe89982,
    0xe89989, 0x000000, 0xe8a5b8, 0xe8a68a, 0xe8ae97, 0x000000, 0xe8b29b, 0xe8b49c, 0x000000,
    0xe8baa2, 0x000000, 0x000000, 0x000000, 0x000000, 0x000000, 0x000000, 0x000000, 0x000000,
    0xe9b1ac, 0x000000, 0xe9b1af, 0x000000, 0xe9b88e, 0x000000, 0xe9bc88, 0xe9bc9d, 0xe9bea3,
    0x000000, 0x000000, 0xe5bda0, 0xe6ac9c, 0x000000, 0x000000, 0x000000, 0xe7b3b3, 0x000000,
    0xe8ae9b, 0xe8baa7, 0xe98784, 0x000000, 0xe991ba, 0x000000, 0x000000, 0xe9a9a1, 0xe9a9a3,
    0xe9ab97, 0xe9b1b6, 0x000000, 0xe9bea5, 0x000000, 0xe781a7, 0x000000, 0xe78aab, 0xe8998a,
    0xe8a5bd, 0xe8ae9d, 0xe8b193, 0xe8bda5, 0xe991bb, 0x000000, 0xe9a38d, 0xe9a39d, 0x000000,
    0xe9acb0, 0xe9b896, 0x000000, 0x000000, 0x000000, 0x000000, 0x000000, 0xe99ba7, 0xe9b898,
    0xe9baa2, 0x000000, 0xe9bdbc, 0x000000, 0xe7ba9e, 0xe99284, 0x000000, 0xe9b89c, 0x000000,
    0xe7b1b1, 0xe99f8a, 0x000000, 0x000000, 0x000000, 0xe9baa3, 0x000000, 0xe9b1bb, 0xe9be97,
    0x000000, 0x000000, 0xe99d90, 0x000000, 0x000000, 0x000000, 0xe59ca7, 0xe5b093, 0x000000,
    0x000000, 0x000000, 0x000000, 0x000000, 0x000000, 0xe5bf88, 0x000000, 0x000000, 0x000000,
    0x000000, 0x000000, 0xe69da5, 0x000000, 0x000000, 0xe58abd, 0x000000, 0xe5ada6, 0x000000,
    0xe697b9, 0xe69e88, 0xe6b3a6, 0xe6b38b, 0x000000, 0xe4bebd, 0xe5be8d, 0x000000, 0xe68098,
    0xe68188, 0x000000, 0xe6aca9, 0xe782a6, 0x000000, 0xe79c86, 0x000000, 0x000000, 0x000000,
    0xe5a890, 0xe5b3bc, 0xe5b3be, 0x000000, 0x000000, 0x000000, 0x000000, 0x000000, 0x000000,
    0xe78389, 0x000000, 0x000000, 0x000000, 0x000000, 0x000000, 0xe995b9, 0x000000, 0xe99aba,
    0x000000, 0x000000, 0x000000, 0x000000, 0x000000, 0x000000, 0x000000, 0xe7aca9, 0xe884a8,
    0x000000, 0xe8a8ae, 0x000000, 0x000000, 0x000000, 0xe9ab99, 0x000000, 0xe5a0ab, 0xe5a185,
    0x000000, 0xe68fba, 0x000000, 0x000000, 0x000000, 0xe6ba86, 0x000000, 0x000000, 0x000000,
    0x000000, 0x000000, 0xe5a1a7, 0x000000, 0xe5af9d, 0xe695ae, 0x000000, 0x000000, 0x000000,
    0xe8b287, 0x000000, 0xe58392, 0xe5839f, 0x000000, 0x000000, 0x000000, 0x000000, 0xe6a6ba,
    0x000000, 0xe6ae9d, 0x000000, 0xe88199, 0x000000, 0x000000, 0x000000, 0x000000, 0x000000,
    0x000000, 0x000000, 0x000000, 0x000000, 0x000000, 0x000000, 0x000000, 0xe6be8a, 0x000000,
    0x000000, 0xe7af83, 0xe7af82, 0x000000, 0x000000, 0x000000, 0x000000, 0xe983b6, 0x000000,
    0xe9a0a3, 0x000000, 0x000000, 0x000000, 0x000000, 0x000000, 0xe7878d, 0xe79299, 0x000000,
    0x000000, 0x000000, 0x000000, 0x000000, 0xe9a182, 0x000000, 0x000000, 0x000000, 0xe7be84,
    0x000000, 0x000000, 0x000000, 0x000000, 0x000000, 0xe8b48e, 0x000000, 0xe9a1a1, 0x000000,
    0x000000, 0xe8adb3, 0x000000, 0xe9b0a7, 0x000000, 0xe99198, 0xe79f96, 0xe9acad, 0x000000,
    0x000000, 0x000000, 0x000000, 0x000000, 0x000000, 0x000000, 0x000000, 0x000000, 0x000000,
    0x000000, 0x000000, 0x000000, 0x000000, 0x000000, 0x000000, 0x000000, 0x000000, 0x000000,
    0x000000, 0xe4bda6, 0xe4bda8, 0xe4bfa7, 0xe580bf, 0x000000, 0xe582a6, 0xe5848f, 0xe588be,
    0xe58ca4, 0xe58da5, 0xe58e9b, 0xe585bf, 0xe5938b, 0xe595b3, 0xe595b1, 0xe595ab, 0xe597b4,
    0xe598a2, 0xe598a0, 0xe59a92, 0xe59aba, 0xe59a91, 0xe59ab0, 0xe59d99, 0xe59e8a, 0xe5a08f,
    0xe5a092, 0xe5a093, 0xe5a187, 0xe5a29b, 0xe5a480, 0xe5a58d, 0xe5ab91, 0xe5ab93, 0xe5ada7,
    0xe5b197, 0xe5b1b7, 0xe5b395, 0xe5b5b5, 0xe5b68e, 0xe5b6a5, 0xe5b6b6, 0xe5b6bf, 0xe5b9a5,
    0xe5bb8d, 0xe5bbad, 0xe5be94, 0xe5be9a, 0xe5beba, 0xe684a5, 0xe68590, 0xe68aa3, 0xe68da0,
    0xe68da4, 0xe68eb6, 0xe69083, 0xe692b6, 0xe6949a, 0xe7a8a5, 0xe5b0a1, 0xe69ba2, 0xe69c82,
    0xe69ea4, 0xe69eac, 0xe6a090, 0xe6a086, 0xe6a19e, 0xe6a19a, 0xe6a4ac, 0xe6a4a9, 0xe6a8ad,
    0xe6a9b7, 0xe6a9ba, 0xe6ab8a, 0xe6aba6, 0xe6abb5, 0xe6ac8d, 0xe6ac8e, 0xe6af9c, 0xe6af9d,
    0xe6afb6, 0xe6b09e, 0xe6b1a3, 0xe6b6a5, 0xe6b88f, 0xe6ba8a, 0xe6ba84, 0xe6ba8b, 0xe6b9bc,
    0xe6bd8c, 0xe6bd88, 0xe6bd89, 0xe6be9d, 0xe6be99, 0xe6bfb8, 0xe780ae, 0xe780ad, 0xe7819c,
    0xe7a78c, 0xe782bf, 0xe783aa, 0xe783a5, 0xe78491, 0xe78492, 0xe784bf, 0xe784b9, 0xe784bb,
    0xe784bd, 0xe785b7, 0xe785b5, 0xe785b6, 0xe785b1, 0xe78696, 0xe78693, 0xe786b4, 0xe7879d,
    0xe7879e, 0xe7888e, 0xe5a491, 0xe78898, 0xe78d87, 0xe78d88, 0xe78faf, 0xe79092, 0xe790bb,
    0xe792a4, 0xe7928d, 0xe792b4, 0xe799b3, 0xe799b7, 0xe79abc, 0xe7a099, 0xe7a09b, 0xe7a0bd,
    0xe7a193, 0xe7a194, 0xe7a198, 0xe7a2b7, 0xe7a398, 0xe7a3ae, 0xe7a4a2, 0xe7a58d, 0xe7a686,
    0xe7a699, 0xe7a6a3, 0xe7a6bc, 0xe7aaa7, 0xe7acb7, 0xe7ad99, 0xe7af90, 0xe7b0af, 0xe7b0b2,
    0xe7b182, 0xe7b18e, 0xe7b1a8, 0xe7b2a9, 0xe7b3ad, 0xe7b790, 0xe7b887, 0xe7b793, 0xe7b9a4,
    0xe7bd80, 0x000000, 0xe88181, 0xe881a3, 0xe882bb, 0xe69c91, 0xe69ca5, 0xe88988, 0xe88c90,
    0xe88da2, 0xe88c92, 0xe890a1, 0xe8909e, 0xe893a2, 0xe8939e, 0xe893a1, 0xe895b3, 0xe89794,
    0xe897b5, 0xe898b7, 0xe89985, 0xe899b2, 0xe89d8a, 0xe89ea9, 0xe89ea5, 0xe89fb5, 0xe8a0b4,
    0xe8a190, 0xe8a287, 0xe8a594, 0xe8a684, 0xe8ac83, 0xe8b192, 0xe8b398, 0xe8b48c, 0xe8b498,
    0xe8b6b0, 0xe8babc, 0xe8bb95, 0xe8beaa, 0xe9829c, 0x000000, 0xe9859c, 0xe988ab, 0xe988a1,
    0xe989b3, 0xe98bb4, 0xe98bb5, 0xe98cbf, 0xe98d82, 0xe98e86, 0xe98ebe, 0xe98ebc, 0xe98ebd,
    0xe98fb1, 0xe98fb2, 0xe98faf, 0xe990a2, 0xe990a3, 0xe990a4, 0xe991a7, 0xe991a6, 0xe99697,
    0xe9978e, 0xe997a7, 0xe99cbb, 0xe99d8d, 0xe9a3a4, 0xe9a582, 0xe9ac9d, 0xe9ae98, 0x000000,
    0xe9b589, 0xe69189, 0xe5b9b1, 0xe5ba85, 0xe68793, 0xe9a48e, 0xe88082, 0xe7a09e, 0x000000,
    0x000000, 0xe594a8, 0xe595b2, 0xe596ba, 0xe597b0, 0xe597ae, 0xe59ab8, 0xe59ab9, 0xe59b84,
    0xe88193, 0xe98ab0, 0x000000, 0x000000, 0x000000, 0x000000, 0x000000, 0x000000, 0x000000,
    0x000000, 0x000000, 0x000000, 0x000000, 0x000000, 0x000000, 0x000000, 0x000000, 0x000000,
    0x000000, 0x000000, 0x000000, 0x000000, 0x000000, 0x000000, 0x000000, 0x000000, 0x000000,
    0x000000, 0x000000, 0x000000, 0x000000, 0x000000, 0x000000, 0x000000, 0x000000, 0x000000,
    0x000000, 0x000000, 0x000000, 0x000000, 0x000000, 0x000000, 0x000000, 0x000000, 0x000000,
    0x000000, 0x000000, 0x000000, 0x000000, 0x000000, 0x000000, 0x000000, 0x000000, 0x000000,
    0x000000, 0x000000, 0x000000, 0x000000, 0x000000, 0x000000, 0x000000, 0x000000, 0x000000,
    0x000000, 0x000000, 0x000000, 0x000000, 0x000000, 0x000000, 0x000000, 0x000000, 0x000000,
    0x000000, 0x000000, 0x000000, 0x000000, 0x000000, 0x000000, 0x000000, 0x000000, 0x000000,
    0x000000, 0x000000, 0x000000, 0x000000, 0x000000,
];
pub static EUC_TW_TO_UNICODE_TREE: PgMbRadixTree = PgMbRadixTree {
    chars16: &[],
    chars32: &EUC_TW_TO_UNICODE_TREE_TABLE,
    b1root: 0x0,
    b1_lower: 0x0,
    b1_upper: 0x0,
    b2root: 0x5e,
    b2_1_lower: 0xa1,
    b2_1_upper: 0xfd,
    b2_2_lower: 0xa1,
    b2_2_upper: 0xfe,
    b3root: 0x0,
    b3_1_lower: 0x0,
    b3_1_upper: 0x0,
    b3_2_lower: 0x0,
    b3_2_upper: 0x0,
    b3_3_lower: 0x0,
    b3_3_upper: 0x0,
    b4root: 0x1899,
    b4_1_lower: 0x8e,
    b4_1_upper: 0x8e,
    b4_2_lower: 0xa1,
    b4_2_upper: 0xae,
    b4_3_lower: 0xa1,
    b4_3_upper: 0xfd,
    b4_4_lower: 0xa1,
    b4_4_upper: 0xfe,
};
static EUC_TW_FROM_UNICODE_TREE_TABLE: [u32; 22640] = [
    0x000000, 0x000000, 0x000000, 0x000000, 0x000000, 0x000000, 0x000000, 0x000000, 0x000000,
    0x000000, 0x000000, 0x000000, 0x000000, 0x000000, 0x000000, 0x000000, 0x000000, 0x000000,
    0x000000, 0x000000, 0x000000, 0x000000, 0x000000, 0x000000, 0x000000, 0x000000, 0x000000,
    0x000000, 0x000000, 0x000000, 0x000000, 0x000000, 0x000000, 0x000000, 0x000000, 0x000000,
    0x000000, 0x000000, 0x000000, 0x000000, 0x000000, 0x000000, 0x000000, 0x000000, 0x000000,
    0x000000, 0x000000, 0x000000, 0x000000, 0x000000, 0x000000, 0x000000, 0x000000, 0x000000,
    0x000000, 0x000000, 0x000000, 0x000000, 0x000000, 0x000000, 0x000000, 0x000000, 0x000000,
    0x000000, 0x00004e, 0x000086, 0x000000, 0x000000, 0x000000, 0x000000, 0x000000, 0x000000,
    0x000000, 0x0000bf, 0x000000, 0x000000, 0x0000ee, 0x00012e, 0x000000, 0x000000, 0x000000,
    0x000000, 0x000000, 0x000000, 0x000000, 0x000000, 0x000000, 0x000000, 0x000000, 0x000000,
    0x000000, 0x000000, 0x000000, 0x000000, 0x000000, 0x000000, 0x000000, 0x000000, 0x000000,
    0x000000, 0x000000, 0x000000, 0x000000, 0x000000, 0x000000, 0x000000, 0x000000, 0x000000,
    0x000000, 0x000000, 0x000000, 0x000000, 0x000000, 0x000000, 0x000000, 0x000000, 0x000000,
    0x00a1f0, 0x000000, 0x000000, 0x000000, 0x000000, 0x000000, 0x000000, 0x000000, 0x000000,
    0x00a2f8, 0x00a2b4, 0x000000, 0x000000, 0x000000, 0x000000, 0x000000, 0x00a1b1, 0x000000,
    0x000000, 0x000000, 0x000000, 0x000000, 0x000000, 0x000000, 0x000000, 0x000000, 0x000000,
    0x000000, 0x000000, 0x000000, 0x000000, 0x000000, 0x000000, 0x000000, 0x000000, 0x000000,
    0x000000, 0x000000, 0x000000, 0x000000, 0x00a2b2, 0x000000, 0x000000, 0x000000, 0x000000,
    0x000000, 0x000000, 0x000000, 0x000000, 0x000000, 0x000000, 0x000000, 0x000000, 0x000000,
    0x000000, 0x000000, 0x000000, 0x000000, 0x000000, 0x000000, 0x000000, 0x000000, 0x000000,
    0x000000, 0x000000, 0x000000, 0x000000, 0x000000, 0x000000, 0x000000, 0x000000, 0x000000,
    0x00a2b3, 0x000000, 0x000000, 0x000000, 0x000000, 0x000000, 0x000000, 0x000000, 0x000000,
    0x00a5ef, 0x000000, 0x00a5ed, 0x00a5ee, 0x00a5f0, 0x000000, 0x000000, 0x000000, 0x000000,
    0x000000, 0x000000, 0x000000, 0x000000, 0x000000, 0x000000, 0x000000, 0x000000, 0x000000,
    0x00a5ec, 0x000000, 0x000000, 0x000000, 0x000000, 0x000000, 0x000000, 0x000000, 0x000000,
    0x000000, 0x000000, 0x000000, 0x000000, 0x000000, 0x000000, 0x000000, 0x000000, 0x000000,
    0x000000, 0x000000, 0x000000, 0x000000, 0x000000, 0x000000, 0x000000, 0x000000, 0x000000,
    0x000000, 0x000000, 0x000000, 0x000000, 0x000000, 0x000000, 0x000000, 0x000000, 0x000000,
    0x000000, 0x000000, 0x000000, 0x00a4f5, 0x00a4f6, 0x00a4f7, 0x00a4f8, 0x00a4f9, 0x00a4fa,
    0x00a4fb, 0x00a4fc, 0x00a4fd, 0x00a4fe, 0x00a5a1, 0x00a5a2, 0x00a5a3, 0x00a5a4, 0x00a5a5,
    0x00a5a6, 0x00a5a7, 0x000000, 0x00a5a8, 0x00a5a9, 0x00a5aa, 0x00a5ab, 0x00a5ac, 0x00a5ad,
    0x00a5ae, 0x000000, 0x000000, 0x000000, 0x000000, 0x000000, 0x000000, 0x000000, 0x00a5af,
    0x00a5b0, 0x00a5b1, 0x00a5b2, 0x00a5b3, 0x00a5b4, 0x00a5b5, 0x00a5b6, 0x00a5b7, 0x00a5b8,
    0x00a5b9, 0x00a5ba, 0x00a5bb, 0x00a5bc, 0x00a5bd, 0x00a5be, 0x00a5bf, 0x000000, 0x00a5c0,
    0x00a5c1, 0x00a5c2, 0x00a5c3, 0x00a5c4, 0x00a5c5, 0x00a5c6, 0x000000, 0x000000, 0x000000,
    0x000000, 0x000000, 0x000000, 0x000000, 0x000000, 0x000000, 0x000000, 0x000000, 0x000000,
    0x000000, 0x000000, 0x000000, 0x000000, 0x000000, 0x000000, 0x000000, 0x000000, 0x000000,
    0x000000, 0x000000, 0x000000, 0x000000, 0x000000, 0x000000, 0x000000, 0x000000, 0x000000,
    0x000000, 0x000000, 0x000000, 0x000000, 0x000000, 0x000000, 0x000000, 0x000000, 0x000000,
    0x000000, 0x000000, 0x000000, 0x000000, 0x000000, 0x000000, 0x000000, 0x000000, 0x000000,
    0x000000, 0x000000, 0x000000, 0x000000, 0x000000, 0x000000, 0x00017c, 0x0001bc, 0x0001cc,
    0x00020c, 0x00024c, 0x00028c, 0x0002cc, 0x00030c, 0x000000, 0x000000, 0x000000, 0x000000,
    0x000000, 0x00034b, 0x00038b, 0x000000, 0x000000, 0x000000, 0x0003ca, 0x0003ea, 0x000424,
    0x000000, 0x00044f, 0x00048c, 0x0004b4, 0x000000, 0x000000, 0x000000, 0x000000, 0x000000,
    0x0004f4, 0x000516, 0x000000, 0x000000, 0x000556, 0x000593, 0x0005d2, 0x000610, 0x00064b,
    0x00068b, 0x000000, 0x000000, 0x000000, 0x000000, 0x000000, 0x000000, 0x000000, 0x000000,
    0x000000, 0x000000, 0x000000, 0x000000, 0x000000, 0x000000, 0x000000, 0x000000, 0x000000,
    0x000000, 0x000000, 0x000000, 0x000000, 0x000000, 0x000000, 0x000000, 0x000000, 0x000000,
    0x000000, 0x000000, 0x000000, 0x000000, 0x000000, 0x000000, 0x000000, 0x000000, 0x000000,
    0x000000, 0x000000, 0x000000, 0x0006cb, 0x000000, 0x000000, 0x0006f5, 0x000731, 0x000000,
    0x000000, 0x000000, 0x000000, 0x000000, 0x00075b, 0x000000, 0x000000, 0x000000, 0x00078d,
    0x0007c9, 0x000000, 0x000000, 0x000000, 0x000000, 0x000000, 0x000000, 0x000000, 0x000000,
    0x000000, 0x000000, 0x000000, 0x000000, 0x000000, 0x000000, 0x000000, 0x000000, 0x000000,
    0x000000, 0x000000, 0x000000, 0x000000, 0x000000, 0x000000, 0x000000, 0x000000, 0x000000,
    0x000000, 0x000000, 0x000000, 0x000000, 0x000000, 0x000000, 0x000000, 0x000000, 0x000000,
    0x000000, 0x000000, 0x000000, 0x000000, 0x000000, 0x000000, 0x000000, 0x000000, 0x000000,
    0x000000, 0x000000, 0x000000, 0x000000, 0x000000, 0x000000, 0x000000, 0x000000, 0x000000,
    0x000000, 0x000000, 0x000000, 0x000809, 0x000849, 0x000889, 0x0008c9, 0x000909, 0x000949,
    0x000989, 0x0009c9, 0x000a09, 0x000a49, 0x000a89, 0x000ac9, 0x000b09, 0x000b49, 0x000b89,
    0x000bc8, 0x000c08, 0x000c47, 0x000c87, 0x000cc7, 0x000d07, 0x000d47, 0x000d87, 0x000dc6,
    0x000e06, 0x000e46, 0x000e86, 0x000ec6, 0x000f06, 0x000f46, 0x000f86, 0x000fc6, 0x001006,
    0x001046, 0x001086, 0x0010c6, 0x001106, 0x001146, 0x001186, 0x0011c6, 0x001206, 0x001246,
    0x001286, 0x0012c6, 0x001306, 0x001346, 0x001386, 0x0013c6, 0x001406, 0x001446, 0x001486,
    0x0014c6, 0x001506, 0x001546, 0x001586, 0x0015c6, 0x001606, 0x001646, 0x001686, 0x0016c5,
    0x001705, 0x001745, 0x001785, 0x0017c5, 0x001805, 0x001845, 0x001885, 0x0018c5, 0x001905,
    0x001945, 0x001985, 0x0019c5, 0x001a05, 0x001a45, 0x001a85, 0x001ac5, 0x001b05, 0x001b45,
    0x001b85, 0x001bc5, 0x001c05, 0x001c45, 0x001c85, 0x001cc5, 0x001d05, 0x001d45, 0x001d85,
    0x001dc5, 0x001e04, 0x001e44, 0x001e84, 0x001ec4, 0x001f04, 0x001f44, 0x001f84, 0x001fc4,
    0x002004, 0x002044, 0x002084, 0x0020c4, 0x002104, 0x002144, 0x002184, 0x0021c4, 0x002204,
    0x002244, 0x002284, 0x0022c3, 0x002303, 0x002343, 0x002381, 0x0023c1, 0x002401, 0x002441,
    0x002481, 0x0024c1, 0x002501, 0x002541, 0x002581, 0x0025c1, 0x002601, 0x002641, 0x002681,
    0x0026c1, 0x002701, 0x002741, 0x002781, 0x0027c1, 0x002801, 0x002841, 0x002881, 0x0028c1,
    0x002901, 0x002941, 0x002981, 0x0029c1, 0x002a01, 0x002a41, 0x002a80, 0x002ac0, 0x002b00,
    0x002b40, 0x002b80, 0x002bc0, 0x002c00, 0x002c40, 0x002c80, 0x002cc0, 0x002d00, 0x002d40,
    0x002d80, 0x002dc0, 0x002e00, 0x002e40, 0x002e80, 0x002ec0, 0x002f00, 0x002f40, 0x002f80,
    0x002fc0, 0x003000, 0x00303e, 0x00307e, 0x0030be, 0x0030fe, 0x00313e, 0x00317e, 0x0031be,
    0x0031fc, 0x00323a, 0x00327a, 0x0032ba, 0x0032fa, 0x00333a, 0x00337a, 0x0033ba, 0x0033fa,
    0x00343a, 0x00347a, 0x0034ba, 0x0034fa, 0x00353a, 0x003579, 0x0035b9, 0x0035f9, 0x003639,
    0x003679, 0x0036b9, 0x0036f9, 0x003739, 0x003779, 0x0037b9, 0x0037f9, 0x003839, 0x003879,
    0x000000, 0x003898, 0x0038d8, 0x003918, 0x003958, 0x003998, 0x0039d8, 0x003a18, 0x003a56,
    0x003a96, 0x003ad6, 0x003b16, 0x003b56, 0x003b96, 0x003bd6, 0x003c16, 0x003c56, 0x003c96,
    0x003cd6, 0x003d16, 0x003d56, 0x003d96, 0x003dd6, 0x003e16, 0x003e56, 0x003e96, 0x003ed6,
    0x003f16, 0x003f56, 0x003f96, 0x003fd6, 0x004014, 0x004054, 0x004094, 0x0040d4, 0x004113,
    0x004153, 0x004193, 0x0041d3, 0x004213, 0x004253, 0x004293, 0x0042d3, 0x004313, 0x004353,
    0x004393, 0x0043d3, 0x004413, 0x004453, 0x004493, 0x0044d3, 0x004513, 0x000000, 0x004533,
    0x004573, 0x0045b3, 0x0045f3, 0x004633, 0x004650, 0x004690, 0x0046d0, 0x004710, 0x004750,
    0x00478f, 0x0047cf, 0x00480f, 0x00484f, 0x004875, 0x0048b5, 0x0048f5, 0x004935, 0x004975,
    0x0049b5, 0x0049f5, 0x004a35, 0x004a75, 0x004ab5, 0x004af5, 0x004b35, 0x004b75, 0x004bb5,
    0x004bf5, 0x004c35, 0x004c75, 0x004cb5, 0x004cf5, 0x004d35, 0x004d75, 0x000000, 0x000000,
    0x004d7e, 0x004dbe, 0x004dfe, 0x004e26, 0x004e66, 0x004ea6, 0x004ee6, 0x004f26, 0x004f66,
    0x004fa6, 0x004fe6, 0x005026, 0x005066, 0x00509b, 0x0050db, 0x00511b, 0x00515b, 0x005185,
    0x0051c5, 0x005205, 0x005245, 0x005271, 0x0052b1, 0x0052f1, 0x005331, 0x005371, 0x0053b1,
    0x0053f1, 0x005431, 0x000000, 0x00546d, 0x0054ad, 0x0054ed, 0x00552d, 0x00556d, 0x0055ad,
    0x0055cc, 0x00560c, 0x00564c, 0x00568c, 0x0056cc, 0x00570b, 0x000000, 0x000000, 0x000000,
    0x000000, 0x000000, 0x000000, 0x000000, 0x000000, 0x000000, 0x000000, 0x000000, 0x000000,
    0x000000, 0x000000, 0x000000, 0x000000, 0x000000, 0x000000, 0x000000, 0x000000, 0x000000,
    0x000000, 0x000000, 0x000000, 0x000000, 0x000000, 0x000000, 0x000000, 0x000000, 0x000000,
    0x000000, 0x000000, 0x000000, 0x000000, 0x000000, 0x000000, 0x000000, 0x000000, 0x000000,
    0x000000, 0x000000, 0x000000, 0x000000, 0x000000, 0x000000, 0x000000, 0x000000, 0x000000,
    0x000000, 0x000000, 0x000000, 0x000000, 0x000000, 0x000000, 0x000000, 0x000000, 0x005731,
    0x005771, 0x000000, 0x000000, 0x0057b0, 0x0057f0, 0x000000, 0x005830, 0x000000, 0x000000,
    0x000000, 0x000000, 0x000000, 0x000000, 0x000000, 0x000000, 0x000000, 0x000000, 0x000000,
    0x000000, 0x000000, 0x000000, 0x000000, 0x000000, 0x000000, 0x000000, 0x000000, 0x00a1b9,
    0x00a1b7, 0x000000, 0x00a2dd, 0x000000, 0x00a1e4, 0x00a1e5, 0x000000, 0x000000, 0x00a1e6,
    0x00a1e7, 0x000000, 0x000000, 0x000000, 0x000000, 0x000000, 0x000000, 0x000000, 0x00a1ad,
    0x00a1ac, 0x000000, 0x000000, 0x000000, 0x000000, 0x000000, 0x000000, 0x000000, 0x000000,
    0x000000, 0x000000, 0x000000, 0x00a1ea, 0x000000, 0x000000, 0x00a1eb, 0x000000, 0x000000,
    0x000000, 0x000000, 0x000000, 0x00a1ef, 0x000000, 0x000000, 0x00a2a3, 0x000000, 0x000000,
    0x000000, 0x00a2ea, 0x000000, 0x00a2a2, 0x000000, 0x000000, 0x000000, 0x00a2eb, 0x000000,
    0x000000, 0x000000, 0x000000, 0x000000, 0x000000, 0x000000, 0x000000, 0x000000, 0x000000,
    0x000000, 0x000000, 0x000000, 0x000000, 0x000000, 0x000000, 0x000000, 0x000000, 0x000000,
    0x000000, 0x000000, 0x000000, 0x000000, 0x000000, 0x000000, 0x000000, 0x000000, 0x000000,
    0x000000, 0x000000, 0x000000, 0x000000, 0x000000, 0x000000, 0x000000, 0x000000, 0x000000,
    0x000000, 0x000000, 0x000000, 0x000000, 0x000000, 0x000000, 0x000000, 0x000000, 0x000000,
    0x000000, 0x000000, 0x000000, 0x000000, 0x000000, 0x000000, 0x000000, 0x000000, 0x00a4ab,
    0x00a4ac, 0x00a4ad, 0x00a4ae, 0x00a4af, 0x00a4b0, 0x00a4b1, 0x00a4b2, 0x00a4b3, 0x00a4b4,
    0x000000, 0x000000, 0x000000, 0x000000, 0x000000, 0x000000, 0x00a6b5, 0x00a6b6, 0x00a6b7,
    0x00a6b8, 0x00a6b9, 0x00a6ba, 0x00a6bb, 0x00a6bc, 0x00a6bd, 0x00a6be, 0x000000, 0x000000,
    0x000000, 0x000000, 0x000000, 0x000000, 0x000000, 0x000000, 0x000000, 0x000000, 0x000000,
    0x000000, 0x000000, 0x000000, 0x000000, 0x000000, 0x00a2d8, 0x00a2d5, 0x00a2d7, 0x00a2d6,
    0x000000, 0x000000, 0x00a2d9, 0x00a2da, 0x00a2dc, 0x00a2db, 0x000000, 0x000000, 0x000000,
    0x000000, 0x000000, 0x000000, 0x000000, 0x000000, 0x000000, 0x000000, 0x000000, 0x000000,
    0x000000, 0x000000, 0x000000, 0x000000, 0x000000, 0x000000, 0x000000, 0x000000, 0x000000,
    0x000000, 0x000000, 0x000000, 0x000000, 0x000000, 0x000000, 0x000000, 0x000000, 0x000000,
    0x000000, 0x000000, 0x000000, 0x000000, 0x000000, 0x000000, 0x000000, 0x000000, 0x00a2e1,
    0x000000, 0x000000, 0x000000, 0x000000, 0x00a2b5, 0x000000, 0x000000, 0x000000, 0x00a2bc,
    0x00a2c9, 0x00a2c8, 0x000000, 0x000000, 0x000000, 0x000000, 0x000000, 0x000000, 0x000000,
    0x000000, 0x00a2c5, 0x00a2c6, 0x00a2cd, 0x000000, 0x000000, 0x00a2ce, 0x000000, 0x000000,
    0x000000, 0x000000, 0x000000, 0x00a2d0, 0x00a2cf, 0x000000, 0x000000, 0x000000, 0x000000,
    0x000000, 0x000000, 0x00a2c4, 0x000000, 0x000000, 0x000000, 0x000000, 0x000000, 0x000000,
    0x000000, 0x000000, 0x000000, 0x000000, 0x000000, 0x000000, 0x000000, 0x000000, 0x000000,
    0x000000, 0x000000, 0x000000, 0x00a2bd, 0x000000, 0x000000, 0x000000, 0x000000, 0x000000,
    0x000000, 0x000000, 0x000000, 0x000000, 0x000000, 0x000000, 0x000000, 0x000000, 0x00a2bb,
    0x00a2be, 0x000000, 0x000000, 0x000000, 0x000000, 0x00a2b9, 0x00a2ba, 0x000000, 0x000000,
    0x000000, 0x000000, 0x000000, 0x000000, 0x000000, 0x000000, 0x000000, 0x000000, 0x000000,
    0x000000, 0x000000, 0x000000, 0x000000, 0x000000, 0x000000, 0x000000, 0x000000, 0x000000,
    0x000000, 0x000000, 0x000000, 0x000000, 0x000000, 0x000000, 0x000000, 0x000000, 0x000000,
    0x000000, 0x000000, 0x000000, 0x000000, 0x000000, 0x000000, 0x000000, 0x000000, 0x00a2c7,
    0x000000, 0x000000, 0x000000, 0x000000, 0x000000, 0x000000, 0x000000, 0x000000, 0x000000,
    0x000000, 0x000000, 0x000000, 0x000000, 0x000000, 0x000000, 0x000000, 0x000000, 0x000000,
    0x000000, 0x000000, 0x000000, 0x000000, 0x000000, 0x000000, 0x000000, 0x00a2ca, 0x00c2a1,
    0x00c2a2, 0x00c2a3, 0x00c2a4, 0x00c2a5, 0x00c2a6, 0x00c2a7, 0x00c2a8, 0x00c2a9, 0x00c2aa,
    0x00c2ab, 0x00c2ac, 0x00c2ad, 0x00c2ae, 0x00c2af, 0x00c2b0, 0x00c2b1, 0x00c2b2, 0x00c2b3,
    0x00c2b4, 0x00c2b5, 0x00c2b6, 0x00c2b7, 0x00c2b8, 0x00c2b9, 0x00c2ba, 0x00c2bb, 0x00c2bc,
    0x00c2bd, 0x00c2be, 0x00c2bf, 0x00c2c0, 0x000000, 0x00c2c1, 0x000000, 0x000000, 0x000000,
    0x000000, 0x000000, 0x000000, 0x000000, 0x000000, 0x000000, 0x000000, 0x000000, 0x000000,
    0x000000, 0x000000, 0x000000, 0x000000, 0x000000, 0x000000, 0x000000, 0x000000, 0x000000,
    0x000000, 0x000000, 0x000000, 0x000000, 0x000000, 0x000000, 0x000000, 0x000000, 0x000000,
    0x000000, 0x000000, 0x00a6a1, 0x00a6a2, 0x00a6a3, 0x00a6a4, 0x00a6a5, 0x00a6a6, 0x00a6a7,
    0x00a6a8, 0x00a6a9, 0x00a6aa, 0x000000, 0x000000, 0x000000, 0x000000, 0x000000, 0x000000,
    0x000000, 0x000000, 0x000000, 0x000000, 0x00a6ab, 0x00a6ac, 0x00a6ad, 0x00a6ae, 0x00a6af,
    0x00a6b0, 0x00a6b1, 0x00a6b2, 0x00a6b3, 0x00a6b4, 0x000000, 0x000000, 0x00a3b9, 0x000000,
    0x00a3ba, 0x000000, 0x000000, 0x000000, 0x000000, 0x000000, 0x000000, 0x000000, 0x000000,
    0x000000, 0x00a3bc, 0x000000, 0x000000, 0x000000, 0x00a3bd, 0x000000, 0x000000, 0x000000,
    0x00a3be, 0x000000, 0x000000, 0x000000, 0x00a3bf, 0x000000, 0x000000, 0x000000, 0x00a3b7,
    0x000000, 0x000000, 0x000000, 0x000000, 0x000000, 0x000000, 0x000000, 0x00a3b6, 0x000000,
    0x000000, 0x000000, 0x000000, 0x000000, 0x000000, 0x000000, 0x00a3b5, 0x000000, 0x000000,
    0x000000, 0x000000, 0x000000, 0x000000, 0x000000, 0x00a3b4, 0x000000, 0x000000, 0x000000,
    0x000000, 0x000000, 0x000000, 0x000000, 0x00a3b3, 0x000000, 0x000000, 0x000000, 0x000000,
    0x000000, 0x000000, 0x000000, 0x000000, 0x000000, 0x000000, 0x000000, 0x000000, 0x000000,
    0x000000, 0x000000, 0x000000, 0x00a3c4, 0x000000, 0x000000, 0x000000, 0x000000, 0x000000,
    0x000000, 0x000000, 0x000000, 0x000000, 0x000000, 0x000000, 0x000000, 0x000000, 0x00a3c5,
    0x000000, 0x000000, 0x00a3c7, 0x000000, 0x000000, 0x000000, 0x000000, 0x000000, 0x000000,
    0x000000, 0x000000, 0x00a3c6, 0x000000, 0x000000, 0x00a3c0, 0x00a3c1, 0x00a3c3, 0x00a3c2,
    0x00a3cc, 0x00a3cd, 0x00a3ce, 0x000000, 0x000000, 0x000000, 0x000000, 0x000000, 0x000000,
    0x000000, 0x000000, 0x000000, 0x000000, 0x000000, 0x000000, 0x00a3a4, 0x00a3a5, 0x00a3a6,
    0x00a3a7, 0x00a3a8, 0x00a3a9, 0x00a3aa, 0x00a3ab, 0x00a3b2, 0x00a3b1, 0x00a3b0, 0x00a3af,
    0x00a3ae, 0x00a3ad, 0x00a3ac, 0x000000, 0x000000, 0x000000, 0x000000, 0x00a3b8, 0x00a3bb,
    0x000000, 0x000000, 0x000000, 0x000000, 0x000000, 0x000000, 0x000000, 0x000000, 0x000000,
    0x000000, 0x00a1fc, 0x00a1fb, 0x000000, 0x000000, 0x000000, 0x000000, 0x000000, 0x000000,
    0x000000, 0x000000, 0x000000, 0x000000, 0x000000, 0x000000, 0x000000, 0x000000, 0x000000,
    0x000000, 0x00a1f5, 0x00a1f4, 0x000000, 0x000000, 0x000000, 0x000000, 0x000000, 0x000000,
    0x000000, 0x000000, 0x00a1fe, 0x00a1fd, 0x000000, 0x000000, 0x000000, 0x000000, 0x000000,
    0x000000, 0x00a1fa, 0x00a1f9, 0x000000, 0x000000, 0x000000, 0x00a1f2, 0x000000, 0x000000,
    0x00a1f6, 0x00a1f3, 0x000000, 0x000000, 0x000000, 0x000000, 0x000000, 0x000000, 0x000000,
    0x000000, 0x000000, 0x000000, 0x000000, 0x000000, 0x000000, 0x000000, 0x000000, 0x000000,
    0x000000, 0x000000, 0x00a3c8, 0x00a3c9, 0x00a3cb, 0x00a3ca, 0x000000, 0x000000, 0x000000,
    0x000000, 0x000000, 0x000000, 0x000000, 0x000000, 0x000000, 0x000000, 0x000000, 0x000000,
    0x000000, 0x000000, 0x000000, 0x000000, 0x000000, 0x000000, 0x000000, 0x000000, 0x000000,
    0x000000, 0x000000, 0x000000, 0x000000, 0x000000, 0x00a1f8, 0x00a1f7, 0x000000, 0x000000,
    0x00a2d4, 0x000000, 0x000000, 0x000000, 0x000000, 0x000000, 0x000000, 0x000000, 0x000000,
    0x000000, 0x000000, 0x000000, 0x000000, 0x000000, 0x000000, 0x000000, 0x000000, 0x000000,
    0x000000, 0x000000, 0x000000, 0x000000, 0x000000, 0x000000, 0x000000, 0x000000, 0x000000,
    0x000000, 0x000000, 0x000000, 0x000000, 0x000000, 0x000000, 0x000000, 0x000000, 0x000000,
    0x000000, 0x000000, 0x000000, 0x000000, 0x000000, 0x000000, 0x000000, 0x000000, 0x000000,
    0x000000, 0x000000, 0x000000, 0x000000, 0x000000, 0x000000, 0x000000, 0x000000, 0x000000,
    0x000000, 0x00a2d1, 0x00a2d3, 0x00a2d2, 0x000000, 0x000000, 0x000000, 0x000000, 0x000000,
    0x000000, 0x000000, 0x000000, 0x000000, 0x000000, 0x000000, 0x000000, 0x000000, 0x000000,
    0x000000, 0x000000, 0x000000, 0x000000, 0x000000, 0x000000, 0x000000, 0x000000, 0x000000,
    0x000000, 0x000000, 0x000000, 0x000000, 0x000000, 0x000000, 0x000000, 0x000000, 0x000000,
    0x000000, 0x000000, 0x000000, 0x000000, 0x000000, 0x000000, 0x000000, 0x000000, 0x000000,
    0x000000, 0x000000, 0x000000, 0x000000, 0x000000, 0x000000, 0x000000, 0x000000, 0x000000,
    0x000000, 0x000000, 0x000000, 0x000000, 0x000000, 0x000000, 0x000000, 0x000000, 0x000000,
    0x000000, 0x000000, 0x00a1a1, 0x00a1a3, 0x00a1a4, 0x00a1f1, 0x000000, 0x000000, 0x000000,
    0x000000, 0x00a1d2, 0x00a1d3, 0x00a1ce, 0x00a1cf, 0x00a1d6, 0x00a1d7, 0x00a1da, 0x00a1db,
    0x00a1ca, 0x00a1cb, 0x00a2e5, 0x000000, 0x00a1c6, 0x00a1c7, 0x000000, 0x000000, 0x000000,
    0x000000, 0x000000, 0x000000, 0x000000, 0x00a1e8, 0x00a1e9, 0x000000, 0x000000, 0x00a4b5,
    0x00a4b6, 0x00a4b7, 0x00a4b8, 0x00a4b9, 0x00a4ba, 0x00a4bb, 0x00a4bc, 0x00a4bd, 0x000000,
    0x000000, 0x000000, 0x000000, 0x000000, 0x000000, 0x000000, 0x000000, 0x000000, 0x000000,
    0x000000, 0x000000, 0x000000, 0x000000, 0x000000, 0x000000, 0x000000, 0x000000, 0x000000,
    0x000000, 0x000000, 0x000000, 0x000000, 0x000000, 0x000000, 0x000000, 0x000000, 0x000000,
    0x000000, 0x000000, 0x000000, 0x000000, 0x000000, 0x000000, 0x000000, 0x000000, 0x000000,
    0x000000, 0x000000, 0x000000, 0x000000, 0x000000, 0x000000, 0x000000, 0x000000, 0x000000,
    0x000000, 0x000000, 0x000000, 0x000000, 0x000000, 0x000000, 0x000000, 0x000000, 0x000000,
    0x000000, 0x000000, 0x000000, 0x000000, 0x00a1a6, 0x000000, 0x000000, 0x000000, 0x000000,
    0x000000, 0x00a5c7, 0x00a5c8, 0x00a5c9, 0x00a5ca, 0x00a5cb, 0x00a5cc, 0x00a5cd, 0x00a5ce,
    0x00a5cf, 0x00a5d0, 0x00a5d1, 0x00a5d2, 0x00a5d3, 0x00a5d4, 0x00a5d5, 0x00a5d6, 0x00a5d7,
    0x00a5d8, 0x00a5d9, 0x00a5da, 0x00a5db, 0x00a5dc, 0x00a5dd, 0x00a5de, 0x00a5df, 0x00a5e0,
    0x00a5e1, 0x00a5e2, 0x00a5e3, 0x00a5e4, 0x00a5e5, 0x00a5e6, 0x00a5e7, 0x00a5e8, 0x00a5e9,
    0x00a5ea, 0x00a5eb, 0x000000, 0x000000, 0x000000, 0x000000, 0x000000, 0x000000, 0x000000,
    0x000000, 0x000000, 0x000000, 0x000000, 0x000000, 0x000000, 0x000000, 0x000000, 0x000000,
    0x000000, 0x000000, 0x000000, 0x000000, 0x000000, 0x000000, 0x000000, 0x000000, 0x000000,
    0x000000, 0x000000, 0x000000, 0x000000, 0x000000, 0x000000, 0x000000, 0x000000, 0x000000,
    0x000000, 0x00a2a1, 0x000000, 0x000000, 0x000000, 0x000000, 0x000000, 0x000000, 0x000000,
    0x000000, 0x000000, 0x000000, 0x000000, 0x000000, 0x000000, 0x000000, 0x000000, 0x000000,
    0x000000, 0x000000, 0x000000, 0x000000, 0x000000, 0x000000, 0x000000, 0x000000, 0x000000,
    0x000000, 0x000000, 0x000000, 0x00a2f5, 0x00a2f6, 0x000000, 0x000000, 0x000000, 0x000000,
    0x000000, 0x000000, 0x000000, 0x000000, 0x000000, 0x000000, 0x000000, 0x000000, 0x00a2f0,
    0x00a2f1, 0x00a2f2, 0x000000, 0x000000, 0x00a2f4, 0x000000, 0x000000, 0x000000, 0x000000,
    0x000000, 0x000000, 0x000000, 0x000000, 0x000000, 0x000000, 0x000000, 0x000000, 0x000000,
    0x000000, 0x000000, 0x000000, 0x000000, 0x000000, 0x000000, 0x000000, 0x000000, 0x000000,
    0x000000, 0x000000, 0x000000, 0x000000, 0x000000, 0x000000, 0x000000, 0x000000, 0x00a2f7,
    0x000000, 0x000000, 0x000000, 0x000000, 0x000000, 0x000000, 0x000000, 0x000000, 0x000000,
    0x00a2f3, 0x000000, 0x000000, 0x00a2cc, 0x00a2cb, 0x000000, 0x000000, 0x00a2ef, 0x000000,
    0x000000, 0x000000, 0x000000, 0x000000, 0x000000, 0x000000, 0x000000, 0x000000, 0x000000,
    0x000000, 0x000000, 0x000000, 0x000000, 0x000000, 0x000000, 0x000000, 0x000000, 0x000000,
    0x000000, 0x000000, 0x000000, 0x000000, 0x000000, 0x000000, 0x000000, 0x000000, 0x000000,
    0x000000, 0x000000, 0x000000, 0x000000, 0x000000, 0x000000, 0x000000, 0x000000, 0x000000,
    0x000000, 0x000000, 0x000000, 0x000000, 0x000000, 0x00c4a1, 0x00c4a3, 0x000000, 0x00c4a4,
    0x8eaea1a6, 0x8eaea1a5, 0x000000, 0x8ea2a1a6, 0x00c4b7, 0x00c4b5, 0x00c4b8, 0x00c4b6,
    0x8ea2a1a7, 0x00c4e2, 0x8ea2a1af, 0x8ea2a1ad, 0x00c4e1, 0x00c4e0, 0x000000, 0x000000, 0x00c5e2,
    0x00c5e1, 0x00c5e0, 0x000000, 0x00c5e3, 0x00c5df, 0x000000, 0x000000, 0x000000, 0x000000,
    0x00c7a2, 0x00c7a3, 0x8eaea2e2, 0x8eaea2e1, 0x8eaea2e3, 0x000000, 0x8eaea4bf, 0x000000,
    0x00cbe4, 0x000000, 0x8eaea1a1, 0x000000, 0x8eaea1ac, 0x00c4b9, 0x000000, 0x00c4e3, 0x8ea2a1b0,
    0x000000, 0x00c4e4, 0x8ea2a1c3, 0x00c8eb, 0x8ea2a5b1, 0x000000, 0x000000, 0x8eaea1a2, 0x000000,
    0x00c4ba, 0x00c4e5, 0x000000, 0x00c5e4, 0x8ea2a1c4, 0x8eaea7c0, 0x000000, 0x8eaea1a3, 0x000000,
    0x000000, 0x8ea2a1a1, 0x00c4a5, 0x000000, 0x00c4bc, 0x8eaea1b0, 0x8ea2a1a8, 0x00c4bd,
    0x8eaea1ae, 0x000000, 0x00c4e6, 0x000000, 0x00c5e5, 0x00c5e7, 0x00c5e6, 0x000000, 0x000000,
    0x00c7a4, 0x00c7a5, 0x8eaea3c5, 0x000000, 0x00cbe5, 0x8eaeaba2, 0x00d3fd, 0x00c4a2, 0x000000,
    0x000000, 0x8ea2a1a2, 0x00c4a6, 0x00c4bf, 0x00c4be, 0x000000, 0x000000, 0x8eaea1c6, 0x8eaea1c5,
    0x000000, 0x000000, 0x000000, 0x000000, 0x8eaea2e4, 0x00c7a6, 0x000000, 0x000000, 0x000000,
    0x000000, 0x000000, 0x000000, 0x000000, 0x8eaea4c0, 0x000000, 0x00cbe6, 0x000000, 0x000000,
    0x000000, 0x000000, 0x000000, 0x8eaeaba3, 0x000000, 0x000000, 0x000000, 0x000000, 0x00d8f1,
    0x8ea2b3ce, 0x8eaeb9ec, 0x8eaeb9ee, 0x00e3aa, 0x8ea2c1d6, 0x8ea2c1d7, 0x8eaea1a4, 0x00c4a7,
    0x8eaea1ad, 0x00c4e8, 0x8eaea2e5, 0x000000, 0x00cbe7, 0x00c4a8, 0x8ea2a1a9, 0x00c4c0,
    0x8eaea1b1, 0x000000, 0x00c4e9, 0x00c4eb, 0x8ea2a1b1, 0x00c4ec, 0x00c4ea, 0x000000, 0x8eaea1ec,
    0x8eaea2e6, 0x00c7a7, 0x000000, 0x00cbe8, 0x8eaea4c2, 0x8eaea7c2, 0x00cbe9, 0x00cfe7, 0x000000,
    0x00c4c1, 0x00c4ed, 0x8eaea1c7, 0x00c7a8, 0x00c7aa, 0x00c7a9, 0x000000, 0x00c8ec, 0x000000,
    0x000000, 0x00cbea, 0x00cbeb, 0x00cfe8, 0x00cfe9, 0x8eaeaba6, 0x8eaeaba5, 0x8eaeaba7,
    0x8eaeaba4, 0x00d3fe, 0x000000, 0x000000, 0x8ea2c1d8, 0x8eaec0b3, 0x000000, 0x8ea2edc4,
    0x00c4a9, 0x000000, 0x8eaea1b2, 0x000000, 0x8eaea1b3, 0x000000, 0x00c4ef, 0x00c4ee, 0x8ea2a1b2,
    0x00c4f0, 0x00c4f6, 0x8eaea1c9, 0x00c4f1, 0x00c4f2, 0x8ea2a1b4, 0x8ea2a1b3, 0x00c4f4, 0x00c4f5,
    0x8eaea1cc, 0x00c4f3, 0x8eaea1cb, 0x8eaea1ca, 0x000000, 0x000000, 0x000000, 0x000000, 0x00c5ea,
    0x00c5eb, 0x00c5ec, 0x00c5ed, 0x00c5e9, 0x00c5f0, 0x8ea2a1ca, 0x000000, 0x8ea2a1c6, 0x8ea2a1c9,
    0x00c5f1, 0x00c6a3, 0x8eaea1ed, 0x8ea2a1c8, 0x000000, 0x00c5ee, 0x00c5ef, 0x00c5e8, 0x8eaea1f2,
    0x8eaea1f0, 0x8ea2a1c5, 0x8ea2a1c7, 0x000000, 0x000000, 0x000000, 0x000000, 0x8eaea2ef,
    0x8eaea2e8, 0x00c7b7, 0x8ea2a1ef, 0x00c7b4, 0x00c7b8, 0x8ea2a1f9, 0x8ea2a1ed, 0x00c7b5,
    0x8ea2a1f1, 0x8eaea2eb, 0x8eaea2e7, 0x8eaea2f6, 0x00c7b6, 0x8eaea2ee, 0x00c7b9, 0x000000,
    0x00c7ab, 0x8ea2a1f0, 0x00c7ba, 0x8ea2a1f4, 0x8eaea2ed, 0x8ea2a1f8, 0x8ea2a1f5, 0x8eaea2ec,
    0x8eaea2f4, 0x8ea2a1f2, 0x00c7ac, 0x00c7ae, 0x00c7bb, 0x000000, 0x00c7b0, 0x8ea2a1ea, 0x00c7b3,
    0x00c7b1, 0x00c7b2, 0x8ea2a1fa, 0x8ea2a1f7, 0x8ea2a1ee, 0x00c7af, 0x8eaea2f0, 0x8eaea2f7,
    0x8ea2a1eb, 0x00c7ad, 0x8eaea2f5, 0x000000, 0x8eaea2f3, 0x8ea2a1f3, 0x000000, 0x000000,
    0x000000, 0x000000, 0x8ea2a1f6, 0x000000, 0x000000, 0x000000, 0x000000, 0x000000, 0x8eaea2f2,
    0x000000, 0x000000, 0x000000, 0x8ea2a1ec, 0x8ea2a3a8, 0x000000, 0x00c9a4, 0x00c8f5, 0x8eaea4d0,
    0x8eaea4c8, 0x8ea2a3a9, 0x00c8f2, 0x8eaea4cf, 0x00c9a6, 0x8eaea4c6, 0x00c8fa, 0x8eaea4c5,
    0x00c8f9, 0x8ea2a2fb, 0x00c8fd, 0x00c8f8, 0x8ea2a3a2, 0x8ea2a3aa, 0x8eaea4ce, 0x8ea2a3a6,
    0x8eaea4c9, 0x00c8fb, 0x8eaea4cb, 0x8eaea4c3, 0x00c8fe, 0x00c8ef, 0x00c9a9, 0x8ea2a2fd,
    0x8eaea4c4, 0x8eaea4cc, 0x8ea2a5bd, 0x00c8ed, 0x00c9a5, 0x00c8ee, 0x00c8f6, 0x00c8f7,
    0x8ea2a3a4, 0x8ea2a2fe, 0x00c8fc, 0x00c8f4, 0x8ea2a2fa, 0x00c8f0, 0x8ea2a3a7, 0x00c9a7,
    0x00c9aa, 0x00c8f3, 0x00c9a2, 0x00c9a8, 0x00c8f1, 0x8ea2a3a5, 0x00c9a3, 0x8ea2a3ab, 0x8ea2a2fc,
    0x00c9a1, 0x8ea2a3a1, 0x000000, 0x8eaee4c8, 0x8ea2a3a3, 0x8eaee4c9, 0x00cbf9, 0x8ea2a5bf,
    0x8ea2a5cb, 0x00cbf1, 0x8eaea7c7, 0x8ea2a5cc, 0x00cbec, 0x00cbf6, 0x000000, 0x8eaea7cf,
    0x00cbef, 0x8ea2a5b9, 0x00cbf7, 0x8ea2a5b8, 0x8ea2a5bc, 0x8ea2a5c3, 0x8ea2a5c1, 0x00cca1,
    0x00cbfa, 0x8ea2a5b3, 0x8ea2a5b5, 0x00cbfc, 0x00cbf0, 0x8ea2a5b6, 0x8ea2a5c2, 0x8ea2a5c9,
    0x00cbf5, 0x8ea2a5bb, 0x8ea2a5b4, 0x00cbf4, 0x8ea2a5b7, 0x00cbf8, 0x8ea2a5ba, 0x8eaea7c4,
    0x00cbf3, 0x8eaea7d1, 0x00cbee, 0x8eaea7c8, 0x00cbfd, 0x8ea2a5c4, 0x00cbfe, 0x8ea2a5c8,
    0x8eaea7c3, 0x8ea2a5c6, 0x8ea2a5ca, 0x00cbfb, 0x8ea2a5be, 0x8ea2a5b2, 0x000000, 0x8ea2a5c0,
    0x00cbf2, 0x8ea2a5c5, 0x00cbed, 0x8ea2a5c7, 0x8eaea7cc, 0x8eaea7c9, 0x8eaea7cb, 0x8eaea7ca,
    0x8eaea7cd, 0x000000, 0x000000, 0x000000, 0x000000, 0x000000, 0x000000, 0x000000, 0x000000,
    0x000000, 0x000000, 0x00cff8, 0x00cfec, 0x8eaeabad, 0x8eaeabae, 0x8ea2a9a2, 0x8ea2a9aa,
    0x8eaeabb6, 0x00cfeb, 0x00cff3, 0x00d0a1, 0x8eaeabac, 0x8ea2a9b0, 0x8ea2a9ae, 0x8ea2a9a9,
    0x000000, 0x8eaee2e3, 0x8eaeabab, 0x00cfed, 0x8ea2a9af, 0x8ea2a9a5, 0x00cffb, 0x00cff2,
    0x00cffa, 0x8ea2a8fe, 0x8eaeabb2, 0x8ea2a9ac, 0x8eaeabaf, 0x8ea2a9a3, 0x00cff6, 0x8ea2a9a4,
    0x8eaeabb3, 0x8ea2a8fd, 0x00cffd, 0x00cff0, 0x00cff9, 0x00cfef, 0x8eaeaba8, 0x8ea2a9a1,
    0x8ea2a9a6, 0x8eaeaba9, 0x8ea2a9ad, 0x00cff7, 0x00cff4, 0x8ea2a9a8, 0x00cffc, 0x8ea2a9ab,
    0x8ea2a9a7, 0x00cff1, 0x00cffe, 0x00cff5, 0x00cfee, 0x00cfea, 0x000000, 0x8eaeabb5, 0x000000,
    0x8eaeabb4, 0x000000, 0x8eaee4ca, 0x000000, 0x000000, 0x000000, 0x000000, 0x8ea2a9b1, 0x000000,
    0x00d4ba, 0x00d4a4, 0x8eaeafc8, 0x00d4b4, 0x8eaeafcd, 0x00d4b9, 0x8ea2adf1, 0x8ea2adf0,
    0x8ea2adf5, 0x8ea2adf6, 0x00d4a7, 0x8eaeafc4, 0x00d4b0, 0x8eaeafd8, 0x8eaeafcc, 0x8eaeafd6,
    0x00d4bd, 0x8eaeafc6, 0x00d4b1, 0x000000, 0x8eaeafcb, 0x8eaeafc9, 0x8eaeafc7, 0x8ea2adea,
    0x00d4aa, 0x8ea2adeb, 0x8eaeafcf, 0x00d4bf, 0x000000, 0x00d4b6, 0x00d4a1, 0x00d4a2, 0x8ea2adfe,
    0x00d9a4, 0x8eaeafd3, 0x00d4af, 0x00d4ae, 0x8ea2adec, 0x00d4b2, 0x8ea2b3de, 0x00d4a9,
    0x8ea2adf7, 0x00d4b8, 0x00d4b7, 0x00d4ad, 0x8ea2adef, 0x8ea2adf8, 0x8eaeafc5, 0x8ea2ade9,
    0x00d4ac, 0x8ea2adf9, 0x00d4b5, 0x8ea2aded, 0x00d4a3, 0x8eaeafce, 0x00d4a6, 0x00d4a5,
    0x8ea2adfa, 0x00d4b3, 0x00d4a8, 0x00d4bc, 0x00d4be, 0x8ea2adf4, 0x00d4bb, 0x8eaeafd1,
    0x8ea2adfc, 0x8ea2adee, 0x8ea2adfd, 0x8eaeafc3, 0x8ea2adf2, 0x000000, 0x8ea2adfb, 0x8eaeafd0,
    0x8ea2adf3, 0x8eaeafd4, 0x8eaeafd5, 0x000000, 0x000000, 0x00d4ab, 0x000000, 0x000000,
    0x8eaee4cb, 0x8ea2b3e6, 0x8ea2b3da, 0x8eaeb4bc, 0x00d8f6, 0x8eaeb4bf, 0x8ea2b3df, 0x8ea2b3e5,
    0x00d8f5, 0x8ea2b3d8, 0x00d8f9, 0x8ea2b3dc, 0x8ea2b3d5, 0x00d8f7, 0x8ea2b3d9, 0x00d8fc,
    0x00d9a3, 0x8eaeb4c4, 0x8ea2b3ea, 0x8eaeb4c1, 0x8ea2b3d4, 0x8eaeb4c2, 0x00d8fd, 0x8eaeafd7,
    0x8ea2b3e9, 0x8eaeb4c7, 0x8eaeb4bd, 0x00d8f8, 0x8ea2b3db, 0x00d8f4, 0x8ea2b3d6, 0x8ea2b3d2,
    0x8ea2b3e0, 0x8ea2b3d3, 0x8ea2b3d1, 0x8ea2b3dd, 0x8ea2b3e3, 0x8ea2b3e4, 0x00d8fa, 0x8eaeb4c0,
    0x000000, 0x8ea2babf, 0x8ea2b3e1, 0x8ea2b3d0, 0x8ea2b3e2, 0x8eaeb4cb, 0x00d9a6, 0x8ea2b3e7,
    0x00d9a5, 0x8ea2b3cf, 0x8eaeb4c3, 0x8ea2b3d7, 0x8ea2b3e8, 0x00d9a1, 0x00d8fe, 0x00d8fb,
    0x00d9a2, 0x8eaeb4cc, 0x8eaeb4ca, 0x00d8f2, 0x8eaeb4c5, 0x8eaeb4c6, 0x00d8f3, 0x000000,
    0x000000, 0x00deae, 0x8eaeb9f5, 0x8ea2bac2, 0x8ea2babb, 0x000000, 0x00deab, 0x000000,
    0x8ea2bac3, 0x8eaeb9f1, 0x8eaeb9f2, 0x000000, 0x8ea2bab9, 0x8ea2babc, 0x00deaa, 0x8ea2babd,
    0x8eaeb9ef, 0x000000, 0x00dead, 0x8ea2bac1, 0x000000, 0x8ea2bab7, 0x8ea2bab6, 0x00deaf,
    0x8eaeb9f0, 0x00deb0, 0x00deac, 0x00deb1, 0x8ea2bab5, 0x8ea2bac0, 0x8ea2babe, 0x8ea2bab8,
    0x000000, 0x000000, 0x000000, 0x00dea9, 0x8ea2baba, 0x000000, 0x000000, 0x8eaee4cd, 0x000000,
    0x000000, 0x000000, 0x8eaec0b9, 0x8eaec0bc, 0x00e3b1, 0x00e3ab, 0x8ea2c1dc, 0x00e3b4,
    0x8ea2c1e2, 0x8ea2c1e5, 0x00e3ad, 0x00e3ae, 0x8ea2c1df, 0x00e3ac, 0x8ea2c1e8, 0x00e3b2,
    0x8ea2c1e9, 0x8eaec0ba, 0x8ea2c1e4, 0x00e3b3, 0x8eaec0b7, 0x8ea2c1d9, 0x00e3b0, 0x8ea2c1da,
    0x000000, 0x8ea2c1e3, 0x8ea2c1e1, 0x8eaec0bd, 0x8ea2c1dd, 0x00e3af, 0x8ea2c1db, 0x00e3b5,
    0x8ea2c1e0, 0x8ea2c1e7, 0x8ea2c1de, 0x8ea2c1e6, 0x8eaec0b6, 0x8eaec0be, 0x00e7fc, 0x00e7f9,
    0x8eaec5eb, 0x00e7fa, 0x8eaee3cc, 0x8ea2c9a1, 0x8ea2c8f7, 0x00e7f8, 0x00e7f5, 0x8ea2c8f8,
    0x8eaec5ee, 0x8eaec5ec, 0x00e7f7, 0x8ea2c8fb, 0x8eaec5ed, 0x8ea2c8fd, 0x8eaec5f6, 0x8eaee3cd,
    0x8ea2c9a6, 0x8eaec5f0, 0x8eaec5f5, 0x8ea2c9a5, 0x8ea2c8fe, 0x00e7f4, 0x8ea2c8f6, 0x00e7f2,
    0x8ea2c8f9, 0x00e7fd, 0x8ea2c8fc, 0x8eaec5f1, 0x8ea2c9a2, 0x00e7f6, 0x00e7f3, 0x8ea2c9a4,
    0x8ea2c9a3, 0x00e7fb, 0x000000, 0x8ea2c8fa, 0x8eaec5f4, 0x00eca3, 0x8ea2cfd4, 0x8eaecba9,
    0x8ea2cfd1, 0x00eca4, 0x000000, 0x00eca2, 0x8eaecbab, 0x8ea2cfd8, 0x8ea2cfd5, 0x8ea2cfce,
    0x00eca1, 0x8eaecbad, 0x00eca5, 0x8ea2cfcf, 0x00ebfe, 0x00eca8, 0x8ea2cfd2, 0x8ea2cfd3,
    0x00eca6, 0x00eca7, 0x8ea2cfd9, 0x8ea2cfd6, 0x8ea2cfd7, 0x8eaecbac, 0x8eaecba7, 0x8eaee4ce,
    0x00f0b3, 0x8ea2d6c3, 0x00f0b0, 0x8ea2d6c0, 0x00f0b2, 0x00f0b4, 0x8eaed0b1, 0x8ea2d6c1,
    0x00f0b1, 0x000000, 0x8ea2d6c2, 0x8eaed0b5, 0x8ea2d6bf, 0x8eaed0b0, 0x8eaed0b4, 0x00f3c1,
    0x8ea2dcc9, 0x00f3c2, 0x8ea2dcc7, 0x000000, 0x8ea2dcc8, 0x8ea2dcc6, 0x8ea2dcc5, 0x8eaed4c1,
    0x8eaed4c0, 0x8ea2dcca, 0x00f3c0, 0x8eaed0b3, 0x000000, 0x8ea2e1c4, 0x8ea2e1c5, 0x8eaed7d2,
    0x8ea2cfd0, 0x8ea2e1c3, 0x00f3c3, 0x00f8ab, 0x8ea2e5b7, 0x8ea2e5b8, 0x8eaedcb2, 0x00fae2,
    0x00fae3, 0x8ea2ebcf, 0x8ea2ebce, 0x00fbd8, 0x00fbd7, 0x8ea2eefd, 0x8eaee0ef, 0x00c4aa,
    0x00c4c2, 0x00c4f8, 0x000000, 0x00c4f7, 0x00c5f3, 0x00c5f2, 0x00c7be, 0x00c7bd, 0x00c7bf,
    0x00c7bc, 0x8eaea2f8, 0x00c9ac, 0x00c9ab, 0x00c9ad, 0x8eaea4d4, 0x000000, 0x8eaea4d3,
    0x8eaea4d1, 0x00cca3, 0x000000, 0x00cca2, 0x00cca4, 0x8eaea7d2, 0x00d0a2, 0x000000, 0x00a2f9,
    0x8ea2aea1, 0x00a2fa, 0x00d9a7, 0x00a2fc, 0x00a2fb, 0x8ea2bac4, 0x8eaeb9f6, 0x00a2fd, 0x00e7fe,
    0x00a2fe, 0x8eaedea5, 0x00c4ab, 0x8eaea1b4, 0x00c4f9, 0x00c7c0, 0x00cca5, 0x8eaeabb7, 0x00c4ac,
    0x00c4fc, 0x00c4fa, 0x00c4fb, 0x000000, 0x000000, 0x00c7c1, 0x8eaea2fa, 0x000000, 0x000000,
    0x00c9ae, 0x00cca7, 0x00cca6, 0x00cca8, 0x8eaeaefb, 0x000000, 0x000000, 0x00d4c0, 0x000000,
    0x8eaec0bf, 0x8eaee4d3, 0x00f0b5, 0x000000, 0x8eaea1a7, 0x000000, 0x8eaea1cd, 0x8eaea1c8,
    0x8eaea1ce, 0x8ea2a1ae, 0x000000, 0x00c5f4, 0x00c5f5, 0x8eaea1f8, 0x8eaea1f9, 0x00c7c2,
    0x000000, 0x8ea2a3ac, 0x8eaea7d5, 0x00d0a4, 0x00d0a3, 0x8ea2aea3, 0x8ea2aea2, 0x00d9a8,
    0x8eaea1a8, 0x00c4fd, 0x8ea2a1b5, 0x8eaea1fa, 0x000000, 0x000000, 0x000000, 0x8eaea4d7,
    0x8ea2a5cd, 0x8eaeabb9, 0x00d0a5, 0x8eaeafdb, 0x00d4c3, 0x8eaeafd9, 0x00d4c1, 0x00d4c2,
    0x8eaeafda, 0x000000, 0x8eaeb4cd, 0x000000, 0x00f0b6, 0x000000, 0x00c5f6, 0x000000, 0x000000,
    0x000000, 0x00c7c3, 0x8ea2a1fb, 0x8eaea2fe, 0x8eaea2fd, 0x8eaea2fc, 0x8eaea4d9, 0x00c9af,
    0x00c9b0, 0x8eaea4da, 0x8ea2a3ad, 0x000000, 0x000000, 0x8ea2a5ce, 0x00cca9, 0x8ea2a5cf,
    0x000000, 0x8eaeabbb, 0x8eaeabbd, 0x8eaeabbe, 0x8ea2aea5, 0x8ea2aea6, 0x00d4c6, 0x8eaeafde,
    0x8ea2aea7, 0x8eaeafdf, 0x8ea2aea4, 0x00d4c7, 0x00d4c5, 0x00d4c4, 0x8ea2aea8, 0x8eaeb4cf,
    0x8ea2b3eb, 0x8eaeb4ce, 0x8eaeb9fd, 0x8eaeb9fa, 0x8ea2bac5, 0x000000, 0x8eaeb9fe, 0x8ea2c1ea,
    0x8ea2c9a7, 0x8eaecbaf, 0x8eaecbae, 0x8eaecbb0, 0x00eca9, 0x00f0b7, 0x8ea2d6c4, 0x8eaed4c2,
    0x00c4ad, 0x00c4bb, 0x8eaea1af, 0x8eaea1b5, 0x8eaea1d1, 0x8eaea1fb, 0x000000, 0x000000,
    0x8eaea3a2, 0x000000, 0x000000, 0x000000, 0x8eaea4db, 0x8eaea7d9, 0x000000, 0x000000, 0x00d9a9,
    0x00deb3, 0x000000, 0x00e8a1, 0x8eaec5fa, 0x8ea2a1a3, 0x00c4fe, 0x000000, 0x00c5f9, 0x00c5f7,
    0x00c5f8, 0x000000, 0x000000, 0x00ccaa, 0x8eaea7da, 0x000000, 0x00c4ae, 0x00c4af, 0x000000,
    0x00c4c3, 0x8eaea1b6, 0x8eaea1d2, 0x00c5a1, 0x00c5a2, 0x00c5a3, 0x8ea2a1cc, 0x00c5fa,
    0x8eaea1fd, 0x8ea2a1cb, 0x000000, 0x00c7c7, 0x8eaea3a5, 0x8ea2a1fd, 0x00c7c5, 0x00c7c6,
    0x8ea2a1fc, 0x8eaea3a4, 0x8eaea3a6, 0x00c7c8, 0x00c7c4, 0x8eaea3a7, 0x000000, 0x000000,
    0x000000, 0x8ea2a3ae, 0x00cfcf, 0x8ea2a3af, 0x8eaea4df, 0x8eaea4e1, 0x8ea2a3b0, 0x000000,
    0x8eaea4dc, 0x00c9b2, 0x00c9b1, 0x8eaea4de, 0x8eaea4dd, 0x00c9b5, 0x00c9b3, 0x00c9b4,
    0x8eaea4e0, 0x000000, 0x000000, 0x00ccb0, 0x8eaea7db, 0x00ccaf, 0x8ea2a5d4, 0x8ea2a5d1,
    0x8ea2a5d2, 0x8eaea7de, 0x8ea2a5d0, 0x00ccb1, 0x00ccad, 0x00ccac, 0x8eaea7df, 0x00ccae,
    0x00ccab, 0x8eaea7dd, 0x000000, 0x8eaee4cf, 0x000000, 0x00ccb2, 0x000000, 0x00d0a7, 0x8ea2a9b2,
    0x8eaeabbf, 0x8ea2a5d3, 0x00d0ac, 0x8eaeabc0, 0x8ea2a9b3, 0x00d0a8, 0x00d0ab, 0x00d0aa,
    0x00d0a9, 0x00d0a6, 0x8eaeabc3, 0x000000, 0x000000, 0x8ea2aeab, 0x8eaeafe8, 0x00d4ca,
    0x8ea2aeae, 0x00d4c8, 0x8eaeafe5, 0x000000, 0x8eaeafe2, 0x8ea2aeaa, 0x00d4cb, 0x00d4c9,
    0x00d4cc, 0x8ea2aeac, 0x8ea2aead, 0x8eaeafe0, 0x8ea2aea9, 0x8ea2aeaf, 0x8eaeafe6, 0x8eaeafe1,
    0x8eaeafe3, 0x000000, 0x8eaeafe4, 0x8eaeb4d0, 0x00deb7, 0x00d9aa, 0x8ea2b3ec, 0x8ea2b3ee,
    0x8ea2b3ed, 0x8ea2b3ef, 0x00d9ab, 0x8eaebaa3, 0x000000, 0x00deb4, 0x8eaebaa1, 0x00deb5,
    0x00deb6, 0x8eaeb4d1, 0x00e3b7, 0x8ea2c1ec, 0x8eaec0c1, 0x8ea2c1eb, 0x8ea2c1ed, 0x8ea2c1ee,
    0x00e3b8, 0x8eaec0c0, 0x00e3b6, 0x8ea2c9a8, 0x8ea2c9a9, 0x00e8a3, 0x00e8a2, 0x8ea2cce1,
    0x000000, 0x8eaecbb1, 0x00ecaa, 0x00ecab, 0x00ecac, 0x00ecae, 0x8ea2cfda, 0x8ea2cfdb, 0x00ecad,
    0x8eaecbb2, 0x000000, 0x8eaed0b6, 0x00f0b8, 0x000000, 0x00f0b9, 0x8eaed0b7, 0x000000,
    0x8ea2e5b9, 0x8ea2ebd1, 0x8ea2ebd0, 0x8ea2eefe, 0x8eaee0ac, 0x00c4b0, 0x8eaea1b7, 0x8eaea1d4,
    0x8eaea1d3, 0x00c5fc, 0x00c5fb, 0x000000, 0x000000, 0x00c7c9, 0x000000, 0x000000, 0x8ea2a1fe,
    0x000000, 0x8eaea3a8, 0x00c9b7, 0x00c9b8, 0x00c9b6, 0x00c9b9, 0x8ea2a3b1, 0x8ea2a3b2, 0x000000,
    0x000000, 0x000000, 0x000000, 0x8eaea4e3, 0x8eaea4e2, 0x8eaea7e1, 0x000000, 0x000000, 0x000000,
    0x8eaea7e0, 0x000000, 0x00ccb4, 0x8ea2a5d5, 0x8eaee2da, 0x00ccb3, 0x8eaea7e2, 0x8ea2a9b4,
    0x00d0b0, 0x8ea2a9b5, 0x00d0af, 0x8eaeabc8, 0x8eaeabc6, 0x000000, 0x00d0ad, 0x000000, 0x00d0ae,
    0x8eaeabc7, 0x000000, 0x8eaeafef, 0x8ea2aeb0, 0x8eaeafec, 0x8eaeafea, 0x8eaeafed, 0x8eaeafee,
    0x00d9ac, 0x8ea2b3f1, 0x8eaeb4d2, 0x00d9af, 0x8ea2b3f0, 0x00dbab, 0x00d9ae, 0x00d9ad, 0x000000,
    0x00deba, 0x000000, 0x00deb9, 0x00deb8, 0x00e3b9, 0x8eaec0c5, 0x8eaec0c4, 0x00e3bc, 0x00e3bd,
    0x00e3bb, 0x000000, 0x00e3ba, 0x8eaec0c6, 0x000000, 0x8ea2c9aa, 0x8eaec6a1, 0x8ea2c9ab,
    0x000000, 0x8eaec5fe, 0x8eaecbb3, 0x8ea2cfdd, 0x00ecaf, 0x8ea2cfdc, 0x8eaecdac, 0x00f0ba,
    0x8ea2dccb, 0x00f3c4, 0x000000, 0x8ea2e5ba, 0x00f9e1, 0x000000, 0x00c4c4, 0x00c5a4, 0x8ea2a1b6,
    0x8eaea1d5, 0x00c5a5, 0x00c5a6, 0x8eaea1d6, 0x000000, 0x000000, 0x8eaea2a3, 0x8eaea2a2,
    0x00c5fd, 0x00c5fe, 0x8eaea2a4, 0x00c7ca, 0x8ea2a3b3, 0x8ea2a5d6, 0x8ea2a5d7, 0x000000,
    0x00d0b1, 0x8ea2aeb1, 0x00d9b1, 0x00d9b0, 0x8ea2bac7, 0x8ea2bac6, 0x000000, 0x8eaed0b8,
    0x00c4b1, 0x00c5a7, 0x00c6a1, 0x000000, 0x00d9b2, 0x8ea2a1a4, 0x000000, 0x8ea2a1cd, 0x00c6a2,
    0x8eaea2a6, 0x8ea2a2a2, 0x00c7cc, 0x00c7cb, 0x8ea2a2a1, 0x00c9ba, 0x8eaee4d0, 0x8eaea4e5,
    0x000000, 0x8eaeabc9, 0x000000, 0x000000, 0x00d4cd, 0x000000, 0x000000, 0x8ea2b3f2, 0x000000,
    0x00e3be, 0x8ea2c9ac, 0x00e8a4, 0x8eaec6a3, 0x8eaecbb4, 0x8ea2d6c5, 0x8eaed4c4, 0x8eaedcb4,
    0x8ea2e8ea, 0x8eaea1a9, 0x00c5a8, 0x8eaea1d7, 0x8eaea4e6, 0x8ea2a5d8, 0x8ea2a9b6, 0x00d9b5,
    0x00d9b3, 0x00d9b4, 0x00c4b2, 0x000000, 0x00c4c5, 0x00a4bf, 0x00c5ab, 0x8eaea1d9, 0x00c5aa,
    0x00c5a9, 0x00c6a5, 0x00c6a4, 0x8eaea3aa, 0x8ea2a1ce, 0x8ea2a2a3, 0x000000, 0x8eaea3ab,
    0x8eaea3ad, 0x00ccb8, 0x00ccb5, 0x00ccb7, 0x00ccb6, 0x8eaea7e3, 0x000000, 0x00d0b2, 0x8eaeabca,
    0x000000, 0x00debb, 0x000000, 0x00c4b3, 0x8eaea1da, 0x00c5ac, 0x8eaea2a7, 0x00c6a7, 0x00c6a6,
    0x000000, 0x8ea2a3b4, 0x000000, 0x8eaee4d1, 0x00ccb9, 0x8eaeaadc, 0x000000, 0x8eaea1aa,
    0x000000, 0x000000, 0x8ea2a1b7, 0x8eaea2a8, 0x00c6a9, 0x00c6a8, 0x00c7cd, 0x00c7ce, 0x8ea2a3b5,
    0x00c9bb, 0x8eaea4e7, 0x00c9bc, 0x8eaea7e5, 0x00ccba, 0x00ccbb, 0x00ccbc, 0x8eaea7e6, 0x00d0b3,
    0x8ea2a9b7, 0x8eaeabcb, 0x000000, 0x00d4ce, 0x8eaec0c7, 0x000000, 0x8ea2a1a5, 0x000000,
    0x00c5ad, 0x000000, 0x8eaea1db, 0x000000, 0x000000, 0x8eaea2a9, 0x8ea2a2a4, 0x8eaea3af,
    0x000000, 0x000000, 0x8ea2a3b6, 0x8ea2a3b7, 0x000000, 0x000000, 0x8ea2a5d9, 0x8eaea7e7,
    0x8ea2a5da, 0x000000, 0x8ea2a9b9, 0x8ea2a9b8, 0x8ea2a9bb, 0x8ea2a9ba, 0x00d0b4, 0x8eaee4d2,
    0x8ea2b3f3, 0x00d4d0, 0x8ea2aeb2, 0x00d4cf, 0x8eaeb4d4, 0x000000, 0x000000, 0x000000,
    0x8ea2bac8, 0x00debc, 0x8eaebaa8, 0x8ea2bac9, 0x8eaebaa7, 0x8eaec0ca, 0x8eaec0c9, 0x8eaec0c8,
    0x8ea2c9ad, 0x00e8a5, 0x8eaec6a5, 0x000000, 0x8eaec6a6, 0x8eaecbb5, 0x00ecb0, 0x8eaed4c5,
    0x8ea2e5bb, 0x000000, 0x8eaea1ab, 0x8eaea1dc, 0x000000, 0x8ea2a1b8, 0x8eaea2aa, 0x00c6aa,
    0x000000, 0x000000, 0x8eaea3b1, 0x000000, 0x8eaea7e9, 0x8eaea7ea, 0x00d9b6, 0x8eaeb4d5,
    0x8eaebaa9, 0x000000, 0x000000, 0x00c4b4, 0x00c4c6, 0x00c5af, 0x00c5ae, 0x8eaea1de, 0x00c5b0,
    0x8eaea1e0, 0x000000, 0x8eaea2ab, 0x000000, 0x8eaea3b3, 0x000000, 0x00ccbe, 0x8eaea7eb,
    0x00ccbd, 0x00ccbf, 0x000000, 0x8eaeabd0, 0x8eaeabcf, 0x00d0b5, 0x8eaeabce, 0x8eaeabcd,
    0x000000, 0x00d4d1, 0x8eaec0cb, 0x8ea2d6c6, 0x00f6bb, 0x00c4c7, 0x00c6ac, 0x00c6bb, 0x00c6b6,
    0x000000, 0x00c6b1, 0x00c6b0, 0x00c6b7, 0x00c6b5, 0x00c6ae, 0x00c6bc, 0x00c6af, 0x00c6ab,
    0x00c6ba, 0x00c6b9, 0x00c6b8, 0x00c6ad, 0x8eaea2b1, 0x00c6b4, 0x8eaea2ad, 0x8eaea2ae, 0x00c6b3,
    0x8eaea2af, 0x000000, 0x00c6bd, 0x00c6b2, 0x000000, 0x000000, 0x8eaea3b5, 0x8eaea3b7, 0x00c7d4,
    0x000000, 0x00c7da, 0x00c7d6, 0x8eaea3b9, 0x00c7dc, 0x8ea2a2a5, 0x00c7d9, 0x00c7cf, 0x00c7d2,
    0x00c7d5, 0x00c7d1, 0x00c7d8, 0x00c7db, 0x00c7d0, 0x00c7d3, 0x00c7d7, 0x00c7dd, 0x8eaea3ba,
    0x000000, 0x8eaea3bb, 0x8eaea3b4, 0x000000, 0x8ea2a3c0, 0x8ea2a3bd, 0x8eaea4f6, 0x00c9c9,
    0x8ea2a3be, 0x00c9bd, 0x00c9bf, 0x00c9d7, 0x00c9d2, 0x8eaea4f9, 0x8eaea4fe, 0x8eaea4f5,
    0x8ea2a3c5, 0x8ea2a3bf, 0x00c9c1, 0x00c9c3, 0x8ea2a3c4, 0x00c9ca, 0x8ea2a3ba, 0x00c9d6,
    0x00c9d8, 0x00c9be, 0x00c9cf, 0x8eaea5a4, 0x8ea2a3b8, 0x00c9d5, 0x8eaea4f7, 0x00c9c6,
    0x8eaea4fb, 0x00c9d0, 0x00c9d1, 0x8ea2a3b9, 0x00c9ce, 0x00c9cc, 0x8eaea4f0, 0x00c9cd, 0x00c9d3,
    0x8ea2a3c1, 0x00c9c0, 0x8eaea5a1, 0x00c9d4, 0x8ea2a3c3, 0x00c9c8, 0x00c9c5, 0x8eaea4f3,
    0x8ea2a3bc, 0x00c9c4, 0x8ea2a3c6, 0x00c9c7, 0x8eaea4fc, 0x00c9cb, 0x8eaea4f8, 0x8eaea4f4,
    0x8eaea4ed, 0x00c9c2, 0x8ea2a3c2, 0x8eaea4fd, 0x8eaea5a2, 0x000000, 0x000000, 0x8ea2a3bb,
    0x000000, 0x000000, 0x000000, 0x000000, 0x000000, 0x8eaea5a3, 0x000000, 0x000000, 0x000000,
    0x000000, 0x8eaea7ee, 0x8ea2a5eb, 0x8ea2a5ea, 0x00ccd1, 0x8ea2a5ed, 0x8ea2a5ef, 0x8ea2a5e4,
    0x8ea2a5e7, 0x8ea2a5ee, 0x00ccd2, 0x8eaea7f4, 0x8eaea7f8, 0x8ea2a5e1, 0x8ea2a5e5, 0x8eaea7f5,
    0x000000, 0x8ea2a5e9, 0x8ea2a9ca, 0x00cccd, 0x8ea2a9ce, 0x00ccc0, 0x8ea2a5e6, 0x00ccc1,
    0x00ccce, 0x00ccc7, 0x00ccc3, 0x8eaea7f1, 0x8ea2a5e2, 0x00ccc6, 0x00cccb, 0x00ccd4, 0x8ea2a5e3,
    0x8ea2a5dc, 0x00ccc5, 0x8ea2a5dd, 0x8ea2a5df, 0x000000, 0x00ccc8, 0x8eaea7ec, 0x00ccca,
    0x8ea2a5db, 0x8ea2a5e0, 0x8eaea7f0, 0x8eaea7f9, 0x00ccd3, 0x00cccf, 0x8ea2a5e8, 0x00ccd5,
    0x8eaea7f3, 0x00cccc, 0x8ea2a5de, 0x00ccc9, 0x8eaea7ef, 0x8eaea7f7, 0x00ccc4, 0x00ccc2,
    0x000000, 0x8ea2a5ec, 0x000000, 0x00ccd0, 0x000000, 0x000000, 0x000000, 0x8eaeabdc, 0x8eaeabdd,
    0x8ea2a9c9, 0x8ea2a9bd, 0x8ea2a9cc, 0x8eaeabd7, 0x8eaeabd9, 0x8ea2a9bf, 0x00d0bc, 0x00d0ca,
    0x00d0b8, 0x00d0c9, 0x00d0c1, 0x00d0c6, 0x00d0b6, 0x8ea2a9be, 0x8ea2a9c4, 0x00d0c5, 0x8ea2a9d0,
    0x00d0c7, 0x8eaeabdb, 0x00d0bd, 0x8eaeabd4, 0x8eaeabde, 0x8ea2a9c6, 0x8ea2a9c3, 0x00d0bb,
    0x8eaeabd1, 0x8ea2a9bc, 0x00d0c8, 0x8ea2a9cb, 0x00d0c0, 0x8ea2a9cd, 0x00d0cb, 0x00d0b7,
    0x00d0c2, 0x00d0bf, 0x8ea2a9c1, 0x00d0c3, 0x8ea2a9c7, 0x8ea2a9c8, 0x00d0be, 0x00d0c4, 0x00d0ba,
    0x8eaeabd5, 0x8eaee4d4, 0x8eaeabe3, 0x8eaeabe1, 0x00d0b9, 0x8ea2a9c0, 0x8eaeabd3, 0x000000,
    0x000000, 0x000000, 0x000000, 0x000000, 0x8ea2a9c5, 0x000000, 0x000000, 0x000000, 0x8eaeabd8,
    0x000000, 0x000000, 0x000000, 0x8ea2a9cf, 0x000000, 0x8ea2aec6, 0x00d4de, 0x8ea2aeb4, 0x000000,
    0x8ea2aeb9, 0x00d4d7, 0x00d4e2, 0x8ea2aeb7, 0x00d4d2, 0x00d4dc, 0x00d4e1, 0x8ea2aebe, 0x000000,
    0x00d4dd, 0x00d4e0, 0x8eaeaff7, 0x8eaeb0a1, 0x8ea2aec1, 0x00d4d8, 0x8ea2aeb8, 0x8eaeaff4,
    0x8eaeaff8, 0x8eaeb0a2, 0x8ea2aec4, 0x8ea2aec5, 0x8eaeaff9, 0x00d4da, 0x8ea2aec3, 0x00d4d6,
    0x00d4e5, 0x000000, 0x8ea2aebb, 0x8eaeaffb, 0x00d4d4, 0x8eaeaffa, 0x8ea2aec8, 0x8ea2aebc,
    0x8ea2aec0, 0x00d4d9, 0x00d4e4, 0x8ea2aebd, 0x00d4df, 0x8ea2aec2, 0x8ea2aec9, 0x8ea2b4a4,
    0x8eaeaff3, 0x8ea2aec7, 0x00d4e6, 0x00d4d3, 0x8ea2aebf, 0x8ea2aeb6, 0x8eaeaff6, 0x00d4db,
    0x000000, 0x000000, 0x8ea2aeb5, 0x8eaeaffe, 0x8eaeb0a5, 0x8ea2aeba, 0x000000, 0x000000,
    0x000000, 0x000000, 0x000000, 0x000000, 0x000000, 0x000000, 0x000000, 0x000000, 0x000000,
    0x8ea2aeb3, 0x00d4e3, 0x8eaee7a1, 0x8eaeb4df, 0x8ea2b3fa, 0x8eaeb4e8, 0x00d9c9, 0x8ea2b4aa,
    0x00d9c7, 0x00d9c4, 0x8ea2b4a1, 0x00d9c0, 0x8ea2b4a5, 0x00d9cb, 0x8ea2b3f9, 0x8ea2b3fe,
    0x8ea2b3fd, 0x00d4d5, 0x00d9c6, 0x8ea2b4a8, 0x8eaeb4e6, 0x8ea2b4ab, 0x8ea2b3f6, 0x000000,
    0x00dece, 0x8eaeb4e7, 0x8ea2b4ac, 0x00d9cc, 0x000000, 0x00d9be, 0x00d9bb, 0x8ea2b4a3, 0x00d9b8,
    0x000000, 0x8ea2b4a9, 0x8eaeb4db, 0x00d9bf, 0x8ea2b4ad, 0x8eaeb4d8, 0x8ea2b3f7, 0x8ea2b4a7,
    0x00d9c2, 0x8ea2b3f8, 0x8ea2b3fb, 0x8ea2b4a2, 0x8eaeb4e2, 0x8eaeb4e1, 0x00d9c3, 0x00d9c1,
    0x00d9cd, 0x8eaeb4d7, 0x8eaebab6, 0x8eaeb4e4, 0x000000, 0x00d9c8, 0x8eaeb4de, 0x00d9bc,
    0x00daf6, 0x000000, 0x00d9bd, 0x8ea2b3fc, 0x00d9ca, 0x00d9c5, 0x8ea2b4a6, 0x00d9ba, 0x000000,
    0x8eaeb4d9, 0x000000, 0x00d9b9, 0x8eaee4d7, 0x000000, 0x000000, 0x000000, 0x000000, 0x000000,
    0x8eaee4d6, 0x8eaee7a2, 0x8eaee4d5, 0x000000, 0x8ea2b3f4, 0x8ea2b3f5, 0x8ea2bace, 0x000000,
    0x000000, 0x8eaebabc, 0x00debd, 0x00dec0, 0x8ea2bad9, 0x00ded4, 0x8ea2badc, 0x00debe,
    0x8ea2bad5, 0x00dec4, 0x00deca, 0x00e1c3, 0x8eaebab1, 0x8eaebab8, 0x00dec8, 0x8ea2bad2,
    0x00ded5, 0x00dec1, 0x00dec9, 0x8ea2bada, 0x8ea2c1fc, 0x8ea2badf, 0x8ea2bad3, 0x000000,
    0x8ea2baca, 0x8ea2bad7, 0x8ea2bad1, 0x00dec7, 0x8ea2badd, 0x8eaebaae, 0x8eaebaaa, 0x00dec3,
    0x00ded7, 0x00ded0, 0x8eaebab3, 0x00dec5, 0x00dec2, 0x8eaebac0, 0x00decd, 0x8eaebab4,
    0x8ea2bade, 0x8ea2bad0, 0x8ea2bad6, 0x8ea2bad8, 0x8ea2bacc, 0x8ea2badb, 0x00debf, 0x8ea2bacb,
    0x8eaebac2, 0x00dec6, 0x00ded6, 0x00ded2, 0x8ea2bacd, 0x00decc, 0x8eaebabb, 0x000000, 0x00ded3,
    0x00decf, 0x00decb, 0x8eaebaaf, 0x8ea2bad4, 0x000000, 0x000000, 0x000000, 0x000000, 0x8eaee7a3,
    0x00ded1, 0x000000, 0x000000, 0x000000, 0x8ea2c1fa, 0x8ea2c1f6, 0x8eaec0d1, 0x8ea2c2a7,
    0x8ea2c1ef, 0x8ea2c1f8, 0x00e3cc, 0x00e3cd, 0x00e3c5, 0x8ea2c2a3, 0x00e3cf, 0x8ea2c1f4,
    0x8ea2c1f3, 0x8ea2c1f1, 0x8ea2c2a5, 0x00e3c3, 0x8ea2c1fd, 0x8ea2c1f2, 0x00e3c6, 0x8ea2c1fb,
    0x00e3c1, 0x8ea2c1f7, 0x8ea2c1fe, 0x8ea2c2a2, 0x8eaec0ce, 0x000000, 0x8ea2c2a6, 0x00e3ca,
    0x8ea2c1f0, 0x00e3c4, 0x8ea2c1f5, 0x8eaebaab, 0x00e3bf, 0x000000, 0x00e3cb, 0x8ea2c2a1,
    0x00e3c7, 0x00e3c8, 0x00e3ce, 0x00e3c2, 0x00a3a1, 0x00e3c0, 0x8ea2c1f9, 0x8eaec0cc, 0x000000,
    0x000000, 0x000000, 0x8eaee7a5, 0x00e3c9, 0x8eaee7a4, 0x000000, 0x8ea2c2a4, 0x000000,
    0x8eaee4d8, 0x000000, 0x00e8b5, 0x00e8b0, 0x8eaec6ae, 0x8ea2c9bc, 0x8ea2c9b8, 0x8eaec6a8,
    0x8ea2c9b2, 0x00e8aa, 0x00e8a6, 0x8ea2c9bb, 0x00e8a7, 0x8ea2c9b5, 0x8ea2c9b7, 0x8eaec6a9,
    0x8ea2c9ba, 0x8eaec6b6, 0x00e8ac, 0x8eaec6ac, 0x00e8b3, 0x00e8ad, 0x000000, 0x8eaec6aa,
    0x8ea2c9b0, 0x00e8ae, 0x00e8af, 0x8ea2c9b3, 0x00e8b4, 0x8eaec6b4, 0x8ea2c9b1, 0x8ea2c9b6,
    0x00e8ab, 0x8ea2c9af, 0x00e8b1, 0x00e8a9, 0x8eaec6b3, 0x000000, 0x000000, 0x00e8a8, 0x8ea2c9b4,
    0x8ea2c9b9, 0x8eaec6b1, 0x00e8b2, 0x8eaee4da, 0x000000, 0x8eaee4d9, 0x000000, 0x000000,
    0x000000, 0x8eaec6d0, 0x8ea2c9ae, 0x8eaec6b0, 0x00ecb7, 0x8ea2cfee, 0x8eaecbc1, 0x8ea2cfeb,
    0x8eaecbb8, 0x00ecb1, 0x00ecbd, 0x00ecbe, 0x8eaecbbd, 0x00ecb4, 0x8ea2cfe9, 0x00ecb6,
    0x8ea2cfe1, 0x00ecbc, 0x8eaecbc4, 0x8ea2cfed, 0x00ecb3, 0x8ea2cfef, 0x00ecb2, 0x000000,
    0x8ea2cfea, 0x8ea2cfec, 0x00ecb5, 0x8ea2cfe8, 0x8ea2cfe2, 0x8ea2cfdf, 0x000000, 0x8eaecbbe,
    0x8ea2bacf, 0x8ea2cfe5, 0x8eaecbb7, 0x8ea2cfde, 0x8ea2cfe4, 0x8ea2cfe3, 0x8eaecbbb, 0x8ea2cfe0,
    0x8eaecbc3, 0x00ecb9, 0x8eaecbc5, 0x8eaecbc0, 0x8eaec6b5, 0x8eaecbbc, 0x00ecb8, 0x8eaecbb9,
    0x000000, 0x8eaecbbf, 0x00ecba, 0x8ea2cfe6, 0x00f0bb, 0x8ea2cfe7, 0x000000, 0x000000, 0x000000,
    0x8ea2d6cf, 0x8eaed0bf, 0x8ea2d6c8, 0x8eaed0c0, 0x00f0c7, 0x8ea2d6cc, 0x00f0bf, 0x00f0c3,
    0x8ea2d6cb, 0x8eaed0bb, 0x00f0c2, 0x00f0be, 0x00f0c1, 0x00f0bc, 0x00f0c6, 0x8ea2d6cd,
    0x8ea2d6c9, 0x00f0c5, 0x8ea2d6c7, 0x00f0c4, 0x8ea2d6ce, 0x8ea2d6ca, 0x00ecbb, 0x000000,
    0x00f0c8, 0x8ea2d6d0, 0x00f0c0, 0x00f0bd, 0x000000, 0x8eaed0bd, 0x000000, 0x8eaed4c8,
    0x8ea2dcd2, 0x8ea2dcd4, 0x00f3c6, 0x8ea2dcd5, 0x8ea2dcd3, 0x8ea2dcd1, 0x8ea2dcd0, 0x00f3c8,
    0x8ea2dccf, 0x00f3c9, 0x000000, 0x8eaed4c9, 0x8eaed4c7, 0x000000, 0x8ea2dccd, 0x8ea2dcce,
    0x00f3c5, 0x00f3ca, 0x00f3c7, 0x8eaee4dd, 0x8eaee4db, 0x8ea2dccc, 0x8eaed7db, 0x00f6bc,
    0x8eaed7da, 0x8ea2e1c8, 0x8ea2e1c6, 0x8ea2e1cb, 0x8ea2e1c9, 0x8eaed7d8, 0x8ea2e1c7, 0x8ea2e1ca,
    0x8eaed7d9, 0x8eaed7d7, 0x8eaed7dc, 0x000000, 0x000000, 0x000000, 0x000000, 0x00f8ac,
    0x8ea2e5be, 0x8ea2e5bf, 0x00f8ad, 0x000000, 0x8ea2e5c0, 0x8ea2e5bc, 0x8ea2e5c1, 0x8ea2e5bd,
    0x00f6bd, 0x8eaedaad, 0x8eaee4de, 0x000000, 0x8ea2e8eb, 0x8ea2e8ed, 0x00f9e4, 0x8ea2e8ec,
    0x00f9e3, 0x00f9e2, 0x8eaee7a6, 0x8eaee7a7, 0x8eaee4dc, 0x8eaedea6, 0x00f9e5, 0x8ea2ebd3,
    0x8ea2ebd4, 0x000000, 0x00fae5, 0x00fae4, 0x00fae6, 0x8ea2ebd2, 0x8eaee7a8, 0x8ea2edc6,
    0x8ea2edc5, 0x8eaedfc0, 0x00fbd9, 0x00fbdb, 0x00fbda, 0x8ea2edc7, 0x00fcb4, 0x8ea2f0b4,
    0x000000, 0x000000, 0x000000, 0x00fcdd, 0x8eaee0f1, 0x8ea2f0b3, 0x8ea2f0fc, 0x000000, 0x000000,
    0x8ea2a1aa, 0x8eaea1f7, 0x000000, 0x00c6bf, 0x00c6be, 0x000000, 0x00c7e0, 0x00c7df, 0x8ea2a2a7,
    0x00c7de, 0x8ea2a2a6, 0x000000, 0x8eaea3be, 0x00c9db, 0x8ea2a3c9, 0x8eaea5ac, 0x8ea2a3c8,
    0x000000, 0x8eaea5a6, 0x00c9d9, 0x00c9dc, 0x8eaea5ab, 0x8eaea5aa, 0x8ea2a3c7, 0x8eaea5a9,
    0x00c9da, 0x8eaea5c8, 0x8eaea5a7, 0x8eaea5a8, 0x000000, 0x000000, 0x8eaea8a2, 0x8ea2a5f0,
    0x8eaea7fd, 0x8ea2a5f1, 0x00ccd6, 0x8eaea7fc, 0x8eaea8a1, 0x8eaea7fb, 0x000000, 0x00d0cc,
    0x8eaeabe5, 0x8ea2aeca, 0x8ea2aecb, 0x00d4e7, 0x00d4e8, 0x8eaeb0a7, 0x000000, 0x8ea2b4af,
    0x00d9ce, 0x00d9d0, 0x8ea2b4ae, 0x00d9cf, 0x8ea2bae0, 0x00ded8, 0x8eaebac4, 0x8eaebac3,
    0x000000, 0x000000, 0x00e3d0, 0x00e3d1, 0x8ea2c2a8, 0x8eaec0d2, 0x00e8b7, 0x8eaec6b7, 0x00e8b6,
    0x000000, 0x8ea2cff0, 0x8ea2d6d2, 0x8ea2d6d1, 0x8eaedfc1, 0x8ea2f1da, 0x00c4c8, 0x8ea2a1b9,
    0x8eaea1e1, 0x8ea2a1cf, 0x8ea2a1d0, 0x8eaea2b4, 0x000000, 0x000000, 0x8eaee2c9, 0x00c7e3,
    0x00c7e7, 0x8ea2a2a9, 0x000000, 0x00c7e5, 0x00c7e4, 0x8ea2a2a8, 0x00c7e6, 0x00c7e2, 0x8eaea3c1,
    0x8eaea3c2, 0x00c7e1, 0x8ea2a2aa, 0x8eaea3bf, 0x8eaea3c0, 0x000000, 0x000000, 0x000000,
    0x000000, 0x00c9e6, 0x8eaea5b1, 0x8eaea5be, 0x00c9e3, 0x8eaea5b0, 0x00c9df, 0x8ea2a3ca,
    0x8eaea5c0, 0x8eaea5b6, 0x8eaea5af, 0x8ea2a3cb, 0x8eaea5bc, 0x00c9e1, 0x8eaea5ad, 0x8ea2a3cd,
    0x00c9dd, 0x8ea2a3ce, 0x8ea2a3cc, 0x00c9e0, 0x00c9e2, 0x00c9e5, 0x00c9e4, 0x00c9de, 0x8ea2a3cf,
    0x8eaea5b2, 0x8eaea5c1, 0x8eaea5c2, 0x8eaea5b3, 0x8eaea5b8, 0x8eaea5b7, 0x8eaee4df, 0x000000,
    0x000000, 0x000000, 0x000000, 0x000000, 0x8eaea5b5, 0x000000, 0x00ccdb, 0x8ea2a5fe, 0x8eaea8a5,
    0x00ccdd, 0x8eaea8a3, 0x00ccdc, 0x8eaea8a6, 0x8ea2a6a1, 0x00ccda, 0x00ccd9, 0x8ea2a5f5,
    0x000000, 0x8ea2a5f4, 0x8eaea8a8, 0x8ea2a5f2, 0x8ea2a5f7, 0x8ea2a5f6, 0x8ea2a5f3, 0x8ea2a5fc,
    0x8ea2a5fd, 0x8ea2a5fa, 0x8ea2a5f8, 0x00ccd8, 0x8eaea8a9, 0x000000, 0x000000, 0x8ea2a5fb,
    0x00ccde, 0x8ea2a6a2, 0x000000, 0x8eaea8aa, 0x8ea2a5f9, 0x8eaea8a4, 0x00d0cd, 0x00ccd7,
    0x000000, 0x000000, 0x000000, 0x000000, 0x000000, 0x000000, 0x8eaee4e0, 0x00d0ce, 0x8ea2a9d5,
    0x8eaeabe9, 0x8eaeabe8, 0x8ea2a9db, 0x8eaeabec, 0x8eaeabe7, 0x8eaeabea, 0x00d0d4, 0x8ea2a9d9,
    0x8ea2a9df, 0x8eaeabf1, 0x8ea2a9d6, 0x8ea2a9da, 0x8ea2a9dc, 0x8ea2a9de, 0x8ea2a9d8, 0x8eaeabf0,
    0x8ea2a9d7, 0x8ea2a9d2, 0x8ea2a9d3, 0x00d0cf, 0x8eaeabeb, 0x00d0d1, 0x00d0d0, 0x8ea2a9d4,
    0x8ea2a9dd, 0x8eaeabed, 0x8eaeabf2, 0x8eaeabee, 0x000000, 0x000000, 0x000000, 0x8eaeabe6,
    0x000000, 0x00d0d3, 0x000000, 0x000000, 0x000000, 0x000000, 0x000000, 0x000000, 0x8ea2a9d1,
    0x8ea2aed5, 0x8eaeb0aa, 0x8ea2aed4, 0x8ea2aed9, 0x8ea2aed0, 0x8eaeb0b0, 0x8ea2aed3, 0x8ea2aed2,
    0x8eaeb0af, 0x8ea2aed6, 0x8eaeb0b8, 0x8ea2aeda, 0x00d4e9, 0x00d4ec, 0x8eaeb0b4, 0x8eaeb0b5,
    0x8ea2aed1, 0x8ea2aed7, 0x8eaeb0b3, 0x8eaeb0a8, 0x8eaeb0b7, 0x00d4eb, 0x8ea2aecc, 0x8eaeb0ab,
    0x00d0d2, 0x8ea2b4bd, 0x8ea2aed8, 0x8eaeb0b6, 0x8ea2aecf, 0x000000, 0x00d4ea, 0x8ea2aece,
    0x000000, 0x000000, 0x000000, 0x000000, 0x000000, 0x8eaeb0b2, 0x8ea2b4b4, 0x8eaeb4ee,
    0x8eaeb4f1, 0x00d9d1, 0x00d9d5, 0x8ea2b4c4, 0x8ea2b4b2, 0x8ea2b4c0, 0x00d9d6, 0x8ea2b4c2,
    0x8eaeb4f2, 0x8ea2b4c8, 0x8eaeb4f4, 0x8ea2b4cc, 0x8eaeb4e9, 0x000000, 0x8ea2b4c3, 0x8ea2b4b7,
    0x8ea2b4bf, 0x8eaeb4eb, 0x8ea2b4cd, 0x8ea2b4cb, 0x8ea2b4c1, 0x8ea2b4bc, 0x8ea2b4b5, 0x8ea2bae8,
    0x8ea2b4b3, 0x00d9da, 0x8ea2b4ba, 0x00d9db, 0x00d9d7, 0x8ea2b4b0, 0x8ea2b4c6, 0x8ea2b4b8,
    0x8eaeb4ef, 0x8eaeb4f5, 0x8ea2b4b6, 0x8ea2b4c9, 0x00d9d8, 0x8eaeb4f6, 0x8ea2b4cf, 0x00d9d2,
    0x00d9d4, 0x8ea2b4be, 0x8ea2b4b9, 0x00d4ed, 0x00d9d3, 0x8ea2b4bb, 0x8ea2b4ca, 0x8ea2b4ce,
    0x8ea2b4c5, 0x8eaee4e1, 0x8ea2b4c7, 0x000000, 0x8eaee4e2, 0x8eaee4e3, 0x8ea2b4b1, 0x000000,
    0x000000, 0x000000, 0x8eaebaca, 0x8ea2bae3, 0x8eaebac5, 0x8ea2baec, 0x8ea2baeb, 0x00dee0,
    0x8ea2bae4, 0x8eaebac7, 0x00dee1, 0x00dedf, 0x8eaebad0, 0x8ea2bae6, 0x00dedc, 0x8ea2baea,
    0x8eaebacc, 0x8ea2bae5, 0x8ea2bae7, 0x8ea2bae1, 0x00deda, 0x8eaee3b6, 0x8ea2baf4, 0x8ea2baf3,
    0x8ea2baf0, 0x00ded9, 0x00dedd, 0x00dede, 0x8ea2aecd, 0x8ea2baed, 0x00dedb, 0x00d9d9,
    0x8ea2baef, 0x8ea2bae2, 0x8ea2baf2, 0x8ea2baf1, 0x8eaebace, 0x8ea2baf5, 0x8eaebac9, 0x8ea2c2b6,
    0x8eaebacb, 0x8ea2baee, 0x000000, 0x000000, 0x000000, 0x000000, 0x000000, 0x8eaee3b7, 0x000000,
    0x8eaee4e4, 0x8ea2bae9, 0x8ea2c2ae, 0x00e3db, 0x00e3de, 0x00e3d9, 0x8ea2c2ad, 0x8ea2c2b1,
    0x8ea2c2ac, 0x8eaec0d7, 0x00e3d3, 0x00e3dd, 0x8ea2c2a9, 0x00e3d7, 0x8ea2c2b0, 0x8eaec0db,
    0x00e3d5, 0x00e3d4, 0x8ea2c2b3, 0x00e3d6, 0x8ea2c2b5, 0x8eaec0d6, 0x8ea2c2b2, 0x00e3d2,
    0x8eaec0de, 0x8eaec0dc, 0x8eaec0d8, 0x00e3dc, 0x8ea2c2b7, 0x8ea2c2ab, 0x8ea2c2b4, 0x8eaec0dd,
    0x8eaee3c3, 0x8ea2c2aa, 0x8eaec0da, 0x8eaec0d9, 0x00e3d8, 0x8eaec0d4, 0x00e3da, 0x000000,
    0x8ea2c2af, 0x000000, 0x8ea2c2b8, 0x8eaec6c3, 0x8eaec6be, 0x8ea2c9c4, 0x00e8b8, 0x8ea2c9ca,
    0x8eaec6c2, 0x8eaec6bc, 0x00e8bd, 0x8ea2c9c6, 0x8ea2c9cd, 0x8ea2c9be, 0x00e8bf, 0x00e8b9,
    0x8ea2c9c3, 0x00ecbf, 0x8ea2c9c2, 0x8ea2c9cb, 0x00e8ba, 0x8eaec6bd, 0x00e8be, 0x8ea2c9c1,
    0x8ea2c9c7, 0x8ea2c9cc, 0x8ea2c9bd, 0x00e8bc, 0x8ea2c9c5, 0x8eaec6ba, 0x8eaec6c5, 0x8ea2c9c9,
    0x8ea2c9cf, 0x8ea2c9bf, 0x8ea2c9c8, 0x8eaec6b8, 0x00e8bb, 0x8ea2c9ce, 0x8eaec6c1, 0x8eaec6c4,
    0x8eaec6c0, 0x8ea2c9c0, 0x000000, 0x000000, 0x8eaee4e5, 0x00ecc3, 0x8ea2cff2, 0x00ecc1,
    0x00ecc0, 0x8ea2cff4, 0x8ea2cff9, 0x8eaecbc6, 0x8ea2cff5, 0x8eaecbd0, 0x8ea2cff8, 0x00ecc6,
    0x8eaecbd1, 0x00f0ae, 0x00ecc5, 0x8eaecbcb, 0x8ea2cff1, 0x8ea2cff7, 0x8eaec6bf, 0x00ecc4,
    0x8ea2cff6, 0x8eaecbcd, 0x8ea2cff3, 0x8eaecbc9, 0x00ecc2, 0x8eaecbcf, 0x8eaecbcc, 0x000000,
    0x8eaecbc7, 0x000000, 0x000000, 0x8ea2d6d7, 0x8eaed0ca, 0x8ea2d6d9, 0x8ea2d6d4, 0x00f0ca,
    0x8ea2d6d6, 0x8eaed0cb, 0x00f0c9, 0x8ea2d6d8, 0x8eaed0c8, 0x8eaed0cc, 0x00f0cc, 0x8ea2d6da,
    0x00f0cb, 0x8ea2d6d3, 0x8ea2d6d5, 0x8eaed0c9, 0x000000, 0x000000, 0x8eaed4cb, 0x00f3ce,
    0x8ea2dcd8, 0x8eaed4cc, 0x00f3cd, 0x8ea2dcd9, 0x00f3cc, 0x8ea2dcd7, 0x00f3cb, 0x8ea2dcd6,
    0x000000, 0x00f6bf, 0x00f6be, 0x8ea2e5c2, 0x8ea2e5c4, 0x8eaedaaf, 0x8ea2e5c3, 0x00f8ae,
    0x00f8af, 0x8eaedaae, 0x000000, 0x00f8b0, 0x8ea2e8ee, 0x00f9e6, 0x000000, 0x8eaedea8,
    0x8ea2efa2, 0x8ea2efa1, 0x00fcde, 0x000000, 0x00c4c9, 0x00c5b1, 0x000000, 0x8eaea3c3, 0x00c9e7,
    0x8eaea5c5, 0x8eaea5c3, 0x8eaea5c4, 0x8eaea8ad, 0x8ea2a9e0, 0x8eaeabf7, 0x000000, 0x8eaeb4f7,
    0x000000, 0x00dee2, 0x00dee3, 0x8eaebad2, 0x8ea2c2b9, 0x00e8c0, 0x8ea2c9d0, 0x8ea2cffa,
    0x8eaee4e6, 0x8eaed0cd, 0x8eaea1b9, 0x8ea2a1ba, 0x8eaea2b5, 0x8eaea3c4, 0x8ea2a3d0, 0x000000,
    0x8eaeabfa, 0x8eaeabf9, 0x8eaea1ba, 0x8eaea5c6, 0x8ea2a6a3, 0x8ea2a9e1, 0x8ea2aedb, 0x00d4ee,
    0x8eaec6c6, 0x8eaee5e0, 0x8ea2e5c5, 0x000000, 0x00fae7, 0x00c4ca, 0x00c6c0, 0x8ea2a1d1,
    0x8eaea2b6, 0x00c7e8, 0x00c7e9, 0x000000, 0x00ccdf, 0x000000, 0x000000, 0x8eaeb4f9, 0x00d9dc,
    0x000000, 0x00e8c2, 0x8eaec0df, 0x00e8c3, 0x00e8c1, 0x8eaecbd3, 0x00c4cb, 0x000000, 0x00c5b2,
    0x00c5b4, 0x00c5b3, 0x8ea2a1bb, 0x00c5b5, 0x00c6c1, 0x8ea2a1d2, 0x8eaea2b8, 0x00c6c2,
    0x8eaea2b7, 0x000000, 0x8eaea2b9, 0x000000, 0x8eaea3c7, 0x00c7ea, 0x00c7eb, 0x000000, 0x000000,
    0x000000, 0x8ea2a2ab, 0x8eaea5c9, 0x00c9e8, 0x000000, 0x8ea2a3d1, 0x000000, 0x000000, 0x000000,
    0x00cce3, 0x8ea2a6a4, 0x000000, 0x00cce1, 0x00cce2, 0x00cce0, 0x8ea2aedc, 0x8eaea8ae,
    0x8eaea8af, 0x8eaee4e7, 0x00d0d8, 0x00d0d7, 0x00d0d9, 0x00d0d6, 0x8eaeabfc, 0x8ea2a9e2,
    0x00cce4, 0x00d0d5, 0x000000, 0x00d4ef, 0x00d4f0, 0x000000, 0x00d4f1, 0x8eaeb4fb, 0x8ea2b4d0,
    0x8eaeb4fc, 0x8eaeb4fd, 0x000000, 0x00dee4, 0x8ea2baf6, 0x00d9dd, 0x8eaebad3, 0x8eaebad4,
    0x000000, 0x8eaec0e0, 0x00e3df, 0x8eaec0e1, 0x00e8c5, 0x00e8c4, 0x8ea2c9d1, 0x8eaec6c8,
    0x00ecc7, 0x00f0cd, 0x000000, 0x8ea2e1cc, 0x8ea2edc8, 0x8ea2efa3, 0x00c4cc, 0x00c6c3,
    0x8eaea2bb, 0x00c6c4, 0x8ea2a2b1, 0x00c7ed, 0x00c7f0, 0x8eaea3cb, 0x8ea2a2af, 0x8ea2a2ad,
    0x00c7ef, 0x8ea2a2b0, 0x8ea2a2b2, 0x8ea2a2ac, 0x00c7f2, 0x00c7f1, 0x00c7ee, 0x00c7ec,
    0x8ea2a2ae, 0x8eaea3cd, 0x000000, 0x000000, 0x8eaea5d5, 0x00c9f3, 0x000000, 0x8eaea5cc,
    0x00c9f0, 0x8ea2a3d6, 0x8ea2a3d9, 0x8ea2a3d8, 0x000000, 0x00c9ea, 0x00c9f2, 0x8eaea5cb,
    0x000000, 0x00c9ef, 0x8ea2a3d5, 0x8ea2a3d3, 0x00c9ee, 0x8eaea5d6, 0x8eaea5d3, 0x8eaea5ce,
    0x00c9e9, 0x00c9ec, 0x8eaea5d1, 0x8ea2a3d4, 0x8ea2a3db, 0x8ea2a3d7, 0x00c9ed, 0x00c9f1,
    0x00c9f4, 0x8ea2a3d2, 0x8ea2a3da, 0x00c9eb, 0x000000, 0x000000, 0x000000, 0x8eaea8c1,
    0x8eaea8b3, 0x00cce9, 0x00ccf1, 0x8eaea8b8, 0x8ea2a6b0, 0x8ea2a6a9, 0x00ccf2, 0x8ea2a6b4,
    0x8ea2a6a5, 0x8ea2a6ac, 0x8eaea8c5, 0x8eaea8c0, 0x00cce8, 0x8ea2a6a6, 0x00cce6, 0x8ea2a6ad,
    0x8ea2a6b1, 0x00cce5, 0x8eaea8bd, 0x8ea2a6b2, 0x8ea2a6ab, 0x8eaea8b7, 0x8ea2a6ae, 0x8eaea8b5,
    0x00ccf4, 0x00cceb, 0x8ea2a6b5, 0x8ea2a6b3, 0x8eaea8bf, 0x00ccf0, 0x00ccee, 0x8ea2a6aa,
    0x00cced, 0x8ea2a6a8, 0x8ea2a6a7, 0x00ccec, 0x00ccea, 0x00ccf3, 0x00ccef, 0x00cce7, 0x8eaeaca6,
    0x8ea2a6af, 0x8eaea8c6, 0x00d0db, 0x8eaeacad, 0x00d0e2, 0x8ea2a9f0, 0x00d0da, 0x8ea2a9e8,
    0x8ea2a9e4, 0x8eaeaca1, 0x8ea2a9f4, 0x8ea2a9e3, 0x8eaeacac, 0x00d0dd, 0x8ea2a9ed, 0x00d0e0,
    0x00d0e3, 0x8eaeacae, 0x00d0de, 0x8ea2a9f1, 0x00d0e1, 0x8eaeaca3, 0x00d4f8, 0x8ea2a9f7,
    0x8ea2a9e5, 0x8eaeaca4, 0x8eaeaca5, 0x8ea2a9e7, 0x8ea2a9ee, 0x8ea2a9f2, 0x8ea2a9f6, 0x8ea2a9f3,
    0x8ea2a9ec, 0x8ea2a9ef, 0x8eaeacab, 0x8eaeaca9, 0x8ea2a9e9, 0x00d0e5, 0x8ea2a9eb, 0x8ea2a9ea,
    0x8ea2a9f5, 0x00d0dc, 0x8ea2a9e6, 0x00d0e4, 0x8eaeacaa, 0x00d0df, 0x8eaeaca8, 0x000000,
    0x000000, 0x000000, 0x000000, 0x00d4fe, 0x8ea2aee4, 0x8eaeb0c0, 0x00d4fd, 0x8eaeaca7, 0x000000,
    0x8ea2aee2, 0x8eaee2f0, 0x00d4f2, 0x8eaeb0cf, 0x00d4f7, 0x8eaeb0ca, 0x8ea2aee1, 0x8ea2aede,
    0x8ea2aee3, 0x00d4f3, 0x8ea2aedd, 0x8eaeb0ce, 0x00d4f6, 0x00d4f4, 0x8eaeb0be, 0x8ea2aee5,
    0x00d4f5, 0x00d4f9, 0x8eaeb0bb, 0x8eaeb0c5, 0x00d4fa, 0x8eaeb0c8, 0x00d4fc, 0x8eaeb0d2,
    0x000000, 0x000000, 0x00d4fb, 0x8eaeb0bc, 0x8eaeb5a2, 0x8eaeb5b8, 0x8ea2aedf, 0x8ea2aee0,
    0x8eaeb0cd, 0x000000, 0x8eaeb0cb, 0x000000, 0x8ea2aee6, 0x000000, 0x8ea2b4d7, 0x00d9de,
    0x8ea2bba6, 0x8ea2b4d6, 0x8ea2b4e9, 0x8eaeb5a8, 0x8eaeb5a4, 0x00d9e4, 0x8eaeb5b1, 0x8ea2b4e7,
    0x8eaeb5b3, 0x00d9e3, 0x00d9df, 0x8ea2b4f0, 0x8ea2b4e0, 0x8ea2b4e3, 0x8eaeb5ae, 0x00d9e7,
    0x8ea2b4ed, 0x8ea2b4e5, 0x00d9e0, 0x00d9e8, 0x8eaeb5aa, 0x8ea2b4ea, 0x8ea2b4e8, 0x8eaeb5af,
    0x8eaeb5bb, 0x8ea2b4d9, 0x8ea2b4ee, 0x8ea2b4e2, 0x8ea2b4dd, 0x8eaeb5ba, 0x8ea2b4d3, 0x8ea2b4ef,
    0x8ea2b4df, 0x8ea2b4d2, 0x8eaeb5b9, 0x00d9e6, 0x8ea2b4e4, 0x8ea2b4f1, 0x8ea2b4e1, 0x8ea2b4d5,
    0x8ea2b4da, 0x8ea2b4d1, 0x8eaeb5a7, 0x00d9e5, 0x8eaeb5bc, 0x8ea2b4de, 0x8ea2b4db, 0x00d9e1,
    0x8ea2b4d4, 0x8eaeb5b0, 0x8ea2b4ec, 0x00d9e2, 0x8eaeb5ab, 0x8ea2b4dc, 0x8ea2b4d8, 0x8eaeb5a9,
    0x8eaeb5b4, 0x8ea2b4eb, 0x8eaeb5b2, 0x000000, 0x8eaeb5b7, 0x000000, 0x8eaeb5b5, 0x000000,
    0x00dee5, 0x8ea2bafd, 0x8eaebaf5, 0x8ea2bafa, 0x8ea2bbad, 0x8ea2bba1, 0x8ea2bbae, 0x8eaebafc,
    0x00dee7, 0x8eaebae3, 0x8eaebae1, 0x8eaebad8, 0x8ea2bbaa, 0x8ea2bba7, 0x8eaebadb, 0x8eaebaf7,
    0x8eaebaf2, 0x8eaebad9, 0x8eaebae0, 0x8ea2bba8, 0x8ea2bbab, 0x8ea2bbaf, 0x8eaebafb, 0x8ea2b4e6,
    0x8ea2bbb1, 0x8ea2c2cd, 0x8eaebae6, 0x00dee8, 0x8ea2bbb2, 0x8ea2baf8, 0x8ea2bba4, 0x8eaebae2,
    0x8ea2bba9, 0x8eaebadc, 0x8eaebade, 0x00dee6, 0x00dee9, 0x8ea2bbb0, 0x8ea2bbb3, 0x8ea2bafc,
    0x8ea2baf9, 0x8eaebaf3, 0x8eaebada, 0x8ea2bafb, 0x8eaebad7, 0x8eaebafa, 0x8ea2bba2, 0x8ea2bafe,
    0x00deea, 0x8eaebad6, 0x8ea2bbac, 0x8eaebaf9, 0x8eaebaf8, 0x8ea2bba3, 0x000000, 0x8ea2bba5,
    0x8ea2baf7, 0x8ea2c2c1, 0x8ea2c2bf, 0x00e3e8, 0x00e3e6, 0x8ea2c2c9, 0x8ea2c2c0, 0x8ea2c2ca,
    0x8ea2c2c6, 0x8ea2c2be, 0x8ea2c2cc, 0x8ea2c2bd, 0x8ea2c2c4, 0x00e3e5, 0x00e3e4, 0x00e3e3,
    0x8ea2c2c2, 0x8ea2c2c7, 0x00e3e0, 0x00e3e7, 0x8eaec0e7, 0x8ea2c2bb, 0x8eaec0e6, 0x8ea2c2c5,
    0x8ea2c2ba, 0x8ea2c2c3, 0x00e3e1, 0x8ea2c2c8, 0x8ea2c2bc, 0x00e3e2, 0x8ea2c2cb, 0x8eaec0e4,
    0x8eaebaeb, 0x8eaec0ea, 0x8eaee4e8, 0x000000, 0x8eaee4e9, 0x000000, 0x8ea2c9d5, 0x00e8ca,
    0x00e8c9, 0x00e8cb, 0x8ea2c9e1, 0x8ea2c9d7, 0x8ea2c9dd, 0x8ea2c9d2, 0x8ea2c9e0, 0x8ea2c9df,
    0x8ea2c9e3, 0x8ea2c9dc, 0x00e8c6, 0x8ea2c9db, 0x00e8cc, 0x8eaec6cc, 0x8ea2c9d4, 0x00e8c7,
    0x8eaec6ca, 0x8ea2c9e2, 0x00e8c8, 0x8ea2c9d6, 0x8ea2c9d9, 0x8ea2c9de, 0x8ea2c9d8, 0x8ea2c9d3,
    0x8eaec6cf, 0x8eaec6d3, 0x000000, 0x000000, 0x8ea2c9da, 0x8ea2cffc, 0x00eccb, 0x8ea2d0a1,
    0x8ea2cffe, 0x8ea2d0a3, 0x8ea2d0a5, 0x8eaecbdc, 0x00ecc9, 0x8eaecbd8, 0x8ea2cffd, 0x8eaecbd4,
    0x8ea2cffb, 0x8eaecbde, 0x8ea2d0a6, 0x8ea2d0a4, 0x8ea2d0a2, 0x8eaecbd6, 0x8ea2d0a8, 0x8eaecbda,
    0x8ea2d0a7, 0x00eccd, 0x00ecc8, 0x8eaecbdb, 0x00ecca, 0x00eccc, 0x8eaecbdd, 0x8eaecbdf,
    0x8ea2d0a9, 0x8ea2d6e1, 0x8eaed0d0, 0x8eaed0d3, 0x8ea2d6e0, 0x8ea2d6df, 0x8eaed0d1, 0x8ea2d6e2,
    0x8ea2d6db, 0x8eaed0cf, 0x8ea2d6dc, 0x8ea2d6e4, 0x8ea2d6dd, 0x8eaed0d4, 0x00f0ce, 0x8ea2d6e6,
    0x8eaed0ce, 0x8ea2d6e5, 0x8ea2d6de, 0x8eaed0d6, 0x8ea2dcdd, 0x00f3d1, 0x8ea2dcdb, 0x8ea2dce0,
    0x8ea2dcdf, 0x8ea2d6e3, 0x8eaed4d0, 0x00f3d0, 0x8eaed4ce, 0x8ea2dcde, 0x8ea2dcda, 0x8ea2dce2,
    0x8ea2dce1, 0x00f3cf, 0x8eaed4d2, 0x8ea2dcdc, 0x8eaed4cf, 0x00f0cf, 0x8eaed4d1, 0x000000,
    0x8eaed4d3, 0x00f6c0, 0x8eaedab1, 0x8eaed7e1, 0x8eaed7de, 0x8ea2e1cd, 0x8ea2e5c6, 0x8ea2e5c7,
    0x8ea2e5c8, 0x00f9e7, 0x000000, 0x8eaedcb6, 0x00f9e8, 0x8eaedcb9, 0x8ea2e8ef, 0x8eaedcba,
    0x8ea2ebd6, 0x8ea2ebd5, 0x8eaedea9, 0x8eaedfc2, 0x8ea2edc9, 0x8ea2edca, 0x8ea2efa4, 0x8ea2f0b5,
    0x8eaee0f3, 0x00c4cd, 0x00c4ce, 0x000000, 0x00c4cf, 0x00c5b6, 0x00c6c5, 0x8ea2a2b3, 0x00c7f3,
    0x00c7f4, 0x000000, 0x00c9f7, 0x00c9f8, 0x00c9f6, 0x00c9f5, 0x000000, 0x00ccf5, 0x8eaea8c8,
    0x000000, 0x8ea2a6b6, 0x00ccf7, 0x00ccf6, 0x8ea2a6b7, 0x8eaee2dc, 0x8eaee4ea, 0x000000,
    0x00d0e6, 0x8eaeacaf, 0x00d5a1, 0x8ea2aee7, 0x000000, 0x8ea2b4f3, 0x000000, 0x00d9e9, 0x00deec,
    0x8ea2b4f2, 0x00deeb, 0x8eaec0f1, 0x00e8cd, 0x8eaec0f2, 0x8ea2c9e4, 0x00f0d0, 0x8eaed0d7,
    0x00f3d2, 0x8ea2dce3, 0x8eaedab4, 0x00f9e9, 0x8eaedcbb, 0x00fbdc, 0x8eaea1bb, 0x8ea2a1d3,
    0x8eaea2bd, 0x00c6c6, 0x8ea2a1d4, 0x00c7f7, 0x8eaea3d0, 0x00c7f5, 0x00c7f6, 0x00c7f8, 0x000000,
    0x00c9fa, 0x00c9f9, 0x8eaea5da, 0x8ea2a3dc, 0x00c9fb, 0x000000, 0x000000, 0x8ea2a3dd,
    0x8ea2a6b8, 0x8eaea8cc, 0x8ea2a6b9, 0x8eaea8ca, 0x00ccf8, 0x00ccfa, 0x00ccfc, 0x00ccf9,
    0x00ccfd, 0x00ccfb, 0x8eaea8ce, 0x8eaea8cb, 0x8eaea8cd, 0x000000, 0x000000, 0x00d0ea, 0x00d0e7,
    0x00d0e9, 0x00d0eb, 0x00d0e8, 0x8ea2aee8, 0x8ea2a9f8, 0x000000, 0x000000, 0x8eaeacb2,
    0x8ea2aeea, 0x8ea2aee9, 0x00d5a7, 0x000000, 0x00d5a3, 0x000000, 0x000000, 0x00d5a4, 0x00d5a6,
    0x00d5a8, 0x00d5a5, 0x8eaeb0d7, 0x00d5aa, 0x00d5a9, 0x000000, 0x8eaeb0d6, 0x8eaeb0d5, 0x000000,
    0x000000, 0x00d9ee, 0x8ea2b4f5, 0x8ea2b4f4, 0x00d9ed, 0x8eaeb5c1, 0x00d9ec, 0x00d9eb, 0x00d9ef,
    0x00d9ea, 0x8eaeb5bf, 0x000000, 0x8ea2bbb9, 0x8ea2bbb6, 0x00deee, 0x8ea2bbb5, 0x8ea2bbba,
    0x000000, 0x00def0, 0x8ea2bbb8, 0x00deed, 0x00deef, 0x8ea2bbb7, 0x8eaebafe, 0x8ea2c2ce,
    0x8eaec0f4, 0x8ea2c2cf, 0x8ea2c2d0, 0x8eaec0f5, 0x8eaec0f6, 0x8eaec0f3, 0x8eaee3c5, 0x00e8ce,
    0x00e8d6, 0x8ea2c9e5, 0x00e8d0, 0x00e8d4, 0x8ea2c9e6, 0x00e8d5, 0x00e8d1, 0x00e8d2, 0x00e8cf,
    0x00e8d3, 0x00ecd0, 0x8ea2bbb4, 0x00ecd1, 0x00eccf, 0x000000, 0x00ecce, 0x8ea2d6e7, 0x00f0d1,
    0x8ea2dce4, 0x8ea2dce5, 0x8eaedab5, 0x000000, 0x00f8b1, 0x00f9ea, 0x8eaedeaa, 0x00c4d0,
    0x8eaea2be, 0x00c7f9, 0x000000, 0x000000, 0x8eaea5de, 0x8eaea5dc, 0x8eaea5dd, 0x8eaea8d0,
    0x00d0ec, 0x000000, 0x8ea2aeeb, 0x00d5ab, 0x8eaeb0d8, 0x8eaeb0d9, 0x00d9f2, 0x00d9f1, 0x00d9f0,
    0x00def1, 0x00def2, 0x8ea2bbbb, 0x00e8d7, 0x00f0d2, 0x00c4d1, 0x8ea2a1bc, 0x00c5b7, 0x8ea2a1d5,
    0x8eaee2ca, 0x8eaea2bf, 0x8ea2a2b4, 0x00c7fa, 0x000000, 0x8eaea3d2, 0x8eaea8d1, 0x00ccfe,
    0x8eaeacb4, 0x000000, 0x000000, 0x8eaebba4, 0x8ea2c2d1, 0x8eaec0f8, 0x8eaee5a5, 0x00c4d2,
    0x000000, 0x00c5b8, 0x8ea2a2b5, 0x000000, 0x000000, 0x8ea2a3de, 0x000000, 0x8ea2a3df,
    0x8eaea5df, 0x00c9fc, 0x000000, 0x000000, 0x8eaeacb5, 0x8ea2bbbc, 0x00def3, 0x000000,
    0x8ea2c2d2, 0x000000, 0x000000, 0x8eaed4d4, 0x00f3d3, 0x00c4d3, 0x00c4e7, 0x00c5b9, 0x8ea2a1d6,
    0x00c6c7, 0x8eaea3d4, 0x00caa2, 0x00caa1, 0x00c9fd, 0x00c9fe, 0x000000, 0x000000, 0x8ea2a6ba,
    0x00cda2, 0x00cda3, 0x8ea2a6bb, 0x00cda1, 0x8eaea8d4, 0x8eaea8d5, 0x00d0f0, 0x8ea2a9f9,
    0x00d0ef, 0x00d0ed, 0x00d0ee, 0x00d5ae, 0x00d5ac, 0x8eaeb0da, 0x8eaeb0db, 0x8ea2aeed, 0x00d5ad,
    0x8ea2aeec, 0x8eaee4eb, 0x00d5a2, 0x8ea2b4f6, 0x000000, 0x8eaeb5c3, 0x00d9f4, 0x00d9f5,
    0x8eaebba6, 0x8eaebba5, 0x00d9f3, 0x8eaeb5c4, 0x00e8d8, 0x8ea2c9e7, 0x00ecd2, 0x00ecd3,
    0x000000, 0x8ea2d0aa, 0x00f3d4, 0x8ea2e1ce, 0x8ea2e1cf, 0x8eaedab8, 0x00fae8, 0x8ea2f0b6,
    0x8ea2a1ab, 0x00c5ba, 0x000000, 0x00c4d4, 0x000000, 0x8ea2a1d8, 0x8ea2a1d7, 0x000000, 0x000000,
    0x8eaee4ec, 0x8eaea3d5, 0x00c7fb, 0x8ea2a2b7, 0x8ea2a2b8, 0x8ea2a2b6, 0x000000, 0x8ea2a2b9,
    0x000000, 0x8eaea3da, 0x000000, 0x000000, 0x000000, 0x8eaea5e1, 0x8eaea5e6, 0x8ea2a3e7,
    0x000000, 0x8ea2a3e2, 0x8ea2a3e4, 0x8ea2a3e6, 0x8ea2a3e3, 0x00caa6, 0x8ea2a3e0, 0x8eaea5e2,
    0x8ea2a3e1, 0x00caa3, 0x00caa4, 0x8ea2a3e5, 0x8ea2a3e8, 0x00caa5, 0x8ea2a3e9, 0x000000,
    0x000000, 0x000000, 0x000000, 0x000000, 0x000000, 0x8eaea5e3, 0x8ea2a6c9, 0x8eaea8dd,
    0x8ea2a6c3, 0x8ea2a6be, 0x00cda5, 0x8ea2a6c6, 0x8ea2a6c4, 0x8ea2a6bd, 0x8ea2a6ca, 0x8ea2a6cd,
    0x8ea2a6c8, 0x8ea2a6c1, 0x00cda7, 0x8ea2a6c7, 0x00cda8, 0x8ea2a6c2, 0x8ea2a6c5, 0x8ea2a6bc,
    0x8ea2a6c0, 0x8ea2a6cc, 0x00cda9, 0x000000, 0x00cdaa, 0x8eaea8de, 0x8ea2a6bf, 0x8ea2a6cb,
    0x00cda4, 0x00cda6, 0x8eaea8dc, 0x8eaea8df, 0x8eaea8d7, 0x000000, 0x000000, 0x000000, 0x000000,
    0x8eaea8d8, 0x000000, 0x000000, 0x000000, 0x000000, 0x8ea2aaac, 0x8ea2aaa5, 0x8ea2aaab,
    0x8ea2aaa4, 0x8ea2aaa6, 0x8ea2a9fe, 0x8ea2a9fc, 0x8eaeacbf, 0x8ea2aaad, 0x8ea2aaaa, 0x8ea2a9fa,
    0x8eaeacbb, 0x00d0f2, 0x8ea2aaa8, 0x8ea2aaa9, 0x8eaee4ed, 0x8ea2aaa7, 0x8ea2a9fd, 0x8ea2a9fb,
    0x00d0f1, 0x8ea2aaa3, 0x8ea2aaa1, 0x8eaeacbc, 0x8eaeacc2, 0x8ea2aaa2, 0x8ea2aaae, 0x000000,
    0x8eaeacbe, 0x8eaeacc1, 0x000000, 0x000000, 0x8eaeacc3, 0x8eaeacbd, 0x000000, 0x00d5b3,
    0x8eaeb0e3, 0x00d5b2, 0x8eaeb0df, 0x8ea2aeee, 0x00d5af, 0x8ea2aef0, 0x8eaeb0e4, 0x00d5b4,
    0x8ea2aef1, 0x000000, 0x8eaeb0e1, 0x00d5b7, 0x8eaeb0e2, 0x00d5b5, 0x8ea2aef2, 0x8ea2aaaf,
    0x8ea2aef4, 0x8eaeb0de, 0x00d5b1, 0x8eaee2f1, 0x00d5b0, 0x8eaee2f2, 0x8ea2aeef, 0x8ea2aef3,
    0x00d5b6, 0x000000, 0x000000, 0x000000, 0x000000, 0x00d9f7, 0x00d9f6, 0x8eaeb5cb, 0x8eaeb5c8,
    0x8eaeb5c7, 0x8ea2b4f8, 0x8ea2b4fc, 0x8ea2b4fe, 0x00d9f8, 0x8ea2b5a3, 0x8eaeb5d1, 0x00d9fc,
    0x8ea2b5a5, 0x8eaeb5d2, 0x00d9fe, 0x8eaeb5cf, 0x00d9fa, 0x00daa4, 0x8eaeb5d5, 0x00daa1,
    0x8ea2b4fa, 0x00d9f9, 0x8eaebbab, 0x8ea2b4f9, 0x8ea2b4f7, 0x8ea2b5a7, 0x8ea2b4fb, 0x8eaeb5c6,
    0x00d9fb, 0x8ea2b5a6, 0x00daa2, 0x8ea2b5a2, 0x8ea2b5a1, 0x00daa3, 0x8ea2b4fd, 0x00d9fd,
    0x8eaeb5ce, 0x000000, 0x8eaeb5ca, 0x000000, 0x8ea2b5a8, 0x8eaeb5d4, 0x8ea2b5a4, 0x8ea2bbcb,
    0x8ea2bbd2, 0x8ea2bbc7, 0x00def6, 0x8ea2bbc3, 0x8ea2bbd3, 0x8ea2bbbd, 0x8ea2bbd0, 0x8ea2bbce,
    0x8ea2bbc8, 0x8eaebbb6, 0x8ea2bbd1, 0x8ea2bbca, 0x8eaebba8, 0x8ea2bbc2, 0x8ea2bbd4, 0x8ea2bbc0,
    0x8ea2bbcd, 0x8ea2bbbe, 0x8eaebba7, 0x8ea2bbd5, 0x8eaebbb7, 0x00def7, 0x8eaebbaa, 0x8ea2bbcf,
    0x8ea2c2d5, 0x8ea2bbc1, 0x00def4, 0x8eaebbae, 0x8ea2bbc5, 0x8eaebbb4, 0x00def5, 0x8ea2bbc4,
    0x8ea2bbc9, 0x8eaebbb3, 0x000000, 0x8ea2bbc6, 0x000000, 0x8eaebbb1, 0x000000, 0x8ea2bbcc,
    0x000000, 0x8eaebbad, 0x000000, 0x000000, 0x8ea2c2d9, 0x000000, 0x8eaec1a1, 0x000000,
    0x8ea2c2dc, 0x8ea2c2d4, 0x8eaec0fc, 0x8ea2c2d6, 0x8eaec0fa, 0x8ea2c2db, 0x8ea2c2da, 0x00e3e9,
    0x000000, 0x8ea2bbbf, 0x8ea2c2d8, 0x8eaec0f9, 0x8eaec0fd, 0x00e3ea, 0x000000, 0x8ea2c2d3,
    0x8ea2c2d7, 0x000000, 0x000000, 0x8eaee4ee, 0x000000, 0x8ea2c9ee, 0x8eaec6dc, 0x8ea2c9f5,
    0x8ea2c9ec, 0x8eaec6d4, 0x8ea2c9f3, 0x8ea2c9ea, 0x8ea2c9f2, 0x8ea2c9f6, 0x8ea2c9e9, 0x8ea2c9ed,
    0x8ea2c9e8, 0x8eaec6d6, 0x00e8d9, 0x000000, 0x8ea2c9eb, 0x00e8da, 0x8ea2c9f1, 0x8ea2c9f0,
    0x8ea2c9ef, 0x8eaec6d9, 0x8eaec6da, 0x8ea2c9f4, 0x8eaee4ef, 0x8eaecbe5, 0x8eaecbe6, 0x8eaecbe3,
    0x8ea2d0ae, 0x8ea2d0b0, 0x00ecd5, 0x8ea2d0b1, 0x8eaecbeb, 0x8ea2d0ac, 0x8eaecbe7, 0x8ea2d0ab,
    0x8ea2d0b5, 0x8eaecbe9, 0x8ea2d0b3, 0x00ecd4, 0x8ea2d0b6, 0x8ea2d0ad, 0x8ea2d0b2, 0x8ea2d0b4,
    0x8ea2d0af, 0x8eaecbea, 0x8eaecbe8, 0x8eaee4f0, 0x8eaed0d8, 0x8ea2d6eb, 0x8ea2d6f0, 0x8ea2d6ea,
    0x8ea2d6ef, 0x8eaed0db, 0x8ea2d6e8, 0x8ea2d6f2, 0x8ea2d6ee, 0x8ea2d6f3, 0x8ea2d6ed, 0x8ea2d6e9,
    0x8ea2d6f1, 0x8eaed0da, 0x8ea2d6f4, 0x8ea2d6ec, 0x8eaee4f1, 0x8ea2dce6, 0x00f3d8, 0x8eaed4d7,
    0x00f3d6, 0x8eaed4d9, 0x00f3d5, 0x00f3d7, 0x8eaed4d5, 0x8eaee4f2, 0x8ea2e1d0, 0x8eaed7e2,
    0x8ea2e4be, 0x8ea2e5c9, 0x8eaedab9, 0x000000, 0x8ea2e8f0, 0x8ea2e8f1, 0x8eaedcbd, 0x00f9eb,
    0x8eaedcbc, 0x8ea2ebd7, 0x8eaedcbe, 0x00fae9, 0x000000, 0x8ea2ebd8, 0x8eaedead, 0x8ea2edcc,
    0x00fbde, 0x8eaedfc3, 0x00fbdd, 0x8ea2edcb, 0x00fcb5, 0x8eaee0b0, 0x8ea2efa5, 0x000000,
    0x000000, 0x8eaea1bc, 0x000000, 0x00c4d5, 0x00c7fc, 0x8ea2a2ba, 0x8ea2a3ea, 0x00cbd6, 0x00daa5,
    0x8eaeb5d7, 0x8eaecbec, 0x00c4d6, 0x00c6ca, 0x00c6c9, 0x00c6c8, 0x000000, 0x000000, 0x00caa7,
    0x000000, 0x000000, 0x00d5b8, 0x000000, 0x8ea2c2dd, 0x00c4d7, 0x00c4d8, 0x00c4d9, 0x00c5bb,
    0x8eaea5e7, 0x8eaea8e0, 0x00d0f3, 0x000000, 0x8ea2aab0, 0x8eaeacc5, 0x8eaeacc4, 0x000000,
    0x00def8, 0x00c4da, 0x8ea2a1bd, 0x8eaea1e3, 0x000000, 0x00c6cb, 0x00c6cc, 0x8ea2a1d9, 0x000000,
    0x00c7fd, 0x000000, 0x8eaea3dc, 0x8eaea5e8, 0x8ea2a3eb, 0x8eaea5eb, 0x00caa8, 0x000000,
    0x8ea2a3ec, 0x000000, 0x000000, 0x00cdb0, 0x8eaea8e2, 0x8eaea8e1, 0x8ea2a6cf, 0x00cdae,
    0x00cdad, 0x8ea2a6ce, 0x00cdab, 0x8ea2a6d0, 0x00cdac, 0x00cdaf, 0x000000, 0x00d0f4, 0x8eaeacc6,
    0x00d0f6, 0x8ea2aab4, 0x8ea2aab1, 0x8ea2aab2, 0x8ea2aab3, 0x8ea2aab5, 0x00d0f5, 0x000000,
    0x000000, 0x8ea2aef6, 0x8ea2aef5, 0x8eaeb0e6, 0x00d5ba, 0x8eaeb0e9, 0x00d5b9, 0x8eaeb0e8,
    0x8eaeb0ea, 0x8eaeb0e7, 0x000000, 0x8eaeb5db, 0x00daa8, 0x8ea2b5aa, 0x8eaeb5d9, 0x00daa7,
    0x00daa9, 0x00daa6, 0x8eaeb5d8, 0x8eaeb5da, 0x000000, 0x000000, 0x00defa, 0x8ea2b5a9, 0x000000,
    0x00defb, 0x8ea2bbd7, 0x8eaeb9f9, 0x00defc, 0x8ea2bbd6, 0x00def9, 0x8eaebbba, 0x8eaebbbb,
    0x8eaebbbd, 0x000000, 0x8ea2c2e0, 0x8ea2c2e2, 0x00e3eb, 0x8ea2c2e1, 0x8ea2c2df, 0x8ea2c2de,
    0x000000, 0x000000, 0x8eaec6dd, 0x8ea2c9f9, 0x00e8df, 0x00e8dd, 0x000000, 0x00e8de, 0x8ea2c9f7,
    0x8ea2c9f8, 0x8eaecbed, 0x00e8db, 0x8ea2d0ba, 0x8ea2d0b8, 0x8eaecbf0, 0x00ecd7, 0x8ea2d0b9,
    0x00ecd8, 0x00ecd6, 0x00e8dc, 0x000000, 0x8eaee4f3, 0x8ea2d6f7, 0x8ea2d6f5, 0x8ea2d6f6,
    0x8ea2d0b7, 0x8ea2dce8, 0x00f3d9, 0x8ea2dce7, 0x8ea2e1d1, 0x8ea2e1d2, 0x8ea2d6f8, 0x8ea2e5ca,
    0x8eaee6f7, 0x00c4db, 0x00c6cd, 0x00c8a1, 0x8ea2a2bb, 0x00c7fe, 0x8eaea8e3, 0x00cdb1, 0x00e3ec,
    0x8eaea1bd, 0x00c5bc, 0x00c6ce, 0x00d0f7, 0x00defd, 0x8eaea1be, 0x8ea2a1da, 0x8eaea2c7,
    0x8ea2a1db, 0x8eaea2c8, 0x8ea2a2bc, 0x8eaee6f8, 0x000000, 0x00caaa, 0x8ea2a3f0, 0x8ea2a3ee,
    0x00caab, 0x8ea2a3ed, 0x8ea2a3ef, 0x8ea2a3f1, 0x000000, 0x00caa9, 0x8eaea5ee, 0x000000,
    0x8eaea5ed, 0x000000, 0x000000, 0x00cdb5, 0x00cdb6, 0x00cdb3, 0x8eaea8e5, 0x8eaea8e7, 0x00cdb2,
    0x8ea2aab9, 0x00cdb4, 0x8eaea8e8, 0x000000, 0x000000, 0x00d0f8, 0x8eaeacc8, 0x8ea2aab8,
    0x8ea2aaba, 0x8ea2aab7, 0x8ea2aabb, 0x00d0f9, 0x00d5bd, 0x8ea2aef7, 0x8eaeb0ec, 0x8ea2aef9,
    0x00d5bb, 0x8ea2aefa, 0x00d5bc, 0x8ea2aef8, 0x8eaeb0eb, 0x8ea2aab6, 0x8ea2b5ab, 0x8ea2b5ae,
    0x8ea2b5af, 0x8ea2b5ac, 0x00daad, 0x00daac, 0x00daaa, 0x00daab, 0x8ea2b5ad, 0x8eaeb5e1,
    0x8eaeb5e0, 0x000000, 0x8eaebbbf, 0x00daae, 0x8eaebbc0, 0x8eaebbbe, 0x00dfa1, 0x00dfa2,
    0x000000, 0x00dfa3, 0x8ea2c2e3, 0x8ea2c2e5, 0x8ea2c2e7, 0x00e3ee, 0x00e3ed, 0x00defe,
    0x8ea2c2e6, 0x8ea2c2e4, 0x8eaee4f4, 0x8ea2c9fd, 0x8eaec6e1, 0x8eaec6e0, 0x8ea2c9fb, 0x8ea2caa3,
    0x00e8e0, 0x8ea2caa4, 0x8ea2caa1, 0x00e8e1, 0x8ea2c9fc, 0x8ea2c9fa, 0x8ea2caa2, 0x00ecda,
    0x8ea2d0bc, 0x8ea2c9fe, 0x00ecdc, 0x8ea2d0bd, 0x00ecdb, 0x00ecde, 0x8ea2d0be, 0x00ecd9,
    0x00ecdd, 0x000000, 0x8ea2d6fd, 0x8ea2d6fb, 0x8ea2d6fa, 0x8ea2d6fc, 0x8ea2d6f9, 0x8eaed0dc,
    0x000000, 0x00f8b3, 0x8eaee4f5, 0x8ea2e8f2, 0x8ea2e8f3, 0x8eaedcbf, 0x8ea2ebd9, 0x8ea2edcd,
    0x00fda2, 0x8eaea1bf, 0x8eaea3e1, 0x00cdb7, 0x00caac, 0x8eaea8e9, 0x8eaea8eb, 0x00d0fa,
    0x8eaeaccc, 0x8eaeaccb, 0x8eaeb0ee, 0x00c4dc, 0x00c5bd, 0x000000, 0x00c6cf, 0x8ea2a2bd,
    0x8eaea5ef, 0x00caad, 0x8ea2a3f2, 0x8eaea8ed, 0x8ea2aabc, 0x00d0fb, 0x000000, 0x00e8e2,
    0x00c4dd, 0x8eaea1e4, 0x8eaea2c9, 0x8eaea3e2, 0x00c8a2, 0x000000, 0x8eaebbc2, 0x00e3ef,
    0x00c4de, 0x00c5be, 0x00c5bf, 0x000000, 0x00c6d1, 0x00c6d0, 0x000000, 0x8ea2a2be, 0x00c8a3,
    0x000000, 0x8ea2a3f3, 0x8eaea5f1, 0x00caae, 0x000000, 0x8eaea8ee, 0x8ea2a6d2, 0x8ea2a6d3,
    0x8ea2a6d4, 0x8eaea8f0, 0x00cdb8, 0x00cdb9, 0x8ea2a6d1, 0x00cdba, 0x000000, 0x000000, 0x000000,
    0x00d0fc, 0x8ea2aabd, 0x8eaeaccd, 0x8ea2aefc, 0x00d5be, 0x8eaeb0ef, 0x8ea2aefb, 0x8eaeb5e2,
    0x00daaf, 0x8ea2b5b0, 0x00dab0, 0x8ea2b5b1, 0x8eaeb5e3, 0x8eaebbc7, 0x8eaebbc5, 0x00dfa4,
    0x000000, 0x8eaebbc4, 0x000000, 0x8ea2c2e8, 0x000000, 0x8eaec1a2, 0x8ea2caa6, 0x8ea2caa5,
    0x000000, 0x00e8e3, 0x000000, 0x00ecdf, 0x8ea2d0bf, 0x00f0d3, 0x8ea2d6fe, 0x00f3da, 0x8eaed7e3,
    0x00fbdf, 0x8ea2efa7, 0x8eaea1c0, 0x8eaea1c1, 0x8eaea2ca, 0x8eaea3d1, 0x8ea2a6d5, 0x8eaea8f1,
    0x8ea2aabe, 0x00dab1, 0x8ea2bbd8, 0x00e3f0, 0x8eaec1a3, 0x8eaed0de, 0x000000, 0x8eaed7e4,
    0x00f6c1, 0x000000, 0x8eaee1e4, 0x8eaea1c2, 0x00cab0, 0x8eaea5f2, 0x00caaf, 0x00d0fd,
    0x8eaeacd0, 0x8ea2aefd, 0x000000, 0x00dab3, 0x00dda9, 0x00dab4, 0x00dab2, 0x00dfa5, 0x8eaec1a4,
    0x8ea2caa7, 0x00e8e4, 0x00ece0, 0x8eaedfc5, 0x8ea2a1ac, 0x8ea2a2bf, 0x000000, 0x8ea2a3f5,
    0x00cab1, 0x8ea2a3f4, 0x00cab2, 0x000000, 0x000000, 0x00cdbe, 0x8ea2a6d8, 0x8ea2a6d7, 0x00cdbd,
    0x00cdbb, 0x00cdbc, 0x8ea2a6d6, 0x8eaea8f6, 0x8eaea8f5, 0x00d1a1, 0x8ea2aabf, 0x00d1a4,
    0x00d0fe, 0x00d1a6, 0x00d1a2, 0x00d1a3, 0x00d1a5, 0x8eaee2e4, 0x8eaeb0f0, 0x8eaeb0f2, 0x00d5c1,
    0x00d5c0, 0x00d5bf, 0x8eaeb0f1, 0x8eaee4f6, 0x000000, 0x8ea2b5b3, 0x00dab5, 0x00dab8, 0x00dab6,
    0x8eaee4f7, 0x8ea2b5b2, 0x00dabb, 0x000000, 0x00dab7, 0x8ea2b5b4, 0x00daba, 0x00dab9, 0x000000,
    0x000000, 0x000000, 0x8ea2bbda, 0x8ea2bbd9, 0x8eaebbcb, 0x00dfa8, 0x00dfa6, 0x00dfa7,
    0x8ea2bbdb, 0x00e3f1, 0x8ea2c2ea, 0x00e3f2, 0x8ea2c2e9, 0x000000, 0x000000, 0x8ea2d0c0,
    0x8eaec6e3, 0x8eaec6e4, 0x00ece2, 0x8ea2caa8, 0x00ece1, 0x8eaecbf2, 0x00e8e5, 0x8eaee4f8,
    0x8ea2d7a2, 0x8ea2d7a1, 0x00f3db, 0x8ea2dce9, 0x8ea2e5cb, 0x8ea2e8f4, 0x8ea2e8f5, 0x8eaedeaf,
    0x00c5c0, 0x000000, 0x00c6d2, 0x000000, 0x8eaea2cd, 0x8eaee2d1, 0x8ea2a1dc, 0x8eaea2cc,
    0x000000, 0x00cab4, 0x00cab6, 0x8eaea5f8, 0x8ea2a2c2, 0x8ea2a3f8, 0x8ea2a3f7, 0x8ea2a3f6,
    0x8eaea3e6, 0x8ea2a2c1, 0x8ea2a2c0, 0x00c8a5, 0x00cab5, 0x00cab3, 0x00c8a4, 0x8eaea3e7,
    0x8eaea3e9, 0x8eaea5f7, 0x00cdbf, 0x8ea2a6d9, 0x8eaea5fb, 0x00cdc0, 0x8ea2a3fd, 0x000000,
    0x8ea2a4a1, 0x8ea2a3fe, 0x8ea2a6da, 0x8eaea5f6, 0x8eaea5f4, 0x8ea2a3fa, 0x8eaea8fe, 0x00caba,
    0x00cab8, 0x8eaea5fc, 0x8ea2a3f9, 0x8ea2a3fb, 0x8ea2a4a3, 0x8eaea6a2, 0x00cab7, 0x8eaea6a1,
    0x8ea2a3fc, 0x8ea2a4a7, 0x00cdc2, 0x8eaea5fd, 0x8ea2a4a4, 0x00cab9, 0x8eaea6a3, 0x8ea2a4a2,
    0x8ea2a4a5, 0x8eaea5fa, 0x00cdc1, 0x8eaea5f5, 0x00cdc3, 0x8ea2a4a6, 0x000000, 0x000000,
    0x000000, 0x000000, 0x000000, 0x000000, 0x8eaea8f8, 0x8eaea9a2, 0x8ea2a6ee, 0x8ea2a6e1,
    0x8ea2a6df, 0x8ea2a6ed, 0x8ea2a6e8, 0x00d1ab, 0x00cdc4, 0x8ea2a6e9, 0x8ea2a6ec, 0x00d1a7,
    0x8ea2a6eb, 0x00cdc5, 0x00cdca, 0x00cdc8, 0x8ea2a6e2, 0x8eaee2e6, 0x8ea2a6dd, 0x8ea2a6e4,
    0x00cdcf, 0x8ea2a6ef, 0x00d1a8, 0x8ea2a6e5, 0x000000, 0x00d1a9, 0x00cdcb, 0x8ea2a6e7,
    0x8eaeacda, 0x8ea2aace, 0x00d1aa, 0x8ea2a6dc, 0x00cdcc, 0x00d1ac, 0x00cdcd, 0x00cdc9, 0x00cdce,
    0x8ea2a6e6, 0x8ea2a6db, 0x8ea2a6ea, 0x00cdc6, 0x8eaea8f7, 0x8eaeacdb, 0x8ea2a6de, 0x8ea2a6e3,
    0x8ea2a6e0, 0x00cdc7, 0x8eaea8fa, 0x8ea2aac0, 0x000000, 0x8ea2aac1, 0x000000, 0x000000,
    0x000000, 0x8eaea9a1, 0x000000, 0x000000, 0x8ea2aacb, 0x8ea2afa3, 0x8ea2aacc, 0x00d1b2,
    0x8ea2aacf, 0x8ea2aac5, 0x00d1b1, 0x8ea2aac7, 0x8eaee2e7, 0x8ea2aac8, 0x8eaeace0, 0x8eaeb0f9,
    0x8ea2aaca, 0x00d1ad, 0x8eaeacd6, 0x8eaeb0f3, 0x00d5c5, 0x8eaeacd7, 0x8eaeacdd, 0x8ea2aac6,
    0x8ea2aac2, 0x00d5c6, 0x8eaeb0fe, 0x000000, 0x8ea2aad0, 0x00d5c2, 0x8ea2afa1, 0x8ea2aac9,
    0x8eaeacd4, 0x8ea2aefe, 0x8ea2aac4, 0x8ea2aacd, 0x8eaeacdf, 0x8eaeace1, 0x00d1b0, 0x00d5c3,
    0x00d1b6, 0x00d5c4, 0x8ea2aad1, 0x8ea2afa2, 0x00d1af, 0x00d5c8, 0x00d1b5, 0x00d1b4, 0x00d1b3,
    0x00d5c7, 0x8ea2aad2, 0x00d5c9, 0x00d1ae, 0x000000, 0x8ea2aac3, 0x8eaeb0fa, 0x8eaeb0f8,
    0x8eaeb0fb, 0x000000, 0x000000, 0x000000, 0x000000, 0x000000, 0x000000, 0x8eaeacdc, 0x000000,
    0x8eaeb0f6, 0x00dabc, 0x8ea2afa6, 0x8ea2afa8, 0x000000, 0x8ea2afaa, 0x00d5ca, 0x00d5d0,
    0x8ea2b5b7, 0x8ea2afae, 0x8ea2afa5, 0x00dabe, 0x8ea2b5b5, 0x8eaeb1a2, 0x00d5cf, 0x00d5cd,
    0x8ea2afb0, 0x000000, 0x8ea2b5b6, 0x000000, 0x8ea2afa7, 0x8eaeb1a5, 0x00d5ce, 0x8ea2afab,
    0x00d5d1, 0x8ea2afad, 0x8eaeb5e8, 0x8eaeb0f4, 0x00d5cc, 0x8ea2afac, 0x8ea2afaf, 0x8ea2afa9,
    0x8eaeb1a7, 0x00d5cb, 0x00dabf, 0x8eaeb5f1, 0x8ea2afa4, 0x00dabd, 0x8eaeb5f2, 0x000000,
    0x8eaeb1a3, 0x8eaeb1a8, 0x00dac0, 0x8eaeb1a1, 0x8eaeb5ef, 0x000000, 0x000000, 0x000000,
    0x8eaeb1a6, 0x000000, 0x8ea2b5b9, 0x8ea2b5c2, 0x00dfab, 0x8eaebbd4, 0x00dac2, 0x00dac7,
    0x00dfac, 0x8ea2b5c4, 0x00dace, 0x8ea2bbdd, 0x8ea2b5ba, 0x00dac6, 0x00dac9, 0x00dac4,
    0x8ea2b5b8, 0x8ea2b5c6, 0x8ea2b5c9, 0x8ea2bbec, 0x000000, 0x8ea2b5c7, 0x8ea2bbe1, 0x00dac5,
    0x00dacc, 0x00dad0, 0x8ea2b5c1, 0x8ea2bbdc, 0x8ea2b5c5, 0x00dac1, 0x8ea2bbde, 0x8ea2b5c8,
    0x8ea2bbe0, 0x8ea2b5bd, 0x8eaeb5ea, 0x00dfa9, 0x8eaebbd6, 0x8ea2b5bb, 0x8ea2b5bc, 0x00dacb,
    0x8eaebbd5, 0x8eaeb5ee, 0x00daca, 0x8ea2b5bf, 0x00dacf, 0x8ea2b5c3, 0x00dac8, 0x8ea2b5c0,
    0x8eaeb5f9, 0x00dacd, 0x00dfad, 0x00dfaa, 0x8ea2bbdf, 0x8eaebbd8, 0x8ea2b5be, 0x8eaebbd9,
    0x00dac3, 0x8eaeb5f6, 0x000000, 0x8eaebbda, 0x8eaebbcd, 0x000000, 0x000000, 0x000000,
    0x8eaeb5f4, 0x000000, 0x00dfb2, 0x00dfb6, 0x8ea2bbe3, 0x00e3f7, 0x00dfb4, 0x8ea2bbe7, 0x00dfb8,
    0x8ea2c2eb, 0x8ea2bbe9, 0x00e3f9, 0x00dfb0, 0x00dfb3, 0x8ea2bbea, 0x8eaebbde, 0x8ea2bbeb,
    0x8ea2bbf1, 0x00dfba, 0x00e3fa, 0x000000, 0x8ea2bbed, 0x8ea2bbf2, 0x8ea2bbe6, 0x00e4a6,
    0x8eaebbcf, 0x00e3fb, 0x00dfb9, 0x8ea2bbe4, 0x8ea2bbf3, 0x8eaebbd1, 0x00e4a5, 0x00dfb7,
    0x00e3f4, 0x8ea2bbf0, 0x8eaebbdd, 0x00dfbb, 0x8ea2bbe8, 0x8ea2bbe2, 0x00dfb1, 0x8ea2bbe5,
    0x000000, 0x8ea2bbee, 0x8eaec1ab, 0x00e3f3, 0x00e3f8, 0x00dfae, 0x8ea2bbef, 0x8eaebbe1,
    0x00e3f6, 0x8eaebbe2, 0x8eaebbe3, 0x8eaebbd0, 0x00dfaf, 0x000000, 0x8eaee4f9, 0x000000,
    0x00e4a4, 0x8ea2caaa, 0x8ea2c2f6, 0x8eaec1a9, 0x8ea2c2ee, 0x8ea2caa9, 0x000000, 0x8ea2c2f2,
    0x8ea2c2f4, 0x8eaec1a7, 0x8eaec1ac, 0x8ea2c2f1, 0x8eaec6ef, 0x00e4a3, 0x000000, 0x8ea2c2f0,
    0x00e4a7, 0x8eaec6ee, 0x000000, 0x8eaec1a8, 0x8ea2cab9, 0x8eaec6ec, 0x8eaec1ae, 0x00e4a2,
    0x00e8e7, 0x8ea2c2f7, 0x8ea2caab, 0x8eaec6ed, 0x8eaec1aa, 0x00e3fe, 0x8ea2c2ef, 0x8ea2c2f3,
    0x00e8e6, 0x00e3f5, 0x8ea2c2ec, 0x8ea2c2ed, 0x00e8e8, 0x00e3fd, 0x00e4a1, 0x00e3fc, 0x8ea2c2f5,
    0x8eaee4fa, 0x000000, 0x8ea2caaf, 0x8ea2cab0, 0x8ea2cab5, 0x00ece7, 0x8ea2cabc, 0x8eaecbf3,
    0x00e8ee, 0x8eaecbfe, 0x00e8ed, 0x8ea2cab7, 0x8eaecbf4, 0x00ece6, 0x8ea2caac, 0x00e8ec,
    0x8eaec6f1, 0x8ea2cabb, 0x00e8ea, 0x00e8eb, 0x8eaecbfc, 0x8ea2cab8, 0x8ea2d0d1, 0x00ece4,
    0x00dfb5, 0x8eaec6f2, 0x8ea2caba, 0x00eceb, 0x8ea2cab2, 0x000000, 0x00ece5, 0x8eaec6ea,
    0x00ecea, 0x8ea2caad, 0x8ea2cab1, 0x8ea2caae, 0x8ea2cab4, 0x00e8ef, 0x00ece3, 0x00e8e9,
    0x8eaecca1, 0x8ea2d0c3, 0x8ea2cab6, 0x8eaec6e8, 0x00ece9, 0x8eaec6f3, 0x00ecec, 0x000000,
    0x8ea2cab3, 0x8eaec6eb, 0x00ece8, 0x8ea2d0c2, 0x000000, 0x8eaecca3, 0x8eaec6f4, 0x8eaecca4,
    0x8eaecbf7, 0x8ea2d0c7, 0x00f0d7, 0x8ea2d0c1, 0x8ea2d7ae, 0x8ea2d0d0, 0x00ecf0, 0x8eaecbfa,
    0x00ecee, 0x00f0d5, 0x8ea2d0cd, 0x8ea2d0c9, 0x00ecf4, 0x8eaecbf6, 0x8ea2d7a5, 0x8eaed0e8,
    0x8eaecca8, 0x8eaed0e7, 0x00ecf2, 0x8ea2d0c8, 0x8eaecca9, 0x8ea2d7a3, 0x8eaecca5, 0x8ea2d0cc,
    0x000000, 0x8ea2d0cf, 0x8ea2d0c6, 0x8eaecbf9, 0x00ecf3, 0x000000, 0x8eaecbf5, 0x00eced,
    0x8ea2d7a4, 0x00f0d6, 0x8ea2d0ce, 0x00ecef, 0x00ecf1, 0x8ea2d0cb, 0x00ecf5, 0x8ea2d0ca,
    0x8ea2d0c5, 0x8ea2d0c4, 0x00f0d4, 0x8ea2d0d2, 0x8ea2d7a7, 0x8ea2dceb, 0x00f0d9, 0x8eaed0e1,
    0x8ea2d7ad, 0x8eaed0e3, 0x8ea2d7ab, 0x8eaed0ea, 0x8ea2dcec, 0x8eaed0e4, 0x00f0da, 0x8ea2d7ac,
    0x8eaed0e6, 0x8ea2d7a9, 0x00f3dd, 0x8ea2dcea, 0x8eaed0ec, 0x8ea2d7a6, 0x8ea2d7a8, 0x00f3de,
    0x00f0dc, 0x00f3dc, 0x00f0db, 0x00f3e0, 0x8ea2d7aa, 0x00f0d8, 0x8eaed0e2, 0x8eaed0e5,
    0x8eaed0eb, 0x000000, 0x000000, 0x8eaee6f9, 0x000000, 0x000000, 0x8ea2e1db, 0x000000,
    0x8ea2e1d3, 0x8eaed4e1, 0x8eaed4df, 0x8eaed4dc, 0x8eaed4de, 0x8eaed4dd, 0x8ea2dcf2, 0x8ea2e1d4,
    0x8ea2dcee, 0x000000, 0x8eaed4db, 0x00f6c2, 0x8ea2dcf0, 0x8ea2dcef, 0x00f3df, 0x8ea2dced,
    0x8ea2dcf1, 0x8ea2e1dc, 0x8ea2e1d8, 0x8ea2e1da, 0x000000, 0x8ea2e1d5, 0x8ea2e1d6, 0x000000,
    0x8ea2e1d9, 0x8ea2e1d7, 0x00f8b4, 0x8eaed7e5, 0x000000, 0x00f8b7, 0x00f8b6, 0x00f8b5, 0x00f9ec,
    0x8ea2e8f6, 0x00f9ed, 0x8ea2e5cc, 0x00faea, 0x8ea2ebda, 0x00faeb, 0x00fbe0, 0x00fcb6,
    0x8ea2efa8, 0x8eaedfc6, 0x8ea2efa9, 0x8ea2efaa, 0x8eaee1be, 0x000000, 0x8ea2f2aa, 0x00c5c1,
    0x8ea2a1dd, 0x00c6d3, 0x000000, 0x00c8a7, 0x00c8a8, 0x00c8a6, 0x8eaea3eb, 0x00c8a9, 0x00cabc,
    0x00cabb, 0x8eaea6a5, 0x8ea2a6f0, 0x00cdd1, 0x00cdd0, 0x000000, 0x8eaeace3, 0x8ea2afb1,
    0x00dad1, 0x00dad2, 0x000000, 0x000000, 0x8eaebbe4, 0x00dfbc, 0x8ea2c2f8, 0x00e4a8, 0x00e4a9,
    0x8ea2c2fa, 0x8ea2c2fc, 0x8ea2c2fb, 0x000000, 0x8ea2cabe, 0x8eaec6f6, 0x8ea2cabd, 0x00e8f0,
    0x8ea2cabf, 0x8eaec6f5, 0x8ea2d0d3, 0x00ecf6, 0x8eaeccac, 0x00f0dd, 0x8eaed0ed, 0x00f3e1,
    0x00f6c3, 0x00f3e2, 0x8eaedfc8, 0x00c5c2, 0x8eaea1e5, 0x8eaea1e6, 0x8eaea2ce, 0x8ea2a4a8,
    0x8eaea6a8, 0x8eaea6a9, 0x8ea2a6f1, 0x00cdd3, 0x00cdd2, 0x00cdd4, 0x00d1b7, 0x8ea2aad3,
    0x8ea2aad4, 0x000000, 0x8eaeb1a9, 0x8ea2afb2, 0x00d5d2, 0x00dad3, 0x00dfbd, 0x8ea2bbf4,
    0x00c5c3, 0x000000, 0x00c4df, 0x00c5c4, 0x8eaea2d0, 0x8ea2a1de, 0x00c6d7, 0x00c6d6, 0x00c6d4,
    0x00c6d5, 0x000000, 0x000000, 0x8eaea3ef, 0x00c8ac, 0x8ea2a2c9, 0x8ea2a2cb, 0x00c8ab,
    0x8ea2a2c3, 0x8eaea3ec, 0x8ea2a2c4, 0x8eaea3ed, 0x8ea2a2ca, 0x8ea2a2c6, 0x8ea2a2c8, 0x00c8aa,
    0x8ea2a2c5, 0x8ea2a2cc, 0x8ea2a2c7, 0x8eaea3ee, 0x000000, 0x000000, 0x000000, 0x000000,
    0x000000, 0x00cac3, 0x00cacc, 0x00caca, 0x8ea2a4b2, 0x8ea2a4af, 0x8ea2a4b7, 0x00cac8,
    0x8ea2a4b8, 0x8eaea6b9, 0x00cac1, 0x8ea2a4b5, 0x8eaea6ae, 0x00cac7, 0x8ea2a4b1, 0x8ea2a4b0,
    0x00cac5, 0x8ea2a4b6, 0x00cac6, 0x00cdd5, 0x00cac0, 0x8ea2a4b3, 0x8eaea6aa, 0x8ea2a4a9,
    0x00cabd, 0x8eaea6b7, 0x00cad0, 0x8ea2a4ae, 0x8ea2a4b4, 0x00cac2, 0x00cac4, 0x8eaea6af,
    0x8ea2a4aa, 0x8eaea6b6, 0x8ea2a4ab, 0x8ea2a4ac, 0x000000, 0x00cacf, 0x00cac9, 0x00cace,
    0x8ea2a4ad, 0x00cacd, 0x00cabf, 0x00cabe, 0x00cacb, 0x8eaea6b5, 0x000000, 0x8eaea6b3,
    0x8eaea6b4, 0x8eaea6b8, 0x8eaea6b1, 0x000000, 0x000000, 0x000000, 0x000000, 0x8eaee4fb,
    0x000000, 0x8eaea6b2, 0x8eaea9b1, 0x8eaea9aa, 0x00cde3, 0x8ea2a6fd, 0x8ea2a6f6, 0x00cdde,
    0x00cdf1, 0x8ea2a6f2, 0x8ea2a6f9, 0x8ea2a6fb, 0x8ea2a6fe, 0x00cdec, 0x8eaea9a6, 0x8ea2a6fa,
    0x8ea2a6f3, 0x00cdea, 0x8ea2a6f7, 0x8eaea9a8, 0x8ea2a7a1, 0x00cddb, 0x8eaea9a5, 0x8ea2a6fc,
    0x00cde5, 0x00cde4, 0x8ea2a6f5, 0x00cdd9, 0x8eaea9b4, 0x8eaea9b2, 0x00cdda, 0x000000, 0x00cdd8,
    0x8eaea9b3, 0x00cdf0, 0x00cde8, 0x00cde2, 0x00cdd6, 0x8ea2a6f8, 0x00cde1, 0x00cdd7, 0x00cde9,
    0x00cdf2, 0x8ea2aad5, 0x00cde6, 0x8ea2a6f4, 0x00cddc, 0x00cddf, 0x00cde0, 0x8eaea9ae, 0x00cdee,
    0x00cdef, 0x00cded, 0x00cde7, 0x00cdeb, 0x00cddd, 0x00d1b8, 0x8eaea9b0, 0x8eaea9b7, 0x8eaea9b5,
    0x8eaea9b6, 0x8eaea9af, 0x000000, 0x000000, 0x8eaea9a9, 0x000000, 0x000000, 0x000000, 0x000000,
    0x000000, 0x8eaeaced, 0x8ea2aadb, 0x00d1c4, 0x00d1bc, 0x00d1be, 0x00d1c3, 0x8ea2aae7, 0x00d1c1,
    0x8ea2afb3, 0x00d5d3, 0x00d1c6, 0x8ea2aad8, 0x8ea2aae0, 0x00d1c2, 0x8ea2aadf, 0x8ea2aadc,
    0x8ea2aae4, 0x8ea2aae6, 0x00d1bb, 0x00d1bf, 0x00d1c5, 0x00d5d5, 0x8ea2aae1, 0x00d1bd, 0x00d1c8,
    0x8ea2aada, 0x8eaeacef, 0x8eaeacf0, 0x000000, 0x00d1c0, 0x00d5d4, 0x00d1ba, 0x000000,
    0x8ea2aad7, 0x8ea2aade, 0x8ea2aad6, 0x8ea2aad9, 0x8ea2aadd, 0x8ea2afb4, 0x00d1c7, 0x000000,
    0x8ea2aae2, 0x8ea2aae3, 0x8ea2aae5, 0x00d1b9, 0x8eaeacec, 0x000000, 0x8eaeb1b2, 0x000000,
    0x8eaeb1b3, 0x000000, 0x000000, 0x000000, 0x8eaeaceb, 0x000000, 0x8eaeacee, 0x000000, 0x000000,
    0x000000, 0x000000, 0x000000, 0x000000, 0x00d5e3, 0x8ea2afc0, 0x00d5e1, 0x00d5e2, 0x8ea2afb6,
    0x8ea2afc6, 0x8eaeb1ac, 0x00d5d8, 0x8eaeb1af, 0x8eaeb1b5, 0x8ea2b5ca, 0x8ea2afc8, 0x8ea2afc2,
    0x8eaeb1b8, 0x8ea2afb9, 0x8eaeb1b7, 0x8ea2afcb, 0x8ea2afbc, 0x00d5de, 0x8ea2b5e1, 0x8ea2afbf,
    0x00d5e0, 0x00d5d7, 0x8eaeb1bc, 0x8ea2afcd, 0x8ea2afc1, 0x00d5da, 0x8ea2afba, 0x8ea2afb7,
    0x8ea2afb8, 0x00d5db, 0x8ea2afc7, 0x8ea2afce, 0x00d5dd, 0x8ea2afbe, 0x8ea2afbd, 0x00d5e5,
    0x00d5e4, 0x00d5d6, 0x00d5dc, 0x00d5df, 0x8ea2afca, 0x8eaeb1ae, 0x8eaeb1b9, 0x8ea2afc4,
    0x00d5d9, 0x8ea2afb5, 0x8ea2afcc, 0x8ea2afc3, 0x8ea2afc5, 0x8ea2afc9, 0x8eaeb1b0, 0x8eaeb1bb,
    0x8eaeb1b6, 0x000000, 0x000000, 0x8eaee4fc, 0x000000, 0x000000, 0x000000, 0x8eaee4fd,
    0x8ea2b5cb, 0x8eaeb6b1, 0x00dadb, 0x00daef, 0x00daee, 0x8eaeb6a7, 0x00dae3, 0x8eaeb6a9,
    0x8ea2b5dd, 0x8ea2b5d9, 0x8ea2b5d6, 0x8ea2b5e8, 0x00dade, 0x00dad6, 0x8eaeb6a6, 0x8eaeb6b2,
    0x8ea2b5db, 0x00dfcd, 0x00dada, 0x8ea2b5e3, 0x8eaeb6a2, 0x00daf0, 0x00daed, 0x8ea2b5df,
    0x8ea2b5ce, 0x8eaeb5fc, 0x8eaeb6ab, 0x00daec, 0x8ea2b5e5, 0x8ea2b5cd, 0x00dae1, 0x00dae5,
    0x8ea2b5e4, 0x8eaeb6a3, 0x8ea2b5d7, 0x00dae6, 0x00dae0, 0x8ea2b5cc, 0x8eaeb5fd, 0x00dfbf,
    0x8ea2b5e7, 0x8ea2b5d5, 0x00daeb, 0x8ea2b5d8, 0x8ea2b5e6, 0x00daea, 0x8eaeb6a4, 0x8ea2bbf5,
    0x000000, 0x00dad7, 0x8ea2b5d3, 0x00dadc, 0x00dae7, 0x000000, 0x00dae2, 0x8ea2b5dc, 0x8ea2b5d2,
    0x8ea2b5d0, 0x8ea2b5e2, 0x00dad4, 0x00dae8, 0x00dad8, 0x00dfbe, 0x8ea2b5e0, 0x00dad9, 0x000000,
    0x00dad5, 0x00dae4, 0x00dadf, 0x00dadd, 0x8ea2b5d4, 0x00dae9, 0x8ea2b5d1, 0x8ea2b5de,
    0x8ea2b5da, 0x8ea2bbf7, 0x8ea2bbf6, 0x8eaeb6ad, 0x000000, 0x000000, 0x000000, 0x8eaee4fe,
    0x000000, 0x000000, 0x000000, 0x8eaeb6ae, 0x000000, 0x000000, 0x8ea2b5cf, 0x8ea2bca9,
    0x8eaebbf1, 0x00dfc1, 0x8eaebbf0, 0x8ea2bcaf, 0x8ea2bbfc, 0x8ea2bcac, 0x8ea2c2fd, 0x00dfc4,
    0x8ea2bcb0, 0x8ea2bcb3, 0x00dfc3, 0x8ea2bca1, 0x8ea2bcb2, 0x8ea2bcb1, 0x00dfc5, 0x8ea2bbf8,
    0x00dfc0, 0x00dfc8, 0x8eaebbf3, 0x00dfc6, 0x8ea2bcae, 0x000000, 0x8ea2bca4, 0x00dfca,
    0x8ea2bcb5, 0x8ea2bcad, 0x8ea2bcb6, 0x00dfd2, 0x00dfd0, 0x8ea2bcab, 0x8ea2bcaa, 0x8eaebbe7,
    0x8ea2bca8, 0x8ea2bca2, 0x00dfc9, 0x8eaebbe6, 0x00dfc7, 0x8ea2afbb, 0x8ea2bbf9, 0x8eaebbe8,
    0x8ea2c3bd, 0x8ea2bbfa, 0x00dfc2, 0x00dfcf, 0x8ea2c3a1, 0x000000, 0x00dfcb, 0x00dfcc,
    0x8ea2bbfb, 0x8ea2bcb4, 0x8ea2c2fe, 0x8ea2bca5, 0x8ea2bbfe, 0x00dfce, 0x8ea2bca6, 0x8ea2bca3,
    0x8eaebbf2, 0x8eaebbed, 0x00dfd3, 0x8eaee3b9, 0x000000, 0x000000, 0x000000, 0x8eaebbef,
    0x000000, 0x000000, 0x000000, 0x8eaee5a1, 0x000000, 0x000000, 0x00e4b8, 0x8eaec1c9, 0x8eaec1b2,
    0x8ea2c3a4, 0x8ea2c3b7, 0x8ea2c3bc, 0x8ea2c3b0, 0x00e4b4, 0x8ea2c3c1, 0x00e4b1, 0x8ea2c3a2,
    0x8eaec1ba, 0x8ea2c3a3, 0x00e4aa, 0x00e4b3, 0x8ea2c3aa, 0x00e4b6, 0x00e4b7, 0x8ea2c3ab,
    0x8eaec1b8, 0x8ea2c3b8, 0x8ea2c3be, 0x00e4b2, 0x8eaec1be, 0x00e4ac, 0x8ea2c3a9, 0x8ea2c3a5,
    0x8ea2c3c0, 0x8ea2c3ae, 0x8ea2c3af, 0x8ea2c3a6, 0x8ea2c3ba, 0x8ea2c3b1, 0x8ea2c3bb, 0x8ea2c3b3,
    0x8eaec1bd, 0x00e4ad, 0x8ea2cac0, 0x00e4b0, 0x00e4ae, 0x8ea2c3bf, 0x8ea2c3b6, 0x8ea2c3b2,
    0x8eaec1b6, 0x8eaec1b3, 0x8ea2c3a7, 0x00e8fa, 0x8ea2c3b5, 0x00e4b5, 0x8ea2c3ad, 0x8eaec1b4,
    0x8ea2c3ac, 0x8eaec1c8, 0x8eaec7a5, 0x8eaec1c2, 0x00e4af, 0x00e4ab, 0x8ea2cad5, 0x8ea2c3b9,
    0x8ea2c3b4, 0x000000, 0x8ea2c3a8, 0x000000, 0x000000, 0x8eaec1c4, 0x8eaec1c5, 0x000000,
    0x8eaee6f6, 0x000000, 0x8ea2cad0, 0x8eaec6f8, 0x8ea2cac1, 0x8ea2cacc, 0x8eaec7a8, 0x8ea2cad3,
    0x00e8f8, 0x00dfd1, 0x8ea2cad1, 0x00e8f3, 0x8eaec6fe, 0x8eaec7a4, 0x8eaec6fa, 0x00e8f2,
    0x8ea2cad8, 0x000000, 0x8ea2cac2, 0x8ea2cacf, 0x8ea2cac3, 0x8ea2cace, 0x00e8f6, 0x8ea2cad2,
    0x8ea2bca7, 0x8eaec7a1, 0x000000, 0x8eaec7aa, 0x8ea2cad9, 0x8ea2caca, 0x00e8f9, 0x8ea2d0e1,
    0x00ecf7, 0x8eaec7a3, 0x8ea2cad7, 0x8ea2cad6, 0x00e8fb, 0x8ea2d0d4, 0x00ecf8, 0x8ea2d0d5,
    0x8eaec7a2, 0x8ea2cac6, 0x8ea2cac7, 0x8ea2cac4, 0x8ea2cac9, 0x8ea2cac5, 0x8ea2cada, 0x00e8f5,
    0x00ecf9, 0x00e8f7, 0x00e8fc, 0x8eaec6fb, 0x8ea2cac8, 0x8eaec7a9, 0x8ea2cad4, 0x8eaeccad,
    0x8eaec7a6, 0x8ea2cacd, 0x8eaeccb5, 0x000000, 0x8ea2d0d8, 0x8eaeccb8, 0x00e8f1, 0x00ecfc,
    0x8ea2d7b5, 0x8ea2d0dd, 0x8ea2d0dc, 0x8ea2d0de, 0x8eaeccb0, 0x8eaeccaf, 0x8ea2d0db, 0x00ecfd,
    0x8eaeccbb, 0x00eda5, 0x00eda2, 0x8eaeccb1, 0x00eda3, 0x8ea2d0d6, 0x8ea2d0d9, 0x8ea2d0e3,
    0x00edab, 0x00eda9, 0x8eaeccae, 0x8ea2d0da, 0x8ea2bbfd, 0x00ecfa, 0x8ea2d0e0, 0x8ea2d0d7,
    0x8eaeccbe, 0x00edac, 0x8ea2d0df, 0x00e8f4, 0x00eda1, 0x8ea2cacb, 0x8eaeccbf, 0x8eaeccb4,
    0x00eda4, 0x8eaeccbd, 0x00eda8, 0x00edaa, 0x00eda7, 0x00eda6, 0x8eaeccba, 0x00ecfe, 0x8ea2d0e2,
    0x00ecfb, 0x00edad, 0x8eaeccb9, 0x000000, 0x8eaee5a2, 0x000000, 0x000000, 0x8eaeccb7, 0x000000,
    0x00f0e1, 0x00f0e2, 0x8ea2d7b4, 0x00f0eb, 0x00f0e8, 0x8eaed0f0, 0x00f0df, 0x00f0e6, 0x8ea2d7b6,
    0x00f0e4, 0x00f0de, 0x8eaeccb2, 0x00f0e5, 0x8eaed0f7, 0x8ea2d7b3, 0x00f3e4, 0x00f0e0, 0x000000,
    0x00f0e7, 0x00f3e3, 0x8ea2d7b2, 0x8ea2d7b1, 0x8eaed0f6, 0x00f0e9, 0x8eaed0ef, 0x00f0ea,
    0x8eaed0f9, 0x8ea2d7b0, 0x8ea2d7af, 0x00f3e5, 0x8ea2d7b9, 0x00f0e3, 0x8ea2d7b7, 0x8eaed0f5,
    0x000000, 0x000000, 0x8eaed4e4, 0x00f3e6, 0x8eaed4e7, 0x00f3eb, 0x8ea2dcf5, 0x8ea2dcf7,
    0x8eaed7eb, 0x00f3e8, 0x8eaed7ed, 0x8ea2dcf8, 0x8ea2dcf4, 0x8eaed7ec, 0x8ea2dcf6, 0x00f3e9,
    0x00f3ec, 0x8eaed4e9, 0x8ea2dcf3, 0x00f3e7, 0x00f3ea, 0x00f6c5, 0x8ea2d7b8, 0x00f6c4, 0x000000,
    0x8eaed7ea, 0x00f6ca, 0x8ea2e1e0, 0x8eaed7f0, 0x00f6c8, 0x00f6c9, 0x8ea2e1e3, 0x8ea2e1df,
    0x00f6c6, 0x8ea2e1dd, 0x00f8b8, 0x8ea2e1e1, 0x000000, 0x8ea2e1e2, 0x8ea2e1de, 0x8eaed7ee,
    0x00f6c7, 0x8ea2e5cd, 0x8eaedabb, 0x8ea2e5d0, 0x8eaedabc, 0x8eaedaba, 0x8ea2e5d1, 0x8ea2e5cf,
    0x8ea2e5d2, 0x00f8b9, 0x8ea2e5ce, 0x8eaedeb1, 0x000000, 0x8ea2e8fa, 0x00f9ef, 0x8ea2e8f9,
    0x8ea2e8f8, 0x8ea2e8f7, 0x00f9ee, 0x00f9f0, 0x8eaee5a3, 0x8ea2ebdb, 0x00faed, 0x00faec,
    0x8eaedfca, 0x8eaedfcb, 0x8ea2edcf, 0x8ea2edce, 0x8ea2edd1, 0x00fcb7, 0x00fbe1, 0x8ea2efac,
    0x8ea2edd0, 0x8eaedfc9, 0x8eaee0b2, 0x8ea2efab, 0x00fcb9, 0x00fcb8, 0x00fcdf, 0x8ea2f0b7,
    0x8ea2f0fd, 0x00c5c5, 0x000000, 0x8eaeacf2, 0x8ea2bcb7, 0x8ea2d7ba, 0x8eaea1e7, 0x8eaea1e8,
    0x00c8ad, 0x8ea2a2cd, 0x00cad3, 0x00cad1, 0x000000, 0x00cad2, 0x000000, 0x8ea2a7a2, 0x00cdf3,
    0x00d1c9, 0x8eaeacf4, 0x8ea2aae8, 0x8eaeacf6, 0x8ea2aae9, 0x8eaeacf3, 0x00d1ca, 0x8ea2afd0,
    0x000000, 0x00d5e6, 0x00d5e7, 0x8ea2afcf, 0x8eaeb1bd, 0x000000, 0x8eaeb6b7, 0x8eaeb6b6,
    0x00daf7, 0x000000, 0x00daf3, 0x000000, 0x8ea2b5e9, 0x00dafa, 0x00daf9, 0x00daf2, 0x00daf5,
    0x00daf8, 0x00daf4, 0x8eaeb6b4, 0x000000, 0x8ea2bcbb, 0x00daf1, 0x00dfd4, 0x8eaebbf4,
    0x8eaebbf5, 0x8eaebbf6, 0x00dfd6, 0x00dfd7, 0x8ea2bcba, 0x8ea2bcbd, 0x00dfd5, 0x8ea2bcb8,
    0x8ea2bcbc, 0x000000, 0x8ea2bcb9, 0x8eaec1cb, 0x00e4b9, 0x8eaec1ce, 0x8eaee3c6, 0x8ea2c3c2,
    0x8eaec1cd, 0x8eaec7b0, 0x00e8fd, 0x8ea2cadb, 0x00f0ec, 0x00edae, 0x8ea2d0e4, 0x00edaf,
    0x00edb0, 0x8ea2d0e6, 0x8ea2d0e5, 0x8ea2d0e7, 0x8ea2d7bc, 0x000000, 0x000000, 0x8ea2d7bb,
    0x8ea2dcfa, 0x8ea2dcf9, 0x00f3ed, 0x00f3ee, 0x8ea2e5d3, 0x8eaedcc1, 0x000000, 0x00c5c6,
    0x8eaea5d8, 0x8eaea9b9, 0x000000, 0x8eaeb1c0, 0x8ea2bcbe, 0x8eaeb6b8, 0x8eaeb6b9, 0x000000,
    0x00dfd9, 0x00dfd8, 0x8ea2c3c3, 0x000000, 0x8ea2e1e4, 0x00faee, 0x8ea2efad, 0x00c5c7, 0x000000,
    0x00d5e8, 0x8eaeb1c2, 0x00dafc, 0x00dafb, 0x8ea2bcbf, 0x8ea2bcc0, 0x00e4ba, 0x8ea2cadc,
    0x00e8fe, 0x8ea2d7bd, 0x000000, 0x00c5c8, 0x00c6d8, 0x8eaea9bb, 0x00cdf4, 0x8ea2a7a3, 0x000000,
    0x8ea2aaea, 0x00d1cb, 0x00dafd, 0x8eaeb6ba, 0x8ea2bcc1, 0x00dfda, 0x00e4bb, 0x000000,
    0x8ea2d0e8, 0x8ea2d0e9, 0x000000, 0x8eaed4eb, 0x8ea2dcfb, 0x00f6cb, 0x8ea2f0fe, 0x00c5c9,
    0x8eaea9bc, 0x8ea2a7a4, 0x00cdf5, 0x00d1cc, 0x8eaeacf7, 0x8ea2aaeb, 0x000000, 0x00d5e9,
    0x8ea2afd4, 0x8ea2afd2, 0x8ea2afd3, 0x00d5ea, 0x8ea2afd1, 0x8eaeb6bc, 0x000000, 0x8eaeb6bf,
    0x8eaeb6bd, 0x00dba1, 0x00dba2, 0x8ea2b5ea, 0x00dba3, 0x00dafe, 0x8ea2bcc2, 0x8eaebbf9,
    0x8ea2bcc3, 0x8ea2c3c4, 0x000000, 0x000000, 0x00e9a2, 0x00e9a1, 0x000000, 0x000000, 0x8ea2dcfc,
    0x8ea2e1e5, 0x8eaedabf, 0x8ea2e5d5, 0x8ea2e5d4, 0x8ea2e8fb, 0x8eaea1e9, 0x8ea2a1be, 0x00d1cd,
    0x8eaeb6c1, 0x8eaec1d0, 0x00c5ca, 0x00c6d9, 0x8eaea2d1, 0x00c8af, 0x00c8ae, 0x8eaea3f3,
    0x8eaea3f2, 0x00c8b0, 0x00c8b1, 0x8ea2a2cf, 0x8ea2a2ce, 0x8ea2a4b9, 0x00cad4, 0x8ea2a4bc,
    0x8ea2a4bb, 0x8ea2a4ba, 0x8ea2a4bd, 0x8eaea6bd, 0x000000, 0x000000, 0x8eaee2de, 0x00cdf6,
    0x8ea2a7aa, 0x8ea2a7a6, 0x8ea2a7af, 0x8eaea9c3, 0x8eaea9be, 0x00cdfd, 0x8eaea9c2, 0x00cdfb,
    0x8ea2a7ab, 0x8ea2a7a7, 0x8ea2a7ae, 0x00cdfa, 0x00cea3, 0x8ea2a7a9, 0x8ea2a7a5, 0x00cea2,
    0x8ea2a7ac, 0x00cdf9, 0x8ea2a7ad, 0x00cdfc, 0x00cdfe, 0x8ea2a7b1, 0x8ea2a7b0, 0x8ea2a7a8,
    0x00cdf8, 0x00cdf7, 0x00cea1, 0x000000, 0x8eaea9c0, 0x8eaea9c1, 0x000000, 0x8eaeacfe,
    0x8eaeacfa, 0x8ea2aaf0, 0x8ea2aaf6, 0x8eaeada3, 0x00d1d3, 0x00d1d0, 0x8ea2aaed, 0x8ea2aaf2,
    0x8eaeacfc, 0x00d1d6, 0x00d1ce, 0x8ea2aaf1, 0x00d1d1, 0x00d1d4, 0x8eaeacf9, 0x000000,
    0x8ea2aaf4, 0x8eaeacfd, 0x00d1cf, 0x8ea2aaf9, 0x00d1d2, 0x8eaeada1, 0x00d1d5, 0x8ea2aaee,
    0x8ea2aaf3, 0x8ea2aaf7, 0x8ea2aaef, 0x8ea2aaec, 0x8eaeada4, 0x8eaeada5, 0x8ea2aaf8, 0x8ea2aaf5,
    0x8eaeada2, 0x8eaeacb7, 0x000000, 0x000000, 0x000000, 0x8eaeb1c6, 0x00d5f2, 0x00d5eb, 0x00d5ee,
    0x8eaeb1cc, 0x00d5f1, 0x8eaeb1c4, 0x8ea2afd7, 0x8eaeb1c9, 0x00d5ec, 0x8ea2afd5, 0x8eaeb1c8,
    0x00d5f0, 0x8eaeb1cd, 0x8eaeb1c5, 0x00d5ed, 0x8eaeb1c3, 0x8ea2afd8, 0x00d5ef, 0x000000,
    0x000000, 0x000000, 0x000000, 0x8eaeb6c2, 0x000000, 0x8ea2b5ee, 0x00dba5, 0x8ea2b5ed,
    0x8ea2b5ef, 0x00dba4, 0x00dba9, 0x8ea2afd6, 0x8eaeb1cb, 0x8ea2b5ec, 0x8ea2b5f0, 0x8eaeb6c4,
    0x00dba6, 0x8ea2b5eb, 0x00dba8, 0x8eaeb6c5, 0x00dba7, 0x8eaebca6, 0x8ea2bcca, 0x8eaebbfd,
    0x8ea2bcc5, 0x8eaebca5, 0x00dfdb, 0x00dfdf, 0x00dfdc, 0x8ea2bcc8, 0x8ea2bccb, 0x8eaebca3,
    0x00dfdd, 0x000000, 0x00dfde, 0x00dfe3, 0x8ea2c3cd, 0x8ea2bcc9, 0x00dfe1, 0x8ea2bcc6,
    0x8ea2bcc4, 0x8eaebbfc, 0x00dfe2, 0x8eaebbfe, 0x8ea2bcc7, 0x8eaebca4, 0x000000, 0x000000,
    0x00e4c1, 0x000000, 0x8ea2c3c5, 0x00e4be, 0x00e4bf, 0x00e4bd, 0x8ea2c3ca, 0x8ea2c3c9,
    0x8ea2c3c6, 0x00e4c3, 0x8eaec1db, 0x8eaec1d6, 0x8ea2c3c8, 0x00dfe0, 0x8eaec1d9, 0x8eaec1d1,
    0x8ea2c3cc, 0x8ea2c3c7, 0x00e4c0, 0x00e4bc, 0x00e4c2, 0x8ea2c3cb, 0x8eaec7b4, 0x000000,
    0x8eaec7b5, 0x00e9a5, 0x000000, 0x8ea2cadf, 0x8ea2cade, 0x8ea2cadd, 0x00e9a3, 0x000000,
    0x8eaec7b9, 0x8eaec7b3, 0x8eaec7b7, 0x000000, 0x00e9a4, 0x8ea2d0ec, 0x8ea2d0ef, 0x00edb2,
    0x8eaeccc4, 0x8eaeccc6, 0x00edb1, 0x8ea2d0f0, 0x8ea2d0eb, 0x00edb4, 0x8ea2d0ed, 0x8eaeccc1,
    0x00edb3, 0x8ea2d0ea, 0x8eaeccc0, 0x8ea2d0ee, 0x00f0f2, 0x00f0ef, 0x8ea2d7c6, 0x8ea2d7c5,
    0x8eaeccc3, 0x8ea2d7c4, 0x8ea2d7bf, 0x8eaed0fd, 0x8ea2d7c0, 0x8eaed1a3, 0x000000, 0x8eaed0fa,
    0x00f0f0, 0x8eaed0fe, 0x00f0ed, 0x00f0f1, 0x8ea2d7be, 0x00f0ee, 0x8ea2d7c1, 0x8ea2d7c2,
    0x8ea2d7c7, 0x8eaed1a2, 0x8eaed4f1, 0x8ea2d7c3, 0x8eaed4ef, 0x8eaed4f0, 0x8ea2dcfd, 0x000000,
    0x8eaed4ec, 0x8eaed4ed, 0x00f3f0, 0x8eaed4f2, 0x8ea2e1e8, 0x00f3ef, 0x8ea2e1e6, 0x8ea2e1e7,
    0x00f6cc, 0x00f8bb, 0x8ea2e5d6, 0x8eaedac3, 0x00f8ba, 0x8eaedac2, 0x8eaee5a6, 0x8ea2e8fd,
    0x8ea2e8fe, 0x8eaedcc2, 0x00f9f1, 0x8eaedcc3, 0x8ea2e8fc, 0x00faef, 0x000000, 0x8ea2efae,
    0x00fcba, 0x8ea2f0b8, 0x8ea2f0b9, 0x8eaee1bf, 0x00c5cb, 0x000000, 0x00c8b2, 0x00c8b3, 0x00cad5,
    0x8eaea6c1, 0x8ea2a7b2, 0x00d1d7, 0x00d5f3, 0x00dbaa, 0x000000, 0x000000, 0x00d9b7, 0x000000,
    0x00dfe4, 0x00dfe5, 0x00deb2, 0x8ea2bccc, 0x8eaee5a7, 0x00e4c4, 0x8ea2cae1, 0x8ea2cae0,
    0x8eaed1a4, 0x000000, 0x00c5cc, 0x00c8b4, 0x8ea2a7b3, 0x00cea5, 0x8eaea9c5, 0x00cea4,
    0x8eaeada7, 0x8ea2aafa, 0x8ea2aafb, 0x8eaee6b2, 0x8ea2afd9, 0x8ea2afda, 0x00d5f4, 0x00d5f5,
    0x8eaeb6c8, 0x00d5f6, 0x8ea2b5f1, 0x8eaeb6c7, 0x8eaeb6c6, 0x00dbac, 0x000000, 0x00dfe7,
    0x8eaebca9, 0x00dfe6, 0x8ea2c3ce, 0x8ea2c6c1, 0x8ea2cae2, 0x8ea2d7c8, 0x8eaed1a6, 0x8eaee6b3,
    0x00f6cd, 0x00f9f2, 0x00c5cd, 0x000000, 0x00c6dc, 0x00c6dd, 0x00c6db, 0x00c6de, 0x00c6da,
    0x8eaea2d2, 0x000000, 0x00c8b7, 0x8eaea3f7, 0x8ea2a2d7, 0x00c8b6, 0x00c8b8, 0x8eaea3f8,
    0x8eaea3f5, 0x8ea2a2d2, 0x8ea2a2d1, 0x8ea2a2d4, 0x8ea2a2d3, 0x8ea2a2d6, 0x00c8b5, 0x8ea2a2d0,
    0x8ea2a2d5, 0x000000, 0x000000, 0x000000, 0x000000, 0x8eaea6c8, 0x8ea2a4be, 0x00cadf,
    0x8ea2a4bf, 0x8ea2a4c3, 0x00cade, 0x8eaea6c9, 0x8ea2a4c7, 0x8ea2a4c2, 0x8ea2a4c5, 0x00cad7,
    0x00cad8, 0x00cad9, 0x00cada, 0x8eaea6c5, 0x00cae1, 0x8eaea6c4, 0x8ea2a4c1, 0x00cadc, 0x00cae2,
    0x8eaea6c7, 0x8ea2a4c0, 0x8ea2a4c6, 0x8eaea6c2, 0x00cadb, 0x8ea2a4c4, 0x00cadd, 0x00cad6,
    0x00cae0, 0x8eaea6ca, 0x000000, 0x000000, 0x000000, 0x8eaee2d7, 0x000000, 0x000000, 0x000000,
    0x000000, 0x00ceba, 0x8eaea9c7, 0x8ea2a7b5, 0x00cea6, 0x000000, 0x00ceb0, 0x00ceb1, 0x00cea9,
    0x00cebb, 0x00ceab, 0x8ea2a7bd, 0x00ceb6, 0x8ea2a7b8, 0x00ceac, 0x8ea2a7c7, 0x8ea2a7c8,
    0x8ea2a7c0, 0x8ea2a7b9, 0x00ceb9, 0x8ea2a7c5, 0x00ceb4, 0x00ceb2, 0x8eaea9d2, 0x8ea2a7c6,
    0x8eaea9c9, 0x8ea2a7c4, 0x8ea2a7bc, 0x8ea2a7b4, 0x8ea2a7bb, 0x00cead, 0x8eaee2df, 0x00ceb3,
    0x8eaea9ca, 0x00cea7, 0x8ea2a7bf, 0x8ea2a7be, 0x8ea2a7b6, 0x8eaea9cf, 0x00ceb5, 0x8ea2a7c2,
    0x8ea2a7b7, 0x00ceb8, 0x8ea2a7c9, 0x00cea8, 0x8eaea9c8, 0x00ceaf, 0x8ea2a7ba, 0x8ea2a7c3,
    0x00ceb7, 0x000000, 0x00ceaa, 0x00ceae, 0x000000, 0x8ea2a7c1, 0x000000, 0x000000, 0x8eaea9ce,
    0x8eaea9cc, 0x8eaee5a8, 0x000000, 0x000000, 0x000000, 0x000000, 0x000000, 0x000000, 0x000000,
    0x8eaee5a9, 0x000000, 0x8ea2abbd, 0x00d1df, 0x00d1ec, 0x8eaeadb6, 0x8ea2abb8, 0x8ea2abae,
    0x00d1e5, 0x8ea2abac, 0x00d1de, 0x8ea2aba7, 0x00d1e8, 0x8ea2abb4, 0x8ea2aba1, 0x8ea2aba3,
    0x8eaeadae, 0x000000, 0x000000, 0x8eaeadb0, 0x8ea2aba6, 0x8ea2aafc, 0x8ea2abb3, 0x8ea2abc3,
    0x00d1e3, 0x8ea2aba8, 0x8ea2abba, 0x8eaeadad, 0x8ea2aafe, 0x8ea2abc1, 0x8ea2abc2, 0x8ea2abc5,
    0x8ea2abbc, 0x8ea2abad, 0x8ea2abb5, 0x00d1e9, 0x00d1dc, 0x00d1e4, 0x00d1f0, 0x00d1d9, 0x00d1db,
    0x8eaeadb1, 0x8eaeadab, 0x8eaeadba, 0x8ea2aba5, 0x00d1ed, 0x00d1e6, 0x8ea2abbf, 0x8ea2aba2,
    0x00d1ef, 0x00d1ea, 0x8ea2abab, 0x000000, 0x000000, 0x00d1ee, 0x8ea2abb2, 0x8ea2abaa, 0x00d1e7,
    0x8ea2abbe, 0x8ea2abb6, 0x8eaeadaa, 0x00d1e1, 0x8ea2abc4, 0x8ea2aba9, 0x00d1dd, 0x8ea2abbb,
    0x8ea2abb1, 0x00d1e2, 0x8ea2abb7, 0x00d1da, 0x8ea2aafd, 0x00d1eb, 0x00d6a7, 0x00d1e0,
    0x8ea2abb0, 0x8ea2abaf, 0x8ea2aba4, 0x8eaea9d1, 0x8ea2abc0, 0x8eaeadb4, 0x8ea2abb9, 0x000000,
    0x8eaeadb2, 0x00d1d8, 0x8eaeadb9, 0x8eaeadb7, 0x000000, 0x000000, 0x000000, 0x8eaeadb8,
    0x8eaee5ab, 0x000000, 0x000000, 0x000000, 0x000000, 0x000000, 0x000000, 0x000000, 0x000000,
    0x000000, 0x8eaee5aa, 0x000000, 0x8ea2afee, 0x00d6ae, 0x8ea2afef, 0x8eaeb1dd, 0x8ea2afe3,
    0x00d6a3, 0x00d6af, 0x8eaeb1d7, 0x8ea2afdc, 0x8eaeb1d3, 0x8ea2afe5, 0x8ea2afed, 0x8eaeb1db,
    0x8ea2afdb, 0x8ea2aff6, 0x00d5f7, 0x8eaeb1de, 0x8eaeb1e4, 0x8eaeb1d0, 0x8ea2aff5, 0x8ea2aff0,
    0x8eaeb1df, 0x8ea2aff1, 0x00d6a1, 0x00d6ac, 0x8ea2afe7, 0x8eaeb1d6, 0x8ea2afe8, 0x8ea2aff2,
    0x8ea2afe9, 0x8eaeb1e3, 0x8ea2afe4, 0x8ea2afde, 0x8ea2afdf, 0x8ea2afec, 0x8ea2afe6, 0x8eaeb1d4,
    0x8eaeb1cf, 0x00d5f8, 0x00d5fc, 0x8ea2aff4, 0x8ea2afe0, 0x00d6aa, 0x00d6a6, 0x8eaeb1da,
    0x000000, 0x00d6a9, 0x00d6b0, 0x00d5fd, 0x00d6ab, 0x8ea2afeb, 0x00d6ad, 0x00d5fa, 0x8eaeb1d9,
    0x00d5f9, 0x8ea2afdd, 0x000000, 0x8ea2afe1, 0x00d6a4, 0x8ea2aff3, 0x8ea2afea, 0x8ea2afe2,
    0x00d6a8, 0x00d6a5, 0x8eaeadaf, 0x00d5fb, 0x00d5fe, 0x8eaeb1e2, 0x8eaeb1d8, 0x000000,
    0x8eaeb1e1, 0x8eaeb1e0, 0x8eaee5ad, 0x000000, 0x000000, 0x000000, 0x8eaee5ac, 0x000000,
    0x000000, 0x000000, 0x000000, 0x000000, 0x000000, 0x000000, 0x000000, 0x000000, 0x000000,
    0x000000, 0x000000, 0x8ea2b6a8, 0x8eaeb6d5, 0x8ea2b5f6, 0x8ea2b5f7, 0x8ea2b5fb, 0x8eaeb6e0,
    0x8ea2b6ac, 0x8ea2b6a9, 0x8eaeb6ce, 0x8ea2b6a2, 0x8ea2b6a1, 0x00dbb3, 0x8ea2b6a5, 0x8ea2b6b4,
    0x8ea2b5f2, 0x8eaeb6db, 0x8ea2b6b5, 0x8ea2b6a7, 0x8ea2b6b9, 0x8ea2b6ad, 0x00dbb2, 0x8ea2b6ab,
    0x00dbad, 0x00dbc2, 0x00dbb8, 0x8eaeb6d7, 0x00dbbc, 0x00dbbb, 0x8ea2b5f3, 0x000000, 0x8ea2b6b2,
    0x8ea2b6b8, 0x8ea2b6b0, 0x8ea2b6b7, 0x000000, 0x8eaeb6d1, 0x8ea2b6a4, 0x8ea2b5f4, 0x8ea2b6b6,
    0x8ea2b6a6, 0x00dbb0, 0x00dbbd, 0x8eaeb6da, 0x8ea2b6af, 0x00dbb6, 0x8eaeb6cd, 0x8eaeb6dc,
    0x8eaeb6d0, 0x8ea2b6ae, 0x8ea2b5f5, 0x00dbbe, 0x8eaeb6cb, 0x00dbc0, 0x8ea2b6b1, 0x00dbc1,
    0x00dbaf, 0x8ea2b5fc, 0x8ea2b6b3, 0x8eaeb6d4, 0x8eaeb4f8, 0x00dbb5, 0x00dbbf, 0x8ea2b5fe,
    0x8ea2b6aa, 0x8ea2b5f9, 0x8ea2b5fd, 0x00dbba, 0x8ea2b5f8, 0x00dbae, 0x00dbb7, 0x00dbb4,
    0x8ea2b6a3, 0x00d6a2, 0x8ea2bce3, 0x00dbb1, 0x8eaeb6cc, 0x8eaeb6d2, 0x8eaeb6de, 0x8eaeb6df,
    0x000000, 0x000000, 0x000000, 0x000000, 0x000000, 0x000000, 0x8eaeb6d6, 0x000000, 0x8eaebcc5,
    0x00dbb9, 0x8eaebcc1, 0x8ea2bce6, 0x8ea2bcfc, 0x8ea2bcf1, 0x00dffb, 0x8eaebcb8, 0x00dff6,
    0x8ea2bce0, 0x00dff7, 0x8ea2bcf0, 0x8eaebcbe, 0x8ea2bce9, 0x8ea2bcf6, 0x00dff3, 0x8ea2bcce,
    0x8ea2bcf8, 0x00dfe9, 0x8ea2bcd6, 0x00dfec, 0x00dfeb, 0x000000, 0x00dffc, 0x8eaeb6d3,
    0x8ea2bcd0, 0x8ea2bcf2, 0x8ea2bcf3, 0x00dfee, 0x00dfea, 0x8ea2bcde, 0x8eaebcbd, 0x00dff5,
    0x8ea2bcd9, 0x8eaebcb2, 0x8ea2bcf4, 0x00dff1, 0x8ea2bcec, 0x8ea2bcf9, 0x8ea2bcd3, 0x8ea2bcd8,
    0x8ea2bcd2, 0x8eaebcaa, 0x00dff0, 0x8ea2bce5, 0x8ea2c3e4, 0x8ea2bcd4, 0x00dff4, 0x8ea2bcdd,
    0x8ea2bcf5, 0x00dfef, 0x8ea2bcda, 0x8ea2bcd7, 0x8ea2bce8, 0x00dff2, 0x00dfe8, 0x00dffe,
    0x8ea2bceb, 0x8ea2bcea, 0x8eaebcb1, 0x8eaebcc2, 0x8eaebcb9, 0x8eaebcbb, 0x8eaebcb4, 0x8eaebcaf,
    0x8ea2bccf, 0x00dfed, 0x8ea2bcf7, 0x8ea2bcdf, 0x8ea2bce1, 0x8eaebcb7, 0x8ea2bcee, 0x8ea2bced,
    0x8ea2bccd, 0x00dff8, 0x00dffa, 0x8ea2bcd5, 0x8ea2bcdc, 0x8ea2bce4, 0x00dff9, 0x8ea2bcdb,
    0x8ea2bce7, 0x8ea2bcfa, 0x000000, 0x8ea2bcef, 0x8eaebcbc, 0x000000, 0x000000, 0x000000,
    0x8eaebcc4, 0x000000, 0x8eaebcb3, 0x000000, 0x000000, 0x000000, 0x000000, 0x000000, 0x000000,
    0x8ea2bcfb, 0x000000, 0x000000, 0x000000, 0x8eaee5af, 0x8ea2bcd1, 0x000000, 0x8eaee5ae,
    0x000000, 0x8eaebcc0, 0x8ea2c3f8, 0x00e4cc, 0x8eaec1e5, 0x8ea2c3f6, 0x8ea2c3e1, 0x8ea2c3e6,
    0x8ea2c3df, 0x8eaec1f7, 0x8ea2c3f2, 0x8ea2c3d1, 0x8ea2c3d8, 0x000000, 0x8ea2c3f0, 0x8ea2c3fa,
    0x8ea2c3e2, 0x8eaec1e8, 0x8ea2c3d5, 0x8ea2c3e8, 0x8ea2c3ed, 0x8ea2c3d9, 0x8eaec1eb, 0x8ea2c3ea,
    0x8ea2c3d6, 0x8eaec1dd, 0x8eaec1f5, 0x8ea2c3dd, 0x8ea2c3de, 0x00e4ce, 0x8ea2c3f1, 0x8ea2c3ef,
    0x8eaec1f3, 0x8ea2c3d2, 0x8ea2c3f4, 0x8eaec1f4, 0x8ea2c3f5, 0x8ea2c3f7, 0x00e4d2, 0x00e4ca,
    0x8eaec1ef, 0x8ea2b5fa, 0x8ea2c3da, 0x8ea2c3ec, 0x8ea2c3db, 0x00e4c7, 0x00e4d7, 0x8ea2c3f3,
    0x00e4d5, 0x00e4d1, 0x8ea2c3d0, 0x00e4c9, 0x8eaec1f9, 0x8ea2c3d3, 0x00e4d6, 0x8eaec1f8,
    0x8ea2c3e3, 0x8ea2c3cf, 0x8eaec1f6, 0x00e4cf, 0x8ea2c3e7, 0x8ea2c3d7, 0x00e4d0, 0x8ea2c3e0,
    0x00e4c6, 0x00dffd, 0x8ea2c3e9, 0x8ea2bce2, 0x8ea2c3d4, 0x000000, 0x8eaec1ed, 0x8ea2c3ee,
    0x00e4cb, 0x8ea2c3eb, 0x00e4c8, 0x8ea2c3e5, 0x00e4d3, 0x8ea2c3dc, 0x8ea2c3f9, 0x8eaec1ea,
    0x8eaec1fb, 0x000000, 0x000000, 0x00e4cd, 0x8ea2c5ac, 0x000000, 0x8eaec1f2, 0x00e4d4, 0x000000,
    0x000000, 0x000000, 0x000000, 0x000000, 0x000000, 0x8ea2caf0, 0x8ea2caee, 0x8eaec7ba,
    0x8ea2cba6, 0x8ea2caec, 0x8eaec7bd, 0x8ea2cafe, 0x00e4c5, 0x00e9a8, 0x8ea2cae8, 0x8ea2cba5,
    0x8eaec7d1, 0x8ea2caed, 0x8ea2cafb, 0x00e9ad, 0x00e9a6, 0x8eaec7ce, 0x8ea2cba3, 0x8eaec7c6,
    0x8ea2cae6, 0x8ea2cba2, 0x8eaec7c7, 0x00e9b8, 0x8ea2caf7, 0x8ea2cba9, 0x00e9b6, 0x8ea2caef,
    0x00e9a7, 0x8ea2caf1, 0x8ea2cba1, 0x00e9b0, 0x8ea2caea, 0x00e9b4, 0x00e9aa, 0x8ea2caf3,
    0x8ea2cae9, 0x8ea2cae3, 0x8eaec7be, 0x8ea2cafd, 0x00e9b1, 0x8ea2cba8, 0x8ea2cae4, 0x00e9ae,
    0x000000, 0x8ea2caf9, 0x8eaee3d2, 0x00e9af, 0x8ea2caeb, 0x8ea2caf6, 0x8ea2caf2, 0x8ea2caf4,
    0x8eaec7c3, 0x00e9a9, 0x8ea2cba7, 0x00e9b7, 0x8ea2caf5, 0x8eaec7bb, 0x8ea2cbaa, 0x000000,
    0x8eaec7bc, 0x8ea2cae5, 0x8ea2cafa, 0x00e9ac, 0x00e9b5, 0x00e9b3, 0x8ea2cae7, 0x8ea2cafc,
    0x00e9b2, 0x8eaec7c5, 0x8eaec7c8, 0x00e9ab, 0x8ea2caf8, 0x8eaec7cd, 0x8eaec7c4, 0x000000,
    0x8eaeccd4, 0x8ea2cba4, 0x000000, 0x000000, 0x000000, 0x000000, 0x000000, 0x000000, 0x000000,
    0x8eaec7cc, 0x8ea2d0fc, 0x8eaec7c2, 0x8ea2d0f8, 0x8ea2d0f4, 0x8ea2d1aa, 0x8ea2d1a7, 0x00edb7,
    0x8eaecce4, 0x8eaecce0, 0x8ea2d1ae, 0x8ea2d0fb, 0x00edc2, 0x8ea2d1a4, 0x8eaecccf, 0x8eaeccd1,
    0x8ea2d0f7, 0x8ea2d1a3, 0x00edbf, 0x8ea2d1b7, 0x000000, 0x8ea2d1b4, 0x8ea2d1a6, 0x8ea2d0f5,
    0x8eaeccdf, 0x8eaeccd7, 0x8ea2d1ab, 0x8ea2d1ad, 0x00edbb, 0x8ea2d1a1, 0x8ea2d0fa, 0x8ea2d0f1,
    0x00edb8, 0x00edc0, 0x000000, 0x8ea2d1b0, 0x00edc1, 0x8ea2d0f2, 0x8ea2d1b6, 0x8ea2d1a9,
    0x8ea2d1af, 0x00edbe, 0x8eaecccd, 0x8eaeccd0, 0x8ea2d1ac, 0x8eaeccc7, 0x8ea2d1b3, 0x8eaeccdb,
    0x00edc3, 0x8eaeccd6, 0x00edbd, 0x8ea2d1a5, 0x8ea2d0f6, 0x8ea2d1b8, 0x8ea2d0f3, 0x8ea2d1b1,
    0x00edba, 0x8eaeccca, 0x8ea2d0fd, 0x8eaeccc9, 0x8ea2d0fe, 0x00edb9, 0x00edb6, 0x8ea2d0f9,
    0x00edbc, 0x8eaeccd2, 0x00edb5, 0x8eaecce2, 0x8ea2d1b2, 0x8ea2d1b5, 0x8ea2d1a2, 0x8ea2d7d5,
    0x8eaeccde, 0x8eaeccd9, 0x000000, 0x8eaecce1, 0x8eaee5b0, 0x000000, 0x000000, 0x000000,
    0x000000, 0x8ea2d7cd, 0x8eaed1ac, 0x8ea2d7c9, 0x00f1a1, 0x8eaed1bc, 0x8eaed1b8, 0x00f0f4,
    0x00f0f9, 0x00f0f5, 0x8ea2d7d7, 0x8ea2d7e2, 0x00f0f3, 0x8ea2d7cf, 0x8ea2d7d8, 0x8ea2d1a8,
    0x8ea2d7d9, 0x8eaed1a8, 0x8eaed1ab, 0x00f0fa, 0x8eaed1c0, 0x8ea2d7e8, 0x00f0fe, 0x00f1a3,
    0x8ea2d7cb, 0x8eaed1bb, 0x00f0fd, 0x8eaed1b1, 0x8ea2d7e6, 0x8ea2d7e7, 0x8ea2d7dd, 0x8ea2d7dc,
    0x8ea2d7d4, 0x8eaed1a9, 0x8eaed1be, 0x8ea2d7de, 0x8ea2d7e5, 0x8ea2d7e4, 0x8eaed1af, 0x00f0f8,
    0x00f0f6, 0x8ea2d7d6, 0x8ea2d7d3, 0x8eaed1c4, 0x8ea2d7d0, 0x8ea2d7e3, 0x00f1a2, 0x8ea2d7e1,
    0x00f0fc, 0x00f0fb, 0x8eaed1a7, 0x8ea2d7db, 0x000000, 0x8ea2d7ca, 0x8ea2d7cc, 0x8ea2d7ce,
    0x8ea2d7e0, 0x8ea2d7da, 0x00f0f7, 0x8eaed1ae, 0x8ea2d7d1, 0x8eaed1b2, 0x8ea2d7df, 0x8eaed1c1,
    0x8eaed1ba, 0x000000, 0x000000, 0x000000, 0x000000, 0x8ea2d7d2, 0x8eaee5b1, 0x000000, 0x000000,
    0x8eaee5b2, 0x000000, 0x000000, 0x8eaed4f5, 0x00f3f8, 0x8ea2ddb1, 0x00f3f1, 0x8ea2dda2,
    0x8eaed4fb, 0x8ea2ddad, 0x00f3f3, 0x8ea2ddb4, 0x8eaed5a1, 0x8ea2dda9, 0x8eaed4fc, 0x8ea2dda4,
    0x8eaed4f6, 0x000000, 0x8ea2ddb5, 0x8ea2dcfe, 0x8ea2ddab, 0x8eaed5a7, 0x00f3fa, 0x8ea2ddb0,
    0x8ea2ddb6, 0x8ea2ddaa, 0x00f3f2, 0x8ea2ddac, 0x8ea2dda1, 0x00f3f9, 0x8eaed5a3, 0x8eaed4fa,
    0x8ea2ddb3, 0x8ea2dda6, 0x00f3f5, 0x8eaed5a4, 0x8ea2dda8, 0x8ea2dda5, 0x00f3fb, 0x8ea2dda7,
    0x00f3f4, 0x00f3f7, 0x8ea2ddaf, 0x8ea2dda3, 0x8ea2ddb2, 0x8eaed4f8, 0x8ea2ddae, 0x000000,
    0x8eaed5a9, 0x8eaed7f4, 0x00f6cf, 0x8ea2e1f3, 0x00f6d4, 0x00f6d5, 0x8eaed7f7, 0x8eaed8a1,
    0x8eaed7f6, 0x00f6ce, 0x8ea2e1f2, 0x8eaed7f8, 0x8ea2e1ef, 0x8ea2e1f0, 0x00f6d2, 0x8ea2e1ea,
    0x8ea2e1ee, 0x00f6d1, 0x8eaed7fe, 0x8ea2e1eb, 0x8eaed7f9, 0x8eaed8a3, 0x8eaed7fd, 0x8eaed7fa,
    0x00f6d3, 0x00f6d0, 0x8eaed8a2, 0x8ea2e1e9, 0x8ea2e1ed, 0x8ea2e1f1, 0x8eaed7fb, 0x000000,
    0x8eaee5b3, 0x8ea2e5dc, 0x8ea2e5d9, 0x8ea2e5e2, 0x8eaedac4, 0x8ea2e5e1, 0x8ea2e5df, 0x8ea2e5da,
    0x8eaedacf, 0x00f8bf, 0x8eaedac5, 0x8eaedace, 0x000000, 0x8eaedac7, 0x8eaedacd, 0x8ea2e5db,
    0x00f8be, 0x00f3f6, 0x8ea2e5de, 0x00f8bd, 0x8ea2e5e3, 0x8ea2e5dd, 0x8ea2e5d8, 0x8ea2e1ec,
    0x8eaedac8, 0x8eaedac6, 0x000000, 0x00f8bc, 0x8eaee5b4, 0x8ea2e5d7, 0x8ea2e9a4, 0x8eaedcc9,
    0x8ea2e9a3, 0x8ea2e5e0, 0x00f9f3, 0x8eaed7f5, 0x8ea2e9a7, 0x8ea2e9a8, 0x8ea2e9a2, 0x8ea2e9a6,
    0x000000, 0x8ea2e9a1, 0x8eaedcc7, 0x8eaee5b5, 0x000000, 0x000000, 0x8ea2ebdf, 0x8ea2e9a5,
    0x00faf2, 0x00faf0, 0x8ea2ebdd, 0x8eaedeb5, 0x8eaedeb4, 0x8eaedeb3, 0x8ea2ebe0, 0x8eaedeb7,
    0x8ea2ebdc, 0x8ea2ebde, 0x00faf1, 0x000000, 0x8eaedfcf, 0x8eaedfce, 0x8ea2edd3, 0x8ea2edd4,
    0x00fbe2, 0x8ea2edd2, 0x000000, 0x8eaee5b6, 0x8eaee5b7, 0x8ea2efb1, 0x00fcbb, 0x8ea2efaf,
    0x8ea2efb0, 0x8ea2f0ba, 0x8eaee0f4, 0x000000, 0x00fda3, 0x8ea2f1a3, 0x8ea2f1a1, 0x8ea2f1a2,
    0x8ea2f1a4, 0x8eaee1c0, 0x8eaee1e5, 0x8eaee1c1, 0x8ea2f2ab, 0x000000, 0x00c5ce, 0x00c8b9,
    0x8eaea3f9, 0x00cebc, 0x000000, 0x8ea2a7ca, 0x8eaea9d3, 0x8eaea9d4, 0x8ea2abc6, 0x8eaee2e9,
    0x8eaeadbc, 0x8eaeb1e6, 0x8ea2aff7, 0x8ea2aff9, 0x8eaeb1e5, 0x8ea2aff8, 0x8eaeb1e7, 0x8ea2affa,
    0x00dbc3, 0x8ea2b6bb, 0x8ea2affb, 0x8eaeb6e2, 0x8ea2b6ba, 0x8ea2b6bc, 0x8ea2b6bd, 0x8ea2bcfd,
    0x00e0a2, 0x8ea2bcfe, 0x8ea2bda2, 0x00e0a3, 0x00e0a1, 0x8ea2bda1, 0x8eaec1fd, 0x8ea2c4a2,
    0x8ea2c3fe, 0x8ea2c3fd, 0x8eaec1fc, 0x8ea2c3fc, 0x8ea2c3fb, 0x00e4d8, 0x8ea2c4a1, 0x00e9b9,
    0x8ea2cbab, 0x8ea2cbad, 0x00e9ba, 0x8ea2cbac, 0x00edc5, 0x8eaecce6, 0x00edc4, 0x8ea2d1b9,
    0x8eaecce5, 0x8eaecce7, 0x8ea2d7ea, 0x8ea2d7e9, 0x8ea2d7eb, 0x8eaed1c6, 0x8eaed1c5, 0x00f1a4,
    0x000000, 0x8ea2ddb7, 0x00f3fc, 0x8eaed5ab, 0x8ea2e1f4, 0x00f6d6, 0x8ea2e5e4, 0x00fbe3,
    0x00c5cf, 0x00c6df, 0x00c8ba, 0x00cae3, 0x00cebd, 0x00cebe, 0x8eaea9d5, 0x8eaea9d6, 0x00d1f1,
    0x8eaeadbd, 0x8eaeb1e8, 0x8ea2affc, 0x8eaebcc9, 0x8eaebcc7, 0x000000, 0x8eaec1fe, 0x00e4d9,
    0x8eaec2a1, 0x8eaec7d3, 0x000000, 0x8ea2d2d9, 0x00f1a5, 0x00f6d7, 0x00c5d0, 0x8eaea2d3,
    0x00c8bb, 0x000000, 0x000000, 0x8ea2a7cc, 0x00cebf, 0x8ea2a7cb, 0x8eaea9d8, 0x8ea2abc7,
    0x00d1f2, 0x8ea2abc8, 0x000000, 0x00d1f3, 0x000000, 0x8ea2affe, 0x00d6b2, 0x00d6b1, 0x8eaeb1ea,
    0x8ea2b6c2, 0x8ea2b6c0, 0x8ea2b6c1, 0x8ea2b6bf, 0x8eaeb6e4, 0x8ea2b6be, 0x000000, 0x000000,
    0x8ea2bda3, 0x8ea2bda6, 0x00e0a5, 0x8ea2bda4, 0x00e0a4, 0x8ea2bda5, 0x000000, 0x8ea2c4a3,
    0x8eaec2a2, 0x8eaee3d4, 0x8ea2cbae, 0x8ea2cbaf, 0x8ea2cbb0, 0x8eaec7d4, 0x8ea2d1bc, 0x8ea2d1bb,
    0x00edc6, 0x8ea2d1ba, 0x8ea2d1bd, 0x8ea2d7ec, 0x000000, 0x000000, 0x8ea2d7ed, 0x8ea2d7ee,
    0x000000, 0x8ea2ddb8, 0x00f3fd, 0x00f6d8, 0x8ea2e5e5, 0x000000, 0x00faf3, 0x8ea2a1bf,
    0x8eaea9d9, 0x00d1f4, 0x8ea2abc9, 0x00d6b3, 0x000000, 0x000000, 0x00dbc4, 0x8eaeb6e5, 0x00e0a6,
    0x8ea2bda7, 0x8eaebccb, 0x00e4db, 0x00e4da, 0x8eaec2a6, 0x000000, 0x8ea2cbb1, 0x8ea2cbb2,
    0x00edc7, 0x00edc8, 0x8ea2d7f0, 0x8ea2d7ef, 0x8ea2e1f5, 0x8ea2efb2, 0x00c5d1, 0x8ea2a1c0,
    0x00c6e0, 0x8eaea3fa, 0x00cae4, 0x8ea2a4c8, 0x8eaea9da, 0x00d1f5, 0x00e4dc, 0x00c5d2, 0x000000,
    0x8ea2abca, 0x00d1f6, 0x8ea2abcb, 0x000000, 0x00f3fe, 0x00c5d3, 0x8eaee5b8, 0x8eaee5b9,
    0x8ea2a7cd, 0x000000, 0x8ea2abcc, 0x8eaeadc2, 0x8ea2b0a5, 0x8ea2b0a4, 0x8ea2b0a2, 0x8eaeb1ee,
    0x8ea2b0a1, 0x8ea2b0a6, 0x8ea2b0a3, 0x8eaeb1ec, 0x8eaeb1ed, 0x00dbc5, 0x00dbc6, 0x8eaeb6e6,
    0x000000, 0x00e0a7, 0x8ea2bda8, 0x000000, 0x8ea2bda9, 0x8ea2bdaa, 0x8eaebccd, 0x000000,
    0x8eaee5ba, 0x8ea2c4a7, 0x8ea2c4a8, 0x8ea2c4a6, 0x8eaec2a8, 0x8ea2c4a4, 0x8ea2c4a5, 0x00e4dd,
    0x8ea2cbb3, 0x8ea2d1c0, 0x8ea2d1bf, 0x8ea2d1be, 0x8ea2d1c1, 0x8ea2d7f2, 0x8ea2d7f1, 0x00f1a6,
    0x8ea2d7f3, 0x000000, 0x00f4a1, 0x8ea2ddb9, 0x8eaed5ad, 0x8ea2e1f6, 0x8ea2e5e6, 0x8ea2edd5,
    0x000000, 0x00c5d4, 0x00c6e2, 0x00c6e1, 0x000000, 0x00cec0, 0x8ea2a1c1, 0x8ea2a1df, 0x00c8bc,
    0x000000, 0x8ea2a2d8, 0x8ea2a4c9, 0x8ea2a4ca, 0x00cec1, 0x8eaea9dd, 0x8ea2a7ce, 0x8eaee5bb,
    0x00d1f7, 0x8ea2abcd, 0x8ea2abce, 0x000000, 0x00d6b4, 0x00d6b8, 0x8ea2b0a7, 0x00d6b7, 0x00d6b5,
    0x00d6b6, 0x000000, 0x8ea2b6c3, 0x00dbc7, 0x00e0aa, 0x8eaebcce, 0x00e0a8, 0x00e0a9, 0x8ea2bdab,
    0x8eaec2a9, 0x8eaec2aa, 0x00e9bb, 0x00c5d5, 0x000000, 0x8ea2a1e0, 0x8eaea2d7, 0x00c6e3,
    0x8eaea2d4, 0x000000, 0x8ea2a1e3, 0x8eaea4a1, 0x000000, 0x00c6e6, 0x8ea2a1e2, 0x00c6e5,
    0x00c6e4, 0x00cae5, 0x8ea2a1e1, 0x8eaea2d8, 0x8eaea2d9, 0x8ea2a2d9, 0x000000, 0x000000,
    0x000000, 0x8ea2a2dd, 0x8ea2a2df, 0x8ea2a2e0, 0x00c8c6, 0x00c8c7, 0x8ea2a2dc, 0x00c8c2,
    0x8eaea3fd, 0x8ea2a2da, 0x8eaea4a5, 0x8ea2a2de, 0x00c8c3, 0x8eaea6d5, 0x00c8be, 0x8eaea3fc,
    0x00c8bf, 0x8eaea4a3, 0x00c8c5, 0x8ea2a2db, 0x00c8bd, 0x00cae6, 0x00c8c0, 0x00c8c1, 0x00c8c4,
    0x000000, 0x8eaee5bc, 0x000000, 0x8ea2a4db, 0x8ea2a4d9, 0x8ea2a4cc, 0x00caf2, 0x8ea2a4d3,
    0x00caed, 0x8ea2a4cd, 0x8eaea9e4, 0x8ea2a4d5, 0x8eaea6d0, 0x8ea2a4d2, 0x00caf0, 0x8ea2a4d1,
    0x00caf7, 0x8ea2a4da, 0x00caf9, 0x8eaea6d3, 0x00cafb, 0x8eaea3fe, 0x8ea2a4cb, 0x8eaea6d7,
    0x00caee, 0x8ea2a4dc, 0x8eaea6d1, 0x00caf5, 0x00caf8, 0x8eaea6cc, 0x8ea2a7e5, 0x00cae8,
    0x00cba1, 0x00caf6, 0x8ea2a4ce, 0x00caeb, 0x00cafa, 0x8ea2a4d6, 0x00cae9, 0x00caea, 0x8ea2a7e3,
    0x8ea2a4cf, 0x00caf1, 0x00cafc, 0x8ea2a4dd, 0x8ea2a4d0, 0x00caef, 0x8eaea6cd, 0x00caf4,
    0x8ea2a7cf, 0x00cafd, 0x8ea2a4d7, 0x00caf3, 0x8eaea9e3, 0x00cafe, 0x00cae7, 0x8ea2a4d4,
    0x00caec, 0x8ea2a4d8, 0x8ea2a7e4, 0x8eaea6ce, 0x8eaea6d2, 0x8eaea6dc, 0x8eaea6d9, 0x8eaea6d6,
    0x000000, 0x000000, 0x000000, 0x000000, 0x000000, 0x000000, 0x000000, 0x8eaea6db, 0x00cecd,
    0x00cedd, 0x8ea2a7d6, 0x00ced4, 0x8eaeadce, 0x8ea2a7eb, 0x00cec5, 0x8eaea9eb, 0x00cec8,
    0x8ea2a7e2, 0x000000, 0x8ea2a7d4, 0x8ea2a7d8, 0x00ced0, 0x00ced2, 0x8ea2a7db, 0x00ced9,
    0x00cecb, 0x00cec9, 0x00ceca, 0x00ced8, 0x8ea2a7e7, 0x00ced3, 0x8ea2a7da, 0x8ea2a7dc, 0x00ced1,
    0x00ced6, 0x8ea2a7dd, 0x8ea2a7ea, 0x8eaea9ed, 0x00d1f8, 0x00cedc, 0x8eaee2e1, 0x00cec6,
    0x8ea2a7e9, 0x8eaea9ec, 0x8ea2a7ed, 0x8ea2a7d9, 0x8ea2a7ef, 0x8ea2a7e0, 0x00cecf, 0x8ea2a7d5,
    0x00cece, 0x00cee0, 0x00ced5, 0x8eaea9ea, 0x8ea2a7d3, 0x8ea2abd7, 0x00cedb, 0x00cedf,
    0x8ea2a7e1, 0x8ea2a7e6, 0x8eaea9e5, 0x00cee1, 0x00ceda, 0x00cecc, 0x00cec2, 0x8eaea9e9,
    0x00cec7, 0x8eaee2e0, 0x8ea2a7d7, 0x00cec3, 0x8ea2a7ee, 0x8eaea9e7, 0x8ea2a7d1, 0x8ea2a7d0,
    0x8ea2a7de, 0x8ea2a7d2, 0x00cede, 0x00d6b9, 0x00ced7, 0x8ea2a7df, 0x00cec4, 0x8eaeadcf,
    0x00d2a9, 0x000000, 0x000000, 0x000000, 0x8ea2a7ec, 0x000000, 0x000000, 0x000000, 0x000000,
    0x000000, 0x8eaeadc6, 0x8ea2abde, 0x8ea2abe1, 0x8eaeadd0, 0x8ea2abe4, 0x8ea2abd9, 0x8eaeadc8,
    0x8eaeadca, 0x8ea2abe7, 0x8ea2abea, 0x8ea2abec, 0x8ea2abd6, 0x00d1f9, 0x00d1fe, 0x8ea2b0ac,
    0x00d2b0, 0x8ea2abe5, 0x8ea2abed, 0x8ea2abdd, 0x8ea2abd5, 0x8eaeadc9, 0x8eaeadc7, 0x8eaeadcd,
    0x8ea2b0c7, 0x00d2a3, 0x8ea2abe2, 0x8ea2abda, 0x8ea2abdc, 0x00d2a8, 0x8eaeb1fa, 0x8ea2abdf,
    0x00d2a2, 0x8ea2abd2, 0x8ea2abe8, 0x8eaeadcb, 0x8ea2abeb, 0x8eaeadc5, 0x8eaeadd7, 0x00d1fd,
    0x8eaeadd3, 0x00d2ab, 0x8ea2abcf, 0x00d2ad, 0x00d1fb, 0x00d2b1, 0x8ea2abe9, 0x8ea2abd1,
    0x00d2ae, 0x8ea2b0c1, 0x8ea2a7e8, 0x00d2a1, 0x00d1fa, 0x8ea2abd8, 0x8ea2abd0, 0x00d2af,
    0x00d2a7, 0x8ea2abe3, 0x00d2ac, 0x00d2aa, 0x8ea2abdb, 0x00d2a4, 0x8ea2abd3, 0x00d2a5, 0x00d2a6,
    0x8ea2abd4, 0x8ea2abe6, 0x00d1fc, 0x8ea2abe0, 0x000000, 0x8eaeadd5, 0x8eaeadd1, 0x000000,
    0x000000, 0x000000, 0x000000, 0x000000, 0x000000, 0x000000, 0x000000, 0x000000, 0x000000,
    0x000000, 0x000000, 0x000000, 0x000000, 0x000000, 0x000000, 0x8eaeb1f7, 0x8eaeb1f3, 0x8ea2b0af,
    0x00d6c1, 0x00d6c6, 0x8eaeb1f9, 0x8eaeb2a6, 0x8eaeb1f6, 0x8ea2b0b8, 0x8ea2b0be, 0x8ea2b0ba,
    0x8ea2b0ad, 0x8ea2b0b0, 0x8ea2b0a9, 0x8ea2b0aa, 0x00d6cd, 0x00d6be, 0x8ea2b0b9, 0x8ea2b0c2,
    0x00d6c8, 0x00d6ba, 0x8eaeb1ef, 0x00d6c3, 0x8ea2b0b1, 0x00d6c5, 0x8ea2b0b2, 0x8ea2b0bc,
    0x8eaeb2a2, 0x8eaeb2a5, 0x8eaeb1f2, 0x00d6c7, 0x8ea2b0cb, 0x8ea2b0ab, 0x00d6c0, 0x00d6bf,
    0x00d6cb, 0x8ea2b0a8, 0x8ea2b0c9, 0x8ea2b0bd, 0x8ea2b0ca, 0x8ea2b0c4, 0x8ea2b0b6, 0x8ea2b0c5,
    0x8eaeb2a1, 0x8ea2b0bf, 0x8ea2b0c8, 0x8ea2b0c6, 0x00d6cc, 0x8ea2b0b7, 0x00d6bd, 0x00d6bc,
    0x00d6c4, 0x00d6ca, 0x8ea2b0c3, 0x00d6c9, 0x8ea2b0b4, 0x00dbc8, 0x8eaeb1f8, 0x8ea2b0cc,
    0x8ea2b0b3, 0x8ea2b0ae, 0x00d6c2, 0x00d6ce, 0x00d6bb, 0x8eaeb2a7, 0x8ea2b0bb, 0x8ea2b0c0,
    0x8eaeb1fd, 0x8eaeb1fb, 0x8eaeb1fc, 0x000000, 0x000000, 0x000000, 0x000000, 0x000000, 0x000000,
    0x000000, 0x000000, 0x000000, 0x8eaee5bd, 0x000000, 0x000000, 0x000000, 0x000000, 0x00dbea,
    0x8ea2b6c5, 0x8ea2b6c9, 0x8eaeb6ef, 0x00dbd7, 0x00dbd5, 0x8eaeb6fa, 0x8eaeb7a1, 0x00dbcc,
    0x8ea2b6c7, 0x8ea2b6c6, 0x00dbe0, 0x8eaebcd0, 0x8ea2b6cc, 0x00dbda, 0x8eaeb6f2, 0x8ea2b6de,
    0x8ea2b6ea, 0x00dbc9, 0x8ea2b6db, 0x8ea2b6d4, 0x00dbec, 0x8ea2b6c4, 0x8eaeb6ea, 0x8ea2b6e0,
    0x8eaeb6eb, 0x00dbe9, 0x00dbdd, 0x00dbe8, 0x00dbd3, 0x8ea2b6d0, 0x8ea2b6e2, 0x8ea2b6da,
    0x00dbd4, 0x00dbce, 0x8ea2b6e8, 0x8eaeb6ec, 0x8ea2b6e1, 0x8ea2b6e3, 0x00dbd6, 0x00dbde,
    0x8ea2b6e5, 0x8ea2b6ce, 0x8ea2b6df, 0x8ea2b6d3, 0x8ea2b6e7, 0x00dbe3, 0x00dbcb, 0x00dbe1,
    0x8ea2b6d8, 0x8ea2b6d6, 0x8ea2b6d7, 0x00dbd8, 0x8ea2b6d2, 0x8ea2b6d1, 0x00dbcd, 0x8ea2b6cb,
    0x8ea2b6e9, 0x00dbcf, 0x8ea2b6d5, 0x00dbed, 0x8eaeb6f4, 0x00dbe7, 0x8ea2b6ca, 0x00dbe4,
    0x00dbe2, 0x00dbeb, 0x8ea2b6dc, 0x00dbe6, 0x8ea2b0b5, 0x8ea2b6dd, 0x00dbe5, 0x8ea2b6e4,
    0x00dbca, 0x8ea2b6d9, 0x00dbdc, 0x8ea2b6cd, 0x00dbdb, 0x8eaeb6fc, 0x00dbd9, 0x00dbd1, 0x00dbd0,
    0x8ea2bdac, 0x8ea2b6e6, 0x8eaebcdd, 0x8eaeb7a8, 0x8ea2b6cf, 0x8eaeb7a6, 0x8eaeb7a3, 0x8ea2bdc1,
    0x8eaeb6f0, 0x00dbd2, 0x8eaeb6f7, 0x8eaeb7a4, 0x8eaeb6f6, 0x8eaeb7a5, 0x8eaeb6f9, 0x000000,
    0x8eaeb6fd, 0x000000, 0x000000, 0x8eaee5be, 0x000000, 0x000000, 0x8eaeb7a9, 0x000000, 0x000000,
    0x000000, 0x000000, 0x8eaeb7a7, 0x8eaebcd4, 0x00e0c7, 0x00dbdf, 0x00e0b5, 0x8ea2bdbb, 0x00e0c3,
    0x8eaebcd2, 0x8ea2bdaf, 0x00e0b2, 0x00e0ae, 0x8ea2bdcd, 0x00e0b4, 0x00e0b8, 0x00e0b3, 0x00e0bc,
    0x8ea2bdd1, 0x8ea2bdc8, 0x8eaebceb, 0x8eaebced, 0x8ea2bdb6, 0x00e0c1, 0x00e0bb, 0x8ea2bdc2,
    0x00e0ab, 0x8ea2bdce, 0x8ea2bdc7, 0x00e0af, 0x8ea2bdbc, 0x00e0be, 0x8ea2bdd9, 0x8ea2bdda,
    0x000000, 0x00e0ac, 0x8ea2bdcc, 0x00e0c0, 0x8ea2bdc0, 0x8ea2bdb2, 0x8ea2bdb3, 0x00e0c4,
    0x8ea2bdb7, 0x8ea2bdbe, 0x8ea2bdb8, 0x8eaebcda, 0x00e0c2, 0x00e0ca, 0x8ea2bdb4, 0x8ea2bdad,
    0x8ea2bdae, 0x8eaebcd6, 0x8ea2bdb0, 0x00e0b1, 0x8ea2bdbd, 0x8eaebcee, 0x00e0bf, 0x00e0c8,
    0x8eaebcd8, 0x8eaebce9, 0x8ea2bdbf, 0x8ea2bdd7, 0x8ea2bdcf, 0x00e0ad, 0x8ea2bdd5, 0x00e0b9,
    0x8eaebce6, 0x00e0b7, 0x8eaebce4, 0x8ea2bddb, 0x00e0b6, 0x8ea2bdc5, 0x8ea2bdb9, 0x8ea2bdc3,
    0x00e0cd, 0x8ea2bdc9, 0x8ea2bdc6, 0x8ea2bdb5, 0x00e0c9, 0x8ea2bdd3, 0x8ea2bdd0, 0x8ea2bdd8,
    0x00e0b0, 0x8ea2bdc4, 0x00e0cc, 0x8eaebcdb, 0x8ea2bdcb, 0x8eaec2ba, 0x8eaebce0, 0x00e0ba,
    0x00e0bd, 0x8eaebcdc, 0x8ea2bdca, 0x00e0cb, 0x8ea2bdba, 0x8ea2b6c8, 0x8eaebcd1, 0x8eaebcec,
    0x8ea2bdd4, 0x8ea2bdd2, 0x8ea2bdd6, 0x000000, 0x8eaebce2, 0x8eaee5c2, 0x000000, 0x8eaebce3,
    0x000000, 0x8eaebce8, 0x000000, 0x000000, 0x000000, 0x8eaee5c0, 0x000000, 0x8eaee3bd, 0x000000,
    0x8ea2bdb1, 0x00e0c6, 0x8eaee5bf, 0x8eaee5c1, 0x000000, 0x8ea2c4c7, 0x8ea2c4c6, 0x8ea2c4ac,
    0x00e4e3, 0x8eaec2b0, 0x8ea2c4c5, 0x8ea2c4af, 0x8ea2c4b0, 0x000000, 0x00e4ed, 0x8ea2c4ce,
    0x00e4e8, 0x8ea2c4c4, 0x8eaec2b3, 0x8ea2c4a9, 0x00e4ee, 0x00e4e4, 0x8ea2c4b8, 0x8ea2c4ae,
    0x8ea2c4b1, 0x8ea2c4c9, 0x00e4de, 0x8ea2c4d0, 0x8ea2c4c8, 0x00e4e7, 0x8ea2c4bd, 0x00e4f2,
    0x8eaec2ae, 0x8eaec2b6, 0x00e4f1, 0x00e4eb, 0x8eaec2c0, 0x000000, 0x8ea2c4cf, 0x00e4df,
    0x8ea2c4bb, 0x8ea2c4b2, 0x8ea2c4bf, 0x8ea2c4cb, 0x00e4f3, 0x8eaec2b9, 0x00e4e1, 0x8ea2c4ba,
    0x8eaec2ad, 0x8ea2c4b3, 0x00e4ea, 0x8eaec2b1, 0x00e4e9, 0x8ea2c4b6, 0x8ea2c4c0, 0x8ea2c4ca,
    0x8ea2c4ad, 0x8ea2c4b7, 0x00e4e2, 0x8ea2c4c1, 0x00e4ef, 0x00e4e6, 0x8ea2c4b4, 0x00e4e5,
    0x8ea2c4ab, 0x8ea2c4b9, 0x8ea2c4cd, 0x00e0c5, 0x00e9d7, 0x8ea2c4bc, 0x8ea2cbb4, 0x8ea2c4be,
    0x8ea2c4cc, 0x00e4ec, 0x8ea2c4b5, 0x00e4e0, 0x00e4f0, 0x00edda, 0x8ea2c4aa, 0x000000,
    0x8ea2c4c3, 0x8eaec2c4, 0x8eaec2be, 0x8eaec2c7, 0x8ea2c4c2, 0x8eaec2bd, 0x000000, 0x000000,
    0x000000, 0x000000, 0x000000, 0x8eaec2c5, 0x000000, 0x000000, 0x8eaec2bf, 0x000000, 0x8eaec2bb,
    0x8eaec2c6, 0x000000, 0x8ea2cbd0, 0x00e9d4, 0x8ea2cbc5, 0x8ea2cbca, 0x00e9c9, 0x8eaec7d6,
    0x8ea2cbb6, 0x00e9d6, 0x8eaec7d7, 0x00e9c0, 0x8ea2cbb5, 0x8ea2cbd6, 0x00e9d8, 0x8ea2cbb9,
    0x8ea2cbc9, 0x8eaec7e5, 0x8ea2cbbb, 0x8ea2cbd9, 0x8ea2cbd5, 0x00e9be, 0x00e9c8, 0x8ea2d1db,
    0x00e9d5, 0x00e9c6, 0x8ea2cbb7, 0x8eaec7e3, 0x8ea2cbd4, 0x00e9ca, 0x8ea2cbd1, 0x8ea2cbde,
    0x8ea2cbbd, 0x8ea2cbc6, 0x8eaeccf8, 0x8eaec7db, 0x8ea2cbdc, 0x8ea2cbd2, 0x00e9c5, 0x8eaeccea,
    0x8eaec7e4, 0x8ea2cbc4, 0x00e9bf, 0x00e9bd, 0x00e9cf, 0x000000, 0x8eaec7df, 0x8ea2cbc2,
    0x8ea2cbbf, 0x8ea2cbc0, 0x8eaec7da, 0x8ea2cbd8, 0x8eaec7dc, 0x8ea2cbdd, 0x8ea2cbdb, 0x00e9c3,
    0x8ea2cbdf, 0x00e9c7, 0x00e9ce, 0x000000, 0x8ea2cbb8, 0x8ea2d1c3, 0x8ea2cbc1, 0x8eaec7de,
    0x00e9c1, 0x00e9d3, 0x00e9d0, 0x00e9c4, 0x8ea2cbcb, 0x8ea2cbbc, 0x00e9d1, 0x8ea2cbcd, 0x00e9cb,
    0x00e9cd, 0x00e9bc, 0x8eaec7dd, 0x8ea2cbcf, 0x8ea2cbc7, 0x8ea2cbba, 0x00e9cc, 0x8ea2cbd7,
    0x8ea2cbda, 0x8ea2cbc3, 0x8ea2cbce, 0x8eaeccf4, 0x00e9c2, 0x00edc9, 0x8ea2cbcc, 0x8ea2d1c2,
    0x8eaec7e2, 0x8ea2cbd3, 0x8eaec7e1, 0x000000, 0x000000, 0x000000, 0x8eaee5c4, 0x8eaee5c5,
    0x8eaec7e6, 0x000000, 0x8eaee5c3, 0x000000, 0x8ea2cbbe, 0x8ea2d1cc, 0x8ea2d1d6, 0x00edcc,
    0x8ea2d1d5, 0x8ea2d1e1, 0x00edce, 0x8ea2d1d3, 0x000000, 0x8ea2d1d7, 0x00edd9, 0x8eaeccfd,
    0x8ea2d1ce, 0x00edd1, 0x8eaeccf3, 0x8ea2d1da, 0x8ea2d7fb, 0x00eddd, 0x00eddc, 0x8ea2d1dc,
    0x8ea2d1cb, 0x8ea2d1e6, 0x00edd7, 0x8eaecceb, 0x00edcd, 0x8ea2d1df, 0x000000, 0x8ea2d1e3,
    0x8ea2d1e8, 0x8ea2d1dd, 0x8ea2d1d1, 0x00edd0, 0x00edd3, 0x00eddb, 0x00edd6, 0x8eaeccf5,
    0x8ea2d1d4, 0x8ea2cbc8, 0x8eaeccfe, 0x8eaeccec, 0x8ea2d1d0, 0x8ea2d1e7, 0x00edd2, 0x8eaeccf9,
    0x00edd5, 0x8ea2d1e9, 0x00edca, 0x8ea2d1de, 0x8ea2d1c4, 0x8ea2d1e4, 0x00f4aa, 0x8eaeccfa,
    0x8ea2d1d2, 0x000000, 0x00edcb, 0x8ea2d1cd, 0x00edcf, 0x8ea2d1c5, 0x00e9d2, 0x8ea2d1c9,
    0x8eaee3e3, 0x8ea2d1e2, 0x8ea2d1ca, 0x8ea2d1c8, 0x00edd4, 0x8eaeccfb, 0x8ea2d1e0, 0x8eaeccf7,
    0x8ea2d1c7, 0x8ea2d1d9, 0x8ea2d1d8, 0x8ea2d1e5, 0x8ea2d1cf, 0x00edd8, 0x000000, 0x8eaee5c7,
    0x000000, 0x000000, 0x000000, 0x8eaee5c6, 0x8ea2d7fe, 0x8eaed1d6, 0x00f1b3, 0x00f1a9,
    0x8ea2d8ac, 0x8ea2d7f6, 0x00f1ab, 0x8ea2d8a4, 0x00f1b2, 0x00f1ad, 0x8ea2d8a2, 0x8ea2ddbb,
    0x8ea2d8a8, 0x8ea2d8ae, 0x8ea2d8a7, 0x8ea2d7f4, 0x8ea2d8a5, 0x8ea2d8b0, 0x8ea2d8b2, 0x00f1a8,
    0x8ea2d8b1, 0x00f1ae, 0x00f1b4, 0x8eaed1d4, 0x00f1b1, 0x8eaed1d8, 0x8ea2d8ab, 0x00f1b0,
    0x8ea2d8a6, 0x8eaed1cd, 0x8ea2d7f8, 0x8ea2d7fd, 0x8eaed1d0, 0x8ea2d8aa, 0x00f1af, 0x00f1ac,
    0x00f1a7, 0x00f1aa, 0x8ea2d7fc, 0x000000, 0x8ea2d1c6, 0x8ea2d7f7, 0x8ea2d7fa, 0x8ea2d8ad,
    0x8ea2d8a1, 0x8ea2d7f5, 0x8ea2ddba, 0x8ea2d8af, 0x8ea2d7f9, 0x8ea2d8a9, 0x8eaeccf1, 0x000000,
    0x000000, 0x8eaed1d5, 0x8ea2ddbd, 0x00f4ae, 0x8eaed5b0, 0x8eaed5af, 0x00f4a2, 0x8eaed5b5,
    0x8eaed5b6, 0x00f4a6, 0x8ea2ddbf, 0x8ea2ddc5, 0x8ea2ddc3, 0x00f4a4, 0x00f4a5, 0x00f4ac,
    0x8ea2ddc6, 0x8ea2ddbe, 0x00f4a7, 0x8eaed5b1, 0x8ea2ddc2, 0x8ea2ddc1, 0x8ea2ddc7, 0x00f4ad,
    0x8eaed5b7, 0x00f4a8, 0x00f4ab, 0x8ea2ddc0, 0x00f4af, 0x00f4a9, 0x00f4b0, 0x00f4a3, 0x8ea2ddc4,
    0x8eaedad5, 0x8ea2ddbc, 0x8eaed1d9, 0x8eaed5b9, 0x8ea2e2a5, 0x8eaee5c8, 0x000000, 0x00f6dd,
    0x8ea2e2a2, 0x8ea2e2a4, 0x8eaed8a8, 0x00f6db, 0x8ea2e1fe, 0x8ea2e2a1, 0x8ea2e1fa, 0x8eaed8aa,
    0x8eaed8a7, 0x8ea2d8a3, 0x8ea2e1fb, 0x00f6dc, 0x8ea2e1f7, 0x8eaed8a6, 0x00f6d9, 0x8ea2e2a6,
    0x00f6da, 0x8ea2e1f8, 0x8ea2e1f9, 0x8ea2e1fd, 0x00f6df, 0x8eaed8a9, 0x00f6de, 0x000000,
    0x8eaed8ab, 0x8ea2e1fc, 0x00f8c5, 0x8ea2e5ea, 0x8ea2e5f0, 0x00f8c6, 0x8ea2e5e7, 0x00f8c3,
    0x00f8c0, 0x8ea2e5f2, 0x00f8c4, 0x8eaedad2, 0x00f8c1, 0x8ea2e5e9, 0x8ea2e5ec, 0x8ea2e5ed,
    0x8ea2e5ee, 0x8ea2e5f1, 0x8eaedad4, 0x8ea2e2a3, 0x8ea2e5e8, 0x00f8c2, 0x8ea2e5ef, 0x8ea2e9b4,
    0x8ea2e5eb, 0x8eaedad3, 0x8eaee5ca, 0x8eaee5c9, 0x8ea2e9ab, 0x00f9f5, 0x8ea2e9ae, 0x00f9f6,
    0x8ea2e9b7, 0x8ea2e9ad, 0x8ea2e9aa, 0x8eaedcd1, 0x8ea2e9ac, 0x8ea2e9b0, 0x8ea2e9b3, 0x8ea2e9b2,
    0x8ea2e9b6, 0x8ea2e9a9, 0x8eaedccf, 0x00f9f4, 0x8ea2e9b1, 0x8ea2e9b5, 0x8ea2e9b8, 0x8ea2e9af,
    0x8ea2ebe1, 0x8ea2ebe2, 0x8ea2ebe6, 0x8ea2ebe7, 0x8eaedebc, 0x8ea2ebe4, 0x8ea2ebe5, 0x8ea2ebe3,
    0x8eaedeba, 0x00faf4, 0x8eaedebb, 0x000000, 0x000000, 0x000000, 0x00fbe4, 0x8ea2edd9,
    0x8eaee0b6, 0x8eaedfd2, 0x8ea2edd6, 0x8ea2edd7, 0x8ea2edd8, 0x00fbe5, 0x8eaee0b7, 0x8ea2efb4,
    0x8ea2efb3, 0x8eaee5cb, 0x8ea2f0bd, 0x00fce0, 0x8ea2f0bb, 0x8ea2f0be, 0x8ea2f0bc, 0x8ea2f1a5,
    0x00fda4, 0x00fdb2, 0x8ea2f1f1, 0x8ea2f1db, 0x8eaee1f9, 0x8ea2f1f0, 0x8ea2f2be, 0x8ea2f2bf,
    0x00c5d6, 0x000000, 0x000000, 0x8eaea4a8, 0x8eaea4a6, 0x00c8c8, 0x8ea2a2e1, 0x8eaea4a7,
    0x8eaea4ab, 0x8ea2a4de, 0x8eaea6e2, 0x00cba2, 0x8eaea6df, 0x00cba5, 0x8eaea6de, 0x8ea2a4df,
    0x8eaea6e3, 0x00cba3, 0x00cba4, 0x8eaea6e0, 0x000000, 0x8eaea9f7, 0x8ea2a7f8, 0x8ea2a7fa,
    0x8ea2a7f5, 0x8ea2a7f2, 0x8ea2a7f4, 0x8eaea9f4, 0x8eaea9f0, 0x8eaea9f5, 0x00cee5, 0x8eaea9ef,
    0x8eaea9f9, 0x8eaea9f6, 0x00cee3, 0x8eaea9f2, 0x8eaea9f1, 0x8ea2a7f6, 0x00cee4, 0x8ea2a7f3,
    0x8ea2a7f0, 0x00cee2, 0x8ea2a7f7, 0x000000, 0x8ea2a7f1, 0x00cee6, 0x8ea2a7f9, 0x000000,
    0x000000, 0x000000, 0x000000, 0x8ea2abef, 0x8eaeadde, 0x8ea2abf3, 0x8eaeaddc, 0x8eaeadda,
    0x00d2ba, 0x8eaeadd8, 0x8eaee2ea, 0x8eaeade5, 0x8eaeade2, 0x8ea2abf6, 0x8eaeaddf, 0x00d2b2,
    0x00d2b5, 0x00d2b7, 0x00d2b9, 0x00d2b6, 0x8ea2abf2, 0x8ea2abf1, 0x8eaeade4, 0x00d2b4,
    0x8ea2abf4, 0x8ea2abf5, 0x8eaeade3, 0x8ea2abee, 0x00d2b8, 0x8eaeade8, 0x00d2b3, 0x8eaeaddd,
    0x000000, 0x000000, 0x8ea2abf0, 0x8eaee5cd, 0x000000, 0x000000, 0x000000, 0x000000, 0x8eaeb2a8,
    0x8ea2b0da, 0x8ea2b0db, 0x8ea2b0dc, 0x00d6d3, 0x8eaee2f9, 0x00d6cf, 0x8ea2b0d1, 0x8eaeb2aa,
    0x8ea2b0d9, 0x8ea2b0de, 0x00d6d4, 0x8eaeb2ab, 0x8ea2b0cf, 0x8ea2b0d5, 0x8ea2b0ce, 0x8ea2b0d8,
    0x8eaeb2b1, 0x8eaeb2af, 0x8ea2b0d4, 0x00d6d0, 0x00d6d2, 0x8ea2b0dd, 0x8eaeb2a9, 0x8ea2b0cd,
    0x8ea2b0d0, 0x8ea2b0d6, 0x8eaeb2ad, 0x8ea2b0d7, 0x8ea2b0df, 0x8ea2b0d3, 0x8eaeb2ac, 0x00d6d1,
    0x8eaee5cf, 0x000000, 0x000000, 0x000000, 0x000000, 0x8eaee5ce, 0x000000, 0x000000, 0x000000,
    0x8eaeb2b0, 0x00dbf2, 0x8ea2b6f1, 0x8eaeb7b0, 0x8eaeb7b2, 0x8ea2b6f3, 0x8ea2b6ef, 0x8eaeb7af,
    0x8ea2b6fb, 0x8ea2b6ed, 0x8ea2b6fa, 0x00dbee, 0x8ea2b6eb, 0x8ea2bddf, 0x8ea2b6f5, 0x00dbf1,
    0x8eaeb7b5, 0x8ea2b6f6, 0x8ea2b6f9, 0x8eaeb7ae, 0x8ea2b6fd, 0x8eaeb7ac, 0x8ea2b6f2, 0x000000,
    0x8ea2b6f7, 0x8eaeb7ad, 0x8eaeb7b1, 0x00dbef, 0x00dbf0, 0x8ea2b6fc, 0x8ea2b6f0, 0x8ea2b6ec,
    0x8ea2b6fe, 0x8eaeb7b3, 0x8ea2b6f4, 0x8eaee5d0, 0x8eaee5d1, 0x8ea2b6f8, 0x000000, 0x000000,
    0x000000, 0x8ea2b6ee, 0x000000, 0x00e0ce, 0x00e0cf, 0x8ea2bde9, 0x00e0d5, 0x8eaebcf4,
    0x8ea2bddd, 0x8ea2bde6, 0x8ea2bddc, 0x00e0d2, 0x8ea2bde4, 0x8ea2bde2, 0x8eaebcfd, 0x8ea2bde3,
    0x00e0d0, 0x8eaebcfc, 0x8ea2bde7, 0x000000, 0x8eaebcef, 0x8eaebcfa, 0x8eaebcf2, 0x8eaebda1,
    0x8ea2bde0, 0x8ea2bdde, 0x00e0d1, 0x8ea2bde1, 0x8ea2bde5, 0x8eaebcfb, 0x8eaebcf9, 0x8eaebcf1,
    0x00e0d3, 0x8eaebcf3, 0x8eaebcf7, 0x8eaee5d3, 0x8ea2bde8, 0x8eaee5d4, 0x000000, 0x8eaee5d5,
    0x000000, 0x8eaee5d2, 0x000000, 0x8ea2c4d6, 0x8ea2c4dd, 0x8ea2c4df, 0x8ea2c4e5, 0x8eaec2d7,
    0x00e5a2, 0x8ea2c4d1, 0x8eaec2cc, 0x00e4f8, 0x8eaec2ce, 0x8ea2c4e0, 0x00e4fd, 0x8ea2c4e6,
    0x00e4f4, 0x8eaec2d1, 0x8ea2c4e3, 0x8eaec2d8, 0x8ea2c4d3, 0x8ea2c4e4, 0x8ea2c4d2, 0x000000,
    0x00e5a4, 0x8eaec2d2, 0x8ea2c4de, 0x00e4f5, 0x8ea2c4e7, 0x8eaec8bc, 0x00e4fa, 0x8ea2c4d7,
    0x00e5a1, 0x8ea2c4e2, 0x8ea2c4d5, 0x8ea2c4dc, 0x8ea2c4d8, 0x8ea2c4d4, 0x00e4f7, 0x00e4fe,
    0x00e4fc, 0x00e4f9, 0x00e5a3, 0x00e4f6, 0x8ea2c4db, 0x8eaec2cf, 0x00e4fb, 0x8eaec2d9, 0x00e0d4,
    0x8eaec2c9, 0x8ea2c4e1, 0x8eaee5d9, 0x8ea2c4d9, 0x000000, 0x8eaec2d3, 0x8eaee5d7, 0x8eaee5d8,
    0x8eaee5d6, 0x8ea2c4da, 0x000000, 0x000000, 0x8ea2cbe7, 0x8eaec7ef, 0x00e9db, 0x8eaec7ee,
    0x8eaec7ec, 0x8ea2cbe3, 0x8ea2cbe9, 0x8ea2cbe5, 0x8eaec7f0, 0x00e9dd, 0x8ea2cbe4, 0x8ea2cbe8,
    0x8ea2cbe0, 0x8eaec7f2, 0x8ea2cbe2, 0x00e9dc, 0x8eaec7ea, 0x8eaec7ed, 0x8eaec7eb, 0x8eaec7e8,
    0x8ea2cbe6, 0x8ea2cbe1, 0x8eaec7e7, 0x00e9de, 0x8eaee5db, 0x00e9d9, 0x000000, 0x8eaee5da,
    0x8ea2cbea, 0x000000, 0x00e9da, 0x8ea2d1ef, 0x8ea2d1ec, 0x8ea2d1f8, 0x8ea2d1f2, 0x8ea2d1f4,
    0x00edde, 0x8ea2d1ee, 0x8ea2d1f6, 0x8eaecdaa, 0x8eaecda4, 0x8ea2d1f5, 0x8ea2d1f3, 0x8eaecda9,
    0x8ea2d1f9, 0x00ede1, 0x8ea2d1f0, 0x8ea2d1f7, 0x8eaecda8, 0x00eddf, 0x8eaecda5, 0x8eaecda2,
    0x8ea2d1eb, 0x8ea2d1ed, 0x00ede0, 0x8ea2d1ea, 0x8ea2d1fa, 0x8eaee5dc, 0x8ea2d1f1, 0x8eaed1e2,
    0x8eaed1da, 0x8ea2d8b6, 0x00f1bb, 0x8eaed1e0, 0x8eaed1dc, 0x8ea2d8c1, 0x8ea2d8bf, 0x00f1b5,
    0x8ea2d8b5, 0x8ea2d8b8, 0x8ea2d8b9, 0x8ea2d8b4, 0x00f1bf, 0x00f1c0, 0x8ea2d8b3, 0x8ea2d8c2,
    0x8ea2d8bd, 0x00f1b9, 0x00f1b6, 0x8ea2d8bc, 0x8ea2d8ba, 0x8eaed1e3, 0x8eaee3f4, 0x00f1bc,
    0x8ea2d8be, 0x00f1b7, 0x8eaed1de, 0x00f1b8, 0x8eaed1e6, 0x8ea2d8bb, 0x00f1ba, 0x8ea2d8b7,
    0x000000, 0x8ea2d8c0, 0x00f1bd, 0x8ea2d8c3, 0x8ea2d8c4, 0x00f1be, 0x8eaee5dd, 0x8eaee5de,
    0x00f4b2, 0x00f4b9, 0x8ea2ddc8, 0x8ea2ddce, 0x8eaed5bc, 0x8ea2ddcc, 0x00f4b5, 0x00f4b4,
    0x00f4b1, 0x8ea2ddca, 0x8eaed5be, 0x8eaed5c3, 0x8eaed5c0, 0x00f4b7, 0x00f4b6, 0x00f4b3,
    0x8eaed5c1, 0x8ea2ddcd, 0x8ea2ddc9, 0x8ea2ddcb, 0x8eaed5c2, 0x00f4b8, 0x000000, 0x000000,
    0x000000, 0x00f6e3, 0x8ea2e2a9, 0x8eaed8ad, 0x00f6e0, 0x00f6e1, 0x8ea2e2ab, 0x00f6e2,
    0x8ea2e2a8, 0x8eaed8ae, 0x8ea2e2a7, 0x8ea2e5f6, 0x8ea2e2aa, 0x8eaedad6, 0x8ea2e5f7, 0x00f8c7,
    0x8ea2e5f5, 0x8eaedad7, 0x000000, 0x8ea2e5f4, 0x8eaedcd9, 0x8ea2e5f3, 0x00f8c8, 0x8eaee5df,
    0x8eaedcd6, 0x00f9f7, 0x8eaedcd8, 0x8eaedcd5, 0x8ea2e9b9, 0x8ea2e9ba, 0x8eaedad8, 0x8eaedcd3,
    0x8eaedcd7, 0x8eaee5e1, 0x8ea2ebea, 0x8ea2ebe9, 0x00faf5, 0x8eaedfd3, 0x8ea2ebe8, 0x8ea2edda,
    0x8ea2eddb, 0x8eaedfd4, 0x8eaee0b9, 0x8ea2efb5, 0x8ea2f0bf, 0x8eaee1c3, 0x8eaee1c2, 0x8ea2f1a6,
    0x8ea2f2ac, 0x00fdc6, 0x8ea2f2c0, 0x00c5d7, 0x000000, 0x00cee7, 0x00cee8, 0x8eaeade9, 0x000000,
    0x00d2bb, 0x000000, 0x8eaebda2, 0x000000, 0x000000, 0x00f4ba, 0x00c5d8, 0x000000, 0x00cee9,
    0x00d6d5, 0x00e5a5, 0x00c5d9, 0x8eaeadeb, 0x00dbf3, 0x00e9df, 0x8ea2a1c2, 0x8eaea9fc,
    0x8ea2abf7, 0x8ea2b0e0, 0x000000, 0x8ea2cbeb, 0x000000, 0x00f4bb, 0x00c5da, 0x00ceea,
    0x8ea2abf8, 0x8ea2abf9, 0x8ea2bdea, 0x00e0d6, 0x000000, 0x8eaec2dd, 0x8ea2c4e8, 0x8eaec2dc,
    0x8eaec2db, 0x00e5a6, 0x8ea2cbec, 0x000000, 0x8eaecdae, 0x00ede2, 0x8eaecdad, 0x00f8c9,
    0x00c5db, 0x8ea2bdeb, 0x00c5dc, 0x000000, 0x00c8ca, 0x8ea2a2e2, 0x00c8c9, 0x00cba8, 0x00cba7,
    0x00cba6, 0x8ea2a4e0, 0x8eaea6e4, 0x8eaeaaa1, 0x8eaeaaa2, 0x00ceeb, 0x8eaeaaa3, 0x00ceec,
    0x8ea2a7fb, 0x000000, 0x8ea2abfa, 0x8eaeaded, 0x8ea2abfd, 0x00d2bd, 0x8ea2abfb, 0x000000,
    0x00d2bc, 0x8ea2abfc, 0x00d2be, 0x000000, 0x8ea2b0e3, 0x8ea2b0e2, 0x8ea2b0e1, 0x00d6d6,
    0x8eaeb2b6, 0x8ea2b7a2, 0x8ea2b7a3, 0x00dbf4, 0x8ea2b7a1, 0x8ea2b7a4, 0x00e0d8, 0x00dbf5,
    0x8eaebda4, 0x8eaebda3, 0x00e0d7, 0x8ea2bdef, 0x8ea2bdee, 0x8eaebda5, 0x8ea2bdec, 0x8ea2bded,
    0x000000, 0x8ea2bdf0, 0x8ea2c4ea, 0x8ea2c4e9, 0x8ea2c4ed, 0x000000, 0x8ea2c4ec, 0x8ea2c4eb,
    0x00e9e0, 0x8ea2cbef, 0x8eaec7f5, 0x8ea2cbee, 0x00e9e1, 0x8ea2cbed, 0x8ea2d1fb, 0x8eaecdaf,
    0x8ea2d1fc, 0x00ede3, 0x000000, 0x8ea2d8c5, 0x8ea2d8c6, 0x000000, 0x000000, 0x8ea2e5fc,
    0x00f8ca, 0x8ea2e5fb, 0x8ea2e5fa, 0x8ea2e5f8, 0x8ea2e5f9, 0x00faf6, 0x8ea2e9bb, 0x8ea2eddc,
    0x8ea2f1a7, 0x8eaee1fb, 0x00c5dd, 0x000000, 0x8ea2a1e4, 0x00c6e7, 0x8ea2a1e5, 0x8eaea4ac,
    0x8eaea4ad, 0x000000, 0x8ea2a2e3, 0x8ea2a2e4, 0x8eaea6eb, 0x000000, 0x000000, 0x8eaea6e9,
    0x8ea2a4e6, 0x8eaea6e6, 0x8eaea6e7, 0x8ea2a4e2, 0x8eaea6ea, 0x8ea2a4e1, 0x00ceed, 0x8ea2a4e5,
    0x00cbaa, 0x8ea2a4e3, 0x00cba9, 0x8ea2a4e7, 0x8ea2a4e4, 0x8eaea6e8, 0x000000, 0x8ea2a8a1,
    0x8ea2abfe, 0x8ea2a7fd, 0x8ea2a8a6, 0x8eaeaaa6, 0x00ceee, 0x8eaeaaaa, 0x00cef1, 0x8ea2a8a7,
    0x8ea2a8a3, 0x8eaeaaa7, 0x8ea2a8a4, 0x000000, 0x8ea2a7fc, 0x00cef0, 0x8ea2a7fe, 0x00ceef,
    0x8ea2a8a5, 0x8eaeaaa8, 0x8ea2a8a2, 0x000000, 0x000000, 0x8ea2aca4, 0x00d2c0, 0x00d2c1,
    0x8eaeadf5, 0x8ea2aca7, 0x8ea2aca1, 0x8eaeadf4, 0x8ea2aca6, 0x8eaeadf0, 0x8ea2aca2, 0x00d2bf,
    0x8ea2aca5, 0x8ea2aca3, 0x8eaeadf3, 0x8eaeadf1, 0x000000, 0x000000, 0x000000, 0x000000,
    0x000000, 0x8ea2b0e9, 0x8ea2b0e6, 0x8eaeb2b8, 0x8ea2b0e8, 0x00d6db, 0x00d6da, 0x00d6d8,
    0x8ea2b0e5, 0x8ea2b0ea, 0x00d6d7, 0x00d6d9, 0x8ea2b0e7, 0x8ea2b7ac, 0x8ea2b0e4, 0x8ea2b0eb,
    0x8eaeb2b9, 0x000000, 0x000000, 0x000000, 0x8eaebda6, 0x8ea2b7a7, 0x8ea2b7ab, 0x000000,
    0x8ea2b7aa, 0x8ea2bdf2, 0x8ea2bdfd, 0x000000, 0x8eaeb7bb, 0x8ea2b7ad, 0x8eaeb7ba, 0x8ea2b7a8,
    0x8ea2bdf1, 0x00dbf9, 0x000000, 0x000000, 0x00dbf8, 0x8ea2b7a6, 0x8ea2b7a9, 0x00dbfa,
    0x8eaeb7b9, 0x00dbf7, 0x00dbf6, 0x8ea2b7a5, 0x8ea2b7ae, 0x000000, 0x000000, 0x000000,
    0x8ea2bdf4, 0x8ea2bdfb, 0x8eaebda7, 0x00e0da, 0x8ea2bdfa, 0x8ea2bdf7, 0x8eaebdae, 0x00e0dc,
    0x8eaebda9, 0x8eaebdab, 0x8eaebdaa, 0x8ea2bdf9, 0x8eaec2e1, 0x8eaebdad, 0x8ea2bdf3, 0x8ea2bdf5,
    0x8ea2bdf8, 0x8ea2bdf6, 0x00e0db, 0x8ea2bdfc, 0x00e0d9, 0x00e5a7, 0x8eaebda8, 0x000000,
    0x8ea2c4f1, 0x8ea2c4f0, 0x8ea2c4ee, 0x000000, 0x00e5aa, 0x00e5a9, 0x8ea2c4f2, 0x8eaec2df,
    0x8ea2c4ef, 0x8ea2cbf0, 0x00e9e2, 0x00e5a8, 0x8eaec2e2, 0x8eaee5e2, 0x8eaee5e3, 0x8ea2c4f4,
    0x8ea2c4f3, 0x8eaecdb0, 0x8ea2cbf3, 0x8ea2cbf1, 0x00ede4, 0x8eaec7f9, 0x00e9e3, 0x8ea2cbf2,
    0x8ea2d1fe, 0x8eaec7f8, 0x8eaec7fa, 0x8eaec7f7, 0x000000, 0x00ede5, 0x8ea2d1fd, 0x8ea2d2a8,
    0x8ea2d2a7, 0x8ea2d2a5, 0x000000, 0x8ea2d2a4, 0x8ea2d2a1, 0x8ea2d2a2, 0x8ea2d2a3, 0x8ea2d2a6,
    0x8ea2d2a9, 0x000000, 0x000000, 0x8ea2d8cb, 0x8ea2d8c8, 0x8ea2d8c9, 0x00f1c1, 0x8ea2d8c7,
    0x8ea2d8cd, 0x8ea2d8cc, 0x8ea2d8ca, 0x000000, 0x8ea2ddd0, 0x8ea2ddd1, 0x00f4bc, 0x8eaed5c9,
    0x00f4bd, 0x8ea2ddcf, 0x000000, 0x00f6e5, 0x8ea2e2ac, 0x00f6e4, 0x00f8cb, 0x000000, 0x00f8cc,
    0x00f9f8, 0x8ea2e9bd, 0x8ea2e9bc, 0x8ea2ebeb, 0x8ea2eddd, 0x00fbe6, 0x8ea2efb7, 0x8ea2efb6,
    0x8ea2efb8, 0x00c6e8, 0x8ea2aca8, 0x00d6dc, 0x00dbfb, 0x8ea2b7af, 0x00c6e9, 0x8ea2a1e6,
    0x00c5de, 0x8eaea2da, 0x8eaea1eb, 0x8ea2a2e5, 0x8eaea4af, 0x000000, 0x000000, 0x8ea2a4ec,
    0x8ea2a4ea, 0x8ea2a4eb, 0x8ea2a4e8, 0x00cbab, 0x8ea2a4e9, 0x8eaea6ee, 0x000000, 0x000000,
    0x000000, 0x8eaeaab3, 0x8ea2a8af, 0x8eaeaaad, 0x00cef4, 0x8ea2a8ad, 0x8ea2a8a9, 0x8ea2a8ac,
    0x8eaeaaac, 0x8ea2a8a8, 0x00cef6, 0x8ea2a8ab, 0x8eaeaaab, 0x00cef3, 0x00cef2, 0x8eaeaab2,
    0x00cef5, 0x8ea2a8ae, 0x8ea2a8aa, 0x000000, 0x8eaeaaaf, 0x000000, 0x000000, 0x00d2c5, 0x00d2c8,
    0x8ea2acb0, 0x8ea2acaf, 0x8ea2acae, 0x00d2c2, 0x8ea2acb7, 0x8ea2acad, 0x000000, 0x00d2c4,
    0x8ea2b0f0, 0x8eaeadf8, 0x8ea2acb4, 0x8ea2acb2, 0x00d2c7, 0x8eaeadfb, 0x8ea2acaa, 0x8ea2acb5,
    0x8eaeadf7, 0x8ea2acac, 0x8ea2acb6, 0x8ea2acb3, 0x8ea2acab, 0x8eaeadfa, 0x00d2c3, 0x8ea2acb8,
    0x8ea2aca9, 0x00d2c6, 0x8eaeadfe, 0x8eaeadf9, 0x8eaeadfc, 0x000000, 0x8ea2b0f5, 0x8ea2b0ec,
    0x8ea2b0f7, 0x8eaeb2be, 0x8ea2b0ef, 0x8ea2b0fa, 0x8ea2b0fb, 0x8ea2b0ed, 0x8ea2b0f9, 0x8ea2b0f6,
    0x8ea2b0f4, 0x8ea2b0f8, 0x00d6e2, 0x8eaeb2c0, 0x00d6e0, 0x8eaeb2c7, 0x8eaeb2bc, 0x8ea2b0f2,
    0x8eaeb2c6, 0x8ea2b0ee, 0x8eaeb2c1, 0x8ea2b0f1, 0x8ea2b0fc, 0x8ea2b0f3, 0x00d6e1, 0x8ea2acb1,
    0x8eaeb2bd, 0x00d6dd, 0x00d6df, 0x8eaee5e4, 0x000000, 0x000000, 0x000000, 0x8eaeb7bd,
    0x8ea2b7bd, 0x8ea2b7b2, 0x8ea2b7b0, 0x8eaebdb8, 0x8ea2b7b1, 0x8eaeb2bf, 0x8ea2b7b8, 0x8eaeb7c0,
    0x8ea2b7b9, 0x8ea2b7b5, 0x00dca2, 0x8ea2b7ba, 0x8ea2b7b7, 0x8ea2b7b4, 0x8eaeb7bc, 0x00dbfe,
    0x8ea2b7b3, 0x00dbfc, 0x00dca1, 0x8ea2b7b6, 0x8ea2b7be, 0x00d6de, 0x00dbfd, 0x8ea2b7bc,
    0x8ea2b7bb, 0x00dca3, 0x000000, 0x000000, 0x000000, 0x000000, 0x8eaee5e5, 0x000000, 0x8eaebdb6,
    0x8eaebdba, 0x8ea2bea4, 0x8eaebdaf, 0x8eaebdbb, 0x8eaebdb2, 0x8ea2bea5, 0x00e0e6, 0x8eaebdb9,
    0x8ea2beab, 0x8eaec2ed, 0x8eaebdb5, 0x8ea2bead, 0x8ea2bea6, 0x00e0e0, 0x8ea2beaa, 0x8ea2bea9,
    0x00e0e1, 0x00e0e7, 0x8eaec2e4, 0x00e0e8, 0x8ea2beac, 0x00e0de, 0x8ea2bea3, 0x8ea2bea1,
    0x8ea2bea7, 0x8ea2bdfe, 0x00e0e5, 0x8ea2bea2, 0x8ea2bea8, 0x8ea2beae, 0x00e0df, 0x00e0e4,
    0x00e0e2, 0x00e0e3, 0x000000, 0x8eaebdb3, 0x8eaebdbc, 0x00e0dd, 0x8eaee5e6, 0x8eaebdb7,
    0x8eaec2e8, 0x8eaec2f5, 0x00e5b1, 0x8ea2c4fb, 0x00e5b0, 0x8ea2c5a1, 0x8eaec2ef, 0x8ea2c4f5,
    0x8eaec2f4, 0x8ea2c5a2, 0x8eaec2ee, 0x8eaec2e6, 0x8eaec2f1, 0x8ea2c4f6, 0x8ea2c4f7, 0x8eaec2f3,
    0x8ea2c5a3, 0x8ea2c4fe, 0x8ea2c4fc, 0x8ea2c4fd, 0x8ea2c4f9, 0x8ea2c4f8, 0x8eaec2e7, 0x8ea2c5a4,
    0x00e5ad, 0x8eaec2eb, 0x8ea2c4fa, 0x8eaec2f0, 0x00e5b2, 0x00e5ac, 0x00e5b3, 0x00e5b4,
    0x8eaec2ea, 0x00e5af, 0x00e5ae, 0x8eaec8a5, 0x8eaec7fe, 0x8ea2cbf4, 0x00e9e5, 0x00e9e4,
    0x8eaec7fc, 0x8eaec7fd, 0x8ea2cbf9, 0x8eaec8a2, 0x00ede6, 0x00e9e6, 0x8eaec8a1, 0x8eaec7fb,
    0x00e9e8, 0x8ea2cbfa, 0x00e5ab, 0x00e9e7, 0x8ea2cbf6, 0x8ea2cbf8, 0x8ea2cbf5, 0x8eaec8a7,
    0x8ea2cbf7, 0x8eaec8a3, 0x000000, 0x000000, 0x8ea2d2b3, 0x8eaecdb1, 0x8eaecdbb, 0x8ea2d2b2,
    0x8ea2d2af, 0x00ede9, 0x8ea2d8ce, 0x00edea, 0x8ea2d2ae, 0x8eaecdb9, 0x00ede8, 0x8eaecdb6,
    0x8ea2d2b0, 0x8ea2d2ad, 0x8ea2d2aa, 0x8ea2d2b1, 0x8ea2d2ab, 0x8ea2d2ac, 0x00ede7, 0x8eaecdb5,
    0x8eaee5e8, 0x000000, 0x000000, 0x8ea2ddd5, 0x000000, 0x8ea2d8d2, 0x8eaecdba, 0x8ea2d8d1,
    0x8ea2d8d3, 0x8eaed1ea, 0x8ea2ddd2, 0x00f1c4, 0x8eaee3f5, 0x8ea2d8cf, 0x8eaed1e7, 0x00f1c2,
    0x8eaed1ec, 0x00f1c6, 0x00f1c5, 0x8ea2d8d0, 0x8ea2d8d4, 0x8eaed1eb, 0x00f1c3, 0x8eaee5e7,
    0x8ea2ddd9, 0x00f4c0, 0x00f6e6, 0x00f4c1, 0x00f4be, 0x8ea2ddd6, 0x8ea2ddd4, 0x8eaed5cf,
    0x8ea2ddd7, 0x8eaed5cb, 0x8ea2ddda, 0x00f4bf, 0x8ea2ddd8, 0x8ea2ddd3, 0x8eaed5cd, 0x8eaee5e9,
    0x8ea2e2af, 0x8ea2e2b2, 0x8ea2e6a1, 0x8ea2e2ad, 0x8eaed8af, 0x8ea2e9be, 0x8ea2e2b3, 0x8eaed8b0,
    0x00f8cd, 0x8ea2e2b1, 0x00f6e7, 0x8ea2e2ae, 0x8ea2e2b0, 0x8ea2e2b4, 0x8ea2e6a2, 0x8eaedada,
    0x8ea2e5fe, 0x000000, 0x8eaedadc, 0x8eaedadd, 0x8eaedadb, 0x00f8ce, 0x8ea2e5fd, 0x8eaedcde,
    0x8eaedcdc, 0x8eaedcdf, 0x00f9f9, 0x8eaedcdd, 0x8eaedce0, 0x000000, 0x8eaedebd, 0x00faf8,
    0x8ea2eddf, 0x00faf7, 0x8ea2ede1, 0x8ea2edde, 0x8ea2ede0, 0x00fcbc, 0x8ea2f0c0, 0x00c6ea,
    0x8ea2a8b0, 0x8ea2b0fd, 0x8ea2b0fe, 0x00dca4, 0x8ea2c5a5, 0x00f1c7, 0x00f8cf, 0x00fbe7,
    0x8ea2f0c1, 0x00c6eb, 0x000000, 0x8ea2a8b1, 0x00a3a2, 0x000000, 0x8eaeaea2, 0x8ea2acb9,
    0x8eaeaea1, 0x8ea2acba, 0x8eaeaea4, 0x000000, 0x000000, 0x000000, 0x8eaeb2c8, 0x8ea2b1a1,
    0x8ea2b1a2, 0x00dca5, 0x00dca6, 0x000000, 0x8eaebdbd, 0x000000, 0x8ea2beaf, 0x000000,
    0x8ea2c5a8, 0x8ea2c5a7, 0x8ea2c5a6, 0x8ea2cbfb, 0x8eaec2f7, 0x8ea2cbfc, 0x8ea2cbfd, 0x00e9e9,
    0x000000, 0x8eaec8a8, 0x8ea2d2b5, 0x8ea2d2b4, 0x8eaecdbd, 0x8eaed1ed, 0x8ea2d8d5, 0x00f1c8,
    0x00f1c9, 0x8eaed1ee, 0x8ea2ddde, 0x8ea2dddb, 0x8ea2dddc, 0x8ea2dddd, 0x8ea2e2b6, 0x8ea2e2b5,
    0x00f6e8, 0x8ea2e6a3, 0x8ea2ebec, 0x00c6ec, 0x000000, 0x00d2c9, 0x8eaeb7c4, 0x00dca7,
    0x8ea2c5a9, 0x8eaec2f8, 0x00c6ed, 0x000000, 0x8ea2b1a3, 0x00dca8, 0x8eaeb7c5, 0x8eaebdbe,
    0x00e0e9, 0x00e0ea, 0x000000, 0x00c6ee, 0x00c6ef, 0x8ea2a2e6, 0x00cbad, 0x00cbac, 0x00d2ca,
    0x8ea2acbb, 0x8ea2beb0, 0x00c6f0, 0x00c6f1, 0x00c6f2, 0x00c6f3, 0x000000, 0x000000, 0x000000,
    0x00cbae, 0x00cbaf, 0x8ea2a4ee, 0x8ea2a4ed, 0x8eaeaab7, 0x000000, 0x00cef7, 0x8ea2a8b4,
    0x8ea2a8b2, 0x8ea2a8b3, 0x8eaeaab8, 0x8eaeaab5, 0x000000, 0x8eaeaab6, 0x000000, 0x8eaeaea7,
    0x8ea2acbc, 0x8ea2acbd, 0x8eaeaea5, 0x8eaeaea8, 0x00d2ce, 0x00d2cc, 0x8eaeaeaa, 0x00d2cd,
    0x00d2cb, 0x8eaeaea6, 0x000000, 0x000000, 0x000000, 0x00d6e3, 0x8eaeb2ce, 0x8eaeb2cd,
    0x8eaeb2d0, 0x8eaeb2cf, 0x00d6e7, 0x00d6e6, 0x8ea2b1a4, 0x00d6e5, 0x00d6e4, 0x8eaeb2d1,
    0x8ea2b1a5, 0x000000, 0x8eaeb7c6, 0x00dcab, 0x8ea2b7c0, 0x8ea2b7bf, 0x00dca9, 0x00dcaa,
    0x8eaeb7c9, 0x8eaeb7c7, 0x000000, 0x00e0ec, 0x00e0eb, 0x8ea2beb2, 0x8eaebdc3, 0x8eaebdc2,
    0x8ea2beb1, 0x00dcac, 0x8eaebdc4, 0x000000, 0x000000, 0x000000, 0x000000, 0x00e5b5, 0x8ea2c5ab,
    0x00e5b6, 0x8ea2c5aa, 0x8eaec2fb, 0x000000, 0x000000, 0x8ea2cbfe, 0x8ea2d2b6, 0x00edeb,
    0x8ea2d8d6, 0x8eaed1f0, 0x000000, 0x8eaed5d2, 0x8ea2dddf, 0x000000, 0x00f8d1, 0x00f8d0,
    0x000000, 0x8eaedce2, 0x00fbe8, 0x00c6f4, 0x8ea2a8b5, 0x000000, 0x8eaebdc5, 0x00dcad,
    0x8ea2cca1, 0x00e9ea, 0x8eaea2db, 0x8eaea6f3, 0x8ea2a4ef, 0x8ea2a4f0, 0x000000, 0x000000,
    0x8ea2a8b6, 0x00cef9, 0x00cefa, 0x8eaeaaba, 0x000000, 0x00cef8, 0x8eaeaabb, 0x000000, 0x000000,
    0x000000, 0x00d2d2, 0x00d2d3, 0x00d2d0, 0x00d2d1, 0x8eaeaeab, 0x8ea2acbe, 0x8eaeaeaf, 0x000000,
    0x8ea2acbf, 0x00d2cf, 0x000000, 0x000000, 0x000000, 0x000000, 0x8ea2b1a6, 0x8eaeb2d7, 0x00d6eb,
    0x00d6ec, 0x8eaeb2d5, 0x00dcb0, 0x8ea2b1ac, 0x000000, 0x00d6f1, 0x00d6ef, 0x8ea2b1ad,
    0x8ea2b1a8, 0x00d6ee, 0x00d6ed, 0x00d6e8, 0x8ea2b1ab, 0x8ea2b1aa, 0x8ea2b1a7, 0x00d6f0,
    0x8eaeb2d2, 0x8ea2b1a9, 0x00d6e9, 0x000000, 0x00d6ea, 0x000000, 0x000000, 0x00dcb1, 0x8ea2b7c4,
    0x8ea2b7c5, 0x00dcb2, 0x8ea2b7c1, 0x8ea2b7c3, 0x8ea2b7c7, 0x8ea2b7c6, 0x8ea2b7c2, 0x8eaeb7ca,
    0x00dcae, 0x00dcaf, 0x000000, 0x8ea2beba, 0x00e0f1, 0x00e0f0, 0x8ea2beb4, 0x00e0ee, 0x000000,
    0x8ea2beb7, 0x00e0f2, 0x8ea2beb8, 0x00e0f3, 0x8ea2beb5, 0x00e0ed, 0x00e0ef, 0x8ea2beb9,
    0x8eaebdc7, 0x8ea2beb6, 0x8ea2beb3, 0x000000, 0x000000, 0x000000, 0x000000, 0x000000,
    0x8ea2c5b8, 0x8eaec2fc, 0x8ea2c5ad, 0x00e5b8, 0x00e5bb, 0x00e5ba, 0x00e5bf, 0x00e5be,
    0x8ea2c5b9, 0x8ea2c5b7, 0x8ea2c5b0, 0x8ea2c5b4, 0x8ea2c5b3, 0x00e5bc, 0x8ea2c5b6, 0x8ea2c5b2,
    0x8ea2c5ba, 0x8ea2c5b1, 0x00e5bd, 0x00e5b7, 0x00e5b9, 0x8eaec2fd, 0x8ea2c5af, 0x000000,
    0x000000, 0x000000, 0x8eaec8ab, 0x8ea2cca3, 0x00e9ee, 0x8ea2cca7, 0x00e9ed, 0x8ea2cca4,
    0x00e9ec, 0x8eaec8a9, 0x8ea2c5ae, 0x8ea2c5b5, 0x8ea2cca6, 0x000000, 0x00e9ef, 0x8ea2cca8,
    0x8ea2cca5, 0x8ea2cca2, 0x000000, 0x000000, 0x8ea2d2b9, 0x8ea2d2bd, 0x8ea2d2bf, 0x8ea2d2bb,
    0x8ea2d2ba, 0x8ea2d2b8, 0x00edee, 0x00edec, 0x00edf1, 0x00edf2, 0x8ea2d2bc, 0x00edef,
    0x8ea2d2b7, 0x00edf0, 0x00e9eb, 0x8ea2d2be, 0x00eded, 0x000000, 0x000000, 0x8eaed1f1,
    0x8ea2d8d8, 0x000000, 0x8ea2d8d7, 0x8ea2d8df, 0x8ea2d8d9, 0x8ea2d8de, 0x8ea2d8db, 0x00f1ca,
    0x8ea2d8dd, 0x8eaed1f3, 0x8eaed1f2, 0x00f1cb, 0x000000, 0x00f1cc, 0x8eaed1f4, 0x8ea2d8dc,
    0x8ea2d8da, 0x000000, 0x000000, 0x00f4c3, 0x8ea2dde0, 0x8eaed5d5, 0x8eaed5d3, 0x00f4c2,
    0x8ea2dde3, 0x8ea2dde1, 0x8ea2dde2, 0x000000, 0x000000, 0x00f4c4, 0x000000, 0x8eaed5d4,
    0x8eaed8b4, 0x8ea2e2ba, 0x8eaed8b3, 0x00f6eb, 0x8ea2e2bb, 0x000000, 0x000000, 0x00f6e9,
    0x8ea2e2bc, 0x00f6ea, 0x8ea2e2b9, 0x8ea2e2bd, 0x8eaed8b2, 0x8ea2e2b7, 0x000000, 0x000000,
    0x00f8d2, 0x8ea2e6a4, 0x00f8d3, 0x00f9fa, 0x000000, 0x8ea2e2b8, 0x00f9fb, 0x000000, 0x8eaedebf,
    0x8eaedebe, 0x00faf9, 0x8ea2ebed, 0x000000, 0x00fbea, 0x8ea2ede2, 0x00fbe9, 0x8eaee0bb,
    0x8ea2efb9, 0x00fce1, 0x00fce2, 0x8eaee5ea, 0x000000, 0x8ea2f2ba, 0x8eaea2dc, 0x8eaee5eb,
    0x00d2d4, 0x8ea2acc0, 0x000000, 0x00e0f4, 0x00e0f5, 0x00c6f5, 0x00c8cb, 0x8ea2a2e7, 0x8eaea6f4,
    0x8ea2a4f1, 0x00cbb0, 0x8eaea6f6, 0x00cefb, 0x000000, 0x00d2d5, 0x00d2d6, 0x00d2d7, 0x8ea2b7c9,
    0x8ea2b1ae, 0x00d6f2, 0x000000, 0x000000, 0x00dcb3, 0x8ea2b7c8, 0x8eaeb7cd, 0x000000,
    0x8ea2bebc, 0x00e0f7, 0x8eaebdcc, 0x8ea2bebb, 0x00e0f6, 0x8eaec2fe, 0x8eaec3a1, 0x8ea2c5bb,
    0x00edf3, 0x8ea2d2c3, 0x8ea2d2c0, 0x8ea2d2c1, 0x8ea2d2c2, 0x000000, 0x000000, 0x8eaed1f6,
    0x000000, 0x8eaed5d6, 0x8ea2dde4, 0x8eaed5d7, 0x8ea2e2be, 0x000000, 0x000000, 0x8eaedade,
    0x8ea2e9c0, 0x8ea2e9bf, 0x000000, 0x8ea2ede3, 0x00c6f6, 0x8ea2a8b7, 0x00d6f3, 0x000000,
    0x000000, 0x8eaebdcd, 0x00e0f8, 0x8ea2c5bc, 0x000000, 0x8eaec8b0, 0x8ea2cca9, 0x8eaec8ae,
    0x00edf4, 0x8ea2d8e0, 0x8eaee5ec, 0x8ea2e2bf, 0x8ea2e9c1, 0x00c6f7, 0x8eaea6f7, 0x8eaea6f8,
    0x00cefc, 0x00d2da, 0x8ea2acc1, 0x00d2db, 0x00d2d9, 0x8eaeaeb2, 0x00d2d8, 0x8ea2b1af, 0x00d6f4,
    0x8eaeb2da, 0x8eaeb2db, 0x00d6f5, 0x00d6f6, 0x000000, 0x000000, 0x000000, 0x00dcb5, 0x8ea2b7ca,
    0x00dcb4, 0x8eaeb7d0, 0x8eaeb7d2, 0x8eaeb7d1, 0x000000, 0x8eaebdcf, 0x8ea2bebd, 0x00dcb6,
    0x00e0f9, 0x8ea2c5bd, 0x00e5c0, 0x00e5c1, 0x000000, 0x00e9f0, 0x8eaec8b1, 0x00e9f1, 0x00edf5,
    0x00f1ce, 0x8ea2d8e1, 0x00f1cd, 0x000000, 0x8ea2dde5, 0x00f4c5, 0x8eaed8b5, 0x8ea2e2c0,
    0x8ea2e9c2, 0x00c6f8, 0x00cbb1, 0x8ea2a8ba, 0x8ea2a8b9, 0x00cefd, 0x8ea2a8b8, 0x00cefe,
    0x8ea2a8bb, 0x000000, 0x8ea2acc7, 0x00d2de, 0x00d2dd, 0x8ea2acc9, 0x8ea2acc8, 0x00d2e2,
    0x8eaeaeb5, 0x00d2e1, 0x8eaeaeb3, 0x000000, 0x00d2dc, 0x000000, 0x8ea2acc3, 0x8ea2acc4,
    0x8ea2acc5, 0x8eaee2ec, 0x00d2e3, 0x8ea2acc2, 0x00d2df, 0x8ea2acc6, 0x00d2e0, 0x000000,
    0x000000, 0x8eaeb2e4, 0x8eaeb2df, 0x8ea2b1b2, 0x8ea2b1b6, 0x8ea2b1b4, 0x8ea2b1b3, 0x000000,
    0x8ea2b1b7, 0x8eaeb2de, 0x000000, 0x8eaeb2e8, 0x8ea2b1b8, 0x8ea2b1b9, 0x8ea2b1b1, 0x000000,
    0x8ea2b1b0, 0x8eaeb7d9, 0x00d6f8, 0x00d6f9, 0x8eaeb2e7, 0x8ea2b1ba, 0x8ea2b1b5, 0x8eaeb2e5,
    0x8ea2b7d3, 0x8eaeb7d5, 0x8ea2b1bb, 0x00d6fa, 0x00d6f7, 0x8eaeb2dc, 0x8eaeb2e3, 0x000000,
    0x8ea2b7cd, 0x000000, 0x8ea2b7cc, 0x8eaeb7d3, 0x8ea2b7ce, 0x8ea2b7cf, 0x8ea2b7d1, 0x8ea2b7d0,
    0x8ea2b7d5, 0x00dcba, 0x00dcb7, 0x00dcbb, 0x8ea2b7cb, 0x00dcbc, 0x8ea2b7d4, 0x00dcb9,
    0x8ea2b7d2, 0x00dcb8, 0x8eaeb2e2, 0x8eaeb7d7, 0x000000, 0x8eaebdd6, 0x8eaebdd3, 0x8ea2bec0,
    0x8ea2bec2, 0x8ea2bebe, 0x8ea2bebf, 0x8eaebdd1, 0x8eaebdd2, 0x8ea2bec3, 0x8ea2bec5, 0x8ea2bec6,
    0x8ea2bec1, 0x8ea2bec4, 0x00e0fa, 0x000000, 0x000000, 0x8ea2c5c1, 0x8eaec3a7, 0x8ea2c5c6,
    0x8ea2c5be, 0x8ea2c5c2, 0x000000, 0x8eaec3a8, 0x8ea2c5c7, 0x8ea2c5c3, 0x00e5c2, 0x00e5ca,
    0x8eaec3a5, 0x00e5c5, 0x8ea2c5bf, 0x8ea2c5c0, 0x00e9f5, 0x00e5cd, 0x00e5c6, 0x8eaec3a6,
    0x00e5cb, 0x00e5c4, 0x8ea2c5c5, 0x00e5cc, 0x8ea2c5c4, 0x00e5c8, 0x00e5c3, 0x00e5c9, 0x8ea2c5c8,
    0x8ea2ccae, 0x8ea2ccb0, 0x000000, 0x8eaec8b9, 0x000000, 0x000000, 0x8eaec8b3, 0x8eaec8b6,
    0x8eaec8b5, 0x8eaec8b4, 0x8eaec8b8, 0x00e5c7, 0x8eaec8bb, 0x8eaec8bd, 0x8ea2ccab, 0x00e9f3,
    0x8ea2ccb1, 0x00e9f4, 0x8ea2ccaf, 0x8ea2ccaa, 0x8ea2ccad, 0x8ea2ccb2, 0x00e9f2, 0x8ea2ccac,
    0x000000, 0x00edf7, 0x8ea2d2c7, 0x8ea2d2c6, 0x8eaecdc4, 0x00edfa, 0x00edf8, 0x8ea2d2c4,
    0x00edf6, 0x8ea2d2c5, 0x8eaecdc6, 0x00edf9, 0x000000, 0x000000, 0x000000, 0x8ea2d8e9,
    0x8eaed1fb, 0x8ea2d8eb, 0x8eaed1f9, 0x8ea2d8ea, 0x8ea2d8e2, 0x8ea2d8e6, 0x8ea2d8e5, 0x8ea2d8e3,
    0x00f1d0, 0x00f1d1, 0x00f1cf, 0x8ea2d8e4, 0x8ea2d8e7, 0x8ea2d8e8, 0x8eaed5d9, 0x00f1d2,
    0x8eaed5d8, 0x00f4ca, 0x8ea2dded, 0x8eaed5db, 0x00f4c7, 0x8ea2dde7, 0x00f4c9, 0x00f4cb,
    0x000000, 0x8eaed5dc, 0x00f4c8, 0x8ea2ddec, 0x8ea2dde8, 0x00f4c6, 0x8ea2ddeb, 0x8ea2dde6,
    0x8ea2ddea, 0x8ea2dde9, 0x8eaed8b6, 0x8eaed8b8, 0x8ea2e2c2, 0x00f6ee, 0x00f6ef, 0x00f6ec,
    0x8eaed8bb, 0x00f6ed, 0x8eaed8ba, 0x8eaed8b9, 0x8ea2e2c1, 0x000000, 0x8ea2e6a7, 0x8eaedae0,
    0x8eaedadf, 0x00f8d4, 0x000000, 0x8ea2e6a5, 0x8ea2e6a6, 0x000000, 0x8ea2e9c3, 0x8ea2e9c6,
    0x8ea2e9c4, 0x8ea2e9c5, 0x8ea2ebee, 0x8eaedec2, 0x000000, 0x00fafa, 0x8ea2efba, 0x8ea2f0c2,
    0x8eaee4b2, 0x00fce3, 0x8ea2f1a8, 0x8ea2f1a9, 0x00fdb3, 0x00c6f9, 0x00d2e4, 0x8eaeb2e9,
    0x8ea2bec7, 0x8eaebdd7, 0x8ea2c5c9, 0x000000, 0x00c6fa, 0x00cbb2, 0x000000, 0x00cfa1,
    0x8eaeaeb6, 0x8ea2acca, 0x8ea2accb, 0x00d6fb, 0x000000, 0x000000, 0x8ea2bec8, 0x00e0fb,
    0x00e5ce, 0x00f4cc, 0x8ea2ddee, 0x8ea2e6a8, 0x8ea2e9c7, 0x00c6fb, 0x8eaea6fb, 0x8eaea6fc,
    0x000000, 0x8ea2a8c1, 0x8ea2a8bc, 0x8ea2a8be, 0x8ea2a8c0, 0x8ea2a8bf, 0x8ea2a8bd, 0x00cfa2,
    0x000000, 0x000000, 0x00d2e5, 0x8ea2acd4, 0x8eaeaeb9, 0x8ea2accf, 0x8ea2accc, 0x8eaeaebb,
    0x8eaeaebe, 0x8ea2acd3, 0x8eaeaeb7, 0x8eaeaeba, 0x00d2e7, 0x00d2e8, 0x8ea2acd2, 0x8ea2acd1,
    0x8ea2acd0, 0x8ea2accd, 0x8ea2acce, 0x8ea2acd5, 0x00d2e6, 0x8eaeaebd, 0x000000, 0x000000,
    0x000000, 0x8eaee5ed, 0x000000, 0x8eaee5ee, 0x000000, 0x00d7a1, 0x8eaee6fc, 0x00d7a7, 0x00d7a6,
    0x8ea2b1c4, 0x8ea2b1be, 0x8ea2b1bc, 0x8eaeb2ec, 0x00d7a4, 0x8ea2b7dc, 0x00d6fd, 0x8ea2b1c1,
    0x8ea2b1c5, 0x8ea2b1c7, 0x8ea2b1c3, 0x8ea2b1bd, 0x00d7a5, 0x8ea2b1c2, 0x8ea2b1c0, 0x00d6fc,
    0x8ea2b1c8, 0x00d7a8, 0x8ea2b1c6, 0x00d7a2, 0x8ea2b1bf, 0x8eaeb2ed, 0x00d7a3, 0x00d6fe,
    0x000000, 0x000000, 0x000000, 0x000000, 0x8eaee5ef, 0x000000, 0x000000, 0x8eaeb7e2, 0x00dcbe,
    0x000000, 0x8ea2b7dd, 0x8eaeb7e3, 0x8eaeb7dd, 0x8ea2b7d6, 0x8ea2b7d8, 0x8ea2b7da, 0x8eaeb7df,
    0x8ea2b7db, 0x8ea2b7d9, 0x00dcbf, 0x8eaeb7e1, 0x8ea2b7de, 0x8eaeb7e0, 0x8ea2b7d7, 0x8eaee5f0,
    0x8eaee5f1, 0x000000, 0x000000, 0x000000, 0x8eaee5f2, 0x000000, 0x000000, 0x000000, 0x8ea2becc,
    0x00e0fc, 0x8ea2bed4, 0x8eaebddc, 0x8ea2bec9, 0x000000, 0x8ea2bed5, 0x8eaebdd9, 0x8ea2beca,
    0x8ea2becb, 0x8eaebddd, 0x000000, 0x8ea2bed3, 0x8ea2bed2, 0x8ea2becf, 0x00dcbd, 0x00e0fd,
    0x8ea2becd, 0x8ea2bed0, 0x00e0fe, 0x8ea2bed1, 0x8ea2bece, 0x000000, 0x000000, 0x000000,
    0x000000, 0x8eaebdda, 0x000000, 0x8eaec3b1, 0x8ea2c5d4, 0x8eaec3ad, 0x8ea2c5d8, 0x00e5d5,
    0x8eaec3ae, 0x8ea2ccb8, 0x00e5d8, 0x8ea2c5d6, 0x8eaec3b7, 0x8eaec3a9, 0x8ea2c5d3, 0x8ea2c5ce,
    0x8ea2c5d0, 0x8ea2c5d1, 0x8ea2c5ca, 0x8eaec3b5, 0x00e5d4, 0x8eaec3ab, 0x8eaec3b0, 0x00e5d3,
    0x8eaec3b4, 0x00e5cf, 0x8ea2c5cd, 0x8eaec3aa, 0x00e5d6, 0x8eaec3b6, 0x00e5d7, 0x8ea2c5cc,
    0x8ea2c5cf, 0x8ea2c5d7, 0x00e5d1, 0x00e5d2, 0x8ea2c5d5, 0x8ea2c5cb, 0x000000, 0x000000,
    0x000000, 0x8ea2ccba, 0x00e9f7, 0x8ea2ccbc, 0x8ea2c5d2, 0x8ea2ccbe, 0x00e9fb, 0x8ea2ccbf,
    0x8ea2ccbb, 0x8eaec8be, 0x00e9f8, 0x8ea2ccb7, 0x00e9fa, 0x8ea2ccb4, 0x8ea2ccb9, 0x8ea2ccbd,
    0x8ea2ccb6, 0x8eaec8bf, 0x8eaec8c5, 0x00e5d0, 0x8eaec8c4, 0x8ea2ccb3, 0x00e9f9, 0x8ea2ccb5,
    0x000000, 0x000000, 0x8eaee5f3, 0x8eaec8c0, 0x000000, 0x00edfd, 0x8ea2d2c9, 0x00eea3, 0x000000,
    0x00eea1, 0x000000, 0x8eaecdca, 0x00e9f6, 0x8eaecdcd, 0x8ea2d2d0, 0x8ea2d2d1, 0x00edfc,
    0x8eaecdc8, 0x8eaecdcc, 0x8ea2d2cf, 0x8ea2d2d2, 0x00edfe, 0x00edfb, 0x8ea2d2cb, 0x8ea2d2c8,
    0x8ea2d2cd, 0x8ea2d2ca, 0x00eea4, 0x8ea2d2cc, 0x8eaecdcb, 0x8eaecdc9, 0x8ea2d2ce, 0x00eea2,
    0x8eaed2a1, 0x000000, 0x8eaee5f4, 0x000000, 0x00f1d4, 0x8ea2d8f2, 0x8eaed2a4, 0x8ea2d8ec,
    0x8ea2d8f0, 0x8ea2d8f6, 0x8ea2d8f7, 0x8ea2d8f3, 0x8ea2d8f4, 0x8ea2d8f1, 0x000000, 0x8ea2d8ee,
    0x000000, 0x00f1d6, 0x00f1d3, 0x8ea2d8ed, 0x8ea2d8ef, 0x8eaed2a2, 0x00f1d5, 0x8ea2d8f5,
    0x8eaee5f5, 0x00f4d0, 0x8eaed5e0, 0x8eaed5e2, 0x8ea2ddf5, 0x8ea2ddef, 0x00f4cf, 0x000000,
    0x000000, 0x00f4cd, 0x8eaed5e1, 0x8ea2ddf7, 0x00f4ce, 0x8ea2ddf2, 0x8ea2ddf3, 0x8ea2ddf0,
    0x8ea2ddf8, 0x8ea2ddf4, 0x000000, 0x00f4d1, 0x8ea2ddf1, 0x000000, 0x8ea2ddf9, 0x8ea2ddf6,
    0x8eaed8c3, 0x8eaed8be, 0x8eaed8c0, 0x8ea2e2c6, 0x8eaed8bf, 0x8eaed8bc, 0x8ea2e2c3, 0x8eaed8c2,
    0x00f6f0, 0x000000, 0x8ea2e2c7, 0x8ea2e2c9, 0x8ea2e2c8, 0x8ea2e2c4, 0x8ea2e2c5, 0x8eaed8c4,
    0x000000, 0x8ea2e6ad, 0x8eaedae1, 0x00f8d5, 0x8eaedae2, 0x8ea2e6aa, 0x8ea2e6ac, 0x8ea2e6a9,
    0x8ea2e6ae, 0x000000, 0x8eaedae3, 0x8ea2e6ab, 0x8eaee5f6, 0x8ea2e9c9, 0x8ea2e9cc, 0x8ea2e9c8,
    0x00f9fc, 0x8ea2e9ca, 0x8ea2e9cb, 0x8ea2e9cd, 0x00f9fd, 0x00faa1, 0x00f9fe, 0x8ea2ebef,
    0x8eaedec5, 0x8ea2ebf1, 0x8eaedec3, 0x8ea2ebf0, 0x8eaedec4, 0x000000, 0x000000, 0x8ea2ede4,
    0x000000, 0x8eaee0bc, 0x8ea2f0c3, 0x8ea2f1aa, 0x00c6fc, 0x000000, 0x8eaea4b3, 0x8ea2a4f2,
    0x00cfa3, 0x8ea2a8c3, 0x00cfa4, 0x00cfa5, 0x8ea2a8c2, 0x000000, 0x8ea2acda, 0x8ea2acd9,
    0x00d2e9, 0x00d2ec, 0x00d2eb, 0x00d2ea, 0x8ea2acd6, 0x8ea2acd8, 0x8ea2acd7, 0x8eaee5f7,
    0x000000, 0x8ea2b1cb, 0x00d7aa, 0x8ea2b1cf, 0x8ea2b1ce, 0x8ea2b1cd, 0x8ea2b1c9, 0x00d7a9,
    0x00d7ad, 0x00d7b0, 0x8eaeb2ef, 0x8eaeb2f0, 0x00d7b1, 0x8ea2b1ca, 0x8ea2b1cc, 0x00d7af,
    0x00d7ae, 0x00d7ac, 0x00d7ab, 0x8ea2b7e5, 0x8eaeb2f2, 0x8ea2b7e3, 0x8ea2b7df, 0x00dcc0,
    0x8eaebdde, 0x8ea2b7e0, 0x00dcc1, 0x8ea2b7e1, 0x8ea2b7e2, 0x8ea2b7e4, 0x8eaeb7e6, 0x00dcc2,
    0x8eaeb7e5, 0x000000, 0x8ea2bed9, 0x8eaebddf, 0x8ea2bed8, 0x8ea2bed7, 0x8ea2bed6, 0x8eaebde4,
    0x8eaebde2, 0x000000, 0x000000, 0x8ea2c5dc, 0x00e5d9, 0x000000, 0x8ea2c5d9, 0x8ea2c5db,
    0x8eaec3b8, 0x00e5da, 0x8eaec3bd, 0x00e5db, 0x8ea2c5da, 0x8eaec3b9, 0x8eaebde3, 0x000000,
    0x8eaee5f8, 0x8eaec8c8, 0x8ea2ccc8, 0x8eaec8c7, 0x8ea2ccc1, 0x8ea2ccc2, 0x000000, 0x00e9fe,
    0x00e9fc, 0x00e9fd, 0x8ea2ccca, 0x000000, 0x8ea2ccc9, 0x8ea2ccc6, 0x8ea2ccc5, 0x8ea2ccc4,
    0x8ea2ccc3, 0x8ea2ccc7, 0x8ea2ccc0, 0x8eaee5f9, 0x8ea2d2d3, 0x8ea2d2d8, 0x8ea2d2d6, 0x8eaecdd0,
    0x8eaecdd1, 0x8eaecdcf, 0x8ea2d2d5, 0x8ea2d2d4, 0x8ea2d2d7, 0x8eaee5fa, 0x8ea2d8f8, 0x8eaed2a6,
    0x00f1d7, 0x00f4d2, 0x8ea2ddfb, 0x8eaed2a7, 0x00f4d3, 0x8ea2ddfa, 0x8ea2e2cb, 0x8ea2e2ca,
    0x00f6f1, 0x8eaed8c5, 0x8ea2e6af, 0x00f8d6, 0x8ea2e9ce, 0x00fbeb, 0x8ea2ede5, 0x8eaee0bd,
    0x8ea2f0c5, 0x8ea2f0c4, 0x8ea2a1e7, 0x00d2ed, 0x00d2ee, 0x8ea2b7e6, 0x8eaee5fb, 0x00e5dd,
    0x00c6fd, 0x00cbb5, 0x00cbb4, 0x00cbb3, 0x000000, 0x8eaeaabe, 0x8eaeaabd, 0x8ea2a8c4,
    0x8eaeaabf, 0x8eaeaac2, 0x00cfa7, 0x00cfa6, 0x8eaeaac4, 0x00d2f1, 0x8eaee5cc, 0x8ea2acdc,
    0x8ea2acdf, 0x8ea2acdd, 0x8eaeaec2, 0x00d2ef, 0x00d2f0, 0x8eaeaec0, 0x8eaeaec1, 0x8ea2acdb,
    0x8ea2acde, 0x8eaeaec3, 0x00d7b8, 0x8eaeb2f4, 0x8eaeb2f3, 0x8eaeb2f9, 0x8ea2b1d6, 0x8ea2b1d8,
    0x8ea2b1d7, 0x00d7b5, 0x8ea2b1d2, 0x8eaeb2f6, 0x8eaeb2fb, 0x00d7b3, 0x00d7b2, 0x8eaeb2f7,
    0x00d7b6, 0x00d7b4, 0x8eaeb2f8, 0x00d7b7, 0x8ea2b1d5, 0x8ea2b1d0, 0x8ea2b1d1, 0x8ea2b1d4,
    0x8ea2b1d3, 0x000000, 0x8eaeb2fc, 0x8eaeb7e9, 0x8eaeb7e7, 0x8eaeb7eb, 0x000000, 0x8eaeb7ea,
    0x8ea2b7e9, 0x8ea2b7ea, 0x8ea2b7e8, 0x8eaeb7ec, 0x8ea2b7e7, 0x00dcc3, 0x000000, 0x000000,
    0x000000, 0x8eaebde5, 0x00e1a5, 0x000000, 0x8ea2beda, 0x8ea2bedc, 0x8ea2bede, 0x00e1a4,
    0x000000, 0x8eaebde6, 0x00e1a2, 0x8eaebde9, 0x8ea2bedb, 0x00e1a3, 0x8ea2bedd, 0x00e1a1,
    0x8eaebde8, 0x8eaec3c1, 0x8ea2c5e6, 0x8ea2c5dd, 0x8ea2c5e0, 0x8ea2c5e4, 0x00e5e1, 0x8ea2c5e2,
    0x000000, 0x8ea2c5e1, 0x8ea2c5de, 0x8ea2c5df, 0x00e5df, 0x8ea2c5e5, 0x00e5de, 0x8eaec3c4,
    0x00e5e3, 0x00e5e2, 0x00e5e0, 0x000000, 0x8ea2c5e3, 0x000000, 0x000000, 0x8eaee5a4, 0x8ea2ccd0,
    0x000000, 0x8ea2cccf, 0x8eaec8cb, 0x8eaec8cd, 0x8ea2cccb, 0x8eaec8d0, 0x8eaec8cf, 0x00eaa1,
    0x8ea2ccce, 0x8ea2cccd, 0x00eaa2, 0x8eaec8d2, 0x000000, 0x000000, 0x000000, 0x000000, 0x00eea9,
    0x8eaecdd5, 0x8ea2d2da, 0x8eaecdd6, 0x00eeaa, 0x00eea6, 0x00eea8, 0x8eaecdda, 0x00eea5,
    0x00eea7, 0x8eaecdd3, 0x8eaecdd7, 0x000000, 0x8ea2d8f9, 0x8eaed2aa, 0x00f1da, 0x8ea2d8fb,
    0x8ea2d8fa, 0x8eaed5e4, 0x8ea2cccc, 0x00f1dc, 0x00f1db, 0x00f1d8, 0x00f1d9, 0x8eaed2ac,
    0x000000, 0x000000, 0x000000, 0x8eaed2a9, 0x8ea2dea2, 0x000000, 0x8ea2ddfe, 0x00f4d4,
    0x8ea2dea1, 0x000000, 0x8ea2dea3, 0x8ea2ddfd, 0x8ea2ddfc, 0x000000, 0x000000, 0x8ea2e2cc,
    0x00f6f4, 0x00f6f2, 0x00f6f3, 0x000000, 0x8eaedae6, 0x000000, 0x8eaedae5, 0x8ea2e6b0,
    0x8ea2e6b1, 0x00f8d8, 0x8eaedae7, 0x00f8d7, 0x8ea2e9d0, 0x8ea2e9d1, 0x8ea2e9cf, 0x8eaedce4,
    0x8ea2ede6, 0x8ea2ede7, 0x8eaee0f6, 0x8eaee0f7, 0x00c6fe, 0x8ea2a2e8, 0x00cbb6, 0x000000,
    0x8ea2a8c5, 0x00cfa9, 0x00cfa8, 0x8ea2a8c6, 0x8eaeaec4, 0x8eaeaec7, 0x8ea2ace1, 0x00d2f2,
    0x8ea2ace0, 0x00d2f3, 0x8eaeaec9, 0x8eaeaec8, 0x00d7b9, 0x8ea2b1db, 0x8ea2b1d9, 0x8ea2b1df,
    0x00d7ba, 0x8ea2b1da, 0x8ea2b1de, 0x8ea2b1dc, 0x8ea2b1dd, 0x000000, 0x000000, 0x8ea2b7eb,
    0x8ea2b7ed, 0x8eaeb7f2, 0x00dcc4, 0x8eaeb7f1, 0x8ea2b7ec, 0x00dcc5, 0x00e1a8, 0x00e1a7,
    0x00e1a6, 0x8ea2bedf, 0x8eaeb7f0, 0x000000, 0x000000, 0x000000, 0x8ea2c5e9, 0x00e5e4, 0x00e5e5,
    0x8eaec3c6, 0x8ea2c5e8, 0x8ea2c5e7, 0x8eaec3c7, 0x000000, 0x000000, 0x8eaee5fc, 0x8ea2ccd1,
    0x00eaa4, 0x00eaa3, 0x8ea2ccd2, 0x8ea2ccd3, 0x000000, 0x00eeac, 0x00eeab, 0x8eaecddb,
    0x8ea2d9a1, 0x8ea2d2db, 0x8ea2d2dd, 0x8ea2d2dc, 0x8ea2d8fe, 0x8ea2d8fc, 0x8ea2d9a2, 0x8ea2d8fd,
    0x000000, 0x00f1dd, 0x8eaed2af, 0x000000, 0x8eaed2ae, 0x8ea2dea4, 0x00f4d5, 0x8ea2dea5,
    0x8ea2dea6, 0x8eaed5e8, 0x000000, 0x00f6f5, 0x00f6f6, 0x000000, 0x00faa2, 0x8eaedec9,
    0x8eaedec8, 0x00fcbd, 0x00c7a1, 0x8eaea6fe, 0x8eaea7a1, 0x000000, 0x8eaeaac7, 0x8eaeaece,
    0x8ea2ace2, 0x8eaeaecf, 0x8eaeaecd, 0x8eaeaecb, 0x8eaeaecc, 0x000000, 0x000000, 0x8ea2b1e0,
    0x00d7bb, 0x8eaeb3a3, 0x8eaeb3a6, 0x8eaeb3a7, 0x8eaeb3a4, 0x000000, 0x00ddfe, 0x00ddfd,
    0x8eaeb7f3, 0x8eaebdf1, 0x00e1aa, 0x8ea2bee1, 0x00e1a9, 0x8ea2bee0, 0x8eaebdf0, 0x000000,
    0x8eaec3c9, 0x8eaec3ca, 0x8ea2c5ea, 0x8eaec8d4, 0x00eaa5, 0x8ea2ccd4, 0x00eaa6, 0x8eaec8d5,
    0x8eaed2b0, 0x8eaed5e9, 0x8eaed5ea, 0x000000, 0x8eaed8c9, 0x00faa3, 0x8ea2e9d2, 0x8eaedfd5,
    0x00c8cc, 0x00cfaa, 0x8ea2a8c7, 0x8eaeaed1, 0x00d2f5, 0x8eaeaed0, 0x00d2f4, 0x8ea2ace3,
    0x8ea2ace4, 0x000000, 0x000000, 0x8ea2b1e2, 0x8ea2b1e4, 0x00d7bc, 0x000000, 0x8ea2b1e6,
    0x8ea2b1e9, 0x8ea2b1e7, 0x8eaeb3ab, 0x000000, 0x8eaeb3aa, 0x8ea2b1e8, 0x8ea2b1e5, 0x8ea2b1e1,
    0x00d7bd, 0x8ea2b1ea, 0x8ea2b1e3, 0x8eaeb3ac, 0x000000, 0x8eaeb7f8, 0x8eaeb7f9, 0x8ea2b7f6,
    0x00dccb, 0x8ea2b8a1, 0x00dcc8, 0x8eaeb7f7, 0x8ea2b7f8, 0x00dccc, 0x8eaeb7fb, 0x00dcc6,
    0x8eaeb7f6, 0x8ea2b7f3, 0x8ea2b8a2, 0x8ea2b7f4, 0x8ea2b7f1, 0x00dcca, 0x000000, 0x00dcc7,
    0x8eaee3ad, 0x8ea2b7f7, 0x8ea2b7fa, 0x00dcc9, 0x8ea2b7fb, 0x00dccd, 0x8ea2b7fc, 0x8ea2b7f2,
    0x8ea2b7f9, 0x8ea2b7fd, 0x8ea2b7f5, 0x8ea2b7f0, 0x8ea2b7ee, 0x8eaeb7fa, 0x8eaee5fd, 0x8ea2b7fe,
    0x000000, 0x000000, 0x8ea2b7ef, 0x000000, 0x000000, 0x000000, 0x000000, 0x8ea2bee8, 0x8eaebdfb,
    0x8eaebdf8, 0x8eaebdf5, 0x8ea2bee4, 0x8ea2beea, 0x00e1ad, 0x8ea2bee3, 0x8ea2bee5, 0x00e1ab,
    0x8ea2bee2, 0x00e1b2, 0x8ea2bee6, 0x00e1b1, 0x8ea2bee7, 0x00e1b3, 0x00e1ae, 0x00e1b4, 0x00e1af,
    0x8eaebdf9, 0x00e1b0, 0x8eaebdf2, 0x00e1ac, 0x8eaebdf6, 0x8ea2bee9, 0x8eaee5fe, 0x000000,
    0x000000, 0x000000, 0x000000, 0x8eaec3cf, 0x000000, 0x00e5e8, 0x8ea2c5f5, 0x8eaec3cc,
    0x8ea2c5f8, 0x8ea2c5ec, 0x8ea2c5f1, 0x8ea2c5eb, 0x00e5ea, 0x8eaec3d5, 0x8ea2c5ef, 0x000000,
    0x8eaec3cd, 0x8eaebdf7, 0x8ea2c5ed, 0x00e5e9, 0x8eaec3d4, 0x8ea2c5f4, 0x8ea2c5f3, 0x8ea2c5f0,
    0x8ea2c5f2, 0x8ea2c5ee, 0x00eaaa, 0x8ea2c5f7, 0x00e5e6, 0x8ea2c5f6, 0x8eaec3d1, 0x000000,
    0x000000, 0x000000, 0x000000, 0x000000, 0x000000, 0x8eaec8d6, 0x8ea2cce4, 0x8eaec8d8, 0x00eab1,
    0x8ea2ccdf, 0x8eaec8e0, 0x00eab0, 0x8ea2ccd5, 0x000000, 0x8ea2ccd7, 0x00eaa9, 0x8ea2ccdc,
    0x8ea2ccdb, 0x8ea2ccde, 0x00eaae, 0x8ea2ccd9, 0x8ea2ccd8, 0x8eaec8da, 0x8eaec8de, 0x00eaad,
    0x00eaa8, 0x8ea2ccda, 0x00eaab, 0x8ea2cce0, 0x8ea2cce2, 0x000000, 0x8ea2ccdd, 0x8ea2ccd6,
    0x00eaac, 0x8eaec8d7, 0x8eaec8dd, 0x00eeb4, 0x00eaa7, 0x000000, 0x8eaec8dc, 0x8ea2cce3,
    0x000000, 0x000000, 0x000000, 0x000000, 0x000000, 0x000000, 0x000000, 0x8ea2d2e1, 0x00eead,
    0x8eaecddc, 0x8ea2d2e3, 0x000000, 0x00eeae, 0x8eaecde5, 0x8eaecddd, 0x00eeb0, 0x8ea2d2e6,
    0x000000, 0x8ea2d2de, 0x00eaaf, 0x8ea2d2e4, 0x000000, 0x000000, 0x000000, 0x000000, 0x8ea2d2e0,
    0x8eaecde0, 0x00e5e7, 0x00eeb3, 0x8eaee3e7, 0x8eaee3e6, 0x00eeaf, 0x000000, 0x00eeb1, 0x00eeb2,
    0x000000, 0x00f1e0, 0x8ea2d2e5, 0x8ea2d2df, 0x00eeb5, 0x8eaecde3, 0x8ea2d2e2, 0x000000,
    0x8eaee6a1, 0x000000, 0x000000, 0x000000, 0x8ea2d9ac, 0x8ea2d9a7, 0x000000, 0x000000,
    0x8ea2d9b1, 0x00f1de, 0x8ea2d9a9, 0x00f1e2, 0x8ea2d9af, 0x8ea2d9a6, 0x8ea2d9a3, 0x8ea2d9b2,
    0x00f4db, 0x00f1e3, 0x8ea2d9ae, 0x8ea2d9a4, 0x00f1e1, 0x8ea2d9a8, 0x00f1e5, 0x8ea2d9a5,
    0x8ea2d9aa, 0x00f1e4, 0x8ea2d9ad, 0x8ea2d9b0, 0x8eaed2b3, 0x8eaed2b4, 0x000000, 0x000000,
    0x8ea2deb8, 0x8ea2deb9, 0x8ea2dea9, 0x8ea2deb0, 0x8ea2deae, 0x000000, 0x8eaed5ed, 0x00f4d9,
    0x8ea2deb5, 0x8ea2d9ab, 0x8eaed5eb, 0x8ea2deac, 0x8eaed5ee, 0x8ea2deb6, 0x00f4d8, 0x8ea2deab,
    0x8ea2deaa, 0x8ea2deb4, 0x8ea2deb1, 0x8ea2deb3, 0x000000, 0x8ea2dea7, 0x8ea2deb7, 0x00f4d6,
    0x8eaed5f0, 0x8ea2deb2, 0x8ea2debb, 0x8ea2deaf, 0x00f4da, 0x00f4d7, 0x8ea2dead, 0x8ea2dea8,
    0x8ea2deba, 0x00f1df, 0x8eaed5f1, 0x000000, 0x000000, 0x000000, 0x000000, 0x000000, 0x8eaed5ef,
    0x8ea2e2cf, 0x8eaed8d0, 0x8eaed8ce, 0x8ea2e2cd, 0x8ea2e2d3, 0x00f6fa, 0x8ea2e2d1, 0x8ea2e2d0,
    0x00f6fc, 0x8ea2e2d6, 0x00f6fb, 0x8eaed8d1, 0x8ea2e2d7, 0x8ea2e2d4, 0x00f6f8, 0x8ea2e2d5,
    0x8ea2e2ce, 0x00f6f9, 0x00f6f7, 0x8ea2e6b5, 0x8ea2e2d2, 0x8eaed8cc, 0x8eaee6a2, 0x8ea2e2d8,
    0x000000, 0x8eaee6a3, 0x8ea2e6b2, 0x8eaedaef, 0x8eaedaee, 0x000000, 0x00f8dd, 0x00f8db,
    0x8ea2e6b4, 0x000000, 0x8ea2e6b6, 0x8ea2e6b3, 0x00f8dc, 0x00f8d9, 0x00f8da, 0x00f8de, 0x000000,
    0x8eaee6a4, 0x00faa5, 0x8eaedce6, 0x8ea2e9d7, 0x000000, 0x8ea2e9d6, 0x8ea2e9d4, 0x8ea2e9d3,
    0x8ea2e9d5, 0x8eaedce5, 0x00faa4, 0x00faa6, 0x8eaee6a5, 0x000000, 0x00fafb, 0x8eaedecc,
    0x000000, 0x8ea2ebf3, 0x8ea2ebf2, 0x000000, 0x8eaedecb, 0x8ea2ede8, 0x8eaedfd8, 0x8ea2edea,
    0x8ea2edec, 0x8ea2edeb, 0x8ea2ede9, 0x8eaedfd7, 0x8eaee0bf, 0x00fbed, 0x00fbec, 0x000000,
    0x8eaee0be, 0x00fcbf, 0x00fcbe, 0x00fcc0, 0x8ea2efbc, 0x8ea2efbb, 0x8eaee6a6, 0x8ea2f1ab,
    0x8ea2f0c6, 0x8ea2f1ac, 0x00fda5, 0x8eaee1c4, 0x00fda6, 0x8ea2f1dc, 0x000000, 0x8eaee2ba,
    0x00fdcb, 0x00c8cd, 0x8eaeaac9, 0x8ea2a8c8, 0x8eaeaac8, 0x8eaeaed2, 0x8ea2ace6, 0x8ea2ace7,
    0x8ea2ace5, 0x8eaeaed4, 0x8eaeaed3, 0x00d2f6, 0x000000, 0x8ea2ace8, 0x8ea2ace9, 0x8ea2acea,
    0x000000, 0x8eaeb3b1, 0x8ea2b1eb, 0x8ea2b1f1, 0x8eaeb3ae, 0x8eaeb3b0, 0x8ea2b1ef, 0x00d7be,
    0x8ea2b1ed, 0x8eaeb3b2, 0x8ea2b1ee, 0x8ea2b1f0, 0x8eaeb3ad, 0x000000, 0x000000, 0x8ea2b1ec,
    0x00dcce, 0x8eaeb7fd, 0x8ea2b8a3, 0x00dcd0, 0x8ea2b8a5, 0x00dccf, 0x8ea2b8a4, 0x8eaeb7fe,
    0x8eaeb8a1, 0x8eaeb8be, 0x8eaeb8a2, 0x000000, 0x8ea2beec, 0x00e1b5, 0x8eaebea1, 0x8ea2beee,
    0x8ea2beeb, 0x8ea2b8a6, 0x8eaebea3, 0x00e1b6, 0x8eaebea2, 0x8eaebdfe, 0x8ea2beed, 0x8eaee6a7,
    0x000000, 0x000000, 0x000000, 0x000000, 0x8eaec3d8, 0x8ea2c5fb, 0x8eaec3dc, 0x00e5eb,
    0x8ea2c5f9, 0x00e5ec, 0x8ea2c5fa, 0x00e5ed, 0x000000, 0x8eaec8e2, 0x8eaec8e1, 0x00eab2,
    0x8ea2cce8, 0x8ea2cce5, 0x8ea2cce7, 0x00eab3, 0x00eab4, 0x8ea2cce6, 0x000000, 0x000000,
    0x8eaecdef, 0x8eaecdf1, 0x8eaecded, 0x8ea2d2e7, 0x8eaecdf0, 0x8eaecdf3, 0x8ea2d2e8, 0x8eaecdf2,
    0x00eeb6, 0x8ea2d2ea, 0x8ea2d2e9, 0x8eaecdee, 0x00a3a3, 0x000000, 0x8ea2d9b6, 0x8ea2d9b7,
    0x8ea2d9b3, 0x8eaed2b7, 0x8ea2d9b4, 0x00f1e6, 0x00f1e7, 0x8ea2d9b5, 0x000000, 0x00f4e1,
    0x8eaed5f5, 0x8eaed5f4, 0x00f4dd, 0x00f4e2, 0x00f4de, 0x00f4e0, 0x00f4dc, 0x8eaed2b9, 0x00f4df,
    0x8eaed8d5, 0x000000, 0x000000, 0x8eaed8d4, 0x00f6fd, 0x8ea2debc, 0x000000, 0x8ea2e6b8,
    0x000000, 0x8ea2e6b7, 0x8eaee6a8, 0x8ea2e9d8, 0x00faa7, 0x00faa8, 0x8ea2edee, 0x8ea2ebf4,
    0x8eaee1e9, 0x8ea2eded, 0x8eaee0c0, 0x8ea2f1ad, 0x8ea2f1f2, 0x00c8ce, 0x000000, 0x8eaea7a2,
    0x00cbb7, 0x8eaeaacb, 0x8ea2a8c9, 0x00cfab, 0x8eaeaaca, 0x00d2f9, 0x8ea2aced, 0x00d2f7,
    0x8ea2aceb, 0x00d2fc, 0x00d2f8, 0x00d2fd, 0x00d2fb, 0x8ea2acec, 0x00d2fa, 0x00d7c2, 0x00d7c1,
    0x8ea2b1fc, 0x00d7ca, 0x8ea2b1f5, 0x8ea2b1fb, 0x00d7c6, 0x8ea2b1f4, 0x8ea2b1fa, 0x8ea2b1f8,
    0x00d7c5, 0x00d7c7, 0x8ea2b1f7, 0x00d7c0, 0x8ea2b1f6, 0x00d7cb, 0x00d7c8, 0x00d7cc, 0x00d7c9,
    0x8ea2b1f3, 0x8ea2b1f2, 0x8ea2b1f9, 0x00d7c3, 0x00d7bf, 0x00d7c4, 0x000000, 0x8eaeb3b7,
    0x8eaeb3bb, 0x000000, 0x000000, 0x8ea2b8b5, 0x8ea2b8ae, 0x000000, 0x00e1bb, 0x8ea2b8ad,
    0x8eaeb8a9, 0x00dcd4, 0x00dcdb, 0x00dcd8, 0x00dcde, 0x00dcdd, 0x00dcd9, 0x8eaeb8a6, 0x8ea2b8a7,
    0x8ea2b8aa, 0x8eaeb8a7, 0x8ea2b8a9, 0x00dcd5, 0x8ea2b8ab, 0x8ea2b8b4, 0x00dcd6, 0x8ea2b8a8,
    0x8ea2b8b1, 0x8ea2b8b2, 0x00dcd7, 0x8ea2b8af, 0x00dcdc, 0x00dcd2, 0x00dcda, 0x8ea2b8ac,
    0x00dcd1, 0x8ea2b8b0, 0x8eaeb8ae, 0x8eaeb8a4, 0x8ea2b8b3, 0x000000, 0x8eaeb8ab, 0x8eaebeb4,
    0x8ea2bfa1, 0x8ea2bef6, 0x00e1b8, 0x8ea2befd, 0x8ea2befa, 0x8ea2bef2, 0x8ea2befb, 0x00e1ba,
    0x8ea2bef3, 0x8eaebea9, 0x8ea2beef, 0x8eaebea6, 0x8eaebeae, 0x00e5f3, 0x8ea2bef8, 0x8eaebeaf,
    0x00e1b7, 0x8ea2befe, 0x8eaebea8, 0x00e1be, 0x00e1c0, 0x8ea2bef1, 0x8eaebeac, 0x000000,
    0x00e1bf, 0x8ea2bef4, 0x00e1b9, 0x8ea2befc, 0x8ea2bef5, 0x8ea2bef9, 0x8eaebeaa, 0x8ea2bef7,
    0x00e1bc, 0x8ea2bef0, 0x00e1c1, 0x00dcd3, 0x00e1bd, 0x00e1c2, 0x8eaebea4, 0x8eaebeb5,
    0x8eaebeb3, 0x000000, 0x8eaec3e7, 0x00e5ef, 0x8ea2c6a4, 0x8ea2c6a6, 0x8ea2c6a8, 0x8ea2c6ac,
    0x8eaebeab, 0x8ea2c6a2, 0x8ea2c5fe, 0x00e5f1, 0x000000, 0x8ea2c6a7, 0x8ea2c6ab, 0x8ea2c6a3,
    0x8ea2c5fd, 0x8eaec3e6, 0x8ea2c5fc, 0x8eaec3e9, 0x8eaec3e0, 0x8eaec3e2, 0x8ea2c6a9, 0x8ea2c6a1,
    0x8ea2c6a5, 0x00e5f2, 0x8eaec3de, 0x00e5f0, 0x8ea2c6ad, 0x00e5ee, 0x8ea2c6aa, 0x8eaec3e4,
    0x8ea2ccf9, 0x8eaec3e8, 0x8eaec3ea, 0x8eaec3e3, 0x000000, 0x000000, 0x00eab7, 0x8ea2ccf1,
    0x00eec3, 0x8ea2ccfb, 0x00eaba, 0x8ea2cda1, 0x00eac0, 0x8ea2ccec, 0x8eaec8f4, 0x000000,
    0x8ea2ccfc, 0x8ea2cce9, 0x8eaec8ed, 0x8ea2ccfe, 0x8ea2cced, 0x8eaec8ee, 0x00eac7, 0x00eac4,
    0x8ea2ccfd, 0x8ea2ccf7, 0x00eab6, 0x00eabe, 0x00eabd, 0x8eaec8f0, 0x00eabc, 0x00eac2,
    0x8eaec8e9, 0x8ea2ccea, 0x00eac3, 0x8ea2ccf8, 0x00eabf, 0x00eab5, 0x8ea2ccfa, 0x00eab8,
    0x00eab9, 0x00eac1, 0x8ea2ccef, 0x8ea2ccee, 0x8ea2cceb, 0x000000, 0x8ea2ccf3, 0x8ea2ccf0,
    0x8ea2ccf4, 0x00eac6, 0x8eaec8e8, 0x8ea2cda2, 0x00eabb, 0x8ea2ccf5, 0x8ea2ccf6, 0x8eaec8f1,
    0x8ea2ccf2, 0x8eaec8f3, 0x8eaee6a9, 0x8eaec8eb, 0x00eac5, 0x8eaee6ab, 0x000000, 0x000000,
    0x8eaecea2, 0x8ea2d2ef, 0x00eebb, 0x00eec4, 0x00eec0, 0x8ea2d2ec, 0x8eaecdfc, 0x00eebd,
    0x00eec1, 0x8ea2d2f8, 0x00eeb7, 0x8ea2d2f0, 0x8eaecdf8, 0x00eebf, 0x8eaecea4, 0x8eaeceaf,
    0x8ea2d2f3, 0x8ea2d2ee, 0x00eebe, 0x00eec2, 0x8ea2d2ed, 0x8eaeceae, 0x00eebc, 0x8eaecdf7,
    0x8ea2d2f7, 0x00eeb9, 0x8ea2d2f6, 0x8ea2d2f5, 0x00eec5, 0x8ea2d0bb, 0x00eeb8, 0x8eaeceab,
    0x8ea2d2f4, 0x8ea2d2eb, 0x8eaecdf5, 0x00eec6, 0x8ea2d2f2, 0x00eeba, 0x8eaecea8, 0x8eaecea9,
    0x8eaecea5, 0x8eaeceac, 0x8eaecea7, 0x8eaecdfe, 0x8eaecdfd, 0x8ea2d2f1, 0x000000, 0x000000,
    0x000000, 0x8eaee6aa, 0x00f1ea, 0x00f1ef, 0x00f1e8, 0x8ea2d9c4, 0x8ea2d9bb, 0x8ea2d9c7,
    0x8ea2d9bf, 0x8ea2d9c5, 0x00f1f0, 0x00f1e9, 0x8ea2d9b8, 0x8ea2d9be, 0x8ea2d9c8, 0x8ea2d9c1,
    0x8ea2d9c6, 0x8ea2d9ba, 0x000000, 0x8eaed2bb, 0x8ea2d9c2, 0x00f1eb, 0x8ea2d9c0, 0x00f1ee,
    0x00f1ed, 0x8ea2d9bc, 0x8ea2d9bd, 0x8ea2d9b9, 0x8ea2d9c3, 0x00f1ec, 0x8ea2d9ca, 0x8ea2d9c9,
    0x8eaed2c0, 0x8eaed2bf, 0x000000, 0x8ea2dec7, 0x8ea2dec3, 0x00f4e9, 0x8eaed5f9, 0x8ea2debd,
    0x00f4e3, 0x00f4f3, 0x8ea2dec9, 0x00f4eb, 0x00f4e7, 0x8ea2dec0, 0x00f4ee, 0x00f4f1, 0x8ea2decb,
    0x00f4e6, 0x8ea2dec2, 0x00f4ef, 0x8ea2decd, 0x8ea2deca, 0x8ea2debe, 0x00f4ea, 0x00f4e4,
    0x00f4f2, 0x8ea2dec5, 0x00f4ed, 0x8ea2debf, 0x00f4e8, 0x8ea2decc, 0x00f4ec, 0x00f4e5,
    0x8ea2dec6, 0x00f4f0, 0x8ea2dec4, 0x000000, 0x000000, 0x8ea2dec8, 0x8eaed5fa, 0x000000,
    0x8eaed8d9, 0x8ea2e2da, 0x8ea2e2e0, 0x00f7a5, 0x8ea2e2e3, 0x00f6fe, 0x00f7a1, 0x8ea2e2db,
    0x8ea2e2e2, 0x8ea2e2dd, 0x00f7a6, 0x00f7a3, 0x8eaed8db, 0x8ea2e2d9, 0x8eaed8d8, 0x00f7a2,
    0x8ea2e2df, 0x8ea2e2e1, 0x00f7a4, 0x8ea2e2de, 0x8ea2e2dc, 0x8eaee6ac, 0x000000, 0x8eaed8da,
    0x000000, 0x8ea2e6c2, 0x00f8e2, 0x00f8e3, 0x00f8df, 0x8eaedaf2, 0x00f8e0, 0x8eaedaf4,
    0x8ea2e6be, 0x8ea2e6bc, 0x8eaedaf5, 0x8ea2e6c0, 0x00f8e4, 0x8ea2e6c1, 0x8ea2e6ba, 0x8ea2e6b9,
    0x8ea2e6bd, 0x8ea2e6bb, 0x00f8e1, 0x8ea2e6bf, 0x8ea2e9d9, 0x00faab, 0x00faaa, 0x8ea2e9da,
    0x8eaedcec, 0x8ea2e9dc, 0x8ea2e9db, 0x00faac, 0x000000, 0x8eaeded3, 0x8eaeded0, 0x8ea2ebf9,
    0x8ea2ebf6, 0x8ea2ebf7, 0x8eaeded1, 0x8ea2ebf5, 0x8ea2ebf8, 0x00fafd, 0x8ea2ebfa, 0x8eaeded2,
    0x00fafc, 0x000000, 0x8ea2edef, 0x8eaedfda, 0x00fcc1, 0x00fcc3, 0x8ea2efbd, 0x00fcc2,
    0x8ea2f0c7, 0x8ea2f1af, 0x8ea2f1b1, 0x8ea2f1ae, 0x8ea2f1b0, 0x00fdb9, 0x000000, 0x8eaee2b5,
    0x000000, 0x000000, 0x000000, 0x000000, 0x000000, 0x000000, 0x000000, 0x000000, 0x000000,
    0x000000, 0x000000, 0x000000, 0x000000, 0x000000, 0x000000, 0x000000, 0x000000, 0x000000,
    0x000000, 0x000000, 0x000000, 0x000000, 0x000000, 0x000000, 0x000000, 0x000000, 0x000000,
    0x000000, 0x000000, 0x000000, 0x000000, 0x000000, 0x000000, 0x000000, 0x000000, 0x000000,
    0x000000, 0x000000, 0x000000, 0x000000, 0x000000, 0x000000, 0x000000, 0x000000, 0x000000,
    0x000000, 0x000000, 0x000000, 0x000000, 0x000000, 0x000000, 0x000000, 0x000000, 0x000000,
    0x00c8cf, 0x000000, 0x00d2fe, 0x8ea2b0d2, 0x00d7cd, 0x8eaeb8b1, 0x000000, 0x00dcdf, 0x8ea2bfa2,
    0x8ea2bfa3, 0x8eaee6ad, 0x8eaec8f7, 0x000000, 0x8ea2d9cb, 0x00f4f4, 0x8ea2dece, 0x8eaed5fd,
    0x8eaed8dc, 0x00f7a7, 0x000000, 0x8ea2e6c4, 0x8ea2e6c3, 0x00faad, 0x8ea2ebfb, 0x8eaedfdb,
    0x8ea2edf0, 0x00fce4, 0x8ea2a2e9, 0x000000, 0x000000, 0x00cfac, 0x00cbb8, 0x000000, 0x000000,
    0x8ea2acee, 0x8eaeaace, 0x000000, 0x8ea2b2a4, 0x8ea2b1fd, 0x8ea2b2a3, 0x8ea2b2a1, 0x00d7ce,
    0x8ea2b2a2, 0x8ea2b1fe, 0x8eaeb3bc, 0x8ea2b8b6, 0x000000, 0x8ea2bfa4, 0x8ea2bfa5, 0x8ea2c6b0,
    0x8ea2c6b1, 0x00e5f5, 0x00e5f6, 0x8ea2c6af, 0x8ea2c6b2, 0x8ea2c6ae, 0x00e5f4, 0x8eaec8f8,
    0x00eac8, 0x8eaec8f9, 0x00e5f7, 0x8ea2cda3, 0x000000, 0x00eec7, 0x8ea2d2f9, 0x00eec8,
    0x8eaeceb0, 0x00f1f1, 0x8ea2d9ce, 0x8ea2d9cc, 0x8ea2d9cd, 0x8ea2ded1, 0x8ea2ded0, 0x8ea2decf,
    0x000000, 0x000000, 0x000000, 0x8ea2e6c5, 0x8eaee4a2, 0x00f8e5, 0x8ea2e6c6, 0x8ea2edf1,
    0x00fce5, 0x8ea2f0c8, 0x00c8d0, 0x00cfae, 0x00cfad, 0x8ea2acf0, 0x00d3a1, 0x8eaeaedd, 0x000000,
    0x8ea2acef, 0x8ea2b2a6, 0x8eaeb3bd, 0x00d7cf, 0x8ea2b8b7, 0x8ea2b2a5, 0x8eaeb3bf, 0x000000,
    0x8eaeb3be, 0x00dce1, 0x8ea2b8ba, 0x8ea2b8b8, 0x8ea2b8b9, 0x00dce0, 0x000000, 0x8ea2bfa7,
    0x8ea2bfa8, 0x8ea2bfa6, 0x8eaec3ee, 0x00e5fa, 0x8ea2c6b4, 0x8ea2c6b3, 0x8ea2c6b5, 0x00e5f9,
    0x00e5f8, 0x000000, 0x000000, 0x8ea2d2fa, 0x8ea2d2fc, 0x8eaeceb1, 0x00eec9, 0x8ea2d2fb,
    0x8ea2d9cf, 0x00f1f2, 0x8ea2e2e5, 0x8eaed8dd, 0x8ea2e2e4, 0x00f8e6, 0x8ea2e6c7, 0x00f8e8,
    0x00f8e7, 0x8ea2e9dd, 0x8ea2ebfc, 0x00fafe, 0x00c8d1, 0x8ea2acf1, 0x00d3a2, 0x8ea2b2a9,
    0x00d7d1, 0x8ea2b2a8, 0x8ea2b2a7, 0x8eaeb3c2, 0x00d7d0, 0x8eaeb3c3, 0x8ea2b8c0, 0x000000,
    0x8ea2b8c2, 0x8ea2b8bb, 0x8ea2b8bc, 0x00dce2, 0x8ea2b8bd, 0x00dce3, 0x8ea2b8c1, 0x8ea2b8be,
    0x8ea2b8bf, 0x00dce4, 0x8eaebeb7, 0x00e1c4, 0x00e1c5, 0x8eaebeb8, 0x8ea2bfa9, 0x000000,
    0x000000, 0x000000, 0x8ea2c6b6, 0x8ea2c6b7, 0x8eaec3f2, 0x8ea2cda7, 0x00eacb, 0x00eac9,
    0x00eaca, 0x8ea2cda4, 0x8ea2cda5, 0x000000, 0x8ea2cda6, 0x8ea2d3a3, 0x8eaeceb2, 0x8ea2d3a4,
    0x00eeca, 0x8ea2d3a1, 0x8ea2d2fe, 0x8ea2d3a2, 0x8ea2d2fd, 0x00f1f5, 0x8ea2d9d0, 0x00f1f3,
    0x00f1f4, 0x8ea2ded3, 0x00f4f5, 0x8ea2ded2, 0x8ea2e1b4, 0x8eaed5fe, 0x8ea2e2e6, 0x8ea2e2e7,
    0x00f7a8, 0x8eaed8e1, 0x00f7a9, 0x00f4f6, 0x8ea2e6c8, 0x8ea2e6c9, 0x8ea2e9de, 0x00faae,
    0x00c8d2, 0x8eaee6fb, 0x00c8d3, 0x00d7d3, 0x00cfaf, 0x00d7d2, 0x8ea2acf2, 0x8eaeb8b6, 0x000000,
    0x8eaeb3c4, 0x00e1c6, 0x00c8d4, 0x00d3a4, 0x8ea2acf3, 0x8ea2acf4, 0x00d3a3, 0x00d3a5, 0x00c8d5,
    0x000000, 0x8ea2acf5, 0x00d7d5, 0x8ea2b2aa, 0x00d7d7, 0x00d7d4, 0x00d7d6, 0x8eaeb8b7,
    0x8ea2b8c5, 0x00dce5, 0x8eaeb8b9, 0x8ea2b8c4, 0x8ea2b8c3, 0x000000, 0x8ea2c6b8, 0x000000,
    0x8eaec9a2, 0x8ea2cda8, 0x000000, 0x00eecb, 0x000000, 0x00f1f6, 0x8ea2d9d2, 0x8ea2d9d1,
    0x8eaed6a1, 0x8ea2ded4, 0x000000, 0x8eaed8e2, 0x8eaedcef, 0x8ea2ebfd, 0x000000, 0x000000,
    0x00c8d6, 0x8ea2a4f3, 0x8ea2a8ca, 0x00d3a6, 0x8ea2acf6, 0x000000, 0x8ea2b2ac, 0x000000,
    0x8eaeb3c9, 0x8eaeb3c8, 0x00d7d8, 0x8ea2b2ab, 0x00d7d9, 0x8eaeb3c7, 0x8eaee6af, 0x000000,
    0x8ea2b8c7, 0x8eaeb8bd, 0x8eaeb8bc, 0x00dce7, 0x8ea2b8c6, 0x8ea2b8c8, 0x8eaeb8bb, 0x00dce6,
    0x000000, 0x000000, 0x000000, 0x8eaebebc, 0x8ea2bfab, 0x8ea2bfac, 0x8ea2bfaa, 0x00e1c7,
    0x8eaee7a9, 0x000000, 0x000000, 0x00e5fb, 0x8eaec3f3, 0x00e5fc, 0x8eaee3d6, 0x00eacd,
    0x8eaec9a3, 0x8ea2cdaa, 0x8ea2cda9, 0x00eacc, 0x8eaec9a6, 0x8eaebebb, 0x8eaec9a5, 0x000000,
    0x8eaee6b0, 0x8ea2d3a5, 0x8eaeceb4, 0x8eaeceb6, 0x8ea2d3a6, 0x8eaeceb7, 0x000000, 0x8eaeceb5,
    0x8eaeceb8, 0x8ea2d9d3, 0x000000, 0x8eaed2c3, 0x00f4fa, 0x00f4f9, 0x00f4f7, 0x00f4f8, 0x00f4fb,
    0x8eaed6a2, 0x8ea2e2e8, 0x00f7ab, 0x00f7aa, 0x8ea2e6ca, 0x8ea2e9df, 0x8eaedcf0, 0x8eaedcf1,
    0x8eaedcf2, 0x00fbef, 0x00fbee, 0x00c8d7, 0x000000, 0x000000, 0x8ea2affd, 0x000000, 0x00e5fe,
    0x00e1c8, 0x00e5fd, 0x00eace, 0x000000, 0x00c8d8, 0x8ea2a1e8, 0x00c8d9, 0x00c8da, 0x8eaea4b5,
    0x8eaea4b6, 0x8ea2a8cb, 0x8ea2a4f6, 0x8eaea7a4, 0x8ea2a4f7, 0x00cbba, 0x8eaea7a6, 0x8ea2a4f4,
    0x00cbb9, 0x8eaea7a5, 0x00cbbc, 0x8ea2a4f5, 0x00cbbe, 0x00cbbd, 0x8ea2a4f8, 0x00cbbb, 0x000000,
    0x8eaea7a3, 0x000000, 0x00cfb4, 0x00cfb2, 0x8ea2a8cd, 0x8eaeaad6, 0x00cfb1, 0x8eaeaadb,
    0x8eaeaad8, 0x8eaeaacf, 0x00cfb6, 0x00cfb8, 0x00cfb5, 0x8eaeaad9, 0x8ea2a8d0, 0x8ea2a8cc,
    0x00cfb9, 0x8eaeaad2, 0x00cfb3, 0x00cbbf, 0x8eaeaad4, 0x00cfb7, 0x8ea2a8cf, 0x8eaeaad7,
    0x000000, 0x8ea2a8ce, 0x000000, 0x00cfb0, 0x8eaee6b1, 0x000000, 0x000000, 0x000000, 0x000000,
    0x8ea2acfc, 0x00d3aa, 0x00d3ab, 0x8ea2acfe, 0x8eaeaee6, 0x8ea2acf8, 0x8ea2acfb, 0x8ea2ada6,
    0x8ea2ada4, 0x8eaeaee0, 0x00d3ac, 0x8ea2adaa, 0x00d3af, 0x8ea2ada7, 0x8ea2acfd, 0x8ea2acfa,
    0x8eaeaee1, 0x8eaeaede, 0x8ea2bfae, 0x8ea2ada5, 0x00d3a7, 0x8ea2ada8, 0x8ea2acf7, 0x8ea2ada2,
    0x00d3a9, 0x00d3ae, 0x8ea2ada3, 0x00d3b2, 0x00d3b0, 0x8eaeaee5, 0x8ea2acf9, 0x00d3ad,
    0x8eaeaee4, 0x8ea2ada1, 0x00d3b1, 0x00d3a8, 0x8ea2ada9, 0x000000, 0x000000, 0x000000, 0x000000,
    0x000000, 0x000000, 0x00d7de, 0x8eaeb3cc, 0x00d7e7, 0x00d7dc, 0x00d7da, 0x8ea2b2ae, 0x00d7e2,
    0x00d7df, 0x8ea2b2b0, 0x8eaeb3ca, 0x8eaeb3d2, 0x00d7e1, 0x8ea2b2af, 0x8ea2b2ad, 0x8ea2b2b2,
    0x00d7e6, 0x00d7e4, 0x8ea2bfad, 0x8eaeb3cb, 0x8ea2b2b3, 0x8ea2b2b1, 0x00d7db, 0x8eaeb3ce,
    0x8eaeb3cd, 0x00d7dd, 0x00d7e0, 0x8eaeb3cf, 0x00d7e3, 0x8eaeaee3, 0x00d7e5, 0x000000, 0x000000,
    0x000000, 0x000000, 0x000000, 0x000000, 0x000000, 0x000000, 0x000000, 0x8eaebec4, 0x8ea2b8d2,
    0x00dce9, 0x8eaeb8c9, 0x8ea2b8c9, 0x8ea2b8cb, 0x8eaeb8c7, 0x8ea2b8cc, 0x000000, 0x8ea2b8d4,
    0x8ea2b8d0, 0x8ea2b8ce, 0x000000, 0x8ea2b8d1, 0x8ea2b8d5, 0x00dcea, 0x00dcee, 0x8ea2b8ca,
    0x000000, 0x8ea2b8d3, 0x8eaee3ae, 0x00dcec, 0x8eaeb8c1, 0x00dceb, 0x8ea2b8cf, 0x8ea2b8cd,
    0x8eaeb8c2, 0x00dce8, 0x00dced, 0x8eaeb8c5, 0x000000, 0x000000, 0x8eaeb8c8, 0x000000, 0x000000,
    0x000000, 0x000000, 0x00e1ce, 0x8ea2bfb6, 0x8eaebebe, 0x000000, 0x8ea2bfb4, 0x00e1d0, 0x000000,
    0x8eaebec3, 0x8eaebec5, 0x8eaebec1, 0x8ea2bfaf, 0x8ea2c6c6, 0x8eaebebd, 0x00e1cf, 0x8ea2bfb3,
    0x8eaebec0, 0x8eaebec2, 0x8ea2bfb0, 0x00e1cb, 0x00e1d1, 0x8ea2bfb5, 0x00e1cd, 0x8ea2bfb2,
    0x00eacf, 0x00e1cc, 0x8ea2bfb1, 0x00e1d2, 0x00e1ca, 0x00e1c9, 0x000000, 0x000000, 0x000000,
    0x000000, 0x000000, 0x8ea2c6be, 0x8ea2c6bc, 0x8eaec3fb, 0x8ea2c6c2, 0x8eaec3fe, 0x8ea2c6ba,
    0x8ea2c6c7, 0x8ea2c6bf, 0x8eaec3f5, 0x8ea2c6b9, 0x00e6a4, 0x00e6aa, 0x8ea2c6c4, 0x000000,
    0x8ea2c6bd, 0x8eaec3f6, 0x00e6a7, 0x8eaec3f7, 0x8eaec4a3, 0x00e6a5, 0x8ea2c6c5, 0x00e6a2,
    0x00e6a1, 0x8ea2c6c0, 0x00e6a6, 0x00e1d3, 0x8eaec3fc, 0x8ea2c6c3, 0x8ea2c6bb, 0x00e6a3,
    0x00e6a8, 0x00e6a9, 0x000000, 0x000000, 0x8eaec4a2, 0x000000, 0x00ead4, 0x00ead0, 0x8eaec9a7,
    0x00ead5, 0x8ea2cdad, 0x8eaec9aa, 0x000000, 0x8ea2cdac, 0x8ea2cdae, 0x00ead2, 0x8ea2cdab,
    0x00ead3, 0x8ea2cdb1, 0x8ea2cdb0, 0x8ea2cdaf, 0x000000, 0x00ead1, 0x000000, 0x000000,
    0x8eaecebb, 0x8eaecebd, 0x8eaeceb9, 0x8ea2d3aa, 0x8eaecebc, 0x8ea2d3ad, 0x00eed1, 0x8ea2d3ac,
    0x00eed0, 0x00eecc, 0x00eecd, 0x00eece, 0x8ea2d3a9, 0x8ea2d3a8, 0x00eecf, 0x8eaeceba,
    0x8ea2d3ab, 0x8ea2d3a7, 0x000000, 0x000000, 0x8ea2d9d5, 0x8ea2d9df, 0x00f1f9, 0x00f1f8,
    0x8eaed2c9, 0x8ea2d9d9, 0x8ea2d9db, 0x8eaed2c7, 0x8ea2d9d6, 0x8eaed2c4, 0x8ea2d9da, 0x8ea2d9d4,
    0x8ea2d9dd, 0x00f1f7, 0x8ea2d9dc, 0x8ea2d9d8, 0x000000, 0x8ea2d9de, 0x8eaed6a3, 0x8ea2d9d7,
    0x00f4fe, 0x8ea2ded5, 0x8ea2dedb, 0x00f5a4, 0x00f5a6, 0x00f5a3, 0x00f5a2, 0x000000, 0x00f5a1,
    0x00f4fd, 0x8ea2ded6, 0x8ea2ded9, 0x00f4fc, 0x8ea2deda, 0x8eaed6a4, 0x00f5a5, 0x8ea2ded8,
    0x000000, 0x8ea2ded7, 0x00f7ac, 0x8eaed8e5, 0x00f7ad, 0x8ea2e2eb, 0x8ea2e2e9, 0x8ea2e2ea,
    0x000000, 0x8eaedaf7, 0x8ea2e6cc, 0x8eaedaf8, 0x8ea2e6cb, 0x00f8e9, 0x8ea2e9e1, 0x00faaf,
    0x8ea2e9e0, 0x000000, 0x8ea2ebfe, 0x8ea2edf2, 0x00fbf0, 0x8ea2f1b2, 0x8ea2f1b3, 0x00fcc4,
    0x00c8db, 0x000000, 0x00cfba, 0x8ea2bfb7, 0x00ead6, 0x00f5a7, 0x8ea2dedc, 0x00c8dc, 0x000000,
    0x00d7e9, 0x00d7e8, 0x8ea2bfb8, 0x8eaebec7, 0x000000, 0x000000, 0x8ea2d9e0, 0x00c8dd, 0x00d3b3,
    0x000000, 0x8eaebec8, 0x8ea2bfb9, 0x8ea2bfba, 0x8ea2bfbb, 0x00ead7, 0x00f1fa, 0x00c8de,
    0x000000, 0x00cfbb, 0x8ea2adab, 0x00d7ea, 0x8ea2b2b4, 0x00dcef, 0x8eaebec9, 0x8ea2bfbc,
    0x00e6ab, 0x000000, 0x00ead8, 0x00f1fb, 0x00f5a8, 0x00f7ae, 0x8ea2e6cd, 0x00c8df, 0x00cfbc,
    0x8eaeaadd, 0x000000, 0x00d7eb, 0x8ea2b8d6, 0x00e1d4, 0x8eaec9ab, 0x00ead9, 0x8ea2cdb2,
    0x8ea2d3ae, 0x000000, 0x8eaed2ca, 0x8eaed8e8, 0x8eaedaf9, 0x00c8e0, 0x00e1d5, 0x8ea2c6c8,
    0x00eada, 0x00c8e1, 0x8ea2a8d1, 0x8ea2adac, 0x00d3b4, 0x000000, 0x8eaeaee8, 0x8ea2b2b6,
    0x000000, 0x8eaeb3d7, 0x00d7ee, 0x8eaeb3d8, 0x00d7ec, 0x00d7ed, 0x00d7ef, 0x8eaeb3d5, 0x000000,
    0x8ea2b2b5, 0x000000, 0x000000, 0x8ea2b8db, 0x8ea2b8d8, 0x8ea2b8da, 0x00dcf0, 0x00dcf2,
    0x00dcf1, 0x8ea2b8d7, 0x00dcf3, 0x8ea2b8d9, 0x000000, 0x8ea2bfbd, 0x8ea2bfbe, 0x000000,
    0x8ea2bfbf, 0x8ea2c6cb, 0x8eaec4a6, 0x8ea2c6cc, 0x000000, 0x8ea2c6ca, 0x8ea2c6cd, 0x000000,
    0x00e6ac, 0x8eaee6b4, 0x8ea2c6c9, 0x8eaec9ad, 0x00eadb, 0x8eaec9ae, 0x000000, 0x8ea2d3b3,
    0x8ea2d3af, 0x8ea2d3b2, 0x8ea2d3b4, 0x8ea2d3b1, 0x8ea2d3b0, 0x000000, 0x8ea2d9e1, 0x8ea2d9e2,
    0x8ea2d9e3, 0x00f1fc, 0x00f1fd, 0x8ea2dede, 0x8ea2dedd, 0x8ea2dedf, 0x000000, 0x8ea2e2ed,
    0x8ea2e2ec, 0x000000, 0x8ea2e6cf, 0x8eaedafa, 0x8ea2e6d0, 0x8ea2e6ce, 0x8eaedafb, 0x00fab0,
    0x000000, 0x8ea2e9e2, 0x8ea2e9e3, 0x8eaeded5, 0x8ea2edf3, 0x8ea2efbe, 0x8ea2f0c9, 0x00c8e2,
    0x00cbc0, 0x000000, 0x00f5a9, 0x00c8e3, 0x000000, 0x8ea2b8dc, 0x8ea2bfc0, 0x8eaedafc, 0x00fcec,
    0x8ea2a2ea, 0x000000, 0x000000, 0x8eaea4b8, 0x8ea2a2eb, 0x8ea2a2ed, 0x00c8e4, 0x8ea2a2ee,
    0x8ea2a2ec, 0x000000, 0x000000, 0x8ea2a5a2, 0x8ea2a5a3, 0x8ea2a4fb, 0x8eaea7a8, 0x000000,
    0x000000, 0x000000, 0x8ea2a5a1, 0x00cbc2, 0x8eaea7a9, 0x00cbc3, 0x8ea2a4fc, 0x8ea2a4fa,
    0x8ea2a4f9, 0x8ea2a4fd, 0x00cbc1, 0x8ea2a4fe, 0x8ea2adad, 0x8eaea7ab, 0x000000, 0x000000,
    0x8ea2a8d6, 0x00cfbf, 0x8ea2a8d5, 0x8ea2a8d7, 0x8eaeaae0, 0x00cfbe, 0x8ea2a8dc, 0x00cfc2,
    0x8ea2a8d2, 0x8ea2a8e0, 0x8ea2a8e6, 0x00cfc9, 0x8ea2a8e3, 0x00cfc6, 0x8eaeaaeb, 0x8ea2a8d9,
    0x8ea2a8df, 0x8ea2a8e1, 0x8eaeaae6, 0x8ea2a8d4, 0x00cfc5, 0x00cfc0, 0x8ea2a8da, 0x00cfc7,
    0x00cfca, 0x00cfc4, 0x8eaeaaec, 0x00cfbd, 0x8ea2a8de, 0x8ea2a8d8, 0x8ea2a8e5, 0x00cfcc,
    0x00cfc8, 0x00cfc3, 0x8ea2a8dd, 0x00d7f0, 0x8ea2a8db, 0x00cfc1, 0x00cfcb, 0x000000, 0x8ea2a8d3,
    0x000000, 0x8ea2a8e2, 0x8ea2a8e4, 0x8eaeaade, 0x000000, 0x000000, 0x000000, 0x000000,
    0x8eaeaae8, 0x000000, 0x000000, 0x000000, 0x000000, 0x000000, 0x000000, 0x8eaeaef6, 0x00d3c5,
    0x00d3bf, 0x00d3c7, 0x00d3c4, 0x8ea2adb4, 0x8ea2adb7, 0x00d3c0, 0x8eaeaeea, 0x8ea2adae,
    0x000000, 0x00d3b9, 0x00d3c3, 0x8eaeaeeb, 0x00d3c6, 0x00d3c8, 0x8ea2adc3, 0x8ea2adba,
    0x8eaeaef8, 0x00d3b8, 0x8ea2adc2, 0x00d3bc, 0x00d3ba, 0x00d3b5, 0x8ea2adb2, 0x8eaeaef2,
    0x8ea2adc1, 0x8ea2adb6, 0x8ea2adb9, 0x8ea2adc6, 0x8eaeaef4, 0x00d3c9, 0x8ea2adc0, 0x00d3c1,
    0x8ea2adbb, 0x8ea2adc5, 0x8ea2adb8, 0x8ea2adbc, 0x8ea2adbf, 0x8eaeaee9, 0x8eaeaeee, 0x8ea2adb0,
    0x8ea2adc4, 0x8ea2adbe, 0x8eaeaeef, 0x8eaeaefa, 0x8ea2adaf, 0x000000, 0x8ea2adb3, 0x00d3c2,
    0x00d3bd, 0x00d3b6, 0x00d3bb, 0x00d3b7, 0x00d3ca, 0x8ea2adb1, 0x8ea2b2c7, 0x00d3be, 0x000000,
    0x8eaeaef9, 0x8ea2adbd, 0x8ea2a9c2, 0x8eaeaef7, 0x000000, 0x8eaee6b5, 0x000000, 0x8eaee6b7,
    0x000000, 0x000000, 0x000000, 0x8ea2b2ca, 0x00d7fe, 0x8eaeb3e2, 0x8ea2b2ba, 0x000000,
    0x8ea2b2c5, 0x8ea2b2c1, 0x8eaeb8cd, 0x8ea2b2d4, 0x8eaeb3d9, 0x8ea2b2cc, 0x8eaeb3df, 0x8ea2b2c2,
    0x8eaeb8db, 0x8ea2b2cb, 0x8ea2b2bc, 0x8ea2b2c0, 0x8ea2b2d7, 0x00d8a3, 0x8ea2b2cf, 0x8ea2b2c6,
    0x00d7f1, 0x8ea2b2d5, 0x8ea2b2b8, 0x000000, 0x8ea2b2ce, 0x000000, 0x00d8a2, 0x00d7fb,
    0x8ea2b2b7, 0x00d7f9, 0x00d7f8, 0x00d7fd, 0x8ea2b2cd, 0x00d7f5, 0x00d7fc, 0x8ea2adb5,
    0x8ea2bfc1, 0x8ea2b2c8, 0x000000, 0x8eaeaadf, 0x8ea2b2be, 0x00d8a1, 0x8ea2b2bf, 0x8ea2b2c3,
    0x00d8a4, 0x8ea2b2b9, 0x8ea2b2d1, 0x8eaebed7, 0x8ea2b2d0, 0x8ea2b2d8, 0x00d7f7, 0x00d7f4,
    0x8ea2b2d6, 0x8ea2b2d2, 0x8ea2b2c9, 0x8ea2b2c4, 0x00d7fa, 0x00d7f6, 0x8ea2b2bb, 0x00d7f2,
    0x8ea2b2d3, 0x00d7f3, 0x000000, 0x8ea2b2bd, 0x8eaeb3da, 0x8eaeb3e3, 0x000000, 0x000000,
    0x000000, 0x000000, 0x000000, 0x000000, 0x000000, 0x000000, 0x000000, 0x8eaee6b6, 0x8eaeadb3,
    0x000000, 0x000000, 0x000000, 0x000000, 0x000000, 0x000000, 0x000000, 0x000000, 0x000000,
    0x000000, 0x000000, 0x000000, 0x000000, 0x8eaeb8ce, 0x8eaeb8d1, 0x8ea2b8e2, 0x8ea2b8e4,
    0x8ea2b8e9, 0x8ea2b8fd, 0x00dda3, 0x00dcf7, 0x8eaeb8d4, 0x8ea2b8e1, 0x00dda4, 0x00dda5,
    0x8ea2b8ec, 0x8ea2b8f3, 0x8ea2b8f9, 0x8eaeb8d0, 0x8ea2b8e6, 0x000000, 0x8ea2b8ed, 0x8eaeb8cf,
    0x8eaeb8dd, 0x00dda6, 0x8ea2b8fb, 0x8ea2b8f6, 0x00dda1, 0x00dcfd, 0x8ea2b8f2, 0x8ea2b8ee,
    0x8ea2b8e0, 0x00dcf4, 0x8ea2b8e5, 0x8ea2b8dd, 0x8eaeb8d5, 0x00dcfc, 0x00dcfe, 0x8ea2b8ea,
    0x8ea2b8e7, 0x00dcf9, 0x8ea2b8f7, 0x00dcf6, 0x8ea2b8e8, 0x8ea2bfea, 0x8ea2b8f0, 0x8eaeb8de,
    0x8ea2b8ef, 0x00dcf5, 0x8eaeb8d7, 0x00dda2, 0x8eaeb8d2, 0x00dcf8, 0x8ea2b8de, 0x8ea2b8e3,
    0x8ea2b8f4, 0x8ea2b8fa, 0x00dda7, 0x8ea2b8df, 0x8ea2b8eb, 0x8ea2b8f1, 0x00dcfb, 0x000000,
    0x8eaeb8d8, 0x8ea2b8fc, 0x8ea2b8f5, 0x8ea2b8f8, 0x000000, 0x000000, 0x000000, 0x000000,
    0x000000, 0x000000, 0x8eaeb8df, 0x000000, 0x000000, 0x000000, 0x000000, 0x000000, 0x00dcfa,
    0x000000, 0x8ea2bfd1, 0x8ea2bfc5, 0x00e1dd, 0x8ea2bfe2, 0x8ea2bfeb, 0x8ea2bfee, 0x00e1db,
    0x8ea2bfcd, 0x8ea2bfe6, 0x8ea2bfce, 0x8ea2bfdc, 0x00e1e8, 0x8ea2bfd8, 0x00e1e5, 0x8eaebede,
    0x8ea2bfd9, 0x8ea2bfc2, 0x000000, 0x8ea2bfe7, 0x8eaebecf, 0x8eaebed9, 0x00e1ee, 0x8ea2bfe4,
    0x8ea2bfda, 0x8ea2bff0, 0x8ea2bfd5, 0x8ea2c6ed, 0x8eaebecd, 0x8ea2bff3, 0x00e1ec, 0x8ea2bfd3,
    0x8ea2bfdf, 0x00e1ef, 0x00e1da, 0x8ea2bfd7, 0x8ea2bff1, 0x8ea2bfd0, 0x8ea2bfc9, 0x8ea2bfd4,
    0x8eaebedf, 0x8ea2bfc8, 0x8ea2bfc6, 0x00e1d6, 0x8ea2bfe8, 0x8ea2bfcf, 0x8ea2bfec, 0x8eaebecb,
    0x8ea2bfed, 0x00e1de, 0x00e1e3, 0x00e1df, 0x00e1e7, 0x8ea2bfe3, 0x00e1e0, 0x8ea2bfdb,
    0x8ea2bfcb, 0x000000, 0x00e1d8, 0x8ea2bfc3, 0x8ea2bfe5, 0x8ea2bfef, 0x8ea2bfca, 0x00e1e6,
    0x8ea2bff4, 0x8ea2bfd6, 0x8eaebed2, 0x8ea2bfd2, 0x8eaebedc, 0x00e1d7, 0x00e1eb, 0x8eaebeda,
    0x8ea2bfe1, 0x00e1ed, 0x8eaebed0, 0x8ea2bfdd, 0x00e1e2, 0x00e1dc, 0x00e1e4, 0x00e1d9, 0x00e1ea,
    0x8ea2bfde, 0x8ea2bfcc, 0x8ea2bfe0, 0x8ea2bfc7, 0x8ea2bfe9, 0x8eaebed8, 0x000000, 0x8eaebedd,
    0x8eaebed6, 0x8eaebece, 0x000000, 0x000000, 0x8ea2bff2, 0x000000, 0x000000, 0x8eaee6b9,
    0x8eaebedb, 0x000000, 0x8eaee6b8, 0x000000, 0x8ea2bfc4, 0x000000, 0x000000, 0x000000, 0x000000,
    0x000000, 0x8ea2c6ec, 0x8eaec4ad, 0x8ea2c7a4, 0x00e5dc, 0x8ea2c6f1, 0x8eaec4b1, 0x8ea2c6ef,
    0x8ea2c6da, 0x00e6b0, 0x8ea2c6ea, 0x8ea2c6fe, 0x8ea2c6e6, 0x00e6b8, 0x8ea2c6fd, 0x8ea2c6e4,
    0x00e1e9, 0x8ea2c6f4, 0x8ea2c6e5, 0x8ea2c6fb, 0x00e6b7, 0x00e6af, 0x8eaec4ba, 0x8ea2c6cf,
    0x8ea2c6d7, 0x8eaec4b5, 0x8ea2c6f0, 0x8ea2c6e8, 0x8ea2c7a3, 0x8ea2c6eb, 0x00e6bd, 0x8ea2c6fc,
    0x8eaec4ac, 0x00e6b4, 0x8eaec4be, 0x8ea2c6ee, 0x8ea2c6f6, 0x8ea2c6db, 0x8ea2c6f5, 0x8eaec4a7,
    0x8ea2c7a8, 0x8ea2c6d6, 0x8ea2c6f7, 0x8eaec4b3, 0x8ea2c7a6, 0x8eaec4bf, 0x8ea2c6d0, 0x00e1e1,
    0x8eaec4c0, 0x8ea2c6de, 0x8ea2c6dd, 0x00e6b6, 0x8eaec4b2, 0x8ea2c6e1, 0x8ea2c6e3, 0x8ea2c6f2,
    0x8ea2c7a5, 0x00e6b9, 0x8eaec4b8, 0x00e6ba, 0x8eaec4b0, 0x8ea2c6d5, 0x00e6b2, 0x8ea2c6d9,
    0x8ea2c7a1, 0x00e6bb, 0x000000, 0x00e6b3, 0x00e6b5, 0x00e6bc, 0x8ea2c7a7, 0x8ea2c6f8,
    0x8ea2c6f3, 0x8eaec4bc, 0x8eaec4af, 0x8ea2c6e0, 0x8ea2c6df, 0x00e6b1, 0x8ea2c6d1, 0x00e6ae,
    0x8ea2c6e9, 0x8ea2c6d2, 0x8ea2c6e7, 0x8eaec4ae, 0x000000, 0x8ea2c6dc, 0x8ea2c7a2, 0x8eaec4aa,
    0x8eaec4b9, 0x000000, 0x00e6ad, 0x8eaec4bb, 0x8eaec4a8, 0x000000, 0x8ea2c6d8, 0x000000,
    0x000000, 0x000000, 0x000000, 0x000000, 0x000000, 0x8ea2c6d4, 0x8ea2c6fa, 0x8ea2c6d3, 0x00eae8,
    0x8ea2cdda, 0x8eaec9b5, 0x8eaec9c4, 0x8ea2cdc9, 0x8eaec9b3, 0x8eaec9b8, 0x8ea2cdb3, 0x8ea2cdd1,
    0x00eae0, 0x8ea2cdc2, 0x8ea2cdcc, 0x00eae3, 0x8ea2cdc5, 0x00eae1, 0x8ea2cdb6, 0x8ea2cdd4,
    0x8ea2cdb5, 0x8ea2cdc8, 0x8eaec9bc, 0x8ea2cdb4, 0x8eaec9b9, 0x000000, 0x8ea2cdc6, 0x8ea2cdcf,
    0x8ea2cdcd, 0x8ea2cdc1, 0x8ea2cdbc, 0x8ea2cdba, 0x8eaec9c2, 0x8ea2cdbb, 0x8ea2cdce, 0x8ea2cdd9,
    0x8ea2cdc3, 0x00eae2, 0x8eaec9bb, 0x8ea2cdbe, 0x8eaec9ba, 0x8ea2cdd2, 0x8eaec9c1, 0x00eae5,
    0x8ea2cdbd, 0x8ea2cdb7, 0x8ea2cdc7, 0x00eae9, 0x8eaec9b2, 0x000000, 0x00eadd, 0x00eae6,
    0x8ea2cdbf, 0x8ea2cdb9, 0x8eaec9b6, 0x00eadf, 0x8ea2c6f9, 0x00eade, 0x8ea2cdca, 0x8eaec4b6,
    0x00eadc, 0x00eaeb, 0x00eae4, 0x8ea2cdcb, 0x8ea2cdc0, 0x8ea2cdb8, 0x8ea2cdd3, 0x8ea2cdc4,
    0x00eaea, 0x8ea2cdd7, 0x00eae7, 0x8ea2cdd6, 0x8eaec9bf, 0x8ea2cdd0, 0x8ea2cdd5, 0x8eaec9be,
    0x000000, 0x8eaec9c3, 0x8ea2cdd8, 0x000000, 0x000000, 0x8eaee6bb, 0x000000, 0x000000,
    0x8eaee6bc, 0x8eaee6ba, 0x000000, 0x8eaec9bd, 0x000000, 0x000000, 0x8ea2d3dc, 0x8ea2d3dd,
    0x8ea2d3d0, 0x8ea2d3cf, 0x8ea2d3cb, 0x00eedd, 0x8eaececf, 0x00eed5, 0x8ea2d3df, 0x8ea2d3de,
    0x8ea2c6ce, 0x8ea2d3c8, 0x8ea2d3cc, 0x8ea2d3c6, 0x8eaecec4, 0x8ea2d3d9, 0x8ea2d3ca, 0x8eaecec2,
    0x8ea2d3e0, 0x8ea2d3c3, 0x8ea2d3c1, 0x8ea2d3cd, 0x8ea2d3d7, 0x8ea2d3d2, 0x00eedf, 0x8ea2d3b8,
    0x8eaecec0, 0x8ea2d3d6, 0x8eaececc, 0x8eaecec6, 0x8eaeced4, 0x00eee0, 0x8ea2c6e2, 0x8ea2d3c4,
    0x8ea2d3bb, 0x8ea2d3be, 0x8ea2d3e4, 0x8ea2d3c5, 0x8ea2d3bc, 0x8ea2d3ba, 0x8ea2d3b7, 0x000000,
    0x00eed9, 0x8ea2d3ce, 0x00eed8, 0x00eedc, 0x8ea2d3c9, 0x8ea2d3d1, 0x00eed2, 0x8ea2d3e1,
    0x8ea2d3e5, 0x00eed4, 0x8eaececb, 0x8ea2d3c0, 0x8ea2d3d4, 0x8ea2d3d8, 0x8ea2d3bd, 0x8ea2d3e2,
    0x00eedb, 0x000000, 0x00eeda, 0x8ea2d3b5, 0x00eede, 0x8ea2d3db, 0x8ea2d3bf, 0x8ea2d3d3,
    0x8ea2d3b9, 0x8ea2d3c7, 0x8ea2d3c2, 0x00eed6, 0x00eed7, 0x8ea2d3d5, 0x8ea2d3e6, 0x8ea2d3e3,
    0x8ea2d3da, 0x000000, 0x8eaececd, 0x8eaecece, 0x8eaeced2, 0x000000, 0x000000, 0x000000,
    0x000000, 0x000000, 0x8ea2d3b6, 0x000000, 0x00eed3, 0x8ea2d9f4, 0x8eaed2da, 0x8ea2d9eb,
    0x8ea2d9ee, 0x8eaed2d2, 0x00f2a5, 0x8ea2d9f0, 0x8ea2d9e5, 0x8ea2d9ec, 0x8ea2d9f2, 0x00f2a2,
    0x00f2a6, 0x00f1fe, 0x8eaed2d9, 0x8eaed2d0, 0x8ea2d9e7, 0x8ea2d9f7, 0x000000, 0x000000,
    0x8ea2d9f1, 0x000000, 0x8ea2d9e8, 0x8ea2daa2, 0x8ea2d9fa, 0x8ea2d9e4, 0x8ea2def2, 0x8ea2d9ea,
    0x00f2a1, 0x8eaed2d8, 0x8ea2d9f5, 0x8eaed2d4, 0x8ea2daa1, 0x00f2a9, 0x8eaed2d6, 0x8ea2d9fc,
    0x8ea2d9e9, 0x8ea2d9ef, 0x8ea2d9f3, 0x8ea2d9ed, 0x8ea2daa3, 0x8ea2d9fe, 0x8ea2d9fb, 0x00f2a3,
    0x00f2a4, 0x00f2a8, 0x8ea2d9e6, 0x8ea2daa4, 0x00f2a7, 0x8ea2d9f8, 0x8eaed2cf, 0x8eaed2d5,
    0x8ea2d9f6, 0x000000, 0x8eaee6bd, 0x000000, 0x8ea2d9f9, 0x8ea2dfa1, 0x8ea2deec, 0x8ea2def1,
    0x8ea2defe, 0x8ea2def0, 0x8ea2dee8, 0x8ea2deed, 0x000000, 0x00f5ac, 0x8eaed6ab, 0x8ea2dee1,
    0x8ea2def9, 0x8ea2defb, 0x8ea2dee0, 0x00f5ab, 0x8ea2defd, 0x8ea2def5, 0x00f5b2, 0x8ea2defc,
    0x8ea2deee, 0x00f5b4, 0x8ea2dee6, 0x8ea2d9fd, 0x8ea2def6, 0x8ea2def3, 0x8ea2dee2, 0x8ea2dfa3,
    0x00f5ae, 0x8eaed6a8, 0x8eaed6a9, 0x00f5af, 0x8ea2dee4, 0x8ea2def4, 0x8eaed6ad, 0x8ea2dfa2,
    0x8ea2def7, 0x8ea2deea, 0x00f5b1, 0x00f5ad, 0x8ea2def8, 0x8ea2deeb, 0x8ea2dfa4, 0x8ea2dee5,
    0x8ea2deef, 0x8ea2defa, 0x8ea2dee7, 0x8ea2dee9, 0x000000, 0x00f5b5, 0x8ea2dee3, 0x00f5b3,
    0x00f7b0, 0x00f5aa, 0x8eaed6ac, 0x8eaed6b0, 0x000000, 0x000000, 0x00f5b0, 0x00f7b4, 0x8ea2e2fd,
    0x8eaed8ec, 0x8ea2e2f3, 0x8ea2e2ee, 0x8ea2e2f4, 0x8ea2e2fe, 0x8ea2e3a4, 0x8ea2e3a3, 0x00f7b6,
    0x00f7b5, 0x8eaed8ee, 0x000000, 0x8ea2e2f5, 0x8ea2e3a5, 0x8ea2e2f8, 0x8ea2e2f0, 0x8eaed8ef,
    0x8ea2e2f2, 0x8ea2e2f1, 0x8ea2e2f7, 0x8ea2e2fc, 0x8ea2e2ef, 0x8ea2e2f6, 0x8ea2e2fb, 0x00f7b3,
    0x000000, 0x8ea2e2f9, 0x8eaed8eb, 0x00f7b1, 0x8ea2e2fa, 0x00f7af, 0x00f7b2, 0x8ea2e6e0,
    0x8ea2e3a1, 0x000000, 0x8eaee6be, 0x00f8ed, 0x8eaedafe, 0x8ea2e6d8, 0x8ea2e6dc, 0x8ea2e6d4,
    0x8ea2e6d7, 0x8eaedafd, 0x8ea2e6df, 0x00f8eb, 0x8ea2e6e4, 0x8ea2e6dd, 0x000000, 0x8ea2e6d5,
    0x8ea2e6e5, 0x8ea2e6de, 0x00f8ee, 0x00f8ef, 0x8ea2e6e2, 0x8eaedba2, 0x8ea2e6d6, 0x00f8ea,
    0x00f8ec, 0x8ea2e6d1, 0x8ea2e6d9, 0x8ea2e6d3, 0x8eaedcfb, 0x8ea2e6e3, 0x8ea2e6e1, 0x8ea2e6d2,
    0x8ea2e6da, 0x000000, 0x8eaedba5, 0x8eaee6bf, 0x8ea2e9ea, 0x00f8f0, 0x8ea2e6db, 0x00fab2,
    0x00fab4, 0x00fab1, 0x8eaedcf6, 0x8ea2e9ef, 0x8ea2e9e7, 0x8ea2e9e5, 0x8ea2e9e9, 0x8ea2e9e6,
    0x8eaedcf8, 0x8eaedcfc, 0x8ea2e9eb, 0x8ea2e9ed, 0x00fab5, 0x00fab7, 0x8eaedda2, 0x8ea2e9ec,
    0x00fab8, 0x00fab6, 0x8ea2e9ee, 0x8eaedcfe, 0x000000, 0x8eaedda3, 0x8eaedcf7, 0x00fab3,
    0x000000, 0x8eaedda1, 0x000000, 0x8eaededb, 0x8eaededa, 0x00fba1, 0x8ea2eca1, 0x8ea2eca7,
    0x00fba3, 0x8ea2e9e8, 0x8ea2eca6, 0x8eaededc, 0x8ea2ecad, 0x8ea2eca4, 0x8ea2ecab, 0x8ea2ecaa,
    0x8ea2e9e4, 0x8ea2eca5, 0x8ea2e3a2, 0x8ea2ecae, 0x8ea2eca3, 0x8ea2eca8, 0x8eaeded8, 0x8ea2ecac,
    0x8ea2eca2, 0x8eaeded6, 0x8ea2edf7, 0x00fba2, 0x8ea2eca9, 0x8eaeded7, 0x000000, 0x8ea2efc3,
    0x8ea2edf8, 0x8ea2edf6, 0x8ea2edf4, 0x8ea2edf5, 0x8ea2edf9, 0x8eaee6c0, 0x00fcc5, 0x8ea2efc1,
    0x8ea2efbf, 0x8ea2efc4, 0x8ea2efc2, 0x8eaee0c3, 0x8ea2efc5, 0x00fcc6, 0x8ea2efc0, 0x8eaee0af,
    0x8eaee1c6, 0x8ea2f0ca, 0x000000, 0x8eaee6c1, 0x8ea2f1b4, 0x8ea2f1b5, 0x8ea2f1b6, 0x8eaee1c7,
    0x8eaee1fc, 0x8ea2f2b5, 0x8ea2f2ad, 0x8ea2a2ef, 0x00cfcd, 0x000000, 0x00d3cb, 0x000000,
    0x8ea2b2da, 0x8ea2b2d9, 0x00d8a5, 0x00dda8, 0x8ea2b9a1, 0x8eaeb8e3, 0x8eaeb8e0, 0x8ea2b8fe,
    0x8eaeb8e1, 0x00e1f0, 0x00e6bf, 0x8eaebee1, 0x00e6be, 0x00e6c0, 0x000000, 0x8ea2cddb,
    0x8ea2d3e7, 0x8ea2daa5, 0x8ea2daa7, 0x8ea2daa6, 0x000000, 0x00f5b6, 0x8ea2dfa5, 0x8ea2e3a6,
    0x8ea2f1f3, 0x00c8e5, 0x8eaea7ad, 0x8ea2a8e9, 0x8ea2a8ea, 0x8ea2a8e8, 0x8ea2a8e7, 0x00cfce,
    0x8eaee6c2, 0x8ea2adca, 0x8ea2adc8, 0x8eaeafa3, 0x8eaeaefc, 0x8ea2adc7, 0x8eaeaefe, 0x00d3cc,
    0x00d3ce, 0x00d3cd, 0x8ea2adc9, 0x8eaeafa4, 0x000000, 0x000000, 0x000000, 0x000000, 0x8eaeb3e9,
    0x8ea2b2e6, 0x8ea2b2e3, 0x8ea2b2e1, 0x000000, 0x8eaeb3ec, 0x00d8a6, 0x8ea2b2e4, 0x00d8ab,
    0x8ea2b2de, 0x8ea2b2ed, 0x8eaeb3ef, 0x8ea2b2ef, 0x8ea2b2df, 0x8eaeb3ee, 0x00d8a8, 0x8ea2b2f0,
    0x8ea2b2eb, 0x8ea2b2dd, 0x8ea2b2e2, 0x8ea2b2ec, 0x8ea2b2e8, 0x8ea2b2e5, 0x8eaeb3eb, 0x00d8ad,
    0x8ea2b2ee, 0x8ea2b2e0, 0x8eaeb3ea, 0x8eaeb3f0, 0x8ea2b2e9, 0x8ea2b2db, 0x00d8ac, 0x00d8a9,
    0x8ea2b2e7, 0x8eaeb3ed, 0x8ea2b2ea, 0x8ea2b2dc, 0x00d8aa, 0x00d8a7, 0x000000, 0x000000,
    0x000000, 0x8eaeb8e6, 0x00ddb2, 0x8ea2b9a8, 0x00ddb1, 0x8eaeb8e4, 0x8ea2b9ab, 0x8ea2b9ae,
    0x00ddae, 0x00ddac, 0x8ea2b9a3, 0x8ea2b9ac, 0x8ea2b9aa, 0x8ea2b9a7, 0x8ea2b9af, 0x8ea2b9b0,
    0x8ea2b9b2, 0x8ea2b9b3, 0x8ea2b9a2, 0x00ddab, 0x8ea2b9a5, 0x8ea2b9a4, 0x8ea2b9b1, 0x00ddad,
    0x8ea2b9a6, 0x00ddaf, 0x00ddaa, 0x8ea2b9a9, 0x00ddb3, 0x000000, 0x00ddb0, 0x8ea2b9ad, 0x000000,
    0x000000, 0x000000, 0x00e1f7, 0x8ea2c0a5, 0x000000, 0x8ea2bff8, 0x00e1f4, 0x8eaebee2,
    0x8ea2c7ae, 0x8ea2c0a3, 0x8ea2bff5, 0x00e1f2, 0x8ea2bffa, 0x00e1f5, 0x8ea2bffe, 0x8ea2bffc,
    0x00e1f8, 0x00e1f1, 0x000000, 0x8eaebee3, 0x8ea2bff6, 0x8ea2bff9, 0x00e1f6, 0x000000,
    0x8ea2bff7, 0x000000, 0x8ea2c0a4, 0x8ea2c0a2, 0x8ea2bffb, 0x8ea2bffd, 0x8ea2c0a1, 0x00e1f3,
    0x8eaebee8, 0x000000, 0x000000, 0x000000, 0x000000, 0x000000, 0x000000, 0x8ea2c7af, 0x8ea2c7b5,
    0x8ea2c7ab, 0x8ea2c7b1, 0x00e6c1, 0x8ea2c7ad, 0x00e6c7, 0x8eaec4c4, 0x8eaec4c5, 0x00e6c6,
    0x8eaec4c9, 0x00e6c5, 0x8ea2c7b4, 0x00e6c8, 0x00e6c9, 0x8ea2c7aa, 0x8ea2c7b7, 0x00e6ca,
    0x00e6c4, 0x00e6c3, 0x8ea2c7b3, 0x00e6cb, 0x8ea2c7a9, 0x8ea2c7ac, 0x8ea2c7b6, 0x8ea2c7b2,
    0x000000, 0x000000, 0x8ea2cdfb, 0x8ea2cdf0, 0x00e6c2, 0x000000, 0x8eaec4c6, 0x8eaec4c8,
    0x000000, 0x00eaf2, 0x8ea2cde4, 0x8ea2cdf9, 0x8ea2cde5, 0x00eaed, 0x8eaec9cf, 0x8ea2cde2,
    0x000000, 0x8ea2cdeb, 0x8ea2cde3, 0x00eaef, 0x8ea2cddd, 0x8ea2cdf8, 0x00eaf0, 0x8ea2cdf5,
    0x8ea2cdf6, 0x8ea2cdde, 0x00eaf5, 0x8ea2cded, 0x8eaec9ca, 0x8ea2cde7, 0x8ea2cdee, 0x8ea2cde1,
    0x000000, 0x8ea2cdfa, 0x8ea2cdf2, 0x8ea2cdec, 0x8ea2cddc, 0x00eaf1, 0x8ea2cdf3, 0x8eaec9c5,
    0x00eaf4, 0x8ea2cdf7, 0x8eaec9cc, 0x8ea2cdf1, 0x00eaee, 0x8ea2cdef, 0x8eaec9c9, 0x8ea2cde9,
    0x00eaec, 0x8ea2cde0, 0x8ea2cde8, 0x8ea2cdf4, 0x8ea2cde6, 0x000000, 0x8eaec9ce, 0x8ea2cdea,
    0x8eaec9cb, 0x000000, 0x000000, 0x8eaee6c3, 0x000000, 0x00eeea, 0x8ea2c7b0, 0x8ea2d3f9,
    0x8ea2d4a4, 0x8ea2d3f8, 0x8ea2d3f4, 0x8ea2d3f1, 0x00eeeb, 0x8ea2d3ef, 0x00eaf3, 0x8ea2d3e8,
    0x00eee9, 0x8ea2d3ee, 0x00eee8, 0x8ea2d3f3, 0x8ea2d3f0, 0x8ea2d4a2, 0x8ea2d3fb, 0x8ea2d3f5,
    0x8ea2d3fa, 0x00eee4, 0x8ea2d3f2, 0x8ea2d4a7, 0x8ea2d3e9, 0x8ea2d3ea, 0x8ea2d4a3, 0x00eee5,
    0x8ea2d4a8, 0x00eee7, 0x8ea2d4a9, 0x8ea2d3f7, 0x8ea2cddf, 0x8ea2d3fd, 0x8ea2d3f6, 0x8ea2d4a1,
    0x8ea2d3fc, 0x000000, 0x8eaecedd, 0x000000, 0x8ea2d3ed, 0x00eee2, 0x8ea2d4a6, 0x00eee3,
    0x8ea2d3eb, 0x00eee6, 0x8ea2dab2, 0x8ea2d3fe, 0x8ea2d4a5, 0x000000, 0x8eaeced9, 0x000000,
    0x000000, 0x8ea2daaf, 0x00eee1, 0x00f2aa, 0x8ea2dab9, 0x8ea2dab5, 0x000000, 0x8ea2dab3,
    0x8ea2daae, 0x8ea2dabd, 0x8eaed2db, 0x8eaed2dd, 0x000000, 0x00f2ae, 0x8eaed2df, 0x8ea2daaa,
    0x8ea2dab6, 0x8ea2dab7, 0x8ea2daad, 0x8ea2daac, 0x8ea2daba, 0x000000, 0x8ea2dab0, 0x8ea2daab,
    0x8ea2dab1, 0x8eaed2e2, 0x8ea2dabc, 0x8ea2daa9, 0x8ea2dabb, 0x8ea2dab8, 0x00f2ac, 0x00f2ab,
    0x000000, 0x8eaed2de, 0x00f2ad, 0x8ea2dab4, 0x8ea2daa8, 0x8eaee6c5, 0x000000, 0x000000,
    0x000000, 0x8eaee6c4, 0x8ea2dfa7, 0x00f5bc, 0x8ea2dfab, 0x8ea2dfa8, 0x8ea2dfaf, 0x8ea2dfb5,
    0x8ea2dfaa, 0x8eaed6ba, 0x8ea2dfbe, 0x00f5b9, 0x8ea2dfb8, 0x8ea2dfad, 0x8ea2dfb9, 0x8ea2dfb4,
    0x8ea2dfbb, 0x8ea2dfac, 0x00f5be, 0x00f5bd, 0x8ea2dfae, 0x8ea2dfbc, 0x8ea2dfa6, 0x8ea2dfba,
    0x00f5b7, 0x8eaed6b9, 0x8ea2dfb2, 0x8ea2dfb1, 0x8ea2dfb6, 0x8ea2dfa9, 0x00f5bb, 0x8eaed6bb,
    0x00f5bf, 0x8ea2dfb0, 0x8ea2dfb7, 0x00f5c0, 0x8ea2dfb3, 0x8eaed6b6, 0x8eaed6b4, 0x000000,
    0x000000, 0x00f5b8, 0x00f5ba, 0x8ea2e3b3, 0x8ea2e3b1, 0x8eaedba8, 0x8eaed8f6, 0x8ea2e3b7,
    0x8ea2e3b5, 0x8ea2e3b8, 0x8eaed8f8, 0x8ea2e3aa, 0x8ea2e3b2, 0x8ea2e3bc, 0x8ea2dfbd, 0x8ea2e3ae,
    0x00f7ba, 0x8ea2d3ec, 0x8ea2e3a9, 0x8ea2e3b6, 0x8ea2e3b0, 0x8ea2e3ad, 0x8ea2e3a8, 0x8ea2e3a7,
    0x8ea2e3bb, 0x8eaed8f3, 0x8ea2e3ac, 0x8ea2e3ab, 0x00f7b8, 0x8ea2e3b4, 0x8eaed8f4, 0x00f7b7,
    0x8eaed8f5, 0x000000, 0x00f7b9, 0x8ea2e3af, 0x8ea2e3ba, 0x8eaee6c6, 0x8ea2e6e9, 0x8ea2e6ea,
    0x8eaedbac, 0x00f8f4, 0x8ea2e6e7, 0x00f8f1, 0x8ea2e6ef, 0x8eaedba7, 0x00f8f5, 0x8ea2e6f1,
    0x8ea2e6e6, 0x8ea2e3b9, 0x8ea2e6f3, 0x8ea2e6e8, 0x000000, 0x00f8f2, 0x8ea2e6ee, 0x8eaedba9,
    0x8ea2e6f0, 0x8ea2e6eb, 0x8ea2e6f2, 0x8ea2e6ed, 0x8ea2e6ec, 0x00f8f3, 0x8eaed8f7, 0x8eaedbab,
    0x8ea2e9f1, 0x8ea2e9f2, 0x8eaedda5, 0x8ea2e9f4, 0x00fab9, 0x00faba, 0x8ea2e9f5, 0x8ea2e9f3,
    0x8eaedda4, 0x8ea2e9f0, 0x8eaededd, 0x8ea2ecb1, 0x8ea2ecb4, 0x8ea2ecb0, 0x000000, 0x00fba7,
    0x8ea2ecb2, 0x00fba6, 0x00fba5, 0x00fba4, 0x8ea2ecb3, 0x8ea2edfe, 0x8ea2edfc, 0x8eaedfdf,
    0x8ea2edfb, 0x8ea2ecaf, 0x8ea2edfd, 0x8ea2ecb5, 0x8ea2edfa, 0x8eaee0c5, 0x8ea2efc8, 0x8ea2efa6,
    0x8ea2efc6, 0x00fcc7, 0x8ea2efc7, 0x8ea2efc9, 0x8eaee6c7, 0x8ea2f0cd, 0x00fce6, 0x8ea2f0cc,
    0x8ea2f0cb, 0x00fce7, 0x000000, 0x00fda7, 0x8ea2f1dd, 0x8ea2f1f5, 0x8ea2f1f4, 0x8ea2f1f6,
    0x00c8e6, 0x8ea2adcb, 0x8eaeafa6, 0x8ea2b2f1, 0x8ea2b2f2, 0x8eaeb8ea, 0x8eaebeea, 0x8eaebee9,
    0x8ea2c0a6, 0x000000, 0x8ea2ecb6, 0x8ea2f0ce, 0x00c8e7, 0x00d3cf, 0x8ea2adcc, 0x8eaeb3f1,
    0x8eaee6c8, 0x000000, 0x8ea2b9b4, 0x00ddb4, 0x000000, 0x8ea2c0a8, 0x8ea2c0a7, 0x00e1f9,
    0x8eaec4cd, 0x00e6cc, 0x8ea2d4aa, 0x00eeec, 0x8eaecedf, 0x00eeed, 0x8eaed2e3, 0x8eaed2e4,
    0x000000, 0x00f2af, 0x00fce8, 0x00c8e8, 0x000000, 0x000000, 0x8eaeafa7, 0x8ea2adcd, 0x00cfd0,
    0x8ea2adcf, 0x8ea2adce, 0x00d3d0, 0x000000, 0x8ea2b2f3, 0x8eaeb3f4, 0x8ea2b2fa, 0x00d8ae,
    0x8ea2b2f8, 0x8ea2b2f6, 0x8eaeb3f7, 0x8ea2b2fd, 0x8ea2b2f4, 0x8ea2b2f5, 0x00d8af, 0x8eaeb3f2,
    0x00d8b3, 0x8eaeb3f3, 0x8eaeb3f5, 0x8ea2b2fe, 0x00d8b2, 0x8ea2b2fc, 0x8ea2b2f9, 0x8ea2b2f7,
    0x00d8b0, 0x00d8b1, 0x8ea2b2fb, 0x8eaeb3f6, 0x000000, 0x000000, 0x8eaee6c9, 0x00ddb6,
    0x8ea2b9b5, 0x8eaeb8f2, 0x00ddbb, 0x8ea2b9c5, 0x00ddba, 0x8ea2b9c7, 0x8eaeb8ee, 0x8eaeb8f4,
    0x8ea2b9bb, 0x00ddb8, 0x8ea2b9c6, 0x8eaeb8ec, 0x8ea2b9b6, 0x00ddb9, 0x8ea2b9c2, 0x8ea2b9be,
    0x8ea2b9c0, 0x8ea2b9ba, 0x8ea2b9c1, 0x8eaeb8eb, 0x000000, 0x00ddb5, 0x8ea2b9bd, 0x8eaeb8f3,
    0x8ea2b9bc, 0x8ea2b9b8, 0x8eaeb8ed, 0x8ea2b9c3, 0x8eaeb8ef, 0x8eaeb8f1, 0x8ea2b9bf, 0x8ea2b9b7,
    0x8eaeb8f0, 0x8ea2b9b9, 0x00ddb7, 0x8ea2b9c4, 0x000000, 0x000000, 0x000000, 0x000000, 0x00e1fc,
    0x8ea2c0b3, 0x000000, 0x8eaebef0, 0x8eaebef2, 0x8ea2c0af, 0x8ea2c0b1, 0x8ea2c0ac, 0x8ea2c0ab,
    0x8ea2c0a9, 0x8eaebeed, 0x8ea2c0b0, 0x8ea2c0b2, 0x8ea2c0ae, 0x8eaebeef, 0x8ea2c0ad, 0x00e1fa,
    0x00e1fb, 0x000000, 0x000000, 0x000000, 0x000000, 0x000000, 0x000000, 0x8ea2c0b5, 0x00e6d4,
    0x8ea2c7b9, 0x8ea2c7bf, 0x8ea2c7ba, 0x8ea2c7bb, 0x8eaec4ce, 0x8ea2c7c0, 0x000000, 0x00e6d6,
    0x000000, 0x00e6ce, 0x00e6d5, 0x8ea2c7b8, 0x8ea2c0aa, 0x00e6d1, 0x00e6cf, 0x8ea2c7be,
    0x8ea2c7bd, 0x00e6d0, 0x00e6d2, 0x8ea2c7bc, 0x00e6cd, 0x8eaec4cf, 0x00e6d3, 0x000000, 0x000000,
    0x000000, 0x000000, 0x8eaecee0, 0x8ea2cdfd, 0x00eafc, 0x8eaec9d9, 0x8eaec9d2, 0x8ea2ceaa,
    0x8ea2cea9, 0x8eaec9d7, 0x8ea2cea4, 0x00eafe, 0x8ea2cea8, 0x8ea2cdfe, 0x8ea2cea1, 0x00eaf6,
    0x00eaf8, 0x8eaec9d4, 0x8ea2cea6, 0x8ea2cdfc, 0x00eafa, 0x00eaf9, 0x8ea2cea2, 0x8ea2cea7,
    0x8ea2cea5, 0x00eafb, 0x8ea2cea3, 0x8eaec9d1, 0x8eaec9d6, 0x8ea2c0b4, 0x00eaf7, 0x8eaec9d8,
    0x000000, 0x8ea2d4ab, 0x8ea2d4b2, 0x00eeef, 0x000000, 0x8ea2d4b6, 0x00eef3, 0x8ea2d4ae,
    0x8ea2d4ac, 0x000000, 0x8ea2d4b5, 0x8eaecee1, 0x00eeee, 0x8ea2d4b4, 0x00eef0, 0x00eef1,
    0x8ea2d4ad, 0x00eef2, 0x8ea2d4b3, 0x8ea2d4af, 0x8ea2d4b0, 0x8ea2d4b1, 0x00eafd, 0x8eaecee2,
    0x000000, 0x000000, 0x8ea2dabe, 0x8ea2daca, 0x000000, 0x00f2b4, 0x8ea2dac5, 0x8ea2dac7,
    0x8eaed2e5, 0x00f2b2, 0x8ea2dabf, 0x8ea2dac3, 0x000000, 0x8ea2dac6, 0x00f2b0, 0x00f2b3,
    0x8ea2dac9, 0x8ea2dac1, 0x8ea2dac2, 0x8ea2dac8, 0x8ea2dac0, 0x8ea2dac4, 0x00f2b1, 0x8ea2dfc0,
    0x000000, 0x8ea2dfbf, 0x00f5c2, 0x8ea2dfc5, 0x00f5c4, 0x8eaed6c0, 0x000000, 0x00f5c1,
    0x8ea2dfc1, 0x00f5c5, 0x8ea2dfc2, 0x8eaed6bf, 0x8eaed6bd, 0x8ea2dfc3, 0x8ea2dfc6, 0x8eaed6c2,
    0x00f5c3, 0x000000, 0x8ea2e3c1, 0x000000, 0x8eaed8f9, 0x8ea2e3c4, 0x8eaed8fa, 0x8ea2e3be,
    0x8ea2e3c0, 0x8eaed8fc, 0x8eaed8fb, 0x8ea2e3bf, 0x8ea2e3c2, 0x8ea2e3c3, 0x8ea2dfc4, 0x8ea2e3bd,
    0x8eaee6ca, 0x000000, 0x00f8f8, 0x8ea2e6f7, 0x8ea2e6fa, 0x8ea2e6fc, 0x8ea2e6f5, 0x8ea2e6f6,
    0x8ea2e6f9, 0x8ea2e6fb, 0x00f8f9, 0x00f8f7, 0x00f8f6, 0x8ea2e6f8, 0x8ea2e6f4, 0x8ea2e9f6,
    0x00fabb, 0x8eaedda9, 0x8ea2e9f7, 0x8eaedda8, 0x000000, 0x8ea2ecb8, 0x00fba8, 0x8ea2ecba,
    0x00fba9, 0x8ea2ecb7, 0x8ea2ecb9, 0x00fbf2, 0x000000, 0x8ea2eea1, 0x00fbf1, 0x8ea2efcc,
    0x8ea2efcb, 0x000000, 0x8ea2efca, 0x000000, 0x8eaee1c9, 0x8ea2f1b7, 0x8ea2f1b8, 0x8ea2f1ba,
    0x8ea2f1b9, 0x8eaee1fd, 0x8ea2a2f0, 0x00c8e9, 0x000000, 0x00d3d1, 0x8ea2b9c8, 0x00e1fd,
    0x8eaee6cb, 0x8ea2c7c1, 0x00f7bb, 0x8eaedbaf, 0x8ea2e6fd, 0x8eaee0c6, 0x8eaee1ca, 0x00cbc4,
    0x8eaeafa9, 0x000000, 0x000000, 0x00ddbd, 0x000000, 0x8eaeb8f6, 0x8eaeb8f5, 0x00ddbc,
    0x8eaeb8f7, 0x8ea2c0b6, 0x00e1fe, 0x8ea2c0b8, 0x8ea2c0b7, 0x000000, 0x8eaebef4, 0x8ea2c7c2,
    0x00e6d7, 0x8ea2ceab, 0x8ea2ceae, 0x8ea2cead, 0x000000, 0x8ea2ceac, 0x8ea2d4b7, 0x8ea2d4b9,
    0x8ea2d4b8, 0x8eaecee5, 0x00f2b6, 0x8eaed2e6, 0x000000, 0x8eaecee4, 0x00f2b5, 0x8eaed6c6,
    0x00f5c6, 0x8ea2dfc7, 0x8ea2dfc9, 0x8ea2dfc8, 0x8eaed8fe, 0x8eaed8fd, 0x00f7bc, 0x8eaed9a1,
    0x000000, 0x8eaedbb1, 0x8ea2e7a1, 0x8ea2e6fe, 0x000000, 0x8ea2e9f8, 0x00fabc, 0x8eaeddaa,
    0x8eaedee1, 0x00fbaa, 0x8ea2eea3, 0x8ea2eea2, 0x00fda8, 0x000000, 0x000000, 0x000000, 0x000000,
    0x000000, 0x000000, 0x000000, 0x000000, 0x000000, 0x000000, 0x000000, 0x000000, 0x000000,
    0x000000, 0x000000, 0x000000, 0x000000, 0x00cbc5, 0x8ea2add0, 0x00d3d2, 0x8ea2b9cb, 0x8ea2b9c9,
    0x000000, 0x000000, 0x8ea2b9ca, 0x8ea2c0ba, 0x8ea2c0bb, 0x8ea2c7c9, 0x8ea2c0b9, 0x000000,
    0x8ea2c7c3, 0x8ea2c7c7, 0x8ea2c7c6, 0x8ea2c7c8, 0x00e6d8, 0x8ea2c7c5, 0x8ea2c7c4, 0x8ea2c7ca,
    0x8eaec4d4, 0x8ea2ceb1, 0x8ea2ceaf, 0x8eaec9dc, 0x8ea2ceb0, 0x8ea2d4bc, 0x8ea2d4ba, 0x8eaecee6,
    0x000000, 0x8ea2d4bb, 0x8ea2dacb, 0x8ea2dfca, 0x8ea2dfcb, 0x00f7bd, 0x8eaedbb2, 0x8ea2e7a2,
    0x8ea2e9f9, 0x00fabd, 0x000000, 0x8ea2ecbb, 0x8ea2eea4, 0x00fbf3, 0x000000, 0x8ea2efcd,
    0x8ea2f1bb, 0x00cbc6, 0x000000, 0x00d3d4, 0x00d3d5, 0x8ea2add1, 0x8eaeafaa, 0x8eaeafac,
    0x8ea2add2, 0x00d3d3, 0x000000, 0x00d8b9, 0x8eaeb3fb, 0x00d8b7, 0x8eaeb3fa, 0x00d8b6, 0x00d8bd,
    0x00d8b5, 0x00d8be, 0x8ea2b3a1, 0x00d8bb, 0x000000, 0x00d8b8, 0x00d8bc, 0x00d8ba, 0x00d8b4,
    0x8eaeb3fc, 0x000000, 0x00ddc5, 0x8eaeb8fe, 0x00ddbf, 0x8ea2b9cf, 0x00ddc4, 0x8eaeb9a3,
    0x8eaeb9a9, 0x00ddc6, 0x00ddc0, 0x000000, 0x00ddc1, 0x8eaeb8f9, 0x8ea2b9cd, 0x8eaeb8fb,
    0x8eaeb9a5, 0x00ddbe, 0x8eaeb9a2, 0x8ea2b9ce, 0x00ddc3, 0x8eaee3b0, 0x000000, 0x8ea2b9cc,
    0x00ddc2, 0x8eaeb8fa, 0x000000, 0x00e2ab, 0x8eaebefc, 0x00e2ad, 0x000000, 0x8eaebefd,
    0x8ea2c0be, 0x00e2ac, 0x00e2a1, 0x00e2a5, 0x8eaebfa4, 0x00e6eb, 0x8ea2c7cf, 0x8ea2c0c0,
    0x00e2a6, 0x8eaebefe, 0x8eaebef5, 0x8ea2c0c3, 0x8ea2c0c4, 0x00e2aa, 0x000000, 0x8ea2c0c6,
    0x8eaebfa1, 0x8ea2c0c8, 0x8eaebfa3, 0x8ea2c0c9, 0x8ea2c0bd, 0x8ea2c0bc, 0x8ea2c0ca, 0x00e2a9,
    0x8ea2c0c7, 0x8ea2c0c5, 0x000000, 0x00e2a7, 0x00e2a3, 0x00e2ae, 0x8ea2c0c1, 0x8ea2c0c2,
    0x8ea2c0bf, 0x8eaebef8, 0x00e2a8, 0x000000, 0x8eaebfa2, 0x00e2a4, 0x000000, 0x00e2a2,
    0x8ea2c7ce, 0x00e6e6, 0x00e6e1, 0x8eaec4e0, 0x8eaec4d9, 0x00e6dc, 0x8eaec4e3, 0x00e6ec,
    0x00e6dd, 0x8eaec4d5, 0x00e6d9, 0x00e6e8, 0x00e6e5, 0x00e6e7, 0x8eaec4d8, 0x00e6de, 0x00e6e3,
    0x00e6da, 0x00e6db, 0x8ea2c7d6, 0x8ea2c7d3, 0x8ea2c7cb, 0x8ea2c7d0, 0x8eaec4db, 0x00e6e9,
    0x8ea2c7d7, 0x00e6ea, 0x00e6e0, 0x8eaec4dc, 0x8eaec4e1, 0x8ea2c7cd, 0x8eaec4d6, 0x8ea2c7d5,
    0x8ea2c7d1, 0x8ea2c7d4, 0x8ea2c7d2, 0x00e6e4, 0x8ea2c7cc, 0x00e6df, 0x8eaec4dd, 0x000000,
    0x000000, 0x8ea2ceb4, 0x00eba2, 0x00eba5, 0x8eaec9df, 0x8ea2ceb6, 0x8eaec9e4, 0x00ebad,
    0x8ea2ceb5, 0x00eba7, 0x8eaec9e3, 0x00eef8, 0x8ea2ceb7, 0x000000, 0x00ebac, 0x8ea2ceb3,
    0x00ebae, 0x8eaec9de, 0x8eaec9e2, 0x8eaec9eb, 0x00eba3, 0x8eaec9e8, 0x00e6e2, 0x00eba6,
    0x8eaec9e0, 0x00eba4, 0x00eba8, 0x00ebaa, 0x00eba1, 0x00ebaf, 0x00ebab, 0x8eaec9e5, 0x00eba9,
    0x8ea2ceb2, 0x8eaec9e6, 0x000000, 0x000000, 0x8eaecef4, 0x00efa1, 0x8eaecee7, 0x00eefb,
    0x8eaecef2, 0x8eaecef0, 0x8eaeceee, 0x00efa4, 0x8eaeceec, 0x8ea2d4bf, 0x00efa5, 0x8ea2d4cb,
    0x8ea2d4c4, 0x00eef4, 0x8ea2d4cc, 0x8ea2d4c6, 0x00eefe, 0x8ea2d4c7, 0x8eaecef3, 0x00eefd,
    0x8ea2d4ca, 0x00eef7, 0x8ea2d4c8, 0x8ea2d4be, 0x00eef6, 0x8ea2dad6, 0x00eefc, 0x8eaecef5,
    0x00eef9, 0x8eaecee9, 0x00efa3, 0x8eaeceea, 0x8ea2d4bd, 0x8eaecef6, 0x8ea2d4c1, 0x00eef5,
    0x8ea2d4c0, 0x8ea2d4c2, 0x8ea2d4c3, 0x00efa2, 0x8ea2d4c5, 0x8ea2d4c9, 0x8ea2d4cd, 0x000000,
    0x00efa6, 0x00f2bc, 0x8ea2dad1, 0x8ea2dad7, 0x8ea2dad4, 0x8ea2dacc, 0x8ea2dad8, 0x8ea2dacd,
    0x8eaed2ea, 0x8ea2dad3, 0x8eaed2eb, 0x00f2b7, 0x00f2bd, 0x8ea2dad9, 0x8eaeceef, 0x8eaed2e7,
    0x00f2b9, 0x8eaed2ee, 0x00f2c3, 0x00f2be, 0x8ea2dadb, 0x8ea2dad5, 0x00f2ba, 0x8ea2dace,
    0x00f2c4, 0x8ea2dacf, 0x8ea2dad0, 0x00f2c5, 0x00f2c2, 0x00eefa, 0x8eaed2e9, 0x00f2b8,
    0x8ea2dadc, 0x00f2c6, 0x8eaed2e8, 0x00f2bf, 0x8ea2dada, 0x00f2bb, 0x00f2c0, 0x00f2c1,
    0x8eaee6cc, 0x00f5ce, 0x8ea2dfd0, 0x8ea2dfd9, 0x8ea2dfd6, 0x8ea2dfd8, 0x8eaed6c9, 0x00f5cb,
    0x8ea2dfd1, 0x8eaed6ca, 0x8ea2dfd7, 0x00f5c7, 0x8ea2dfd3, 0x00f5cf, 0x8ea2dfcf, 0x8ea2dfd4,
    0x8ea2dfdb, 0x8ea2dad2, 0x8ea2dfd5, 0x8ea2dfce, 0x00f5c8, 0x8ea2dfcd, 0x00f5c9, 0x8ea2dfdc,
    0x00f5ca, 0x8ea2dfda, 0x00f5cd, 0x8ea2dfcc, 0x8eaed6c8, 0x00f5cc, 0x000000, 0x8ea2dfd2,
    0x8ea2e3c7, 0x8ea2e3d5, 0x8ea2e3d0, 0x8ea2e3d2, 0x8ea2e3c6, 0x00f7be, 0x8eaed9aa, 0x8ea2e3c5,
    0x00f7c1, 0x00f7c0, 0x8eaed9a6, 0x8ea2e3d4, 0x8ea2e3cc, 0x8ea2e3c9, 0x8ea2e3cf, 0x8eaed9a4,
    0x8ea2e3c8, 0x8eaed9a8, 0x8ea2e3ca, 0x8ea2e3d3, 0x8ea2e3d1, 0x8eaed9a3, 0x00f7bf, 0x8ea2e3d8,
    0x8ea2e3d6, 0x8ea2e3cd, 0x8ea2e3d7, 0x8ea2e3ce, 0x8eaedbb4, 0x8ea2e7a6, 0x00f8fa, 0x8ea2e7ad,
    0x8eaedbb5, 0x000000, 0x8ea2ecbe, 0x00f9a3, 0x8ea2e3cb, 0x8ea2e7a4, 0x00f8fd, 0x8ea2e7a5,
    0x8ea2e7aa, 0x8eaedbb6, 0x8eaeddb3, 0x00f9a1, 0x00f9a2, 0x8ea2e7a3, 0x8ea2e7ac, 0x8ea2e7ae,
    0x8ea2e7a7, 0x8ea2e7a9, 0x8ea2e7ab, 0x8ea2e7a8, 0x8ea2e7af, 0x00f8fc, 0x00f9a4, 0x00f8fe,
    0x000000, 0x00f8fb, 0x8ea2e9fc, 0x000000, 0x00fac2, 0x8ea2e9fa, 0x8eaeddb0, 0x8eaeddac,
    0x8ea2e9fe, 0x8eaeddb2, 0x8ea2eaa1, 0x00fac0, 0x8ea2eaa2, 0x8ea2e9fd, 0x8eaeddab, 0x8ea2e9fb,
    0x00fac3, 0x00fabf, 0x8ea2eaa3, 0x8eaeddae, 0x00fac1, 0x00fabe, 0x8eaedced, 0x000000,
    0x8eaee4ad, 0x00fbab, 0x8eaedee2, 0x000000, 0x00fbac, 0x8ea2ecbd, 0x8ea2ecbc, 0x8ea2ecbf,
    0x8ea2ecc0, 0x8eaedee3, 0x00fbad, 0x8ea2eea5, 0x8ea2eeaa, 0x00fbf4, 0x8eaedfe1, 0x8ea2eea7,
    0x8eaedfe2, 0x8ea2eea6, 0x8ea2eea9, 0x8ea2eea8, 0x8eaee0c8, 0x8ea2efd1, 0x000000, 0x00fcc8,
    0x8ea2efd0, 0x8ea2efce, 0x8eaee0c7, 0x8ea2efcf, 0x000000, 0x8eaee0c9, 0x8eaee0fb, 0x00fcea,
    0x00fce9, 0x8ea2f0cf, 0x8ea2f0d0, 0x00fceb, 0x8eaee1cb, 0x8ea2f1bc, 0x8ea2f1bd, 0x00fdb4,
    0x8eaee1eb, 0x00fdba, 0x8eaee1fe, 0x8ea2f1f7, 0x8ea2f2b6, 0x000000, 0x000000, 0x000000,
    0x000000, 0x000000, 0x000000, 0x000000, 0x000000, 0x000000, 0x000000, 0x000000, 0x000000,
    0x000000, 0x000000, 0x000000, 0x000000, 0x000000, 0x000000, 0x000000, 0x000000, 0x000000,
    0x000000, 0x000000, 0x000000, 0x000000, 0x000000, 0x000000, 0x000000, 0x000000, 0x000000,
    0x000000, 0x000000, 0x000000, 0x000000, 0x000000, 0x000000, 0x000000, 0x000000, 0x000000,
    0x000000, 0x000000, 0x000000, 0x000000, 0x000000, 0x000000, 0x000000, 0x000000, 0x000000,
    0x000000, 0x000000, 0x000000, 0x000000, 0x000000, 0x000000, 0x000000, 0x00cbc7, 0x000000,
    0x8ea2b9d0, 0x8eaeb9aa, 0x8ea2b9d1, 0x8ea2c7d8, 0x8ea2ceb8, 0x8ea2d4ce, 0x00f5d1, 0x8eaed6cd,
    0x00f5d0, 0x8ea2e3d9, 0x8ea2e7b0, 0x8eaedfe4, 0x8ea2efd2, 0x00cbc8, 0x8ea2b3a2, 0x00d8bf,
    0x00ddc7, 0x8ea2c7da, 0x8ea2c7d9, 0x00efa7, 0x8ea2d4cf, 0x00efa8, 0x8ea2dfdd, 0x00f7c2,
    0x8eaeddb4, 0x8eaee6cd, 0x8eaee2a1, 0x00fdc3, 0x00cbc9, 0x8ea2a8eb, 0x8ea2b3a3, 0x8eaeb9ad,
    0x000000, 0x00ddc8, 0x8eaeb9ac, 0x8ea2b9d2, 0x8ea2b9d3, 0x8eaebfaa, 0x8ea2c0cb, 0x8eaebfa9,
    0x00e2af, 0x00e6ed, 0x8eaec4e4, 0x8ea2c7dc, 0x8ea2c7db, 0x8ea2c7dd, 0x8eaec9ed, 0x8ea2ceb9,
    0x8ea2ceba, 0x00ebb0, 0x00f2c7, 0x00efa9, 0x00f2c8, 0x000000, 0x8ea2dfe1, 0x8ea2dfde,
    0x8ea2dfe0, 0x8ea2dfdf, 0x00f5d2, 0x8eaed9ab, 0x8ea2e3da, 0x8ea2e7b2, 0x8ea2e7b1, 0x8ea2a5a4,
    0x00d8c1, 0x00d8c0, 0x8ea2b3a4, 0x8eaeb9ae, 0x8ea2b9d4, 0x8eaebfac, 0x8eaebfab, 0x8ea2c0cd,
    0x8ea2c0cc, 0x00e2b0, 0x8eaebfad, 0x8ea2c7df, 0x8ea2c7e0, 0x8ea2c7de, 0x8eaee3ca, 0x8eaec4e5,
    0x00e6ef, 0x00e6ee, 0x000000, 0x00ebb2, 0x00ebb1, 0x8eaecefa, 0x8ea2d4d0, 0x8ea2dadf,
    0x8ea2dadd, 0x8ea2dade, 0x00f2c9, 0x8ea2dfe3, 0x8ea2dfe2, 0x8eaed6cf, 0x8ea2e3dd, 0x8ea2e3dc,
    0x8ea2e3db, 0x8ea2e7b3, 0x8eaee1cd, 0x8ea2f1f8, 0x00cbca, 0x00d3d6, 0x8eaeafae, 0x00d3d7,
    0x00d8c2, 0x00d8c3, 0x8ea2b3a6, 0x8ea2b3a5, 0x8ea2b9d5, 0x8eaeb9b0, 0x00ddce, 0x00ddcc,
    0x00ddc9, 0x00ddcd, 0x00ddcb, 0x00ddca, 0x8eaeb9b2, 0x8eaeb9b1, 0x00e2b1, 0x8ea2c0d0,
    0x8eaebfaf, 0x00e6f4, 0x00e2b3, 0x00e2b8, 0x8ea2c0d2, 0x00e2ba, 0x00e2b9, 0x00e2bc, 0x8ea2c0d1,
    0x8ea2c0ce, 0x00e2b6, 0x00e2b2, 0x00e2b4, 0x8ea2c0cf, 0x00e2bb, 0x00e2b7, 0x00e2b5, 0x00e6f6,
    0x00e6f5, 0x00e6f3, 0x00e6f7, 0x000000, 0x00e6f1, 0x00e6f2, 0x8eaec4e9, 0x00e6f0, 0x000000,
    0x8ea2c7e1, 0x8eaec4e7, 0x000000, 0x8ea2cebc, 0x8eaec9f0, 0x00ebb4, 0x00ebb5, 0x00ebb3,
    0x8eaec9f2, 0x8ea2cebb, 0x8eaec9f1, 0x8ea2cebd, 0x8eaee6ce, 0x8ea2d4d3, 0x8ea2d4d5, 0x8eaecefe,
    0x00efb2, 0x8ea2d4d6, 0x00efab, 0x8ea2d4d2, 0x00efaa, 0x00efb4, 0x00efb0, 0x00efb1, 0x00efad,
    0x8ea2d4d1, 0x00efac, 0x8ea2d4d7, 0x8ea2d4d4, 0x8eaecefd, 0x00efb3, 0x8eaecfa2, 0x00efae,
    0x00efaf, 0x8ea2dae1, 0x8eaed2f5, 0x8ea2dae3, 0x8ea2dae2, 0x8eaed2f3, 0x8ea2dae4, 0x00f2ca,
    0x8ea2dae0, 0x8eaed6d1, 0x8eaed6d2, 0x00f5d6, 0x8ea2dfe4, 0x00f5d3, 0x00f5d7, 0x00f5d5,
    0x00f5d4, 0x8ea2e3de, 0x000000, 0x8ea2e3e1, 0x000000, 0x8ea2e3e0, 0x8eaed9ae, 0x8ea2e3df,
    0x00f7c3, 0x8ea2e7b4, 0x8ea2e7b5, 0x00f9a5, 0x8ea2e7b6, 0x00f9a6, 0x8eaedbb8, 0x8eaee6cf,
    0x00fac5, 0x8eaee4a8, 0x00fac4, 0x8ea2ecc1, 0x8eaedee5, 0x8eaedee6, 0x00fbae, 0x8ea2ecc2,
    0x8ea2eeab, 0x00fbf5, 0x00fbf6, 0x8eaee6d0, 0x8ea2efd3, 0x8eaee0ca, 0x00fced, 0x8eaee1ce,
    0x000000, 0x000000, 0x000000, 0x000000, 0x000000, 0x000000, 0x000000, 0x000000, 0x000000,
    0x000000, 0x000000, 0x000000, 0x000000, 0x000000, 0x000000, 0x000000, 0x000000, 0x000000,
    0x000000, 0x000000, 0x000000, 0x000000, 0x000000, 0x000000, 0x000000, 0x000000, 0x000000,
    0x000000, 0x000000, 0x000000, 0x000000, 0x000000, 0x000000, 0x000000, 0x000000, 0x000000,
    0x00cbcb, 0x8eaeb9b3, 0x00ddd0, 0x00ddcf, 0x8ea2c7e2, 0x8ea2c7e3, 0x000000, 0x00ebb6,
    0x8ea2dae5, 0x00efb5, 0x8ea2dae6, 0x8ea2dfe5, 0x00cbcc, 0x8eaea4ba, 0x8ea2add3, 0x00d3d9,
    0x00d3d8, 0x000000, 0x8ea2b3a7, 0x00d8c4, 0x8ea2b3a8, 0x8ea2b9d8, 0x8eaeb9b9, 0x8ea2b9d7,
    0x8eaeb9b7, 0x8ea2b9d6, 0x8eaeb9b5, 0x8eaeb9b8, 0x8ea2c0d4, 0x00e2bf, 0x8eaebfb9, 0x8eaebfb4,
    0x8ea2c0d3, 0x00e2be, 0x8eaebfb7, 0x8eaebfb0, 0x8eaebfb3, 0x8ea2c0d5, 0x00e2bd, 0x8eaebfb8,
    0x8ea2c7e5, 0x8ea2c7e8, 0x8ea2c7e6, 0x8ea2c7e7, 0x8ea2c7eb, 0x8ea2c7e4, 0x8ea2c7ec, 0x8ea2c7e9,
    0x8ea2c7ea, 0x00ebb8, 0x8ea2cebe, 0x8eaec9f5, 0x8eaec9f3, 0x00ebb7, 0x8eaec9f4, 0x8ea2d4db,
    0x8ea2d4d9, 0x8eaecfa6, 0x000000, 0x00efb6, 0x8ea2d4d8, 0x8ea2d4da, 0x8eaecfa5, 0x00efb7,
    0x8eaecfa3, 0x8ea2dae7, 0x8eaed2f7, 0x8ea2dae8, 0x00f5d8, 0x8eaed9b1, 0x8ea2e7b8, 0x8ea2e7ba,
    0x8ea2e7b7, 0x8ea2e7b9, 0x8ea2eaa4, 0x8ea2ecc3, 0x8eaee6d1, 0x000000, 0x8ea2f1de, 0x00cbcd,
    0x00d3da, 0x8ea2b3a9, 0x8ea2b3ab, 0x8ea2b3aa, 0x000000, 0x8ea2b9db, 0x00ddd2, 0x8eaeb9be,
    0x8ea2b9d9, 0x8eaeb9ba, 0x00ddd1, 0x8ea2b9dc, 0x8eaeb9bd, 0x8ea2b9dd, 0x8ea2b9da, 0x000000,
    0x000000, 0x8ea2c0e1, 0x00e2c7, 0x8ea2c0d9, 0x8ea2c0df, 0x8eaebfbf, 0x8eaebfba, 0x00e2c2,
    0x00e2c5, 0x8ea2c0d8, 0x00e2c0, 0x8ea2c0dc, 0x8ea2c7f2, 0x00e2c4, 0x8eaebfbb, 0x8ea2c0d7,
    0x8eaebfbe, 0x8ea2c0dd, 0x8ea2c0da, 0x8ea2c0e0, 0x8ea2c0d6, 0x8ea2c0de, 0x00e2c3, 0x00e2c6,
    0x8ea2c0db, 0x00e2c1, 0x000000, 0x00e6f9, 0x8ea2c7ee, 0x00e6f8, 0x8ea2c7f5, 0x8ea2c7f4,
    0x00e7a1, 0x000000, 0x00e7a2, 0x8ea2c7f6, 0x00e6fa, 0x8ea2c7f3, 0x00e6fe, 0x8ea2c7f8,
    0x8ea2c7ef, 0x8eaec4eb, 0x8ea2c7f1, 0x00e6fb, 0x8ea2c7ed, 0x8ea2c7f0, 0x8ea2c7f7, 0x00e6fc,
    0x8ea2c7f9, 0x000000, 0x000000, 0x000000, 0x000000, 0x000000, 0x00e6fd, 0x000000, 0x00ebb9,
    0x8ea2cec3, 0x8ea2cec9, 0x8ea2cec1, 0x8ea2ceca, 0x8eaec9fb, 0x8ea2cec0, 0x8ea2cec5, 0x8ea2cecb,
    0x8ea2cec8, 0x8ea2cec7, 0x8ea2cec6, 0x8eaec9fa, 0x8ea2cebf, 0x8ea2cec4, 0x8eaec9f9, 0x000000,
    0x8ea2cec2, 0x000000, 0x00efbc, 0x00efb9, 0x8ea2d4e4, 0x8ea2d4e9, 0x8ea2d4eb, 0x8ea2d4e8,
    0x8ea2d4e1, 0x8ea2d4e3, 0x8ea2d4ed, 0x8ea2d4ea, 0x8ea2d4e5, 0x8ea2d4ee, 0x8ea2d4e2, 0x8ea2d4ec,
    0x00efba, 0x00efc0, 0x00efbe, 0x8ea2d4dc, 0x00efbf, 0x00efbb, 0x8ea2d4dd, 0x8ea2d4df,
    0x8ea2d4de, 0x8ea2d4e6, 0x8ea2d4e7, 0x8eaecfac, 0x00efbd, 0x8eaecfab, 0x00efb8, 0x000000,
    0x000000, 0x8ea2d4e0, 0x000000, 0x8ea2daf2, 0x00f2cc, 0x8eaed2fe, 0x8ea2dae9, 0x00f2cd,
    0x00f2d0, 0x8ea2daee, 0x000000, 0x8ea2daeb, 0x00f2cf, 0x000000, 0x8eaed2fb, 0x8ea2daef,
    0x8ea2daf0, 0x8ea2daea, 0x8ea2daf3, 0x8ea2daec, 0x8ea2daf1, 0x00f2ce, 0x8eaed2fc, 0x00f2cb,
    0x8ea2daed, 0x8eaed6d4, 0x8ea2dfeb, 0x00f5db, 0x00f5d9, 0x00f5dc, 0x00f5da, 0x8ea2dfea,
    0x8ea2dfe7, 0x8ea2dfe6, 0x8eaed6d5, 0x8ea2dfe9, 0x000000, 0x000000, 0x8ea2dfe8, 0x8ea2e3ef,
    0x00f7c9, 0x8ea2e3e6, 0x8ea2e3e5, 0x8eaed9b2, 0x00f7c4, 0x8ea2e3eb, 0x8ea2e3ea, 0x8ea2e3e2,
    0x8ea2e3ed, 0x8ea2e3e7, 0x00f7c8, 0x8ea2e3e4, 0x8ea2e3ec, 0x8ea2e3e3, 0x00f7c5, 0x00f7c7,
    0x8ea2e3e8, 0x00f7c6, 0x8ea2e3e9, 0x8eaedbba, 0x8ea2e3ee, 0x8ea2e7be, 0x8eaedbb9, 0x00f9ab,
    0x8ea2e7bb, 0x000000, 0x8ea2e7bf, 0x8eaedbbb, 0x000000, 0x00f9a8, 0x8ea2e7bd, 0x00f9ad,
    0x8eaedbbc, 0x00f9aa, 0x8eaedbbd, 0x8ea2e7bc, 0x000000, 0x00f9ac, 0x8ea2e7c0, 0x00f9a7,
    0x000000, 0x000000, 0x000000, 0x00fac7, 0x00fac9, 0x8eaeddb7, 0x8ea2eaa7, 0x00fac8, 0x8ea2eaa5,
    0x00f9a9, 0x8ea2eaa6, 0x00fac6, 0x00fbaf, 0x00fbb1, 0x8ea2ecc5, 0x00fbb0, 0x8ea2ecc4, 0x000000,
    0x8ea2eeb0, 0x00fbf7, 0x8ea2eeaf, 0x00fbf8, 0x8ea2eead, 0x8ea2eeac, 0x8ea2eeb1, 0x8ea2eeb2,
    0x8ea2efd4, 0x8eaee0cb, 0x8ea2eeae, 0x000000, 0x000000, 0x8ea2f0d4, 0x8ea2f0d1, 0x8ea2f0d2,
    0x8ea2f0d3, 0x00fda9, 0x8eaee1d0, 0x8ea2f1c0, 0x8ea2f1bf, 0x8ea2f1be, 0x8ea2f1df, 0x8eaee1ec,
    0x8ea2f2ae, 0x8ea2f1f9, 0x00fdbb, 0x00cbce, 0x00d8c5, 0x8eaeb9bf, 0x000000, 0x8eaeb9c0,
    0x8eaebfc0, 0x8eaec4f3, 0x00e7a3, 0x8eaec9fd, 0x8eaec9fc, 0x000000, 0x8eaecfb0, 0x8eaecfb2,
    0x8eaecfaf, 0x8eaecfb1, 0x00efc1, 0x000000, 0x8eaee6d2, 0x8ea2daf4, 0x000000, 0x8eaed9b5,
    0x00f7ca, 0x8eaed9b6, 0x8ea2e7c1, 0x8eaedbbf, 0x000000, 0x000000, 0x8eaeddb8, 0x000000,
    0x000000, 0x8ea2f1fa, 0x00cbcf, 0x00cfd1, 0x00d3dc, 0x00d3db, 0x000000, 0x00d8c8, 0x000000,
    0x8ea2b3ac, 0x00d8c6, 0x8ea2b3ad, 0x00d8c7, 0x8eaee6d3, 0x8eaeb9c1, 0x8ea2b9e2, 0x8ea2b9de,
    0x8eaeb9c7, 0x000000, 0x00ddd3, 0x8ea2b9e1, 0x8ea2b9e0, 0x8ea2b9df, 0x00ddd4, 0x8ea2b9e3,
    0x8ea2b9e4, 0x000000, 0x000000, 0x8eaebfc5, 0x8ea2c0e8, 0x8ea2c0e6, 0x8ea2c0ea, 0x8ea2c0eb,
    0x8ea2c0f1, 0x8eaebfc7, 0x8ea2c0ed, 0x8ea2c0ef, 0x000000, 0x8ea2c0e7, 0x8ea2c0e2, 0x000000,
    0x8ea2c0ee, 0x8eaebfc4, 0x8eaebfc6, 0x8ea2c0f0, 0x8ea2c0e9, 0x8ea2c0ec, 0x8ea2c0e3, 0x00e2c9,
    0x8ea2c0e5, 0x8ea2c0e4, 0x00e2c8, 0x00e2ca, 0x8eaebfc9, 0x00e7a6, 0x8ea2c7fb, 0x8ea2c7fd,
    0x8ea2c7fc, 0x8ea2c8a3, 0x00e7a4, 0x8eaec4f6, 0x8ea2c7fe, 0x8ea2c7fa, 0x8ea2c8a1, 0x8ea2c8a2,
    0x00e7a5, 0x00e7a7, 0x8ea2c8a4, 0x000000, 0x8ea2cecf, 0x8ea2cece, 0x000000, 0x8ea2cecc,
    0x8ea2cecd, 0x00ebbb, 0x00ebbd, 0x00ebba, 0x00ebbc, 0x8ea2d4f5, 0x8ea2d4f6, 0x8ea2d4f1,
    0x8eaecfb6, 0x8ea2d4f2, 0x00efc3, 0x00efc8, 0x00efc2, 0x00efc9, 0x00efc4, 0x8ea2d4f3, 0x000000,
    0x8eaecfb3, 0x8ea2d4f4, 0x8ea2d4f0, 0x00efca, 0x00efc6, 0x8eaecfb5, 0x000000, 0x00efc5,
    0x00efc7, 0x8eaecfb4, 0x8ea2d4ef, 0x8eaed3a4, 0x8ea2daf6, 0x00f2d2, 0x8eaed3a2, 0x8eaed3a1,
    0x8ea2daf8, 0x00f2d4, 0x8ea2dafb, 0x8ea2daf7, 0x8ea2daf5, 0x8ea2dafa, 0x00f2d3, 0x8ea2daf9,
    0x000000, 0x00f2d1, 0x8eaed3a5, 0x8eaed6d9, 0x00f5de, 0x00f5e1, 0x8ea2dfed, 0x8eaed6da,
    0x00f5df, 0x8ea2dfec, 0x00f5dd, 0x00f5e0, 0x8ea2e3f0, 0x8ea2e3f1, 0x8ea2e3f2, 0x00f7cb,
    0x8eaed9b7, 0x8ea2e3f3, 0x000000, 0x00f7cc, 0x00f9af, 0x8ea2e7c4, 0x8ea2e7c5, 0x8ea2e7c3,
    0x8ea2e7c2, 0x8ea2e7c6, 0x00f9ae, 0x8ea2eaab, 0x8ea2eaa9, 0x8ea2eaaa, 0x8ea2eaac, 0x8ea2eaa8,
    0x8ea2eaad, 0x8ea2ecc7, 0x8eaedee7, 0x8ea2ecc8, 0x8ea2ecc6, 0x00fbb2, 0x8ea2eeb3, 0x00fbf9,
    0x8ea2eeb4, 0x8ea2efd6, 0x8ea2efd5, 0x8eaee2a2, 0x000000, 0x000000, 0x000000, 0x000000,
    0x000000, 0x000000, 0x000000, 0x000000, 0x000000, 0x000000, 0x000000, 0x000000, 0x000000,
    0x000000, 0x000000, 0x000000, 0x000000, 0x000000, 0x000000, 0x000000, 0x000000, 0x000000,
    0x000000, 0x000000, 0x000000, 0x000000, 0x000000, 0x00cbd0, 0x00e2cb, 0x8eaebfcb, 0x8eaec4f7,
    0x00e7a8, 0x8eaec4f8, 0x8eaecaa1, 0x8eaecaa2, 0x00ebbe, 0x8eaecfb7, 0x8eaed3a7, 0x00f2d6,
    0x8eaed3a6, 0x00f2d5, 0x000000, 0x8eaee6d4, 0x000000, 0x8eaed9b8, 0x00f9b0, 0x00faa9, 0x00fbb3,
    0x00cbd1, 0x00d8c9, 0x00e7a9, 0x8eaecfb9, 0x8ea2e7c7, 0x8eaea7af, 0x000000, 0x000000, 0x000000,
    0x8eaea4bb, 0x000000, 0x000000, 0x000000, 0x000000, 0x8eaea7b0, 0x8ea2a5a6, 0x000000,
    0x8eaea7b3, 0x00cbd2, 0x000000, 0x00cbd5, 0x00cbd4, 0x00cbd3, 0x8eaea7b1, 0x000000, 0x8ea2a5a5,
    0x8eaeaaf2, 0x8ea2a8ed, 0x8eaeaaf0, 0x8ea2a8ef, 0x00cfd2, 0x8eaeaaf4, 0x000000, 0x00cfd4,
    0x8ea2a8ec, 0x8ea2a8ee, 0x00cfd3, 0x8ea2a8f1, 0x8ea2a8f0, 0x8ea2a8f2, 0x8eaeaaf3, 0x8eaeaaf1,
    0x000000, 0x000000, 0x000000, 0x000000, 0x000000, 0x000000, 0x8ea2add7, 0x8ea2add5, 0x00d3df,
    0x8ea2add4, 0x00d3e4, 0x00d3e1, 0x00d3de, 0x8eaeafb1, 0x00d3e5, 0x8eaeafb2, 0x00d3e0, 0x00d3e3,
    0x000000, 0x00d3e2, 0x8ea2add6, 0x8eaeafb3, 0x00d3dd, 0x8eaeafb0, 0x000000, 0x000000, 0x00d8cf,
    0x8ea2b3af, 0x8ea2b3b5, 0x00d8cc, 0x00d8d3, 0x8eaeb4a5, 0x00d8ce, 0x8ea2b3b2, 0x8ea2b3b4,
    0x00d8d1, 0x8ea2b3ae, 0x8ea2b3b1, 0x00d8cd, 0x00d8ca, 0x8ea2b3b0, 0x00d8d0, 0x8ea2b3b3,
    0x00d8d2, 0x00d8cb, 0x000000, 0x8eaeb4a7, 0x8eaeb4a6, 0x000000, 0x8ea2b9e6, 0x8ea2b9e9,
    0x00ddd6, 0x8eaeb9cb, 0x00dde0, 0x00dddc, 0x8ea2b9e7, 0x8eaeb9ca, 0x8eaeb9ce, 0x00dde4,
    0x00dddd, 0x00dde2, 0x00ddd8, 0x000000, 0x00ddd5, 0x00ddd7, 0x00dde3, 0x8ea2b9e8, 0x00dddb,
    0x00ddde, 0x00ddda, 0x00dddf, 0x8ea2b9ea, 0x00dde1, 0x00ddd9, 0x8ea2b9e5, 0x8eaeb9cc, 0x000000,
    0x000000, 0x8eaebfcf, 0x8eaebfd0, 0x8eaebfcd, 0x8eaebfcc, 0x8eaebfd1, 0x8ea2c0f2, 0x00e2cc,
    0x8ea2c0f4, 0x8eaebfd5, 0x00e2ce, 0x00e2d0, 0x000000, 0x8ea2c0f3, 0x00e2cd, 0x00e2d1,
    0x8eaebfd6, 0x00e2cf, 0x000000, 0x8eaebfd4, 0x8eaebfd7, 0x00e7af, 0x8ea2c8a9, 0x00e7b7,
    0x8ea2c8a6, 0x8eaec4fd, 0x00e7b8, 0x00e7ad, 0x8eaec4f9, 0x8ea2c8a7, 0x8eaec4fc, 0x8eaec4fa,
    0x00e7b2, 0x8eaec4fb, 0x8ea2c8a8, 0x00e7ab, 0x00e7aa, 0x8eaec4fe, 0x00e7b5, 0x00e7b4, 0x00e7b3,
    0x00e7b1, 0x00e7b6, 0x8ea2c8a5, 0x00e7ac, 0x00e7ae, 0x00e7b0, 0x000000, 0x000000, 0x00ebc0,
    0x00ebc3, 0x8eaecaa4, 0x00ebc7, 0x00ebc1, 0x00ebc6, 0x00ebc4, 0x8eaecaa7, 0x00ebbf, 0x8eaecaa6,
    0x00ebc5, 0x00ebc2, 0x000000, 0x000000, 0x000000, 0x8ea2d4fa, 0x00efcd, 0x00efcb, 0x8eaecfbc,
    0x8ea2d4fb, 0x000000, 0x00efce, 0x00efcc, 0x8ea2d4f9, 0x8ea2d4f8, 0x8eaecfbb, 0x00f2da,
    0x8ea2d4f7, 0x00f2d8, 0x00f2d7, 0x8ea2dafc, 0x00efcf, 0x00f2d9, 0x8ea2dafd, 0x00f2dc,
    0x8ea2dafe, 0x00f2db, 0x00f5e3, 0x8ea2dfef, 0x00f5e2, 0x00f5e7, 0x00f5e5, 0x00f5e6, 0x00f7ce,
    0x00f5e4, 0x8ea2dfee, 0x8ea2dba1, 0x00f7cd, 0x00f7cf, 0x8eaed9ba, 0x00f9b1, 0x00f9b2, 0x000000,
    0x8ea2eaae, 0x000000, 0x00fcca, 0x00fcc9, 0x00cbd7, 0x8eaea2de, 0x8eaea2dd, 0x8ea2a2f5,
    0x00d8d4, 0x8eaea4bc, 0x8ea2a2f2, 0x8ea2a2f3, 0x8ea2a2f1, 0x8eaea4bd, 0x8ea2a2f4, 0x8eaee6d5,
    0x000000, 0x8ea2a5aa, 0x8ea2a5a7, 0x8ea2a5ac, 0x8ea2a5a8, 0x00cbd8, 0x00cbdb, 0x8eaea7b5,
    0x8ea2a5a9, 0x00cbda, 0x8ea2a5ab, 0x8eaea7b9, 0x8eaea7b4, 0x00cbd9, 0x8eaeb9d1, 0x000000,
    0x8eaeaaf7, 0x000000, 0x8ea2a8f5, 0x8ea2a8f7, 0x00cfd7, 0x8ea2a8f3, 0x8ea2a8f6, 0x8ea2a8f4,
    0x00cfd5, 0x00cfd8, 0x8eaeaaf5, 0x00cfd6, 0x8eaeaaf8, 0x000000, 0x000000, 0x8eaeafb5,
    0x8ea2add9, 0x8ea2addd, 0x8ea2adda, 0x8eaeafb8, 0x00d3e8, 0x8eaeafb4, 0x00d3e9, 0x8eaeafbe,
    0x8ea2addc, 0x8eaeafb7, 0x8ea2adde, 0x8ea2ade0, 0x8eaeafbc, 0x00d3e6, 0x8ea2addf, 0x000000,
    0x8eaeafbb, 0x00d3e7, 0x000000, 0x000000, 0x000000, 0x000000, 0x000000, 0x8ea2b9f1, 0x8ea2addb,
    0x8ea2b3b6, 0x8ea2b3bf, 0x8ea2b3bd, 0x8ea2b3b8, 0x8ea2b3b9, 0x8ea2b3be, 0x8ea2b3c0, 0x00d8d6,
    0x8eaeb4a9, 0x8ea2b3bb, 0x8ea2b3b7, 0x00d8d5, 0x00d8d7, 0x8ea2b3ba, 0x8ea2b3c1, 0x8ea2b3bc,
    0x000000, 0x000000, 0x00dde5, 0x8ea2b9f4, 0x8ea2b9ec, 0x8ea2b9f2, 0x8ea2b9f3, 0x00dde6,
    0x8eaeb9cf, 0x8ea2b9eb, 0x8ea2b9ed, 0x8ea2add8, 0x8ea2b9ef, 0x8ea2b9f0, 0x8ea2b9ee, 0x00e2d3,
    0x8eaee3ec, 0x8eaeb9d2, 0x000000, 0x8ea2c0fb, 0x8ea2dba2, 0x8ea2c0fc, 0x8ea2c0f9, 0x00dde7,
    0x00e2d5, 0x8ea2c0f8, 0x8ea2c0fe, 0x8ea2c0fd, 0x00e2d2, 0x8ea2c1a3, 0x8ea2c0f7, 0x8ea2c1a2,
    0x8ea2c0f5, 0x8ea2c1a1, 0x8ea2c0fa, 0x00e2d4, 0x8eaebfd9, 0x8ea2c8b0, 0x8eaec5a3, 0x8ea2c8ab,
    0x8ea2c8b1, 0x8ea2c8ac, 0x8ea2c8aa, 0x8ea2c8ad, 0x00e7b9, 0x8eaec5a4, 0x8ea2c8af, 0x8eaec5a5,
    0x8ea2c8ae, 0x00e7ba, 0x00ebc9, 0x00ebc8, 0x8ea2ced6, 0x8ea2ced9, 0x8ea2ced1, 0x8ea2ced5,
    0x00ebca, 0x8ea2ced4, 0x8ea2ced2, 0x8ea2ced8, 0x8ea2ced3, 0x8ea2ced0, 0x8ea2ced7, 0x8eaecaaa,
    0x8ea2d5a3, 0x00efd2, 0x8ea2e3f4, 0x8ea2d4fe, 0x8ea2d5a1, 0x8ea2d4fd, 0x8ea2c0f6, 0x00efd1,
    0x8ea2d5a4, 0x8ea2d4fc, 0x00efd0, 0x00efd3, 0x8ea2d5a2, 0x8ea2dba3, 0x00f2dd, 0x8ea2dba4,
    0x8ea2dba5, 0x8eaed3ab, 0x8ea2dff0, 0x00f5e8, 0x8ea2e3f5, 0x8ea2e3f6, 0x8eaed9bc, 0x8eaed9bb,
    0x8ea2e3f7, 0x8ea2e7c9, 0x8ea2e7c8, 0x8ea2eab0, 0x000000, 0x8ea2eaaf, 0x8ea2ecca, 0x8ea2eccb,
    0x8ea2ecc9, 0x8ea2eeb5, 0x00fbfa, 0x00cbdc, 0x00d3eb, 0x00d3ea, 0x00d8da, 0x00d8d9, 0x8ea2b3c3,
    0x8ea2b3c4, 0x8ea2b3c2, 0x8eaeb4aa, 0x00d8d8, 0x8ea2b9f8, 0x8eaeb9d5, 0x8ea2b9f9, 0x8ea2b9f5,
    0x00dde8, 0x8ea2b9f6, 0x8eaeb9d4, 0x8ea2b9f7, 0x000000, 0x8eaee6d7, 0x000000, 0x000000,
    0x8ea2c1a6, 0x8ea2c1a8, 0x8ea2c1a4, 0x8ea2c1a7, 0x00e2d6, 0x8ea2c1a5, 0x00e2d7, 0x000000,
    0x8eaec5a8, 0x8ea2c2f9, 0x00e7bd, 0x00e7bc, 0x8eaec5a7, 0x00e7bb, 0x000000, 0x8ea2c8b2,
    0x8ea2c8b3, 0x000000, 0x000000, 0x8ea2cedb, 0x8ea2cedd, 0x00ebce, 0x00ebcb, 0x8eaecaac,
    0x00ebcd, 0x00ebcc, 0x8ea2cedc, 0x8ea2ceda, 0x8eaecaab, 0x8eaecaad, 0x000000, 0x000000,
    0x000000, 0x8ea2d5ab, 0x8ea2d5a8, 0x8ea2d5a9, 0x00efd7, 0x8ea2d5aa, 0x8ea2d5a5, 0x8ea2d5a6,
    0x00efd4, 0x8eaecfbf, 0x00efd5, 0x8ea2d5a7, 0x00efd6, 0x8eaecfc0, 0x8ea2dba9, 0x8eaed3ad,
    0x8ea2dbaa, 0x8ea2dba7, 0x8ea2dba8, 0x00f2de, 0x8ea2dba6, 0x000000, 0x8eaed3ac, 0x8eaed3af,
    0x000000, 0x000000, 0x8ea2dff4, 0x8ea2dff1, 0x8ea2dff3, 0x00f5eb, 0x8ea2dff7, 0x00f5ea,
    0x8ea2dff5, 0x8ea2dff8, 0x8ea2dff6, 0x8ea2dff2, 0x00f5e9, 0x000000, 0x8ea2e3f9, 0x000000,
    0x8ea2e3fa, 0x8ea2e3f8, 0x8eaed9bd, 0x8ea2e3fc, 0x00f7d0, 0x00f7d1, 0x8ea2e7cb, 0x00f9b4,
    0x8ea2e3fb, 0x8ea2e7ca, 0x00f9b3, 0x8ea2eab3, 0x8ea2eab4, 0x00faca, 0x8ea2eab2, 0x000000,
    0x8ea2eab1, 0x000000, 0x8ea2eccc, 0x00fbb4, 0x8eaedee8, 0x8ea2efd7, 0x8ea2f0d6, 0x8ea2f0d5,
    0x8eaee0fe, 0x00fcee, 0x00fdaa, 0x8ea2f0d7, 0x8ea2f1e0, 0x8eaee1ed, 0x00fdbc, 0x00cbdd,
    0x00cfd9, 0x000000, 0x00e7be, 0x000000, 0x00facb, 0x00cbde, 0x00d3ec, 0x00dde9, 0x00e2d8,
    0x00f7d2, 0x00cfda, 0x000000, 0x8ea2ade2, 0x8ea2ade1, 0x8ea2b3c5, 0x8eaeb4b0, 0x00d8dd,
    0x00d8db, 0x00d8df, 0x8ea2b3c7, 0x8eaeb4ad, 0x00d8de, 0x00d8dc, 0x8eaeb4af, 0x8eaeb4ae,
    0x8eaeb4b1, 0x000000, 0x8ea2b3c6, 0x00ddec, 0x8ea2baa1, 0x8eaeb9d8, 0x00ddeb, 0x00dded,
    0x8ea2baa6, 0x00ddef, 0x8ea2baa3, 0x8ea2baa4, 0x8ea2b9fa, 0x00ddee, 0x8ea2baa7, 0x000000,
    0x8eaeb9d7, 0x8ea2b9fc, 0x8eaeb9d6, 0x8ea2b9fd, 0x8ea2b9fb, 0x00ddea, 0x8eaeb9d9, 0x8ea2baa5,
    0x8ea2b9fe, 0x8ea2baa2, 0x000000, 0x000000, 0x000000, 0x8ea2c1b4, 0x8eaebfdd, 0x8ea2c1b3,
    0x8ea2c1b1, 0x8ea2c1a9, 0x8ea2c1b8, 0x8ea2c1ac, 0x8ea2c1b6, 0x8ea2c1bd, 0x8ea2c1b5, 0x00e2e0,
    0x8eaebfe6, 0x00e2dc, 0x8ea2c1aa, 0x8eaebfe0, 0x8ea2c1b0, 0x00e2de, 0x8eaebfe8, 0x8ea2c1af,
    0x00e2df, 0x00e2e1, 0x8ea2c1b2, 0x8eaebfe9, 0x00e2d9, 0x00e2da, 0x8ea2c1be, 0x8ea2c1bc,
    0x8eaebfe2, 0x8ea2c1bb, 0x8ea2c1ad, 0x8eaebfe5, 0x8ea2c1b9, 0x000000, 0x00e2dd, 0x000000,
    0x8eaebfde, 0x8eaee6d9, 0x8eaebfe3, 0x00e2db, 0x8ea2c1ba, 0x8ea2c1ab, 0x8ea2c1ae, 0x8ea2c1b7,
    0x000000, 0x000000, 0x000000, 0x8eaee6d8, 0x000000, 0x8ea2cfa2, 0x8ea2c8bd, 0x8eaec5ae,
    0x8ea2c8b6, 0x8ea2c8c9, 0x8ea2c8d2, 0x8ea2c8b9, 0x00e7c9, 0x8eaec5ab, 0x8ea2c8c6, 0x00e7bf,
    0x00e7c1, 0x00e7cd, 0x8ea2c8b7, 0x8eaec5b7, 0x8eaec5af, 0x00e7c2, 0x00e7c4, 0x00e7ce, 0x00e7c3,
    0x8eaec5b9, 0x000000, 0x000000, 0x8eaec5b8, 0x00e7cc, 0x8ea2c8bf, 0x000000, 0x8ea2c8b4,
    0x00e7ca, 0x8ea2c8be, 0x00e7c6, 0x8ea2c8d0, 0x00e7cb, 0x8ea2c8ce, 0x8ea2c8c2, 0x8ea2c8cc,
    0x00e7c8, 0x8ea2c8b5, 0x8ea2c8cf, 0x8ea2c8ca, 0x8eaec5aa, 0x8ea2c8d1, 0x00e7c0, 0x000000,
    0x8eaec5ad, 0x00e7cf, 0x00e7c5, 0x8eaec5b1, 0x8eaec5a9, 0x8ea2c8bb, 0x8eaec5b4, 0x8ea2c8c3,
    0x8ea2c8c7, 0x8eaec5b3, 0x8ea2c8cb, 0x00e7c7, 0x8ea2c8ba, 0x8ea2c8b8, 0x8ea2c8c4, 0x000000,
    0x000000, 0x8eaec5b2, 0x8eaec5b5, 0x8ea2c8c1, 0x8ea2c8c0, 0x8eaec5b6, 0x8ea2c8c5, 0x8ea2c8c8,
    0x000000, 0x8ea2c8cd, 0x8eaee6da, 0x000000, 0x000000, 0x8ea2cee0, 0x000000, 0x00ebcf,
    0x8ea2ceea, 0x8ea2cee2, 0x00ebd5, 0x00ebd9, 0x8ea2cef3, 0x8ea2cefb, 0x8ea2ceec, 0x00ebd1,
    0x8eaecab4, 0x8ea2cef0, 0x8ea2c8bc, 0x8eaecab5, 0x00ebd2, 0x8ea2cef7, 0x8ea2cefc, 0x8ea2cef4,
    0x8eaecaaf, 0x8ea2cef6, 0x8ea2cfa1, 0x8ea2cef8, 0x8ea2cee6, 0x8ea2ceef, 0x8eaec5b0, 0x8eaecab8,
    0x00ebda, 0x8eaecab3, 0x00ebd6, 0x8ea2cee4, 0x8ea2cef1, 0x00ebd4, 0x8ea2ceeb, 0x00ebd3,
    0x8ea2cef9, 0x8ea2cee8, 0x8ea2cee1, 0x00ebd7, 0x8ea2cefe, 0x8eaecab9, 0x000000, 0x8ea2cee3,
    0x8ea2cef5, 0x8ea2cef2, 0x8ea2ceed, 0x8ea2cedf, 0x8ea2cede, 0x8ea2cee7, 0x8ea2cefa, 0x00ebd8,
    0x8ea2cefd, 0x8ea2cee5, 0x8ea2cee9, 0x00ebd0, 0x8eaecab2, 0x8eaecab7, 0x000000, 0x8eaee7aa,
    0x8eaecab1, 0x00efe3, 0x00efde, 0x8ea2d5cd, 0x8ea2d5c9, 0x8ea2d5b1, 0x00efda, 0x8eaecfc2,
    0x8eaecfd0, 0x000000, 0x00efd9, 0x00efdf, 0x000000, 0x8eaecfc3, 0x8eaecfc1, 0x8ea2d5af,
    0x00efdd, 0x8ea2d5bb, 0x8ea2d5ad, 0x8ea2d5ae, 0x00efd8, 0x8ea2d5cc, 0x00efe1, 0x8ea2d5be,
    0x8ea2d5c3, 0x8ea2d5bd, 0x8ea2dbbc, 0x8ea2d5b9, 0x8ea2d5c1, 0x8ea2d5bf, 0x8ea2d5b2, 0x8ea2d5ac,
    0x8ea2d5c7, 0x00efe0, 0x8ea2d5c8, 0x8eaecfc8, 0x8ea2d5c2, 0x8eaecfc9, 0x8ea2d5b7, 0x8ea2d5b5,
    0x8ea2d5b0, 0x8eaecfcb, 0x8eaecfce, 0x8eaecfc4, 0x8ea2d5b8, 0x8ea2d5c5, 0x8ea2d5b4, 0x8ea2d5c4,
    0x8ea2d5ca, 0x8eaecfd1, 0x000000, 0x00efdc, 0x8eaecfc5, 0x8ea2d5c0, 0x8ea2d5c6, 0x8ea2d5bc,
    0x8ea2d5b6, 0x00efdb, 0x8eaecfd2, 0x000000, 0x8eaecfcc, 0x8ea2ceee, 0x8ea2d5ba, 0x00efe2,
    0x8ea2d5b3, 0x000000, 0x8eaecfcd, 0x8eaee6db, 0x8eaee6dc, 0x8eaecab0, 0x8ea2dbc1, 0x00f2e1,
    0x8ea2dbc0, 0x8ea2dbbe, 0x8ea2dbd0, 0x00f2e5, 0x8eaed3b5, 0x8ea2dbcd, 0x8ea2dbc5, 0x8ea2dbcf,
    0x8ea2dbb7, 0x8ea2dbc3, 0x8eaed3bd, 0x00f2e7, 0x8eaed3be, 0x8ea2dbaf, 0x8eaed3b8, 0x8ea2dbad,
    0x8ea2dbce, 0x8eaed3b2, 0x8ea2dbcc, 0x8ea2dbcb, 0x8ea2dbbb, 0x8ea2dbba, 0x8ea2dbb0, 0x00f2e9,
    0x000000, 0x8ea2dbb6, 0x8ea2dbbf, 0x8ea2dbca, 0x00f2ec, 0x8ea2dbd1, 0x8eaed3b6, 0x00f5f3,
    0x00f2ee, 0x00f2e8, 0x8ea2dbb4, 0x8eaed3b7, 0x8ea2dbbd, 0x8ea2dbac, 0x8ea2dbae, 0x00f2df,
    0x00f2eb, 0x00f2e4, 0x8ea2dbb5, 0x8ea2dbc4, 0x8ea2d5cb, 0x00f2ea, 0x8ea2dbab, 0x00f5ee,
    0x8ea2dbc6, 0x8ea2dbc9, 0x00f2e6, 0x8eaed3bb, 0x8ea2dbb9, 0x00f2ed, 0x00f2e3, 0x8eaed3bc,
    0x8eaed3b9, 0x8eaed3ba, 0x00f2e2, 0x8ea2dbc2, 0x8ea2dbc8, 0x00f2e0, 0x000000, 0x8ea2dbb2,
    0x8ea2dbc7, 0x000000, 0x000000, 0x8ea2dbb3, 0x000000, 0x000000, 0x8eaee6dd, 0x000000, 0x000000,
    0x8eaee6de, 0x000000, 0x000000, 0x8eaed3b1, 0x8ea2dbb8, 0x8ea2dffe, 0x8eaed6e5, 0x8ea2e0a5,
    0x00f5f0, 0x00f5f2, 0x8ea2e0ab, 0x00f5ec, 0x8ea2e0b9, 0x8ea2e0b1, 0x8ea2e0a6, 0x8ea2e0a7,
    0x8ea2e0b0, 0x8eaed6e6, 0x00f5f9, 0x8ea2e0af, 0x8ea2dffd, 0x8ea2e0ae, 0x8ea2e0a2, 0x8ea2e0ba,
    0x00f5f8, 0x00f5f6, 0x8ea2e0a3, 0x8eaed6dd, 0x8ea2e0b6, 0x8eaed6e7, 0x8ea2e0a8, 0x8ea2e0b5,
    0x8eaed6e4, 0x8ea2e0b7, 0x8ea2dffc, 0x00f5f1, 0x8eaed6db, 0x8ea2e0b8, 0x8eaed6e8, 0x8eaed6de,
    0x8ea2e0ac, 0x8eaed6eb, 0x00f5f5, 0x8ea2e0a9, 0x8eaed6e1, 0x000000, 0x00f5f7, 0x8ea2e0b2,
    0x8eaed6e2, 0x8eaed6e3, 0x8eaed6df, 0x00f5ef, 0x8ea2e0a4, 0x8ea2e0b3, 0x8eaed6dc, 0x8ea2e0ad,
    0x8ea2dbb1, 0x8ea2e0b4, 0x8ea2e0a1, 0x8eaed6e0, 0x00f5f4, 0x8eaed6ea, 0x8ea2e4af, 0x000000,
    0x00f5ed, 0x8ea2dffa, 0x000000, 0x000000, 0x8eaee6df, 0x000000, 0x8ea2e4ac, 0x8ea2e4a5,
    0x00f7d4, 0x8eaed9c3, 0x8ea2e3fe, 0x8ea2e4b0, 0x8ea2e4a7, 0x8ea2e0aa, 0x8eaed9c0, 0x8ea2e4b2,
    0x8ea2e4a1, 0x8eaed9c2, 0x00f7d3, 0x8ea2e4ab, 0x00f7d5, 0x00f7dd, 0x00f7db, 0x8ea2e4ad,
    0x00f7dc, 0x8ea2e4a3, 0x8eaed9c9, 0x8ea2e4a4, 0x8ea2e4a9, 0x8ea2e4ae, 0x8eaed9be, 0x8ea2dff9,
    0x00f7d6, 0x8ea2e4b7, 0x8ea2e4b4, 0x8ea2e7e1, 0x8ea2e4aa, 0x8ea2e4a6, 0x8ea2e4b5, 0x8ea2e7d6,
    0x8ea2e4a8, 0x000000, 0x00f7d9, 0x8eaed9c4, 0x00f7d8, 0x8ea2dffb, 0x00f7da, 0x8ea2e4b1,
    0x8ea2e4b3, 0x00f7d7, 0x8ea2e4b6, 0x8ea2e3fd, 0x000000, 0x8ea2e4a2, 0x8eaed9c6, 0x000000,
    0x000000, 0x8eaed9c5, 0x8eaee6e1, 0x8eaee6e2, 0x8eaee6e0, 0x000000, 0x8ea2e7df, 0x8eaedbd0,
    0x8ea2e7cf, 0x00f9b8, 0x8ea2e7dd, 0x8eaedbc4, 0x8eaedbc5, 0x8ea2e7cd, 0x00f9b9, 0x000000,
    0x8ea2e7d8, 0x8eaedbc3, 0x8ea2e7d4, 0x00f9be, 0x8ea2e7de, 0x8ea2e7ce, 0x8ea2e7d1, 0x00f9b6,
    0x8ea2e7e0, 0x8eaedbc8, 0x8ea2e7d9, 0x8ea2e7dc, 0x00f9bc, 0x00f9c1, 0x00f9bf, 0x8ea2e7d5,
    0x8ea2e7d0, 0x8eaedbcd, 0x00f9ba, 0x00f9bb, 0x8ea2e7cc, 0x00f9b7, 0x8eaedbcf, 0x00f9b5,
    0x00f9bd, 0x8ea2e7db, 0x00f9c0, 0x8eaedbca, 0x8ea2e7d7, 0x8ea2e7e2, 0x00f9c2, 0x8eaedbc1,
    0x8eaedbc2, 0x8eaedbce, 0x8ea2e7d3, 0x8eaedbc7, 0x8ea2e7da, 0x8eaee6e5, 0x000000, 0x8eaee6e3,
    0x8eaee6e4, 0x8eaeddc1, 0x8eaedeea, 0x8ea2eac1, 0x8ea2ead0, 0x8ea2eac3, 0x8ea2eaca, 0x8ea2e7d2,
    0x8ea2eac8, 0x8ea2eab7, 0x8ea2eace, 0x00face, 0x8ea2eabb, 0x8ea2eacd, 0x8ea2eac2, 0x000000,
    0x8eaeddc3, 0x00facd, 0x8eaeddbc, 0x8eaeddbf, 0x8ea2ead2, 0x8ea2eac4, 0x8eaeddbe, 0x8ea2eac9,
    0x8ea2eacc, 0x8ea2eab5, 0x8ea2eacf, 0x8ea2eac0, 0x8ea2eac5, 0x8ea2eab9, 0x8ea2eabd, 0x8ea2ead1,
    0x8ea2eac7, 0x8ea2eab6, 0x8ea2eaba, 0x8ea2eabc, 0x8ea2eac6, 0x8eaeddbd, 0x00facc, 0x8ea2eabf,
    0x8eaeddc4, 0x8eaeddc5, 0x8eaeddc7, 0x000000, 0x8eaeddc2, 0x8eaeddba, 0x8ea2eab8, 0x000000,
    0x8eaee6e6, 0x8eaee6e7, 0x8eaee6e8, 0x000000, 0x000000, 0x8eaeddc6, 0x8ea2eabe, 0x8ea2ecd0,
    0x8ea2ecd4, 0x00fbbb, 0x8ea2ecd6, 0x8eaedeed, 0x00fbb5, 0x000000, 0x8ea2ecd2, 0x8ea2ecd8,
    0x00fbba, 0x00fbb6, 0x000000, 0x00fbb7, 0x8ea2eccf, 0x8ea2ecd5, 0x00fbb9, 0x8ea2ecd3, 0x00fbb8,
    0x8ea2ecce, 0x8ea2eacb, 0x8ea2ecd1, 0x000000, 0x8ea2eccd, 0x8ea2ecd7, 0x000000, 0x8eaedfe9,
    0x8eaedfee, 0x00fbfb, 0x8ea2eebc, 0x8ea2eebf, 0x8ea2eebb, 0x8ea2eebd, 0x8ea2eebe, 0x8ea2eeb8,
    0x8ea2eeb9, 0x8ea2eeb6, 0x8eaedfea, 0x8eaedfec, 0x8ea2eeba, 0x8ea2eeb7, 0x00fbfc, 0x00fbfd,
    0x000000, 0x8eaedfeb, 0x8ea2efd9, 0x8eaee0d2, 0x8ea2efdb, 0x8eaee4b1, 0x000000, 0x8eaee0d5,
    0x8eaee0d4, 0x8eaee0d6, 0x8ea2efda, 0x8ea2efdc, 0x8eaee0cf, 0x00fccc, 0x8eaee0d3, 0x8ea2efd8,
    0x00fccb, 0x00fccd, 0x8eaee0d7, 0x8eaee6ea, 0x8eaee6e9, 0x8ea2f0d9, 0x8ea2f0da, 0x00fcef,
    0x8ea2f0d8, 0x8eaee1a2, 0x8ea2f1c2, 0x8ea2f1c1, 0x8ea2f1c3, 0x00fdac, 0x8ea2f1c4, 0x00fdab,
    0x8ea2f1c5, 0x8ea2f1e1, 0x8ea2f1e4, 0x8ea2f1e3, 0x00fdb5, 0x8ea2f1e2, 0x000000, 0x8eaee1ef,
    0x8eaee2a3, 0x00fdbf, 0x00fdbd, 0x00fdbe, 0x00fdc4, 0x8ea2f2b0, 0x8ea2f2b1, 0x8ea2f2af,
    0x8ea2f2b7, 0x8eaee2b6, 0x000000, 0x000000, 0x000000, 0x000000, 0x000000, 0x000000, 0x000000,
    0x000000, 0x000000, 0x000000, 0x000000, 0x000000, 0x000000, 0x000000, 0x000000, 0x000000,
    0x000000, 0x000000, 0x000000, 0x000000, 0x000000, 0x000000, 0x000000, 0x000000, 0x000000,
    0x000000, 0x000000, 0x000000, 0x000000, 0x000000, 0x000000, 0x000000, 0x000000, 0x000000,
    0x000000, 0x000000, 0x000000, 0x000000, 0x000000, 0x000000, 0x000000, 0x000000, 0x000000,
    0x000000, 0x000000, 0x000000, 0x000000, 0x000000, 0x000000, 0x000000, 0x000000, 0x000000,
    0x000000, 0x000000, 0x000000, 0x000000, 0x000000, 0x000000, 0x000000, 0x00cfdb, 0x000000,
    0x8eaee3a3, 0x8ea2baa8, 0x8ea2c1bf, 0x8ea2d5ce, 0x8ea2e7e3, 0x000000, 0x000000, 0x00cfdc,
    0x8eaeafc0, 0x00d3ed, 0x00d8e0, 0x000000, 0x8eaeb4b2, 0x8ea2baa9, 0x8eaeb9dc, 0x8ea2baaa,
    0x00ddf0, 0x000000, 0x00e2e4, 0x8ea2c1c1, 0x8ea2c1c0, 0x00e2e8, 0x00e2e3, 0x8ea2c1c2, 0x00e2e5,
    0x00e2e7, 0x00e2e6, 0x00e2e2, 0x8eaebfec, 0x000000, 0x8eaee6eb, 0x00e7d0, 0x8eaec5bc,
    0x8eaec5ba, 0x8ea2c8d6, 0x8ea2c8d4, 0x000000, 0x8ea2c8d5, 0x8ea2c8d3, 0x000000, 0x00ebdb,
    0x8eaecabd, 0x00ebde, 0x00ebe0, 0x00ebdf, 0x000000, 0x8eaecabe, 0x00ebdc, 0x00ebdd, 0x000000,
    0x8ea2d5d0, 0x8ea2d5cf, 0x00efe4, 0x8ea2d5d1, 0x8eaecfd3, 0x8ea2d5d2, 0x00efe5, 0x8eaecfd5,
    0x8eaecfd6, 0x000000, 0x8ea2dbd9, 0x8ea2dbd7, 0x8ea2e0c0, 0x8eaed3c2, 0x8ea2dbd5, 0x8ea2dbd6,
    0x00f2ef, 0x8ea2dbd2, 0x8ea2dbda, 0x8ea2dbd4, 0x8ea2dbd8, 0x8ea2e0bc, 0x8eaed3c4, 0x8eaed3c0,
    0x8ea2e0be, 0x8eaed6ed, 0x8ea2e0bf, 0x00f5fe, 0x8ea2e0bb, 0x00f5fd, 0x8ea2e0bd, 0x00f5fa,
    0x00f5fb, 0x00f5fc, 0x8ea2dbd3, 0x8eaee6ec, 0x000000, 0x00f7e0, 0x8ea2e4ba, 0x8ea2e4b8,
    0x8ea2e4b9, 0x00f7de, 0x00f7e1, 0x00f7df, 0x8eaed9cb, 0x8eaed9ca, 0x000000, 0x8ea2e7e4,
    0x8ea2e7e5, 0x00f9c3, 0x8eaedbd3, 0x8ea2ead3, 0x8ea2ead5, 0x8ea2ead4, 0x00facf, 0x00fbbc,
    0x8ea2ecdb, 0x8ea2ecda, 0x8ea2ecd9, 0x000000, 0x8eaee6ed, 0x000000, 0x000000, 0x000000,
    0x000000, 0x000000, 0x000000, 0x000000, 0x000000, 0x000000, 0x000000, 0x000000, 0x000000,
    0x000000, 0x000000, 0x000000, 0x000000, 0x000000, 0x000000, 0x000000, 0x000000, 0x000000,
    0x000000, 0x000000, 0x000000, 0x000000, 0x000000, 0x000000, 0x000000, 0x00cfdd, 0x8eaea1c3,
    0x8ea2a1e9, 0x000000, 0x8ea2a2f8, 0x00c8ea, 0x8ea2a2f6, 0x8ea2a2f9, 0x8ea2a2f7, 0x000000,
    0x8eaea7bb, 0x8eaea7ba, 0x8ea2a5ae, 0x8eaea7bf, 0x00cbe2, 0x8eaea7bc, 0x00cbe3, 0x8ea2a5b0,
    0x00cbe0, 0x8ea2a5af, 0x8ea2a5ad, 0x00cbe1, 0x00cbdf, 0x8eaea7bd, 0x8eaea7be, 0x000000,
    0x000000, 0x8eaeaaf9, 0x000000, 0x8ea2a8f8, 0x8ea2a8fb, 0x00cfe0, 0x8ea2a8fa, 0x8ea2a8f9,
    0x8eaeaafc, 0x00cfdf, 0x00cfde, 0x8eaeaafb, 0x00cfe2, 0x8ea2a8fc, 0x00cfe1, 0x000000, 0x000000,
    0x000000, 0x000000, 0x000000, 0x8ea2ade7, 0x00d3ef, 0x00d3f0, 0x00d3f1, 0x8ea2ade8, 0x8ea2ade4,
    0x00d3ee, 0x8ea2ade5, 0x000000, 0x8ea2ade6, 0x8ea2ade3, 0x000000, 0x8eaeb4b6, 0x000000,
    0x00d8e7, 0x8eaeb4b4, 0x8eaeb9de, 0x00d8e4, 0x8ea2b3c8, 0x00d8e5, 0x00d8e8, 0x8ea2b3c9,
    0x8eaeb4b3, 0x00d8e3, 0x00d8e1, 0x00d8e2, 0x00d8e6, 0x000000, 0x000000, 0x000000, 0x000000,
    0x000000, 0x00ddf1, 0x8ea2baad, 0x00ddf9, 0x8ea2baac, 0x8eaeb9e1, 0x8ea2baaf, 0x00ddf5,
    0x8ea2baae, 0x00e2f0, 0x00ddf3, 0x00ddf6, 0x00ddf2, 0x00ddf7, 0x00ddf8, 0x00ddf4, 0x8eaeb9e5,
    0x000000, 0x8eaebff1, 0x8ea2baab, 0x00e2ec, 0x8ea2c1c4, 0x8eaebff2, 0x8ea2c1c8, 0x8eaebff3,
    0x8eaebff5, 0x8ea2c1c7, 0x00e2f1, 0x00e2ed, 0x00e2ee, 0x8ea2c1c3, 0x8ea2c1c5, 0x8ea2c1c6,
    0x00e2e9, 0x00e2eb, 0x8eaebff0, 0x00e2ef, 0x00e2ea, 0x8eaec5c0, 0x000000, 0x8ea2c8d9,
    0x8ea2c8d7, 0x8ea2c8d8, 0x00e7d2, 0x00e7d3, 0x8eaec5c2, 0x8ea2c8da, 0x00e7d1, 0x00ebe1,
    0x000000, 0x00ebe3, 0x00ebe2, 0x8eaecac5, 0x8ea2cfa3, 0x8eaecac6, 0x8eaecac4, 0x8ea2cfa4,
    0x8ea2d5d4, 0x8eaecfda, 0x8ea2d5d3, 0x8eaecfdb, 0x000000, 0x00f2f0, 0x00f2f1, 0x8ea2dbdb,
    0x00f2f2, 0x8eaed3c8, 0x8ea2e0c3, 0x8eaed6f0, 0x8ea2e0c1, 0x8eaed6ef, 0x8ea2e0c2, 0x00f6a1,
    0x8eaed6f1, 0x8ea2e4bb, 0x00f9c4, 0x8eaeddc9, 0x8eaeaafd, 0x8eaed3c9, 0x00f6a2, 0x00cfe3,
    0x8eaee3a5, 0x00d8e9, 0x8ea2b3ca, 0x8eaeb4b9, 0x000000, 0x8ea2bab0, 0x00ddfa, 0x00e2f2,
    0x8ea2c1c9, 0x8ea2c1cb, 0x00e2f4, 0x00e2f3, 0x00e2f5, 0x00e2f6, 0x8ea2c1ca, 0x00e7d6, 0x00e7d7,
    0x00e7d5, 0x00ebe4, 0x00e7d4, 0x8ea2c8db, 0x000000, 0x8eaecac7, 0x8eaecac9, 0x00ebe5,
    0x8ea2d5d5, 0x8ea2dbdc, 0x00f2f3, 0x00f6a3, 0x8ea2e4bc, 0x8ea2e4c0, 0x00f7e4, 0x8ea2e4bd,
    0x00f7e5, 0x00f7e3, 0x8ea2e4c1, 0x00f7e6, 0x8ea2e4bf, 0x000000, 0x8ea2e7e6, 0x00f7e2, 0x00f9c5,
    0x8eaedef0, 0x8ea2f0db, 0x8eaee1a5, 0x8eaee2af, 0x00cfe4, 0x00ddfc, 0x00ddfb, 0x000000,
    0x8eaebffe, 0x8eaebffc, 0x8eaebffb, 0x00e2f7, 0x8ea2c1cd, 0x8ea2c1cc, 0x00e2f8, 0x000000,
    0x8eaec5c6, 0x8ea2c8df, 0x00e7db, 0x00e7d8, 0x8ea2c8de, 0x00e7da, 0x8ea2c8dc, 0x00e7d9,
    0x8eaec5c7, 0x8ea2c8dd, 0x000000, 0x8ea2cfa5, 0x00ebe6, 0x000000, 0x8ea2d5d8, 0x000000,
    0x00efe6, 0x8ea2d5d6, 0x00efe7, 0x00efe8, 0x8ea2d5d7, 0x00efe9, 0x8eaecfe0, 0x8ea2dbdd,
    0x8eaed3d0, 0x00f2f7, 0x00f2f4, 0x00f2f9, 0x8ea2dbdf, 0x00f2f5, 0x8ea2dbde, 0x00f2f8,
    0x8eaed3cd, 0x8eaed3cc, 0x00f2f6, 0x8eaed3d1, 0x8ea2e0c6, 0x8ea2e0c8, 0x8eaed6f4, 0x8eaed6f5,
    0x00f6a4, 0x8ea2e0c7, 0x00f6a5, 0x8ea2e0c5, 0x8ea2e0c4, 0x000000, 0x8ea2e4c3, 0x8ea2e4c2,
    0x00f7e7, 0x8ea2e4c4, 0x8ea2e7eb, 0x00f9c7, 0x8ea2e7ea, 0x8ea2e7e7, 0x00f9c6, 0x8ea2e7e8,
    0x8ea2e7e9, 0x000000, 0x8ea2ead6, 0x8ea2ead7, 0x00fad0, 0x8eaeddcf, 0x00fbbf, 0x8eaeddcc,
    0x8eaeddce, 0x8ea2ecdc, 0x8eaedef2, 0x8eaedef1, 0x00fbbd, 0x00fbbe, 0x8ea2ecdd, 0x8eaee6ee,
    0x8eaedff1, 0x00fbfe, 0x00fca1, 0x8ea2eec0, 0x8eaedff2, 0x8eaee0d9, 0x00fcf0, 0x8ea2f0dd,
    0x00fcf2, 0x8eaee1a6, 0x8ea2f0dc, 0x8ea2f0de, 0x00fcf1, 0x8ea2f1c6, 0x000000, 0x8ea2f1fb,
    0x000000, 0x8eaee6ef, 0x000000, 0x000000, 0x8eaee2c5, 0x8eaeaafe, 0x00cfe5, 0x000000, 0x000000,
    0x8eaec5c9, 0x00e7dc, 0x000000, 0x8ea2cfa6, 0x8eaecacc, 0x8ea2d5d9, 0x00f2fa, 0x00f2fb,
    0x8eaed9cf, 0x00cfe6, 0x8eaec0a1, 0x00efea, 0x00f9c8, 0x00d3f2, 0x8eaeaba1, 0x8eaecace,
    0x000000, 0x00f2fc, 0x8eaedef3, 0x00fcce, 0x00d3f3, 0x8ea2bab1, 0x000000, 0x8ea2c1ce,
    0x8eaec0a4, 0x8ea2c1d0, 0x8eaec0a2, 0x8ea2c1cf, 0x000000, 0x8ea2c8e3, 0x8ea2c8e0, 0x00e7dd,
    0x000000, 0x00e7de, 0x8ea2c8e1, 0x8ea2c8e2, 0x8eaec5cb, 0x8ea2cfa8, 0x8ea2cfad, 0x00ebe7,
    0x8ea2cfa7, 0x8ea2cfa9, 0x8ea2cfb0, 0x8ea2cfab, 0x8ea2cfaf, 0x8ea2cfac, 0x8ea2cfaa, 0x8ea2cfae,
    0x00ebe8, 0x000000, 0x8eaecfe2, 0x8ea2d5dc, 0x8eaecfe3, 0x8ea2d5da, 0x00efec, 0x8eaecfe4,
    0x00efeb, 0x8ea2d5db, 0x00efed, 0x000000, 0x000000, 0x000000, 0x8eaed3d3, 0x8ea2dbe2, 0x000000,
    0x000000, 0x8ea2dbe1, 0x00f2fd, 0x8ea2dbe0, 0x8ea2e0c9, 0x8eaed6fa, 0x8ea2e0cb, 0x8ea2e0cd,
    0x8ea2e0cc, 0x8eaed6fb, 0x00f6a6, 0x8ea2e0ca, 0x8ea2e4cb, 0x00f7e8, 0x8ea2e4c9, 0x8ea2e4cc,
    0x00f7e9, 0x000000, 0x8ea2e4c7, 0x8eaed9d0, 0x8ea2e4ca, 0x8ea2e4c8, 0x8ea2e4c5, 0x00f7ea,
    0x8ea2e4c6, 0x000000, 0x000000, 0x8eaedbdf, 0x8eaedbdd, 0x8ea2e7ec, 0x8eaedbde, 0x8eaedbe0,
    0x8ea2e7ee, 0x8ea2e7ed, 0x8eaeddd0, 0x8ea2ead8, 0x8eaeddd1, 0x8ea2ead9, 0x000000, 0x8eaedef5,
    0x8eaedef4, 0x8ea2ecde, 0x8eaedff3, 0x00fca3, 0x000000, 0x00fca2, 0x8ea2efdd, 0x8ea2efde,
    0x00fcf3, 0x8ea2f0df, 0x8eaee1a8, 0x00fdb6, 0x8eaee2bb, 0x00d3f4, 0x00e2f9, 0x8ea2cfb2,
    0x8ea2cfb1, 0x8ea2d5de, 0x8ea2d5dd, 0x000000, 0x8eaed3d5, 0x00f6a7, 0x8ea2e0cf, 0x8ea2e0ce,
    0x8ea2e4cf, 0x8ea2e4cd, 0x8ea2e4d0, 0x8ea2e4ce, 0x8eaed9d1, 0x000000, 0x00f9c9, 0x8ea2e7ef,
    0x8ea2e7f0, 0x8ea2e7f1, 0x000000, 0x8ea2ecdf, 0x8eaedef6, 0x8ea2eec1, 0x8eaee1a9, 0x8ea2f0e0,
    0x000000, 0x000000, 0x000000, 0x000000, 0x000000, 0x000000, 0x000000, 0x00d3f5, 0x8eaec5cf,
    0x8eaecfe5, 0x8ea2dbe3, 0x8ea2e0d0, 0x8eaedbe1, 0x00d3f6, 0x000000, 0x8eaec5d0, 0x00ebe9,
    0x000000, 0x8ea2dbe4, 0x00f7eb, 0x8ea2e4d1, 0x00f9ca, 0x8eaeddd3, 0x8ea2eada, 0x8ea2eadb,
    0x00fbc0, 0x8ea2efdf, 0x00d3f7, 0x00dea1, 0x00dea2, 0x8ea2bab2, 0x00e2fa, 0x00e2fb, 0x8ea2c1d1,
    0x00e2fc, 0x000000, 0x00e7e2, 0x8eaec5d2, 0x00e7e4, 0x8ea2c8e5, 0x8ea2c8e6, 0x8ea2c8e4,
    0x00e7df, 0x00e7e0, 0x00e7e3, 0x00e7e1, 0x8eaecad4, 0x8eaecad5, 0x8ea2cfb3, 0x00ebea, 0x00ebeb,
    0x8eaecad2, 0x8eaecad6, 0x8ea2d5e5, 0x00eff0, 0x8ea2d5e0, 0x8ea2d5df, 0x8eaecfe9, 0x8ea2d5e4,
    0x00efee, 0x8eaecfe7, 0x8eaee3ee, 0x00f3a6, 0x000000, 0x8ea2d5e1, 0x8ea2d5e6, 0x8ea2d5e3,
    0x8ea2d5e2, 0x8eaecfe6, 0x00efef, 0x000000, 0x00f3a4, 0x8eaed3dc, 0x8ea2dbe6, 0x00f2fe,
    0x8eaed3d9, 0x8ea2dbe7, 0x8eaed3da, 0x8eaed2a8, 0x8ea2dbe5, 0x8eaed3d8, 0x00f3a3, 0x00f3a1,
    0x00f3a5, 0x8eaed3dd, 0x00f3a2, 0x8eaed3db, 0x8eaed3df, 0x000000, 0x8eaed9db, 0x8eaed7a6,
    0x8ea2e0d1, 0x8eaee3fb, 0x8ea2e0d6, 0x8ea2e0d2, 0x8ea2e0d5, 0x00f6a8, 0x8eaed7a8, 0x8ea2dec1,
    0x8ea2e0d4, 0x8ea2e0d3, 0x8eaed9d9, 0x00f7ee, 0x00f7ec, 0x00f7ef, 0x00f7ed, 0x8ea2e4d2,
    0x8ea2e4d3, 0x8ea2e4d4, 0x00f7f0, 0x8eaed9d6, 0x8eaed9d8, 0x8eaedbe5, 0x8ea2e7f5, 0x00f9cc,
    0x8ea2e7f3, 0x000000, 0x00f9cd, 0x8ea2e7f2, 0x8ea2e7f4, 0x00f9cb, 0x8ea2eadf, 0x8ea2eadc,
    0x8eaee4aa, 0x8ea2eadd, 0x8ea2eade, 0x8ea2ece0, 0x00fbc2, 0x8eaedef8, 0x00fbc1, 0x8eaedef7,
    0x8ea2eec3, 0x8ea2eec2, 0x00fca4, 0x8eaee0dd, 0x8eaee0de, 0x8eaee0dc, 0x00fccf, 0x00fcf4,
    0x00fdad, 0x8ea2f1c7, 0x8ea2f1fc, 0x8ea2f1fd, 0x000000, 0x000000, 0x000000, 0x000000, 0x000000,
    0x000000, 0x000000, 0x000000, 0x000000, 0x000000, 0x000000, 0x000000, 0x000000, 0x000000,
    0x000000, 0x000000, 0x000000, 0x000000, 0x000000, 0x000000, 0x000000, 0x000000, 0x000000,
    0x000000, 0x000000, 0x000000, 0x000000, 0x000000, 0x000000, 0x000000, 0x000000, 0x000000,
    0x000000, 0x000000, 0x000000, 0x000000, 0x000000, 0x000000, 0x000000, 0x000000, 0x00d3f8,
    0x8ea2c1d2, 0x000000, 0x000000, 0x8ea2c8e7, 0x8ea2cfb4, 0x8ea2cfb5, 0x00ebec, 0x000000,
    0x00ebed, 0x8ea2d5e7, 0x00eff1, 0x000000, 0x8eaed3e1, 0x00f6a9, 0x8eaed7aa, 0x8ea2e4d5,
    0x8eaed9dc, 0x00f7f1, 0x8ea2e7f8, 0x00f9ce, 0x8ea2e7f7, 0x8ea2e7f9, 0x8ea2e7f6, 0x8ea2ece3,
    0x8ea2eae0, 0x8ea2eae1, 0x8eaeddd6, 0x00fad1, 0x000000, 0x8ea2ece2, 0x8eaedefb, 0x8eaedef9,
    0x8ea2ece1, 0x8eaedefa, 0x8ea2eec4, 0x8ea2f1fe, 0x8eaee2a5, 0x000000, 0x000000, 0x000000,
    0x000000, 0x000000, 0x000000, 0x000000, 0x000000, 0x000000, 0x000000, 0x000000, 0x000000,
    0x000000, 0x00d3f9, 0x8eaedefc, 0x8eaee2a6, 0x000000, 0x00d3fa, 0x000000, 0x8eaeb9e7, 0x00d8ea,
    0x8ea2b3cb, 0x8eaee6f0, 0x8ea2bab3, 0x8eaeb9e8, 0x00e2fd, 0x000000, 0x00e3a2, 0x00e2fe,
    0x8ea2c1d3, 0x8eaec5db, 0x00e3a4, 0x000000, 0x00e3a1, 0x8eaec0ab, 0x8eaec5dc, 0x00e3a3,
    0x8eaec5d4, 0x00e7e6, 0x8eaec5d9, 0x8ea2c8e8, 0x8eaec5d7, 0x8eaecadd, 0x8ea2c8e9, 0x8ea2d5e9,
    0x000000, 0x00e7e5, 0x00e7e7, 0x00e7e8, 0x8eaec5d8, 0x8ea2cfb7, 0x8eaecade, 0x8ea2cfb6,
    0x00ebee, 0x000000, 0x00ebef, 0x8eaecadb, 0x8ea2cfb8, 0x8ea2d5e8, 0x00ebf1, 0x00eff2, 0x000000,
    0x00ebf0, 0x000000, 0x8eaee6fa, 0x000000, 0x00f3a7, 0x8ea2d5ea, 0x00eff4, 0x00eff3, 0x8ea2d5eb,
    0x8ea2d5ee, 0x8ea2d5ec, 0x8ea2d5ed, 0x00eff5, 0x8eaecfeb, 0x00f3ac, 0x00f3aa, 0x8eaed3e5,
    0x8eaed3e6, 0x00f3a9, 0x8ea2dbe9, 0x8eaed3e4, 0x00f3ab, 0x8eaed3e2, 0x8eaed3e3, 0x8ea2dbe8,
    0x8ea2e0d7, 0x000000, 0x8ea2dbea, 0x00f3a8, 0x8ea2dbeb, 0x8ea2e0da, 0x8ea2e0d8, 0x8ea2e0d9,
    0x8ea2e0de, 0x00f7f5, 0x8ea2e0dd, 0x8ea2e0e0, 0x8ea2e0df, 0x8ea2e0dc, 0x8ea2e0db, 0x000000,
    0x00f6aa, 0x8eaed9e2, 0x000000, 0x8eaed9e1, 0x8eaed9e6, 0x8ea2e4d8, 0x8eaed9e5, 0x8ea2e4d7,
    0x00f7f4, 0x00f7f2, 0x00f7f3, 0x8eaed9e3, 0x8ea2e4d6, 0x8eaee6f1, 0x8ea2e7fc, 0x8eaedbe9,
    0x00f9cf, 0x000000, 0x8ea2e7fb, 0x8ea2e7fa, 0x00f9d0, 0x000000, 0x8ea2eae6, 0x8ea2eae5,
    0x8eaeddd8, 0x8ea2eae3, 0x8eaedefe, 0x8ea2eae2, 0x00fad3, 0x00fad2, 0x8ea2eae7, 0x8ea2eec5,
    0x00fca5, 0x8ea2ece5, 0x00fbc3, 0x8ea2ece4, 0x8ea2eae4, 0x8eaedff8, 0x8ea2eec6, 0x00fcd0,
    0x8eaee1aa, 0x00fdae, 0x8ea2f1c8, 0x000000, 0x8ea2f2a1, 0x000000, 0x000000, 0x000000, 0x000000,
    0x000000, 0x000000, 0x000000, 0x000000, 0x000000, 0x000000, 0x000000, 0x000000, 0x000000,
    0x000000, 0x000000, 0x000000, 0x000000, 0x000000, 0x000000, 0x000000, 0x000000, 0x000000,
    0x000000, 0x000000, 0x000000, 0x000000, 0x000000, 0x000000, 0x000000, 0x000000, 0x00d3fb,
    0x8ea2bab4, 0x8ea2e0e1, 0x00d3fc, 0x8eaec5df, 0x000000, 0x8ea2cfba, 0x8ea2cfb9, 0x8ea2dbec,
    0x000000, 0x8eaed3e8, 0x8ea2e0e3, 0x8eaed7b0, 0x8ea2e0e2, 0x8eaed9e7, 0x00f7f6, 0x8ea2e7fd,
    0x8ea2e7fe, 0x00fad4, 0x8eaedfa1, 0x8eaee0e0, 0x8ea2f2a2, 0x00d8eb, 0x00e3a6, 0x00e3a5,
    0x8ea2c8ea, 0x8ea2c8ec, 0x00e7ea, 0x8ea2c8eb, 0x00e7e9, 0x00e7eb, 0x8ea2c8ed, 0x8eaecae3,
    0x8eaecae2, 0x8eaecae6, 0x8ea2cfbc, 0x8ea2cfbe, 0x8ea2cfbd, 0x8eaecae1, 0x8ea2cfc0, 0x8eaecae0,
    0x8eaecaec, 0x8eaecae4, 0x00ebf2, 0x8ea2cfbf, 0x8ea2cfbb, 0x8eaecaea, 0x000000, 0x000000,
    0x8ea2cfc1, 0x8eaecff3, 0x8ea2d5f5, 0x8eaecfed, 0x8ea2d5f8, 0x8ea2d5fa, 0x8ea2d5f0, 0x8ea2d5f4,
    0x8ea2d5f1, 0x00eff7, 0x00effa, 0x00effc, 0x8ea2d5f2, 0x8ea2d5f3, 0x00effb, 0x8ea2d5f6,
    0x8ea2d5f9, 0x8ea2d5f7, 0x00effd, 0x8eaecfee, 0x00eff9, 0x8ea2d5ef, 0x00eff6, 0x8eaecff2,
    0x00eff8, 0x8eaecff4, 0x8eaed3f0, 0x00f3ae, 0x8ea2dbf2, 0x8ea2dbf0, 0x8ea2dbef, 0x8eaed3f1,
    0x8ea2dbf5, 0x8eaed3eb, 0x8ea2dbf4, 0x8ea2dbf3, 0x8eaed3ec, 0x8ea2dbee, 0x00f3ad, 0x8ea2dbed,
    0x8eaed3ea, 0x8ea2dbf1, 0x00f3af, 0x000000, 0x8eaed7b4, 0x8ea2e0e6, 0x8eaed7b7, 0x8ea2e0ea,
    0x8ea2e0e7, 0x8ea2e0e9, 0x8ea2e0e8, 0x8ea2e0e5, 0x8ea2e0eb, 0x8ea2e0ee, 0x8ea2e0ec, 0x8ea2e0ed,
    0x00f6ac, 0x8eaed7b3, 0x00f6ab, 0x8ea2e0e4, 0x8ea2e0ef, 0x8ea2e4dd, 0x8ea2e4e0, 0x8ea2e4e2,
    0x8ea2e4e1, 0x8eaed9ea, 0x8ea2e4db, 0x8ea2e4df, 0x8ea2e4da, 0x8eaed9eb, 0x8ea2e4dc, 0x00f7f7,
    0x8ea2e4d9, 0x8eaed9ed, 0x8ea2e4de, 0x000000, 0x000000, 0x8ea2e8ad, 0x8ea2e8a2, 0x00f9d1,
    0x8eaedbef, 0x8eaedbed, 0x00f9d2, 0x8ea2e8a1, 0x8ea2e8a6, 0x8ea2e8ac, 0x8ea2e8a4, 0x8ea2e8ab,
    0x8eaedbec, 0x8ea2e8a8, 0x8eaedbee, 0x8ea2e8a7, 0x8ea2e8aa, 0x8ea2e8a5, 0x8ea2e8a3, 0x8eaedbeb,
    0x8ea2e8a9, 0x000000, 0x8ea2eaee, 0x8ea2eaec, 0x00fad5, 0x8ea2eaeb, 0x8ea2eaf1, 0x8ea2eaef,
    0x8eaeddda, 0x00fad6, 0x8ea2eaea, 0x8ea2eae8, 0x000000, 0x8ea2eae9, 0x00fad8, 0x8ea2eaed,
    0x00fad7, 0x8ea2eaf0, 0x8ea2ece6, 0x8ea2ecec, 0x8eaedfa4, 0x8eaedfa2, 0x8ea2ece7, 0x00fbc7,
    0x8ea2eced, 0x00fbc6, 0x8ea2eceb, 0x8ea2ecea, 0x00fbc5, 0x8ea2ece9, 0x00fbc4, 0x8ea2ece8,
    0x000000, 0x8ea2eecc, 0x8ea2eece, 0x8ea2eecd, 0x000000, 0x8ea2eeca, 0x00fca7, 0x8ea2eec7,
    0x8ea2eecb, 0x8ea2eed0, 0x8eaedff9, 0x8ea2eecf, 0x8ea2eec8, 0x8ea2eec9, 0x00fca6, 0x8ea2efe0,
    0x00fcd3, 0x8eaee0e2, 0x8ea2efe1, 0x00fcd1, 0x00fcd2, 0x8eaee0e1, 0x000000, 0x8ea2f0e1,
    0x00fcf5, 0x8ea2f1e5, 0x8eaee1f2, 0x00fdb7, 0x8eaee1f3, 0x8ea2f2a3, 0x00fdb8, 0x8ea2f2a4,
    0x8ea2f2a5, 0x8ea2f2b3, 0x8ea2f2b2, 0x00fdc7, 0x8ea2f2bb, 0x000000, 0x000000, 0x000000,
    0x000000, 0x000000, 0x000000, 0x000000, 0x000000, 0x000000, 0x000000, 0x000000, 0x000000,
    0x000000, 0x000000, 0x000000, 0x000000, 0x000000, 0x000000, 0x000000, 0x000000, 0x000000,
    0x000000, 0x000000, 0x000000, 0x000000, 0x000000, 0x000000, 0x000000, 0x000000, 0x000000,
    0x000000, 0x000000, 0x000000, 0x000000, 0x000000, 0x000000, 0x000000, 0x000000, 0x000000,
    0x000000, 0x00d8ec, 0x8eaec0af, 0x000000, 0x8ea2c8ef, 0x000000, 0x8ea2c8ee, 0x000000, 0x00ebf3,
    0x00ebf4, 0x8ea2cfc2, 0x000000, 0x8ea2d5fb, 0x8ea2dbf8, 0x8eaecff7, 0x8eaecff6, 0x00effe,
    0x00f3b0, 0x8ea2dbf6, 0x000000, 0x8ea2dbf9, 0x00f3b1, 0x8eaed7ba, 0x8ea2e0f0, 0x8ea2dbf7,
    0x8ea2e4e3, 0x00f7f8, 0x8ea2e8ae, 0x000000, 0x8eaedde1, 0x000000, 0x8ea2eaf4, 0x8ea2eaf2,
    0x8eaedde0, 0x8eaeddde, 0x8ea2eaf3, 0x000000, 0x000000, 0x8ea2ecee, 0x8eaedfa5, 0x00fbc8,
    0x8ea2eed1, 0x00fcd6, 0x00fca8, 0x00fcd4, 0x00fcd5, 0x8ea2f0e2, 0x00fdaf, 0x8eaee1f4, 0x00d8ed,
    0x8eaee3b4, 0x8eaecaee, 0x000000, 0x8ea2e4e4, 0x8eaedffb, 0x8eaee0e3, 0x8ea2b3cc, 0x8eaec0b2,
    0x00e7ec, 0x8eaec5e1, 0x8ea2cfc3, 0x8eaecaef, 0x8eaecaf3, 0x00ebf5, 0x8ea2cfc4, 0x8eaecaf1,
    0x8eaecaf0, 0x8eaecaf2, 0x8ea2d5fd, 0x8ea2d5fc, 0x00f3b3, 0x00f0a1, 0x00f0a2, 0x000000,
    0x8ea2d6a2, 0x8ea2d6a1, 0x8ea2d5fe, 0x8eaecff9, 0x8eaed3f5, 0x8ea2dbfa, 0x8ea2dbfd, 0x8eaed3f4,
    0x8ea2dbfc, 0x8ea2dbfb, 0x00f3b2, 0x8ea2e0f4, 0x8ea2e0f2, 0x8ea2e0f1, 0x000000, 0x8eaed7bb,
    0x8ea2e0f3, 0x8eaed7bc, 0x00f7f9, 0x8ea2e4e6, 0x8ea2e4e7, 0x00f7fa, 0x8eaed9ef, 0x8ea2e4e5,
    0x8eaedbf1, 0x8ea2e8b0, 0x8ea2e8af, 0x8ea2e8b2, 0x00f9d3, 0x8ea2e8b1, 0x000000, 0x8ea2eaf5,
    0x8ea2eaf7, 0x8ea2eaf6, 0x000000, 0x8eaedfa7, 0x8ea2ecef, 0x8ea2ecf2, 0x8ea2ecf0, 0x8ea2ecf1,
    0x8ea2eed2, 0x00fca9, 0x000000, 0x000000, 0x8eaee6f2, 0x8ea2efe2, 0x8ea2efe3, 0x8ea2efe4,
    0x8eaee1ac, 0x00fcf6, 0x00fdb0, 0x8ea2f2a6, 0x00d8ee, 0x8eaecaf5, 0x00f0a3, 0x00f3b4,
    0x8ea2e4e8, 0x8eaedde2, 0x8ea2eed3, 0x8eaee1ae, 0x8eaee4b3, 0x8ea2f1e6, 0x8ea2b3cd, 0x8eaee2a8,
    0x00fdc8, 0x00d8ef, 0x8ea2dbfe, 0x8eaed7be, 0x8ea2e4e9, 0x000000, 0x8ea2e8b3, 0x8eaedde3,
    0x000000, 0x8ea2ecf3, 0x8ea2eed4, 0x00d8f0, 0x8eaec5e2, 0x8ea2cfc5, 0x8ea2cfc6, 0x8eaecaf8,
    0x00ebf6, 0x00ebf7, 0x8ea2d6a4, 0x00f0a5, 0x00f0a4, 0x8ea2d6a3, 0x000000, 0x8ea2e0f5,
    0x8eaed7bf, 0x8ea2e4ea, 0x8ea2e4ec, 0x8ea2e4eb, 0x00f7fd, 0x00f7fc, 0x00f7fb, 0x8eaedde4,
    0x00fbca, 0x8ea2ecf4, 0x8eaedfa8, 0x00fbc9, 0x8ea2eed6, 0x8ea2eed5, 0x8eaee1af, 0x00fcf7,
    0x8ea2f0e3, 0x00dea3, 0x8ea2c8f0, 0x000000, 0x8eaec5e3, 0x000000, 0x8ea2cfc9, 0x8ea2cfc7,
    0x8ea2cfc8, 0x000000, 0x8eaecffe, 0x8ea2d6ad, 0x000000, 0x8ea2d6a8, 0x8ea2d6a5, 0x8ea2d6ac,
    0x8eaecffc, 0x000000, 0x8eaecffb, 0x8ea2d6ae, 0x000000, 0x000000, 0x00f0a7, 0x8ea2d6ab,
    0x8ea2d6a7, 0x8eaecffd, 0x000000, 0x8ea2d6a6, 0x8ea2d6aa, 0x8ea2d6a9, 0x00f0a6, 0x000000,
    0x000000, 0x8ea2dcab, 0x8ea2dca6, 0x8ea2dca4, 0x8ea2dcad, 0x8ea2dca5, 0x000000, 0x8ea2dca1,
    0x000000, 0x8ea2dca7, 0x8eaed3f8, 0x8eaed3fa, 0x8ea2dca2, 0x8ea2e0fe, 0x8ea2dca3, 0x8ea2dcae,
    0x8eaed4a3, 0x000000, 0x8eaed3fc, 0x8eaed4a1, 0x000000, 0x8eaed4a5, 0x8eaed3fd, 0x8ea2dcaa,
    0x00f3b5, 0x8ea2dca9, 0x8ea2dca8, 0x8eaed3f9, 0x8ea2dcac, 0x000000, 0x000000, 0x8eaee6f3,
    0x8eaed7c4, 0x8ea2e0f6, 0x8ea2e0f9, 0x000000, 0x8eaed7c5, 0x8ea2e0f8, 0x8eaed7c0, 0x8ea2e1a2,
    0x8ea2e0fb, 0x8ea2e1a1, 0x8eaed7c2, 0x8ea2e0fd, 0x8ea2e0fc, 0x8ea2e0fa, 0x000000, 0x8ea2e0f7,
    0x000000, 0x00f6af, 0x00f6ae, 0x000000, 0x00f6b0, 0x00f6ad, 0x8ea2e1a3, 0x000000, 0x000000,
    0x000000, 0x000000, 0x000000, 0x8ea2e4f2, 0x8ea2e4f5, 0x000000, 0x8ea2e4f3, 0x8ea2e4f7,
    0x000000, 0x8eaed9f4, 0x000000, 0x8ea2e4f8, 0x000000, 0x8ea2e4f0, 0x00f8a4, 0x8ea2e4f1,
    0x8eaed9f3, 0x8ea2e4ef, 0x8ea2e4f6, 0x8eaedbf4, 0x8ea2e4ee, 0x8ea2e4ed, 0x00f8a3, 0x00f8a1,
    0x00f7fe, 0x8eaed9f6, 0x8eaed9f5, 0x8eaed7c3, 0x000000, 0x000000, 0x000000, 0x000000,
    0x8eaed9f1, 0x8ea2e4f4, 0x8ea2e8bc, 0x8ea2e8c2, 0x00f9d6, 0x8ea2e8bd, 0x000000, 0x8ea2e8c0,
    0x8ea2e8c4, 0x00f9d7, 0x8ea2e8bf, 0x000000, 0x8ea2e8b7, 0x8eaedbf5, 0x8ea2e8b6, 0x8ea2e8c3,
    0x8ea2e8ba, 0x8eaedbf7, 0x8ea2e8b8, 0x8ea2e8c1, 0x8ea2e8b9, 0x00f9d5, 0x00f9d4, 0x8eaedbf9,
    0x8ea2e8b4, 0x8ea2e8b5, 0x8ea2e8be, 0x000000, 0x8eaedbfa, 0x000000, 0x8ea2e8bb, 0x000000,
    0x000000, 0x000000, 0x000000, 0x000000, 0x8eaeddef, 0x8ea2eafa, 0x8ea2eafd, 0x8eaeddf1,
    0x000000, 0x8eaedde7, 0x8eaedde9, 0x00f8a2, 0x8eaeddea, 0x8eaeddf4, 0x8eaeddf5, 0x000000,
    0x8eaeddee, 0x000000, 0x8eaedde8, 0x8ea2eafb, 0x8ea2eba3, 0x8ea2eba1, 0x8ea2eaf9, 0x8ea2eba6,
    0x8eaedde6, 0x8ea2eaf8, 0x8eaeddf6, 0x00fada, 0x8ea2eba2, 0x000000, 0x8eaeddf3, 0x000000,
    0x8ea2eafc, 0x00fad9, 0x8ea2eba5, 0x8eaeddf2, 0x000000, 0x8ea2eba4, 0x000000, 0x000000,
    0x000000, 0x8eaeddf0, 0x8ea2ecf7, 0x8ea2ecf6, 0x000000, 0x8eaedfac, 0x000000, 0x8ea2ecfd,
    0x000000, 0x8ea2ecf9, 0x8ea2ecfc, 0x00fbcc, 0x000000, 0x8eaee4af, 0x8ea2ecfa, 0x8ea2ecfb,
    0x000000, 0x8ea2ecf5, 0x8ea2ecf8, 0x00fbcb, 0x8eaedfaa, 0x000000, 0x000000, 0x00fcab,
    0x8ea2eee1, 0x8ea2eedc, 0x8ea2eee0, 0x8eaee0a5, 0x8ea2eee3, 0x8ea2eedf, 0x8eaedffe, 0x8ea2eedb,
    0x8eaee0a3, 0x00fcad, 0x8ea2eede, 0x8ea2eee2, 0x00fcac, 0x8ea2eed9, 0x8ea2eafe, 0x8ea2eedd,
    0x000000, 0x000000, 0x8ea2eeda, 0x8eaee0a2, 0x8ea2eed7, 0x000000, 0x8ea2eed8, 0x00fcaa,
    0x8ea2efe8, 0x8ea2efea, 0x8ea2efed, 0x8ea2efe9, 0x8ea2efee, 0x8eaee0e5, 0x8ea2efe7, 0x8eaee0e6,
    0x8ea2efe5, 0x8eaee0e8, 0x00fcd7, 0x8ea2efeb, 0x00fcd9, 0x00fcd8, 0x8ea2efe6, 0x8ea2efec,
    0x000000, 0x000000, 0x000000, 0x8eaee1b2, 0x8ea2f0e8, 0x00fcf8, 0x8ea2f0e9, 0x8eaee1b3,
    0x8ea2f0e7, 0x8ea2f0e4, 0x000000, 0x8eaee1b4, 0x8ea2f0e6, 0x8ea2f0e5, 0x8ea2f1c9, 0x000000,
    0x000000, 0x000000, 0x8eaee1d9, 0x8ea2f1cb, 0x8ea2f1ca, 0x8eaee1db, 0x000000, 0x8ea2f1e9,
    0x000000, 0x8ea2f1e8, 0x8ea2f1e7, 0x8ea2f1ea, 0x8eaee1f5, 0x00fdc0, 0x00fdc1, 0x8ea2f2b8,
    0x8ea2f2bc, 0x8eaee2c1, 0x000000, 0x000000, 0x000000, 0x000000, 0x000000, 0x000000, 0x000000,
    0x000000, 0x000000, 0x000000, 0x000000, 0x000000, 0x000000, 0x000000, 0x000000, 0x000000,
    0x000000, 0x000000, 0x000000, 0x000000, 0x000000, 0x000000, 0x000000, 0x000000, 0x000000,
    0x000000, 0x000000, 0x000000, 0x000000, 0x000000, 0x000000, 0x000000, 0x000000, 0x000000,
    0x000000, 0x000000, 0x000000, 0x00dea4, 0x8ea2c1d4, 0x8ea2c8f3, 0x8eaec5e4, 0x00e7ed,
    0x8ea2c8f1, 0x8eaec5e6, 0x8eaeafc2, 0x8ea2c8f2, 0x8eaec5e8, 0x8eaec5e7, 0x000000, 0x8ea2cfca,
    0x8ea2cfcb, 0x00ebfa, 0x00ebf8, 0x8ea2cfcc, 0x00ebf9, 0x8ea2d6b3, 0x8eaed0a7, 0x8ea2d6b6,
    0x8ea2d6b0, 0x8ea2d6b7, 0x8ea2d6af, 0x8ea2d6b1, 0x8eaed0aa, 0x8ea2d6b2, 0x8ea2d6b5, 0x8eaed0a4,
    0x8eaed0ab, 0x00f0aa, 0x8ea2d6ba, 0x8ea2d6b9, 0x00f0a8, 0x8ea2d6b4, 0x8ea2d6b8, 0x00f0a9,
    0x8eaed4ad, 0x000000, 0x8eaed0a5, 0x8eaed0a2, 0x000000, 0x8eaed4aa, 0x8ea2dcb8, 0x000000,
    0x00f3ba, 0x8eaed4ac, 0x8ea2dcb3, 0x00f3b6, 0x8eaed4b6, 0x8ea2dcb0, 0x8ea2dcb6, 0x8ea2dcb9,
    0x8eaed4b3, 0x00f3bb, 0x000000, 0x8ea2dcb5, 0x8ea2dcb2, 0x8ea2dcba, 0x8ea2dcb1, 0x8eaed4b7,
    0x8ea2dcb7, 0x00f3b7, 0x8eaed4a9, 0x8ea2dcaf, 0x00f3b8, 0x8eaed4b5, 0x00f3b9, 0x8ea2dcb4,
    0x8eaed4b2, 0x000000, 0x000000, 0x8ea2e1b5, 0x8ea2e1a8, 0x8ea2e1a9, 0x8ea2e1ac, 0x8ea2e1aa,
    0x000000, 0x8ea2e1a4, 0x000000, 0x8eaed7cd, 0x8ea2e1a7, 0x8ea2e1b1, 0x8ea2e1ab, 0x8eaed7c8,
    0x000000, 0x00f6b1, 0x000000, 0x8ea2e1b3, 0x8ea2e1b0, 0x00f6b2, 0x8ea2e1b2, 0x8ea2e1a5,
    0x8ea2e1ae, 0x8ea2e1af, 0x8eaed7ca, 0x8ea2e1ad, 0x000000, 0x000000, 0x000000, 0x8eaee6f5,
    0x8ea2e4fc, 0x8ea2e4fe, 0x8ea2e5a3, 0x8eaed9f9, 0x8eaed9fb, 0x8ea2e4fb, 0x8eaed9fd, 0x00f8a5,
    0x8ea2e5a5, 0x8ea2e4fa, 0x8ea2e5a6, 0x8eaed9fe, 0x8ea2e5a2, 0x8ea2e5a4, 0x8ea2e5a8, 0x8ea2e5a1,
    0x8ea2e5a9, 0x8ea2e4fd, 0x8ea2e4f9, 0x00f8a6, 0x8eaedaa2, 0x8ea2e5a7, 0x00f8a7, 0x00f9d9,
    0x000000, 0x8eaed9fa, 0x000000, 0x000000, 0x8eaedbfd, 0x8ea2e1a6, 0x8ea2e8de, 0x8ea2e8d5,
    0x00f9db, 0x8ea2e8d1, 0x00f9dc, 0x8eaedca7, 0x8eaedca2, 0x8ea2e8da, 0x8ea2e8d4, 0x8ea2e8ca,
    0x00f9da, 0x8ea2e8d7, 0x8ea2e8d2, 0x8ea2e8d3, 0x8eaedca5, 0x8ea2e8c5, 0x8ea2e8cc, 0x8ea2e8db,
    0x8eaedbfe, 0x8ea2e8d8, 0x000000, 0x8ea2e8d0, 0x8eaedca6, 0x8ea2e8dc, 0x8ea2e8cb, 0x8ea2e8c6,
    0x8ea2e8d9, 0x8eaedca4, 0x8ea2e8c8, 0x8ea2e8d6, 0x8ea2e8cd, 0x8ea2e8dd, 0x8ea2e8c9, 0x00f9d8,
    0x8ea2e8c7, 0x8ea2e8ce, 0x8ea2e8cf, 0x000000, 0x000000, 0x000000, 0x8ea2ebad, 0x8eaedca3,
    0x8ea2ebab, 0x000000, 0x8ea2ebb0, 0x8eaeddf9, 0x8ea2ebbc, 0x8ea2ebb3, 0x8ea2ebac, 0x8ea2eba8,
    0x8ea2ebb5, 0x8ea2ebae, 0x8ea2ebb1, 0x8ea2ebaa, 0x8ea2ebb8, 0x8ea2eba7, 0x8ea2ebaf, 0x8ea2ebb4,
    0x8ea2ebb6, 0x8ea2ebb9, 0x8ea2eba9, 0x8eaeddfa, 0x8ea2ebbd, 0x8ea2ebbe, 0x8ea2ebb7, 0x8ea2ebbb,
    0x8ea2ebb2, 0x000000, 0x8ea2edaf, 0x8ea2edb2, 0x8eaedfb5, 0x00fbcd, 0x8eaedfb1, 0x8ea2edb1,
    0x8ea2edb6, 0x8ea2edb4, 0x00fbce, 0x8ea2edab, 0x8ea2eda1, 0x8ea2ecfe, 0x00fbd0, 0x8ea2edad,
    0x8ea2edae, 0x8ea2edaa, 0x8ea2eda2, 0x8eaedfb2, 0x8ea2eda7, 0x8ea2ebba, 0x000000, 0x8ea2eda3,
    0x00fbcf, 0x8ea2eda9, 0x8eaedfb6, 0x8ea2eda8, 0x000000, 0x8ea2eda4, 0x8ea2edb0, 0x000000,
    0x8ea2eda5, 0x8ea2eee8, 0x8ea2edb3, 0x8ea2edb5, 0x8ea2edac, 0x8ea2eda6, 0x8ea2eee9, 0x8ea2eeeb,
    0x8ea2eee5, 0x00fcae, 0x000000, 0x8ea2eef2, 0x8ea2eef0, 0x00fcaf, 0x8ea2eeef, 0x8ea2eeee,
    0x8ea2eee7, 0x8ea2eee4, 0x8ea2eeea, 0x8ea2eef3, 0x8ea2eee6, 0x8ea2eeec, 0x000000, 0x8ea2eff7,
    0x8ea2effc, 0x8ea2eff2, 0x8ea2eff5, 0x00fcda, 0x8ea2eff9, 0x000000, 0x8ea2f0a2, 0x8ea2eeed,
    0x000000, 0x8ea2eff3, 0x8ea2effd, 0x8ea2f0a3, 0x8ea2eff8, 0x8ea2eff1, 0x8ea2effb, 0x000000,
    0x8ea2effa, 0x8ea2f0a1, 0x8ea2effe, 0x8ea2eef1, 0x8ea2eff6, 0x8ea2eff0, 0x8ea2eff4, 0x00fcf9,
    0x00fcfa, 0x8ea2efef, 0x8eaee0ec, 0x8ea2f0f4, 0x8ea2f0eb, 0x8ea2f0f3, 0x8ea2f0f0, 0x8ea2f0f1,
    0x8ea2f0ea, 0x8ea2f0ed, 0x8ea2f0f5, 0x8ea2f0ef, 0x8ea2f0ee, 0x8ea2f0ec, 0x8eaee1b5, 0x8ea2f0f2,
    0x000000, 0x8ea2f1cc, 0x000000, 0x8ea2f1cd, 0x8eaee1dd, 0x8ea2f1cf, 0x8ea2f1ce, 0x8ea2f1d1,
    0x8ea2f1d0, 0x8ea2f1ec, 0x8ea2f1eb, 0x8ea2f2a7, 0x8eaee2a9, 0x8ea2f2a8, 0x8eaee2b0, 0x8ea2f2b4,
    0x00fdc5, 0x00fdc9, 0x8eaee2b8, 0x8ea2f2bd, 0x00fdca, 0x000000, 0x000000, 0x000000, 0x000000,
    0x000000, 0x000000, 0x000000, 0x000000, 0x000000, 0x000000, 0x000000, 0x000000, 0x000000,
    0x000000, 0x000000, 0x000000, 0x000000, 0x000000, 0x000000, 0x000000, 0x000000, 0x000000,
    0x000000, 0x000000, 0x000000, 0x000000, 0x000000, 0x000000, 0x000000, 0x000000, 0x000000,
    0x000000, 0x000000, 0x000000, 0x000000, 0x000000, 0x000000, 0x000000, 0x000000, 0x000000,
    0x000000, 0x000000, 0x000000, 0x000000, 0x000000, 0x000000, 0x000000, 0x000000, 0x000000,
    0x000000, 0x000000, 0x000000, 0x000000, 0x00dea5, 0x000000, 0x000000, 0x000000, 0x00fadb,
    0x8ea2edb7, 0x8eaedfb7, 0x00fcfb, 0x00fcfc, 0x000000, 0x00dea6, 0x8ea2c8f4, 0x8eaec5e9,
    0x00e7ee, 0x8ea2d6bb, 0x8eaed0ac, 0x8eaed4b9, 0x8ea2dcbc, 0x8ea2dcbd, 0x8ea2dcbb, 0x8ea2e1b7,
    0x8ea2e1b6, 0x00f6b3, 0x8ea2e5ab, 0x8ea2e1b8, 0x8ea2e5aa, 0x000000, 0x8eaedaa4, 0x8ea2e8e0,
    0x00f9dd, 0x00f9df, 0x8ea2e8df, 0x8eaedca9, 0x000000, 0x00f9de, 0x8eaedea1, 0x8ea2ebbf,
    0x8ea2ebc1, 0x8ea2ebc0, 0x8ea2edb8, 0x00fbd1, 0x8eaedfba, 0x00fcdb, 0x8ea2f0f6, 0x8ea2f1d2,
    0x8eaee2b1, 0x8eaee2bf, 0x8ea2f2c1, 0x00dea7, 0x8eaea5c7, 0x8ea2cfcd, 0x000000, 0x00f0ab,
    0x8eaed0af, 0x8eaed0ae, 0x8eaed4ba, 0x8ea2dcbf, 0x8ea2dcbe, 0x8eaed7d0, 0x8ea2e1b9, 0x8eaedaa6,
    0x8eaedaa5, 0x000000, 0x00f9e0, 0x00fadc, 0x8ea2eef4, 0x8ea2f2b9, 0x000000, 0x000000, 0x000000,
    0x00dea8, 0x00ebfb, 0x8eaecba2, 0x00f0ac, 0x000000, 0x8ea2e8e1, 0x8eaedea2, 0x8ea2f0a4,
    0x00e3a7, 0x8eaeb9ea, 0x8eaed4bc, 0x8eaed4bb, 0x000000, 0x8ea2e1ba, 0x000000, 0x8eaedaa8,
    0x000000, 0x00fdb1, 0x00e3a8, 0x00f0ad, 0x00f6b4, 0x8ea2f0a5, 0x00e3a9, 0x8eaeb9eb, 0x8ea2d6bc,
    0x00f3bd, 0x8ea2dcc0, 0x8ea2dcc1, 0x8eaed4bd, 0x00f3bc, 0x000000, 0x8ea2e1bb, 0x00f6b8,
    0x00f6b6, 0x00f6b7, 0x00f6b5, 0x8ea2e5ac, 0x00f8a8, 0x000000, 0x000000, 0x8eaedcaa, 0x8ea2ebc3,
    0x8ea2ebc2, 0x8ea2ebc5, 0x8ea2ebc4, 0x00fadd, 0x000000, 0x000000, 0x8ea2edb9, 0x000000,
    0x8ea2edbb, 0x8ea2edba, 0x00fbd2, 0x8ea2eef5, 0x8eaee0a9, 0x8ea2f0a6, 0x8ea2f0a7, 0x00fcdc,
    0x8ea2f1d3, 0x8ea2f1ed, 0x00fdc2, 0x000000, 0x8ea2c1d5, 0x8ea2dcc2, 0x8ea2e1bc, 0x8ea2e8e2,
    0x8ea2c8f5, 0x8eaea7f2, 0x8ea2e1bd, 0x8ea2e5ae, 0x8ea2e5ad, 0x8eaedaa9, 0x8eaedcad, 0x8eaedcae,
    0x8eaedfbc, 0x8ea2f0a8, 0x00fcfd, 0x8eaee1df, 0x8ea2f1d4, 0x8ea2f1ee, 0x000000, 0x000000,
    0x000000, 0x00e7ef, 0x8ea2d6bd, 0x8ea2d6be, 0x000000, 0x8ea2dcc3, 0x00e7f0, 0x8eaec5ea,
    0x00f8a9, 0x8ea2e5af, 0x8eaedcb0, 0x8ea2edbd, 0x00fbd3, 0x8ea2edbe, 0x8ea2edbc, 0x8ea2f0a9,
    0x8eaee1e0, 0x8ea2f0f7, 0x000000, 0x00e7f1, 0x000000, 0x8ea2e1c0, 0x8ea2e1bf, 0x8ea2e1be,
    0x8ea2e5b0, 0x8eaedaab, 0x8eaedaaa, 0x8ea2e5b4, 0x8ea2e5b3, 0x8ea2e5b2, 0x8ea2e5b1, 0x00f8aa,
    0x8ea2e8e3, 0x8ea2ebc7, 0x00fade, 0x8ea2ebc6, 0x8ea2edbf, 0x8ea2eef8, 0x8ea2eef7, 0x00fcb0,
    0x8ea2eef6, 0x8ea2f0ac, 0x8ea2f0ab, 0x8ea2f0aa, 0x8eaee0ed, 0x000000, 0x00ebfc, 0x000000,
    0x8ea2dcc4, 0x00f6b9, 0x000000, 0x8ea2e8e4, 0x8ea2e8e5, 0x8ea2eef9, 0x8ea2f0ad, 0x000000,
    0x8eaee1bb, 0x8ea2f0f8, 0x8ea2f1d5, 0x8ea2f2a9, 0x8ea2f2c3, 0x00ebfd, 0x00f6ba, 0x8ea2e5b5,
    0x8ea2e8e6, 0x8ea2edc0, 0x8ea2f0ae, 0x8eaea3f0, 0x000000, 0x00f0af, 0x8eaed4be, 0x8ea2e1c1,
    0x8ea2e5b6, 0x8ea2e8e7, 0x8ea2e8e8, 0x8ea2e8e9, 0x8ea2ebcc, 0x8eaedea4, 0x8ea2ebc8, 0x00fbd4,
    0x8ea2ebcb, 0x8ea2ebca, 0x00fadf, 0x8ea2ebc9, 0x00fae1, 0x000000, 0x00fae0, 0x8ea2edc2,
    0x8ea2edc1, 0x00fbd5, 0x00fbd6, 0x000000, 0x8eaedfbe, 0x00fcb2, 0x8ea2eefa, 0x00fcb1, 0x000000,
    0x8ea2f0b1, 0x8ea2f0b2, 0x8ea2f0b0, 0x8ea2f0af, 0x00fda1, 0x000000, 0x8ea2f0f9, 0x8ea2f0fa,
    0x8ea2f0fb, 0x00fcfe, 0x8ea2f1d6, 0x8ea2f1d9, 0x8ea2f1d8, 0x8ea2f1d7, 0x8eaee2b3, 0x000000,
    0x8ea2f2c2, 0x000000, 0x000000, 0x000000, 0x000000, 0x000000, 0x000000, 0x000000, 0x000000,
    0x000000, 0x000000, 0x000000, 0x000000, 0x000000, 0x00f3be, 0x8eaed7d5, 0x000000, 0x00f8b2,
    0x8ea2ebcd, 0x8ea2edc3, 0x8eaee0ab, 0x00fcb3, 0x8ea2eefb, 0x000000, 0x8eaee2c2, 0x8ea2f2c4,
    0x000000, 0x000000, 0x000000, 0x00f3bf, 0x8eaedec7, 0x000000, 0x000000, 0x8ea2e1c2, 0x8eaedfbf,
    0x8ea2eefc, 0x8eaee1e1, 0x8ea2f1ef, 0x8eaee1f7, 0x000000, 0x000000, 0x000000, 0x000000,
    0x000000, 0x000000, 0x000000, 0x000000, 0x000000, 0x000000, 0x000000, 0x000000, 0x000000,
    0x000000, 0x000000, 0x000000, 0x000000, 0x000000, 0x000000, 0x000000, 0x000000, 0x000000,
    0x000000, 0x000000, 0x000000, 0x000000, 0x000000, 0x000000, 0x000000, 0x000000, 0x000000,
    0x000000, 0x000000, 0x000000, 0x000000, 0x000000, 0x000000, 0x000000, 0x000000, 0x000000,
    0x000000, 0x000000, 0x000000, 0x000000, 0x000000, 0x000000, 0x000000, 0x000000, 0x00a1ab,
    0x00a1b6, 0x00a1b8, 0x000000, 0x000000, 0x00a1c0, 0x00a1c1, 0x00a1c4, 0x00a1c5, 0x00a1c8,
    0x00a1c9, 0x00a1cc, 0x00a1cd, 0x00a1d0, 0x00a1d1, 0x00a1d4, 0x00a1d5, 0x00a1d8, 0x00a1d9,
    0x00a1dc, 0x00a1dd, 0x000000, 0x000000, 0x000000, 0x000000, 0x00a2a7, 0x00a2a8, 0x00a2ab,
    0x00a2ac, 0x00a2a9, 0x00a2aa, 0x000000, 0x00a1ae, 0x00a1af, 0x00a1b0, 0x000000, 0x00a1b2,
    0x00a1b3, 0x00a1b4, 0x00a1b5, 0x000000, 0x00a1de, 0x00a1df, 0x00a1e0, 0x00a1e1, 0x00a1e2,
    0x00a1e3, 0x00a2ad, 0x00a2ae, 0x00a2af, 0x00a2bf, 0x00a2c0, 0x00a2c1, 0x00a2c3, 0x00a2c2,
    0x000000, 0x00a2e2, 0x00a2ec, 0x00a2ed, 0x00a2ee, 0x000000, 0x000000, 0x000000, 0x000000,
    0x000000, 0x000000, 0x000000, 0x000000, 0x000000, 0x000000, 0x000000, 0x000000, 0x000000,
    0x000000, 0x000000, 0x000000, 0x000000, 0x000000, 0x000000, 0x000000, 0x00a1aa, 0x000000,
    0x00a1ec, 0x00a2e3, 0x00a2e8, 0x00a1ed, 0x000000, 0x00a1be, 0x00a1bf, 0x00a1ee, 0x00a2b0,
    0x00a1a2, 0x00a2b1, 0x00a1a5, 0x00a2df, 0x00a4a1, 0x00a4a2, 0x00a4a3, 0x00a4a4, 0x00a4a5,
    0x00a4a6, 0x00a4a7, 0x00a4a8, 0x00a4a9, 0x00a4aa, 0x00a1a8, 0x00a1a7, 0x00a2b6, 0x00a2b8,
    0x00a2b7, 0x00a1a9, 0x00a2e9, 0x00a4c1, 0x00a4c2, 0x00a4c3, 0x00a4c4, 0x00a4c5, 0x00a4c6,
    0x00a4c7, 0x00a4c8, 0x00a4c9, 0x00a4ca, 0x00a4cb, 0x00a4cc, 0x00a4cd, 0x00a4ce, 0x00a4cf,
    0x00a4d0, 0x00a4d1, 0x00a4d2, 0x00a4d3, 0x00a4d4, 0x00a4d5, 0x00a4d6, 0x00a4d7, 0x00a4d8,
    0x00a4d9, 0x00a4da, 0x000000, 0x00a2e0, 0x000000, 0x000000, 0x00a2a5, 0x000000, 0x00a4db,
    0x00a4dc, 0x00a4dd, 0x00a4de, 0x00a4df, 0x00a4e0, 0x00a4e1, 0x00a4e2, 0x00a4e3, 0x00a4e4,
    0x00a4e5, 0x00a4e6, 0x00a4e7, 0x00a4e8, 0x00a4e9, 0x00a4ea, 0x00a4eb, 0x00a4ec, 0x00a4ed,
    0x00a4ee, 0x00a4ef, 0x00a4f0, 0x00a4f1, 0x00a4f2, 0x00a4f3, 0x00a4f4, 0x00a1c2, 0x00a2de,
    0x00a1c3, 0x000000, 0x000000, 0x000000, 0x000000, 0x000000, 0x000000, 0x000000, 0x000000,
    0x000000, 0x000000, 0x000000, 0x000000, 0x000000, 0x000000, 0x000000, 0x000000, 0x000000,
    0x000000, 0x000000, 0x000000, 0x000000, 0x000000, 0x000000, 0x000000, 0x000000, 0x000000,
    0x000000, 0x000000, 0x000000, 0x000000, 0x000000, 0x000000, 0x000000, 0x000000, 0x000000,
    0x000000, 0x000000, 0x000000, 0x000000, 0x000000, 0x000000, 0x000000, 0x000000, 0x000000,
    0x000000, 0x000000, 0x000000, 0x000000, 0x000000, 0x000000, 0x000000, 0x000000, 0x000000,
    0x000000, 0x000000, 0x000000, 0x000000, 0x000000, 0x000000, 0x000000, 0x000000, 0x000000,
    0x000000, 0x000000, 0x000000, 0x000000, 0x00a2e6, 0x00a2e7, 0x000000, 0x000000, 0x000000,
    0x00a2e4, 0x000000, 0x000000, 0x000000, 0x000000, 0x000000, 0x000000, 0x000000, 0x000000,
    0x000000, 0x000000, 0x000000, 0x000000, 0x000000, 0x000000, 0x000000, 0x000000, 0x000000,
    0x000000, 0x000000, 0x000000, 0x000000, 0x000000, 0x000000, 0x000000, 0x000000, 0x000000,
];
pub static EUC_TW_FROM_UNICODE_TREE: PgMbRadixTree = PgMbRadixTree {
    chars16: &[],
    chars32: &EUC_TW_FROM_UNICODE_TREE_TABLE,
    b1root: 0x0,
    b1_lower: 0x0,
    b1_upper: 0x0,
    b2root: 0x40,
    b2_1_lower: 0xc2,
    b2_1_upper: 0xcf,
    b2_2_lower: 0x80,
    b2_2_upper: 0xbf,
    b3root: 0x16e,
    b3_1_lower: 0xe2,
    b3_1_upper: 0xef,
    b3_2_lower: 0x80,
    b3_2_upper: 0xbf,
    b3_3_lower: 0x80,
    b3_3_upper: 0xbf,
    b4root: 0x0,
    b4_1_lower: 0x0,
    b4_1_upper: 0x0,
    b4_2_lower: 0x0,
    b4_2_upper: 0x0,
    b4_3_lower: 0x0,
    b4_3_upper: 0x0,
    b4_4_lower: 0x0,
    b4_4_upper: 0x0,
};
