// Generated by scripts/gen_radix_tables.py from postgres-18.3 C sources. Do not edit.
use crate::PgMbRadixTree;
static GB18030_TO_UNICODE_TREE_TABLE: [u32; 32795] = [
    0x000000, 0x000000, 0x000000, 0x000000, 0x000000, 0x000000, 0x000000, 0x000000, 0x000000,
    0x000000, 0x000000, 0x000000, 0x000000, 0x000000, 0x000000, 0x000000, 0x000000, 0x000000,
    0x000000, 0x000000, 0x000000, 0x000000, 0x000000, 0x000000, 0x000000, 0x000000, 0x000000,
    0x000000, 0x000000, 0x000000, 0x000000, 0x000000, 0x000000, 0x000000, 0x000000, 0x000000,
    0x000000, 0x000000, 0x000000, 0x000000, 0x000000, 0x000000, 0x000000, 0x000000, 0x000000,
    0x000000, 0x000000, 0x000000, 0x000000, 0x000000, 0x000000, 0x000000, 0x000000, 0x000000,
    0x000000, 0x000000, 0x000000, 0x000000, 0x000000, 0x000000, 0x000000, 0x000000, 0x000000,
    0x000000, 0x000000, 0x000000, 0x000000, 0x000000, 0x000000, 0x000000, 0x000000, 0x000000,
    0x000000, 0x000000, 0x000000, 0x000000, 0x000000, 0x000000, 0x000000, 0x000000, 0x000000,
    0x000000, 0x000000, 0x000000, 0x000000, 0x000000, 0x000000, 0x000000, 0x000000, 0x000000,
    0x000000, 0x000000, 0x000000, 0x000000, 0x000000, 0x000000, 0x000000, 0x000000, 0x000000,
    0x000000, 0x000000, 0x000000, 0x000000, 0x000000, 0x000000, 0x000000, 0x000000, 0x000000,
    0x000000, 0x000000, 0x000000, 0x000000, 0x000000, 0x000000, 0x000000, 0x000000, 0x000000,
    0x000000, 0x000000, 0x000000, 0x000000, 0x000000, 0x000000, 0x000000, 0x000000, 0x000000,
    0x000000, 0x000000, 0x000000, 0x000000, 0x000000, 0x000000, 0x000000, 0x000000, 0x000000,
    0x000000, 0x000000, 0x000000, 0x000000, 0x000000, 0x000000, 0x000000, 0x000000, 0x000000,
    0x000000, 0x000000, 0x000000, 0x000000, 0x000000, 0x000000, 0x000000, 0x000000, 0x000000,
    0x000000, 0x000000, 0x000000, 0x000000, 0x000000, 0x000000, 0x000000, 0x000000, 0x000000,
    0x000000, 0x000000, 0x000000, 0x000000, 0x000000, 0x000000, 0x000000, 0x000000, 0x000000,
    0x000000, 0x000000, 0x000000, 0x000000, 0x000000, 0x000000, 0x000000, 0x000000, 0x000000,
    0x000000, 0x000000, 0x000000, 0x000000, 0x000000, 0x000000, 0x000000, 0x000000, 0x000000,
    0x000000, 0x000000, 0x00013d, 0x0001fc, 0x0002bb, 0x00037a, 0x000439, 0x0004f8, 0x0005b7,
    0x000676, 0x000735, 0x0007f4, 0x0008b3, 0x000972, 0x000a31, 0x000af0, 0x000baf, 0x000c6e,
    0x000d2d, 0x000dec, 0x000eab, 0x000f6a, 0x001029, 0x0010e8, 0x0011a7, 0x001266, 0x001325,
    0x0013e4, 0x0014a3, 0x001562, 0x001621, 0x0016e0, 0x00179f, 0x00185e, 0x00191d, 0x0019dc,
    0x001a9b, 0x001b5a, 0x001c19, 0x001cd8, 0x001d97, 0x001e56, 0x001f15, 0x001fd4, 0x002093,
    0x002152, 0x002211, 0x0022d0, 0x00238f, 0x00244e, 0x00250d, 0x0025cc, 0x00268b, 0x00274a,
    0x002809, 0x0028c8, 0x002987, 0x002a46, 0x002b05, 0x002bc4, 0x002c83, 0x002d42, 0x002e01,
    0x002ec0, 0x002f7f, 0x00303e, 0x0030fd, 0x0031bc, 0x00327b, 0x00333a, 0x0033f9, 0x0034b8,
    0x003577, 0x003636, 0x0036f5, 0x0037b4, 0x003873, 0x003932, 0x0039f1, 0x003ab0, 0x003b6f,
    0x003c2e, 0x003ced, 0x003dac, 0x003e6b, 0x003f2a, 0x003fe9, 0x0040a8, 0x004167, 0x004226,
    0x0042e5, 0x0043a4, 0x004463, 0x004522, 0x0045e1, 0x0046a0, 0x00475f, 0x00481e, 0x0048dd,
    0x00499c, 0x004a5b, 0x004b1a, 0x004bd9, 0x004c98, 0x004d57, 0x004e16, 0x004ed5, 0x004f94,
    0x005053, 0x005112, 0x0051d1, 0x005290, 0x00534f, 0x00540e, 0x0054cd, 0x00558c, 0x00564b,
    0x00570a, 0x0057c9, 0x005888, 0x005947, 0x005a06, 0x005ac5, 0x005b84, 0x005c43, 0x005d02,
    0x005dc1, 0x005e80, 0xe4b882, 0xe4b884, 0xe4b885, 0xe4b886, 0xe4b88f, 0xe4b892, 0xe4b897,
    0xe4b89f, 0xe4b8a0, 0xe4b8a1, 0xe4b8a3, 0xe4b8a6, 0xe4b8a9, 0xe4b8ae, 0xe4b8af, 0xe4b8b1,
    0xe4b8b3, 0xe4b8b5, 0xe4b8b7, 0xe4b8bc, 0xe4b980, 0xe4b981, 0xe4b982, 0xe4b984, 0xe4b986,
    0xe4b98a, 0xe4b991, 0xe4b995, 0xe4b997, 0xe4b99a, 0xe4b99b, 0xe4b9a2, 0xe4b9a3, 0xe4b9a4,
    0xe4b9a5, 0xe4b9a7, 0xe4b9a8, 0xe4b9aa, 0xe4b9ab, 0xe4b9ac, 0xe4b9ad, 0xe4b9ae, 0xe4b9af,
    0xe4b9b2, 0xe4b9b4, 0xe4b9b5, 0xe4b9b6, 0xe4b9b7, 0xe4b9b8, 0xe4b9b9, 0xe4b9ba, 0xe4b9bb,
    0xe4b9bc, 0xe4b9bd, 0xe4b9bf, 0xe4ba80, 0xe4ba81, 0xe4ba82, 0xe4ba83, 0xe4ba84, 0xe4ba85,
    0xe4ba87, 0xe4ba8a, 0x000000, 0xe4ba90, 0xe4ba96, 0xe4ba97, 0xe4ba99, 0xe4ba9c, 0xe4ba9d,
    0xe4ba9e, 0xe4baa3, 0xe4baaa, 0xe4baaf, 0xe4bab0, 0xe4bab1, 0xe4bab4, 0xe4bab6, 0xe4bab7,
    0xe4bab8, 0xe4bab9, 0xe4babc, 0xe4babd, 0xe4babe, 0xe4bb88, 0xe4bb8c, 0xe4bb8f, 0xe4bb90,
    0xe4bb92, 0xe4bb9a, 0xe4bb9b, 0xe4bb9c, 0xe4bba0, 0xe4bba2, 0xe4bba6, 0xe4bba7, 0xe4bba9,
    0xe4bbad, 0xe4bbae, 0xe4bbaf, 0xe4bbb1, 0xe4bbb4, 0xe4bbb8, 0xe4bbb9, 0xe4bbba, 0xe4bbbc,
    0xe4bbbe, 0xe4bc80, 0xe4bc82, 0xe4bc83, 0xe4bc84, 0xe4bc85, 0xe4bc86, 0xe4bc87, 0xe4bc88,
    0xe4bc8b, 0xe4bc8c, 0xe4bc92, 0xe4bc93, 0xe4bc94, 0xe4bc95, 0xe4bc96, 0xe4bc9c, 0xe4bc9d,
    0xe4bca1, 0xe4bca3, 0xe4bca8, 0xe4bca9, 0xe4bcac, 0xe4bcad, 0xe4bcae, 0xe4bcb1, 0xe4bcb3,
    0xe4bcb5, 0xe4bcb7, 0xe4bcb9, 0xe4bcbb, 0xe4bcbe, 0xe4bcbf, 0xe4bd80, 0xe4bd81, 0xe4bd82,
    0xe4bd84, 0xe4bd85, 0xe4bd87, 0xe4bd88, 0xe4bd89, 0xe4bd8a, 0xe4bd8b, 0xe4bd8c, 0xe4bd92,
    0xe4bd94, 0xe4bd96, 0xe4bda1, 0xe4bda2, 0xe4bda6, 0xe4bda8, 0xe4bdaa, 0xe4bdab, 0xe4bdad,
    0xe4bdae, 0xe4bdb1, 0xe4bdb2, 0xe4bdb5, 0xe4bdb7, 0xe4bdb8, 0xe4bdb9, 0xe4bdba, 0xe4bdbd,
    0xe4be80, 0xe4be81, 0xe4be82, 0xe4be85, 0xe4be86, 0xe4be87, 0xe4be8a, 0xe4be8c, 0xe4be8e,
    0xe4be90, 0xe4be92, 0xe4be93, 0xe4be95, 0xe4be96, 0xe4be98, 0xe4be99, 0xe4be9a, 0xe4be9c,
    0xe4be9e, 0xe4be9f, 0xe4bea1, 0xe4bea2, 0xe4bea4, 0xe4beab, 0xe4bead, 0xe4beb0, 0xe4beb1,
    0xe4beb2, 0xe4beb3, 0xe4beb4, 0xe4beb6, 0xe4beb7, 0xe4beb8, 0xe4beb9, 0xe4beba, 0xe4bebb,
    0xe4bebc, 0xe4bebd, 0xe4bebe, 0xe4bf80, 0xe4bf81, 0xe4bf82, 0xe4bf86, 0xe4bf87, 0xe4bf88,
    0xe4bf89, 0xe4bf8b, 0xe4bf8c, 0xe4bf8d, 0xe4bf92, 0xe4bf93, 0xe4bf94, 0xe4bf95, 0xe4bf96,
    0xe4bf99, 0xe4bf9b, 0xe4bfa0, 0xe4bfa2, 0xe4bfa4, 0xe4bfa5, 0xe4bfa7, 0xe4bfab, 0xe4bfac,
    0xe4bfb0, 0xe4bfb2, 0xe4bfb4, 0xe4bfb5, 0xe4bfb6, 0xe4bfb7, 0xe4bfb9, 0xe4bfbb, 0xe4bfbc,
    0xe4bfbd, 0xe4bfbf, 0xe58080, 0xe58081, 0xe58082, 0xe58083, 0xe58084, 0xe58085, 0xe58086,
    0xe58087, 0xe58088, 0xe58089, 0xe5808a, 0x000000, 0xe5808b, 0xe5808e, 0xe58090, 0xe58091,
    0xe58093, 0xe58095, 0xe58096, 0xe58097, 0xe5809b, 0xe5809d, 0xe5809e, 0xe580a0, 0xe580a2,
    0xe580a3, 0xe580a4, 0xe580a7, 0xe580ab, 0xe580af, 0xe580b0, 0xe580b1, 0xe580b2, 0xe580b3,
    0xe580b4, 0xe580b5, 0xe580b6, 0xe580b7, 0xe580b8, 0xe580b9, 0xe580bb, 0xe580bd, 0xe580bf,
    0xe58180, 0xe58181, 0xe58182, 0xe58184, 0xe58185, 0xe58186, 0xe58189, 0xe5818a, 0xe5818b,
    0xe5818d, 0xe58190, 0xe58191, 0xe58192, 0xe58193, 0xe58194, 0xe58196, 0xe58197, 0xe58198,
    0xe58199, 0xe5819b, 0xe5819d, 0xe5819e, 0xe5819f, 0xe581a0, 0xe581a1, 0xe581a2, 0xe581a3,
    0xe581a4, 0xe581a6, 0xe581a7, 0xe581a8, 0xe581a9, 0xe581aa, 0xe581ab, 0xe581ad, 0xe581ae,
    0xe581af, 0xe581b0, 0xe581b1, 0xe581b2, 0xe581b3, 0xe581b4, 0xe581b5, 0xe581b8, 0xe581b9,
    0xe581ba, 0xe581bc, 0xe581bd, 0xe58281, 0xe58282, 0xe58283, 0xe58284, 0xe58286, 0xe58287,
    0xe58289, 0xe5828a, 0xe5828b, 0xe5828c, 0xe5828e, 0xe5828f, 0xe58290, 0xe58291, 0xe58292,
    0xe58293, 0xe58294, 0xe58295, 0xe58296, 0xe58297, 0xe58298, 0xe58299, 0xe5829a, 0xe5829b,
    0xe5829c, 0xe5829d, 0xe5829e, 0xe5829f, 0xe582a0, 0xe582a1, 0xe582a2, 0xe582a4, 0xe582a6,
    0xe582aa, 0xe582ab, 0xe582ad, 0xe582ae, 0xe582af, 0xe582b0, 0xe582b1, 0xe582b3, 0xe582b4,
    0xe582b5, 0xe582b6, 0xe582b7, 0xe582b8, 0xe582b9, 0xe582bc, 0xe582bd, 0xe582be, 0xe582bf,
    0xe58380, 0xe58381, 0xe58382, 0xe58383, 0xe58384, 0xe58385, 0xe58386, 0xe58387, 0xe58388,
    0xe58389, 0xe5838a, 0xe5838b, 0xe5838c, 0xe5838d, 0xe5838e, 0xe58390, 0xe58391, 0xe58392,
    0xe58393, 0xe58394, 0xe58395, 0xe58397, 0xe58398, 0xe58399, 0xe5839b, 0xe5839c, 0xe5839d,
    0xe5839e, 0xe5839f, 0xe583a0, 0xe583a1, 0xe583a2, 0xe583a3, 0xe583a4, 0xe583a5, 0xe583a8,
    0xe583a9, 0xe583aa, 0xe583ab, 0xe583af, 0xe583b0, 0xe583b1, 0xe583b2, 0xe583b4, 0xe583b6,
    0xe583b7, 0xe583b8, 0xe583b9, 0xe583ba, 0xe583bc, 0xe583bd, 0xe583be, 0xe583bf, 0xe58480,
    0xe58481, 0xe58482, 0xe58483, 0xe58484, 0xe58485, 0xe58488, 0x000000, 0xe58489, 0xe5848a,
    0xe5848c, 0xe5848d, 0xe5848e, 0xe5848f, 0xe58490, 0xe58491, 0xe58493, 0xe58494, 0xe58495,
    0xe58496, 0xe58497, 0xe58498, 0xe58499, 0xe5849a, 0xe5849b, 0xe5849c, 0xe5849d, 0xe5849e,
    0xe5849f, 0xe584a0, 0xe584a2, 0xe584a3, 0xe584a4, 0xe584a5, 0xe584a6, 0xe584a7, 0xe584a8,
    0xe584a9, 0xe584aa, 0xe584ab, 0xe584ac, 0xe584ad, 0xe584ae, 0xe584af, 0xe584b0, 0xe584b1,
    0xe584b2, 0xe584b3, 0xe584b4, 0xe584b5, 0xe584b6, 0xe584b7, 0xe584b8, 0xe584b9, 0xe584ba,
    0xe584bb, 0xe584bc, 0xe584bd, 0xe584be, 0xe58582, 0xe58587, 0xe5858a, 0xe5858c, 0xe5858e,
    0xe5858f, 0xe58590, 0xe58592, 0xe58593, 0xe58597, 0xe58598, 0xe58599, 0xe5859b, 0xe5859d,
    0xe5859e, 0xe5859f, 0xe585a0, 0xe585a1, 0xe585a3, 0xe585a4, 0xe585a6, 0xe585a7, 0xe585a9,
    0xe585aa, 0xe585af, 0xe585b2, 0xe585ba, 0xe585be, 0xe585bf, 0xe58683, 0xe58684, 0xe58686,
    0xe58687, 0xe5868a, 0xe5868b, 0xe5868e, 0xe5868f, 0xe58690, 0xe58691, 0xe58693, 0xe58694,
    0xe58698, 0xe5869a, 0xe5869d, 0xe5869e, 0xe5869f, 0xe586a1, 0xe586a3, 0xe586a6, 0xe586a7,
    0xe586a8, 0xe586a9, 0xe586aa, 0xe586ad, 0xe586ae, 0xe586b4, 0xe586b8, 0xe586b9, 0xe586ba,
    0xe586be, 0xe586bf, 0xe58781, 0xe58782, 0xe58783, 0xe58785, 0xe58788, 0xe5878a, 0xe5878d,
    0xe5878e, 0xe58790, 0xe58792, 0xe58793, 0xe58794, 0xe58795, 0xe58796, 0xe58797, 0xe58798,
    0xe58799, 0xe5879a, 0xe5879c, 0xe5879e, 0xe5879f, 0xe587a2, 0xe587a3, 0xe587a5, 0xe587a6,
    0xe587a7, 0xe587a8, 0xe587a9, 0xe587aa, 0xe587ac, 0xe587ae, 0xe587b1, 0xe587b2, 0xe587b4,
    0xe587b7, 0xe587be, 0xe58884, 0xe58885, 0xe58889, 0xe5888b, 0xe5888c, 0xe5888f, 0xe58890,
    0xe58893, 0xe58894, 0xe58895, 0xe5889c, 0xe5889e, 0xe5889f, 0xe588a1, 0xe588a2, 0xe588a3,
    0xe588a5, 0xe588a6, 0xe588a7, 0xe588aa, 0xe588ac, 0xe588af, 0xe588b1, 0xe588b2, 0xe588b4,
    0xe588b5, 0xe588bc, 0xe588be, 0xe58984, 0xe58985, 0xe58986, 0xe58987, 0xe58988, 0xe58989,
    0xe5898b, 0xe5898e, 0xe5898f, 0xe58992, 0xe58993, 0xe58995, 0xe58997, 0xe58998, 0x000000,
    0xe58999, 0xe5899a, 0xe5899b, 0xe5899d, 0xe5899f, 0xe589a0, 0xe589a2, 0xe589a3, 0xe589a4,
    0xe589a6, 0xe589a8, 0xe589ab, 0xe589ac, 0xe589ad, 0xe589ae, 0xe589b0, 0xe589b1, 0xe589b3,
    0xe589b4, 0xe589b5, 0xe589b6, 0xe589b7, 0xe589b8, 0xe589b9, 0xe589ba, 0xe589bb, 0xe589bc,
    0xe589be, 0xe58a80, 0xe58a83, 0xe58a84, 0xe58a85, 0xe58a86, 0xe58a87, 0xe58a89, 0xe58a8a,
    0xe58a8b, 0xe58a8c, 0xe58a8d, 0xe58a8e, 0xe58a8f, 0xe58a91, 0xe58a92, 0xe58a94, 0xe58a95,
    0xe58a96, 0xe58a97, 0xe58a98, 0xe58a99, 0xe58a9a, 0xe58a9c, 0xe58aa4, 0xe58aa5, 0xe58aa6,
    0xe58aa7, 0xe58aae, 0xe58aaf, 0xe58ab0, 0xe58ab4, 0xe58ab5, 0xe58ab6, 0xe58ab7, 0xe58ab8,
    0xe58ab9, 0xe58aba, 0xe58abb, 0xe58abc, 0xe58abd, 0xe58b80, 0xe58b81, 0xe58b82, 0xe58b84,
    0xe58b85, 0xe58b86, 0xe58b88, 0xe58b8a, 0xe58b8c, 0xe58b8d, 0xe58b8e, 0xe58b8f, 0xe58b91,
    0xe58b93, 0xe58b94, 0xe58b95, 0xe58b97, 0xe58b99, 0xe58b9a, 0xe58b9b, 0xe58b9c, 0xe58b9d,
    0xe58b9e, 0xe58ba0, 0xe58ba1, 0xe58ba2, 0xe58ba3, 0xe58ba5, 0xe58ba6, 0xe58ba7, 0xe58ba8,
    0xe58ba9, 0xe58baa, 0xe58bab, 0xe58bac, 0xe58bad, 0xe58bae, 0xe58baf, 0xe58bb1, 0xe58bb2,
    0xe58bb3, 0xe58bb4, 0xe58bb5, 0xe58bb6, 0xe58bb7, 0xe58bb8, 0xe58bbb, 0xe58bbc, 0xe58bbd,
    0xe58c81, 0xe58c82, 0xe58c83, 0xe58c84, 0xe58c87, 0xe58c89, 0xe58c8a, 0xe58c8b, 0xe58c8c,
    0xe58c8e, 0xe58c91, 0xe58c92, 0xe58c93, 0xe58c94, 0xe58c98, 0xe58c9b, 0xe58c9c, 0xe58c9e,
    0xe58c9f, 0xe58ca2, 0xe58ca4, 0xe58ca5, 0xe58ca7, 0xe58ca8, 0xe58ca9, 0xe58cab, 0xe58cac,
    0xe58cad, 0xe58caf, 0xe58cb0, 0xe58cb1, 0xe58cb2, 0xe58cb3, 0xe58cb4, 0xe58cb5, 0xe58cb6,
    0xe58cb7, 0xe58cb8, 0xe58cbc, 0xe58cbd, 0xe58d80, 0xe58d82, 0xe58d84, 0xe58d86, 0xe58d8b,
    0xe58d8c, 0xe58d8d, 0xe58d90, 0xe58d94, 0xe58d98, 0xe58d99, 0xe58d9b, 0xe58d9d, 0xe58da5,
    0xe58da8, 0xe58daa, 0xe58dac, 0xe58dad, 0xe58db2, 0xe58db6, 0xe58db9, 0xe58dbb, 0xe58dbc,
    0xe58dbd, 0xe58dbe, 0xe58e80, 0xe58e81, 0xe58e83, 0xe58e87, 0xe58e88, 0xe58e8a, 0xe58e8e,
    0xe58e8f, 0x000000, 0xe58e90, 0xe58e91, 0xe58e92, 0xe58e93, 0xe58e94, 0xe58e96, 0xe58e97,
    0xe58e99, 0xe58e9b, 0xe58e9c, 0xe58e9e, 0xe58ea0, 0xe58ea1, 0xe58ea4, 0xe58ea7, 0xe58eaa,
    0xe58eab, 0xe58eac, 0xe58ead, 0xe58eaf, 0xe58eb0, 0xe58eb1, 0xe58eb2, 0xe58eb3, 0xe58eb4,
    0xe58eb5, 0xe58eb7, 0xe58eb8, 0xe58eb9, 0xe58eba, 0xe58ebc, 0xe58ebd, 0xe58ebe, 0xe58f80,
    0xe58f83, 0xe58f84, 0xe58f85, 0xe58f86, 0xe58f87, 0xe58f8e, 0xe58f8f, 0xe58f90, 0xe58f92,
    0xe58f93, 0xe58f95, 0xe58f9a, 0xe58f9c, 0xe58f9d, 0xe58f9e, 0xe58fa1, 0xe58fa2, 0xe58fa7,
    0xe58fb4, 0xe58fba, 0xe58fbe, 0xe58fbf, 0xe59080, 0xe59082, 0xe59085, 0xe59087, 0xe5908b,
    0xe59094, 0xe59098, 0xe59099, 0xe5909a, 0xe5909c, 0xe590a2, 0xe590a4, 0xe590a5, 0xe590aa,
    0xe590b0, 0xe590b3, 0xe590b6, 0xe590b7, 0xe590ba, 0xe590bd, 0xe590bf, 0xe59181, 0xe59182,
    0xe59184, 0xe59185, 0xe59187, 0xe59189, 0xe5918c, 0xe5918d, 0xe5918e, 0xe5918f, 0xe59191,
    0xe5919a, 0xe5919d, 0xe5919e, 0xe5919f, 0xe591a0, 0xe591a1, 0xe591a3, 0xe591a5, 0xe591a7,
    0xe591a9, 0xe591aa, 0xe591ab, 0xe591ac, 0xe591ad, 0xe591ae, 0xe591af, 0xe591b0, 0xe591b4,
    0xe591b9, 0xe591ba, 0xe591be, 0xe591bf, 0xe59281, 0xe59283, 0xe59285, 0xe59287, 0xe59288,
    0xe59289, 0xe5928a, 0xe5928d, 0xe59291, 0xe59293, 0xe59297, 0xe59298, 0xe5929c, 0xe5929e,
    0xe5929f, 0xe592a0, 0xe592a1, 0xe592a2, 0xe592a5, 0xe592ae, 0xe592b0, 0xe592b2, 0xe592b5,
    0xe592b6, 0xe592b7, 0xe592b9, 0xe592ba, 0xe592bc, 0xe592be, 0xe59383, 0xe59385, 0xe5938a,
    0xe5938b, 0xe59396, 0xe59398, 0xe5939b, 0xe593a0, 0xe593a1, 0xe593a2, 0xe593a3, 0xe593a4,
    0xe593ab, 0xe593ac, 0xe593af, 0xe593b0, 0xe593b1, 0xe593b4, 0xe593b5, 0xe593b6, 0xe593b7,
    0xe593b8, 0xe593b9, 0xe593bb, 0xe593be, 0xe59480, 0xe59482, 0xe59483, 0xe59484, 0xe59485,
    0xe59488, 0xe5948a, 0xe5948b, 0xe5948c, 0xe5948d, 0xe5948e, 0xe59492, 0xe59493, 0xe59495,
    0xe59496, 0xe59497, 0xe59498, 0xe59499, 0xe5949a, 0xe5949c, 0xe5949d, 0xe5949e, 0xe5949f,
    0xe594a1, 0xe594a5, 0xe594a6, 0x000000, 0xe594a8, 0xe594a9, 0xe594ab, 0xe594ad, 0xe594b2,
    0xe594b4, 0xe594b5, 0xe594b6, 0xe594b8, 0xe594b9, 0xe594ba, 0xe594bb, 0xe594bd, 0xe59580,
    0xe59582, 0xe59585, 0xe59587, 0xe59588, 0xe5958b, 0xe5958c, 0xe5958d, 0xe5958e, 0xe5958f,
    0xe59591, 0xe59592, 0xe59593, 0xe59594, 0xe59597, 0xe59598, 0xe59599, 0xe5959a, 0xe5959b,
    0xe5959d, 0xe5959e, 0xe5959f, 0xe595a0, 0xe595a2, 0xe595a3, 0xe595a8, 0xe595a9, 0xe595ab,
    0xe595af, 0xe595b0, 0xe595b1, 0xe595b2, 0xe595b3, 0xe595b4, 0xe595b9, 0xe595ba, 0xe595bd,
    0xe595bf, 0xe59685, 0xe59686, 0xe5968c, 0xe5968d, 0xe5968e, 0xe59690, 0xe59692, 0xe59693,
    0xe59695, 0xe59696, 0xe59697, 0xe5969a, 0xe5969b, 0xe5969e, 0xe596a0, 0xe596a1, 0xe596a2,
    0xe596a3, 0xe596a4, 0xe596a5, 0xe596a6, 0xe596a8, 0xe596a9, 0xe596aa, 0xe596ab, 0xe596ac,
    0xe596ad, 0xe596ae, 0xe596af, 0xe596b0, 0xe596b2, 0xe596b4, 0xe596b6, 0xe596b8, 0xe596ba,
    0xe596bc, 0xe596bf, 0xe59780, 0xe59781, 0xe59782, 0xe59783, 0xe59786, 0xe59787, 0xe59788,
    0xe5978a, 0xe5978b, 0xe5978e, 0xe5978f, 0xe59790, 0xe59795, 0xe59797, 0xe59798, 0xe59799,
    0xe5979a, 0xe5979b, 0xe5979e, 0xe597a0, 0xe597a2, 0xe597a7, 0xe597a9, 0xe597ad, 0xe597ae,
    0xe597b0, 0xe597b1, 0xe597b4, 0xe597b6, 0xe597b8, 0xe597b9, 0xe597ba, 0xe597bb, 0xe597bc,
    0xe597bf, 0xe59882, 0xe59883, 0xe59884, 0xe59885, 0xe59886, 0xe59887, 0xe5988a, 0xe5988b,
    0xe5988d, 0xe59890, 0xe59891, 0xe59892, 0xe59893, 0xe59894, 0xe59895, 0xe59896, 0xe59897,
    0xe59899, 0xe5989a, 0xe5989c, 0xe5989d, 0xe598a0, 0xe598a1, 0xe598a2, 0xe598a5, 0xe598a6,
    0xe598a8, 0xe598a9, 0xe598aa, 0xe598ab, 0xe598ae, 0xe598af, 0xe598b0, 0xe598b3, 0xe598b5,
    0xe598b7, 0xe598b8, 0xe598ba, 0xe598bc, 0xe598bd, 0xe598be, 0xe59980, 0xe59981, 0xe59982,
    0xe59983, 0xe59984, 0xe59985, 0xe59986, 0xe59987, 0xe59988, 0xe59989, 0xe5998a, 0xe5998b,
    0xe5998f, 0xe59990, 0xe59991, 0xe59992, 0xe59993, 0xe59995, 0xe59996, 0xe5999a, 0xe5999b,
    0xe5999d, 0xe5999e, 0xe5999f, 0xe599a0, 0xe599a1, 0x000000, 0xe599a3, 0xe599a5, 0xe599a6,
    0xe599a7, 0xe599ad, 0xe599ae, 0xe599af, 0xe599b0, 0xe599b2, 0xe599b3, 0xe599b4, 0xe599b5,
    0xe599b7, 0xe599b8, 0xe599b9, 0xe599ba, 0xe599bd, 0xe599be, 0xe599bf, 0xe59a80, 0xe59a81,
    0xe59a82, 0xe59a83, 0xe59a84, 0xe59a87, 0xe59a88, 0xe59a89, 0xe59a8a, 0xe59a8b, 0xe59a8c,
    0xe59a8d, 0xe59a90, 0xe59a91, 0xe59a92, 0xe59a94, 0xe59a95, 0xe59a96, 0xe59a97, 0xe59a98,
    0xe59a99, 0xe59a9a, 0xe59a9b, 0xe59a9c, 0xe59a9d, 0xe59a9e, 0xe59a9f, 0xe59aa0, 0xe59aa1,
    0xe59aa2, 0xe59aa4, 0xe59aa5, 0xe59aa6, 0xe59aa7, 0xe59aa8, 0xe59aa9, 0xe59aaa, 0xe59aab,
    0xe59aac, 0xe59aad, 0xe59aae, 0xe59ab0, 0xe59ab1, 0xe59ab2, 0xe59ab3, 0xe59ab4, 0xe59ab5,
    0xe59ab6, 0xe59ab8, 0xe59ab9, 0xe59aba, 0xe59abb, 0xe59abd, 0xe59abe, 0xe59abf, 0xe59b80,
    0xe59b81, 0xe59b82, 0xe59b83, 0xe59b84, 0xe59b85, 0xe59b86, 0xe59b87, 0xe59b88, 0xe59b89,
    0xe59b8b, 0xe59b8c, 0xe59b8d, 0xe59b8e, 0xe59b8f, 0xe59b90, 0xe59b91, 0xe59b92, 0xe59b93,
    0xe59b95, 0xe59b96, 0xe59b98, 0xe59b99, 0xe59b9c, 0xe59ba3, 0xe59ba5, 0xe59ba6, 0xe59ba7,
    0xe59ba8, 0xe59ba9, 0xe59baa, 0xe59bac, 0xe59bae, 0xe59baf, 0xe59bb2, 0xe59bb3, 0xe59bb6,
    0xe59bb7, 0xe59bb8, 0xe59bbb, 0xe59bbc, 0xe59c80, 0xe59c81, 0xe59c82, 0xe59c85, 0xe59c87,
    0xe59c8b, 0xe59c8c, 0xe59c8d, 0xe59c8e, 0xe59c8f, 0xe59c90, 0xe59c91, 0xe59c92, 0xe59c93,
    0xe59c94, 0xe59c95, 0xe59c96, 0xe59c97, 0xe59c98, 0xe59c99, 0xe59c9a, 0xe59c9b, 0xe59c9d,
    0xe59c9e, 0xe59ca0, 0xe59ca1, 0xe59ca2, 0xe59ca4, 0xe59ca5, 0xe59ca6, 0xe59ca7, 0xe59cab,
    0xe59cb1, 0xe59cb2, 0xe59cb4, 0xe59cb5, 0xe59cb6, 0xe59cb7, 0xe59cb8, 0xe59cbc, 0xe59cbd,
    0xe59cbf, 0xe59d81, 0xe59d83, 0xe59d84, 0xe59d85, 0xe59d86, 0xe59d88, 0xe59d89, 0xe59d8b,
    0xe59d92, 0xe59d93, 0xe59d94, 0xe59d95, 0xe59d96, 0xe59d98, 0xe59d99, 0xe59da2, 0xe59da3,
    0xe59da5, 0xe59da7, 0xe59dac, 0xe59dae, 0xe59db0, 0xe59db1, 0xe59db2, 0xe59db4, 0xe59db5,
    0xe59db8, 0xe59db9, 0xe59dba, 0xe59dbd, 0xe59dbe, 0xe59dbf, 0xe59e80, 0x000000, 0xe59e81,
    0xe59e87, 0xe59e88, 0xe59e89, 0xe59e8a, 0xe59e8d, 0xe59e8e, 0xe59e8f, 0xe59e90, 0xe59e91,
    0xe59e94, 0xe59e95, 0xe59e96, 0xe59e97, 0xe59e98, 0xe59e99, 0xe59e9a, 0xe59e9c, 0xe59e9d,
    0xe59e9e, 0xe59e9f, 0xe59ea5, 0xe59ea8, 0xe59eaa, 0xe59eac, 0xe59eaf, 0xe59eb0, 0xe59eb1,
    0xe59eb3, 0xe59eb5, 0xe59eb6, 0xe59eb7, 0xe59eb9, 0xe59eba, 0xe59ebb, 0xe59ebc, 0xe59ebd,
    0xe59ebe, 0xe59ebf, 0xe59f80, 0xe59f81, 0xe59f84, 0xe59f85, 0xe59f86, 0xe59f87, 0xe59f88,
    0xe59f89, 0xe59f8a, 0xe59f8c, 0xe59f8d, 0xe59f90, 0xe59f91, 0xe59f93, 0xe59f96, 0xe59f97,
    0xe59f9b, 0xe59f9c, 0xe59f9e, 0xe59fa1, 0xe59fa2, 0xe59fa3, 0xe59fa5, 0xe59fa6, 0xe59fa7,
    0xe59fa8, 0xe59fa9, 0xe59faa, 0xe59fab, 0xe59fac, 0xe59fae, 0xe59fb0, 0xe59fb1, 0xe59fb2,
    0xe59fb3, 0xe59fb5, 0xe59fb6, 0xe59fb7, 0xe59fbb, 0xe59fbc, 0xe59fbe, 0xe59fbf, 0xe5a081,
    0xe5a083, 0xe5a084, 0xe5a085, 0xe5a088, 0xe5a089, 0xe5a08a, 0xe5a08c, 0xe5a08e, 0xe5a08f,
    0xe5a090, 0xe5a092, 0xe5a093, 0xe5a094, 0xe5a096, 0xe5a097, 0xe5a098, 0xe5a09a, 0xe5a09b,
    0xe5a09c, 0xe5a09d, 0xe5a09f, 0xe5a0a2, 0xe5a0a3, 0xe5a0a5, 0xe5a0a6, 0xe5a0a7, 0xe5a0a8,
    0xe5a0a9, 0xe5a0ab, 0xe5a0ac, 0xe5a0ad, 0xe5a0ae, 0xe5a0af, 0xe5a0b1, 0xe5a0b2, 0xe5a0b3,
    0xe5a0b4, 0xe5a0b6, 0xe5a0b7, 0xe5a0b8, 0xe5a0b9, 0xe5a0ba, 0xe5a0bb, 0xe5a0bc, 0xe5a0bd,
    0xe5a0be, 0xe5a0bf, 0xe5a180, 0xe5a181, 0xe5a182, 0xe5a183, 0xe5a185, 0xe5a186, 0xe5a187,
    0xe5a188, 0xe5a189, 0xe5a18a, 0xe5a18b, 0xe5a18e, 0xe5a18f, 0xe5a190, 0xe5a192, 0xe5a193,
    0xe5a195, 0xe5a196, 0xe5a197, 0xe5a199, 0xe5a19a, 0xe5a19b, 0xe5a19c, 0xe5a19d, 0xe5a19f,
    0xe5a1a0, 0xe5a1a1, 0xe5a1a2, 0xe5a1a3, 0xe5a1a4, 0xe5a1a6, 0xe5a1a7, 0xe5a1a8, 0xe5a1a9,
    0xe5a1aa, 0xe5a1ad, 0xe5a1ae, 0xe5a1af, 0xe5a1b0, 0xe5a1b1, 0xe5a1b2, 0xe5a1b3, 0xe5a1b4,
    0xe5a1b5, 0xe5a1b6, 0xe5a1b7, 0xe5a1b8, 0xe5a1b9, 0xe5a1ba, 0xe5a1bb, 0xe5a1bc, 0xe5a1bd,
    0xe5a1bf, 0xe5a282, 0xe5a284, 0xe5a286, 0xe5a287, 0xe5a288, 0xe5a28a, 0xe5a28b, 0xe5a28c,
    0x000000, 0xe5a28d, 0xe5a28e, 0xe5a28f, 0xe5a290, 0xe5a291, 0xe5a294, 0xe5a295, 0xe5a296,
    0xe5a297, 0xe5a298, 0xe5a29b, 0xe5a29c, 0xe5a29d, 0xe5a2a0, 0xe5a2a1, 0xe5a2a2, 0xe5a2a3,
    0xe5a2a4, 0xe5a2a5, 0xe5a2a6, 0xe5a2a7, 0xe5a2aa, 0xe5a2ab, 0xe5a2ac, 0xe5a2ad, 0xe5a2ae,
    0xe5a2af, 0xe5a2b0, 0xe5a2b1, 0xe5a2b2, 0xe5a2b3, 0xe5a2b4, 0xe5a2b5, 0xe5a2b6, 0xe5a2b7,
    0xe5a2b8, 0xe5a2b9, 0xe5a2ba, 0xe5a2bb, 0xe5a2bd, 0xe5a2be, 0xe5a2bf, 0xe5a380, 0xe5a382,
    0xe5a383, 0xe5a384, 0xe5a386, 0xe5a387, 0xe5a388, 0xe5a389, 0xe5a38a, 0xe5a38b, 0xe5a38c,
    0xe5a38d, 0xe5a38e, 0xe5a38f, 0xe5a390, 0xe5a392, 0xe5a393, 0xe5a394, 0xe5a396, 0xe5a397,
    0xe5a398, 0xe5a399, 0xe5a39a, 0xe5a39b, 0xe5a39c, 0xe5a39d, 0xe5a39e, 0xe5a39f, 0xe5a3a0,
    0xe5a3a1, 0xe5a3a2, 0xe5a3a3, 0xe5a3a5, 0xe5a3a6, 0xe5a3a7, 0xe5a3a8, 0xe5a3a9, 0xe5a3aa,
    0xe5a3ad, 0xe5a3af, 0xe5a3b1, 0xe5a3b2, 0xe5a3b4, 0xe5a3b5, 0xe5a3b7, 0xe5a3b8, 0xe5a3ba,
    0xe5a3bb, 0xe5a3bc, 0xe5a3bd, 0xe5a3be, 0xe5a3bf, 0xe5a480, 0xe5a481, 0xe5a483, 0xe5a485,
    0xe5a486, 0xe5a488, 0xe5a489, 0xe5a48a, 0xe5a48b, 0xe5a48c, 0xe5a48e, 0xe5a490, 0xe5a491,
    0xe5a492, 0xe5a493, 0xe5a497, 0xe5a498, 0xe5a49b, 0xe5a49d, 0xe5a49e, 0xe5a4a0, 0xe5a4a1,
    0xe5a4a2, 0xe5a4a3, 0xe5a4a6, 0xe5a4a8, 0xe5a4ac, 0xe5a4b0, 0xe5a4b2, 0xe5a4b3, 0xe5a4b5,
    0xe5a4b6, 0xe5a4bb, 0xe5a4bd, 0xe5a4be, 0xe5a4bf, 0xe5a580, 0xe5a583, 0xe5a585, 0xe5a586,
    0xe5a58a, 0xe5a58c, 0xe5a58d, 0xe5a590, 0xe5a592, 0xe5a593, 0xe5a599, 0xe5a59b, 0xe5a59c,
    0xe5a59d, 0xe5a59e, 0xe5a59f, 0xe5a5a1, 0xe5a5a3, 0xe5a5a4, 0xe5a5a6, 0xe5a5a7, 0xe5a5a8,
    0xe5a5a9, 0xe5a5aa, 0xe5a5ab, 0xe5a5ac, 0xe5a5ad, 0xe5a5ae, 0xe5a5af, 0xe5a5b0, 0xe5a5b1,
    0xe5a5b2, 0xe5a5b5, 0xe5a5b7, 0xe5a5ba, 0xe5a5bb, 0xe5a5bc, 0xe5a5be, 0xe5a5bf, 0xe5a680,
    0xe5a685, 0xe5a689, 0xe5a68b, 0xe5a68c, 0xe5a68e, 0xe5a68f, 0xe5a690, 0xe5a691, 0xe5a694,
    0xe5a695, 0xe5a698, 0xe5a69a, 0xe5a69b, 0xe5a69c, 0xe5a69d, 0xe5a69f, 0xe5a6a0, 0xe5a6a1,
    0xe5a6a2, 0xe5a6a6, 0x000000, 0xe5a6a7, 0xe5a6ac, 0xe5a6ad, 0xe5a6b0, 0xe5a6b1, 0xe5a6b3,
    0xe5a6b4, 0xe5a6b5, 0xe5a6b6, 0xe5a6b7, 0xe5a6b8, 0xe5a6ba, 0xe5a6bc, 0xe5a6bd, 0xe5a6bf,
    0xe5a780, 0xe5a781, 0xe5a782, 0xe5a783, 0xe5a784, 0xe5a785, 0xe5a787, 0xe5a788, 0xe5a789,
    0xe5a78c, 0xe5a78d, 0xe5a78e, 0xe5a78f, 0xe5a795, 0xe5a796, 0xe5a799, 0xe5a79b, 0xe5a79e,
    0xe5a79f, 0xe5a7a0, 0xe5a7a1, 0xe5a7a2, 0xe5a7a4, 0xe5a7a6, 0xe5a7a7, 0xe5a7a9, 0xe5a7aa,
    0xe5a7ab, 0xe5a7ad, 0xe5a7ae, 0xe5a7af, 0xe5a7b0, 0xe5a7b1, 0xe5a7b2, 0xe5a7b3, 0xe5a7b4,
    0xe5a7b5, 0xe5a7b6, 0xe5a7b7, 0xe5a7b8, 0xe5a7ba, 0xe5a7bc, 0xe5a7bd, 0xe5a7be, 0xe5a880,
    0xe5a882, 0xe5a88a, 0xe5a88b, 0xe5a88d, 0xe5a88e, 0xe5a88f, 0xe5a890, 0xe5a892, 0xe5a894,
    0xe5a895, 0xe5a896, 0xe5a897, 0xe5a899, 0xe5a89a, 0xe5a89b, 0xe5a89d, 0xe5a89e, 0xe5a8a1,
    0xe5a8a2, 0xe5a8a4, 0xe5a8a6, 0xe5a8a7, 0xe5a8a8, 0xe5a8aa, 0xe5a8ab, 0xe5a8ac, 0xe5a8ad,
    0xe5a8ae, 0xe5a8af, 0xe5a8b0, 0xe5a8b3, 0xe5a8b5, 0xe5a8b7, 0xe5a8b8, 0xe5a8b9, 0xe5a8ba,
    0xe5a8bb, 0xe5a8bd, 0xe5a8be, 0xe5a8bf, 0xe5a981, 0xe5a982, 0xe5a983, 0xe5a984, 0xe5a985,
    0xe5a987, 0xe5a988, 0xe5a98b, 0xe5a98c, 0xe5a98d, 0xe5a98e, 0xe5a98f, 0xe5a990, 0xe5a991,
    0xe5a992, 0xe5a993, 0xe5a994, 0xe5a996, 0xe5a997, 0xe5a998, 0xe5a999, 0xe5a99b, 0xe5a99c,
    0xe5a99d, 0xe5a99e, 0xe5a99f, 0xe5a9a0, 0xe5a9a1, 0xe5a9a3, 0xe5a9a4, 0xe5a9a5, 0xe5a9a6,
    0xe5a9a8, 0xe5a9a9, 0xe5a9ab, 0xe5a9ac, 0xe5a9ad, 0xe5a9ae, 0xe5a9af, 0xe5a9b0, 0xe5a9b1,
    0xe5a9b2, 0xe5a9b3, 0xe5a9b8, 0xe5a9b9, 0xe5a9bb, 0xe5a9bc, 0xe5a9bd, 0xe5a9be, 0xe5aa80,
    0xe5aa81, 0xe5aa82, 0xe5aa83, 0xe5aa84, 0xe5aa85, 0xe5aa86, 0xe5aa87, 0xe5aa88, 0xe5aa89,
    0xe5aa8a, 0xe5aa8b, 0xe5aa8c, 0xe5aa8d, 0xe5aa8e, 0xe5aa8f, 0xe5aa90, 0xe5aa91, 0xe5aa93,
    0xe5aa94, 0xe5aa95, 0xe5aa96, 0xe5aa97, 0xe5aa98, 0xe5aa99, 0xe5aa9c, 0xe5aa9d, 0xe5aa9e,
    0xe5aa9f, 0xe5aaa0, 0xe5aaa1, 0xe5aaa2, 0xe5aaa3, 0xe5aaa4, 0xe5aaa5, 0xe5aaa6, 0xe5aaa7,
    0xe5aaa8, 0xe5aaa9, 0xe5aaab, 0xe5aaac, 0x000000, 0xe5aaad, 0xe5aaae, 0xe5aaaf, 0xe5aab0,
    0xe5aab1, 0xe5aab4, 0xe5aab6, 0xe5aab7, 0xe5aab9, 0xe5aaba, 0xe5aabb, 0xe5aabc, 0xe5aabd,
    0xe5aabf, 0xe5ab80, 0xe5ab83, 0xe5ab84, 0xe5ab85, 0xe5ab86, 0xe5ab87, 0xe5ab88, 0xe5ab8a,
    0xe5ab8b, 0xe5ab8d, 0xe5ab8e, 0xe5ab8f, 0xe5ab90, 0xe5ab91, 0xe5ab93, 0xe5ab95, 0xe5ab97,
    0xe5ab99, 0xe5ab9a, 0xe5ab9b, 0xe5ab9d, 0xe5ab9e, 0xe5ab9f, 0xe5aba2, 0xe5aba4, 0xe5aba5,
    0xe5aba7, 0xe5aba8, 0xe5abaa, 0xe5abac, 0xe5abad, 0xe5abae, 0xe5abaf, 0xe5abb0, 0xe5abb2,
    0xe5abb3, 0xe5abb4, 0xe5abb5, 0xe5abb6, 0xe5abb7, 0xe5abb8, 0xe5abb9, 0xe5abba, 0xe5abbb,
    0xe5abbc, 0xe5abbd, 0xe5abbe, 0xe5abbf, 0xe5ac80, 0xe5ac81, 0xe5ac82, 0xe5ac83, 0xe5ac84,
    0xe5ac85, 0xe5ac86, 0xe5ac87, 0xe5ac88, 0xe5ac8a, 0xe5ac8b, 0xe5ac8c, 0xe5ac8d, 0xe5ac8e,
    0xe5ac8f, 0xe5ac90, 0xe5ac91, 0xe5ac92, 0xe5ac93, 0xe5ac94, 0xe5ac95, 0xe5ac98, 0xe5ac99,
    0xe5ac9a, 0xe5ac9b, 0xe5ac9c, 0xe5ac9d, 0xe5ac9e, 0xe5ac9f, 0xe5aca0, 0xe5aca1, 0xe5aca2,
    0xe5aca3, 0xe5aca4, 0xe5aca5, 0xe5aca6, 0xe5aca7, 0xe5aca8, 0xe5aca9, 0xe5acaa, 0xe5acab,
    0xe5acac, 0xe5acad, 0xe5acae, 0xe5acaf, 0xe5acb0, 0xe5acb1, 0xe5acb3, 0xe5acb5, 0xe5acb6,
    0xe5acb8, 0xe5acb9, 0xe5acba, 0xe5acbb, 0xe5acbc, 0xe5acbd, 0xe5acbe, 0xe5acbf, 0xe5ad81,
    0xe5ad82, 0xe5ad83, 0xe5ad84, 0xe5ad85, 0xe5ad86, 0xe5ad87, 0xe5ad88, 0xe5ad89, 0xe5ad8a,
    0xe5ad8b, 0xe5ad8c, 0xe5ad8d, 0xe5ad8e, 0xe5ad8f, 0xe5ad92, 0xe5ad96, 0xe5ad9e, 0xe5ada0,
    0xe5ada1, 0xe5ada7, 0xe5ada8, 0xe5adab, 0xe5adad, 0xe5adae, 0xe5adaf, 0xe5adb2, 0xe5adb4,
    0xe5adb6, 0xe5adb7, 0xe5adb8, 0xe5adb9, 0xe5adbb, 0xe5adbc, 0xe5adbe, 0xe5adbf, 0xe5ae82,
    0xe5ae86, 0xe5ae8a, 0xe5ae8d, 0xe5ae8e, 0xe5ae90, 0xe5ae91, 0xe5ae92, 0xe5ae94, 0xe5ae96,
    0xe5ae9f, 0xe5aea7, 0xe5aea8, 0xe5aea9, 0xe5aeac, 0xe5aead, 0xe5aeae, 0xe5aeaf, 0xe5aeb1,
    0xe5aeb2, 0xe5aeb7, 0xe5aeba, 0xe5aebb, 0xe5aebc, 0xe5af80, 0xe5af81, 0xe5af83, 0xe5af88,
    0xe5af89, 0xe5af8a, 0xe5af8b, 0xe5af8d, 0xe5af8e, 0xe5af8f, 0x000000, 0xe5af91, 0xe5af94,
    0xe5af95, 0xe5af96, 0xe5af97, 0xe5af98, 0xe5af99, 0xe5af9a, 0xe5af9b, 0xe5af9c, 0xe5afa0,
    0xe5afa2, 0xe5afa3, 0xe5afa6, 0xe5afa7, 0xe5afa9, 0xe5afaa, 0xe5afab, 0xe5afac, 0xe5afad,
    0xe5afaf, 0xe5afb1, 0xe5afb2, 0xe5afb3, 0xe5afb4, 0xe5afb5, 0xe5afb6, 0xe5afb7, 0xe5afbd,
    0xe5afbe, 0xe5b080, 0xe5b082, 0xe5b083, 0xe5b085, 0xe5b087, 0xe5b088, 0xe5b08b, 0xe5b08c,
    0xe5b08d, 0xe5b08e, 0xe5b090, 0xe5b092, 0xe5b093, 0xe5b097, 0xe5b099, 0xe5b09b, 0xe5b09e,
    0xe5b09f, 0xe5b0a0, 0xe5b0a1, 0xe5b0a3, 0xe5b0a6, 0xe5b0a8, 0xe5b0a9, 0xe5b0aa, 0xe5b0ab,
    0xe5b0ad, 0xe5b0ae, 0xe5b0af, 0xe5b0b0, 0xe5b0b2, 0xe5b0b3, 0xe5b0b5, 0xe5b0b6, 0xe5b0b7,
    0xe5b183, 0xe5b184, 0xe5b186, 0xe5b187, 0xe5b18c, 0xe5b18d, 0xe5b192, 0xe5b193, 0xe5b194,
    0xe5b196, 0xe5b197, 0xe5b198, 0xe5b19a, 0xe5b19b, 0xe5b19c, 0xe5b19d, 0xe5b19f, 0xe5b1a2,
    0xe5b1a4, 0xe5b1a7, 0xe5b1a8, 0xe5b1a9, 0xe5b1aa, 0xe5b1ab, 0xe5b1ac, 0xe5b1ad, 0xe5b1b0,
    0xe5b1b2, 0xe5b1b3, 0xe5b1b4, 0xe5b1b5, 0xe5b1b6, 0xe5b1b7, 0xe5b1b8, 0xe5b1bb, 0xe5b1bc,
    0xe5b1bd, 0xe5b1be, 0xe5b280, 0xe5b283, 0xe5b284, 0xe5b285, 0xe5b286, 0xe5b287, 0xe5b289,
    0xe5b28a, 0xe5b28b, 0xe5b28e, 0xe5b28f, 0xe5b292, 0xe5b293, 0xe5b295, 0xe5b29d, 0xe5b29e,
    0xe5b29f, 0xe5b2a0, 0xe5b2a1, 0xe5b2a4, 0xe5b2a5, 0xe5b2a6, 0xe5b2a7, 0xe5b2a8, 0xe5b2aa,
    0xe5b2ae, 0xe5b2af, 0xe5b2b0, 0xe5b2b2, 0xe5b2b4, 0xe5b2b6, 0xe5b2b9, 0xe5b2ba, 0xe5b2bb,
    0xe5b2bc, 0xe5b2be, 0xe5b380, 0xe5b382, 0xe5b383, 0xe5b385, 0xe5b386, 0xe5b387, 0xe5b388,
    0xe5b389, 0xe5b38a, 0xe5b38c, 0xe5b38d, 0xe5b38e, 0xe5b38f, 0xe5b390, 0xe5b391, 0xe5b393,
    0xe5b394, 0xe5b395, 0xe5b396, 0xe5b397, 0xe5b398, 0xe5b39a, 0xe5b39b, 0xe5b39c, 0xe5b39d,
    0xe5b39e, 0xe5b39f, 0xe5b3a0, 0xe5b3a2, 0xe5b3a3, 0xe5b3a7, 0xe5b3a9, 0xe5b3ab, 0xe5b3ac,
    0xe5b3ae, 0xe5b3af, 0xe5b3b1, 0xe5b3b2, 0xe5b3b3, 0xe5b3b4, 0xe5b3b5, 0xe5b3b6, 0xe5b3b7,
    0xe5b3b8, 0xe5b3b9, 0xe5b3ba, 0xe5b3bc, 0xe5b3bd, 0xe5b3be, 0xe5b3bf, 0xe5b480, 0x000000,
    0xe5b481, 0xe5b484, 0xe5b485, 0xe5b488, 0xe5b489, 0xe5b48a, 0xe5b48b, 0xe5b48c, 0xe5b48d,
    0xe5b48f, 0xe5b490, 0xe5b491, 0xe5b492, 0xe5b493, 0xe5b495, 0xe5b497, 0xe5b498, 0xe5b499,
    0xe5b49a, 0xe5b49c, 0xe5b49d, 0xe5b49f, 0xe5b4a0, 0xe5b4a1, 0xe5b4a2, 0xe5b4a3, 0xe5b4a5,
    0xe5b4a8, 0xe5b4aa, 0xe5b4ab, 0xe5b4ac, 0xe5b4af, 0xe5b4b0, 0xe5b4b1, 0xe5b4b2, 0xe5b4b3,
    0xe5b4b5, 0xe5b4b6, 0xe5b4b7, 0xe5b4b8, 0xe5b4b9, 0xe5b4ba, 0xe5b4bb, 0xe5b4bc, 0xe5b4bf,
    0xe5b580, 0xe5b581, 0xe5b582, 0xe5b583, 0xe5b584, 0xe5b585, 0xe5b586, 0xe5b588, 0xe5b589,
    0xe5b58d, 0xe5b58e, 0xe5b58f, 0xe5b590, 0xe5b591, 0xe5b592, 0xe5b593, 0xe5b594, 0xe5b595,
    0xe5b596, 0xe5b597, 0xe5b599, 0xe5b59a, 0xe5b59c, 0xe5b59e, 0xe5b59f, 0xe5b5a0, 0xe5b5a1,
    0xe5b5a2, 0xe5b5a3, 0xe5b5a4, 0xe5b5a5, 0xe5b5a6, 0xe5b5a7, 0xe5b5a8, 0xe5b5aa, 0xe5b5ad,
    0xe5b5ae, 0xe5b5b0, 0xe5b5b1, 0xe5b5b2, 0xe5b5b3, 0xe5b5b5, 0xe5b5b6, 0xe5b5b7, 0xe5b5b8,
    0xe5b5b9, 0xe5b5ba, 0xe5b5bb, 0xe5b5bc, 0xe5b5bd, 0xe5b5be, 0xe5b5bf, 0xe5b680, 0xe5b681,
    0xe5b683, 0xe5b684, 0xe5b685, 0xe5b686, 0xe5b687, 0xe5b688, 0xe5b689, 0xe5b68a, 0xe5b68b,
    0xe5b68c, 0xe5b68d, 0xe5b68e, 0xe5b68f, 0xe5b690, 0xe5b691, 0xe5b692, 0xe5b693, 0xe5b694,
    0xe5b695, 0xe5b696, 0xe5b697, 0xe5b698, 0xe5b69a, 0xe5b69b, 0xe5b69c, 0xe5b69e, 0xe5b69f,
    0xe5b6a0, 0xe5b6a1, 0xe5b6a2, 0xe5b6a3, 0xe5b6a4, 0xe5b6a5, 0xe5b6a6, 0xe5b6a7, 0xe5b6a8,
    0xe5b6a9, 0xe5b6aa, 0xe5b6ab, 0xe5b6ac, 0xe5b6ad, 0xe5b6ae, 0xe5b6af, 0xe5b6b0, 0xe5b6b1,
    0xe5b6b2, 0xe5b6b3, 0xe5b6b4, 0xe5b6b5, 0xe5b6b6, 0xe5b6b8, 0xe5b6b9, 0xe5b6ba, 0xe5b6bb,
    0xe5b6bc, 0xe5b6bd, 0xe5b6be, 0xe5b6bf, 0xe5b780, 0xe5b781, 0xe5b782, 0xe5b783, 0xe5b784,
    0xe5b786, 0xe5b787, 0xe5b788, 0xe5b789, 0xe5b78a, 0xe5b78b, 0xe5b78c, 0xe5b78e, 0xe5b78f,
    0xe5b790, 0xe5b791, 0xe5b792, 0xe5b793, 0xe5b794, 0xe5b795, 0xe5b796, 0xe5b797, 0xe5b798,
    0xe5b799, 0xe5b79a, 0xe5b79c, 0xe5b79f, 0xe5b7a0, 0xe5b7a3, 0xe5b7a4, 0xe5b7aa, 0xe5b7ac,
    0xe5b7ad, 0x000000, 0xe5b7b0, 0xe5b7b5, 0xe5b7b6, 0xe5b7b8, 0xe5b7b9, 0xe5b7ba, 0xe5b7bb,
    0xe5b7bc, 0xe5b7bf, 0xe5b880, 0xe5b884, 0xe5b887, 0xe5b889, 0xe5b88a, 0xe5b88b, 0xe5b88d,
    0xe5b88e, 0xe5b892, 0xe5b893, 0xe5b897, 0xe5b89e, 0xe5b89f, 0xe5b8a0, 0xe5b8a1, 0xe5b8a2,
    0xe5b8a3, 0xe5b8a4, 0xe5b8a5, 0xe5b8a8, 0xe5b8a9, 0xe5b8aa, 0xe5b8ab, 0xe5b8ac, 0xe5b8af,
    0xe5b8b0, 0xe5b8b2, 0xe5b8b3, 0xe5b8b4, 0xe5b8b5, 0xe5b8b6, 0xe5b8b9, 0xe5b8ba, 0xe5b8be,
    0xe5b8bf, 0xe5b980, 0xe5b981, 0xe5b983, 0xe5b986, 0xe5b987, 0xe5b988, 0xe5b989, 0xe5b98a,
    0xe5b98b, 0xe5b98d, 0xe5b98e, 0xe5b98f, 0xe5b990, 0xe5b991, 0xe5b992, 0xe5b993, 0xe5b996,
    0xe5b997, 0xe5b998, 0xe5b999, 0xe5b99a, 0xe5b99c, 0xe5b99d, 0xe5b99f, 0xe5b9a0, 0xe5b9a3,
    0xe5b9a4, 0xe5b9a5, 0xe5b9a6, 0xe5b9a7, 0xe5b9a8, 0xe5b9a9, 0xe5b9aa, 0xe5b9ab, 0xe5b9ac,
    0xe5b9ad, 0xe5b9ae, 0xe5b9af, 0xe5b9b0, 0xe5b9b1, 0xe5b9b5, 0xe5b9b7, 0xe5b9b9, 0xe5b9be,
    0xe5ba81, 0xe5ba82, 0xe5ba83, 0xe5ba85, 0xe5ba88, 0xe5ba89, 0xe5ba8c, 0xe5ba8d, 0xe5ba8e,
    0xe5ba92, 0xe5ba98, 0xe5ba9b, 0xe5ba9d, 0xe5baa1, 0xe5baa2, 0xe5baa3, 0xe5baa4, 0xe5baa8,
    0xe5baa9, 0xe5baaa, 0xe5baab, 0xe5baac, 0xe5baae, 0xe5baaf, 0xe5bab0, 0xe5bab1, 0xe5bab2,
    0xe5bab4, 0xe5baba, 0xe5babb, 0xe5babc, 0xe5babd, 0xe5babf, 0xe5bb80, 0xe5bb81, 0xe5bb82,
    0xe5bb83, 0xe5bb84, 0xe5bb85, 0xe5bb86, 0xe5bb87, 0xe5bb88, 0xe5bb8b, 0xe5bb8c, 0xe5bb8d,
    0xe5bb8e, 0xe5bb8f, 0xe5bb90, 0xe5bb94, 0xe5bb95, 0xe5bb97, 0xe5bb98, 0xe5bb99, 0xe5bb9a,
    0xe5bb9c, 0xe5bb9d, 0xe5bb9e, 0xe5bb9f, 0xe5bba0, 0xe5bba1, 0xe5bba2, 0xe5bba3, 0xe5bba4,
    0xe5bba5, 0xe5bba6, 0xe5bba7, 0xe5bba9, 0xe5bbab, 0xe5bbac, 0xe5bbad, 0xe5bbae, 0xe5bbaf,
    0xe5bbb0, 0xe5bbb1, 0xe5bbb2, 0xe5bbb3, 0xe5bbb5, 0xe5bbb8, 0xe5bbb9, 0xe5bbbb, 0xe5bbbc,
    0xe5bbbd, 0xe5bc85, 0xe5bc86, 0xe5bc87, 0xe5bc89, 0xe5bc8c, 0xe5bc8d, 0xe5bc8e, 0xe5bc90,
    0xe5bc92, 0xe5bc94, 0xe5bc96, 0xe5bc99, 0xe5bc9a, 0xe5bc9c, 0xe5bc9d, 0xe5bc9e, 0xe5bca1,
    0xe5bca2, 0xe5bca3, 0xe5bca4, 0x000000, 0xe5bca8, 0xe5bcab, 0xe5bcac, 0xe5bcae, 0xe5bcb0,
    0xe5bcb2, 0xe5bcb3, 0xe5bcb4, 0xe5bcb5, 0xe5bcb6, 0xe5bcb7, 0xe5bcb8, 0xe5bcbb, 0xe5bcbd,
    0xe5bcbe, 0xe5bcbf, 0xe5bd81, 0xe5bd82, 0xe5bd83, 0xe5bd84, 0xe5bd85, 0xe5bd86, 0xe5bd87,
    0xe5bd88, 0xe5bd89, 0xe5bd8a, 0xe5bd8b, 0xe5bd8c, 0xe5bd8d, 0xe5bd8e, 0xe5bd8f, 0xe5bd91,
    0xe5bd94, 0xe5bd99, 0xe5bd9a, 0xe5bd9b, 0xe5bd9c, 0xe5bd9e, 0xe5bd9f, 0xe5bda0, 0xe5bda3,
    0xe5bda5, 0xe5bda7, 0xe5bda8, 0xe5bdab, 0xe5bdae, 0xe5bdaf, 0xe5bdb2, 0xe5bdb4, 0xe5bdb5,
    0xe5bdb6, 0xe5bdb8, 0xe5bdba, 0xe5bdbd, 0xe5bdbe, 0xe5bdbf, 0xe5be83, 0xe5be86, 0xe5be8d,
    0xe5be8e, 0xe5be8f, 0xe5be91, 0xe5be93, 0xe5be94, 0xe5be96, 0xe5be9a, 0xe5be9b, 0xe5be9d,
    0xe5be9e, 0xe5be9f, 0xe5bea0, 0xe5bea2, 0xe5bea3, 0xe5bea4, 0xe5bea5, 0xe5bea6, 0xe5bea7,
    0xe5bea9, 0xe5beab, 0xe5beac, 0xe5beaf, 0xe5beb0, 0xe5beb1, 0xe5beb2, 0xe5beb3, 0xe5beb4,
    0xe5beb6, 0xe5beb8, 0xe5beb9, 0xe5beba, 0xe5bebb, 0xe5bebe, 0xe5bebf, 0xe5bf80, 0xe5bf81,
    0xe5bf82, 0xe5bf87, 0xe5bf88, 0xe5bf8a, 0xe5bf8b, 0xe5bf8e, 0xe5bf93, 0xe5bf94, 0xe5bf95,
    0xe5bf9a, 0xe5bf9b, 0xe5bf9c, 0xe5bf9e, 0xe5bf9f, 0xe5bfa2, 0xe5bfa3, 0xe5bfa5, 0xe5bfa6,
    0xe5bfa8, 0xe5bfa9, 0xe5bfac, 0xe5bfaf, 0xe5bfb0, 0xe5bfb2, 0xe5bfb3, 0xe5bfb4, 0xe5bfb6,
    0xe5bfb7, 0xe5bfb9, 0xe5bfba, 0xe5bfbc, 0xe68087, 0xe68088, 0xe68089, 0xe6808b, 0xe6808c,
    0xe68090, 0xe68091, 0xe68093, 0xe68097, 0xe68098, 0xe6809a, 0xe6809e, 0xe6809f, 0xe680a2,
    0xe680a3, 0xe680a4, 0xe680ac, 0xe680ad, 0xe680ae, 0xe680b0, 0xe680b1, 0xe680b2, 0xe680b3,
    0xe680b4, 0xe680b6, 0xe680b7, 0xe680b8, 0xe680b9, 0xe680ba, 0xe680bd, 0xe680be, 0xe68180,
    0xe68184, 0xe68185, 0xe68186, 0xe68187, 0xe68188, 0xe68189, 0xe6818a, 0xe6818c, 0xe6818e,
    0xe6818f, 0xe68191, 0xe68193, 0xe68194, 0xe68196, 0xe68197, 0xe68198, 0xe6819b, 0xe6819c,
    0xe6819e, 0xe6819f, 0xe681a0, 0xe681a1, 0xe681a5, 0xe681a6, 0xe681ae, 0xe681b1, 0xe681b2,
    0xe681b4, 0xe681b5, 0xe681b7, 0xe681be, 0xe68280, 0x000000, 0xe68281, 0xe68282, 0xe68285,
    0xe68286, 0xe68287, 0xe68288, 0xe6828a, 0xe6828b, 0xe6828e, 0xe6828f, 0xe68290, 0xe68291,
    0xe68293, 0xe68295, 0xe68297, 0xe68298, 0xe68299, 0xe6829c, 0xe6829e, 0xe682a1, 0xe682a2,
    0xe682a4, 0xe682a5, 0xe682a7, 0xe682a9, 0xe682aa, 0xe682ae, 0xe682b0, 0xe682b3, 0xe682b5,
    0xe682b6, 0xe682b7, 0xe682b9, 0xe682ba, 0xe682bd, 0xe682be, 0xe682bf, 0xe68380, 0xe68381,
    0xe68382, 0xe68383, 0xe68384, 0xe68387, 0xe68388, 0xe68389, 0xe6838c, 0xe6838d, 0xe6838e,
    0xe6838f, 0xe68390, 0xe68392, 0xe68393, 0xe68394, 0xe68396, 0xe68397, 0xe68399, 0xe6839b,
    0xe6839e, 0xe683a1, 0xe683a2, 0xe683a3, 0xe683a4, 0xe683a5, 0xe683aa, 0xe683b1, 0xe683b2,
    0xe683b5, 0xe683b7, 0xe683b8, 0xe683bb, 0xe683bc, 0xe683bd, 0xe683be, 0xe683bf, 0xe68482,
    0xe68483, 0xe68484, 0xe68485, 0xe68487, 0xe6848a, 0xe6848b, 0xe6848c, 0xe68490, 0xe68491,
    0xe68492, 0xe68493, 0xe68494, 0xe68496, 0xe68497, 0xe68498, 0xe68499, 0xe6849b, 0xe6849c,
    0xe6849d, 0xe6849e, 0xe684a1, 0xe684a2, 0xe684a5, 0xe684a8, 0xe684a9, 0xe684aa, 0xe684ac,
    0xe684ad, 0xe684ae, 0xe684af, 0xe684b0, 0xe684b1, 0xe684b2, 0xe684b3, 0xe684b4, 0xe684b5,
    0xe684b6, 0xe684b7, 0xe684b8, 0xe684b9, 0xe684ba, 0xe684bb, 0xe684bc, 0xe684bd, 0xe684be,
    0xe68580, 0xe68581, 0xe68582, 0xe68583, 0xe68584, 0xe68585, 0xe68586, 0xe68587, 0xe68589,
    0xe6858b, 0xe6858d, 0xe6858f, 0xe68590, 0xe68592, 0xe68593, 0xe68594, 0xe68596, 0xe68597,
    0xe68598, 0xe68599, 0xe6859a, 0xe6859b, 0xe6859c, 0xe6859e, 0xe6859f, 0xe685a0, 0xe685a1,
    0xe685a3, 0xe685a4, 0xe685a5, 0xe685a6, 0xe685a9, 0xe685aa, 0xe685ab, 0xe685ac, 0xe685ad,
    0xe685ae, 0xe685af, 0xe685b1, 0xe685b2, 0xe685b3, 0xe685b4, 0xe685b6, 0xe685b8, 0xe685b9,
    0xe685ba, 0xe685bb, 0xe685bc, 0xe685bd, 0xe685be, 0xe685bf, 0xe68680, 0xe68681, 0xe68682,
    0xe68683, 0xe68684, 0xe68685, 0xe68686, 0xe68687, 0xe68688, 0xe68689, 0xe6868a, 0xe6868c,
    0xe6868d, 0xe6868f, 0xe68690, 0xe68691, 0xe68692, 0xe68693, 0xe68695, 0x000000, 0xe68696,
    0xe68697, 0xe68698, 0xe68699, 0xe6869a, 0xe6869b, 0xe6869c, 0xe6869e, 0xe6869f, 0xe686a0,
    0xe686a1, 0xe686a2, 0xe686a3, 0xe686a4, 0xe686a5, 0xe686a6, 0xe686aa, 0xe686ab, 0xe686ad,
    0xe686ae, 0xe686af, 0xe686b0, 0xe686b1, 0xe686b2, 0xe686b3, 0xe686b4, 0xe686b5, 0xe686b6,
    0xe686b8, 0xe686b9, 0xe686ba, 0xe686bb, 0xe686bc, 0xe686bd, 0xe686bf, 0xe68780, 0xe68781,
    0xe68783, 0xe68784, 0xe68785, 0xe68786, 0xe68787, 0xe68789, 0xe6878c, 0xe6878d, 0xe6878e,
    0xe6878f, 0xe68790, 0xe68793, 0xe68795, 0xe68796, 0xe68797, 0xe68798, 0xe68799, 0xe6879a,
    0xe6879b, 0xe6879c, 0xe6879d, 0xe6879e, 0xe6879f, 0xe687a0, 0xe687a1, 0xe687a2, 0xe687a3,
    0xe687a4, 0xe687a5, 0xe687a7, 0xe687a8, 0xe687a9, 0xe687aa, 0xe687ab, 0xe687ac, 0xe687ad,
    0xe687ae, 0xe687af, 0xe687b0, 0xe687b1, 0xe687b2, 0xe687b3, 0xe687b4, 0xe687b6, 0xe687b7,
    0xe687b8, 0xe687b9, 0xe687ba, 0xe687bb, 0xe687bc, 0xe687bd, 0xe687be, 0xe68880, 0xe68881,
    0xe68882, 0xe68883, 0xe68884, 0xe68885, 0xe68887, 0xe68889, 0xe68893, 0xe68894, 0xe68899,
    0xe6889c, 0xe6889d, 0xe6889e, 0xe688a0, 0xe688a3, 0xe688a6, 0xe688a7, 0xe688a8, 0xe688a9,
    0xe688ab, 0xe688ad, 0xe688af, 0xe688b0, 0xe688b1, 0xe688b2, 0xe688b5, 0xe688b6, 0xe688b8,
    0xe688b9, 0xe688ba, 0xe688bb, 0xe688bc, 0xe68982, 0xe68984, 0xe68985, 0xe68986, 0xe6898a,
    0xe6898f, 0xe68990, 0xe68995, 0xe68996, 0xe68997, 0xe68999, 0xe6899a, 0xe6899c, 0xe6899d,
    0xe6899e, 0xe6899f, 0xe689a0, 0xe689a1, 0xe689a2, 0xe689a4, 0xe689a5, 0xe689a8, 0xe689b1,
    0xe689b2, 0xe689b4, 0xe689b5, 0xe689b7, 0xe689b8, 0xe689ba, 0xe689bb, 0xe689bd, 0xe68a81,
    0xe68a82, 0xe68a83, 0xe68a85, 0xe68a86, 0xe68a87, 0xe68a88, 0xe68a8b, 0xe68a8c, 0xe68a8d,
    0xe68a8e, 0xe68a8f, 0xe68a90, 0xe68a94, 0xe68a99, 0xe68a9c, 0xe68a9d, 0xe68a9e, 0xe68aa3,
    0xe68aa6, 0xe68aa7, 0xe68aa9, 0xe68aaa, 0xe68aad, 0xe68aae, 0xe68aaf, 0xe68ab0, 0xe68ab2,
    0xe68ab3, 0xe68ab4, 0xe68ab6, 0xe68ab7, 0xe68ab8, 0xe68aba, 0xe68abe, 0xe68b80, 0xe68b81,
    0x000000, 0xe68b83, 0xe68b8b, 0xe68b8f, 0xe68b91, 0xe68b95, 0xe68b9d, 0xe68b9e, 0xe68ba0,
    0xe68ba1, 0xe68ba4, 0xe68baa, 0xe68bab, 0xe68bb0, 0xe68bb2, 0xe68bb5, 0xe68bb8, 0xe68bb9,
    0xe68bba, 0xe68bbb, 0xe68c80, 0xe68c83, 0xe68c84, 0xe68c85, 0xe68c86, 0xe68c8a, 0xe68c8b,
    0xe68c8c, 0xe68c8d, 0xe68c8f, 0xe68c90, 0xe68c92, 0xe68c93, 0xe68c94, 0xe68c95, 0xe68c97,
    0xe68c98, 0xe68c99, 0xe68c9c, 0xe68ca6, 0xe68ca7, 0xe68ca9, 0xe68cac, 0xe68cad, 0xe68cae,
    0xe68cb0, 0xe68cb1, 0xe68cb3, 0xe68cb4, 0xe68cb5, 0xe68cb6, 0xe68cb7, 0xe68cb8, 0xe68cbb,
    0xe68cbc, 0xe68cbe, 0xe68cbf, 0xe68d80, 0xe68d81, 0xe68d84, 0xe68d87, 0xe68d88, 0xe68d8a,
    0xe68d91, 0xe68d92, 0xe68d93, 0xe68d94, 0xe68d96, 0xe68d97, 0xe68d98, 0xe68d99, 0xe68d9a,
    0xe68d9b, 0xe68d9c, 0xe68d9d, 0xe68da0, 0xe68da4, 0xe68da5, 0xe68da6, 0xe68da8, 0xe68daa,
    0xe68dab, 0xe68dac, 0xe68daf, 0xe68db0, 0xe68db2, 0xe68db3, 0xe68db4, 0xe68db5, 0xe68db8,
    0xe68db9, 0xe68dbc, 0xe68dbd, 0xe68dbe, 0xe68dbf, 0xe68e81, 0xe68e83, 0xe68e84, 0xe68e85,
    0xe68e86, 0xe68e8b, 0xe68e8d, 0xe68e91, 0xe68e93, 0xe68e94, 0xe68e95, 0xe68e97, 0xe68e99,
    0xe68e9a, 0xe68e9b, 0xe68e9c, 0xe68e9d, 0xe68e9e, 0xe68e9f, 0xe68ea1, 0xe68ea4, 0xe68ea6,
    0xe68eab, 0xe68eaf, 0xe68eb1, 0xe68eb2, 0xe68eb5, 0xe68eb6, 0xe68eb9, 0xe68ebb, 0xe68ebd,
    0xe68ebf, 0xe68f80, 0xe68f81, 0xe68f82, 0xe68f83, 0xe68f85, 0xe68f87, 0xe68f88, 0xe68f8a,
    0xe68f8b, 0xe68f8c, 0xe68f91, 0xe68f93, 0xe68f94, 0xe68f95, 0xe68f97, 0xe68f98, 0xe68f99,
    0xe68f9a, 0xe68f9b, 0xe68f9c, 0xe68f9d, 0xe68f9f, 0xe68fa2, 0xe68fa4, 0xe68fa5, 0xe68fa6,
    0xe68fa7, 0xe68fa8, 0xe68fab, 0xe68fac, 0xe68fae, 0xe68faf, 0xe68fb0, 0xe68fb1, 0xe68fb3,
    0xe68fb5, 0xe68fb7, 0xe68fb9, 0xe68fba, 0xe68fbb, 0xe68fbc, 0xe68fbe, 0xe69083, 0xe69084,
    0xe69086, 0xe69087, 0xe69088, 0xe69089, 0xe6908a, 0xe6908d, 0xe6908e, 0xe69091, 0xe69092,
    0xe69095, 0xe69096, 0xe69097, 0xe69098, 0xe69099, 0xe6909a, 0xe6909d, 0xe6909f, 0xe690a2,
    0xe690a3, 0xe690a4, 0x000000, 0xe690a5, 0xe690a7, 0xe690a8, 0xe690a9, 0xe690ab, 0xe690ae,
    0xe690af, 0xe690b0, 0xe690b1, 0xe690b2, 0xe690b3, 0xe690b5, 0xe690b6, 0xe690b7, 0xe690b8,
    0xe690b9, 0xe690bb, 0xe690bc, 0xe690be, 0xe69180, 0xe69182, 0xe69183, 0xe69189, 0xe6918b,
    0xe6918c, 0xe6918d, 0xe6918e, 0xe6918f, 0xe69190, 0xe69191, 0xe69193, 0xe69195, 0xe69196,
    0xe69197, 0xe69199, 0xe6919a, 0xe6919b, 0xe6919c, 0xe6919d, 0xe6919f, 0xe691a0, 0xe691a1,
    0xe691a2, 0xe691a3, 0xe691a4, 0xe691a5, 0xe691a6, 0xe691a8, 0xe691aa, 0xe691ab, 0xe691ac,
    0xe691ae, 0xe691af, 0xe691b0, 0xe691b1, 0xe691b2, 0xe691b3, 0xe691b4, 0xe691b5, 0xe691b6,
    0xe691b7, 0xe691bb, 0xe691bc, 0xe691bd, 0xe691be, 0xe691bf, 0xe69280, 0xe69281, 0xe69283,
    0xe69286, 0xe69288, 0xe69289, 0xe6928a, 0xe6928b, 0xe6928c, 0xe6928d, 0xe6928e, 0xe6928f,
    0xe69290, 0xe69293, 0xe69294, 0xe69297, 0xe69298, 0xe6929a, 0xe6929b, 0xe6929c, 0xe6929d,
    0xe6929f, 0xe692a0, 0xe692a1, 0xe692a2, 0xe692a3, 0xe692a5, 0xe692a6, 0xe692a7, 0xe692a8,
    0xe692aa, 0xe692ab, 0xe692af, 0xe692b1, 0xe692b2, 0xe692b3, 0xe692b4, 0xe692b6, 0xe692b9,
    0xe692bb, 0xe692bd, 0xe692be, 0xe692bf, 0xe69381, 0xe69383, 0xe69384, 0xe69386, 0xe69387,
    0xe69388, 0xe69389, 0xe6938a, 0xe6938b, 0xe6938c, 0xe6938f, 0xe69391, 0xe69393, 0xe69394,
    0xe69395, 0xe69396, 0xe69399, 0xe6939a, 0xe6939b, 0xe6939c, 0xe6939d, 0xe6939f, 0xe693a0,
    0xe693a1, 0xe693a3, 0xe693a5, 0xe693a7, 0xe693a8, 0xe693a9, 0xe693aa, 0xe693ab, 0xe693ac,
    0xe693ad, 0xe693ae, 0xe693af, 0xe693b0, 0xe693b1, 0xe693b2, 0xe693b3, 0xe693b4, 0xe693b5,
    0xe693b6, 0xe693b7, 0xe693b8, 0xe693b9, 0xe693ba, 0xe693bb, 0xe693bc, 0xe693bd, 0xe693be,
    0xe693bf, 0xe69481, 0xe69482, 0xe69483, 0xe69484, 0xe69485, 0xe69486, 0xe69487, 0xe69488,
    0xe6948a, 0xe6948b, 0xe6948c, 0xe6948d, 0xe6948e, 0xe6948f, 0xe69490, 0xe69491, 0xe69493,
    0xe69494, 0xe69495, 0xe69496, 0xe69497, 0xe69499, 0xe6949a, 0xe6949b, 0xe6949c, 0xe6949d,
    0xe6949e, 0xe6949f, 0xe694a0, 0xe694a1, 0x000000, 0xe694a2, 0xe694a3, 0xe694a4, 0xe694a6,
    0xe694a7, 0xe694a8, 0xe694a9, 0xe694aa, 0xe694ac, 0xe694ad, 0xe694b0, 0xe694b1, 0xe694b2,
    0xe694b3, 0xe694b7, 0xe694ba, 0xe694bc, 0xe694bd, 0xe69580, 0xe69581, 0xe69582, 0xe69583,
    0xe69584, 0xe69586, 0xe69587, 0xe6958a, 0xe6958b, 0xe6958d, 0xe6958e, 0xe69590, 0xe69592,
    0xe69593, 0xe69594, 0xe69597, 0xe69598, 0xe6959a, 0xe6959c, 0xe6959f, 0xe695a0, 0xe695a1,
    0xe695a4, 0xe695a5, 0xe695a7, 0xe695a8, 0xe695a9, 0xe695aa, 0xe695ad, 0xe695ae, 0xe695af,
    0xe695b1, 0xe695b3, 0xe695b5, 0xe695b6, 0xe695b8, 0xe695b9, 0xe695ba, 0xe695bb, 0xe695bc,
    0xe695bd, 0xe695be, 0xe695bf, 0xe69680, 0xe69681, 0xe69682, 0xe69683, 0xe69684, 0xe69685,
    0xe69686, 0xe69688, 0xe69689, 0xe6968a, 0xe6968d, 0xe6968e, 0xe6968f, 0xe69692, 0xe69694,
    0xe69695, 0xe69696, 0xe69698, 0xe6969a, 0xe6969d, 0xe6969e, 0xe696a0, 0xe696a2, 0xe696a3,
    0xe696a6, 0xe696a8, 0xe696aa, 0xe696ac, 0xe696ae, 0xe696b1, 0xe696b2, 0xe696b3, 0xe696b4,
    0xe696b5, 0xe696b6, 0xe696b7, 0xe696b8, 0xe696ba, 0xe696bb, 0xe696be, 0xe696bf, 0xe69780,
    0xe69782, 0xe69787, 0xe69788, 0xe69789, 0xe6978a, 0xe6978d, 0xe69790, 0xe69791, 0xe69793,
    0xe69794, 0xe69795, 0xe69798, 0xe69799, 0xe6979a, 0xe6979b, 0xe6979c, 0xe6979d, 0xe6979e,
    0xe6979f, 0xe697a1, 0xe697a3, 0xe697a4, 0xe697aa, 0xe697ab, 0xe697b2, 0xe697b3, 0xe697b4,
    0xe697b5, 0xe697b8, 0xe697b9, 0xe697bb, 0xe697bc, 0xe697bd, 0xe697be, 0xe697bf, 0xe69881,
    0xe69884, 0xe69885, 0xe69887, 0xe69888, 0xe69889, 0xe6988b, 0xe6988d, 0xe69890, 0xe69891,
    0xe69892, 0xe69896, 0xe69897, 0xe69898, 0xe6989a, 0xe6989b, 0xe6989c, 0xe6989e, 0xe698a1,
    0xe698a2, 0xe698a3, 0xe698a4, 0xe698a6, 0xe698a9, 0xe698aa, 0xe698ab, 0xe698ac, 0xe698ae,
    0xe698b0, 0xe698b2, 0xe698b3, 0xe698b7, 0xe698b8, 0xe698b9, 0xe698ba, 0xe698bb, 0xe698bd,
    0xe698bf, 0xe69980, 0xe69982, 0xe69984, 0xe69985, 0xe69986, 0xe69987, 0xe69988, 0xe69989,
    0xe6998a, 0xe6998d, 0xe6998e, 0xe69990, 0xe69991, 0xe69998, 0x000000, 0xe69999, 0xe6999b,
    0xe6999c, 0xe6999d, 0xe6999e, 0xe699a0, 0xe699a2, 0xe699a3, 0xe699a5, 0xe699a7, 0xe699a9,
    0xe699aa, 0xe699ab, 0xe699ac, 0xe699ad, 0xe699b1, 0xe699b2, 0xe699b3, 0xe699b5, 0xe699b8,
    0xe699b9, 0xe699bb, 0xe699bc, 0xe699bd, 0xe699bf, 0xe69a80, 0xe69a81, 0xe69a83, 0xe69a85,
    0xe69a86, 0xe69a88, 0xe69a89, 0xe69a8a, 0xe69a8b, 0xe69a8d, 0xe69a8e, 0xe69a8f, 0xe69a90,
    0xe69a92, 0xe69a93, 0xe69a94, 0xe69a95, 0xe69a98, 0xe69a99, 0xe69a9a, 0xe69a9b, 0xe69a9c,
    0xe69a9e, 0xe69a9f, 0xe69aa0, 0xe69aa1, 0xe69aa2, 0xe69aa3, 0xe69aa4, 0xe69aa5, 0xe69aa6,
    0xe69aa9, 0xe69aaa, 0xe69aab, 0xe69aac, 0xe69aad, 0xe69aaf, 0xe69ab0, 0xe69ab1, 0xe69ab2,
    0xe69ab3, 0xe69ab5, 0xe69ab6, 0xe69ab7, 0xe69ab8, 0xe69aba, 0xe69abb, 0xe69abc, 0xe69abd,
    0xe69abf, 0xe69b80, 0xe69b81, 0xe69b82, 0xe69b83, 0xe69b84, 0xe69b85, 0xe69b86, 0xe69b87,
    0xe69b88, 0xe69b89, 0xe69b8a, 0xe69b8b, 0xe69b8c, 0xe69b8d, 0xe69b8e, 0xe69b8f, 0xe69b90,
    0xe69b91, 0xe69b92, 0xe69b93, 0xe69b94, 0xe69b95, 0xe69b96, 0xe69b97, 0xe69b98, 0xe69b9a,
    0xe69b9e, 0xe69b9f, 0xe69ba0, 0xe69ba1, 0xe69ba2, 0xe69ba3, 0xe69ba4, 0xe69ba5, 0xe69ba7,
    0xe69ba8, 0xe69baa, 0xe69bab, 0xe69bac, 0xe69bad, 0xe69bae, 0xe69baf, 0xe69bb1, 0xe69bb5,
    0xe69bb6, 0xe69bb8, 0xe69bba, 0xe69bbb, 0xe69bbd, 0xe69c81, 0xe69c82, 0xe69c83, 0xe69c84,
    0xe69c85, 0xe69c86, 0xe69c87, 0xe69c8c, 0xe69c8e, 0xe69c8f, 0xe69c91, 0xe69c92, 0xe69c93,
    0xe69c96, 0xe69c98, 0xe69c99, 0xe69c9a, 0xe69c9c, 0xe69c9e, 0xe69ca0, 0xe69ca1, 0xe69ca2,
    0xe69ca3, 0xe69ca4, 0xe69ca5, 0xe69ca7, 0xe69ca9, 0xe69cae, 0xe69cb0, 0xe69cb2, 0xe69cb3,
    0xe69cb6, 0xe69cb7, 0xe69cb8, 0xe69cb9, 0xe69cbb, 0xe69cbc, 0xe69cbe, 0xe69cbf, 0xe69d81,
    0xe69d84, 0xe69d85, 0xe69d87, 0xe69d8a, 0xe69d8b, 0xe69d8d, 0xe69d92, 0xe69d94, 0xe69d95,
    0xe69d97, 0xe69d98, 0xe69d99, 0xe69d9a, 0xe69d9b, 0xe69d9d, 0xe69da2, 0xe69da3, 0xe69da4,
    0xe69da6, 0xe69da7, 0xe69dab, 0xe69dac, 0xe69dae, 0xe69db1, 0xe69db4, 0xe69db6, 0x000000,
    0xe69db8, 0xe69db9, 0xe69dba, 0xe69dbb, 0xe69dbd, 0xe69e80, 0xe69e82, 0xe69e83, 0xe69e85,
    0xe69e86, 0xe69e88, 0xe69e8a, 0xe69e8c, 0xe69e8d, 0xe69e8e, 0xe69e8f, 0xe69e91, 0xe69e92,
    0xe69e93, 0xe69e94, 0xe69e96, 0xe69e99, 0xe69e9b, 0xe69e9f, 0xe69ea0, 0xe69ea1, 0xe69ea4,
    0xe69ea6, 0xe69ea9, 0xe69eac, 0xe69eae, 0xe69eb1, 0xe69eb2, 0xe69eb4, 0xe69eb9, 0xe69eba,
    0xe69ebb, 0xe69ebc, 0xe69ebd, 0xe69ebe, 0xe69ebf, 0xe69f80, 0xe69f82, 0xe69f85, 0xe69f86,
    0xe69f87, 0xe69f88, 0xe69f89, 0xe69f8a, 0xe69f8b, 0xe69f8c, 0xe69f8d, 0xe69f8e, 0xe69f95,
    0xe69f96, 0xe69f97, 0xe69f9b, 0xe69f9f, 0xe69fa1, 0xe69fa3, 0xe69fa4, 0xe69fa6, 0xe69fa7,
    0xe69fa8, 0xe69faa, 0xe69fab, 0xe69fad, 0xe69fae, 0xe69fb2, 0xe69fb5, 0xe69fb6, 0xe69fb7,
    0xe69fb8, 0xe69fb9, 0xe69fba, 0xe69fbb, 0xe69fbc, 0xe69fbe, 0xe6a081, 0xe6a082, 0xe6a083,
    0xe6a084, 0xe6a086, 0xe6a08d, 0xe6a090, 0xe6a092, 0xe6a094, 0xe6a095, 0xe6a098, 0xe6a099,
    0xe6a09a, 0xe6a09b, 0xe6a09c, 0xe6a09e, 0xe6a09f, 0xe6a0a0, 0xe6a0a2, 0xe6a0a3, 0xe6a0a4,
    0xe6a0a5, 0xe6a0a6, 0xe6a0a7, 0xe6a0a8, 0xe6a0ab, 0xe6a0ac, 0xe6a0ad, 0xe6a0ae, 0xe6a0af,
    0xe6a0b0, 0xe6a0b1, 0xe6a0b4, 0xe6a0b5, 0xe6a0b6, 0xe6a0ba, 0xe6a0bb, 0xe6a0bf, 0xe6a187,
    0xe6a18b, 0xe6a18d, 0xe6a18f, 0xe6a192, 0xe6a196, 0xe6a197, 0xe6a198, 0xe6a199, 0xe6a19a,
    0xe6a19b, 0xe6a19c, 0xe6a19d, 0xe6a19e, 0xe6a19f, 0xe6a1aa, 0xe6a1ac, 0xe6a1ad, 0xe6a1ae,
    0xe6a1af, 0xe6a1b0, 0xe6a1b1, 0xe6a1b2, 0xe6a1b3, 0xe6a1b5, 0xe6a1b8, 0xe6a1b9, 0xe6a1ba,
    0xe6a1bb, 0xe6a1bc, 0xe6a1bd, 0xe6a1be, 0xe6a1bf, 0xe6a280, 0xe6a282, 0xe6a284, 0xe6a287,
    0xe6a288, 0xe6a289, 0xe6a28a, 0xe6a28b, 0xe6a28c, 0xe6a28d, 0xe6a28e, 0xe6a290, 0xe6a291,
    0xe6a292, 0xe6a294, 0xe6a295, 0xe6a296, 0xe6a298, 0xe6a299, 0xe6a29a, 0xe6a29b, 0xe6a29c,
    0xe6a29d, 0xe6a29e, 0xe6a29f, 0xe6a2a0, 0xe6a2a1, 0xe6a2a3, 0xe6a2a4, 0xe6a2a5, 0xe6a2a9,
    0xe6a2aa, 0xe6a2ab, 0xe6a2ac, 0xe6a2ae, 0xe6a2b1, 0xe6a2b2, 0xe6a2b4, 0xe6a2b6, 0xe6a2b7,
    0xe6a2b8, 0x000000, 0xe6a2b9, 0xe6a2ba, 0xe6a2bb, 0xe6a2bc, 0xe6a2bd, 0xe6a2be, 0xe6a2bf,
    0xe6a381, 0xe6a383, 0xe6a384, 0xe6a385, 0xe6a386, 0xe6a387, 0xe6a388, 0xe6a38a, 0xe6a38c,
    0xe6a38e, 0xe6a38f, 0xe6a390, 0xe6a391, 0xe6a393, 0xe6a394, 0xe6a396, 0xe6a397, 0xe6a399,
    0xe6a39b, 0xe6a39c, 0xe6a39d, 0xe6a39e, 0xe6a39f, 0xe6a3a1, 0xe6a3a2, 0xe6a3a4, 0xe6a3a5,
    0xe6a3a6, 0xe6a3a7, 0xe6a3a8, 0xe6a3a9, 0xe6a3aa, 0xe6a3ab, 0xe6a3ac, 0xe6a3ad, 0xe6a3af,
    0xe6a3b2, 0xe6a3b3, 0xe6a3b4, 0xe6a3b6, 0xe6a3b7, 0xe6a3b8, 0xe6a3bb, 0xe6a3bd, 0xe6a3be,
    0xe6a3bf, 0xe6a480, 0xe6a482, 0xe6a483, 0xe6a484, 0xe6a486, 0xe6a487, 0xe6a488, 0xe6a489,
    0xe6a48a, 0xe6a48c, 0xe6a48f, 0xe6a491, 0xe6a493, 0xe6a494, 0xe6a495, 0xe6a496, 0xe6a497,
    0xe6a498, 0xe6a499, 0xe6a49a, 0xe6a49b, 0xe6a49c, 0xe6a49d, 0xe6a49e, 0xe6a4a1, 0xe6a4a2,
    0xe6a4a3, 0xe6a4a5, 0xe6a4a6, 0xe6a4a7, 0xe6a4a8, 0xe6a4a9, 0xe6a4aa, 0xe6a4ab, 0xe6a4ac,
    0xe6a4ae, 0xe6a4af, 0xe6a4b1, 0xe6a4b2, 0xe6a4b3, 0xe6a4b5, 0xe6a4b6, 0xe6a4b7, 0xe6a4b8,
    0xe6a4ba, 0xe6a4bb, 0xe6a4bc, 0xe6a4be, 0xe6a580, 0xe6a581, 0xe6a583, 0xe6a584, 0xe6a585,
    0xe6a586, 0xe6a587, 0xe6a588, 0xe6a589, 0xe6a58a, 0xe6a58b, 0xe6a58c, 0xe6a58d, 0xe6a58e,
    0xe6a58f, 0xe6a590, 0xe6a591, 0xe6a592, 0xe6a593, 0xe6a595, 0xe6a596, 0xe6a598, 0xe6a599,
    0xe6a59b, 0xe6a59c, 0xe6a59f, 0xe6a5a1, 0xe6a5a2, 0xe6a5a4, 0xe6a5a5, 0xe6a5a7, 0xe6a5a8,
    0xe6a5a9, 0xe6a5aa, 0xe6a5ac, 0xe6a5ad, 0xe6a5af, 0xe6a5b0, 0xe6a5b2, 0xe6a5b3, 0xe6a5b4,
    0xe6a5b5, 0xe6a5b6, 0xe6a5ba, 0xe6a5bb, 0xe6a5bd, 0xe6a5be, 0xe6a5bf, 0xe6a681, 0xe6a683,
    0xe6a685, 0xe6a68a, 0xe6a68b, 0xe6a68c, 0xe6a68e, 0xe6a68f, 0xe6a690, 0xe6a691, 0xe6a692,
    0xe6a693, 0xe6a696, 0xe6a697, 0xe6a699, 0xe6a69a, 0xe6a69d, 0xe6a69e, 0xe6a69f, 0xe6a6a0,
    0xe6a6a1, 0xe6a6a2, 0xe6a6a3, 0xe6a6a4, 0xe6a6a5, 0xe6a6a6, 0xe6a6a9, 0xe6a6aa, 0xe6a6ac,
    0xe6a6ae, 0xe6a6af, 0xe6a6b0, 0xe6a6b2, 0xe6a6b3, 0xe6a6b5, 0xe6a6b6, 0xe6a6b8, 0xe6a6b9,
    0xe6a6ba, 0xe6a6bc, 0xe6a6bd, 0x000000, 0xe6a6be, 0xe6a6bf, 0xe6a780, 0xe6a782, 0xe6a783,
    0xe6a784, 0xe6a785, 0xe6a786, 0xe6a787, 0xe6a788, 0xe6a789, 0xe6a78b, 0xe6a78d, 0xe6a78f,
    0xe6a791, 0xe6a792, 0xe6a793, 0xe6a795, 0xe6a796, 0xe6a797, 0xe6a798, 0xe6a799, 0xe6a79a,
    0xe6a79c, 0xe6a79d, 0xe6a79e, 0xe6a7a1, 0xe6a7a2, 0xe6a7a3, 0xe6a7a4, 0xe6a7a5, 0xe6a7a6,
    0xe6a7a7, 0xe6a7a8, 0xe6a7a9, 0xe6a7aa, 0xe6a7ab, 0xe6a7ac, 0xe6a7ae, 0xe6a7af, 0xe6a7b0,
    0xe6a7b1, 0xe6a7b3, 0xe6a7b4, 0xe6a7b5, 0xe6a7b6, 0xe6a7b7, 0xe6a7b8, 0xe6a7b9, 0xe6a7ba,
    0xe6a7bb, 0xe6a7bc, 0xe6a7be, 0xe6a880, 0xe6a881, 0xe6a882, 0xe6a883, 0xe6a884, 0xe6a885,
    0xe6a886, 0xe6a887, 0xe6a888, 0xe6a889, 0xe6a88b, 0xe6a88c, 0xe6a88d, 0xe6a88e, 0xe6a88f,
    0xe6a890, 0xe6a891, 0xe6a892, 0xe6a893, 0xe6a894, 0xe6a895, 0xe6a896, 0xe6a899, 0xe6a89a,
    0xe6a89b, 0xe6a89c, 0xe6a89d, 0xe6a89e, 0xe6a8a0, 0xe6a8a2, 0xe6a8a3, 0xe6a8a4, 0xe6a8a5,
    0xe6a8a6, 0xe6a8a7, 0xe6a8a9, 0xe6a8ab, 0xe6a8ac, 0xe6a8ad, 0xe6a8ae, 0xe6a8b0, 0xe6a8b2,
    0xe6a8b3, 0xe6a8b4, 0xe6a8b6, 0xe6a8b7, 0xe6a8b8, 0xe6a8b9, 0xe6a8ba, 0xe6a8bb, 0xe6a8bc,
    0xe6a8bf, 0xe6a980, 0xe6a981, 0xe6a982, 0xe6a983, 0xe6a985, 0xe6a986, 0xe6a988, 0xe6a989,
    0xe6a98a, 0xe6a98b, 0xe6a98c, 0xe6a98d, 0xe6a98e, 0xe6a98f, 0xe6a991, 0xe6a992, 0xe6a993,
    0xe6a994, 0xe6a995, 0xe6a996, 0xe6a997, 0xe6a99a, 0xe6a99c, 0xe6a99d, 0xe6a99e, 0xe6a99f,
    0xe6a9a0, 0xe6a9a2, 0xe6a9a3, 0xe6a9a4, 0xe6a9a6, 0xe6a9a7, 0xe6a9a8, 0xe6a9a9, 0xe6a9aa,
    0xe6a9ab, 0xe6a9ac, 0xe6a9ad, 0xe6a9ae, 0xe6a9af, 0xe6a9b0, 0xe6a9b2, 0xe6a9b3, 0xe6a9b4,
    0xe6a9b5, 0xe6a9b6, 0xe6a9b7, 0xe6a9b8, 0xe6a9ba, 0xe6a9bb, 0xe6a9bd, 0xe6a9be, 0xe6a9bf,
    0xe6aa81, 0xe6aa82, 0xe6aa83, 0xe6aa85, 0xe6aa86, 0xe6aa87, 0xe6aa88, 0xe6aa89, 0xe6aa8a,
    0xe6aa8b, 0xe6aa8c, 0xe6aa8d, 0xe6aa8f, 0xe6aa92, 0xe6aa93, 0xe6aa94, 0xe6aa95, 0xe6aa96,
    0xe6aa98, 0xe6aa99, 0xe6aa9a, 0xe6aa9b, 0xe6aa9c, 0xe6aa9d, 0xe6aa9e, 0xe6aa9f, 0xe6aaa1,
    0xe6aaa2, 0xe6aaa3, 0xe6aaa4, 0xe6aaa5, 0xe6aaa6, 0x000000, 0xe6aaa7, 0xe6aaa8, 0xe6aaaa,
    0xe6aaad, 0xe6aaae, 0xe6aaaf, 0xe6aab0, 0xe6aab1, 0xe6aab2, 0xe6aab3, 0xe6aab4, 0xe6aab5,
    0xe6aab6, 0xe6aab7, 0xe6aab8, 0xe6aab9, 0xe6aaba, 0xe6aabb, 0xe6aabc, 0xe6aabd, 0xe6aabe,
    0xe6aabf, 0xe6ab80, 0xe6ab81, 0xe6ab82, 0xe6ab83, 0xe6ab84, 0xe6ab85, 0xe6ab86, 0xe6ab87,
    0xe6ab88, 0xe6ab89, 0xe6ab8a, 0xe6ab8b, 0xe6ab8c, 0xe6ab8d, 0xe6ab8e, 0xe6ab8f, 0xe6ab90,
    0xe6ab91, 0xe6ab92, 0xe6ab93, 0xe6ab94, 0xe6ab95, 0xe6ab96, 0xe6ab97, 0xe6ab98, 0xe6ab99,
    0xe6ab9a, 0xe6ab9b, 0xe6ab9c, 0xe6ab9d, 0xe6ab9e, 0xe6ab9f, 0xe6aba0, 0xe6aba1, 0xe6aba2,
    0xe6aba3, 0xe6aba4, 0xe6aba5, 0xe6aba6, 0xe6aba7, 0xe6aba8, 0xe6aba9, 0xe6abaa, 0xe6abab,
    0xe6abac, 0xe6abad, 0xe6abae, 0xe6abaf, 0xe6abb0, 0xe6abb1, 0xe6abb2, 0xe6abb3, 0xe6abb4,
    0xe6abb5, 0xe6abb6, 0xe6abb7, 0xe6abb8, 0xe6abb9, 0xe6abba, 0xe6abbb, 0xe6abbc, 0xe6abbd,
    0xe6abbe, 0xe6abbf, 0xe6ac80, 0xe6ac81, 0xe6ac82, 0xe6ac83, 0xe6ac84, 0xe6ac85, 0xe6ac86,
    0xe6ac87, 0xe6ac88, 0xe6ac89, 0xe6ac8a, 0xe6ac8b, 0xe6ac8c, 0xe6ac8d, 0xe6ac8e, 0xe6ac8f,
    0xe6ac90, 0xe6ac91, 0xe6ac92, 0xe6ac93, 0xe6ac94, 0xe6ac95, 0xe6ac96, 0xe6ac97, 0xe6ac98,
    0xe6ac99, 0xe6ac9a, 0xe6ac9b, 0xe6ac9c, 0xe6ac9d, 0xe6ac9e, 0xe6ac9f, 0xe6aca5, 0xe6aca6,
    0xe6aca8, 0xe6aca9, 0xe6acaa, 0xe6acab, 0xe6acac, 0xe6acad, 0xe6acae, 0xe6acaf, 0xe6acb0,
    0xe6acb1, 0xe6acb3, 0xe6acb4, 0xe6acb5, 0xe6acb6, 0xe6acb8, 0xe6acbb, 0xe6acbc, 0xe6acbd,
    0xe6acbf, 0xe6ad80, 0xe6ad81, 0xe6ad82, 0xe6ad84, 0xe6ad85, 0xe6ad88, 0xe6ad8a, 0xe6ad8b,
    0xe6ad8d, 0xe6ad8e, 0xe6ad8f, 0xe6ad90, 0xe6ad91, 0xe6ad92, 0xe6ad93, 0xe6ad94, 0xe6ad95,
    0xe6ad96, 0xe6ad97, 0xe6ad98, 0xe6ad9a, 0xe6ad9b, 0xe6ad9c, 0xe6ad9d, 0xe6ad9e, 0xe6ad9f,
    0xe6ada0, 0xe6ada1, 0xe6ada8, 0xe6ada9, 0xe6adab, 0xe6adac, 0xe6adad, 0xe6adae, 0xe6adaf,
    0xe6adb0, 0xe6adb1, 0xe6adb2, 0xe6adb3, 0xe6adb4, 0xe6adb5, 0xe6adb6, 0xe6adb7, 0xe6adb8,
    0xe6adba, 0xe6adbd, 0xe6adbe, 0xe6adbf, 0xe6ae80, 0xe6ae85, 0xe6ae88, 0x000000, 0xe6ae8c,
    0xe6ae8e, 0xe6ae8f, 0xe6ae90, 0xe6ae91, 0xe6ae94, 0xe6ae95, 0xe6ae97, 0xe6ae98, 0xe6ae99,
    0xe6ae9c, 0xe6ae9d, 0xe6ae9e, 0xe6ae9f, 0xe6aea0, 0xe6aea2, 0xe6aea3, 0xe6aea4, 0xe6aea5,
    0xe6aea6, 0xe6aea7, 0xe6aea8, 0xe6aea9, 0xe6aeab, 0xe6aeac, 0xe6aead, 0xe6aeae, 0xe6aeaf,
    0xe6aeb0, 0xe6aeb1, 0xe6aeb2, 0xe6aeb6, 0xe6aeb8, 0xe6aeb9, 0xe6aeba, 0xe6aebb, 0xe6aebc,
    0xe6aebd, 0xe6aebe, 0xe6af80, 0xe6af83, 0xe6af84, 0xe6af86, 0xe6af87, 0xe6af88, 0xe6af89,
    0xe6af8a, 0xe6af8c, 0xe6af8e, 0xe6af90, 0xe6af91, 0xe6af98, 0xe6af9a, 0xe6af9c, 0xe6af9d,
    0xe6af9e, 0xe6af9f, 0xe6afa0, 0xe6afa2, 0xe6afa3, 0xe6afa4, 0xe6afa5, 0xe6afa6, 0xe6afa7,
    0xe6afa8, 0xe6afa9, 0xe6afac, 0xe6afad, 0xe6afae, 0xe6afb0, 0xe6afb1, 0xe6afb2, 0xe6afb4,
    0xe6afb6, 0xe6afb7, 0xe6afb8, 0xe6afba, 0xe6afbb, 0xe6afbc, 0xe6afbe, 0xe6afbf, 0xe6b080,
    0xe6b081, 0xe6b082, 0xe6b083, 0xe6b084, 0xe6b088, 0xe6b089, 0xe6b08a, 0xe6b08b, 0xe6b08c,
    0xe6b08e, 0xe6b092, 0xe6b097, 0xe6b09c, 0xe6b09d, 0xe6b09e, 0xe6b0a0, 0xe6b0a3, 0xe6b0a5,
    0xe6b0ab, 0xe6b0ac, 0xe6b0ad, 0xe6b0b1, 0xe6b0b3, 0xe6b0b6, 0xe6b0b7, 0xe6b0b9, 0xe6b0ba,
    0xe6b0bb, 0xe6b0bc, 0xe6b0be, 0xe6b0bf, 0xe6b183, 0xe6b184, 0xe6b185, 0xe6b188, 0xe6b18b,
    0xe6b18c, 0xe6b18d, 0xe6b18e, 0xe6b18f, 0xe6b191, 0xe6b192, 0xe6b193, 0xe6b196, 0xe6b198,
    0xe6b199, 0xe6b19a, 0xe6b1a2, 0xe6b1a3, 0xe6b1a5, 0xe6b1a6, 0xe6b1a7, 0xe6b1ab, 0xe6b1ac,
    0xe6b1ad, 0xe6b1ae, 0xe6b1af, 0xe6b1b1, 0xe6b1b3, 0xe6b1b5, 0xe6b1b7, 0xe6b1b8, 0xe6b1ba,
    0xe6b1bb, 0xe6b1bc, 0xe6b1bf, 0xe6b280, 0xe6b284, 0xe6b287, 0xe6b28a, 0xe6b28b, 0xe6b28d,
    0xe6b28e, 0xe6b291, 0xe6b292, 0xe6b295, 0xe6b296, 0xe6b297, 0xe6b298, 0xe6b29a, 0xe6b29c,
    0xe6b29d, 0xe6b29e, 0xe6b2a0, 0xe6b2a2, 0xe6b2a8, 0xe6b2ac, 0xe6b2af, 0xe6b2b0, 0xe6b2b4,
    0xe6b2b5, 0xe6b2b6, 0xe6b2b7, 0xe6b2ba, 0xe6b380, 0xe6b381, 0xe6b382, 0xe6b383, 0xe6b386,
    0xe6b387, 0xe6b388, 0xe6b38b, 0xe6b38d, 0xe6b38e, 0xe6b38f, 0xe6b391, 0xe6b392, 0xe6b398,
    0x000000, 0xe6b399, 0xe6b39a, 0xe6b39c, 0xe6b39d, 0xe6b39f, 0xe6b3a4, 0xe6b3a6, 0xe6b3a7,
    0xe6b3a9, 0xe6b3ac, 0xe6b3ad, 0xe6b3b2, 0xe6b3b4, 0xe6b3b9, 0xe6b3bf, 0xe6b480, 0xe6b482,
    0xe6b483, 0xe6b485, 0xe6b486, 0xe6b488, 0xe6b489, 0xe6b48a, 0xe6b48d, 0xe6b48f, 0xe6b490,
    0xe6b491, 0xe6b493, 0xe6b494, 0xe6b495, 0xe6b496, 0xe6b498, 0xe6b49c, 0xe6b49d, 0xe6b49f,
    0xe6b4a0, 0xe6b4a1, 0xe6b4a2, 0xe6b4a3, 0xe6b4a4, 0xe6b4a6, 0xe6b4a8, 0xe6b4a9, 0xe6b4ac,
    0xe6b4ad, 0xe6b4af, 0xe6b4b0, 0xe6b4b4, 0xe6b4b6, 0xe6b4b7, 0xe6b4b8, 0xe6b4ba, 0xe6b4bf,
    0xe6b580, 0xe6b582, 0xe6b584, 0xe6b589, 0xe6b58c, 0xe6b590, 0xe6b595, 0xe6b596, 0xe6b597,
    0xe6b598, 0xe6b59b, 0xe6b59d, 0xe6b59f, 0xe6b5a1, 0xe6b5a2, 0xe6b5a4, 0xe6b5a5, 0xe6b5a7,
    0xe6b5a8, 0xe6b5ab, 0xe6b5ac, 0xe6b5ad, 0xe6b5b0, 0xe6b5b1, 0xe6b5b2, 0xe6b5b3, 0xe6b5b5,
    0xe6b5b6, 0xe6b5b9, 0xe6b5ba, 0xe6b5bb, 0xe6b5bd, 0xe6b5be, 0xe6b5bf, 0xe6b680, 0xe6b681,
    0xe6b683, 0xe6b684, 0xe6b686, 0xe6b687, 0xe6b68a, 0xe6b68b, 0xe6b68d, 0xe6b68f, 0xe6b690,
    0xe6b692, 0xe6b696, 0xe6b697, 0xe6b698, 0xe6b699, 0xe6b69a, 0xe6b69c, 0xe6b6a2, 0xe6b6a5,
    0xe6b6ac, 0xe6b6ad, 0xe6b6b0, 0xe6b6b1, 0xe6b6b3, 0xe6b6b4, 0xe6b6b6, 0xe6b6b7, 0xe6b6b9,
    0xe6b6ba, 0xe6b6bb, 0xe6b6bc, 0xe6b6bd, 0xe6b6be, 0xe6b781, 0xe6b782, 0xe6b783, 0xe6b788,
    0xe6b789, 0xe6b78a, 0xe6b78d, 0xe6b78e, 0xe6b78f, 0xe6b790, 0xe6b792, 0xe6b793, 0xe6b794,
    0xe6b795, 0xe6b797, 0xe6b79a, 0xe6b79b, 0xe6b79c, 0xe6b79f, 0xe6b7a2, 0xe6b7a3, 0xe6b7a5,
    0xe6b7a7, 0xe6b7a8, 0xe6b7a9, 0xe6b7aa, 0xe6b7ad, 0xe6b7af, 0xe6b7b0, 0xe6b7b2, 0xe6b7b4,
    0xe6b7b5, 0xe6b7b6, 0xe6b7b8, 0xe6b7ba, 0xe6b7bd, 0xe6b7be, 0xe6b7bf, 0xe6b880, 0xe6b881,
    0xe6b882, 0xe6b883, 0xe6b884, 0xe6b886, 0xe6b887, 0xe6b888, 0xe6b889, 0xe6b88b, 0xe6b88f,
    0xe6b892, 0xe6b893, 0xe6b895, 0xe6b898, 0xe6b899, 0xe6b89b, 0xe6b89c, 0xe6b89e, 0xe6b89f,
    0xe6b8a2, 0xe6b8a6, 0xe6b8a7, 0xe6b8a8, 0xe6b8aa, 0xe6b8ac, 0xe6b8ae, 0xe6b8b0, 0xe6b8b1,
    0xe6b8b3, 0xe6b8b5, 0x000000, 0xe6b8b6, 0xe6b8b7, 0xe6b8b9, 0xe6b8bb, 0xe6b8bc, 0xe6b8bd,
    0xe6b8be, 0xe6b8bf, 0xe6b980, 0xe6b981, 0xe6b982, 0xe6b985, 0xe6b986, 0xe6b987, 0xe6b988,
    0xe6b989, 0xe6b98a, 0xe6b98b, 0xe6b98c, 0xe6b98f, 0xe6b990, 0xe6b991, 0xe6b992, 0xe6b995,
    0xe6b997, 0xe6b999, 0xe6b99a, 0xe6b99c, 0xe6b99d, 0xe6b99e, 0xe6b9a0, 0xe6b9a1, 0xe6b9a2,
    0xe6b9a3, 0xe6b9a4, 0xe6b9a5, 0xe6b9a6, 0xe6b9a7, 0xe6b9a8, 0xe6b9a9, 0xe6b9aa, 0xe6b9ac,
    0xe6b9ad, 0xe6b9af, 0xe6b9b0, 0xe6b9b1, 0xe6b9b2, 0xe6b9b3, 0xe6b9b4, 0xe6b9b5, 0xe6b9b6,
    0xe6b9b7, 0xe6b9b8, 0xe6b9b9, 0xe6b9ba, 0xe6b9bb, 0xe6b9bc, 0xe6b9bd, 0xe6ba80, 0xe6ba81,
    0xe6ba82, 0xe6ba84, 0xe6ba87, 0xe6ba88, 0xe6ba8a, 0xe6ba8b, 0xe6ba8c, 0xe6ba8d, 0xe6ba8e,
    0xe6ba91, 0xe6ba92, 0xe6ba93, 0xe6ba94, 0xe6ba95, 0xe6ba96, 0xe6ba97, 0xe6ba99, 0xe6ba9a,
    0xe6ba9b, 0xe6ba9d, 0xe6ba9e, 0xe6baa0, 0xe6baa1, 0xe6baa3, 0xe6baa4, 0xe6baa6, 0xe6baa8,
    0xe6baa9, 0xe6baab, 0xe6baac, 0xe6baad, 0xe6baae, 0xe6bab0, 0xe6bab3, 0xe6bab5, 0xe6bab8,
    0xe6bab9, 0xe6babc, 0xe6babe, 0xe6babf, 0xe6bb80, 0xe6bb83, 0xe6bb84, 0xe6bb85, 0xe6bb86,
    0xe6bb88, 0xe6bb89, 0xe6bb8a, 0xe6bb8c, 0xe6bb8d, 0xe6bb8e, 0xe6bb90, 0xe6bb92, 0xe6bb96,
    0xe6bb98, 0xe6bb99, 0xe6bb9b, 0xe6bb9c, 0xe6bb9d, 0xe6bba3, 0xe6bba7, 0xe6bbaa, 0xe6bbab,
    0xe6bbac, 0xe6bbad, 0xe6bbae, 0xe6bbaf, 0xe6bbb0, 0xe6bbb1, 0xe6bbb2, 0xe6bbb3, 0xe6bbb5,
    0xe6bbb6, 0xe6bbb7, 0xe6bbb8, 0xe6bbba, 0xe6bbbb, 0xe6bbbc, 0xe6bbbd, 0xe6bbbe, 0xe6bbbf,
    0xe6bc80, 0xe6bc81, 0xe6bc83, 0xe6bc84, 0xe6bc85, 0xe6bc87, 0xe6bc88, 0xe6bc8a, 0xe6bc8b,
    0xe6bc8c, 0xe6bc8d, 0xe6bc8e, 0xe6bc90, 0xe6bc91, 0xe6bc92, 0xe6bc96, 0xe6bc97, 0xe6bc98,
    0xe6bc99, 0xe6bc9a, 0xe6bc9b, 0xe6bc9c, 0xe6bc9d, 0xe6bc9e, 0xe6bc9f, 0xe6bca1, 0xe6bca2,
    0xe6bca3, 0xe6bca5, 0xe6bca6, 0xe6bca7, 0xe6bca8, 0xe6bcac, 0xe6bcae, 0xe6bcb0, 0xe6bcb2,
    0xe6bcb4, 0xe6bcb5, 0xe6bcb7, 0xe6bcb8, 0xe6bcb9, 0xe6bcba, 0xe6bcbb, 0xe6bcbc, 0xe6bcbd,
    0xe6bcbf, 0xe6bd80, 0xe6bd81, 0xe6bd82, 0x000000, 0xe6bd83, 0xe6bd84, 0xe6bd85, 0xe6bd88,
    0xe6bd89, 0xe6bd8a, 0xe6bd8c, 0xe6bd8e, 0xe6bd8f, 0xe6bd90, 0xe6bd91, 0xe6bd92, 0xe6bd93,
    0xe6bd94, 0xe6bd95, 0xe6bd96, 0xe6bd97, 0xe6bd99, 0xe6bd9a, 0xe6bd9b, 0xe6bd9d, 0xe6bd9f,
    0xe6bda0, 0xe6bda1, 0xe6bda3, 0xe6bda4, 0xe6bda5, 0xe6bda7, 0xe6bda8, 0xe6bda9, 0xe6bdaa,
    0xe6bdab, 0xe6bdac, 0xe6bdaf, 0xe6bdb0, 0xe6bdb1, 0xe6bdb3, 0xe6bdb5, 0xe6bdb6, 0xe6bdb7,
    0xe6bdb9, 0xe6bdbb, 0xe6bdbd, 0xe6bdbe, 0xe6bdbf, 0xe6be80, 0xe6be81, 0xe6be82, 0xe6be83,
    0xe6be85, 0xe6be86, 0xe6be87, 0xe6be8a, 0xe6be8b, 0xe6be8f, 0xe6be90, 0xe6be91, 0xe6be92,
    0xe6be93, 0xe6be94, 0xe6be95, 0xe6be96, 0xe6be97, 0xe6be98, 0xe6be99, 0xe6be9a, 0xe6be9b,
    0xe6be9d, 0xe6be9e, 0xe6be9f, 0xe6bea0, 0xe6bea2, 0xe6bea3, 0xe6bea4, 0xe6bea5, 0xe6bea6,
    0xe6bea8, 0xe6bea9, 0xe6beaa, 0xe6beab, 0xe6beac, 0xe6bead, 0xe6beae, 0xe6beaf, 0xe6beb0,
    0xe6beb1, 0xe6beb2, 0xe6beb4, 0xe6beb5, 0xe6beb7, 0xe6beb8, 0xe6beba, 0xe6bebb, 0xe6bebc,
    0xe6bebd, 0xe6bebe, 0xe6bebf, 0xe6bf81, 0xe6bf83, 0xe6bf84, 0xe6bf85, 0xe6bf86, 0xe6bf87,
    0xe6bf88, 0xe6bf8a, 0xe6bf8b, 0xe6bf8c, 0xe6bf8d, 0xe6bf8e, 0xe6bf8f, 0xe6bf90, 0xe6bf93,
    0xe6bf94, 0xe6bf95, 0xe6bf96, 0xe6bf97, 0xe6bf98, 0xe6bf99, 0xe6bf9a, 0xe6bf9b, 0xe6bf9c,
    0xe6bf9d, 0xe6bf9f, 0xe6bfa2, 0xe6bfa3, 0xe6bfa4, 0xe6bfa5, 0xe6bfa6, 0xe6bfa7, 0xe6bfa8,
    0xe6bfa9, 0xe6bfaa, 0xe6bfab, 0xe6bfac, 0xe6bfad, 0xe6bfb0, 0xe6bfb1, 0xe6bfb2, 0xe6bfb3,
    0xe6bfb4, 0xe6bfb5, 0xe6bfb6, 0xe6bfb7, 0xe6bfb8, 0xe6bfb9, 0xe6bfba, 0xe6bfbb, 0xe6bfbc,
    0xe6bfbd, 0xe6bfbe, 0xe6bfbf, 0xe78080, 0xe78081, 0xe78082, 0xe78083, 0xe78084, 0xe78085,
    0xe78086, 0xe78087, 0xe78088, 0xe78089, 0xe7808a, 0xe7808b, 0xe7808c, 0xe7808d, 0xe7808e,
    0xe7808f, 0xe78090, 0xe78092, 0xe78093, 0xe78094, 0xe78095, 0xe78096, 0xe78097, 0xe78098,
    0xe78099, 0xe7809c, 0xe7809d, 0xe7809e, 0xe7809f, 0xe780a0, 0xe780a1, 0xe780a2, 0xe780a4,
    0xe780a5, 0xe780a6, 0xe780a7, 0xe780a8, 0xe780a9, 0xe780aa, 0x000000, 0xe780ab, 0xe780ac,
    0xe780ad, 0xe780ae, 0xe780af, 0xe780b0, 0xe780b1, 0xe780b2, 0xe780b3, 0xe780b4, 0xe780b6,
    0xe780b7, 0xe780b8, 0xe780ba, 0xe780bb, 0xe780bc, 0xe780bd, 0xe780be, 0xe780bf, 0xe78180,
    0xe78181, 0xe78182, 0xe78183, 0xe78184, 0xe78185, 0xe78186, 0xe78187, 0xe78188, 0xe78189,
    0xe7818a, 0xe7818b, 0xe7818d, 0xe7818e, 0xe78190, 0xe78191, 0xe78192, 0xe78193, 0xe78194,
    0xe78195, 0xe78196, 0xe78197, 0xe78198, 0xe78199, 0xe7819a, 0xe7819b, 0xe7819c, 0xe7819d,
    0xe7819f, 0xe781a0, 0xe781a1, 0xe781a2, 0xe781a3, 0xe781a4, 0xe781a5, 0xe781a6, 0xe781a7,
    0xe781a8, 0xe781a9, 0xe781aa, 0xe781ae, 0xe781b1, 0xe781b2, 0xe781b3, 0xe781b4, 0xe781b7,
    0xe781b9, 0xe781ba, 0xe781bb, 0xe781bd, 0xe78281, 0xe78282, 0xe78283, 0xe78284, 0xe78286,
    0xe78287, 0xe78288, 0xe7828b, 0xe7828c, 0xe7828d, 0xe7828f, 0xe78290, 0xe78291, 0xe78293,
    0xe78297, 0xe78298, 0xe7829a, 0xe7829b, 0xe7829e, 0xe7829f, 0xe782a0, 0xe782a1, 0xe782a2,
    0xe782a3, 0xe782a4, 0xe782a5, 0xe782a6, 0xe782a7, 0xe782a8, 0xe782a9, 0xe782aa, 0xe782b0,
    0xe782b2, 0xe782b4, 0xe782b5, 0xe782b6, 0xe782ba, 0xe782be, 0xe782bf, 0xe78384, 0xe78385,
    0xe78386, 0xe78387, 0xe78389, 0xe7838b, 0xe7838c, 0xe7838d, 0xe7838e, 0xe7838f, 0xe78390,
    0xe78391, 0xe78392, 0xe78393, 0xe78394, 0xe78395, 0xe78396, 0xe78397, 0xe7839a, 0xe7839c,
    0xe7839d, 0xe7839e, 0xe783a0, 0xe783a1, 0xe783a2, 0xe783a3, 0xe783a5, 0xe783aa, 0xe783ae,
    0xe783b0, 0xe783b1, 0xe783b2, 0xe783b3, 0xe783b4, 0xe783b5, 0xe783b6, 0xe783b8, 0xe783ba,
    0xe783bb, 0xe783bc, 0xe783be, 0xe783bf, 0xe78480, 0xe78481, 0xe78482, 0xe78483, 0xe78484,
    0xe78485, 0xe78486, 0xe78487, 0xe78488, 0xe7848b, 0xe7848c, 0xe7848d, 0xe7848e, 0xe7848f,
    0xe78491, 0xe78492, 0xe78494, 0xe78497, 0xe7849b, 0xe7849c, 0xe7849d, 0xe7849e, 0xe7849f,
    0xe784a0, 0xe784a1, 0xe784a2, 0xe784a3, 0xe784a4, 0xe784a5, 0xe784a7, 0xe784a8, 0xe784a9,
    0xe784aa, 0xe784ab, 0xe784ac, 0xe784ad, 0xe784ae, 0xe784b2, 0xe784b3, 0xe784b4, 0x000000,
    0xe784b5, 0xe784b7, 0xe784b8, 0xe784b9, 0xe784ba, 0xe784bb, 0xe784bc, 0xe784bd, 0xe784be,
    0xe784bf, 0xe78580, 0xe78581, 0xe78582, 0xe78583, 0xe78584, 0xe78586, 0xe78587, 0xe78588,
    0xe78589, 0xe7858b, 0xe7858d, 0xe7858f, 0xe78590, 0xe78591, 0xe78592, 0xe78593, 0xe78594,
    0xe78595, 0xe78596, 0xe78597, 0xe78598, 0xe78599, 0xe7859a, 0xe7859b, 0xe7859d, 0xe7859f,
    0xe785a0, 0xe785a1, 0xe785a2, 0xe785a3, 0xe785a5, 0xe785a9, 0xe785aa, 0xe785ab, 0xe785ac,
    0xe785ad, 0xe785af, 0xe785b0, 0xe785b1, 0xe785b4, 0xe785b5, 0xe785b6, 0xe785b7, 0xe785b9,
    0xe785bb, 0xe785bc, 0xe785be, 0xe785bf, 0xe78680, 0xe78681, 0xe78682, 0xe78683, 0xe78685,
    0xe78686, 0xe78687, 0xe78688, 0xe78689, 0xe7868b, 0xe7868c, 0xe7868d, 0xe7868e, 0xe78690,
    0xe78691, 0xe78692, 0xe78693, 0xe78695, 0xe78696, 0xe78697, 0xe7869a, 0xe7869b, 0xe7869c,
    0xe7869d, 0xe7869e, 0xe786a1, 0xe786a2, 0xe786a3, 0xe786a4, 0xe786a5, 0xe786a6, 0xe786a7,
    0xe786a9, 0xe786aa, 0xe786ab, 0xe786ad, 0xe786ae, 0xe786af, 0xe786b0, 0xe786b1, 0xe786b2,
    0xe786b4, 0xe786b6, 0xe786b7, 0xe786b8, 0xe786ba, 0xe786bb, 0xe786bc, 0xe786bd, 0xe786be,
    0xe786bf, 0xe78780, 0xe78781, 0xe78782, 0xe78784, 0xe78785, 0xe78786, 0xe78787, 0xe78788,
    0xe78789, 0xe7878a, 0xe7878b, 0xe7878c, 0xe7878d, 0xe7878f, 0xe78790, 0xe78791, 0xe78792,
    0xe78793, 0xe78796, 0xe78797, 0xe78798, 0xe78799, 0xe7879a, 0xe7879b, 0xe7879c, 0xe7879d,
    0xe7879e, 0xe7879f, 0xe787a1, 0xe787a2, 0xe787a3, 0xe787a4, 0xe787a6, 0xe787a8, 0xe787a9,
    0xe787aa, 0xe787ab, 0xe787ac, 0xe787ad, 0xe787af, 0xe787b0, 0xe787b1, 0xe787b2, 0xe787b3,
    0xe787b4, 0xe787b5, 0xe787b6, 0xe787b7, 0xe787b8, 0xe787ba, 0xe787bb, 0xe787bc, 0xe787bd,
    0xe787be, 0xe787bf, 0xe78880, 0xe78881, 0xe78882, 0xe78883, 0xe78884, 0xe78885, 0xe78887,
    0xe78888, 0xe78889, 0xe7888a, 0xe7888b, 0xe7888c, 0xe7888d, 0xe7888e, 0xe7888f, 0xe78890,
    0xe78891, 0xe78892, 0xe78893, 0xe78894, 0xe78895, 0xe78896, 0xe78897, 0xe78898, 0xe78899,
    0xe7889a, 0x000000, 0xe7889b, 0xe7889c, 0xe7889e, 0xe7889f, 0xe788a0, 0xe788a1, 0xe788a2,
    0xe788a3, 0xe788a4, 0xe788a5, 0xe788a6, 0xe788a7, 0xe788a9, 0xe788ab, 0xe788ad, 0xe788ae,
    0xe788af, 0xe788b2, 0xe788b3, 0xe788b4, 0xe788ba, 0xe788bc, 0xe788be, 0xe78980, 0xe78981,
    0xe78982, 0xe78983, 0xe78984, 0xe78985, 0xe78986, 0xe78989, 0xe7898a, 0xe7898b, 0xe7898e,
    0xe7898f, 0xe78990, 0xe78991, 0xe78993, 0xe78994, 0xe78995, 0xe78997, 0xe78998, 0xe7899a,
    0xe7899c, 0xe7899e, 0xe789a0, 0xe789a3, 0xe789a4, 0xe789a5, 0xe789a8, 0xe789aa, 0xe789ab,
    0xe789ac, 0xe789ad, 0xe789b0, 0xe789b1, 0xe789b3, 0xe789b4, 0xe789b6, 0xe789b7, 0xe789b8,
    0xe789bb, 0xe789bc, 0xe789bd, 0xe78a82, 0xe78a83, 0xe78a85, 0xe78a86, 0xe78a87, 0xe78a88,
    0xe78a89, 0xe78a8c, 0xe78a8e, 0xe78a90, 0xe78a91, 0xe78a93, 0xe78a94, 0xe78a95, 0xe78a96,
    0xe78a97, 0xe78a98, 0xe78a99, 0xe78a9a, 0xe78a9b, 0xe78a9c, 0xe78a9d, 0xe78a9e, 0xe78aa0,
    0xe78aa1, 0xe78aa2, 0xe78aa3, 0xe78aa4, 0xe78aa5, 0xe78aa6, 0xe78aa7, 0xe78aa8, 0xe78aa9,
    0xe78aaa, 0xe78aab, 0xe78aae, 0xe78ab1, 0xe78ab2, 0xe78ab3, 0xe78ab5, 0xe78aba, 0xe78abb,
    0xe78abc, 0xe78abd, 0xe78abe, 0xe78abf, 0xe78b80, 0xe78b85, 0xe78b86, 0xe78b87, 0xe78b89,
    0xe78b8a, 0xe78b8b, 0xe78b8c, 0xe78b8f, 0xe78b91, 0xe78b93, 0xe78b94, 0xe78b95, 0xe78b96,
    0xe78b98, 0xe78b9a, 0xe78b9b, 0xee9386, 0xee9387, 0xee9388, 0xee9389, 0xee938a, 0xee938b,
    0xee938c, 0xee938d, 0xee938e, 0xee938f, 0xee9390, 0xee9391, 0xee9392, 0xee9393, 0xee9394,
    0xee9395, 0xee9396, 0xee9397, 0xee9398, 0xee9399, 0xee939a, 0xee939b, 0xee939c, 0xee939d,
    0xee939e, 0xee939f, 0xee93a0, 0xee93a1, 0xee93a2, 0xee93a3, 0xee93a4, 0xee93a5, 0xee93a6,
    0xee93a7, 0xee93a8, 0xee93a9, 0xee93aa, 0xee93ab, 0xee93ac, 0xee93ad, 0xee93ae, 0xee93af,
    0xee93b0, 0xee93b1, 0xee93b2, 0xee93b3, 0xee93b4, 0xee93b5, 0xee93b6, 0xee93b7, 0xee93b8,
    0xee93b9, 0xee93ba, 0xee93bb, 0xee93bc, 0xee93bd, 0xee93be, 0xee93bf, 0xee9480, 0xee9481,
    0xee9482, 0xee9483, 0xee9484, 0x000000, 0xee9485, 0xee9486, 0xee9487, 0xee9488, 0xee9489,
    0xee948a, 0xee948b, 0xee948c, 0xee948d, 0xee948e, 0xee948f, 0xee9490, 0xee9491, 0xee9492,
    0xee9493, 0xee9494, 0xee9495, 0xee9496, 0xee9497, 0xee9498, 0xee9499, 0xee949a, 0xee949b,
    0xee949c, 0xee949d, 0xee949e, 0xee949f, 0xee94a0, 0xee94a1, 0xee94a2, 0xee94a3, 0xee94a4,
    0xee94a5, 0xe38080, 0xe38081, 0xe38082, 0x00c2b7, 0x00cb89, 0x00cb87, 0x00c2a8, 0xe38083,
    0xe38085, 0xe28094, 0xefbd9e, 0xe28096, 0xe280a6, 0xe28098, 0xe28099, 0xe2809c, 0xe2809d,
    0xe38094, 0xe38095, 0xe38088, 0xe38089, 0xe3808a, 0xe3808b, 0xe3808c, 0xe3808d, 0xe3808e,
    0xe3808f, 0xe38096, 0xe38097, 0xe38090, 0xe38091, 0x00c2b1, 0x00c397, 0x00c3b7, 0xe288b6,
    0xe288a7, 0xe288a8, 0xe28891, 0xe2888f, 0xe288aa, 0xe288a9, 0xe28888, 0xe288b7, 0xe2889a,
    0xe28aa5, 0xe288a5, 0xe288a0, 0xe28c92, 0xe28a99, 0xe288ab, 0xe288ae, 0xe289a1, 0xe2898c,
    0xe28988, 0xe288bd, 0xe2889d, 0xe289a0, 0xe289ae, 0xe289af, 0xe289a4, 0xe289a5, 0xe2889e,
    0xe288b5, 0xe288b4, 0xe29982, 0xe29980, 0x00c2b0, 0xe280b2, 0xe280b3, 0xe28483, 0xefbc84,
    0x00c2a4, 0xefbfa0, 0xefbfa1, 0xe280b0, 0x00c2a7, 0xe28496, 0xe29886, 0xe29885, 0xe2978b,
    0xe2978f, 0xe2978e, 0xe29787, 0xe29786, 0xe296a1, 0xe296a0, 0xe296b3, 0xe296b2, 0xe280bb,
    0xe28692, 0xe28690, 0xe28691, 0xe28693, 0xe38093, 0xee94a6, 0xee94a7, 0xee94a8, 0xee94a9,
    0xee94aa, 0xee94ab, 0xee94ac, 0xee94ad, 0xee94ae, 0xee94af, 0xee94b0, 0xee94b1, 0xee94b2,
    0xee94b3, 0xee94b4, 0xee94b5, 0xee94b6, 0xee94b7, 0xee94b8, 0xee94b9, 0xee94ba, 0xee94bb,
    0xee94bc, 0xee94bd, 0xee94be, 0xee94bf, 0xee9580, 0xee9581, 0xee9582, 0xee9583, 0xee9584,
    0xee9585, 0xee9586, 0xee9587, 0xee9588, 0xee9589, 0xee958a, 0xee958b, 0xee958c, 0xee958d,
    0xee958e, 0xee958f, 0xee9590, 0xee9591, 0xee9592, 0xee9593, 0xee9594, 0xee9595, 0xee9596,
    0xee9597, 0xee9598, 0xee9599, 0xee959a, 0xee959b, 0xee959c, 0xee959d, 0xee959e, 0xee959f,
    0xee95a0, 0xee95a1, 0xee95a2, 0xee95a3, 0xee95a4, 0x000000, 0xee95a5, 0xee95a6, 0xee95a7,
    0xee95a8, 0xee95a9, 0xee95aa, 0xee95ab, 0xee95ac, 0xee95ad, 0xee95ae, 0xee95af, 0xee95b0,
    0xee95b1, 0xee95b2, 0xee95b3, 0xee95b4, 0xee95b5, 0xee95b6, 0xee95b7, 0xee95b8, 0xee95b9,
    0xee95ba, 0xee95bb, 0xee95bc, 0xee95bd, 0xee95be, 0xee95bf, 0xee9680, 0xee9681, 0xee9682,
    0xee9683, 0xee9684, 0xee9685, 0xe285b0, 0xe285b1, 0xe285b2, 0xe285b3, 0xe285b4, 0xe285b5,
    0xe285b6, 0xe285b7, 0xe285b8, 0xe285b9, 0xee9da6, 0xee9da7, 0xee9da8, 0xee9da9, 0xee9daa,
    0xee9dab, 0xe29288, 0xe29289, 0xe2928a, 0xe2928b, 0xe2928c, 0xe2928d, 0xe2928e, 0xe2928f,
    0xe29290, 0xe29291, 0xe29292, 0xe29293, 0xe29294, 0xe29295, 0xe29296, 0xe29297, 0xe29298,
    0xe29299, 0xe2929a, 0xe2929b, 0xe291b4, 0xe291b5, 0xe291b6, 0xe291b7, 0xe291b8, 0xe291b9,
    0xe291ba, 0xe291bb, 0xe291bc, 0xe291bd, 0xe291be, 0xe291bf, 0xe29280, 0xe29281, 0xe29282,
    0xe29283, 0xe29284, 0xe29285, 0xe29286, 0xe29287, 0xe291a0, 0xe291a1, 0xe291a2, 0xe291a3,
    0xe291a4, 0xe291a5, 0xe291a6, 0xe291a7, 0xe291a8, 0xe291a9, 0xe282ac, 0xee9dad, 0xe388a0,
    0xe388a1, 0xe388a2, 0xe388a3, 0xe388a4, 0xe388a5, 0xe388a6, 0xe388a7, 0xe388a8, 0xe388a9,
    0xee9dae, 0xee9daf, 0xe285a0, 0xe285a1, 0xe285a2, 0xe285a3, 0xe285a4, 0xe285a5, 0xe285a6,
    0xe285a7, 0xe285a8, 0xe285a9, 0xe285aa, 0xe285ab, 0xee9db0, 0xee9db1, 0xee9686, 0xee9687,
    0xee9688, 0xee9689, 0xee968a, 0xee968b, 0xee968c, 0xee968d, 0xee968e, 0xee968f, 0xee9690,
    0xee9691, 0xee9692, 0xee9693, 0xee9694, 0xee9695, 0xee9696, 0xee9697, 0xee9698, 0xee9699,
    0xee969a, 0xee969b, 0xee969c, 0xee969d, 0xee969e, 0xee969f, 0xee96a0, 0xee96a1, 0xee96a2,
    0xee96a3, 0xee96a4, 0xee96a5, 0xee96a6, 0xee96a7, 0xee96a8, 0xee96a9, 0xee96aa, 0xee96ab,
    0xee96ac, 0xee96ad, 0xee96ae, 0xee96af, 0xee96b0, 0xee96b1, 0xee96b2, 0xee96b3, 0xee96b4,
    0xee96b5, 0xee96b6, 0xee96b7, 0xee96b8, 0xee96b9, 0xee96ba, 0xee96bb, 0xee96bc, 0xee96bd,
    0xee96be, 0xee96bf, 0xee9780, 0xee9781, 0xee9782, 0xee9783, 0xee9784, 0x000000, 0xee9785,
    0xee9786, 0xee9787, 0xee9788, 0xee9789, 0xee978a, 0xee978b, 0xee978c, 0xee978d, 0xee978e,
    0xee978f, 0xee9790, 0xee9791, 0xee9792, 0xee9793, 0xee9794, 0xee9795, 0xee9796, 0xee9797,
    0xee9798, 0xee9799, 0xee979a, 0xee979b, 0xee979c, 0xee979d, 0xee979e, 0xee979f, 0xee97a0,
    0xee97a1, 0xee97a2, 0xee97a3, 0xee97a4, 0xee97a5, 0xefbc81, 0xefbc82, 0xefbc83, 0xefbfa5,
    0xefbc85, 0xefbc86, 0xefbc87, 0xefbc88, 0xefbc89, 0xefbc8a, 0xefbc8b, 0xefbc8c, 0xefbc8d,
    0xefbc8e, 0xefbc8f, 0xefbc90, 0xefbc91, 0xefbc92, 0xefbc93, 0xefbc94, 0xefbc95, 0xefbc96,
    0xefbc97, 0xefbc98, 0xefbc99, 0xefbc9a, 0xefbc9b, 0xefbc9c, 0xefbc9d, 0xefbc9e, 0xefbc9f,
    0xefbca0, 0xefbca1, 0xefbca2, 0xefbca3, 0xefbca4, 0xefbca5, 0xefbca6, 0xefbca7, 0xefbca8,
    0xefbca9, 0xefbcaa, 0xefbcab, 0xefbcac, 0xefbcad, 0xefbcae, 0xefbcaf, 0xefbcb0, 0xefbcb1,
    0xefbcb2, 0xefbcb3, 0xefbcb4, 0xefbcb5, 0xefbcb6, 0xefbcb7, 0xefbcb8, 0xefbcb9, 0xefbcba,
    0xefbcbb, 0xefbcbc, 0xefbcbd, 0xefbcbe, 0xefbcbf, 0xefbd80, 0xefbd81, 0xefbd82, 0xefbd83,
    0xefbd84, 0xefbd85, 0xefbd86, 0xefbd87, 0xefbd88, 0xefbd89, 0xefbd8a, 0xefbd8b, 0xefbd8c,
    0xefbd8d, 0xefbd8e, 0xefbd8f, 0xefbd90, 0xefbd91, 0xefbd92, 0xefbd93, 0xefbd94, 0xefbd95,
    0xefbd96, 0xefbd97, 0xefbd98, 0xefbd99, 0xefbd9a, 0xefbd9b, 0xefbd9c, 0xefbd9d, 0xefbfa3,
    0xee97a6, 0xee97a7, 0xee97a8, 0xee97a9, 0xee97aa, 0xee97ab, 0xee97ac, 0xee97ad, 0xee97ae,
    0xee97af, 0xee97b0, 0xee97b1, 0xee97b2, 0xee97b3, 0xee97b4, 0xee97b5, 0xee97b6, 0xee97b7,
    0xee97b8, 0xee97b9, 0xee97ba, 0xee97bb, 0xee97bc, 0xee97bd, 0xee97be, 0xee97bf, 0xee9880,
    0xee9881, 0xee9882, 0xee9883, 0xee9884, 0xee9885, 0xee9886, 0xee9887, 0xee9888, 0xee9889,
    0xee988a, 0xee988b, 0xee988c, 0xee988d, 0xee988e, 0xee988f, 0xee9890, 0xee9891, 0xee9892,
    0xee9893, 0xee9894, 0xee9895, 0xee9896, 0xee9897, 0xee9898, 0xee9899, 0xee989a, 0xee989b,
    0xee989c, 0xee989d, 0xee989e, 0xee989f, 0xee98a0, 0xee98a1, 0xee98a2, 0xee98a3, 0xee98a4,
    0x000000, 0xee98a5, 0xee98a6, 0xee98a7, 0xee98a8, 0xee98a9, 0xee98aa, 0xee98ab, 0xee98ac,
    0xee98ad, 0xee98ae, 0xee98af, 0xee98b0, 0xee98b1, 0xee98b2, 0xee98b3, 0xee98b4, 0xee98b5,
    0xee98b6, 0xee98b7, 0xee98b8, 0xee98b9, 0xee98ba, 0xee98bb, 0xee98bc, 0xee98bd, 0xee98be,
    0xee98bf, 0xee9980, 0xee9981, 0xee9982, 0xee9983, 0xee9984, 0xee9985, 0xe38181, 0xe38182,
    0xe38183, 0xe38184, 0xe38185, 0xe38186, 0xe38187, 0xe38188, 0xe38189, 0xe3818a, 0xe3818b,
    0xe3818c, 0xe3818d, 0xe3818e, 0xe3818f, 0xe38190, 0xe38191, 0xe38192, 0xe38193, 0xe38194,
    0xe38195, 0xe38196, 0xe38197, 0xe38198, 0xe38199, 0xe3819a, 0xe3819b, 0xe3819c, 0xe3819d,
    0xe3819e, 0xe3819f, 0xe381a0, 0xe381a1, 0xe381a2, 0xe381a3, 0xe381a4, 0xe381a5, 0xe381a6,
    0xe381a7, 0xe381a8, 0xe381a9, 0xe381aa, 0xe381ab, 0xe381ac, 0xe381ad, 0xe381ae, 0xe381af,
    0xe381b0, 0xe381b1, 0xe381b2, 0xe381b3, 0xe381b4, 0xe381b5, 0xe381b6, 0xe381b7, 0xe381b8,
    0xe381b9, 0xe381ba, 0xe381bb, 0xe381bc, 0xe381bd, 0xe381be, 0xe381bf, 0xe38280, 0xe38281,
    0xe38282, 0xe38283, 0xe38284, 0xe38285, 0xe38286, 0xe38287, 0xe38288, 0xe38289, 0xe3828a,
    0xe3828b, 0xe3828c, 0xe3828d, 0xe3828e, 0xe3828f, 0xe38290, 0xe38291, 0xe38292, 0xe38293,
    0xee9db2, 0xee9db3, 0xee9db4, 0xee9db5, 0xee9db6, 0xee9db7, 0xee9db8, 0xee9db9, 0xee9dba,
    0xee9dbb, 0xee9dbc, 0xee9986, 0xee9987, 0xee9988, 0xee9989, 0xee998a, 0xee998b, 0xee998c,
    0xee998d, 0xee998e, 0xee998f, 0xee9990, 0xee9991, 0xee9992, 0xee9993, 0xee9994, 0xee9995,
    0xee9996, 0xee9997, 0xee9998, 0xee9999, 0xee999a, 0xee999b, 0xee999c, 0xee999d, 0xee999e,
    0xee999f, 0xee99a0, 0xee99a1, 0xee99a2, 0xee99a3, 0xee99a4, 0xee99a5, 0xee99a6, 0xee99a7,
    0xee99a8, 0xee99a9, 0xee99aa, 0xee99ab, 0xee99ac, 0xee99ad, 0xee99ae, 0xee99af, 0xee99b0,
    0xee99b1, 0xee99b2, 0xee99b3, 0xee99b4, 0xee99b5, 0xee99b6, 0xee99b7, 0xee99b8, 0xee99b9,
    0xee99ba, 0xee99bb, 0xee99bc, 0xee99bd, 0xee99be, 0xee99bf, 0xee9a80, 0xee9a81, 0xee9a82,
    0xee9a83, 0xee9a84, 0x000000, 0xee9a85, 0xee9a86, 0xee9a87, 0xee9a88, 0xee9a89, 0xee9a8a,
    0xee9a8b, 0xee9a8c, 0xee9a8d, 0xee9a8e, 0xee9a8f, 0xee9a90, 0xee9a91, 0xee9a92, 0xee9a93,
    0xee9a94, 0xee9a95, 0xee9a96, 0xee9a97, 0xee9a98, 0xee9a99, 0xee9a9a, 0xee9a9b, 0xee9a9c,
    0xee9a9d, 0xee9a9e, 0xee9a9f, 0xee9aa0, 0xee9aa1, 0xee9aa2, 0xee9aa3, 0xee9aa4, 0xee9aa5,
    0xe382a1, 0xe382a2, 0xe382a3, 0xe382a4, 0xe382a5, 0xe382a6, 0xe382a7, 0xe382a8, 0xe382a9,
    0xe382aa, 0xe382ab, 0xe382ac, 0xe382ad, 0xe382ae, 0xe382af, 0xe382b0, 0xe382b1, 0xe382b2,
    0xe382b3, 0xe382b4, 0xe382b5, 0xe382b6, 0xe382b7, 0xe382b8, 0xe382b9, 0xe382ba, 0xe382bb,
    0xe382bc, 0xe382bd, 0xe382be, 0xe382bf, 0xe38380, 0xe38381, 0xe38382, 0xe38383, 0xe38384,
    0xe38385, 0xe38386, 0xe38387, 0xe38388, 0xe38389, 0xe3838a, 0xe3838b, 0xe3838c, 0xe3838d,
    0xe3838e, 0xe3838f, 0xe38390, 0xe38391, 0xe38392, 0xe38393, 0xe38394, 0xe38395, 0xe38396,
    0xe38397, 0xe38398, 0xe38399, 0xe3839a, 0xe3839b, 0xe3839c, 0xe3839d, 0xe3839e, 0xe3839f,
    0xe383a0, 0xe383a1, 0xe383a2, 0xe383a3, 0xe383a4, 0xe383a5, 0xe383a6, 0xe383a7, 0xe383a8,
    0xe383a9, 0xe383aa, 0xe383ab, 0xe383ac, 0xe383ad, 0xe383ae, 0xe383af, 0xe383b0, 0xe383b1,
    0xe383b2, 0xe383b3, 0xe383b4, 0xe383b5, 0xe383b6, 0xee9dbd, 0xee9dbe, 0xee9dbf, 0xee9e80,
    0xee9e81, 0xee9e82, 0xee9e83, 0xee9e84, 0xee9aa6, 0xee9aa7, 0xee9aa8, 0xee9aa9, 0xee9aaa,
    0xee9aab, 0xee9aac, 0xee9aad, 0xee9aae, 0xee9aaf, 0xee9ab0, 0xee9ab1, 0xee9ab2, 0xee9ab3,
    0xee9ab4, 0xee9ab5, 0xee9ab6, 0xee9ab7, 0xee9ab8, 0xee9ab9, 0xee9aba, 0xee9abb, 0xee9abc,
    0xee9abd, 0xee9abe, 0xee9abf, 0xee9b80, 0xee9b81, 0xee9b82, 0xee9b83, 0xee9b84, 0xee9b85,
    0xee9b86, 0xee9b87, 0xee9b88, 0xee9b89, 0xee9b8a, 0xee9b8b, 0xee9b8c, 0xee9b8d, 0xee9b8e,
    0xee9b8f, 0xee9b90, 0xee9b91, 0xee9b92, 0xee9b93, 0xee9b94, 0xee9b95, 0xee9b96, 0xee9b97,
    0xee9b98, 0xee9b99, 0xee9b9a, 0xee9b9b, 0xee9b9c, 0xee9b9d, 0xee9b9e, 0xee9b9f, 0xee9ba0,
    0xee9ba1, 0xee9ba2, 0xee9ba3, 0xee9ba4, 0x000000, 0xee9ba5, 0xee9ba6, 0xee9ba7, 0xee9ba8,
    0xee9ba9, 0xee9baa, 0xee9bab, 0xee9bac, 0xee9bad, 0xee9bae, 0xee9baf, 0xee9bb0, 0xee9bb1,
    0xee9bb2, 0xee9bb3, 0xee9bb4, 0xee9bb5, 0xee9bb6, 0xee9bb7, 0xee9bb8, 0xee9bb9, 0xee9bba,
    0xee9bbb, 0xee9bbc, 0xee9bbd, 0xee9bbe, 0xee9bbf, 0xee9c80, 0xee9c81, 0xee9c82, 0xee9c83,
    0xee9c84, 0xee9c85, 0x00ce91, 0x00ce92, 0x00ce93, 0x00ce94, 0x00ce95, 0x00ce96, 0x00ce97,
    0x00ce98, 0x00ce99, 0x00ce9a, 0x00ce9b, 0x00ce9c, 0x00ce9d, 0x00ce9e, 0x00ce9f, 0x00cea0,
    0x00cea1, 0x00cea3, 0x00cea4, 0x00cea5, 0x00cea6, 0x00cea7, 0x00cea8, 0x00cea9, 0xee9e85,
    0xee9e86, 0xee9e87, 0xee9e88, 0xee9e89, 0xee9e8a, 0xee9e8b, 0xee9e8c, 0x00ceb1, 0x00ceb2,
    0x00ceb3, 0x00ceb4, 0x00ceb5, 0x00ceb6, 0x00ceb7, 0x00ceb8, 0x00ceb9, 0x00ceba, 0x00cebb,
    0x00cebc, 0x00cebd, 0x00cebe, 0x00cebf, 0x00cf80, 0x00cf81, 0x00cf83, 0x00cf84, 0x00cf85,
    0x00cf86, 0x00cf87, 0x00cf88, 0x00cf89, 0xee9e8d, 0xee9e8e, 0xee9e8f, 0xee9e90, 0xee9e91,
    0xee9e92, 0xee9e93, 0xefb8b5, 0xefb8b6, 0xefb8b9, 0xefb8ba, 0xefb8bf, 0xefb980, 0xefb8bd,
    0xefb8be, 0xefb981, 0xefb982, 0xefb983, 0xefb984, 0xee9e94, 0xee9e95, 0xefb8bb, 0xefb8bc,
    0xefb8b7, 0xefb8b8, 0xefb8b1, 0xee9e96, 0xefb8b3, 0xefb8b4, 0xee9e97, 0xee9e98, 0xee9e99,
    0xee9e9a, 0xee9e9b, 0xee9e9c, 0xee9e9d, 0xee9e9e, 0xee9e9f, 0xee9c86, 0xee9c87, 0xee9c88,
    0xee9c89, 0xee9c8a, 0xee9c8b, 0xee9c8c, 0xee9c8d, 0xee9c8e, 0xee9c8f, 0xee9c90, 0xee9c91,
    0xee9c92, 0xee9c93, 0xee9c94, 0xee9c95, 0xee9c96, 0xee9c97, 0xee9c98, 0xee9c99, 0xee9c9a,
    0xee9c9b, 0xee9c9c, 0xee9c9d, 0xee9c9e, 0xee9c9f, 0xee9ca0, 0xee9ca1, 0xee9ca2, 0xee9ca3,
    0xee9ca4, 0xee9ca5, 0xee9ca6, 0xee9ca7, 0xee9ca8, 0xee9ca9, 0xee9caa, 0xee9cab, 0xee9cac,
    0xee9cad, 0xee9cae, 0xee9caf, 0xee9cb0, 0xee9cb1, 0xee9cb2, 0xee9cb3, 0xee9cb4, 0xee9cb5,
    0xee9cb6, 0xee9cb7, 0xee9cb8, 0xee9cb9, 0xee9cba, 0xee9cbb, 0xee9cbc, 0xee9cbd, 0xee9cbe,
    0xee9cbf, 0xee9d80, 0xee9d81, 0xee9d82, 0xee9d83, 0xee9d84, 0x000000, 0xee9d85, 0xee9d86,
    0xee9d87, 0xee9d88, 0xee9d89, 0xee9d8a, 0xee9d8b, 0xee9d8c, 0xee9d8d, 0xee9d8e, 0xee9d8f,
    0xee9d90, 0xee9d91, 0xee9d92, 0xee9d93, 0xee9d94, 0xee9d95, 0xee9d96, 0xee9d97, 0xee9d98,
    0xee9d99, 0xee9d9a, 0xee9d9b, 0xee9d9c, 0xee9d9d, 0xee9d9e, 0xee9d9f, 0xee9da0, 0xee9da1,
    0xee9da2, 0xee9da3, 0xee9da4, 0xee9da5, 0x00d090, 0x00d091, 0x00d092, 0x00d093, 0x00d094,
    0x00d095, 0x00d081, 0x00d096, 0x00d097, 0x00d098, 0x00d099, 0x00d09a, 0x00d09b, 0x00d09c,
    0x00d09d, 0x00d09e, 0x00d09f, 0x00d0a0, 0x00d0a1, 0x00d0a2, 0x00d0a3, 0x00d0a4, 0x00d0a5,
    0x00d0a6, 0x00d0a7, 0x00d0a8, 0x00d0a9, 0x00d0aa, 0x00d0ab, 0x00d0ac, 0x00d0ad, 0x00d0ae,
    0x00d0af, 0xee9ea0, 0xee9ea1, 0xee9ea2, 0xee9ea3, 0xee9ea4, 0xee9ea5, 0xee9ea6, 0xee9ea7,
    0xee9ea8, 0xee9ea9, 0xee9eaa, 0xee9eab, 0xee9eac, 0xee9ead, 0xee9eae, 0x00d0b0, 0x00d0b1,
    0x00d0b2, 0x00d0b3, 0x00d0b4, 0x00d0b5, 0x00d191, 0x00d0b6, 0x00d0b7, 0x00d0b8, 0x00d0b9,
    0x00d0ba, 0x00d0bb, 0x00d0bc, 0x00d0bd, 0x00d0be, 0x00d0bf, 0x00d180, 0x00d181, 0x00d182,
    0x00d183, 0x00d184, 0x00d185, 0x00d186, 0x00d187, 0x00d188, 0x00d189, 0x00d18a, 0x00d18b,
    0x00d18c, 0x00d18d, 0x00d18e, 0x00d18f, 0xee9eaf, 0xee9eb0, 0xee9eb1, 0xee9eb2, 0xee9eb3,
    0xee9eb4, 0xee9eb5, 0xee9eb6, 0xee9eb7, 0xee9eb8, 0xee9eb9, 0xee9eba, 0xee9ebb, 0x00cb8a,
    0x00cb8b, 0x00cb99, 0xe28093, 0xe28095, 0xe280a5, 0xe280b5, 0xe28485, 0xe28489, 0xe28696,
    0xe28697, 0xe28698, 0xe28699, 0xe28895, 0xe2889f, 0xe288a3, 0xe28992, 0xe289a6, 0xe289a7,
    0xe28abf, 0xe29590, 0xe29591, 0xe29592, 0xe29593, 0xe29594, 0xe29595, 0xe29596, 0xe29597,
    0xe29598, 0xe29599, 0xe2959a, 0xe2959b, 0xe2959c, 0xe2959d, 0xe2959e, 0xe2959f, 0xe295a0,
    0xe295a1, 0xe295a2, 0xe295a3, 0xe295a4, 0xe295a5, 0xe295a6, 0xe295a7, 0xe295a8, 0xe295a9,
    0xe295aa, 0xe295ab, 0xe295ac, 0xe295ad, 0xe295ae, 0xe295af, 0xe295b0, 0xe295b1, 0xe295b2,
    0xe295b3, 0xe29681, 0xe29682, 0xe29683, 0xe29684, 0xe29685, 0xe29686, 0xe29687, 0x000000,
    0xe29688, 0xe29689, 0xe2968a, 0xe2968b, 0xe2968c, 0xe2968d, 0xe2968e, 0xe2968f, 0xe29693,
    0xe29694, 0xe29695, 0xe296bc, 0xe296bd, 0xe297a2, 0xe297a3, 0xe297a4, 0xe297a5, 0xe29889,
    0xe28a95, 0xe38092, 0xe3809d, 0xe3809e, 0xee9ebc, 0xee9ebd, 0xee9ebe, 0xee9ebf, 0xee9f80,
    0xee9f81, 0xee9f82, 0xee9f83, 0xee9f84, 0xee9f85, 0xee9f86, 0x00c481, 0x00c3a1, 0x00c78e,
    0x00c3a0, 0x00c493, 0x00c3a9, 0x00c49b, 0x00c3a8, 0x00c4ab, 0x00c3ad, 0x00c790, 0x00c3ac,
    0x00c58d, 0x00c3b3, 0x00c792, 0x00c3b2, 0x00c5ab, 0x00c3ba, 0x00c794, 0x00c3b9, 0x00c796,
    0x00c798, 0x00c79a, 0x00c79c, 0x00c3bc, 0x00c3aa, 0x00c991, 0xee9f87, 0x00c584, 0x00c588,
    0x00c7b9, 0x00c9a1, 0xee9f89, 0xee9f8a, 0xee9f8b, 0xee9f8c, 0xe38485, 0xe38486, 0xe38487,
    0xe38488, 0xe38489, 0xe3848a, 0xe3848b, 0xe3848c, 0xe3848d, 0xe3848e, 0xe3848f, 0xe38490,
    0xe38491, 0xe38492, 0xe38493, 0xe38494, 0xe38495, 0xe38496, 0xe38497, 0xe38498, 0xe38499,
    0xe3849a, 0xe3849b, 0xe3849c, 0xe3849d, 0xe3849e, 0xe3849f, 0xe384a0, 0xe384a1, 0xe384a2,
    0xe384a3, 0xe384a4, 0xe384a5, 0xe384a6, 0xe384a7, 0xe384a8, 0xe384a9, 0xee9f8d, 0xee9f8e,
    0xee9f8f, 0xee9f90, 0xee9f91, 0xee9f92, 0xee9f93, 0xee9f94, 0xee9f95, 0xee9f96, 0xee9f97,
    0xee9f98, 0xee9f99, 0xee9f9a, 0xee9f9b, 0xee9f9c, 0xee9f9d, 0xee9f9e, 0xee9f9f, 0xee9fa0,
    0xee9fa1, 0xe380a1, 0xe380a2, 0xe380a3, 0xe380a4, 0xe380a5, 0xe380a6, 0xe380a7, 0xe380a8,
    0xe380a9, 0xe38aa3, 0xe38e8e, 0xe38e8f, 0xe38e9c, 0xe38e9d, 0xe38e9e, 0xe38ea1, 0xe38f84,
    0xe38f8e, 0xe38f91, 0xe38f92, 0xe38f95, 0xefb8b0, 0xefbfa2, 0xefbfa4, 0xee9fa2, 0xe284a1,
    0xe388b1, 0xee9fa3, 0xe28090, 0xee9fa4, 0xee9fa5, 0xee9fa6, 0xe383bc, 0xe3829b, 0xe3829c,
    0xe383bd, 0xe383be, 0xe38086, 0xe3829d, 0xe3829e, 0xefb989, 0xefb98a, 0xefb98b, 0xefb98c,
    0xefb98d, 0xefb98e, 0xefb98f, 0xefb990, 0xefb991, 0xefb992, 0xefb994, 0xefb995, 0xefb996,
    0xefb997, 0xefb999, 0xefb99a, 0xefb99b, 0xefb99c, 0xefb99d, 0xefb99e, 0xefb99f, 0xefb9a0,
    0xefb9a1, 0x000000, 0xefb9a2, 0xefb9a3, 0xefb9a4, 0xefb9a5, 0xefb9a6, 0xefb9a8, 0xefb9a9,
    0xefb9aa, 0xefb9ab, 0xe380be, 0xe2bfb0, 0xe2bfb1, 0xe2bfb2, 0xe2bfb3, 0xe2bfb4, 0xe2bfb5,
    0xe2bfb6, 0xe2bfb7, 0xe2bfb8, 0xe2bfb9, 0xe2bfba, 0xe2bfbb, 0xe38087, 0xee9fb4, 0xee9fb5,
    0xee9fb6, 0xee9fb7, 0xee9fb8, 0xee9fb9, 0xee9fba, 0xee9fbb, 0xee9fbc, 0xee9fbd, 0xee9fbe,
    0xee9fbf, 0xeea080, 0xe29480, 0xe29481, 0xe29482, 0xe29483, 0xe29484, 0xe29485, 0xe29486,
    0xe29487, 0xe29488, 0xe29489, 0xe2948a, 0xe2948b, 0xe2948c, 0xe2948d, 0xe2948e, 0xe2948f,
    0xe29490, 0xe29491, 0xe29492, 0xe29493, 0xe29494, 0xe29495, 0xe29496, 0xe29497, 0xe29498,
    0xe29499, 0xe2949a, 0xe2949b, 0xe2949c, 0xe2949d, 0xe2949e, 0xe2949f, 0xe294a0, 0xe294a1,
    0xe294a2, 0xe294a3, 0xe294a4, 0xe294a5, 0xe294a6, 0xe294a7, 0xe294a8, 0xe294a9, 0xe294aa,
    0xe294ab, 0xe294ac, 0xe294ad, 0xe294ae, 0xe294af, 0xe294b0, 0xe294b1, 0xe294b2, 0xe294b3,
    0xe294b4, 0xe294b5, 0xe294b6, 0xe294b7, 0xe294b8, 0xe294b9, 0xe294ba, 0xe294bb, 0xe294bc,
    0xe294bd, 0xe294be, 0xe294bf, 0xe29580, 0xe29581, 0xe29582, 0xe29583, 0xe29584, 0xe29585,
    0xe29586, 0xe29587, 0xe29588, 0xe29589, 0xe2958a, 0xe2958b, 0xeea081, 0xeea082, 0xeea083,
    0xeea084, 0xeea085, 0xeea086, 0xeea087, 0xeea088, 0xeea089, 0xeea08a, 0xeea08b, 0xeea08c,
    0xeea08d, 0xeea08e, 0xeea08f, 0xe78b9c, 0xe78b9d, 0xe78b9f, 0xe78ba2, 0xe78ba3, 0xe78ba4,
    0xe78ba5, 0xe78ba6, 0xe78ba7, 0xe78baa, 0xe78bab, 0xe78bb5, 0xe78bb6, 0xe78bb9, 0xe78bbd,
    0xe78bbe, 0xe78bbf, 0xe78c80, 0xe78c82, 0xe78c84, 0xe78c85, 0xe78c86, 0xe78c87, 0xe78c88,
    0xe78c89, 0xe78c8b, 0xe78c8c, 0xe78c8d, 0xe78c8f, 0xe78c90, 0xe78c91, 0xe78c92, 0xe78c94,
    0xe78c98, 0xe78c99, 0xe78c9a, 0xe78c9f, 0xe78ca0, 0xe78ca3, 0xe78ca4, 0xe78ca6, 0xe78ca7,
    0xe78ca8, 0xe78cad, 0xe78caf, 0xe78cb0, 0xe78cb2, 0xe78cb3, 0xe78cb5, 0xe78cb6, 0xe78cba,
    0xe78cbb, 0xe78cbc, 0xe78cbd, 0xe78d80, 0xe78d81, 0xe78d82, 0xe78d83, 0xe78d84, 0xe78d85,
    0xe78d86, 0xe78d87, 0xe78d88, 0x000000, 0xe78d89, 0xe78d8a, 0xe78d8b, 0xe78d8c, 0xe78d8e,
    0xe78d8f, 0xe78d91, 0xe78d93, 0xe78d94, 0xe78d95, 0xe78d96, 0xe78d98, 0xe78d99, 0xe78d9a,
    0xe78d9b, 0xe78d9c, 0xe78d9d, 0xe78d9e, 0xe78d9f, 0xe78da1, 0xe78da2, 0xe78da3, 0xe78da4,
    0xe78da5, 0xe78da6, 0xe78da7, 0xe78da8, 0xe78da9, 0xe78daa, 0xe78dab, 0xe78dae, 0xe78db0,
    0xe78db1, 0xee8080, 0xee8081, 0xee8082, 0xee8083, 0xee8084, 0xee8085, 0xee8086, 0xee8087,
    0xee8088, 0xee8089, 0xee808a, 0xee808b, 0xee808c, 0xee808d, 0xee808e, 0xee808f, 0xee8090,
    0xee8091, 0xee8092, 0xee8093, 0xee8094, 0xee8095, 0xee8096, 0xee8097, 0xee8098, 0xee8099,
    0xee809a, 0xee809b, 0xee809c, 0xee809d, 0xee809e, 0xee809f, 0xee80a0, 0xee80a1, 0xee80a2,
    0xee80a3, 0xee80a4, 0xee80a5, 0xee80a6, 0xee80a7, 0xee80a8, 0xee80a9, 0xee80aa, 0xee80ab,
    0xee80ac, 0xee80ad, 0xee80ae, 0xee80af, 0xee80b0, 0xee80b1, 0xee80b2, 0xee80b3, 0xee80b4,
    0xee80b5, 0xee80b6, 0xee80b7, 0xee80b8, 0xee80b9, 0xee80ba, 0xee80bb, 0xee80bc, 0xee80bd,
    0xee80be, 0xee80bf, 0xee8180, 0xee8181, 0xee8182, 0xee8183, 0xee8184, 0xee8185, 0xee8186,
    0xee8187, 0xee8188, 0xee8189, 0xee818a, 0xee818b, 0xee818c, 0xee818d, 0xee818e, 0xee818f,
    0xee8190, 0xee8191, 0xee8192, 0xee8193, 0xee8194, 0xee8195, 0xee8196, 0xee8197, 0xee8198,
    0xee8199, 0xee819a, 0xee819b, 0xee819c, 0xee819d, 0xe78db2, 0xe78db3, 0xe78db4, 0xe78db5,
    0xe78db6, 0xe78db7, 0xe78db8, 0xe78db9, 0xe78dba, 0xe78dbb, 0xe78dbc, 0xe78dbd, 0xe78dbf,
    0xe78e80, 0xe78e81, 0xe78e82, 0xe78e83, 0xe78e85, 0xe78e86, 0xe78e88, 0xe78e8a, 0xe78e8c,
    0xe78e8d, 0xe78e8f, 0xe78e90, 0xe78e92, 0xe78e93, 0xe78e94, 0xe78e95, 0xe78e97, 0xe78e98,
    0xe78e99, 0xe78e9a, 0xe78e9c, 0xe78e9d, 0xe78e9e, 0xe78ea0, 0xe78ea1, 0xe78ea3, 0xe78ea4,
    0xe78ea5, 0xe78ea6, 0xe78ea7, 0xe78ea8, 0xe78eaa, 0xe78eac, 0xe78ead, 0xe78eb1, 0xe78eb4,
    0xe78eb5, 0xe78eb6, 0xe78eb8, 0xe78eb9, 0xe78ebc, 0xe78ebd, 0xe78ebe, 0xe78ebf, 0xe78f81,
    0xe78f83, 0xe78f84, 0xe78f85, 0xe78f86, 0xe78f87, 0x000000, 0xe78f8b, 0xe78f8c, 0xe78f8e,
    0xe78f92, 0xe78f93, 0xe78f94, 0xe78f95, 0xe78f96, 0xe78f97, 0xe78f98, 0xe78f9a, 0xe78f9b,
    0xe78f9c, 0xe78f9d, 0xe78f9f, 0xe78fa1, 0xe78fa2, 0xe78fa3, 0xe78fa4, 0xe78fa6, 0xe78fa8,
    0xe78faa, 0xe78fab, 0xe78fac, 0xe78fae, 0xe78faf, 0xe78fb0, 0xe78fb1, 0xe78fb3, 0xe78fb4,
    0xe78fb5, 0xe78fb6, 0xe78fb7, 0xee819e, 0xee819f, 0xee81a0, 0xee81a1, 0xee81a2, 0xee81a3,
    0xee81a4, 0xee81a5, 0xee81a6, 0xee81a7, 0xee81a8, 0xee81a9, 0xee81aa, 0xee81ab, 0xee81ac,
    0xee81ad, 0xee81ae, 0xee81af, 0xee81b0, 0xee81b1, 0xee81b2, 0xee81b3, 0xee81b4, 0xee81b5,
    0xee81b6, 0xee81b7, 0xee81b8, 0xee81b9, 0xee81ba, 0xee81bb, 0xee81bc, 0xee81bd, 0xee81be,
    0xee81bf, 0xee8280, 0xee8281, 0xee8282, 0xee8283, 0xee8284, 0xee8285, 0xee8286, 0xee8287,
    0xee8288, 0xee8289, 0xee828a, 0xee828b, 0xee828c, 0xee828d, 0xee828e, 0xee828f, 0xee8290,
    0xee8291, 0xee8292, 0xee8293, 0xee8294, 0xee8295, 0xee8296, 0xee8297, 0xee8298, 0xee8299,
    0xee829a, 0xee829b, 0xee829c, 0xee829d, 0xee829e, 0xee829f, 0xee82a0, 0xee82a1, 0xee82a2,
    0xee82a3, 0xee82a4, 0xee82a5, 0xee82a6, 0xee82a7, 0xee82a8, 0xee82a9, 0xee82aa, 0xee82ab,
    0xee82ac, 0xee82ad, 0xee82ae, 0xee82af, 0xee82b0, 0xee82b1, 0xee82b2, 0xee82b3, 0xee82b4,
    0xee82b5, 0xee82b6, 0xee82b7, 0xee82b8, 0xee82b9, 0xee82ba, 0xee82bb, 0xe78fb8, 0xe78fb9,
    0xe78fba, 0xe78fbb, 0xe78fbc, 0xe78fbd, 0xe78fbe, 0xe78fbf, 0xe79080, 0xe79081, 0xe79082,
    0xe79084, 0xe79087, 0xe79088, 0xe7908b, 0xe7908c, 0xe7908d, 0xe7908e, 0xe79091, 0xe79092,
    0xe79093, 0xe79094, 0xe79095, 0xe79096, 0xe79097, 0xe79098, 0xe79099, 0xe7909c, 0xe7909d,
    0xe7909e, 0xe7909f, 0xe790a0, 0xe790a1, 0xe790a3, 0xe790a4, 0xe790a7, 0xe790a9, 0xe790ab,
    0xe790ad, 0xe790af, 0xe790b1, 0xe790b2, 0xe790b7, 0xe790b8, 0xe790b9, 0xe790ba, 0xe790bb,
    0xe790bd, 0xe790be, 0xe790bf, 0xe79180, 0xe79182, 0xe79183, 0xe79184, 0xe79185, 0xe79186,
    0xe79187, 0xe79188, 0xe79189, 0xe7918a, 0xe7918b, 0xe7918c, 0xe7918d, 0x000000, 0xe7918e,
    0xe7918f, 0xe79190, 0xe79191, 0xe79192, 0xe79193, 0xe79194, 0xe79196, 0xe79198, 0xe7919d,
    0xe791a0, 0xe791a1, 0xe791a2, 0xe791a3, 0xe791a4, 0xe791a5, 0xe791a6, 0xe791a7, 0xe791a8,
    0xe791a9, 0xe791aa, 0xe791ab, 0xe791ac, 0xe791ae, 0xe791af, 0xe791b1, 0xe791b2, 0xe791b3,
    0xe791b4, 0xe791b5, 0xe791b8, 0xe791b9, 0xe791ba, 0xee82bc, 0xee82bd, 0xee82be, 0xee82bf,
    0xee8380, 0xee8381, 0xee8382, 0xee8383, 0xee8384, 0xee8385, 0xee8386, 0xee8387, 0xee8388,
    0xee8389, 0xee838a, 0xee838b, 0xee838c, 0xee838d, 0xee838e, 0xee838f, 0xee8390, 0xee8391,
    0xee8392, 0xee8393, 0xee8394, 0xee8395, 0xee8396, 0xee8397, 0xee8398, 0xee8399, 0xee839a,
    0xee839b, 0xee839c, 0xee839d, 0xee839e, 0xee839f, 0xee83a0, 0xee83a1, 0xee83a2, 0xee83a3,
    0xee83a4, 0xee83a5, 0xee83a6, 0xee83a7, 0xee83a8, 0xee83a9, 0xee83aa, 0xee83ab, 0xee83ac,
    0xee83ad, 0xee83ae, 0xee83af, 0xee83b0, 0xee83b1, 0xee83b2, 0xee83b3, 0xee83b4, 0xee83b5,
    0xee83b6, 0xee83b7, 0xee83b8, 0xee83b9, 0xee83ba, 0xee83bb, 0xee83bc, 0xee83bd, 0xee83be,
    0xee83bf, 0xee8480, 0xee8481, 0xee8482, 0xee8483, 0xee8484, 0xee8485, 0xee8486, 0xee8487,
    0xee8488, 0xee8489, 0xee848a, 0xee848b, 0xee848c, 0xee848d, 0xee848e, 0xee848f, 0xee8490,
    0xee8491, 0xee8492, 0xee8493, 0xee8494, 0xee8495, 0xee8496, 0xee8497, 0xee8498, 0xee8499,
    0xe791bb, 0xe791bc, 0xe791bd, 0xe791bf, 0xe79282, 0xe79284, 0xe79285, 0xe79286, 0xe79288,
    0xe79289, 0xe7928a, 0xe7928c, 0xe7928d, 0xe7928f, 0xe79291, 0xe79292, 0xe79293, 0xe79294,
    0xe79295, 0xe79296, 0xe79297, 0xe79298, 0xe79299, 0xe7929a, 0xe7929b, 0xe7929d, 0xe7929f,
    0xe792a0, 0xe792a1, 0xe792a2, 0xe792a3, 0xe792a4, 0xe792a5, 0xe792a6, 0xe792aa, 0xe792ab,
    0xe792ac, 0xe792ad, 0xe792ae, 0xe792af, 0xe792b0, 0xe792b1, 0xe792b2, 0xe792b3, 0xe792b4,
    0xe792b5, 0xe792b6, 0xe792b7, 0xe792b8, 0xe792b9, 0xe792bb, 0xe792bc, 0xe792bd, 0xe792be,
    0xe792bf, 0xe79380, 0xe79381, 0xe79382, 0xe79383, 0xe79384, 0xe79385, 0xe79386, 0xe79387,
    0x000000, 0xe79388, 0xe79389, 0xe7938a, 0xe7938b, 0xe7938c, 0xe7938d, 0xe7938e, 0xe7938f,
    0xe79390, 0xe79391, 0xe79393, 0xe79394, 0xe79395, 0xe79396, 0xe79397, 0xe79398, 0xe79399,
    0xe7939a, 0xe7939b, 0xe7939d, 0xe7939f, 0xe793a1, 0xe793a5, 0xe793a7, 0xe793a8, 0xe793a9,
    0xe793aa, 0xe793ab, 0xe793ac, 0xe793ad, 0xe793b0, 0xe793b1, 0xe793b2, 0xee849a, 0xee849b,
    0xee849c, 0xee849d, 0xee849e, 0xee849f, 0xee84a0, 0xee84a1, 0xee84a2, 0xee84a3, 0xee84a4,
    0xee84a5, 0xee84a6, 0xee84a7, 0xee84a8, 0xee84a9, 0xee84aa, 0xee84ab, 0xee84ac, 0xee84ad,
    0xee84ae, 0xee84af, 0xee84b0, 0xee84b1, 0xee84b2, 0xee84b3, 0xee84b4, 0xee84b5, 0xee84b6,
    0xee84b7, 0xee84b8, 0xee84b9, 0xee84ba, 0xee84bb, 0xee84bc, 0xee84bd, 0xee84be, 0xee84bf,
    0xee8580, 0xee8581, 0xee8582, 0xee8583, 0xee8584, 0xee8585, 0xee8586, 0xee8587, 0xee8588,
    0xee8589, 0xee858a, 0xee858b, 0xee858c, 0xee858d, 0xee858e, 0xee858f, 0xee8590, 0xee8591,
    0xee8592, 0xee8593, 0xee8594, 0xee8595, 0xee8596, 0xee8597, 0xee8598, 0xee8599, 0xee859a,
    0xee859b, 0xee859c, 0xee859d, 0xee859e, 0xee859f, 0xee85a0, 0xee85a1, 0xee85a2, 0xee85a3,
    0xee85a4, 0xee85a5, 0xee85a6, 0xee85a7, 0xee85a8, 0xee85a9, 0xee85aa, 0xee85ab, 0xee85ac,
    0xee85ad, 0xee85ae, 0xee85af, 0xee85b0, 0xee85b1, 0xee85b2, 0xee85b3, 0xee85b4, 0xee85b5,
    0xee85b6, 0xee85b7, 0xe793b3, 0xe793b5, 0xe793b8, 0xe793b9, 0xe793ba, 0xe793bb, 0xe793bc,
    0xe793bd, 0xe793be, 0xe79480, 0xe79481, 0xe79482, 0xe79483, 0xe79485, 0xe79486, 0xe79487,
    0xe79488, 0xe79489, 0xe7948a, 0xe7948b, 0xe7948c, 0xe7948e, 0xe79490, 0xe79492, 0xe79494,
    0xe79495, 0xe79496, 0xe79497, 0xe7949b, 0xe7949d, 0xe7949e, 0xe794a0, 0xe794a1, 0xe794a2,
    0xe794a3, 0xe794a4, 0xe794a6, 0xe794a7, 0xe794aa, 0xe794ae, 0xe794b4, 0xe794b6, 0xe794b9,
    0xe794bc, 0xe794bd, 0xe794bf, 0xe79581, 0xe79582, 0xe79583, 0xe79584, 0xe79586, 0xe79587,
    0xe79589, 0xe7958a, 0xe7958d, 0xe79590, 0xe79591, 0xe79592, 0xe79593, 0xe79595, 0xe79596,
    0xe79597, 0xe79598, 0x000000, 0xe7959d, 0xe7959e, 0xe7959f, 0xe795a0, 0xe795a1, 0xe795a2,
    0xe795a3, 0xe795a4, 0xe795a7, 0xe795a8, 0xe795a9, 0xe795ab, 0xe795ac, 0xe795ad, 0xe795ae,
    0xe795af, 0xe795b0, 0xe795b1, 0xe795b3, 0xe795b5, 0xe795b6, 0xe795b7, 0xe795ba, 0xe795bb,
    0xe795bc, 0xe795bd, 0xe795be, 0xe79680, 0xe79681, 0xe79682, 0xe79684, 0xe79685, 0xe79687,
    0xee85b8, 0xee85b9, 0xee85ba, 0xee85bb, 0xee85bc, 0xee85bd, 0xee85be, 0xee85bf, 0xee8680,
    0xee8681, 0xee8682, 0xee8683, 0xee8684, 0xee8685, 0xee8686, 0xee8687, 0xee8688, 0xee8689,
    0xee868a, 0xee868b, 0xee868c, 0xee868d, 0xee868e, 0xee868f, 0xee8690, 0xee8691, 0xee8692,
    0xee8693, 0xee8694, 0xee8695, 0xee8696, 0xee8697, 0xee8698, 0xee8699, 0xee869a, 0xee869b,
    0xee869c, 0xee869d, 0xee869e, 0xee869f, 0xee86a0, 0xee86a1, 0xee86a2, 0xee86a3, 0xee86a4,
    0xee86a5, 0xee86a6, 0xee86a7, 0xee86a8, 0xee86a9, 0xee86aa, 0xee86ab, 0xee86ac, 0xee86ad,
    0xee86ae, 0xee86af, 0xee86b0, 0xee86b1, 0xee86b2, 0xee86b3, 0xee86b4, 0xee86b5, 0xee86b6,
    0xee86b7, 0xee86b8, 0xee86b9, 0xee86ba, 0xee86bb, 0xee86bc, 0xee86bd, 0xee86be, 0xee86bf,
    0xee8780, 0xee8781, 0xee8782, 0xee8783, 0xee8784, 0xee8785, 0xee8786, 0xee8787, 0xee8788,
    0xee8789, 0xee878a, 0xee878b, 0xee878c, 0xee878d, 0xee878e, 0xee878f, 0xee8790, 0xee8791,
    0xee8792, 0xee8793, 0xee8794, 0xee8795, 0xe79688, 0xe79689, 0xe7968a, 0xe7968c, 0xe7968d,
    0xe7968e, 0xe79690, 0xe79693, 0xe79695, 0xe79698, 0xe7969b, 0xe7969c, 0xe7969e, 0xe796a2,
    0xe796a6, 0xe796a7, 0xe796a8, 0xe796a9, 0xe796aa, 0xe796ad, 0xe796b6, 0xe796b7, 0xe796ba,
    0xe796bb, 0xe796bf, 0xe79780, 0xe79781, 0xe79786, 0xe7978b, 0xe7978c, 0xe7978e, 0xe7978f,
    0xe79790, 0xe79791, 0xe79793, 0xe79797, 0xe79799, 0xe7979a, 0xe7979c, 0xe7979d, 0xe7979f,
    0xe797a0, 0xe797a1, 0xe797a5, 0xe797a9, 0xe797ac, 0xe797ad, 0xe797ae, 0xe797af, 0xe797b2,
    0xe797b3, 0xe797b5, 0xe797b6, 0xe797b7, 0xe797b8, 0xe797ba, 0xe797bb, 0xe797bd, 0xe797be,
    0xe79882, 0xe79884, 0xe79886, 0xe79887, 0x000000, 0xe79888, 0xe79889, 0xe7988b, 0xe7988d,
    0xe7988e, 0xe7988f, 0xe79891, 0xe79892, 0xe79893, 0xe79894, 0xe79896, 0xe7989a, 0xe7989c,
    0xe7989d, 0xe7989e, 0xe798a1, 0xe798a3, 0xe798a7, 0xe798a8, 0xe798ac, 0xe798ae, 0xe798af,
    0xe798b1, 0xe798b2, 0xe798b6, 0xe798b7, 0xe798b9, 0xe798ba, 0xe798bb, 0xe798bd, 0xe79981,
    0xe79982, 0xe79984, 0xee8796, 0xee8797, 0xee8798, 0xee8799, 0xee879a, 0xee879b, 0xee879c,
    0xee879d, 0xee879e, 0xee879f, 0xee87a0, 0xee87a1, 0xee87a2, 0xee87a3, 0xee87a4, 0xee87a5,
    0xee87a6, 0xee87a7, 0xee87a8, 0xee87a9, 0xee87aa, 0xee87ab, 0xee87ac, 0xee87ad, 0xee87ae,
    0xee87af, 0xee87b0, 0xee87b1, 0xee87b2, 0xee87b3, 0xee87b4, 0xee87b5, 0xee87b6, 0xee87b7,
    0xee87b8, 0xee87b9, 0xee87ba, 0xee87bb, 0xee87bc, 0xee87bd, 0xee87be, 0xee87bf, 0xee8880,
    0xee8881, 0xee8882, 0xee8883, 0xee8884, 0xee8885, 0xee8886, 0xee8887, 0xee8888, 0xee8889,
    0xee888a, 0xee888b, 0xee888c, 0xee888d, 0xee888e, 0xee888f, 0xee8890, 0xee8891, 0xee8892,
    0xee8893, 0xee8894, 0xee8895, 0xee8896, 0xee8897, 0xee8898, 0xee8899, 0xee889a, 0xee889b,
    0xee889c, 0xee889d, 0xee889e, 0xee889f, 0xee88a0, 0xee88a1, 0xee88a2, 0xee88a3, 0xee88a4,
    0xee88a5, 0xee88a6, 0xee88a7, 0xee88a8, 0xee88a9, 0xee88aa, 0xee88ab, 0xee88ac, 0xee88ad,
    0xee88ae, 0xee88af, 0xee88b0, 0xee88b1, 0xee88b2, 0xee88b3, 0xe79985, 0xe79986, 0xe79987,
    0xe79988, 0xe79989, 0xe7998a, 0xe7998b, 0xe7998e, 0xe7998f, 0xe79990, 0xe79991, 0xe79992,
    0xe79993, 0xe79995, 0xe79997, 0xe79998, 0xe79999, 0xe7999a, 0xe7999b, 0xe7999d, 0xe7999f,
    0xe799a0, 0xe799a1, 0xe799a2, 0xe799a4, 0xe799a5, 0xe799a6, 0xe799a7, 0xe799a8, 0xe799a9,
    0xe799aa, 0xe799ac, 0xe799ad, 0xe799ae, 0xe799b0, 0xe799b1, 0xe799b2, 0xe799b3, 0xe799b4,
    0xe799b5, 0xe799b6, 0xe799b7, 0xe799b9, 0xe799ba, 0xe799bc, 0xe799bf, 0xe79a80, 0xe79a81,
    0xe79a83, 0xe79a85, 0xe79a89, 0xe79a8a, 0xe79a8c, 0xe79a8d, 0xe79a8f, 0xe79a90, 0xe79a92,
    0xe79a94, 0xe79a95, 0xe79a97, 0xe79a98, 0xe79a9a, 0xe79a9b, 0x000000, 0xe79a9c, 0xe79a9d,
    0xe79a9e, 0xe79a9f, 0xe79aa0, 0xe79aa1, 0xe79aa2, 0xe79aa3, 0xe79aa5, 0xe79aa6, 0xe79aa7,
    0xe79aa8, 0xe79aa9, 0xe79aaa, 0xe79aab, 0xe79aac, 0xe79aad, 0xe79aaf, 0xe79ab0, 0xe79ab3,
    0xe79ab5, 0xe79ab6, 0xe79ab7, 0xe79ab8, 0xe79ab9, 0xe79aba, 0xe79abb, 0xe79abc, 0xe79abd,
    0xe79abe, 0xe79b80, 0xe79b81, 0xe79b83, 0xe5958a, 0xe998bf, 0xe59f83, 0xe68ca8, 0xe5938e,
    0xe59489, 0xe59380, 0xe79a91, 0xe7998c, 0xe894bc, 0xe79fae, 0xe889be, 0xe7a28d, 0xe788b1,
    0xe99a98, 0xe99e8d, 0xe6b0a8, 0xe5ae89, 0xe4bfba, 0xe68c89, 0xe69a97, 0xe5b2b8, 0xe883ba,
    0xe6a188, 0xe882ae, 0xe69882, 0xe79b8e, 0xe587b9, 0xe69596, 0xe786ac, 0xe7bfb1, 0xe8a284,
    0xe582b2, 0xe5a5a5, 0xe6878a, 0xe6beb3, 0xe88aad, 0xe68d8c, 0xe68992, 0xe58fad, 0xe590a7,
    0xe7ac86, 0xe585ab, 0xe796a4, 0xe5b7b4, 0xe68b94, 0xe8b78b, 0xe99db6, 0xe68a8a, 0xe88099,
    0xe59d9d, 0xe99cb8, 0xe7bda2, 0xe788b8, 0xe799bd, 0xe69f8f, 0xe799be, 0xe69186, 0xe4bdb0,
    0xe8b4a5, 0xe68b9c, 0xe7a897, 0xe69691, 0xe78fad, 0xe690ac, 0xe689b3, 0xe888ac, 0xe9a281,
    0xe69dbf, 0xe78988, 0xe689ae, 0xe68b8c, 0xe4bcb4, 0xe793a3, 0xe58d8a, 0xe58a9e, 0xe7bb8a,
    0xe982a6, 0xe5b8ae, 0xe6a286, 0xe6a69c, 0xe88680, 0xe7bb91, 0xe6a392, 0xe7a385, 0xe89a8c,
    0xe99591, 0xe5828d, 0xe8b0a4, 0xe88b9e, 0xe8839e, 0xe58c85, 0xe8a492, 0xe589a5, 0xe79b84,
    0xe79b87, 0xe79b89, 0xe79b8b, 0xe79b8c, 0xe79b93, 0xe79b95, 0xe79b99, 0xe79b9a, 0xe79b9c,
    0xe79b9d, 0xe79b9e, 0xe79ba0, 0xe79ba1, 0xe79ba2, 0xe79ba3, 0xe79ba4, 0xe79ba6, 0xe79ba7,
    0xe79ba8, 0xe79ba9, 0xe79baa, 0xe79bab, 0xe79bac, 0xe79bad, 0xe79bb0, 0xe79bb3, 0xe79bb5,
    0xe79bb6, 0xe79bb7, 0xe79bba, 0xe79bbb, 0xe79bbd, 0xe79bbf, 0xe79c80, 0xe79c82, 0xe79c83,
    0xe79c85, 0xe79c86, 0xe79c8a, 0xe79c8c, 0xe79c8e, 0xe79c8f, 0xe79c90, 0xe79c91, 0xe79c92,
    0xe79c93, 0xe79c94, 0xe79c95, 0xe79c96, 0xe79c97, 0xe79c98, 0xe79c9b, 0xe79c9c, 0xe79c9d,
    0xe79c9e, 0xe79ca1, 0xe79ca3, 0xe79ca4, 0xe79ca5, 0xe79ca7, 0xe79caa, 0xe79cab, 0x000000,
    0xe79cac, 0xe79cae, 0xe79cb0, 0xe79cb1, 0xe79cb2, 0xe79cb3, 0xe79cb4, 0xe79cb9, 0xe79cbb,
    0xe79cbd, 0xe79cbe, 0xe79cbf, 0xe79d82, 0xe79d84, 0xe79d85, 0xe79d86, 0xe79d88, 0xe79d89,
    0xe79d8a, 0xe79d8b, 0xe79d8c, 0xe79d8d, 0xe79d8e, 0xe79d8f, 0xe79d92, 0xe79d93, 0xe79d94,
    0xe79d95, 0xe79d96, 0xe79d97, 0xe79d98, 0xe79d99, 0xe79d9c, 0xe89684, 0xe99bb9, 0xe4bf9d,
    0xe5a0a1, 0xe9a5b1, 0xe5ae9d, 0xe68ab1, 0xe68aa5, 0xe69ab4, 0xe8b1b9, 0xe9b28d, 0xe78886,
    0xe69daf, 0xe7a291, 0xe682b2, 0xe58d91, 0xe58c97, 0xe8be88, 0xe8838c, 0xe8b49d, 0xe992a1,
    0xe5808d, 0xe78b88, 0xe5a487, 0xe683ab, 0xe78499, 0xe8a2ab, 0xe5a594, 0xe88baf, 0xe69cac,
    0xe7aca8, 0xe5b4a9, 0xe7bbb7, 0xe794ad, 0xe6b3b5, 0xe8b9a6, 0xe8bfb8, 0xe980bc, 0xe9bcbb,
    0xe6af94, 0xe98499, 0xe7ac94, 0xe5bdbc, 0xe7a2a7, 0xe89396, 0xe894bd, 0xe6af95, 0xe6af99,
    0xe6af96, 0xe5b881, 0xe5ba87, 0xe797b9, 0xe997ad, 0xe6959d, 0xe5bc8a, 0xe5bf85, 0xe8be9f,
    0xe5a381, 0xe88782, 0xe981bf, 0xe9999b, 0xe99ead, 0xe8beb9, 0xe7bc96, 0xe8b4ac, 0xe68981,
    0xe4bebf, 0xe58f98, 0xe58d9e, 0xe8bea8, 0xe8bea9, 0xe8beab, 0xe9818d, 0xe6a087, 0xe5bdaa,
    0xe88698, 0xe8a1a8, 0xe9b396, 0xe6868b, 0xe588ab, 0xe798aa, 0xe5bdac, 0xe6968c, 0xe6bf92,
    0xe6bba8, 0xe5aebe, 0xe69188, 0xe585b5, 0xe586b0, 0xe69f84, 0xe4b899, 0xe7a789, 0xe9a5bc,
    0xe782b3, 0xe79d9d, 0xe79d9e, 0xe79d9f, 0xe79da0, 0xe79da4, 0xe79da7, 0xe79da9, 0xe79daa,
    0xe79dad, 0xe79dae, 0xe79daf, 0xe79db0, 0xe79db1, 0xe79db2, 0xe79db3, 0xe79db4, 0xe79db5,
    0xe79db6, 0xe79db7, 0xe79db8, 0xe79dba, 0xe79dbb, 0xe79dbc, 0xe79e81, 0xe79e82, 0xe79e83,
    0xe79e86, 0xe79e87, 0xe79e88, 0xe79e89, 0xe79e8a, 0xe79e8b, 0xe79e8f, 0xe79e90, 0xe79e93,
    0xe79e94, 0xe79e95, 0xe79e96, 0xe79e97, 0xe79e98, 0xe79e99, 0xe79e9a, 0xe79e9b, 0xe79e9c,
    0xe79e9d, 0xe79e9e, 0xe79ea1, 0xe79ea3, 0xe79ea4, 0xe79ea6, 0xe79ea8, 0xe79eab, 0xe79ead,
    0xe79eae, 0xe79eaf, 0xe79eb1, 0xe79eb2, 0xe79eb4, 0xe79eb6, 0xe79eb7, 0xe79eb8, 0xe79eb9,
    0xe79eba, 0x000000, 0xe79ebc, 0xe79ebe, 0xe79f80, 0xe79f81, 0xe79f82, 0xe79f83, 0xe79f84,
    0xe79f85, 0xe79f86, 0xe79f87, 0xe79f88, 0xe79f89, 0xe79f8a, 0xe79f8b, 0xe79f8c, 0xe79f8e,
    0xe79f8f, 0xe79f90, 0xe79f91, 0xe79f92, 0xe79f93, 0xe79f94, 0xe79f95, 0xe79f96, 0xe79f98,
    0xe79f99, 0xe79f9a, 0xe79f9d, 0xe79f9e, 0xe79f9f, 0xe79fa0, 0xe79fa1, 0xe79fa4, 0xe79785,
    0xe5b9b6, 0xe78ebb, 0xe88fa0, 0xe692ad, 0xe68ba8, 0xe992b5, 0xe6b3a2, 0xe58d9a, 0xe58b83,
    0xe6908f, 0xe99382, 0xe7ae94, 0xe4bcaf, 0xe5b89b, 0xe888b6, 0xe88496, 0xe8868a, 0xe6b8a4,
    0xe6b38a, 0xe9a9b3, 0xe68d95, 0xe58d9c, 0xe593ba, 0xe8a1a5, 0xe59fa0, 0xe4b88d, 0xe5b883,
    0xe6ada5, 0xe7b0bf, 0xe983a8, 0xe68096, 0xe693a6, 0xe78c9c, 0xe8a381, 0xe69d90, 0xe6898d,
    0xe8b4a2, 0xe79dac, 0xe8b8a9, 0xe98787, 0xe5bda9, 0xe88f9c, 0xe894a1, 0xe9a490, 0xe58f82,
    0xe89a95, 0xe6ae8b, 0xe683ad, 0xe683a8, 0xe781bf, 0xe88b8d, 0xe888b1, 0xe4bb93, 0xe6b2a7,
    0xe8978f, 0xe6938d, 0xe7b399, 0xe6a7bd, 0xe69bb9, 0xe88d89, 0xe58e95, 0xe7ad96, 0xe4bea7,
    0xe5868c, 0xe6b58b, 0xe5b182, 0xe8b9ad, 0xe68f92, 0xe58f89, 0xe88cac, 0xe88cb6, 0xe69fa5,
    0xe7a2b4, 0xe690bd, 0xe5af9f, 0xe5b294, 0xe5b7ae, 0xe8afa7, 0xe68b86, 0xe69fb4, 0xe8b1ba,
    0xe69080, 0xe68eba, 0xe89d89, 0xe9a68b, 0xe8b097, 0xe7bca0, 0xe993b2, 0xe4baa7, 0xe99890,
    0xe9a2a4, 0xe6988c, 0xe78c96, 0xe79fa6, 0xe79fa8, 0xe79faa, 0xe79faf, 0xe79fb0, 0xe79fb1,
    0xe79fb2, 0xe79fb4, 0xe79fb5, 0xe79fb7, 0xe79fb9, 0xe79fba, 0xe79fbb, 0xe79fbc, 0xe7a083,
    0xe7a084, 0xe7a085, 0xe7a086, 0xe7a087, 0xe7a088, 0xe7a08a, 0xe7a08b, 0xe7a08e, 0xe7a08f,
    0xe7a090, 0xe7a093, 0xe7a095, 0xe7a099, 0xe7a09b, 0xe7a09e, 0xe7a0a0, 0xe7a0a1, 0xe7a0a2,
    0xe7a0a4, 0xe7a0a8, 0xe7a0aa, 0xe7a0ab, 0xe7a0ae, 0xe7a0af, 0xe7a0b1, 0xe7a0b2, 0xe7a0b3,
    0xe7a0b5, 0xe7a0b6, 0xe7a0bd, 0xe7a0bf, 0xe7a181, 0xe7a182, 0xe7a183, 0xe7a184, 0xe7a186,
    0xe7a188, 0xe7a189, 0xe7a18a, 0xe7a18b, 0xe7a18d, 0xe7a18f, 0xe7a191, 0xe7a193, 0xe7a194,
    0xe7a198, 0xe7a199, 0xe7a19a, 0x000000, 0xe7a19b, 0xe7a19c, 0xe7a19e, 0xe7a19f, 0xe7a1a0,
    0xe7a1a1, 0xe7a1a2, 0xe7a1a3, 0xe7a1a4, 0xe7a1a5, 0xe7a1a6, 0xe7a1a7, 0xe7a1a8, 0xe7a1a9,
    0xe7a1af, 0xe7a1b0, 0xe7a1b1, 0xe7a1b2, 0xe7a1b3, 0xe7a1b4, 0xe7a1b5, 0xe7a1b6, 0xe7a1b8,
    0xe7a1b9, 0xe7a1ba, 0xe7a1bb, 0xe7a1bd, 0xe7a1be, 0xe7a1bf, 0xe7a280, 0xe7a281, 0xe7a282,
    0xe7a283, 0xe59cba, 0xe5b09d, 0xe5b8b8, 0xe995bf, 0xe581bf, 0xe882a0, 0xe58e82, 0xe6959e,
    0xe79585, 0xe594b1, 0xe580a1, 0xe8b685, 0xe68a84, 0xe9929e, 0xe69c9d, 0xe598b2, 0xe6bdae,
    0xe5b7a2, 0xe590b5, 0xe78292, 0xe8bda6, 0xe689af, 0xe692a4, 0xe68ea3, 0xe5bdbb, 0xe6be88,
    0xe983b4, 0xe887a3, 0xe8beb0, 0xe5b098, 0xe699a8, 0xe5bfb1, 0xe6b289, 0xe99988, 0xe8b681,
    0xe8a1ac, 0xe69291, 0xe7a7b0, 0xe59f8e, 0xe6a999, 0xe68890, 0xe59188, 0xe4b998, 0xe7a88b,
    0xe683a9, 0xe6be84, 0xe8af9a, 0xe689bf, 0xe9809e, 0xe9aa8b, 0xe7a7a4, 0xe59083, 0xe797b4,
    0xe68c81, 0xe58c99, 0xe6b1a0, 0xe8bf9f, 0xe5bc9b, 0xe9a9b0, 0xe880bb, 0xe9bdbf, 0xe4be88,
    0xe5b0ba, 0xe8b5a4, 0xe7bf85, 0xe696a5, 0xe782bd, 0xe58585, 0xe586b2, 0xe899ab, 0xe5b487,
    0xe5aea0, 0xe68abd, 0xe985ac, 0xe795b4, 0xe8b88c, 0xe7a8a0, 0xe68481, 0xe7adb9, 0xe4bb87,
    0xe7bbb8, 0xe79e85, 0xe4b891, 0xe887ad, 0xe5889d, 0xe587ba, 0xe6a9b1, 0xe58ea8, 0xe8ba87,
    0xe99484, 0xe99b8f, 0xe6bb81, 0xe999a4, 0xe6a59a, 0xe7a284, 0xe7a285, 0xe7a286, 0xe7a288,
    0xe7a28a, 0xe7a28b, 0xe7a28f, 0xe7a290, 0xe7a292, 0xe7a294, 0xe7a295, 0xe7a296, 0xe7a299,
    0xe7a29d, 0xe7a29e, 0xe7a2a0, 0xe7a2a2, 0xe7a2a4, 0xe7a2a6, 0xe7a2a8, 0xe7a2a9, 0xe7a2aa,
    0xe7a2ab, 0xe7a2ac, 0xe7a2ad, 0xe7a2ae, 0xe7a2af, 0xe7a2b5, 0xe7a2b6, 0xe7a2b7, 0xe7a2b8,
    0xe7a2ba, 0xe7a2bb, 0xe7a2bc, 0xe7a2bd, 0xe7a2bf, 0xe7a380, 0xe7a382, 0xe7a383, 0xe7a384,
    0xe7a386, 0xe7a387, 0xe7a388, 0xe7a38c, 0xe7a38d, 0xe7a38e, 0xe7a38f, 0xe7a391, 0xe7a392,
    0xe7a393, 0xe7a396, 0xe7a397, 0xe7a398, 0xe7a39a, 0xe7a39b, 0xe7a39c, 0xe7a39d, 0xe7a39e,
    0xe7a39f, 0xe7a3a0, 0xe7a3a1, 0xe7a3a2, 0xe7a3a3, 0x000000, 0xe7a3a4, 0xe7a3a5, 0xe7a3a6,
    0xe7a3a7, 0xe7a3a9, 0xe7a3aa, 0xe7a3ab, 0xe7a3ad, 0xe7a3ae, 0xe7a3af, 0xe7a3b0, 0xe7a3b1,
    0xe7a3b3, 0xe7a3b5, 0xe7a3b6, 0xe7a3b8, 0xe7a3b9, 0xe7a3bb, 0xe7a3bc, 0xe7a3bd, 0xe7a3be,
    0xe7a3bf, 0xe7a480, 0xe7a482, 0xe7a483, 0xe7a484, 0xe7a486, 0xe7a487, 0xe7a488, 0xe7a489,
    0xe7a48a, 0xe7a48b, 0xe7a48c, 0xe7a180, 0xe582a8, 0xe79f97, 0xe69090, 0xe8a7a6, 0xe5a484,
    0xe68fa3, 0xe5b79d, 0xe7a9bf, 0xe6a4bd, 0xe4bca0, 0xe888b9, 0xe59698, 0xe4b8b2, 0xe796ae,
    0xe7aa97, 0xe5b9a2, 0xe5ba8a, 0xe997af, 0xe5889b, 0xe590b9, 0xe7828a, 0xe68db6, 0xe994a4,
    0xe59e82, 0xe698a5, 0xe6a4bf, 0xe98687, 0xe59487, 0xe6b7b3, 0xe7baaf, 0xe8a0a2, 0xe688b3,
    0xe7bbb0, 0xe796b5, 0xe88ca8, 0xe7a381, 0xe99b8c, 0xe8be9e, 0xe68588, 0xe793b7, 0xe8af8d,
    0xe6ada4, 0xe588ba, 0xe8b590, 0xe6aca1, 0xe881aa, 0xe891b1, 0xe59bb1, 0xe58c86, 0xe4bb8e,
    0xe4b89b, 0xe58791, 0xe7b297, 0xe9868b, 0xe7b087, 0xe4bf83, 0xe8b9bf, 0xe7afa1, 0xe7aa9c,
    0xe691a7, 0xe5b494, 0xe582ac, 0xe88486, 0xe79881, 0xe7b2b9, 0xe6b7ac, 0xe7bfa0, 0xe69d91,
    0xe5ad98, 0xe5afb8, 0xe7a38b, 0xe692ae, 0xe69093, 0xe68eaa, 0xe68cab, 0xe99499, 0xe690ad,
    0xe8bebe, 0xe7ad94, 0xe798a9, 0xe68993, 0xe5a4a7, 0xe59186, 0xe6adb9, 0xe582a3, 0xe688b4,
    0xe5b8a6, 0xe6ae86, 0xe4bba3, 0xe8b4b7, 0xe8a28b, 0xe5be85, 0xe980ae, 0xe7a48d, 0xe7a48e,
    0xe7a48f, 0xe7a490, 0xe7a491, 0xe7a492, 0xe7a494, 0xe7a495, 0xe7a496, 0xe7a497, 0xe7a498,
    0xe7a499, 0xe7a49a, 0xe7a49b, 0xe7a49c, 0xe7a49d, 0xe7a49f, 0xe7a4a0, 0xe7a4a1, 0xe7a4a2,
    0xe7a4a3, 0xe7a4a5, 0xe7a4a6, 0xe7a4a7, 0xe7a4a8, 0xe7a4a9, 0xe7a4aa, 0xe7a4ab, 0xe7a4ac,
    0xe7a4ad, 0xe7a4ae, 0xe7a4af, 0xe7a4b0, 0xe7a4b1, 0xe7a4b2, 0xe7a4b3, 0xe7a4b5, 0xe7a4b6,
    0xe7a4b7, 0xe7a4b8, 0xe7a4b9, 0xe7a4bd, 0xe7a4bf, 0xe7a582, 0xe7a583, 0xe7a584, 0xe7a585,
    0xe7a587, 0xe7a58a, 0xe7a58b, 0xe7a58c, 0xe7a58d, 0xe7a58e, 0xe7a58f, 0xe7a590, 0xe7a591,
    0xe7a592, 0xe7a594, 0xe7a595, 0xe7a598, 0xe7a599, 0xe7a5a1, 0xe7a5a3, 0x000000, 0xe7a5a4,
    0xe7a5a6, 0xe7a5a9, 0xe7a5aa, 0xe7a5ab, 0xe7a5ac, 0xe7a5ae, 0xe7a5b0, 0xe7a5b1, 0xe7a5b2,
    0xe7a5b3, 0xe7a5b4, 0xe7a5b5, 0xe7a5b6, 0xe7a5b9, 0xe7a5bb, 0xe7a5bc, 0xe7a5bd, 0xe7a5be,
    0xe7a5bf, 0xe7a682, 0xe7a683, 0xe7a686, 0xe7a687, 0xe7a688, 0xe7a689, 0xe7a68b, 0xe7a68c,
    0xe7a68d, 0xe7a68e, 0xe7a690, 0xe7a691, 0xe7a692, 0xe680a0, 0xe880bd, 0xe68b85, 0xe4b8b9,
    0xe58d95, 0xe983b8, 0xe68eb8, 0xe88386, 0xe697a6, 0xe6b0ae, 0xe4bd86, 0xe683ae, 0xe6b7a1,
    0xe8af9e, 0xe5bcb9, 0xe89b8b, 0xe5bd93, 0xe68ca1, 0xe5859a, 0xe88da1, 0xe6a1a3, 0xe58880,
    0xe68da3, 0xe8b988, 0xe58092, 0xe5b29b, 0xe7a5b7, 0xe5afbc, 0xe588b0, 0xe7a8bb, 0xe682bc,
    0xe98193, 0xe79b97, 0xe5beb7, 0xe5be97, 0xe79a84, 0xe8b9ac, 0xe781af, 0xe799bb, 0xe7ad89,
    0xe79eaa, 0xe587b3, 0xe98293, 0xe5a0a4, 0xe4bd8e, 0xe6bbb4, 0xe8bfaa, 0xe6958c, 0xe7ac9b,
    0xe78b84, 0xe6b6a4, 0xe7bf9f, 0xe5aba1, 0xe68ab5, 0xe5ba95, 0xe59cb0, 0xe89282, 0xe7acac,
    0xe5b89d, 0xe5bc9f, 0xe98092, 0xe7bc94, 0xe9a2a0, 0xe68e82, 0xe6bb87, 0xe7a298, 0xe782b9,
    0xe585b8, 0xe99d9b, 0xe59eab, 0xe794b5, 0xe4bd83, 0xe794b8, 0xe5ba97, 0xe683a6, 0xe5a5a0,
    0xe6b780, 0xe6aebf, 0xe7a289, 0xe58fbc, 0xe99b95, 0xe5878b, 0xe58881, 0xe68e89, 0xe5908a,
    0xe99293, 0xe8b083, 0xe8b78c, 0xe788b9, 0xe7a29f, 0xe89db6, 0xe8bfad, 0xe8b08d, 0xe58fa0,
    0xe7a693, 0xe7a694, 0xe7a695, 0xe7a696, 0xe7a697, 0xe7a698, 0xe7a699, 0xe7a69b, 0xe7a69c,
    0xe7a69d, 0xe7a69e, 0xe7a69f, 0xe7a6a0, 0xe7a6a1, 0xe7a6a2, 0xe7a6a3, 0xe7a6a4, 0xe7a6a5,
    0xe7a6a6, 0xe7a6a8, 0xe7a6a9, 0xe7a6aa, 0xe7a6ab, 0xe7a6ac, 0xe7a6ad, 0xe7a6ae, 0xe7a6af,
    0xe7a6b0, 0xe7a6b1, 0xe7a6b2, 0xe7a6b4, 0xe7a6b5, 0xe7a6b6, 0xe7a6b7, 0xe7a6b8, 0xe7a6bc,
    0xe7a6bf, 0xe7a782, 0xe7a784, 0xe7a785, 0xe7a787, 0xe7a788, 0xe7a78a, 0xe7a78c, 0xe7a78e,
    0xe7a78f, 0xe7a790, 0xe7a793, 0xe7a794, 0xe7a796, 0xe7a797, 0xe7a799, 0xe7a79a, 0xe7a79b,
    0xe7a79c, 0xe7a79d, 0xe7a79e, 0xe7a7a0, 0xe7a7a1, 0xe7a7a2, 0xe7a7a5, 0xe7a7a8, 0xe7a7aa,
    0x000000, 0xe7a7ac, 0xe7a7ae, 0xe7a7b1, 0xe7a7b2, 0xe7a7b3, 0xe7a7b4, 0xe7a7b5, 0xe7a7b6,
    0xe7a7b7, 0xe7a7b9, 0xe7a7ba, 0xe7a7bc, 0xe7a7be, 0xe7a7bf, 0xe7a881, 0xe7a884, 0xe7a885,
    0xe7a887, 0xe7a888, 0xe7a889, 0xe7a88a, 0xe7a88c, 0xe7a88f, 0xe7a890, 0xe7a891, 0xe7a892,
    0xe7a893, 0xe7a895, 0xe7a896, 0xe7a898, 0xe7a899, 0xe7a89b, 0xe7a89c, 0xe4b881, 0xe79baf,
    0xe58fae, 0xe99289, 0xe9a1b6, 0xe9bc8e, 0xe994ad, 0xe5ae9a, 0xe8aea2, 0xe4b8a2, 0xe4b89c,
    0xe586ac, 0xe891a3, 0xe68782, 0xe58aa8, 0xe6a08b, 0xe4be97, 0xe681ab, 0xe586bb, 0xe6b49e,
    0xe5859c, 0xe68a96, 0xe69697, 0xe999a1, 0xe8b186, 0xe98097, 0xe79798, 0xe983bd, 0xe79da3,
    0xe6af92, 0xe78a8a, 0xe78bac, 0xe8afbb, 0xe5a0b5, 0xe79db9, 0xe8b58c, 0xe69d9c, 0xe99580,
    0xe8829a, 0xe5baa6, 0xe6b8a1, 0xe5a692, 0xe7abaf, 0xe79fad, 0xe994bb, 0xe6aeb5, 0xe696ad,
    0xe7bc8e, 0xe5a086, 0xe58591, 0xe9989f, 0xe5afb9, 0xe5a2a9, 0xe590a8, 0xe8b9b2, 0xe695a6,
    0xe9a1bf, 0xe59ba4, 0xe9929d, 0xe79bbe, 0xe98181, 0xe68e87, 0xe59386, 0xe5a49a, 0xe5a4ba,
    0xe59e9b, 0xe8bab2, 0xe69cb5, 0xe8b7ba, 0xe888b5, 0xe58981, 0xe683b0, 0xe5a095, 0xe89bbe,
    0xe5b3a8, 0xe9b985, 0xe4bf84, 0xe9a29d, 0xe8aeb9, 0xe5a8a5, 0xe681b6, 0xe58e84, 0xe689bc,
    0xe9818f, 0xe98482, 0xe9a5bf, 0xe681a9, 0xe8808c, 0xe584bf, 0xe880b3, 0xe5b094, 0xe9a5b5,
    0xe6b4b1, 0xe4ba8c, 0xe7a89d, 0xe7a89f, 0xe7a8a1, 0xe7a8a2, 0xe7a8a4, 0xe7a8a5, 0xe7a8a6,
    0xe7a8a7, 0xe7a8a8, 0xe7a8a9, 0xe7a8aa, 0xe7a8ab, 0xe7a8ac, 0xe7a8ad, 0xe7a8ae, 0xe7a8af,
    0xe7a8b0, 0xe7a8b1, 0xe7a8b2, 0xe7a8b4, 0xe7a8b5, 0xe7a8b6, 0xe7a8b8, 0xe7a8ba, 0xe7a8be,
    0xe7a980, 0xe7a981, 0xe7a982, 0xe7a983, 0xe7a984, 0xe7a985, 0xe7a987, 0xe7a988, 0xe7a989,
    0xe7a98a, 0xe7a98b, 0xe7a98c, 0xe7a98d, 0xe7a98e, 0xe7a98f, 0xe7a990, 0xe7a992, 0xe7a993,
    0xe7a994, 0xe7a995, 0xe7a996, 0xe7a998, 0xe7a999, 0xe7a99a, 0xe7a99b, 0xe7a99c, 0xe7a99d,
    0xe7a99e, 0xe7a99f, 0xe7a9a0, 0xe7a9a1, 0xe7a9a2, 0xe7a9a3, 0xe7a9a4, 0xe7a9a5, 0xe7a9a6,
    0xe7a9a7, 0xe7a9a8, 0x000000, 0xe7a9a9, 0xe7a9aa, 0xe7a9ab, 0xe7a9ac, 0xe7a9ad, 0xe7a9ae,
    0xe7a9af, 0xe7a9b1, 0xe7a9b2, 0xe7a9b3, 0xe7a9b5, 0xe7a9bb, 0xe7a9bc, 0xe7a9bd, 0xe7a9be,
    0xe7aa82, 0xe7aa85, 0xe7aa87, 0xe7aa89, 0xe7aa8a, 0xe7aa8b, 0xe7aa8c, 0xe7aa8e, 0xe7aa8f,
    0xe7aa90, 0xe7aa93, 0xe7aa94, 0xe7aa99, 0xe7aa9a, 0xe7aa9b, 0xe7aa9e, 0xe7aaa1, 0xe7aaa2,
    0xe8b4b0, 0xe58f91, 0xe7bd9a, 0xe7ad8f, 0xe4bc90, 0xe4b98f, 0xe99880, 0xe6b395, 0xe78f90,
    0xe897a9, 0xe5b886, 0xe795aa, 0xe7bfbb, 0xe6a88a, 0xe79fbe, 0xe99292, 0xe7b981, 0xe587a1,
    0xe783a6, 0xe58f8d, 0xe8bf94, 0xe88c83, 0xe8b4a9, 0xe78aaf, 0xe9a5ad, 0xe6b39b, 0xe59d8a,
    0xe88ab3, 0xe696b9, 0xe882aa, 0xe688bf, 0xe998b2, 0xe5a6a8, 0xe4bbbf, 0xe8aebf, 0xe7baba,
    0xe694be, 0xe88fb2, 0xe99d9e, 0xe595a1, 0xe9a39e, 0xe882a5, 0xe58caa, 0xe8afbd, 0xe590a0,
    0xe882ba, 0xe5ba9f, 0xe6b2b8, 0xe8b4b9, 0xe88aac, 0xe9859a, 0xe590a9, 0xe6b09b, 0xe58886,
    0xe7bab7, 0xe59d9f, 0xe7849a, 0xe6b1be, 0xe7b289, 0xe5a58b, 0xe4bbbd, 0xe5bfbf, 0xe684a4,
    0xe7b2aa, 0xe4b8b0, 0xe5b081, 0xe69eab, 0xe89c82, 0xe5b3b0, 0xe9948b, 0xe9a38e, 0xe796af,
    0xe783bd, 0xe980a2, 0xe586af, 0xe7bc9d, 0xe8aebd, 0xe5a589, 0xe587a4, 0xe4bd9b, 0xe590a6,
    0xe5a4ab, 0xe695b7, 0xe882a4, 0xe5adb5, 0xe689b6, 0xe68b82, 0xe8be90, 0xe5b985, 0xe6b09f,
    0xe7aca6, 0xe4bc8f, 0xe4bf98, 0xe69c8d, 0xe7aaa3, 0xe7aaa4, 0xe7aaa7, 0xe7aaa9, 0xe7aaaa,
    0xe7aaab, 0xe7aaae, 0xe7aaaf, 0xe7aab0, 0xe7aab1, 0xe7aab2, 0xe7aab4, 0xe7aab5, 0xe7aab6,
    0xe7aab7, 0xe7aab8, 0xe7aab9, 0xe7aaba, 0xe7aabb, 0xe7aabc, 0xe7aabd, 0xe7aabe, 0xe7ab80,
    0xe7ab81, 0xe7ab82, 0xe7ab83, 0xe7ab84, 0xe7ab85, 0xe7ab86, 0xe7ab87, 0xe7ab88, 0xe7ab89,
    0xe7ab8a, 0xe7ab8c, 0xe7ab8d, 0xe7ab8e, 0xe7ab8f, 0xe7ab90, 0xe7ab91, 0xe7ab92, 0xe7ab93,
    0xe7ab94, 0xe7ab95, 0xe7ab97, 0xe7ab98, 0xe7ab9a, 0xe7ab9b, 0xe7ab9c, 0xe7ab9d, 0xe7aba1,
    0xe7aba2, 0xe7aba4, 0xe7aba7, 0xe7aba8, 0xe7aba9, 0xe7abaa, 0xe7abab, 0xe7abac, 0xe7abae,
    0xe7abb0, 0xe7abb1, 0xe7abb2, 0xe7abb3, 0x000000, 0xe7abb4, 0xe7abb5, 0xe7abb6, 0xe7abb7,
    0xe7abb8, 0xe7abbb, 0xe7abbc, 0xe7abbe, 0xe7ac80, 0xe7ac81, 0xe7ac82, 0xe7ac85, 0xe7ac87,
    0xe7ac89, 0xe7ac8c, 0xe7ac8d, 0xe7ac8e, 0xe7ac90, 0xe7ac92, 0xe7ac93, 0xe7ac96, 0xe7ac97,
    0xe7ac98, 0xe7ac9a, 0xe7ac9c, 0xe7ac9d, 0xe7ac9f, 0xe7aca1, 0xe7aca2, 0xe7aca3, 0xe7aca7,
    0xe7aca9, 0xe7acad, 0xe6b5ae, 0xe6b6aa, 0xe7a68f, 0xe8a2b1, 0xe5bc97, 0xe794ab, 0xe68a9a,
    0xe8be85, 0xe4bfaf, 0xe9879c, 0xe696a7, 0xe884af, 0xe88591, 0xe5ba9c, 0xe88590, 0xe8b5b4,
    0xe589af, 0xe8a686, 0xe8b58b, 0xe5a48d, 0xe58285, 0xe4bb98, 0xe9989c, 0xe788b6, 0xe885b9,
    0xe8b49f, 0xe5af8c, 0xe8aea3, 0xe99984, 0xe5a687, 0xe7bc9a, 0xe59290, 0xe599b6, 0xe5988e,
    0xe8afa5, 0xe694b9, 0xe6a682, 0xe99299, 0xe79b96, 0xe6ba89, 0xe5b9b2, 0xe79498, 0xe69d86,
    0xe69f91, 0xe7abbf, 0xe8829d, 0xe8b5b6, 0xe6849f, 0xe7a786, 0xe695a2, 0xe8b5a3, 0xe58688,
    0xe5889a, 0xe992a2, 0xe7bcb8, 0xe8829b, 0xe7bab2, 0xe5b297, 0xe6b8af, 0xe69da0, 0xe7af99,
    0xe79a8b, 0xe9ab98, 0xe8868f, 0xe7be94, 0xe7b395, 0xe6909e, 0xe99590, 0xe7a8bf, 0xe5918a,
    0xe593a5, 0xe6ad8c, 0xe69081, 0xe68888, 0xe9b8bd, 0xe883b3, 0xe79699, 0xe589b2, 0xe99da9,
    0xe8919b, 0xe6a0bc, 0xe89ba4, 0xe99881, 0xe99a94, 0xe993ac, 0xe4b8aa, 0xe59084, 0xe7bb99,
    0xe6a0b9, 0xe8b79f, 0xe88095, 0xe69bb4, 0xe5ba9a, 0xe7beb9, 0xe7acaf, 0xe7acb0, 0xe7acb2,
    0xe7acb4, 0xe7acb5, 0xe7acb6, 0xe7acb7, 0xe7acb9, 0xe7acbb, 0xe7acbd, 0xe7acbf, 0xe7ad80,
    0xe7ad81, 0xe7ad82, 0xe7ad83, 0xe7ad84, 0xe7ad86, 0xe7ad88, 0xe7ad8a, 0xe7ad8d, 0xe7ad8e,
    0xe7ad93, 0xe7ad95, 0xe7ad97, 0xe7ad99, 0xe7ad9c, 0xe7ad9e, 0xe7ad9f, 0xe7ada1, 0xe7ada3,
    0xe7ada4, 0xe7ada5, 0xe7ada6, 0xe7ada7, 0xe7ada8, 0xe7ada9, 0xe7adaa, 0xe7adab, 0xe7adac,
    0xe7adad, 0xe7adaf, 0xe7adb0, 0xe7adb3, 0xe7adb4, 0xe7adb6, 0xe7adb8, 0xe7adba, 0xe7adbc,
    0xe7adbd, 0xe7adbf, 0xe7ae81, 0xe7ae82, 0xe7ae83, 0xe7ae84, 0xe7ae86, 0xe7ae87, 0xe7ae88,
    0xe7ae89, 0xe7ae8a, 0xe7ae8b, 0xe7ae8c, 0xe7ae8e, 0xe7ae8f, 0x000000, 0xe7ae91, 0xe7ae92,
    0xe7ae93, 0xe7ae96, 0xe7ae98, 0xe7ae99, 0xe7ae9a, 0xe7ae9b, 0xe7ae9e, 0xe7ae9f, 0xe7aea0,
    0xe7aea3, 0xe7aea4, 0xe7aea5, 0xe7aeae, 0xe7aeaf, 0xe7aeb0, 0xe7aeb2, 0xe7aeb3, 0xe7aeb5,
    0xe7aeb6, 0xe7aeb7, 0xe7aeb9, 0xe7aeba, 0xe7aebb, 0xe7aebc, 0xe7aebd, 0xe7aebe, 0xe7aebf,
    0xe7af80, 0xe7af82, 0xe7af83, 0xe7af84, 0xe59f82, 0xe880bf, 0xe6a297, 0xe5b7a5, 0xe694bb,
    0xe58a9f, 0xe681ad, 0xe9be9a, 0xe4be9b, 0xe8baac, 0xe585ac, 0xe5aeab, 0xe5bc93, 0xe5b7a9,
    0xe6b19e, 0xe68bb1, 0xe8b4a1, 0xe585b1, 0xe992a9, 0xe58bbe, 0xe6b29f, 0xe88b9f, 0xe78b97,
    0xe59ea2, 0xe69e84, 0xe8b4ad, 0xe5a49f, 0xe8be9c, 0xe88f87, 0xe59295, 0xe7ae8d, 0xe4bcb0,
    0xe6b2bd, 0xe5ada4, 0xe5a791, 0xe9bc93, 0xe58fa4, 0xe89b8a, 0xe9aaa8, 0xe8b0b7, 0xe882a1,
    0xe69585, 0xe9a1be, 0xe59bba, 0xe99b87, 0xe588ae, 0xe7939c, 0xe58990, 0xe5afa1, 0xe68c82,
    0xe8a482, 0xe4b996, 0xe68b90, 0xe680aa, 0xe6a3ba, 0xe585b3, 0xe5ae98, 0xe586a0, 0xe8a782,
    0xe7aea1, 0xe9a686, 0xe7bd90, 0xe683af, 0xe7818c, 0xe8b4af, 0xe58589, 0xe5b9bf, 0xe9809b,
    0xe791b0, 0xe8a784, 0xe59cad, 0xe7a185, 0xe5bd92, 0xe9be9f, 0xe997ba, 0xe8bda8, 0xe9acbc,
    0xe8afa1, 0xe799b8, 0xe6a182, 0xe69f9c, 0xe8b7aa, 0xe8b4b5, 0xe588bd, 0xe8be8a, 0xe6bb9a,
    0xe6a38d, 0xe99485, 0xe983ad, 0xe59bbd, 0xe69e9c, 0xe8a3b9, 0xe8bf87, 0xe59388, 0xe7af85,
    0xe7af88, 0xe7af89, 0xe7af8a, 0xe7af8b, 0xe7af8d, 0xe7af8e, 0xe7af8f, 0xe7af90, 0xe7af92,
    0xe7af94, 0xe7af95, 0xe7af96, 0xe7af97, 0xe7af98, 0xe7af9b, 0xe7af9c, 0xe7af9e, 0xe7af9f,
    0xe7afa0, 0xe7afa2, 0xe7afa3, 0xe7afa4, 0xe7afa7, 0xe7afa8, 0xe7afa9, 0xe7afab, 0xe7afac,
    0xe7afad, 0xe7afaf, 0xe7afb0, 0xe7afb2, 0xe7afb3, 0xe7afb4, 0xe7afb5, 0xe7afb6, 0xe7afb8,
    0xe7afb9, 0xe7afba, 0xe7afbb, 0xe7afbd, 0xe7afbf, 0xe7b080, 0xe7b081, 0xe7b082, 0xe7b083,
    0xe7b084, 0xe7b085, 0xe7b086, 0xe7b088, 0xe7b089, 0xe7b08a, 0xe7b08d, 0xe7b08e, 0xe7b090,
    0xe7b091, 0xe7b092, 0xe7b093, 0xe7b094, 0xe7b095, 0xe7b097, 0xe7b098, 0xe7b099, 0x000000,
    0xe7b09a, 0xe7b09b, 0xe7b09c, 0xe7b09d, 0xe7b09e, 0xe7b0a0, 0xe7b0a1, 0xe7b0a2, 0xe7b0a3,
    0xe7b0a4, 0xe7b0a5, 0xe7b0a8, 0xe7b0a9, 0xe7b0ab, 0xe7b0ac, 0xe7b0ad, 0xe7b0ae, 0xe7b0af,
    0xe7b0b0, 0xe7b0b1, 0xe7b0b2, 0xe7b0b3, 0xe7b0b4, 0xe7b0b5, 0xe7b0b6, 0xe7b0b7, 0xe7b0b9,
    0xe7b0ba, 0xe7b0bb, 0xe7b0bc, 0xe7b0bd, 0xe7b0be, 0xe7b182, 0xe9aab8, 0xe5ada9, 0xe6b5b7,
    0xe6b0a6, 0xe4baa5, 0xe5aeb3, 0xe9aa87, 0xe985a3, 0xe686a8, 0xe982af, 0xe99fa9, 0xe590ab,
    0xe6b6b5, 0xe5af92, 0xe587bd, 0xe5968a, 0xe7bd95, 0xe7bfb0, 0xe692bc, 0xe68d8d, 0xe697b1,
    0xe686be, 0xe6828d, 0xe7848a, 0xe6b197, 0xe6b189, 0xe5a4af, 0xe69dad, 0xe888aa, 0xe5a395,
    0xe59a8e, 0xe8b1aa, 0xe6afab, 0xe9839d, 0xe5a5bd, 0xe88097, 0xe58fb7, 0xe6b5a9, 0xe591b5,
    0xe5969d, 0xe88db7, 0xe88f8f, 0xe6a0b8, 0xe7a6be, 0xe5928c, 0xe4bd95, 0xe59088, 0xe79b92,
    0xe8b289, 0xe99882, 0xe6b2b3, 0xe6b6b8, 0xe8b5ab, 0xe8a490, 0xe9b9a4, 0xe8b4ba, 0xe598bf,
    0xe9bb91, 0xe79795, 0xe5be88, 0xe78ba0, 0xe681a8, 0xe593bc, 0xe4baa8, 0xe6a8aa, 0xe8a1a1,
    0xe68192, 0xe8bdb0, 0xe59384, 0xe78398, 0xe899b9, 0xe9b8bf, 0xe6b4aa, 0xe5ae8f, 0xe5bc98,
    0xe7baa2, 0xe59689, 0xe4beaf, 0xe78cb4, 0xe590bc, 0xe58e9a, 0xe58099, 0xe5908e, 0xe591bc,
    0xe4b98e, 0xe5bfbd, 0xe7919a, 0xe5a3b6, 0xe891ab, 0xe883a1, 0xe89db4, 0xe78b90, 0xe7b38a,
    0xe6b996, 0xe7b183, 0xe7b184, 0xe7b185, 0xe7b186, 0xe7b187, 0xe7b188, 0xe7b189, 0xe7b18a,
    0xe7b18b, 0xe7b18c, 0xe7b18e, 0xe7b18f, 0xe7b190, 0xe7b191, 0xe7b192, 0xe7b193, 0xe7b194,
    0xe7b195, 0xe7b196, 0xe7b197, 0xe7b198, 0xe7b199, 0xe7b19a, 0xe7b19b, 0xe7b19c, 0xe7b19d,
    0xe7b19e, 0xe7b19f, 0xe7b1a0, 0xe7b1a1, 0xe7b1a2, 0xe7b1a3, 0xe7b1a4, 0xe7b1a5, 0xe7b1a6,
    0xe7b1a7, 0xe7b1a8, 0xe7b1a9, 0xe7b1aa, 0xe7b1ab, 0xe7b1ac, 0xe7b1ad, 0xe7b1ae, 0xe7b1af,
    0xe7b1b0, 0xe7b1b1, 0xe7b1b2, 0xe7b1b5, 0xe7b1b6, 0xe7b1b7, 0xe7b1b8, 0xe7b1b9, 0xe7b1ba,
    0xe7b1be, 0xe7b1bf, 0xe7b280, 0xe7b281, 0xe7b282, 0xe7b283, 0xe7b284, 0xe7b285, 0xe7b286,
    0xe7b287, 0x000000, 0xe7b288, 0xe7b28a, 0xe7b28b, 0xe7b28c, 0xe7b28d, 0xe7b28e, 0xe7b28f,
    0xe7b290, 0xe7b293, 0xe7b294, 0xe7b296, 0xe7b299, 0xe7b29a, 0xe7b29b, 0xe7b2a0, 0xe7b2a1,
    0xe7b2a3, 0xe7b2a6, 0xe7b2a7, 0xe7b2a8, 0xe7b2a9, 0xe7b2ab, 0xe7b2ac, 0xe7b2ad, 0xe7b2af,
    0xe7b2b0, 0xe7b2b4, 0xe7b2b5, 0xe7b2b6, 0xe7b2b7, 0xe7b2b8, 0xe7b2ba, 0xe7b2bb, 0xe5bca7,
    0xe8998e, 0xe594ac, 0xe68aa4, 0xe4ba92, 0xe6b2aa, 0xe688b7, 0xe88ab1, 0xe59397, 0xe58d8e,
    0xe78cbe, 0xe6bb91, 0xe794bb, 0xe58892, 0xe58c96, 0xe8af9d, 0xe6a790, 0xe5be8a, 0xe68080,
    0xe6b7ae, 0xe59d8f, 0xe6aca2, 0xe78eaf, 0xe6a193, 0xe8bf98, 0xe7bc93, 0xe68da2, 0xe682a3,
    0xe594a4, 0xe797aa, 0xe8b1a2, 0xe78495, 0xe6b6a3, 0xe5aea6, 0xe5b9bb, 0xe88d92, 0xe6858c,
    0xe9bb84, 0xe7a3ba, 0xe89d97, 0xe7b0a7, 0xe79a87, 0xe587b0, 0xe683b6, 0xe7858c, 0xe69983,
    0xe5b98c, 0xe6818d, 0xe8b08e, 0xe781b0, 0xe68ca5, 0xe8be89, 0xe5bebd, 0xe681a2, 0xe89b94,
    0xe59b9e, 0xe6af81, 0xe68294, 0xe685a7, 0xe58d89, 0xe683a0, 0xe699a6, 0xe8b4bf, 0xe7a7bd,
    0xe4bc9a, 0xe783a9, 0xe6b187, 0xe8aeb3, 0xe8afb2, 0xe7bb98, 0xe88da4, 0xe6988f, 0xe5a99a,
    0xe9ad82, 0xe6b591, 0xe6b7b7, 0xe8b181, 0xe6b4bb, 0xe4bc99, 0xe781ab, 0xe88eb7, 0xe68896,
    0xe68391, 0xe99c8d, 0xe8b4a7, 0xe7a5b8, 0xe587bb, 0xe59cbe, 0xe59fba, 0xe69cba, 0xe795b8,
    0xe7a8bd, 0xe7a7af, 0xe7ae95, 0xe7b2bf, 0xe7b380, 0xe7b382, 0xe7b383, 0xe7b384, 0xe7b386,
    0xe7b389, 0xe7b38b, 0xe7b38e, 0xe7b38f, 0xe7b390, 0xe7b391, 0xe7b392, 0xe7b393, 0xe7b394,
    0xe7b398, 0xe7b39a, 0xe7b39b, 0xe7b39d, 0xe7b39e, 0xe7b3a1, 0xe7b3a2, 0xe7b3a3, 0xe7b3a4,
    0xe7b3a5, 0xe7b3a6, 0xe7b3a7, 0xe7b3a9, 0xe7b3aa, 0xe7b3ab, 0xe7b3ac, 0xe7b3ad, 0xe7b3ae,
    0xe7b3b0, 0xe7b3b1, 0xe7b3b2, 0xe7b3b3, 0xe7b3b4, 0xe7b3b5, 0xe7b3b6, 0xe7b3b7, 0xe7b3b9,
    0xe7b3ba, 0xe7b3bc, 0xe7b3bd, 0xe7b3be, 0xe7b3bf, 0xe7b480, 0xe7b481, 0xe7b482, 0xe7b483,
    0xe7b484, 0xe7b485, 0xe7b486, 0xe7b487, 0xe7b488, 0xe7b489, 0xe7b48b, 0xe7b48c, 0xe7b48d,
    0xe7b48e, 0xe7b48f, 0xe7b490, 0x000000, 0xe7b491, 0xe7b492, 0xe7b493, 0xe7b494, 0xe7b495,
    0xe7b496, 0xe7b497, 0xe7b498, 0xe7b499, 0xe7b49a, 0xe7b49b, 0xe7b49c, 0xe7b49d, 0xe7b49e,
    0xe7b49f, 0xe7b4a1, 0xe7b4a3, 0xe7b4a4, 0xe7b4a5, 0xe7b4a6, 0xe7b4a8, 0xe7b4a9, 0xe7b4aa,
    0xe7b4ac, 0xe7b4ad, 0xe7b4ae, 0xe7b4b0, 0xe7b4b1, 0xe7b4b2, 0xe7b4b3, 0xe7b4b4, 0xe7b4b5,
    0xe7b4b6, 0xe8828c, 0xe9a5a5, 0xe8bfb9, 0xe6bf80, 0xe8aea5, 0xe9b8a1, 0xe5a7ac, 0xe7bba9,
    0xe7bc89, 0xe59089, 0xe69e81, 0xe6a398, 0xe8be91, 0xe7b18d, 0xe99b86, 0xe58f8a, 0xe680a5,
    0xe796be, 0xe6b1b2, 0xe58db3, 0xe5ab89, 0xe7baa7, 0xe68ca4, 0xe587a0, 0xe8848a, 0xe5b7b1,
    0xe8939f, 0xe68a80, 0xe58680, 0xe5ada3, 0xe4bc8e, 0xe7a5ad, 0xe58982, 0xe682b8, 0xe6b58e,
    0xe5af84, 0xe5af82, 0xe8aea1, 0xe8aeb0, 0xe697a2, 0xe5bf8c, 0xe99985, 0xe5a693, 0xe7bba7,
    0xe7baaa, 0xe59889, 0xe69eb7, 0xe5a4b9, 0xe4bdb3, 0xe5aeb6, 0xe58aa0, 0xe88d9a, 0xe9a28a,
    0xe8b4be, 0xe794b2, 0xe992be, 0xe58187, 0xe7a8bc, 0xe4bbb7, 0xe69eb6, 0xe9a9be, 0xe5ab81,
    0xe6adbc, 0xe79b91, 0xe59d9a, 0xe5b096, 0xe7acba, 0xe997b4, 0xe7858e, 0xe585bc, 0xe882a9,
    0xe889b0, 0xe5a5b8, 0xe7bc84, 0xe88ca7, 0xe6a380, 0xe69fac, 0xe7a2b1, 0xe7a1b7, 0xe68ba3,
    0xe68da1, 0xe7ae80, 0xe4bfad, 0xe589aa, 0xe5878f, 0xe88d90, 0xe6a79b, 0xe989b4, 0xe8b7b5,
    0xe8b4b1, 0xe8a781, 0xe994ae, 0xe7aead, 0xe4bbb6, 0xe7b4b7, 0xe7b4b8, 0xe7b4b9, 0xe7b4ba,
    0xe7b4bb, 0xe7b4bc, 0xe7b4bd, 0xe7b4be, 0xe7b4bf, 0xe7b580, 0xe7b581, 0xe7b582, 0xe7b583,
    0xe7b584, 0xe7b585, 0xe7b586, 0xe7b587, 0xe7b588, 0xe7b589, 0xe7b58a, 0xe7b58b, 0xe7b58c,
    0xe7b58d, 0xe7b58e, 0xe7b58f, 0xe7b590, 0xe7b591, 0xe7b592, 0xe7b593, 0xe7b594, 0xe7b595,
    0xe7b596, 0xe7b597, 0xe7b598, 0xe7b599, 0xe7b59a, 0xe7b59b, 0xe7b59c, 0xe7b59d, 0xe7b59e,
    0xe7b59f, 0xe7b5a0, 0xe7b5a1, 0xe7b5a2, 0xe7b5a3, 0xe7b5a4, 0xe7b5a5, 0xe7b5a6, 0xe7b5a7,
    0xe7b5a8, 0xe7b5a9, 0xe7b5aa, 0xe7b5ab, 0xe7b5ac, 0xe7b5ad, 0xe7b5af, 0xe7b5b0, 0xe7b5b1,
    0xe7b5b2, 0xe7b5b3, 0xe7b5b4, 0xe7b5b5, 0xe7b5b6, 0x000000, 0xe7b5b8, 0xe7b5b9, 0xe7b5ba,
    0xe7b5bb, 0xe7b5bc, 0xe7b5bd, 0xe7b5be, 0xe7b5bf, 0xe7b680, 0xe7b681, 0xe7b682, 0xe7b683,
    0xe7b684, 0xe7b685, 0xe7b686, 0xe7b687, 0xe7b688, 0xe7b689, 0xe7b68a, 0xe7b68b, 0xe7b68c,
    0xe7b68d, 0xe7b68e, 0xe7b68f, 0xe7b690, 0xe7b691, 0xe7b692, 0xe7b693, 0xe7b694, 0xe7b695,
    0xe7b696, 0xe7b697, 0xe7b698, 0xe581a5, 0xe888b0, 0xe58991, 0xe9a5af, 0xe6b890, 0xe6ba85,
    0xe6b6a7, 0xe5bbba, 0xe583b5, 0xe5a79c, 0xe5b086, 0xe6b586, 0xe6b19f, 0xe79686, 0xe8928b,
    0xe6a1a8, 0xe5a596, 0xe8aeb2, 0xe58ca0, 0xe985b1, 0xe9998d, 0xe89589, 0xe6a492, 0xe7a481,
    0xe784a6, 0xe883b6, 0xe4baa4, 0xe9838a, 0xe6b587, 0xe9aa84, 0xe5a887, 0xe59abc, 0xe69085,
    0xe993b0, 0xe79fab, 0xe4bea5, 0xe8849a, 0xe78ba1, 0xe8a792, 0xe9a5ba, 0xe7bcb4, 0xe7bb9e,
    0xe589bf, 0xe69599, 0xe985b5, 0xe8bdbf, 0xe8be83, 0xe58fab, 0xe7aa96, 0xe68fad, 0xe68ea5,
    0xe79a86, 0xe7a7b8, 0xe8a197, 0xe998b6, 0xe688aa, 0xe58aab, 0xe88a82, 0xe6a194, 0xe69db0,
    0xe68db7, 0xe79dab, 0xe7abad, 0xe6b481, 0xe7bb93, 0xe8a7a3, 0xe5a790, 0xe68892, 0xe89789,
    0xe88aa5, 0xe7958c, 0xe5809f, 0xe4bb8b, 0xe796a5, 0xe8afab, 0xe5b18a, 0xe5b7be, 0xe7ad8b,
    0xe696a4, 0xe98791, 0xe4bb8a, 0xe6b4a5, 0xe8a59f, 0xe7b4a7, 0xe994a6, 0xe4bb85, 0xe8b0a8,
    0xe8bf9b, 0xe99db3, 0xe6998b, 0xe7a681, 0xe8bf91, 0xe783ac, 0xe6b5b8, 0xe7b699, 0xe7b69a,
    0xe7b69b, 0xe7b69c, 0xe7b69d, 0xe7b69e, 0xe7b69f, 0xe7b6a0, 0xe7b6a1, 0xe7b6a2, 0xe7b6a3,
    0xe7b6a4, 0xe7b6a5, 0xe7b6a7, 0xe7b6a8, 0xe7b6a9, 0xe7b6aa, 0xe7b6ab, 0xe7b6ac, 0xe7b6ad,
    0xe7b6af, 0xe7b6b0, 0xe7b6b1, 0xe7b6b2, 0xe7b6b3, 0xe7b6b4, 0xe7b6b5, 0xe7b6b6, 0xe7b6b7,
    0xe7b6b8, 0xe7b6b9, 0xe7b6ba, 0xe7b6bb, 0xe7b6bc, 0xe7b6bd, 0xe7b6be, 0xe7b6bf, 0xe7b780,
    0xe7b781, 0xe7b782, 0xe7b783, 0xe7b784, 0xe7b785, 0xe7b786, 0xe7b787, 0xe7b788, 0xe7b789,
    0xe7b78a, 0xe7b78b, 0xe7b78c, 0xe7b78d, 0xe7b78e, 0xe7b78f, 0xe7b790, 0xe7b791, 0xe7b792,
    0xe7b793, 0xe7b794, 0xe7b795, 0xe7b796, 0xe7b797, 0xe7b798, 0xe7b799, 0x000000, 0xe7b79a,
    0xe7b79b, 0xe7b79c, 0xe7b79d, 0xe7b79e, 0xe7b79f, 0xe7b7a0, 0xe7b7a1, 0xe7b7a2, 0xe7b7a3,
    0xe7b7a4, 0xe7b7a5, 0xe7b7a6, 0xe7b7a7, 0xe7b7a8, 0xe7b7a9, 0xe7b7aa, 0xe7b7ab, 0xe7b7ac,
    0xe7b7ad, 0xe7b7ae, 0xe7b7af, 0xe7b7b0, 0xe7b7b1, 0xe7b7b2, 0xe7b7b3, 0xe7b7b4, 0xe7b7b5,
    0xe7b7b6, 0xe7b7b7, 0xe7b7b8, 0xe7b7b9, 0xe7b7ba, 0xe5b0bd, 0xe58ab2, 0xe88d86, 0xe585a2,
    0xe88c8e, 0xe79d9b, 0xe699b6, 0xe9b2b8, 0xe4baac, 0xe6838a, 0xe7b2be, 0xe7b2b3, 0xe7bb8f,
    0xe4ba95, 0xe8ada6, 0xe699af, 0xe9a288, 0xe99d99, 0xe5a283, 0xe695ac, 0xe9959c, 0xe5be84,
    0xe79789, 0xe99d96, 0xe7ab9f, 0xe7ab9e, 0xe58780, 0xe782af, 0xe7aa98, 0xe68faa, 0xe7a9b6,
    0xe7baa0, 0xe78e96, 0xe99fad, 0xe4b985, 0xe781b8, 0xe4b99d, 0xe98592, 0xe58ea9, 0xe69591,
    0xe697a7, 0xe887bc, 0xe88885, 0xe5928e, 0xe5b0b1, 0xe7969a, 0xe99ea0, 0xe68b98, 0xe78b99,
    0xe796bd, 0xe5b185, 0xe9a9b9, 0xe88f8a, 0xe5b180, 0xe59280, 0xe79fa9, 0xe4b8be, 0xe6b2ae,
    0xe8819a, 0xe68b92, 0xe68dae, 0xe5b7a8, 0xe585b7, 0xe8b79d, 0xe8b89e, 0xe994af, 0xe4bfb1,
    0xe58fa5, 0xe683a7, 0xe782ac, 0xe589a7, 0xe68d90, 0xe9b983, 0xe5a89f, 0xe580a6, 0xe79cb7,
    0xe58db7, 0xe7bba2, 0xe69285, 0xe694ab, 0xe68a89, 0xe68e98, 0xe58094, 0xe788b5, 0xe8a789,
    0xe586b3, 0xe8af80, 0xe7bb9d, 0xe59d87, 0xe88f8c, 0xe992a7, 0xe5869b, 0xe5909b, 0xe5b3bb,
    0xe7b7bb, 0xe7b7bc, 0xe7b7bd, 0xe7b7be, 0xe7b7bf, 0xe7b880, 0xe7b881, 0xe7b882, 0xe7b883,
    0xe7b884, 0xe7b885, 0xe7b886, 0xe7b887, 0xe7b888, 0xe7b889, 0xe7b88a, 0xe7b88b, 0xe7b88c,
    0xe7b88d, 0xe7b88e, 0xe7b88f, 0xe7b890, 0xe7b891, 0xe7b892, 0xe7b893, 0xe7b894, 0xe7b895,
    0xe7b896, 0xe7b897, 0xe7b898, 0xe7b899, 0xe7b89a, 0xe7b89b, 0xe7b89c, 0xe7b89d, 0xe7b89e,
    0xe7b89f, 0xe7b8a0, 0xe7b8a1, 0xe7b8a2, 0xe7b8a3, 0xe7b8a4, 0xe7b8a5, 0xe7b8a6, 0xe7b8a7,
    0xe7b8a8, 0xe7b8a9, 0xe7b8aa, 0xe7b8ab, 0xe7b8ac, 0xe7b8ad, 0xe7b8ae, 0xe7b8af, 0xe7b8b0,
    0xe7b8b1, 0xe7b8b2, 0xe7b8b3, 0xe7b8b4, 0xe7b8b5, 0xe7b8b6, 0xe7b8b7, 0xe7b8b8, 0xe7b8b9,
    0x000000, 0xe7b8ba, 0xe7b8bc, 0xe7b8bd, 0xe7b8be, 0xe7b8bf, 0xe7b980, 0xe7b982, 0xe7b983,
    0xe7b984, 0xe7b985, 0xe7b986, 0xe7b988, 0xe7b989, 0xe7b98a, 0xe7b98b, 0xe7b98c, 0xe7b98d,
    0xe7b98e, 0xe7b98f, 0xe7b990, 0xe7b991, 0xe7b992, 0xe7b993, 0xe7b994, 0xe7b995, 0xe7b996,
    0xe7b997, 0xe7b998, 0xe7b999, 0xe7b99a, 0xe7b99b, 0xe7b99c, 0xe7b99d, 0xe4bf8a, 0xe7aba3,
    0xe6b59a, 0xe983a1, 0xe9aa8f, 0xe59680, 0xe59296, 0xe58da1, 0xe592af, 0xe5bc80, 0xe68fa9,
    0xe6a5b7, 0xe587af, 0xe685a8, 0xe5888a, 0xe5a0aa, 0xe58b98, 0xe59d8e, 0xe7a08d, 0xe79c8b,
    0xe5bab7, 0xe685b7, 0xe7b3a0, 0xe6899b, 0xe68a97, 0xe4baa2, 0xe78295, 0xe88083, 0xe68bb7,
    0xe783a4, 0xe99da0, 0xe59db7, 0xe88b9b, 0xe69faf, 0xe6a3b5, 0xe7a395, 0xe9a297, 0xe7a791,
    0xe5a3b3, 0xe592b3, 0xe58faf, 0xe6b8b4, 0xe5858b, 0xe588bb, 0xe5aea2, 0xe8afbe, 0xe882af,
    0xe59583, 0xe59ea6, 0xe681b3, 0xe59d91, 0xe590ad, 0xe7a9ba, 0xe68190, 0xe5ad94, 0xe68ea7,
    0xe68aa0, 0xe58fa3, 0xe689a3, 0xe5af87, 0xe69eaf, 0xe593ad, 0xe7aa9f, 0xe88ba6, 0xe985b7,
    0xe5ba93, 0xe8a3a4, 0xe5a4b8, 0xe59eae, 0xe68c8e, 0xe8b7a8, 0xe883af, 0xe59d97, 0xe7adb7,
    0xe4bea9, 0xe5bfab, 0xe5aebd, 0xe6acbe, 0xe58ca1, 0xe7ad90, 0xe78b82, 0xe6a186, 0xe79fbf,
    0xe79cb6, 0xe697b7, 0xe586b5, 0xe4ba8f, 0xe79b94, 0xe5b2bf, 0xe7aaa5, 0xe891b5, 0xe5a58e,
    0xe9ad81, 0xe58280, 0xe7b99e, 0xe7b99f, 0xe7b9a0, 0xe7b9a1, 0xe7b9a2, 0xe7b9a3, 0xe7b9a4,
    0xe7b9a5, 0xe7b9a6, 0xe7b9a7, 0xe7b9a8, 0xe7b9a9, 0xe7b9aa, 0xe7b9ab, 0xe7b9ac, 0xe7b9ad,
    0xe7b9ae, 0xe7b9af, 0xe7b9b0, 0xe7b9b1, 0xe7b9b2, 0xe7b9b3, 0xe7b9b4, 0xe7b9b5, 0xe7b9b6,
    0xe7b9b7, 0xe7b9b8, 0xe7b9b9, 0xe7b9ba, 0xe7b9bb, 0xe7b9bc, 0xe7b9bd, 0xe7b9be, 0xe7b9bf,
    0xe7ba80, 0xe7ba81, 0xe7ba83, 0xe7ba84, 0xe7ba85, 0xe7ba86, 0xe7ba87, 0xe7ba88, 0xe7ba89,
    0xe7ba8a, 0xe7ba8b, 0xe7ba8c, 0xe7ba8d, 0xe7ba8e, 0xe7ba8f, 0xe7ba90, 0xe7ba91, 0xe7ba92,
    0xe7ba93, 0xe7ba94, 0xe7ba95, 0xe7ba96, 0xe7ba97, 0xe7ba98, 0xe7ba99, 0xe7ba9a, 0xe7ba9c,
    0xe7ba9d, 0xe7ba9e, 0x000000, 0xe7baae, 0xe7bab4, 0xe7babb, 0xe7babc, 0xe7bb96, 0xe7bba4,
    0xe7bbac, 0xe7bbb9, 0xe7bc8a, 0xe7bc90, 0xe7bc9e, 0xe7bcb7, 0xe7bcb9, 0xe7bcbb, 0xe7bcbc,
    0xe7bcbd, 0xe7bcbe, 0xe7bcbf, 0xe7bd80, 0xe7bd81, 0xe7bd83, 0xe7bd86, 0xe7bd87, 0xe7bd88,
    0xe7bd89, 0xe7bd8a, 0xe7bd8b, 0xe7bd8c, 0xe7bd8d, 0xe7bd8e, 0xe7bd8f, 0xe7bd92, 0xe7bd93,
    0xe9a688, 0xe684a7, 0xe6ba83, 0xe59da4, 0xe69886, 0xe68d86, 0xe59bb0, 0xe68bac, 0xe689a9,
    0xe5bb93, 0xe99894, 0xe59e83, 0xe68b89, 0xe59687, 0xe89ca1, 0xe8858a, 0xe8bea3, 0xe595a6,
    0xe88eb1, 0xe69da5, 0xe8b596, 0xe8939d, 0xe5a9aa, 0xe6a08f, 0xe68ba6, 0xe7afae, 0xe99891,
    0xe585b0, 0xe6be9c, 0xe8b0b0, 0xe68fbd, 0xe8a788, 0xe68792, 0xe7bc86, 0xe78382, 0xe6bba5,
    0xe79085, 0xe6a694, 0xe78bbc, 0xe5bb8a, 0xe9838e, 0xe69c97, 0xe6b5aa, 0xe68d9e, 0xe58ab3,
    0xe789a2, 0xe88081, 0xe4bdac, 0xe5a7a5, 0xe985aa, 0xe78399, 0xe6b69d, 0xe58b92, 0xe4b990,
    0xe99bb7, 0xe995ad, 0xe895be, 0xe7a38a, 0xe7b4af, 0xe584a1, 0xe59e92, 0xe69382, 0xe8828b,
    0xe7b1bb, 0xe6b3aa, 0xe6a3b1, 0xe6a59e, 0xe586b7, 0xe58e98, 0xe6a2a8, 0xe78a81, 0xe9bb8e,
    0xe7afb1, 0xe78bb8, 0xe7a6bb, 0xe6bc93, 0xe79086, 0xe69d8e, 0xe9878c, 0xe9b2a4, 0xe7a4bc,
    0xe88e89, 0xe88d94, 0xe5908f, 0xe6a097, 0xe4b8bd, 0xe58e89, 0xe58ab1, 0xe7a0be, 0xe58e86,
    0xe588a9, 0xe58288, 0xe4be8b, 0xe4bf90, 0xe7bd96, 0xe7bd99, 0xe7bd9b, 0xe7bd9c, 0xe7bd9d,
    0xe7bd9e, 0xe7bda0, 0xe7bda3, 0xe7bda4, 0xe7bda5, 0xe7bda6, 0xe7bda7, 0xe7bdab, 0xe7bdac,
    0xe7bdad, 0xe7bdaf, 0xe7bdb0, 0xe7bdb3, 0xe7bdb5, 0xe7bdb6, 0xe7bdb7, 0xe7bdb8, 0xe7bdba,
    0xe7bdbb, 0xe7bdbc, 0xe7bdbd, 0xe7bdbf, 0xe7be80, 0xe7be82, 0xe7be83, 0xe7be84, 0xe7be85,
    0xe7be86, 0xe7be87, 0xe7be88, 0xe7be89, 0xe7be8b, 0xe7be8d, 0xe7be8f, 0xe7be90, 0xe7be91,
    0xe7be92, 0xe7be93, 0xe7be95, 0xe7be96, 0xe7be97, 0xe7be98, 0xe7be99, 0xe7be9b, 0xe7be9c,
    0xe7bea0, 0xe7bea2, 0xe7bea3, 0xe7bea5, 0xe7bea6, 0xe7bea8, 0xe7bea9, 0xe7beaa, 0xe7beab,
    0xe7beac, 0xe7bead, 0xe7beae, 0xe7beb1, 0x000000, 0xe7beb3, 0xe7beb4, 0xe7beb5, 0xe7beb6,
    0xe7beb7, 0xe7beba, 0xe7bebb, 0xe7bebe, 0xe7bf80, 0xe7bf82, 0xe7bf83, 0xe7bf84, 0xe7bf86,
    0xe7bf87, 0xe7bf88, 0xe7bf89, 0xe7bf8b, 0xe7bf8d, 0xe7bf8f, 0xe7bf90, 0xe7bf91, 0xe7bf92,
    0xe7bf93, 0xe7bf96, 0xe7bf97, 0xe7bf99, 0xe7bf9a, 0xe7bf9b, 0xe7bf9c, 0xe7bf9d, 0xe7bf9e,
    0xe7bfa2, 0xe7bfa3, 0xe797a2, 0xe7ab8b, 0xe7b292, 0xe6b2a5, 0xe99ab6, 0xe58a9b, 0xe79283,
    0xe593a9, 0xe4bfa9, 0xe88194, 0xe88eb2, 0xe8bf9e, 0xe995b0, 0xe5bb89, 0xe6809c, 0xe6b69f,
    0xe5b898, 0xe6959b, 0xe884b8, 0xe993be, 0xe6818b, 0xe782bc, 0xe7bb83, 0xe7b2ae, 0xe58789,
    0xe6a281, 0xe7b2b1, 0xe889af, 0xe4b8a4, 0xe8be86, 0xe9878f, 0xe699be, 0xe4baae, 0xe8b085,
    0xe692a9, 0xe8818a, 0xe5839a, 0xe79697, 0xe7878e, 0xe5afa5, 0xe8bebd, 0xe6bda6, 0xe4ba86,
    0xe69282, 0xe995a3, 0xe5bb96, 0xe69699, 0xe58897, 0xe8a382, 0xe78388, 0xe58aa3, 0xe78c8e,
    0xe790b3, 0xe69e97, 0xe7a3b7, 0xe99c96, 0xe4b8b4, 0xe982bb, 0xe9b39e, 0xe6b78b, 0xe5879b,
    0xe8b581, 0xe5909d, 0xe68b8e, 0xe78eb2, 0xe88fb1, 0xe99bb6, 0xe9be84, 0xe99383, 0xe4bcb6,
    0xe7be9a, 0xe5878c, 0xe781b5, 0xe999b5, 0xe5b2ad, 0xe9a286, 0xe58fa6, 0xe4bba4, 0xe6ba9c,
    0xe79089, 0xe6a6b4, 0xe7a1ab, 0xe9a68f, 0xe79599, 0xe58898, 0xe798a4, 0xe6b581, 0xe69fb3,
    0xe585ad, 0xe9be99, 0xe8818b, 0xe59299, 0xe7acbc, 0xe7aabf, 0xe7bfa4, 0xe7bfa7, 0xe7bfa8,
    0xe7bfaa, 0xe7bfab, 0xe7bfac, 0xe7bfad, 0xe7bfaf, 0xe7bfb2, 0xe7bfb4, 0xe7bfb5, 0xe7bfb6,
    0xe7bfb7, 0xe7bfb8, 0xe7bfb9, 0xe7bfba, 0xe7bfbd, 0xe7bfbe, 0xe7bfbf, 0xe88082, 0xe88087,
    0xe88088, 0xe88089, 0xe8808a, 0xe8808e, 0xe8808f, 0xe88091, 0xe88093, 0xe8809a, 0xe8809b,
    0xe8809d, 0xe8809e, 0xe8809f, 0xe880a1, 0xe880a3, 0xe880a4, 0xe880ab, 0xe880ac, 0xe880ad,
    0xe880ae, 0xe880af, 0xe880b0, 0xe880b2, 0xe880b4, 0xe880b9, 0xe880ba, 0xe880bc, 0xe880be,
    0xe88180, 0xe88181, 0xe88184, 0xe88185, 0xe88187, 0xe88188, 0xe88189, 0xe8818e, 0xe8818f,
    0xe88190, 0xe88191, 0xe88193, 0xe88195, 0xe88196, 0xe88197, 0x000000, 0xe88199, 0xe8819b,
    0xe8819c, 0xe8819d, 0xe8819e, 0xe8819f, 0xe881a0, 0xe881a1, 0xe881a2, 0xe881a3, 0xe881a4,
    0xe881a5, 0xe881a6, 0xe881a7, 0xe881a8, 0xe881ab, 0xe881ac, 0xe881ad, 0xe881ae, 0xe881af,
    0xe881b0, 0xe881b2, 0xe881b3, 0xe881b4, 0xe881b5, 0xe881b6, 0xe881b7, 0xe881b8, 0xe881b9,
    0xe881ba, 0xe881bb, 0xe881bc, 0xe881bd, 0xe99a86, 0xe59e84, 0xe68ba2, 0xe99987, 0xe6a5bc,
    0xe5a884, 0xe69082, 0xe7af93, 0xe6bc8f, 0xe9998b, 0xe88aa6, 0xe58da2, 0xe9a285, 0xe5ba90,
    0xe78289, 0xe68eb3, 0xe58da4, 0xe8998f, 0xe9b281, 0xe9ba93, 0xe7a28c, 0xe99cb2, 0xe8b7af,
    0xe8b582, 0xe9b9bf, 0xe6bd9e, 0xe7a684, 0xe5bd95, 0xe99986, 0xe688ae, 0xe9a9b4, 0xe59095,
    0xe9939d, 0xe4bea3, 0xe69785, 0xe5b1a5, 0xe5b1a1, 0xe7bc95, 0xe89991, 0xe6b0af, 0xe5be8b,
    0xe78e87, 0xe6bba4, 0xe7bbbf, 0xe5b3a6, 0xe68c9b, 0xe5adaa, 0xe6bba6, 0xe58db5, 0xe4b9b1,
    0xe68ea0, 0xe795a5, 0xe68aa1, 0xe8bdae, 0xe4bca6, 0xe4bb91, 0xe6b2a6, 0xe7bab6, 0xe8aeba,
    0xe8909d, 0xe89eba, 0xe7bd97, 0xe980bb, 0xe994a3, 0xe7aea9, 0xe9aaa1, 0xe8a3b8, 0xe890bd,
    0xe6b49b, 0xe9aa86, 0xe7bb9c, 0xe5a688, 0xe9babb, 0xe78e9b, 0xe7a081, 0xe89a82, 0xe9a9ac,
    0xe9aa82, 0xe5989b, 0xe59097, 0xe59f8b, 0xe4b9b0, 0xe9baa6, 0xe58d96, 0xe8bf88, 0xe88489,
    0xe79e92, 0xe9a692, 0xe89bae, 0xe6bba1, 0xe89493, 0xe69bbc, 0xe685a2, 0xe6bcab, 0xe881be,
    0xe88281, 0xe88282, 0xe88285, 0xe88288, 0xe8828a, 0xe8828d, 0xe8828e, 0xe8828f, 0xe88290,
    0xe88291, 0xe88292, 0xe88294, 0xe88295, 0xe88297, 0xe88299, 0xe8829e, 0xe882a3, 0xe882a6,
    0xe882a7, 0xe882a8, 0xe882ac, 0xe882b0, 0xe882b3, 0xe882b5, 0xe882b6, 0xe882b8, 0xe882b9,
    0xe882bb, 0xe88385, 0xe88387, 0xe88388, 0xe88389, 0xe8838a, 0xe8838b, 0xe8838f, 0xe88390,
    0xe88391, 0xe88392, 0xe88393, 0xe88394, 0xe88395, 0xe88398, 0xe8839f, 0xe883a0, 0xe883a2,
    0xe883a3, 0xe883a6, 0xe883ae, 0xe883b5, 0xe883b7, 0xe883b9, 0xe883bb, 0xe883be, 0xe883bf,
    0xe88480, 0xe88481, 0xe88483, 0xe88484, 0xe88485, 0xe88487, 0xe88488, 0xe8848b, 0x000000,
    0xe8848c, 0xe88495, 0xe88497, 0xe88499, 0xe8849b, 0xe8849c, 0xe8849d, 0xe8849f, 0xe884a0,
    0xe884a1, 0xe884a2, 0xe884a3, 0xe884a4, 0xe884a5, 0xe884a6, 0xe884a7, 0xe884a8, 0xe884a9,
    0xe884aa, 0xe884ab, 0xe884ad, 0xe884ae, 0xe884b0, 0xe884b3, 0xe884b4, 0xe884b5, 0xe884b7,
    0xe884b9, 0xe884ba, 0xe884bb, 0xe884bc, 0xe884bd, 0xe884bf, 0xe8b0a9, 0xe88a92, 0xe88cab,
    0xe79bb2, 0xe6b093, 0xe5bf99, 0xe88ebd, 0xe78cab, 0xe88c85, 0xe9949a, 0xe6af9b, 0xe79f9b,
    0xe99386, 0xe58daf, 0xe88c82, 0xe58692, 0xe5b8bd, 0xe8b28c, 0xe8b4b8, 0xe4b988, 0xe78eab,
    0xe69e9a, 0xe6a285, 0xe985b6, 0xe99c89, 0xe785a4, 0xe6b2a1, 0xe79c89, 0xe5aa92, 0xe99581,
    0xe6af8f, 0xe7be8e, 0xe698a7, 0xe5af90, 0xe5a6b9, 0xe5aa9a, 0xe997a8, 0xe997b7, 0xe4bbac,
    0xe8908c, 0xe89299, 0xe6aaac, 0xe79b9f, 0xe994b0, 0xe78c9b, 0xe6a2a6, 0xe5ad9f, 0xe79caf,
    0xe9869a, 0xe99da1, 0xe7b39c, 0xe8bfb7, 0xe8b09c, 0xe5bca5, 0xe7b1b3, 0xe7a798, 0xe8a785,
    0xe6b38c, 0xe89c9c, 0xe5af86, 0xe5b982, 0xe6a389, 0xe79ca0, 0xe7bbb5, 0xe58695, 0xe5858d,
    0xe58b89, 0xe5a8a9, 0xe7bc85, 0xe99da2, 0xe88b97, 0xe68f8f, 0xe79e84, 0xe89790, 0xe7a792,
    0xe6b8ba, 0xe5ba99, 0xe5a699, 0xe89491, 0xe781ad, 0xe6b091, 0xe68abf, 0xe79abf, 0xe6958f,
    0xe682af, 0xe997bd, 0xe6988e, 0xe89e9f, 0xe9b8a3, 0xe993ad, 0xe5908d, 0xe591bd, 0xe8b0ac,
    0xe691b8, 0xe88580, 0xe88581, 0xe88582, 0xe88583, 0xe88584, 0xe88585, 0xe88587, 0xe88589,
    0xe8858d, 0xe8858e, 0xe8858f, 0xe88592, 0xe88596, 0xe88597, 0xe88598, 0xe8859b, 0xe8859c,
    0xe8859d, 0xe8859e, 0xe8859f, 0xe885a1, 0xe885a2, 0xe885a3, 0xe885a4, 0xe885a6, 0xe885a8,
    0xe885aa, 0xe885ab, 0xe885ac, 0xe885af, 0xe885b2, 0xe885b3, 0xe885b5, 0xe885b6, 0xe885b7,
    0xe885b8, 0xe88681, 0xe88683, 0xe88684, 0xe88685, 0xe88686, 0xe88687, 0xe88689, 0xe8868b,
    0xe8868c, 0xe8868d, 0xe8868e, 0xe88690, 0xe88692, 0xe88693, 0xe88694, 0xe88695, 0xe88696,
    0xe88697, 0xe88699, 0xe8869a, 0xe8869e, 0xe8869f, 0xe886a0, 0xe886a1, 0xe886a2, 0xe886a4,
    0xe886a5, 0x000000, 0xe886a7, 0xe886a9, 0xe886ab, 0xe886ac, 0xe886ad, 0xe886ae, 0xe886af,
    0xe886b0, 0xe886b1, 0xe886b2, 0xe886b4, 0xe886b5, 0xe886b6, 0xe886b7, 0xe886b8, 0xe886b9,
    0xe886bc, 0xe886bd, 0xe886be, 0xe886bf, 0xe88784, 0xe88785, 0xe88787, 0xe88788, 0xe88789,
    0xe8878b, 0xe8878d, 0xe8878e, 0xe8878f, 0xe88790, 0xe88791, 0xe88792, 0xe88793, 0xe691b9,
    0xe89891, 0xe6a8a1, 0xe8869c, 0xe7a3a8, 0xe691a9, 0xe9ad94, 0xe68ab9, 0xe69cab, 0xe88eab,
    0xe5a2a8, 0xe9bb98, 0xe6b2ab, 0xe6bca0, 0xe5af9e, 0xe9998c, 0xe8b08b, 0xe7899f, 0xe69f90,
    0xe68b87, 0xe789a1, 0xe4baa9, 0xe5a786, 0xe6af8d, 0xe5a293, 0xe69aae, 0xe5b995, 0xe58b9f,
    0xe68595, 0xe69ca8, 0xe79bae, 0xe79da6, 0xe789a7, 0xe7a986, 0xe68bbf, 0xe593aa, 0xe59190,
    0xe992a0, 0xe982a3, 0xe5a89c, 0xe7bab3, 0xe6b096, 0xe4b983, 0xe5a5b6, 0xe88090, 0xe5a588,
    0xe58d97, 0xe794b7, 0xe99abe, 0xe59b8a, 0xe68ca0, 0xe88491, 0xe681bc, 0xe997b9, 0xe6b796,
    0xe591a2, 0xe9a681, 0xe58685, 0xe5aba9, 0xe883bd, 0xe5a6ae, 0xe99c93, 0xe580aa, 0xe6b3a5,
    0xe5b0bc, 0xe68b9f, 0xe4bda0, 0xe58cbf, 0xe885bb, 0xe98086, 0xe6baba, 0xe894ab, 0xe68b88,
    0xe5b9b4, 0xe7a2be, 0xe692b5, 0xe68dbb, 0xe5bfb5, 0xe5a898, 0xe985bf, 0xe9b89f, 0xe5b0bf,
    0xe68d8f, 0xe88182, 0xe5adbd, 0xe595ae, 0xe9958a, 0xe9958d, 0xe6b685, 0xe682a8, 0xe69fa0,
    0xe78b9e, 0xe5879d, 0xe5ae81, 0xe88794, 0xe88795, 0xe88796, 0xe88797, 0xe88798, 0xe88799,
    0xe8879a, 0xe8879b, 0xe8879c, 0xe8879d, 0xe8879e, 0xe8879f, 0xe887a0, 0xe887a1, 0xe887a2,
    0xe887a4, 0xe887a5, 0xe887a6, 0xe887a8, 0xe887a9, 0xe887ab, 0xe887ae, 0xe887af, 0xe887b0,
    0xe887b1, 0xe887b2, 0xe887b5, 0xe887b6, 0xe887b7, 0xe887b8, 0xe887b9, 0xe887ba, 0xe887bd,
    0xe887bf, 0xe88883, 0xe88887, 0xe88888, 0xe88889, 0xe8888a, 0xe8888b, 0xe8888e, 0xe8888f,
    0xe88891, 0xe88893, 0xe88895, 0xe88896, 0xe88897, 0xe88898, 0xe88899, 0xe8889a, 0xe8889d,
    0xe888a0, 0xe888a4, 0xe888a5, 0xe888a6, 0xe888a7, 0xe888a9, 0xe888ae, 0xe888b2, 0xe888ba,
    0xe888bc, 0xe888bd, 0xe888bf, 0x000000, 0xe88980, 0xe88981, 0xe88982, 0xe88983, 0xe88985,
    0xe88986, 0xe88988, 0xe8898a, 0xe8898c, 0xe8898d, 0xe8898e, 0xe88990, 0xe88991, 0xe88992,
    0xe88993, 0xe88994, 0xe88995, 0xe88996, 0xe88997, 0xe88999, 0xe8899b, 0xe8899c, 0xe8899d,
    0xe8899e, 0xe889a0, 0xe889a1, 0xe889a2, 0xe889a3, 0xe889a4, 0xe889a5, 0xe889a6, 0xe889a7,
    0xe889a9, 0xe68ba7, 0xe6b39e, 0xe7899b, 0xe689ad, 0xe992ae, 0xe7babd, 0xe88493, 0xe6b593,
    0xe5869c, 0xe5bc84, 0xe5a5b4, 0xe58aaa, 0xe68092, 0xe5a5b3, 0xe69a96, 0xe89990, 0xe7969f,
    0xe68caa, 0xe687a6, 0xe7b3af, 0xe8afba, 0xe593a6, 0xe6aca7, 0xe9b8a5, 0xe6aeb4, 0xe89795,
    0xe59195, 0xe581b6, 0xe6b2a4, 0xe595aa, 0xe8b6b4, 0xe788ac, 0xe5b895, 0xe68095, 0xe790b6,
    0xe68b8d, 0xe68e92, 0xe7898c, 0xe5be98, 0xe6b983, 0xe6b4be, 0xe69480, 0xe6bd98, 0xe79b98,
    0xe7a390, 0xe79bbc, 0xe79594, 0xe588a4, 0xe58f9b, 0xe4b993, 0xe5ba9e, 0xe69781, 0xe880aa,
    0xe88396, 0xe68a9b, 0xe59286, 0xe588a8, 0xe782ae, 0xe8a28d, 0xe8b791, 0xe6b3a1, 0xe591b8,
    0xe8839a, 0xe59fb9, 0xe8a3b4, 0xe8b594, 0xe999aa, 0xe9858d, 0xe4bda9, 0xe6b29b, 0xe596b7,
    0xe79b86, 0xe7a0b0, 0xe68aa8, 0xe783b9, 0xe6be8e, 0xe5bdad, 0xe893ac, 0xe6a39a, 0xe7a1bc,
    0xe7afb7, 0xe886a8, 0xe69c8b, 0xe9b98f, 0xe68da7, 0xe7a2b0, 0xe59daf, 0xe7a092, 0xe99cb9,
    0xe689b9, 0xe68aab, 0xe58a88, 0xe790b5, 0xe6af97, 0xe889aa, 0xe889ab, 0xe889ac, 0xe889ad,
    0xe889b1, 0xe889b5, 0xe889b6, 0xe889b7, 0xe889b8, 0xe889bb, 0xe889bc, 0xe88a80, 0xe88a81,
    0xe88a83, 0xe88a85, 0xe88a86, 0xe88a87, 0xe88a89, 0xe88a8c, 0xe88a90, 0xe88a93, 0xe88a94,
    0xe88a95, 0xe88a96, 0xe88a9a, 0xe88a9b, 0xe88a9e, 0xe88aa0, 0xe88aa2, 0xe88aa3, 0xe88aa7,
    0xe88ab2, 0xe88ab5, 0xe88ab6, 0xe88aba, 0xe88abb, 0xe88abc, 0xe88abf, 0xe88b80, 0xe88b82,
    0xe88b83, 0xe88b85, 0xe88b86, 0xe88b89, 0xe88b90, 0xe88b96, 0xe88b99, 0xe88b9a, 0xe88b9d,
    0xe88ba2, 0xe88ba7, 0xe88ba8, 0xe88ba9, 0xe88baa, 0xe88bac, 0xe88bad, 0xe88bae, 0xe88bb0,
    0xe88bb2, 0xe88bb3, 0xe88bb5, 0xe88bb6, 0xe88bb8, 0x000000, 0xe88bba, 0xe88bbc, 0xe88bbd,
    0xe88bbe, 0xe88bbf, 0xe88c80, 0xe88c8a, 0xe88c8b, 0xe88c8d, 0xe88c90, 0xe88c92, 0xe88c93,
    0xe88c96, 0xe88c98, 0xe88c99, 0xe88c9d, 0xe88c9e, 0xe88c9f, 0xe88ca0, 0xe88ca1, 0xe88ca2,
    0xe88ca3, 0xe88ca4, 0xe88ca5, 0xe88ca6, 0xe88ca9, 0xe88caa, 0xe88cae, 0xe88cb0, 0xe88cb2,
    0xe88cb7, 0xe88cbb, 0xe88cbd, 0xe595a4, 0xe884be, 0xe796b2, 0xe79aae, 0xe58cb9, 0xe7979e,
    0xe583bb, 0xe5b181, 0xe8adac, 0xe7af87, 0xe5818f, 0xe78987, 0xe9aa97, 0xe9a398, 0xe6bc82,
    0xe793a2, 0xe7a5a8, 0xe69287, 0xe79ea5, 0xe68bbc, 0xe9a291, 0xe8b4ab, 0xe59381, 0xe88198,
    0xe4b992, 0xe59daa, 0xe88bb9, 0xe8908d, 0xe5b9b3, 0xe587ad, 0xe793b6, 0xe8af84, 0xe5b18f,
    0xe59da1, 0xe6b3bc, 0xe9a287, 0xe5a986, 0xe7a0b4, 0xe9ad84, 0xe8bfab, 0xe7b295, 0xe58996,
    0xe68991, 0xe993ba, 0xe4bb86, 0xe88e86, 0xe891a1, 0xe88fa9, 0xe892b2, 0xe59f94, 0xe69cb4,
    0xe59c83, 0xe699ae, 0xe6b5a6, 0xe8b0b1, 0xe69b9d, 0xe78091, 0xe69c9f, 0xe6acba, 0xe6a096,
    0xe6889a, 0xe5a6bb, 0xe4b883, 0xe58784, 0xe6bc86, 0xe69f92, 0xe6b28f, 0xe585b6, 0xe6a38b,
    0xe5a587, 0xe6ada7, 0xe795a6, 0xe5b48e, 0xe88490, 0xe9bd90, 0xe69797, 0xe7a588, 0xe7a581,
    0xe9aa91, 0xe8b5b7, 0xe5b282, 0xe4b99e, 0xe4bc81, 0xe590af, 0xe5a591, 0xe7a08c, 0xe599a8,
    0xe6b094, 0xe8bf84, 0xe5bc83, 0xe6b1bd, 0xe6b3a3, 0xe8aeab, 0xe68e90, 0xe88cbe, 0xe88cbf,
    0xe88d81, 0xe88d82, 0xe88d84, 0xe88d85, 0xe88d88, 0xe88d8a, 0xe88d8b, 0xe88d8c, 0xe88d8d,
    0xe88d8e, 0xe88d93, 0xe88d95, 0xe88d96, 0xe88d97, 0xe88d98, 0xe88d99, 0xe88d9d, 0xe88da2,
    0xe88db0, 0xe88db1, 0xe88db2, 0xe88db3, 0xe88db4, 0xe88db5, 0xe88db6, 0xe88db9, 0xe88dba,
    0xe88dbe, 0xe88dbf, 0xe88e80, 0xe88e81, 0xe88e82, 0xe88e83, 0xe88e84, 0xe88e87, 0xe88e88,
    0xe88e8a, 0xe88e8b, 0xe88e8c, 0xe88e8d, 0xe88e8f, 0xe88e90, 0xe88e91, 0xe88e94, 0xe88e95,
    0xe88e96, 0xe88e97, 0xe88e99, 0xe88e9a, 0xe88e9d, 0xe88e9f, 0xe88ea1, 0xe88ea2, 0xe88ea3,
    0xe88ea4, 0xe88ea5, 0xe88ea6, 0xe88ea7, 0xe88eac, 0xe88ead, 0xe88eae, 0x000000, 0xe88eaf,
    0xe88eb5, 0xe88ebb, 0xe88ebe, 0xe88ebf, 0xe88f82, 0xe88f83, 0xe88f84, 0xe88f86, 0xe88f88,
    0xe88f89, 0xe88f8b, 0xe88f8d, 0xe88f8e, 0xe88f90, 0xe88f91, 0xe88f92, 0xe88f93, 0xe88f95,
    0xe88f97, 0xe88f99, 0xe88f9a, 0xe88f9b, 0xe88f9e, 0xe88fa2, 0xe88fa3, 0xe88fa4, 0xe88fa6,
    0xe88fa7, 0xe88fa8, 0xe88fab, 0xe88fac, 0xe88fad, 0xe681b0, 0xe6b4bd, 0xe789b5, 0xe689a6,
    0xe9928e, 0xe99385, 0xe58d83, 0xe8bf81, 0xe7adbe, 0xe4bb9f, 0xe8b0a6, 0xe4b9be, 0xe9bb94,
    0xe992b1, 0xe992b3, 0xe5898d, 0xe6bd9c, 0xe981a3, 0xe6b585, 0xe8b0b4, 0xe5a091, 0xe5b58c,
    0xe6aca0, 0xe6ad89, 0xe69eaa, 0xe5919b, 0xe88594, 0xe7be8c, 0xe5a299, 0xe894b7, 0xe5bcba,
    0xe68aa2, 0xe6a987, 0xe994b9, 0xe695b2, 0xe68284, 0xe6a1a5, 0xe79ea7, 0xe4b994, 0xe4bea8,
    0xe5b7a7, 0xe99e98, 0xe692ac, 0xe7bf98, 0xe5b3ad, 0xe4bf8f, 0xe7aa8d, 0xe58887, 0xe88c84,
    0xe4b894, 0xe680af, 0xe7aa83, 0xe992a6, 0xe4beb5, 0xe4bab2, 0xe7a7a6, 0xe790b4, 0xe58ba4,
    0xe88ab9, 0xe69392, 0xe7a6bd, 0xe5af9d, 0xe6b281, 0xe99d92, 0xe8bdbb, 0xe6b0a2, 0xe580be,
    0xe58dbf, 0xe6b885, 0xe6938e, 0xe699b4, 0xe6b0b0, 0xe68385, 0xe9a1b7, 0xe8afb7, 0xe5ba86,
    0xe790bc, 0xe7a9b7, 0xe7a78b, 0xe4b898, 0xe982b1, 0xe79083, 0xe6b182, 0xe59b9a, 0xe9858b,
    0xe6b385, 0xe8b68b, 0xe58cba, 0xe89b86, 0xe69bb2, 0xe8baaf, 0xe5b188, 0xe9a9b1, 0xe6b8a0,
    0xe88fae, 0xe88faf, 0xe88fb3, 0xe88fb4, 0xe88fb5, 0xe88fb6, 0xe88fb7, 0xe88fba, 0xe88fbb,
    0xe88fbc, 0xe88fbe, 0xe88fbf, 0xe89080, 0xe89082, 0xe89085, 0xe89087, 0xe89088, 0xe89089,
    0xe8908a, 0xe89090, 0xe89092, 0xe89093, 0xe89094, 0xe89095, 0xe89096, 0xe89097, 0xe89099,
    0xe8909a, 0xe8909b, 0xe8909e, 0xe8909f, 0xe890a0, 0xe890a1, 0xe890a2, 0xe890a3, 0xe890a9,
    0xe890aa, 0xe890ab, 0xe890ac, 0xe890ad, 0xe890ae, 0xe890af, 0xe890b0, 0xe890b2, 0xe890b3,
    0xe890b4, 0xe890b5, 0xe890b6, 0xe890b7, 0xe890b9, 0xe890ba, 0xe890bb, 0xe890be, 0xe890bf,
    0xe89180, 0xe89181, 0xe89182, 0xe89183, 0xe89184, 0xe89185, 0xe89187, 0xe89188, 0xe89189,
    0x000000, 0xe8918a, 0xe8918b, 0xe8918c, 0xe8918d, 0xe8918e, 0xe8918f, 0xe89190, 0xe89192,
    0xe89193, 0xe89194, 0xe89195, 0xe89196, 0xe89198, 0xe8919d, 0xe8919e, 0xe8919f, 0xe891a0,
    0xe891a2, 0xe891a4, 0xe891a5, 0xe891a6, 0xe891a7, 0xe891a8, 0xe891aa, 0xe891ae, 0xe891af,
    0xe891b0, 0xe891b2, 0xe891b4, 0xe891b7, 0xe891b9, 0xe891bb, 0xe891bc, 0xe58f96, 0xe5a8b6,
    0xe9be8b, 0xe8b6a3, 0xe58ebb, 0xe59c88, 0xe9a2a7, 0xe69d83, 0xe9869b, 0xe6b389, 0xe585a8,
    0xe7978a, 0xe68bb3, 0xe78aac, 0xe588b8, 0xe58a9d, 0xe7bcba, 0xe78294, 0xe798b8, 0xe58db4,
    0xe9b98a, 0xe6a6b7, 0xe7a1ae, 0xe99b80, 0xe8a399, 0xe7bea4, 0xe784b6, 0xe78783, 0xe58689,
    0xe69f93, 0xe793a4, 0xe5a3a4, 0xe69498, 0xe59ab7, 0xe8aea9, 0xe9a5b6, 0xe689b0, 0xe7bb95,
    0xe683b9, 0xe783ad, 0xe5a3ac, 0xe4bb81, 0xe4baba, 0xe5bf8d, 0xe99fa7, 0xe4bbbb, 0xe8aea4,
    0xe58883, 0xe5a68a, 0xe7baab, 0xe68994, 0xe4bb8d, 0xe697a5, 0xe6888e, 0xe88cb8, 0xe89389,
    0xe88da3, 0xe89e8d, 0xe78694, 0xe6bab6, 0xe5aeb9, 0xe7bb92, 0xe58697, 0xe68f89, 0xe69f94,
    0xe88289, 0xe88cb9, 0xe8a095, 0xe58492, 0xe5adba, 0xe5a682, 0xe8beb1, 0xe4b9b3, 0xe6b19d,
    0xe585a5, 0xe8a4a5, 0xe8bdaf, 0xe998ae, 0xe8958a, 0xe7919e, 0xe99490, 0xe997b0, 0xe6b6a6,
    0xe88ba5, 0xe5bcb1, 0xe69292, 0xe6b492, 0xe890a8, 0xe885ae, 0xe9b383, 0xe5a19e, 0xe8b59b,
    0xe4b889, 0xe58f81, 0xe891bd, 0xe891be, 0xe891bf, 0xe89280, 0xe89281, 0xe89283, 0xe89284,
    0xe89285, 0xe89286, 0xe8928a, 0xe8928d, 0xe8928f, 0xe89290, 0xe89291, 0xe89292, 0xe89293,
    0xe89294, 0xe89295, 0xe89296, 0xe89298, 0xe8929a, 0xe8929b, 0xe8929d, 0xe8929e, 0xe8929f,
    0xe892a0, 0xe892a2, 0xe892a3, 0xe892a4, 0xe892a5, 0xe892a6, 0xe892a7, 0xe892a8, 0xe892a9,
    0xe892aa, 0xe892ab, 0xe892ac, 0xe892ad, 0xe892ae, 0xe892b0, 0xe892b1, 0xe892b3, 0xe892b5,
    0xe892b6, 0xe892b7, 0xe892bb, 0xe892bc, 0xe892be, 0xe89380, 0xe89382, 0xe89383, 0xe89385,
    0xe89386, 0xe89387, 0xe89388, 0xe8938b, 0xe8938c, 0xe8938e, 0xe8938f, 0xe89392, 0xe89394,
    0xe89395, 0xe89397, 0x000000, 0xe89398, 0xe89399, 0xe8939a, 0xe8939b, 0xe8939c, 0xe8939e,
    0xe893a1, 0xe893a2, 0xe893a4, 0xe893a7, 0xe893a8, 0xe893a9, 0xe893aa, 0xe893ab, 0xe893ad,
    0xe893ae, 0xe893af, 0xe893b1, 0xe893b2, 0xe893b3, 0xe893b4, 0xe893b5, 0xe893b6, 0xe893b7,
    0xe893b8, 0xe893b9, 0xe893ba, 0xe893bb, 0xe893bd, 0xe893be, 0xe89480, 0xe89481, 0xe89482,
    0xe4bc9e, 0xe695a3, 0xe6a191, 0xe59793, 0xe4b8a7, 0xe69094, 0xe9aa9a, 0xe689ab, 0xe5ab82,
    0xe7919f, 0xe889b2, 0xe6b6a9, 0xe6a3ae, 0xe583a7, 0xe88e8e, 0xe7a082, 0xe69d80, 0xe588b9,
    0xe6b299, 0xe7bab1, 0xe582bb, 0xe595a5, 0xe7859e, 0xe7ad9b, 0xe69992, 0xe78f8a, 0xe88bab,
    0xe69d89, 0xe5b1b1, 0xe588a0, 0xe785bd, 0xe8a1ab, 0xe997aa, 0xe99995, 0xe69385, 0xe8b5a1,
    0xe886b3, 0xe59684, 0xe6b195, 0xe68987, 0xe7bcae, 0xe5a292, 0xe4bca4, 0xe59586, 0xe8b58f,
    0xe6998c, 0xe4b88a, 0xe5b09a, 0xe8a3b3, 0xe6a2a2, 0xe68d8e, 0xe7a88d, 0xe783a7, 0xe88a8d,
    0xe58bba, 0xe99fb6, 0xe5b091, 0xe593a8, 0xe982b5, 0xe7bb8d, 0xe5a5a2, 0xe8b58a, 0xe89b87,
    0xe8888c, 0xe8888d, 0xe8b5a6, 0xe69184, 0xe5b084, 0xe68591, 0xe6b689, 0xe7a4be, 0xe8aebe,
    0xe7a0b7, 0xe794b3, 0xe591bb, 0xe4bcb8, 0xe8baab, 0xe6b7b1, 0xe5a8a0, 0xe7bb85, 0xe7a59e,
    0xe6b288, 0xe5aea1, 0xe5a9b6, 0xe7949a, 0xe882be, 0xe6858e, 0xe6b897, 0xe5a3b0, 0xe7949f,
    0xe794a5, 0xe789b2, 0xe58d87, 0xe7bbb3, 0xe89483, 0xe89484, 0xe89485, 0xe89486, 0xe89487,
    0xe89488, 0xe89489, 0xe8948a, 0xe8948b, 0xe8948d, 0xe8948e, 0xe8948f, 0xe89490, 0xe89492,
    0xe89494, 0xe89495, 0xe89496, 0xe89498, 0xe89499, 0xe8949b, 0xe8949c, 0xe8949d, 0xe8949e,
    0xe894a0, 0xe894a2, 0xe894a3, 0xe894a4, 0xe894a5, 0xe894a6, 0xe894a7, 0xe894a8, 0xe894a9,
    0xe894aa, 0xe894ad, 0xe894ae, 0xe894af, 0xe894b0, 0xe894b1, 0xe894b2, 0xe894b3, 0xe894b4,
    0xe894b5, 0xe894b6, 0xe894be, 0xe894bf, 0xe89580, 0xe89581, 0xe89582, 0xe89584, 0xe89585,
    0xe89586, 0xe89587, 0xe8958b, 0xe8958c, 0xe8958d, 0xe8958e, 0xe8958f, 0xe89590, 0xe89591,
    0xe89592, 0xe89593, 0xe89594, 0xe89595, 0x000000, 0xe89597, 0xe89598, 0xe8959a, 0xe8959b,
    0xe8959c, 0xe8959d, 0xe8959f, 0xe895a0, 0xe895a1, 0xe895a2, 0xe895a3, 0xe895a5, 0xe895a6,
    0xe895a7, 0xe895a9, 0xe895aa, 0xe895ab, 0xe895ac, 0xe895ad, 0xe895ae, 0xe895af, 0xe895b0,
    0xe895b1, 0xe895b3, 0xe895b5, 0xe895b6, 0xe895b7, 0xe895b8, 0xe895bc, 0xe895bd, 0xe895bf,
    0xe89680, 0xe89681, 0xe79c81, 0xe79b9b, 0xe589a9, 0xe8839c, 0xe59ca3, 0xe5b888, 0xe5a4b1,
    0xe78bae, 0xe696bd, 0xe6b9bf, 0xe8af97, 0xe5b0b8, 0xe899b1, 0xe58d81, 0xe79fb3, 0xe68bbe,
    0xe697b6, 0xe4bb80, 0xe9a39f, 0xe89a80, 0xe5ae9e, 0xe8af86, 0xe58fb2, 0xe79fa2, 0xe4bdbf,
    0xe5b18e, 0xe9a9b6, 0xe5a78b, 0xe5bc8f, 0xe7a4ba, 0xe5a3ab, 0xe4b896, 0xe69fbf, 0xe4ba8b,
    0xe68bad, 0xe8aa93, 0xe9809d, 0xe58abf, 0xe698af, 0xe5979c, 0xe599ac, 0xe98082, 0xe4bb95,
    0xe4be8d, 0xe9878a, 0xe9a5b0, 0xe6b08f, 0xe5b882, 0xe68183, 0xe5aea4, 0xe8a786, 0xe8af95,
    0xe694b6, 0xe6898b, 0xe9a696, 0xe5ae88, 0xe5afbf, 0xe68e88, 0xe594ae, 0xe58f97, 0xe798a6,
    0xe585bd, 0xe894ac, 0xe69ea2, 0xe6a2b3, 0xe6ae8a, 0xe68a92, 0xe8be93, 0xe58f94, 0xe88892,
    0xe6b791, 0xe7968f, 0xe4b9a6, 0xe8b58e, 0xe5adb0, 0xe7869f, 0xe896af, 0xe69a91, 0xe69b99,
    0xe7bdb2, 0xe89c80, 0xe9bb8d, 0xe9bca0, 0xe5b19e, 0xe69caf, 0xe8bfb0, 0xe6a091, 0xe69d9f,
    0xe6888d, 0xe7ab96, 0xe5a285, 0xe5bab6, 0xe695b0, 0xe6bcb1, 0xe89682, 0xe89683, 0xe89686,
    0xe89688, 0xe89689, 0xe8968a, 0xe8968b, 0xe8968c, 0xe8968d, 0xe8968e, 0xe89690, 0xe89691,
    0xe89692, 0xe89693, 0xe89694, 0xe89695, 0xe89696, 0xe89697, 0xe89698, 0xe89699, 0xe8969a,
    0xe8969d, 0xe8969e, 0xe8969f, 0xe896a0, 0xe896a1, 0xe896a2, 0xe896a3, 0xe896a5, 0xe896a6,
    0xe896a7, 0xe896a9, 0xe896ab, 0xe896ac, 0xe896ad, 0xe896b1, 0xe896b2, 0xe896b3, 0xe896b4,
    0xe896b5, 0xe896b6, 0xe896b8, 0xe896ba, 0xe896bb, 0xe896bc, 0xe896bd, 0xe896be, 0xe896bf,
    0xe89780, 0xe89782, 0xe89783, 0xe89784, 0xe89785, 0xe89786, 0xe89787, 0xe89788, 0xe8978a,
    0xe8978b, 0xe8978c, 0xe8978d, 0xe8978e, 0xe89791, 0xe89792, 0x000000, 0xe89794, 0xe89796,
    0xe89797, 0xe89798, 0xe89799, 0xe8979a, 0xe8979b, 0xe8979d, 0xe8979e, 0xe8979f, 0xe897a0,
    0xe897a1, 0xe897a2, 0xe897a3, 0xe897a5, 0xe897a6, 0xe897a7, 0xe897a8, 0xe897aa, 0xe897ab,
    0xe897ac, 0xe897ad, 0xe897ae, 0xe897af, 0xe897b0, 0xe897b1, 0xe897b2, 0xe897b3, 0xe897b4,
    0xe897b5, 0xe897b6, 0xe897b7, 0xe897b8, 0xe68195, 0xe588b7, 0xe8808d, 0xe69194, 0xe8a1b0,
    0xe794a9, 0xe5b885, 0xe6a093, 0xe68bb4, 0xe99c9c, 0xe58f8c, 0xe788bd, 0xe8b081, 0xe6b0b4,
    0xe79da1, 0xe7a88e, 0xe590ae, 0xe79eac, 0xe9a1ba, 0xe8889c, 0xe8afb4, 0xe7a195, 0xe69c94,
    0xe78381, 0xe696af, 0xe69295, 0xe598b6, 0xe6809d, 0xe7a781, 0xe58fb8, 0xe4b89d, 0xe6adbb,
    0xe88286, 0xe5afba, 0xe597a3, 0xe59b9b, 0xe4bcba, 0xe4bcbc, 0xe9a5b2, 0xe5b7b3, 0xe69dbe,
    0xe880b8, 0xe68082, 0xe9a282, 0xe98081, 0xe5ae8b, 0xe8aebc, 0xe8afb5, 0xe6909c, 0xe88998,
    0xe6939e, 0xe597bd, 0xe88b8f, 0xe985a5, 0xe4bf97, 0xe7b4a0, 0xe9809f, 0xe7b29f, 0xe583b3,
    0xe5a191, 0xe6baaf, 0xe5aebf, 0xe8af89, 0xe88283, 0xe985b8, 0xe8929c, 0xe7ae97, 0xe899bd,
    0xe99a8b, 0xe99a8f, 0xe7bba5, 0xe9ab93, 0xe7a28e, 0xe5b281, 0xe7a997, 0xe98182, 0xe99aa7,
    0xe7a59f, 0xe5ad99, 0xe68d9f, 0xe7ac8b, 0xe89391, 0xe6a2ad, 0xe59486, 0xe7bca9, 0xe79090,
    0xe7b4a2, 0xe99481, 0xe68980, 0xe5a18c, 0xe4bb96, 0xe5ae83, 0xe5a5b9, 0xe5a194, 0xe897b9,
    0xe897ba, 0xe897bc, 0xe897bd, 0xe897be, 0xe89880, 0xe89881, 0xe89882, 0xe89883, 0xe89884,
    0xe89886, 0xe89887, 0xe89888, 0xe89889, 0xe8988a, 0xe8988b, 0xe8988c, 0xe8988d, 0xe8988e,
    0xe8988f, 0xe89890, 0xe89892, 0xe89893, 0xe89894, 0xe89895, 0xe89897, 0xe89898, 0xe89899,
    0xe8989a, 0xe8989b, 0xe8989c, 0xe8989d, 0xe8989e, 0xe8989f, 0xe898a0, 0xe898a1, 0xe898a2,
    0xe898a3, 0xe898a4, 0xe898a5, 0xe898a6, 0xe898a8, 0xe898aa, 0xe898ab, 0xe898ac, 0xe898ad,
    0xe898ae, 0xe898af, 0xe898b0, 0xe898b1, 0xe898b2, 0xe898b3, 0xe898b4, 0xe898b5, 0xe898b6,
    0xe898b7, 0xe898b9, 0xe898ba, 0xe898bb, 0xe898bd, 0xe898be, 0xe898bf, 0xe89980, 0x000000,
    0xe89981, 0xe89982, 0xe89983, 0xe89984, 0xe89985, 0xe89986, 0xe89987, 0xe89988, 0xe89989,
    0xe8998a, 0xe8998b, 0xe8998c, 0xe89992, 0xe89993, 0xe89995, 0xe89996, 0xe89997, 0xe89998,
    0xe89999, 0xe8999b, 0xe8999c, 0xe8999d, 0xe8999f, 0xe899a0, 0xe899a1, 0xe899a3, 0xe899a4,
    0xe899a5, 0xe899a6, 0xe899a7, 0xe899a8, 0xe899a9, 0xe899aa, 0xe78dad, 0xe68c9e, 0xe8b98b,
    0xe8b88f, 0xe8838e, 0xe88b94, 0xe68aac, 0xe58fb0, 0xe6b3b0, 0xe9859e, 0xe5a4aa, 0xe68081,
    0xe6b1b0, 0xe59d8d, 0xe6918a, 0xe8b4aa, 0xe798ab, 0xe6bba9, 0xe59d9b, 0xe6aa80, 0xe797b0,
    0xe6bdad, 0xe8b0ad, 0xe8b088, 0xe59da6, 0xe6afaf, 0xe8a292, 0xe7a2b3, 0xe68ea2, 0xe58fb9,
    0xe782ad, 0xe6b1a4, 0xe5a198, 0xe690aa, 0xe5a082, 0xe6a3a0, 0xe8869b, 0xe59490, 0xe7b396,
    0xe58098, 0xe8baba, 0xe6b78c, 0xe8b69f, 0xe783ab, 0xe68e8f, 0xe6b69b, 0xe6bb94, 0xe7bba6,
    0xe89084, 0xe6a183, 0xe98083, 0xe6b798, 0xe999b6, 0xe8aea8, 0xe5a597, 0xe789b9, 0xe897a4,
    0xe885be, 0xe796bc, 0xe8aa8a, 0xe6a2af, 0xe58994, 0xe8b8a2, 0xe99491, 0xe68f90, 0xe9a298,
    0xe8b984, 0xe595bc, 0xe4bd93, 0xe69bbf, 0xe59a8f, 0xe68395, 0xe6b695, 0xe58983, 0xe5b189,
    0xe5a4a9, 0xe6b7bb, 0xe5a1ab, 0xe794b0, 0xe7949c, 0xe681ac, 0xe88894, 0xe88586, 0xe68c91,
    0xe69da1, 0xe8bfa2, 0xe79cba, 0xe8b7b3, 0xe8b4b4, 0xe99381, 0xe5b896, 0xe58e85, 0xe590ac,
    0xe78383, 0xe899ad, 0xe899af, 0xe899b0, 0xe899b2, 0xe899b3, 0xe899b4, 0xe899b5, 0xe899b6,
    0xe899b7, 0xe899b8, 0xe89a83, 0xe89a84, 0xe89a85, 0xe89a86, 0xe89a87, 0xe89a88, 0xe89a89,
    0xe89a8e, 0xe89a8f, 0xe89a90, 0xe89a91, 0xe89a92, 0xe89a94, 0xe89a96, 0xe89a97, 0xe89a98,
    0xe89a99, 0xe89a9a, 0xe89a9b, 0xe89a9e, 0xe89a9f, 0xe89aa0, 0xe89aa1, 0xe89aa2, 0xe89aa5,
    0xe89aa6, 0xe89aab, 0xe89aad, 0xe89aae, 0xe89ab2, 0xe89ab3, 0xe89ab7, 0xe89ab8, 0xe89ab9,
    0xe89abb, 0xe89abc, 0xe89abd, 0xe89abe, 0xe89abf, 0xe89b81, 0xe89b82, 0xe89b83, 0xe89b85,
    0xe89b88, 0xe89b8c, 0xe89b8d, 0xe89b92, 0xe89b93, 0xe89b95, 0xe89b96, 0xe89b97, 0xe89b9a,
    0xe89b9c, 0x000000, 0xe89b9d, 0xe89ba0, 0xe89ba1, 0xe89ba2, 0xe89ba3, 0xe89ba5, 0xe89ba6,
    0xe89ba7, 0xe89ba8, 0xe89baa, 0xe89bab, 0xe89bac, 0xe89baf, 0xe89bb5, 0xe89bb6, 0xe89bb7,
    0xe89bba, 0xe89bbb, 0xe89bbc, 0xe89bbd, 0xe89bbf, 0xe89c81, 0xe89c84, 0xe89c85, 0xe89c86,
    0xe89c8b, 0xe89c8c, 0xe89c8e, 0xe89c8f, 0xe89c90, 0xe89c91, 0xe89c94, 0xe89c96, 0xe6b180,
    0xe5bbb7, 0xe5819c, 0xe4baad, 0xe5baad, 0xe68cba, 0xe88987, 0xe9809a, 0xe6a190, 0xe985ae,
    0xe79eb3, 0xe5908c, 0xe9939c, 0xe5bda4, 0xe7aba5, 0xe6a1b6, 0xe68d85, 0xe7ad92, 0xe7bb9f,
    0xe7979b, 0xe581b7, 0xe68a95, 0xe5a4b4, 0xe9808f, 0xe587b8, 0xe7a783, 0xe7aa81, 0xe59bbe,
    0xe5be92, 0xe98094, 0xe6b682, 0xe5b1a0, 0xe59c9f, 0xe59090, 0xe58594, 0xe6b98d, 0xe59ba2,
    0xe68ea8, 0xe9a293, 0xe885bf, 0xe89c95, 0xe8a4aa, 0xe98080, 0xe5909e, 0xe5b1af, 0xe88780,
    0xe68b96, 0xe68998, 0xe884b1, 0xe9b8b5, 0xe99980, 0xe9a9ae, 0xe9a9bc, 0xe6a4ad, 0xe5a6a5,
    0xe68b93, 0xe594be, 0xe68c96, 0xe59387, 0xe89b99, 0xe6b4bc, 0xe5a883, 0xe793a6, 0xe8a29c,
    0xe6adaa, 0xe5a496, 0xe8b18c, 0xe5bcaf, 0xe6b9be, 0xe78ea9, 0xe9a1bd, 0xe4b8b8, 0xe783b7,
    0xe5ae8c, 0xe7a297, 0xe68cbd, 0xe6999a, 0xe79a96, 0xe6838b, 0xe5ae9b, 0xe5a989, 0xe4b887,
    0xe88595, 0xe6b1aa, 0xe78e8b, 0xe4baa1, 0xe69e89, 0xe7bd91, 0xe5be80, 0xe697ba, 0xe69c9b,
    0xe5bf98, 0xe5a684, 0xe5a881, 0xe89c99, 0xe89c9b, 0xe89c9d, 0xe89c9f, 0xe89ca0, 0xe89ca4,
    0xe89ca6, 0xe89ca7, 0xe89ca8, 0xe89caa, 0xe89cab, 0xe89cac, 0xe89cad, 0xe89caf, 0xe89cb0,
    0xe89cb2, 0xe89cb3, 0xe89cb5, 0xe89cb6, 0xe89cb8, 0xe89cb9, 0xe89cba, 0xe89cbc, 0xe89cbd,
    0xe89d80, 0xe89d81, 0xe89d82, 0xe89d83, 0xe89d84, 0xe89d85, 0xe89d86, 0xe89d8a, 0xe89d8b,
    0xe89d8d, 0xe89d8f, 0xe89d90, 0xe89d91, 0xe89d92, 0xe89d94, 0xe89d95, 0xe89d96, 0xe89d98,
    0xe89d9a, 0xe89d9b, 0xe89d9c, 0xe89d9d, 0xe89d9e, 0xe89d9f, 0xe89da1, 0xe89da2, 0xe89da6,
    0xe89da7, 0xe89da8, 0xe89da9, 0xe89daa, 0xe89dab, 0xe89dac, 0xe89dad, 0xe89daf, 0xe89db1,
    0xe89db2, 0xe89db3, 0xe89db5, 0x000000, 0xe89db7, 0xe89db8, 0xe89db9, 0xe89dba, 0xe89dbf,
    0xe89e80, 0xe89e81, 0xe89e84, 0xe89e86, 0xe89e87, 0xe89e89, 0xe89e8a, 0xe89e8c, 0xe89e8e,
    0xe89e8f, 0xe89e90, 0xe89e91, 0xe89e92, 0xe89e94, 0xe89e95, 0xe89e96, 0xe89e98, 0xe89e99,
    0xe89e9a, 0xe89e9b, 0xe89e9c, 0xe89e9d, 0xe89e9e, 0xe89ea0, 0xe89ea1, 0xe89ea2, 0xe89ea3,
    0xe89ea4, 0xe5b78d, 0xe5beae, 0xe58db1, 0xe99fa6, 0xe8bf9d, 0xe6a185, 0xe59bb4, 0xe594af,
    0xe6839f, 0xe4b8ba, 0xe6bd8d, 0xe7bbb4, 0xe88b87, 0xe8908e, 0xe5a794, 0xe4bc9f, 0xe4bcaa,
    0xe5b0be, 0xe7baac, 0xe69caa, 0xe8949a, 0xe591b3, 0xe7958f, 0xe88383, 0xe59682, 0xe9ad8f,
    0xe4bd8d, 0xe6b8ad, 0xe8b093, 0xe5b089, 0xe685b0, 0xe58dab, 0xe7989f, 0xe6b8a9, 0xe89a8a,
    0xe69687, 0xe997bb, 0xe7bab9, 0xe590bb, 0xe7a8b3, 0xe7b48a, 0xe997ae, 0xe597a1, 0xe7bf81,
    0xe793ae, 0xe68c9d, 0xe89c97, 0xe6b6a1, 0xe7aa9d, 0xe68891, 0xe696a1, 0xe58da7, 0xe68fa1,
    0xe6b283, 0xe5b7ab, 0xe5919c, 0xe992a8, 0xe4b98c, 0xe6b1a1, 0xe8afac, 0xe5b18b, 0xe697a0,
    0xe88a9c, 0xe6a2a7, 0xe590be, 0xe590b4, 0xe6af8b, 0xe6ada6, 0xe4ba94, 0xe68d82, 0xe58d88,
    0xe8889e, 0xe4bc8d, 0xe4beae, 0xe59d9e, 0xe6888a, 0xe99bbe, 0xe699a4, 0xe789a9, 0xe58bbf,
    0xe58aa1, 0xe6829f, 0xe8afaf, 0xe69894, 0xe78699, 0xe69e90, 0xe8a5bf, 0xe7a192, 0xe79fbd,
    0xe699b0, 0xe598bb, 0xe590b8, 0xe994a1, 0xe789ba, 0xe89ea5, 0xe89ea6, 0xe89ea7, 0xe89ea9,
    0xe89eaa, 0xe89eae, 0xe89eb0, 0xe89eb1, 0xe89eb2, 0xe89eb4, 0xe89eb6, 0xe89eb7, 0xe89eb8,
    0xe89eb9, 0xe89ebb, 0xe89ebc, 0xe89ebe, 0xe89ebf, 0xe89f81, 0xe89f82, 0xe89f83, 0xe89f84,
    0xe89f85, 0xe89f87, 0xe89f88, 0xe89f89, 0xe89f8c, 0xe89f8d, 0xe89f8e, 0xe89f8f, 0xe89f90,
    0xe89f94, 0xe89f95, 0xe89f96, 0xe89f97, 0xe89f98, 0xe89f99, 0xe89f9a, 0xe89f9c, 0xe89f9d,
    0xe89f9e, 0xe89f9f, 0xe89fa1, 0xe89fa2, 0xe89fa3, 0xe89fa4, 0xe89fa6, 0xe89fa7, 0xe89fa8,
    0xe89fa9, 0xe89fab, 0xe89fac, 0xe89fad, 0xe89faf, 0xe89fb0, 0xe89fb1, 0xe89fb2, 0xe89fb3,
    0xe89fb4, 0xe89fb5, 0xe89fb6, 0xe89fb7, 0xe89fb8, 0x000000, 0xe89fba, 0xe89fbb, 0xe89fbc,
    0xe89fbd, 0xe89fbf, 0xe8a080, 0xe8a081, 0xe8a082, 0xe8a084, 0xe8a085, 0xe8a086, 0xe8a087,
    0xe8a088, 0xe8a089, 0xe8a08b, 0xe8a08c, 0xe8a08d, 0xe8a08e, 0xe8a08f, 0xe8a090, 0xe8a091,
    0xe8a092, 0xe8a094, 0xe8a097, 0xe8a098, 0xe8a099, 0xe8a09a, 0xe8a09c, 0xe8a09d, 0xe8a09e,
    0xe8a09f, 0xe8a0a0, 0xe8a0a3, 0xe7a880, 0xe681af, 0xe5b88c, 0xe68289, 0xe8869d, 0xe5a495,
    0xe6839c, 0xe78684, 0xe783af, 0xe6baaa, 0xe6b190, 0xe78a80, 0xe6aa84, 0xe8a2ad, 0xe5b8ad,
    0xe4b9a0, 0xe5aab3, 0xe5969c, 0xe993a3, 0xe6b497, 0xe7b3bb, 0xe99a99, 0xe6888f, 0xe7bb86,
    0xe79e8e, 0xe899be, 0xe58ca3, 0xe99c9e, 0xe8be96, 0xe69a87, 0xe5b3a1, 0xe4bea0, 0xe78bad,
    0xe4b88b, 0xe58ea6, 0xe5a48f, 0xe59093, 0xe68e80, 0xe994a8, 0xe58588, 0xe4bb99, 0xe9b29c,
    0xe7baa4, 0xe592b8, 0xe8b4a4, 0xe8a194, 0xe888b7, 0xe997b2, 0xe6b68e, 0xe5bca6, 0xe5ab8c,
    0xe698be, 0xe999a9, 0xe78eb0, 0xe78cae, 0xe58ebf, 0xe885ba, 0xe9a685, 0xe7bea1, 0xe5aeaa,
    0xe999b7, 0xe99990, 0xe7babf, 0xe79bb8, 0xe58ea2, 0xe995b6, 0xe9a699, 0xe7aeb1, 0xe8a584,
    0xe6b998, 0xe4b9a1, 0xe7bf94, 0xe7a5a5, 0xe8afa6, 0xe683b3, 0xe5938d, 0xe4baab, 0xe9a1b9,
    0xe5b7b7, 0xe6a9a1, 0xe5838f, 0xe59091, 0xe8b1a1, 0xe890a7, 0xe7a19d, 0xe99c84, 0xe5898a,
    0xe593ae, 0xe59aa3, 0xe99480, 0xe6b688, 0xe5aeb5, 0xe6b786, 0xe69993, 0xe8a0a4, 0xe8a0a5,
    0xe8a0a6, 0xe8a0a7, 0xe8a0a8, 0xe8a0a9, 0xe8a0aa, 0xe8a0ab, 0xe8a0ac, 0xe8a0ad, 0xe8a0ae,
    0xe8a0af, 0xe8a0b0, 0xe8a0b1, 0xe8a0b3, 0xe8a0b4, 0xe8a0b5, 0xe8a0b6, 0xe8a0b7, 0xe8a0b8,
    0xe8a0ba, 0xe8a0bb, 0xe8a0bd, 0xe8a0be, 0xe8a0bf, 0xe8a181, 0xe8a182, 0xe8a183, 0xe8a186,
    0xe8a187, 0xe8a188, 0xe8a189, 0xe8a18a, 0xe8a18b, 0xe8a18e, 0xe8a18f, 0xe8a190, 0xe8a191,
    0xe8a192, 0xe8a193, 0xe8a195, 0xe8a196, 0xe8a198, 0xe8a19a, 0xe8a19b, 0xe8a19c, 0xe8a19d,
    0xe8a19e, 0xe8a19f, 0xe8a1a0, 0xe8a1a6, 0xe8a1a7, 0xe8a1aa, 0xe8a1ad, 0xe8a1af, 0xe8a1b1,
    0xe8a1b3, 0xe8a1b4, 0xe8a1b5, 0xe8a1b6, 0xe8a1b8, 0xe8a1b9, 0xe8a1ba, 0x000000, 0xe8a1bb,
    0xe8a1bc, 0xe8a280, 0xe8a283, 0xe8a286, 0xe8a287, 0xe8a289, 0xe8a28a, 0xe8a28c, 0xe8a28e,
    0xe8a28f, 0xe8a290, 0xe8a291, 0xe8a293, 0xe8a294, 0xe8a295, 0xe8a297, 0xe8a298, 0xe8a299,
    0xe8a29a, 0xe8a29b, 0xe8a29d, 0xe8a29e, 0xe8a29f, 0xe8a2a0, 0xe8a2a1, 0xe8a2a3, 0xe8a2a5,
    0xe8a2a6, 0xe8a2a7, 0xe8a2a8, 0xe8a2a9, 0xe8a2aa, 0xe5b08f, 0xe5ad9d, 0xe6a0a1, 0xe88296,
    0xe595b8, 0xe7ac91, 0xe69588, 0xe6a594, 0xe4ba9b, 0xe6ad87, 0xe89d8e, 0xe99e8b, 0xe58d8f,
    0xe68c9f, 0xe690ba, 0xe982aa, 0xe6969c, 0xe88381, 0xe8b090, 0xe58699, 0xe6a2b0, 0xe58db8,
    0xe89fb9, 0xe68788, 0xe6b384, 0xe6b3bb, 0xe8b0a2, 0xe5b191, 0xe896aa, 0xe88aaf, 0xe9948c,
    0xe6aca3, 0xe8be9b, 0xe696b0, 0xe5bfbb, 0xe5bf83, 0xe4bfa1, 0xe8a185, 0xe6989f, 0xe885a5,
    0xe78ca9, 0xe683ba, 0xe585b4, 0xe58891, 0xe59e8b, 0xe5bda2, 0xe982a2, 0xe8a18c, 0xe98692,
    0xe5b9b8, 0xe69d8f, 0xe680a7, 0xe5a793, 0xe58584, 0xe587b6, 0xe883b8, 0xe58c88, 0xe6b1b9,
    0xe99b84, 0xe7868a, 0xe4bc91, 0xe4bfae, 0xe7be9e, 0xe69cbd, 0xe59785, 0xe99488, 0xe7a780,
    0xe8a296, 0xe7bba3, 0xe5a29f, 0xe6888c, 0xe99c80, 0xe8999a, 0xe59898, 0xe9a1bb, 0xe5be90,
    0xe8aeb8, 0xe89384, 0xe98597, 0xe58f99, 0xe697ad, 0xe5ba8f, 0xe7959c, 0xe681a4, 0xe7b5ae,
    0xe5a9bf, 0xe7bbaa, 0xe7bbad, 0xe8bda9, 0xe596a7, 0xe5aea3, 0xe682ac, 0xe6978b, 0xe78e84,
    0xe8a2ac, 0xe8a2ae, 0xe8a2af, 0xe8a2b0, 0xe8a2b2, 0xe8a2b3, 0xe8a2b4, 0xe8a2b5, 0xe8a2b6,
    0xe8a2b8, 0xe8a2b9, 0xe8a2ba, 0xe8a2bb, 0xe8a2bd, 0xe8a2be, 0xe8a2bf, 0xe8a380, 0xe8a383,
    0xe8a384, 0xe8a387, 0xe8a388, 0xe8a38a, 0xe8a38b, 0xe8a38c, 0xe8a38d, 0xe8a38f, 0xe8a390,
    0xe8a391, 0xe8a393, 0xe8a396, 0xe8a397, 0xe8a39a, 0xe8a39b, 0xe8a39c, 0xe8a39d, 0xe8a39e,
    0xe8a3a0, 0xe8a3a1, 0xe8a3a6, 0xe8a3a7, 0xe8a3a9, 0xe8a3aa, 0xe8a3ab, 0xe8a3ac, 0xe8a3ad,
    0xe8a3ae, 0xe8a3af, 0xe8a3b2, 0xe8a3b5, 0xe8a3b6, 0xe8a3b7, 0xe8a3ba, 0xe8a3bb, 0xe8a3bd,
    0xe8a3bf, 0xe8a480, 0xe8a481, 0xe8a483, 0xe8a484, 0xe8a485, 0xe8a486, 0xe8a487, 0xe8a488,
    0x000000, 0xe8a489, 0xe8a48b, 0xe8a48c, 0xe8a48d, 0xe8a48e, 0xe8a48f, 0xe8a491, 0xe8a494,
    0xe8a495, 0xe8a496, 0xe8a497, 0xe8a498, 0xe8a49c, 0xe8a49d, 0xe8a49e, 0xe8a49f, 0xe8a4a0,
    0xe8a4a2, 0xe8a4a3, 0xe8a4a4, 0xe8a4a6, 0xe8a4a7, 0xe8a4a8, 0xe8a4a9, 0xe8a4ac, 0xe8a4ad,
    0xe8a4ae, 0xe8a4af, 0xe8a4b1, 0xe8a4b2, 0xe8a4b3, 0xe8a4b5, 0xe8a4b7, 0xe98089, 0xe799a3,
    0xe79ca9, 0xe7bb9a, 0xe99db4, 0xe8969b, 0xe5ada6, 0xe7a9b4, 0xe99baa, 0xe8a180, 0xe58b8b,
    0xe7868f, 0xe5beaa, 0xe697ac, 0xe8afa2, 0xe5afbb, 0xe9a9af, 0xe5b7a1, 0xe6ae89, 0xe6b19b,
    0xe8aead, 0xe8aeaf, 0xe9808a, 0xe8bf85, 0xe58e8b, 0xe68abc, 0xe9b8a6, 0xe9b8ad, 0xe59180,
    0xe4b8ab, 0xe88abd, 0xe78999, 0xe89a9c, 0xe5b496, 0xe8a199, 0xe6b6af, 0xe99b85, 0xe59391,
    0xe4ba9a, 0xe8aeb6, 0xe78489, 0xe592bd, 0xe99889, 0xe7839f, 0xe6b7b9, 0xe79b90, 0xe4b8a5,
    0xe7a094, 0xe89c92, 0xe5b2a9, 0xe5bbb6, 0xe8a880, 0xe9a29c, 0xe9988e, 0xe7828e, 0xe6b2bf,
    0xe5a584, 0xe68ea9, 0xe79cbc, 0xe8a18d, 0xe6bc94, 0xe889b3, 0xe5a0b0, 0xe78795, 0xe58e8c,
    0xe7a09a, 0xe99b81, 0xe59481, 0xe5bda6, 0xe784b0, 0xe5aeb4, 0xe8b09a, 0xe9aa8c, 0xe6ae83,
    0xe5a4ae, 0xe9b8af, 0xe7a7a7, 0xe69da8, 0xe689ac, 0xe4bdaf, 0xe796a1, 0xe7be8a, 0xe6b48b,
    0xe998b3, 0xe6b0a7, 0xe4bbb0, 0xe79792, 0xe585bb, 0xe6a0b7, 0xe6bcbe, 0xe98280, 0xe885b0,
    0xe5a696, 0xe791b6, 0xe8a4b8, 0xe8a4b9, 0xe8a4ba, 0xe8a4bb, 0xe8a4bc, 0xe8a4bd, 0xe8a4be,
    0xe8a4bf, 0xe8a580, 0xe8a582, 0xe8a583, 0xe8a585, 0xe8a586, 0xe8a587, 0xe8a588, 0xe8a589,
    0xe8a58a, 0xe8a58b, 0xe8a58c, 0xe8a58d, 0xe8a58e, 0xe8a58f, 0xe8a590, 0xe8a591, 0xe8a592,
    0xe8a593, 0xe8a594, 0xe8a595, 0xe8a596, 0xe8a597, 0xe8a598, 0xe8a599, 0xe8a59a, 0xe8a59b,
    0xe8a59c, 0xe8a59d, 0xe8a5a0, 0xe8a5a1, 0xe8a5a2, 0xe8a5a3, 0xe8a5a4, 0xe8a5a5, 0xe8a5a7,
    0xe8a5a8, 0xe8a5a9, 0xe8a5aa, 0xe8a5ab, 0xe8a5ac, 0xe8a5ad, 0xe8a5ae, 0xe8a5af, 0xe8a5b0,
    0xe8a5b1, 0xe8a5b2, 0xe8a5b3, 0xe8a5b4, 0xe8a5b5, 0xe8a5b6, 0xe8a5b7, 0xe8a5b8, 0xe8a5b9,
    0xe8a5ba, 0xe8a5bc, 0x000000, 0xe8a5bd, 0xe8a5be, 0xe8a680, 0xe8a682, 0xe8a684, 0xe8a685,
    0xe8a687, 0xe8a688, 0xe8a689, 0xe8a68a, 0xe8a68b, 0xe8a68c, 0xe8a68d, 0xe8a68e, 0xe8a68f,
    0xe8a690, 0xe8a691, 0xe8a692, 0xe8a693, 0xe8a694, 0xe8a695, 0xe8a696, 0xe8a697, 0xe8a698,
    0xe8a699, 0xe8a69a, 0xe8a69b, 0xe8a69c, 0xe8a69d, 0xe8a69e, 0xe8a69f, 0xe8a6a0, 0xe8a6a1,
    0xe69187, 0xe5b0a7, 0xe981a5, 0xe7aa91, 0xe8b0a3, 0xe5a79a, 0xe592ac, 0xe88880, 0xe88daf,
    0xe8a681, 0xe88080, 0xe6a4b0, 0xe5998e, 0xe880b6, 0xe788b7, 0xe9878e, 0xe586b6, 0xe4b99f,
    0xe9a1b5, 0xe68e96, 0xe4b89a, 0xe58fb6, 0xe69bb3, 0xe8858b, 0xe5a49c, 0xe6b6b2, 0xe4b880,
    0xe5a3b9, 0xe58cbb, 0xe68f96, 0xe993b1, 0xe4be9d, 0xe4bc8a, 0xe8a1a3, 0xe9a290, 0xe5a4b7,
    0xe98197, 0xe7a7bb, 0xe4bbaa, 0xe883b0, 0xe79691, 0xe6b282, 0xe5ae9c, 0xe5a7a8, 0xe5bd9d,
    0xe6a485, 0xe89a81, 0xe5809a, 0xe5b7b2, 0xe4b999, 0xe79fa3, 0xe4bba5, 0xe889ba, 0xe68a91,
    0xe69893, 0xe98291, 0xe5b1b9, 0xe4babf, 0xe5bdb9, 0xe88786, 0xe980b8, 0xe88284, 0xe796ab,
    0xe4baa6, 0xe8a394, 0xe6848f, 0xe6af85, 0xe5bf86, 0xe4b989, 0xe79b8a, 0xe6baa2, 0xe8afa3,
    0xe8aeae, 0xe8b08a, 0xe8af91, 0xe5bc82, 0xe7bfbc, 0xe7bf8c, 0xe7bb8e, 0xe88cb5, 0xe88dab,
    0xe59ba0, 0xe6aeb7, 0xe99fb3, 0xe998b4, 0xe5a7bb, 0xe5909f, 0xe993b6, 0xe6b7ab, 0xe5af85,
    0xe9a5ae, 0xe5b0b9, 0xe5bc95, 0xe99a90, 0xe8a6a2, 0xe8a6a3, 0xe8a6a4, 0xe8a6a5, 0xe8a6a6,
    0xe8a6a7, 0xe8a6a8, 0xe8a6a9, 0xe8a6aa, 0xe8a6ab, 0xe8a6ac, 0xe8a6ad, 0xe8a6ae, 0xe8a6af,
    0xe8a6b0, 0xe8a6b1, 0xe8a6b2, 0xe8a6b3, 0xe8a6b4, 0xe8a6b5, 0xe8a6b6, 0xe8a6b7, 0xe8a6b8,
    0xe8a6b9, 0xe8a6ba, 0xe8a6bb, 0xe8a6bc, 0xe8a6bd, 0xe8a6be, 0xe8a6bf, 0xe8a780, 0xe8a783,
    0xe8a78d, 0xe8a793, 0xe8a794, 0xe8a795, 0xe8a797, 0xe8a798, 0xe8a799, 0xe8a79b, 0xe8a79d,
    0xe8a79f, 0xe8a7a0, 0xe8a7a1, 0xe8a7a2, 0xe8a7a4, 0xe8a7a7, 0xe8a7a8, 0xe8a7a9, 0xe8a7aa,
    0xe8a7ac, 0xe8a7ad, 0xe8a7ae, 0xe8a7b0, 0xe8a7b1, 0xe8a7b2, 0xe8a7b4, 0xe8a7b5, 0xe8a7b6,
    0xe8a7b7, 0xe8a7b8, 0xe8a7b9, 0xe8a7ba, 0x000000, 0xe8a7bb, 0xe8a7bc, 0xe8a7bd, 0xe8a7be,
    0xe8a7bf, 0xe8a881, 0xe8a882, 0xe8a883, 0xe8a884, 0xe8a885, 0xe8a886, 0xe8a888, 0xe8a889,
    0xe8a88a, 0xe8a88b, 0xe8a88c, 0xe8a88d, 0xe8a88e, 0xe8a88f, 0xe8a890, 0xe8a891, 0xe8a892,
    0xe8a893, 0xe8a894, 0xe8a895, 0xe8a896, 0xe8a897, 0xe8a898, 0xe8a899, 0xe8a89a, 0xe8a89b,
    0xe8a89c, 0xe8a89d, 0xe58db0, 0xe88bb1, 0xe6a8b1, 0xe5a9b4, 0xe9b9b0, 0xe5ba94, 0xe7bca8,
    0xe88eb9, 0xe890a4, 0xe890a5, 0xe88da7, 0xe89d87, 0xe8bf8e, 0xe8b5a2, 0xe79b88, 0xe5bdb1,
    0xe9a296, 0xe7a1ac, 0xe698a0, 0xe5939f, 0xe68ba5, 0xe4bda3, 0xe88783, 0xe79788, 0xe5bab8,
    0xe99b8d, 0xe8b88a, 0xe89bb9, 0xe5928f, 0xe6b3b3, 0xe6b68c, 0xe6b0b8, 0xe681bf, 0xe58b87,
    0xe794a8, 0xe5b9bd, 0xe4bc98, 0xe682a0, 0xe5bfa7, 0xe5b0a4, 0xe794b1, 0xe982ae, 0xe99380,
    0xe78ab9, 0xe6b2b9, 0xe6b8b8, 0xe98589, 0xe69c89, 0xe58f8b, 0xe58fb3, 0xe4bd91, 0xe98789,
    0xe8afb1, 0xe58f88, 0xe5b9bc, 0xe8bf82, 0xe6b7a4, 0xe4ba8e, 0xe79b82, 0xe6a686, 0xe8999e,
    0xe6849a, 0xe88886, 0xe4bd99, 0xe4bf9e, 0xe980be, 0xe9b1bc, 0xe68489, 0xe6b89d, 0xe6b894,
    0xe99a85, 0xe4ba88, 0xe5a8b1, 0xe99ba8, 0xe4b88e, 0xe5b1bf, 0xe7a6b9, 0xe5ae87, 0xe8afad,
    0xe7bebd, 0xe78e89, 0xe59f9f, 0xe88a8b, 0xe98381, 0xe59081, 0xe98187, 0xe596bb, 0xe5b3aa,
    0xe5bea1, 0xe68488, 0xe6acb2, 0xe78bb1, 0xe882b2, 0xe8aa89, 0xe8a89e, 0xe8a89f, 0xe8a8a0,
    0xe8a8a1, 0xe8a8a2, 0xe8a8a3, 0xe8a8a4, 0xe8a8a5, 0xe8a8a6, 0xe8a8a7, 0xe8a8a8, 0xe8a8a9,
    0xe8a8aa, 0xe8a8ab, 0xe8a8ac, 0xe8a8ad, 0xe8a8ae, 0xe8a8af, 0xe8a8b0, 0xe8a8b1, 0xe8a8b2,
    0xe8a8b3, 0xe8a8b4, 0xe8a8b5, 0xe8a8b6, 0xe8a8b7, 0xe8a8b8, 0xe8a8b9, 0xe8a8ba, 0xe8a8bb,
    0xe8a8bc, 0xe8a8bd, 0xe8a8bf, 0xe8a980, 0xe8a981, 0xe8a982, 0xe8a983, 0xe8a984, 0xe8a985,
    0xe8a986, 0xe8a987, 0xe8a989, 0xe8a98a, 0xe8a98b, 0xe8a98c, 0xe8a98d, 0xe8a98e, 0xe8a98f,
    0xe8a990, 0xe8a991, 0xe8a992, 0xe8a993, 0xe8a994, 0xe8a995, 0xe8a996, 0xe8a997, 0xe8a998,
    0xe8a999, 0xe8a99a, 0xe8a99b, 0xe8a99c, 0xe8a99d, 0xe8a99e, 0x000000, 0xe8a99f, 0xe8a9a0,
    0xe8a9a1, 0xe8a9a2, 0xe8a9a3, 0xe8a9a4, 0xe8a9a5, 0xe8a9a6, 0xe8a9a7, 0xe8a9a8, 0xe8a9a9,
    0xe8a9aa, 0xe8a9ab, 0xe8a9ac, 0xe8a9ad, 0xe8a9ae, 0xe8a9af, 0xe8a9b0, 0xe8a9b1, 0xe8a9b2,
    0xe8a9b3, 0xe8a9b4, 0xe8a9b5, 0xe8a9b6, 0xe8a9b7, 0xe8a9b8, 0xe8a9ba, 0xe8a9bb, 0xe8a9bc,
    0xe8a9bd, 0xe8a9be, 0xe8a9bf, 0xe8aa80, 0xe6b5b4, 0xe5af93, 0xe8a395, 0xe9a284, 0xe8b1ab,
    0xe9a9ad, 0xe9b8b3, 0xe6b88a, 0xe586a4, 0xe58583, 0xe59ea3, 0xe8a281, 0xe58e9f, 0xe68fb4,
    0xe8be95, 0xe59bad, 0xe59198, 0xe59c86, 0xe78cbf, 0xe6ba90, 0xe7bc98, 0xe8bf9c, 0xe88b91,
    0xe684bf, 0xe680a8, 0xe999a2, 0xe69bb0, 0xe7baa6, 0xe8b68a, 0xe8b783, 0xe992a5, 0xe5b2b3,
    0xe7b2a4, 0xe69c88, 0xe682a6, 0xe99885, 0xe88098, 0xe4ba91, 0xe983a7, 0xe58c80, 0xe999a8,
    0xe58581, 0xe8bf90, 0xe895b4, 0xe9859d, 0xe69995, 0xe99fb5, 0xe5ad95, 0xe58c9d, 0xe7a0b8,
    0xe69d82, 0xe6a0bd, 0xe59389, 0xe781be, 0xe5aeb0, 0xe8bdbd, 0xe5868d, 0xe59ca8, 0xe592b1,
    0xe69492, 0xe69a82, 0xe8b59e, 0xe8b583, 0xe8848f, 0xe891ac, 0xe981ad, 0xe7b39f, 0xe587bf,
    0xe897bb, 0xe69ea3, 0xe697a9, 0xe6bea1, 0xe89aa4, 0xe8ba81, 0xe599aa, 0xe980a0, 0xe79a82,
    0xe781b6, 0xe787a5, 0xe8b4a3, 0xe68ba9, 0xe58899, 0xe6b3bd, 0xe8b4bc, 0xe6808e, 0xe5a29e,
    0xe6868e, 0xe69bbe, 0xe8b5a0, 0xe6898e, 0xe596b3, 0xe6b8a3, 0xe69cad, 0xe8bda7, 0xe8aa81,
    0xe8aa82, 0xe8aa83, 0xe8aa84, 0xe8aa85, 0xe8aa86, 0xe8aa87, 0xe8aa88, 0xe8aa8b, 0xe8aa8c,
    0xe8aa8d, 0xe8aa8e, 0xe8aa8f, 0xe8aa90, 0xe8aa91, 0xe8aa92, 0xe8aa94, 0xe8aa95, 0xe8aa96,
    0xe8aa97, 0xe8aa98, 0xe8aa99, 0xe8aa9a, 0xe8aa9b, 0xe8aa9c, 0xe8aa9d, 0xe8aa9e, 0xe8aa9f,
    0xe8aaa0, 0xe8aaa1, 0xe8aaa2, 0xe8aaa3, 0xe8aaa4, 0xe8aaa5, 0xe8aaa6, 0xe8aaa7, 0xe8aaa8,
    0xe8aaa9, 0xe8aaaa, 0xe8aaab, 0xe8aaac, 0xe8aaad, 0xe8aaae, 0xe8aaaf, 0xe8aab0, 0xe8aab1,
    0xe8aab2, 0xe8aab3, 0xe8aab4, 0xe8aab5, 0xe8aab6, 0xe8aab7, 0xe8aab8, 0xe8aab9, 0xe8aaba,
    0xe8aabb, 0xe8aabc, 0xe8aabd, 0xe8aabe, 0xe8aabf, 0xe8ab80, 0xe8ab81, 0xe8ab82, 0x000000,
    0xe8ab83, 0xe8ab84, 0xe8ab85, 0xe8ab86, 0xe8ab87, 0xe8ab88, 0xe8ab89, 0xe8ab8a, 0xe8ab8b,
    0xe8ab8c, 0xe8ab8d, 0xe8ab8e, 0xe8ab8f, 0xe8ab90, 0xe8ab91, 0xe8ab92, 0xe8ab93, 0xe8ab94,
    0xe8ab95, 0xe8ab96, 0xe8ab97, 0xe8ab98, 0xe8ab99, 0xe8ab9a, 0xe8ab9b, 0xe8ab9c, 0xe8ab9d,
    0xe8ab9e, 0xe8ab9f, 0xe8aba0, 0xe8aba1, 0xe8aba2, 0xe8aba3, 0xe993a1, 0xe997b8, 0xe79ca8,
    0xe6a085, 0xe6a6a8, 0xe5928b, 0xe4b98d, 0xe782b8, 0xe8af88, 0xe69198, 0xe6968b, 0xe5ae85,
    0xe7aa84, 0xe580ba, 0xe5afa8, 0xe79ebb, 0xe6afa1, 0xe8a9b9, 0xe7b298, 0xe6b2be, 0xe79b8f,
    0xe696a9, 0xe8be97, 0xe5b4ad, 0xe5b195, 0xe898b8, 0xe6a088, 0xe58da0, 0xe68898, 0xe7ab99,
    0xe6b99b, 0xe7bbbd, 0xe6a89f, 0xe7aba0, 0xe5bdb0, 0xe6bcb3, 0xe5bca0, 0xe68e8c, 0xe6b6a8,
    0xe69d96, 0xe4b888, 0xe5b890, 0xe8b4a6, 0xe4bb97, 0xe88380, 0xe798b4, 0xe99a9c, 0xe68b9b,
    0xe698ad, 0xe689be, 0xe6b2bc, 0xe8b5b5, 0xe785a7, 0xe7bda9, 0xe58586, 0xe88287, 0xe58fac,
    0xe981ae, 0xe68a98, 0xe593b2, 0xe89bb0, 0xe8be99, 0xe88085, 0xe99497, 0xe89497, 0xe8bf99,
    0xe6b599, 0xe78f8d, 0xe6969f, 0xe79c9f, 0xe79484, 0xe7a0a7, 0xe887bb, 0xe8b49e, 0xe99288,
    0xe4bea6, 0xe69e95, 0xe796b9, 0xe8af8a, 0xe99c87, 0xe68caf, 0xe99587, 0xe998b5, 0xe892b8,
    0xe68ca3, 0xe79d81, 0xe5be81, 0xe78bb0, 0xe4ba89, 0xe68094, 0xe695b4, 0xe68baf, 0xe6ada3,
    0xe694bf, 0xe8aba4, 0xe8aba5, 0xe8aba6, 0xe8aba7, 0xe8aba8, 0xe8aba9, 0xe8abaa, 0xe8abab,
    0xe8abac, 0xe8abad, 0xe8abae, 0xe8abaf, 0xe8abb0, 0xe8abb1, 0xe8abb2, 0xe8abb3, 0xe8abb4,
    0xe8abb5, 0xe8abb6, 0xe8abb7, 0xe8abb8, 0xe8abb9, 0xe8abba, 0xe8abbb, 0xe8abbc, 0xe8abbd,
    0xe8abbe, 0xe8abbf, 0xe8ac80, 0xe8ac81, 0xe8ac82, 0xe8ac83, 0xe8ac84, 0xe8ac85, 0xe8ac86,
    0xe8ac88, 0xe8ac89, 0xe8ac8a, 0xe8ac8b, 0xe8ac8c, 0xe8ac8d, 0xe8ac8e, 0xe8ac8f, 0xe8ac90,
    0xe8ac91, 0xe8ac92, 0xe8ac93, 0xe8ac94, 0xe8ac95, 0xe8ac96, 0xe8ac97, 0xe8ac98, 0xe8ac99,
    0xe8ac9a, 0xe8ac9b, 0xe8ac9c, 0xe8ac9d, 0xe8ac9e, 0xe8ac9f, 0xe8aca0, 0xe8aca1, 0xe8aca2,
    0xe8aca3, 0x000000, 0xe8aca4, 0xe8aca5, 0xe8aca7, 0xe8aca8, 0xe8aca9, 0xe8acaa, 0xe8acab,
    0xe8acac, 0xe8acad, 0xe8acae, 0xe8acaf, 0xe8acb0, 0xe8acb1, 0xe8acb2, 0xe8acb3, 0xe8acb4,
    0xe8acb5, 0xe8acb6, 0xe8acb7, 0xe8acb8, 0xe8acb9, 0xe8acba, 0xe8acbb, 0xe8acbc, 0xe8acbd,
    0xe8acbe, 0xe8acbf, 0xe8ad80, 0xe8ad81, 0xe8ad82, 0xe8ad83, 0xe8ad84, 0xe8ad85, 0xe5b8a7,
    0xe79787, 0xe98391, 0xe8af81, 0xe88a9d, 0xe69e9d, 0xe694af, 0xe590b1, 0xe89c98, 0xe79fa5,
    0xe882a2, 0xe88482, 0xe6b181, 0xe4b98b, 0xe7bb87, 0xe8818c, 0xe79bb4, 0xe6a48d, 0xe6ae96,
    0xe689a7, 0xe580bc, 0xe4be84, 0xe59d80, 0xe68c87, 0xe6ada2, 0xe8b6be, 0xe58faa, 0xe697a8,
    0xe7bab8, 0xe5bf97, 0xe68c9a, 0xe68eb7, 0xe887b3, 0xe887b4, 0xe7bdae, 0xe5b89c, 0xe5b399,
    0xe588b6, 0xe699ba, 0xe7a7a9, 0xe7a89a, 0xe8b4a8, 0xe78299, 0xe79794, 0xe6bb9e, 0xe6b2bb,
    0xe7aa92, 0xe4b8ad, 0xe79b85, 0xe5bfa0, 0xe9929f, 0xe8a1b7, 0xe7bb88, 0xe7a78d, 0xe882bf,
    0xe9878d, 0xe4bbb2, 0xe4bc97, 0xe8889f, 0xe591a8, 0xe5b79e, 0xe6b4b2, 0xe8af8c, 0xe7b2a5,
    0xe8bdb4, 0xe88298, 0xe5b89a, 0xe59292, 0xe79ab1, 0xe5ae99, 0xe698bc, 0xe9aaa4, 0xe78fa0,
    0xe6a0aa, 0xe89b9b, 0xe69cb1, 0xe78caa, 0xe8afb8, 0xe8af9b, 0xe98090, 0xe7abb9, 0xe7839b,
    0xe785ae, 0xe68b84, 0xe79ea9, 0xe598b1, 0xe4b8bb, 0xe89197, 0xe69fb1, 0xe58aa9, 0xe89b80,
    0xe8b4ae, 0xe993b8, 0xe7ad91, 0xe8ad86, 0xe8ad87, 0xe8ad88, 0xe8ad89, 0xe8ad8a, 0xe8ad8b,
    0xe8ad8c, 0xe8ad8d, 0xe8ad8e, 0xe8ad8f, 0xe8ad90, 0xe8ad91, 0xe8ad92, 0xe8ad93, 0xe8ad94,
    0xe8ad95, 0xe8ad96, 0xe8ad97, 0xe8ad98, 0xe8ad99, 0xe8ad9a, 0xe8ad9b, 0xe8ad9c, 0xe8ad9d,
    0xe8ad9e, 0xe8ad9f, 0xe8ada0, 0xe8ada1, 0xe8ada2, 0xe8ada3, 0xe8ada4, 0xe8ada5, 0xe8ada7,
    0xe8ada8, 0xe8ada9, 0xe8adaa, 0xe8adab, 0xe8adad, 0xe8adae, 0xe8adaf, 0xe8adb0, 0xe8adb1,
    0xe8adb2, 0xe8adb3, 0xe8adb4, 0xe8adb5, 0xe8adb6, 0xe8adb7, 0xe8adb8, 0xe8adb9, 0xe8adba,
    0xe8adbb, 0xe8adbc, 0xe8adbd, 0xe8adbe, 0xe8adbf, 0xe8ae80, 0xe8ae81, 0xe8ae82, 0xe8ae83,
    0xe8ae84, 0xe8ae85, 0xe8ae86, 0x000000, 0xe8ae87, 0xe8ae88, 0xe8ae89, 0xe8ae8a, 0xe8ae8b,
    0xe8ae8c, 0xe8ae8d, 0xe8ae8e, 0xe8ae8f, 0xe8ae90, 0xe8ae91, 0xe8ae92, 0xe8ae93, 0xe8ae94,
    0xe8ae95, 0xe8ae96, 0xe8ae97, 0xe8ae98, 0xe8ae99, 0xe8ae9a, 0xe8ae9b, 0xe8ae9c, 0xe8ae9d,
    0xe8ae9e, 0xe8ae9f, 0xe8aeac, 0xe8aeb1, 0xe8aebb, 0xe8af87, 0xe8af90, 0xe8afaa, 0xe8b089,
    0xe8b09e, 0xe4bd8f, 0xe6b3a8, 0xe7a59d, 0xe9a9bb, 0xe68a93, 0xe788aa, 0xe68bbd, 0xe4b893,
    0xe7a096, 0xe8bdac, 0xe692b0, 0xe8b59a, 0xe7af86, 0xe6a1a9, 0xe5ba84, 0xe8a385, 0xe5a686,
    0xe6929e, 0xe5a3ae, 0xe78ab6, 0xe6a48e, 0xe994a5, 0xe8bfbd, 0xe8b598, 0xe59da0, 0xe7bc80,
    0xe8b086, 0xe58786, 0xe68d89, 0xe68b99, 0xe58d93, 0xe6a18c, 0xe790a2, 0xe88c81, 0xe9858c,
    0xe59584, 0xe79d80, 0xe781bc, 0xe6b58a, 0xe585b9, 0xe592a8, 0xe8b584, 0xe5a7bf, 0xe6bb8b,
    0xe6b784, 0xe5ad9c, 0xe7b4ab, 0xe4bb94, 0xe7b1bd, 0xe6bb93, 0xe5ad90, 0xe887aa, 0xe6b88d,
    0xe5ad97, 0xe9ac83, 0xe6a395, 0xe8b8aa, 0xe5ae97, 0xe7bbbc, 0xe680bb, 0xe7bab5, 0xe982b9,
    0xe8b5b0, 0xe5a58f, 0xe68f8d, 0xe7a79f, 0xe8b6b3, 0xe58d92, 0xe6978f, 0xe7a596, 0xe8af85,
    0xe998bb, 0xe7bb84, 0xe992bb, 0xe7ba82, 0xe598b4, 0xe98689, 0xe69c80, 0xe7bdaa, 0xe5b08a,
    0xe981b5, 0xe698a8, 0xe5b7a6, 0xe4bd90, 0xe69f9e, 0xe5819a, 0xe4bd9c, 0xe59d90, 0xe5baa7,
    0xeea090, 0xeea091, 0xeea092, 0xeea093, 0xeea094, 0xe8b0b8, 0xe8b0b9, 0xe8b0ba, 0xe8b0bb,
    0xe8b0bc, 0xe8b0bd, 0xe8b0be, 0xe8b0bf, 0xe8b180, 0xe8b182, 0xe8b183, 0xe8b184, 0xe8b185,
    0xe8b188, 0xe8b18a, 0xe8b18b, 0xe8b18d, 0xe8b18e, 0xe8b18f, 0xe8b190, 0xe8b191, 0xe8b192,
    0xe8b193, 0xe8b194, 0xe8b196, 0xe8b197, 0xe8b198, 0xe8b199, 0xe8b19b, 0xe8b19c, 0xe8b19d,
    0xe8b19e, 0xe8b19f, 0xe8b1a0, 0xe8b1a3, 0xe8b1a4, 0xe8b1a5, 0xe8b1a6, 0xe8b1a7, 0xe8b1a8,
    0xe8b1a9, 0xe8b1ac, 0xe8b1ad, 0xe8b1ae, 0xe8b1af, 0xe8b1b0, 0xe8b1b1, 0xe8b1b2, 0xe8b1b4,
    0xe8b1b5, 0xe8b1b6, 0xe8b1b7, 0xe8b1bb, 0xe8b1bc, 0xe8b1bd, 0xe8b1be, 0xe8b1bf, 0xe8b280,
    0xe8b281, 0xe8b283, 0xe8b284, 0xe8b286, 0xe8b287, 0x000000, 0xe8b288, 0xe8b28b, 0xe8b28d,
    0xe8b28e, 0xe8b28f, 0xe8b290, 0xe8b291, 0xe8b292, 0xe8b293, 0xe8b295, 0xe8b296, 0xe8b297,
    0xe8b299, 0xe8b29a, 0xe8b29b, 0xe8b29c, 0xe8b29d, 0xe8b29e, 0xe8b29f, 0xe8b2a0, 0xe8b2a1,
    0xe8b2a2, 0xe8b2a3, 0xe8b2a4, 0xe8b2a5, 0xe8b2a6, 0xe8b2a7, 0xe8b2a8, 0xe8b2a9, 0xe8b2aa,
    0xe8b2ab, 0xe8b2ac, 0xe8b2ad, 0xe4ba8d, 0xe4b88c, 0xe58580, 0xe4b890, 0xe5bbbf, 0xe58d85,
    0xe4b895, 0xe4ba98, 0xe4b89e, 0xe9acb2, 0xe5adac, 0xe599a9, 0xe4b8a8, 0xe7a6ba, 0xe4b8bf,
    0xe58c95, 0xe4b987, 0xe5a4ad, 0xe788bb, 0xe58dae, 0xe6b090, 0xe59b9f, 0xe883a4, 0xe9a697,
    0xe6af93, 0xe79dbe, 0xe9bc97, 0xe4b8b6, 0xe4ba9f, 0xe9bc90, 0xe4b99c, 0xe4b9a9, 0xe4ba93,
    0xe88a88, 0xe5ad9b, 0xe595ac, 0xe5988f, 0xe4bb84, 0xe58e8d, 0xe58e9d, 0xe58ea3, 0xe58ea5,
    0xe58eae, 0xe99da5, 0xe8b59d, 0xe58c9a, 0xe58fb5, 0xe58ca6, 0xe58cae, 0xe58cbe, 0xe8b59c,
    0xe58da6, 0xe58da3, 0xe58882, 0xe58888, 0xe5888e, 0xe588ad, 0xe588b3, 0xe588bf, 0xe58980,
    0xe5898c, 0xe5899e, 0xe589a1, 0xe5899c, 0xe892af, 0xe589bd, 0xe58a82, 0xe58a81, 0xe58a90,
    0xe58a93, 0xe58682, 0xe7bd94, 0xe4babb, 0xe4bb83, 0xe4bb89, 0xe4bb82, 0xe4bba8, 0xe4bba1,
    0xe4bbab, 0xe4bb9e, 0xe4bc9b, 0xe4bbb3, 0xe4bca2, 0xe4bda4, 0xe4bbb5, 0xe4bca5, 0xe4bca7,
    0xe4bc89, 0xe4bcab, 0xe4bd9e, 0xe4bda7, 0xe694b8, 0xe4bd9a, 0xe4bd9d, 0xe8b2ae, 0xe8b2af,
    0xe8b2b0, 0xe8b2b1, 0xe8b2b2, 0xe8b2b3, 0xe8b2b4, 0xe8b2b5, 0xe8b2b6, 0xe8b2b7, 0xe8b2b8,
    0xe8b2b9, 0xe8b2ba, 0xe8b2bb, 0xe8b2bc, 0xe8b2bd, 0xe8b2be, 0xe8b2bf, 0xe8b380, 0xe8b381,
    0xe8b382, 0xe8b383, 0xe8b384, 0xe8b385, 0xe8b386, 0xe8b387, 0xe8b388, 0xe8b389, 0xe8b38a,
    0xe8b38b, 0xe8b38c, 0xe8b38d, 0xe8b38e, 0xe8b38f, 0xe8b390, 0xe8b391, 0xe8b392, 0xe8b393,
    0xe8b394, 0xe8b395, 0xe8b396, 0xe8b397, 0xe8b398, 0xe8b399, 0xe8b39a, 0xe8b39b, 0xe8b39c,
    0xe8b39d, 0xe8b39e, 0xe8b39f, 0xe8b3a0, 0xe8b3a1, 0xe8b3a2, 0xe8b3a3, 0xe8b3a4, 0xe8b3a5,
    0xe8b3a6, 0xe8b3a7, 0xe8b3a8, 0xe8b3a9, 0xe8b3aa, 0xe8b3ab, 0xe8b3ac, 0x000000, 0xe8b3ad,
    0xe8b3ae, 0xe8b3af, 0xe8b3b0, 0xe8b3b1, 0xe8b3b2, 0xe8b3b3, 0xe8b3b4, 0xe8b3b5, 0xe8b3b6,
    0xe8b3b7, 0xe8b3b8, 0xe8b3b9, 0xe8b3ba, 0xe8b3bb, 0xe8b3bc, 0xe8b3bd, 0xe8b3be, 0xe8b3bf,
    0xe8b480, 0xe8b481, 0xe8b482, 0xe8b483, 0xe8b484, 0xe8b485, 0xe8b486, 0xe8b487, 0xe8b488,
    0xe8b489, 0xe8b48a, 0xe8b48b, 0xe8b48c, 0xe8b48d, 0xe4bd9f, 0xe4bd97, 0xe4bcb2, 0xe4bcbd,
    0xe4bdb6, 0xe4bdb4, 0xe4be91, 0xe4be89, 0xe4be83, 0xe4be8f, 0xe4bdbe, 0xe4bdbb, 0xe4beaa,
    0xe4bdbc, 0xe4beac, 0xe4be94, 0xe4bfa6, 0xe4bfa8, 0xe4bfaa, 0xe4bf85, 0xe4bf9a, 0xe4bfa3,
    0xe4bf9c, 0xe4bf91, 0xe4bf9f, 0xe4bfb8, 0xe580a9, 0xe5818c, 0xe4bfb3, 0xe580ac, 0xe5808f,
    0xe580ae, 0xe580ad, 0xe4bfbe, 0xe5809c, 0xe5808c, 0xe580a5, 0xe580a8, 0xe581be, 0xe58183,
    0xe58195, 0xe58188, 0xe5818e, 0xe581ac, 0xe581bb, 0xe582a5, 0xe582a7, 0xe582a9, 0xe582ba,
    0xe58396, 0xe58486, 0xe583ad, 0xe583ac, 0xe583a6, 0xe583ae, 0xe58487, 0xe5848b, 0xe4bb9d,
    0xe6b0bd, 0xe4bd98, 0xe4bda5, 0xe4bf8e, 0xe9bea0, 0xe6b186, 0xe7b1b4, 0xe585ae, 0xe5b7bd,
    0xe9bb89, 0xe9a698, 0xe58681, 0xe5a494, 0xe58bb9, 0xe58c8d, 0xe8a887, 0xe58c90, 0xe587ab,
    0xe5a499, 0xe58595, 0xe4baa0, 0xe58596, 0xe4bab3, 0xe8a1ae, 0xe8a2a4, 0xe4bab5, 0xe88494,
    0xe8a392, 0xe7a680, 0xe5acb4, 0xe8a083, 0xe7beb8, 0xe586ab, 0xe586b1, 0xe586bd, 0xe586bc,
    0xe8b48e, 0xe8b48f, 0xe8b490, 0xe8b491, 0xe8b492, 0xe8b493, 0xe8b494, 0xe8b495, 0xe8b496,
    0xe8b497, 0xe8b498, 0xe8b499, 0xe8b49a, 0xe8b49b, 0xe8b49c, 0xe8b4a0, 0xe8b591, 0xe8b592,
    0xe8b597, 0xe8b59f, 0xe8b5a5, 0xe8b5a8, 0xe8b5a9, 0xe8b5aa, 0xe8b5ac, 0xe8b5ae, 0xe8b5af,
    0xe8b5b1, 0xe8b5b2, 0xe8b5b8, 0xe8b5b9, 0xe8b5ba, 0xe8b5bb, 0xe8b5bc, 0xe8b5bd, 0xe8b5be,
    0xe8b5bf, 0xe8b680, 0xe8b682, 0xe8b683, 0xe8b686, 0xe8b687, 0xe8b688, 0xe8b689, 0xe8b68c,
    0xe8b68d, 0xe8b68e, 0xe8b68f, 0xe8b690, 0xe8b692, 0xe8b693, 0xe8b695, 0xe8b696, 0xe8b697,
    0xe8b698, 0xe8b699, 0xe8b69a, 0xe8b69b, 0xe8b69c, 0xe8b69d, 0xe8b69e, 0xe8b6a0, 0xe8b6a1,
    0x000000, 0xe8b6a2, 0xe8b6a4, 0xe8b6a5, 0xe8b6a6, 0xe8b6a7, 0xe8b6a8, 0xe8b6a9, 0xe8b6aa,
    0xe8b6ab, 0xe8b6ac, 0xe8b6ad, 0xe8b6ae, 0xe8b6af, 0xe8b6b0, 0xe8b6b2, 0xe8b6b6, 0xe8b6b7,
    0xe8b6b9, 0xe8b6bb, 0xe8b6bd, 0xe8b780, 0xe8b781, 0xe8b782, 0xe8b785, 0xe8b787, 0xe8b788,
    0xe8b789, 0xe8b78a, 0xe8b78d, 0xe8b790, 0xe8b792, 0xe8b793, 0xe8b794, 0xe58787, 0xe58696,
    0xe586a2, 0xe586a5, 0xe8aea0, 0xe8aea6, 0xe8aea7, 0xe8aeaa, 0xe8aeb4, 0xe8aeb5, 0xe8aeb7,
    0xe8af82, 0xe8af83, 0xe8af8b, 0xe8af8f, 0xe8af8e, 0xe8af92, 0xe8af93, 0xe8af94, 0xe8af96,
    0xe8af98, 0xe8af99, 0xe8af9c, 0xe8af9f, 0xe8afa0, 0xe8afa4, 0xe8afa8, 0xe8afa9, 0xe8afae,
    0xe8afb0, 0xe8afb3, 0xe8afb6, 0xe8afb9, 0xe8afbc, 0xe8afbf, 0xe8b080, 0xe8b082, 0xe8b084,
    0xe8b087, 0xe8b08c, 0xe8b08f, 0xe8b091, 0xe8b092, 0xe8b094, 0xe8b095, 0xe8b096, 0xe8b099,
    0xe8b09b, 0xe8b098, 0xe8b09d, 0xe8b09f, 0xe8b0a0, 0xe8b0a1, 0xe8b0a5, 0xe8b0a7, 0xe8b0aa,
    0xe8b0ab, 0xe8b0ae, 0xe8b0af, 0xe8b0b2, 0xe8b0b3, 0xe8b0b5, 0xe8b0b6, 0xe58da9, 0xe58dba,
    0xe9989d, 0xe998a2, 0xe998a1, 0xe998b1, 0xe998aa, 0xe998bd, 0xe998bc, 0xe99982, 0xe99989,
    0xe99994, 0xe9999f, 0xe999a7, 0xe999ac, 0xe999b2, 0xe999b4, 0xe99a88, 0xe99a8d, 0xe99a97,
    0xe99ab0, 0xe98297, 0xe9829b, 0xe9829d, 0xe98299, 0xe982ac, 0xe982a1, 0xe982b4, 0xe982b3,
    0xe982b6, 0xe982ba, 0xe8b795, 0xe8b798, 0xe8b799, 0xe8b79c, 0xe8b7a0, 0xe8b7a1, 0xe8b7a2,
    0xe8b7a5, 0xe8b7a6, 0xe8b7a7, 0xe8b7a9, 0xe8b7ad, 0xe8b7ae, 0xe8b7b0, 0xe8b7b1, 0xe8b7b2,
    0xe8b7b4, 0xe8b7b6, 0xe8b7bc, 0xe8b7be, 0xe8b7bf, 0xe8b880, 0xe8b881, 0xe8b882, 0xe8b883,
    0xe8b884, 0xe8b886, 0xe8b887, 0xe8b888, 0xe8b88b, 0xe8b88d, 0xe8b88e, 0xe8b890, 0xe8b891,
    0xe8b892, 0xe8b893, 0xe8b895, 0xe8b896, 0xe8b897, 0xe8b898, 0xe8b899, 0xe8b89a, 0xe8b89b,
    0xe8b89c, 0xe8b8a0, 0xe8b8a1, 0xe8b8a4, 0xe8b8a5, 0xe8b8a6, 0xe8b8a7, 0xe8b8a8, 0xe8b8ab,
    0xe8b8ad, 0xe8b8b0, 0xe8b8b2, 0xe8b8b3, 0xe8b8b4, 0xe8b8b6, 0xe8b8b7, 0xe8b8b8, 0xe8b8bb,
    0xe8b8bc, 0xe8b8be, 0x000000, 0xe8b8bf, 0xe8b983, 0xe8b985, 0xe8b986, 0xe8b98c, 0xe8b98d,
    0xe8b98e, 0xe8b98f, 0xe8b990, 0xe8b993, 0xe8b994, 0xe8b995, 0xe8b996, 0xe8b997, 0xe8b998,
    0xe8b99a, 0xe8b99b, 0xe8b99c, 0xe8b99d, 0xe8b99e, 0xe8b99f, 0xe8b9a0, 0xe8b9a1, 0xe8b9a2,
    0xe8b9a3, 0xe8b9a4, 0xe8b9a5, 0xe8b9a7, 0xe8b9a8, 0xe8b9aa, 0xe8b9ab, 0xe8b9ae, 0xe8b9b1,
    0xe982b8, 0xe982b0, 0xe9838f, 0xe98385, 0xe982be, 0xe98390, 0xe98384, 0xe98387, 0xe98393,
    0xe983a6, 0xe983a2, 0xe9839c, 0xe98397, 0xe9839b, 0xe983ab, 0xe983af, 0xe983be, 0xe98484,
    0xe984a2, 0xe9849e, 0xe984a3, 0xe984b1, 0xe984af, 0xe984b9, 0xe98583, 0xe98586, 0xe5888d,
    0xe5a582, 0xe58aa2, 0xe58aac, 0xe58aad, 0xe58abe, 0xe593bf, 0xe58b90, 0xe58b96, 0xe58bb0,
    0xe58f9f, 0xe787ae, 0xe79f8d, 0xe5bbb4, 0xe587b5, 0xe587bc, 0xe9acaf, 0xe58eb6, 0xe5bc81,
    0xe7959a, 0xe5b7af, 0xe59d8c, 0xe59ea9, 0xe59ea1, 0xe5a1be, 0xe5a2bc, 0xe5a385, 0xe5a391,
    0xe59ca9, 0xe59cac, 0xe59caa, 0xe59cb3, 0xe59cb9, 0xe59cae, 0xe59caf, 0xe59d9c, 0xe59cbb,
    0xe59d82, 0xe59da9, 0xe59e85, 0xe59dab, 0xe59e86, 0xe59dbc, 0xe59dbb, 0xe59da8, 0xe59dad,
    0xe59db6, 0xe59db3, 0xe59ead, 0xe59ea4, 0xe59e8c, 0xe59eb2, 0xe59f8f, 0xe59ea7, 0xe59eb4,
    0xe59e93, 0xe59ea0, 0xe59f95, 0xe59f98, 0xe59f9a, 0xe59f99, 0xe59f92, 0xe59eb8, 0xe59fb4,
    0xe59faf, 0xe59fb8, 0xe59fa4, 0xe59f9d, 0xe8b9b3, 0xe8b9b5, 0xe8b9b7, 0xe8b9b8, 0xe8b9b9,
    0xe8b9ba, 0xe8b9bb, 0xe8b9bd, 0xe8b9be, 0xe8ba80, 0xe8ba82, 0xe8ba83, 0xe8ba84, 0xe8ba86,
    0xe8ba88, 0xe8ba89, 0xe8ba8a, 0xe8ba8b, 0xe8ba8c, 0xe8ba8d, 0xe8ba8e, 0xe8ba91, 0xe8ba92,
    0xe8ba93, 0xe8ba95, 0xe8ba96, 0xe8ba97, 0xe8ba98, 0xe8ba99, 0xe8ba9a, 0xe8ba9b, 0xe8ba9d,
    0xe8ba9f, 0xe8baa0, 0xe8baa1, 0xe8baa2, 0xe8baa3, 0xe8baa4, 0xe8baa5, 0xe8baa6, 0xe8baa7,
    0xe8baa8, 0xe8baa9, 0xe8baaa, 0xe8baad, 0xe8baae, 0xe8bab0, 0xe8bab1, 0xe8bab3, 0xe8bab4,
    0xe8bab5, 0xe8bab6, 0xe8bab7, 0xe8bab8, 0xe8bab9, 0xe8babb, 0xe8babc, 0xe8babd, 0xe8babe,
    0xe8babf, 0xe8bb80, 0xe8bb81, 0xe8bb82, 0x000000, 0xe8bb83, 0xe8bb84, 0xe8bb85, 0xe8bb86,
    0xe8bb87, 0xe8bb88, 0xe8bb89, 0xe8bb8a, 0xe8bb8b, 0xe8bb8c, 0xe8bb8d, 0xe8bb8f, 0xe8bb90,
    0xe8bb91, 0xe8bb92, 0xe8bb93, 0xe8bb94, 0xe8bb95, 0xe8bb96, 0xe8bb97, 0xe8bb98, 0xe8bb99,
    0xe8bb9a, 0xe8bb9b, 0xe8bb9c, 0xe8bb9d, 0xe8bb9e, 0xe8bb9f, 0xe8bba0, 0xe8bba1, 0xe8bba2,
    0xe8bba3, 0xe8bba4, 0xe5a08b, 0xe5a08d, 0xe59fbd, 0xe59fad, 0xe5a080, 0xe5a09e, 0xe5a099,
    0xe5a184, 0xe5a0a0, 0xe5a1a5, 0xe5a1ac, 0xe5a281, 0xe5a289, 0xe5a29a, 0xe5a280, 0xe9a6a8,
    0xe9bc99, 0xe687bf, 0xe889b9, 0xe889bd, 0xe889bf, 0xe88a8f, 0xe88a8a, 0xe88aa8, 0xe88a84,
    0xe88a8e, 0xe88a91, 0xe88a97, 0xe88a99, 0xe88aab, 0xe88ab8, 0xe88abe, 0xe88ab0, 0xe88b88,
    0xe88b8a, 0xe88ba3, 0xe88a98, 0xe88ab7, 0xe88aae, 0xe88b8b, 0xe88b8c, 0xe88b81, 0xe88aa9,
    0xe88ab4, 0xe88aa1, 0xe88aaa, 0xe88a9f, 0xe88b84, 0xe88b8e, 0xe88aa4, 0xe88ba1, 0xe88c89,
    0xe88bb7, 0xe88ba4, 0xe88c8f, 0xe88c87, 0xe88b9c, 0xe88bb4, 0xe88b92, 0xe88b98, 0xe88c8c,
    0xe88bbb, 0xe88b93, 0xe88c91, 0xe88c9a, 0xe88c86, 0xe88c94, 0xe88c95, 0xe88ba0, 0xe88b95,
    0xe88c9c, 0xe88d91, 0xe88d9b, 0xe88d9c, 0xe88c88, 0xe88e92, 0xe88cbc, 0xe88cb4, 0xe88cb1,
    0xe88e9b, 0xe88d9e, 0xe88caf, 0xe88d8f, 0xe88d87, 0xe88d83, 0xe88d9f, 0xe88d80, 0xe88c97,
    0xe88da0, 0xe88cad, 0xe88cba, 0xe88cb3, 0xe88da6, 0xe88da5, 0xe8bba5, 0xe8bba6, 0xe8bba7,
    0xe8bba8, 0xe8bba9, 0xe8bbaa, 0xe8bbab, 0xe8bbac, 0xe8bbad, 0xe8bbae, 0xe8bbaf, 0xe8bbb0,
    0xe8bbb1, 0xe8bbb2, 0xe8bbb3, 0xe8bbb4, 0xe8bbb5, 0xe8bbb6, 0xe8bbb7, 0xe8bbb8, 0xe8bbb9,
    0xe8bbba, 0xe8bbbb, 0xe8bbbc, 0xe8bbbd, 0xe8bbbe, 0xe8bbbf, 0xe8bc80, 0xe8bc81, 0xe8bc82,
    0xe8bc83, 0xe8bc84, 0xe8bc85, 0xe8bc86, 0xe8bc87, 0xe8bc88, 0xe8bc89, 0xe8bc8a, 0xe8bc8b,
    0xe8bc8c, 0xe8bc8d, 0xe8bc8e, 0xe8bc8f, 0xe8bc90, 0xe8bc91, 0xe8bc92, 0xe8bc93, 0xe8bc94,
    0xe8bc95, 0xe8bc96, 0xe8bc97, 0xe8bc98, 0xe8bc99, 0xe8bc9a, 0xe8bc9b, 0xe8bc9c, 0xe8bc9d,
    0xe8bc9e, 0xe8bc9f, 0xe8bca0, 0xe8bca1, 0xe8bca2, 0xe8bca3, 0x000000, 0xe8bca4, 0xe8bca5,
    0xe8bca6, 0xe8bca7, 0xe8bca8, 0xe8bca9, 0xe8bcaa, 0xe8bcab, 0xe8bcac, 0xe8bcad, 0xe8bcae,
    0xe8bcaf, 0xe8bcb0, 0xe8bcb1, 0xe8bcb2, 0xe8bcb3, 0xe8bcb4, 0xe8bcb5, 0xe8bcb6, 0xe8bcb7,
    0xe8bcb8, 0xe8bcb9, 0xe8bcba, 0xe8bcbb, 0xe8bcbc, 0xe8bcbd, 0xe8bcbe, 0xe8bcbf, 0xe8bd80,
    0xe8bd81, 0xe8bd82, 0xe8bd83, 0xe8bd84, 0xe88da8, 0xe88c9b, 0xe88da9, 0xe88dac, 0xe88daa,
    0xe88dad, 0xe88dae, 0xe88eb0, 0xe88db8, 0xe88eb3, 0xe88eb4, 0xe88ea0, 0xe88eaa, 0xe88e93,
    0xe88e9c, 0xe88e85, 0xe88dbc, 0xe88eb6, 0xe88ea9, 0xe88dbd, 0xe88eb8, 0xe88dbb, 0xe88e98,
    0xe88e9e, 0xe88ea8, 0xe88eba, 0xe88ebc, 0xe88f81, 0xe89081, 0xe88fa5, 0xe88f98, 0xe5a087,
    0xe89098, 0xe8908b, 0xe88f9d, 0xe88fbd, 0xe88f96, 0xe8909c, 0xe890b8, 0xe89091, 0xe89086,
    0xe88f94, 0xe88f9f, 0xe8908f, 0xe89083, 0xe88fb8, 0xe88fb9, 0xe88faa, 0xe88f85, 0xe88f80,
    0xe890a6, 0xe88fb0, 0xe88fa1, 0xe8919c, 0xe89191, 0xe8919a, 0xe89199, 0xe891b3, 0xe89287,
    0xe89288, 0xe891ba, 0xe89289, 0xe891b8, 0xe890bc, 0xe89186, 0xe891a9, 0xe891b6, 0xe8928c,
    0xe8928e, 0xe890b1, 0xe891ad, 0xe89381, 0xe8938d, 0xe89390, 0xe893a6, 0xe892bd, 0xe89393,
    0xe8938a, 0xe892bf, 0xe892ba, 0xe893a0, 0xe892a1, 0xe892b9, 0xe892b4, 0xe89297, 0xe893a5,
    0xe893a3, 0xe8948c, 0xe7948d, 0xe894b8, 0xe893b0, 0xe894b9, 0xe8949f, 0xe894ba, 0xe8bd85,
    0xe8bd86, 0xe8bd87, 0xe8bd88, 0xe8bd89, 0xe8bd8a, 0xe8bd8b, 0xe8bd8c, 0xe8bd8d, 0xe8bd8e,
    0xe8bd8f, 0xe8bd90, 0xe8bd91, 0xe8bd92, 0xe8bd93, 0xe8bd94, 0xe8bd95, 0xe8bd96, 0xe8bd97,
    0xe8bd98, 0xe8bd99, 0xe8bd9a, 0xe8bd9b, 0xe8bd9c, 0xe8bd9d, 0xe8bd9e, 0xe8bd9f, 0xe8bda0,
    0xe8bda1, 0xe8bda2, 0xe8bda3, 0xe8bda4, 0xe8bda5, 0xe8bdaa, 0xe8be80, 0xe8be8c, 0xe8be92,
    0xe8be9d, 0xe8bea0, 0xe8bea1, 0xe8bea2, 0xe8bea4, 0xe8bea5, 0xe8bea6, 0xe8bea7, 0xe8beaa,
    0xe8beac, 0xe8bead, 0xe8beae, 0xe8beaf, 0xe8beb2, 0xe8beb3, 0xe8beb4, 0xe8beb5, 0xe8beb7,
    0xe8beb8, 0xe8beba, 0xe8bebb, 0xe8bebc, 0xe8bebf, 0xe8bf80, 0xe8bf83, 0xe8bf86, 0x000000,
    0xe8bf89, 0xe8bf8a, 0xe8bf8b, 0xe8bf8c, 0xe8bf8d, 0xe8bf8f, 0xe8bf92, 0xe8bf96, 0xe8bf97,
    0xe8bf9a, 0xe8bfa0, 0xe8bfa1, 0xe8bfa3, 0xe8bfa7, 0xe8bfac, 0xe8bfaf, 0xe8bfb1, 0xe8bfb2,
    0xe8bfb4, 0xe8bfb5, 0xe8bfb6, 0xe8bfba, 0xe8bfbb, 0xe8bfbc, 0xe8bfbe, 0xe8bfbf, 0xe98087,
    0xe98088, 0xe9808c, 0xe9808e, 0xe98093, 0xe98095, 0xe98098, 0xe89596, 0xe894bb, 0xe893bf,
    0xe893bc, 0xe89599, 0xe89588, 0xe895a8, 0xe895a4, 0xe8959e, 0xe895ba, 0xe79ea2, 0xe89583,
    0xe895b2, 0xe895bb, 0xe896a4, 0xe896a8, 0xe89687, 0xe8968f, 0xe895b9, 0xe896ae, 0xe8969c,
    0xe89685, 0xe896b9, 0xe896b7, 0xe896b0, 0xe89793, 0xe89781, 0xe8979c, 0xe897bf, 0xe898a7,
    0xe89885, 0xe898a9, 0xe89896, 0xe898bc, 0xe5bbbe, 0xe5bc88, 0xe5a4bc, 0xe5a581, 0xe880b7,
    0xe5a595, 0xe5a59a, 0xe5a598, 0xe58c8f, 0xe5b0a2, 0xe5b0a5, 0xe5b0ac, 0xe5b0b4, 0xe6898c,
    0xe689aa, 0xe68a9f, 0xe68abb, 0xe68b8a, 0xe68b9a, 0xe68b97, 0xe68bae, 0xe68ca2, 0xe68bb6,
    0xe68cb9, 0xe68d8b, 0xe68d83, 0xe68ead, 0xe68fb6, 0xe68db1, 0xe68dba, 0xe68e8e, 0xe68eb4,
    0xe68dad, 0xe68eac, 0xe68e8a, 0xe68da9, 0xe68eae, 0xe68ebc, 0xe68fb2, 0xe68fb8, 0xe68fa0,
    0xe68fbf, 0xe68f84, 0xe68f9e, 0xe68f8e, 0xe69192, 0xe68f86, 0xe68ebe, 0xe69185, 0xe69181,
    0xe6908b, 0xe6909b, 0xe690a0, 0xe6908c, 0xe690a6, 0xe690a1, 0xe6919e, 0xe69284, 0xe691ad,
    0xe69296, 0xe98099, 0xe9809c, 0xe980a3, 0xe980a4, 0xe980a5, 0xe980a7, 0xe980a8, 0xe980a9,
    0xe980aa, 0xe980ab, 0xe980ac, 0xe980b0, 0xe980b1, 0xe980b2, 0xe980b3, 0xe980b4, 0xe980b7,
    0xe980b9, 0xe980ba, 0xe980bd, 0xe980bf, 0xe98180, 0xe98183, 0xe98185, 0xe98186, 0xe98188,
    0xe98189, 0xe9818a, 0xe9818b, 0xe9818c, 0xe9818e, 0xe98194, 0xe98195, 0xe98196, 0xe98199,
    0xe9819a, 0xe9819c, 0xe9819d, 0xe9819e, 0xe9819f, 0xe981a0, 0xe981a1, 0xe981a4, 0xe981a6,
    0xe981a7, 0xe981a9, 0xe981aa, 0xe981ab, 0xe981ac, 0xe981af, 0xe981b0, 0xe981b1, 0xe981b2,
    0xe981b3, 0xe981b6, 0xe981b7, 0xe981b8, 0xe981b9, 0xe981ba, 0xe981bb, 0xe981bc, 0xe981be,
    0xe98281, 0x000000, 0xe98284, 0xe98285, 0xe98286, 0xe98287, 0xe98289, 0xe9828a, 0xe9828c,
    0xe9828d, 0xe9828e, 0xe9828f, 0xe98290, 0xe98292, 0xe98294, 0xe98296, 0xe98298, 0xe9829a,
    0xe9829c, 0xe9829e, 0xe9829f, 0xe982a0, 0xe982a4, 0xe982a5, 0xe982a7, 0xe982a8, 0xe982a9,
    0xe982ab, 0xe982ad, 0xe982b2, 0xe982b7, 0xe982bc, 0xe982bd, 0xe982bf, 0xe98380, 0xe691ba,
    0xe692b7, 0xe692b8, 0xe69299, 0xe692ba, 0xe69380, 0xe69390, 0xe69397, 0xe693a4, 0xe693a2,
    0xe69489, 0xe694a5, 0xe694ae, 0xe5bc8b, 0xe5bf92, 0xe79499, 0xe5bc91, 0xe58d9f, 0xe58fb1,
    0xe58fbd, 0xe58fa9, 0xe58fa8, 0xe58fbb, 0xe59092, 0xe59096, 0xe59086, 0xe5918b, 0xe59192,
    0xe59193, 0xe59194, 0xe59196, 0xe59183, 0xe590a1, 0xe59197, 0xe59199, 0xe590a3, 0xe590b2,
    0xe59282, 0xe59294, 0xe591b7, 0xe591b1, 0xe591a4, 0xe5929a, 0xe5929b, 0xe59284, 0xe591b6,
    0xe591a6, 0xe5929d, 0xe59390, 0xe592ad, 0xe59382, 0xe592b4, 0xe59392, 0xe592a7, 0xe592a6,
    0xe59393, 0xe59394, 0xe591b2, 0xe592a3, 0xe59395, 0xe592bb, 0xe592bf, 0xe5938c, 0xe59399,
    0xe5939a, 0xe5939c, 0xe592a9, 0xe592aa, 0xe592a4, 0xe5939d, 0xe5938f, 0xe5939e, 0xe5949b,
    0xe593a7, 0xe594a0, 0xe593bd, 0xe59494, 0xe593b3, 0xe594a2, 0xe594a3, 0xe5948f, 0xe59491,
    0xe594a7, 0xe594aa, 0xe595a7, 0xe5968f, 0xe596b5, 0xe59589, 0xe595ad, 0xe59581, 0xe59595,
    0xe594bf, 0xe59590, 0xe594bc, 0xe98382, 0xe98383, 0xe98386, 0xe98388, 0xe98389, 0xe9838b,
    0xe9838c, 0xe9838d, 0xe98392, 0xe98394, 0xe98395, 0xe98396, 0xe98398, 0xe98399, 0xe9839a,
    0xe9839e, 0xe9839f, 0xe983a0, 0xe983a3, 0xe983a4, 0xe983a5, 0xe983a9, 0xe983aa, 0xe983ac,
    0xe983ae, 0xe983b0, 0xe983b1, 0xe983b2, 0xe983b3, 0xe983b5, 0xe983b6, 0xe983b7, 0xe983b9,
    0xe983ba, 0xe983bb, 0xe983bc, 0xe983bf, 0xe98480, 0xe98481, 0xe98483, 0xe98485, 0xe98486,
    0xe98487, 0xe98488, 0xe98489, 0xe9848a, 0xe9848b, 0xe9848c, 0xe9848d, 0xe9848e, 0xe9848f,
    0xe98490, 0xe98491, 0xe98492, 0xe98493, 0xe98494, 0xe98495, 0xe98496, 0xe98497, 0xe98498,
    0xe9849a, 0xe9849b, 0xe9849c, 0x000000, 0xe9849d, 0xe9849f, 0xe984a0, 0xe984a1, 0xe984a4,
    0xe984a5, 0xe984a6, 0xe984a7, 0xe984a8, 0xe984a9, 0xe984aa, 0xe984ab, 0xe984ac, 0xe984ad,
    0xe984ae, 0xe984b0, 0xe984b2, 0xe984b3, 0xe984b4, 0xe984b5, 0xe984b6, 0xe984b7, 0xe984b8,
    0xe984ba, 0xe984bb, 0xe984bc, 0xe984bd, 0xe984be, 0xe984bf, 0xe98580, 0xe98581, 0xe98582,
    0xe98584, 0xe594b7, 0xe59596, 0xe595b5, 0xe595b6, 0xe595b7, 0xe594b3, 0xe594b0, 0xe5959c,
    0xe5968b, 0xe59792, 0xe59683, 0xe596b1, 0xe596b9, 0xe59688, 0xe59681, 0xe5969f, 0xe595be,
    0xe59796, 0xe59691, 0xe595bb, 0xe5979f, 0xe596bd, 0xe596be, 0xe59694, 0xe59699, 0xe597aa,
    0xe597b7, 0xe59789, 0xe5989f, 0xe59791, 0xe597ab, 0xe597ac, 0xe59794, 0xe597a6, 0xe5979d,
    0xe59784, 0xe597af, 0xe597a5, 0xe597b2, 0xe597b3, 0xe5978c, 0xe5978d, 0xe597a8, 0xe597b5,
    0xe597a4, 0xe8be94, 0xe5989e, 0xe59888, 0xe5988c, 0xe59881, 0xe598a4, 0xe598a3, 0xe597be,
    0xe59880, 0xe598a7, 0xe598ad, 0xe59998, 0xe598b9, 0xe59997, 0xe598ac, 0xe5998d, 0xe599a2,
    0xe59999, 0xe5999c, 0xe5998c, 0xe59994, 0xe59a86, 0xe599a4, 0xe599b1, 0xe599ab, 0xe599bb,
    0xe599bc, 0xe59a85, 0xe59a93, 0xe59aaf, 0xe59b94, 0xe59b97, 0xe59b9d, 0xe59ba1, 0xe59bb5,
    0xe59bab, 0xe59bb9, 0xe59bbf, 0xe59c84, 0xe59c8a, 0xe59c89, 0xe59c9c, 0xe5b88f, 0xe5b899,
    0xe5b894, 0xe5b891, 0xe5b8b1, 0xe5b8bb, 0xe5b8bc, 0xe98585, 0xe98587, 0xe98588, 0xe98591,
    0xe98593, 0xe98594, 0xe98595, 0xe98596, 0xe98598, 0xe98599, 0xe9859b, 0xe9859c, 0xe9859f,
    0xe985a0, 0xe985a6, 0xe985a7, 0xe985a8, 0xe985ab, 0xe985ad, 0xe985b3, 0xe985ba, 0xe985bb,
    0xe985bc, 0xe98680, 0xe98681, 0xe98682, 0xe98683, 0xe98684, 0xe98686, 0xe98688, 0xe9868a,
    0xe9868e, 0xe9868f, 0xe98693, 0xe98694, 0xe98695, 0xe98696, 0xe98697, 0xe98698, 0xe98699,
    0xe9869c, 0xe9869d, 0xe9869e, 0xe9869f, 0xe986a0, 0xe986a1, 0xe986a4, 0xe986a5, 0xe986a6,
    0xe986a7, 0xe986a8, 0xe986a9, 0xe986ab, 0xe986ac, 0xe986b0, 0xe986b1, 0xe986b2, 0xe986b3,
    0xe986b6, 0xe986b7, 0xe986b8, 0xe986b9, 0xe986bb, 0x000000, 0xe986bc, 0xe986bd, 0xe986be,
    0xe986bf, 0xe98780, 0xe98781, 0xe98782, 0xe98783, 0xe98784, 0xe98785, 0xe98786, 0xe98788,
    0xe9878b, 0xe98790, 0xe98792, 0xe98793, 0xe98794, 0xe98795, 0xe98796, 0xe98797, 0xe98798,
    0xe98799, 0xe9879a, 0xe9879b, 0xe9879d, 0xe9879e, 0xe9879f, 0xe987a0, 0xe987a1, 0xe987a2,
    0xe987a3, 0xe987a4, 0xe987a5, 0xe5b8b7, 0xe5b984, 0xe5b994, 0xe5b99b, 0xe5b99e, 0xe5b9a1,
    0xe5b28c, 0xe5b1ba, 0xe5b28d, 0xe5b290, 0xe5b296, 0xe5b288, 0xe5b298, 0xe5b299, 0xe5b291,
    0xe5b29a, 0xe5b29c, 0xe5b2b5, 0xe5b2a2, 0xe5b2bd, 0xe5b2ac, 0xe5b2ab, 0xe5b2b1, 0xe5b2a3,
    0xe5b381, 0xe5b2b7, 0xe5b384, 0xe5b392, 0xe5b3a4, 0xe5b38b, 0xe5b3a5, 0xe5b482, 0xe5b483,
    0xe5b4a7, 0xe5b4a6, 0xe5b4ae, 0xe5b4a4, 0xe5b49e, 0xe5b486, 0xe5b49b, 0xe5b598, 0xe5b4be,
    0xe5b4b4, 0xe5b4bd, 0xe5b5ac, 0xe5b59b, 0xe5b5af, 0xe5b59d, 0xe5b5ab, 0xe5b58b, 0xe5b58a,
    0xe5b5a9, 0xe5b5b4, 0xe5b682, 0xe5b699, 0xe5b69d, 0xe8b1b3, 0xe5b6b7, 0xe5b785, 0xe5bdb3,
    0xe5bdb7, 0xe5be82, 0xe5be87, 0xe5be89, 0xe5be8c, 0xe5be95, 0xe5be99, 0xe5be9c, 0xe5bea8,
    0xe5bead, 0xe5beb5, 0xe5bebc, 0xe8a1a2, 0xe5bda1, 0xe78aad, 0xe78ab0, 0xe78ab4, 0xe78ab7,
    0xe78ab8, 0xe78b83, 0xe78b81, 0xe78b8e, 0xe78b8d, 0xe78b92, 0xe78ba8, 0xe78baf, 0xe78ba9,
    0xe78bb2, 0xe78bb4, 0xe78bb7, 0xe78c81, 0xe78bb3, 0xe78c83, 0xe78bba, 0xe987a6, 0xe987a7,
    0xe987a8, 0xe987a9, 0xe987aa, 0xe987ab, 0xe987ac, 0xe987ad, 0xe987ae, 0xe987af, 0xe987b0,
    0xe987b1, 0xe987b2, 0xe987b3, 0xe987b4, 0xe987b5, 0xe987b6, 0xe987b7, 0xe987b8, 0xe987b9,
    0xe987ba, 0xe987bb, 0xe987bc, 0xe987bd, 0xe987be, 0xe987bf, 0xe98880, 0xe98881, 0xe98882,
    0xe98883, 0xe98884, 0xe98885, 0xe98886, 0xe98887, 0xe98888, 0xe98889, 0xe9888a, 0xe9888b,
    0xe9888c, 0xe9888d, 0xe9888e, 0xe9888f, 0xe98890, 0xe98891, 0xe98892, 0xe98893, 0xe98894,
    0xe98895, 0xe98896, 0xe98897, 0xe98898, 0xe98899, 0xe9889a, 0xe9889b, 0xe9889c, 0xe9889d,
    0xe9889e, 0xe9889f, 0xe988a0, 0xe988a1, 0xe988a2, 0xe988a3, 0xe988a4, 0x000000, 0xe988a5,
    0xe988a6, 0xe988a7, 0xe988a8, 0xe988a9, 0xe988aa, 0xe988ab, 0xe988ac, 0xe988ad, 0xe988ae,
    0xe988af, 0xe988b0, 0xe988b1, 0xe988b2, 0xe988b3, 0xe988b4, 0xe988b5, 0xe988b6, 0xe988b7,
    0xe988b8, 0xe988b9, 0xe988ba, 0xe988bb, 0xe988bc, 0xe988bd, 0xe988be, 0xe988bf, 0xe98980,
    0xe98981, 0xe98982, 0xe98983, 0xe98984, 0xe98985, 0xe78bbb, 0xe78c97, 0xe78c93, 0xe78ca1,
    0xe78c8a, 0xe78c9e, 0xe78c9d, 0xe78c95, 0xe78ca2, 0xe78cb9, 0xe78ca5, 0xe78cac, 0xe78cb8,
    0xe78cb1, 0xe78d90, 0xe78d8d, 0xe78d97, 0xe78da0, 0xe78dac, 0xe78daf, 0xe78dbe, 0xe8889b,
    0xe5a4a5, 0xe9a3a7, 0xe5a4a4, 0xe5a482, 0xe9a5a3, 0xe9a5a7, 0xe9a5a8, 0xe9a5a9, 0xe9a5aa,
    0xe9a5ab, 0xe9a5ac, 0xe9a5b4, 0xe9a5b7, 0xe9a5bd, 0xe9a680, 0xe9a684, 0xe9a687, 0xe9a68a,
    0xe9a68d, 0xe9a690, 0xe9a691, 0xe9a693, 0xe9a694, 0xe9a695, 0xe5ba80, 0xe5ba91, 0xe5ba8b,
    0xe5ba96, 0xe5baa5, 0xe5baa0, 0xe5bab9, 0xe5bab5, 0xe5babe, 0xe5bab3, 0xe8b593, 0xe5bb92,
    0xe5bb91, 0xe5bb9b, 0xe5bba8, 0xe5bbaa, 0xe886ba, 0xe5bf84, 0xe5bf89, 0xe5bf96, 0xe5bf8f,
    0xe68083, 0xe5bfae, 0xe68084, 0xe5bfa1, 0xe5bfa4, 0xe5bfbe, 0xe68085, 0xe68086, 0xe5bfaa,
    0xe5bfad, 0xe5bfb8, 0xe68099, 0xe680b5, 0xe680a6, 0xe6809b, 0xe6808f, 0xe6808d, 0xe680a9,
    0xe680ab, 0xe6808a, 0xe680bf, 0xe680a1, 0xe681b8, 0xe681b9, 0xe681bb, 0xe681ba, 0xe68182,
    0xe98986, 0xe98987, 0xe98988, 0xe98989, 0xe9898a, 0xe9898b, 0xe9898c, 0xe9898d, 0xe9898e,
    0xe9898f, 0xe98990, 0xe98991, 0xe98992, 0xe98993, 0xe98994, 0xe98995, 0xe98996, 0xe98997,
    0xe98998, 0xe98999, 0xe9899a, 0xe9899b, 0xe9899c, 0xe9899d, 0xe9899e, 0xe9899f, 0xe989a0,
    0xe989a1, 0xe989a2, 0xe989a3, 0xe989a4, 0xe989a5, 0xe989a6, 0xe989a7, 0xe989a8, 0xe989a9,
    0xe989aa, 0xe989ab, 0xe989ac, 0xe989ad, 0xe989ae, 0xe989af, 0xe989b0, 0xe989b1, 0xe989b2,
    0xe989b3, 0xe989b5, 0xe989b6, 0xe989b7, 0xe989b8, 0xe989b9, 0xe989ba, 0xe989bb, 0xe989bc,
    0xe989bd, 0xe989be, 0xe989bf, 0xe98a80, 0xe98a81, 0xe98a82, 0xe98a83, 0xe98a84, 0xe98a85,
    0x000000, 0xe98a86, 0xe98a87, 0xe98a88, 0xe98a89, 0xe98a8a, 0xe98a8b, 0xe98a8c, 0xe98a8d,
    0xe98a8f, 0xe98a90, 0xe98a91, 0xe98a92, 0xe98a93, 0xe98a94, 0xe98a95, 0xe98a96, 0xe98a97,
    0xe98a98, 0xe98a99, 0xe98a9a, 0xe98a9b, 0xe98a9c, 0xe98a9d, 0xe98a9e, 0xe98a9f, 0xe98aa0,
    0xe98aa1, 0xe98aa2, 0xe98aa3, 0xe98aa4, 0xe98aa5, 0xe98aa6, 0xe98aa7, 0xe681aa, 0xe681bd,
    0xe68296, 0xe6829a, 0xe682ad, 0xe6829d, 0xe68283, 0xe68292, 0xe6828c, 0xe6829b, 0xe683ac,
    0xe682bb, 0xe682b1, 0xe6839d, 0xe68398, 0xe68386, 0xe6839a, 0xe682b4, 0xe684a0, 0xe684a6,
    0xe68495, 0xe684a3, 0xe683b4, 0xe68480, 0xe6848e, 0xe684ab, 0xe6858a, 0xe685b5, 0xe686ac,
    0xe68694, 0xe686a7, 0xe686b7, 0xe68794, 0xe687b5, 0xe5bf9d, 0xe99ab3, 0xe997a9, 0xe997ab,
    0xe997b1, 0xe997b3, 0xe997b5, 0xe997b6, 0xe997bc, 0xe997be, 0xe99883, 0xe99884, 0xe99886,
    0xe99888, 0xe9988a, 0xe9988b, 0xe9988c, 0xe9988d, 0xe9988f, 0xe99892, 0xe99895, 0xe99896,
    0xe99897, 0xe99899, 0xe9989a, 0xe4b8ac, 0xe788bf, 0xe68895, 0xe6b0b5, 0xe6b194, 0xe6b19c,
    0xe6b18a, 0xe6b2a3, 0xe6b285, 0xe6b290, 0xe6b294, 0xe6b28c, 0xe6b1a8, 0xe6b1a9, 0xe6b1b4,
    0xe6b1b6, 0xe6b286, 0xe6b2a9, 0xe6b390, 0xe6b394, 0xe6b2ad, 0xe6b3b7, 0xe6b3b8, 0xe6b3b1,
    0xe6b397, 0xe6b2b2, 0xe6b3a0, 0xe6b396, 0xe6b3ba, 0xe6b3ab, 0xe6b3ae, 0xe6b2b1, 0xe6b393,
    0xe6b3af, 0xe6b3be, 0xe98aa8, 0xe98aa9, 0xe98aaa, 0xe98aab, 0xe98aac, 0xe98aad, 0xe98aaf,
    0xe98ab0, 0xe98ab1, 0xe98ab2, 0xe98ab3, 0xe98ab4, 0xe98ab5, 0xe98ab6, 0xe98ab7, 0xe98ab8,
    0xe98ab9, 0xe98aba, 0xe98abb, 0xe98abc, 0xe98abd, 0xe98abe, 0xe98abf, 0xe98b80, 0xe98b81,
    0xe98b82, 0xe98b83, 0xe98b84, 0xe98b85, 0xe98b86, 0xe98b87, 0xe98b89, 0xe98b8a, 0xe98b8b,
    0xe98b8c, 0xe98b8d, 0xe98b8e, 0xe98b8f, 0xe98b90, 0xe98b91, 0xe98b92, 0xe98b93, 0xe98b94,
    0xe98b95, 0xe98b96, 0xe98b97, 0xe98b98, 0xe98b99, 0xe98b9a, 0xe98b9b, 0xe98b9c, 0xe98b9d,
    0xe98b9e, 0xe98b9f, 0xe98ba0, 0xe98ba1, 0xe98ba2, 0xe98ba3, 0xe98ba4, 0xe98ba5, 0xe98ba6,
    0xe98ba7, 0xe98ba8, 0x000000, 0xe98ba9, 0xe98baa, 0xe98bab, 0xe98bac, 0xe98bad, 0xe98bae,
    0xe98baf, 0xe98bb0, 0xe98bb1, 0xe98bb2, 0xe98bb3, 0xe98bb4, 0xe98bb5, 0xe98bb6, 0xe98bb7,
    0xe98bb8, 0xe98bb9, 0xe98bba, 0xe98bbb, 0xe98bbc, 0xe98bbd, 0xe98bbe, 0xe98bbf, 0xe98c80,
    0xe98c81, 0xe98c82, 0xe98c83, 0xe98c84, 0xe98c85, 0xe98c86, 0xe98c87, 0xe98c88, 0xe98c89,
    0xe6b4b9, 0xe6b4a7, 0xe6b48c, 0xe6b583, 0xe6b588, 0xe6b487, 0xe6b484, 0xe6b499, 0xe6b48e,
    0xe6b4ab, 0xe6b58d, 0xe6b4ae, 0xe6b4b5, 0xe6b49a, 0xe6b58f, 0xe6b592, 0xe6b594, 0xe6b4b3,
    0xe6b691, 0xe6b5af, 0xe6b69e, 0xe6b6a0, 0xe6b59e, 0xe6b693, 0xe6b694, 0xe6b59c, 0xe6b5a0,
    0xe6b5bc, 0xe6b5a3, 0xe6b89a, 0xe6b787, 0xe6b785, 0xe6b79e, 0xe6b88e, 0xe6b6bf, 0xe6b7a0,
    0xe6b891, 0xe6b7a6, 0xe6b79d, 0xe6b799, 0xe6b896, 0xe6b6ab, 0xe6b88c, 0xe6b6ae, 0xe6b8ab,
    0xe6b9ae, 0xe6b98e, 0xe6b9ab, 0xe6bab2, 0xe6b99f, 0xe6ba86, 0xe6b993, 0xe6b994, 0xe6b8b2,
    0xe6b8a5, 0xe6b984, 0xe6bb9f, 0xe6bab1, 0xe6ba98, 0xe6bba0, 0xe6bcad, 0xe6bba2, 0xe6baa5,
    0xe6baa7, 0xe6babd, 0xe6babb, 0xe6bab7, 0xe6bb97, 0xe6bab4, 0xe6bb8f, 0xe6ba8f, 0xe6bb82,
    0xe6ba9f, 0xe6bda2, 0xe6bd86, 0xe6bd87, 0xe6bca4, 0xe6bc95, 0xe6bbb9, 0xe6bcaf, 0xe6bcb6,
    0xe6bd8b, 0xe6bdb4, 0xe6bcaa, 0xe6bc89, 0xe6bca9, 0xe6be89, 0xe6be8d, 0xe6be8c, 0xe6bdb8,
    0xe6bdb2, 0xe6bdbc, 0xe6bdba, 0xe6bf91, 0xe98c8a, 0xe98c8b, 0xe98c8c, 0xe98c8d, 0xe98c8e,
    0xe98c8f, 0xe98c90, 0xe98c91, 0xe98c92, 0xe98c93, 0xe98c94, 0xe98c95, 0xe98c96, 0xe98c97,
    0xe98c98, 0xe98c99, 0xe98c9a, 0xe98c9b, 0xe98c9c, 0xe98c9d, 0xe98c9e, 0xe98c9f, 0xe98ca0,
    0xe98ca1, 0xe98ca2, 0xe98ca3, 0xe98ca4, 0xe98ca5, 0xe98ca6, 0xe98ca7, 0xe98ca8, 0xe98ca9,
    0xe98caa, 0xe98cab, 0xe98cac, 0xe98cad, 0xe98cae, 0xe98caf, 0xe98cb0, 0xe98cb1, 0xe98cb2,
    0xe98cb3, 0xe98cb4, 0xe98cb5, 0xe98cb6, 0xe98cb7, 0xe98cb8, 0xe98cb9, 0xe98cba, 0xe98cbb,
    0xe98cbc, 0xe98cbd, 0xe98cbf, 0xe98d80, 0xe98d81, 0xe98d82, 0xe98d83, 0xe98d84, 0xe98d85,
    0xe98d86, 0xe98d87, 0xe98d88, 0xe98d89, 0x000000, 0xe98d8a, 0xe98d8b, 0xe98d8c, 0xe98d8d,
    0xe98d8e, 0xe98d8f, 0xe98d90, 0xe98d91, 0xe98d92, 0xe98d93, 0xe98d94, 0xe98d95, 0xe98d96,
    0xe98d97, 0xe98d98, 0xe98d99, 0xe98d9a, 0xe98d9b, 0xe98d9c, 0xe98d9d, 0xe98d9e, 0xe98d9f,
    0xe98da0, 0xe98da1, 0xe98da2, 0xe98da3, 0xe98da4, 0xe98da5, 0xe98da6, 0xe98da7, 0xe98da8,
    0xe98da9, 0xe98dab, 0xe6bf89, 0xe6bea7, 0xe6beb9, 0xe6beb6, 0xe6bf82, 0xe6bfa1, 0xe6bfae,
    0xe6bf9e, 0xe6bfa0, 0xe6bfaf, 0xe7809a, 0xe780a3, 0xe7809b, 0xe780b9, 0xe780b5, 0xe7818f,
    0xe7819e, 0xe5ae80, 0xe5ae84, 0xe5ae95, 0xe5ae93, 0xe5aea5, 0xe5aeb8, 0xe794af, 0xe9aa9e,
    0xe690b4, 0xe5afa4, 0xe5afae, 0xe8a4b0, 0xe5afb0, 0xe8b987, 0xe8ac87, 0xe8beb6, 0xe8bf93,
    0xe8bf95, 0xe8bfa5, 0xe8bfae, 0xe8bfa4, 0xe8bfa9, 0xe8bfa6, 0xe8bfb3, 0xe8bfa8, 0xe98085,
    0xe98084, 0xe9808b, 0xe980a6, 0xe98091, 0xe9808d, 0xe98096, 0xe980a1, 0xe980b5, 0xe980b6,
    0xe980ad, 0xe980af, 0xe98184, 0xe98191, 0xe98192, 0xe98190, 0xe981a8, 0xe98198, 0xe981a2,
    0xe9819b, 0xe69ab9, 0xe981b4, 0xe981bd, 0xe98282, 0xe98288, 0xe98283, 0xe9828b, 0xe5bd90,
    0xe5bd97, 0xe5bd96, 0xe5bd98, 0xe5b0bb, 0xe592ab, 0xe5b190, 0xe5b199, 0xe5adb1, 0xe5b1a3,
    0xe5b1a6, 0xe7bebc, 0xe5bcaa, 0xe5bca9, 0xe5bcad, 0xe889b4, 0xe5bcbc, 0xe9acbb, 0xe5b1ae,
    0xe5a681, 0xe5a683, 0xe5a68d, 0xe5a6a9, 0xe5a6aa, 0xe5a6a3, 0xe98dac, 0xe98dad, 0xe98dae,
    0xe98daf, 0xe98db0, 0xe98db1, 0xe98db2, 0xe98db3, 0xe98db4, 0xe98db5, 0xe98db6, 0xe98db7,
    0xe98db8, 0xe98db9, 0xe98dba, 0xe98dbb, 0xe98dbc, 0xe98dbd, 0xe98dbe, 0xe98dbf, 0xe98e80,
    0xe98e81, 0xe98e82, 0xe98e83, 0xe98e84, 0xe98e85, 0xe98e86, 0xe98e87, 0xe98e88, 0xe98e89,
    0xe98e8a, 0xe98e8b, 0xe98e8c, 0xe98e8d, 0xe98e8e, 0xe98e90, 0xe98e91, 0xe98e92, 0xe98e93,
    0xe98e94, 0xe98e95, 0xe98e96, 0xe98e97, 0xe98e98, 0xe98e99, 0xe98e9a, 0xe98e9b, 0xe98e9c,
    0xe98e9d, 0xe98e9e, 0xe98e9f, 0xe98ea0, 0xe98ea1, 0xe98ea2, 0xe98ea3, 0xe98ea4, 0xe98ea5,
    0xe98ea6, 0xe98ea7, 0xe98ea8, 0xe98ea9, 0xe98eaa, 0xe98eab, 0x000000, 0xe98eac, 0xe98ead,
    0xe98eae, 0xe98eaf, 0xe98eb0, 0xe98eb1, 0xe98eb2, 0xe98eb3, 0xe98eb4, 0xe98eb5, 0xe98eb6,
    0xe98eb7, 0xe98eb8, 0xe98eb9, 0xe98eba, 0xe98ebb, 0xe98ebc, 0xe98ebd, 0xe98ebe, 0xe98ebf,
    0xe98f80, 0xe98f81, 0xe98f82, 0xe98f83, 0xe98f84, 0xe98f85, 0xe98f86, 0xe98f87, 0xe98f88,
    0xe98f89, 0xe98f8b, 0xe98f8c, 0xe98f8d, 0xe5a697, 0xe5a78a, 0xe5a6ab, 0xe5a69e, 0xe5a6a4,
    0xe5a792, 0xe5a6b2, 0xe5a6af, 0xe5a797, 0xe5a6be, 0xe5a885, 0xe5a886, 0xe5a79d, 0xe5a888,
    0xe5a7a3, 0xe5a798, 0xe5a7b9, 0xe5a88c, 0xe5a889, 0xe5a8b2, 0xe5a8b4, 0xe5a891, 0xe5a8a3,
    0xe5a893, 0xe5a980, 0xe5a9a7, 0xe5a98a, 0xe5a995, 0xe5a8bc, 0xe5a9a2, 0xe5a9b5, 0xe883ac,
    0xe5aaaa, 0xe5aa9b, 0xe5a9b7, 0xe5a9ba, 0xe5aabe, 0xe5abab, 0xe5aab2, 0xe5ab92, 0xe5ab94,
    0xe5aab8, 0xe5aba0, 0xe5aba3, 0xe5abb1, 0xe5ab96, 0xe5aba6, 0xe5ab98, 0xe5ab9c, 0xe5ac89,
    0xe5ac97, 0xe5ac96, 0xe5acb2, 0xe5acb7, 0xe5ad80, 0xe5b095, 0xe5b09c, 0xe5ad9a, 0xe5ada5,
    0xe5adb3, 0xe5ad91, 0xe5ad93, 0xe5ada2, 0xe9a9b5, 0xe9a9b7, 0xe9a9b8, 0xe9a9ba, 0xe9a9bf,
    0xe9a9bd, 0xe9aa80, 0xe9aa81, 0xe9aa85, 0xe9aa88, 0xe9aa8a, 0xe9aa90, 0xe9aa92, 0xe9aa93,
    0xe9aa96, 0xe9aa98, 0xe9aa9b, 0xe9aa9c, 0xe9aa9d, 0xe9aa9f, 0xe9aaa0, 0xe9aaa2, 0xe9aaa3,
    0xe9aaa5, 0xe9aaa7, 0xe7ba9f, 0xe7baa1, 0xe7baa3, 0xe7baa5, 0xe7baa8, 0xe7baa9, 0xe98f8e,
    0xe98f8f, 0xe98f90, 0xe98f91, 0xe98f92, 0xe98f93, 0xe98f94, 0xe98f95, 0xe98f97, 0xe98f98,
    0xe98f99, 0xe98f9a, 0xe98f9b, 0xe98f9c, 0xe98f9d, 0xe98f9e, 0xe98f9f, 0xe98fa0, 0xe98fa1,
    0xe98fa2, 0xe98fa3, 0xe98fa4, 0xe98fa5, 0xe98fa6, 0xe98fa7, 0xe98fa8, 0xe98fa9, 0xe98faa,
    0xe98fab, 0xe98fac, 0xe98fad, 0xe98fae, 0xe98faf, 0xe98fb0, 0xe98fb1, 0xe98fb2, 0xe98fb3,
    0xe98fb4, 0xe98fb5, 0xe98fb6, 0xe98fb7, 0xe98fb8, 0xe98fb9, 0xe98fba, 0xe98fbb, 0xe98fbc,
    0xe98fbd, 0xe98fbe, 0xe98fbf, 0xe99080, 0xe99081, 0xe99082, 0xe99083, 0xe99084, 0xe99085,
    0xe99086, 0xe99087, 0xe99088, 0xe99089, 0xe9908a, 0xe9908b, 0xe9908c, 0xe9908d, 0x000000,
    0xe9908e, 0xe9908f, 0xe99090, 0xe99091, 0xe99092, 0xe99093, 0xe99094, 0xe99095, 0xe99096,
    0xe99097, 0xe99098, 0xe99099, 0xe9909a, 0xe9909b, 0xe9909c, 0xe9909d, 0xe9909e, 0xe9909f,
    0xe990a0, 0xe990a1, 0xe990a2, 0xe990a3, 0xe990a4, 0xe990a5, 0xe990a6, 0xe990a7, 0xe990a8,
    0xe990a9, 0xe990aa, 0xe990ab, 0xe990ac, 0xe990ad, 0xe990ae, 0xe7baad, 0xe7bab0, 0xe7babe,
    0xe7bb80, 0xe7bb81, 0xe7bb82, 0xe7bb89, 0xe7bb8b, 0xe7bb8c, 0xe7bb90, 0xe7bb94, 0xe7bb97,
    0xe7bb9b, 0xe7bba0, 0xe7bba1, 0xe7bba8, 0xe7bbab, 0xe7bbae, 0xe7bbaf, 0xe7bbb1, 0xe7bbb2,
    0xe7bc8d, 0xe7bbb6, 0xe7bbba, 0xe7bbbb, 0xe7bbbe, 0xe7bc81, 0xe7bc82, 0xe7bc83, 0xe7bc87,
    0xe7bc88, 0xe7bc8b, 0xe7bc8c, 0xe7bc8f, 0xe7bc91, 0xe7bc92, 0xe7bc97, 0xe7bc99, 0xe7bc9c,
    0xe7bc9b, 0xe7bc9f, 0xe7bca1, 0xe7bca2, 0xe7bca3, 0xe7bca4, 0xe7bca5, 0xe7bca6, 0xe7bca7,
    0xe7bcaa, 0xe7bcab, 0xe7bcac, 0xe7bcad, 0xe7bcaf, 0xe7bcb0, 0xe7bcb1, 0xe7bcb2, 0xe7bcb3,
    0xe7bcb5, 0xe5b9ba, 0xe795bf, 0xe5b79b, 0xe794be, 0xe98295, 0xe78e8e, 0xe78e91, 0xe78eae,
    0xe78ea2, 0xe78e9f, 0xe78f8f, 0xe78f82, 0xe78f91, 0xe78eb7, 0xe78eb3, 0xe78f80, 0xe78f89,
    0xe78f88, 0xe78fa5, 0xe78f99, 0xe9a1bc, 0xe7908a, 0xe78fa9, 0xe78fa7, 0xe78f9e, 0xe78eba,
    0xe78fb2, 0xe7908f, 0xe790aa, 0xe7919b, 0xe790a6, 0xe790a5, 0xe790a8, 0xe790b0, 0xe790ae,
    0xe790ac, 0xe990af, 0xe990b0, 0xe990b1, 0xe990b2, 0xe990b3, 0xe990b4, 0xe990b5, 0xe990b6,
    0xe990b7, 0xe990b8, 0xe990b9, 0xe990ba, 0xe990bb, 0xe990bc, 0xe990bd, 0xe990bf, 0xe99180,
    0xe99181, 0xe99182, 0xe99183, 0xe99184, 0xe99185, 0xe99186, 0xe99187, 0xe99188, 0xe99189,
    0xe9918a, 0xe9918b, 0xe9918c, 0xe9918d, 0xe9918e, 0xe9918f, 0xe99190, 0xe99191, 0xe99192,
    0xe99193, 0xe99194, 0xe99195, 0xe99196, 0xe99197, 0xe99198, 0xe99199, 0xe9919a, 0xe9919b,
    0xe9919c, 0xe9919d, 0xe9919e, 0xe9919f, 0xe991a0, 0xe991a1, 0xe991a2, 0xe991a3, 0xe991a4,
    0xe991a5, 0xe991a6, 0xe991a7, 0xe991a8, 0xe991a9, 0xe991aa, 0xe991ac, 0xe991ad, 0xe991ae,
    0xe991af, 0x000000, 0xe991b0, 0xe991b1, 0xe991b2, 0xe991b3, 0xe991b4, 0xe991b5, 0xe991b6,
    0xe991b7, 0xe991b8, 0xe991b9, 0xe991ba, 0xe991bb, 0xe991bc, 0xe991bd, 0xe991be, 0xe991bf,
    0xe99280, 0xe99281, 0xe99282, 0xe99283, 0xe99284, 0xe99291, 0xe99296, 0xe99298, 0xe99387,
    0xe9938f, 0xe99393, 0xe99394, 0xe9939a, 0xe993a6, 0xe993bb, 0xe9949c, 0xe994a0, 0xe7909b,
    0xe7909a, 0xe79181, 0xe7919c, 0xe79197, 0xe79195, 0xe79199, 0xe791b7, 0xe791ad, 0xe791be,
    0xe7929c, 0xe7928e, 0xe79280, 0xe79281, 0xe79287, 0xe7928b, 0xe7929e, 0xe792a8, 0xe792a9,
    0xe79290, 0xe792a7, 0xe79392, 0xe792ba, 0xe99faa, 0xe99fab, 0xe99fac, 0xe69d8c, 0xe69d93,
    0xe69d9e, 0xe69d88, 0xe69da9, 0xe69ea5, 0xe69e87, 0xe69daa, 0xe69db3, 0xe69e98, 0xe69ea7,
    0xe69db5, 0xe69ea8, 0xe69e9e, 0xe69ead, 0xe69e8b, 0xe69db7, 0xe69dbc, 0xe69fb0, 0xe6a089,
    0xe69f98, 0xe6a08a, 0xe69fa9, 0xe69eb0, 0xe6a08c, 0xe69f99, 0xe69eb5, 0xe69f9a, 0xe69eb3,
    0xe69f9d, 0xe6a080, 0xe69f83, 0xe69eb8, 0xe69fa2, 0xe6a08e, 0xe69f81, 0xe69fbd, 0xe6a0b2,
    0xe6a0b3, 0xe6a1a0, 0xe6a1a1, 0xe6a18e, 0xe6a1a2, 0xe6a184, 0xe6a1a4, 0xe6a283, 0xe6a09d,
    0xe6a195, 0xe6a1a6, 0xe6a181, 0xe6a1a7, 0xe6a180, 0xe6a0be, 0xe6a18a, 0xe6a189, 0xe6a0a9,
    0xe6a2b5, 0xe6a28f, 0xe6a1b4, 0xe6a1b7, 0xe6a293, 0xe6a1ab, 0xe6a382, 0xe6a5ae, 0xe6a3bc,
    0xe6a49f, 0xe6a4a0, 0xe6a3b9, 0xe994a7, 0xe994b3, 0xe994bd, 0xe99583, 0xe99588, 0xe9958b,
    0xe99595, 0xe9959a, 0xe995a0, 0xe995ae, 0xe995b4, 0xe995b5, 0xe995b7, 0xe995b8, 0xe995b9,
    0xe995ba, 0xe995bb, 0xe995bc, 0xe995bd, 0xe995be, 0xe99680, 0xe99681, 0xe99682, 0xe99683,
    0xe99684, 0xe99685, 0xe99686, 0xe99687, 0xe99688, 0xe99689, 0xe9968a, 0xe9968b, 0xe9968c,
    0xe9968d, 0xe9968e, 0xe9968f, 0xe99690, 0xe99691, 0xe99692, 0xe99693, 0xe99694, 0xe99695,
    0xe99696, 0xe99697, 0xe99698, 0xe99699, 0xe9969a, 0xe9969b, 0xe9969c, 0xe9969d, 0xe9969e,
    0xe9969f, 0xe996a0, 0xe996a1, 0xe996a2, 0xe996a3, 0xe996a4, 0xe996a5, 0xe996a6, 0xe996a7,
    0xe996a8, 0xe996a9, 0xe996aa, 0x000000, 0xe996ab, 0xe996ac, 0xe996ad, 0xe996ae, 0xe996af,
    0xe996b0, 0xe996b1, 0xe996b2, 0xe996b3, 0xe996b4, 0xe996b5, 0xe996b6, 0xe996b7, 0xe996b8,
    0xe996b9, 0xe996ba, 0xe996bb, 0xe996bc, 0xe996bd, 0xe996be, 0xe996bf, 0xe99780, 0xe99781,
    0xe99782, 0xe99783, 0xe99784, 0xe99785, 0xe99786, 0xe99787, 0xe99788, 0xe99789, 0xe9978a,
    0xe9978b, 0xe6a4a4, 0xe6a3b0, 0xe6a48b, 0xe6a481, 0xe6a597, 0xe6a3a3, 0xe6a490, 0xe6a5b1,
    0xe6a4b9, 0xe6a5a0, 0xe6a582, 0xe6a59d, 0xe6a684, 0xe6a5ab, 0xe6a680, 0xe6a698, 0xe6a5b8,
    0xe6a4b4, 0xe6a78c, 0xe6a687, 0xe6a688, 0xe6a78e, 0xe6a689, 0xe6a5a6, 0xe6a5a3, 0xe6a5b9,
    0xe6a69b, 0xe6a6a7, 0xe6a6bb, 0xe6a6ab, 0xe6a6ad, 0xe6a794, 0xe6a6b1, 0xe6a781, 0xe6a78a,
    0xe6a79f, 0xe6a695, 0xe6a7a0, 0xe6a68d, 0xe6a7bf, 0xe6a8af, 0xe6a7ad, 0xe6a897, 0xe6a898,
    0xe6a9a5, 0xe6a7b2, 0xe6a984, 0xe6a8be, 0xe6aaa0, 0xe6a990, 0xe6a99b, 0xe6a8b5, 0xe6aa8e,
    0xe6a9b9, 0xe6a8bd, 0xe6a8a8, 0xe6a998, 0xe6a9bc, 0xe6aa91, 0xe6aa90, 0xe6aaa9, 0xe6aa97,
    0xe6aaab, 0xe78cb7, 0xe78d92, 0xe6ae81, 0xe6ae82, 0xe6ae87, 0xe6ae84, 0xe6ae92, 0xe6ae93,
    0xe6ae8d, 0xe6ae9a, 0xe6ae9b, 0xe6aea1, 0xe6aeaa, 0xe8bdab, 0xe8bdad, 0xe8bdb1, 0xe8bdb2,
    0xe8bdb3, 0xe8bdb5, 0xe8bdb6, 0xe8bdb8, 0xe8bdb7, 0xe8bdb9, 0xe8bdba, 0xe8bdbc, 0xe8bdbe,
    0xe8be81, 0xe8be82, 0xe8be84, 0xe8be87, 0xe8be8b, 0xe9978c, 0xe9978d, 0xe9978e, 0xe9978f,
    0xe99790, 0xe99791, 0xe99792, 0xe99793, 0xe99794, 0xe99795, 0xe99796, 0xe99797, 0xe99798,
    0xe99799, 0xe9979a, 0xe9979b, 0xe9979c, 0xe9979d, 0xe9979e, 0xe9979f, 0xe997a0, 0xe997a1,
    0xe997a2, 0xe997a3, 0xe997a4, 0xe997a5, 0xe997a6, 0xe997a7, 0xe997ac, 0xe997bf, 0xe99887,
    0xe99893, 0xe99898, 0xe9989b, 0xe9989e, 0xe998a0, 0xe998a3, 0xe998a4, 0xe998a5, 0xe998a6,
    0xe998a7, 0xe998a8, 0xe998a9, 0xe998ab, 0xe998ac, 0xe998ad, 0xe998af, 0xe998b0, 0xe998b7,
    0xe998b8, 0xe998b9, 0xe998ba, 0xe998be, 0xe99981, 0xe99983, 0xe9998a, 0xe9998e, 0xe9998f,
    0xe99991, 0xe99992, 0xe99993, 0xe99996, 0xe99997, 0x000000, 0xe99998, 0xe99999, 0xe9999a,
    0xe9999c, 0xe9999d, 0xe9999e, 0xe999a0, 0xe999a3, 0xe999a5, 0xe999a6, 0xe999ab, 0xe999ad,
    0xe999ae, 0xe999af, 0xe999b0, 0xe999b1, 0xe999b3, 0xe999b8, 0xe999b9, 0xe999ba, 0xe999bb,
    0xe999bc, 0xe999bd, 0xe999be, 0xe999bf, 0xe99a80, 0xe99a81, 0xe99a82, 0xe99a83, 0xe99a84,
    0xe99a87, 0xe99a89, 0xe99a8a, 0xe8be8d, 0xe8be8e, 0xe8be8f, 0xe8be98, 0xe8be9a, 0xe8bb8e,
    0xe6888b, 0xe68897, 0xe6889b, 0xe6889f, 0xe688a2, 0xe688a1, 0xe688a5, 0xe688a4, 0xe688ac,
    0xe887a7, 0xe793af, 0xe793b4, 0xe793bf, 0xe7948f, 0xe79491, 0xe79493, 0xe694b4, 0xe697ae,
    0xe697af, 0xe697b0, 0xe6988a, 0xe69899, 0xe69db2, 0xe69883, 0xe69895, 0xe69880, 0xe78285,
    0xe69bb7, 0xe6989d, 0xe698b4, 0xe698b1, 0xe698b6, 0xe698b5, 0xe88086, 0xe6999f, 0xe69994,
    0xe69981, 0xe6998f, 0xe69996, 0xe699a1, 0xe69997, 0xe699b7, 0xe69a84, 0xe69a8c, 0xe69aa7,
    0xe69a9d, 0xe69abe, 0xe69b9b, 0xe69b9c, 0xe69ba6, 0xe69ba9, 0xe8b4b2, 0xe8b4b3, 0xe8b4b6,
    0xe8b4bb, 0xe8b4bd, 0xe8b580, 0xe8b585, 0xe8b586, 0xe8b588, 0xe8b589, 0xe8b587, 0xe8b58d,
    0xe8b595, 0xe8b599, 0xe8a787, 0xe8a78a, 0xe8a78b, 0xe8a78c, 0xe8a78e, 0xe8a78f, 0xe8a790,
    0xe8a791, 0xe789ae, 0xe78a9f, 0xe7899d, 0xe789a6, 0xe789af, 0xe789be, 0xe789bf, 0xe78a84,
    0xe78a8b, 0xe78a8d, 0xe78a8f, 0xe78a92, 0xe68c88, 0xe68cb2, 0xe68eb0, 0xe99a8c, 0xe99a8e,
    0xe99a91, 0xe99a92, 0xe99a93, 0xe99a95, 0xe99a96, 0xe99a9a, 0xe99a9b, 0xe99a9d, 0xe99a9e,
    0xe99a9f, 0xe99aa0, 0xe99aa1, 0xe99aa2, 0xe99aa3, 0xe99aa4, 0xe99aa5, 0xe99aa6, 0xe99aa8,
    0xe99aa9, 0xe99aaa, 0xe99aab, 0xe99aac, 0xe99aad, 0xe99aae, 0xe99aaf, 0xe99ab1, 0xe99ab2,
    0xe99ab4, 0xe99ab5, 0xe99ab7, 0xe99ab8, 0xe99aba, 0xe99abb, 0xe99abf, 0xe99b82, 0xe99b83,
    0xe99b88, 0xe99b8a, 0xe99b8b, 0xe99b90, 0xe99b91, 0xe99b93, 0xe99b94, 0xe99b96, 0xe99b97,
    0xe99b98, 0xe99b99, 0xe99b9a, 0xe99b9b, 0xe99b9c, 0xe99b9d, 0xe99b9e, 0xe99b9f, 0xe99ba1,
    0xe99ba2, 0xe99ba3, 0xe99ba4, 0xe99ba5, 0xe99ba6, 0xe99ba7, 0xe99bab, 0x000000, 0xe99bac,
    0xe99bad, 0xe99bae, 0xe99bb0, 0xe99bb1, 0xe99bb2, 0xe99bb4, 0xe99bb5, 0xe99bb8, 0xe99bba,
    0xe99bbb, 0xe99bbc, 0xe99bbd, 0xe99bbf, 0xe99c82, 0xe99c83, 0xe99c85, 0xe99c8a, 0xe99c8b,
    0xe99c8c, 0xe99c90, 0xe99c91, 0xe99c92, 0xe99c94, 0xe99c95, 0xe99c97, 0xe99c98, 0xe99c99,
    0xe99c9a, 0xe99c9b, 0xe99c9d, 0xe99c9f, 0xe99ca0, 0xe690bf, 0xe69398, 0xe88084, 0xe6afaa,
    0xe6afb3, 0xe6afbd, 0xe6afb5, 0xe6afb9, 0xe6b085, 0xe6b087, 0xe6b086, 0xe6b08d, 0xe6b095,
    0xe6b098, 0xe6b099, 0xe6b09a, 0xe6b0a1, 0xe6b0a9, 0xe6b0a4, 0xe6b0aa, 0xe6b0b2, 0xe694b5,
    0xe69595, 0xe695ab, 0xe7898d, 0xe78992, 0xe78996, 0xe788b0, 0xe899a2, 0xe58896, 0xe8829f,
    0xe8829c, 0xe88293, 0xe882bc, 0xe69c8a, 0xe882bd, 0xe882b1, 0xe882ab, 0xe882ad, 0xe882b4,
    0xe882b7, 0xe883a7, 0xe883a8, 0xe883a9, 0xe883aa, 0xe8839b, 0xe88382, 0xe88384, 0xe88399,
    0xe8838d, 0xe88397, 0xe69c90, 0xe8839d, 0xe883ab, 0xe883b1, 0xe883b4, 0xe883ad, 0xe8848d,
    0xe8848e, 0xe883b2, 0xe883bc, 0xe69c95, 0xe88492, 0xe8b19a, 0xe884b6, 0xe8849e, 0xe884ac,
    0xe88498, 0xe884b2, 0xe88588, 0xe8858c, 0xe88593, 0xe885b4, 0xe88599, 0xe8859a, 0xe885b1,
    0xe885a0, 0xe885a9, 0xe885bc, 0xe885bd, 0xe885ad, 0xe885a7, 0xe5a18d, 0xe5aab5, 0xe88688,
    0xe88682, 0xe88691, 0xe6bb95, 0xe886a3, 0xe886aa, 0xe8878c, 0xe69ca6, 0xe8878a, 0xe886bb,
    0xe99ca1, 0xe99ca2, 0xe99ca3, 0xe99ca4, 0xe99ca5, 0xe99ca6, 0xe99ca7, 0xe99ca8, 0xe99ca9,
    0xe99cab, 0xe99cac, 0xe99cae, 0xe99caf, 0xe99cb1, 0xe99cb3, 0xe99cb4, 0xe99cb5, 0xe99cb6,
    0xe99cb7, 0xe99cba, 0xe99cbb, 0xe99cbc, 0xe99cbd, 0xe99cbf, 0xe99d80, 0xe99d81, 0xe99d82,
    0xe99d83, 0xe99d84, 0xe99d85, 0xe99d86, 0xe99d87, 0xe99d88, 0xe99d89, 0xe99d8a, 0xe99d8b,
    0xe99d8c, 0xe99d8d, 0xe99d8e, 0xe99d8f, 0xe99d90, 0xe99d91, 0xe99d94, 0xe99d95, 0xe99d97,
    0xe99d98, 0xe99d9a, 0xe99d9c, 0xe99d9d, 0xe99d9f, 0xe99da3, 0xe99da4, 0xe99da6, 0xe99da7,
    0xe99da8, 0xe99daa, 0xe99dab, 0xe99dac, 0xe99dad, 0xe99dae, 0xe99daf, 0xe99db0, 0xe99db1,
    0x000000, 0xe99db2, 0xe99db5, 0xe99db7, 0xe99db8, 0xe99db9, 0xe99dba, 0xe99dbb, 0xe99dbd,
    0xe99dbe, 0xe99dbf, 0xe99e80, 0xe99e81, 0xe99e82, 0xe99e83, 0xe99e84, 0xe99e86, 0xe99e87,
    0xe99e88, 0xe99e89, 0xe99e8a, 0xe99e8c, 0xe99e8e, 0xe99e8f, 0xe99e90, 0xe99e93, 0xe99e95,
    0xe99e96, 0xe99e97, 0xe99e99, 0xe99e9a, 0xe99e9b, 0xe99e9c, 0xe99e9d, 0xe88781, 0xe886a6,
    0xe6aca4, 0xe6acb7, 0xe6acb9, 0xe6ad83, 0xe6ad86, 0xe6ad99, 0xe9a391, 0xe9a392, 0xe9a393,
    0xe9a395, 0xe9a399, 0xe9a39a, 0xe6aeb3, 0xe5bd80, 0xe6af82, 0xe8a7b3, 0xe69690, 0xe9bd91,
    0xe69693, 0xe696bc, 0xe69786, 0xe69784, 0xe69783, 0xe6978c, 0xe6978e, 0xe69792, 0xe69796,
    0xe78280, 0xe7829c, 0xe78296, 0xe7829d, 0xe782bb, 0xe78380, 0xe782b7, 0xe782ab, 0xe782b1,
    0xe783a8, 0xe7838a, 0xe78490, 0xe78493, 0xe78496, 0xe784af, 0xe784b1, 0xe785b3, 0xe7859c,
    0xe785a8, 0xe78585, 0xe785b2, 0xe7858a, 0xe785b8, 0xe785ba, 0xe78698, 0xe786b3, 0xe786b5,
    0xe786a8, 0xe786a0, 0xe787a0, 0xe78794, 0xe787a7, 0xe787b9, 0xe7889d, 0xe788a8, 0xe781ac,
    0xe78498, 0xe785a6, 0xe786b9, 0xe688be, 0xe688bd, 0xe68983, 0xe68988, 0xe68989, 0xe7a4bb,
    0xe7a580, 0xe7a586, 0xe7a589, 0xe7a59b, 0xe7a59c, 0xe7a593, 0xe7a59a, 0xe7a5a2, 0xe7a597,
    0xe7a5a0, 0xe7a5af, 0xe7a5a7, 0xe7a5ba, 0xe7a685, 0xe7a68a, 0xe7a69a, 0xe7a6a7, 0xe7a6b3,
    0xe5bf91, 0xe5bf90, 0xe99e9e, 0xe99e9f, 0xe99ea1, 0xe99ea2, 0xe99ea4, 0xe99ea5, 0xe99ea6,
    0xe99ea7, 0xe99ea8, 0xe99ea9, 0xe99eaa, 0xe99eac, 0xe99eae, 0xe99eb0, 0xe99eb1, 0xe99eb3,
    0xe99eb5, 0xe99eb6, 0xe99eb7, 0xe99eb8, 0xe99eb9, 0xe99eba, 0xe99ebb, 0xe99ebc, 0xe99ebd,
    0xe99ebe, 0xe99ebf, 0xe99f80, 0xe99f81, 0xe99f82, 0xe99f83, 0xe99f84, 0xe99f85, 0xe99f86,
    0xe99f87, 0xe99f88, 0xe99f89, 0xe99f8a, 0xe99f8b, 0xe99f8c, 0xe99f8d, 0xe99f8e, 0xe99f8f,
    0xe99f90, 0xe99f91, 0xe99f92, 0xe99f93, 0xe99f94, 0xe99f95, 0xe99f96, 0xe99f97, 0xe99f98,
    0xe99f99, 0xe99f9a, 0xe99f9b, 0xe99f9c, 0xe99f9d, 0xe99f9e, 0xe99f9f, 0xe99fa0, 0xe99fa1,
    0xe99fa2, 0xe99fa3, 0x000000, 0xe99fa4, 0xe99fa5, 0xe99fa8, 0xe99fae, 0xe99faf, 0xe99fb0,
    0xe99fb1, 0xe99fb2, 0xe99fb4, 0xe99fb7, 0xe99fb8, 0xe99fb9, 0xe99fba, 0xe99fbb, 0xe99fbc,
    0xe99fbd, 0xe99fbe, 0xe99fbf, 0xe9a080, 0xe9a081, 0xe9a082, 0xe9a083, 0xe9a084, 0xe9a085,
    0xe9a086, 0xe9a087, 0xe9a088, 0xe9a089, 0xe9a08a, 0xe9a08b, 0xe9a08c, 0xe9a08d, 0xe9a08e,
    0xe680bc, 0xe6819d, 0xe6819a, 0xe681a7, 0xe68181, 0xe68199, 0xe681a3, 0xe682ab, 0xe68486,
    0xe6848d, 0xe6859d, 0xe686a9, 0xe6869d, 0xe6878b, 0xe68791, 0xe68886, 0xe88280, 0xe881bf,
    0xe6b293, 0xe6b3b6, 0xe6b7bc, 0xe79fb6, 0xe79fb8, 0xe7a080, 0xe7a089, 0xe7a097, 0xe7a098,
    0xe7a091, 0xe696ab, 0xe7a0ad, 0xe7a09c, 0xe7a09d, 0xe7a0b9, 0xe7a0ba, 0xe7a0bb, 0xe7a09f,
    0xe7a0bc, 0xe7a0a5, 0xe7a0ac, 0xe7a0a3, 0xe7a0a9, 0xe7a18e, 0xe7a1ad, 0xe7a196, 0xe7a197,
    0xe7a0a6, 0xe7a190, 0xe7a187, 0xe7a18c, 0xe7a1aa, 0xe7a29b, 0xe7a293, 0xe7a29a, 0xe7a287,
    0xe7a29c, 0xe7a2a1, 0xe7a2a3, 0xe7a2b2, 0xe7a2b9, 0xe7a2a5, 0xe7a394, 0xe7a399, 0xe7a389,
    0xe7a3ac, 0xe7a3b2, 0xe7a485, 0xe7a3b4, 0xe7a493, 0xe7a4a4, 0xe7a49e, 0xe7a4b4, 0xe9be9b,
    0xe9bbb9, 0xe9bbbb, 0xe9bbbc, 0xe79bb1, 0xe79c84, 0xe79c8d, 0xe79bb9, 0xe79c87, 0xe79c88,
    0xe79c9a, 0xe79ca2, 0xe79c99, 0xe79cad, 0xe79ca6, 0xe79cb5, 0xe79cb8, 0xe79d90, 0xe79d91,
    0xe79d87, 0xe79d83, 0xe79d9a, 0xe79da8, 0xe9a08f, 0xe9a090, 0xe9a091, 0xe9a092, 0xe9a093,
    0xe9a094, 0xe9a095, 0xe9a096, 0xe9a097, 0xe9a098, 0xe9a099, 0xe9a09a, 0xe9a09b, 0xe9a09c,
    0xe9a09d, 0xe9a09e, 0xe9a09f, 0xe9a0a0, 0xe9a0a1, 0xe9a0a2, 0xe9a0a3, 0xe9a0a4, 0xe9a0a5,
    0xe9a0a6, 0xe9a0a7, 0xe9a0a8, 0xe9a0a9, 0xe9a0aa, 0xe9a0ab, 0xe9a0ac, 0xe9a0ad, 0xe9a0ae,
    0xe9a0af, 0xe9a0b0, 0xe9a0b1, 0xe9a0b2, 0xe9a0b3, 0xe9a0b4, 0xe9a0b5, 0xe9a0b6, 0xe9a0b7,
    0xe9a0b8, 0xe9a0b9, 0xe9a0ba, 0xe9a0bb, 0xe9a0bc, 0xe9a0bd, 0xe9a0be, 0xe9a0bf, 0xe9a180,
    0xe9a181, 0xe9a182, 0xe9a183, 0xe9a184, 0xe9a185, 0xe9a186, 0xe9a187, 0xe9a188, 0xe9a189,
    0xe9a18a, 0xe9a18b, 0xe9a18c, 0xe9a18d, 0x000000, 0xe9a18e, 0xe9a18f, 0xe9a190, 0xe9a191,
    0xe9a192, 0xe9a193, 0xe9a194, 0xe9a195, 0xe9a196, 0xe9a197, 0xe9a198, 0xe9a199, 0xe9a19a,
    0xe9a19b, 0xe9a19c, 0xe9a19d, 0xe9a19e, 0xe9a19f, 0xe9a1a0, 0xe9a1a1, 0xe9a1a2, 0xe9a1a3,
    0xe9a1a4, 0xe9a1a5, 0xe9a1a6, 0xe9a1a7, 0xe9a1a8, 0xe9a1a9, 0xe9a1aa, 0xe9a1ab, 0xe9a1ac,
    0xe9a1ad, 0xe9a1ae, 0xe79da2, 0xe79da5, 0xe79dbf, 0xe79e8d, 0xe79dbd, 0xe79e80, 0xe79e8c,
    0xe79e91, 0xe79e9f, 0xe79ea0, 0xe79eb0, 0xe79eb5, 0xe79ebd, 0xe794ba, 0xe79580, 0xe7958e,
    0xe7958b, 0xe79588, 0xe7959b, 0xe795b2, 0xe795b9, 0xe79683, 0xe7bd98, 0xe7bda1, 0xe7bd9f,
    0xe8a988, 0xe7bda8, 0xe7bdb4, 0xe7bdb1, 0xe7bdb9, 0xe7be81, 0xe7bdbe, 0xe79b8d, 0xe79ba5,
    0xe8a0b2, 0xe99285, 0xe99286, 0xe99287, 0xe9928b, 0xe9928a, 0xe9928c, 0xe9928d, 0xe9928f,
    0xe99290, 0xe99294, 0xe99297, 0xe99295, 0xe9929a, 0xe9929b, 0xe9929c, 0xe992a3, 0xe992a4,
    0xe992ab, 0xe992aa, 0xe992ad, 0xe992ac, 0xe992af, 0xe992b0, 0xe992b2, 0xe992b4, 0xe992b6,
    0xe992b7, 0xe992b8, 0xe992b9, 0xe992ba, 0xe992bc, 0xe992bd, 0xe992bf, 0xe99384, 0xe99388,
    0xe99389, 0xe9938a, 0xe9938b, 0xe9938c, 0xe9938d, 0xe9938e, 0xe99390, 0xe99391, 0xe99392,
    0xe99395, 0xe99396, 0xe99397, 0xe99399, 0xe99398, 0xe9939b, 0xe9939e, 0xe9939f, 0xe993a0,
    0xe993a2, 0xe993a4, 0xe993a5, 0xe993a7, 0xe993a8, 0xe993aa, 0xe9a1af, 0xe9a1b0, 0xe9a1b1,
    0xe9a1b2, 0xe9a1b3, 0xe9a1b4, 0xe9a28b, 0xe9a28e, 0xe9a292, 0xe9a295, 0xe9a299, 0xe9a2a3,
    0xe9a2a8, 0xe9a2a9, 0xe9a2aa, 0xe9a2ab, 0xe9a2ac, 0xe9a2ad, 0xe9a2ae, 0xe9a2af, 0xe9a2b0,
    0xe9a2b1, 0xe9a2b2, 0xe9a2b3, 0xe9a2b4, 0xe9a2b5, 0xe9a2b6, 0xe9a2b7, 0xe9a2b8, 0xe9a2b9,
    0xe9a2ba, 0xe9a2bb, 0xe9a2bc, 0xe9a2bd, 0xe9a2be, 0xe9a2bf, 0xe9a380, 0xe9a381, 0xe9a382,
    0xe9a383, 0xe9a384, 0xe9a385, 0xe9a386, 0xe9a387, 0xe9a388, 0xe9a389, 0xe9a38a, 0xe9a38b,
    0xe9a38c, 0xe9a38d, 0xe9a38f, 0xe9a390, 0xe9a394, 0xe9a396, 0xe9a397, 0xe9a39b, 0xe9a39c,
    0xe9a39d, 0xe9a3a0, 0xe9a3a1, 0xe9a3a2, 0xe9a3a3, 0xe9a3a4, 0x000000, 0xe9a3a5, 0xe9a3a6,
    0xe9a3a9, 0xe9a3aa, 0xe9a3ab, 0xe9a3ac, 0xe9a3ad, 0xe9a3ae, 0xe9a3af, 0xe9a3b0, 0xe9a3b1,
    0xe9a3b2, 0xe9a3b3, 0xe9a3b4, 0xe9a3b5, 0xe9a3b6, 0xe9a3b7, 0xe9a3b8, 0xe9a3b9, 0xe9a3ba,
    0xe9a3bb, 0xe9a3bc, 0xe9a3bd, 0xe9a3be, 0xe9a3bf, 0xe9a480, 0xe9a481, 0xe9a482, 0xe9a483,
    0xe9a484, 0xe9a485, 0xe9a486, 0xe9a487, 0xe993a9, 0xe993ab, 0xe993ae, 0xe993af, 0xe993b3,
    0xe993b4, 0xe993b5, 0xe993b7, 0xe993b9, 0xe993bc, 0xe993bd, 0xe993bf, 0xe99483, 0xe99482,
    0xe99486, 0xe99487, 0xe99489, 0xe9948a, 0xe9948d, 0xe9948e, 0xe9948f, 0xe99492, 0xe99493,
    0xe99494, 0xe99495, 0xe99496, 0xe99498, 0xe9949b, 0xe9949d, 0xe9949e, 0xe9949f, 0xe994a2,
    0xe994aa, 0xe994ab, 0xe994a9, 0xe994ac, 0xe994b1, 0xe994b2, 0xe994b4, 0xe994b6, 0xe994b7,
    0xe994b8, 0xe994bc, 0xe994be, 0xe994bf, 0xe99582, 0xe994b5, 0xe99584, 0xe99585, 0xe99586,
    0xe99589, 0xe9958c, 0xe9958e, 0xe9958f, 0xe99592, 0xe99593, 0xe99594, 0xe99596, 0xe99597,
    0xe99598, 0xe99599, 0xe9959b, 0xe9959e, 0xe9959f, 0xe9959d, 0xe995a1, 0xe995a2, 0xe995a4,
    0xe995a5, 0xe995a6, 0xe995a7, 0xe995a8, 0xe995a9, 0xe995aa, 0xe995ab, 0xe995ac, 0xe995af,
    0xe995b1, 0xe995b2, 0xe995b3, 0xe994ba, 0xe79fa7, 0xe79fac, 0xe99b89, 0xe7a795, 0xe7a7ad,
    0xe7a7a3, 0xe7a7ab, 0xe7a886, 0xe5b587, 0xe7a883, 0xe7a882, 0xe7a89e, 0xe7a894, 0xe9a488,
    0xe9a489, 0xe9a48a, 0xe9a48b, 0xe9a48c, 0xe9a48e, 0xe9a48f, 0xe9a491, 0xe9a492, 0xe9a493,
    0xe9a494, 0xe9a495, 0xe9a496, 0xe9a497, 0xe9a498, 0xe9a499, 0xe9a49a, 0xe9a49b, 0xe9a49c,
    0xe9a49d, 0xe9a49e, 0xe9a49f, 0xe9a4a0, 0xe9a4a1, 0xe9a4a2, 0xe9a4a3, 0xe9a4a4, 0xe9a4a5,
    0xe9a4a6, 0xe9a4a7, 0xe9a4a8, 0xe9a4a9, 0xe9a4aa, 0xe9a4ab, 0xe9a4ac, 0xe9a4ad, 0xe9a4af,
    0xe9a4b0, 0xe9a4b1, 0xe9a4b2, 0xe9a4b3, 0xe9a4b4, 0xe9a4b5, 0xe9a4b6, 0xe9a4b7, 0xe9a4b8,
    0xe9a4b9, 0xe9a4ba, 0xe9a4bb, 0xe9a4bc, 0xe9a4bd, 0xe9a4be, 0xe9a4bf, 0xe9a580, 0xe9a581,
    0xe9a582, 0xe9a583, 0xe9a584, 0xe9a585, 0xe9a586, 0xe9a587, 0xe9a588, 0xe9a589, 0x000000,
    0xe9a58a, 0xe9a58b, 0xe9a58c, 0xe9a58d, 0xe9a58e, 0xe9a58f, 0xe9a590, 0xe9a591, 0xe9a592,
    0xe9a593, 0xe9a596, 0xe9a597, 0xe9a598, 0xe9a599, 0xe9a59a, 0xe9a59b, 0xe9a59c, 0xe9a59d,
    0xe9a59e, 0xe9a59f, 0xe9a5a0, 0xe9a5a1, 0xe9a5a2, 0xe9a5a4, 0xe9a5a6, 0xe9a5b3, 0xe9a5b8,
    0xe9a5b9, 0xe9a5bb, 0xe9a5be, 0xe9a682, 0xe9a683, 0xe9a689, 0xe7a8b9, 0xe7a8b7, 0xe7a991,
    0xe9bb8f, 0xe9a6a5, 0xe7a9b0, 0xe79a88, 0xe79a8e, 0xe79a93, 0xe79a99, 0xe79aa4, 0xe7939e,
    0xe793a0, 0xe794ac, 0xe9b8a0, 0xe9b8a2, 0xe9b8a8, 0xe9b8a9, 0xe9b8aa, 0xe9b8ab, 0xe9b8ac,
    0xe9b8b2, 0xe9b8b1, 0xe9b8b6, 0xe9b8b8, 0xe9b8b7, 0xe9b8b9, 0xe9b8ba, 0xe9b8be, 0xe9b981,
    0xe9b982, 0xe9b984, 0xe9b986, 0xe9b987, 0xe9b988, 0xe9b989, 0xe9b98b, 0xe9b98c, 0xe9b98e,
    0xe9b991, 0xe9b995, 0xe9b997, 0xe9b99a, 0xe9b99b, 0xe9b99c, 0xe9b99e, 0xe9b9a3, 0xe9b9a6,
    0xe9b9a7, 0xe9b9a8, 0xe9b9a9, 0xe9b9aa, 0xe9b9ab, 0xe9b9ac, 0xe9b9b1, 0xe9b9ad, 0xe9b9b3,
    0xe79692, 0xe79694, 0xe79696, 0xe796a0, 0xe7969d, 0xe796ac, 0xe796a3, 0xe796b3, 0xe796b4,
    0xe796b8, 0xe79784, 0xe796b1, 0xe796b0, 0xe79783, 0xe79782, 0xe79796, 0xe7978d, 0xe797a3,
    0xe797a8, 0xe797a6, 0xe797a4, 0xe797ab, 0xe797a7, 0xe79883, 0xe797b1, 0xe797bc, 0xe797bf,
    0xe79890, 0xe79880, 0xe79885, 0xe7988c, 0xe79897, 0xe7988a, 0xe798a5, 0xe79898, 0xe79895,
    0xe79899, 0xe9a68c, 0xe9a68e, 0xe9a69a, 0xe9a69b, 0xe9a69c, 0xe9a69d, 0xe9a69e, 0xe9a69f,
    0xe9a6a0, 0xe9a6a1, 0xe9a6a2, 0xe9a6a3, 0xe9a6a4, 0xe9a6a6, 0xe9a6a7, 0xe9a6a9, 0xe9a6aa,
    0xe9a6ab, 0xe9a6ac, 0xe9a6ad, 0xe9a6ae, 0xe9a6af, 0xe9a6b0, 0xe9a6b1, 0xe9a6b2, 0xe9a6b3,
    0xe9a6b4, 0xe9a6b5, 0xe9a6b6, 0xe9a6b7, 0xe9a6b8, 0xe9a6b9, 0xe9a6ba, 0xe9a6bb, 0xe9a6bc,
    0xe9a6bd, 0xe9a6be, 0xe9a6bf, 0xe9a780, 0xe9a781, 0xe9a782, 0xe9a783, 0xe9a784, 0xe9a785,
    0xe9a786, 0xe9a787, 0xe9a788, 0xe9a789, 0xe9a78a, 0xe9a78b, 0xe9a78c, 0xe9a78d, 0xe9a78e,
    0xe9a78f, 0xe9a790, 0xe9a791, 0xe9a792, 0xe9a793, 0xe9a794, 0xe9a795, 0xe9a796, 0xe9a797,
    0xe9a798, 0x000000, 0xe9a799, 0xe9a79a, 0xe9a79b, 0xe9a79c, 0xe9a79d, 0xe9a79e, 0xe9a79f,
    0xe9a7a0, 0xe9a7a1, 0xe9a7a2, 0xe9a7a3, 0xe9a7a4, 0xe9a7a5, 0xe9a7a6, 0xe9a7a7, 0xe9a7a8,
    0xe9a7a9, 0xe9a7aa, 0xe9a7ab, 0xe9a7ac, 0xe9a7ad, 0xe9a7ae, 0xe9a7af, 0xe9a7b0, 0xe9a7b1,
    0xe9a7b2, 0xe9a7b3, 0xe9a7b4, 0xe9a7b5, 0xe9a7b6, 0xe9a7b7, 0xe9a7b8, 0xe9a7b9, 0xe7989b,
    0xe798bc, 0xe798a2, 0xe798a0, 0xe79980, 0xe798ad, 0xe798b0, 0xe798bf, 0xe798b5, 0xe79983,
    0xe798be, 0xe798b3, 0xe7998d, 0xe7999e, 0xe79994, 0xe7999c, 0xe79996, 0xe799ab, 0xe799af,
    0xe7bf8a, 0xe7aba6, 0xe7a9b8, 0xe7a9b9, 0xe7aa80, 0xe7aa86, 0xe7aa88, 0xe7aa95, 0xe7aaa6,
    0xe7aaa0, 0xe7aaac, 0xe7aaa8, 0xe7aaad, 0xe7aab3, 0xe8a1a4, 0xe8a1a9, 0xe8a1b2, 0xe8a1bd,
    0xe8a1bf, 0xe8a282, 0xe8a2a2, 0xe8a386, 0xe8a2b7, 0xe8a2bc, 0xe8a389, 0xe8a3a2, 0xe8a38e,
    0xe8a3a3, 0xe8a3a5, 0xe8a3b1, 0xe8a49a, 0xe8a3bc, 0xe8a3a8, 0xe8a3be, 0xe8a3b0, 0xe8a4a1,
    0xe8a499, 0xe8a493, 0xe8a49b, 0xe8a48a, 0xe8a4b4, 0xe8a4ab, 0xe8a4b6, 0xe8a581, 0xe8a5a6,
    0xe8a5bb, 0xe7968b, 0xe883a5, 0xe79ab2, 0xe79ab4, 0xe79f9c, 0xe88092, 0xe88094, 0xe88096,
    0xe8809c, 0xe880a0, 0xe880a2, 0xe880a5, 0xe880a6, 0xe880a7, 0xe880a9, 0xe880a8, 0xe880b1,
    0xe8808b, 0xe880b5, 0xe88183, 0xe88186, 0xe8818d, 0xe88192, 0xe881a9, 0xe881b1, 0xe8a683,
    0xe9a1b8, 0xe9a280, 0xe9a283, 0xe9a7ba, 0xe9a7bb, 0xe9a7bc, 0xe9a7bd, 0xe9a7be, 0xe9a7bf,
    0xe9a880, 0xe9a881, 0xe9a882, 0xe9a883, 0xe9a884, 0xe9a885, 0xe9a886, 0xe9a887, 0xe9a888,
    0xe9a889, 0xe9a88a, 0xe9a88b, 0xe9a88c, 0xe9a88d, 0xe9a88e, 0xe9a88f, 0xe9a890, 0xe9a891,
    0xe9a892, 0xe9a893, 0xe9a894, 0xe9a895, 0xe9a896, 0xe9a897, 0xe9a898, 0xe9a899, 0xe9a89a,
    0xe9a89b, 0xe9a89c, 0xe9a89d, 0xe9a89e, 0xe9a89f, 0xe9a8a0, 0xe9a8a1, 0xe9a8a2, 0xe9a8a3,
    0xe9a8a4, 0xe9a8a5, 0xe9a8a6, 0xe9a8a7, 0xe9a8a8, 0xe9a8a9, 0xe9a8aa, 0xe9a8ab, 0xe9a8ac,
    0xe9a8ad, 0xe9a8ae, 0xe9a8af, 0xe9a8b0, 0xe9a8b1, 0xe9a8b2, 0xe9a8b3, 0xe9a8b4, 0xe9a8b5,
    0xe9a8b6, 0xe9a8b7, 0xe9a8b8, 0x000000, 0xe9a8b9, 0xe9a8ba, 0xe9a8bb, 0xe9a8bc, 0xe9a8bd,
    0xe9a8be, 0xe9a8bf, 0xe9a980, 0xe9a981, 0xe9a982, 0xe9a983, 0xe9a984, 0xe9a985, 0xe9a986,
    0xe9a987, 0xe9a988, 0xe9a989, 0xe9a98a, 0xe9a98b, 0xe9a98c, 0xe9a98d, 0xe9a98e, 0xe9a98f,
    0xe9a990, 0xe9a991, 0xe9a992, 0xe9a993, 0xe9a994, 0xe9a995, 0xe9a996, 0xe9a997, 0xe9a998,
    0xe9a999, 0xe9a289, 0xe9a28c, 0xe9a28d, 0xe9a28f, 0xe9a294, 0xe9a29a, 0xe9a29b, 0xe9a29e,
    0xe9a29f, 0xe9a2a1, 0xe9a2a2, 0xe9a2a5, 0xe9a2a6, 0xe8998d, 0xe89994, 0xe899ac, 0xe899ae,
    0xe899bf, 0xe899ba, 0xe899bc, 0xe899bb, 0xe89aa8, 0xe89a8d, 0xe89a8b, 0xe89aac, 0xe89a9d,
    0xe89aa7, 0xe89aa3, 0xe89aaa, 0xe89a93, 0xe89aa9, 0xe89ab6, 0xe89b84, 0xe89ab5, 0xe89b8e,
    0xe89ab0, 0xe89aba, 0xe89ab1, 0xe89aaf, 0xe89b89, 0xe89b8f, 0xe89ab4, 0xe89ba9, 0xe89bb1,
    0xe89bb2, 0xe89bad, 0xe89bb3, 0xe89b90, 0xe89c93, 0xe89b9e, 0xe89bb4, 0xe89b9f, 0xe89b98,
    0xe89b91, 0xe89c83, 0xe89c87, 0xe89bb8, 0xe89c88, 0xe89c8a, 0xe89c8d, 0xe89c89, 0xe89ca3,
    0xe89cbb, 0xe89c9e, 0xe89ca5, 0xe89cae, 0xe89c9a, 0xe89cbe, 0xe89d88, 0xe89cb4, 0xe89cb1,
    0xe89ca9, 0xe89cb7, 0xe89cbf, 0xe89e82, 0xe89ca2, 0xe89dbd, 0xe89dbe, 0xe89dbb, 0xe89da0,
    0xe89db0, 0xe89d8c, 0xe89dae, 0xe89e8b, 0xe89d93, 0xe89da3, 0xe89dbc, 0xe89da4, 0xe89d99,
    0xe89da5, 0xe89e93, 0xe89eaf, 0xe89ea8, 0xe89f92, 0xe9a99a, 0xe9a99b, 0xe9a99c, 0xe9a99d,
    0xe9a99e, 0xe9a99f, 0xe9a9a0, 0xe9a9a1, 0xe9a9a2, 0xe9a9a3, 0xe9a9a4, 0xe9a9a5, 0xe9a9a6,
    0xe9a9a7, 0xe9a9a8, 0xe9a9a9, 0xe9a9aa, 0xe9a9ab, 0xe9a9b2, 0xe9aa83, 0xe9aa89, 0xe9aa8d,
    0xe9aa8e, 0xe9aa94, 0xe9aa95, 0xe9aa99, 0xe9aaa6, 0xe9aaa9, 0xe9aaaa, 0xe9aaab, 0xe9aaac,
    0xe9aaad, 0xe9aaae, 0xe9aaaf, 0xe9aab2, 0xe9aab3, 0xe9aab4, 0xe9aab5, 0xe9aab9, 0xe9aabb,
    0xe9aabd, 0xe9aabe, 0xe9aabf, 0xe9ab83, 0xe9ab84, 0xe9ab86, 0xe9ab87, 0xe9ab88, 0xe9ab89,
    0xe9ab8a, 0xe9ab8d, 0xe9ab8e, 0xe9ab8f, 0xe9ab90, 0xe9ab92, 0xe9ab94, 0xe9ab95, 0xe9ab96,
    0xe9ab97, 0xe9ab99, 0xe9ab9a, 0xe9ab9b, 0xe9ab9c, 0x000000, 0xe9ab9d, 0xe9ab9e, 0xe9aba0,
    0xe9aba2, 0xe9aba3, 0xe9aba4, 0xe9aba5, 0xe9aba7, 0xe9aba8, 0xe9aba9, 0xe9abaa, 0xe9abac,
    0xe9abae, 0xe9abb0, 0xe9abb1, 0xe9abb2, 0xe9abb3, 0xe9abb4, 0xe9abb5, 0xe9abb6, 0xe9abb7,
    0xe9abb8, 0xe9abba, 0xe9abbc, 0xe9abbd, 0xe9abbe, 0xe9abbf, 0xe9ac80, 0xe9ac81, 0xe9ac82,
    0xe9ac84, 0xe9ac85, 0xe9ac86, 0xe89f86, 0xe89e88, 0xe89e85, 0xe89ead, 0xe89e97, 0xe89e83,
    0xe89eab, 0xe89fa5, 0xe89eac, 0xe89eb5, 0xe89eb3, 0xe89f8b, 0xe89f93, 0xe89ebd, 0xe89f91,
    0xe89f80, 0xe89f8a, 0xe89f9b, 0xe89faa, 0xe89fa0, 0xe89fae, 0xe8a096, 0xe8a093, 0xe89fbe,
    0xe8a08a, 0xe8a09b, 0xe8a0a1, 0xe8a0b9, 0xe8a0bc, 0xe7bcb6, 0xe7bd82, 0xe7bd84, 0xe7bd85,
    0xe88890, 0xe7abba, 0xe7abbd, 0xe7ac88, 0xe7ac83, 0xe7ac84, 0xe7ac95, 0xe7ac8a, 0xe7acab,
    0xe7ac8f, 0xe7ad87, 0xe7acb8, 0xe7acaa, 0xe7ac99, 0xe7acae, 0xe7acb1, 0xe7aca0, 0xe7aca5,
    0xe7aca4, 0xe7acb3, 0xe7acbe, 0xe7ac9e, 0xe7ad98, 0xe7ad9a, 0xe7ad85, 0xe7adb5, 0xe7ad8c,
    0xe7ad9d, 0xe7ada0, 0xe7adae, 0xe7adbb, 0xe7ada2, 0xe7adb2, 0xe7adb1, 0xe7ae90, 0xe7aea6,
    0xe7aea7, 0xe7aeb8, 0xe7aeac, 0xe7ae9d, 0xe7aea8, 0xe7ae85, 0xe7aeaa, 0xe7ae9c, 0xe7aea2,
    0xe7aeab, 0xe7aeb4, 0xe7af91, 0xe7af81, 0xe7af8c, 0xe7af9d, 0xe7af9a, 0xe7afa5, 0xe7afa6,
    0xe7afaa, 0xe7b08c, 0xe7afbe, 0xe7afbc, 0xe7b08f, 0xe7b096, 0xe7b08b, 0xe9ac87, 0xe9ac89,
    0xe9ac8a, 0xe9ac8b, 0xe9ac8c, 0xe9ac8d, 0xe9ac8e, 0xe9ac90, 0xe9ac91, 0xe9ac92, 0xe9ac94,
    0xe9ac95, 0xe9ac96, 0xe9ac97, 0xe9ac98, 0xe9ac99, 0xe9ac9a, 0xe9ac9b, 0xe9ac9c, 0xe9ac9d,
    0xe9ac9e, 0xe9aca0, 0xe9aca1, 0xe9aca2, 0xe9aca4, 0xe9aca5, 0xe9aca6, 0xe9aca7, 0xe9aca8,
    0xe9aca9, 0xe9acaa, 0xe9acab, 0xe9acac, 0xe9acad, 0xe9acae, 0xe9acb0, 0xe9acb1, 0xe9acb3,
    0xe9acb4, 0xe9acb5, 0xe9acb6, 0xe9acb7, 0xe9acb8, 0xe9acb9, 0xe9acba, 0xe9acbd, 0xe9acbe,
    0xe9acbf, 0xe9ad80, 0xe9ad86, 0xe9ad8a, 0xe9ad8b, 0xe9ad8c, 0xe9ad8e, 0xe9ad90, 0xe9ad92,
    0xe9ad93, 0xe9ad95, 0xe9ad96, 0xe9ad97, 0xe9ad98, 0xe9ad99, 0xe9ad9a, 0x000000, 0xe9ad9b,
    0xe9ad9c, 0xe9ad9d, 0xe9ad9e, 0xe9ad9f, 0xe9ada0, 0xe9ada1, 0xe9ada2, 0xe9ada3, 0xe9ada4,
    0xe9ada5, 0xe9ada6, 0xe9ada7, 0xe9ada8, 0xe9ada9, 0xe9adaa, 0xe9adab, 0xe9adac, 0xe9adad,
    0xe9adae, 0xe9adaf, 0xe9adb0, 0xe9adb1, 0xe9adb2, 0xe9adb3, 0xe9adb4, 0xe9adb5, 0xe9adb6,
    0xe9adb7, 0xe9adb8, 0xe9adb9, 0xe9adba, 0xe9adbb, 0xe7b09f, 0xe7b0aa, 0xe7b0a6, 0xe7b0b8,
    0xe7b181, 0xe7b180, 0xe887be, 0xe88881, 0xe88882, 0xe88884, 0xe887ac, 0xe8a184, 0xe888a1,
    0xe888a2, 0xe888a3, 0xe888ad, 0xe888af, 0xe888a8, 0xe888ab, 0xe888b8, 0xe888bb, 0xe888b3,
    0xe888b4, 0xe888be, 0xe88984, 0xe88989, 0xe8898b, 0xe8898f, 0xe8899a, 0xe8899f, 0xe889a8,
    0xe8a1be, 0xe8a285, 0xe8a288, 0xe8a398, 0xe8a39f, 0xe8a59e, 0xe7be9d, 0xe7be9f, 0xe7bea7,
    0xe7beaf, 0xe7beb0, 0xe7beb2, 0xe7b1bc, 0xe69589, 0xe7b291, 0xe7b29d, 0xe7b29c, 0xe7b29e,
    0xe7b2a2, 0xe7b2b2, 0xe7b2bc, 0xe7b2bd, 0xe7b381, 0xe7b387, 0xe7b38c, 0xe7b38d, 0xe7b388,
    0xe7b385, 0xe7b397, 0xe7b3a8, 0xe889ae, 0xe69aa8, 0xe7bebf, 0xe7bf8e, 0xe7bf95, 0xe7bfa5,
    0xe7bfa1, 0xe7bfa6, 0xe7bfa9, 0xe7bfae, 0xe7bfb3, 0xe7b3b8, 0xe7b5b7, 0xe7b6a6, 0xe7b6ae,
    0xe7b987, 0xe7ba9b, 0xe9bab8, 0xe9bab4, 0xe8b5b3, 0xe8b684, 0xe8b694, 0xe8b691, 0xe8b6b1,
    0xe8b5a7, 0xe8b5ad, 0xe8b187, 0xe8b189, 0xe9858a, 0xe98590, 0xe9858e, 0xe9858f, 0xe985a4,
    0xe9adbc, 0xe9adbd, 0xe9adbe, 0xe9adbf, 0xe9ae80, 0xe9ae81, 0xe9ae82, 0xe9ae83, 0xe9ae84,
    0xe9ae85, 0xe9ae86, 0xe9ae87, 0xe9ae88, 0xe9ae89, 0xe9ae8a, 0xe9ae8b, 0xe9ae8c, 0xe9ae8d,
    0xe9ae8e, 0xe9ae8f, 0xe9ae90, 0xe9ae91, 0xe9ae92, 0xe9ae93, 0xe9ae94, 0xe9ae95, 0xe9ae96,
    0xe9ae97, 0xe9ae98, 0xe9ae99, 0xe9ae9a, 0xe9ae9b, 0xe9ae9c, 0xe9ae9d, 0xe9ae9e, 0xe9ae9f,
    0xe9aea0, 0xe9aea1, 0xe9aea2, 0xe9aea3, 0xe9aea4, 0xe9aea5, 0xe9aea6, 0xe9aea7, 0xe9aea8,
    0xe9aea9, 0xe9aeaa, 0xe9aeab, 0xe9aeac, 0xe9aead, 0xe9aeae, 0xe9aeaf, 0xe9aeb0, 0xe9aeb1,
    0xe9aeb2, 0xe9aeb3, 0xe9aeb4, 0xe9aeb5, 0xe9aeb6, 0xe9aeb7, 0xe9aeb8, 0xe9aeb9, 0xe9aeba,
    0x000000, 0xe9aebb, 0xe9aebc, 0xe9aebd, 0xe9aebe, 0xe9aebf, 0xe9af80, 0xe9af81, 0xe9af82,
    0xe9af83, 0xe9af84, 0xe9af85, 0xe9af86, 0xe9af87, 0xe9af88, 0xe9af89, 0xe9af8a, 0xe9af8b,
    0xe9af8c, 0xe9af8d, 0xe9af8e, 0xe9af8f, 0xe9af90, 0xe9af91, 0xe9af92, 0xe9af93, 0xe9af94,
    0xe9af95, 0xe9af96, 0xe9af97, 0xe9af98, 0xe9af99, 0xe9af9a, 0xe9af9b, 0xe985a2, 0xe985a1,
    0xe985b0, 0xe985a9, 0xe985af, 0xe985bd, 0xe985be, 0xe985b2, 0xe985b4, 0xe985b9, 0xe9868c,
    0xe98685, 0xe98690, 0xe9868d, 0xe98691, 0xe986a2, 0xe986a3, 0xe986aa, 0xe986ad, 0xe986ae,
    0xe986af, 0xe986b5, 0xe986b4, 0xe986ba, 0xe8b195, 0xe9b9be, 0xe8b6b8, 0xe8b7ab, 0xe8b885,
    0xe8b999, 0xe8b9a9, 0xe8b6b5, 0xe8b6bf, 0xe8b6bc, 0xe8b6ba, 0xe8b784, 0xe8b796, 0xe8b797,
    0xe8b79a, 0xe8b79e, 0xe8b78e, 0xe8b78f, 0xe8b79b, 0xe8b786, 0xe8b7ac, 0xe8b7b7, 0xe8b7b8,
    0xe8b7a3, 0xe8b7b9, 0xe8b7bb, 0xe8b7a4, 0xe8b889, 0xe8b7bd, 0xe8b894, 0xe8b89d, 0xe8b89f,
    0xe8b8ac, 0xe8b8ae, 0xe8b8a3, 0xe8b8af, 0xe8b8ba, 0xe8b980, 0xe8b8b9, 0xe8b8b5, 0xe8b8bd,
    0xe8b8b1, 0xe8b989, 0xe8b981, 0xe8b982, 0xe8b991, 0xe8b992, 0xe8b98a, 0xe8b9b0, 0xe8b9b6,
    0xe8b9bc, 0xe8b9af, 0xe8b9b4, 0xe8ba85, 0xe8ba8f, 0xe8ba94, 0xe8ba90, 0xe8ba9c, 0xe8ba9e,
    0xe8b1b8, 0xe8b282, 0xe8b28a, 0xe8b285, 0xe8b298, 0xe8b294, 0xe6969b, 0xe8a796, 0xe8a79e,
    0xe8a79a, 0xe8a79c, 0xe9af9c, 0xe9af9d, 0xe9af9e, 0xe9af9f, 0xe9afa0, 0xe9afa1, 0xe9afa2,
    0xe9afa3, 0xe9afa4, 0xe9afa5, 0xe9afa6, 0xe9afa7, 0xe9afa8, 0xe9afa9, 0xe9afaa, 0xe9afab,
    0xe9afac, 0xe9afad, 0xe9afae, 0xe9afaf, 0xe9afb0, 0xe9afb1, 0xe9afb2, 0xe9afb3, 0xe9afb4,
    0xe9afb5, 0xe9afb6, 0xe9afb7, 0xe9afb8, 0xe9afb9, 0xe9afba, 0xe9afbb, 0xe9afbc, 0xe9afbd,
    0xe9afbe, 0xe9afbf, 0xe9b080, 0xe9b081, 0xe9b082, 0xe9b083, 0xe9b084, 0xe9b085, 0xe9b086,
    0xe9b087, 0xe9b088, 0xe9b089, 0xe9b08a, 0xe9b08b, 0xe9b08c, 0xe9b08d, 0xe9b08e, 0xe9b08f,
    0xe9b090, 0xe9b091, 0xe9b092, 0xe9b093, 0xe9b094, 0xe9b095, 0xe9b096, 0xe9b097, 0xe9b098,
    0xe9b099, 0xe9b09a, 0x000000, 0xe9b09b, 0xe9b09c, 0xe9b09d, 0xe9b09e, 0xe9b09f, 0xe9b0a0,
    0xe9b0a1, 0xe9b0a2, 0xe9b0a3, 0xe9b0a4, 0xe9b0a5, 0xe9b0a6, 0xe9b0a7, 0xe9b0a8, 0xe9b0a9,
    0xe9b0aa, 0xe9b0ab, 0xe9b0ac, 0xe9b0ad, 0xe9b0ae, 0xe9b0af, 0xe9b0b0, 0xe9b0b1, 0xe9b0b2,
    0xe9b0b3, 0xe9b0b4, 0xe9b0b5, 0xe9b0b6, 0xe9b0b7, 0xe9b0b8, 0xe9b0b9, 0xe9b0ba, 0xe9b0bb,
    0xe8a7a5, 0xe8a7ab, 0xe8a7af, 0xe8a8be, 0xe8aca6, 0xe99d93, 0xe99ba9, 0xe99bb3, 0xe99baf,
    0xe99c86, 0xe99c81, 0xe99c88, 0xe99c8f, 0xe99c8e, 0xe99caa, 0xe99cad, 0xe99cb0, 0xe99cbe,
    0xe9be80, 0xe9be83, 0xe9be85, 0xe9be86, 0xe9be87, 0xe9be88, 0xe9be89, 0xe9be8a, 0xe9be8c,
    0xe9bbbe, 0xe9bc8b, 0xe9bc8d, 0xe99ab9, 0xe99abc, 0xe99abd, 0xe99b8e, 0xe99b92, 0xe79ebf,
    0xe99ba0, 0xe98a8e, 0xe98aae, 0xe98b88, 0xe98cbe, 0xe98daa, 0xe98f8a, 0xe98e8f, 0xe990be,
    0xe991ab, 0xe9b1bf, 0xe9b282, 0xe9b285, 0xe9b286, 0xe9b287, 0xe9b288, 0xe7a8a3, 0xe9b28b,
    0xe9b28e, 0xe9b290, 0xe9b291, 0xe9b292, 0xe9b294, 0xe9b295, 0xe9b29a, 0xe9b29b, 0xe9b29e,
    0xe9b29f, 0xe9b2a0, 0xe9b2a1, 0xe9b2a2, 0xe9b2a3, 0xe9b2a5, 0xe9b2a6, 0xe9b2a7, 0xe9b2a8,
    0xe9b2a9, 0xe9b2ab, 0xe9b2ad, 0xe9b2ae, 0xe9b2b0, 0xe9b2b1, 0xe9b2b2, 0xe9b2b3, 0xe9b2b4,
    0xe9b2b5, 0xe9b2b6, 0xe9b2b7, 0xe9b2ba, 0xe9b2bb, 0xe9b2bc, 0xe9b2bd, 0xe9b384, 0xe9b385,
    0xe9b386, 0xe9b387, 0xe9b38a, 0xe9b38b, 0xe9b0bc, 0xe9b0bd, 0xe9b0be, 0xe9b0bf, 0xe9b180,
    0xe9b181, 0xe9b182, 0xe9b183, 0xe9b184, 0xe9b185, 0xe9b186, 0xe9b187, 0xe9b188, 0xe9b189,
    0xe9b18a, 0xe9b18b, 0xe9b18c, 0xe9b18d, 0xe9b18e, 0xe9b18f, 0xe9b190, 0xe9b191, 0xe9b192,
    0xe9b193, 0xe9b194, 0xe9b195, 0xe9b196, 0xe9b197, 0xe9b198, 0xe9b199, 0xe9b19a, 0xe9b19b,
    0xe9b19c, 0xe9b19d, 0xe9b19e, 0xe9b19f, 0xe9b1a0, 0xe9b1a1, 0xe9b1a2, 0xe9b1a3, 0xe9b1a4,
    0xe9b1a5, 0xe9b1a6, 0xe9b1a7, 0xe9b1a8, 0xe9b1a9, 0xe9b1aa, 0xe9b1ab, 0xe9b1ac, 0xe9b1ad,
    0xe9b1ae, 0xe9b1af, 0xe9b1b0, 0xe9b1b1, 0xe9b1b2, 0xe9b1b3, 0xe9b1b4, 0xe9b1b5, 0xe9b1b6,
    0xe9b1b7, 0xe9b1b8, 0xe9b1b9, 0xe9b1ba, 0x000000, 0xe9b1bb, 0xe9b1bd, 0xe9b1be, 0xe9b280,
    0xe9b283, 0xe9b284, 0xe9b289, 0xe9b28a, 0xe9b28c, 0xe9b28f, 0xe9b293, 0xe9b296, 0xe9b297,
    0xe9b298, 0xe9b299, 0xe9b29d, 0xe9b2aa, 0xe9b2ac, 0xe9b2af, 0xe9b2b9, 0xe9b2be, 0xe9b2bf,
    0xe9b380, 0xe9b381, 0xe9b382, 0xe9b388, 0xe9b389, 0xe9b391, 0xe9b392, 0xe9b39a, 0xe9b39b,
    0xe9b3a0, 0xe9b3a1, 0xe9b38c, 0xe9b38d, 0xe9b38e, 0xe9b38f, 0xe9b390, 0xe9b393, 0xe9b394,
    0xe9b395, 0xe9b397, 0xe9b398, 0xe9b399, 0xe9b39c, 0xe9b39d, 0xe9b39f, 0xe9b3a2, 0xe99dbc,
    0xe99e85, 0xe99e91, 0xe99e92, 0xe99e94, 0xe99eaf, 0xe99eab, 0xe99ea3, 0xe99eb2, 0xe99eb4,
    0xe9aab1, 0xe9aab0, 0xe9aab7, 0xe9b998, 0xe9aab6, 0xe9aaba, 0xe9aabc, 0xe9ab81, 0xe9ab80,
    0xe9ab85, 0xe9ab82, 0xe9ab8b, 0xe9ab8c, 0xe9ab91, 0xe9ad85, 0xe9ad83, 0xe9ad87, 0xe9ad89,
    0xe9ad88, 0xe9ad8d, 0xe9ad91, 0xe9a3a8, 0xe9a48d, 0xe9a4ae, 0xe9a595, 0xe9a594, 0xe9ab9f,
    0xe9aba1, 0xe9aba6, 0xe9abaf, 0xe9abab, 0xe9abbb, 0xe9abad, 0xe9abb9, 0xe9ac88, 0xe9ac8f,
    0xe9ac93, 0xe9ac9f, 0xe9aca3, 0xe9babd, 0xe9babe, 0xe7b8bb, 0xe9ba82, 0xe9ba87, 0xe9ba88,
    0xe9ba8b, 0xe9ba92, 0xe98f96, 0xe9ba9d, 0xe9ba9f, 0xe9bb9b, 0xe9bb9c, 0xe9bb9d, 0xe9bba0,
    0xe9bb9f, 0xe9bba2, 0xe9bba9, 0xe9bba7, 0xe9bba5, 0xe9bbaa, 0xe9bbaf, 0xe9bca2, 0xe9bcac,
    0xe9bcaf, 0xe9bcb9, 0xe9bcb7, 0xe9bcbd, 0xe9bcbe, 0xe9bd84, 0xe9b3a3, 0xe9b3a4, 0xe9b3a5,
    0xe9b3a6, 0xe9b3a7, 0xe9b3a8, 0xe9b3a9, 0xe9b3aa, 0xe9b3ab, 0xe9b3ac, 0xe9b3ad, 0xe9b3ae,
    0xe9b3af, 0xe9b3b0, 0xe9b3b1, 0xe9b3b2, 0xe9b3b3, 0xe9b3b4, 0xe9b3b5, 0xe9b3b6, 0xe9b3b7,
    0xe9b3b8, 0xe9b3b9, 0xe9b3ba, 0xe9b3bb, 0xe9b3bc, 0xe9b3bd, 0xe9b3be, 0xe9b3bf, 0xe9b480,
    0xe9b481, 0xe9b482, 0xe9b483, 0xe9b484, 0xe9b485, 0xe9b486, 0xe9b487, 0xe9b488, 0xe9b489,
    0xe9b48a, 0xe9b48b, 0xe9b48c, 0xe9b48d, 0xe9b48e, 0xe9b48f, 0xe9b490, 0xe9b491, 0xe9b492,
    0xe9b493, 0xe9b494, 0xe9b495, 0xe9b496, 0xe9b497, 0xe9b498, 0xe9b499, 0xe9b49a, 0xe9b49b,
    0xe9b49c, 0xe9b49d, 0xe9b49e, 0xe9b49f, 0xe9b4a0, 0xe9b4a1, 0x000000, 0xe9b4a2, 0xe9b4a3,
    0xe9b4a4, 0xe9b4a5, 0xe9b4a6, 0xe9b4a7, 0xe9b4a8, 0xe9b4a9, 0xe9b4aa, 0xe9b4ab, 0xe9b4ac,
    0xe9b4ad, 0xe9b4ae, 0xe9b4af, 0xe9b4b0, 0xe9b4b1, 0xe9b4b2, 0xe9b4b3, 0xe9b4b4, 0xe9b4b5,
    0xe9b4b6, 0xe9b4b7, 0xe9b4b8, 0xe9b4b9, 0xe9b4ba, 0xe9b4bb, 0xe9b4bc, 0xe9b4bd, 0xe9b4be,
    0xe9b4bf, 0xe9b580, 0xe9b581, 0xe9b582, 0xee88b4, 0xee88b5, 0xee88b6, 0xee88b7, 0xee88b8,
    0xee88b9, 0xee88ba, 0xee88bb, 0xee88bc, 0xee88bd, 0xee88be, 0xee88bf, 0xee8980, 0xee8981,
    0xee8982, 0xee8983, 0xee8984, 0xee8985, 0xee8986, 0xee8987, 0xee8988, 0xee8989, 0xee898a,
    0xee898b, 0xee898c, 0xee898d, 0xee898e, 0xee898f, 0xee8990, 0xee8991, 0xee8992, 0xee8993,
    0xee8994, 0xee8995, 0xee8996, 0xee8997, 0xee8998, 0xee8999, 0xee899a, 0xee899b, 0xee899c,
    0xee899d, 0xee899e, 0xee899f, 0xee89a0, 0xee89a1, 0xee89a2, 0xee89a3, 0xee89a4, 0xee89a5,
    0xee89a6, 0xee89a7, 0xee89a8, 0xee89a9, 0xee89aa, 0xee89ab, 0xee89ac, 0xee89ad, 0xee89ae,
    0xee89af, 0xee89b0, 0xee89b1, 0xee89b2, 0xee89b3, 0xee89b4, 0xee89b5, 0xee89b6, 0xee89b7,
    0xee89b8, 0xee89b9, 0xee89ba, 0xee89bb, 0xee89bc, 0xee89bd, 0xee89be, 0xee89bf, 0xee8a80,
    0xee8a81, 0xee8a82, 0xee8a83, 0xee8a84, 0xee8a85, 0xee8a86, 0xee8a87, 0xee8a88, 0xee8a89,
    0xee8a8a, 0xee8a8b, 0xee8a8c, 0xee8a8d, 0xee8a8e, 0xee8a8f, 0xee8a90, 0xee8a91, 0xe9b583,
    0xe9b584, 0xe9b585, 0xe9b586, 0xe9b587, 0xe9b588, 0xe9b589, 0xe9b58a, 0xe9b58b, 0xe9b58c,
    0xe9b58d, 0xe9b58e, 0xe9b58f, 0xe9b590, 0xe9b591, 0xe9b592, 0xe9b593, 0xe9b594, 0xe9b595,
    0xe9b596, 0xe9b597, 0xe9b598, 0xe9b599, 0xe9b59a, 0xe9b59b, 0xe9b59c, 0xe9b59d, 0xe9b59e,
    0xe9b59f, 0xe9b5a0, 0xe9b5a1, 0xe9b5a2, 0xe9b5a3, 0xe9b5a4, 0xe9b5a5, 0xe9b5a6, 0xe9b5a7,
    0xe9b5a8, 0xe9b5a9, 0xe9b5aa, 0xe9b5ab, 0xe9b5ac, 0xe9b5ad, 0xe9b5ae, 0xe9b5af, 0xe9b5b0,
    0xe9b5b1, 0xe9b5b2, 0xe9b5b3, 0xe9b5b4, 0xe9b5b5, 0xe9b5b6, 0xe9b5b7, 0xe9b5b8, 0xe9b5b9,
    0xe9b5ba, 0xe9b5bb, 0xe9b5bc, 0xe9b5bd, 0xe9b5be, 0xe9b5bf, 0xe9b680, 0xe9b681, 0x000000,
    0xe9b682, 0xe9b683, 0xe9b684, 0xe9b685, 0xe9b686, 0xe9b687, 0xe9b688, 0xe9b689, 0xe9b68a,
    0xe9b68b, 0xe9b68c, 0xe9b68d, 0xe9b68e, 0xe9b68f, 0xe9b690, 0xe9b691, 0xe9b692, 0xe9b693,
    0xe9b694, 0xe9b695, 0xe9b696, 0xe9b697, 0xe9b698, 0xe9b699, 0xe9b69a, 0xe9b69b, 0xe9b69c,
    0xe9b69d, 0xe9b69e, 0xe9b69f, 0xe9b6a0, 0xe9b6a1, 0xe9b6a2, 0xee8a92, 0xee8a93, 0xee8a94,
    0xee8a95, 0xee8a96, 0xee8a97, 0xee8a98, 0xee8a99, 0xee8a9a, 0xee8a9b, 0xee8a9c, 0xee8a9d,
    0xee8a9e, 0xee8a9f, 0xee8aa0, 0xee8aa1, 0xee8aa2, 0xee8aa3, 0xee8aa4, 0xee8aa5, 0xee8aa6,
    0xee8aa7, 0xee8aa8, 0xee8aa9, 0xee8aaa, 0xee8aab, 0xee8aac, 0xee8aad, 0xee8aae, 0xee8aaf,
    0xee8ab0, 0xee8ab1, 0xee8ab2, 0xee8ab3, 0xee8ab4, 0xee8ab5, 0xee8ab6, 0xee8ab7, 0xee8ab8,
    0xee8ab9, 0xee8aba, 0xee8abb, 0xee8abc, 0xee8abd, 0xee8abe, 0xee8abf, 0xee8b80, 0xee8b81,
    0xee8b82, 0xee8b83, 0xee8b84, 0xee8b85, 0xee8b86, 0xee8b87, 0xee8b88, 0xee8b89, 0xee8b8a,
    0xee8b8b, 0xee8b8c, 0xee8b8d, 0xee8b8e, 0xee8b8f, 0xee8b90, 0xee8b91, 0xee8b92, 0xee8b93,
    0xee8b94, 0xee8b95, 0xee8b96, 0xee8b97, 0xee8b98, 0xee8b99, 0xee8b9a, 0xee8b9b, 0xee8b9c,
    0xee8b9d, 0xee8b9e, 0xee8b9f, 0xee8ba0, 0xee8ba1, 0xee8ba2, 0xee8ba3, 0xee8ba4, 0xee8ba5,
    0xee8ba6, 0xee8ba7, 0xee8ba8, 0xee8ba9, 0xee8baa, 0xee8bab, 0xee8bac, 0xee8bad, 0xee8bae,
    0xee8baf, 0xe9b6a3, 0xe9b6a4, 0xe9b6a5, 0xe9b6a6, 0xe9b6a7, 0xe9b6a8, 0xe9b6a9, 0xe9b6aa,
    0xe9b6ab, 0xe9b6ac, 0xe9b6ad, 0xe9b6ae, 0xe9b6af, 0xe9b6b0, 0xe9b6b1, 0xe9b6b2, 0xe9b6b3,
    0xe9b6b4, 0xe9b6b5, 0xe9b6b6, 0xe9b6b7, 0xe9b6b8, 0xe9b6b9, 0xe9b6ba, 0xe9b6bb, 0xe9b6bc,
    0xe9b6bd, 0xe9b6be, 0xe9b6bf, 0xe9b780, 0xe9b781, 0xe9b782, 0xe9b783, 0xe9b784, 0xe9b785,
    0xe9b786, 0xe9b787, 0xe9b788, 0xe9b789, 0xe9b78a, 0xe9b78b, 0xe9b78c, 0xe9b78d, 0xe9b78e,
    0xe9b78f, 0xe9b790, 0xe9b791, 0xe9b792, 0xe9b793, 0xe9b794, 0xe9b795, 0xe9b796, 0xe9b797,
    0xe9b798, 0xe9b799, 0xe9b79a, 0xe9b79b, 0xe9b79c, 0xe9b79d, 0xe9b79e, 0xe9b79f, 0xe9b7a0,
    0xe9b7a1, 0x000000, 0xe9b7a2, 0xe9b7a3, 0xe9b7a4, 0xe9b7a5, 0xe9b7a6, 0xe9b7a7, 0xe9b7a8,
    0xe9b7a9, 0xe9b7aa, 0xe9b7ab, 0xe9b7ac, 0xe9b7ad, 0xe9b7ae, 0xe9b7af, 0xe9b7b0, 0xe9b7b1,
    0xe9b7b2, 0xe9b7b3, 0xe9b7b4, 0xe9b7b5, 0xe9b7b6, 0xe9b7b7, 0xe9b7b8, 0xe9b7b9, 0xe9b7ba,
    0xe9b7bb, 0xe9b7bc, 0xe9b7bd, 0xe9b7be, 0xe9b7bf, 0xe9b880, 0xe9b881, 0xe9b882, 0xee8bb0,
    0xee8bb1, 0xee8bb2, 0xee8bb3, 0xee8bb4, 0xee8bb5, 0xee8bb6, 0xee8bb7, 0xee8bb8, 0xee8bb9,
    0xee8bba, 0xee8bbb, 0xee8bbc, 0xee8bbd, 0xee8bbe, 0xee8bbf, 0xee8c80, 0xee8c81, 0xee8c82,
    0xee8c83, 0xee8c84, 0xee8c85, 0xee8c86, 0xee8c87, 0xee8c88, 0xee8c89, 0xee8c8a, 0xee8c8b,
    0xee8c8c, 0xee8c8d, 0xee8c8e, 0xee8c8f, 0xee8c90, 0xee8c91, 0xee8c92, 0xee8c93, 0xee8c94,
    0xee8c95, 0xee8c96, 0xee8c97, 0xee8c98, 0xee8c99, 0xee8c9a, 0xee8c9b, 0xee8c9c, 0xee8c9d,
    0xee8c9e, 0xee8c9f, 0xee8ca0, 0xee8ca1, 0xee8ca2, 0xee8ca3, 0xee8ca4, 0xee8ca5, 0xee8ca6,
    0xee8ca7, 0xee8ca8, 0xee8ca9, 0xee8caa, 0xee8cab, 0xee8cac, 0xee8cad, 0xee8cae, 0xee8caf,
    0xee8cb0, 0xee8cb1, 0xee8cb2, 0xee8cb3, 0xee8cb4, 0xee8cb5, 0xee8cb6, 0xee8cb7, 0xee8cb8,
    0xee8cb9, 0xee8cba, 0xee8cbb, 0xee8cbc, 0xee8cbd, 0xee8cbe, 0xee8cbf, 0xee8d80, 0xee8d81,
    0xee8d82, 0xee8d83, 0xee8d84, 0xee8d85, 0xee8d86, 0xee8d87, 0xee8d88, 0xee8d89, 0xee8d8a,
    0xee8d8b, 0xee8d8c, 0xee8d8d, 0xe9b883, 0xe9b884, 0xe9b885, 0xe9b886, 0xe9b887, 0xe9b888,
    0xe9b889, 0xe9b88a, 0xe9b88b, 0xe9b88c, 0xe9b88d, 0xe9b88e, 0xe9b88f, 0xe9b890, 0xe9b891,
    0xe9b892, 0xe9b893, 0xe9b894, 0xe9b895, 0xe9b896, 0xe9b897, 0xe9b898, 0xe9b899, 0xe9b89a,
    0xe9b89b, 0xe9b89c, 0xe9b89d, 0xe9b89e, 0xe9b8a4, 0xe9b8a7, 0xe9b8ae, 0xe9b8b0, 0xe9b8b4,
    0xe9b8bb, 0xe9b8bc, 0xe9b980, 0xe9b98d, 0xe9b990, 0xe9b992, 0xe9b993, 0xe9b994, 0xe9b996,
    0xe9b999, 0xe9b99d, 0xe9b99f, 0xe9b9a0, 0xe9b9a1, 0xe9b9a2, 0xe9b9a5, 0xe9b9ae, 0xe9b9af,
    0xe9b9b2, 0xe9b9b4, 0xe9b9b5, 0xe9b9b6, 0xe9b9b7, 0xe9b9b8, 0xe9b9b9, 0xe9b9ba, 0xe9b9bb,
    0xe9b9bc, 0xe9b9bd, 0xe9ba80, 0x000000, 0xe9ba81, 0xe9ba83, 0xe9ba84, 0xe9ba85, 0xe9ba86,
    0xe9ba89, 0xe9ba8a, 0xe9ba8c, 0xe9ba8d, 0xe9ba8e, 0xe9ba8f, 0xe9ba90, 0xe9ba91, 0xe9ba94,
    0xe9ba95, 0xe9ba96, 0xe9ba97, 0xe9ba98, 0xe9ba99, 0xe9ba9a, 0xe9ba9b, 0xe9ba9c, 0xe9ba9e,
    0xe9baa0, 0xe9baa1, 0xe9baa2, 0xe9baa3, 0xe9baa4, 0xe9baa5, 0xe9baa7, 0xe9baa8, 0xe9baa9,
    0xe9baaa, 0xee8d8e, 0xee8d8f, 0xee8d90, 0xee8d91, 0xee8d92, 0xee8d93, 0xee8d94, 0xee8d95,
    0xee8d96, 0xee8d97, 0xee8d98, 0xee8d99, 0xee8d9a, 0xee8d9b, 0xee8d9c, 0xee8d9d, 0xee8d9e,
    0xee8d9f, 0xee8da0, 0xee8da1, 0xee8da2, 0xee8da3, 0xee8da4, 0xee8da5, 0xee8da6, 0xee8da7,
    0xee8da8, 0xee8da9, 0xee8daa, 0xee8dab, 0xee8dac, 0xee8dad, 0xee8dae, 0xee8daf, 0xee8db0,
    0xee8db1, 0xee8db2, 0xee8db3, 0xee8db4, 0xee8db5, 0xee8db6, 0xee8db7, 0xee8db8, 0xee8db9,
    0xee8dba, 0xee8dbb, 0xee8dbc, 0xee8dbd, 0xee8dbe, 0xee8dbf, 0xee8e80, 0xee8e81, 0xee8e82,
    0xee8e83, 0xee8e84, 0xee8e85, 0xee8e86, 0xee8e87, 0xee8e88, 0xee8e89, 0xee8e8a, 0xee8e8b,
    0xee8e8c, 0xee8e8d, 0xee8e8e, 0xee8e8f, 0xee8e90, 0xee8e91, 0xee8e92, 0xee8e93, 0xee8e94,
    0xee8e95, 0xee8e96, 0xee8e97, 0xee8e98, 0xee8e99, 0xee8e9a, 0xee8e9b, 0xee8e9c, 0xee8e9d,
    0xee8e9e, 0xee8e9f, 0xee8ea0, 0xee8ea1, 0xee8ea2, 0xee8ea3, 0xee8ea4, 0xee8ea5, 0xee8ea6,
    0xee8ea7, 0xee8ea8, 0xee8ea9, 0xee8eaa, 0xee8eab, 0xe9baab, 0xe9baac, 0xe9baad, 0xe9baae,
    0xe9baaf, 0xe9bab0, 0xe9bab1, 0xe9bab2, 0xe9bab3, 0xe9bab5, 0xe9bab6, 0xe9bab7, 0xe9bab9,
    0xe9baba, 0xe9babc, 0xe9babf, 0xe9bb80, 0xe9bb81, 0xe9bb82, 0xe9bb83, 0xe9bb85, 0xe9bb86,
    0xe9bb87, 0xe9bb88, 0xe9bb8a, 0xe9bb8b, 0xe9bb8c, 0xe9bb90, 0xe9bb92, 0xe9bb93, 0xe9bb95,
    0xe9bb96, 0xe9bb97, 0xe9bb99, 0xe9bb9a, 0xe9bb9e, 0xe9bba1, 0xe9bba3, 0xe9bba4, 0xe9bba6,
    0xe9bba8, 0xe9bbab, 0xe9bbac, 0xe9bbad, 0xe9bbae, 0xe9bbb0, 0xe9bbb1, 0xe9bbb2, 0xe9bbb3,
    0xe9bbb4, 0xe9bbb5, 0xe9bbb6, 0xe9bbb7, 0xe9bbb8, 0xe9bbba, 0xe9bbbd, 0xe9bbbf, 0xe9bc80,
    0xe9bc81, 0xe9bc82, 0xe9bc83, 0xe9bc84, 0xe9bc85, 0x000000, 0xe9bc86, 0xe9bc87, 0xe9bc88,
    0xe9bc89, 0xe9bc8a, 0xe9bc8c, 0xe9bc8f, 0xe9bc91, 0xe9bc92, 0xe9bc94, 0xe9bc95, 0xe9bc96,
    0xe9bc98, 0xe9bc9a, 0xe9bc9b, 0xe9bc9c, 0xe9bc9d, 0xe9bc9e, 0xe9bc9f, 0xe9bca1, 0xe9bca3,
    0xe9bca4, 0xe9bca5, 0xe9bca6, 0xe9bca7, 0xe9bca8, 0xe9bca9, 0xe9bcaa, 0xe9bcab, 0xe9bcad,
    0xe9bcae, 0xe9bcb0, 0xe9bcb1, 0xee8eac, 0xee8ead, 0xee8eae, 0xee8eaf, 0xee8eb0, 0xee8eb1,
    0xee8eb2, 0xee8eb3, 0xee8eb4, 0xee8eb5, 0xee8eb6, 0xee8eb7, 0xee8eb8, 0xee8eb9, 0xee8eba,
    0xee8ebb, 0xee8ebc, 0xee8ebd, 0xee8ebe, 0xee8ebf, 0xee8f80, 0xee8f81, 0xee8f82, 0xee8f83,
    0xee8f84, 0xee8f85, 0xee8f86, 0xee8f87, 0xee8f88, 0xee8f89, 0xee8f8a, 0xee8f8b, 0xee8f8c,
    0xee8f8d, 0xee8f8e, 0xee8f8f, 0xee8f90, 0xee8f91, 0xee8f92, 0xee8f93, 0xee8f94, 0xee8f95,
    0xee8f96, 0xee8f97, 0xee8f98, 0xee8f99, 0xee8f9a, 0xee8f9b, 0xee8f9c, 0xee8f9d, 0xee8f9e,
    0xee8f9f, 0xee8fa0, 0xee8fa1, 0xee8fa2, 0xee8fa3, 0xee8fa4, 0xee8fa5, 0xee8fa6, 0xee8fa7,
    0xee8fa8, 0xee8fa9, 0xee8faa, 0xee8fab, 0xee8fac, 0xee8fad, 0xee8fae, 0xee8faf, 0xee8fb0,
    0xee8fb1, 0xee8fb2, 0xee8fb3, 0xee8fb4, 0xee8fb5, 0xee8fb6, 0xee8fb7, 0xee8fb8, 0xee8fb9,
    0xee8fba, 0xee8fbb, 0xee8fbc, 0xee8fbd, 0xee8fbe, 0xee8fbf, 0xee9080, 0xee9081, 0xee9082,
    0xee9083, 0xee9084, 0xee9085, 0xee9086, 0xee9087, 0xee9088, 0xee9089, 0xe9bcb2, 0xe9bcb3,
    0xe9bcb4, 0xe9bcb5, 0xe9bcb6, 0xe9bcb8, 0xe9bcba, 0xe9bcbc, 0xe9bcbf, 0xe9bd80, 0xe9bd81,
    0xe9bd82, 0xe9bd83, 0xe9bd85, 0xe9bd86, 0xe9bd87, 0xe9bd88, 0xe9bd89, 0xe9bd8a, 0xe9bd8b,
    0xe9bd8c, 0xe9bd8d, 0xe9bd8e, 0xe9bd8f, 0xe9bd92, 0xe9bd93, 0xe9bd94, 0xe9bd95, 0xe9bd96,
    0xe9bd97, 0xe9bd98, 0xe9bd99, 0xe9bd9a, 0xe9bd9b, 0xe9bd9c, 0xe9bd9d, 0xe9bd9e, 0xe9bd9f,
    0xe9bda0, 0xe9bda1, 0xe9bda2, 0xe9bda3, 0xe9bda4, 0xe9bda5, 0xe9bda6, 0xe9bda7, 0xe9bda8,
    0xe9bda9, 0xe9bdaa, 0xe9bdab, 0xe9bdac, 0xe9bdad, 0xe9bdae, 0xe9bdaf, 0xe9bdb0, 0xe9bdb1,
    0xe9bdb2, 0xe9bdb3, 0xe9bdb4, 0xe9bdb5, 0xe9bdb6, 0xe9bdb7, 0xe9bdb8, 0x000000, 0xe9bdb9,
    0xe9bdba, 0xe9bdbb, 0xe9bdbc, 0xe9bdbd, 0xe9bdbe, 0xe9be81, 0xe9be82, 0xe9be8d, 0xe9be8e,
    0xe9be8f, 0xe9be90, 0xe9be91, 0xe9be92, 0xe9be93, 0xe9be94, 0xe9be95, 0xe9be96, 0xe9be97,
    0xe9be98, 0xe9be9c, 0xe9be9d, 0xe9be9e, 0xe9bea1, 0xe9bea2, 0xe9bea3, 0xe9bea4, 0xe9bea5,
    0xefa4ac, 0xefa5b9, 0xefa695, 0xefa7a7, 0xefa7b1, 0xee908a, 0xee908b, 0xee908c, 0xee908d,
    0xee908e, 0xee908f, 0xee9090, 0xee9091, 0xee9092, 0xee9093, 0xee9094, 0xee9095, 0xee9096,
    0xee9097, 0xee9098, 0xee9099, 0xee909a, 0xee909b, 0xee909c, 0xee909d, 0xee909e, 0xee909f,
    0xee90a0, 0xee90a1, 0xee90a2, 0xee90a3, 0xee90a4, 0xee90a5, 0xee90a6, 0xee90a7, 0xee90a8,
    0xee90a9, 0xee90aa, 0xee90ab, 0xee90ac, 0xee90ad, 0xee90ae, 0xee90af, 0xee90b0, 0xee90b1,
    0xee90b2, 0xee90b3, 0xee90b4, 0xee90b5, 0xee90b6, 0xee90b7, 0xee90b8, 0xee90b9, 0xee90ba,
    0xee90bb, 0xee90bc, 0xee90bd, 0xee90be, 0xee90bf, 0xee9180, 0xee9181, 0xee9182, 0xee9183,
    0xee9184, 0xee9185, 0xee9186, 0xee9187, 0xee9188, 0xee9189, 0xee918a, 0xee918b, 0xee918c,
    0xee918d, 0xee918e, 0xee918f, 0xee9190, 0xee9191, 0xee9192, 0xee9193, 0xee9194, 0xee9195,
    0xee9196, 0xee9197, 0xee9198, 0xee9199, 0xee919a, 0xee919b, 0xee919c, 0xee919d, 0xee919e,
    0xee919f, 0xee91a0, 0xee91a1, 0xee91a2, 0xee91a3, 0xee91a4, 0xee91a5, 0xee91a6, 0xee91a7,
    0xefa88c, 0xefa88d, 0xefa88e, 0xefa88f, 0xefa891, 0xefa893, 0xefa894, 0xefa898, 0xefa89f,
    0xefa8a0, 0xefa8a1, 0xefa8a3, 0xefa8a4, 0xefa8a7, 0xefa8a8, 0xefa8a9, 0xe2ba81, 0xeea096,
    0xeea097, 0xeea098, 0xe2ba84, 0xe391b3, 0xe39187, 0xe2ba88, 0xe2ba8b, 0xeea09e, 0xe3969e,
    0xe3989a, 0xe3988e, 0xe2ba8c, 0xe2ba97, 0xe3a5ae, 0xe3a498, 0xeea0a6, 0xe3a78f, 0xe3a79f,
    0xe3a9b3, 0xe3a790, 0xeea0ab, 0xeea0ac, 0xe3ad8e, 0xe3b1ae, 0xe3b3a0, 0xe2baa7, 0xeea0b1,
    0xeea0b2, 0xe2baaa, 0xe48196, 0xe4859f, 0xe2baae, 0xe48cb7, 0xe2bab3, 0xe2bab6, 0xe2bab7,
    0xeea0bb, 0xe48eb1, 0xe48eac, 0xe2babb, 0xe48f9d, 0xe49396, 0xe499a1, 0xe4998c, 0xeea183,
    0x000000, 0xe49ca3, 0xe49ca9, 0xe49dbc, 0xe49e8d, 0xe2bb8a, 0xe4a587, 0xe4a5ba, 0xe4a5bd,
    0xe4a682, 0xe4a683, 0xe4a685, 0xe4a686, 0xe4a69f, 0xe4a69b, 0xe4a6b7, 0xe4a6b6, 0xeea194,
    0xeea195, 0xe4b2a3, 0xe4b29f, 0xe4b2a0, 0xe4b2a1, 0xe4b1b7, 0xe4b2a2, 0xe4b493, 0xe4b494,
    0xe4b495, 0xe4b496, 0xe4b497, 0xe4b498, 0xe4b499, 0xe4b6ae, 0xeea1a4, 0xee91a8, 0xee91a9,
    0xee91aa, 0xee91ab, 0xee91ac, 0xee91ad, 0xee91ae, 0xee91af, 0xee91b0, 0xee91b1, 0xee91b2,
    0xee91b3, 0xee91b4, 0xee91b5, 0xee91b6, 0xee91b7, 0xee91b8, 0xee91b9, 0xee91ba, 0xee91bb,
    0xee91bc, 0xee91bd, 0xee91be, 0xee91bf, 0xee9280, 0xee9281, 0xee9282, 0xee9283, 0xee9284,
    0xee9285, 0xee9286, 0xee9287, 0xee9288, 0xee9289, 0xee928a, 0xee928b, 0xee928c, 0xee928d,
    0xee928e, 0xee928f, 0xee9290, 0xee9291, 0xee9292, 0xee9293, 0xee9294, 0xee9295, 0xee9296,
    0xee9297, 0xee9298, 0xee9299, 0xee929a, 0xee929b, 0xee929c, 0xee929d, 0xee929e, 0xee929f,
    0xee92a0, 0xee92a1, 0xee92a2, 0xee92a3, 0xee92a4, 0xee92a5, 0xee92a6, 0xee92a7, 0xee92a8,
    0xee92a9, 0xee92aa, 0xee92ab, 0xee92ac, 0xee92ad, 0xee92ae, 0xee92af, 0xee92b0, 0xee92b1,
    0xee92b2, 0xee92b3, 0xee92b4, 0xee92b5, 0xee92b6, 0xee92b7, 0xee92b8, 0xee92b9, 0xee92ba,
    0xee92bb, 0xee92bc, 0xee92bd, 0xee92be, 0xee92bf, 0xee9380, 0xee9381, 0xee9382, 0xee9383,
    0xee9384, 0xee9385, 0x005f43, 0x005f4d, 0x005f53, 0x005f5d, 0x005f67, 0x000000, 0x000000,
    0x000000, 0x000000, 0x000000, 0x005fc1, 0x00603f, 0x006067, 0x0060e5, 0x006163, 0x0061e1,
    0x006235, 0x0062b3, 0x00631c, 0x00639a, 0x000000, 0x000000, 0x000000, 0x000000, 0x000000,
    0x000000, 0x0063d2, 0x000000, 0x000000, 0x000000, 0x00644c, 0x0064c6, 0x000000, 0x000000,
    0x000000, 0x000000, 0x000000, 0x000000, 0x000000, 0x000000, 0x006544, 0x00654e, 0x006558,
    0x006562, 0x00656c, 0x006576, 0x006580, 0x00658a, 0x006594, 0x00659e, 0x0065a8, 0x0065b2,
    0x0065bc, 0x0065c6, 0x0065d0, 0x0065da, 0x0065e4, 0x0065ee, 0x0065f8, 0x006602, 0x00660c,
    0x006616, 0x006620, 0x00662a, 0x006634, 0x00663e, 0x006648, 0x006652, 0x00665c, 0x006666,
    0x006670, 0x00667a, 0x006684, 0x00668e, 0x006698, 0x0066a2, 0x0066ac, 0x0066b6, 0x0066c0,
    0x0066ca, 0x0066d4, 0x0066de, 0x0066e8, 0x0066f2, 0x0066fc, 0x006706, 0x006710, 0x00671a,
    0x006724, 0x00672e, 0x006738, 0x006742, 0x00674c, 0x006756, 0x006760, 0x00676a, 0x006774,
    0x00677e, 0x006788, 0x006792, 0x00679c, 0x0067a6, 0x0067b0, 0x0067ba, 0x0067c4, 0x0067ce,
    0x0067d8, 0x0067e2, 0x0067ec, 0x0067f6, 0x006800, 0x00680a, 0x006814, 0x00681e, 0x006828,
    0x006832, 0x00683c, 0x006846, 0x006850, 0x00685a, 0x006864, 0x00686e, 0x000000, 0x000000,
    0x000000, 0x000000, 0x000000, 0x000000, 0x000000, 0x000000, 0x000000, 0x000000, 0x000000,
    0x000000, 0x000000, 0x000000, 0x000000, 0x000000, 0x000000, 0x000000, 0x000000, 0x000000,
    0x000000, 0x000000, 0x000000, 0x000000, 0x000000, 0x000000, 0x000000, 0x000000, 0x000000,
    0x000000, 0x000000, 0x000000, 0x000000, 0x000000, 0x000000, 0x000000, 0x000000, 0x000000,
    0x000000, 0x000000, 0x000000, 0x000000, 0x000000, 0x000000, 0x006878, 0x006882, 0x00688c,
    0x006896, 0x0068a0, 0x0068aa, 0x0068b4, 0x0068be, 0x0068c8, 0x0068d2, 0x0068dc, 0x0068e6,
    0x0068f0, 0x0068fa, 0x006904, 0x00690e, 0x006918, 0x006922, 0x00692c, 0x006936, 0x006940,
    0x00694a, 0x006954, 0x00695e, 0x006968, 0x006972, 0x00697c, 0x006986, 0x006990, 0x00699a,
    0x0069a4, 0x0069ae, 0x0069b8, 0x0069c2, 0x0069cc, 0x0069d6, 0x0069e0, 0x0069ea, 0x0069f4,
    0x0069fe, 0x006a08, 0x006a12, 0x006a1c, 0x006a26, 0x006a30, 0x006a3a, 0x006a44, 0x006a4e,
    0x006a58, 0x006a62, 0x006a6c, 0x006a76, 0x006a80, 0x006a8a, 0x006a94, 0x006a9e, 0x006aa8,
    0x006ab2, 0x006abc, 0x006ac6, 0x006ad0, 0x006ada, 0x006ae4, 0x006aee, 0x006af8, 0x006b02,
    0x006b0c, 0x006b16, 0x006b20, 0x006b2a, 0x006b34, 0x006b3e, 0x006b48, 0x006b52, 0x006b5c,
    0x006b66, 0x006b70, 0x006b7a, 0x006b84, 0x006b8e, 0x006b98, 0x006ba2, 0x006bac, 0x006bb6,
    0x006bc0, 0x006bca, 0x006bd4, 0x006bde, 0x006be8, 0x006bf2, 0x006bfc, 0x006c06, 0x006c10,
    0x006c1a, 0x006c24, 0x006c2e, 0x006c38, 0x006c42, 0x006c4c, 0x006c56, 0x006c60, 0x006c6a,
    0x006c74, 0x006c7e, 0x006c88, 0x006c92, 0x006c9c, 0x006ca6, 0x006cb0, 0x006cba, 0x006cc4,
    0x006cce, 0x006cd8, 0x006ce2, 0x006cec, 0x006cf6, 0x006d00, 0x006d0a, 0x006d14, 0x006d1e,
    0x006d28, 0x006d32, 0x006d3c, 0x006d46, 0x006d50, 0x006d5a, 0x006d64, 0x006d6e, 0x006d78,
    0x006d82, 0x000000, 0x000000, 0x000000, 0x000000, 0x000000, 0x000000, 0x000000, 0x000000,
    0x000000, 0x000000, 0x000000, 0x000000, 0x000000, 0x000000, 0x000000, 0x000000, 0x000000,
    0x000000, 0x000000, 0x000000, 0x000000, 0x000000, 0x000000, 0x000000, 0x000000, 0x000000,
    0x000000, 0x000000, 0x000000, 0x000000, 0x000000, 0x000000, 0x000000, 0x000000, 0x000000,
    0x000000, 0x000000, 0x000000, 0x000000, 0x000000, 0x000000, 0x000000, 0x000000, 0x000000,
    0x000000, 0x000000, 0x000000, 0x000000, 0x000000, 0x000000, 0x000000, 0x000000, 0x000000,
    0x000000, 0x000000, 0x000000, 0x000000, 0x000000, 0x000000, 0x000000, 0x000000, 0x000000,
    0x000000, 0x000000, 0x000000, 0x000000, 0x000000, 0x000000, 0x000000, 0x000000, 0x000000,
    0x000000, 0x000000, 0x000000, 0x000000, 0x000000, 0x000000, 0x000000, 0x000000, 0x000000,
    0x000000, 0x000000, 0x000000, 0x000000, 0x000000, 0x000000, 0x000000, 0x000000, 0x000000,
    0x000000, 0x000000, 0x000000, 0x000000, 0x000000, 0x000000, 0x000000, 0x000000, 0x000000,
    0x000000, 0x000000, 0x000000, 0x000000, 0x000000, 0x000000, 0x000000, 0x000000, 0x000000,
    0x000000, 0x000000, 0x000000, 0x000000, 0x000000, 0x000000, 0x000000, 0x000000, 0x000000,
    0x000000, 0x000000, 0x000000, 0x000000, 0x000000, 0x000000, 0x000000, 0x000000, 0x006d8b,
    0x006d95, 0x006d9f, 0x006da9, 0x006db3, 0x006dbd, 0x006dc7, 0x006dd1, 0x006ddb, 0x006de5,
    0x006def, 0x006df9, 0x006e03, 0x006e0d, 0x006e17, 0x006e21, 0x006e2b, 0x006e35, 0x006e3f,
    0x006e49, 0x006e53, 0x006e5d, 0x006e67, 0x006e71, 0x006e7b, 0x006e85, 0x006e8f, 0x006e99,
    0x006ea3, 0x006ead, 0x006eb7, 0x006ec1, 0x006ecb, 0x006ed5, 0x006edf, 0x006ee9, 0x006ef3,
    0x006efd, 0x006f07, 0x006f11, 0x006f1b, 0x006f25, 0x006f2f, 0x006f39, 0x006f43, 0x006f4d,
    0x006f57, 0x006f61, 0x006f6b, 0x006f75, 0x006f7f, 0x006f89, 0x006f93, 0x006f9d, 0x006fa7,
    0x006fb1, 0x006fbb, 0x006fc5, 0x006fcf, 0x006fd9, 0x006fe3, 0x006fed, 0x006ff7, 0x007001,
    0x00700b, 0x007015, 0x00701f, 0x007029, 0x007033, 0x00703d, 0x007047, 0x007051, 0x00705b,
    0x007065, 0x00706f, 0x007079, 0x007083, 0x00708d, 0x007097, 0x0070a1, 0x0070ab, 0x0070b5,
    0x0070bf, 0x0070c9, 0x0070d3, 0x0070dd, 0x0070e7, 0x0070f1, 0x0070fb, 0x007105, 0x00710f,
    0x007119, 0x007123, 0x00712d, 0x007137, 0x007141, 0x00714b, 0x007155, 0x00715f, 0x007169,
    0x007173, 0x00717d, 0x007187, 0x007191, 0x00719b, 0x0071a5, 0x0071af, 0x0071b9, 0x0071c3,
    0x0071cd, 0x0071d7, 0x0071e1, 0x0071eb, 0x0071f5, 0x0071ff, 0x007209, 0x007213, 0x00721d,
    0x007227, 0x007231, 0x00723b, 0x007245, 0x00724f, 0x007259, 0x007263, 0x00726d, 0x007277,
    0x007281, 0x00728b, 0x007295, 0x00729f, 0x0072a9, 0x0072b3, 0x0072bd, 0x0072c7, 0x0072d1,
    0x0072db, 0x0072e5, 0x0072ef, 0x0072f9, 0x007303, 0x00730d, 0x007317, 0x007321, 0x00732b,
    0x007335, 0x00733f, 0x007349, 0x007353, 0x00735d, 0x007367, 0x007371, 0x00737b, 0x007385,
    0x00738f, 0x007399, 0x0073a3, 0x0073ad, 0x0073b7, 0x0073c1, 0x0073cb, 0x0073d5, 0x0073df,
    0x0073e9, 0x0073f3, 0x0073fd, 0x000000, 0x000000, 0x000000, 0x000000, 0x000000, 0x000000,
    0x000000, 0x000000, 0x000000, 0x000000, 0x000000, 0x000000, 0x000000, 0x000000, 0x000000,
    0x000000, 0x000000, 0x000000, 0x000000, 0x000000, 0x000000, 0x000000, 0x000000, 0x000000,
    0x000000, 0x000000, 0x000000, 0x000000, 0x000000, 0x000000, 0x000000, 0x000000, 0x000000,
    0x000000, 0x000000, 0x000000, 0x000000, 0x000000, 0x000000, 0x000000, 0x000000, 0x000000,
    0x000000, 0x000000, 0x000000, 0x000000, 0x000000, 0x000000, 0x000000, 0x000000, 0x000000,
    0x000000, 0x000000, 0x000000, 0x000000, 0x000000, 0x000000, 0x000000, 0x000000, 0x000000,
    0x000000, 0x000000, 0x000000, 0x000000, 0x000000, 0x000000, 0x000000, 0x000000, 0x000000,
    0x000000, 0x000000, 0x000000, 0x000000, 0x000000, 0x000000, 0x007400, 0x00740a, 0x007414,
    0x00741e, 0x007428, 0x007432, 0x00743c, 0x007446, 0x007450, 0x00745a, 0x007464, 0x00746e,
    0x007478, 0x007482, 0x00748c, 0x007496, 0x0074a0, 0x0074aa, 0x0074b4, 0x0074be, 0x0074c8,
    0x0074d2, 0x0074dc, 0x0074e6, 0x0074f0, 0x0074fa, 0x007504, 0x00750e, 0x007518, 0x007522,
    0x00752c, 0x007536, 0x007540, 0x00754a, 0x007554, 0x00755e, 0x007568, 0x007572, 0x00757c,
    0x007586, 0x007590, 0x00759a, 0x0075a4, 0x0075ae, 0x0075b8, 0x0075c2, 0x0075cc, 0x0075d6,
    0x0075e0, 0x0075ea, 0x0075f4, 0x0075fe, 0x007608, 0x007612, 0x00761c, 0x007626, 0x007630,
    0x00763a, 0x007644, 0x00764e, 0x007658, 0x007662, 0x00766c, 0x007676, 0x007680, 0x00768a,
    0x007694, 0x00769e, 0x0076a8, 0x0076b2, 0x0076bc, 0x0076c6, 0x0076d0, 0x0076da, 0x0076e4,
    0x0076ee, 0x0076f8, 0x007702, 0x00770c, 0x007716, 0x007720, 0x00772a, 0x007734, 0x00773e,
    0x007748, 0x007752, 0x00775c, 0x007766, 0x007770, 0x00777a, 0x007784, 0x00778e, 0x007798,
    0x0077a2, 0x0077ac, 0x0077b6, 0x0077c0, 0x000000, 0x000000, 0x000000, 0x000000, 0x000000,
    0x000000, 0x000000, 0x000000, 0x000000, 0x000000, 0x000000, 0x000000, 0x000000, 0x000000,
    0x000000, 0x000000, 0x000000, 0x000000, 0x000000, 0x000000, 0x000000, 0x000000, 0x000000,
    0x000000, 0x000000, 0x000000, 0x000000, 0x000000, 0x000000, 0x000000, 0x000000, 0x000000,
    0x000000, 0x000000, 0x000000, 0x000000, 0x000000, 0x000000, 0x000000, 0x000000, 0x000000,
    0x000000, 0x000000, 0x000000, 0x000000, 0x000000, 0x0077c8, 0x0077d2, 0x0077dc, 0x0077e6,
    0x0077f0, 0x0077fa, 0x007804, 0x00780e, 0x007818, 0x007822, 0x00782c, 0x007836, 0x007840,
    0x00784a, 0x007854, 0x00785e, 0x007868, 0x007872, 0x00787c, 0x007886, 0x007890, 0x00789a,
    0x0078a4, 0x0078ae, 0x0078b8, 0x0078c2, 0x0078cc, 0x000000, 0x000000, 0x000000, 0x000000,
    0x000000, 0x000000, 0x000000, 0x000000, 0x000000, 0x000000, 0x000000, 0x000000, 0x000000,
    0x000000, 0x000000, 0x000000, 0x000000, 0x000000, 0x000000, 0x000000, 0x000000, 0x000000,
    0x000000, 0x000000, 0x000000, 0x000000, 0x000000, 0x000000, 0x000000, 0x000000, 0x000000,
    0x000000, 0x000000, 0x000000, 0x000000, 0x000000, 0x000000, 0x000000, 0x000000, 0x000000,
    0x000000, 0x000000, 0x000000, 0x000000, 0x000000, 0x000000, 0x0078d3, 0x0078dd, 0x0078e7,
    0x0078f1, 0x0078fb, 0x007905, 0x00790f, 0x007919, 0x007923, 0x00792d, 0x007937, 0x007941,
    0x00794b, 0x007955, 0x00795f, 0x007969, 0x007973, 0x00797d, 0x007987, 0x007991, 0x00799b,
    0x0079a5, 0x0079af, 0x0079b9, 0x0079c3, 0x0079cd, 0x0079d7, 0x0079e1, 0x0079eb, 0x0079f5,
    0x0079ff, 0x007a09, 0x007a13, 0x007a1d, 0x007a27, 0x007a31, 0x007a3b, 0x007a45, 0x007a4f,
    0x007a59, 0x007a63, 0x007a6d, 0x000000, 0x000000, 0x000000, 0x000000, 0x000000, 0x000000,
    0x000000, 0x000000, 0x000000, 0x000000, 0x000000, 0x000000, 0x000000, 0x000000, 0x000000,
    0x000000, 0x000000, 0x000000, 0x000000, 0x000000, 0x000000, 0x000000, 0x000000, 0x000000,
    0x000000, 0x000000, 0x000000, 0x000000, 0x000000, 0x000000, 0x000000, 0x000000, 0x000000,
    0x000000, 0x000000, 0x000000, 0x000000, 0x007a76, 0x007a80, 0x007a8a, 0x007a94, 0x007a9e,
    0x007aa8, 0x007ab2, 0x007abc, 0x007ac6, 0x007ad0, 0x007ada, 0x007ae4, 0x007aee, 0x007af8,
    0x007b02, 0x007b0c, 0x007b16, 0x007b20, 0x007b2a, 0x007b34, 0x007b3e, 0x007b48, 0x007b52,
    0x007b5c, 0x007b66, 0x007b70, 0x007b7a, 0x007b84, 0x007b8e, 0x007b98, 0x007ba2, 0x007bac,
    0x000000, 0x000000, 0x000000, 0x000000, 0x000000, 0x000000, 0x000000, 0x000000, 0x000000,
    0x000000, 0x000000, 0x000000, 0x000000, 0x000000, 0x000000, 0x000000, 0x000000, 0x000000,
    0x000000, 0x000000, 0x000000, 0x000000, 0x007bb4, 0x007bbe, 0x007bc8, 0x007bd2, 0x007bdc,
    0x007be6, 0x007bf0, 0x007bfa, 0x007c04, 0x007c0e, 0x007c18, 0x007c22, 0x000000, 0x000000,
    0x000000, 0x000000, 0x000000, 0x000000, 0x000000, 0x000000, 0x000000, 0x000000, 0x000000,
    0x000000, 0x000000, 0x000000, 0x000000, 0x000000, 0x000000, 0x000000, 0x000000, 0x000000,
    0x000000, 0x000000, 0x000000, 0x000000, 0x000000, 0x000000, 0x000000, 0x000000, 0x000000,
    0x000000, 0x000000, 0x000000, 0x000000, 0x000000, 0x000000, 0x000000, 0x000000, 0x000000,
    0x000000, 0x000000, 0x000000, 0x000000, 0x000000, 0x000000, 0x000000, 0x000000, 0x000000,
    0x000000, 0x000000, 0x000000, 0x000000, 0x000000, 0x000000, 0x000000, 0x000000, 0x000000,
    0x000000, 0x000000, 0x000000, 0x000000, 0x000000, 0x000000, 0x000000, 0x000000, 0x000000,
    0x000000, 0x000000, 0x000000, 0x000000, 0x007c28, 0x007c32, 0x007c3c, 0x007c46, 0x007c50,
    0x007c5a, 0x007c64, 0x007c6e, 0x007c78, 0x007c82, 0x007c8c, 0x007c96, 0x007ca0, 0x007caa,
    0x007cb4, 0x007cbe, 0x007cc8, 0x007cd2, 0x007cdc, 0x007ce6, 0x007cf0, 0x007cfa, 0x007d04,
    0x007d0e, 0x007d18, 0x007d22, 0x007d2c, 0x007d36, 0x007d40, 0x007d4a, 0x007d54, 0x007d5e,
    0x007d68, 0x007d72, 0x007d7c, 0x007d86, 0x007d90, 0x007d9a, 0x007da4, 0x000000, 0x000000,
    0x000000, 0x000000, 0x000000, 0x000000, 0x000000, 0x000000, 0x000000, 0x000000, 0x000000,
    0x000000, 0x000000, 0x000000, 0x000000, 0x000000, 0x000000, 0x000000, 0x000000, 0x000000,
    0x000000, 0x000000, 0x000000, 0x000000, 0x000000, 0x000000, 0x000000, 0x000000, 0x000000,
    0x000000, 0x000000, 0x000000, 0x000000, 0x000000, 0x000000, 0x000000, 0x000000, 0x000000,
    0x000000, 0x000000, 0x000000, 0x000000, 0x000000, 0x000000, 0x000000, 0x000000, 0x000000,
    0x000000, 0x000000, 0x000000, 0x000000, 0x000000, 0x000000, 0x000000, 0x000000, 0x000000,
    0x000000, 0x000000, 0x000000, 0x000000, 0x000000, 0x000000, 0x000000, 0x000000, 0x000000,
    0x000000, 0x000000, 0x000000, 0x000000, 0x000000, 0x000000, 0x000000, 0x000000, 0x000000,
    0x000000, 0x000000, 0x000000, 0x000000, 0x000000, 0x000000, 0x000000, 0x000000, 0x000000,
    0x000000, 0x000000, 0x000000, 0x000000, 0x000000, 0x000000, 0x000000, 0x000000, 0x000000,
    0x000000, 0x000000, 0x000000, 0x000000, 0x000000, 0x000000, 0x000000, 0x000000, 0x000000,
    0x000000, 0x000000, 0x000000, 0x000000, 0x000000, 0x000000, 0x000000, 0x000000, 0x000000,
    0x000000, 0x007da7, 0x007db1, 0x007dbb, 0x007dc5, 0x007dcf, 0x007dd9, 0x007de3, 0x007ded,
    0x007df7, 0x000000, 0x000000, 0x000000, 0x000000, 0x000000, 0x000000, 0x000000, 0x000000,
    0x000000, 0x000000, 0x000000, 0x000000, 0x000000, 0x000000, 0x000000, 0x000000, 0x000000,
    0x000000, 0x000000, 0x000000, 0x000000, 0x000000, 0x000000, 0x000000, 0x000000, 0x000000,
    0x000000, 0x000000, 0x000000, 0x000000, 0x000000, 0x000000, 0x000000, 0x000000, 0x000000,
    0x000000, 0x000000, 0x000000, 0x000000, 0x000000, 0x000000, 0x000000, 0x000000, 0x000000,
    0x000000, 0x000000, 0x000000, 0x007e01, 0x007e0b, 0x007e15, 0x007e1f, 0x007e29, 0x007e33,
    0x007e3d, 0x007e47, 0x007e51, 0x007e5b, 0x007e65, 0x007e6f, 0x007e79, 0x007e83, 0x007e8d,
    0x007e97, 0x007ea1, 0x007eab, 0x007eb5, 0x007ebf, 0x007ec9, 0x007ed3, 0x007edd, 0x007ee7,
    0x000000, 0x000000, 0x000000, 0x000000, 0x000000, 0x000000, 0x000000, 0x000000, 0x000000,
    0x000000, 0x000000, 0x000000, 0x000000, 0x000000, 0x000000, 0x000000, 0x000000, 0x000000,
    0x000000, 0x000000, 0x000000, 0x000000, 0x000000, 0x000000, 0x000000, 0x000000, 0x000000,
    0x000000, 0x000000, 0x000000, 0x000000, 0x000000, 0x000000, 0x000000, 0x000000, 0x000000,
    0x000000, 0x000000, 0x000000, 0x000000, 0x000000, 0x000000, 0x000000, 0x000000, 0x000000,
    0x000000, 0x000000, 0x000000, 0x000000, 0x000000, 0x000000, 0x000000, 0x000000, 0x000000,
    0x000000, 0x000000, 0x000000, 0x000000, 0x000000, 0x000000, 0x000000, 0x000000, 0x000000,
    0x000000, 0x000000, 0x000000, 0x000000, 0x000000, 0x000000, 0x000000, 0x000000, 0x000000,
    0x000000, 0x000000, 0x000000, 0x000000, 0x000000, 0x000000, 0x000000, 0x000000, 0x000000,
    0x000000, 0x000000, 0x000000, 0x000000, 0x000000, 0x000000, 0x000000, 0x000000, 0x000000,
    0x000000, 0x000000, 0x000000, 0x000000, 0x000000, 0x000000, 0x000000, 0x000000, 0x007eef,
    0x007ef9, 0x007f03, 0x007f0d, 0x007f17, 0x007f21, 0x007f2b, 0x007f35, 0x007f3f, 0x007f49,
    0x007f53, 0x007f5d, 0x007f67, 0x007f71, 0x007f7b, 0x007f85, 0x007f8f, 0x007f99, 0x007fa3,
    0x007fad, 0x007fb7, 0x007fc1, 0x007fcb, 0x007fd5, 0x007fdf, 0x007fe9, 0x007ff3, 0x007ffd,
    0x008007, 0x008011, 0x000000, 0x000000, 0x000000, 0x000000, 0x000000, 0x000000, 0x000000,
    0x000000, 0x000000, 0x000000, 0x000000, 0x000000, 0x000000, 0x000000, 0x000000, 0x000000,
    0x000000, 0x000000, 0x000000, 0x000000, 0x000000, 0x000000, 0x000000, 0x000000, 0x000000,
    0x000000, 0x000000, 0x000000, 0x000000, 0x000000, 0x000000, 0x000000, 0x000000, 0x000000,
    0x000000, 0x000000, 0x000000, 0x000000, 0x000000, 0x000000, 0x000000, 0x000000, 0x000000,
    0x000000, 0x000000, 0x000000, 0x000000, 0x000000, 0x000000, 0x000000, 0x000000, 0x000000,
    0x000000, 0x000000, 0x000000, 0x000000, 0x000000, 0x000000, 0x000000, 0x000000, 0x000000,
    0x000000, 0x000000, 0x000000, 0x000000, 0x000000, 0x000000, 0x000000, 0x000000, 0x000000,
    0x000000, 0x000000, 0x000000, 0x000000, 0x000000, 0x000000, 0x000000, 0x000000, 0x000000,
    0x000000, 0x000000, 0x000000, 0x000000, 0x000000, 0x000000, 0x000000, 0x000000, 0x000000,
    0x000000, 0x000000, 0x000000, 0x000000, 0x00c280, 0x00c281, 0x00c282, 0x00c283, 0x00c284,
    0x00c285, 0x00c286, 0x00c287, 0x00c288, 0x00c289, 0x00c28a, 0x00c28b, 0x00c28c, 0x00c28d,
    0x00c28e, 0x00c28f, 0x00c290, 0x00c291, 0x00c292, 0x00c293, 0x00c294, 0x00c295, 0x00c296,
    0x00c297, 0x00c298, 0x00c299, 0x00c29a, 0x00c29b, 0x00c29c, 0x00c29d, 0x00c29e, 0x00c29f,
    0x00c2a0, 0x00c2a1, 0x00c2a2, 0x00c2a3, 0x00c2a5, 0x00c2a6, 0x00c2a9, 0x00c2aa, 0x00c2ab,
    0x00c2ac, 0x00c2ad, 0x00c2ae, 0x00c2af, 0x00c2b2, 0x00c2b3, 0x00c2b4, 0x00c2b5, 0x00c2b6,
    0x00c2b8, 0x00c2b9, 0x00c2ba, 0x00c2bb, 0x00c2bc, 0x00c2bd, 0x00c2be, 0x00c2bf, 0x00c380,
    0x00c381, 0x00c382, 0x00c383, 0x00c384, 0x00c385, 0x00c386, 0x00c387, 0x00c388, 0x00c389,
    0x00c38a, 0x00c38b, 0x00c38c, 0x00c38d, 0x00c38e, 0x00c38f, 0x00c390, 0x00c391, 0x00c392,
    0x00c393, 0x00c394, 0x00c395, 0x00c396, 0x00c398, 0x00c399, 0x00c39a, 0x00c39b, 0x00c39c,
    0x00c39d, 0x00c39e, 0x00c39f, 0x00c3a2, 0x00c3a3, 0x00c3a4, 0x00c3a5, 0x00c3a6, 0x00c3a7,
    0x00c3ab, 0x00c3ae, 0x00c3af, 0x00c3b0, 0x00c3b1, 0x00c3b4, 0x00c3b5, 0x00c3b6, 0x00c3b8,
    0x00c3bb, 0x00c3bd, 0x00c3be, 0x00c3bf, 0x00c480, 0x00c482, 0x00c483, 0x00c484, 0x00c485,
    0x00c486, 0x00c487, 0x00c488, 0x00c489, 0x00c48a, 0x00c48b, 0x00c48c, 0x00c48d, 0x00c48e,
    0x00c48f, 0x00c490, 0x00c491, 0x00c492, 0x00c494, 0x00c495, 0x00c496, 0x00c497, 0x00c498,
    0x00c499, 0x00c49a, 0x00c49c, 0x00c49d, 0x00c49e, 0x00c49f, 0x00c4a0, 0x00c4a1, 0x00c4a2,
    0x00c4a3, 0x00c4a4, 0x00c4a5, 0x00c4a6, 0x00c4a7, 0x00c4a8, 0x00c4a9, 0x00c4aa, 0x00c4ac,
    0x00c4ad, 0x00c4ae, 0x00c4af, 0x00c4b0, 0x00c4b1, 0x00c4b2, 0x00c4b3, 0x00c4b4, 0x00c4b5,
    0x00c4b6, 0x00c4b7, 0x00c4b8, 0x00c4b9, 0x00c4ba, 0x00c4bb, 0x00c4bc, 0x00c4bd, 0x00c4be,
    0x00c4bf, 0x00c580, 0x00c581, 0x00c582, 0x00c583, 0x00c585, 0x00c586, 0x00c587, 0x00c589,
    0x00c58a, 0x00c58b, 0x00c58c, 0x00c58e, 0x00c58f, 0x00c590, 0x00c591, 0x00c592, 0x00c593,
    0x00c594, 0x00c595, 0x00c596, 0x00c597, 0x00c598, 0x00c599, 0x00c59a, 0x00c59b, 0x00c59c,
    0x00c59d, 0x00c59e, 0x00c59f, 0x00c5a0, 0x00c5a1, 0x00c5a2, 0x00c5a3, 0x00c5a4, 0x00c5a5,
    0x00c5a6, 0x00c5a7, 0x00c5a8, 0x00c5a9, 0x00c5aa, 0x00c5ac, 0x00c5ad, 0x00c5ae, 0x00c5af,
    0x00c5b0, 0x00c5b1, 0x00c5b2, 0x00c5b3, 0x00c5b4, 0x00c5b5, 0x00c5b6, 0x00c5b7, 0x00c5b8,
    0x00c5b9, 0x00c5ba, 0x00c5bb, 0x00c5bc, 0x00c5bd, 0x00c5be, 0x00c5bf, 0x00c680, 0x00c681,
    0x00c682, 0x00c683, 0x00c684, 0x00c685, 0x00c686, 0x00c687, 0x00c688, 0x00c689, 0x00c68a,
    0x00c68b, 0x00c68c, 0x00c68d, 0x00c68e, 0x00c68f, 0x00c690, 0x00c691, 0x00c692, 0x00c693,
    0x00c694, 0x00c695, 0x00c696, 0x00c697, 0x00c698, 0x00c699, 0x00c69a, 0x00c69b, 0x00c69c,
    0x00c69d, 0x00c69e, 0x00c69f, 0x00c6a0, 0x00c6a1, 0x00c6a2, 0x00c6a3, 0x00c6a4, 0x00c6a5,
    0x00c6a6, 0x00c6a7, 0x00c6a8, 0x00c6a9, 0x00c6aa, 0x00c6ab, 0x00c6ac, 0x00c6ad, 0x00c6ae,
    0x00c6af, 0x00c6b0, 0x00c6b1, 0x00c6b2, 0x00c6b3, 0x00c6b4, 0x00c6b5, 0x00c6b6, 0x00c6b7,
    0x00c6b8, 0x00c6b9, 0x00c6ba, 0x00c6bb, 0x00c6bc, 0x00c6bd, 0x00c6be, 0x00c6bf, 0x00c780,
    0x00c781, 0x00c782, 0x00c783, 0x00c784, 0x00c785, 0x00c786, 0x00c787, 0x00c788, 0x00c789,
    0x00c78a, 0x00c78b, 0x00c78c, 0x00c78d, 0x00c78f, 0x00c791, 0x00c793, 0x00c795, 0x00c797,
    0x00c799, 0x00c79b, 0x00c79d, 0x00c79e, 0x00c79f, 0x00c7a0, 0x00c7a1, 0x00c7a2, 0x00c7a3,
    0x00c7a4, 0x00c7a5, 0x00c7a6, 0x00c7a7, 0x00c7a8, 0x00c7a9, 0x00c7aa, 0x00c7ab, 0x00c7ac,
    0x00c7ad, 0x00c7ae, 0x00c7af, 0x00c7b0, 0x00c7b1, 0x00c7b2, 0x00c7b3, 0x00c7b4, 0x00c7b5,
    0x00c7b6, 0x00c7b7, 0x00c7b8, 0x00c7ba, 0x00c7bb, 0x00c7bc, 0x00c7bd, 0x00c7be, 0x00c7bf,
    0x00c880, 0x00c881, 0x00c882, 0x00c883, 0x00c884, 0x00c885, 0x00c886, 0x00c887, 0x00c888,
    0x00c889, 0x00c88a, 0x00c88b, 0x00c88c, 0x00c88d, 0x00c88e, 0x00c88f, 0x00c890, 0x00c891,
    0x00c892, 0x00c893, 0x00c894, 0x00c895, 0x00c896, 0x00c897, 0x00c898, 0x00c899, 0x00c89a,
    0x00c89b, 0x00c89c, 0x00c89d, 0x00c89e, 0x00c89f, 0x00c8a0, 0x00c8a1, 0x00c8a2, 0x00c8a3,
    0x00c8a4, 0x00c8a5, 0x00c8a6, 0x00c8a7, 0x00c8a8, 0x00c8a9, 0x00c8aa, 0x00c8ab, 0x00c8ac,
    0x00c8ad, 0x00c8ae, 0x00c8af, 0x00c8b0, 0x00c8b1, 0x00c8b2, 0x00c8b3, 0x00c8b4, 0x00c8b5,
    0x00c8b6, 0x00c8b7, 0x00c8b8, 0x00c8b9, 0x00c8ba, 0x00c8bb, 0x00c8bc, 0x00c8bd, 0x00c8be,
    0x00c8bf, 0x00c980, 0x00c981, 0x00c982, 0x00c983, 0x00c984, 0x00c985, 0x00c986, 0x00c987,
    0x00c988, 0x00c989, 0x00c98a, 0x00c98b, 0x00c98c, 0x00c98d, 0x00c98e, 0x00c98f, 0x00c990,
    0x00c992, 0x00c993, 0x00c994, 0x00c995, 0x00c996, 0x00c997, 0x00c998, 0x00c999, 0x00c99a,
    0x00c99b, 0x00c99c, 0x00c99d, 0x00c99e, 0x00c99f, 0x00c9a0, 0x00c9a2, 0x00c9a3, 0x00c9a4,
    0x00c9a5, 0x00c9a6, 0x00c9a7, 0x00c9a8, 0x00c9a9, 0x00c9aa, 0x00c9ab, 0x00c9ac, 0x00c9ad,
    0x00c9ae, 0x00c9af, 0x00c9b0, 0x00c9b1, 0x00c9b2, 0x00c9b3, 0x00c9b4, 0x00c9b5, 0x00c9b6,
    0x00c9b7, 0x00c9b8, 0x00c9b9, 0x00c9ba, 0x00c9bb, 0x00c9bc, 0x00c9bd, 0x00c9be, 0x00c9bf,
    0x00ca80, 0x00ca81, 0x00ca82, 0x00ca83, 0x00ca84, 0x00ca85, 0x00ca86, 0x00ca87, 0x00ca88,
    0x00ca89, 0x00ca8a, 0x00ca8b, 0x00ca8c, 0x00ca8d, 0x00ca8e, 0x00ca8f, 0x00ca90, 0x00ca91,
    0x00ca92, 0x00ca93, 0x00ca94, 0x00ca95, 0x00ca96, 0x00ca97, 0x00ca98, 0x00ca99, 0x00ca9a,
    0x00ca9b, 0x00ca9c, 0x00ca9d, 0x00ca9e, 0x00ca9f, 0x00caa0, 0x00caa1, 0x00caa2, 0x00caa3,
    0x00caa4, 0x00caa5, 0x00caa6, 0x00caa7, 0x00caa8, 0x00caa9, 0x00caaa, 0x00caab, 0x00caac,
    0x00caad, 0x00caae, 0x00caaf, 0x00cab0, 0x00cab1, 0x00cab2, 0x00cab3, 0x00cab4, 0x00cab5,
    0x00cab6, 0x00cab7, 0x00cab8, 0x00cab9, 0x00caba, 0x00cabb, 0x00cabc, 0x00cabd, 0x00cabe,
    0x00cabf, 0x00cb80, 0x00cb81, 0x00cb82, 0x00cb83, 0x00cb84, 0x00cb85, 0x00cb86, 0x00cb88,
    0x00cb8c, 0x00cb8d, 0x00cb8e, 0x00cb8f, 0x00cb90, 0x00cb91, 0x00cb92, 0x00cb93, 0x00cb94,
    0x00cb95, 0x00cb96, 0x00cb97, 0x00cb98, 0x00cb9a, 0x00cb9b, 0x00cb9c, 0x00cb9d, 0x00cb9e,
    0x00cb9f, 0x00cba0, 0x00cba1, 0x00cba2, 0x00cba3, 0x00cba4, 0x00cba5, 0x00cba6, 0x00cba7,
    0x00cba8, 0x00cba9, 0x00cbaa, 0x00cbab, 0x00cbac, 0x00cbad, 0x00cbae, 0x00cbaf, 0x00cbb0,
    0x00cbb1, 0x00cbb2, 0x00cbb3, 0x00cbb4, 0x00cbb5, 0x00cbb6, 0x00cbb7, 0x00cbb8, 0x00cbb9,
    0x00cbba, 0x00cbbb, 0x00cbbc, 0x00cbbd, 0x00cbbe, 0x00cbbf, 0x00cc80, 0x00cc81, 0x00cc82,
    0x00cc83, 0x00cc84, 0x00cc85, 0x00cc86, 0x00cc87, 0x00cc88, 0x00cc89, 0x00cc8a, 0x00cc8b,
    0x00cc8c, 0x00cc8d, 0x00cc8e, 0x00cc8f, 0x00cc90, 0x00cc91, 0x00cc92, 0x00cc93, 0x00cc94,
    0x00cc95, 0x00cc96, 0x00cc97, 0x00cc98, 0x00cc99, 0x00cc9a, 0x00cc9b, 0x00cc9c, 0x00cc9d,
    0x00cc9e, 0x00cc9f, 0x00cca0, 0x00cca1, 0x00cca2, 0x00cca3, 0x00cca4, 0x00cca5, 0x00cca6,
    0x00cca7, 0x00cca8, 0x00cca9, 0x00ccaa, 0x00ccab, 0x00ccac, 0x00ccad, 0x00ccae, 0x00ccaf,
    0x00ccb0, 0x00ccb1, 0x00ccb2, 0x00ccb3, 0x00ccb4, 0x00ccb5, 0x00ccb6, 0x00ccb7, 0x00ccb8,
    0x00ccb9, 0x00ccba, 0x00ccbb, 0x00ccbc, 0x00ccbd, 0x00ccbe, 0x00ccbf, 0x00cd80, 0x00cd81,
    0x00cd82, 0x00cd83, 0x00cd84, 0x00cd85, 0x00cd86, 0x00cd87, 0x00cd88, 0x00cd89, 0x00cd8a,
    0x00cd8b, 0x00cd8c, 0x00cd8d, 0x00cd8e, 0x00cd8f, 0x00cd90, 0x00cd91, 0x00cd92, 0x00cd93,
    0x00cd94, 0x00cd95, 0x00cd96, 0x00cd97, 0x00cd98, 0x00cd99, 0x00cd9a, 0x00cd9b, 0x00cd9c,
    0x00cd9d, 0x00cd9e, 0x00cd9f, 0x00cda0, 0x00cda1, 0x00cda2, 0x00cda3, 0x00cda4, 0x00cda5,
    0x00cda6, 0x00cda7, 0x00cda8, 0x00cda9, 0x00cdaa, 0x00cdab, 0x00cdac, 0x00cdad, 0x00cdae,
    0x00cdaf, 0x00cdb0, 0x00cdb1, 0x00cdb2, 0x00cdb3, 0x00cdb4, 0x00cdb5, 0x00cdb6, 0x00cdb7,
    0x00cdb8, 0x00cdb9, 0x00cdba, 0x00cdbb, 0x00cdbc, 0x00cdbd, 0x00cdbe, 0x00cdbf, 0x00ce80,
    0x00ce81, 0x00ce82, 0x00ce83, 0x00ce84, 0x00ce85, 0x00ce86, 0x00ce87, 0x00ce88, 0x00ce89,
    0x00ce8a, 0x00ce8b, 0x00ce8c, 0x00ce8d, 0x00ce8e, 0x00ce8f, 0x00ce90, 0x00cea2, 0x00ceaa,
    0x00ceab, 0x00ceac, 0x00cead, 0x00ceae, 0x00ceaf, 0x00ceb0, 0x00cf82, 0x00cf8a, 0x00cf8b,
    0x00cf8c, 0x00cf8d, 0x00cf8e, 0x00cf8f, 0x00cf90, 0x00cf91, 0x00cf92, 0x00cf93, 0x00cf94,
    0x00cf95, 0x00cf96, 0x00cf97, 0x00cf98, 0x00cf99, 0x00cf9a, 0x00cf9b, 0x00cf9c, 0x00cf9d,
    0x00cf9e, 0x00cf9f, 0x00cfa0, 0x00cfa1, 0x00cfa2, 0x00cfa3, 0x00cfa4, 0x00cfa5, 0x00cfa6,
    0x00cfa7, 0x00cfa8, 0x00cfa9, 0x00cfaa, 0x00cfab, 0x00cfac, 0x00cfad, 0x00cfae, 0x00cfaf,
    0x00cfb0, 0x00cfb1, 0x00cfb2, 0x00cfb3, 0x00cfb4, 0x00cfb5, 0x00cfb6, 0x00cfb7, 0x00cfb8,
    0x00cfb9, 0x00cfba, 0x00cfbb, 0x00cfbc, 0x00cfbd, 0x00cfbe, 0x00cfbf, 0x00d080, 0x00d082,
    0x00d083, 0x00d084, 0x00d085, 0x00d086, 0x00d087, 0x00d088, 0x00d089, 0x00d08a, 0x00d08b,
    0x00d08c, 0x00d08d, 0x00d08e, 0x00d08f, 0x00d190, 0x000000, 0x000000, 0xe28091, 0xe28092,
    0xe28097, 0xe2809a, 0xe2809b, 0xe2809e, 0xe2809f, 0xe280a0, 0xe280a1, 0xe280a2, 0xe280a3,
    0xe280a4, 0xe280a7, 0xe280a8, 0xe280a9, 0xe280aa, 0xe280ab, 0xe280ac, 0xe280ad, 0xe280ae,
    0xe280af, 0xe280b1, 0xe280b4, 0xe280b6, 0xe280b7, 0xe280b8, 0xe280b9, 0xe280ba, 0xe280bc,
    0xe280bd, 0xe280be, 0xe280bf, 0xe28180, 0xe28181, 0xe28182, 0xe28183, 0xe28184, 0xe28185,
    0xe28186, 0xe28187, 0xe28188, 0xe28189, 0xe2818a, 0xe2818b, 0xe2818c, 0xe2818d, 0xe2818e,
    0xe2818f, 0xe28190, 0xe28191, 0xe28192, 0xe28193, 0xe28194, 0xe28195, 0xe28196, 0xe28197,
    0xe28198, 0xe28199, 0xe2819a, 0xe2819b, 0xe2819c, 0xe2819d, 0xe2819e, 0xe2819f, 0xe281a0,
    0xe281a1, 0xe281a2, 0xe281a3, 0xe281a4, 0xe281a5, 0xe281a6, 0xe281a7, 0xe281a8, 0xe281a9,
    0xe281aa, 0xe281ab, 0xe281ac, 0xe281ad, 0xe281ae, 0xe281af, 0xe281b0, 0xe281b1, 0xe281b2,
    0xe281b3, 0xe281b4, 0xe281b5, 0xe281b6, 0xe281b7, 0xe281b8, 0xe281b9, 0xe281ba, 0xe281bb,
    0xe281bc, 0xe281bd, 0xe281be, 0xe281bf, 0xe28280, 0xe28281, 0xe28282, 0xe28283, 0xe28284,
    0xe28285, 0xe28286, 0xe28287, 0xe28288, 0xe28289, 0xe2828a, 0xe2828b, 0xe2828c, 0xe2828d,
    0xe2828e, 0xe2828f, 0xe28290, 0xe28291, 0xe28292, 0xe28293, 0xe28294, 0xe28295, 0xe28296,
    0xe28297, 0xe28298, 0xe28299, 0xe2829a, 0xe2829b, 0xe2829c, 0xe2829d, 0xe2829e, 0xe2829f,
    0xe282a0, 0xe282a1, 0xe282a2, 0xe282a3, 0xe282a4, 0xe282a5, 0xe282a6, 0xe282a7, 0xe282a8,
    0xe282a9, 0xe282aa, 0xe282ab, 0xe282ad, 0xe282ae, 0xe282af, 0xe282b0, 0xe282b1, 0xe282b2,
    0xe282b3, 0xe282b4, 0xe282b5, 0xe282b6, 0xe282b7, 0xe282b8, 0xe282b9, 0xe282ba, 0xe282bb,
    0xe282bc, 0xe282bd, 0xe282be, 0xe282bf, 0xe28380, 0xe28381, 0xe28382, 0xe28383, 0xe28384,
    0xe28385, 0xe28386, 0xe28387, 0xe28388, 0xe28389, 0xe2838a, 0xe2838b, 0xe2838c, 0xe2838d,
    0xe2838e, 0xe2838f, 0xe28390, 0xe28391, 0xe28392, 0xe28393, 0xe28394, 0xe28395, 0xe28396,
    0xe28397, 0xe28398, 0xe28399, 0xe2839a, 0xe2839b, 0xe2839c, 0xe2839d, 0xe2839e, 0xe2839f,
    0xe283a0, 0xe283a1, 0xe283a2, 0xe283a3, 0xe283a4, 0xe283a5, 0xe283a6, 0xe283a7, 0xe283a8,
    0xe283a9, 0xe283aa, 0xe283ab, 0xe283ac, 0xe283ad, 0xe283ae, 0xe283af, 0xe283b0, 0xe283b1,
    0xe283b2, 0xe283b3, 0xe283b4, 0xe283b5, 0xe283b6, 0xe283b7, 0xe283b8, 0xe283b9, 0xe283ba,
    0xe283bb, 0xe283bc, 0xe283bd, 0xe283be, 0xe283bf, 0xe28480, 0xe28481, 0xe28482, 0xe28484,
    0xe28486, 0xe28487, 0xe28488, 0xe2848a, 0xe2848b, 0xe2848c, 0xe2848d, 0xe2848e, 0xe2848f,
    0xe28490, 0xe28491, 0xe28492, 0xe28493, 0xe28494, 0xe28495, 0xe28497, 0xe28498, 0xe28499,
    0xe2849a, 0xe2849b, 0xe2849c, 0xe2849d, 0xe2849e, 0xe2849f, 0xe284a0, 0xe284a2, 0xe284a3,
    0xe284a4, 0xe284a5, 0xe284a6, 0xe284a7, 0xe284a8, 0xe284a9, 0xe284aa, 0xe284ab, 0xe284ac,
    0xe284ad, 0xe284ae, 0xe284af, 0xe284b0, 0xe284b1, 0xe284b2, 0xe284b3, 0xe284b4, 0xe284b5,
    0xe284b6, 0xe284b7, 0xe284b8, 0xe284b9, 0xe284ba, 0xe284bb, 0xe284bc, 0xe284bd, 0xe284be,
    0xe284bf, 0xe28580, 0xe28581, 0xe28582, 0xe28583, 0xe28584, 0xe28585, 0xe28586, 0xe28587,
    0xe28588, 0xe28589, 0xe2858a, 0xe2858b, 0xe2858c, 0xe2858d, 0xe2858e, 0xe2858f, 0xe28590,
    0xe28591, 0xe28592, 0xe28593, 0xe28594, 0xe28595, 0xe28596, 0xe28597, 0xe28598, 0xe28599,
    0xe2859a, 0xe2859b, 0xe2859c, 0xe2859d, 0xe2859e, 0xe2859f, 0xe285ac, 0xe285ad, 0xe285ae,
    0xe285af, 0xe285ba, 0xe285bb, 0xe285bc, 0xe285bd, 0xe285be, 0xe285bf, 0xe28680, 0xe28681,
    0xe28682, 0xe28683, 0xe28684, 0xe28685, 0xe28686, 0xe28687, 0xe28688, 0xe28689, 0xe2868a,
    0xe2868b, 0xe2868c, 0xe2868d, 0xe2868e, 0xe2868f, 0xe28694, 0xe28695, 0xe2869a, 0xe2869b,
    0xe2869c, 0xe2869d, 0xe2869e, 0xe2869f, 0xe286a0, 0xe286a1, 0xe286a2, 0xe286a3, 0xe286a4,
    0xe286a5, 0xe286a6, 0xe286a7, 0xe286a8, 0xe286a9, 0xe286aa, 0xe286ab, 0xe286ac, 0xe286ad,
    0xe286ae, 0xe286af, 0xe286b0, 0xe286b1, 0xe286b2, 0xe286b3, 0xe286b4, 0xe286b5, 0xe286b6,
    0xe286b7, 0xe286b8, 0xe286b9, 0xe286ba, 0xe286bb, 0xe286bc, 0xe286bd, 0xe286be, 0xe286bf,
    0xe28780, 0xe28781, 0xe28782, 0xe28783, 0xe28784, 0xe28785, 0xe28786, 0xe28787, 0xe28788,
    0xe28789, 0xe2878a, 0xe2878b, 0xe2878c, 0xe2878d, 0xe2878e, 0xe2878f, 0xe28790, 0xe28791,
    0xe28792, 0xe28793, 0xe28794, 0xe28795, 0xe28796, 0xe28797, 0xe28798, 0xe28799, 0xe2879a,
    0xe2879b, 0xe2879c, 0xe2879d, 0xe2879e, 0xe2879f, 0xe287a0, 0xe287a1, 0xe287a2, 0xe287a3,
    0xe287a4, 0xe287a5, 0xe287a6, 0xe287a7, 0xe287a8, 0xe287a9, 0xe287aa, 0xe287ab, 0xe287ac,
    0xe287ad, 0xe287ae, 0xe287af, 0xe287b0, 0xe287b1, 0xe287b2, 0xe287b3, 0xe287b4, 0xe287b5,
    0xe287b6, 0xe287b7, 0xe287b8, 0xe287b9, 0xe287ba, 0xe287bb, 0xe287bc, 0xe287bd, 0xe287be,
    0xe287bf, 0xe28880, 0xe28881, 0xe28882, 0xe28883, 0xe28884, 0xe28885, 0xe28886, 0xe28887,
    0xe28889, 0xe2888a, 0xe2888b, 0xe2888c, 0xe2888d, 0xe2888e, 0xe28890, 0xe28892, 0xe28893,
    0xe28894, 0xe28896, 0xe28897, 0xe28898, 0xe28899, 0xe2889b, 0xe2889c, 0xe288a1, 0xe288a2,
    0xe288a4, 0xe288a6, 0xe288ac, 0xe288ad, 0xe288af, 0xe288b0, 0xe288b1, 0xe288b2, 0xe288b3,
    0xe288b8, 0xe288b9, 0xe288ba, 0xe288bb, 0xe288bc, 0xe288be, 0xe288bf, 0xe28980, 0xe28981,
    0xe28982, 0xe28983, 0xe28984, 0xe28985, 0xe28986, 0xe28987, 0xe28989, 0xe2898a, 0xe2898b,
    0xe2898d, 0xe2898e, 0xe2898f, 0xe28990, 0xe28991, 0xe28993, 0xe28994, 0xe28995, 0xe28996,
    0xe28997, 0xe28998, 0xe28999, 0xe2899a, 0xe2899b, 0xe2899c, 0xe2899d, 0xe2899e, 0xe2899f,
    0xe289a2, 0xe289a3, 0xe289a8, 0xe289a9, 0xe289aa, 0xe289ab, 0xe289ac, 0xe289ad, 0xe289b0,
    0xe289b1, 0xe289b2, 0xe289b3, 0xe289b4, 0xe289b5, 0xe289b6, 0xe289b7, 0xe289b8, 0xe289b9,
    0xe289ba, 0xe289bb, 0xe289bc, 0xe289bd, 0xe289be, 0xe289bf, 0xe28a80, 0xe28a81, 0xe28a82,
    0xe28a83, 0xe28a84, 0xe28a85, 0xe28a86, 0xe28a87, 0xe28a88, 0xe28a89, 0xe28a8a, 0xe28a8b,
    0xe28a8c, 0xe28a8d, 0xe28a8e, 0xe28a8f, 0xe28a90, 0xe28a91, 0xe28a92, 0xe28a93, 0xe28a94,
    0xe28a96, 0xe28a97, 0xe28a98, 0xe28a9a, 0xe28a9b, 0xe28a9c, 0xe28a9d, 0xe28a9e, 0xe28a9f,
    0xe28aa0, 0xe28aa1, 0xe28aa2, 0xe28aa3, 0xe28aa4, 0xe28aa6, 0xe28aa7, 0xe28aa8, 0xe28aa9,
    0xe28aaa, 0xe28aab, 0xe28aac, 0xe28aad, 0xe28aae, 0xe28aaf, 0xe28ab0, 0xe28ab1, 0xe28ab2,
    0xe28ab3, 0xe28ab4, 0xe28ab5, 0xe28ab6, 0xe28ab7, 0xe28ab8, 0xe28ab9, 0xe28aba, 0xe28abb,
    0xe28abc, 0xe28abd, 0xe28abe, 0xe28b80, 0xe28b81, 0xe28b82, 0xe28b83, 0xe28b84, 0xe28b85,
    0xe28b86, 0xe28b87, 0xe28b88, 0xe28b89, 0xe28b8a, 0xe28b8b, 0xe28b8c, 0xe28b8d, 0xe28b8e,
    0xe28b8f, 0xe28b90, 0xe28b91, 0xe28b92, 0xe28b93, 0xe28b94, 0xe28b95, 0xe28b96, 0xe28b97,
    0xe28b98, 0xe28b99, 0xe28b9a, 0xe28b9b, 0xe28b9c, 0xe28b9d, 0xe28b9e, 0xe28b9f, 0xe28ba0,
    0xe28ba1, 0xe28ba2, 0xe28ba3, 0xe28ba4, 0xe28ba5, 0xe28ba6, 0xe28ba7, 0xe28ba8, 0xe28ba9,
    0xe28baa, 0xe28bab, 0xe28bac, 0xe28bad, 0xe28bae, 0xe28baf, 0xe28bb0, 0xe28bb1, 0xe28bb2,
    0xe28bb3, 0xe28bb4, 0xe28bb5, 0xe28bb6, 0xe28bb7, 0xe28bb8, 0xe28bb9, 0xe28bba, 0xe28bbb,
    0xe28bbc, 0xe28bbd, 0xe28bbe, 0xe28bbf, 0xe28c80, 0xe28c81, 0xe28c82, 0xe28c83, 0xe28c84,
    0xe28c85, 0xe28c86, 0xe28c87, 0xe28c88, 0xe28c89, 0xe28c8a, 0xe28c8b, 0xe28c8c, 0xe28c8d,
    0xe28c8e, 0xe28c8f, 0xe28c90, 0xe28c91, 0xe28c93, 0xe28c94, 0xe28c95, 0xe28c96, 0xe28c97,
    0xe28c98, 0xe28c99, 0xe28c9a, 0xe28c9b, 0xe28c9c, 0xe28c9d, 0xe28c9e, 0xe28c9f, 0xe28ca0,
    0xe28ca1, 0xe28ca2, 0xe28ca3, 0xe28ca4, 0xe28ca5, 0xe28ca6, 0xe28ca7, 0xe28ca8, 0xe28ca9,
    0xe28caa, 0xe28cab, 0xe28cac, 0xe28cad, 0xe28cae, 0xe28caf, 0xe28cb0, 0xe28cb1, 0xe28cb2,
    0xe28cb3, 0xe28cb4, 0xe28cb5, 0xe28cb6, 0xe28cb7, 0xe28cb8, 0xe28cb9, 0xe28cba, 0xe28cbb,
    0xe28cbc, 0xe28cbd, 0xe28cbe, 0xe28cbf, 0xe28d80, 0xe28d81, 0xe28d82, 0xe28d83, 0xe28d84,
    0xe28d85, 0xe28d86, 0xe28d87, 0xe28d88, 0xe28d89, 0xe28d8a, 0xe28d8b, 0xe28d8c, 0xe28d8d,
    0xe28d8e, 0xe28d8f, 0xe28d90, 0xe28d91, 0xe28d92, 0xe28d93, 0xe28d94, 0xe28d95, 0xe28d96,
    0xe28d97, 0xe28d98, 0xe28d99, 0xe28d9a, 0xe28d9b, 0xe28d9c, 0xe28d9d, 0xe28d9e, 0xe28d9f,
    0xe28da0, 0xe28da1, 0xe28da2, 0xe28da3, 0xe28da4, 0xe28da5, 0xe28da6, 0xe28da7, 0xe28da8,
    0xe28da9, 0xe28daa, 0xe28dab, 0xe28dac, 0xe28dad, 0xe28dae, 0xe28daf, 0xe28db0, 0xe28db1,
    0xe28db2, 0xe28db3, 0xe28db4, 0xe28db5, 0xe28db6, 0xe28db7, 0xe28db8, 0xe28db9, 0xe28dba,
    0xe28dbb, 0xe28dbc, 0xe28dbd, 0xe28dbe, 0xe28dbf, 0xe28e80, 0xe28e81, 0xe28e82, 0xe28e83,
    0xe28e84, 0xe28e85, 0xe28e86, 0xe28e87, 0xe28e88, 0xe28e89, 0xe28e8a, 0xe28e8b, 0xe28e8c,
    0xe28e8d, 0xe28e8e, 0xe28e8f, 0xe28e90, 0xe28e91, 0xe28e92, 0xe28e93, 0xe28e94, 0xe28e95,
    0xe28e96, 0xe28e97, 0xe28e98, 0xe28e99, 0xe28e9a, 0xe28e9b, 0xe28e9c, 0xe28e9d, 0xe28e9e,
    0xe28e9f, 0xe28ea0, 0xe28ea1, 0xe28ea2, 0xe28ea3, 0xe28ea4, 0xe28ea5, 0xe28ea6, 0xe28ea7,
    0xe28ea8, 0xe28ea9, 0xe28eaa, 0xe28eab, 0xe28eac, 0xe28ead, 0xe28eae, 0xe28eaf, 0xe28eb0,
    0xe28eb1, 0xe28eb2, 0xe28eb3, 0xe28eb4, 0xe28eb5, 0xe28eb6, 0xe28eb7, 0xe28eb8, 0xe28eb9,
    0xe28eba, 0xe28ebb, 0xe28ebc, 0xe28ebd, 0xe28ebe, 0xe28ebf, 0xe28f80, 0xe28f81, 0xe28f82,
    0xe28f83, 0xe28f84, 0xe28f85, 0xe28f86, 0xe28f87, 0xe28f88, 0xe28f89, 0xe28f8a, 0xe28f8b,
    0xe28f8c, 0xe28f8d, 0xe28f8e, 0xe28f8f, 0xe28f90, 0xe28f91, 0xe28f92, 0xe28f93, 0xe28f94,
    0xe28f95, 0xe28f96, 0xe28f97, 0xe28f98, 0xe28f99, 0xe28f9a, 0xe28f9b, 0xe28f9c, 0xe28f9d,
    0xe28f9e, 0xe28f9f, 0xe28fa0, 0xe28fa1, 0xe28fa2, 0xe28fa3, 0xe28fa4, 0xe28fa5, 0xe28fa6,
    0xe28fa7, 0xe28fa8, 0xe28fa9, 0xe28faa, 0xe28fab, 0xe28fac, 0xe28fad, 0xe28fae, 0xe28faf,
    0xe28fb0, 0xe28fb1, 0xe28fb2, 0xe28fb3, 0xe28fb4, 0xe28fb5, 0xe28fb6, 0xe28fb7, 0xe28fb8,
    0xe28fb9, 0xe28fba, 0xe28fbb, 0xe28fbc, 0xe28fbd, 0xe28fbe, 0xe28fbf, 0xe29080, 0xe29081,
    0xe29082, 0xe29083, 0xe29084, 0xe29085, 0xe29086, 0xe29087, 0xe29088, 0xe29089, 0xe2908a,
    0xe2908b, 0xe2908c, 0xe2908d, 0xe2908e, 0xe2908f, 0xe29090, 0xe29091, 0xe29092, 0xe29093,
    0xe29094, 0xe29095, 0xe29096, 0xe29097, 0xe29098, 0xe29099, 0xe2909a, 0xe2909b, 0xe2909c,
    0xe2909d, 0xe2909e, 0xe2909f, 0xe290a0, 0xe290a1, 0xe290a2, 0xe290a3, 0xe290a4, 0xe290a5,
    0xe290a6, 0xe290a7, 0xe290a8, 0xe290a9, 0xe290aa, 0xe290ab, 0xe290ac, 0xe290ad, 0xe290ae,
    0xe290af, 0xe290b0, 0xe290b1, 0xe290b2, 0xe290b3, 0xe290b4, 0xe290b5, 0xe290b6, 0xe290b7,
    0xe290b8, 0xe290b9, 0xe290ba, 0xe290bb, 0xe290bc, 0xe290bd, 0xe290be, 0xe290bf, 0xe29180,
    0xe29181, 0xe29182, 0xe29183, 0xe29184, 0xe29185, 0xe29186, 0xe29187, 0xe29188, 0xe29189,
    0xe2918a, 0xe2918b, 0xe2918c, 0xe2918d, 0xe2918e, 0xe2918f, 0xe29190, 0xe29191, 0xe29192,
    0xe29193, 0xe29194, 0xe29195, 0xe29196, 0xe29197, 0xe29198, 0xe29199, 0xe2919a, 0xe2919b,
    0xe2919c, 0xe2919d, 0xe2919e, 0xe2919f, 0xe291aa, 0xe291ab, 0xe291ac, 0xe291ad, 0xe291ae,
    0xe291af, 0xe291b0, 0xe291b1, 0xe291b2, 0xe291b3, 0xe2929c, 0xe2929d, 0xe2929e, 0xe2929f,
    0xe292a0, 0xe292a1, 0xe292a2, 0xe292a3, 0xe292a4, 0xe292a5, 0xe292a6, 0xe292a7, 0xe292a8,
    0xe292a9, 0xe292aa, 0xe292ab, 0xe292ac, 0xe292ad, 0xe292ae, 0xe292af, 0xe292b0, 0xe292b1,
    0xe292b2, 0xe292b3, 0xe292b4, 0xe292b5, 0xe292b6, 0xe292b7, 0xe292b8, 0xe292b9, 0xe292ba,
    0xe292bb, 0xe292bc, 0xe292bd, 0xe292be, 0xe292bf, 0xe29380, 0xe29381, 0xe29382, 0xe29383,
    0xe29384, 0xe29385, 0xe29386, 0xe29387, 0xe29388, 0xe29389, 0xe2938a, 0xe2938b, 0xe2938c,
    0xe2938d, 0xe2938e, 0xe2938f, 0xe29390, 0xe29391, 0xe29392, 0xe29393, 0xe29394, 0xe29395,
    0xe29396, 0xe29397, 0xe29398, 0xe29399, 0xe2939a, 0xe2939b, 0xe2939c, 0xe2939d, 0xe2939e,
    0xe2939f, 0xe293a0, 0xe293a1, 0xe293a2, 0xe293a3, 0xe293a4, 0xe293a5, 0xe293a6, 0xe293a7,
    0xe293a8, 0xe293a9, 0xe293aa, 0xe293ab, 0xe293ac, 0xe293ad, 0xe293ae, 0xe293af, 0xe293b0,
    0xe293b1, 0xe293b2, 0xe293b3, 0xe293b4, 0xe293b5, 0xe293b6, 0xe293b7, 0xe293b8, 0xe293b9,
    0xe293ba, 0xe293bb, 0xe293bc, 0xe293bd, 0xe293be, 0xe293bf, 0xe2958c, 0xe2958d, 0xe2958e,
    0xe2958f, 0xe295b4, 0xe295b5, 0xe295b6, 0xe295b7, 0xe295b8, 0xe295b9, 0xe295ba, 0xe295bb,
    0xe295bc, 0xe295bd, 0xe295be, 0xe295bf, 0xe29680, 0xe29690, 0xe29691, 0xe29692, 0xe29696,
    0xe29697, 0xe29698, 0xe29699, 0xe2969a, 0xe2969b, 0xe2969c, 0xe2969d, 0xe2969e, 0xe2969f,
    0xe296a2, 0xe296a3, 0xe296a4, 0xe296a5, 0xe296a6, 0xe296a7, 0xe296a8, 0xe296a9, 0xe296aa,
    0xe296ab, 0xe296ac, 0xe296ad, 0xe296ae, 0xe296af, 0xe296b0, 0xe296b1, 0xe296b4, 0xe296b5,
    0xe296b6, 0xe296b7, 0xe296b8, 0xe296b9, 0xe296ba, 0xe296bb, 0xe296be, 0xe296bf, 0xe29780,
    0xe29781, 0xe29782, 0xe29783, 0xe29784, 0xe29785, 0xe29788, 0xe29789, 0xe2978a, 0xe2978c,
    0xe2978d, 0xe29790, 0xe29791, 0xe29792, 0xe29793, 0xe29794, 0xe29795, 0xe29796, 0xe29797,
    0xe29798, 0xe29799, 0xe2979a, 0xe2979b, 0xe2979c, 0xe2979d, 0xe2979e, 0xe2979f, 0xe297a0,
    0xe297a1, 0xe297a6, 0xe297a7, 0xe297a8, 0xe297a9, 0xe297aa, 0xe297ab, 0xe297ac, 0xe297ad,
    0xe297ae, 0xe297af, 0xe297b0, 0xe297b1, 0xe297b2, 0xe297b3, 0xe297b4, 0xe297b5, 0xe297b6,
    0xe297b7, 0xe297b8, 0xe297b9, 0xe297ba, 0xe297bb, 0xe297bc, 0xe297bd, 0xe297be, 0xe297bf,
    0xe29880, 0xe29881, 0xe29882, 0xe29883, 0xe29884, 0xe29887, 0xe29888, 0xe2988a, 0xe2988b,
    0xe2988c, 0xe2988d, 0xe2988e, 0xe2988f, 0xe29890, 0xe29891, 0xe29892, 0xe29893, 0xe29894,
    0xe29895, 0xe29896, 0xe29897, 0xe29898, 0xe29899, 0xe2989a, 0xe2989b, 0xe2989c, 0xe2989d,
    0xe2989e, 0xe2989f, 0xe298a0, 0xe298a1, 0xe298a2, 0xe298a3, 0xe298a4, 0xe298a5, 0xe298a6,
    0xe298a7, 0xe298a8, 0xe298a9, 0xe298aa, 0xe298ab, 0xe298ac, 0xe298ad, 0xe298ae, 0xe298af,
    0xe298b0, 0xe298b1, 0xe298b2, 0xe298b3, 0xe298b4, 0xe298b5, 0xe298b6, 0xe298b7, 0xe298b8,
    0xe298b9, 0xe298ba, 0xe298bb, 0xe298bc, 0xe298bd, 0xe298be, 0xe298bf, 0xe29981, 0x000000,
    0x000000, 0x000000, 0x000000, 0x000000, 0x000000, 0x000000, 0x000000, 0x000000, 0xe2ba82,
    0xe2ba83, 0xe2ba85, 0xe2ba86, 0xe2ba87, 0xe2ba89, 0xe2ba8a, 0xe2ba8d, 0xe2ba8e, 0xe2ba8f,
    0xe2ba90, 0xe2ba91, 0xe2ba92, 0xe2ba93, 0xe2ba94, 0xe2ba95, 0xe2ba96, 0xe2ba98, 0xe2ba99,
    0xe2ba9a, 0xe2ba9b, 0xe2ba9c, 0xe2ba9d, 0xe2ba9e, 0xe2ba9f, 0xe2baa0, 0xe2baa1, 0xe2baa2,
    0xe2baa3, 0xe2baa4, 0xe2baa5, 0xe2baa6, 0xe2baa8, 0xe2baa9, 0xe2baab, 0xe2baac, 0xe2baad,
    0xe2baaf, 0xe2bab0, 0xe2bab1, 0xe2bab2, 0xe2bab4, 0xe2bab5, 0xe2bab8, 0xe2bab9, 0xe2baba,
    0xe2babc, 0xe2babd, 0xe2babe, 0xe2babf, 0xe2bb80, 0xe2bb81, 0xe2bb82, 0xe2bb83, 0xe2bb84,
    0xe2bb85, 0xe2bb86, 0xe2bb87, 0xe2bb88, 0xe2bb89, 0xe2bb8b, 0xe2bb8c, 0xe2bb8d, 0xe2bb8e,
    0xe2bb8f, 0xe2bb90, 0xe2bb91, 0xe2bb92, 0xe2bb93, 0xe2bb94, 0xe2bb95, 0xe2bb96, 0xe2bb97,
    0xe2bb98, 0xe2bb99, 0xe2bb9a, 0xe2bb9b, 0xe2bb9c, 0xe2bb9d, 0xe2bb9e, 0xe2bb9f, 0xe2bba0,
    0xe2bba1, 0xe2bba2, 0xe2bba3, 0xe2bba4, 0xe2bba5, 0xe2bba6, 0xe2bba7, 0xe2bba8, 0xe2bba9,
    0xe2bbaa, 0xe2bbab, 0xe2bbac, 0xe2bbad, 0xe2bbae, 0xe2bbaf, 0xe2bbb0, 0xe2bbb1, 0xe2bbb2,
    0xe2bbb3, 0xe2bbb4, 0xe2bbb5, 0xe2bbb6, 0xe2bbb7, 0xe2bbb8, 0xe2bbb9, 0xe2bbba, 0xe2bbbb,
    0xe2bbbc, 0xe2bbbd, 0xe2bbbe, 0xe2bbbf, 0xe2bc80, 0xe2bc81, 0xe2bc82, 0xe2bc83, 0xe2bc84,
    0xe2bc85, 0xe2bc86, 0xe2bc87, 0xe2bc88, 0xe2bc89, 0xe2bc8a, 0xe2bc8b, 0xe2bc8c, 0xe2bc8d,
    0xe2bc8e, 0xe2bc8f, 0xe2bc90, 0xe2bc91, 0xe2bc92, 0xe2bc93, 0xe2bc94, 0xe2bc95, 0xe2bc96,
    0xe2bc97, 0xe2bc98, 0xe2bc99, 0xe2bc9a, 0xe2bc9b, 0xe2bc9c, 0xe2bc9d, 0xe2bc9e, 0xe2bc9f,
    0xe2bca0, 0xe2bca1, 0xe2bca2, 0xe2bca3, 0xe2bca4, 0xe2bca5, 0xe2bca6, 0xe2bca7, 0xe2bca8,
    0xe2bca9, 0xe2bcaa, 0xe2bcab, 0xe2bcac, 0xe2bcad, 0xe2bcae, 0xe2bcaf, 0xe2bcb0, 0xe2bcb1,
    0xe2bcb2, 0xe2bcb3, 0xe2bcb4, 0xe2bcb5, 0xe2bcb6, 0xe2bcb7, 0xe2bcb8, 0xe2bcb9, 0xe2bcba,
    0xe2bcbb, 0xe2bcbc, 0xe2bcbd, 0xe2bcbe, 0xe2bcbf, 0xe2bd80, 0xe2bd81, 0xe2bd82, 0xe2bd83,
    0xe2bd84, 0xe2bd85, 0xe2bd86, 0xe2bd87, 0xe2bd88, 0xe2bd89, 0xe2bd8a, 0xe2bd8b, 0xe2bd8c,
    0xe2bd8d, 0xe2bd8e, 0xe2bd8f, 0xe2bd90, 0xe2bd91, 0xe2bd92, 0xe2bd93, 0xe2bd94, 0xe2bd95,
    0xe2bd96, 0xe2bd97, 0xe2bd98, 0xe2bd99, 0xe2bd9a, 0xe2bd9b, 0xe2bd9c, 0xe2bd9d, 0xe2bd9e,
    0xe2bd9f, 0xe2bda0, 0xe2bda1, 0xe2bda2, 0xe2bda3, 0xe2bda4, 0xe2bda5, 0xe2bda6, 0xe2bda7,
    0xe2bda8, 0xe2bda9, 0xe2bdaa, 0xe2bdab, 0xe2bdac, 0xe2bdad, 0xe2bdae, 0xe2bdaf, 0xe2bdb0,
    0xe2bdb1, 0xe2bdb2, 0xe2bdb3, 0xe2bdb4, 0xe2bdb5, 0xe2bdb6, 0xe2bdb7, 0xe2bdb8, 0xe2bdb9,
    0xe2bdba, 0xe2bdbb, 0xe2bdbc, 0xe2bdbd, 0xe2bdbe, 0xe2bdbf, 0xe2be80, 0xe2be81, 0xe2be82,
    0xe2be83, 0xe2be84, 0xe2be85, 0xe2be86, 0xe2be87, 0xe2be88, 0xe2be89, 0xe2be8a, 0xe2be8b,
    0xe2be8c, 0xe2be8d, 0xe2be8e, 0xe2be8f, 0xe2be90, 0xe2be91, 0xe2be92, 0xe2be93, 0xe2be94,
    0xe2be95, 0xe2be96, 0xe2be97, 0xe2be98, 0xe2be99, 0xe2be9a, 0xe2be9b, 0xe2be9c, 0xe2be9d,
    0xe2be9e, 0xe2be9f, 0xe2bea0, 0xe2bea1, 0xe2bea2, 0xe2bea3, 0xe2bea4, 0xe2bea5, 0xe2bea6,
    0xe2bea7, 0xe2bea8, 0xe2bea9, 0xe2beaa, 0xe2beab, 0xe2beac, 0xe2bead, 0xe2beae, 0xe2beaf,
    0xe2beb0, 0xe2beb1, 0xe2beb2, 0xe2beb3, 0xe2beb4, 0xe2beb5, 0xe2beb6, 0xe2beb7, 0xe2beb8,
    0xe2beb9, 0xe2beba, 0xe2bebb, 0xe2bebc, 0xe2bebd, 0xe2bebe, 0xe2bebf, 0xe2bf80, 0xe2bf81,
    0xe2bf82, 0xe2bf83, 0xe2bf84, 0xe2bf85, 0xe2bf86, 0xe2bf87, 0xe2bf88, 0xe2bf89, 0xe2bf8a,
    0xe2bf8b, 0xe2bf8c, 0xe2bf8d, 0xe2bf8e, 0xe2bf8f, 0xe2bf90, 0xe2bf91, 0xe2bf92, 0xe2bf93,
    0xe2bf94, 0xe2bf95, 0xe2bf96, 0xe2bf97, 0xe2bf98, 0xe2bf99, 0xe2bf9a, 0xe2bf9b, 0xe2bf9c,
    0xe2bf9d, 0xe2bf9e, 0xe2bf9f, 0xe2bfa0, 0xe2bfa1, 0xe2bfa2, 0xe2bfa3, 0xe2bfa4, 0xe2bfa5,
    0xe2bfa6, 0xe2bfa7, 0xe2bfa8, 0xe2bfa9, 0xe2bfaa, 0xe2bfab, 0xe2bfac, 0xe2bfad, 0xe2bfae,
    0xe2bfaf, 0xe2bfbc, 0xe2bfbd, 0xe2bfbe, 0xe2bfbf, 0xe38084, 0xe38098, 0xe38099, 0xe3809a,
    0xe3809b, 0xe3809c, 0xe3809f, 0xe380a0, 0xe380aa, 0xe380ab, 0xe380ac, 0xe380ad, 0xe380ae,
    0xe380af, 0xe380b0, 0xe380b1, 0xe380b2, 0xe380b3, 0xe380b4, 0xe380b5, 0xe380b6, 0xe380b7,
    0xe380b8, 0xe380b9, 0xe380ba, 0xe380bb, 0xe380bc, 0xe380bd, 0xe380bf, 0xe38180, 0xe38294,
    0xe38295, 0xe38296, 0xe38297, 0xe38298, 0xe38299, 0xe3829a, 0xe3829f, 0xe382a0, 0xe383b7,
    0xe383b8, 0xe383b9, 0xe383ba, 0xe383bb, 0xe383bf, 0xe38480, 0xe38481, 0xe38482, 0xe38483,
    0xe38484, 0xe384aa, 0xe384ab, 0xe384ac, 0xe384ad, 0xe384ae, 0xe384af, 0xe384b0, 0xe384b1,
    0xe384b2, 0xe384b3, 0xe384b4, 0xe384b5, 0xe384b6, 0xe384b7, 0xe384b8, 0xe384b9, 0xe384ba,
    0xe384bb, 0xe384bc, 0xe384bd, 0xe384be, 0xe384bf, 0xe38580, 0xe38581, 0xe38582, 0xe38583,
    0xe38584, 0xe38585, 0xe38586, 0xe38587, 0xe38588, 0xe38589, 0xe3858a, 0xe3858b, 0xe3858c,
    0xe3858d, 0xe3858e, 0xe3858f, 0xe38590, 0xe38591, 0xe38592, 0xe38593, 0xe38594, 0xe38595,
    0xe38596, 0xe38597, 0xe38598, 0xe38599, 0xe3859a, 0xe3859b, 0xe3859c, 0xe3859d, 0xe3859e,
    0xe3859f, 0xe385a0, 0xe385a1, 0xe385a2, 0xe385a3, 0xe385a4, 0xe385a5, 0xe385a6, 0xe385a7,
    0xe385a8, 0xe385a9, 0xe385aa, 0xe385ab, 0xe385ac, 0xe385ad, 0xe385ae, 0xe385af, 0xe385b0,
    0xe385b1, 0xe385b2, 0xe385b3, 0xe385b4, 0xe385b5, 0xe385b6, 0xe385b7, 0xe385b8, 0xe385b9,
    0xe385ba, 0xe385bb, 0xe385bc, 0xe385bd, 0xe385be, 0xe385bf, 0xe38680, 0xe38681, 0xe38682,
    0xe38683, 0xe38684, 0xe38685, 0xe38686, 0xe38687, 0xe38688, 0xe38689, 0xe3868a, 0xe3868b,
    0xe3868c, 0xe3868d, 0xe3868e, 0xe3868f, 0xe38690, 0xe38691, 0xe38692, 0xe38693, 0xe38694,
    0xe38695, 0xe38696, 0xe38697, 0xe38698, 0xe38699, 0xe3869a, 0xe3869b, 0xe3869c, 0xe3869d,
    0xe3869e, 0xe3869f, 0xe386a0, 0xe386a1, 0xe386a2, 0xe386a3, 0xe386a4, 0xe386a5, 0xe386a6,
    0xe386a7, 0xe386a8, 0xe386a9, 0xe386aa, 0xe386ab, 0xe386ac, 0xe386ad, 0xe386ae, 0xe386af,
    0xe386b0, 0xe386b1, 0xe386b2, 0xe386b3, 0xe386b4, 0xe386b5, 0xe386b6, 0xe386b7, 0xe386b8,
    0xe386b9, 0xe386ba, 0xe386bb, 0xe386bc, 0xe386bd, 0xe386be, 0xe386bf, 0xe38780, 0xe38781,
    0xe38782, 0xe38783, 0xe38784, 0xe38785, 0xe38786, 0xe38787, 0xe38788, 0xe38789, 0xe3878a,
    0xe3878b, 0xe3878c, 0xe3878d, 0xe3878e, 0xe3878f, 0xe38790, 0xe38791, 0xe38792, 0xe38793,
    0xe38794, 0xe38795, 0xe38796, 0xe38797, 0xe38798, 0xe38799, 0xe3879a, 0xe3879b, 0xe3879c,
    0xe3879d, 0xe3879e, 0xe3879f, 0xe387a0, 0xe387a1, 0xe387a2, 0xe387a3, 0xe387a4, 0xe387a5,
    0xe387a6, 0xe387a7, 0xe387a8, 0xe387a9, 0xe387aa, 0xe387ab, 0xe387ac, 0xe387ad, 0xe387ae,
    0xe387af, 0xe387b0, 0xe387b1, 0xe387b2, 0xe387b3, 0xe387b4, 0xe387b5, 0xe387b6, 0xe387b7,
    0xe387b8, 0xe387b9, 0xe387ba, 0xe387bb, 0xe387bc, 0xe387bd, 0xe387be, 0xe387bf, 0xe38880,
    0xe38881, 0xe38882, 0xe38883, 0xe38884, 0xe38885, 0xe38886, 0xe38887, 0xe38888, 0xe38889,
    0xe3888a, 0xe3888b, 0xe3888c, 0xe3888d, 0xe3888e, 0xe3888f, 0xe38890, 0xe38891, 0xe38892,
    0xe38893, 0xe38894, 0xe38895, 0xe38896, 0xe38897, 0xe38898, 0xe38899, 0xe3889a, 0xe3889b,
    0xe3889c, 0xe3889d, 0xe3889e, 0xe3889f, 0xe388aa, 0xe388ab, 0xe388ac, 0xe388ad, 0xe388ae,
    0xe388af, 0xe388b0, 0xe388b2, 0xe388b3, 0xe388b4, 0xe388b5, 0xe388b6, 0xe388b7, 0xe388b8,
    0xe388b9, 0xe388ba, 0xe388bb, 0xe388bc, 0xe388bd, 0xe388be, 0xe388bf, 0xe38980, 0xe38981,
    0xe38982, 0xe38983, 0xe38984, 0xe38985, 0xe38986, 0xe38987, 0xe38988, 0xe38989, 0xe3898a,
    0xe3898b, 0xe3898c, 0xe3898d, 0xe3898e, 0xe3898f, 0xe38990, 0xe38991, 0xe38992, 0xe38993,
    0xe38994, 0xe38995, 0xe38996, 0xe38997, 0xe38998, 0xe38999, 0xe3899a, 0xe3899b, 0xe3899c,
    0xe3899d, 0xe3899e, 0xe3899f, 0xe389a0, 0xe389a1, 0xe389a2, 0xe389a3, 0xe389a4, 0xe389a5,
    0xe389a6, 0xe389a7, 0xe389a8, 0xe389a9, 0xe389aa, 0xe389ab, 0xe389ac, 0xe389ad, 0xe389ae,
    0xe389af, 0xe389b0, 0xe389b1, 0xe389b2, 0xe389b3, 0xe389b4, 0xe389b5, 0xe389b6, 0xe389b7,
    0xe389b8, 0xe389b9, 0xe389ba, 0xe389bb, 0xe389bc, 0xe389bd, 0xe389be, 0xe389bf, 0xe38a80,
    0xe38a81, 0xe38a82, 0xe38a83, 0xe38a84, 0xe38a85, 0xe38a86, 0xe38a87, 0xe38a88, 0xe38a89,
    0xe38a8a, 0xe38a8b, 0xe38a8c, 0xe38a8d, 0xe38a8e, 0xe38a8f, 0xe38a90, 0xe38a91, 0xe38a92,
    0xe38a93, 0xe38a94, 0xe38a95, 0xe38a96, 0xe38a97, 0xe38a98, 0xe38a99, 0xe38a9a, 0xe38a9b,
    0xe38a9c, 0xe38a9d, 0xe38a9e, 0xe38a9f, 0xe38aa0, 0xe38aa1, 0xe38aa2, 0xe38aa4, 0xe38aa5,
    0xe38aa6, 0xe38aa7, 0xe38aa8, 0xe38aa9, 0xe38aaa, 0xe38aab, 0xe38aac, 0xe38aad, 0xe38aae,
    0xe38aaf, 0xe38ab0, 0xe38ab1, 0xe38ab2, 0xe38ab3, 0xe38ab4, 0xe38ab5, 0xe38ab6, 0xe38ab7,
    0xe38ab8, 0xe38ab9, 0xe38aba, 0xe38abb, 0xe38abc, 0xe38abd, 0xe38abe, 0xe38abf, 0xe38b80,
    0xe38b81, 0xe38b82, 0xe38b83, 0xe38b84, 0xe38b85, 0xe38b86, 0xe38b87, 0xe38b88, 0xe38b89,
    0xe38b8a, 0xe38b8b, 0xe38b8c, 0xe38b8d, 0xe38b8e, 0xe38b8f, 0xe38b90, 0xe38b91, 0xe38b92,
    0xe38b93, 0xe38b94, 0xe38b95, 0xe38b96, 0xe38b97, 0xe38b98, 0xe38b99, 0xe38b9a, 0xe38b9b,
    0xe38b9c, 0xe38b9d, 0xe38b9e, 0xe38b9f, 0xe38ba0, 0xe38ba1, 0xe38ba2, 0xe38ba3, 0xe38ba4,
    0xe38ba5, 0xe38ba6, 0xe38ba7, 0xe38ba8, 0xe38ba9, 0xe38baa, 0xe38bab, 0xe38bac, 0xe38bad,
    0xe38bae, 0xe38baf, 0xe38bb0, 0xe38bb1, 0xe38bb2, 0xe38bb3, 0xe38bb4, 0xe38bb5, 0xe38bb6,
    0xe38bb7, 0xe38bb8, 0xe38bb9, 0xe38bba, 0xe38bbb, 0xe38bbc, 0xe38bbd, 0xe38bbe, 0xe38bbf,
    0xe38c80, 0xe38c81, 0xe38c82, 0xe38c83, 0xe38c84, 0xe38c85, 0xe38c86, 0xe38c87, 0xe38c88,
    0xe38c89, 0xe38c8a, 0xe38c8b, 0xe38c8c, 0xe38c8d, 0xe38c8e, 0xe38c8f, 0xe38c90, 0xe38c91,
    0xe38c92, 0xe38c93, 0xe38c94, 0xe38c95, 0xe38c96, 0xe38c97, 0xe38c98, 0xe38c99, 0xe38c9a,
    0xe38c9b, 0xe38c9c, 0xe38c9d, 0xe38c9e, 0xe38c9f, 0xe38ca0, 0xe38ca1, 0xe38ca2, 0xe38ca3,
    0xe38ca4, 0xe38ca5, 0xe38ca6, 0xe38ca7, 0xe38ca8, 0xe38ca9, 0xe38caa, 0xe38cab, 0xe38cac,
    0xe38cad, 0xe38cae, 0xe38caf, 0xe38cb0, 0xe38cb1, 0xe38cb2, 0xe38cb3, 0xe38cb4, 0xe38cb5,
    0xe38cb6, 0xe38cb7, 0xe38cb8, 0xe38cb9, 0xe38cba, 0xe38cbb, 0xe38cbc, 0xe38cbd, 0xe38cbe,
    0xe38cbf, 0xe38d80, 0xe38d81, 0xe38d82, 0xe38d83, 0xe38d84, 0xe38d85, 0xe38d86, 0xe38d87,
    0xe38d88, 0xe38d89, 0xe38d8a, 0xe38d8b, 0xe38d8c, 0xe38d8d, 0xe38d8e, 0xe38d8f, 0xe38d90,
    0xe38d91, 0xe38d92, 0xe38d93, 0xe38d94, 0xe38d95, 0xe38d96, 0xe38d97, 0xe38d98, 0xe38d99,
    0xe38d9a, 0xe38d9b, 0xe38d9c, 0xe38d9d, 0xe38d9e, 0xe38d9f, 0xe38da0, 0xe38da1, 0xe38da2,
    0xe38da3, 0xe38da4, 0xe38da5, 0xe38da6, 0xe38da7, 0xe38da8, 0xe38da9, 0xe38daa, 0xe38dab,
    0xe38dac, 0xe38dad, 0xe38dae, 0xe38daf, 0xe38db0, 0xe38db1, 0xe38db2, 0xe38db3, 0xe38db4,
    0xe38db5, 0xe38db6, 0xe38db7, 0xe38db8, 0xe38db9, 0xe38dba, 0xe38dbb, 0xe38dbc, 0xe38dbd,
    0xe38dbe, 0xe38dbf, 0xe38e80, 0xe38e81, 0xe38e82, 0xe38e83, 0xe38e84, 0xe38e85, 0xe38e86,
    0xe38e87, 0xe38e88, 0xe38e89, 0xe38e8a, 0xe38e8b, 0xe38e8c, 0xe38e8d, 0xe38e90, 0xe38e91,
    0xe38e92, 0xe38e93, 0xe38e94, 0xe38e95, 0xe38e96, 0xe38e97, 0xe38e98, 0xe38e99, 0xe38e9a,
    0xe38e9b, 0xe38e9f, 0xe38ea0, 0xe38ea2, 0xe38ea3, 0xe38ea4, 0xe38ea5, 0xe38ea6, 0xe38ea7,
    0xe38ea8, 0xe38ea9, 0xe38eaa, 0xe38eab, 0xe38eac, 0xe38ead, 0xe38eae, 0xe38eaf, 0xe38eb0,
    0xe38eb1, 0xe38eb2, 0xe38eb3, 0xe38eb4, 0xe38eb5, 0xe38eb6, 0xe38eb7, 0xe38eb8, 0xe38eb9,
    0xe38eba, 0xe38ebb, 0xe38ebc, 0xe38ebd, 0xe38ebe, 0xe38ebf, 0xe38f80, 0xe38f81, 0xe38f82,
    0xe38f83, 0xe38f85, 0xe38f86, 0xe38f87, 0xe38f88, 0xe38f89, 0xe38f8a, 0xe38f8b, 0xe38f8c,
    0xe38f8d, 0xe38f8f, 0xe38f90, 0xe38f93, 0xe38f94, 0xe38f96, 0xe38f97, 0xe38f98, 0xe38f99,
    0xe38f9a, 0xe38f9b, 0xe38f9c, 0xe38f9d, 0xe38f9e, 0xe38f9f, 0xe38fa0, 0xe38fa1, 0xe38fa2,
    0xe38fa3, 0xe38fa4, 0xe38fa5, 0xe38fa6, 0xe38fa7, 0xe38fa8, 0xe38fa9, 0xe38faa, 0xe38fab,
    0xe38fac, 0xe38fad, 0xe38fae, 0xe38faf, 0xe38fb0, 0xe38fb1, 0xe38fb2, 0xe38fb3, 0xe38fb4,
    0xe38fb5, 0xe38fb6, 0xe38fb7, 0xe38fb8, 0xe38fb9, 0xe38fba, 0xe38fbb, 0xe38fbc, 0xe38fbd,
    0xe38fbe, 0xe38fbf, 0xe39080, 0xe39081, 0xe39082, 0xe39083, 0xe39084, 0xe39085, 0xe39086,
    0xe39087, 0xe39088, 0xe39089, 0xe3908a, 0xe3908b, 0xe3908c, 0xe3908d, 0xe3908e, 0xe3908f,
    0xe39090, 0xe39091, 0xe39092, 0xe39093, 0xe39094, 0xe39095, 0xe39096, 0xe39097, 0xe39098,
    0xe39099, 0xe3909a, 0xe3909b, 0xe3909c, 0xe3909d, 0xe3909e, 0xe3909f, 0xe390a0, 0xe390a1,
    0xe390a2, 0xe390a3, 0xe390a4, 0xe390a5, 0xe390a6, 0xe390a7, 0xe390a8, 0xe390a9, 0xe390aa,
    0xe390ab, 0xe390ac, 0xe390ad, 0xe390ae, 0xe390af, 0xe390b0, 0xe390b1, 0xe390b2, 0xe390b3,
    0xe390b4, 0xe390b5, 0xe390b6, 0xe390b7, 0xe390b8, 0xe390b9, 0xe390ba, 0xe390bb, 0xe390bc,
    0xe390bd, 0xe390be, 0xe390bf, 0xe39180, 0xe39181, 0xe39182, 0xe39183, 0xe39184, 0xe39185,
    0xe39186, 0xe39188, 0xe39189, 0xe3918a, 0xe3918b, 0xe3918c, 0xe3918d, 0xe3918e, 0xe3918f,
    0xe39190, 0xe39191, 0xe39192, 0xe39193, 0xe39194, 0xe39195, 0xe39196, 0xe39197, 0xe39198,
    0xe39199, 0xe3919a, 0xe3919b, 0xe3919c, 0xe3919d, 0xe3919e, 0xe3919f, 0xe391a0, 0xe391a1,
    0xe391a2, 0xe391a3, 0xe391a4, 0xe391a5, 0xe391a6, 0xe391a7, 0xe391a8, 0xe391a9, 0xe391aa,
    0xe391ab, 0xe391ac, 0xe391ad, 0xe391ae, 0xe391af, 0xe391b0, 0xe391b1, 0xe391b2, 0xe391b4,
    0xe391b5, 0xe391b6, 0xe391b7, 0xe391b8, 0xe391b9, 0xe391ba, 0xe391bb, 0xe391bc, 0xe391bd,
    0xe391be, 0xe391bf, 0xe39280, 0xe39281, 0xe39282, 0xe39283, 0xe39284, 0xe39285, 0xe39286,
    0xe39287, 0xe39288, 0xe39289, 0xe3928a, 0xe3928b, 0xe3928c, 0xe3928d, 0xe3928e, 0xe3928f,
    0xe39290, 0xe39291, 0xe39292, 0xe39293, 0xe39294, 0xe39295, 0xe39296, 0xe39297, 0xe39298,
    0xe39299, 0xe3929a, 0xe3929b, 0xe3929c, 0xe3929d, 0xe3929e, 0xe3929f, 0xe392a0, 0xe392a1,
    0xe392a2, 0xe392a3, 0xe392a4, 0xe392a5, 0xe392a6, 0xe392a7, 0xe392a8, 0xe392a9, 0xe392aa,
    0xe392ab, 0xe392ac, 0xe392ad, 0xe392ae, 0xe392af, 0xe392b0, 0xe392b1, 0xe392b2, 0xe392b3,
    0xe392b4, 0xe392b5, 0xe392b6, 0xe392b7, 0xe392b8, 0xe392b9, 0xe392ba, 0xe392bb, 0xe392bc,
    0xe392bd, 0xe392be, 0xe392bf, 0xe39380, 0xe39381, 0xe39382, 0xe39383, 0xe39384, 0xe39385,
    0xe39386, 0xe39387, 0xe39388, 0xe39389, 0xe3938a, 0xe3938b, 0xe3938c, 0xe3938d, 0xe3938e,
    0xe3938f, 0xe39390, 0xe39391, 0xe39392, 0xe39393, 0xe39394, 0xe39395, 0xe39396, 0xe39397,
    0xe39398, 0xe39399, 0xe3939a, 0xe3939b, 0xe3939c, 0xe3939d, 0xe3939e, 0xe3939f, 0xe393a0,
    0xe393a1, 0xe393a2, 0xe393a3, 0xe393a4, 0xe393a5, 0xe393a6, 0xe393a7, 0xe393a8, 0xe393a9,
    0xe393aa, 0xe393ab, 0xe393ac, 0xe393ad, 0xe393ae, 0xe393af, 0xe393b0, 0xe393b1, 0xe393b2,
    0xe393b3, 0xe393b4, 0xe393b5, 0xe393b6, 0xe393b7, 0xe393b8, 0xe393b9, 0xe393ba, 0xe393bb,
    0xe393bc, 0xe393bd, 0xe393be, 0xe393bf, 0xe39480, 0xe39481, 0xe39482, 0xe39483, 0xe39484,
    0xe39485, 0xe39486, 0xe39487, 0xe39488, 0xe39489, 0xe3948a, 0xe3948b, 0xe3948c, 0xe3948d,
    0xe3948e, 0xe3948f, 0xe39490, 0xe39491, 0xe39492, 0xe39493, 0xe39494, 0xe39495, 0xe39496,
    0xe39497, 0xe39498, 0xe39499, 0xe3949a, 0xe3949b, 0xe3949c, 0xe3949d, 0xe3949e, 0xe3949f,
    0xe394a0, 0xe394a1, 0xe394a2, 0xe394a3, 0xe394a4, 0xe394a5, 0xe394a6, 0xe394a7, 0xe394a8,
    0xe394a9, 0xe394aa, 0xe394ab, 0xe394ac, 0xe394ad, 0xe394ae, 0xe394af, 0xe394b0, 0xe394b1,
    0xe394b2, 0xe394b3, 0xe394b4, 0xe394b5, 0xe394b6, 0xe394b7, 0xe394b8, 0xe394b9, 0xe394ba,
    0xe394bb, 0xe394bc, 0xe394bd, 0xe394be, 0xe394bf, 0xe39580, 0xe39581, 0xe39582, 0xe39583,
    0xe39584, 0xe39585, 0xe39586, 0xe39587, 0xe39588, 0xe39589, 0xe3958a, 0xe3958b, 0xe3958c,
    0xe3958d, 0xe3958e, 0xe3958f, 0xe39590, 0xe39591, 0xe39592, 0xe39593, 0xe39594, 0xe39595,
    0xe39596, 0xe39597, 0xe39598, 0xe39599, 0xe3959a, 0xe3959b, 0xe3959c, 0xe3959d, 0xe3959e,
    0xe3959f, 0xe395a0, 0xe395a1, 0xe395a2, 0xe395a3, 0xe395a4, 0xe395a5, 0xe395a6, 0xe395a7,
    0xe395a8, 0xe395a9, 0xe395aa, 0xe395ab, 0xe395ac, 0xe395ad, 0xe395ae, 0xe395af, 0xe395b0,
    0xe395b1, 0xe395b2, 0xe395b3, 0xe395b4, 0xe395b5, 0xe395b6, 0xe395b7, 0xe395b8, 0xe395b9,
    0xe395ba, 0xe395bb, 0xe395bc, 0xe395bd, 0xe395be, 0xe395bf, 0xe39680, 0xe39681, 0xe39682,
    0xe39683, 0xe39684, 0xe39685, 0xe39686, 0xe39687, 0xe39688, 0xe39689, 0xe3968a, 0xe3968b,
    0xe3968c, 0xe3968d, 0xe3968e, 0xe3968f, 0xe39690, 0xe39691, 0xe39692, 0xe39693, 0xe39694,
    0xe39695, 0xe39696, 0xe39697, 0xe39698, 0xe39699, 0xe3969a, 0xe3969b, 0xe3969c, 0xe3969d,
    0xe3969f, 0xe396a0, 0xe396a1, 0xe396a2, 0xe396a3, 0xe396a4, 0xe396a5, 0xe396a6, 0xe396a7,
    0xe396a8, 0xe396a9, 0xe396aa, 0xe396ab, 0xe396ac, 0xe396ad, 0xe396ae, 0xe396af, 0xe396b0,
    0xe396b1, 0xe396b2, 0xe396b3, 0xe396b4, 0xe396b5, 0xe396b6, 0xe396b7, 0xe396b8, 0xe396b9,
    0xe396ba, 0xe396bb, 0xe396bc, 0xe396bd, 0xe396be, 0xe396bf, 0xe39780, 0xe39781, 0xe39782,
    0xe39783, 0xe39784, 0xe39785, 0xe39786, 0xe39787, 0xe39788, 0xe39789, 0xe3978a, 0xe3978b,
    0xe3978c, 0xe3978d, 0xe3978e, 0xe3978f, 0xe39790, 0xe39791, 0xe39792, 0xe39793, 0xe39794,
    0xe39795, 0xe39796, 0xe39797, 0xe39798, 0xe39799, 0xe3979a, 0xe3979b, 0xe3979c, 0xe3979d,
    0xe3979e, 0xe3979f, 0xe397a0, 0xe397a1, 0xe397a2, 0xe397a3, 0xe397a4, 0xe397a5, 0xe397a6,
    0xe397a7, 0xe397a8, 0xe397a9, 0xe397aa, 0xe397ab, 0xe397ac, 0xe397ad, 0xe397ae, 0xe397af,
    0xe397b0, 0xe397b1, 0xe397b2, 0xe397b3, 0xe397b4, 0xe397b5, 0xe397b6, 0xe397b7, 0xe397b8,
    0xe397b9, 0xe397ba, 0xe397bb, 0xe397bc, 0xe397bd, 0xe397be, 0xe397bf, 0xe39880, 0xe39881,
    0xe39882, 0xe39883, 0xe39884, 0xe39885, 0xe39886, 0xe39887, 0xe39888, 0xe39889, 0xe3988a,
    0xe3988b, 0xe3988c, 0xe3988d, 0xe3988f, 0xe39890, 0xe39891, 0xe39892, 0xe39893, 0xe39894,
    0xe39895, 0xe39896, 0xe39897, 0xe39898, 0xe39899, 0x000000, 0x000000, 0x000000, 0x000000,
    0x000000, 0x000000, 0x000000, 0x000000, 0xe3a499, 0xe3a49a, 0xe3a49b, 0xe3a49c, 0xe3a49d,
    0xe3a49e, 0xe3a49f, 0xe3a4a0, 0xe3a4a1, 0xe3a4a2, 0xe3a4a3, 0xe3a4a4, 0xe3a4a5, 0xe3a4a6,
    0xe3a4a7, 0xe3a4a8, 0xe3a4a9, 0xe3a4aa, 0xe3a4ab, 0xe3a4ac, 0xe3a4ad, 0xe3a4ae, 0xe3a4af,
    0xe3a4b0, 0xe3a4b1, 0xe3a4b2, 0xe3a4b3, 0xe3a4b4, 0xe3a4b5, 0xe3a4b6, 0xe3a4b7, 0xe3a4b8,
    0xe3a4b9, 0xe3a4ba, 0xe3a4bb, 0xe3a4bc, 0xe3a4bd, 0xe3a4be, 0xe3a4bf, 0xe3a580, 0xe3a581,
    0xe3a582, 0xe3a583, 0xe3a584, 0xe3a585, 0xe3a586, 0xe3a587, 0xe3a588, 0xe3a589, 0xe3a58a,
    0xe3a58b, 0xe3a58c, 0xe3a58d, 0xe3a58e, 0xe3a58f, 0xe3a590, 0xe3a591, 0xe3a592, 0xe3a593,
    0xe3a594, 0xe3a595, 0xe3a596, 0xe3a597, 0xe3a598, 0xe3a599, 0xe3a59a, 0xe3a59b, 0xe3a59c,
    0xe3a59d, 0xe3a59e, 0xe3a59f, 0xe3a5a0, 0xe3a5a1, 0xe3a5a2, 0xe3a5a3, 0xe3a5a4, 0xe3a5a5,
    0xe3a5a6, 0xe3a5a7, 0xe3a5a8, 0xe3a5a9, 0xe3a5aa, 0xe3a5ab, 0xe3a5ac, 0xe3a5ad, 0xe3a5af,
    0xe3a5b0, 0xe3a5b1, 0xe3a5b2, 0xe3a5b3, 0xe3a5b4, 0xe3a5b5, 0xe3a5b6, 0xe3a5b7, 0xe3a5b8,
    0xe3a5b9, 0xe3a5ba, 0xe3a5bb, 0xe3a5bc, 0xe3a5bd, 0xe3a5be, 0xe3a5bf, 0xe3a680, 0xe3a681,
    0xe3a682, 0xe3a683, 0xe3a684, 0xe3a685, 0xe3a686, 0xe3a687, 0xe3a688, 0xe3a689, 0xe3a68a,
    0xe3a68b, 0xe3a68c, 0xe3a68d, 0xe3a68e, 0xe3a68f, 0xe3a690, 0xe3a691, 0xe3a692, 0xe3a693,
    0xe3a694, 0xe3a695, 0xe3a696, 0xe3a697, 0xe3a698, 0xe3a699, 0xe3a69a, 0xe3a69b, 0xe3a69c,
    0xe3a69d, 0xe3a69e, 0xe3a69f, 0xe3a6a0, 0xe3a6a1, 0xe3a6a2, 0xe3a6a3, 0xe3a6a4, 0xe3a6a5,
    0xe3a6a6, 0xe3a6a7, 0xe3a6a8, 0xe3a6a9, 0xe3a6aa, 0xe3a6ab, 0xe3a6ac, 0xe3a6ad, 0xe3a6ae,
    0xe3a6af, 0xe3a6b0, 0xe3a6b1, 0xe3a6b2, 0xe3a6b3, 0xe3a6b4, 0xe3a6b5, 0xe3a6b6, 0xe3a6b7,
    0xe3a6b8, 0xe3a6b9, 0xe3a6ba, 0xe3a6bb, 0xe3a6bc, 0xe3a6bd, 0xe3a6be, 0xe3a6bf, 0xe3a780,
    0xe3a781, 0xe3a782, 0xe3a783, 0xe3a784, 0xe3a785, 0xe3a786, 0xe3a787, 0xe3a788, 0xe3a789,
    0xe3a78a, 0xe3a78b, 0xe3a78c, 0xe3a78d, 0xe3a78e, 0xe3a791, 0xe3a792, 0xe3a793, 0xe3a794,
    0xe3a795, 0xe3a796, 0xe3a797, 0xe3a798, 0xe3a799, 0xe3a79a, 0xe3a79b, 0xe3a79c, 0xe3a79d,
    0xe3a79e, 0xe3a7a0, 0xe3a7a1, 0xe3a7a2, 0xe3a7a3, 0xe3a7a4, 0xe3a7a5, 0xe3a7a6, 0xe3a7a7,
    0xe3a7a8, 0xe3a7a9, 0xe3a7aa, 0xe3a7ab, 0xe3a7ac, 0xe3a7ad, 0xe3a7ae, 0xe3a7af, 0xe3a7b0,
    0xe3a7b1, 0xe3a7b2, 0xe3a7b3, 0xe3a7b4, 0xe3a7b5, 0xe3a7b6, 0xe3a7b7, 0xe3a7b8, 0xe3a7b9,
    0xe3a7ba, 0xe3a7bb, 0xe3a7bc, 0xe3a7bd, 0xe3a7be, 0xe3a7bf, 0xe3a880, 0xe3a881, 0xe3a882,
    0xe3a883, 0xe3a884, 0xe3a885, 0xe3a886, 0xe3a887, 0xe3a888, 0xe3a889, 0xe3a88a, 0xe3a88b,
    0xe3a88c, 0xe3a88d, 0xe3a88e, 0xe3a88f, 0xe3a890, 0xe3a891, 0xe3a892, 0xe3a893, 0xe3a894,
    0xe3a895, 0xe3a896, 0xe3a897, 0xe3a898, 0xe3a899, 0xe3a89a, 0xe3a89b, 0xe3a89c, 0xe3a89d,
    0xe3a89e, 0xe3a89f, 0xe3a8a0, 0xe3a8a1, 0xe3a8a2, 0xe3a8a3, 0xe3a8a4, 0xe3a8a5, 0xe3a8a6,
    0xe3a8a7, 0xe3a8a8, 0xe3a8a9, 0xe3a8aa, 0xe3a8ab, 0xe3a8ac, 0xe3a8ad, 0xe3a8ae, 0xe3a8af,
    0xe3a8b0, 0xe3a8b1, 0xe3a8b2, 0xe3a8b3, 0xe3a8b4, 0xe3a8b5, 0xe3a8b6, 0xe3a8b7, 0xe3a8b8,
    0xe3a8b9, 0xe3a8ba, 0xe3a8bb, 0xe3a8bc, 0xe3a8bd, 0xe3a8be, 0xe3a8bf, 0xe3a980, 0xe3a981,
    0xe3a982, 0xe3a983, 0xe3a984, 0xe3a985, 0xe3a986, 0xe3a987, 0xe3a988, 0xe3a989, 0xe3a98a,
    0xe3a98b, 0xe3a98c, 0xe3a98d, 0xe3a98e, 0xe3a98f, 0xe3a990, 0xe3a991, 0xe3a992, 0xe3a993,
    0xe3a994, 0xe3a995, 0xe3a996, 0xe3a997, 0xe3a998, 0xe3a999, 0xe3a99a, 0xe3a99b, 0xe3a99c,
    0xe3a99d, 0xe3a99e, 0xe3a99f, 0xe3a9a0, 0xe3a9a1, 0xe3a9a2, 0xe3a9a3, 0xe3a9a4, 0xe3a9a5,
    0xe3a9a6, 0xe3a9a7, 0xe3a9a8, 0xe3a9a9, 0xe3a9aa, 0xe3a9ab, 0xe3a9ac, 0xe3a9ad, 0xe3a9ae,
    0xe3a9af, 0xe3a9b0, 0xe3a9b1, 0xe3a9b2, 0xe3a9b4, 0xe3a9b5, 0xe3a9b6, 0xe3a9b7, 0xe3a9b8,
    0xe3a9b9, 0xe3a9ba, 0xe3a9bb, 0xe3a9bc, 0xe3a9bd, 0xe3a9be, 0xe3a9bf, 0xe3aa80, 0xe3aa81,
    0xe3aa82, 0xe3aa83, 0xe3aa84, 0xe3aa85, 0xe3aa86, 0xe3aa87, 0xe3aa88, 0xe3aa89, 0xe3aa8a,
    0xe3aa8b, 0xe3aa8c, 0xe3aa8d, 0xe3aa8e, 0xe3aa8f, 0xe3aa90, 0xe3aa91, 0xe3aa92, 0xe3aa93,
    0xe3aa94, 0xe3aa95, 0xe3aa96, 0xe3aa97, 0xe3aa98, 0xe3aa99, 0xe3aa9a, 0xe3aa9b, 0xe3aa9c,
    0xe3aa9d, 0xe3aa9e, 0xe3aa9f, 0xe3aaa0, 0xe3aaa1, 0xe3aaa2, 0xe3aaa3, 0xe3aaa4, 0xe3aaa5,
    0xe3aaa6, 0xe3aaa7, 0xe3aaa8, 0xe3aaa9, 0xe3aaaa, 0xe3aaab, 0xe3aaac, 0xe3aaad, 0xe3aaae,
    0xe3aaaf, 0xe3aab0, 0xe3aab1, 0xe3aab2, 0xe3aab3, 0xe3aab4, 0xe3aab5, 0xe3aab6, 0xe3aab7,
    0xe3aab8, 0xe3aab9, 0xe3aaba, 0xe3aabb, 0xe3aabc, 0xe3aabd, 0xe3aabe, 0xe3aabf, 0xe3ab80,
    0xe3ab81, 0xe3ab82, 0xe3ab83, 0xe3ab84, 0xe3ab85, 0xe3ab86, 0xe3ab87, 0xe3ab88, 0xe3ab89,
    0xe3ab8a, 0xe3ab8b, 0xe3ab8c, 0xe3ab8d, 0xe3ab8e, 0xe3ab8f, 0xe3ab90, 0xe3ab91, 0xe3ab92,
    0xe3ab93, 0xe3ab94, 0xe3ab95, 0xe3ab96, 0xe3ab97, 0xe3ab98, 0xe3ab99, 0xe3ab9a, 0xe3ab9b,
    0xe3ab9c, 0xe3ab9d, 0xe3ab9e, 0xe3ab9f, 0xe3aba0, 0xe3aba1, 0xe3aba2, 0xe3aba3, 0xe3aba4,
    0xe3aba5, 0xe3aba6, 0xe3aba7, 0xe3aba8, 0xe3aba9, 0xe3abaa, 0xe3abab, 0xe3abac, 0xe3abad,
    0xe3abae, 0xe3abaf, 0xe3abb0, 0xe3abb1, 0xe3abb2, 0xe3abb3, 0xe3abb4, 0xe3abb5, 0xe3abb6,
    0xe3abb7, 0xe3abb8, 0xe3abb9, 0xe3abba, 0xe3abbb, 0xe3abbc, 0xe3abbd, 0xe3abbe, 0xe3abbf,
    0xe3ac80, 0xe3ac81, 0xe3ac82, 0xe3ac83, 0xe3ac84, 0xe3ac85, 0xe3ac86, 0xe3ac87, 0xe3ac88,
    0xe3ac89, 0xe3ac8a, 0xe3ac8b, 0xe3ac8c, 0xe3ac8d, 0xe3ac8e, 0xe3ac8f, 0xe3ac90, 0xe3ac91,
    0xe3ac92, 0xe3ac93, 0xe3ac94, 0xe3ac95, 0xe3ac96, 0xe3ac97, 0xe3ac98, 0xe3ac99, 0xe3ac9a,
    0xe3ac9b, 0xe3ac9c, 0xe3ac9d, 0xe3ac9e, 0xe3ac9f, 0xe3aca0, 0xe3aca1, 0xe3aca2, 0xe3aca3,
    0xe3aca4, 0xe3aca5, 0xe3aca6, 0xe3aca7, 0xe3aca8, 0xe3aca9, 0xe3acaa, 0xe3acab, 0xe3acac,
    0xe3acad, 0xe3acae, 0xe3acaf, 0xe3acb0, 0xe3acb1, 0xe3acb2, 0xe3acb3, 0xe3acb4, 0xe3acb5,
    0xe3acb6, 0xe3acb7, 0xe3acb8, 0xe3acb9, 0xe3acba, 0xe3acbb, 0xe3acbc, 0xe3acbd, 0xe3acbe,
    0xe3acbf, 0xe3ad80, 0xe3ad81, 0xe3ad82, 0xe3ad83, 0xe3ad84, 0xe3ad85, 0xe3ad86, 0xe3ad87,
    0xe3ad88, 0xe3ad89, 0xe3ad8a, 0xe3ad8b, 0xe3ad8c, 0xe3ad8d, 0xe3ad8f, 0xe3ad90, 0xe3ad91,
    0xe3ad92, 0xe3ad93, 0xe3ad94, 0xe3ad95, 0xe3ad96, 0xe3ad97, 0xe3ad98, 0xe3ad99, 0xe3ad9a,
    0xe3ad9b, 0xe3ad9c, 0xe3ad9d, 0xe3ad9e, 0xe3ad9f, 0xe3ada0, 0xe3ada1, 0xe3ada2, 0xe3ada3,
    0xe3ada4, 0xe3ada5, 0xe3ada6, 0xe3ada7, 0xe3ada8, 0xe3ada9, 0xe3adaa, 0xe3adab, 0xe3adac,
    0xe3adad, 0xe3adae, 0xe3adaf, 0xe3adb0, 0xe3adb1, 0xe3adb2, 0xe3adb3, 0xe3adb4, 0xe3adb5,
    0xe3adb6, 0xe3adb7, 0xe3adb8, 0xe3adb9, 0xe3adba, 0xe3adbb, 0xe3adbc, 0xe3adbd, 0xe3adbe,
    0xe3adbf, 0xe3ae80, 0xe3ae81, 0xe3ae82, 0xe3ae83, 0xe3ae84, 0xe3ae85, 0xe3ae86, 0xe3ae87,
    0xe3ae88, 0xe3ae89, 0xe3ae8a, 0xe3ae8b, 0xe3ae8c, 0xe3ae8d, 0xe3ae8e, 0xe3ae8f, 0xe3ae90,
    0xe3ae91, 0xe3ae92, 0xe3ae93, 0xe3ae94, 0xe3ae95, 0xe3ae96, 0xe3ae97, 0xe3ae98, 0xe3ae99,
    0xe3ae9a, 0xe3ae9b, 0xe3ae9c, 0xe3ae9d, 0xe3ae9e, 0xe3ae9f, 0xe3aea0, 0xe3aea1, 0xe3aea2,
    0xe3aea3, 0xe3aea4, 0xe3aea5, 0xe3aea6, 0xe3aea7, 0xe3aea8, 0xe3aea9, 0xe3aeaa, 0xe3aeab,
    0xe3aeac, 0xe3aead, 0xe3aeae, 0xe3aeaf, 0xe3aeb0, 0xe3aeb1, 0xe3aeb2, 0xe3aeb3, 0xe3aeb4,
    0xe3aeb5, 0xe3aeb6, 0xe3aeb7, 0xe3aeb8, 0xe3aeb9, 0xe3aeba, 0xe3aebb, 0xe3aebc, 0xe3aebd,
    0xe3aebe, 0xe3aebf, 0xe3af80, 0xe3af81, 0xe3af82, 0xe3af83, 0xe3af84, 0xe3af85, 0xe3af86,
    0xe3af87, 0xe3af88, 0xe3af89, 0xe3af8a, 0xe3af8b, 0xe3af8c, 0xe3af8d, 0xe3af8e, 0xe3af8f,
    0xe3af90, 0xe3af91, 0xe3af92, 0xe3af93, 0xe3af94, 0xe3af95, 0xe3af96, 0xe3af97, 0xe3af98,
    0xe3af99, 0xe3af9a, 0xe3af9b, 0xe3af9c, 0xe3af9d, 0xe3af9e, 0xe3af9f, 0xe3afa0, 0xe3afa1,
    0xe3afa2, 0xe3afa3, 0xe3afa4, 0xe3afa5, 0xe3afa6, 0xe3afa7, 0xe3afa8, 0xe3afa9, 0xe3afaa,
    0xe3afab, 0xe3afac, 0xe3afad, 0xe3afae, 0xe3afaf, 0xe3afb0, 0xe3afb1, 0xe3afb2, 0xe3afb3,
    0xe3afb4, 0xe3afb5, 0xe3afb6, 0xe3afb7, 0xe3afb8, 0xe3afb9, 0xe3afba, 0xe3afbb, 0xe3afbc,
    0xe3afbd, 0xe3afbe, 0xe3afbf, 0xe3b080, 0xe3b081, 0xe3b082, 0xe3b083, 0xe3b084, 0xe3b085,
    0xe3b086, 0xe3b087, 0xe3b088, 0xe3b089, 0xe3b08a, 0xe3b08b, 0xe3b08c, 0xe3b08d, 0xe3b08e,
    0xe3b08f, 0xe3b090, 0xe3b091, 0xe3b092, 0xe3b093, 0xe3b094, 0xe3b095, 0xe3b096, 0xe3b097,
    0xe3b098, 0xe3b099, 0xe3b09a, 0xe3b09b, 0xe3b09c, 0xe3b09d, 0xe3b09e, 0xe3b09f, 0xe3b0a0,
    0xe3b0a1, 0xe3b0a2, 0xe3b0a3, 0xe3b0a4, 0xe3b0a5, 0xe3b0a6, 0xe3b0a7, 0xe3b0a8, 0xe3b0a9,
    0xe3b0aa, 0xe3b0ab, 0xe3b0ac, 0xe3b0ad, 0xe3b0ae, 0xe3b0af, 0xe3b0b0, 0xe3b0b1, 0xe3b0b2,
    0xe3b0b3, 0xe3b0b4, 0xe3b0b5, 0xe3b0b6, 0xe3b0b7, 0xe3b0b8, 0xe3b0b9, 0xe3b0ba, 0xe3b0bb,
    0xe3b0bc, 0xe3b0bd, 0xe3b0be, 0xe3b0bf, 0xe3b180, 0xe3b181, 0xe3b182, 0xe3b183, 0xe3b184,
    0xe3b185, 0xe3b186, 0xe3b187, 0xe3b188, 0xe3b189, 0xe3b18a, 0xe3b18b, 0xe3b18c, 0xe3b18d,
    0xe3b18e, 0xe3b18f, 0xe3b190, 0xe3b191, 0xe3b192, 0xe3b193, 0xe3b194, 0xe3b195, 0xe3b196,
    0xe3b197, 0xe3b198, 0xe3b199, 0xe3b19a, 0xe3b19b, 0xe3b19c, 0xe3b19d, 0xe3b19e, 0xe3b19f,
    0xe3b1a0, 0xe3b1a1, 0xe3b1a2, 0xe3b1a3, 0xe3b1a4, 0xe3b1a5, 0xe3b1a6, 0xe3b1a7, 0xe3b1a8,
    0xe3b1a9, 0xe3b1aa, 0xe3b1ab, 0xe3b1ac, 0xe3b1ad, 0xe3b1af, 0xe3b1b0, 0xe3b1b1, 0xe3b1b2,
    0xe3b1b3, 0xe3b1b4, 0xe3b1b5, 0xe3b1b6, 0xe3b1b7, 0xe3b1b8, 0xe3b1b9, 0xe3b1ba, 0xe3b1bb,
    0xe3b1bc, 0xe3b1bd, 0xe3b1be, 0xe3b1bf, 0xe3b280, 0xe3b281, 0xe3b282, 0xe3b283, 0xe3b284,
    0xe3b285, 0xe3b286, 0xe3b287, 0xe3b288, 0xe3b289, 0xe3b28a, 0xe3b28b, 0xe3b28c, 0xe3b28d,
    0xe3b28e, 0xe3b28f, 0xe3b290, 0xe3b291, 0xe3b292, 0xe3b293, 0xe3b294, 0xe3b295, 0xe3b296,
    0xe3b297, 0xe3b298, 0xe3b299, 0xe3b29a, 0xe3b29b, 0xe3b29c, 0xe3b29d, 0xe3b29e, 0xe3b29f,
    0xe3b2a0, 0xe3b2a1, 0xe3b2a2, 0xe3b2a3, 0xe3b2a4, 0xe3b2a5, 0xe3b2a6, 0xe3b2a7, 0xe3b2a8,
    0xe3b2a9, 0xe3b2aa, 0xe3b2ab, 0xe3b2ac, 0xe3b2ad, 0xe3b2ae, 0xe3b2af, 0xe3b2b0, 0xe3b2b1,
    0xe3b2b2, 0xe3b2b3, 0xe3b2b4, 0xe3b2b5, 0xe3b2b6, 0xe3b2b7, 0xe3b2b8, 0xe3b2b9, 0xe3b2ba,
    0xe3b2bb, 0xe3b2bc, 0xe3b2bd, 0xe3b2be, 0xe3b2bf, 0xe3b380, 0xe3b381, 0xe3b382, 0xe3b383,
    0xe3b384, 0xe3b385, 0xe3b386, 0xe3b387, 0xe3b388, 0xe3b389, 0xe3b38a, 0xe3b38b, 0xe3b38c,
    0xe3b38d, 0xe3b38e, 0xe3b38f, 0xe3b390, 0xe3b391, 0xe3b392, 0xe3b393, 0xe3b394, 0xe3b395,
    0xe3b396, 0xe3b397, 0xe3b398, 0xe3b399, 0xe3b39a, 0xe3b39b, 0xe3b39c, 0xe3b39d, 0xe3b39e,
    0xe3b39f, 0x000000, 0x000000, 0x000000, 0xe48197, 0xe48198, 0xe48199, 0xe4819a, 0xe4819b,
    0xe4819c, 0xe4819d, 0xe4819e, 0xe4819f, 0xe481a0, 0xe481a1, 0xe481a2, 0xe481a3, 0xe481a4,
    0xe481a5, 0xe481a6, 0xe481a7, 0xe481a8, 0xe481a9, 0xe481aa, 0xe481ab, 0xe481ac, 0xe481ad,
    0xe481ae, 0xe481af, 0xe481b0, 0xe481b1, 0xe481b2, 0xe481b3, 0xe481b4, 0xe481b5, 0xe481b6,
    0xe481b7, 0xe481b8, 0xe481b9, 0xe481ba, 0xe481bb, 0xe481bc, 0xe481bd, 0xe481be, 0xe481bf,
    0xe48280, 0xe48281, 0xe48282, 0xe48283, 0xe48284, 0xe48285, 0xe48286, 0xe48287, 0xe48288,
    0xe48289, 0xe4828a, 0xe4828b, 0xe4828c, 0xe4828d, 0xe4828e, 0xe4828f, 0xe48290, 0xe48291,
    0xe48292, 0xe48293, 0xe48294, 0xe48295, 0xe48296, 0xe48297, 0xe48298, 0xe48299, 0xe4829a,
    0xe4829b, 0xe4829c, 0xe4829d, 0xe4829e, 0xe4829f, 0xe482a0, 0xe482a1, 0xe482a2, 0xe482a3,
    0xe482a4, 0xe482a5, 0xe482a6, 0xe482a7, 0xe482a8, 0xe482a9, 0xe482aa, 0xe482ab, 0xe482ac,
    0xe482ad, 0xe482ae, 0xe482af, 0xe482b0, 0xe482b1, 0xe482b2, 0xe482b3, 0xe482b4, 0xe482b5,
    0xe482b6, 0xe482b7, 0xe482b8, 0xe482b9, 0xe482ba, 0xe482bb, 0xe482bc, 0xe482bd, 0xe482be,
    0xe482bf, 0xe48380, 0xe48381, 0xe48382, 0xe48383, 0xe48384, 0xe48385, 0xe48386, 0xe48387,
    0xe48388, 0xe48389, 0xe4838a, 0xe4838b, 0xe4838c, 0xe4838d, 0xe4838e, 0xe4838f, 0xe48390,
    0xe48391, 0xe48392, 0xe48393, 0xe48394, 0xe48395, 0xe48396, 0xe48397, 0xe48398, 0xe48399,
    0xe4839a, 0xe4839b, 0xe4839c, 0xe4839d, 0xe4839e, 0xe4839f, 0xe483a0, 0xe483a1, 0xe483a2,
    0xe483a3, 0xe483a4, 0xe483a5, 0xe483a6, 0xe483a7, 0xe483a8, 0xe483a9, 0xe483aa, 0xe483ab,
    0xe483ac, 0xe483ad, 0xe483ae, 0xe483af, 0xe483b0, 0xe483b1, 0xe483b2, 0xe483b3, 0xe483b4,
    0xe483b5, 0xe483b6, 0xe483b7, 0xe483b8, 0xe483b9, 0xe483ba, 0xe483bb, 0xe483bc, 0xe483bd,
    0xe483be, 0xe483bf, 0xe48480, 0xe48481, 0xe48482, 0xe48483, 0xe48484, 0xe48485, 0xe48486,
    0xe48487, 0xe48488, 0xe48489, 0xe4848a, 0xe4848b, 0xe4848c, 0xe4848d, 0xe4848e, 0xe4848f,
    0xe48490, 0xe48491, 0xe48492, 0xe48493, 0xe48494, 0xe48495, 0xe48496, 0xe48497, 0xe48498,
    0xe48499, 0xe4849a, 0xe4849b, 0xe4849c, 0xe4849d, 0xe4849e, 0xe4849f, 0xe484a0, 0xe484a1,
    0xe484a2, 0xe484a3, 0xe484a4, 0xe484a5, 0xe484a6, 0xe484a7, 0xe484a8, 0xe484a9, 0xe484aa,
    0xe484ab, 0xe484ac, 0xe484ad, 0xe484ae, 0xe484af, 0xe484b0, 0xe484b1, 0xe484b2, 0xe484b3,
    0xe484b4, 0xe484b5, 0xe484b6, 0xe484b7, 0xe484b8, 0xe484b9, 0xe484ba, 0xe484bb, 0xe484bc,
    0xe484bd, 0xe484be, 0xe484bf, 0xe48580, 0xe48581, 0xe48582, 0xe48583, 0xe48584, 0xe48585,
    0xe48586, 0xe48587, 0xe48588, 0xe48589, 0xe4858a, 0xe4858b, 0xe4858c, 0xe4858d, 0xe4858e,
    0xe4858f, 0xe48590, 0xe48591, 0xe48592, 0xe48593, 0xe48594, 0xe48595, 0xe48596, 0xe48597,
    0xe48598, 0xe48599, 0xe4859a, 0xe4859b, 0xe4859c, 0xe4859d, 0xe4859e, 0x000000, 0x000000,
    0x000000, 0x000000, 0x000000, 0x000000, 0x000000, 0x000000, 0xe48cb8, 0xe48cb9, 0xe48cba,
    0xe48cbb, 0xe48cbc, 0xe48cbd, 0xe48cbe, 0xe48cbf, 0xe48d80, 0xe48d81, 0xe48d82, 0xe48d83,
    0xe48d84, 0xe48d85, 0xe48d86, 0xe48d87, 0xe48d88, 0xe48d89, 0xe48d8a, 0xe48d8b, 0xe48d8c,
    0xe48d8d, 0xe48d8e, 0xe48d8f, 0xe48d90, 0xe48d91, 0xe48d92, 0xe48d93, 0xe48d94, 0xe48d95,
    0xe48d96, 0xe48d97, 0xe48d98, 0xe48d99, 0xe48d9a, 0xe48d9b, 0xe48d9c, 0xe48d9d, 0xe48d9e,
    0xe48d9f, 0xe48da0, 0xe48da1, 0xe48da2, 0xe48da3, 0xe48da4, 0xe48da5, 0xe48da6, 0xe48da7,
    0xe48da8, 0xe48da9, 0xe48daa, 0xe48dab, 0xe48dac, 0xe48dad, 0xe48dae, 0xe48daf, 0xe48db0,
    0xe48db1, 0xe48db2, 0xe48db3, 0xe48db4, 0xe48db5, 0xe48db6, 0xe48db7, 0xe48db8, 0xe48db9,
    0xe48dba, 0xe48dbb, 0xe48dbc, 0xe48dbd, 0xe48dbe, 0xe48dbf, 0xe48e80, 0xe48e81, 0xe48e82,
    0xe48e83, 0xe48e84, 0xe48e85, 0xe48e86, 0xe48e87, 0xe48e88, 0xe48e89, 0xe48e8a, 0xe48e8b,
    0xe48e8c, 0xe48e8d, 0xe48e8e, 0xe48e8f, 0xe48e90, 0xe48e91, 0xe48e92, 0xe48e93, 0xe48e94,
    0xe48e95, 0xe48e96, 0xe48e97, 0xe48e98, 0xe48e99, 0xe48e9a, 0xe48e9b, 0xe48e9c, 0xe48e9d,
    0xe48e9e, 0xe48e9f, 0xe48ea0, 0xe48ea1, 0xe48ea2, 0xe48ea3, 0xe48ea4, 0xe48ea5, 0xe48ea6,
    0xe48ea7, 0xe48ea8, 0xe48ea9, 0xe48eaa, 0xe48eab, 0xe48ead, 0xe48eae, 0xe48eaf, 0xe48eb0,
    0xe48eb2, 0xe48eb3, 0xe48eb4, 0xe48eb5, 0xe48eb6, 0xe48eb7, 0xe48eb8, 0xe48eb9, 0xe48eba,
    0xe48ebb, 0xe48ebc, 0xe48ebd, 0xe48ebe, 0xe48ebf, 0xe48f80, 0xe48f81, 0xe48f82, 0xe48f83,
    0xe48f84, 0xe48f85, 0xe48f86, 0xe48f87, 0xe48f88, 0xe48f89, 0xe48f8a, 0xe48f8b, 0xe48f8c,
    0xe48f8d, 0xe48f8e, 0xe48f8f, 0xe48f90, 0xe48f91, 0xe48f92, 0xe48f93, 0xe48f94, 0xe48f95,
    0xe48f96, 0xe48f97, 0xe48f98, 0xe48f99, 0xe48f9a, 0xe48f9b, 0xe48f9c, 0xe48f9e, 0xe48f9f,
    0xe48fa0, 0xe48fa1, 0xe48fa2, 0xe48fa3, 0xe48fa4, 0xe48fa5, 0xe48fa6, 0xe48fa7, 0xe48fa8,
    0xe48fa9, 0xe48faa, 0xe48fab, 0xe48fac, 0xe48fad, 0xe48fae, 0xe48faf, 0xe48fb0, 0xe48fb1,
    0xe48fb2, 0xe48fb3, 0xe48fb4, 0xe48fb5, 0xe48fb6, 0xe48fb7, 0xe48fb8, 0xe48fb9, 0xe48fba,
    0xe48fbb, 0xe48fbc, 0xe48fbd, 0xe48fbe, 0xe48fbf, 0xe49080, 0xe49081, 0xe49082, 0xe49083,
    0xe49084, 0xe49085, 0xe49086, 0xe49087, 0xe49088, 0xe49089, 0xe4908a, 0xe4908b, 0xe4908c,
    0xe4908d, 0xe4908e, 0xe4908f, 0xe49090, 0xe49091, 0xe49092, 0xe49093, 0xe49094, 0xe49095,
    0xe49096, 0xe49097, 0xe49098, 0xe49099, 0xe4909a, 0xe4909b, 0xe4909c, 0xe4909d, 0xe4909e,
    0xe4909f, 0xe490a0, 0xe490a1, 0xe490a2, 0xe490a3, 0xe490a4, 0xe490a5, 0xe490a6, 0xe490a7,
    0xe490a8, 0xe490a9, 0xe490aa, 0xe490ab, 0xe490ac, 0xe490ad, 0xe490ae, 0xe490af, 0xe490b0,
    0xe490b1, 0xe490b2, 0xe490b3, 0xe490b4, 0xe490b5, 0xe490b6, 0xe490b7, 0xe490b8, 0xe490b9,
    0xe490ba, 0xe490bb, 0xe490bc, 0xe490bd, 0xe490be, 0xe490bf, 0xe49180, 0xe49181, 0xe49182,
    0xe49183, 0xe49184, 0xe49185, 0xe49186, 0xe49187, 0xe49188, 0xe49189, 0xe4918a, 0xe4918b,
    0xe4918c, 0xe4918d, 0xe4918e, 0xe4918f, 0xe49190, 0xe49191, 0xe49192, 0xe49193, 0xe49194,
    0xe49195, 0xe49196, 0xe49197, 0xe49198, 0xe49199, 0xe4919a, 0xe4919b, 0xe4919c, 0xe4919d,
    0xe4919e, 0xe4919f, 0xe491a0, 0xe491a1, 0xe491a2, 0xe491a3, 0xe491a4, 0xe491a5, 0xe491a6,
    0xe491a7, 0xe491a8, 0xe491a9, 0xe491aa, 0xe491ab, 0xe491ac, 0xe491ad, 0xe491ae, 0xe491af,
    0xe491b0, 0xe491b1, 0xe491b2, 0xe491b3, 0xe491b4, 0xe491b5, 0xe491b6, 0xe491b7, 0xe491b8,
    0xe491b9, 0xe491ba, 0xe491bb, 0xe491bc, 0xe491bd, 0xe491be, 0xe491bf, 0xe49280, 0xe49281,
    0xe49282, 0xe49283, 0xe49284, 0xe49285, 0xe49286, 0xe49287, 0xe49288, 0xe49289, 0xe4928a,
    0xe4928b, 0xe4928c, 0xe4928d, 0xe4928e, 0xe4928f, 0xe49290, 0xe49291, 0xe49292, 0xe49293,
    0xe49294, 0xe49295, 0xe49296, 0xe49297, 0xe49298, 0xe49299, 0xe4929a, 0xe4929b, 0xe4929c,
    0xe4929d, 0xe4929e, 0xe4929f, 0xe492a0, 0xe492a1, 0xe492a2, 0xe492a3, 0xe492a4, 0xe492a5,
    0xe492a6, 0xe492a7, 0xe492a8, 0xe492a9, 0xe492aa, 0xe492ab, 0xe492ac, 0xe492ad, 0xe492ae,
    0xe492af, 0xe492b0, 0xe492b1, 0xe492b2, 0xe492b3, 0xe492b4, 0xe492b5, 0xe492b6, 0xe492b7,
    0xe492b8, 0xe492b9, 0xe492ba, 0xe492bb, 0xe492bc, 0xe492bd, 0xe492be, 0xe492bf, 0xe49380,
    0xe49381, 0xe49382, 0xe49383, 0xe49384, 0xe49385, 0xe49386, 0xe49387, 0xe49388, 0xe49389,
    0xe4938a, 0xe4938b, 0xe4938c, 0xe4938d, 0xe4938e, 0xe4938f, 0xe49390, 0xe49391, 0xe49392,
    0xe49393, 0xe49394, 0xe49395, 0x000000, 0x000000, 0xe4998d, 0xe4998e, 0xe4998f, 0xe49990,
    0xe49991, 0xe49992, 0xe49993, 0xe49994, 0xe49995, 0xe49996, 0xe49997, 0xe49998, 0xe49999,
    0xe4999a, 0xe4999b, 0xe4999c, 0xe4999d, 0xe4999e, 0xe4999f, 0xe499a0, 0xe499a2, 0xe499a3,
    0xe499a4, 0xe499a5, 0xe499a6, 0xe499a7, 0xe499a8, 0xe499a9, 0xe499aa, 0xe499ab, 0xe499ac,
    0xe499ad, 0xe499ae, 0xe499af, 0xe499b0, 0xe499b1, 0xe499b2, 0xe499b3, 0xe499b4, 0xe499b5,
    0xe499b6, 0xe499b7, 0xe499b8, 0xe499b9, 0xe499ba, 0xe499bb, 0xe499bc, 0xe499bd, 0xe499be,
    0xe499bf, 0xe49a80, 0xe49a81, 0xe49a82, 0xe49a83, 0xe49a84, 0xe49a85, 0xe49a86, 0xe49a87,
    0xe49a88, 0xe49a89, 0xe49a8a, 0xe49a8b, 0xe49a8c, 0xe49a8d, 0xe49a8e, 0xe49a8f, 0xe49a90,
    0xe49a91, 0xe49a92, 0xe49a93, 0xe49a94, 0xe49a95, 0xe49a96, 0xe49a97, 0xe49a98, 0xe49a99,
    0xe49a9a, 0xe49a9b, 0xe49a9c, 0xe49a9d, 0xe49a9e, 0xe49a9f, 0xe49aa0, 0xe49aa1, 0xe49aa2,
    0xe49aa3, 0xe49aa4, 0xe49aa5, 0xe49aa6, 0xe49aa7, 0xe49aa8, 0xe49aa9, 0xe49aaa, 0xe49aab,
    0xe49aac, 0xe49aad, 0xe49aae, 0xe49aaf, 0xe49ab0, 0xe49ab1, 0xe49ab2, 0xe49ab3, 0xe49ab4,
    0xe49ab5, 0xe49ab6, 0xe49ab7, 0xe49ab8, 0xe49ab9, 0xe49aba, 0xe49abb, 0xe49abc, 0xe49abd,
    0xe49abe, 0xe49abf, 0xe49b80, 0xe49b81, 0xe49b82, 0xe49b83, 0xe49b84, 0xe49b85, 0xe49b86,
    0xe49b87, 0xe49b88, 0xe49b89, 0xe49b8a, 0xe49b8b, 0xe49b8c, 0xe49b8d, 0xe49b8e, 0xe49b8f,
    0xe49b90, 0xe49b91, 0xe49b92, 0xe49b93, 0xe49b94, 0xe49b95, 0xe49b96, 0xe49b97, 0xe49b98,
    0xe49b99, 0xe49b9a, 0xe49b9b, 0xe49b9c, 0xe49b9d, 0xe49b9e, 0xe49b9f, 0xe49ba0, 0xe49ba1,
    0xe49ba2, 0xe49ba3, 0xe49ba4, 0xe49ba5, 0xe49ba6, 0xe49ba7, 0xe49ba8, 0xe49ba9, 0xe49baa,
    0xe49bab, 0xe49bac, 0xe49bad, 0xe49bae, 0xe49baf, 0xe49bb0, 0xe49bb1, 0xe49bb2, 0xe49bb3,
    0xe49bb4, 0xe49bb5, 0xe49bb6, 0xe49bb7, 0xe49bb8, 0xe49bb9, 0xe49bba, 0xe49bbb, 0xe49bbc,
    0xe49bbd, 0xe49bbe, 0xe49bbf, 0xe49c80, 0xe49c81, 0xe49c82, 0xe49c83, 0xe49c84, 0xe49c85,
    0xe49c86, 0xe49c87, 0xe49c88, 0xe49c89, 0xe49c8a, 0xe49c8b, 0xe49c8c, 0xe49c8d, 0xe49c8e,
    0xe49c8f, 0xe49c90, 0xe49c91, 0xe49c92, 0xe49c93, 0xe49c94, 0xe49c95, 0xe49c96, 0xe49c97,
    0xe49c98, 0xe49c99, 0xe49c9a, 0xe49c9b, 0xe49c9c, 0xe49c9d, 0xe49c9e, 0xe49c9f, 0xe49ca0,
    0xe49ca1, 0xe49ca2, 0xe49ca4, 0xe49ca5, 0xe49ca6, 0xe49ca7, 0xe49ca8, 0xe49caa, 0xe49cab,
    0xe49cac, 0xe49cad, 0xe49cae, 0xe49caf, 0xe49cb0, 0xe49cb1, 0xe49cb2, 0xe49cb3, 0xe49cb4,
    0xe49cb5, 0xe49cb6, 0xe49cb7, 0xe49cb8, 0xe49cb9, 0xe49cba, 0xe49cbb, 0xe49cbc, 0xe49cbd,
    0xe49cbe, 0xe49cbf, 0xe49d80, 0xe49d81, 0xe49d82, 0xe49d83, 0xe49d84, 0xe49d85, 0xe49d86,
    0xe49d87, 0xe49d88, 0xe49d89, 0xe49d8a, 0xe49d8b, 0xe49d8c, 0xe49d8d, 0xe49d8e, 0xe49d8f,
    0xe49d90, 0xe49d91, 0xe49d92, 0xe49d93, 0xe49d94, 0xe49d95, 0xe49d96, 0xe49d97, 0xe49d98,
    0xe49d99, 0xe49d9a, 0xe49d9b, 0xe49d9c, 0xe49d9d, 0xe49d9e, 0xe49d9f, 0xe49da0, 0xe49da1,
    0xe49da2, 0xe49da3, 0xe49da4, 0xe49da5, 0xe49da6, 0xe49da7, 0xe49da8, 0xe49da9, 0xe49daa,
    0xe49dab, 0xe49dac, 0xe49dad, 0xe49dae, 0xe49daf, 0xe49db0, 0xe49db1, 0xe49db2, 0xe49db3,
    0xe49db4, 0xe49db5, 0xe49db6, 0xe49db7, 0xe49db8, 0xe49db9, 0xe49dba, 0xe49dbb, 0xe49dbd,
    0xe49dbe, 0xe49dbf, 0xe49e80, 0xe49e81, 0xe49e82, 0xe49e83, 0xe49e84, 0xe49e85, 0xe49e86,
    0xe49e87, 0xe49e88, 0xe49e89, 0xe49e8a, 0xe49e8b, 0xe49e8c, 0x000000, 0x000000, 0x000000,
    0x000000, 0x000000, 0x000000, 0x000000, 0x000000, 0x000000, 0xe4a588, 0xe4a589, 0xe4a58a,
    0xe4a58b, 0xe4a58c, 0xe4a58d, 0xe4a58e, 0xe4a58f, 0xe4a590, 0xe4a591, 0xe4a592, 0xe4a593,
    0xe4a594, 0xe4a595, 0xe4a596, 0xe4a597, 0xe4a598, 0xe4a599, 0xe4a59a, 0xe4a59b, 0xe4a59c,
    0xe4a59d, 0xe4a59e, 0xe4a59f, 0xe4a5a0, 0xe4a5a1, 0xe4a5a2, 0xe4a5a3, 0xe4a5a4, 0xe4a5a5,
    0xe4a5a6, 0xe4a5a7, 0xe4a5a8, 0xe4a5a9, 0xe4a5aa, 0xe4a5ab, 0xe4a5ac, 0xe4a5ad, 0xe4a5ae,
    0xe4a5af, 0xe4a5b0, 0xe4a5b1, 0xe4a5b2, 0xe4a5b3, 0xe4a5b4, 0xe4a5b5, 0xe4a5b6, 0xe4a5b7,
    0xe4a5b8, 0xe4a5b9, 0xe4a5bb, 0xe4a5bc, 0xe4a5be, 0xe4a5bf, 0xe4a680, 0xe4a681, 0xe4a684,
    0xe4a687, 0xe4a688, 0xe4a689, 0xe4a68a, 0xe4a68b, 0xe4a68c, 0xe4a68d, 0xe4a68e, 0xe4a68f,
    0xe4a690, 0xe4a691, 0xe4a692, 0xe4a693, 0xe4a694, 0xe4a695, 0xe4a696, 0xe4a697, 0xe4a698,
    0xe4a699, 0xe4a69a, 0xe4a69c, 0xe4a69d, 0xe4a69e, 0xe4a6a0, 0xe4a6a1, 0xe4a6a2, 0xe4a6a3,
    0xe4a6a4, 0xe4a6a5, 0xe4a6a6, 0xe4a6a7, 0xe4a6a8, 0xe4a6a9, 0xe4a6aa, 0xe4a6ab, 0xe4a6ac,
    0xe4a6ad, 0xe4a6ae, 0xe4a6af, 0xe4a6b0, 0xe4a6b1, 0xe4a6b2, 0xe4a6b3, 0xe4a6b4, 0xe4a6b5,
    0x000000, 0x000000, 0x000000, 0x000000, 0x000000, 0x000000, 0x000000, 0x000000, 0x000000,
    0xe4b1b8, 0xe4b1b9, 0xe4b1ba, 0xe4b1bb, 0xe4b1bc, 0xe4b1bd, 0xe4b1be, 0xe4b1bf, 0xe4b280,
    0xe4b281, 0xe4b282, 0xe4b283, 0xe4b284, 0xe4b285, 0xe4b286, 0xe4b287, 0xe4b288, 0xe4b289,
    0xe4b28a, 0xe4b28b, 0xe4b28c, 0xe4b28d, 0xe4b28e, 0xe4b28f, 0xe4b290, 0xe4b291, 0xe4b292,
    0xe4b293, 0xe4b294, 0xe4b295, 0xe4b296, 0xe4b297, 0xe4b298, 0xe4b299, 0xe4b29a, 0xe4b29b,
    0xe4b29c, 0xe4b29d, 0xe4b29e, 0xe4b2a4, 0xe4b2a5, 0xe4b2a6, 0xe4b2a7, 0xe4b2a8, 0xe4b2a9,
    0xe4b2aa, 0xe4b2ab, 0xe4b2ac, 0xe4b2ad, 0xe4b2ae, 0xe4b2af, 0xe4b2b0, 0xe4b2b1, 0xe4b2b2,
    0xe4b2b3, 0xe4b2b4, 0xe4b2b5, 0xe4b2b6, 0xe4b2b7, 0xe4b2b8, 0xe4b2b9, 0xe4b2ba, 0xe4b2bb,
    0xe4b2bc, 0xe4b2bd, 0xe4b2be, 0xe4b2bf, 0xe4b380, 0xe4b381, 0xe4b382, 0xe4b383, 0xe4b384,
    0xe4b385, 0xe4b386, 0xe4b387, 0xe4b388, 0xe4b389, 0xe4b38a, 0xe4b38b, 0xe4b38c, 0xe4b38d,
    0xe4b38e, 0xe4b38f, 0xe4b390, 0xe4b391, 0xe4b392, 0xe4b393, 0xe4b394, 0xe4b395, 0xe4b396,
    0xe4b397, 0xe4b398, 0xe4b399, 0xe4b39a, 0xe4b39b, 0xe4b39c, 0xe4b39d, 0xe4b39e, 0xe4b39f,
    0xe4b3a0, 0xe4b3a1, 0xe4b3a2, 0xe4b3a3, 0xe4b3a4, 0xe4b3a5, 0xe4b3a6, 0xe4b3a7, 0xe4b3a8,
    0xe4b3a9, 0xe4b3aa, 0xe4b3ab, 0xe4b3ac, 0xe4b3ad, 0xe4b3ae, 0xe4b3af, 0xe4b3b0, 0xe4b3b1,
    0xe4b3b2, 0xe4b3b3, 0xe4b3b4, 0xe4b3b5, 0xe4b3b6, 0xe4b3b7, 0xe4b3b8, 0xe4b3b9, 0xe4b3ba,
    0xe4b3bb, 0xe4b3bc, 0xe4b3bd, 0xe4b3be, 0xe4b3bf, 0xe4b480, 0xe4b481, 0xe4b482, 0xe4b483,
    0xe4b484, 0xe4b485, 0xe4b486, 0xe4b487, 0xe4b488, 0xe4b489, 0xe4b48a, 0xe4b48b, 0xe4b48c,
    0xe4b48d, 0xe4b48e, 0xe4b48f, 0xe4b490, 0xe4b491, 0xe4b492, 0xe4b49a, 0xe4b49b, 0xe4b49c,
    0xe4b49d, 0xe4b49e, 0xe4b49f, 0xe4b4a0, 0xe4b4a1, 0xe4b4a2, 0xe4b4a3, 0xe4b4a4, 0xe4b4a5,
    0xe4b4a6, 0xe4b4a7, 0xe4b4a8, 0xe4b4a9, 0xe4b4aa, 0xe4b4ab, 0xe4b4ac, 0xe4b4ad, 0xe4b4ae,
    0xe4b4af, 0xe4b4b0, 0xe4b4b1, 0xe4b4b2, 0xe4b4b3, 0xe4b4b4, 0xe4b4b5, 0xe4b4b6, 0xe4b4b7,
    0xe4b4b8, 0xe4b4b9, 0xe4b4ba, 0xe4b4bb, 0xe4b4bc, 0xe4b4bd, 0xe4b4be, 0xe4b4bf, 0xe4b580,
    0xe4b581, 0xe4b582, 0xe4b583, 0xe4b584, 0xe4b585, 0xe4b586, 0xe4b587, 0xe4b588, 0xe4b589,
    0xe4b58a, 0xe4b58b, 0xe4b58c, 0xe4b58d, 0xe4b58e, 0xe4b58f, 0xe4b590, 0xe4b591, 0xe4b592,
    0xe4b593, 0xe4b594, 0xe4b595, 0xe4b596, 0xe4b597, 0xe4b598, 0xe4b599, 0xe4b59a, 0xe4b59b,
    0xe4b59c, 0xe4b59d, 0xe4b59e, 0xe4b59f, 0xe4b5a0, 0xe4b5a1, 0xe4b5a2, 0xe4b5a3, 0xe4b5a4,
    0xe4b5a5, 0xe4b5a6, 0xe4b5a7, 0xe4b5a8, 0xe4b5a9, 0xe4b5aa, 0xe4b5ab, 0xe4b5ac, 0xe4b5ad,
    0xe4b5ae, 0xe4b5af, 0xe4b5b0, 0xe4b5b1, 0xe4b5b2, 0xe4b5b3, 0xe4b5b4, 0xe4b5b5, 0xe4b5b6,
    0xe4b5b7, 0xe4b5b8, 0xe4b5b9, 0xe4b5ba, 0xe4b5bb, 0xe4b5bc, 0xe4b5bd, 0xe4b5be, 0xe4b5bf,
    0xe4b680, 0xe4b681, 0xe4b682, 0xe4b683, 0xe4b684, 0xe4b685, 0xe4b686, 0xe4b687, 0xe4b688,
    0xe4b689, 0xe4b68a, 0xe4b68b, 0xe4b68c, 0xe4b68d, 0xe4b68e, 0xe4b68f, 0xe4b690, 0xe4b691,
    0xe4b692, 0xe4b693, 0xe4b694, 0xe4b695, 0xe4b696, 0xe4b697, 0xe4b698, 0xe4b699, 0xe4b69a,
    0xe4b69b, 0xe4b69c, 0xe4b69d, 0xe4b69e, 0xe4b69f, 0xe4b6a0, 0xe4b6a1, 0xe4b6a2, 0xe4b6a3,
    0xe4b6a4, 0xe4b6a5, 0xe4b6a6, 0xe4b6a7, 0xe4b6a8, 0xe4b6a9, 0xe4b6aa, 0xe4b6ab, 0xe4b6ac,
    0xe4b6ad, 0xe4b6af, 0xe4b6b0, 0xe4b6b1, 0xe4b6b2, 0xe4b6b3, 0xe4b6b4, 0xe4b6b5, 0xe4b6b6,
    0xe4b6b7, 0xe4b6b8, 0xe4b6b9, 0xe4b6ba, 0xe4b6bb, 0xe4b6bc, 0xe4b6bd, 0xe4b6be, 0xe4b6bf,
    0xe4b780, 0xe4b781, 0xe4b782, 0xe4b783, 0xe4b784, 0xe4b785, 0xe4b786, 0xe4b787, 0xe4b788,
    0xe4b789, 0xe4b78a, 0xe4b78b, 0xe4b78c, 0xe4b78d, 0xe4b78e, 0xe4b78f, 0xe4b790, 0xe4b791,
    0xe4b792, 0xe4b793, 0xe4b794, 0xe4b795, 0xe4b796, 0xe4b797, 0xe4b798, 0xe4b799, 0xe4b79a,
    0xe4b79b, 0xe4b79c, 0xe4b79d, 0xe4b79e, 0xe4b79f, 0xe4b7a0, 0xe4b7a1, 0xe4b7a2, 0xe4b7a3,
    0xe4b7a4, 0xe4b7a5, 0xe4b7a6, 0xe4b7a7, 0xe4b7a8, 0xe4b7a9, 0xe4b7aa, 0xe4b7ab, 0xe4b7ac,
    0xe4b7ad, 0xe4b7ae, 0xe4b7af, 0xe4b7b0, 0xe4b7b1, 0xe4b7b2, 0xe4b7b3, 0xe4b7b4, 0xe4b7b5,
    0xe4b7b6, 0xe4b7b7, 0xe4b7b8, 0xe4b7b9, 0xe4b7ba, 0xe4b7bb, 0xe4b7bc, 0xe4b7bd, 0xe4b7be,
    0xe4b7bf, 0x000000, 0x000000, 0x000000, 0x000000, 0x000000, 0x000000, 0x000000, 0x000000,
    0x000000, 0xee9dac, 0xee9f88, 0xee9fa7, 0xee9fa8, 0xee9fa9, 0xee9faa, 0xee9fab, 0xee9fac,
    0xee9fad, 0xee9fae, 0xee9faf, 0xee9fb0, 0xee9fb1, 0xee9fb2, 0xee9fb3, 0xeea095, 0xeea099,
    0xeea09a, 0xeea09b, 0xeea09c, 0xeea09d, 0xeea09f, 0xeea0a0, 0xeea0a1, 0xeea0a2, 0xeea0a3,
    0xeea0a4, 0xeea0a5, 0xeea0a7, 0xeea0a8, 0xeea0a9, 0xeea0aa, 0xeea0ad, 0xeea0ae, 0xeea0af,
    0xeea0b0, 0xeea0b3, 0xeea0b4, 0xeea0b5, 0xeea0b6, 0xeea0b7, 0xeea0b8, 0xeea0b9, 0xeea0ba,
    0xeea0bc, 0xeea0bd, 0xeea0be, 0xeea0bf, 0xeea180, 0xeea181, 0xeea182, 0xeea184, 0xeea185,
    0xeea186, 0xeea187, 0xeea188, 0xeea189, 0xeea18a, 0xeea18b, 0xeea18c, 0xeea18d, 0xeea18e,
    0xeea18f, 0xeea190, 0xeea191, 0xeea192, 0xeea193, 0xeea196, 0xeea197, 0xeea198, 0xeea199,
    0xeea19a, 0xeea19b, 0xeea19c, 0xeea19d, 0xeea19e, 0xeea19f, 0xeea1a0, 0xeea1a1, 0xeea1a2,
    0xeea1a3, 0x000000, 0x000000, 0x000000, 0x000000, 0x000000, 0xefa4ad, 0xefa4ae, 0xefa4af,
    0xefa4b0, 0xefa4b1, 0xefa4b2, 0xefa4b3, 0xefa4b4, 0xefa4b5, 0xefa4b6, 0xefa4b7, 0xefa4b8,
    0xefa4b9, 0xefa4ba, 0xefa4bb, 0xefa4bc, 0xefa4bd, 0xefa4be, 0xefa4bf, 0xefa580, 0xefa581,
    0xefa582, 0xefa583, 0xefa584, 0xefa585, 0xefa586, 0xefa587, 0xefa588, 0xefa589, 0xefa58a,
    0xefa58b, 0xefa58c, 0xefa58d, 0xefa58e, 0xefa58f, 0xefa590, 0xefa591, 0xefa592, 0xefa593,
    0xefa594, 0xefa595, 0xefa596, 0xefa597, 0xefa598, 0xefa599, 0xefa59a, 0xefa59b, 0xefa59c,
    0xefa59d, 0xefa59e, 0xefa59f, 0xefa5a0, 0xefa5a1, 0xefa5a2, 0xefa5a3, 0xefa5a4, 0xefa5a5,
    0xefa5a6, 0xefa5a7, 0xefa5a8, 0xefa5a9, 0xefa5aa, 0xefa5ab, 0xefa5ac, 0xefa5ad, 0xefa5ae,
    0xefa5af, 0xefa5b0, 0xefa5b1, 0xefa5b2, 0xefa5b3, 0xefa5b4, 0xefa5b5, 0xefa5b6, 0xefa5b7,
    0xefa5b8, 0xefa5ba, 0xefa5bb, 0xefa5bc, 0xefa5bd, 0xefa5be, 0xefa5bf, 0xefa680, 0xefa681,
    0xefa682, 0xefa683, 0xefa684, 0xefa685, 0xefa686, 0xefa687, 0xefa688, 0xefa689, 0xefa68a,
    0xefa68b, 0xefa68c, 0xefa68d, 0xefa68e, 0xefa68f, 0xefa690, 0xefa691, 0xefa692, 0xefa693,
    0xefa694, 0xefa696, 0xefa697, 0xefa698, 0xefa699, 0xefa69a, 0xefa69b, 0xefa69c, 0xefa69d,
    0xefa69e, 0xefa69f, 0xefa6a0, 0xefa6a1, 0xefa6a2, 0xefa6a3, 0xefa6a4, 0xefa6a5, 0xefa6a6,
    0xefa6a7, 0xefa6a8, 0xefa6a9, 0xefa6aa, 0xefa6ab, 0xefa6ac, 0xefa6ad, 0xefa6ae, 0xefa6af,
    0xefa6b0, 0xefa6b1, 0xefa6b2, 0xefa6b3, 0xefa6b4, 0xefa6b5, 0xefa6b6, 0xefa6b7, 0xefa6b8,
    0xefa6b9, 0xefa6ba, 0xefa6bb, 0xefa6bc, 0xefa6bd, 0xefa6be, 0xefa6bf, 0xefa780, 0xefa781,
    0xefa782, 0xefa783, 0xefa784, 0xefa785, 0xefa786, 0xefa787, 0xefa788, 0xefa789, 0xefa78a,
    0xefa78b, 0xefa78c, 0xefa78d, 0xefa78e, 0xefa78f, 0xefa790, 0xefa791, 0xefa792, 0xefa793,
    0xefa794, 0xefa795, 0xefa796, 0xefa797, 0xefa798, 0xefa799, 0xefa79a, 0xefa79b, 0xefa79c,
    0xefa79d, 0xefa79e, 0xefa79f, 0xefa7a0, 0xefa7a1, 0xefa7a2, 0xefa7a3, 0xefa7a4, 0xefa7a5,
    0xefa7a6, 0xefa7a8, 0xefa7a9, 0xefa7aa, 0xefa7ab, 0xefa7ac, 0xefa7ad, 0xefa7ae, 0xefa7af,
    0xefa7b0, 0xefa7b2, 0xefa7b3, 0xefa7b4, 0xefa7b5, 0xefa7b6, 0xefa7b7, 0xefa7b8, 0xefa7b9,
    0xefa7ba, 0xefa7bb, 0xefa7bc, 0xefa7bd, 0xefa7be, 0xefa7bf, 0xefa880, 0xefa881, 0xefa882,
    0xefa883, 0xefa884, 0xefa885, 0xefa886, 0xefa887, 0xefa888, 0xefa889, 0xefa88a, 0xefa88b,
    0xefa890, 0xefa892, 0xefa895, 0xefa896, 0xefa897, 0xefa899, 0xefa89a, 0xefa89b, 0xefa89c,
    0xefa89d, 0xefa89e, 0xefa8a2, 0xefa8a5, 0xefa8a6, 0x000000, 0x000000, 0x000000, 0x000000,
    0x000000, 0x000000, 0x000000, 0x000000, 0xefb8b2, 0xefb985, 0xefb986, 0xefb987, 0xefb988,
    0xefb993, 0xefb998, 0xefb9a7, 0xefb9ac, 0xefb9ad, 0xefb9ae, 0xefb9af, 0xefb9b0, 0xefb9b1,
    0xefb9b2, 0xefb9b3, 0xefb9b4, 0xefb9b5, 0xefb9b6, 0xefb9b7, 0xefb9b8, 0xefb9b9, 0xefb9ba,
    0xefb9bb, 0xefb9bc, 0xefb9bd, 0xefb9be, 0xefb9bf, 0xefba80, 0xefba81, 0xefba82, 0xefba83,
    0xefba84, 0xefba85, 0xefba86, 0xefba87, 0xefba88, 0xefba89, 0xefba8a, 0xefba8b, 0xefba8c,
    0xefba8d, 0xefba8e, 0xefba8f, 0xefba90, 0xefba91, 0xefba92, 0xefba93, 0xefba94, 0xefba95,
    0xefba96, 0xefba97, 0xefba98, 0xefba99, 0xefba9a, 0xefba9b, 0xefba9c, 0xefba9d, 0xefba9e,
    0xefba9f, 0xefbaa0, 0xefbaa1, 0xefbaa2, 0xefbaa3, 0xefbaa4, 0xefbaa5, 0xefbaa6, 0xefbaa7,
    0xefbaa8, 0xefbaa9, 0xefbaaa, 0xefbaab, 0xefbaac, 0xefbaad, 0xefbaae, 0xefbaaf, 0xefbab0,
    0xefbab1, 0xefbab2, 0xefbab3, 0xefbab4, 0xefbab5, 0xefbab6, 0xefbab7, 0xefbab8, 0xefbab9,
    0xefbaba, 0xefbabb, 0xefbabc, 0xefbabd, 0xefbabe, 0xefbabf, 0xefbb80, 0xefbb81, 0xefbb82,
    0xefbb83, 0xefbb84, 0xefbb85, 0xefbb86, 0xefbb87, 0xefbb88, 0xefbb89, 0xefbb8a, 0xefbb8b,
    0xefbb8c, 0xefbb8d, 0xefbb8e, 0xefbb8f, 0xefbb90, 0xefbb91, 0xefbb92, 0xefbb93, 0xefbb94,
    0xefbb95, 0xefbb96, 0xefbb97, 0xefbb98, 0xefbb99, 0xefbb9a, 0xefbb9b, 0xefbb9c, 0xefbb9d,
    0xefbb9e, 0xefbb9f, 0xefbba0, 0xefbba1, 0xefbba2, 0xefbba3, 0xefbba4, 0xefbba5, 0xefbba6,
    0xefbba7, 0xefbba8, 0xefbba9, 0xefbbaa, 0xefbbab, 0xefbbac, 0xefbbad, 0xefbbae, 0xefbbaf,
    0xefbbb0, 0xefbbb1, 0xefbbb2, 0xefbbb3, 0xefbbb4, 0xefbbb5, 0xefbbb6, 0xefbbb7, 0xefbbb8,
    0xefbbb9, 0xefbbba, 0xefbbbb, 0xefbbbc, 0xefbbbd, 0xefbbbe, 0xefbbbf, 0xefbc80, 0xefbd9f,
    0xefbda0, 0xefbda1, 0xefbda2, 0xefbda3, 0xefbda4, 0xefbda5, 0xefbda6, 0xefbda7, 0xefbda8,
    0xefbda9, 0xefbdaa, 0xefbdab, 0xefbdac, 0xefbdad, 0xefbdae, 0xefbdaf, 0xefbdb0, 0xefbdb1,
    0xefbdb2, 0xefbdb3, 0xefbdb4, 0xefbdb5, 0xefbdb6, 0xefbdb7, 0xefbdb8, 0xefbdb9, 0xefbdba,
    0xefbdbb, 0xefbdbc, 0xefbdbd, 0xefbdbe, 0xefbdbf, 0xefbe80, 0xefbe81, 0xefbe82, 0xefbe83,
    0xefbe84, 0xefbe85, 0xefbe86, 0xefbe87, 0xefbe88, 0xefbe89, 0xefbe8a, 0xefbe8b, 0xefbe8c,
    0xefbe8d, 0xefbe8e, 0xefbe8f, 0xefbe90, 0xefbe91, 0xefbe92, 0xefbe93, 0xefbe94, 0xefbe95,
    0xefbe96, 0xefbe97, 0xefbe98, 0xefbe99, 0xefbe9a, 0xefbe9b, 0xefbe9c, 0xefbe9d, 0xefbe9e,
    0xefbe9f, 0xefbea0, 0xefbea1, 0xefbea2, 0xefbea3, 0xefbea4, 0xefbea5, 0xefbea6, 0xefbea7,
    0xefbea8, 0xefbea9, 0xefbeaa, 0xefbeab, 0xefbeac, 0xefbead, 0xefbeae, 0xefbeaf, 0xefbeb0,
    0xefbeb1, 0xefbeb2, 0xefbeb3, 0xefbeb4, 0xefbeb5, 0xefbeb6, 0xefbeb7, 0xefbeb8, 0xefbeb9,
    0xefbeba, 0xefbebb, 0xefbebc, 0xefbebd, 0xefbebe, 0xefbebf, 0xefbf80, 0xefbf81, 0xefbf82,
    0xefbf83, 0xefbf84, 0xefbf85, 0xefbf86, 0xefbf87, 0xefbf88, 0xefbf89, 0xefbf8a, 0xefbf8b,
    0xefbf8c, 0xefbf8d, 0xefbf8e, 0xefbf8f, 0xefbf90, 0xefbf91, 0xefbf92, 0xefbf93, 0xefbf94,
    0xefbf95, 0xefbf96, 0xefbf97, 0xefbf98, 0xefbf99, 0xefbf9a, 0xefbf9b, 0xefbf9c, 0xefbf9d,
    0xefbf9e, 0xefbf9f, 0x000000, 0x000000, 0x000000, 0x000000, 0x000000, 0x000000,
];
pub static GB18030_TO_UNICODE_TREE: PgMbRadixTree = PgMbRadixTree {
    chars16: &[],
    chars32: &GB18030_TO_UNICODE_TREE_TABLE,
    b1root: 0x0,
    b1_lower: 0x0,
    b1_upper: 0x0,
    b2root: 0xbf,
    b2_1_lower: 0x81,
    b2_1_upper: 0xfe,
    b2_2_lower: 0x40,
    b2_2_upper: 0xfe,
    b3root: 0x0,
    b3_1_lower: 0x0,
    b3_1_upper: 0x0,
    b3_2_lower: 0x0,
    b3_2_upper: 0x0,
    b3_3_lower: 0x0,
    b3_3_upper: 0x0,
    b4root: 0x5f3f,
    b4_1_lower: 0x81,
    b4_1_upper: 0x84,
    b4_2_lower: 0x30,
    b4_2_upper: 0x39,
    b4_3_lower: 0x81,
    b4_3_upper: 0xfe,
    b4_4_lower: 0x30,
    b4_4_upper: 0x39,
};
static GB18030_FROM_UNICODE_TREE_TABLE: [u32; 31972] = [
    0x000000, 0x000000, 0x000000, 0x000000, 0x000000, 0x000000, 0x000000, 0x000000, 0x000000,
    0x000000, 0x000000, 0x000000, 0x000000, 0x000000, 0x000000, 0x000000, 0x000000, 0x000000,
    0x000000, 0x000000, 0x000000, 0x000000, 0x000000, 0x000000, 0x000000, 0x000000, 0x000000,
    0x000000, 0x000000, 0x000000, 0x000000, 0x000000, 0x000000, 0x000000, 0x000000, 0x000000,
    0x000000, 0x000000, 0x000000, 0x000000, 0x000000, 0x000000, 0x000000, 0x000000, 0x000000,
    0x000000, 0x000000, 0x000000, 0x000000, 0x000000, 0x000000, 0x000000, 0x000000, 0x000000,
    0x000000, 0x000000, 0x000000, 0x000000, 0x000000, 0x000000, 0x000000, 0x000000, 0x000000,
    0x000000, 0x000050, 0x000090, 0x0000d0, 0x000110, 0x000150, 0x000190, 0x0001d0, 0x000210,
    0x000250, 0x000290, 0x0002d0, 0x000310, 0x000350, 0x000390, 0x0003d0, 0x000410, 0x81308130,
    0x81308131, 0x81308132, 0x81308133, 0x81308134, 0x81308135, 0x81308136, 0x81308137, 0x81308138,
    0x81308139, 0x81308230, 0x81308231, 0x81308232, 0x81308233, 0x81308234, 0x81308235, 0x81308236,
    0x81308237, 0x81308238, 0x81308239, 0x81308330, 0x81308331, 0x81308332, 0x81308333, 0x81308334,
    0x81308335, 0x81308336, 0x81308337, 0x81308338, 0x81308339, 0x81308430, 0x81308431, 0x81308432,
    0x81308433, 0x81308434, 0x81308435, 0x00a1e8, 0x81308436, 0x81308437, 0x00a1ec, 0x00a1a7,
    0x81308438, 0x81308439, 0x81308530, 0x81308531, 0x81308532, 0x81308533, 0x81308534, 0x00a1e3,
    0x00a1c0, 0x81308535, 0x81308536, 0x81308537, 0x81308538, 0x81308539, 0x00a1a4, 0x81308630,
    0x81308631, 0x81308632, 0x81308633, 0x81308634, 0x81308635, 0x81308636, 0x81308637, 0x81308638,
    0x81308639, 0x81308730, 0x81308731, 0x81308732, 0x81308733, 0x81308734, 0x81308735, 0x81308736,
    0x81308737, 0x81308738, 0x81308739, 0x81308830, 0x81308831, 0x81308832, 0x81308833, 0x81308834,
    0x81308835, 0x81308836, 0x81308837, 0x81308838, 0x81308839, 0x81308930, 0x00a1c1, 0x81308931,
    0x81308932, 0x81308933, 0x81308934, 0x81308935, 0x81308936, 0x81308937, 0x81308938, 0x00a8a4,
    0x00a8a2, 0x81308939, 0x81308a30, 0x81308a31, 0x81308a32, 0x81308a33, 0x81308a34, 0x00a8a8,
    0x00a8a6, 0x00a8ba, 0x81308a35, 0x00a8ac, 0x00a8aa, 0x81308a36, 0x81308a37, 0x81308a38,
    0x81308a39, 0x00a8b0, 0x00a8ae, 0x81308b30, 0x81308b31, 0x81308b32, 0x00a1c2, 0x81308b33,
    0x00a8b4, 0x00a8b2, 0x81308b34, 0x00a8b9, 0x81308b35, 0x81308b36, 0x81308b37, 0x81308b38,
    0x00a8a1, 0x81308b39, 0x81308c30, 0x81308c31, 0x81308c32, 0x81308c33, 0x81308c34, 0x81308c35,
    0x81308c36, 0x81308c37, 0x81308c38, 0x81308c39, 0x81308d30, 0x81308d31, 0x81308d32, 0x81308d33,
    0x81308d34, 0x81308d35, 0x00a8a5, 0x81308d36, 0x81308d37, 0x81308d38, 0x81308d39, 0x81308e30,
    0x81308e31, 0x81308e32, 0x00a8a7, 0x81308e33, 0x81308e34, 0x81308e35, 0x81308e36, 0x81308e37,
    0x81308e38, 0x81308e39, 0x81308f30, 0x81308f31, 0x81308f32, 0x81308f33, 0x81308f34, 0x81308f35,
    0x81308f36, 0x81308f37, 0x00a8a9, 0x81308f38, 0x81308f39, 0x81309030, 0x81309031, 0x81309032,
    0x81309033, 0x81309034, 0x81309035, 0x81309036, 0x81309037, 0x81309038, 0x81309039, 0x81309130,
    0x81309131, 0x81309132, 0x81309133, 0x81309134, 0x81309135, 0x81309136, 0x81309137, 0x81309138,
    0x81309139, 0x81309230, 0x81309231, 0x00a8bd, 0x81309232, 0x81309233, 0x81309234, 0x00a8be,
    0x81309235, 0x81309236, 0x81309237, 0x81309238, 0x00a8ad, 0x81309239, 0x81309330, 0x81309331,
    0x81309332, 0x81309333, 0x81309334, 0x81309335, 0x81309336, 0x81309337, 0x81309338, 0x81309339,
    0x81309430, 0x81309431, 0x81309432, 0x81309433, 0x81309434, 0x81309435, 0x81309436, 0x81309437,
    0x81309438, 0x81309439, 0x81309530, 0x81309531, 0x81309532, 0x81309533, 0x81309534, 0x81309535,
    0x81309536, 0x81309537, 0x00a8b1, 0x81309538, 0x81309539, 0x81309630, 0x81309631, 0x81309632,
    0x81309633, 0x81309634, 0x81309635, 0x81309636, 0x81309637, 0x81309638, 0x81309639, 0x81309730,
    0x81309731, 0x81309732, 0x81309733, 0x81309734, 0x81309735, 0x81309736, 0x81309737, 0x81309738,
    0x81309739, 0x81309830, 0x81309831, 0x81309832, 0x81309833, 0x81309834, 0x81309835, 0x81309836,
    0x81309837, 0x81309838, 0x81309839, 0x81309930, 0x81309931, 0x81309932, 0x81309933, 0x81309934,
    0x81309935, 0x81309936, 0x81309937, 0x81309938, 0x81309939, 0x81309a30, 0x81309a31, 0x81309a32,
    0x81309a33, 0x81309a34, 0x81309a35, 0x81309a36, 0x81309a37, 0x81309a38, 0x81309a39, 0x81309b30,
    0x81309b31, 0x81309b32, 0x81309b33, 0x81309b34, 0x81309b35, 0x81309b36, 0x81309b37, 0x81309b38,
    0x81309b39, 0x81309c30, 0x81309c31, 0x81309c32, 0x81309c33, 0x81309c34, 0x81309c35, 0x81309c36,
    0x81309c37, 0x81309c38, 0x81309c39, 0x81309d30, 0x81309d31, 0x81309d32, 0x81309d33, 0x81309d34,
    0x81309d35, 0x81309d36, 0x81309d37, 0x81309d38, 0x81309d39, 0x81309e30, 0x81309e31, 0x81309e32,
    0x81309e33, 0x81309e34, 0x81309e35, 0x81309e36, 0x81309e37, 0x81309e38, 0x81309e39, 0x81309f30,
    0x81309f31, 0x81309f32, 0x81309f33, 0x81309f34, 0x81309f35, 0x00a8a3, 0x81309f36, 0x00a8ab,
    0x81309f37, 0x00a8af, 0x81309f38, 0x00a8b3, 0x81309f39, 0x00a8b5, 0x8130a030, 0x00a8b6,
    0x8130a031, 0x00a8b7, 0x8130a032, 0x00a8b8, 0x8130a033, 0x8130a034, 0x8130a035, 0x8130a036,
    0x8130a037, 0x8130a038, 0x8130a039, 0x8130a130, 0x8130a131, 0x8130a132, 0x8130a133, 0x8130a134,
    0x8130a135, 0x8130a136, 0x8130a137, 0x8130a138, 0x8130a139, 0x8130a230, 0x8130a231, 0x8130a232,
    0x8130a233, 0x8130a234, 0x8130a235, 0x8130a236, 0x8130a237, 0x8130a238, 0x8130a239, 0x8130a330,
    0x00a8bf, 0x8130a331, 0x8130a332, 0x8130a333, 0x8130a334, 0x8130a335, 0x8130a336, 0x8130a337,
    0x8130a338, 0x8130a339, 0x8130a430, 0x8130a431, 0x8130a432, 0x8130a433, 0x8130a434, 0x8130a435,
    0x8130a436, 0x8130a437, 0x8130a438, 0x8130a439, 0x8130a530, 0x8130a531, 0x8130a532, 0x8130a533,
    0x8130a534, 0x8130a535, 0x8130a536, 0x8130a537, 0x8130a538, 0x8130a539, 0x8130a630, 0x8130a631,
    0x8130a632, 0x8130a633, 0x8130a634, 0x8130a635, 0x8130a636, 0x8130a637, 0x8130a638, 0x8130a639,
    0x8130a730, 0x8130a731, 0x8130a732, 0x8130a733, 0x8130a734, 0x8130a735, 0x8130a736, 0x8130a737,
    0x8130a738, 0x8130a739, 0x8130a830, 0x8130a831, 0x8130a832, 0x8130a833, 0x8130a834, 0x8130a835,
    0x8130a836, 0x8130a837, 0x8130a838, 0x8130a839, 0x8130a930, 0x8130a931, 0x8130a932, 0x8130a933,
    0x8130a934, 0x8130a935, 0x8130a936, 0x8130a937, 0x8130a938, 0x8130a939, 0x8130aa30, 0x8130aa31,
    0x8130aa32, 0x8130aa33, 0x8130aa34, 0x8130aa35, 0x8130aa36, 0x8130aa37, 0x8130aa38, 0x8130aa39,
    0x8130ab30, 0x8130ab31, 0x8130ab32, 0x8130ab33, 0x8130ab34, 0x8130ab35, 0x8130ab36, 0x8130ab37,
    0x00a8bb, 0x8130ab38, 0x8130ab39, 0x8130ac30, 0x8130ac31, 0x8130ac32, 0x8130ac33, 0x8130ac34,
    0x8130ac35, 0x8130ac36, 0x8130ac37, 0x8130ac38, 0x8130ac39, 0x8130ad30, 0x8130ad31, 0x8130ad32,
    0x00a8c0, 0x8130ad33, 0x8130ad34, 0x8130ad35, 0x8130ad36, 0x8130ad37, 0x8130ad38, 0x8130ad39,
    0x8130ae30, 0x8130ae31, 0x8130ae32, 0x8130ae33, 0x8130ae34, 0x8130ae35, 0x8130ae36, 0x8130ae37,
    0x8130ae38, 0x8130ae39, 0x8130af30, 0x8130af31, 0x8130af32, 0x8130af33, 0x8130af34, 0x8130af35,
    0x8130af36, 0x8130af37, 0x8130af38, 0x8130af39, 0x8130b030, 0x8130b031, 0x8130b032, 0x8130b033,
    0x8130b034, 0x8130b035, 0x8130b036, 0x8130b037, 0x8130b038, 0x8130b039, 0x8130b130, 0x8130b131,
    0x8130b132, 0x8130b133, 0x8130b134, 0x8130b135, 0x8130b136, 0x8130b137, 0x8130b138, 0x8130b139,
    0x8130b230, 0x8130b231, 0x8130b232, 0x8130b233, 0x8130b234, 0x8130b235, 0x8130b236, 0x8130b237,
    0x8130b238, 0x8130b239, 0x8130b330, 0x8130b331, 0x8130b332, 0x8130b333, 0x8130b334, 0x8130b335,
    0x8130b336, 0x8130b337, 0x8130b338, 0x8130b339, 0x8130b430, 0x8130b431, 0x8130b432, 0x8130b433,
    0x8130b434, 0x8130b435, 0x8130b436, 0x8130b437, 0x8130b438, 0x8130b439, 0x8130b530, 0x8130b531,
    0x8130b532, 0x8130b533, 0x8130b534, 0x8130b535, 0x8130b536, 0x8130b537, 0x8130b538, 0x8130b539,
    0x8130b630, 0x8130b631, 0x8130b632, 0x8130b633, 0x8130b634, 0x8130b635, 0x8130b636, 0x8130b637,
    0x8130b638, 0x8130b639, 0x8130b730, 0x8130b731, 0x8130b732, 0x8130b733, 0x00a1a6, 0x8130b734,
    0x00a1a5, 0x00a840, 0x00a841, 0x8130b735, 0x8130b736, 0x8130b737, 0x8130b738, 0x8130b739,
    0x8130b830, 0x8130b831, 0x8130b832, 0x8130b833, 0x8130b834, 0x8130b835, 0x8130b836, 0x8130b837,
    0x00a842, 0x8130b838, 0x8130b839, 0x8130b930, 0x8130b931, 0x8130b932, 0x8130b933, 0x8130b934,
    0x8130b935, 0x8130b936, 0x8130b937, 0x8130b938, 0x8130b939, 0x8130ba30, 0x8130ba31, 0x8130ba32,
    0x8130ba33, 0x8130ba34, 0x8130ba35, 0x8130ba36, 0x8130ba37, 0x8130ba38, 0x8130ba39, 0x8130bb30,
    0x8130bb31, 0x8130bb32, 0x8130bb33, 0x8130bb34, 0x8130bb35, 0x8130bb36, 0x8130bb37, 0x8130bb38,
    0x8130bb39, 0x8130bc30, 0x8130bc31, 0x8130bc32, 0x8130bc33, 0x8130bc34, 0x8130bc35, 0x8130bc36,
    0x8130bc37, 0x8130bc38, 0x8130bc39, 0x8130bd30, 0x8130bd31, 0x8130bd32, 0x8130bd33, 0x8130bd34,
    0x8130bd35, 0x8130bd36, 0x8130bd37, 0x8130bd38, 0x8130bd39, 0x8130be30, 0x8130be31, 0x8130be32,
    0x8130be33, 0x8130be34, 0x8130be35, 0x8130be36, 0x8130be37, 0x8130be38, 0x8130be39, 0x8130bf30,
    0x8130bf31, 0x8130bf32, 0x8130bf33, 0x8130bf34, 0x8130bf35, 0x8130bf36, 0x8130bf37, 0x8130bf38,
    0x8130bf39, 0x8130c030, 0x8130c031, 0x8130c032, 0x8130c033, 0x8130c034, 0x8130c035, 0x8130c036,
    0x8130c037, 0x8130c038, 0x8130c039, 0x8130c130, 0x8130c131, 0x8130c132, 0x8130c133, 0x8130c134,
    0x8130c135, 0x8130c136, 0x8130c137, 0x8130c138, 0x8130c139, 0x8130c230, 0x8130c231, 0x8130c232,
    0x8130c233, 0x8130c234, 0x8130c235, 0x8130c236, 0x8130c237, 0x8130c238, 0x8130c239, 0x8130c330,
    0x8130c331, 0x8130c332, 0x8130c333, 0x8130c334, 0x8130c335, 0x8130c336, 0x8130c337, 0x8130c338,
    0x8130c339, 0x8130c430, 0x8130c431, 0x8130c432, 0x8130c433, 0x8130c434, 0x8130c435, 0x8130c436,
    0x8130c437, 0x8130c438, 0x8130c439, 0x8130c530, 0x8130c531, 0x8130c532, 0x8130c533, 0x8130c534,
    0x8130c535, 0x8130c536, 0x8130c537, 0x8130c538, 0x8130c539, 0x8130c630, 0x8130c631, 0x8130c632,
    0x8130c633, 0x8130c634, 0x8130c635, 0x8130c636, 0x8130c637, 0x8130c638, 0x8130c639, 0x8130c730,
    0x8130c731, 0x8130c732, 0x8130c733, 0x8130c734, 0x8130c735, 0x8130c736, 0x8130c737, 0x8130c738,
    0x8130c739, 0x8130c830, 0x8130c831, 0x8130c832, 0x8130c833, 0x8130c834, 0x8130c835, 0x8130c836,
    0x8130c837, 0x8130c838, 0x8130c839, 0x8130c930, 0x8130c931, 0x8130c932, 0x8130c933, 0x8130c934,
    0x8130c935, 0x8130c936, 0x8130c937, 0x8130c938, 0x8130c939, 0x8130ca30, 0x8130ca31, 0x8130ca32,
    0x8130ca33, 0x8130ca34, 0x8130ca35, 0x8130ca36, 0x8130ca37, 0x8130ca38, 0x8130ca39, 0x8130cb30,
    0x00a6a1, 0x00a6a2, 0x00a6a3, 0x00a6a4, 0x00a6a5, 0x00a6a6, 0x00a6a7, 0x00a6a8, 0x00a6a9,
    0x00a6aa, 0x00a6ab, 0x00a6ac, 0x00a6ad, 0x00a6ae, 0x00a6af, 0x00a6b0, 0x00a6b1, 0x8130cb31,
    0x00a6b2, 0x00a6b3, 0x00a6b4, 0x00a6b5, 0x00a6b6, 0x00a6b7, 0x00a6b8, 0x8130cb32, 0x8130cb33,
    0x8130cb34, 0x8130cb35, 0x8130cb36, 0x8130cb37, 0x8130cb38, 0x00a6c1, 0x00a6c2, 0x00a6c3,
    0x00a6c4, 0x00a6c5, 0x00a6c6, 0x00a6c7, 0x00a6c8, 0x00a6c9, 0x00a6ca, 0x00a6cb, 0x00a6cc,
    0x00a6cd, 0x00a6ce, 0x00a6cf, 0x00a6d0, 0x00a6d1, 0x8130cb39, 0x00a6d2, 0x00a6d3, 0x00a6d4,
    0x00a6d5, 0x00a6d6, 0x00a6d7, 0x00a6d8, 0x8130cc30, 0x8130cc31, 0x8130cc32, 0x8130cc33,
    0x8130cc34, 0x8130cc35, 0x8130cc36, 0x8130cc37, 0x8130cc38, 0x8130cc39, 0x8130cd30, 0x8130cd31,
    0x8130cd32, 0x8130cd33, 0x8130cd34, 0x8130cd35, 0x8130cd36, 0x8130cd37, 0x8130cd38, 0x8130cd39,
    0x8130ce30, 0x8130ce31, 0x8130ce32, 0x8130ce33, 0x8130ce34, 0x8130ce35, 0x8130ce36, 0x8130ce37,
    0x8130ce38, 0x8130ce39, 0x8130cf30, 0x8130cf31, 0x8130cf32, 0x8130cf33, 0x8130cf34, 0x8130cf35,
    0x8130cf36, 0x8130cf37, 0x8130cf38, 0x8130cf39, 0x8130d030, 0x8130d031, 0x8130d032, 0x8130d033,
    0x8130d034, 0x8130d035, 0x8130d036, 0x8130d037, 0x8130d038, 0x8130d039, 0x8130d130, 0x8130d131,
    0x8130d132, 0x8130d133, 0x8130d134, 0x00a7a7, 0x8130d135, 0x8130d136, 0x8130d137, 0x8130d138,
    0x8130d139, 0x8130d230, 0x8130d231, 0x8130d232, 0x8130d233, 0x8130d234, 0x8130d235, 0x8130d236,
    0x8130d237, 0x8130d238, 0x00a7a1, 0x00a7a2, 0x00a7a3, 0x00a7a4, 0x00a7a5, 0x00a7a6, 0x00a7a8,
    0x00a7a9, 0x00a7aa, 0x00a7ab, 0x00a7ac, 0x00a7ad, 0x00a7ae, 0x00a7af, 0x00a7b0, 0x00a7b1,
    0x00a7b2, 0x00a7b3, 0x00a7b4, 0x00a7b5, 0x00a7b6, 0x00a7b7, 0x00a7b8, 0x00a7b9, 0x00a7ba,
    0x00a7bb, 0x00a7bc, 0x00a7bd, 0x00a7be, 0x00a7bf, 0x00a7c0, 0x00a7c1, 0x00a7d1, 0x00a7d2,
    0x00a7d3, 0x00a7d4, 0x00a7d5, 0x00a7d6, 0x00a7d8, 0x00a7d9, 0x00a7da, 0x00a7db, 0x00a7dc,
    0x00a7dd, 0x00a7de, 0x00a7df, 0x00a7e0, 0x00a7e1, 0x00a7e2, 0x00a7e3, 0x00a7e4, 0x00a7e5,
    0x00a7e6, 0x00a7e7, 0x00a7e8, 0x00a7e9, 0x00a7ea, 0x00a7eb, 0x00a7ec, 0x00a7ed, 0x00a7ee,
    0x00a7ef, 0x00a7f0, 0x00a7f1, 0x8130d239, 0x00a7d7, 0x000000, 0x000000, 0x000000, 0x000000,
    0x000000, 0x000000, 0x000000, 0x000000, 0x000000, 0x000000, 0x000000, 0x000000, 0x000000,
    0x000000, 0x000000, 0x000000, 0x000000, 0x000000, 0x000000, 0x000000, 0x000000, 0x000000,
    0x000000, 0x000000, 0x000000, 0x000000, 0x000000, 0x000000, 0x000000, 0x000000, 0x000000,
    0x000000, 0x000000, 0x000000, 0x000000, 0x000000, 0x000000, 0x000000, 0x000000, 0x000000,
    0x000000, 0x000000, 0x000000, 0x000000, 0x000000, 0x000000, 0x00045e, 0x00049e, 0x0004dd,
    0x00051d, 0x00055d, 0x00059d, 0x0005dd, 0x00061d, 0x000000, 0x000000, 0x000000, 0x000000,
    0x00065d, 0x00067f, 0x0006bf, 0x0006ff, 0x00073f, 0x00077f, 0x0007bf, 0x0007ff, 0x00083f,
    0x00087f, 0x0008bf, 0x0008ff, 0x00093f, 0x00097f, 0x0009bf, 0x0009ff, 0x000a3f, 0x000a7f,
    0x000abf, 0x000aff, 0x000b3f, 0x000b7f, 0x000bbf, 0x000bff, 0x000c3f, 0x000c7f, 0x000cbf,
    0x000cff, 0x000000, 0x000000, 0x000000, 0x000000, 0x000000, 0x000000, 0x000000, 0x000000,
    0x000000, 0x000000, 0x000000, 0x000000, 0x000000, 0x000000, 0x000000, 0x000000, 0x000000,
    0x000000, 0x000000, 0x000000, 0x000000, 0x000000, 0x000000, 0x000000, 0x000000, 0x000000,
    0x000000, 0x000000, 0x000000, 0x000000, 0x000000, 0x000000, 0x000d3e, 0x000d7e, 0x000dbe,
    0x000dfe, 0x000e3e, 0x000e7e, 0x000ebe, 0x000efe, 0x000f3e, 0x000f7e, 0x000fbe, 0x000ffe,
    0x00103e, 0x00107e, 0x0010be, 0x0010fe, 0x00113e, 0x00117e, 0x0011be, 0x0011fe, 0x00123e,
    0x00127e, 0x0012be, 0x0012fe, 0x00133e, 0x00137e, 0x0013be, 0x0013fe, 0x00143e, 0x00147e,
    0x0014be, 0x000000, 0x000000, 0x000000, 0x000000, 0x000000, 0x000000, 0x000000, 0x000000,
    0x000000, 0x000000, 0x000000, 0x0014e6, 0x001526, 0x001566, 0x0015a6, 0x0015e6, 0x001626,
    0x001666, 0x0016a6, 0x0016e6, 0x001726, 0x001766, 0x0017a6, 0x0017e6, 0x001826, 0x001866,
    0x0018a6, 0x000000, 0x000000, 0x000000, 0x000000, 0x000000, 0x000000, 0x000000, 0x000000,
    0x000000, 0x000000, 0x000000, 0x000000, 0x0018d0, 0x001910, 0x001950, 0x001990, 0x0019d0,
    0x000000, 0x000000, 0x000000, 0x000000, 0x000000, 0x000000, 0x0019f0, 0x001a30, 0x001a70,
    0x001ab0, 0x001af0, 0x001b30, 0x001b70, 0x001bb0, 0x000000, 0x000000, 0x000000, 0x000000,
    0x000000, 0x001be4, 0x001c24, 0x001c64, 0x001ca4, 0x001ce4, 0x001d24, 0x000000, 0x000000,
    0x000000, 0x000000, 0x000000, 0x000000, 0x001d5d, 0x001d9d, 0x000000, 0x000000, 0x000000,
    0x000000, 0x000000, 0x000000, 0x000000, 0x000000, 0x000000, 0x000000, 0x001dd5, 0x001e15,
    0x001e55, 0x001e95, 0x001ed5, 0x001f15, 0x001f55, 0x001f95, 0x001fd5, 0x002015, 0x002055,
    0x002095, 0x0020d5, 0x002115, 0x002155, 0x002195, 0x0021d5, 0x002215, 0x002255, 0x002295,
    0x0022d5, 0x002315, 0x002355, 0x002395, 0x0023d5, 0x002415, 0x002455, 0x002495, 0x0024d5,
    0x002515, 0x002555, 0x002595, 0x0025d5, 0x002615, 0x002655, 0x002695, 0x0026d5, 0x002715,
    0x002755, 0x002795, 0x0027d5, 0x002815, 0x002855, 0x002895, 0x0028d5, 0x002915, 0x002955,
    0x002995, 0x0029d5, 0x002a15, 0x002a55, 0x002a95, 0x002ad5, 0x002b15, 0x002b55, 0x002b95,
    0x002bd5, 0x002c15, 0x002c55, 0x002c95, 0x002cd5, 0x002d15, 0x002d55, 0x002d95, 0x002dd5,
    0x002e15, 0x002e55, 0x002e95, 0x002ed5, 0x002f15, 0x002f55, 0x002f95, 0x002fd5, 0x003015,
    0x003055, 0x003095, 0x0030d5, 0x003115, 0x003155, 0x003195, 0x0031d5, 0x003215, 0x003255,
    0x003295, 0x0032d5, 0x003315, 0x003355, 0x003395, 0x0033d5, 0x003415, 0x003455, 0x003495,
    0x0034d5, 0x003515, 0x003555, 0x003595, 0x0035d5, 0x003615, 0x003655, 0x003695, 0x0036d5,
    0x003715, 0x003755, 0x003795, 0x0037d5, 0x003815, 0x003855, 0x003895, 0x0038d5, 0x003915,
    0x003955, 0x003995, 0x0039d5, 0x003a15, 0x003a55, 0x003a95, 0x003ad5, 0x003b15, 0x003b55,
    0x003b95, 0x003bd5, 0x003c15, 0x003c55, 0x003c95, 0x003cd5, 0x003d15, 0x003d55, 0x003d95,
    0x003dd5, 0x003e15, 0x003e55, 0x003e95, 0x003ed5, 0x003f15, 0x003f55, 0x003f95, 0x003fd5,
    0x004015, 0x004055, 0x004095, 0x0040d5, 0x004115, 0x004155, 0x004195, 0x0041d5, 0x004215,
    0x004255, 0x004295, 0x0042d5, 0x004315, 0x004355, 0x004395, 0x0043d5, 0x004415, 0x004455,
    0x004495, 0x0044d5, 0x004515, 0x004555, 0x004595, 0x0045d5, 0x004615, 0x004655, 0x004695,
    0x0046d5, 0x004715, 0x004755, 0x004795, 0x0047d5, 0x004815, 0x004855, 0x004895, 0x0048d5,
    0x004915, 0x004955, 0x004995, 0x0049d5, 0x004a15, 0x004a55, 0x004a95, 0x004ad5, 0x004b15,
    0x004b55, 0x004b95, 0x004bd5, 0x004c15, 0x004c55, 0x004c95, 0x004cd5, 0x004d15, 0x004d55,
    0x004d95, 0x004dd5, 0x004e15, 0x004e55, 0x004e95, 0x004ed5, 0x004f15, 0x004f55, 0x004f95,
    0x004fd5, 0x005015, 0x005055, 0x005095, 0x0050d5, 0x005115, 0x005155, 0x005195, 0x0051d5,
    0x005215, 0x005255, 0x005295, 0x0052d5, 0x005315, 0x005355, 0x005395, 0x0053d5, 0x005415,
    0x005455, 0x005495, 0x0054d5, 0x005515, 0x005555, 0x005595, 0x0055d5, 0x005615, 0x005655,
    0x005695, 0x0056d5, 0x005715, 0x005755, 0x005795, 0x0057d5, 0x005815, 0x005855, 0x005895,
    0x0058d5, 0x005915, 0x005955, 0x005995, 0x0059d5, 0x005a15, 0x005a55, 0x005a95, 0x005ad5,
    0x005b15, 0x005b55, 0x005b95, 0x005bd5, 0x005c15, 0x005c55, 0x005c95, 0x005cd5, 0x005d15,
    0x005d55, 0x005d95, 0x005dd5, 0x005e15, 0x005e55, 0x005e95, 0x005ed5, 0x005f15, 0x005f55,
    0x005f95, 0x005fd5, 0x006015, 0x006055, 0x006095, 0x0060d5, 0x006115, 0x006155, 0x006195,
    0x0061d5, 0x006215, 0x006255, 0x006295, 0x0062d5, 0x006315, 0x006355, 0x006395, 0x0063d5,
    0x006415, 0x006455, 0x006495, 0x0064d5, 0x006515, 0x006555, 0x006595, 0x0065d5, 0x006615,
    0x006655, 0x006695, 0x0066d5, 0x006715, 0x006755, 0x006795, 0x0067d5, 0x006815, 0x006855,
    0x006895, 0x0068d5, 0x006915, 0x006955, 0x006995, 0x0069d5, 0x006a15, 0x006a55, 0x006a95,
    0x006ad5, 0x006b15, 0x006b55, 0x006b95, 0x006bd5, 0x006c15, 0x006c55, 0x006c95, 0x006cd5,
    0x006d15, 0x006d55, 0x006d95, 0x006dd5, 0x006e15, 0x006e55, 0x006e95, 0x006ed5, 0x006f15,
    0x006f55, 0x006f95, 0x006fd5, 0x007015, 0x007055, 0x007095, 0x0070d5, 0x007115, 0x000000,
    0x007155, 0x007195, 0x0071d5, 0x007215, 0x007255, 0x007295, 0x0072d5, 0x007315, 0x007355,
    0x007395, 0x0073d5, 0x007415, 0x007455, 0x007495, 0x0074d5, 0x007515, 0x007555, 0x007595,
    0x0075d5, 0x007615, 0x007655, 0x007695, 0x0076d5, 0x007715, 0x007755, 0x007795, 0x0077d5,
    0x007815, 0x007855, 0x007895, 0x0078d5, 0x007915, 0x007955, 0x007995, 0x000000, 0x000000,
    0x000000, 0x000000, 0x000000, 0x000000, 0x000000, 0x000000, 0x000000, 0x000000, 0x000000,
    0x000000, 0x000000, 0x000000, 0x000000, 0x000000, 0x000000, 0x000000, 0x000000, 0x000000,
    0x000000, 0x000000, 0x000000, 0x000000, 0x000000, 0x000000, 0x000000, 0x000000, 0x000000,
    0x000000, 0x000000, 0x000000, 0x000000, 0x000000, 0x000000, 0x000000, 0x0079ba, 0x0079fa,
    0x007a3a, 0x007a7a, 0x007aba, 0x000000, 0x000000, 0x000000, 0x000000, 0x000000, 0x000000,
    0x000000, 0x000000, 0x000000, 0x000000, 0x000000, 0x000000, 0x000000, 0x000000, 0x000000,
    0x007ae4, 0x007b24, 0x007b64, 0x007ba4, 0x007be4, 0x007c24, 0x007c64, 0x007ca4, 0x000000,
    0x000000, 0x000000, 0x000000, 0x000000, 0x000000, 0x000000, 0x000000, 0x000000, 0x000000,
    0x000000, 0x000000, 0x000000, 0x000000, 0x000000, 0x000000, 0x00a95c, 0x8136a532, 0x8136a533,
    0x00a843, 0x00a1aa, 0x00a844, 0x00a1ac, 0x8136a534, 0x00a1ae, 0x00a1af, 0x8136a535, 0x8136a536,
    0x00a1b0, 0x00a1b1, 0x8136a537, 0x8136a538, 0x8136a539, 0x8136a630, 0x8136a631, 0x8136a632,
    0x8136a633, 0x00a845, 0x00a1ad, 0x8136a634, 0x8136a635, 0x8136a636, 0x8136a637, 0x8136a638,
    0x8136a639, 0x8136a730, 0x8136a731, 0x8136a732, 0x00a1eb, 0x8136a733, 0x00a1e4, 0x00a1e5,
    0x8136a734, 0x00a846, 0x8136a735, 0x8136a736, 0x8136a737, 0x8136a738, 0x8136a739, 0x00a1f9,
    0x8136a830, 0x8136a831, 0x8136a832, 0x8136a833, 0x8136a834, 0x8136a835, 0x8136a836, 0x8136a837,
    0x8136a838, 0x8136a839, 0x8136a930, 0x8136a931, 0x8136a932, 0x8136a933, 0x8136a934, 0x8136a935,
    0x8136a936, 0x8136a937, 0x8136a938, 0x8136a939, 0x8136aa30, 0x8136aa31, 0x8136aa32, 0x8136aa33,
    0x8136aa34, 0x8136aa35, 0x8136aa36, 0x8136aa37, 0x8136aa38, 0x8136aa39, 0x8136ab30, 0x8136ab31,
    0x8136ab32, 0x8136ab33, 0x8136ab34, 0x8136ab35, 0x8136ab36, 0x8136ab37, 0x8136ab38, 0x8136ab39,
    0x8136ac30, 0x8136ac31, 0x8136ac32, 0x8136ac33, 0x8136ac34, 0x8136ac35, 0x8136ac36, 0x8136ac37,
    0x8136ac38, 0x8136ac39, 0x8136ad30, 0x8136ad31, 0x8136ad32, 0x8136ad33, 0x8136ad34, 0x8136ad35,
    0x8136ad36, 0x8136ad37, 0x8136ad38, 0x8136ad39, 0x8136ae30, 0x8136ae31, 0x8136ae32, 0x8136ae33,
    0x8136ae34, 0x8136ae35, 0x8136ae36, 0x8136ae37, 0x8136ae38, 0x8136ae39, 0x8136af30, 0x8136af31,
    0x8136af32, 0x8136af33, 0x8136af34, 0x8136af35, 0x8136af36, 0x8136af37, 0x8136af38, 0x8136af39,
    0x8136b030, 0x8136b031, 0x8136b032, 0x8136b033, 0x8136b034, 0x8136b035, 0x8136b036, 0x8136b037,
    0x8136b038, 0x8136b039, 0x8136b130, 0x8136b131, 0x8136b132, 0x8136b133, 0x8136b134, 0x8136b135,
    0x8136b136, 0x8136b137, 0x8136b138, 0x8136b139, 0x8136b230, 0x8136b231, 0x8136b232, 0x8136b233,
    0x8136b234, 0x8136b235, 0x8136b236, 0x8136b237, 0x8136b238, 0x8136b239, 0x8136b330, 0x8136b331,
    0x00a2e3, 0x8136b332, 0x8136b333, 0x8136b334, 0x8136b335, 0x8136b336, 0x8136b337, 0x8136b338,
    0x8136b339, 0x8136b430, 0x8136b431, 0x8136b432, 0x8136b433, 0x8136b434, 0x8136b435, 0x8136b436,
    0x8136b437, 0x8136b438, 0x8136b439, 0x8136b530, 0x8136b531, 0x8136b532, 0x8136b533, 0x8136b534,
    0x8136b535, 0x8136b536, 0x8136b537, 0x8136b538, 0x8136b539, 0x8136b630, 0x8136b631, 0x8136b632,
    0x8136b633, 0x8136b634, 0x8136b635, 0x8136b636, 0x8136b637, 0x8136b638, 0x8136b639, 0x8136b730,
    0x8136b731, 0x8136b732, 0x8136b733, 0x8136b734, 0x8136b735, 0x8136b736, 0x8136b737, 0x8136b738,
    0x8136b739, 0x8136b830, 0x8136b831, 0x8136b832, 0x8136b833, 0x8136b834, 0x8136b835, 0x8136b836,
    0x8136b837, 0x8136b838, 0x8136b839, 0x8136b930, 0x8136b931, 0x8136b932, 0x8136b933, 0x8136b934,
    0x8136b935, 0x8136b936, 0x8136b937, 0x8136b938, 0x8136b939, 0x8136ba30, 0x8136ba31, 0x8136ba32,
    0x8136ba33, 0x8136ba34, 0x8136ba35, 0x8136ba36, 0x8136ba37, 0x8136ba38, 0x8136ba39, 0x8136bb30,
    0x8136bb31, 0x8136bb32, 0x8136bb33, 0x8136bb34, 0x8136bb35, 0x8136bb36, 0x8136bb37, 0x00a1e6,
    0x8136bb38, 0x00a847, 0x8136bb39, 0x8136bc30, 0x8136bc31, 0x00a848, 0x8136bc32, 0x8136bc33,
    0x8136bc34, 0x8136bc35, 0x8136bc36, 0x8136bc37, 0x8136bc38, 0x8136bc39, 0x8136bd30, 0x8136bd31,
    0x8136bd32, 0x8136bd33, 0x00a1ed, 0x8136bd34, 0x8136bd35, 0x8136bd36, 0x8136bd37, 0x8136bd38,
    0x8136bd39, 0x8136be30, 0x8136be31, 0x8136be32, 0x8136be33, 0x00a959, 0x8136be34, 0x8136be35,
    0x8136be36, 0x8136be37, 0x8136be38, 0x8136be39, 0x8136bf30, 0x8136bf31, 0x8136bf32, 0x8136bf33,
    0x8136bf34, 0x8136bf35, 0x8136bf36, 0x8136bf37, 0x8136bf38, 0x8136bf39, 0x8136c030, 0x8136c031,
    0x8136c032, 0x8136c033, 0x8136c034, 0x8136c035, 0x8136c036, 0x8136c037, 0x8136c038, 0x8136c039,
    0x8136c130, 0x8136c131, 0x8136c132, 0x8136c133, 0x8136c134, 0x8136c135, 0x8136c136, 0x8136c137,
    0x8136c138, 0x8136c139, 0x8136c230, 0x8136c231, 0x8136c232, 0x8136c233, 0x8136c234, 0x8136c235,
    0x8136c236, 0x8136c237, 0x8136c238, 0x8136c239, 0x8136c330, 0x8136c331, 0x8136c332, 0x8136c333,
    0x8136c334, 0x8136c335, 0x8136c336, 0x8136c337, 0x8136c338, 0x8136c339, 0x8136c430, 0x8136c431,
    0x8136c432, 0x8136c433, 0x8136c434, 0x8136c435, 0x00a2f1, 0x00a2f2, 0x00a2f3, 0x00a2f4,
    0x00a2f5, 0x00a2f6, 0x00a2f7, 0x00a2f8, 0x00a2f9, 0x00a2fa, 0x00a2fb, 0x00a2fc, 0x8136c436,
    0x8136c437, 0x8136c438, 0x8136c439, 0x00a2a1, 0x00a2a2, 0x00a2a3, 0x00a2a4, 0x00a2a5, 0x00a2a6,
    0x00a2a7, 0x00a2a8, 0x00a2a9, 0x00a2aa, 0x8136c530, 0x8136c531, 0x8136c532, 0x8136c533,
    0x8136c534, 0x8136c535, 0x8136c536, 0x8136c537, 0x8136c538, 0x8136c539, 0x8136c630, 0x8136c631,
    0x8136c632, 0x8136c633, 0x8136c634, 0x8136c635, 0x8136c636, 0x8136c637, 0x8136c638, 0x8136c639,
    0x8136c730, 0x8136c731, 0x00a1fb, 0x00a1fc, 0x00a1fa, 0x00a1fd, 0x8136c732, 0x8136c733,
    0x00a849, 0x00a84a, 0x00a84b, 0x00a84c, 0x8136c734, 0x8136c735, 0x8136c736, 0x8136c737,
    0x8136c738, 0x8136c739, 0x8136c830, 0x8136c831, 0x8136c832, 0x8136c833, 0x8136c834, 0x8136c835,
    0x8136c836, 0x8136c837, 0x8136c838, 0x8136c839, 0x8136c930, 0x8136c931, 0x8136c932, 0x8136c933,
    0x8136c934, 0x8136c935, 0x8136c936, 0x8136c937, 0x8136c938, 0x8136c939, 0x8136ca30, 0x8136ca31,
    0x8136ca32, 0x8136ca33, 0x8136ca34, 0x8136ca35, 0x8136ca36, 0x8136ca37, 0x8136ca38, 0x8136ca39,
    0x8136cb30, 0x8136cb31, 0x8136cb32, 0x8136cb33, 0x8136cb34, 0x8136cb35, 0x8136cb36, 0x8136cb37,
    0x8136cb38, 0x8136cb39, 0x8136cc30, 0x8136cc31, 0x8136cc32, 0x8136cc33, 0x8136cc34, 0x8136cc35,
    0x8136cc36, 0x8136cc37, 0x8136cc38, 0x8136cc39, 0x8136cd30, 0x8136cd31, 0x8136cd32, 0x8136cd33,
    0x8136cd34, 0x8136cd35, 0x8136cd36, 0x8136cd37, 0x8136cd38, 0x8136cd39, 0x8136ce30, 0x8136ce31,
    0x8136ce32, 0x8136ce33, 0x8136ce34, 0x8136ce35, 0x8136ce36, 0x8136ce37, 0x8136ce38, 0x8136ce39,
    0x8136cf30, 0x8136cf31, 0x8136cf32, 0x8136cf33, 0x8136cf34, 0x8136cf35, 0x8136cf36, 0x8136cf37,
    0x8136cf38, 0x8136cf39, 0x8136d030, 0x8136d031, 0x8136d032, 0x8136d033, 0x8136d034, 0x8136d035,
    0x8136d036, 0x8136d037, 0x8136d038, 0x8136d039, 0x8136d130, 0x8136d131, 0x8136d132, 0x8136d133,
    0x8136d134, 0x8136d135, 0x8136d136, 0x8136d137, 0x8136d138, 0x8136d139, 0x8136d230, 0x8136d231,
    0x8136d232, 0x8136d233, 0x00a1ca, 0x8136d234, 0x8136d235, 0x8136d236, 0x8136d237, 0x8136d238,
    0x8136d239, 0x00a1c7, 0x8136d330, 0x00a1c6, 0x8136d331, 0x8136d332, 0x8136d333, 0x00a84d,
    0x8136d334, 0x8136d335, 0x8136d336, 0x8136d337, 0x00a1cc, 0x8136d338, 0x8136d339, 0x00a1d8,
    0x00a1de, 0x00a84e, 0x00a1cf, 0x8136d430, 0x8136d431, 0x00a84f, 0x8136d432, 0x00a1ce,
    0x8136d433, 0x00a1c4, 0x00a1c5, 0x00a1c9, 0x00a1c8, 0x00a1d2, 0x8136d434, 0x8136d435, 0x00a1d3,
    0x8136d436, 0x8136d437, 0x8136d438, 0x8136d439, 0x8136d530, 0x00a1e0, 0x00a1df, 0x00a1c3,
    0x00a1cb, 0x8136d531, 0x8136d532, 0x8136d533, 0x8136d534, 0x8136d535, 0x00a1d7, 0x8136d536,
    0x8136d537, 0x8136d538, 0x8136d539, 0x8136d630, 0x8136d631, 0x8136d632, 0x8136d633, 0x8136d634,
    0x8136d635, 0x00a1d6, 0x8136d636, 0x8136d637, 0x8136d638, 0x00a1d5, 0x8136d639, 0x8136d730,
    0x8136d731, 0x8136d732, 0x8136d733, 0x00a850, 0x8136d734, 0x8136d735, 0x8136d736, 0x8136d737,
    0x8136d738, 0x8136d739, 0x8136d830, 0x8136d831, 0x8136d832, 0x8136d833, 0x8136d834, 0x8136d835,
    0x8136d836, 0x00a1d9, 0x00a1d4, 0x8136d837, 0x8136d838, 0x00a1dc, 0x00a1dd, 0x00a851, 0x00a852,
    0x8136d839, 0x8136d930, 0x8136d931, 0x8136d932, 0x8136d933, 0x8136d934, 0x00a1da, 0x00a1db,
    0x8136d935, 0x8136d936, 0x8136d937, 0x8136d938, 0x8136d939, 0x8136da30, 0x8136da31, 0x8136da32,
    0x8136da33, 0x8136da34, 0x8136da35, 0x8136da36, 0x8136da37, 0x8136da38, 0x8136da39, 0x8136db30,
    0x8136db31, 0x8136db32, 0x8136db33, 0x8136db34, 0x8136db35, 0x8136db36, 0x8136db37, 0x8136db38,
    0x8136db39, 0x8136dc30, 0x8136dc31, 0x8136dc32, 0x8136dc33, 0x8136dc34, 0x8136dc35, 0x8136dc36,
    0x8136dc37, 0x8136dc38, 0x8136dc39, 0x8136dd30, 0x8136dd31, 0x00a892, 0x8136dd32, 0x8136dd33,
    0x8136dd34, 0x00a1d1, 0x8136dd35, 0x8136dd36, 0x8136dd37, 0x8136dd38, 0x8136dd39, 0x8136de30,
    0x8136de31, 0x8136de32, 0x8136de33, 0x8136de34, 0x8136de35, 0x00a1cd, 0x8136de36, 0x8136de37,
    0x8136de38, 0x8136de39, 0x8136df30, 0x8136df31, 0x8136df32, 0x8136df33, 0x8136df34, 0x8136df35,
    0x8136df36, 0x8136df37, 0x8136df38, 0x8136df39, 0x8136e030, 0x8136e031, 0x8136e032, 0x8136e033,
    0x8136e034, 0x8136e035, 0x8136e036, 0x8136e037, 0x8136e038, 0x8136e039, 0x8136e130, 0x00a853,
    0x8136e131, 0x8136e132, 0x8136e133, 0x8136e134, 0x8136e135, 0x8136e136, 0x8136e137, 0x8136e138,
    0x8136e139, 0x8136e230, 0x8136e231, 0x8136e232, 0x8136e233, 0x8136e234, 0x8136e235, 0x8136e236,
    0x8136e237, 0x8136e238, 0x8136e239, 0x8136e330, 0x8136e331, 0x8136e332, 0x8136e333, 0x8136e334,
    0x8136e335, 0x8136e336, 0x8136e337, 0x8136e338, 0x8136e339, 0x8136e430, 0x8136e431, 0x8136e432,
    0x8136e433, 0x8136e434, 0x8136e435, 0x8136e436, 0x8136e437, 0x8136e438, 0x8136e439, 0x8136e530,
    0x8136e531, 0x8136e532, 0x8136e533, 0x8136e534, 0x8136e535, 0x8136e536, 0x8136e537, 0x8136e538,
    0x8136e539, 0x8136e630, 0x8136e631, 0x8136e632, 0x8136e633, 0x8136e634, 0x8136e635, 0x8136e636,
    0x8136e637, 0x8136e638, 0x8136e639, 0x8136e730, 0x8136e731, 0x8136e732, 0x8136e733, 0x8136e734,
    0x8136e735, 0x8136e736, 0x8136e737, 0x8136e738, 0x8136e739, 0x8136e830, 0x8136e831, 0x8136e832,
    0x8136e833, 0x8136e834, 0x8136e835, 0x8136e836, 0x8136e837, 0x8136e838, 0x8136e839, 0x8136e930,
    0x8136e931, 0x8136e932, 0x00a1d0, 0x8136e933, 0x8136e934, 0x8136e935, 0x8136e936, 0x8136e937,
    0x8136e938, 0x8136e939, 0x8136ea30, 0x8136ea31, 0x8136ea32, 0x8136ea33, 0x8136ea34, 0x8136ea35,
    0x8136ea36, 0x8136ea37, 0x8136ea38, 0x8136ea39, 0x8136eb30, 0x8136eb31, 0x8136eb32, 0x8136eb33,
    0x8136eb34, 0x8136eb35, 0x8136eb36, 0x8136eb37, 0x8136eb38, 0x8136eb39, 0x8136ec30, 0x8136ec31,
    0x8136ec32, 0x8136ec33, 0x8136ec34, 0x8136ec35, 0x8136ec36, 0x8136ec37, 0x8136ec38, 0x8136ec39,
    0x8136ed30, 0x8136ed31, 0x8136ed32, 0x8136ed33, 0x8136ed34, 0x8136ed35, 0x8136ed36, 0x8136ed37,
    0x8136ed38, 0x8136ed39, 0x8136ee30, 0x8136ee31, 0x8136ee32, 0x8136ee33, 0x8136ee34, 0x8136ee35,
    0x8136ee36, 0x8136ee37, 0x8136ee38, 0x8136ee39, 0x8136ef30, 0x8136ef31, 0x8136ef32, 0x8136ef33,
    0x8136ef34, 0x8136ef35, 0x8136ef36, 0x8136ef37, 0x8136ef38, 0x8136ef39, 0x8136f030, 0x8136f031,
    0x8136f032, 0x8136f033, 0x8136f034, 0x8136f035, 0x8136f036, 0x8136f037, 0x8136f038, 0x8136f039,
    0x8136f130, 0x8136f131, 0x8136f132, 0x8136f133, 0x8136f134, 0x8136f135, 0x8136f136, 0x8136f137,
    0x8136f138, 0x8136f139, 0x8136f230, 0x8136f231, 0x8136f232, 0x8136f233, 0x8136f234, 0x8136f235,
    0x8136f236, 0x8136f237, 0x8136f238, 0x8136f239, 0x8136f330, 0x8136f331, 0x8136f332, 0x8136f333,
    0x8136f334, 0x8136f335, 0x8136f336, 0x8136f337, 0x8136f338, 0x8136f339, 0x8136f430, 0x8136f431,
    0x8136f432, 0x8136f433, 0x8136f434, 0x8136f435, 0x8136f436, 0x8136f437, 0x8136f438, 0x8136f439,
    0x8136f530, 0x8136f531, 0x8136f532, 0x8136f533, 0x8136f534, 0x8136f535, 0x8136f536, 0x8136f537,
    0x8136f538, 0x8136f539, 0x8136f630, 0x8136f631, 0x8136f632, 0x8136f633, 0x8136f634, 0x8136f635,
    0x8136f636, 0x8136f637, 0x8136f638, 0x8136f639, 0x8136f730, 0x8136f731, 0x8136f732, 0x8136f733,
    0x8136f734, 0x8136f735, 0x8136f736, 0x8136f737, 0x8136f738, 0x8136f739, 0x8136f830, 0x8136f831,
    0x8136f832, 0x8136f833, 0x8136f834, 0x8136f835, 0x8136f836, 0x8136f837, 0x8136f838, 0x8136f839,
    0x8136f930, 0x8136f931, 0x8136f932, 0x8136f933, 0x8136f934, 0x8136f935, 0x8136f936, 0x8136f937,
    0x8136f938, 0x8136f939, 0x8136fa30, 0x8136fa31, 0x8136fa32, 0x8136fa33, 0x8136fa34, 0x8136fa35,
    0x8136fa36, 0x8136fa37, 0x8136fa38, 0x8136fa39, 0x8136fb30, 0x8136fb31, 0x8136fb32, 0x8136fb33,
    0x8136fb34, 0x8136fb35, 0x8136fb36, 0x8136fb37, 0x8136fb38, 0x8136fb39, 0x8136fc30, 0x8136fc31,
    0x8136fc32, 0x8136fc33, 0x8136fc34, 0x8136fc35, 0x8136fc36, 0x8136fc37, 0x8136fc38, 0x8136fc39,
    0x8136fd30, 0x8136fd31, 0x8136fd32, 0x8136fd33, 0x8136fd34, 0x8136fd35, 0x8136fd36, 0x8136fd37,
    0x8136fd38, 0x8136fd39, 0x8136fe30, 0x8136fe31, 0x8136fe32, 0x8136fe33, 0x8136fe34, 0x8136fe35,
    0x8136fe36, 0x8136fe37, 0x8136fe38, 0x8136fe39, 0x81378130, 0x81378131, 0x81378132, 0x81378133,
    0x81378134, 0x81378135, 0x81378136, 0x81378137, 0x81378138, 0x81378139, 0x81378230, 0x81378231,
    0x81378232, 0x81378233, 0x81378234, 0x81378235, 0x81378236, 0x81378237, 0x81378238, 0x81378239,
    0x81378330, 0x81378331, 0x81378332, 0x81378333, 0x81378334, 0x81378335, 0x81378336, 0x81378337,
    0x81378338, 0x81378339, 0x81378430, 0x81378431, 0x81378432, 0x81378433, 0x81378434, 0x81378435,
    0x81378436, 0x81378437, 0x81378438, 0x81378439, 0x81378530, 0x81378531, 0x81378532, 0x81378533,
    0x81378534, 0x81378535, 0x81378536, 0x81378537, 0x81378538, 0x81378539, 0x81378630, 0x81378631,
    0x81378632, 0x81378633, 0x81378634, 0x81378635, 0x81378636, 0x81378637, 0x81378638, 0x81378639,
    0x81378730, 0x81378731, 0x81378732, 0x81378733, 0x81378734, 0x81378735, 0x81378736, 0x81378737,
    0x81378738, 0x81378739, 0x81378830, 0x81378831, 0x81378832, 0x81378833, 0x81378834, 0x81378835,
    0x81378836, 0x81378837, 0x81378838, 0x81378839, 0x81378930, 0x81378931, 0x81378932, 0x81378933,
    0x81378934, 0x81378935, 0x81378936, 0x81378937, 0x81378938, 0x81378939, 0x81378a30, 0x81378a31,
    0x81378a32, 0x81378a33, 0x81378a34, 0x81378a35, 0x81378a36, 0x81378a37, 0x81378a38, 0x81378a39,
    0x81378b30, 0x81378b31, 0x81378b32, 0x81378b33, 0x81378b34, 0x81378b35, 0x81378b36, 0x81378b37,
    0x81378b38, 0x81378b39, 0x81378c30, 0x81378c31, 0x81378c32, 0x81378c33, 0x81378c34, 0x81378c35,
    0x00a2d9, 0x00a2da, 0x00a2db, 0x00a2dc, 0x00a2dd, 0x00a2de, 0x00a2df, 0x00a2e0, 0x00a2e1,
    0x00a2e2, 0x81378c36, 0x81378c37, 0x81378c38, 0x81378c39, 0x81378d30, 0x81378d31, 0x81378d32,
    0x81378d33, 0x81378d34, 0x81378d35, 0x00a2c5, 0x00a2c6, 0x00a2c7, 0x00a2c8, 0x00a2c9, 0x00a2ca,
    0x00a2cb, 0x00a2cc, 0x00a2cd, 0x00a2ce, 0x00a2cf, 0x00a2d0, 0x00a2d1, 0x00a2d2, 0x00a2d3,
    0x00a2d4, 0x00a2d5, 0x00a2d6, 0x00a2d7, 0x00a2d8, 0x00a2b1, 0x00a2b2, 0x00a2b3, 0x00a2b4,
    0x00a2b5, 0x00a2b6, 0x00a2b7, 0x00a2b8, 0x00a2b9, 0x00a2ba, 0x00a2bb, 0x00a2bc, 0x00a2bd,
    0x00a2be, 0x00a2bf, 0x00a2c0, 0x00a2c1, 0x00a2c2, 0x00a2c3, 0x00a2c4, 0x81378d36, 0x81378d37,
    0x81378d38, 0x81378d39, 0x81378e30, 0x81378e31, 0x81378e32, 0x81378e33, 0x81378e34, 0x81378e35,
    0x81378e36, 0x81378e37, 0x81378e38, 0x81378e39, 0x81378f30, 0x81378f31, 0x81378f32, 0x81378f33,
    0x81378f34, 0x81378f35, 0x81378f36, 0x81378f37, 0x81378f38, 0x81378f39, 0x81379030, 0x81379031,
    0x81379032, 0x81379033, 0x81379034, 0x81379035, 0x81379036, 0x81379037, 0x81379038, 0x81379039,
    0x81379130, 0x81379131, 0x81379132, 0x81379133, 0x81379134, 0x81379135, 0x81379136, 0x81379137,
    0x81379138, 0x81379139, 0x81379230, 0x81379231, 0x81379232, 0x81379233, 0x81379234, 0x81379235,
    0x81379236, 0x81379237, 0x81379238, 0x81379239, 0x81379330, 0x81379331, 0x81379332, 0x81379333,
    0x81379334, 0x81379335, 0x81379336, 0x81379337, 0x81379338, 0x81379339, 0x81379430, 0x81379431,
    0x81379432, 0x81379433, 0x81379434, 0x81379435, 0x81379436, 0x81379437, 0x81379438, 0x81379439,
    0x81379530, 0x81379531, 0x81379532, 0x81379533, 0x81379534, 0x81379535, 0x81379536, 0x81379537,
    0x81379538, 0x81379539, 0x81379630, 0x81379631, 0x81379632, 0x81379633, 0x81379634, 0x81379635,
    0x81379636, 0x81379637, 0x81379638, 0x81379639, 0x81379730, 0x81379731, 0x81379732, 0x81379733,
    0x81379734, 0x81379735, 0x00a9a4, 0x00a9a5, 0x00a9a6, 0x00a9a7, 0x00a9a8, 0x00a9a9, 0x00a9aa,
    0x00a9ab, 0x00a9ac, 0x00a9ad, 0x00a9ae, 0x00a9af, 0x00a9b0, 0x00a9b1, 0x00a9b2, 0x00a9b3,
    0x00a9b4, 0x00a9b5, 0x00a9b6, 0x00a9b7, 0x00a9b8, 0x00a9b9, 0x00a9ba, 0x00a9bb, 0x00a9bc,
    0x00a9bd, 0x00a9be, 0x00a9bf, 0x00a9c0, 0x00a9c1, 0x00a9c2, 0x00a9c3, 0x00a9c4, 0x00a9c5,
    0x00a9c6, 0x00a9c7, 0x00a9c8, 0x00a9c9, 0x00a9ca, 0x00a9cb, 0x00a9cc, 0x00a9cd, 0x00a9ce,
    0x00a9cf, 0x00a9d0, 0x00a9d1, 0x00a9d2, 0x00a9d3, 0x00a9d4, 0x00a9d5, 0x00a9d6, 0x00a9d7,
    0x00a9d8, 0x00a9d9, 0x00a9da, 0x00a9db, 0x00a9dc, 0x00a9dd, 0x00a9de, 0x00a9df, 0x00a9e0,
    0x00a9e1, 0x00a9e2, 0x00a9e3, 0x00a9e4, 0x00a9e5, 0x00a9e6, 0x00a9e7, 0x00a9e8, 0x00a9e9,
    0x00a9ea, 0x00a9eb, 0x00a9ec, 0x00a9ed, 0x00a9ee, 0x00a9ef, 0x81379736, 0x81379737, 0x81379738,
    0x81379739, 0x00a854, 0x00a855, 0x00a856, 0x00a857, 0x00a858, 0x00a859, 0x00a85a, 0x00a85b,
    0x00a85c, 0x00a85d, 0x00a85e, 0x00a85f, 0x00a860, 0x00a861, 0x00a862, 0x00a863, 0x00a864,
    0x00a865, 0x00a866, 0x00a867, 0x00a868, 0x00a869, 0x00a86a, 0x00a86b, 0x00a86c, 0x00a86d,
    0x00a86e, 0x00a86f, 0x00a870, 0x00a871, 0x00a872, 0x00a873, 0x00a874, 0x00a875, 0x00a876,
    0x00a877, 0x81379830, 0x81379831, 0x81379832, 0x81379833, 0x81379834, 0x81379835, 0x81379836,
    0x81379837, 0x81379838, 0x81379839, 0x81379930, 0x81379931, 0x81379932, 0x00a878, 0x00a879,
    0x00a87a, 0x00a87b, 0x00a87c, 0x00a87d, 0x00a87e, 0x00a880, 0x00a881, 0x00a882, 0x00a883,
    0x00a884, 0x00a885, 0x00a886, 0x00a887, 0x81379933, 0x81379934, 0x81379935, 0x00a888, 0x00a889,
    0x00a88a, 0x81379936, 0x81379937, 0x81379938, 0x81379939, 0x81379a30, 0x81379a31, 0x81379a32,
    0x81379a33, 0x81379a34, 0x81379a35, 0x00a1f6, 0x00a1f5, 0x81379a36, 0x81379a37, 0x81379a38,
    0x81379a39, 0x81379b30, 0x81379b31, 0x81379b32, 0x81379b33, 0x81379b34, 0x81379b35, 0x81379b36,
    0x81379b37, 0x81379b38, 0x81379b39, 0x81379c30, 0x81379c31, 0x00a1f8, 0x00a1f7, 0x81379c32,
    0x81379c33, 0x81379c34, 0x81379c35, 0x81379c36, 0x81379c37, 0x81379c38, 0x81379c39, 0x00a88b,
    0x00a88c, 0x81379d30, 0x81379d31, 0x81379d32, 0x81379d33, 0x81379d34, 0x81379d35, 0x81379d36,
    0x81379d37, 0x00a1f4, 0x00a1f3, 0x81379d38, 0x81379d39, 0x81379e30, 0x00a1f0, 0x81379e31,
    0x81379e32, 0x00a1f2, 0x00a1f1, 0x81379e33, 0x81379e34, 0x81379e35, 0x81379e36, 0x81379e37,
    0x81379e38, 0x81379e39, 0x81379f30, 0x81379f31, 0x81379f32, 0x81379f33, 0x81379f34, 0x81379f35,
    0x81379f36, 0x81379f37, 0x81379f38, 0x81379f39, 0x8137a030, 0x00a88d, 0x00a88e, 0x00a88f,
    0x00a890, 0x8137a031, 0x8137a032, 0x8137a033, 0x8137a034, 0x8137a035, 0x8137a036, 0x8137a037,
    0x8137a038, 0x8137a039, 0x8137a130, 0x8137a131, 0x8137a132, 0x8137a133, 0x8137a134, 0x8137a135,
    0x8137a136, 0x8137a137, 0x8137a138, 0x8137a139, 0x8137a230, 0x8137a231, 0x8137a232, 0x8137a233,
    0x8137a234, 0x8137a235, 0x8137a236, 0x8137a237, 0x8137a238, 0x8137a239, 0x8137a330, 0x8137a331,
    0x00a1ef, 0x00a1ee, 0x8137a332, 0x8137a333, 0x00a891, 0x8137a334, 0x8137a335, 0x8137a336,
    0x8137a337, 0x8137a338, 0x8137a339, 0x8137a430, 0x8137a431, 0x8137a432, 0x8137a433, 0x8137a434,
    0x8137a435, 0x8137a436, 0x8137a437, 0x8137a438, 0x8137a439, 0x8137a530, 0x8137a531, 0x8137a532,
    0x8137a533, 0x8137a534, 0x8137a535, 0x8137a536, 0x8137a537, 0x8137a538, 0x8137a539, 0x8137a630,
    0x8137a631, 0x8137a632, 0x8137a633, 0x8137a634, 0x8137a635, 0x8137a636, 0x8137a637, 0x8137a638,
    0x8137a639, 0x8137a730, 0x8137a731, 0x8137a732, 0x8137a733, 0x8137a734, 0x8137a735, 0x8137a736,
    0x8137a737, 0x8137a738, 0x8137a739, 0x8137a830, 0x8137a831, 0x8137a832, 0x8137a833, 0x8137a834,
    0x8137a835, 0x8137a836, 0x8137a837, 0x00a1e2, 0x8137a838, 0x00a1e1, 0x000000, 0x000000,
    0x000000, 0x000000, 0x000000, 0x000000, 0x000000, 0x000000, 0x000000, 0x000000, 0x000000,
    0x000000, 0x000000, 0x000000, 0x000000, 0x000000, 0x000000, 0x000000, 0x000000, 0x000000,
    0x000000, 0x000000, 0x000000, 0x000000, 0x000000, 0x000000, 0x000000, 0x000000, 0x000000,
    0x000000, 0x000000, 0x000000, 0x000000, 0x000000, 0x000000, 0x000000, 0x000000, 0x000000,
    0x000000, 0x000000, 0x000000, 0x000000, 0x000000, 0x000000, 0x000000, 0x000000, 0x000000,
    0x000000, 0x000000, 0x000000, 0x000000, 0x000000, 0x000000, 0x000000, 0x000000, 0x000000,
    0x000000, 0x000000, 0x000000, 0x000000, 0x000000, 0x00fe50, 0x8138fd39, 0x8138fe30, 0x00fe54,
    0x8138fe31, 0x8138fe32, 0x8138fe33, 0x00fe57, 0x8138fe34, 0x8138fe35, 0x00fe58, 0x00fe5d,
    0x8138fe36, 0x8138fe37, 0x8138fe38, 0x8138fe39, 0x81398130, 0x81398131, 0x81398132, 0x81398133,
    0x81398134, 0x81398135, 0x00fe5e, 0x81398136, 0x81398137, 0x81398138, 0x81398139, 0x81398230,
    0x81398231, 0x81398232, 0x81398233, 0x81398234, 0x81398235, 0x81398236, 0x81398237, 0x81398238,
    0x81398239, 0x81398330, 0x00fe6b, 0x81398331, 0x81398332, 0x00fe6e, 0x81398333, 0x81398334,
    0x81398335, 0x00fe71, 0x81398336, 0x81398337, 0x81398338, 0x81398339, 0x00fe73, 0x81398430,
    0x81398431, 0x00fe74, 0x00fe75, 0x81398432, 0x81398433, 0x81398434, 0x00fe79, 0x81398435,
    0x81398436, 0x81398437, 0x81398438, 0x81398439, 0x81398530, 0x81398531, 0x81398532, 0x81398533,
    0x81398534, 0x81398535, 0x81398536, 0x81398537, 0x81398538, 0x00fe84, 0x81398539, 0x81398630,
    0x81398631, 0x81398632, 0x81398633, 0x81398634, 0x81398635, 0x81398636, 0x81398637, 0x81398638,
    0x81398639, 0x81398730, 0x81398731, 0x81398732, 0x81398733, 0x81398734, 0x81398735, 0x81398736,
    0x81398737, 0x81398738, 0x81398739, 0x81398830, 0x81398831, 0x81398832, 0x81398833, 0x81398834,
    0x81398835, 0x81398836, 0x81398837, 0x81398838, 0x81398839, 0x81398930, 0x81398931, 0x81398932,
    0x81398933, 0x81398934, 0x81398935, 0x81398936, 0x81398937, 0x81398938, 0x81398939, 0x81398a30,
    0x81398a31, 0x81398a32, 0x81398a33, 0x81398a34, 0x81398a35, 0x81398a36, 0x81398a37, 0x81398a38,
    0x81398a39, 0x81398b30, 0x81398b31, 0x81398b32, 0x81398b33, 0x81398b34, 0x81398b35, 0x81398b36,
    0x81398b37, 0x81398b38, 0x81398b39, 0x81398c30, 0x81398c31, 0x81398c32, 0x81398c33, 0x81398c34,
    0x81398c35, 0x81398c36, 0x81398c37, 0x81398c38, 0x81398c39, 0x81398d30, 0x81398d31, 0x81398d32,
    0x81398d33, 0x81398d34, 0x81398d35, 0x81398d36, 0x81398d37, 0x81398d38, 0x81398d39, 0x81398e30,
    0x81398e31, 0x81398e32, 0x81398e33, 0x81398e34, 0x81398e35, 0x81398e36, 0x81398e37, 0x81398e38,
    0x81398e39, 0x81398f30, 0x81398f31, 0x81398f32, 0x81398f33, 0x81398f34, 0x81398f35, 0x81398f36,
    0x81398f37, 0x81398f38, 0x81398f39, 0x81399030, 0x81399031, 0x81399032, 0x81399033, 0x81399034,
    0x81399035, 0x81399036, 0x81399037, 0x81399038, 0x81399039, 0x81399130, 0x81399131, 0x81399132,
    0x81399133, 0x81399134, 0x81399135, 0x81399136, 0x81399137, 0x81399138, 0x81399139, 0x81399230,
    0x81399231, 0x81399232, 0x81399233, 0x81399234, 0x81399235, 0x81399236, 0x81399237, 0x81399238,
    0x81399239, 0x81399330, 0x81399331, 0x81399332, 0x81399333, 0x81399334, 0x81399335, 0x81399336,
    0x81399337, 0x81399338, 0x81399339, 0x81399430, 0x81399431, 0x81399432, 0x81399433, 0x81399434,
    0x81399435, 0x81399436, 0x81399437, 0x81399438, 0x81399439, 0x81399530, 0x81399531, 0x81399532,
    0x81399533, 0x81399534, 0x81399535, 0x81399536, 0x81399537, 0x81399538, 0x81399539, 0x81399630,
    0x81399631, 0x81399632, 0x81399633, 0x81399634, 0x81399635, 0x81399636, 0x81399637, 0x81399638,
    0x81399639, 0x81399730, 0x81399731, 0x81399732, 0x81399733, 0x81399734, 0x81399735, 0x81399736,
    0x81399737, 0x81399738, 0x81399739, 0x81399830, 0x81399831, 0x81399832, 0x81399833, 0x81399834,
    0x81399835, 0x81399836, 0x81399837, 0x81399838, 0x81399839, 0x81399930, 0x81399931, 0x81399932,
    0x81399933, 0x81399934, 0x81399935, 0x81399936, 0x81399937, 0x81399938, 0x81399939, 0x81399a30,
    0x81399a31, 0x81399a32, 0x81399a33, 0x81399a34, 0x81399a35, 0x81399a36, 0x81399a37, 0x81399a38,
    0x81399a39, 0x81399b30, 0x81399b31, 0x81399b32, 0x81399b33, 0x81399b34, 0x81399b35, 0x81399b36,
    0x81399b37, 0x81399b38, 0x81399b39, 0x81399c30, 0x81399c31, 0x81399c32, 0x81399c33, 0x81399c34,
    0x81399c35, 0x81399c36, 0x81399c37, 0x81399c38, 0x81399c39, 0x81399d30, 0x81399d31, 0x81399d32,
    0x81399d33, 0x81399d34, 0x81399d35, 0x81399d36, 0x81399d37, 0x81399d38, 0x81399d39, 0x81399e30,
    0x81399e31, 0x81399e32, 0x81399e33, 0x81399e34, 0x81399e35, 0x81399e36, 0x81399e37, 0x81399e38,
    0x81399e39, 0x81399f30, 0x81399f31, 0x81399f32, 0x81399f33, 0x81399f34, 0x81399f35, 0x81399f36,
    0x81399f37, 0x81399f38, 0x81399f39, 0x8139a030, 0x8139a031, 0x8139a032, 0x8139a033, 0x8139a034,
    0x8139a035, 0x8139a036, 0x8139a037, 0x8139a038, 0x8139a039, 0x8139a130, 0x8139a131, 0x8139a132,
    0x8139a133, 0x8139a134, 0x8139a135, 0x8139a136, 0x8139a137, 0x8139a138, 0x8139a139, 0x8139a230,
    0x8139a231, 0x8139a232, 0x8139a233, 0x8139a234, 0x8139a235, 0x8139a236, 0x8139a237, 0x8139a238,
    0x8139a239, 0x8139a330, 0x8139a331, 0x00a98a, 0x00a98b, 0x00a98c, 0x00a98d, 0x00a98e, 0x00a98f,
    0x00a990, 0x00a991, 0x00a992, 0x00a993, 0x00a994, 0x00a995, 0x8139a332, 0x8139a333, 0x8139a334,
    0x8139a335, 0x00a1a1, 0x00a1a2, 0x00a1a3, 0x00a1a8, 0x8139a336, 0x00a1a9, 0x00a965, 0x00a996,
    0x00a1b4, 0x00a1b5, 0x00a1b6, 0x00a1b7, 0x00a1b8, 0x00a1b9, 0x00a1ba, 0x00a1bb, 0x00a1be,
    0x00a1bf, 0x00a893, 0x00a1fe, 0x00a1b2, 0x00a1b3, 0x00a1bc, 0x00a1bd, 0x8139a337, 0x8139a338,
    0x8139a339, 0x8139a430, 0x8139a431, 0x00a894, 0x00a895, 0x8139a432, 0x8139a433, 0x00a940,
    0x00a941, 0x00a942, 0x00a943, 0x00a944, 0x00a945, 0x00a946, 0x00a947, 0x00a948, 0x8139a434,
    0x8139a435, 0x8139a436, 0x8139a437, 0x8139a438, 0x8139a439, 0x8139a530, 0x8139a531, 0x8139a532,
    0x8139a533, 0x8139a534, 0x8139a535, 0x8139a536, 0x8139a537, 0x8139a538, 0x8139a539, 0x8139a630,
    0x8139a631, 0x8139a632, 0x8139a633, 0x00a989, 0x8139a634, 0x8139a635, 0x00a4a1, 0x00a4a2,
    0x00a4a3, 0x00a4a4, 0x00a4a5, 0x00a4a6, 0x00a4a7, 0x00a4a8, 0x00a4a9, 0x00a4aa, 0x00a4ab,
    0x00a4ac, 0x00a4ad, 0x00a4ae, 0x00a4af, 0x00a4b0, 0x00a4b1, 0x00a4b2, 0x00a4b3, 0x00a4b4,
    0x00a4b5, 0x00a4b6, 0x00a4b7, 0x00a4b8, 0x00a4b9, 0x00a4ba, 0x00a4bb, 0x00a4bc, 0x00a4bd,
    0x00a4be, 0x00a4bf, 0x00a4c0, 0x00a4c1, 0x00a4c2, 0x00a4c3, 0x00a4c4, 0x00a4c5, 0x00a4c6,
    0x00a4c7, 0x00a4c8, 0x00a4c9, 0x00a4ca, 0x00a4cb, 0x00a4cc, 0x00a4cd, 0x00a4ce, 0x00a4cf,
    0x00a4d0, 0x00a4d1, 0x00a4d2, 0x00a4d3, 0x00a4d4, 0x00a4d5, 0x00a4d6, 0x00a4d7, 0x00a4d8,
    0x00a4d9, 0x00a4da, 0x00a4db, 0x00a4dc, 0x00a4dd, 0x00a4de, 0x00a4df, 0x00a4e0, 0x00a4e1,
    0x00a4e2, 0x00a4e3, 0x00a4e4, 0x00a4e5, 0x00a4e6, 0x00a4e7, 0x00a4e8, 0x00a4e9, 0x00a4ea,
    0x00a4eb, 0x00a4ec, 0x00a4ed, 0x00a4ee, 0x00a4ef, 0x00a4f0, 0x00a4f1, 0x00a4f2, 0x00a4f3,
    0x8139a636, 0x8139a637, 0x8139a638, 0x8139a639, 0x8139a730, 0x8139a731, 0x8139a732, 0x00a961,
    0x00a962, 0x00a966, 0x00a967, 0x8139a733, 0x8139a734, 0x00a5a1, 0x00a5a2, 0x00a5a3, 0x00a5a4,
    0x00a5a5, 0x00a5a6, 0x00a5a7, 0x00a5a8, 0x00a5a9, 0x00a5aa, 0x00a5ab, 0x00a5ac, 0x00a5ad,
    0x00a5ae, 0x00a5af, 0x00a5b0, 0x00a5b1, 0x00a5b2, 0x00a5b3, 0x00a5b4, 0x00a5b5, 0x00a5b6,
    0x00a5b7, 0x00a5b8, 0x00a5b9, 0x00a5ba, 0x00a5bb, 0x00a5bc, 0x00a5bd, 0x00a5be, 0x00a5bf,
    0x00a5c0, 0x00a5c1, 0x00a5c2, 0x00a5c3, 0x00a5c4, 0x00a5c5, 0x00a5c6, 0x00a5c7, 0x00a5c8,
    0x00a5c9, 0x00a5ca, 0x00a5cb, 0x00a5cc, 0x00a5cd, 0x00a5ce, 0x00a5cf, 0x00a5d0, 0x00a5d1,
    0x00a5d2, 0x00a5d3, 0x00a5d4, 0x00a5d5, 0x00a5d6, 0x00a5d7, 0x00a5d8, 0x00a5d9, 0x00a5da,
    0x00a5db, 0x00a5dc, 0x00a5dd, 0x00a5de, 0x00a5df, 0x00a5e0, 0x00a5e1, 0x00a5e2, 0x00a5e3,
    0x00a5e4, 0x00a5e5, 0x00a5e6, 0x00a5e7, 0x00a5e8, 0x00a5e9, 0x00a5ea, 0x00a5eb, 0x00a5ec,
    0x00a5ed, 0x00a5ee, 0x00a5ef, 0x00a5f0, 0x00a5f1, 0x00a5f2, 0x00a5f3, 0x00a5f4, 0x00a5f5,
    0x00a5f6, 0x8139a735, 0x8139a736, 0x8139a737, 0x8139a738, 0x8139a739, 0x00a960, 0x00a963,
    0x00a964, 0x8139a830, 0x8139a831, 0x8139a832, 0x8139a833, 0x8139a834, 0x8139a835, 0x00a8c5,
    0x00a8c6, 0x00a8c7, 0x00a8c8, 0x00a8c9, 0x00a8ca, 0x00a8cb, 0x00a8cc, 0x00a8cd, 0x00a8ce,
    0x00a8cf, 0x00a8d0, 0x00a8d1, 0x00a8d2, 0x00a8d3, 0x00a8d4, 0x00a8d5, 0x00a8d6, 0x00a8d7,
    0x00a8d8, 0x00a8d9, 0x00a8da, 0x00a8db, 0x00a8dc, 0x00a8dd, 0x00a8de, 0x00a8df, 0x00a8e0,
    0x00a8e1, 0x00a8e2, 0x00a8e3, 0x00a8e4, 0x00a8e5, 0x00a8e6, 0x00a8e7, 0x00a8e8, 0x00a8e9,
    0x8139a836, 0x8139a837, 0x8139a838, 0x8139a839, 0x8139a930, 0x8139a931, 0x8139a932, 0x8139a933,
    0x8139a934, 0x8139a935, 0x8139a936, 0x8139a937, 0x8139a938, 0x8139a939, 0x8139aa30, 0x8139aa31,
    0x8139aa32, 0x8139aa33, 0x8139aa34, 0x8139aa35, 0x8139aa36, 0x8139aa37, 0x8139aa38, 0x8139aa39,
    0x8139ab30, 0x8139ab31, 0x8139ab32, 0x8139ab33, 0x8139ab34, 0x8139ab35, 0x8139ab36, 0x8139ab37,
    0x8139ab38, 0x8139ab39, 0x8139ac30, 0x8139ac31, 0x8139ac32, 0x8139ac33, 0x8139ac34, 0x8139ac35,
    0x8139ac36, 0x8139ac37, 0x8139ac38, 0x8139ac39, 0x8139ad30, 0x8139ad31, 0x8139ad32, 0x8139ad33,
    0x8139ad34, 0x8139ad35, 0x8139ad36, 0x8139ad37, 0x8139ad38, 0x8139ad39, 0x8139ae30, 0x8139ae31,
    0x8139ae32, 0x8139ae33, 0x8139ae34, 0x8139ae35, 0x8139ae36, 0x8139ae37, 0x8139ae38, 0x8139ae39,
    0x8139af30, 0x8139af31, 0x8139af32, 0x8139af33, 0x8139af34, 0x8139af35, 0x8139af36, 0x8139af37,
    0x8139af38, 0x8139af39, 0x8139b030, 0x8139b031, 0x8139b032, 0x8139b033, 0x8139b034, 0x8139b035,
    0x8139b036, 0x8139b037, 0x8139b038, 0x8139b039, 0x8139b130, 0x8139b131, 0x8139b132, 0x8139b133,
    0x8139b134, 0x8139b135, 0x8139b136, 0x8139b137, 0x8139b138, 0x8139b139, 0x8139b230, 0x8139b231,
    0x8139b232, 0x8139b233, 0x8139b234, 0x8139b235, 0x8139b236, 0x8139b237, 0x8139b238, 0x8139b239,
    0x8139b330, 0x8139b331, 0x8139b332, 0x8139b333, 0x8139b334, 0x8139b335, 0x8139b336, 0x8139b337,
    0x8139b338, 0x8139b339, 0x8139b430, 0x8139b431, 0x8139b432, 0x8139b433, 0x8139b434, 0x8139b435,
    0x8139b436, 0x8139b437, 0x8139b438, 0x8139b439, 0x8139b530, 0x8139b531, 0x8139b532, 0x8139b533,
    0x8139b534, 0x8139b535, 0x8139b536, 0x8139b537, 0x8139b538, 0x8139b539, 0x8139b630, 0x8139b631,
    0x8139b632, 0x8139b633, 0x8139b634, 0x8139b635, 0x8139b636, 0x8139b637, 0x8139b638, 0x8139b639,
    0x8139b730, 0x8139b731, 0x8139b732, 0x8139b733, 0x8139b734, 0x8139b735, 0x8139b736, 0x8139b737,
    0x8139b738, 0x8139b739, 0x8139b830, 0x8139b831, 0x8139b832, 0x8139b833, 0x8139b834, 0x8139b835,
    0x8139b836, 0x8139b837, 0x8139b838, 0x8139b839, 0x8139b930, 0x8139b931, 0x8139b932, 0x8139b933,
    0x8139b934, 0x8139b935, 0x8139b936, 0x8139b937, 0x8139b938, 0x8139b939, 0x8139ba30, 0x8139ba31,
    0x8139ba32, 0x8139ba33, 0x8139ba34, 0x8139ba35, 0x8139ba36, 0x8139ba37, 0x8139ba38, 0x8139ba39,
    0x8139bb30, 0x8139bb31, 0x8139bb32, 0x8139bb33, 0x8139bb34, 0x8139bb35, 0x8139bb36, 0x8139bb37,
    0x8139bb38, 0x8139bb39, 0x8139bc30, 0x8139bc31, 0x8139bc32, 0x8139bc33, 0x8139bc34, 0x8139bc35,
    0x8139bc36, 0x8139bc37, 0x8139bc38, 0x8139bc39, 0x8139bd30, 0x8139bd31, 0x8139bd32, 0x8139bd33,
    0x8139bd34, 0x8139bd35, 0x8139bd36, 0x8139bd37, 0x8139bd38, 0x8139bd39, 0x8139be30, 0x8139be31,
    0x8139be32, 0x8139be33, 0x8139be34, 0x8139be35, 0x8139be36, 0x8139be37, 0x8139be38, 0x8139be39,
    0x8139bf30, 0x8139bf31, 0x8139bf32, 0x8139bf33, 0x8139bf34, 0x8139bf35, 0x8139bf36, 0x8139bf37,
    0x8139bf38, 0x8139bf39, 0x8139c030, 0x8139c031, 0x8139c032, 0x8139c033, 0x8139c034, 0x8139c035,
    0x8139c036, 0x8139c037, 0x8139c038, 0x8139c039, 0x8139c130, 0x8139c131, 0x00a2e5, 0x00a2e6,
    0x00a2e7, 0x00a2e8, 0x00a2e9, 0x00a2ea, 0x00a2eb, 0x00a2ec, 0x00a2ed, 0x00a2ee, 0x8139c132,
    0x8139c133, 0x8139c134, 0x8139c135, 0x8139c136, 0x8139c137, 0x8139c138, 0x00a95a, 0x8139c139,
    0x8139c230, 0x8139c231, 0x8139c232, 0x8139c233, 0x8139c234, 0x8139c235, 0x8139c236, 0x8139c237,
    0x8139c238, 0x8139c239, 0x8139c330, 0x8139c331, 0x8139c332, 0x8139c333, 0x8139c334, 0x8139c335,
    0x8139c336, 0x8139c337, 0x8139c338, 0x8139c339, 0x8139c430, 0x8139c431, 0x8139c432, 0x8139c433,
    0x8139c434, 0x8139c435, 0x8139c436, 0x8139c437, 0x8139c438, 0x8139c439, 0x8139c530, 0x8139c531,
    0x8139c532, 0x8139c533, 0x8139c534, 0x8139c535, 0x8139c536, 0x8139c537, 0x8139c538, 0x8139c539,
    0x8139c630, 0x8139c631, 0x8139c632, 0x8139c633, 0x8139c634, 0x8139c635, 0x8139c636, 0x8139c637,
    0x8139c638, 0x8139c639, 0x8139c730, 0x8139c731, 0x8139c732, 0x8139c733, 0x8139c734, 0x8139c735,
    0x8139c736, 0x8139c737, 0x8139c738, 0x8139c739, 0x8139c830, 0x8139c831, 0x8139c832, 0x8139c833,
    0x8139c834, 0x8139c835, 0x8139c836, 0x8139c837, 0x8139c838, 0x8139c839, 0x8139c930, 0x8139c931,
    0x8139c932, 0x8139c933, 0x8139c934, 0x8139c935, 0x8139c936, 0x8139c937, 0x8139c938, 0x8139c939,
    0x8139ca30, 0x8139ca31, 0x8139ca32, 0x8139ca33, 0x8139ca34, 0x8139ca35, 0x8139ca36, 0x8139ca37,
    0x8139ca38, 0x8139ca39, 0x8139cb30, 0x8139cb31, 0x8139cb32, 0x8139cb33, 0x8139cb34, 0x8139cb35,
    0x8139cb36, 0x8139cb37, 0x8139cb38, 0x8139cb39, 0x8139cc30, 0x8139cc31, 0x8139cc32, 0x8139cc33,
    0x8139cc34, 0x8139cc35, 0x8139cc36, 0x8139cc37, 0x8139cc38, 0x8139cc39, 0x8139cd30, 0x8139cd31,
    0x00a949, 0x8139cd32, 0x8139cd33, 0x8139cd34, 0x8139cd35, 0x8139cd36, 0x8139cd37, 0x8139cd38,
    0x8139cd39, 0x8139ce30, 0x8139ce31, 0x8139ce32, 0x8139ce33, 0x8139ce34, 0x8139ce35, 0x8139ce36,
    0x8139ce37, 0x8139ce38, 0x8139ce39, 0x8139cf30, 0x8139cf31, 0x8139cf32, 0x8139cf33, 0x8139cf34,
    0x8139cf35, 0x8139cf36, 0x8139cf37, 0x8139cf38, 0x8139cf39, 0x8139d030, 0x8139d031, 0x8139d032,
    0x8139d033, 0x8139d034, 0x8139d035, 0x8139d036, 0x8139d037, 0x8139d038, 0x8139d039, 0x8139d130,
    0x8139d131, 0x8139d132, 0x8139d133, 0x8139d134, 0x8139d135, 0x8139d136, 0x8139d137, 0x8139d138,
    0x8139d139, 0x8139d230, 0x8139d231, 0x8139d232, 0x8139d233, 0x8139d234, 0x8139d235, 0x8139d236,
    0x8139d237, 0x8139d238, 0x8139d239, 0x8139d330, 0x8139d331, 0x8139d332, 0x8139d333, 0x8139d334,
    0x8139d335, 0x8139d336, 0x8139d337, 0x8139d338, 0x8139d339, 0x8139d430, 0x8139d431, 0x8139d432,
    0x8139d433, 0x8139d434, 0x8139d435, 0x8139d436, 0x8139d437, 0x8139d438, 0x8139d439, 0x8139d530,
    0x8139d531, 0x8139d532, 0x8139d533, 0x8139d534, 0x8139d535, 0x8139d536, 0x8139d537, 0x8139d538,
    0x8139d539, 0x8139d630, 0x8139d631, 0x8139d632, 0x8139d633, 0x8139d634, 0x8139d635, 0x8139d636,
    0x8139d637, 0x8139d638, 0x8139d639, 0x8139d730, 0x8139d731, 0x8139d732, 0x8139d733, 0x8139d734,
    0x8139d735, 0x8139d736, 0x8139d737, 0x8139d738, 0x8139d739, 0x8139d830, 0x8139d831, 0x8139d832,
    0x8139d833, 0x8139d834, 0x8139d835, 0x8139d836, 0x8139d837, 0x8139d838, 0x8139d839, 0x8139d930,
    0x8139d931, 0x8139d932, 0x8139d933, 0x8139d934, 0x8139d935, 0x8139d936, 0x8139d937, 0x8139d938,
    0x8139d939, 0x8139da30, 0x8139da31, 0x8139da32, 0x8139da33, 0x8139da34, 0x8139da35, 0x8139da36,
    0x8139da37, 0x8139da38, 0x8139da39, 0x8139db30, 0x8139db31, 0x8139db32, 0x8139db33, 0x8139db34,
    0x8139db35, 0x8139db36, 0x8139db37, 0x8139db38, 0x8139db39, 0x8139dc30, 0x8139dc31, 0x8139dc32,
    0x8139dc33, 0x8139dc34, 0x8139dc35, 0x8139dc36, 0x8139dc37, 0x8139dc38, 0x8139dc39, 0x8139dd30,
    0x8139dd31, 0x8139dd32, 0x8139dd33, 0x8139dd34, 0x8139dd35, 0x8139dd36, 0x8139dd37, 0x8139dd38,
    0x8139dd39, 0x8139de30, 0x8139de31, 0x8139de32, 0x8139de33, 0x8139de34, 0x8139de35, 0x8139de36,
    0x8139de37, 0x8139de38, 0x8139de39, 0x8139df30, 0x8139df31, 0x8139df32, 0x8139df33, 0x8139df34,
    0x8139df35, 0x8139df36, 0x8139df37, 0x8139df38, 0x8139df39, 0x8139e030, 0x8139e031, 0x8139e032,
    0x8139e033, 0x8139e034, 0x8139e035, 0x8139e036, 0x8139e037, 0x8139e038, 0x8139e039, 0x8139e130,
    0x8139e131, 0x8139e132, 0x8139e133, 0x8139e134, 0x8139e135, 0x8139e136, 0x8139e137, 0x8139e138,
    0x8139e139, 0x8139e230, 0x8139e231, 0x8139e232, 0x8139e233, 0x8139e234, 0x8139e235, 0x8139e236,
    0x8139e237, 0x8139e238, 0x8139e239, 0x8139e330, 0x8139e331, 0x8139e332, 0x8139e333, 0x8139e334,
    0x8139e335, 0x8139e336, 0x8139e337, 0x8139e338, 0x8139e339, 0x8139e430, 0x8139e431, 0x8139e432,
    0x8139e433, 0x8139e434, 0x8139e435, 0x00a94a, 0x00a94b, 0x8139e436, 0x8139e437, 0x8139e438,
    0x8139e439, 0x8139e530, 0x8139e531, 0x8139e532, 0x8139e533, 0x8139e534, 0x8139e535, 0x8139e536,
    0x8139e537, 0x00a94c, 0x00a94d, 0x00a94e, 0x8139e538, 0x8139e539, 0x00a94f, 0x8139e630,
    0x8139e631, 0x8139e632, 0x8139e633, 0x8139e634, 0x8139e635, 0x8139e636, 0x8139e637, 0x8139e638,
    0x8139e639, 0x8139e730, 0x8139e731, 0x8139e732, 0x8139e733, 0x8139e734, 0x8139e735, 0x8139e736,
    0x8139e737, 0x8139e738, 0x8139e739, 0x8139e830, 0x8139e831, 0x8139e832, 0x8139e833, 0x8139e834,
    0x8139e835, 0x8139e836, 0x8139e837, 0x8139e838, 0x8139e839, 0x8139e930, 0x8139e931, 0x8139e932,
    0x8139e933, 0x00a950, 0x8139e934, 0x8139e935, 0x8139e936, 0x8139e937, 0x8139e938, 0x8139e939,
    0x8139ea30, 0x8139ea31, 0x8139ea32, 0x00a951, 0x8139ea33, 0x8139ea34, 0x00a952, 0x00a953,
    0x8139ea35, 0x8139ea36, 0x00a954, 0x8139ea37, 0x8139ea38, 0x8139ea39, 0x8139eb30, 0x8139eb31,
    0x8139eb32, 0x8139eb33, 0x8139eb34, 0x8139eb35, 0x8139eb36, 0x8139eb37, 0x8139eb38, 0x8139eb39,
    0x8139ec30, 0x8139ec31, 0x8139ec32, 0x8139ec33, 0x8139ec34, 0x8139ec35, 0x8139ec36, 0x8139ec37,
    0x8139ec38, 0x8139ec39, 0x8139ed30, 0x8139ed31, 0x8139ed32, 0x8139ed33, 0x8139ed34, 0x8139ed35,
    0x8139ed36, 0x8139ed37, 0x8139ed38, 0x8139ed39, 0x8139ee30, 0x8139ee31, 0x8139ee32, 0x8139ee33,
    0x8139ee34, 0x8139ee35, 0x8139ee36, 0x8139ee37, 0x8139ee38, 0x8139ee39, 0x8139ef30, 0x8139ef31,
    0x8139ef32, 0x8139ef33, 0x8139ef34, 0x8139ef35, 0x8139ef36, 0x8139ef37, 0x8139ef38, 0x8139ef39,
    0x8139f030, 0x8139f031, 0x8139f032, 0x8139f033, 0x8139f034, 0x8139f035, 0x8139f036, 0x8139f037,
    0x8139f038, 0x8139f039, 0x8139f130, 0x8139f131, 0x8139f132, 0x8139f133, 0x8139f134, 0x8139f135,
    0x8139f136, 0x8139f137, 0x8139f138, 0x8139f139, 0x8139f230, 0x8139f231, 0x8139f232, 0x8139f233,
    0x8139f234, 0x8139f235, 0x8139f236, 0x8139f237, 0x8139f238, 0x8139f239, 0x8139f330, 0x8139f331,
    0x8139f332, 0x8139f333, 0x8139f334, 0x8139f335, 0x8139f336, 0x8139f337, 0x8139f338, 0x8139f339,
    0x8139f430, 0x8139f431, 0x8139f432, 0x8139f433, 0x8139f434, 0x8139f435, 0x8139f436, 0x8139f437,
    0x8139f438, 0x8139f439, 0x8139f530, 0x8139f531, 0x8139f532, 0x8139f533, 0x8139f534, 0x8139f535,
    0x8139f536, 0x8139f537, 0x8139f538, 0x8139f539, 0x00fe56, 0x8139f630, 0x8139f631, 0x8139f632,
    0x8139f633, 0x8139f634, 0x8139f635, 0x8139f636, 0x8139f637, 0x8139f638, 0x8139f639, 0x8139f730,
    0x8139f731, 0x8139f732, 0x8139f733, 0x8139f734, 0x8139f735, 0x8139f736, 0x8139f737, 0x8139f738,
    0x8139f739, 0x8139f830, 0x8139f831, 0x8139f832, 0x8139f833, 0x8139f834, 0x8139f835, 0x8139f836,
    0x8139f837, 0x8139f838, 0x8139f839, 0x8139f930, 0x8139f931, 0x8139f932, 0x8139f933, 0x8139f934,
    0x8139f935, 0x8139f936, 0x8139f937, 0x8139f938, 0x8139f939, 0x8139fa30, 0x8139fa31, 0x8139fa32,
    0x00fe55, 0x8139fa33, 0x8139fa34, 0x8139fa35, 0x8139fa36, 0x8139fa37, 0x8139fa38, 0x8139fa39,
    0x8139fb30, 0x8139fb31, 0x8139fb32, 0x8139fb33, 0x8139fb34, 0x8139fb35, 0x8139fb36, 0x8139fb37,
    0x8139fb38, 0x8139fb39, 0x8139fc30, 0x8139fc31, 0x8139fc32, 0x8139fc33, 0x8139fc34, 0x8139fc35,
    0x8139fc36, 0x8139fc37, 0x8139fc38, 0x8139fc39, 0x8139fd30, 0x8139fd31, 0x8139fd32, 0x8139fd33,
    0x8139fd34, 0x8139fd35, 0x8139fd36, 0x8139fd37, 0x8139fd38, 0x8139fd39, 0x8139fe30, 0x8139fe31,
    0x8139fe32, 0x8139fe33, 0x8139fe34, 0x8139fe35, 0x8139fe36, 0x8139fe37, 0x8139fe38, 0x8139fe39,
    0x82308130, 0x82308131, 0x82308132, 0x82308133, 0x82308134, 0x82308135, 0x82308136, 0x82308137,
    0x82308138, 0x82308139, 0x82308230, 0x82308231, 0x82308232, 0x82308233, 0x82308234, 0x82308235,
    0x82308236, 0x82308237, 0x82308238, 0x82308239, 0x82308330, 0x82308331, 0x82308332, 0x82308333,
    0x82308334, 0x82308335, 0x82308336, 0x82308337, 0x82308338, 0x82308339, 0x82308430, 0x82308431,
    0x82308432, 0x82308433, 0x82308434, 0x82308435, 0x82308436, 0x82308437, 0x82308438, 0x82308439,
    0x82308530, 0x82308531, 0x82308532, 0x82308533, 0x82308534, 0x82308535, 0x82308536, 0x82308537,
    0x82308538, 0x82308539, 0x82308630, 0x82308631, 0x82308632, 0x82308633, 0x82308634, 0x82308635,
    0x82308636, 0x82308637, 0x82308638, 0x82308639, 0x82308730, 0x82308731, 0x82308732, 0x82308733,
    0x82308734, 0x82308735, 0x82308736, 0x82308737, 0x82308738, 0x82308739, 0x82308830, 0x82308831,
    0x82308832, 0x82308833, 0x82308834, 0x82308835, 0x82308836, 0x82308837, 0x82308838, 0x82308839,
    0x82308930, 0x82308931, 0x82308932, 0x82308933, 0x82308934, 0x82308935, 0x82308936, 0x82308937,
    0x82308938, 0x82308939, 0x82308a30, 0x82308a31, 0x82308a32, 0x82308a33, 0x82308a34, 0x82308a35,
    0x82308a36, 0x82308a37, 0x82308a38, 0x82308a39, 0x82308b30, 0x82308b31, 0x82308b32, 0x82308b33,
    0x82308b34, 0x82308b35, 0x82308b36, 0x82308b37, 0x82308b38, 0x82308b39, 0x82308c30, 0x82308c31,
    0x82308c32, 0x82308c33, 0x82308c34, 0x82308c35, 0x82308c36, 0x82308c37, 0x82308c38, 0x82308c39,
    0x82308d30, 0x82308d31, 0x82308d32, 0x82308d33, 0x82308d34, 0x82308d35, 0x82308d36, 0x82308d37,
    0x82308d38, 0x82308d39, 0x82308e30, 0x82308e31, 0x82308e32, 0x82308e33, 0x82308e34, 0x82308e35,
    0x82308e36, 0x82308e37, 0x82308e38, 0x82308e39, 0x82308f30, 0x82308f31, 0x82308f32, 0x82308f33,
    0x82308f34, 0x82308f35, 0x82308f36, 0x82308f37, 0x82308f38, 0x82308f39, 0x82309030, 0x82309031,
    0x82309032, 0x82309033, 0x82309034, 0x82309035, 0x82309036, 0x82309037, 0x82309038, 0x82309039,
    0x82309130, 0x82309131, 0x82309132, 0x82309133, 0x82309134, 0x82309135, 0x82309136, 0x82309137,
    0x82309138, 0x82309139, 0x82309230, 0x82309231, 0x82309232, 0x82309233, 0x82309234, 0x82309235,
    0x82309236, 0x82309237, 0x82309238, 0x82309239, 0x82309330, 0x82309331, 0x82309332, 0x82309333,
    0x82309334, 0x82309335, 0x82309336, 0x82309337, 0x82309338, 0x82309339, 0x82309430, 0x82309431,
    0x82309432, 0x82309433, 0x82309434, 0x82309435, 0x82309436, 0x82309437, 0x82309438, 0x82309439,
    0x82309530, 0x82309531, 0x82309532, 0x82309533, 0x82309534, 0x82309535, 0x82309536, 0x82309537,
    0x82309538, 0x82309539, 0x82309630, 0x82309631, 0x82309632, 0x82309633, 0x82309634, 0x82309635,
    0x82309636, 0x82309637, 0x82309638, 0x82309639, 0x82309730, 0x82309731, 0x82309732, 0x82309733,
    0x82309734, 0x82309735, 0x82309736, 0x82309737, 0x82309738, 0x82309739, 0x82309830, 0x82309831,
    0x82309832, 0x82309833, 0x82309834, 0x82309835, 0x82309836, 0x82309837, 0x82309838, 0x82309839,
    0x82309930, 0x82309931, 0x82309932, 0x82309933, 0x82309934, 0x82309935, 0x82309936, 0x82309937,
    0x82309938, 0x82309939, 0x82309a30, 0x00fe5a, 0x82309a31, 0x82309a32, 0x82309a33, 0x82309a34,
    0x82309a35, 0x82309a36, 0x82309a37, 0x82309a38, 0x82309a39, 0x82309b30, 0x82309b31, 0x82309b32,
    0x82309b33, 0x82309b34, 0x82309b35, 0x82309b36, 0x82309b37, 0x82309b38, 0x82309b39, 0x82309c30,
    0x82309c31, 0x82309c32, 0x82309c33, 0x82309c34, 0x82309c35, 0x82309c36, 0x82309c37, 0x82309c38,
    0x82309c39, 0x82309d30, 0x82309d31, 0x82309d32, 0x82309d33, 0x82309d34, 0x82309d35, 0x82309d36,
    0x82309d37, 0x82309d38, 0x82309d39, 0x82309e30, 0x82309e31, 0x82309e32, 0x82309e33, 0x82309e34,
    0x82309e35, 0x82309e36, 0x82309e37, 0x82309e38, 0x82309e39, 0x82309f30, 0x82309f31, 0x82309f32,
    0x82309f33, 0x82309f34, 0x82309f35, 0x82309f36, 0x82309f37, 0x82309f38, 0x82309f39, 0x8230a030,
    0x8230a031, 0x8230a032, 0x8230a033, 0x8230a034, 0x8230a035, 0x8230a036, 0x8230a037, 0x8230a038,
    0x8230a039, 0x8230a130, 0x8230a131, 0x8230a132, 0x8230a133, 0x8230a134, 0x8230a135, 0x8230a136,
    0x8230a137, 0x8230a138, 0x8230a139, 0x8230a230, 0x8230a231, 0x8230a232, 0x8230a233, 0x8230a234,
    0x8230a235, 0x8230a236, 0x8230a237, 0x8230a238, 0x8230a239, 0x8230a330, 0x8230a331, 0x8230a332,
    0x8230a333, 0x8230a334, 0x8230a335, 0x8230a336, 0x8230a337, 0x8230a338, 0x8230a339, 0x8230a430,
    0x8230a431, 0x8230a432, 0x8230a433, 0x8230a434, 0x8230a435, 0x8230a436, 0x8230a437, 0x8230a438,
    0x8230a439, 0x8230a530, 0x8230a531, 0x00fe5c, 0x8230a532, 0x8230a533, 0x8230a534, 0x8230a535,
    0x8230a536, 0x8230a537, 0x8230a538, 0x8230a539, 0x8230a630, 0x8230a631, 0x8230a632, 0x00fe5b,
    0x000000, 0x000000, 0x000000, 0x000000, 0x000000, 0x000000, 0x000000, 0x000000, 0x000000,
    0x000000, 0x000000, 0x000000, 0x000000, 0x000000, 0x000000, 0x000000, 0x000000, 0x000000,
    0x000000, 0x000000, 0x000000, 0x000000, 0x000000, 0x000000, 0x000000, 0x000000, 0x000000,
    0x000000, 0x000000, 0x000000, 0x000000, 0x000000, 0x000000, 0x000000, 0x000000, 0x000000,
    0x000000, 0x00fe60, 0x8230f238, 0x8230f239, 0x8230f330, 0x8230f331, 0x8230f332, 0x8230f333,
    0x8230f334, 0x8230f335, 0x8230f336, 0x8230f337, 0x8230f338, 0x8230f339, 0x8230f430, 0x8230f431,
    0x8230f432, 0x8230f433, 0x8230f434, 0x8230f435, 0x8230f436, 0x8230f437, 0x8230f438, 0x8230f439,
    0x8230f530, 0x8230f531, 0x8230f532, 0x8230f533, 0x8230f534, 0x8230f535, 0x8230f536, 0x8230f537,
    0x8230f538, 0x8230f539, 0x8230f630, 0x8230f631, 0x8230f632, 0x8230f633, 0x8230f634, 0x8230f635,
    0x8230f636, 0x8230f637, 0x8230f638, 0x8230f639, 0x8230f730, 0x8230f731, 0x8230f732, 0x8230f733,
    0x8230f734, 0x8230f735, 0x8230f736, 0x8230f737, 0x8230f738, 0x8230f739, 0x8230f830, 0x8230f831,
    0x8230f832, 0x8230f833, 0x8230f834, 0x8230f835, 0x8230f836, 0x8230f837, 0x8230f838, 0x8230f839,
    0x8230f930, 0x8230f931, 0x8230f932, 0x8230f933, 0x8230f934, 0x8230f935, 0x8230f936, 0x8230f937,
    0x8230f938, 0x8230f939, 0x8230fa30, 0x8230fa31, 0x8230fa32, 0x8230fa33, 0x8230fa34, 0x8230fa35,
    0x8230fa36, 0x8230fa37, 0x8230fa38, 0x8230fa39, 0x8230fb30, 0x8230fb31, 0x8230fb32, 0x00fe5f,
    0x8230fb33, 0x8230fb34, 0x8230fb35, 0x8230fb36, 0x8230fb37, 0x8230fb38, 0x8230fb39, 0x8230fc30,
    0x8230fc31, 0x8230fc32, 0x8230fc33, 0x8230fc34, 0x8230fc35, 0x8230fc36, 0x8230fc37, 0x8230fc38,
    0x8230fc39, 0x8230fd30, 0x8230fd31, 0x8230fd32, 0x8230fd33, 0x8230fd34, 0x8230fd35, 0x8230fd36,
    0x8230fd37, 0x8230fd38, 0x8230fd39, 0x8230fe30, 0x8230fe31, 0x8230fe32, 0x8230fe33, 0x8230fe34,
    0x8230fe35, 0x8230fe36, 0x8230fe37, 0x8230fe38, 0x8230fe39, 0x82318130, 0x82318131, 0x82318132,
    0x82318133, 0x82318134, 0x82318135, 0x82318136, 0x82318137, 0x82318138, 0x82318139, 0x82318230,
    0x82318231, 0x82318232, 0x82318233, 0x82318234, 0x82318235, 0x82318236, 0x82318237, 0x82318238,
    0x82318239, 0x82318330, 0x82318331, 0x82318332, 0x82318333, 0x82318334, 0x82318335, 0x82318336,
    0x82318337, 0x82318338, 0x82318339, 0x82318430, 0x82318431, 0x82318432, 0x82318433, 0x82318434,
    0x82318435, 0x82318436, 0x82318437, 0x82318438, 0x82318439, 0x82318530, 0x82318531, 0x82318532,
    0x82318533, 0x82318534, 0x82318535, 0x82318536, 0x82318537, 0x82318538, 0x82318539, 0x82318630,
    0x82318631, 0x82318632, 0x82318633, 0x82318634, 0x82318635, 0x82318636, 0x82318637, 0x82318638,
    0x00fe62, 0x00fe65, 0x82318639, 0x82318730, 0x82318731, 0x82318732, 0x82318733, 0x82318734,
    0x82318735, 0x82318736, 0x82318737, 0x82318738, 0x82318739, 0x82318830, 0x82318831, 0x82318832,
    0x00fe63, 0x82318833, 0x82318834, 0x82318835, 0x82318836, 0x82318837, 0x82318838, 0x82318839,
    0x82318930, 0x82318931, 0x82318932, 0x82318933, 0x82318934, 0x82318935, 0x82318936, 0x82318937,
    0x82318938, 0x82318939, 0x82318a30, 0x82318a31, 0x82318a32, 0x82318a33, 0x82318a34, 0x82318a35,
    0x82318a36, 0x82318a37, 0x82318a38, 0x82318a39, 0x82318b30, 0x82318b31, 0x82318b32, 0x82318b33,
    0x82318b34, 0x82318b35, 0x82318b36, 0x82318b37, 0x82318b38, 0x82318b39, 0x82318c30, 0x82318c31,
    0x82318c32, 0x82318c33, 0x82318c34, 0x82318c35, 0x82318c36, 0x82318c37, 0x82318c38, 0x82318c39,
    0x82318d30, 0x82318d31, 0x82318d32, 0x82318d33, 0x82318d34, 0x82318d35, 0x82318d36, 0x82318d37,
    0x82318d38, 0x82318d39, 0x82318e30, 0x82318e31, 0x82318e32, 0x82318e33, 0x82318e34, 0x82318e35,
    0x82318e36, 0x82318e37, 0x82318e38, 0x82318e39, 0x82318f30, 0x82318f31, 0x82318f32, 0x82318f33,
    0x82318f34, 0x82318f35, 0x82318f36, 0x82318f37, 0x82318f38, 0x82318f39, 0x82319030, 0x82319031,
    0x82319032, 0x82319033, 0x82319034, 0x82319035, 0x82319036, 0x82319037, 0x82319038, 0x82319039,
    0x82319130, 0x82319131, 0x82319132, 0x82319133, 0x82319134, 0x82319135, 0x82319136, 0x82319137,
    0x82319138, 0x82319139, 0x82319230, 0x82319231, 0x82319232, 0x82319233, 0x82319234, 0x82319235,
    0x82319236, 0x82319237, 0x82319238, 0x82319239, 0x82319330, 0x82319331, 0x82319332, 0x82319333,
    0x82319334, 0x82319335, 0x82319336, 0x82319337, 0x82319338, 0x82319339, 0x82319430, 0x82319431,
    0x82319432, 0x82319433, 0x82319434, 0x82319435, 0x82319436, 0x82319437, 0x82319438, 0x82319439,
    0x82319530, 0x82319531, 0x82319532, 0x82319533, 0x82319534, 0x82319535, 0x82319536, 0x82319537,
    0x82319538, 0x82319539, 0x82319630, 0x82319631, 0x82319632, 0x82319633, 0x82319634, 0x82319635,
    0x82319636, 0x82319637, 0x82319638, 0x82319639, 0x00fe64, 0x82319730, 0x82319731, 0x82319732,
    0x82319733, 0x82319734, 0x82319735, 0x82319736, 0x82319737, 0x82319738, 0x82319739, 0x82319830,
    0x82319831, 0x82319832, 0x82319833, 0x82319834, 0x82319835, 0x82319836, 0x82319837, 0x82319838,
    0x82319839, 0x82319930, 0x82319931, 0x82319932, 0x82319933, 0x82319934, 0x82319935, 0x82319936,
    0x82319937, 0x82319938, 0x82319939, 0x82319a30, 0x82319a31, 0x82319a32, 0x82319a33, 0x82319a34,
    0x82319a35, 0x82319a36, 0x82319a37, 0x82319a38, 0x82319a39, 0x82319b30, 0x82319b31, 0x82319b32,
    0x82319b33, 0x82319b34, 0x82319b35, 0x82319b36, 0x82319b37, 0x82319b38, 0x82319b39, 0x82319c30,
    0x82319c31, 0x82319c32, 0x82319c33, 0x82319c34, 0x82319c35, 0x82319c36, 0x82319c37, 0x82319c38,
    0x82319c39, 0x82319d30, 0x82319d31, 0x82319d32, 0x82319d33, 0x82319d34, 0x82319d35, 0x82319d36,
    0x82319d37, 0x82319d38, 0x82319d39, 0x82319e30, 0x82319e31, 0x82319e32, 0x82319e33, 0x82319e34,
    0x82319e35, 0x82319e36, 0x82319e37, 0x82319e38, 0x82319e39, 0x82319f30, 0x82319f31, 0x82319f32,
    0x82319f33, 0x82319f34, 0x82319f35, 0x82319f36, 0x82319f37, 0x82319f38, 0x82319f39, 0x8231a030,
    0x8231a031, 0x8231a032, 0x8231a033, 0x8231a034, 0x8231a035, 0x8231a036, 0x8231a037, 0x8231a038,
    0x8231a039, 0x8231a130, 0x8231a131, 0x8231a132, 0x8231a133, 0x8231a134, 0x8231a135, 0x8231a136,
    0x8231a137, 0x8231a138, 0x8231a139, 0x8231a230, 0x8231a231, 0x8231a232, 0x8231a233, 0x8231a234,
    0x8231a235, 0x8231a236, 0x8231a237, 0x8231a238, 0x8231a239, 0x8231a330, 0x8231a331, 0x8231a332,
    0x8231a333, 0x8231a334, 0x8231a335, 0x8231a336, 0x8231a337, 0x8231a338, 0x8231a339, 0x8231a430,
    0x8231a431, 0x8231a432, 0x8231a433, 0x8231a434, 0x8231a435, 0x8231a436, 0x8231a437, 0x8231a438,
    0x8231a439, 0x8231a530, 0x8231a531, 0x8231a532, 0x8231a533, 0x8231a534, 0x8231a535, 0x8231a536,
    0x8231a537, 0x8231a538, 0x8231a539, 0x8231a630, 0x8231a631, 0x8231a632, 0x8231a633, 0x8231a634,
    0x8231a635, 0x8231a636, 0x8231a637, 0x8231a638, 0x8231a639, 0x8231a730, 0x8231a731, 0x8231a732,
    0x8231a733, 0x8231a734, 0x8231a735, 0x8231a736, 0x8231a737, 0x8231a738, 0x8231a739, 0x8231a830,
    0x8231a831, 0x8231a832, 0x8231a833, 0x8231a834, 0x8231a835, 0x8231a836, 0x8231a837, 0x8231a838,
    0x8231a839, 0x8231a930, 0x8231a931, 0x8231a932, 0x8231a933, 0x8231a934, 0x8231a935, 0x8231a936,
    0x8231a937, 0x8231a938, 0x8231a939, 0x8231aa30, 0x8231aa31, 0x8231aa32, 0x8231aa33, 0x8231aa34,
    0x8231aa35, 0x8231aa36, 0x8231aa37, 0x8231aa38, 0x8231aa39, 0x8231ab30, 0x8231ab31, 0x8231ab32,
    0x8231ab33, 0x8231ab34, 0x8231ab35, 0x8231ab36, 0x8231ab37, 0x8231ab38, 0x8231ab39, 0x8231ac30,
    0x8231ac31, 0x8231ac32, 0x8231ac33, 0x8231ac34, 0x8231ac35, 0x8231ac36, 0x8231ac37, 0x00fe68,
    0x8231ac38, 0x8231ac39, 0x8231ad30, 0x8231ad31, 0x8231ad32, 0x8231ad33, 0x8231ad34, 0x8231ad35,
    0x8231ad36, 0x8231ad37, 0x8231ad38, 0x8231ad39, 0x8231ae30, 0x8231ae31, 0x8231ae32, 0x8231ae33,
    0x8231ae34, 0x8231ae35, 0x8231ae36, 0x8231ae37, 0x8231ae38, 0x8231ae39, 0x8231af30, 0x8231af31,
    0x8231af32, 0x8231af33, 0x8231af34, 0x8231af35, 0x8231af36, 0x8231af37, 0x8231af38, 0x8231af39,
    0x8231b030, 0x8231b031, 0x8231b032, 0x8231b033, 0x8231b034, 0x8231b035, 0x8231b036, 0x8231b037,
    0x8231b038, 0x8231b039, 0x8231b130, 0x8231b131, 0x8231b132, 0x8231b133, 0x8231b134, 0x8231b135,
    0x8231b136, 0x8231b137, 0x8231b138, 0x8231b139, 0x8231b230, 0x8231b231, 0x8231b232, 0x8231b233,
    0x8231b234, 0x8231b235, 0x8231b236, 0x8231b237, 0x8231b238, 0x8231b239, 0x8231b330, 0x8231b331,
    0x8231b332, 0x8231b333, 0x8231b334, 0x8231b335, 0x8231b336, 0x8231b337, 0x8231b338, 0x8231b339,
    0x8231b430, 0x8231b431, 0x8231b432, 0x8231b433, 0x8231b434, 0x8231b435, 0x8231b436, 0x8231b437,
    0x8231b438, 0x8231b439, 0x8231b530, 0x8231b531, 0x8231b532, 0x8231b533, 0x8231b534, 0x8231b535,
    0x8231b536, 0x8231b537, 0x8231b538, 0x8231b539, 0x8231b630, 0x8231b631, 0x8231b632, 0x8231b633,
    0x8231b634, 0x8231b635, 0x8231b636, 0x8231b637, 0x8231b638, 0x8231b639, 0x8231b730, 0x8231b731,
    0x8231b732, 0x8231b733, 0x8231b734, 0x8231b735, 0x8231b736, 0x8231b737, 0x8231b738, 0x8231b739,
    0x8231b830, 0x8231b831, 0x8231b832, 0x8231b833, 0x8231b834, 0x8231b835, 0x8231b836, 0x8231b837,
    0x8231b838, 0x8231b839, 0x8231b930, 0x8231b931, 0x8231b932, 0x8231b933, 0x8231b934, 0x8231b935,
    0x8231b936, 0x8231b937, 0x8231b938, 0x8231b939, 0x8231ba30, 0x8231ba31, 0x8231ba32, 0x8231ba33,
    0x8231ba34, 0x8231ba35, 0x8231ba36, 0x8231ba37, 0x8231ba38, 0x8231ba39, 0x8231bb30, 0x8231bb31,
    0x8231bb32, 0x8231bb33, 0x8231bb34, 0x8231bb35, 0x8231bb36, 0x8231bb37, 0x8231bb38, 0x8231bb39,
    0x8231bc30, 0x8231bc31, 0x8231bc32, 0x8231bc33, 0x8231bc34, 0x8231bc35, 0x8231bc36, 0x8231bc37,
    0x8231bc38, 0x8231bc39, 0x8231bd30, 0x8231bd31, 0x8231bd32, 0x8231bd33, 0x8231bd34, 0x8231bd35,
    0x8231bd36, 0x8231bd37, 0x8231bd38, 0x8231bd39, 0x8231be30, 0x8231be31, 0x8231be32, 0x8231be33,
    0x8231be34, 0x8231be35, 0x8231be36, 0x8231be37, 0x8231be38, 0x8231be39, 0x8231bf30, 0x8231bf31,
    0x8231bf32, 0x8231bf33, 0x8231bf34, 0x8231bf35, 0x8231bf36, 0x8231bf37, 0x8231bf38, 0x8231bf39,
    0x8231c030, 0x8231c031, 0x8231c032, 0x8231c033, 0x8231c034, 0x8231c035, 0x8231c036, 0x8231c037,
    0x8231c038, 0x8231c039, 0x8231c130, 0x8231c131, 0x8231c132, 0x8231c133, 0x8231c134, 0x8231c135,
    0x8231c136, 0x8231c137, 0x8231c138, 0x8231c139, 0x8231c230, 0x8231c231, 0x8231c232, 0x8231c233,
    0x8231c234, 0x8231c235, 0x8231c236, 0x8231c237, 0x8231c238, 0x8231c239, 0x8231c330, 0x8231c331,
    0x8231c332, 0x8231c333, 0x8231c334, 0x8231c335, 0x8231c336, 0x8231c337, 0x8231c338, 0x8231c339,
    0x8231c430, 0x8231c431, 0x8231c432, 0x8231c433, 0x8231c434, 0x8231c435, 0x8231c436, 0x8231c437,
    0x8231c438, 0x8231c439, 0x8231c530, 0x8231c531, 0x8231c532, 0x8231c533, 0x8231c534, 0x8231c535,
    0x8231c536, 0x8231c537, 0x8231c538, 0x8231c539, 0x8231c630, 0x8231c631, 0x8231c632, 0x8231c633,
    0x8231c634, 0x8231c635, 0x8231c636, 0x8231c637, 0x8231c638, 0x8231c639, 0x8231c730, 0x8231c731,
    0x8231c732, 0x8231c733, 0x8231c734, 0x8231c735, 0x8231c736, 0x8231c737, 0x8231c738, 0x8231c739,
    0x8231c830, 0x8231c831, 0x8231c832, 0x8231c833, 0x8231c834, 0x8231c835, 0x8231c836, 0x8231c837,
    0x8231c838, 0x8231c839, 0x8231c930, 0x8231c931, 0x8231c932, 0x8231c933, 0x8231c934, 0x00fe69,
    0x8231c935, 0x8231c936, 0x8231c937, 0x8231c938, 0x8231c939, 0x8231ca30, 0x8231ca31, 0x8231ca32,
    0x8231ca33, 0x8231ca34, 0x8231ca35, 0x8231ca36, 0x8231ca37, 0x8231ca38, 0x8231ca39, 0x8231cb30,
    0x8231cb31, 0x8231cb32, 0x8231cb33, 0x8231cb34, 0x8231cb35, 0x8231cb36, 0x8231cb37, 0x8231cb38,
    0x8231cb39, 0x8231cc30, 0x8231cc31, 0x8231cc32, 0x8231cc33, 0x8231cc34, 0x8231cc35, 0x8231cc36,
    0x8231cc37, 0x8231cc38, 0x8231cc39, 0x8231cd30, 0x8231cd31, 0x8231cd32, 0x8231cd33, 0x8231cd34,
    0x8231cd35, 0x8231cd36, 0x8231cd37, 0x8231cd38, 0x8231cd39, 0x8231ce30, 0x8231ce31, 0x8231ce32,
    0x8231ce33, 0x8231ce34, 0x8231ce35, 0x8231ce36, 0x8231ce37, 0x8231ce38, 0x8231ce39, 0x8231cf30,
    0x8231cf31, 0x8231cf32, 0x8231cf33, 0x8231cf34, 0x8231cf35, 0x8231cf36, 0x8231cf37, 0x8231cf38,
    0x8231cf39, 0x8231d030, 0x8231d031, 0x8231d032, 0x8231d033, 0x8231d034, 0x8231d035, 0x8231d036,
    0x8231d037, 0x8231d038, 0x8231d039, 0x8231d130, 0x8231d131, 0x8231d132, 0x8231d133, 0x8231d134,
    0x8231d135, 0x8231d136, 0x8231d137, 0x8231d138, 0x8231d139, 0x8231d230, 0x8231d231, 0x8231d232,
    0x8231d233, 0x8231d234, 0x8231d235, 0x8231d236, 0x8231d237, 0x8231d238, 0x8231d239, 0x8231d330,
    0x8231d331, 0x8231d332, 0x8231d333, 0x8231d334, 0x8231d335, 0x8231d336, 0x8231d337, 0x8231d338,
    0x8231d339, 0x8231d430, 0x8231d431, 0x8231d432, 0x8231d433, 0x8231d434, 0x8231d435, 0x8231d436,
    0x8231d437, 0x00fe6a, 0x000000, 0x000000, 0x000000, 0x000000, 0x000000, 0x000000, 0x000000,
    0x000000, 0x000000, 0x000000, 0x000000, 0x000000, 0x000000, 0x000000, 0x000000, 0x000000,
    0x000000, 0x000000, 0x000000, 0x000000, 0x000000, 0x000000, 0x000000, 0x000000, 0x000000,
    0x000000, 0x000000, 0x000000, 0x000000, 0x000000, 0x000000, 0x00fe6f, 0x8232af33, 0x8232af34,
    0x8232af35, 0x8232af36, 0x8232af37, 0x8232af38, 0x8232af39, 0x8232b030, 0x8232b031, 0x8232b032,
    0x8232b033, 0x8232b034, 0x8232b035, 0x8232b036, 0x8232b037, 0x8232b038, 0x8232b039, 0x8232b130,
    0x8232b131, 0x8232b132, 0x8232b133, 0x8232b134, 0x8232b135, 0x8232b136, 0x8232b137, 0x8232b138,
    0x8232b139, 0x8232b230, 0x8232b231, 0x8232b232, 0x8232b233, 0x8232b234, 0x8232b235, 0x8232b236,
    0x8232b237, 0x8232b238, 0x8232b239, 0x8232b330, 0x8232b331, 0x8232b332, 0x8232b333, 0x8232b334,
    0x8232b335, 0x8232b336, 0x8232b337, 0x8232b338, 0x8232b339, 0x8232b430, 0x8232b431, 0x8232b432,
    0x8232b433, 0x8232b434, 0x8232b435, 0x8232b436, 0x8232b437, 0x8232b438, 0x8232b439, 0x8232b530,
    0x8232b531, 0x8232b532, 0x8232b533, 0x8232b534, 0x8232b535, 0x8232b536, 0x8232b537, 0x8232b538,
    0x8232b539, 0x8232b630, 0x8232b631, 0x8232b632, 0x8232b633, 0x8232b634, 0x8232b635, 0x8232b636,
    0x8232b637, 0x8232b638, 0x8232b639, 0x8232b730, 0x8232b731, 0x8232b732, 0x8232b733, 0x8232b734,
    0x8232b735, 0x8232b736, 0x8232b737, 0x8232b738, 0x8232b739, 0x8232b830, 0x8232b831, 0x8232b832,
    0x8232b833, 0x8232b834, 0x8232b835, 0x8232b836, 0x8232b837, 0x8232b838, 0x8232b839, 0x8232b930,
    0x8232b931, 0x8232b932, 0x8232b933, 0x8232b934, 0x8232b935, 0x8232b936, 0x8232b937, 0x8232b938,
    0x8232b939, 0x8232ba30, 0x8232ba31, 0x8232ba32, 0x8232ba33, 0x8232ba34, 0x8232ba35, 0x8232ba36,
    0x8232ba37, 0x8232ba38, 0x8232ba39, 0x8232bb30, 0x8232bb31, 0x8232bb32, 0x8232bb33, 0x8232bb34,
    0x8232bb35, 0x8232bb36, 0x8232bb37, 0x8232bb38, 0x8232bb39, 0x8232bc30, 0x8232bc31, 0x8232bc32,
    0x8232bc33, 0x8232bc34, 0x8232bc35, 0x8232bc36, 0x8232bc37, 0x8232bc38, 0x8232bc39, 0x8232bd30,
    0x8232bd31, 0x8232bd32, 0x8232bd33, 0x8232bd34, 0x8232bd35, 0x8232bd36, 0x8232bd37, 0x8232bd38,
    0x8232bd39, 0x8232be30, 0x8232be31, 0x8232be32, 0x8232be33, 0x8232be34, 0x8232be35, 0x8232be36,
    0x8232be37, 0x8232be38, 0x8232be39, 0x8232bf30, 0x8232bf31, 0x8232bf32, 0x8232bf33, 0x8232bf34,
    0x8232bf35, 0x8232bf36, 0x8232bf37, 0x8232bf38, 0x8232bf39, 0x8232c030, 0x8232c031, 0x8232c032,
    0x8232c033, 0x8232c034, 0x8232c035, 0x8232c036, 0x8232c037, 0x8232c038, 0x8232c039, 0x8232c130,
    0x8232c131, 0x8232c132, 0x8232c133, 0x8232c134, 0x8232c135, 0x8232c136, 0x8232c137, 0x8232c138,
    0x8232c139, 0x8232c230, 0x8232c231, 0x8232c232, 0x8232c233, 0x8232c234, 0x8232c235, 0x8232c236,
    0x8232c237, 0x8232c238, 0x8232c239, 0x8232c330, 0x8232c331, 0x8232c332, 0x8232c333, 0x8232c334,
    0x8232c335, 0x8232c336, 0x8232c337, 0x8232c338, 0x8232c339, 0x8232c430, 0x8232c431, 0x8232c432,
    0x8232c433, 0x8232c434, 0x8232c435, 0x8232c436, 0x8232c437, 0x8232c438, 0x8232c439, 0x8232c530,
    0x8232c531, 0x8232c532, 0x8232c533, 0x8232c534, 0x8232c535, 0x8232c536, 0x8232c537, 0x8232c538,
    0x8232c539, 0x8232c630, 0x8232c631, 0x8232c632, 0x8232c633, 0x8232c634, 0x8232c635, 0x8232c636,
    0x8232c637, 0x8232c638, 0x8232c639, 0x8232c730, 0x8232c731, 0x8232c732, 0x8232c733, 0x8232c734,
    0x8232c735, 0x8232c736, 0x8232c737, 0x8232c738, 0x8232c739, 0x8232c830, 0x8232c831, 0x8232c832,
    0x8232c833, 0x8232c834, 0x8232c835, 0x8232c836, 0x8232c837, 0x8232c838, 0x8232c839, 0x8232c930,
    0x8232c931, 0x8232c932, 0x8232c933, 0x8232c934, 0x8232c935, 0x8232c936, 0x00fe70, 0x000000,
    0x000000, 0x000000, 0x000000, 0x000000, 0x000000, 0x000000, 0x000000, 0x000000, 0x000000,
    0x000000, 0x000000, 0x000000, 0x000000, 0x000000, 0x000000, 0x000000, 0x000000, 0x000000,
    0x000000, 0x000000, 0x000000, 0x000000, 0x000000, 0x000000, 0x000000, 0x000000, 0x000000,
    0x000000, 0x000000, 0x000000, 0x000000, 0x000000, 0x000000, 0x000000, 0x000000, 0x000000,
    0x000000, 0x000000, 0x000000, 0x000000, 0x000000, 0x000000, 0x000000, 0x000000, 0x000000,
    0x000000, 0x000000, 0x000000, 0x000000, 0x000000, 0x000000, 0x000000, 0x000000, 0x000000,
    0x00fe72, 0x8232f838, 0x8232f839, 0x8232f930, 0x8232f931, 0x8232f932, 0x8232f933, 0x8232f934,
    0x8232f935, 0x8232f936, 0x8232f937, 0x8232f938, 0x8232f939, 0x8232fa30, 0x8232fa31, 0x8232fa32,
    0x8232fa33, 0x8232fa34, 0x8232fa35, 0x8232fa36, 0x8232fa37, 0x8232fa38, 0x8232fa39, 0x8232fb30,
    0x8232fb31, 0x8232fb32, 0x8232fb33, 0x8232fb34, 0x8232fb35, 0x8232fb36, 0x8232fb37, 0x8232fb38,
    0x8232fb39, 0x8232fc30, 0x8232fc31, 0x8232fc32, 0x8232fc33, 0x8232fc34, 0x8232fc35, 0x8232fc36,
    0x8232fc37, 0x8232fc38, 0x8232fc39, 0x8232fd30, 0x8232fd31, 0x8232fd32, 0x8232fd33, 0x8232fd34,
    0x8232fd35, 0x8232fd36, 0x8232fd37, 0x8232fd38, 0x8232fd39, 0x8232fe30, 0x8232fe31, 0x8232fe32,
    0x8232fe33, 0x8232fe34, 0x8232fe35, 0x8232fe36, 0x8232fe37, 0x8232fe38, 0x8232fe39, 0x82338130,
    0x82338131, 0x82338132, 0x82338133, 0x82338134, 0x82338135, 0x82338136, 0x82338137, 0x82338138,
    0x82338139, 0x82338230, 0x82338231, 0x82338232, 0x82338233, 0x82338234, 0x82338235, 0x82338236,
    0x82338237, 0x82338238, 0x82338239, 0x82338330, 0x82338331, 0x82338332, 0x82338333, 0x82338334,
    0x82338335, 0x82338336, 0x82338337, 0x82338338, 0x82338339, 0x82338430, 0x82338431, 0x82338432,
    0x82338433, 0x82338434, 0x82338435, 0x82338436, 0x82338437, 0x82338438, 0x82338439, 0x82338530,
    0x82338531, 0x82338532, 0x82338533, 0x82338534, 0x82338535, 0x82338536, 0x82338537, 0x82338538,
    0x82338539, 0x82338630, 0x82338631, 0x82338632, 0x82338633, 0x00fe78, 0x82338634, 0x82338635,
    0x82338636, 0x82338637, 0x00fe77, 0x82338638, 0x82338639, 0x82338730, 0x82338731, 0x82338732,
    0x82338733, 0x82338734, 0x82338735, 0x82338736, 0x82338737, 0x82338738, 0x82338739, 0x82338830,
    0x82338831, 0x82338832, 0x82338833, 0x82338834, 0x82338835, 0x82338836, 0x82338837, 0x82338838,
    0x82338839, 0x82338930, 0x82338931, 0x82338932, 0x82338933, 0x82338934, 0x82338935, 0x82338936,
    0x82338937, 0x82338938, 0x82338939, 0x82338a30, 0x82338a31, 0x82338a32, 0x82338a33, 0x82338a34,
    0x82338a35, 0x82338a36, 0x82338a37, 0x82338a38, 0x82338a39, 0x82338b30, 0x00fe7a, 0x82338b31,
    0x82338b32, 0x82338b33, 0x82338b34, 0x82338b35, 0x82338b36, 0x82338b37, 0x82338b38, 0x82338b39,
    0x82338c30, 0x82338c31, 0x82338c32, 0x82338c33, 0x82338c34, 0x82338c35, 0x82338c36, 0x82338c37,
    0x82338c38, 0x82338c39, 0x82338d30, 0x82338d31, 0x82338d32, 0x82338d33, 0x82338d34, 0x82338d35,
    0x82338d36, 0x82338d37, 0x82338d38, 0x82338d39, 0x82338e30, 0x82338e31, 0x82338e32, 0x82338e33,
    0x82338e34, 0x82338e35, 0x82338e36, 0x82338e37, 0x82338e38, 0x82338e39, 0x82338f30, 0x82338f31,
    0x82338f32, 0x82338f33, 0x82338f34, 0x82338f35, 0x82338f36, 0x82338f37, 0x82338f38, 0x82338f39,
    0x82339030, 0x82339031, 0x82339032, 0x82339033, 0x82339034, 0x82339035, 0x82339036, 0x82339037,
    0x82339038, 0x82339039, 0x82339130, 0x82339131, 0x82339132, 0x82339133, 0x82339134, 0x82339135,
    0x82339136, 0x82339137, 0x82339138, 0x82339139, 0x82339230, 0x82339231, 0x82339232, 0x82339233,
    0x82339234, 0x82339235, 0x82339236, 0x82339237, 0x82339238, 0x82339239, 0x82339330, 0x82339331,
    0x82339332, 0x82339333, 0x82339334, 0x82339335, 0x82339336, 0x82339337, 0x82339338, 0x82339339,
    0x82339430, 0x82339431, 0x82339432, 0x82339433, 0x82339434, 0x82339435, 0x82339436, 0x82339437,
    0x82339438, 0x82339439, 0x82339530, 0x82339531, 0x82339532, 0x82339533, 0x82339534, 0x82339535,
    0x82339536, 0x82339537, 0x82339538, 0x82339539, 0x82339630, 0x82339631, 0x82339632, 0x82339633,
    0x82339634, 0x82339635, 0x82339636, 0x82339637, 0x82339638, 0x82339639, 0x82339730, 0x82339731,
    0x82339732, 0x82339733, 0x82339734, 0x82339735, 0x82339736, 0x82339737, 0x82339738, 0x82339739,
    0x82339830, 0x82339831, 0x82339832, 0x82339833, 0x82339834, 0x82339835, 0x82339836, 0x82339837,
    0x82339838, 0x82339839, 0x82339930, 0x82339931, 0x82339932, 0x82339933, 0x82339934, 0x82339935,
    0x82339936, 0x82339937, 0x82339938, 0x82339939, 0x82339a30, 0x82339a31, 0x82339a32, 0x82339a33,
    0x82339a34, 0x82339a35, 0x82339a36, 0x82339a37, 0x82339a38, 0x82339a39, 0x82339b30, 0x82339b31,
    0x82339b32, 0x82339b33, 0x82339b34, 0x82339b35, 0x82339b36, 0x82339b37, 0x82339b38, 0x82339b39,
    0x82339c30, 0x82339c31, 0x82339c32, 0x82339c33, 0x82339c34, 0x82339c35, 0x82339c36, 0x82339c37,
    0x82339c38, 0x82339c39, 0x82339d30, 0x82339d31, 0x82339d32, 0x82339d33, 0x82339d34, 0x82339d35,
    0x82339d36, 0x82339d37, 0x82339d38, 0x82339d39, 0x82339e30, 0x82339e31, 0x82339e32, 0x82339e33,
    0x82339e34, 0x82339e35, 0x82339e36, 0x82339e37, 0x82339e38, 0x82339e39, 0x82339f30, 0x82339f31,
    0x82339f32, 0x82339f33, 0x82339f34, 0x82339f35, 0x82339f36, 0x82339f37, 0x82339f38, 0x82339f39,
    0x8233a030, 0x8233a031, 0x8233a032, 0x8233a033, 0x8233a034, 0x8233a035, 0x8233a036, 0x8233a037,
    0x8233a038, 0x8233a039, 0x8233a130, 0x8233a131, 0x8233a132, 0x8233a133, 0x8233a134, 0x8233a135,
    0x8233a136, 0x8233a137, 0x8233a138, 0x8233a139, 0x8233a230, 0x8233a231, 0x8233a232, 0x8233a233,
    0x8233a234, 0x8233a235, 0x8233a236, 0x8233a237, 0x8233a238, 0x8233a239, 0x8233a330, 0x8233a331,
    0x8233a332, 0x8233a333, 0x8233a334, 0x8233a335, 0x8233a336, 0x8233a337, 0x8233a338, 0x00fe7b,
    0x000000, 0x000000, 0x000000, 0x000000, 0x000000, 0x000000, 0x000000, 0x000000, 0x000000,
    0x000000, 0x000000, 0x000000, 0x000000, 0x000000, 0x000000, 0x000000, 0x000000, 0x000000,
    0x000000, 0x000000, 0x000000, 0x000000, 0x000000, 0x000000, 0x000000, 0x000000, 0x000000,
    0x000000, 0x000000, 0x000000, 0x000000, 0x000000, 0x000000, 0x000000, 0x000000, 0x000000,
    0x000000, 0x000000, 0x000000, 0x000000, 0x000000, 0x00fe7d, 0x8233c932, 0x8233c933, 0x8233c934,
    0x8233c935, 0x8233c936, 0x8233c937, 0x8233c938, 0x8233c939, 0x8233ca30, 0x8233ca31, 0x8233ca32,
    0x8233ca33, 0x8233ca34, 0x8233ca35, 0x8233ca36, 0x8233ca37, 0x8233ca38, 0x8233ca39, 0x8233cb30,
    0x8233cb31, 0x00fe7c, 0x8233cb32, 0x8233cb33, 0x8233cb34, 0x8233cb35, 0x8233cb36, 0x8233cb37,
    0x8233cb38, 0x8233cb39, 0x8233cc30, 0x8233cc31, 0x8233cc32, 0x8233cc33, 0x8233cc34, 0x8233cc35,
    0x8233cc36, 0x8233cc37, 0x8233cc38, 0x8233cc39, 0x8233cd30, 0x8233cd31, 0x8233cd32, 0x8233cd33,
    0x8233cd34, 0x8233cd35, 0x8233cd36, 0x8233cd37, 0x8233cd38, 0x8233cd39, 0x8233ce30, 0x8233ce31,
    0x8233ce32, 0x8233ce33, 0x8233ce34, 0x8233ce35, 0x8233ce36, 0x8233ce37, 0x8233ce38, 0x8233ce39,
    0x8233cf30, 0x8233cf31, 0x8233cf32, 0x8233cf33, 0x8233cf34, 0x8233cf35, 0x8233cf36, 0x8233cf37,
    0x8233cf38, 0x8233cf39, 0x8233d030, 0x8233d031, 0x8233d032, 0x8233d033, 0x8233d034, 0x8233d035,
    0x8233d036, 0x8233d037, 0x8233d038, 0x8233d039, 0x8233d130, 0x8233d131, 0x8233d132, 0x8233d133,
    0x8233d134, 0x8233d135, 0x8233d136, 0x8233d137, 0x8233d138, 0x8233d139, 0x8233d230, 0x8233d231,
    0x8233d232, 0x8233d233, 0x8233d234, 0x8233d235, 0x8233d236, 0x8233d237, 0x8233d238, 0x8233d239,
    0x8233d330, 0x8233d331, 0x8233d332, 0x8233d333, 0x8233d334, 0x8233d335, 0x8233d336, 0x8233d337,
    0x8233d338, 0x8233d339, 0x8233d430, 0x8233d431, 0x8233d432, 0x8233d433, 0x8233d434, 0x8233d435,
    0x8233d436, 0x8233d437, 0x8233d438, 0x8233d439, 0x8233d530, 0x8233d531, 0x8233d532, 0x8233d533,
    0x8233d534, 0x8233d535, 0x8233d536, 0x8233d537, 0x8233d538, 0x8233d539, 0x8233d630, 0x8233d631,
    0x8233d632, 0x8233d633, 0x8233d634, 0x8233d635, 0x8233d636, 0x8233d637, 0x8233d638, 0x8233d639,
    0x8233d730, 0x8233d731, 0x8233d732, 0x8233d733, 0x8233d734, 0x8233d735, 0x8233d736, 0x8233d737,
    0x8233d738, 0x8233d739, 0x8233d830, 0x8233d831, 0x8233d832, 0x8233d833, 0x8233d834, 0x8233d835,
    0x8233d836, 0x8233d837, 0x8233d838, 0x8233d839, 0x8233d930, 0x8233d931, 0x8233d932, 0x8233d933,
    0x8233d934, 0x8233d935, 0x8233d936, 0x8233d937, 0x8233d938, 0x8233d939, 0x8233da30, 0x8233da31,
    0x8233da32, 0x8233da33, 0x8233da34, 0x8233da35, 0x8233da36, 0x8233da37, 0x8233da38, 0x8233da39,
    0x8233db30, 0x8233db31, 0x8233db32, 0x8233db33, 0x8233db34, 0x8233db35, 0x8233db36, 0x8233db37,
    0x8233db38, 0x8233db39, 0x8233dc30, 0x8233dc31, 0x8233dc32, 0x8233dc33, 0x8233dc34, 0x8233dc35,
    0x8233dc36, 0x8233dc37, 0x8233dc38, 0x8233dc39, 0x8233dd30, 0x8233dd31, 0x8233dd32, 0x8233dd33,
    0x8233dd34, 0x8233dd35, 0x8233dd36, 0x8233dd37, 0x8233dd38, 0x8233dd39, 0x8233de30, 0x8233de31,
    0x8233de32, 0x8233de33, 0x8233de34, 0x00fe80, 0x8233de35, 0x8233de36, 0x8233de37, 0x8233de38,
    0x8233de39, 0x00fe81, 0x8233df30, 0x8233df31, 0x8233df32, 0x8233df33, 0x8233df34, 0x8233df35,
    0x8233df36, 0x8233df37, 0x8233df38, 0x8233df39, 0x8233e030, 0x8233e031, 0x8233e032, 0x8233e033,
    0x8233e034, 0x8233e035, 0x8233e036, 0x8233e037, 0x8233e038, 0x8233e039, 0x8233e130, 0x8233e131,
    0x8233e132, 0x8233e133, 0x8233e134, 0x8233e135, 0x8233e136, 0x8233e137, 0x8233e138, 0x8233e139,
    0x8233e230, 0x8233e231, 0x8233e232, 0x8233e233, 0x8233e234, 0x8233e235, 0x8233e236, 0x8233e237,
    0x8233e238, 0x8233e239, 0x8233e330, 0x8233e331, 0x8233e332, 0x8233e333, 0x8233e334, 0x8233e335,
    0x8233e336, 0x8233e337, 0x8233e338, 0x8233e339, 0x8233e430, 0x8233e431, 0x8233e432, 0x8233e433,
    0x8233e434, 0x8233e435, 0x8233e436, 0x8233e437, 0x8233e438, 0x8233e439, 0x8233e530, 0x8233e531,
    0x8233e532, 0x8233e533, 0x8233e534, 0x8233e535, 0x8233e536, 0x8233e537, 0x8233e538, 0x8233e539,
    0x8233e630, 0x8233e631, 0x8233e632, 0x8233e633, 0x8233e634, 0x8233e635, 0x8233e636, 0x8233e637,
    0x8233e638, 0x8233e639, 0x8233e730, 0x8233e731, 0x00fe82, 0x8233e732, 0x8233e733, 0x8233e734,
    0x8233e735, 0x8233e736, 0x8233e737, 0x8233e738, 0x8233e739, 0x8233e830, 0x8233e831, 0x8233e832,
    0x8233e833, 0x8233e834, 0x8233e835, 0x8233e836, 0x8233e837, 0x00fe83, 0x000000, 0x000000,
    0x000000, 0x000000, 0x000000, 0x000000, 0x000000, 0x000000, 0x000000, 0x000000, 0x000000,
    0x000000, 0x000000, 0x000000, 0x000000, 0x000000, 0x000000, 0x000000, 0x000000, 0x000000,
    0x000000, 0x000000, 0x000000, 0x000000, 0x000000, 0x000000, 0x000000, 0x000000, 0x000000,
    0x000000, 0x000000, 0x000000, 0x000000, 0x000000, 0x000000, 0x000000, 0x000000, 0x000000,
    0x000000, 0x000000, 0x000000, 0x000000, 0x000000, 0x000000, 0x000000, 0x000000, 0x000000,
    0x000000, 0x000000, 0x000000, 0x00fe85, 0x82349639, 0x82349730, 0x82349731, 0x82349732,
    0x82349733, 0x82349734, 0x82349735, 0x82349736, 0x82349737, 0x82349738, 0x82349739, 0x82349830,
    0x82349831, 0x82349832, 0x82349833, 0x82349834, 0x82349835, 0x82349836, 0x82349837, 0x82349838,
    0x82349839, 0x82349930, 0x82349931, 0x82349932, 0x82349933, 0x82349934, 0x82349935, 0x82349936,
    0x82349937, 0x82349938, 0x82349939, 0x82349a30, 0x82349a31, 0x82349a32, 0x82349a33, 0x82349a34,
    0x82349a35, 0x82349a36, 0x82349a37, 0x82349a38, 0x82349a39, 0x82349b30, 0x82349b31, 0x82349b32,
    0x82349b33, 0x82349b34, 0x82349b35, 0x82349b36, 0x82349b37, 0x82349b38, 0x00fe86, 0x82349b39,
    0x82349c30, 0x00fe87, 0x82349c31, 0x82349c32, 0x82349c33, 0x82349c34, 0x00fe88, 0x00fe89,
    0x82349c35, 0x00fe8a, 0x00fe8b, 0x82349c36, 0x82349c37, 0x82349c38, 0x82349c39, 0x82349d30,
    0x82349d31, 0x82349d32, 0x82349d33, 0x82349d34, 0x82349d35, 0x82349d36, 0x82349d37, 0x82349d38,
    0x82349d39, 0x82349e30, 0x82349e31, 0x82349e32, 0x82349e33, 0x82349e34, 0x82349e35, 0x00fe8d,
    0x82349e36, 0x82349e37, 0x82349e38, 0x00fe8c, 0x82349e39, 0x82349f30, 0x82349f31, 0x82349f32,
    0x82349f33, 0x82349f34, 0x82349f35, 0x82349f36, 0x82349f37, 0x82349f38, 0x82349f39, 0x8234a030,
    0x8234a031, 0x8234a032, 0x8234a033, 0x8234a034, 0x8234a035, 0x8234a036, 0x8234a037, 0x8234a038,
    0x8234a039, 0x8234a130, 0x00fe8f, 0x00fe8e, 0x000000, 0x000000, 0x000000, 0x000000, 0x000000,
    0x000000, 0x000000, 0x000000, 0x000000, 0x000000, 0x000000, 0x000000, 0x000000, 0x000000,
    0x000000, 0x000000, 0x000000, 0x000000, 0x000000, 0x000000, 0x000000, 0x000000, 0x000000,
    0x000000, 0x000000, 0x000000, 0x000000, 0x000000, 0x000000, 0x000000, 0x000000, 0x000000,
    0x000000, 0x000000, 0x000000, 0x000000, 0x000000, 0x000000, 0x000000, 0x000000, 0x000000,
    0x000000, 0x000000, 0x000000, 0x000000, 0x000000, 0x000000, 0x000000, 0x000000, 0x000000,
    0x000000, 0x000000, 0x000000, 0x000000, 0x000000, 0x00fe96, 0x8234e734, 0x8234e735, 0x8234e736,
    0x8234e737, 0x8234e738, 0x8234e739, 0x8234e830, 0x8234e831, 0x8234e832, 0x8234e833, 0x8234e834,
    0x8234e835, 0x8234e836, 0x8234e837, 0x8234e838, 0x8234e839, 0x8234e930, 0x8234e931, 0x8234e932,
    0x8234e933, 0x8234e934, 0x8234e935, 0x8234e936, 0x8234e937, 0x8234e938, 0x8234e939, 0x8234ea30,
    0x8234ea31, 0x8234ea32, 0x8234ea33, 0x8234ea34, 0x8234ea35, 0x8234ea36, 0x8234ea37, 0x8234ea38,
    0x8234ea39, 0x8234eb30, 0x8234eb31, 0x8234eb32, 0x00fe93, 0x00fe94, 0x00fe95, 0x00fe97,
    0x00fe92, 0x8234eb33, 0x8234eb34, 0x8234eb35, 0x8234eb36, 0x8234eb37, 0x8234eb38, 0x8234eb39,
    0x8234ec30, 0x8234ec31, 0x8234ec32, 0x8234ec33, 0x8234ec34, 0x8234ec35, 0x8234ec36, 0x8234ec37,
    0x8234ec38, 0x8234ec39, 0x8234ed30, 0x8234ed31, 0x8234ed32, 0x8234ed33, 0x8234ed34, 0x8234ed35,
    0x8234ed36, 0x8234ed37, 0x8234ed38, 0x8234ed39, 0x8234ee30, 0x8234ee31, 0x8234ee32, 0x8234ee33,
    0x8234ee34, 0x8234ee35, 0x8234ee36, 0x8234ee37, 0x8234ee38, 0x8234ee39, 0x8234ef30, 0x8234ef31,
    0x8234ef32, 0x8234ef33, 0x8234ef34, 0x8234ef35, 0x8234ef36, 0x8234ef37, 0x8234ef38, 0x8234ef39,
    0x8234f030, 0x8234f031, 0x8234f032, 0x8234f033, 0x8234f034, 0x8234f035, 0x8234f036, 0x8234f037,
    0x8234f038, 0x8234f039, 0x8234f130, 0x8234f131, 0x8234f132, 0x8234f133, 0x8234f134, 0x8234f135,
    0x8234f136, 0x8234f137, 0x8234f138, 0x8234f139, 0x8234f230, 0x8234f231, 0x8234f232, 0x8234f233,
    0x8234f234, 0x8234f235, 0x8234f236, 0x8234f237, 0x8234f238, 0x8234f239, 0x8234f330, 0x8234f331,
    0x8234f332, 0x8234f333, 0x8234f334, 0x8234f335, 0x8234f336, 0x8234f337, 0x8234f338, 0x8234f339,
    0x8234f430, 0x8234f431, 0x8234f432, 0x8234f433, 0x8234f434, 0x8234f435, 0x8234f436, 0x8234f437,
    0x8234f438, 0x8234f439, 0x8234f530, 0x8234f531, 0x8234f532, 0x8234f533, 0x8234f534, 0x8234f535,
    0x8234f536, 0x8234f537, 0x8234f538, 0x8234f539, 0x8234f630, 0x8234f631, 0x8234f632, 0x8234f633,
    0x00fe98, 0x00fe99, 0x00fe9a, 0x00fe9b, 0x00fe9c, 0x00fe9d, 0x00fe9e, 0x8234f634, 0x8234f635,
    0x8234f636, 0x8234f637, 0x8234f638, 0x8234f639, 0x8234f730, 0x8234f731, 0x8234f732, 0x8234f733,
    0x8234f734, 0x8234f735, 0x8234f736, 0x8234f737, 0x8234f738, 0x8234f739, 0x8234f830, 0x8234f831,
    0x8234f832, 0x8234f833, 0x8234f834, 0x8234f835, 0x8234f836, 0x8234f837, 0x8234f838, 0x8234f839,
    0x8234f930, 0x8234f931, 0x8234f932, 0x8234f933, 0x8234f934, 0x8234f935, 0x8234f936, 0x8234f937,
    0x8234f938, 0x8234f939, 0x8234fa30, 0x8234fa31, 0x8234fa32, 0x8234fa33, 0x8234fa34, 0x8234fa35,
    0x8234fa36, 0x8234fa37, 0x8234fa38, 0x8234fa39, 0x8234fb30, 0x8234fb31, 0x8234fb32, 0x8234fb33,
    0x8234fb34, 0x8234fb35, 0x8234fb36, 0x8234fb37, 0x8234fb38, 0x8234fb39, 0x8234fc30, 0x8234fc31,
    0x8234fc32, 0x8234fc33, 0x8234fc34, 0x8234fc35, 0x8234fc36, 0x8234fc37, 0x8234fc38, 0x8234fc39,
    0x8234fd30, 0x8234fd31, 0x8234fd32, 0x8234fd33, 0x8234fd34, 0x8234fd35, 0x8234fd36, 0x8234fd37,
    0x8234fd38, 0x8234fd39, 0x8234fe30, 0x8234fe31, 0x8234fe32, 0x8234fe33, 0x8234fe34, 0x8234fe35,
    0x8234fe36, 0x8234fe37, 0x8234fe38, 0x8234fe39, 0x82358130, 0x82358131, 0x82358132, 0x82358133,
    0x82358134, 0x82358135, 0x82358136, 0x82358137, 0x82358138, 0x82358139, 0x82358230, 0x82358231,
    0x82358232, 0x82358233, 0x82358234, 0x82358235, 0x82358236, 0x82358237, 0x82358238, 0x82358239,
    0x82358330, 0x82358331, 0x82358332, 0x82358333, 0x82358334, 0x82358335, 0x82358336, 0x82358337,
    0x82358338, 0x82358339, 0x82358430, 0x82358431, 0x82358432, 0x82358433, 0x82358434, 0x82358435,
    0x82358436, 0x82358437, 0x82358438, 0x82358439, 0x82358530, 0x82358531, 0x82358532, 0x82358533,
    0x82358534, 0x82358535, 0x82358536, 0x82358537, 0x82358538, 0x82358539, 0x82358630, 0x82358631,
    0x82358632, 0x82358633, 0x82358634, 0x82358635, 0x82358636, 0x82358637, 0x82358638, 0x82358639,
    0x82358730, 0x82358731, 0x00fe9f, 0x82358732, 0x82358733, 0x82358734, 0x82358735, 0x82358736,
    0x82358737, 0x82358738, 0x82358739, 0x82358830, 0x82358831, 0x82358832, 0x82358833, 0x82358834,
    0x82358835, 0x82358836, 0x82358837, 0x82358838, 0x82358839, 0x82358930, 0x82358931, 0x82358932,
    0x82358933, 0x82358934, 0x82358935, 0x82358936, 0x82358937, 0x82358938, 0x82358939, 0x82358a30,
    0x82358a31, 0x82358a32, 0x82358a33, 0x82358a34, 0x82358a35, 0x82358a36, 0x82358a37, 0x82358a38,
    0x82358a39, 0x82358b30, 0x82358b31, 0x82358b32, 0x82358b33, 0x82358b34, 0x82358b35, 0x82358b36,
    0x82358b37, 0x82358b38, 0x82358b39, 0x82358c30, 0x82358c31, 0x82358c32, 0x82358c33, 0x82358c34,
    0x82358c35, 0x82358c36, 0x82358c37, 0x82358c38, 0x82358c39, 0x82358d30, 0x82358d31, 0x82358d32,
    0x82358d33, 0x82358d34, 0x82358d35, 0x82358d36, 0x82358d37, 0x82358d38, 0x82358d39, 0x82358e30,
    0x82358e31, 0x82358e32, 0x82358e33, 0x82358e34, 0x82358e35, 0x82358e36, 0x82358e37, 0x82358e38,
    0x82358e39, 0x82358f30, 0x82358f31, 0x82358f32, 0x00d2bb, 0x00b6a1, 0x008140, 0x00c6df,
    0x008141, 0x008142, 0x008143, 0x00cdf2, 0x00d5c9, 0x00c8fd, 0x00c9cf, 0x00cfc2, 0x00d8a2,
    0x00b2bb, 0x00d3eb, 0x008144, 0x00d8a4, 0x00b3f3, 0x008145, 0x00d7a8, 0x00c7d2, 0x00d8a7,
    0x00cac0, 0x008146, 0x00c7f0, 0x00b1fb, 0x00d2b5, 0x00b4d4, 0x00b6ab, 0x00cbbf, 0x00d8a9,
    0x008147, 0x008148, 0x008149, 0x00b6aa, 0x00814a, 0x00c1bd, 0x00d1cf, 0x00814b, 0x00c9a5,
    0x00d8ad, 0x00814c, 0x00b8f6, 0x00d1be, 0x00e3dc, 0x00d6d0, 0x00814d, 0x00814e, 0x00b7e1,
    0x00814f, 0x00b4ae, 0x008150, 0x00c1d9, 0x008151, 0x00d8bc, 0x008152, 0x00cde8, 0x00b5a4,
    0x00ceaa, 0x00d6f7, 0x008153, 0x00c0f6, 0x00bed9, 0x00d8af, 0x008154, 0x008155, 0x008156,
    0x00c4cb, 0x008157, 0x00bec3, 0x008158, 0x00d8b1, 0x00c3b4, 0x00d2e5, 0x008159, 0x00d6ae,
    0x00ceda, 0x00d5a7, 0x00baf5, 0x00b7a6, 0x00c0d6, 0x00815a, 0x00c6b9, 0x00c5d2, 0x00c7c7,
    0x00815b, 0x00b9d4, 0x00815c, 0x00b3cb, 0x00d2d2, 0x00815d, 0x00815e, 0x00d8bf, 0x00bec5,
    0x00c6f2, 0x00d2b2, 0x00cfb0, 0x00cfe7, 0x00815f, 0x008160, 0x008161, 0x008162, 0x00cae9,
    0x008163, 0x008164, 0x00d8c0, 0x008165, 0x008166, 0x008167, 0x008168, 0x008169, 0x00816a,
    0x00c2f2, 0x00c2d2, 0x00816b, 0x00c8e9, 0x00816c, 0x00816d, 0x00816e, 0x00816f, 0x008170,
    0x008171, 0x008172, 0x008173, 0x008174, 0x008175, 0x00c7ac, 0x008176, 0x008177, 0x008178,
    0x008179, 0x00817a, 0x00817b, 0x00817c, 0x00c1cb, 0x00817d, 0x00d3e8, 0x00d5f9, 0x00817e,
    0x00cac2, 0x00b6fe, 0x00d8a1, 0x00d3da, 0x00bff7, 0x008180, 0x00d4c6, 0x00bba5, 0x00d8c1,
    0x00cee5, 0x00beae, 0x008181, 0x008182, 0x00d8a8, 0x008183, 0x00d1c7, 0x00d0a9, 0x008184,
    0x008185, 0x008186, 0x00d8bd, 0x00d9ef, 0x00cdf6, 0x00bfba, 0x008187, 0x00bdbb, 0x00baa5,
    0x00d2e0, 0x00b2fa, 0x00bae0, 0x00c4b6, 0x008188, 0x00cfed, 0x00bea9, 0x00cda4, 0x00c1c1,
    0x008189, 0x00818a, 0x00818b, 0x00c7d7, 0x00d9f1, 0x00818c, 0x00d9f4, 0x00818d, 0x00818e,
    0x00818f, 0x008190, 0x00c8cb, 0x00d8e9, 0x008191, 0x008192, 0x008193, 0x00d2da, 0x00cab2,
    0x00c8ca, 0x00d8ec, 0x00d8ea, 0x00d8c6, 0x00bdf6, 0x00c6cd, 0x00b3f0, 0x008194, 0x00d8eb,
    0x00bdf1, 0x00bde9, 0x008195, 0x00c8d4, 0x00b4d3, 0x008196, 0x008197, 0x00c2d8, 0x008198,
    0x00b2d6, 0x00d7d0, 0x00cacb, 0x00cbfb, 0x00d5cc, 0x00b8b6, 0x00cfc9, 0x008199, 0x00819a,
    0x00819b, 0x00d9da, 0x00d8f0, 0x00c7aa, 0x00819c, 0x00d8ee, 0x00819d, 0x00b4fa, 0x00c1ee,
    0x00d2d4, 0x00819e, 0x00819f, 0x00d8ed, 0x0081a0, 0x00d2c7, 0x00d8ef, 0x00c3c7, 0x0081a1,
    0x0081a2, 0x0081a3, 0x00d1f6, 0x0081a4, 0x00d6d9, 0x00d8f2, 0x0081a5, 0x00d8f5, 0x00bcfe,
    0x00bcdb, 0x0081a6, 0x0081a7, 0x0081a8, 0x00c8ce, 0x0081a9, 0x00b7dd, 0x0081aa, 0x00b7c2,
    0x0081ab, 0x00c6f3, 0x0081ac, 0x0081ad, 0x0081ae, 0x0081af, 0x0081b0, 0x0081b1, 0x0081b2,
    0x00d8f8, 0x00d2c1, 0x0081b3, 0x0081b4, 0x00cee9, 0x00bcbf, 0x00b7fc, 0x00b7a5, 0x00d0dd,
    0x0081b5, 0x0081b6, 0x0081b7, 0x0081b8, 0x0081b9, 0x00d6da, 0x00d3c5, 0x00bbef, 0x00bbe1,
    0x00d8f1, 0x0081ba, 0x0081bb, 0x00c9a1, 0x00ceb0, 0x00b4ab, 0x0081bc, 0x00d8f3, 0x0081bd,
    0x00c9cb, 0x00d8f6, 0x00c2d7, 0x00d8f7, 0x0081be, 0x0081bf, 0x00ceb1, 0x00d8f9, 0x0081c0,
    0x0081c1, 0x0081c2, 0x00b2ae, 0x00b9c0, 0x0081c3, 0x00d9a3, 0x0081c4, 0x00b0e9, 0x0081c5,
    0x00c1e6, 0x0081c6, 0x00c9ec, 0x0081c7, 0x00cbc5, 0x0081c8, 0x00cbc6, 0x00d9a4, 0x0081c9,
    0x0081ca, 0x0081cb, 0x0081cc, 0x0081cd, 0x00b5e8, 0x0081ce, 0x0081cf, 0x00b5ab, 0x0081d0,
    0x0081d1, 0x0081d2, 0x0081d3, 0x0081d4, 0x0081d5, 0x00cebb, 0x00b5cd, 0x00d7a1, 0x00d7f4,
    0x00d3d3, 0x0081d6, 0x00cce5, 0x0081d7, 0x00bace, 0x0081d8, 0x00d9a2, 0x00d9dc, 0x00d3e0,
    0x00d8fd, 0x00b7f0, 0x00d7f7, 0x00d8fe, 0x00d8fa, 0x00d9a1, 0x00c4e3, 0x0081d9, 0x0081da,
    0x00d3b6, 0x00d8f4, 0x00d9dd, 0x0081db, 0x00d8fb, 0x0081dc, 0x00c5e5, 0x0081dd, 0x0081de,
    0x00c0d0, 0x0081df, 0x0081e0, 0x00d1f0, 0x00b0db, 0x0081e1, 0x0081e2, 0x00bcd1, 0x00d9a6,
    0x0081e3, 0x00d9a5, 0x0081e4, 0x0081e5, 0x0081e6, 0x0081e7, 0x00d9ac, 0x00d9ae, 0x0081e8,
    0x00d9ab, 0x00cab9, 0x0081e9, 0x0081ea, 0x0081eb, 0x00d9a9, 0x00d6b6, 0x0081ec, 0x0081ed,
    0x0081ee, 0x00b3de, 0x00d9a8, 0x0081ef, 0x00c0fd, 0x0081f0, 0x00cacc, 0x0081f1, 0x00d9aa,
    0x0081f2, 0x00d9a7, 0x0081f3, 0x0081f4, 0x00d9b0, 0x0081f5, 0x0081f6, 0x00b6b1, 0x0081f7,
    0x0081f8, 0x0081f9, 0x00b9a9, 0x0081fa, 0x00d2c0, 0x0081fb, 0x0081fc, 0x00cfc0, 0x0081fd,
    0x0081fe, 0x00c2c2, 0x008240, 0x00bdc4, 0x00d5ec, 0x00b2e0, 0x00c7c8, 0x00bfeb, 0x00d9ad,
    0x008241, 0x00d9af, 0x008242, 0x00ceea, 0x00baee, 0x008243, 0x008244, 0x008245, 0x008246,
    0x008247, 0x00c7d6, 0x008248, 0x008249, 0x00824a, 0x00824b, 0x00824c, 0x00824d, 0x00824e,
    0x00824f, 0x008250, 0x00b1e3, 0x008251, 0x008252, 0x008253, 0x00b4d9, 0x00b6ed, 0x00d9b4,
    0x008254, 0x008255, 0x008256, 0x008257, 0x00bfa1, 0x008258, 0x008259, 0x00825a, 0x00d9de,
    0x00c7ce, 0x00c0fe, 0x00d9b8, 0x00825b, 0x00825c, 0x00825d, 0x00825e, 0x00825f, 0x00cbd7,
    0x00b7fd, 0x008260, 0x00d9b5, 0x008261, 0x00d9b7, 0x00b1a3, 0x00d3e1, 0x00d9b9, 0x008262,
    0x00d0c5, 0x008263, 0x00d9b6, 0x008264, 0x008265, 0x00d9b1, 0x008266, 0x00d9b2, 0x00c1a9,
    0x00d9b3, 0x008267, 0x008268, 0x00bcf3, 0x00d0de, 0x00b8a9, 0x008269, 0x00bee3, 0x00826a,
    0x00d9bd, 0x00826b, 0x00826c, 0x00826d, 0x00826e, 0x00d9ba, 0x00826f, 0x00b0b3, 0x008270,
    0x008271, 0x008272, 0x00d9c2, 0x008273, 0x008274, 0x008275, 0x008276, 0x008277, 0x008278,
    0x008279, 0x00827a, 0x00827b, 0x00827c, 0x00827d, 0x00827e, 0x008280, 0x00d9c4, 0x00b1b6,
    0x008281, 0x00d9bf, 0x008282, 0x008283, 0x00b5b9, 0x008284, 0x00bef3, 0x008285, 0x008286,
    0x008287, 0x00ccc8, 0x00baf2, 0x00d2d0, 0x008288, 0x00d9c3, 0x008289, 0x00828a, 0x00bde8,
    0x00828b, 0x00b3ab, 0x00828c, 0x00828d, 0x00828e, 0x00d9c5, 0x00beeb, 0x00828f, 0x00d9c6,
    0x00d9bb, 0x00c4df, 0x008290, 0x00d9be, 0x00d9c1, 0x00d9c0, 0x008291, 0x008292, 0x008293,
    0x008294, 0x008295, 0x008296, 0x008297, 0x008298, 0x008299, 0x00829a, 0x00829b, 0x00d5ae,
    0x00829c, 0x00d6b5, 0x00829d, 0x00c7e3, 0x00829e, 0x00829f, 0x0082a0, 0x0082a1, 0x00d9c8,
    0x0082a2, 0x0082a3, 0x0082a4, 0x00bcd9, 0x00d9ca, 0x0082a5, 0x0082a6, 0x0082a7, 0x00d9bc,
    0x0082a8, 0x00d9cb, 0x00c6ab, 0x0082a9, 0x0082aa, 0x0082ab, 0x0082ac, 0x0082ad, 0x00d9c9,
    0x0082ae, 0x0082af, 0x0082b0, 0x0082b1, 0x00d7f6, 0x0082b2, 0x00cda3, 0x0082b3, 0x0082b4,
    0x0082b5, 0x0082b6, 0x0082b7, 0x0082b8, 0x0082b9, 0x0082ba, 0x00bda1, 0x0082bb, 0x0082bc,
    0x0082bd, 0x0082be, 0x0082bf, 0x0082c0, 0x00d9cc, 0x0082c1, 0x0082c2, 0x0082c3, 0x0082c4,
    0x0082c5, 0x0082c6, 0x0082c7, 0x0082c8, 0x0082c9, 0x00c5bc, 0x00cdb5, 0x0082ca, 0x0082cb,
    0x0082cc, 0x00d9cd, 0x0082cd, 0x0082ce, 0x00d9c7, 0x00b3a5, 0x00bffe, 0x0082cf, 0x0082d0,
    0x0082d1, 0x0082d2, 0x00b8b5, 0x0082d3, 0x0082d4, 0x00c0fc, 0x0082d5, 0x0082d6, 0x0082d7,
    0x0082d8, 0x00b0f8, 0x0082d9, 0x0082da, 0x0082db, 0x0082dc, 0x0082dd, 0x0082de, 0x0082df,
    0x0082e0, 0x0082e1, 0x0082e2, 0x0082e3, 0x0082e4, 0x0082e5, 0x0082e6, 0x0082e7, 0x0082e8,
    0x0082e9, 0x0082ea, 0x0082eb, 0x0082ec, 0x0082ed, 0x00b4f6, 0x0082ee, 0x00d9ce, 0x0082ef,
    0x00d9cf, 0x00b4a2, 0x00d9d0, 0x0082f0, 0x0082f1, 0x00b4df, 0x0082f2, 0x0082f3, 0x0082f4,
    0x0082f5, 0x0082f6, 0x00b0c1, 0x0082f7, 0x0082f8, 0x0082f9, 0x0082fa, 0x0082fb, 0x0082fc,
    0x0082fd, 0x00d9d1, 0x00c9b5, 0x0082fe, 0x008340, 0x008341, 0x008342, 0x008343, 0x008344,
    0x008345, 0x008346, 0x008347, 0x008348, 0x008349, 0x00834a, 0x00834b, 0x00834c, 0x00834d,
    0x00834e, 0x00834f, 0x008350, 0x008351, 0x00cff1, 0x008352, 0x008353, 0x008354, 0x008355,
    0x008356, 0x008357, 0x00d9d2, 0x008358, 0x008359, 0x00835a, 0x00c1c5, 0x00835b, 0x00835c,
    0x00835d, 0x00835e, 0x00835f, 0x008360, 0x008361, 0x008362, 0x008363, 0x008364, 0x008365,
    0x00d9d6, 0x00c9ae, 0x008366, 0x008367, 0x008368, 0x008369, 0x00d9d5, 0x00d9d4, 0x00d9d7,
    0x00836a, 0x00836b, 0x00836c, 0x00836d, 0x00cbdb, 0x00836e, 0x00bda9, 0x00836f, 0x008370,
    0x008371, 0x008372, 0x008373, 0x00c6a7, 0x008374, 0x008375, 0x008376, 0x008377, 0x008378,
    0x008379, 0x00837a, 0x00837b, 0x00837c, 0x00837d, 0x00d9d3, 0x00d9d8, 0x00837e, 0x008380,
    0x008381, 0x00d9d9, 0x008382, 0x008383, 0x008384, 0x008385, 0x008386, 0x008387, 0x00c8e5,
    0x008388, 0x008389, 0x00838a, 0x00838b, 0x00838c, 0x00838d, 0x00838e, 0x00838f, 0x008390,
    0x008391, 0x008392, 0x008393, 0x008394, 0x008395, 0x00c0dc, 0x008396, 0x008397, 0x008398,
    0x008399, 0x00839a, 0x00839b, 0x00839c, 0x00839d, 0x00839e, 0x00839f, 0x0083a0, 0x0083a1,
    0x0083a2, 0x0083a3, 0x0083a4, 0x0083a5, 0x0083a6, 0x0083a7, 0x0083a8, 0x0083a9, 0x0083aa,
    0x0083ab, 0x0083ac, 0x0083ad, 0x0083ae, 0x0083af, 0x0083b0, 0x0083b1, 0x0083b2, 0x00b6f9,
    0x00d8a3, 0x00d4ca, 0x0083b3, 0x00d4aa, 0x00d0d6, 0x00b3e4, 0x00d5d7, 0x0083b4, 0x00cfc8,
    0x00b9e2, 0x0083b5, 0x00bfcb, 0x0083b6, 0x00c3e2, 0x0083b7, 0x0083b8, 0x0083b9, 0x00b6d2,
    0x0083ba, 0x0083bb, 0x00cdc3, 0x00d9ee, 0x00d9f0, 0x0083bc, 0x0083bd, 0x0083be, 0x00b5b3,
    0x0083bf, 0x00b6b5, 0x0083c0, 0x0083c1, 0x0083c2, 0x0083c3, 0x0083c4, 0x00bea4, 0x0083c5,
    0x0083c6, 0x00c8eb, 0x0083c7, 0x0083c8, 0x00c8ab, 0x0083c9, 0x0083ca, 0x00b0cb, 0x00b9ab,
    0x00c1f9, 0x00d9e2, 0x0083cb, 0x00c0bc, 0x00b9b2, 0x0083cc, 0x00b9d8, 0x00d0cb, 0x00b1f8,
    0x00c6e4, 0x00bedf, 0x00b5e4, 0x00d7c8, 0x0083cd, 0x00d1f8, 0x00bce6, 0x00cade, 0x0083ce,
    0x0083cf, 0x00bcbd, 0x00d9e6, 0x00d8e7, 0x0083d0, 0x0083d1, 0x00c4da, 0x0083d2, 0x0083d3,
    0x00b8d4, 0x00c8bd, 0x0083d4, 0x0083d5, 0x00b2e1, 0x00d4d9, 0x0083d6, 0x0083d7, 0x0083d8,
    0x0083d9, 0x00c3b0, 0x0083da, 0x0083db, 0x00c3e1, 0x00daa2, 0x00c8df, 0x0083dc, 0x00d0b4,
    0x0083dd, 0x00befc, 0x00c5a9, 0x0083de, 0x0083df, 0x0083e0, 0x00b9da, 0x0083e1, 0x00daa3,
    0x0083e2, 0x00d4a9, 0x00daa4, 0x0083e3, 0x0083e4, 0x0083e5, 0x0083e6, 0x0083e7, 0x00d9fb,
    0x00b6ac, 0x0083e8, 0x0083e9, 0x00b7eb, 0x00b1f9, 0x00d9fc, 0x00b3e5, 0x00bef6, 0x0083ea,
    0x00bff6, 0x00d2b1, 0x00c0e4, 0x0083eb, 0x0083ec, 0x0083ed, 0x00b6b3, 0x00d9fe, 0x00d9fd,
    0x0083ee, 0x0083ef, 0x00bebb, 0x0083f0, 0x0083f1, 0x0083f2, 0x00c6e0, 0x0083f3, 0x00d7bc,
    0x00daa1, 0x0083f4, 0x00c1b9, 0x0083f5, 0x00b5f2, 0x00c1e8, 0x0083f6, 0x0083f7, 0x00bcf5,
    0x0083f8, 0x00b4d5, 0x0083f9, 0x0083fa, 0x0083fb, 0x0083fc, 0x0083fd, 0x0083fe, 0x008440,
    0x008441, 0x008442, 0x00c1dd, 0x008443, 0x00c4fd, 0x008444, 0x008445, 0x00bcb8, 0x00b7b2,
    0x008446, 0x008447, 0x00b7ef, 0x008448, 0x008449, 0x00844a, 0x00844b, 0x00844c, 0x00844d,
    0x00d9ec, 0x00844e, 0x00c6be, 0x00844f, 0x00bfad, 0x00bbcb, 0x008450, 0x008451, 0x00b5ca,
    0x008452, 0x00dbc9, 0x00d0d7, 0x008453, 0x00cdb9, 0x00b0bc, 0x00b3f6, 0x00bbf7, 0x00dbca,
    0x00baaf, 0x008454, 0x00d4e4, 0x00b5b6, 0x00b5f3, 0x00d8d6, 0x00c8d0, 0x008455, 0x008456,
    0x00b7d6, 0x00c7d0, 0x00d8d7, 0x008457, 0x00bfaf, 0x008458, 0x008459, 0x00dbbb, 0x00d8d8,
    0x00845a, 0x00845b, 0x00d0cc, 0x00bbae, 0x00845c, 0x00845d, 0x00845e, 0x00ebbe, 0x00c1d0,
    0x00c1f5, 0x00d4f2, 0x00b8d5, 0x00b4b4, 0x00845f, 0x00b3f5, 0x008460, 0x008461, 0x00c9be,
    0x008462, 0x008463, 0x008464, 0x00c5d0, 0x008465, 0x008466, 0x008467, 0x00c5d9, 0x00c0fb,
    0x008468, 0x00b1f0, 0x008469, 0x00d8d9, 0x00b9ce, 0x00846a, 0x00b5bd, 0x00846b, 0x00846c,
    0x00d8da, 0x00846d, 0x00846e, 0x00d6c6, 0x00cba2, 0x00c8af, 0x00c9b2, 0x00b4cc, 0x00bfcc,
    0x00846f, 0x00b9f4, 0x008470, 0x00d8db, 0x00d8dc, 0x00b6e7, 0x00bcc1, 0x00ccea, 0x008471,
    0x008472, 0x008473, 0x008474, 0x008475, 0x008476, 0x00cff7, 0x008477, 0x00d8dd, 0x00c7b0,
    0x008478, 0x008479, 0x00b9d0, 0x00bda3, 0x00847a, 0x00847b, 0x00ccde, 0x00847c, 0x00c6ca,
    0x00847d, 0x00847e, 0x008480, 0x008481, 0x008482, 0x00d8e0, 0x008483, 0x00d8de, 0x008484,
    0x008485, 0x00d8df, 0x008486, 0x008487, 0x008488, 0x00b0fe, 0x008489, 0x00bee7, 0x00848a,
    0x00caa3, 0x00bcf4, 0x00848b, 0x00848c, 0x00848d, 0x00848e, 0x00b8b1, 0x00848f, 0x008490,
    0x00b8ee, 0x008491, 0x008492, 0x008493, 0x008494, 0x008495, 0x008496, 0x008497, 0x008498,
    0x008499, 0x00849a, 0x00d8e2, 0x00849b, 0x00bdcb, 0x00849c, 0x00d8e4, 0x00d8e3, 0x00849d,
    0x00849e, 0x00849f, 0x0084a0, 0x0084a1, 0x00c5fc, 0x0084a2, 0x0084a3, 0x0084a4, 0x0084a5,
    0x0084a6, 0x0084a7, 0x0084a8, 0x00d8e5, 0x0084a9, 0x0084aa, 0x00d8e6, 0x0084ab, 0x0084ac,
    0x0084ad, 0x0084ae, 0x0084af, 0x0084b0, 0x0084b1, 0x00c1a6, 0x0084b2, 0x00c8b0, 0x00b0ec,
    0x00b9a6, 0x00bcd3, 0x00cef1, 0x00dbbd, 0x00c1d3, 0x0084b3, 0x0084b4, 0x0084b5, 0x0084b6,
    0x00b6af, 0x00d6fa, 0x00c5ac, 0x00bdd9, 0x00dbbe, 0x00dbbf, 0x0084b7, 0x0084b8, 0x0084b9,
    0x00c0f8, 0x00bea2, 0x00c0cd, 0x0084ba, 0x0084bb, 0x0084bc, 0x0084bd, 0x0084be, 0x0084bf,
    0x0084c0, 0x0084c1, 0x0084c2, 0x0084c3, 0x00dbc0, 0x00cac6, 0x0084c4, 0x0084c5, 0x0084c6,
    0x00b2aa, 0x0084c7, 0x0084c8, 0x0084c9, 0x00d3c2, 0x0084ca, 0x00c3e3, 0x0084cb, 0x00d1ab,
    0x0084cc, 0x0084cd, 0x0084ce, 0x0084cf, 0x00dbc2, 0x0084d0, 0x00c0d5, 0x0084d1, 0x0084d2,
    0x0084d3, 0x00dbc3, 0x0084d4, 0x00bfb1, 0x0084d5, 0x0084d6, 0x0084d7, 0x0084d8, 0x0084d9,
    0x0084da, 0x00c4bc, 0x0084db, 0x0084dc, 0x0084dd, 0x0084de, 0x00c7da, 0x0084df, 0x0084e0,
    0x0084e1, 0x0084e2, 0x0084e3, 0x0084e4, 0x0084e5, 0x0084e6, 0x0084e7, 0x0084e8, 0x0084e9,
    0x00dbc4, 0x0084ea, 0x0084eb, 0x0084ec, 0x0084ed, 0x0084ee, 0x0084ef, 0x0084f0, 0x0084f1,
    0x00d9e8, 0x00c9d7, 0x0084f2, 0x0084f3, 0x0084f4, 0x00b9b4, 0x00cef0, 0x00d4c8, 0x0084f5,
    0x0084f6, 0x0084f7, 0x0084f8, 0x00b0fc, 0x00b4d2, 0x0084f9, 0x00d0d9, 0x0084fa, 0x0084fb,
    0x0084fc, 0x0084fd, 0x00d9e9, 0x0084fe, 0x00decb, 0x00d9eb, 0x008540, 0x008541, 0x008542,
    0x008543, 0x00d8b0, 0x00bbaf, 0x00b1b1, 0x008544, 0x00b3d7, 0x00d8ce, 0x008545, 0x008546,
    0x00d4d1, 0x008547, 0x008548, 0x00bdb3, 0x00bfef, 0x008549, 0x00cfbb, 0x00854a, 0x00854b,
    0x00d8d0, 0x00854c, 0x00854d, 0x00854e, 0x00b7cb, 0x00854f, 0x008550, 0x008551, 0x00d8d1,
    0x008552, 0x008553, 0x008554, 0x008555, 0x008556, 0x008557, 0x008558, 0x008559, 0x00855a,
    0x00855b, 0x00c6a5, 0x00c7f8, 0x00d2bd, 0x00855c, 0x00855d, 0x00d8d2, 0x00c4e4, 0x00855e,
    0x00caae, 0x00855f, 0x00c7a7, 0x008560, 0x00d8a6, 0x008561, 0x00c9fd, 0x00cee7, 0x00bbdc,
    0x00b0eb, 0x008562, 0x008563, 0x008564, 0x00bbaa, 0x00d0ad, 0x008565, 0x00b1b0, 0x00d7e4,
    0x00d7bf, 0x008566, 0x00b5a5, 0x00c2f4, 0x00c4cf, 0x008567, 0x008568, 0x00b2a9, 0x008569,
    0x00b2b7, 0x00856a, 0x00b1e5, 0x00dfb2, 0x00d5bc, 0x00bfa8, 0x00c2ac, 0x00d8d5, 0x00c2b1,
    0x00856b, 0x00d8d4, 0x00ced4, 0x00856c, 0x00dae0, 0x00856d, 0x00cec0, 0x00856e, 0x00856f,
    0x00d8b4, 0x00c3ae, 0x00d3a1, 0x00cea3, 0x008570, 0x00bcb4, 0x00c8b4, 0x00c2d1, 0x008571,
    0x00beed, 0x00d0b6, 0x008572, 0x00dae1, 0x008573, 0x008574, 0x008575, 0x008576, 0x00c7e4,
    0x008577, 0x008578, 0x00b3a7, 0x008579, 0x00b6f2, 0x00ccfc, 0x00c0fa, 0x00857a, 0x00857b,
    0x00c0f7, 0x00857c, 0x00d1b9, 0x00d1e1, 0x00d8c7, 0x00857d, 0x00857e, 0x008580, 0x008581,
    0x008582, 0x008583, 0x008584, 0x00b2de, 0x008585, 0x008586, 0x00c0e5, 0x008587, 0x00baf1,
    0x008588, 0x008589, 0x00d8c8, 0x00858a, 0x00d4ad, 0x00858b, 0x00858c, 0x00cfe1, 0x00d8c9,
    0x00858d, 0x00d8ca, 0x00cfc3, 0x00858e, 0x00b3f8, 0x00bec7, 0x00858f, 0x008590, 0x008591,
    0x008592, 0x00d8cb, 0x008593, 0x008594, 0x008595, 0x008596, 0x008597, 0x008598, 0x008599,
    0x00dbcc, 0x00859a, 0x00859b, 0x00859c, 0x00859d, 0x00c8a5, 0x00859e, 0x00859f, 0x0085a0,
    0x00cfd8, 0x0085a1, 0x00c8fe, 0x00b2ce, 0x0085a2, 0x0085a3, 0x0085a4, 0x0085a5, 0x0085a6,
    0x00d3d6, 0x00b2e6, 0x00bcb0, 0x00d3d1, 0x00cbab, 0x00b7b4, 0x0085a7, 0x0085a8, 0x0085a9,
    0x00b7a2, 0x0085aa, 0x0085ab, 0x00cae5, 0x0085ac, 0x00c8a1, 0x00cadc, 0x00b1e4, 0x00d0f0,
    0x0085ad, 0x00c5d1, 0x0085ae, 0x0085af, 0x0085b0, 0x00dbc5, 0x00b5fe, 0x0085b1, 0x0085b2,
    0x00bfda, 0x00b9c5, 0x00bee4, 0x00c1ed, 0x0085b3, 0x00dfb6, 0x00dfb5, 0x00d6bb, 0x00bdd0,
    0x00d5d9, 0x00b0c8, 0x00b6a3, 0x00bfc9, 0x00cca8, 0x00dfb3, 0x00cab7, 0x00d3d2, 0x0085b4,
    0x00d8cf, 0x00d2b6, 0x00bac5, 0x00cbbe, 0x00ccbe, 0x0085b5, 0x00dfb7, 0x00b5f0, 0x00dfb4,
    0x0085b6, 0x0085b7, 0x0085b8, 0x00d3f5, 0x0085b9, 0x00b3d4, 0x00b8f7, 0x0085ba, 0x00dfba,
    0x0085bb, 0x00bacf, 0x00bcaa, 0x00b5f5, 0x0085bc, 0x00cdac, 0x00c3fb, 0x00baf3, 0x00c0f4,
    0x00cdc2, 0x00cff2, 0x00dfb8, 0x00cfc5, 0x0085bd, 0x00c2c0, 0x00dfb9, 0x00c2f0, 0x0085be,
    0x0085bf, 0x0085c0, 0x00befd, 0x0085c1, 0x00c1df, 0x00cdcc, 0x00d2f7, 0x00b7cd, 0x00dfc1,
    0x0085c2, 0x00dfc4, 0x0085c3, 0x0085c4, 0x00b7f1, 0x00b0c9, 0x00b6d6, 0x00b7d4, 0x0085c5,
    0x00baac, 0x00ccfd, 0x00bfd4, 0x00cbb1, 0x00c6f4, 0x0085c6, 0x00d6a8, 0x00dfc5, 0x0085c7,
    0x00cee2, 0x00b3b3, 0x0085c8, 0x0085c9, 0x00cefc, 0x00b4b5, 0x0085ca, 0x00cec7, 0x00baf0,
    0x0085cb, 0x00cee1, 0x0085cc, 0x00d1bd, 0x0085cd, 0x0085ce, 0x00dfc0, 0x0085cf, 0x0085d0,
    0x00b4f4, 0x0085d1, 0x00b3ca, 0x0085d2, 0x00b8e6, 0x00dfbb, 0x0085d3, 0x0085d4, 0x0085d5,
    0x0085d6, 0x00c4c5, 0x0085d7, 0x00dfbc, 0x00dfbd, 0x00dfbe, 0x00c5bb, 0x00dfbf, 0x00dfc2,
    0x00d4b1, 0x00dfc3, 0x0085d8, 0x00c7ba, 0x00ced8, 0x0085d9, 0x0085da, 0x0085db, 0x0085dc,
    0x0085dd, 0x00c4d8, 0x0085de, 0x00dfca, 0x0085df, 0x00dfcf, 0x0085e0, 0x00d6dc, 0x0085e1,
    0x0085e2, 0x0085e3, 0x0085e4, 0x0085e5, 0x0085e6, 0x0085e7, 0x0085e8, 0x00dfc9, 0x00dfda,
    0x00ceb6, 0x0085e9, 0x00bac7, 0x00dfce, 0x00dfc8, 0x00c5de, 0x0085ea, 0x0085eb, 0x00c9eb,
    0x00baf4, 0x00c3fc, 0x0085ec, 0x0085ed, 0x00bed7, 0x0085ee, 0x00dfc6, 0x0085ef, 0x00dfcd,
    0x0085f0, 0x00c5d8, 0x0085f1, 0x0085f2, 0x0085f3, 0x0085f4, 0x00d5a6, 0x00bacd, 0x0085f5,
    0x00becc, 0x00d3bd, 0x00b8c0, 0x0085f6, 0x00d6e4, 0x0085f7, 0x00dfc7, 0x00b9be, 0x00bfa7,
    0x0085f8, 0x0085f9, 0x00c1fc, 0x00dfcb, 0x00dfcc, 0x0085fa, 0x00dfd0, 0x0085fb, 0x0085fc,
    0x0085fd, 0x0085fe, 0x008640, 0x00dfdb, 0x00dfe5, 0x008641, 0x00dfd7, 0x00dfd6, 0x00d7c9,
    0x00dfe3, 0x00dfe4, 0x00e5eb, 0x00d2a7, 0x00dfd2, 0x008642, 0x00bfa9, 0x008643, 0x00d4db,
    0x008644, 0x00bfc8, 0x00dfd4, 0x008645, 0x008646, 0x008647, 0x00cfcc, 0x008648, 0x008649,
    0x00dfdd, 0x00864a, 0x00d1ca, 0x00864b, 0x00dfde, 0x00b0a7, 0x00c6b7, 0x00dfd3, 0x00864c,
    0x00bae5, 0x00864d, 0x00b6df, 0x00cddb, 0x00b9fe, 0x00d4d5, 0x00864e, 0x00864f, 0x00dfdf,
    0x00cfec, 0x00b0a5, 0x00dfe7, 0x00dfd1, 0x00d1c6, 0x00dfd5, 0x00dfd8, 0x00dfd9, 0x00dfdc,
    0x008650, 0x00bba9, 0x008651, 0x00dfe0, 0x00dfe1, 0x008652, 0x00dfe2, 0x00dfe6, 0x00dfe8,
    0x00d3b4, 0x008653, 0x008654, 0x008655, 0x008656, 0x008657, 0x00b8e7, 0x00c5b6, 0x00dfea,
    0x00c9da, 0x00c1a8, 0x00c4c4, 0x008658, 0x008659, 0x00bfde, 0x00cff8, 0x00865a, 0x00865b,
    0x00865c, 0x00d5dc, 0x00dfee, 0x00865d, 0x00865e, 0x00865f, 0x008660, 0x008661, 0x008662,
    0x00b2b8, 0x008663, 0x00badf, 0x00dfec, 0x008664, 0x00dbc1, 0x008665, 0x00d1e4, 0x008666,
    0x008667, 0x008668, 0x008669, 0x00cbf4, 0x00b4bd, 0x00866a, 0x00b0a6, 0x00866b, 0x00866c,
    0x00866d, 0x00866e, 0x00866f, 0x00dff1, 0x00ccc6, 0x00dff2, 0x008670, 0x008671, 0x00dfed,
    0x008672, 0x008673, 0x008674, 0x008675, 0x008676, 0x008677, 0x00dfe9, 0x008678, 0x008679,
    0x00867a, 0x00867b, 0x00dfeb, 0x00867c, 0x00dfef, 0x00dff0, 0x00bbbd, 0x00867d, 0x00867e,
    0x00dff3, 0x008680, 0x008681, 0x00dff4, 0x008682, 0x00bba3, 0x008683, 0x00cadb, 0x00cea8,
    0x00e0a7, 0x00b3aa, 0x008684, 0x00e0a6, 0x008685, 0x008686, 0x008687, 0x00e0a1, 0x008688,
    0x008689, 0x00868a, 0x00868b, 0x00dffe, 0x00868c, 0x00cdd9, 0x00dffc, 0x00868d, 0x00dffa,
    0x00868e, 0x00bfd0, 0x00d7c4, 0x00868f, 0x00c9cc, 0x008690, 0x008691, 0x00dff8, 0x00b0a1,
    0x008692, 0x008693, 0x008694, 0x008695, 0x008696, 0x00dffd, 0x008697, 0x008698, 0x008699,
    0x00869a, 0x00dffb, 0x00e0a2, 0x00869b, 0x00869c, 0x00869d, 0x00869e, 0x00869f, 0x00e0a8,
    0x0086a0, 0x0086a1, 0x0086a2, 0x0086a3, 0x00b7c8, 0x0086a4, 0x0086a5, 0x00c6a1, 0x00c9b6,
    0x00c0b2, 0x00dff5, 0x0086a6, 0x0086a7, 0x00c5be, 0x0086a8, 0x00d8c4, 0x00dff9, 0x00c4f6,
    0x0086a9, 0x0086aa, 0x0086ab, 0x0086ac, 0x0086ad, 0x0086ae, 0x00e0a3, 0x00e0a4, 0x00e0a5,
    0x00d0a5, 0x0086af, 0x0086b0, 0x00e0b4, 0x00cce4, 0x0086b1, 0x00e0b1, 0x0086b2, 0x00bfa6,
    0x00e0af, 0x00ceb9, 0x00e0ab, 0x00c9c6, 0x0086b3, 0x0086b4, 0x00c0ae, 0x00e0ae, 0x00baed,
    0x00bab0, 0x00e0a9, 0x0086b5, 0x0086b6, 0x0086b7, 0x00dff6, 0x0086b8, 0x00e0b3, 0x0086b9,
    0x0086ba, 0x00e0b8, 0x0086bb, 0x0086bc, 0x0086bd, 0x00b4ad, 0x00e0b9, 0x0086be, 0x0086bf,
    0x00cfb2, 0x00bac8, 0x0086c0, 0x00e0b0, 0x0086c1, 0x0086c2, 0x0086c3, 0x0086c4, 0x0086c5,
    0x0086c6, 0x0086c7, 0x00d0fa, 0x0086c8, 0x0086c9, 0x0086ca, 0x0086cb, 0x0086cc, 0x0086cd,
    0x0086ce, 0x0086cf, 0x0086d0, 0x00e0ac, 0x0086d1, 0x00d4fb, 0x0086d2, 0x00dff7, 0x0086d3,
    0x00c5e7, 0x0086d4, 0x00e0ad, 0x0086d5, 0x00d3f7, 0x0086d6, 0x00e0b6, 0x00e0b7, 0x0086d7,
    0x0086d8, 0x0086d9, 0x0086da, 0x0086db, 0x00e0c4, 0x00d0e1, 0x0086dc, 0x0086dd, 0x0086de,
    0x00e0bc, 0x0086df, 0x0086e0, 0x00e0c9, 0x00e0ca, 0x0086e1, 0x0086e2, 0x0086e3, 0x00e0be,
    0x00e0aa, 0x00c9a4, 0x00e0c1, 0x0086e4, 0x00e0b2, 0x0086e5, 0x0086e6, 0x0086e7, 0x0086e8,
    0x0086e9, 0x00cac8, 0x00e0c3, 0x0086ea, 0x00e0b5, 0x0086eb, 0x00cecb, 0x0086ec, 0x00cbc3,
    0x00e0cd, 0x00e0c6, 0x00e0c2, 0x0086ed, 0x00e0cb, 0x0086ee, 0x00e0ba, 0x00e0bf, 0x00e0c0,
    0x0086ef, 0x0086f0, 0x00e0c5, 0x0086f1, 0x0086f2, 0x00e0c7, 0x00e0c8, 0x0086f3, 0x00e0cc,
    0x0086f4, 0x00e0bb, 0x0086f5, 0x0086f6, 0x0086f7, 0x0086f8, 0x0086f9, 0x00cbd4, 0x00e0d5,
    0x0086fa, 0x00e0d6, 0x00e0d2, 0x0086fb, 0x0086fc, 0x0086fd, 0x0086fe, 0x008740, 0x008741,
    0x00e0d0, 0x00bcce, 0x008742, 0x008743, 0x00e0d1, 0x008744, 0x00b8c2, 0x00d8c5, 0x008745,
    0x008746, 0x008747, 0x008748, 0x008749, 0x00874a, 0x00874b, 0x00874c, 0x00d0ea, 0x00874d,
    0x00874e, 0x00c2ef, 0x00874f, 0x008750, 0x00e0cf, 0x00e0bd, 0x008751, 0x008752, 0x008753,
    0x00e0d4, 0x00e0d3, 0x008754, 0x008755, 0x00e0d7, 0x008756, 0x008757, 0x008758, 0x008759,
    0x00e0dc, 0x00e0d8, 0x00875a, 0x00875b, 0x00875c, 0x00d6f6, 0x00b3b0, 0x00875d, 0x00d7ec,
    0x00875e, 0x00cbbb, 0x00875f, 0x008760, 0x00e0da, 0x008761, 0x00cefb, 0x008762, 0x008763,
    0x008764, 0x00bad9, 0x008765, 0x008766, 0x008767, 0x008768, 0x008769, 0x00876a, 0x00876b,
    0x00876c, 0x00876d, 0x00876e, 0x00876f, 0x008770, 0x00e0e1, 0x00e0dd, 0x00d2ad, 0x008771,
    0x008772, 0x008773, 0x008774, 0x008775, 0x00e0e2, 0x008776, 0x008777, 0x00e0db, 0x00e0d9,
    0x00e0df, 0x008778, 0x008779, 0x00e0e0, 0x00877a, 0x00877b, 0x00877c, 0x00877d, 0x00877e,
    0x00e0de, 0x008780, 0x00e0e4, 0x008781, 0x008782, 0x008783, 0x00c6f7, 0x00d8ac, 0x00d4eb,
    0x00e0e6, 0x00cac9, 0x008784, 0x008785, 0x008786, 0x008787, 0x00e0e5, 0x008788, 0x008789,
    0x00878a, 0x00878b, 0x00b8c1, 0x00878c, 0x00878d, 0x00878e, 0x00878f, 0x00e0e7, 0x00e0e8,
    0x008790, 0x008791, 0x008792, 0x008793, 0x008794, 0x008795, 0x008796, 0x008797, 0x00e0e9,
    0x00e0e3, 0x008798, 0x008799, 0x00879a, 0x00879b, 0x00879c, 0x00879d, 0x00879e, 0x00babf,
    0x00cce7, 0x00879f, 0x0087a0, 0x0087a1, 0x00e0ea, 0x0087a2, 0x0087a3, 0x0087a4, 0x0087a5,
    0x0087a6, 0x0087a7, 0x0087a8, 0x0087a9, 0x0087aa, 0x0087ab, 0x0087ac, 0x0087ad, 0x0087ae,
    0x0087af, 0x0087b0, 0x00cff9, 0x0087b1, 0x0087b2, 0x0087b3, 0x0087b4, 0x0087b5, 0x0087b6,
    0x0087b7, 0x0087b8, 0x0087b9, 0x0087ba, 0x0087bb, 0x00e0eb, 0x0087bc, 0x0087bd, 0x0087be,
    0x0087bf, 0x0087c0, 0x0087c1, 0x0087c2, 0x00c8c2, 0x0087c3, 0x0087c4, 0x0087c5, 0x0087c6,
    0x00bdc0, 0x0087c7, 0x0087c8, 0x0087c9, 0x0087ca, 0x0087cb, 0x0087cc, 0x0087cd, 0x0087ce,
    0x0087cf, 0x0087d0, 0x0087d1, 0x0087d2, 0x0087d3, 0x00c4d2, 0x0087d4, 0x0087d5, 0x0087d6,
    0x0087d7, 0x0087d8, 0x0087d9, 0x0087da, 0x0087db, 0x0087dc, 0x00e0ec, 0x0087dd, 0x0087de,
    0x00e0ed, 0x0087df, 0x0087e0, 0x00c7f4, 0x00cbc4, 0x0087e1, 0x00e0ee, 0x00bbd8, 0x00d8b6,
    0x00d2f2, 0x00e0ef, 0x00cdc5, 0x0087e2, 0x00b6da, 0x0087e3, 0x0087e4, 0x0087e5, 0x0087e6,
    0x0087e7, 0x0087e8, 0x00e0f1, 0x0087e9, 0x00d4b0, 0x0087ea, 0x0087eb, 0x00c0a7, 0x00b4d1,
    0x0087ec, 0x0087ed, 0x00cea7, 0x00e0f0, 0x0087ee, 0x0087ef, 0x0087f0, 0x00e0f2, 0x00b9cc,
    0x0087f1, 0x0087f2, 0x00b9fa, 0x00cdbc, 0x00e0f3, 0x0087f3, 0x0087f4, 0x0087f5, 0x00c6d4,
    0x00e0f4, 0x0087f6, 0x00d4b2, 0x0087f7, 0x00c8a6, 0x00e0f6, 0x00e0f5, 0x0087f8, 0x0087f9,
    0x0087fa, 0x0087fb, 0x0087fc, 0x0087fd, 0x0087fe, 0x008840, 0x008841, 0x008842, 0x008843,
    0x008844, 0x008845, 0x008846, 0x008847, 0x008848, 0x008849, 0x00e0f7, 0x00884a, 0x00884b,
    0x00cdc1, 0x00884c, 0x00884d, 0x00884e, 0x00caa5, 0x00884f, 0x008850, 0x008851, 0x008852,
    0x00d4da, 0x00dbd7, 0x00dbd9, 0x008853, 0x00dbd8, 0x00b9e7, 0x00dbdc, 0x00dbdd, 0x00b5d8,
    0x008854, 0x008855, 0x00dbda, 0x008856, 0x008857, 0x008858, 0x008859, 0x00885a, 0x00dbdb,
    0x00b3a1, 0x00dbdf, 0x00885b, 0x00885c, 0x00bbf8, 0x00885d, 0x00d6b7, 0x00885e, 0x00dbe0,
    0x00885f, 0x008860, 0x008861, 0x008862, 0x00bef9, 0x008863, 0x008864, 0x00b7bb, 0x008865,
    0x00dbd0, 0x00ccae, 0x00bfb2, 0x00bbb5, 0x00d7f8, 0x00bfd3, 0x008866, 0x008867, 0x008868,
    0x008869, 0x00886a, 0x00bfe9, 0x00886b, 0x00886c, 0x00bce1, 0x00ccb3, 0x00dbde, 0x00b0d3,
    0x00ceeb, 0x00b7d8, 0x00d7b9, 0x00c6c2, 0x00886d, 0x00886e, 0x00c0a4, 0x00886f, 0x00ccb9,
    0x008870, 0x00dbe7, 0x00dbe1, 0x00c6ba, 0x00dbe3, 0x008871, 0x00dbe8, 0x008872, 0x00c5f7,
    0x008873, 0x008874, 0x008875, 0x00dbea, 0x008876, 0x008877, 0x00dbe9, 0x00bfc0, 0x008878,
    0x008879, 0x00887a, 0x00dbe6, 0x00dbe5, 0x00887b, 0x00887c, 0x00887d, 0x00887e, 0x008880,
    0x00b4b9, 0x00c0ac, 0x00c2a2, 0x00dbe2, 0x00dbe4, 0x008881, 0x008882, 0x008883, 0x008884,
    0x00d0cd, 0x00dbed, 0x008885, 0x008886, 0x008887, 0x008888, 0x008889, 0x00c0dd, 0x00dbf2,
    0x00888a, 0x00888b, 0x00888c, 0x00888d, 0x00888e, 0x00888f, 0x008890, 0x00b6e2, 0x008891,
    0x008892, 0x008893, 0x008894, 0x00dbf3, 0x00dbd2, 0x00b9b8, 0x00d4ab, 0x00dbec, 0x008895,
    0x00bfd1, 0x00dbf0, 0x008896, 0x00dbd1, 0x008897, 0x00b5e6, 0x008898, 0x00dbeb, 0x00bfe5,
    0x008899, 0x00889a, 0x00889b, 0x00dbee, 0x00889c, 0x00dbf1, 0x00889d, 0x00889e, 0x00889f,
    0x00dbf9, 0x0088a0, 0x0088a1, 0x0088a2, 0x0088a3, 0x0088a4, 0x0088a5, 0x0088a6, 0x0088a7,
    0x0088a8, 0x00b9a1, 0x00b0a3, 0x0088a9, 0x0088aa, 0x0088ab, 0x0088ac, 0x0088ad, 0x0088ae,
    0x0088af, 0x00c2f1, 0x0088b0, 0x0088b1, 0x00b3c7, 0x00dbef, 0x0088b2, 0x0088b3, 0x00dbf8,
    0x0088b4, 0x00c6d2, 0x00dbf4, 0x0088b5, 0x0088b6, 0x00dbf5, 0x00dbf7, 0x00dbf6, 0x0088b7,
    0x0088b8, 0x00dbfe, 0x0088b9, 0x00d3f2, 0x00b2ba, 0x0088ba, 0x0088bb, 0x0088bc, 0x00dbfd,
    0x0088bd, 0x0088be, 0x0088bf, 0x0088c0, 0x0088c1, 0x0088c2, 0x0088c3, 0x0088c4, 0x00dca4,
    0x0088c5, 0x00dbfb, 0x0088c6, 0x0088c7, 0x0088c8, 0x0088c9, 0x00dbfa, 0x0088ca, 0x0088cb,
    0x0088cc, 0x00dbfc, 0x00c5e0, 0x00bbf9, 0x0088cd, 0x0088ce, 0x00dca3, 0x0088cf, 0x0088d0,
    0x00dca5, 0x0088d1, 0x00ccc3, 0x0088d2, 0x0088d3, 0x0088d4, 0x00b6d1, 0x00ddc0, 0x0088d5,
    0x0088d6, 0x0088d7, 0x00dca1, 0x0088d8, 0x00dca2, 0x0088d9, 0x0088da, 0x0088db, 0x00c7b5,
    0x0088dc, 0x0088dd, 0x0088de, 0x00b6e9, 0x0088df, 0x0088e0, 0x0088e1, 0x00dca7, 0x0088e2,
    0x0088e3, 0x0088e4, 0x0088e5, 0x00dca6, 0x0088e6, 0x00dca9, 0x00b1a4, 0x0088e7, 0x0088e8,
    0x00b5cc, 0x0088e9, 0x0088ea, 0x0088eb, 0x0088ec, 0x0088ed, 0x00bfb0, 0x0088ee, 0x0088ef,
    0x0088f0, 0x0088f1, 0x0088f2, 0x00d1df, 0x0088f3, 0x0088f4, 0x0088f5, 0x0088f6, 0x00b6c2,
    0x0088f7, 0x0088f8, 0x0088f9, 0x0088fa, 0x0088fb, 0x0088fc, 0x0088fd, 0x0088fe, 0x008940,
    0x008941, 0x008942, 0x008943, 0x008944, 0x008945, 0x00dca8, 0x008946, 0x008947, 0x008948,
    0x008949, 0x00894a, 0x00894b, 0x00894c, 0x00cbfa, 0x00ebf3, 0x00894d, 0x00894e, 0x00894f,
    0x00cbdc, 0x008950, 0x008951, 0x00cbfe, 0x008952, 0x008953, 0x008954, 0x00ccc1, 0x008955,
    0x008956, 0x008957, 0x008958, 0x008959, 0x00c8fb, 0x00895a, 0x00895b, 0x00895c, 0x00895d,
    0x00895e, 0x00895f, 0x00dcaa, 0x008960, 0x008961, 0x008962, 0x008963, 0x008964, 0x00ccee,
    0x00dcab, 0x008965, 0x008966, 0x008967, 0x008968, 0x008969, 0x00896a, 0x00896b, 0x00896c,
    0x00896d, 0x00896e, 0x00896f, 0x008970, 0x008971, 0x008972, 0x008973, 0x008974, 0x008975,
    0x00dbd3, 0x008976, 0x00dcaf, 0x00dcac, 0x008977, 0x00beb3, 0x008978, 0x00cafb, 0x008979,
    0x00897a, 0x00897b, 0x00dcad, 0x00897c, 0x00897d, 0x00897e, 0x008980, 0x008981, 0x008982,
    0x008983, 0x008984, 0x00c9ca, 0x00c4b9, 0x008985, 0x008986, 0x008987, 0x008988, 0x008989,
    0x00c7bd, 0x00dcae, 0x00898a, 0x00898b, 0x00898c, 0x00d4f6, 0x00d0e6, 0x00898d, 0x00898e,
    0x00898f, 0x008990, 0x008991, 0x008992, 0x008993, 0x008994, 0x00c4ab, 0x00b6d5, 0x008995,
    0x008996, 0x008997, 0x008998, 0x008999, 0x00899a, 0x00899b, 0x00899c, 0x00899d, 0x00899e,
    0x00899f, 0x0089a0, 0x0089a1, 0x0089a2, 0x0089a3, 0x0089a4, 0x0089a5, 0x0089a6, 0x00dbd4,
    0x0089a7, 0x0089a8, 0x0089a9, 0x0089aa, 0x00b1da, 0x0089ab, 0x0089ac, 0x0089ad, 0x00dbd5,
    0x0089ae, 0x0089af, 0x0089b0, 0x0089b1, 0x0089b2, 0x0089b3, 0x0089b4, 0x0089b5, 0x0089b6,
    0x0089b7, 0x0089b8, 0x00dbd6, 0x0089b9, 0x0089ba, 0x0089bb, 0x00babe, 0x0089bc, 0x0089bd,
    0x0089be, 0x0089bf, 0x0089c0, 0x0089c1, 0x0089c2, 0x0089c3, 0x0089c4, 0x0089c5, 0x0089c6,
    0x0089c7, 0x0089c8, 0x0089c9, 0x00c8c0, 0x0089ca, 0x0089cb, 0x0089cc, 0x0089cd, 0x0089ce,
    0x0089cf, 0x00cabf, 0x00c8c9, 0x0089d0, 0x00d7b3, 0x0089d1, 0x00c9f9, 0x0089d2, 0x0089d3,
    0x00bfc7, 0x0089d4, 0x0089d5, 0x00baf8, 0x0089d6, 0x0089d7, 0x00d2bc, 0x0089d8, 0x0089d9,
    0x0089da, 0x0089db, 0x0089dc, 0x0089dd, 0x0089de, 0x0089df, 0x00e2ba, 0x0089e0, 0x00b4a6,
    0x0089e1, 0x0089e2, 0x00b1b8, 0x0089e3, 0x0089e4, 0x0089e5, 0x0089e6, 0x0089e7, 0x00b8b4,
    0x0089e8, 0x00cfc4, 0x0089e9, 0x0089ea, 0x0089eb, 0x0089ec, 0x00d9e7, 0x00cfa6, 0x00cde2,
    0x0089ed, 0x0089ee, 0x00d9ed, 0x00b6e0, 0x0089ef, 0x00d2b9, 0x0089f0, 0x0089f1, 0x00b9bb,
    0x0089f2, 0x0089f3, 0x0089f4, 0x0089f5, 0x00e2b9, 0x00e2b7, 0x0089f6, 0x00b4f3, 0x0089f7,
    0x00ccec, 0x00ccab, 0x00b7f2, 0x0089f8, 0x00d8b2, 0x00d1eb, 0x00babb, 0x0089f9, 0x00caa7,
    0x0089fa, 0x0089fb, 0x00cdb7, 0x0089fc, 0x0089fd, 0x00d2c4, 0x00bfe4, 0x00bcd0, 0x00b6e1,
    0x0089fe, 0x00dec5, 0x008a40, 0x008a41, 0x008a42, 0x008a43, 0x00dec6, 0x00dbbc, 0x008a44,
    0x00d1d9, 0x008a45, 0x008a46, 0x00c6e6, 0x00c4ce, 0x00b7ee, 0x008a47, 0x00b7dc, 0x008a48,
    0x008a49, 0x00bffc, 0x00d7e0, 0x008a4a, 0x00c6f5, 0x008a4b, 0x008a4c, 0x00b1bc, 0x00dec8,
    0x00bdb1, 0x00ccd7, 0x00deca, 0x008a4d, 0x00dec9, 0x008a4e, 0x008a4f, 0x008a50, 0x008a51,
    0x008a52, 0x00b5ec, 0x008a53, 0x00c9dd, 0x008a54, 0x008a55, 0x00b0c2, 0x008a56, 0x008a57,
    0x008a58, 0x008a59, 0x008a5a, 0x008a5b, 0x008a5c, 0x008a5d, 0x008a5e, 0x008a5f, 0x008a60,
    0x008a61, 0x008a62, 0x00c5ae, 0x00c5ab, 0x008a63, 0x00c4cc, 0x008a64, 0x00bce9, 0x00cbfd,
    0x008a65, 0x008a66, 0x008a67, 0x00bac3, 0x008a68, 0x008a69, 0x008a6a, 0x00e5f9, 0x00c8e7,
    0x00e5fa, 0x00cdfd, 0x008a6b, 0x00d7b1, 0x00b8be, 0x00c2e8, 0x008a6c, 0x00c8d1, 0x008a6d,
    0x008a6e, 0x00e5fb, 0x008a6f, 0x008a70, 0x008a71, 0x008a72, 0x00b6ca, 0x00bccb, 0x008a73,
    0x008a74, 0x00d1fd, 0x00e6a1, 0x008a75, 0x00c3ee, 0x008a76, 0x008a77, 0x008a78, 0x008a79,
    0x00e6a4, 0x008a7a, 0x008a7b, 0x008a7c, 0x008a7d, 0x00e5fe, 0x00e6a5, 0x00cdd7, 0x008a7e,
    0x008a80, 0x00b7c1, 0x00e5fc, 0x00e5fd, 0x00e6a3, 0x008a81, 0x008a82, 0x00c4dd, 0x00e6a8,
    0x008a83, 0x008a84, 0x00e6a7, 0x008a85, 0x008a86, 0x008a87, 0x008a88, 0x008a89, 0x008a8a,
    0x00c3c3, 0x008a8b, 0x00c6de, 0x008a8c, 0x008a8d, 0x00e6aa, 0x008a8e, 0x008a8f, 0x008a90,
    0x008a91, 0x008a92, 0x008a93, 0x008a94, 0x00c4b7, 0x008a95, 0x008a96, 0x008a97, 0x00e6a2,
    0x00cabc, 0x008a98, 0x008a99, 0x008a9a, 0x008a9b, 0x00bde3, 0x00b9c3, 0x00e6a6, 0x00d0d5,
    0x00ceaf, 0x008a9c, 0x008a9d, 0x00e6a9, 0x00e6b0, 0x008a9e, 0x00d2a6, 0x008a9f, 0x00bdaa,
    0x00e6ad, 0x008aa0, 0x008aa1, 0x008aa2, 0x008aa3, 0x008aa4, 0x00e6af, 0x008aa5, 0x00c0d1,
    0x008aa6, 0x008aa7, 0x00d2cc, 0x008aa8, 0x008aa9, 0x008aaa, 0x00bca7, 0x008aab, 0x008aac,
    0x008aad, 0x008aae, 0x008aaf, 0x008ab0, 0x008ab1, 0x008ab2, 0x008ab3, 0x008ab4, 0x008ab5,
    0x008ab6, 0x00e6b1, 0x008ab7, 0x00d2f6, 0x008ab8, 0x008ab9, 0x008aba, 0x00d7cb, 0x008abb,
    0x00cdfe, 0x008abc, 0x00cdde, 0x00c2a6, 0x00e6ab, 0x00e6ac, 0x00bdbf, 0x00e6ae, 0x00e6b3,
    0x008abd, 0x008abe, 0x00e6b2, 0x008abf, 0x008ac0, 0x008ac1, 0x008ac2, 0x00e6b6, 0x008ac3,
    0x00e6b8, 0x008ac4, 0x008ac5, 0x008ac6, 0x008ac7, 0x00c4ef, 0x008ac8, 0x008ac9, 0x008aca,
    0x00c4c8, 0x008acb, 0x008acc, 0x00beea, 0x00c9ef, 0x008acd, 0x008ace, 0x00e6b7, 0x008acf,
    0x00b6f0, 0x008ad0, 0x008ad1, 0x008ad2, 0x00c3e4, 0x008ad3, 0x008ad4, 0x008ad5, 0x008ad6,
    0x008ad7, 0x008ad8, 0x008ad9, 0x00d3e9, 0x00e6b4, 0x008ada, 0x00e6b5, 0x008adb, 0x00c8a2,
    0x008adc, 0x008add, 0x008ade, 0x008adf, 0x008ae0, 0x00e6bd, 0x008ae1, 0x008ae2, 0x008ae3,
    0x00e6b9, 0x008ae4, 0x008ae5, 0x008ae6, 0x008ae7, 0x008ae8, 0x00c6c5, 0x008ae9, 0x008aea,
    0x00cdf1, 0x00e6bb, 0x008aeb, 0x008aec, 0x008aed, 0x008aee, 0x008aef, 0x008af0, 0x008af1,
    0x008af2, 0x008af3, 0x008af4, 0x00e6bc, 0x008af5, 0x008af6, 0x008af7, 0x008af8, 0x00bbe9,
    0x008af9, 0x008afa, 0x008afb, 0x008afc, 0x008afd, 0x008afe, 0x008b40, 0x00e6be, 0x008b41,
    0x008b42, 0x008b43, 0x008b44, 0x00e6ba, 0x008b45, 0x008b46, 0x00c0b7, 0x008b47, 0x008b48,
    0x008b49, 0x008b4a, 0x008b4b, 0x008b4c, 0x008b4d, 0x008b4e, 0x008b4f, 0x00d3a4, 0x00e6bf,
    0x00c9f4, 0x00e6c3, 0x008b50, 0x008b51, 0x00e6c4, 0x008b52, 0x008b53, 0x008b54, 0x008b55,
    0x00d0f6, 0x008b56, 0x008b57, 0x008b58, 0x008b59, 0x008b5a, 0x008b5b, 0x008b5c, 0x008b5d,
    0x008b5e, 0x008b5f, 0x008b60, 0x008b61, 0x008b62, 0x008b63, 0x008b64, 0x008b65, 0x008b66,
    0x008b67, 0x00c3bd, 0x008b68, 0x008b69, 0x008b6a, 0x008b6b, 0x008b6c, 0x008b6d, 0x008b6e,
    0x00c3c4, 0x00e6c2, 0x008b6f, 0x008b70, 0x008b71, 0x008b72, 0x008b73, 0x008b74, 0x008b75,
    0x008b76, 0x008b77, 0x008b78, 0x008b79, 0x008b7a, 0x008b7b, 0x008b7c, 0x00e6c1, 0x008b7d,
    0x008b7e, 0x008b80, 0x008b81, 0x008b82, 0x008b83, 0x008b84, 0x00e6c7, 0x00cfb1, 0x008b85,
    0x00ebf4, 0x008b86, 0x008b87, 0x00e6ca, 0x008b88, 0x008b89, 0x008b8a, 0x008b8b, 0x008b8c,
    0x00e6c5, 0x008b8d, 0x008b8e, 0x00bcde, 0x00c9a9, 0x008b8f, 0x008b90, 0x008b91, 0x008b92,
    0x008b93, 0x008b94, 0x00bcb5, 0x008b95, 0x008b96, 0x00cfd3, 0x008b97, 0x008b98, 0x008b99,
    0x008b9a, 0x008b9b, 0x00e6c8, 0x008b9c, 0x00e6c9, 0x008b9d, 0x00e6ce, 0x008b9e, 0x00e6d0,
    0x008b9f, 0x008ba0, 0x008ba1, 0x00e6d1, 0x008ba2, 0x008ba3, 0x008ba4, 0x00e6cb, 0x00b5d5,
    0x008ba5, 0x00e6cc, 0x008ba6, 0x008ba7, 0x00e6cf, 0x008ba8, 0x008ba9, 0x00c4db, 0x008baa,
    0x00e6c6, 0x008bab, 0x008bac, 0x008bad, 0x008bae, 0x008baf, 0x00e6cd, 0x008bb0, 0x008bb1,
    0x008bb2, 0x008bb3, 0x008bb4, 0x008bb5, 0x008bb6, 0x008bb7, 0x008bb8, 0x008bb9, 0x008bba,
    0x008bbb, 0x008bbc, 0x008bbd, 0x008bbe, 0x008bbf, 0x008bc0, 0x008bc1, 0x008bc2, 0x008bc3,
    0x008bc4, 0x008bc5, 0x008bc6, 0x00e6d2, 0x008bc7, 0x008bc8, 0x008bc9, 0x008bca, 0x008bcb,
    0x008bcc, 0x008bcd, 0x008bce, 0x008bcf, 0x008bd0, 0x008bd1, 0x008bd2, 0x00e6d4, 0x00e6d3,
    0x008bd3, 0x008bd4, 0x008bd5, 0x008bd6, 0x008bd7, 0x008bd8, 0x008bd9, 0x008bda, 0x008bdb,
    0x008bdc, 0x008bdd, 0x008bde, 0x008bdf, 0x008be0, 0x008be1, 0x008be2, 0x008be3, 0x008be4,
    0x008be5, 0x008be6, 0x008be7, 0x008be8, 0x008be9, 0x008bea, 0x008beb, 0x008bec, 0x00e6d5,
    0x008bed, 0x00d9f8, 0x008bee, 0x008bef, 0x00e6d6, 0x008bf0, 0x008bf1, 0x008bf2, 0x008bf3,
    0x008bf4, 0x008bf5, 0x008bf6, 0x008bf7, 0x00e6d7, 0x008bf8, 0x008bf9, 0x008bfa, 0x008bfb,
    0x008bfc, 0x008bfd, 0x008bfe, 0x008c40, 0x008c41, 0x008c42, 0x008c43, 0x008c44, 0x008c45,
    0x008c46, 0x008c47, 0x00d7d3, 0x00e6dd, 0x008c48, 0x00e6de, 0x00bfd7, 0x00d4d0, 0x008c49,
    0x00d7d6, 0x00b4e6, 0x00cbef, 0x00e6da, 0x00d8c3, 0x00d7ce, 0x00d0a2, 0x008c4a, 0x00c3cf,
    0x008c4b, 0x008c4c, 0x00e6df, 0x00bcbe, 0x00b9c2, 0x00e6db, 0x00d1a7, 0x008c4d, 0x008c4e,
    0x00baa2, 0x00c2cf, 0x008c4f, 0x00d8ab, 0x008c50, 0x008c51, 0x008c52, 0x00caeb, 0x00e5ee,
    0x008c53, 0x00e6dc, 0x008c54, 0x00b7f5, 0x008c55, 0x008c56, 0x008c57, 0x008c58, 0x00c8e6,
    0x008c59, 0x008c5a, 0x00c4f5, 0x008c5b, 0x008c5c, 0x00e5b2, 0x00c4fe, 0x008c5d, 0x00cbfc,
    0x00e5b3, 0x00d5ac, 0x008c5e, 0x00d3ee, 0x00cad8, 0x00b0b2, 0x008c5f, 0x00cbce, 0x00cdea,
    0x008c60, 0x008c61, 0x00baea, 0x008c62, 0x008c63, 0x008c64, 0x00e5b5, 0x008c65, 0x00e5b4,
    0x008c66, 0x00d7da, 0x00b9d9, 0x00d6e6, 0x00b6a8, 0x00cdf0, 0x00d2cb, 0x00b1a6, 0x00cab5,
    0x008c67, 0x00b3e8, 0x00c9f3, 0x00bfcd, 0x00d0fb, 0x00cad2, 0x00e5b6, 0x00bbc2, 0x008c68,
    0x008c69, 0x008c6a, 0x00cfdc, 0x00b9ac, 0x008c6b, 0x008c6c, 0x008c6d, 0x008c6e, 0x00d4d7,
    0x008c6f, 0x008c70, 0x00baa6, 0x00d1e7, 0x00cffc, 0x00bcd2, 0x008c71, 0x00e5b7, 0x00c8dd,
    0x008c72, 0x008c73, 0x008c74, 0x00bfed, 0x00b1f6, 0x00cbde, 0x008c75, 0x008c76, 0x00bcc5,
    0x008c77, 0x00bcc4, 0x00d2fa, 0x00c3dc, 0x00bfdc, 0x008c78, 0x008c79, 0x008c7a, 0x008c7b,
    0x00b8bb, 0x008c7c, 0x008c7d, 0x008c7e, 0x00c3c2, 0x008c80, 0x00baae, 0x00d4a2, 0x008c81,
    0x008c82, 0x008c83, 0x008c84, 0x008c85, 0x008c86, 0x008c87, 0x008c88, 0x008c89, 0x00c7de,
    0x00c4af, 0x00b2ec, 0x008c8a, 0x00b9d1, 0x008c8b, 0x008c8c, 0x00e5bb, 0x00c1c8, 0x008c8d,
    0x008c8e, 0x00d5af, 0x008c8f, 0x008c90, 0x008c91, 0x008c92, 0x008c93, 0x00e5bc, 0x008c94,
    0x00e5be, 0x008c95, 0x008c96, 0x008c97, 0x008c98, 0x008c99, 0x008c9a, 0x008c9b, 0x00b4e7,
    0x00b6d4, 0x00cbc2, 0x00d1b0, 0x00b5bc, 0x008c9c, 0x008c9d, 0x00cad9, 0x008c9e, 0x00b7e2,
    0x008c9f, 0x008ca0, 0x00c9e4, 0x008ca1, 0x00bdab, 0x008ca2, 0x008ca3, 0x00cebe, 0x00d7f0,
    0x008ca4, 0x008ca5, 0x008ca6, 0x008ca7, 0x00d0a1, 0x008ca8, 0x00c9d9, 0x008ca9, 0x008caa,
    0x00b6fb, 0x00e6d8, 0x00bce2, 0x008cab, 0x00b3be, 0x008cac, 0x00c9d0, 0x008cad, 0x00e6d9,
    0x00b3a2, 0x008cae, 0x008caf, 0x008cb0, 0x008cb1, 0x00decc, 0x008cb2, 0x00d3c8, 0x00decd,
    0x008cb3, 0x00d2a2, 0x008cb4, 0x008cb5, 0x008cb6, 0x008cb7, 0x00dece, 0x008cb8, 0x008cb9,
    0x008cba, 0x008cbb, 0x00becd, 0x008cbc, 0x008cbd, 0x00decf, 0x008cbe, 0x008cbf, 0x008cc0,
    0x00caac, 0x00d2fc, 0x00b3df, 0x00e5ea, 0x00c4e1, 0x00bea1, 0x00ceb2, 0x00c4f2, 0x00bed6,
    0x00c6a8, 0x00b2e3, 0x008cc1, 0x008cc2, 0x00bed3, 0x008cc3, 0x008cc4, 0x00c7fc, 0x00cceb,
    0x00bdec, 0x00cedd, 0x008cc5, 0x008cc6, 0x00caba, 0x00c6c1, 0x00e5ec, 0x00d0bc, 0x008cc7,
    0x008cc8, 0x008cc9, 0x00d5b9, 0x008cca, 0x008ccb, 0x008ccc, 0x00e5ed, 0x008ccd, 0x008cce,
    0x008ccf, 0x008cd0, 0x00caf4, 0x008cd1, 0x00cdc0, 0x00c2c5, 0x008cd2, 0x00e5ef, 0x008cd3,
    0x00c2c4, 0x00e5f0, 0x008cd4, 0x008cd5, 0x008cd6, 0x008cd7, 0x008cd8, 0x008cd9, 0x008cda,
    0x00e5f8, 0x00cdcd, 0x008cdb, 0x00c9bd, 0x008cdc, 0x008cdd, 0x008cde, 0x008cdf, 0x008ce0,
    0x008ce1, 0x008ce2, 0x00d2d9, 0x00e1a8, 0x008ce3, 0x008ce4, 0x008ce5, 0x008ce6, 0x00d3ec,
    0x008ce7, 0x00cbea, 0x00c6f1, 0x008ce8, 0x008ce9, 0x008cea, 0x008ceb, 0x008cec, 0x00e1ac,
    0x008ced, 0x008cee, 0x008cef, 0x00e1a7, 0x00e1a9, 0x008cf0, 0x008cf1, 0x00e1aa, 0x00e1af,
    0x008cf2, 0x008cf3, 0x00b2ed, 0x008cf4, 0x00e1ab, 0x00b8da, 0x00e1ad, 0x00e1ae, 0x00e1b0,
    0x00b5ba, 0x00e1b1, 0x008cf5, 0x008cf6, 0x008cf7, 0x008cf8, 0x008cf9, 0x00e1b3, 0x00e1b8,
    0x008cfa, 0x008cfb, 0x008cfc, 0x008cfd, 0x008cfe, 0x00d1d2, 0x008d40, 0x00e1b6, 0x00e1b5,
    0x00c1eb, 0x008d41, 0x008d42, 0x008d43, 0x00e1b7, 0x008d44, 0x00d4c0, 0x008d45, 0x00e1b2,
    0x008d46, 0x00e1ba, 0x00b0b6, 0x008d47, 0x008d48, 0x008d49, 0x008d4a, 0x00e1b4, 0x008d4b,
    0x00bff9, 0x008d4c, 0x00e1b9, 0x008d4d, 0x008d4e, 0x00e1bb, 0x008d4f, 0x008d50, 0x008d51,
    0x008d52, 0x008d53, 0x008d54, 0x00e1be, 0x008d55, 0x008d56, 0x008d57, 0x008d58, 0x008d59,
    0x008d5a, 0x00e1bc, 0x008d5b, 0x008d5c, 0x008d5d, 0x008d5e, 0x008d5f, 0x008d60, 0x00d6c5,
    0x008d61, 0x008d62, 0x008d63, 0x008d64, 0x008d65, 0x008d66, 0x008d67, 0x00cfbf, 0x008d68,
    0x008d69, 0x00e1bd, 0x00e1bf, 0x00c2cd, 0x008d6a, 0x00b6eb, 0x008d6b, 0x00d3f8, 0x008d6c,
    0x008d6d, 0x00c7cd, 0x008d6e, 0x008d6f, 0x00b7e5, 0x008d70, 0x008d71, 0x008d72, 0x008d73,
    0x008d74, 0x008d75, 0x008d76, 0x008d77, 0x008d78, 0x008d79, 0x00befe, 0x008d7a, 0x008d7b,
    0x008d7c, 0x008d7d, 0x008d7e, 0x008d80, 0x00e1c0, 0x00e1c1, 0x008d81, 0x008d82, 0x00e1c7,
    0x00b3e7, 0x008d83, 0x008d84, 0x008d85, 0x008d86, 0x008d87, 0x008d88, 0x00c6e9, 0x008d89,
    0x008d8a, 0x008d8b, 0x008d8c, 0x008d8d, 0x00b4de, 0x008d8e, 0x00d1c2, 0x008d8f, 0x008d90,
    0x008d91, 0x008d92, 0x00e1c8, 0x008d93, 0x008d94, 0x00e1c6, 0x008d95, 0x008d96, 0x008d97,
    0x008d98, 0x008d99, 0x00e1c5, 0x008d9a, 0x00e1c3, 0x00e1c2, 0x008d9b, 0x00b1c0, 0x008d9c,
    0x008d9d, 0x008d9e, 0x00d5b8, 0x00e1c4, 0x008d9f, 0x008da0, 0x008da1, 0x008da2, 0x008da3,
    0x00e1cb, 0x008da4, 0x008da5, 0x008da6, 0x008da7, 0x008da8, 0x008da9, 0x008daa, 0x008dab,
    0x00e1cc, 0x00e1ca, 0x008dac, 0x008dad, 0x008dae, 0x008daf, 0x008db0, 0x008db1, 0x008db2,
    0x008db3, 0x00effa, 0x008db4, 0x008db5, 0x00e1d3, 0x00e1d2, 0x00c7b6, 0x008db6, 0x008db7,
    0x008db8, 0x008db9, 0x008dba, 0x008dbb, 0x008dbc, 0x008dbd, 0x008dbe, 0x008dbf, 0x008dc0,
    0x00e1c9, 0x008dc1, 0x008dc2, 0x00e1ce, 0x008dc3, 0x00e1d0, 0x008dc4, 0x008dc5, 0x008dc6,
    0x008dc7, 0x008dc8, 0x008dc9, 0x008dca, 0x008dcb, 0x008dcc, 0x008dcd, 0x008dce, 0x00e1d4,
    0x008dcf, 0x00e1d1, 0x00e1cd, 0x008dd0, 0x008dd1, 0x00e1cf, 0x008dd2, 0x008dd3, 0x008dd4,
    0x008dd5, 0x00e1d5, 0x008dd6, 0x008dd7, 0x008dd8, 0x008dd9, 0x008dda, 0x008ddb, 0x008ddc,
    0x008ddd, 0x008dde, 0x008ddf, 0x008de0, 0x008de1, 0x008de2, 0x00e1d6, 0x008de3, 0x008de4,
    0x008de5, 0x008de6, 0x008de7, 0x008de8, 0x008de9, 0x008dea, 0x008deb, 0x008dec, 0x008ded,
    0x008dee, 0x008def, 0x008df0, 0x008df1, 0x008df2, 0x008df3, 0x008df4, 0x008df5, 0x008df6,
    0x008df7, 0x008df8, 0x00e1d7, 0x008df9, 0x008dfa, 0x008dfb, 0x00e1d8, 0x008dfc, 0x008dfd,
    0x008dfe, 0x008e40, 0x008e41, 0x008e42, 0x008e43, 0x008e44, 0x008e45, 0x008e46, 0x008e47,
    0x008e48, 0x008e49, 0x008e4a, 0x008e4b, 0x008e4c, 0x008e4d, 0x008e4e, 0x008e4f, 0x008e50,
    0x008e51, 0x008e52, 0x008e53, 0x008e54, 0x008e55, 0x00e1da, 0x008e56, 0x008e57, 0x008e58,
    0x008e59, 0x008e5a, 0x008e5b, 0x008e5c, 0x008e5d, 0x008e5e, 0x008e5f, 0x008e60, 0x008e61,
    0x008e62, 0x00e1db, 0x008e63, 0x008e64, 0x008e65, 0x008e66, 0x008e67, 0x008e68, 0x008e69,
    0x00cea1, 0x008e6a, 0x008e6b, 0x008e6c, 0x008e6d, 0x008e6e, 0x008e6f, 0x008e70, 0x008e71,
    0x008e72, 0x008e73, 0x008e74, 0x008e75, 0x008e76, 0x00e7dd, 0x008e77, 0x00b4a8, 0x00d6dd,
    0x008e78, 0x008e79, 0x00d1b2, 0x00b3b2, 0x008e7a, 0x008e7b, 0x00b9a4, 0x00d7f3, 0x00c7c9,
    0x00bede, 0x00b9ae, 0x008e7c, 0x00ced7, 0x008e7d, 0x008e7e, 0x00b2ee, 0x00dbcf, 0x008e80,
    0x00bcba, 0x00d2d1, 0x00cbc8, 0x00b0cd, 0x008e81, 0x008e82, 0x00cfef, 0x008e83, 0x008e84,
    0x008e85, 0x008e86, 0x008e87, 0x00d9e3, 0x00bded, 0x008e88, 0x008e89, 0x00b1d2, 0x00cad0,
    0x00b2bc, 0x008e8a, 0x00cba7, 0x00b7ab, 0x008e8b, 0x00caa6, 0x008e8c, 0x008e8d, 0x008e8e,
    0x00cfa3, 0x008e8f, 0x008e90, 0x00e0f8, 0x00d5ca, 0x00e0fb, 0x008e91, 0x008e92, 0x00e0fa,
    0x00c5c1, 0x00ccfb, 0x008e93, 0x00c1b1, 0x00e0f9, 0x00d6e3, 0x00b2af, 0x00d6c4, 0x00b5db,
    0x008e94, 0x008e95, 0x008e96, 0x008e97, 0x008e98, 0x008e99, 0x008e9a, 0x008e9b, 0x00b4f8,
    0x00d6a1, 0x008e9c, 0x008e9d, 0x008e9e, 0x008e9f, 0x008ea0, 0x00cfaf, 0x00b0ef, 0x008ea1,
    0x008ea2, 0x00e0fc, 0x008ea3, 0x008ea4, 0x008ea5, 0x008ea6, 0x008ea7, 0x00e1a1, 0x00b3a3,
    0x008ea8, 0x008ea9, 0x00e0fd, 0x00e0fe, 0x00c3b1, 0x008eaa, 0x008eab, 0x008eac, 0x008ead,
    0x00c3dd, 0x008eae, 0x00e1a2, 0x00b7f9, 0x008eaf, 0x008eb0, 0x008eb1, 0x008eb2, 0x008eb3,
    0x008eb4, 0x00bbcf, 0x008eb5, 0x008eb6, 0x008eb7, 0x008eb8, 0x008eb9, 0x008eba, 0x008ebb,
    0x00e1a3, 0x00c4bb, 0x008ebc, 0x008ebd, 0x008ebe, 0x008ebf, 0x008ec0, 0x00e1a4, 0x008ec1,
    0x008ec2, 0x00e1a5, 0x008ec3, 0x008ec4, 0x00e1a6, 0x00b4b1, 0x008ec5, 0x008ec6, 0x008ec7,
    0x008ec8, 0x008ec9, 0x008eca, 0x008ecb, 0x008ecc, 0x008ecd, 0x008ece, 0x008ecf, 0x008ed0,
    0x008ed1, 0x008ed2, 0x008ed3, 0x00b8c9, 0x00c6bd, 0x00c4ea, 0x008ed4, 0x00b2a2, 0x008ed5,
    0x00d0d2, 0x008ed6, 0x00e7db, 0x00bbc3, 0x00d3d7, 0x00d3c4, 0x008ed7, 0x00b9e3, 0x00e2cf,
    0x008ed8, 0x008ed9, 0x008eda, 0x00d7af, 0x008edb, 0x00c7ec, 0x00b1d3, 0x008edc, 0x008edd,
    0x00b4b2, 0x00e2d1, 0x008ede, 0x008edf, 0x008ee0, 0x00d0f2, 0x00c2ae, 0x00e2d0, 0x008ee1,
    0x00bfe2, 0x00d3a6, 0x00b5d7, 0x00e2d2, 0x00b5ea, 0x008ee2, 0x00c3ed, 0x00b8fd, 0x008ee3,
    0x00b8ae, 0x008ee4, 0x00c5d3, 0x00b7cf, 0x00e2d4, 0x008ee5, 0x008ee6, 0x008ee7, 0x008ee8,
    0x00e2d3, 0x00b6c8, 0x00d7f9, 0x008ee9, 0x008eea, 0x008eeb, 0x008eec, 0x008eed, 0x00cda5,
    0x008eee, 0x008eef, 0x008ef0, 0x008ef1, 0x008ef2, 0x00e2d8, 0x008ef3, 0x00e2d6, 0x00cafc,
    0x00bfb5, 0x00d3b9, 0x00e2d5, 0x008ef4, 0x008ef5, 0x008ef6, 0x008ef7, 0x00e2d7, 0x008ef8,
    0x008ef9, 0x008efa, 0x008efb, 0x008efc, 0x008efd, 0x008efe, 0x008f40, 0x008f41, 0x008f42,
    0x00c1ae, 0x00c0c8, 0x008f43, 0x008f44, 0x008f45, 0x008f46, 0x008f47, 0x008f48, 0x00e2db,
    0x00e2da, 0x00c0aa, 0x008f49, 0x008f4a, 0x00c1ce, 0x008f4b, 0x008f4c, 0x008f4d, 0x008f4e,
    0x00e2dc, 0x008f4f, 0x008f50, 0x008f51, 0x008f52, 0x008f53, 0x008f54, 0x008f55, 0x008f56,
    0x008f57, 0x008f58, 0x008f59, 0x008f5a, 0x00e2dd, 0x008f5b, 0x00e2de, 0x008f5c, 0x008f5d,
    0x008f5e, 0x008f5f, 0x008f60, 0x008f61, 0x008f62, 0x008f63, 0x008f64, 0x00dbc8, 0x008f65,
    0x00d1d3, 0x00cda2, 0x008f66, 0x008f67, 0x00bda8, 0x008f68, 0x008f69, 0x008f6a, 0x00dec3,
    0x00d8a5, 0x00bfaa, 0x00dbcd, 0x00d2ec, 0x00c6fa, 0x00c5aa, 0x008f6b, 0x008f6c, 0x008f6d,
    0x00dec4, 0x008f6e, 0x00b1d7, 0x00dfae, 0x008f6f, 0x008f70, 0x008f71, 0x00cabd, 0x008f72,
    0x00dfb1, 0x008f73, 0x00b9ad, 0x008f74, 0x00d2fd, 0x008f75, 0x00b8a5, 0x00baeb, 0x008f76,
    0x008f77, 0x00b3da, 0x008f78, 0x008f79, 0x008f7a, 0x00b5dc, 0x00d5c5, 0x008f7b, 0x008f7c,
    0x008f7d, 0x008f7e, 0x00c3d6, 0x00cfd2, 0x00bba1, 0x008f80, 0x00e5f3, 0x00e5f2, 0x008f81,
    0x008f82, 0x00e5f4, 0x008f83, 0x00cde4, 0x008f84, 0x00c8f5, 0x008f85, 0x008f86, 0x008f87,
    0x008f88, 0x008f89, 0x008f8a, 0x008f8b, 0x00b5af, 0x00c7bf, 0x008f8c, 0x00e5f6, 0x008f8d,
    0x008f8e, 0x008f8f, 0x00ecb0, 0x008f90, 0x008f91, 0x008f92, 0x008f93, 0x008f94, 0x008f95,
    0x008f96, 0x008f97, 0x008f98, 0x008f99, 0x008f9a, 0x008f9b, 0x008f9c, 0x008f9d, 0x008f9e,
    0x00e5e6, 0x008f9f, 0x00b9e9, 0x00b5b1, 0x008fa0, 0x00c2bc, 0x00e5e8, 0x00e5e7, 0x00e5e9,
    0x008fa1, 0x008fa2, 0x008fa3, 0x008fa4, 0x00d2cd, 0x008fa5, 0x008fa6, 0x008fa7, 0x00e1ea,
    0x00d0ce, 0x008fa8, 0x00cdae, 0x008fa9, 0x00d1e5, 0x008faa, 0x008fab, 0x00b2ca, 0x00b1eb,
    0x008fac, 0x00b1f2, 0x00c5ed, 0x008fad, 0x008fae, 0x00d5c3, 0x00d3b0, 0x008faf, 0x00e1dc,
    0x008fb0, 0x008fb1, 0x008fb2, 0x00e1dd, 0x008fb3, 0x00d2db, 0x008fb4, 0x00b3b9, 0x00b1cb,
    0x008fb5, 0x008fb6, 0x008fb7, 0x00cdf9, 0x00d5f7, 0x00e1de, 0x008fb8, 0x00beb6, 0x00b4fd,
    0x008fb9, 0x00e1df, 0x00badc, 0x00e1e0, 0x00bbb2, 0x00c2c9, 0x00e1e1, 0x008fba, 0x008fbb,
    0x008fbc, 0x00d0ec, 0x008fbd, 0x00cdbd, 0x008fbe, 0x008fbf, 0x00e1e2, 0x008fc0, 0x00b5c3,
    0x00c5c7, 0x00e1e3, 0x008fc1, 0x008fc2, 0x00e1e4, 0x008fc3, 0x008fc4, 0x008fc5, 0x008fc6,
    0x00d3f9, 0x008fc7, 0x008fc8, 0x008fc9, 0x008fca, 0x008fcb, 0x008fcc, 0x00e1e5, 0x008fcd,
    0x00d1ad, 0x008fce, 0x008fcf, 0x00e1e6, 0x00cea2, 0x008fd0, 0x008fd1, 0x008fd2, 0x008fd3,
    0x008fd4, 0x008fd5, 0x00e1e7, 0x008fd6, 0x00b5c2, 0x008fd7, 0x008fd8, 0x008fd9, 0x008fda,
    0x00e1e8, 0x00bbd5, 0x008fdb, 0x008fdc, 0x008fdd, 0x008fde, 0x008fdf, 0x00d0c4, 0x00e2e0,
    0x00b1d8, 0x00d2e4, 0x008fe0, 0x008fe1, 0x00e2e1, 0x008fe2, 0x008fe3, 0x00bcc9, 0x00c8cc,
    0x008fe4, 0x00e2e3, 0x00ecfe, 0x00ecfd, 0x00dfaf, 0x008fe5, 0x008fe6, 0x008fe7, 0x00e2e2,
    0x00d6be, 0x00cdfc, 0x00c3a6, 0x008fe8, 0x008fe9, 0x008fea, 0x00e3c3, 0x008feb, 0x008fec,
    0x00d6d2, 0x00e2e7, 0x008fed, 0x008fee, 0x00e2e8, 0x008fef, 0x008ff0, 0x00d3c7, 0x008ff1,
    0x008ff2, 0x00e2ec, 0x00bfec, 0x008ff3, 0x00e2ed, 0x00e2e5, 0x008ff4, 0x008ff5, 0x00b3c0,
    0x008ff6, 0x008ff7, 0x008ff8, 0x00c4ee, 0x008ff9, 0x008ffa, 0x00e2ee, 0x008ffb, 0x008ffc,
    0x00d0c3, 0x008ffd, 0x00baf6, 0x00e2e9, 0x00b7de, 0x00bbb3, 0x00ccac, 0x00cbcb, 0x00e2e4,
    0x00e2e6, 0x00e2ea, 0x00e2eb, 0x008ffe, 0x009040, 0x009041, 0x00e2f7, 0x009042, 0x009043,
    0x00e2f4, 0x00d4f5, 0x00e2f3, 0x009044, 0x009045, 0x00c5ad, 0x009046, 0x00d5fa, 0x00c5c2,
    0x00b2c0, 0x009047, 0x009048, 0x00e2ef, 0x009049, 0x00e2f2, 0x00c1af, 0x00cbbc, 0x00904a,
    0x00904b, 0x00b5a1, 0x00e2f9, 0x00904c, 0x00904d, 0x00904e, 0x00bcb1, 0x00e2f1, 0x00d0d4,
    0x00d4b9, 0x00e2f5, 0x00b9d6, 0x00e2f6, 0x00904f, 0x009050, 0x009051, 0x00c7d3, 0x009052,
    0x009053, 0x009054, 0x009055, 0x009056, 0x00e2f0, 0x009057, 0x009058, 0x009059, 0x00905a,
    0x00905b, 0x00d7dc, 0x00eda1, 0x00905c, 0x00905d, 0x00e2f8, 0x00905e, 0x00eda5, 0x00e2fe,
    0x00cad1, 0x00905f, 0x009060, 0x009061, 0x009062, 0x009063, 0x009064, 0x009065, 0x00c1b5,
    0x009066, 0x00bbd0, 0x009067, 0x009068, 0x00bfd6, 0x009069, 0x00bae3, 0x00906a, 0x00906b,
    0x00cba1, 0x00906c, 0x00906d, 0x00906e, 0x00eda6, 0x00eda3, 0x00906f, 0x009070, 0x00eda2,
    0x009071, 0x009072, 0x009073, 0x009074, 0x00bbd6, 0x00eda7, 0x00d0f4, 0x009075, 0x009076,
    0x00eda4, 0x00bade, 0x00b6f7, 0x00e3a1, 0x00b6b2, 0x00ccf1, 0x00b9a7, 0x009077, 0x00cfa2,
    0x00c7a1, 0x009078, 0x009079, 0x00bfd2, 0x00907a, 0x00907b, 0x00b6f1, 0x00907c, 0x00e2fa,
    0x00e2fb, 0x00e2fd, 0x00e2fc, 0x00c4d5, 0x00e3a2, 0x00907d, 0x00d3c1, 0x00907e, 0x009080,
    0x009081, 0x00e3a7, 0x00c7c4, 0x009082, 0x009083, 0x009084, 0x009085, 0x00cfa4, 0x009086,
    0x009087, 0x00e3a9, 0x00bab7, 0x009088, 0x009089, 0x00908a, 0x00908b, 0x00e3a8, 0x00908c,
    0x00bbda, 0x00908d, 0x00e3a3, 0x00908e, 0x00908f, 0x009090, 0x00e3a4, 0x00e3aa, 0x009091,
    0x00e3a6, 0x009092, 0x00cef2, 0x00d3c6, 0x009093, 0x009094, 0x00bbbc, 0x009095, 0x009096,
    0x00d4c3, 0x009097, 0x00c4fa, 0x009098, 0x009099, 0x00eda8, 0x00d0fc, 0x00e3a5, 0x00909a,
    0x00c3f5, 0x00909b, 0x00e3ad, 0x00b1af, 0x00909c, 0x00e3b2, 0x00909d, 0x00909e, 0x00909f,
    0x00bcc2, 0x0090a0, 0x0090a1, 0x00e3ac, 0x00b5bf, 0x0090a2, 0x0090a3, 0x0090a4, 0x0090a5,
    0x0090a6, 0x0090a7, 0x0090a8, 0x0090a9, 0x00c7e9, 0x00e3b0, 0x0090aa, 0x0090ab, 0x0090ac,
    0x00beaa, 0x00cdef, 0x0090ad, 0x0090ae, 0x0090af, 0x0090b0, 0x0090b1, 0x00bbf3, 0x0090b2,
    0x0090b3, 0x0090b4, 0x00cce8, 0x0090b5, 0x0090b6, 0x00e3af, 0x0090b7, 0x00e3b1, 0x0090b8,
    0x00cfa7, 0x00e3ae, 0x0090b9, 0x00cea9, 0x00bbdd, 0x0090ba, 0x0090bb, 0x0090bc, 0x0090bd,
    0x0090be, 0x00b5eb, 0x00bee5, 0x00b2d2, 0x00b3cd, 0x0090bf, 0x00b1b9, 0x00e3ab, 0x00b2d1,
    0x00b5ac, 0x00b9df, 0x00b6e8, 0x0090c0, 0x0090c1, 0x00cfeb, 0x00e3b7, 0x0090c2, 0x00bbcc,
    0x0090c3, 0x0090c4, 0x00c8c7, 0x00d0ca, 0x0090c5, 0x0090c6, 0x0090c7, 0x0090c8, 0x0090c9,
    0x00e3b8, 0x00b3ee, 0x0090ca, 0x0090cb, 0x0090cc, 0x0090cd, 0x00eda9, 0x0090ce, 0x00d3fa,
    0x00d3e4, 0x0090cf, 0x0090d0, 0x0090d1, 0x00edaa, 0x00e3b9, 0x00d2e2, 0x0090d2, 0x0090d3,
    0x0090d4, 0x0090d5, 0x0090d6, 0x00e3b5, 0x0090d7, 0x0090d8, 0x0090d9, 0x0090da, 0x00d3de,
    0x0090db, 0x0090dc, 0x0090dd, 0x0090de, 0x00b8d0, 0x00e3b3, 0x0090df, 0x0090e0, 0x00e3b6,
    0x00b7df, 0x0090e1, 0x00e3b4, 0x00c0a2, 0x0090e2, 0x0090e3, 0x0090e4, 0x00e3ba, 0x0090e5,
    0x0090e6, 0x0090e7, 0x0090e8, 0x0090e9, 0x0090ea, 0x0090eb, 0x0090ec, 0x0090ed, 0x0090ee,
    0x0090ef, 0x0090f0, 0x0090f1, 0x0090f2, 0x0090f3, 0x0090f4, 0x0090f5, 0x0090f6, 0x0090f7,
    0x00d4b8, 0x0090f8, 0x0090f9, 0x0090fa, 0x0090fb, 0x0090fc, 0x0090fd, 0x0090fe, 0x009140,
    0x00b4c8, 0x009141, 0x00e3bb, 0x009142, 0x00bbc5, 0x009143, 0x00c9f7, 0x009144, 0x009145,
    0x00c9e5, 0x009146, 0x009147, 0x009148, 0x00c4bd, 0x009149, 0x00914a, 0x00914b, 0x00914c,
    0x00914d, 0x00914e, 0x00914f, 0x00edab, 0x009150, 0x009151, 0x009152, 0x009153, 0x00c2fd,
    0x009154, 0x009155, 0x009156, 0x009157, 0x00bbdb, 0x00bfae, 0x009158, 0x009159, 0x00915a,
    0x00915b, 0x00915c, 0x00915d, 0x00915e, 0x00cebf, 0x00915f, 0x009160, 0x009161, 0x009162,
    0x00e3bc, 0x009163, 0x00bfb6, 0x009164, 0x009165, 0x009166, 0x009167, 0x009168, 0x009169,
    0x00916a, 0x00916b, 0x00916c, 0x00916d, 0x00916e, 0x00916f, 0x009170, 0x009171, 0x009172,
    0x009173, 0x009174, 0x009175, 0x009176, 0x00b1ef, 0x009177, 0x009178, 0x00d4f7, 0x009179,
    0x00917a, 0x00917b, 0x00917c, 0x00917d, 0x00e3be, 0x00917e, 0x009180, 0x009181, 0x009182,
    0x009183, 0x009184, 0x009185, 0x009186, 0x00edad, 0x009187, 0x009188, 0x009189, 0x00918a,
    0x00918b, 0x00918c, 0x00918d, 0x00918e, 0x00918f, 0x00e3bf, 0x00baa9, 0x00edac, 0x009190,
    0x009191, 0x00e3bd, 0x009192, 0x009193, 0x009194, 0x009195, 0x009196, 0x009197, 0x009198,
    0x009199, 0x00919a, 0x00919b, 0x00e3c0, 0x00919c, 0x00919d, 0x00919e, 0x00919f, 0x0091a0,
    0x0091a1, 0x00bab6, 0x0091a2, 0x0091a3, 0x0091a4, 0x00b6ae, 0x0091a5, 0x0091a6, 0x0091a7,
    0x0091a8, 0x0091a9, 0x00d0b8, 0x0091aa, 0x00b0c3, 0x00edae, 0x0091ab, 0x0091ac, 0x0091ad,
    0x0091ae, 0x0091af, 0x00edaf, 0x00c0c1, 0x0091b0, 0x00e3c1, 0x0091b1, 0x0091b2, 0x0091b3,
    0x0091b4, 0x0091b5, 0x0091b6, 0x0091b7, 0x0091b8, 0x0091b9, 0x0091ba, 0x0091bb, 0x0091bc,
    0x0091bd, 0x0091be, 0x0091bf, 0x0091c0, 0x0091c1, 0x00c5b3, 0x0091c2, 0x0091c3, 0x0091c4,
    0x0091c5, 0x0091c6, 0x0091c7, 0x0091c8, 0x0091c9, 0x0091ca, 0x0091cb, 0x0091cc, 0x0091cd,
    0x0091ce, 0x0091cf, 0x00e3c2, 0x0091d0, 0x0091d1, 0x0091d2, 0x0091d3, 0x0091d4, 0x0091d5,
    0x0091d6, 0x0091d7, 0x0091d8, 0x00dcb2, 0x0091d9, 0x0091da, 0x0091db, 0x0091dc, 0x0091dd,
    0x0091de, 0x00edb0, 0x0091df, 0x00b8ea, 0x0091e0, 0x00ceec, 0x00eaa7, 0x00d0e7, 0x00caf9,
    0x00c8d6, 0x00cfb7, 0x00b3c9, 0x00ced2, 0x00bde4, 0x0091e1, 0x0091e2, 0x00e3de, 0x00bbf2,
    0x00eaa8, 0x00d5bd, 0x0091e3, 0x00c6dd, 0x00eaa9, 0x0091e4, 0x0091e5, 0x0091e6, 0x00eaaa,
    0x0091e7, 0x00eaac, 0x00eaab, 0x0091e8, 0x00eaae, 0x00eaad, 0x0091e9, 0x0091ea, 0x0091eb,
    0x0091ec, 0x00bdd8, 0x0091ed, 0x00eaaf, 0x0091ee, 0x00c2be, 0x0091ef, 0x0091f0, 0x0091f1,
    0x0091f2, 0x00b4c1, 0x00b4f7, 0x0091f3, 0x0091f4, 0x00bba7, 0x0091f5, 0x0091f6, 0x0091f7,
    0x0091f8, 0x0091f9, 0x00ece6, 0x00ece5, 0x00b7bf, 0x00cbf9, 0x00b1e2, 0x0091fa, 0x00ece7,
    0x0091fb, 0x0091fc, 0x0091fd, 0x00c9c8, 0x00ece8, 0x00ece9, 0x0091fe, 0x00cad6, 0x00ded0,
    0x00b2c5, 0x00d4fa, 0x009240, 0x009241, 0x00c6cb, 0x00b0c7, 0x00b4f2, 0x00c8d3, 0x009242,
    0x009243, 0x009244, 0x00cdd0, 0x009245, 0x009246, 0x00bfb8, 0x009247, 0x009248, 0x009249,
    0x00924a, 0x00924b, 0x00924c, 0x00924d, 0x00bfdb, 0x00924e, 0x00924f, 0x00c7a4, 0x00d6b4,
    0x009250, 0x00c0a9, 0x00ded1, 0x00c9a8, 0x00d1ef, 0x00c5a4, 0x00b0e7, 0x00b3b6, 0x00c8c5,
    0x009251, 0x009252, 0x00b0e2, 0x009253, 0x009254, 0x00b7f6, 0x009255, 0x009256, 0x00c5fa,
    0x009257, 0x009258, 0x00b6f3, 0x009259, 0x00d5d2, 0x00b3d0, 0x00bcbc, 0x00925a, 0x00925b,
    0x00925c, 0x00b3ad, 0x00925d, 0x00925e, 0x00925f, 0x009260, 0x00bef1, 0x00b0d1, 0x009261,
    0x009262, 0x009263, 0x009264, 0x009265, 0x009266, 0x00d2d6, 0x00cae3, 0x00d7a5, 0x009267,
    0x00cdb6, 0x00b6b6, 0x00bfb9, 0x00d5db, 0x009268, 0x00b8a7, 0x00c5d7, 0x009269, 0x00926a,
    0x00926b, 0x00ded2, 0x00bfd9, 0x00c2d5, 0x00c7c0, 0x00926c, 0x00bba4, 0x00b1a8, 0x00926d,
    0x00926e, 0x00c5ea, 0x00926f, 0x009270, 0x00c5fb, 0x00cca7, 0x009271, 0x009272, 0x009273,
    0x009274, 0x00b1a7, 0x009275, 0x009276, 0x009277, 0x00b5d6, 0x009278, 0x009279, 0x00927a,
    0x00c4a8, 0x00927b, 0x00ded3, 0x00d1ba, 0x00b3e9, 0x00927c, 0x00c3f2, 0x00927d, 0x00927e,
    0x00b7f7, 0x009280, 0x00d6f4, 0x00b5a3, 0x00b2f0, 0x00c4b4, 0x00c4e9, 0x00c0ad, 0x00ded4,
    0x009281, 0x00b0e8, 0x00c5c4, 0x00c1e0, 0x009282, 0x00b9d5, 0x009283, 0x00bedc, 0x00cdd8,
    0x00b0ce, 0x009284, 0x00cdcf, 0x00ded6, 0x00bed0, 0x00d7be, 0x00ded5, 0x00d5d0, 0x00b0dd,
    0x009285, 0x009286, 0x00c4e2, 0x009287, 0x009288, 0x00c2a3, 0x00bcf0, 0x009289, 0x00d3b5,
    0x00c0b9, 0x00c5a1, 0x00b2a6, 0x00d4f1, 0x00928a, 0x00928b, 0x00c0a8, 0x00cac3, 0x00ded7,
    0x00d5fc, 0x00928c, 0x00b9b0, 0x00928d, 0x00c8ad, 0x00cba9, 0x00928e, 0x00ded9, 0x00bfbd,
    0x00928f, 0x009290, 0x009291, 0x009292, 0x00c6b4, 0x00d7a7, 0x00cab0, 0x00c4c3, 0x009293,
    0x00b3d6, 0x00b9d2, 0x009294, 0x009295, 0x009296, 0x009297, 0x00d6b8, 0x00eafc, 0x00b0b4,
    0x009298, 0x009299, 0x00929a, 0x00929b, 0x00bfe6, 0x00929c, 0x00929d, 0x00ccf4, 0x00929e,
    0x00929f, 0x0092a0, 0x0092a1, 0x00cdda, 0x0092a2, 0x0092a3, 0x0092a4, 0x00d6bf, 0x00c2ce,
    0x0092a5, 0x00cece, 0x00cca2, 0x00d0ae, 0x00c4d3, 0x00b5b2, 0x00ded8, 0x00d5f5, 0x00bcb7,
    0x00bbd3, 0x0092a6, 0x0092a7, 0x00b0a4, 0x0092a8, 0x00c5b2, 0x00b4ec, 0x0092a9, 0x0092aa,
    0x0092ab, 0x00d5f1, 0x0092ac, 0x0092ad, 0x00eafd, 0x0092ae, 0x0092af, 0x0092b0, 0x0092b1,
    0x0092b2, 0x0092b3, 0x00deda, 0x00cda6, 0x0092b4, 0x0092b5, 0x00cdec, 0x0092b6, 0x0092b7,
    0x0092b8, 0x0092b9, 0x00cee6, 0x00dedc, 0x0092ba, 0x00cdb1, 0x00c0a6, 0x0092bb, 0x0092bc,
    0x00d7bd, 0x0092bd, 0x00dedb, 0x00b0c6, 0x00bab4, 0x00c9d3, 0x00c4f3, 0x00bee8, 0x0092be,
    0x0092bf, 0x0092c0, 0x0092c1, 0x00b2b6, 0x0092c2, 0x0092c3, 0x0092c4, 0x0092c5, 0x0092c6,
    0x0092c7, 0x0092c8, 0x0092c9, 0x00c0cc, 0x00cbf0, 0x0092ca, 0x00bcf1, 0x00bbbb, 0x00b5b7,
    0x0092cb, 0x0092cc, 0x0092cd, 0x00c5f5, 0x0092ce, 0x00dee6, 0x0092cf, 0x0092d0, 0x0092d1,
    0x00dee3, 0x00bedd, 0x0092d2, 0x0092d3, 0x00dedf, 0x0092d4, 0x0092d5, 0x0092d6, 0x0092d7,
    0x00b4b7, 0x00bddd, 0x0092d8, 0x0092d9, 0x00dee0, 0x00c4ed, 0x0092da, 0x0092db, 0x0092dc,
    0x0092dd, 0x00cfc6, 0x0092de, 0x00b5e0, 0x0092df, 0x0092e0, 0x0092e1, 0x0092e2, 0x00b6de,
    0x00cada, 0x00b5f4, 0x00dee5, 0x0092e3, 0x00d5c6, 0x0092e4, 0x00dee1, 0x00cccd, 0x00c6fe,
    0x0092e5, 0x00c5c5, 0x0092e6, 0x0092e7, 0x0092e8, 0x00d2b4, 0x0092e9, 0x00bef2, 0x0092ea,
    0x0092eb, 0x0092ec, 0x0092ed, 0x0092ee, 0x0092ef, 0x0092f0, 0x00c2d3, 0x0092f1, 0x00ccbd,
    0x00b3b8, 0x0092f2, 0x00bdd3, 0x0092f3, 0x00bfd8, 0x00cdc6, 0x00d1da, 0x00b4eb, 0x0092f4,
    0x00dee4, 0x00dedd, 0x00dee7, 0x0092f5, 0x00eafe, 0x0092f6, 0x0092f7, 0x00c2b0, 0x00dee2,
    0x0092f8, 0x0092f9, 0x00d6c0, 0x00b5a7, 0x0092fa, 0x00b2f4, 0x0092fb, 0x00dee8, 0x0092fc,
    0x00def2, 0x0092fd, 0x0092fe, 0x009340, 0x009341, 0x009342, 0x00deed, 0x009343, 0x00def1,
    0x009344, 0x009345, 0x00c8e0, 0x009346, 0x009347, 0x009348, 0x00d7e1, 0x00deef, 0x00c3e8,
    0x00cce1, 0x009349, 0x00b2e5, 0x00934a, 0x00934b, 0x00934c, 0x00d2be, 0x00934d, 0x00934e,
    0x00934f, 0x009350, 0x009351, 0x009352, 0x009353, 0x00deee, 0x009354, 0x00deeb, 0x00ced5,
    0x009355, 0x00b4a7, 0x009356, 0x009357, 0x009358, 0x009359, 0x00935a, 0x00bfab, 0x00bebe,
    0x00935b, 0x00935c, 0x00bdd2, 0x00935d, 0x00935e, 0x00935f, 0x009360, 0x00dee9, 0x009361,
    0x00d4ae, 0x009362, 0x00dede, 0x009363, 0x00deea, 0x009364, 0x009365, 0x009366, 0x009367,
    0x00c0bf, 0x009368, 0x00deec, 0x00b2f3, 0x00b8e9, 0x00c2a7, 0x009369, 0x00936a, 0x00bdc1,
    0x00936b, 0x00936c, 0x00936d, 0x00936e, 0x00936f, 0x00def5, 0x00def8, 0x009370, 0x009371,
    0x00b2ab, 0x00b4a4, 0x009372, 0x009373, 0x00b4ea, 0x00c9a6, 0x009374, 0x009375, 0x009376,
    0x009377, 0x009378, 0x009379, 0x00def6, 0x00cbd1, 0x00937a, 0x00b8e3, 0x00937b, 0x00def7,
    0x00defa, 0x00937c, 0x00937d, 0x00937e, 0x009380, 0x00def9, 0x009381, 0x009382, 0x009383,
    0x00ccc2, 0x009384, 0x00b0e1, 0x00b4ee, 0x009385, 0x009386, 0x009387, 0x009388, 0x009389,
    0x00938a, 0x00e5ba, 0x00938b, 0x00938c, 0x00938d, 0x00938e, 0x00938f, 0x00d0af, 0x009390,
    0x009391, 0x00b2eb, 0x009392, 0x00eba1, 0x009393, 0x00def4, 0x009394, 0x009395, 0x00c9e3,
    0x00def3, 0x00b0da, 0x00d2a1, 0x00b1f7, 0x009396, 0x00ccaf, 0x009397, 0x009398, 0x009399,
    0x00939a, 0x00939b, 0x00939c, 0x00939d, 0x00def0, 0x00939e, 0x00cba4, 0x00939f, 0x0093a0,
    0x0093a1, 0x00d5aa, 0x0093a2, 0x0093a3, 0x0093a4, 0x0093a5, 0x0093a6, 0x00defb, 0x0093a7,
    0x0093a8, 0x0093a9, 0x0093aa, 0x0093ab, 0x0093ac, 0x0093ad, 0x0093ae, 0x00b4dd, 0x0093af,
    0x00c4a6, 0x0093b0, 0x0093b1, 0x0093b2, 0x00defd, 0x0093b3, 0x0093b4, 0x0093b5, 0x0093b6,
    0x0093b7, 0x0093b8, 0x0093b9, 0x0093ba, 0x0093bb, 0x0093bc, 0x00c3fe, 0x00c4a1, 0x00dfa1,
    0x0093bd, 0x0093be, 0x0093bf, 0x0093c0, 0x0093c1, 0x0093c2, 0x0093c3, 0x00c1cc, 0x0093c4,
    0x00defc, 0x00beef, 0x0093c5, 0x00c6b2, 0x0093c6, 0x0093c7, 0x0093c8, 0x0093c9, 0x0093ca,
    0x0093cb, 0x0093cc, 0x0093cd, 0x0093ce, 0x00b3c5, 0x00c8f6, 0x0093cf, 0x0093d0, 0x00cbba,
    0x00defe, 0x0093d1, 0x0093d2, 0x00dfa4, 0x0093d3, 0x0093d4, 0x0093d5, 0x0093d6, 0x00d7b2,
    0x0093d7, 0x0093d8, 0x0093d9, 0x0093da, 0x0093db, 0x00b3b7, 0x0093dc, 0x0093dd, 0x0093de,
    0x0093df, 0x00c1c3, 0x0093e0, 0x0093e1, 0x00c7cb, 0x00b2a5, 0x00b4e9, 0x0093e2, 0x00d7ab,
    0x0093e3, 0x0093e4, 0x0093e5, 0x0093e6, 0x00c4ec, 0x0093e7, 0x00dfa2, 0x00dfa3, 0x0093e8,
    0x00dfa5, 0x0093e9, 0x00bab3, 0x0093ea, 0x0093eb, 0x0093ec, 0x00dfa6, 0x0093ed, 0x00c0de,
    0x0093ee, 0x0093ef, 0x00c9c3, 0x0093f0, 0x0093f1, 0x0093f2, 0x0093f3, 0x0093f4, 0x0093f5,
    0x0093f6, 0x00b2d9, 0x00c7e6, 0x0093f7, 0x00dfa7, 0x0093f8, 0x00c7dc, 0x0093f9, 0x0093fa,
    0x0093fb, 0x0093fc, 0x00dfa8, 0x00eba2, 0x0093fd, 0x0093fe, 0x009440, 0x009441, 0x009442,
    0x00cbd3, 0x009443, 0x009444, 0x009445, 0x00dfaa, 0x009446, 0x00dfa9, 0x009447, 0x00b2c1,
    0x009448, 0x009449, 0x00944a, 0x00944b, 0x00944c, 0x00944d, 0x00944e, 0x00944f, 0x009450,
    0x009451, 0x009452, 0x009453, 0x009454, 0x009455, 0x009456, 0x009457, 0x009458, 0x009459,
    0x00945a, 0x00945b, 0x00945c, 0x00945d, 0x00945e, 0x00945f, 0x009460, 0x00c5ca, 0x009461,
    0x009462, 0x009463, 0x009464, 0x009465, 0x009466, 0x009467, 0x009468, 0x00dfab, 0x009469,
    0x00946a, 0x00946b, 0x00946c, 0x00946d, 0x00946e, 0x00946f, 0x009470, 0x00d4dc, 0x009471,
    0x009472, 0x009473, 0x009474, 0x009475, 0x00c8c1, 0x009476, 0x009477, 0x009478, 0x009479,
    0x00947a, 0x00947b, 0x00947c, 0x00947d, 0x00947e, 0x009480, 0x009481, 0x009482, 0x00dfac,
    0x009483, 0x009484, 0x009485, 0x009486, 0x009487, 0x00bef0, 0x009488, 0x009489, 0x00dfad,
    0x00d6a7, 0x00948a, 0x00948b, 0x00948c, 0x00948d, 0x00eab7, 0x00ebb6, 0x00cad5, 0x00948e,
    0x00d8fc, 0x00b8c4, 0x00948f, 0x00b9a5, 0x009490, 0x009491, 0x00b7c5, 0x00d5fe, 0x009492,
    0x009493, 0x009494, 0x009495, 0x009496, 0x00b9ca, 0x009497, 0x009498, 0x00d0a7, 0x00f4cd,
    0x009499, 0x00949a, 0x00b5d0, 0x00949b, 0x00949c, 0x00c3f4, 0x00949d, 0x00bec8, 0x00949e,
    0x00949f, 0x0094a0, 0x00ebb7, 0x00b0bd, 0x0094a1, 0x0094a2, 0x00bdcc, 0x0094a3, 0x00c1b2,
    0x0094a4, 0x00b1d6, 0x00b3a8, 0x0094a5, 0x0094a6, 0x0094a7, 0x00b8d2, 0x00c9a2, 0x0094a8,
    0x0094a9, 0x00b6d8, 0x0094aa, 0x0094ab, 0x0094ac, 0x0094ad, 0x00ebb8, 0x00beb4, 0x0094ae,
    0x0094af, 0x0094b0, 0x00cafd, 0x0094b1, 0x00c7c3, 0x0094b2, 0x00d5fb, 0x0094b3, 0x0094b4,
    0x00b7f3, 0x0094b5, 0x0094b6, 0x0094b7, 0x0094b8, 0x0094b9, 0x0094ba, 0x0094bb, 0x0094bc,
    0x0094bd, 0x0094be, 0x0094bf, 0x0094c0, 0x0094c1, 0x0094c2, 0x0094c3, 0x00cec4, 0x0094c4,
    0x0094c5, 0x0094c6, 0x00d5ab, 0x00b1f3, 0x0094c7, 0x0094c8, 0x0094c9, 0x00ecb3, 0x00b0df,
    0x0094ca, 0x00ecb5, 0x0094cb, 0x0094cc, 0x0094cd, 0x00b6b7, 0x0094ce, 0x00c1cf, 0x0094cf,
    0x00f5fa, 0x00d0b1, 0x0094d0, 0x0094d1, 0x00d5e5, 0x0094d2, 0x00ced3, 0x0094d3, 0x0094d4,
    0x00bdef, 0x00b3e2, 0x0094d5, 0x00b8ab, 0x0094d6, 0x00d5b6, 0x0094d7, 0x00edbd, 0x0094d8,
    0x00b6cf, 0x0094d9, 0x00cbb9, 0x00d0c2, 0x0094da, 0x0094db, 0x0094dc, 0x0094dd, 0x0094de,
    0x0094df, 0x0094e0, 0x0094e1, 0x00b7bd, 0x0094e2, 0x0094e3, 0x00ecb6, 0x00caa9, 0x0094e4,
    0x0094e5, 0x0094e6, 0x00c5d4, 0x0094e7, 0x00ecb9, 0x00ecb8, 0x00c2c3, 0x00ecb7, 0x0094e8,
    0x0094e9, 0x0094ea, 0x0094eb, 0x00d0fd, 0x00ecba, 0x0094ec, 0x00ecbb, 0x00d7e5, 0x0094ed,
    0x0094ee, 0x00ecbc, 0x0094ef, 0x0094f0, 0x0094f1, 0x00ecbd, 0x00c6ec, 0x0094f2, 0x0094f3,
    0x0094f4, 0x0094f5, 0x0094f6, 0x0094f7, 0x0094f8, 0x0094f9, 0x00cede, 0x0094fa, 0x00bcc8,
    0x0094fb, 0x0094fc, 0x00c8d5, 0x00b5a9, 0x00bec9, 0x00d6bc, 0x00d4e7, 0x0094fd, 0x0094fe,
    0x00d1ae, 0x00d0f1, 0x00eab8, 0x00eab9, 0x00eaba, 0x00bab5, 0x009540, 0x009541, 0x009542,
    0x009543, 0x00cab1, 0x00bff5, 0x009544, 0x009545, 0x00cdfa, 0x009546, 0x009547, 0x009548,
    0x009549, 0x00954a, 0x00eac0, 0x00954b, 0x00b0ba, 0x00eabe, 0x00954c, 0x00954d, 0x00c0a5,
    0x00954e, 0x00954f, 0x009550, 0x00eabb, 0x009551, 0x00b2fd, 0x009552, 0x00c3f7, 0x00bbe8,
    0x009553, 0x009554, 0x009555, 0x00d2d7, 0x00cef4, 0x00eabf, 0x009556, 0x009557, 0x009558,
    0x00eabc, 0x009559, 0x00955a, 0x00955b, 0x00eac3, 0x00955c, 0x00d0c7, 0x00d3b3, 0x00955d,
    0x00955e, 0x00955f, 0x009560, 0x00b4ba, 0x009561, 0x00c3c1, 0x00d7f2, 0x009562, 0x009563,
    0x009564, 0x009565, 0x00d5d1, 0x009566, 0x00cac7, 0x009567, 0x00eac5, 0x009568, 0x009569,
    0x00eac4, 0x00eac7, 0x00eac6, 0x00956a, 0x00956b, 0x00956c, 0x00956d, 0x00956e, 0x00d6e7,
    0x00956f, 0x00cfd4, 0x009570, 0x009571, 0x00eacb, 0x009572, 0x00bbce, 0x009573, 0x009574,
    0x009575, 0x009576, 0x009577, 0x009578, 0x009579, 0x00bdfa, 0x00c9ce, 0x00957a, 0x00957b,
    0x00eacc, 0x00957c, 0x00957d, 0x00c9b9, 0x00cffe, 0x00eaca, 0x00d4ce, 0x00eacd, 0x00eacf,
    0x00957e, 0x009580, 0x00cded, 0x009581, 0x009582, 0x009583, 0x009584, 0x00eac9, 0x009585,
    0x00eace, 0x009586, 0x009587, 0x00ceee, 0x009588, 0x00bbde, 0x009589, 0x00b3bf, 0x00958a,
    0x00958b, 0x00958c, 0x00958d, 0x00958e, 0x00c6d5, 0x00beb0, 0x00cefa, 0x00958f, 0x009590,
    0x009591, 0x00c7e7, 0x009592, 0x00bea7, 0x00ead0, 0x009593, 0x009594, 0x00d6c7, 0x009595,
    0x009596, 0x009597, 0x00c1c0, 0x009598, 0x009599, 0x00959a, 0x00d4dd, 0x00959b, 0x00ead1,
    0x00959c, 0x00959d, 0x00cfbe, 0x00959e, 0x00959f, 0x0095a0, 0x0095a1, 0x00ead2, 0x0095a2,
    0x0095a3, 0x0095a4, 0x0095a5, 0x00caee, 0x0095a6, 0x0095a7, 0x0095a8, 0x0095a9, 0x00c5af,
    0x00b0b5, 0x0095aa, 0x0095ab, 0x0095ac, 0x0095ad, 0x0095ae, 0x00ead4, 0x0095af, 0x0095b0,
    0x0095b1, 0x0095b2, 0x0095b3, 0x0095b4, 0x0095b5, 0x0095b6, 0x0095b7, 0x00ead3, 0x00f4df,
    0x0095b8, 0x0095b9, 0x0095ba, 0x0095bb, 0x0095bc, 0x00c4ba, 0x0095bd, 0x0095be, 0x0095bf,
    0x0095c0, 0x0095c1, 0x00b1a9, 0x0095c2, 0x0095c3, 0x0095c4, 0x0095c5, 0x00e5df, 0x0095c6,
    0x0095c7, 0x0095c8, 0x0095c9, 0x00ead5, 0x0095ca, 0x0095cb, 0x0095cc, 0x0095cd, 0x0095ce,
    0x0095cf, 0x0095d0, 0x0095d1, 0x0095d2, 0x0095d3, 0x0095d4, 0x0095d5, 0x0095d6, 0x0095d7,
    0x0095d8, 0x0095d9, 0x0095da, 0x0095db, 0x0095dc, 0x0095dd, 0x0095de, 0x0095df, 0x0095e0,
    0x0095e1, 0x0095e2, 0x0095e3, 0x00caef, 0x0095e4, 0x00ead6, 0x00ead7, 0x00c6d8, 0x0095e5,
    0x0095e6, 0x0095e7, 0x0095e8, 0x0095e9, 0x0095ea, 0x0095eb, 0x0095ec, 0x00ead8, 0x0095ed,
    0x0095ee, 0x00ead9, 0x0095ef, 0x0095f0, 0x0095f1, 0x0095f2, 0x0095f3, 0x0095f4, 0x00d4bb,
    0x0095f5, 0x00c7fa, 0x00d2b7, 0x00b8fc, 0x0095f6, 0x0095f7, 0x00eac2, 0x0095f8, 0x00b2dc,
    0x0095f9, 0x0095fa, 0x00c2fc, 0x0095fb, 0x00d4f8, 0x00cce6, 0x00d7ee, 0x0095fc, 0x0095fd,
    0x0095fe, 0x009640, 0x009641, 0x009642, 0x009643, 0x00d4c2, 0x00d3d0, 0x00ebc3, 0x00c5f3,
    0x009644, 0x00b7fe, 0x009645, 0x009646, 0x00ebd4, 0x009647, 0x009648, 0x009649, 0x00cbb7,
    0x00ebde, 0x00964a, 0x00c0ca, 0x00964b, 0x00964c, 0x00964d, 0x00cdfb, 0x00964e, 0x00b3af,
    0x00964f, 0x00c6da, 0x009650, 0x009651, 0x009652, 0x009653, 0x009654, 0x009655, 0x00ebfc,
    0x009656, 0x00c4be, 0x009657, 0x00ceb4, 0x00c4a9, 0x00b1be, 0x00d4fd, 0x009658, 0x00caf5,
    0x009659, 0x00d6ec, 0x00965a, 0x00965b, 0x00c6d3, 0x00b6e4, 0x00965c, 0x00965d, 0x00965e,
    0x00965f, 0x00bbfa, 0x009660, 0x009661, 0x00d0e0, 0x009662, 0x009663, 0x00c9b1, 0x009664,
    0x00d4d3, 0x00c8a8, 0x009665, 0x009666, 0x00b8cb, 0x009667, 0x00e8be, 0x00c9bc, 0x009668,
    0x009669, 0x00e8bb, 0x00966a, 0x00c0ee, 0x00d0d3, 0x00b2c4, 0x00b4e5, 0x00966b, 0x00e8bc,
    0x00966c, 0x00966d, 0x00d5c8, 0x00966e, 0x00966f, 0x009670, 0x009671, 0x009672, 0x00b6c5,
    0x009673, 0x00e8bd, 0x00caf8, 0x00b8dc, 0x00ccf5, 0x009674, 0x009675, 0x009676, 0x00c0b4,
    0x009677, 0x009678, 0x00d1ee, 0x00e8bf, 0x00e8c2, 0x009679, 0x00967a, 0x00babc, 0x00967b,
    0x00b1ad, 0x00bddc, 0x00967c, 0x00eabd, 0x00e8c3, 0x00967d, 0x00e8c6, 0x00967e, 0x00e8cb,
    0x009680, 0x009681, 0x009682, 0x009683, 0x00e8cc, 0x009684, 0x00cbc9, 0x00b0e5, 0x009685,
    0x00bcab, 0x009686, 0x009687, 0x00b9b9, 0x009688, 0x009689, 0x00e8c1, 0x00968a, 0x00cdf7,
    0x00968b, 0x00e8ca, 0x00968c, 0x00968d, 0x00968e, 0x00968f, 0x00cef6, 0x009690, 0x009691,
    0x009692, 0x009693, 0x00d5ed, 0x009694, 0x00c1d6, 0x00e8c4, 0x009695, 0x00c3b6, 0x009696,
    0x00b9fb, 0x00d6a6, 0x00e8c8, 0x009697, 0x009698, 0x009699, 0x00cae0, 0x00d4e6, 0x00969a,
    0x00e8c0, 0x00969b, 0x00e8c5, 0x00e8c7, 0x00969c, 0x00c7b9, 0x00b7e3, 0x00969d, 0x00e8c9,
    0x00969e, 0x00bfdd, 0x00e8d2, 0x00969f, 0x0096a0, 0x00e8d7, 0x0096a1, 0x00e8d5, 0x00bcdc,
    0x00bccf, 0x00e8db, 0x0096a2, 0x0096a3, 0x0096a4, 0x0096a5, 0x0096a6, 0x0096a7, 0x0096a8,
    0x0096a9, 0x00e8de, 0x0096aa, 0x00e8da, 0x00b1fa, 0x0096ab, 0x0096ac, 0x0096ad, 0x0096ae,
    0x0096af, 0x0096b0, 0x0096b1, 0x0096b2, 0x0096b3, 0x0096b4, 0x00b0d8, 0x00c4b3, 0x00b8cc,
    0x00c6e2, 0x00c8be, 0x00c8e1, 0x0096b5, 0x0096b6, 0x0096b7, 0x00e8cf, 0x00e8d4, 0x00e8d6,
    0x0096b8, 0x00b9f1, 0x00e8d8, 0x00d7f5, 0x0096b9, 0x00c4fb, 0x0096ba, 0x00e8dc, 0x0096bb,
    0x0096bc, 0x00b2e9, 0x0096bd, 0x0096be, 0x0096bf, 0x00e8d1, 0x0096c0, 0x0096c1, 0x00bced,
    0x0096c2, 0x0096c3, 0x00bfc2, 0x00e8cd, 0x00d6f9, 0x0096c4, 0x00c1f8, 0x00b2f1, 0x0096c5,
    0x0096c6, 0x0096c7, 0x0096c8, 0x0096c9, 0x0096ca, 0x0096cb, 0x0096cc, 0x00e8df, 0x0096cd,
    0x00cac1, 0x00e8d9, 0x0096ce, 0x0096cf, 0x0096d0, 0x0096d1, 0x00d5a4, 0x0096d2, 0x00b1ea,
    0x00d5bb, 0x00e8ce, 0x00e8d0, 0x00b6b0, 0x00e8d3, 0x0096d3, 0x00e8dd, 0x00c0b8, 0x0096d4,
    0x00caf7, 0x0096d5, 0x00cba8, 0x0096d6, 0x0096d7, 0x00c6dc, 0x00c0f5, 0x0096d8, 0x0096d9,
    0x0096da, 0x0096db, 0x0096dc, 0x00e8e9, 0x0096dd, 0x0096de, 0x0096df, 0x00d0a3, 0x0096e0,
    0x0096e1, 0x0096e2, 0x0096e3, 0x0096e4, 0x0096e5, 0x0096e6, 0x00e8f2, 0x00d6ea, 0x0096e7,
    0x0096e8, 0x0096e9, 0x0096ea, 0x0096eb, 0x0096ec, 0x0096ed, 0x00e8e0, 0x00e8e1, 0x0096ee,
    0x0096ef, 0x0096f0, 0x00d1f9, 0x00bacb, 0x00b8f9, 0x0096f1, 0x0096f2, 0x00b8f1, 0x00d4d4,
    0x00e8ef, 0x0096f3, 0x00e8ee, 0x00e8ec, 0x00b9f0, 0x00ccd2, 0x00e8e6, 0x00cea6, 0x00bff2,
    0x0096f4, 0x00b0b8, 0x00e8f1, 0x00e8f0, 0x0096f5, 0x00d7c0, 0x0096f6, 0x00e8e4, 0x0096f7,
    0x00cda9, 0x00c9a3, 0x0096f8, 0x00bbb8, 0x00bddb, 0x00e8ea, 0x0096f9, 0x0096fa, 0x0096fb,
    0x0096fc, 0x0096fd, 0x0096fe, 0x009740, 0x009741, 0x009742, 0x009743, 0x00e8e2, 0x00e8e3,
    0x00e8e5, 0x00b5b5, 0x00e8e7, 0x00c7c5, 0x00e8eb, 0x00e8ed, 0x00bdb0, 0x00d7ae, 0x009744,
    0x00e8f8, 0x009745, 0x009746, 0x009747, 0x009748, 0x009749, 0x00974a, 0x00974b, 0x00974c,
    0x00e8f5, 0x00974d, 0x00cdb0, 0x00e8f6, 0x00974e, 0x00974f, 0x009750, 0x009751, 0x009752,
    0x009753, 0x009754, 0x009755, 0x009756, 0x00c1ba, 0x009757, 0x00e8e8, 0x009758, 0x00c3b7,
    0x00b0f0, 0x009759, 0x00975a, 0x00975b, 0x00975c, 0x00975d, 0x00975e, 0x00975f, 0x009760,
    0x00e8f4, 0x009761, 0x009762, 0x009763, 0x00e8f7, 0x009764, 0x009765, 0x009766, 0x00b9a3,
    0x009767, 0x009768, 0x009769, 0x00976a, 0x00976b, 0x00976c, 0x00976d, 0x00976e, 0x00976f,
    0x009770, 0x00c9d2, 0x009771, 0x009772, 0x009773, 0x00c3ce, 0x00cee0, 0x00c0e6, 0x009774,
    0x009775, 0x009776, 0x009777, 0x00cbf3, 0x009778, 0x00ccdd, 0x00d0b5, 0x009779, 0x00977a,
    0x00cae1, 0x00977b, 0x00e8f3, 0x00977c, 0x00977d, 0x00977e, 0x009780, 0x009781, 0x009782,
    0x009783, 0x009784, 0x009785, 0x009786, 0x00bcec, 0x009787, 0x00e8f9, 0x009788, 0x009789,
    0x00978a, 0x00978b, 0x00978c, 0x00978d, 0x00c3de, 0x00978e, 0x00c6e5, 0x00978f, 0x00b9f7,
    0x009790, 0x009791, 0x009792, 0x009793, 0x00b0f4, 0x009794, 0x009795, 0x00d7d8, 0x009796,
    0x009797, 0x00bcac, 0x009798, 0x00c5ef, 0x009799, 0x00979a, 0x00979b, 0x00979c, 0x00979d,
    0x00ccc4, 0x00979e, 0x00979f, 0x00e9a6, 0x0097a0, 0x0097a1, 0x0097a2, 0x0097a3, 0x0097a4,
    0x0097a5, 0x0097a6, 0x0097a7, 0x0097a8, 0x0097a9, 0x00c9ad, 0x0097aa, 0x00e9a2, 0x00c0e2,
    0x0097ab, 0x0097ac, 0x0097ad, 0x00bfc3, 0x0097ae, 0x0097af, 0x0097b0, 0x00e8fe, 0x00b9d7,
    0x0097b1, 0x00e8fb, 0x0097b2, 0x0097b3, 0x0097b4, 0x0097b5, 0x00e9a4, 0x0097b6, 0x0097b7,
    0x0097b8, 0x00d2ce, 0x0097b9, 0x0097ba, 0x0097bb, 0x0097bc, 0x0097bd, 0x00e9a3, 0x0097be,
    0x00d6b2, 0x00d7b5, 0x0097bf, 0x00e9a7, 0x0097c0, 0x00bdb7, 0x0097c1, 0x0097c2, 0x0097c3,
    0x0097c4, 0x0097c5, 0x0097c6, 0x0097c7, 0x0097c8, 0x0097c9, 0x0097ca, 0x0097cb, 0x0097cc,
    0x00e8fc, 0x00e8fd, 0x0097cd, 0x0097ce, 0x0097cf, 0x00e9a1, 0x0097d0, 0x0097d1, 0x0097d2,
    0x0097d3, 0x0097d4, 0x0097d5, 0x0097d6, 0x0097d7, 0x00cdd6, 0x0097d8, 0x0097d9, 0x00d2ac,
    0x0097da, 0x0097db, 0x0097dc, 0x00e9b2, 0x0097dd, 0x0097de, 0x0097df, 0x0097e0, 0x00e9a9,
    0x0097e1, 0x0097e2, 0x0097e3, 0x00b4aa, 0x0097e4, 0x00b4bb, 0x0097e5, 0x0097e6, 0x00e9ab,
    0x0097e7, 0x0097e8, 0x0097e9, 0x0097ea, 0x0097eb, 0x0097ec, 0x0097ed, 0x0097ee, 0x0097ef,
    0x0097f0, 0x0097f1, 0x0097f2, 0x0097f3, 0x0097f4, 0x0097f5, 0x0097f6, 0x0097f7, 0x00d0a8,
    0x0097f8, 0x0097f9, 0x00e9a5, 0x0097fa, 0x0097fb, 0x00b3fe, 0x0097fc, 0x0097fd, 0x00e9ac,
    0x00c0e3, 0x0097fe, 0x00e9aa, 0x009840, 0x009841, 0x00e9b9, 0x009842, 0x009843, 0x00e9b8,
    0x009844, 0x009845, 0x009846, 0x009847, 0x00e9ae, 0x009848, 0x009849, 0x00e8fa, 0x00984a,
    0x00984b, 0x00e9a8, 0x00984c, 0x00984d, 0x00984e, 0x00984f, 0x009850, 0x00bfac, 0x00e9b1,
    0x00e9ba, 0x009851, 0x009852, 0x00c2a5, 0x009853, 0x009854, 0x009855, 0x00e9af, 0x009856,
    0x00b8c5, 0x009857, 0x00e9ad, 0x009858, 0x00d3dc, 0x00e9b4, 0x00e9b5, 0x00e9b7, 0x009859,
    0x00985a, 0x00985b, 0x00e9c7, 0x00985c, 0x00985d, 0x00985e, 0x00985f, 0x009860, 0x009861,
    0x00c0c6, 0x00e9c5, 0x009862, 0x009863, 0x00e9b0, 0x009864, 0x009865, 0x00e9bb, 0x00b0f1,
    0x009866, 0x009867, 0x009868, 0x009869, 0x00986a, 0x00986b, 0x00986c, 0x00986d, 0x00986e,
    0x00986f, 0x00e9bc, 0x00d5a5, 0x009870, 0x009871, 0x00e9be, 0x009872, 0x00e9bf, 0x009873,
    0x009874, 0x009875, 0x00e9c1, 0x009876, 0x009877, 0x00c1f1, 0x009878, 0x009879, 0x00c8b6,
    0x00987a, 0x00987b, 0x00987c, 0x00e9bd, 0x00987d, 0x00987e, 0x009880, 0x009881, 0x009882,
    0x00e9c2, 0x009883, 0x009884, 0x009885, 0x009886, 0x009887, 0x009888, 0x009889, 0x00988a,
    0x00e9c3, 0x00988b, 0x00e9b3, 0x00988c, 0x00e9b6, 0x00988d, 0x00bbb1, 0x00988e, 0x00988f,
    0x009890, 0x00e9c0, 0x009891, 0x009892, 0x009893, 0x009894, 0x009895, 0x009896, 0x00bcf7,
    0x009897, 0x009898, 0x009899, 0x00e9c4, 0x00e9c6, 0x00989a, 0x00989b, 0x00989c, 0x00989d,
    0x00989e, 0x00989f, 0x0098a0, 0x0098a1, 0x0098a2, 0x0098a3, 0x0098a4, 0x0098a5, 0x00e9ca,
    0x0098a6, 0x0098a7, 0x0098a8, 0x0098a9, 0x00e9ce, 0x0098aa, 0x0098ab, 0x0098ac, 0x0098ad,
    0x0098ae, 0x0098af, 0x0098b0, 0x0098b1, 0x0098b2, 0x0098b3, 0x00b2db, 0x0098b4, 0x00e9c8,
    0x0098b5, 0x0098b6, 0x0098b7, 0x0098b8, 0x0098b9, 0x0098ba, 0x0098bb, 0x0098bc, 0x0098bd,
    0x0098be, 0x00b7ae, 0x0098bf, 0x0098c0, 0x0098c1, 0x0098c2, 0x0098c3, 0x0098c4, 0x0098c5,
    0x0098c6, 0x0098c7, 0x0098c8, 0x0098c9, 0x0098ca, 0x00e9cb, 0x00e9cc, 0x0098cb, 0x0098cc,
    0x0098cd, 0x0098ce, 0x0098cf, 0x0098d0, 0x00d5c1, 0x0098d1, 0x00c4a3, 0x0098d2, 0x0098d3,
    0x0098d4, 0x0098d5, 0x0098d6, 0x0098d7, 0x00e9d8, 0x0098d8, 0x00bae1, 0x0098d9, 0x0098da,
    0x0098db, 0x0098dc, 0x00e9c9, 0x0098dd, 0x00d3a3, 0x0098de, 0x0098df, 0x0098e0, 0x00e9d4,
    0x0098e1, 0x0098e2, 0x0098e3, 0x0098e4, 0x0098e5, 0x0098e6, 0x0098e7, 0x00e9d7, 0x00e9d0,
    0x0098e8, 0x0098e9, 0x0098ea, 0x0098eb, 0x0098ec, 0x00e9cf, 0x0098ed, 0x0098ee, 0x00c7c1,
    0x0098ef, 0x0098f0, 0x0098f1, 0x0098f2, 0x0098f3, 0x0098f4, 0x0098f5, 0x0098f6, 0x00e9d2,
    0x0098f7, 0x0098f8, 0x0098f9, 0x0098fa, 0x0098fb, 0x0098fc, 0x0098fd, 0x00e9d9, 0x00b3c8,
    0x0098fe, 0x00e9d3, 0x009940, 0x009941, 0x009942, 0x009943, 0x009944, 0x00cff0, 0x009945,
    0x009946, 0x009947, 0x00e9cd, 0x009948, 0x009949, 0x00994a, 0x00994b, 0x00994c, 0x00994d,
    0x00994e, 0x00994f, 0x009950, 0x009951, 0x009952, 0x00b3f7, 0x009953, 0x009954, 0x009955,
    0x009956, 0x009957, 0x009958, 0x009959, 0x00e9d6, 0x00995a, 0x00995b, 0x00e9da, 0x00995c,
    0x00995d, 0x00995e, 0x00ccb4, 0x00995f, 0x009960, 0x009961, 0x00cfad, 0x009962, 0x009963,
    0x009964, 0x009965, 0x009966, 0x009967, 0x009968, 0x009969, 0x00996a, 0x00e9d5, 0x00996b,
    0x00e9dc, 0x00e9db, 0x00996c, 0x00996d, 0x00996e, 0x00996f, 0x009970, 0x00e9de, 0x009971,
    0x009972, 0x009973, 0x009974, 0x009975, 0x009976, 0x009977, 0x009978, 0x00e9d1, 0x009979,
    0x00997a, 0x00997b, 0x00997c, 0x00997d, 0x00997e, 0x009980, 0x009981, 0x00e9dd, 0x009982,
    0x00e9df, 0x00c3ca, 0x009983, 0x009984, 0x009985, 0x009986, 0x009987, 0x009988, 0x009989,
    0x00998a, 0x00998b, 0x00998c, 0x00998d, 0x00998e, 0x00998f, 0x009990, 0x009991, 0x009992,
    0x009993, 0x009994, 0x009995, 0x009996, 0x009997, 0x009998, 0x009999, 0x00999a, 0x00999b,
    0x00999c, 0x00999d, 0x00999e, 0x00999f, 0x0099a0, 0x0099a1, 0x0099a2, 0x0099a3, 0x0099a4,
    0x0099a5, 0x0099a6, 0x0099a7, 0x0099a8, 0x0099a9, 0x0099aa, 0x0099ab, 0x0099ac, 0x0099ad,
    0x0099ae, 0x0099af, 0x0099b0, 0x0099b1, 0x0099b2, 0x0099b3, 0x0099b4, 0x0099b5, 0x0099b6,
    0x0099b7, 0x0099b8, 0x0099b9, 0x0099ba, 0x0099bb, 0x0099bc, 0x0099bd, 0x0099be, 0x0099bf,
    0x0099c0, 0x0099c1, 0x0099c2, 0x0099c3, 0x0099c4, 0x0099c5, 0x0099c6, 0x0099c7, 0x0099c8,
    0x0099c9, 0x0099ca, 0x0099cb, 0x0099cc, 0x0099cd, 0x0099ce, 0x0099cf, 0x0099d0, 0x0099d1,
    0x0099d2, 0x0099d3, 0x0099d4, 0x0099d5, 0x0099d6, 0x0099d7, 0x0099d8, 0x0099d9, 0x0099da,
    0x0099db, 0x0099dc, 0x0099dd, 0x0099de, 0x0099df, 0x0099e0, 0x0099e1, 0x0099e2, 0x0099e3,
    0x0099e4, 0x0099e5, 0x0099e6, 0x0099e7, 0x0099e8, 0x0099e9, 0x0099ea, 0x0099eb, 0x0099ec,
    0x0099ed, 0x0099ee, 0x0099ef, 0x0099f0, 0x0099f1, 0x0099f2, 0x0099f3, 0x0099f4, 0x0099f5,
    0x00c7b7, 0x00b4ce, 0x00bbb6, 0x00d0c0, 0x00eca3, 0x0099f6, 0x0099f7, 0x00c5b7, 0x0099f8,
    0x0099f9, 0x0099fa, 0x0099fb, 0x0099fc, 0x0099fd, 0x0099fe, 0x009a40, 0x009a41, 0x009a42,
    0x00d3fb, 0x009a43, 0x009a44, 0x009a45, 0x009a46, 0x00eca4, 0x009a47, 0x00eca5, 0x00c6db,
    0x009a48, 0x009a49, 0x009a4a, 0x00bfee, 0x009a4b, 0x009a4c, 0x009a4d, 0x009a4e, 0x00eca6,
    0x009a4f, 0x009a50, 0x00eca7, 0x00d0aa, 0x009a51, 0x00c7b8, 0x009a52, 0x009a53, 0x00b8e8,
    0x009a54, 0x009a55, 0x009a56, 0x009a57, 0x009a58, 0x009a59, 0x009a5a, 0x009a5b, 0x009a5c,
    0x009a5d, 0x009a5e, 0x009a5f, 0x00eca8, 0x009a60, 0x009a61, 0x009a62, 0x009a63, 0x009a64,
    0x009a65, 0x009a66, 0x009a67, 0x00d6b9, 0x00d5fd, 0x00b4cb, 0x00b2bd, 0x00cee4, 0x00c6e7,
    0x009a68, 0x009a69, 0x00cde1, 0x009a6a, 0x009a6b, 0x009a6c, 0x009a6d, 0x009a6e, 0x009a6f,
    0x009a70, 0x009a71, 0x009a72, 0x009a73, 0x009a74, 0x009a75, 0x009a76, 0x009a77, 0x00b4f5,
    0x009a78, 0x00cbc0, 0x00bcdf, 0x009a79, 0x009a7a, 0x009a7b, 0x009a7c, 0x00e9e2, 0x00e9e3,
    0x00d1ea, 0x00e9e5, 0x009a7d, 0x00b4f9, 0x00e9e4, 0x009a7e, 0x00d1b3, 0x00cae2, 0x00b2d0,
    0x009a80, 0x00e9e8, 0x009a81, 0x009a82, 0x009a83, 0x009a84, 0x00e9e6, 0x00e9e7, 0x009a85,
    0x009a86, 0x00d6b3, 0x009a87, 0x009a88, 0x009a89, 0x00e9e9, 0x00e9ea, 0x009a8a, 0x009a8b,
    0x009a8c, 0x009a8d, 0x009a8e, 0x00e9eb, 0x009a8f, 0x009a90, 0x009a91, 0x009a92, 0x009a93,
    0x009a94, 0x009a95, 0x009a96, 0x00e9ec, 0x009a97, 0x009a98, 0x009a99, 0x009a9a, 0x009a9b,
    0x009a9c, 0x009a9d, 0x009a9e, 0x00ecaf, 0x00c5b9, 0x00b6ce, 0x009a9f, 0x00d2f3, 0x009aa0,
    0x009aa1, 0x009aa2, 0x009aa3, 0x009aa4, 0x009aa5, 0x009aa6, 0x00b5ee, 0x009aa7, 0x00bbd9,
    0x00ecb1, 0x009aa8, 0x009aa9, 0x00d2e3, 0x009aaa, 0x009aab, 0x009aac, 0x009aad, 0x009aae,
    0x00cee3, 0x009aaf, 0x00c4b8, 0x009ab0, 0x00c3bf, 0x009ab1, 0x009ab2, 0x00b6be, 0x00d8b9,
    0x00b1c8, 0x00b1cf, 0x00b1d1, 0x00c5fe, 0x009ab3, 0x00b1d0, 0x009ab4, 0x00c3ab, 0x009ab5,
    0x009ab6, 0x009ab7, 0x009ab8, 0x009ab9, 0x00d5b1, 0x009aba, 0x009abb, 0x009abc, 0x009abd,
    0x009abe, 0x009abf, 0x009ac0, 0x009ac1, 0x00eba4, 0x00bac1, 0x009ac2, 0x009ac3, 0x009ac4,
    0x00ccba, 0x009ac5, 0x009ac6, 0x009ac7, 0x00eba5, 0x009ac8, 0x00eba7, 0x009ac9, 0x009aca,
    0x009acb, 0x00eba8, 0x009acc, 0x009acd, 0x009ace, 0x00eba6, 0x009acf, 0x009ad0, 0x009ad1,
    0x009ad2, 0x009ad3, 0x009ad4, 0x009ad5, 0x00eba9, 0x00ebab, 0x00ebaa, 0x009ad6, 0x009ad7,
    0x009ad8, 0x009ad9, 0x009ada, 0x00ebac, 0x009adb, 0x00cacf, 0x00d8b5, 0x00c3f1, 0x009adc,
    0x00c3a5, 0x00c6f8, 0x00ebad, 0x00c4ca, 0x009add, 0x00ebae, 0x00ebaf, 0x00ebb0, 0x00b7d5,
    0x009ade, 0x009adf, 0x009ae0, 0x00b7fa, 0x009ae1, 0x00ebb1, 0x00c7e2, 0x009ae2, 0x00ebb3,
    0x009ae3, 0x00baa4, 0x00d1f5, 0x00b0b1, 0x00ebb2, 0x00ebb4, 0x009ae4, 0x009ae5, 0x009ae6,
    0x00b5aa, 0x00c2c8, 0x00c7e8, 0x009ae7, 0x00ebb5, 0x009ae8, 0x00cbae, 0x00e3df, 0x009ae9,
    0x009aea, 0x00d3c0, 0x009aeb, 0x009aec, 0x009aed, 0x009aee, 0x00d9db, 0x009aef, 0x009af0,
    0x00cda1, 0x00d6ad, 0x00c7f3, 0x009af1, 0x009af2, 0x009af3, 0x00d9e0, 0x00bbe3, 0x009af4,
    0x00baba, 0x00e3e2, 0x009af5, 0x009af6, 0x009af7, 0x009af8, 0x009af9, 0x00cfab, 0x009afa,
    0x009afb, 0x009afc, 0x00e3e0, 0x00c9c7, 0x009afd, 0x00bab9, 0x009afe, 0x009b40, 0x009b41,
    0x00d1b4, 0x00e3e1, 0x00c8ea, 0x00b9af, 0x00bdad, 0x00b3d8, 0x00cedb, 0x009b42, 0x009b43,
    0x00ccc0, 0x009b44, 0x009b45, 0x009b46, 0x00e3e8, 0x00e3e9, 0x00cdf4, 0x009b47, 0x009b48,
    0x009b49, 0x009b4a, 0x009b4b, 0x00ccad, 0x009b4c, 0x00bcb3, 0x009b4d, 0x00e3ea, 0x009b4e,
    0x00e3eb, 0x009b4f, 0x009b50, 0x00d0da, 0x009b51, 0x009b52, 0x009b53, 0x00c6fb, 0x00b7da,
    0x009b54, 0x009b55, 0x00c7df, 0x00d2ca, 0x00ced6, 0x009b56, 0x00e3e4, 0x00e3ec, 0x009b57,
    0x00c9f2, 0x00b3c1, 0x009b58, 0x009b59, 0x00e3e7, 0x009b5a, 0x009b5b, 0x00c6e3, 0x00e3e5,
    0x009b5c, 0x009b5d, 0x00edb3, 0x00e3e6, 0x009b5e, 0x009b5f, 0x009b60, 0x009b61, 0x00c9b3,
    0x009b62, 0x00c5e6, 0x009b63, 0x009b64, 0x009b65, 0x00b9b5, 0x009b66, 0x00c3bb, 0x009b67,
    0x00e3e3, 0x00c5bd, 0x00c1a4, 0x00c2d9, 0x00b2d7, 0x009b68, 0x00e3ed, 0x00bba6, 0x00c4ad,
    0x009b69, 0x00e3f0, 0x00beda, 0x009b6a, 0x009b6b, 0x00e3fb, 0x00e3f5, 0x00bad3, 0x009b6c,
    0x009b6d, 0x009b6e, 0x009b6f, 0x00b7d0, 0x00d3cd, 0x009b70, 0x00d6ce, 0x00d5d3, 0x00b9c1,
    0x00d5b4, 0x00d1d8, 0x009b71, 0x009b72, 0x009b73, 0x009b74, 0x00d0b9, 0x00c7f6, 0x009b75,
    0x009b76, 0x009b77, 0x00c8aa, 0x00b2b4, 0x009b78, 0x00c3da, 0x009b79, 0x009b7a, 0x009b7b,
    0x00e3ee, 0x009b7c, 0x009b7d, 0x00e3fc, 0x00e3ef, 0x00b7a8, 0x00e3f7, 0x00e3f4, 0x009b7e,
    0x009b80, 0x009b81, 0x00b7ba, 0x009b82, 0x009b83, 0x00c5a2, 0x009b84, 0x00e3f6, 0x00c5dd,
    0x00b2a8, 0x00c6fc, 0x009b85, 0x00c4e0, 0x009b86, 0x009b87, 0x00d7a2, 0x009b88, 0x00c0e1,
    0x00e3f9, 0x009b89, 0x009b8a, 0x00e3fa, 0x00e3fd, 0x00cca9, 0x00e3f3, 0x009b8b, 0x00d3be,
    0x009b8c, 0x00b1c3, 0x00edb4, 0x00e3f1, 0x00e3f2, 0x009b8d, 0x00e3f8, 0x00d0ba, 0x00c6c3,
    0x00d4f3, 0x00e3fe, 0x009b8e, 0x009b8f, 0x00bde0, 0x009b90, 0x009b91, 0x00e4a7, 0x009b92,
    0x009b93, 0x00e4a6, 0x009b94, 0x009b95, 0x009b96, 0x00d1f3, 0x00e4a3, 0x009b97, 0x00e4a9,
    0x009b98, 0x009b99, 0x009b9a, 0x00c8f7, 0x009b9b, 0x009b9c, 0x009b9d, 0x009b9e, 0x00cfb4,
    0x009b9f, 0x00e4a8, 0x00e4ae, 0x00c2e5, 0x009ba0, 0x009ba1, 0x00b6b4, 0x009ba2, 0x009ba3,
    0x009ba4, 0x009ba5, 0x009ba6, 0x009ba7, 0x00bdf2, 0x009ba8, 0x00e4a2, 0x009ba9, 0x009baa,
    0x00bae9, 0x00e4aa, 0x009bab, 0x009bac, 0x00e4ac, 0x009bad, 0x009bae, 0x00b6fd, 0x00d6de,
    0x00e4b2, 0x009baf, 0x00e4ad, 0x009bb0, 0x009bb1, 0x009bb2, 0x00e4a1, 0x009bb3, 0x00bbee,
    0x00cddd, 0x00c7a2, 0x00c5c9, 0x009bb4, 0x009bb5, 0x00c1f7, 0x009bb6, 0x00e4a4, 0x009bb7,
    0x00c7b3, 0x00bdac, 0x00bdbd, 0x00e4a5, 0x009bb8, 0x00d7c7, 0x00b2e2, 0x009bb9, 0x00e4ab,
    0x00bcc3, 0x00e4af, 0x009bba, 0x00bbeb, 0x00e4b0, 0x00c5a8, 0x00e4b1, 0x009bbb, 0x009bbc,
    0x009bbd, 0x009bbe, 0x00d5e3, 0x00bfa3, 0x009bbf, 0x00e4ba, 0x009bc0, 0x00e4b7, 0x009bc1,
    0x00e4bb, 0x009bc2, 0x009bc3, 0x00e4bd, 0x009bc4, 0x009bc5, 0x00c6d6, 0x009bc6, 0x009bc7,
    0x00bac6, 0x00c0cb, 0x009bc8, 0x009bc9, 0x009bca, 0x00b8a1, 0x00e4b4, 0x009bcb, 0x009bcc,
    0x009bcd, 0x009bce, 0x00d4a1, 0x009bcf, 0x009bd0, 0x00baa3, 0x00bdfe, 0x009bd1, 0x009bd2,
    0x009bd3, 0x00e4bc, 0x009bd4, 0x009bd5, 0x009bd6, 0x009bd7, 0x009bd8, 0x00cdbf, 0x009bd9,
    0x009bda, 0x00c4f9, 0x009bdb, 0x009bdc, 0x00cffb, 0x00c9e6, 0x009bdd, 0x009bde, 0x00d3bf,
    0x009bdf, 0x00cfd1, 0x009be0, 0x009be1, 0x00e4b3, 0x009be2, 0x00e4b8, 0x00e4b9, 0x00cce9,
    0x009be3, 0x009be4, 0x009be5, 0x009be6, 0x009be7, 0x00ccce, 0x009be8, 0x00c0d4, 0x00e4b5,
    0x00c1b0, 0x00e4b6, 0x00ced0, 0x009be9, 0x00bbc1, 0x00b5d3, 0x009bea, 0x00c8f3, 0x00bda7,
    0x00d5c7, 0x00c9ac, 0x00b8a2, 0x00e4ca, 0x009beb, 0x009bec, 0x00e4cc, 0x00d1c4, 0x009bed,
    0x009bee, 0x00d2ba, 0x009bef, 0x009bf0, 0x00baad, 0x009bf1, 0x009bf2, 0x00bad4, 0x009bf3,
    0x009bf4, 0x009bf5, 0x009bf6, 0x009bf7, 0x009bf8, 0x00e4c3, 0x00b5ed, 0x009bf9, 0x009bfa,
    0x009bfb, 0x00d7cd, 0x00e4c0, 0x00cffd, 0x00e4bf, 0x009bfc, 0x009bfd, 0x009bfe, 0x00c1dc,
    0x00ccca, 0x009c40, 0x009c41, 0x009c42, 0x009c43, 0x00cae7, 0x009c44, 0x009c45, 0x009c46,
    0x009c47, 0x00c4d7, 0x009c48, 0x00ccd4, 0x00e4c8, 0x009c49, 0x009c4a, 0x009c4b, 0x00e4c7,
    0x00e4c1, 0x009c4c, 0x00e4c4, 0x00b5ad, 0x009c4d, 0x009c4e, 0x00d3d9, 0x009c4f, 0x00e4c6,
    0x009c50, 0x009c51, 0x009c52, 0x009c53, 0x00d2f9, 0x00b4e3, 0x009c54, 0x00bbb4, 0x009c55,
    0x009c56, 0x00c9ee, 0x009c57, 0x00b4be, 0x009c58, 0x009c59, 0x009c5a, 0x00bbec, 0x009c5b,
    0x00d1cd, 0x009c5c, 0x00cced, 0x00edb5, 0x009c5d, 0x009c5e, 0x009c5f, 0x009c60, 0x009c61,
    0x009c62, 0x009c63, 0x009c64, 0x00c7e5, 0x009c65, 0x009c66, 0x009c67, 0x009c68, 0x00d4a8,
    0x009c69, 0x00e4cb, 0x00d7d5, 0x00e4c2, 0x009c6a, 0x00bda5, 0x00e4c5, 0x009c6b, 0x009c6c,
    0x00d3e6, 0x009c6d, 0x00e4c9, 0x00c9f8, 0x009c6e, 0x009c6f, 0x00e4be, 0x009c70, 0x009c71,
    0x00d3e5, 0x009c72, 0x009c73, 0x00c7fe, 0x00b6c9, 0x009c74, 0x00d4fc, 0x00b2b3, 0x00e4d7,
    0x009c75, 0x009c76, 0x009c77, 0x00cec2, 0x009c78, 0x00e4cd, 0x009c79, 0x00cebc, 0x009c7a,
    0x00b8db, 0x009c7b, 0x009c7c, 0x00e4d6, 0x009c7d, 0x00bfca, 0x009c7e, 0x009c80, 0x009c81,
    0x00d3ce, 0x009c82, 0x00c3ec, 0x009c83, 0x009c84, 0x009c85, 0x009c86, 0x009c87, 0x009c88,
    0x009c89, 0x009c8a, 0x00c5c8, 0x00e4d8, 0x009c8b, 0x009c8c, 0x009c8d, 0x009c8e, 0x009c8f,
    0x009c90, 0x009c91, 0x009c92, 0x00cdc4, 0x00e4cf, 0x009c93, 0x009c94, 0x009c95, 0x009c96,
    0x00e4d4, 0x00e4d5, 0x009c97, 0x00bafe, 0x009c98, 0x00cfe6, 0x009c99, 0x009c9a, 0x00d5bf,
    0x009c9b, 0x009c9c, 0x009c9d, 0x00e4d2, 0x009c9e, 0x009c9f, 0x009ca0, 0x009ca1, 0x009ca2,
    0x009ca3, 0x009ca4, 0x009ca5, 0x009ca6, 0x009ca7, 0x009ca8, 0x00e4d0, 0x009ca9, 0x009caa,
    0x00e4ce, 0x009cab, 0x009cac, 0x009cad, 0x009cae, 0x009caf, 0x009cb0, 0x009cb1, 0x009cb2,
    0x009cb3, 0x009cb4, 0x009cb5, 0x009cb6, 0x009cb7, 0x009cb8, 0x009cb9, 0x00cde5, 0x00caaa,
    0x009cba, 0x009cbb, 0x009cbc, 0x00c0a3, 0x009cbd, 0x00bda6, 0x00e4d3, 0x009cbe, 0x009cbf,
    0x00b8c8, 0x009cc0, 0x009cc1, 0x009cc2, 0x009cc3, 0x009cc4, 0x00e4e7, 0x00d4b4, 0x009cc5,
    0x009cc6, 0x009cc7, 0x009cc8, 0x009cc9, 0x009cca, 0x009ccb, 0x00e4db, 0x009ccc, 0x009ccd,
    0x009cce, 0x00c1ef, 0x009ccf, 0x009cd0, 0x00e4e9, 0x009cd1, 0x009cd2, 0x00d2e7, 0x009cd3,
    0x009cd4, 0x00e4df, 0x009cd5, 0x00e4e0, 0x009cd6, 0x009cd7, 0x00cfaa, 0x009cd8, 0x009cd9,
    0x009cda, 0x009cdb, 0x00cbdd, 0x009cdc, 0x00e4da, 0x00e4d1, 0x009cdd, 0x00e4e5, 0x009cde,
    0x00c8dc, 0x00e4e3, 0x009cdf, 0x009ce0, 0x00c4e7, 0x00e4e2, 0x009ce1, 0x00e4e1, 0x009ce2,
    0x009ce3, 0x009ce4, 0x00b3fc, 0x00e4e8, 0x009ce5, 0x009ce6, 0x009ce7, 0x009ce8, 0x00b5e1,
    0x009ce9, 0x009cea, 0x009ceb, 0x00d7cc, 0x009cec, 0x009ced, 0x009cee, 0x00e4e6, 0x009cef,
    0x00bbac, 0x009cf0, 0x00d7d2, 0x00cccf, 0x00ebf8, 0x009cf1, 0x00e4e4, 0x009cf2, 0x009cf3,
    0x00b9f6, 0x009cf4, 0x009cf5, 0x009cf6, 0x00d6cd, 0x00e4d9, 0x00e4dc, 0x00c2fa, 0x00e4de,
    0x009cf7, 0x00c2cb, 0x00c0c4, 0x00c2d0, 0x009cf8, 0x00b1f5, 0x00ccb2, 0x009cf9, 0x009cfa,
    0x009cfb, 0x009cfc, 0x009cfd, 0x009cfe, 0x009d40, 0x009d41, 0x009d42, 0x009d43, 0x00b5ce,
    0x009d44, 0x009d45, 0x009d46, 0x009d47, 0x00e4ef, 0x009d48, 0x009d49, 0x009d4a, 0x009d4b,
    0x009d4c, 0x009d4d, 0x009d4e, 0x009d4f, 0x00c6af, 0x009d50, 0x009d51, 0x009d52, 0x00c6e1,
    0x009d53, 0x009d54, 0x00e4f5, 0x009d55, 0x009d56, 0x009d57, 0x009d58, 0x009d59, 0x00c2a9,
    0x009d5a, 0x009d5b, 0x009d5c, 0x00c0ec, 0x00d1dd, 0x00e4ee, 0x009d5d, 0x009d5e, 0x009d5f,
    0x009d60, 0x009d61, 0x009d62, 0x009d63, 0x009d64, 0x009d65, 0x009d66, 0x00c4ae, 0x009d67,
    0x009d68, 0x009d69, 0x00e4ed, 0x009d6a, 0x009d6b, 0x009d6c, 0x009d6d, 0x00e4f6, 0x00e4f4,
    0x00c2fe, 0x009d6e, 0x00e4dd, 0x009d6f, 0x00e4f0, 0x009d70, 0x00cafe, 0x009d71, 0x00d5c4,
    0x009d72, 0x009d73, 0x00e4f1, 0x009d74, 0x009d75, 0x009d76, 0x009d77, 0x009d78, 0x009d79,
    0x009d7a, 0x00d1fa, 0x009d7b, 0x009d7c, 0x009d7d, 0x009d7e, 0x009d80, 0x009d81, 0x009d82,
    0x00e4eb, 0x00e4ec, 0x009d83, 0x009d84, 0x009d85, 0x00e4f2, 0x009d86, 0x00ceab, 0x009d87,
    0x009d88, 0x009d89, 0x009d8a, 0x009d8b, 0x009d8c, 0x009d8d, 0x009d8e, 0x009d8f, 0x009d90,
    0x00c5cb, 0x009d91, 0x009d92, 0x009d93, 0x00c7b1, 0x009d94, 0x00c2ba, 0x009d95, 0x009d96,
    0x009d97, 0x00e4ea, 0x009d98, 0x009d99, 0x009d9a, 0x00c1ca, 0x009d9b, 0x009d9c, 0x009d9d,
    0x009d9e, 0x009d9f, 0x009da0, 0x00ccb6, 0x00b3b1, 0x009da1, 0x009da2, 0x009da3, 0x00e4fb,
    0x009da4, 0x00e4f3, 0x009da5, 0x009da6, 0x009da7, 0x00e4fa, 0x009da8, 0x00e4fd, 0x009da9,
    0x00e4fc, 0x009daa, 0x009dab, 0x009dac, 0x009dad, 0x009dae, 0x009daf, 0x009db0, 0x00b3ce,
    0x009db1, 0x009db2, 0x009db3, 0x00b3ba, 0x00e4f7, 0x009db4, 0x009db5, 0x00e4f9, 0x00e4f8,
    0x00c5ec, 0x009db6, 0x009db7, 0x009db8, 0x009db9, 0x009dba, 0x009dbb, 0x009dbc, 0x009dbd,
    0x009dbe, 0x009dbf, 0x009dc0, 0x009dc1, 0x009dc2, 0x00c0bd, 0x009dc3, 0x009dc4, 0x009dc5,
    0x009dc6, 0x00d4e8, 0x009dc7, 0x009dc8, 0x009dc9, 0x009dca, 0x009dcb, 0x00e5a2, 0x009dcc,
    0x009dcd, 0x009dce, 0x009dcf, 0x009dd0, 0x009dd1, 0x009dd2, 0x009dd3, 0x009dd4, 0x009dd5,
    0x009dd6, 0x00b0c4, 0x009dd7, 0x009dd8, 0x00e5a4, 0x009dd9, 0x009dda, 0x00e5a3, 0x009ddb,
    0x009ddc, 0x009ddd, 0x009dde, 0x009ddf, 0x009de0, 0x00bca4, 0x009de1, 0x00e5a5, 0x009de2,
    0x009de3, 0x009de4, 0x009de5, 0x009de6, 0x009de7, 0x00e5a1, 0x009de8, 0x009de9, 0x009dea,
    0x009deb, 0x009dec, 0x009ded, 0x009dee, 0x00e4fe, 0x00b1f4, 0x009def, 0x009df0, 0x009df1,
    0x009df2, 0x009df3, 0x009df4, 0x009df5, 0x009df6, 0x009df7, 0x009df8, 0x009df9, 0x00e5a8,
    0x009dfa, 0x00e5a9, 0x00e5a6, 0x009dfb, 0x009dfc, 0x009dfd, 0x009dfe, 0x009e40, 0x009e41,
    0x009e42, 0x009e43, 0x009e44, 0x009e45, 0x009e46, 0x009e47, 0x00e5a7, 0x00e5aa, 0x009e48,
    0x009e49, 0x009e4a, 0x009e4b, 0x009e4c, 0x009e4d, 0x009e4e, 0x009e4f, 0x009e50, 0x009e51,
    0x009e52, 0x009e53, 0x009e54, 0x009e55, 0x009e56, 0x009e57, 0x009e58, 0x009e59, 0x009e5a,
    0x009e5b, 0x009e5c, 0x009e5d, 0x009e5e, 0x009e5f, 0x009e60, 0x009e61, 0x009e62, 0x009e63,
    0x009e64, 0x009e65, 0x009e66, 0x009e67, 0x009e68, 0x00c6d9, 0x009e69, 0x009e6a, 0x009e6b,
    0x009e6c, 0x009e6d, 0x009e6e, 0x009e6f, 0x009e70, 0x00e5ab, 0x00e5ad, 0x009e71, 0x009e72,
    0x009e73, 0x009e74, 0x009e75, 0x009e76, 0x009e77, 0x00e5ac, 0x009e78, 0x009e79, 0x009e7a,
    0x009e7b, 0x009e7c, 0x009e7d, 0x009e7e, 0x009e80, 0x009e81, 0x009e82, 0x009e83, 0x009e84,
    0x009e85, 0x009e86, 0x009e87, 0x009e88, 0x009e89, 0x00e5af, 0x009e8a, 0x009e8b, 0x009e8c,
    0x00e5ae, 0x009e8d, 0x009e8e, 0x009e8f, 0x009e90, 0x009e91, 0x009e92, 0x009e93, 0x009e94,
    0x009e95, 0x009e96, 0x009e97, 0x009e98, 0x009e99, 0x009e9a, 0x009e9b, 0x009e9c, 0x009e9d,
    0x009e9e, 0x00b9e0, 0x009e9f, 0x009ea0, 0x00e5b0, 0x009ea1, 0x009ea2, 0x009ea3, 0x009ea4,
    0x009ea5, 0x009ea6, 0x009ea7, 0x009ea8, 0x009ea9, 0x009eaa, 0x009eab, 0x009eac, 0x009ead,
    0x009eae, 0x00e5b1, 0x009eaf, 0x009eb0, 0x009eb1, 0x009eb2, 0x009eb3, 0x009eb4, 0x009eb5,
    0x009eb6, 0x009eb7, 0x009eb8, 0x009eb9, 0x009eba, 0x00bbf0, 0x00ece1, 0x00c3f0, 0x009ebb,
    0x00b5c6, 0x00bbd2, 0x009ebc, 0x009ebd, 0x009ebe, 0x009ebf, 0x00c1e9, 0x00d4ee, 0x009ec0,
    0x00bec4, 0x009ec1, 0x009ec2, 0x009ec3, 0x00d7c6, 0x009ec4, 0x00d4d6, 0x00b2d3, 0x00ecbe,
    0x009ec5, 0x009ec6, 0x009ec7, 0x009ec8, 0x00eac1, 0x009ec9, 0x009eca, 0x009ecb, 0x00c2af,
    0x00b4b6, 0x009ecc, 0x009ecd, 0x009ece, 0x00d1d7, 0x009ecf, 0x009ed0, 0x009ed1, 0x00b3b4,
    0x009ed2, 0x00c8b2, 0x00bfbb, 0x00ecc0, 0x009ed3, 0x009ed4, 0x00d6cb, 0x009ed5, 0x009ed6,
    0x00ecbf, 0x00ecc1, 0x009ed7, 0x009ed8, 0x009ed9, 0x009eda, 0x009edb, 0x009edc, 0x009edd,
    0x009ede, 0x009edf, 0x009ee0, 0x009ee1, 0x009ee2, 0x009ee3, 0x00ecc5, 0x00bee6, 0x00ccbf,
    0x00c5da, 0x00bebc, 0x009ee4, 0x00ecc6, 0x009ee5, 0x00b1fe, 0x009ee6, 0x009ee7, 0x009ee8,
    0x00ecc4, 0x00d5a8, 0x00b5e3, 0x009ee9, 0x00ecc2, 0x00c1b6, 0x00b3e3, 0x009eea, 0x009eeb,
    0x00ecc3, 0x00cbb8, 0x00c0c3, 0x00ccfe, 0x009eec, 0x009eed, 0x009eee, 0x009eef, 0x00c1d2,
    0x009ef0, 0x00ecc8, 0x009ef1, 0x009ef2, 0x009ef3, 0x009ef4, 0x009ef5, 0x009ef6, 0x009ef7,
    0x009ef8, 0x009ef9, 0x009efa, 0x009efb, 0x009efc, 0x009efd, 0x00bae6, 0x00c0d3, 0x009efe,
    0x00d6f2, 0x009f40, 0x009f41, 0x009f42, 0x00d1cc, 0x009f43, 0x009f44, 0x009f45, 0x009f46,
    0x00bfbe, 0x009f47, 0x00b7b3, 0x00c9d5, 0x00ecc7, 0x00bbe2, 0x009f48, 0x00cccc, 0x00bdfd,
    0x00c8c8, 0x009f49, 0x00cfa9, 0x009f4a, 0x009f4b, 0x009f4c, 0x009f4d, 0x009f4e, 0x009f4f,
    0x009f50, 0x00cde9, 0x009f51, 0x00c5eb, 0x009f52, 0x009f53, 0x009f54, 0x00b7e9, 0x009f55,
    0x009f56, 0x009f57, 0x009f58, 0x009f59, 0x009f5a, 0x009f5b, 0x009f5c, 0x009f5d, 0x009f5e,
    0x009f5f, 0x00d1c9, 0x00bab8, 0x009f60, 0x009f61, 0x009f62, 0x009f63, 0x009f64, 0x00ecc9,
    0x009f65, 0x009f66, 0x00ecca, 0x009f67, 0x00bbc0, 0x00eccb, 0x009f68, 0x00ece2, 0x00b1ba,
    0x00b7d9, 0x009f69, 0x009f6a, 0x009f6b, 0x009f6c, 0x009f6d, 0x009f6e, 0x009f6f, 0x009f70,
    0x009f71, 0x009f72, 0x009f73, 0x00bdb9, 0x009f74, 0x009f75, 0x009f76, 0x009f77, 0x009f78,
    0x009f79, 0x009f7a, 0x009f7b, 0x00eccc, 0x00d1e6, 0x00eccd, 0x009f7c, 0x009f7d, 0x009f7e,
    0x009f80, 0x00c8bb, 0x009f81, 0x009f82, 0x009f83, 0x009f84, 0x009f85, 0x009f86, 0x009f87,
    0x009f88, 0x009f89, 0x009f8a, 0x009f8b, 0x009f8c, 0x009f8d, 0x009f8e, 0x00ecd1, 0x009f8f,
    0x009f90, 0x009f91, 0x009f92, 0x00ecd3, 0x009f93, 0x00bbcd, 0x009f94, 0x00bce5, 0x009f95,
    0x009f96, 0x009f97, 0x009f98, 0x009f99, 0x009f9a, 0x009f9b, 0x009f9c, 0x009f9d, 0x009f9e,
    0x009f9f, 0x009fa0, 0x009fa1, 0x00eccf, 0x009fa2, 0x00c9b7, 0x009fa3, 0x009fa4, 0x009fa5,
    0x009fa6, 0x009fa7, 0x00c3ba, 0x009fa8, 0x00ece3, 0x00d5d5, 0x00ecd0, 0x009fa9, 0x009faa,
    0x009fab, 0x009fac, 0x009fad, 0x00d6f3, 0x009fae, 0x009faf, 0x009fb0, 0x00ecd2, 0x00ecce,
    0x009fb1, 0x009fb2, 0x009fb3, 0x009fb4, 0x00ecd4, 0x009fb5, 0x00ecd5, 0x009fb6, 0x009fb7,
    0x00c9bf, 0x009fb8, 0x009fb9, 0x009fba, 0x009fbb, 0x009fbc, 0x009fbd, 0x00cfa8, 0x009fbe,
    0x009fbf, 0x009fc0, 0x009fc1, 0x009fc2, 0x00d0dc, 0x009fc3, 0x009fc4, 0x009fc5, 0x009fc6,
    0x00d1ac, 0x009fc7, 0x009fc8, 0x009fc9, 0x009fca, 0x00c8db, 0x009fcb, 0x009fcc, 0x009fcd,
    0x00ecd6, 0x00cef5, 0x009fce, 0x009fcf, 0x009fd0, 0x009fd1, 0x009fd2, 0x00caec, 0x00ecda,
    0x009fd3, 0x009fd4, 0x009fd5, 0x009fd6, 0x009fd7, 0x009fd8, 0x009fd9, 0x00ecd9, 0x009fda,
    0x009fdb, 0x009fdc, 0x00b0be, 0x009fdd, 0x009fde, 0x009fdf, 0x009fe0, 0x009fe1, 0x009fe2,
    0x00ecd7, 0x009fe3, 0x00ecd8, 0x009fe4, 0x009fe5, 0x009fe6, 0x00ece4, 0x009fe7, 0x009fe8,
    0x009fe9, 0x009fea, 0x009feb, 0x009fec, 0x009fed, 0x009fee, 0x009fef, 0x00c8bc, 0x009ff0,
    0x009ff1, 0x009ff2, 0x009ff3, 0x009ff4, 0x009ff5, 0x009ff6, 0x009ff7, 0x009ff8, 0x009ff9,
    0x00c1c7, 0x009ffa, 0x009ffb, 0x009ffc, 0x009ffd, 0x009ffe, 0x00ecdc, 0x00d1e0, 0x00a040,
    0x00a041, 0x00a042, 0x00a043, 0x00a044, 0x00a045, 0x00a046, 0x00a047, 0x00a048, 0x00a049,
    0x00ecdb, 0x00a04a, 0x00a04b, 0x00a04c, 0x00a04d, 0x00d4ef, 0x00a04e, 0x00ecdd, 0x00a04f,
    0x00a050, 0x00a051, 0x00a052, 0x00a053, 0x00a054, 0x00dbc6, 0x00a055, 0x00a056, 0x00a057,
    0x00a058, 0x00a059, 0x00a05a, 0x00a05b, 0x00a05c, 0x00a05d, 0x00a05e, 0x00ecde, 0x00a05f,
    0x00a060, 0x00a061, 0x00a062, 0x00a063, 0x00a064, 0x00a065, 0x00a066, 0x00a067, 0x00a068,
    0x00a069, 0x00a06a, 0x00b1ac, 0x00a06b, 0x00a06c, 0x00a06d, 0x00a06e, 0x00a06f, 0x00a070,
    0x00a071, 0x00a072, 0x00a073, 0x00a074, 0x00a075, 0x00a076, 0x00a077, 0x00a078, 0x00a079,
    0x00a07a, 0x00a07b, 0x00a07c, 0x00a07d, 0x00a07e, 0x00a080, 0x00a081, 0x00ecdf, 0x00a082,
    0x00a083, 0x00a084, 0x00a085, 0x00a086, 0x00a087, 0x00a088, 0x00a089, 0x00a08a, 0x00a08b,
    0x00ece0, 0x00a08c, 0x00d7a6, 0x00a08d, 0x00c5c0, 0x00a08e, 0x00a08f, 0x00a090, 0x00ebbc,
    0x00b0ae, 0x00a091, 0x00a092, 0x00a093, 0x00bef4, 0x00b8b8, 0x00d2af, 0x00b0d6, 0x00b5f9,
    0x00a094, 0x00d8b3, 0x00a095, 0x00cbac, 0x00a096, 0x00e3dd, 0x00a097, 0x00a098, 0x00a099,
    0x00a09a, 0x00a09b, 0x00a09c, 0x00a09d, 0x00c6ac, 0x00b0e6, 0x00a09e, 0x00a09f, 0x00a0a0,
    0x00c5c6, 0x00ebb9, 0x00a0a1, 0x00a0a2, 0x00a0a3, 0x00a0a4, 0x00ebba, 0x00a0a5, 0x00a0a6,
    0x00a0a7, 0x00ebbb, 0x00a0a8, 0x00a0a9, 0x00d1c0, 0x00a0aa, 0x00c5a3, 0x00a0ab, 0x00eaf2,
    0x00a0ac, 0x00c4b2, 0x00a0ad, 0x00c4b5, 0x00c0ce, 0x00a0ae, 0x00a0af, 0x00a0b0, 0x00eaf3,
    0x00c4c1, 0x00a0b1, 0x00ceef, 0x00a0b2, 0x00a0b3, 0x00a0b4, 0x00a0b5, 0x00eaf0, 0x00eaf4,
    0x00a0b6, 0x00a0b7, 0x00c9fc, 0x00a0b8, 0x00a0b9, 0x00c7a3, 0x00a0ba, 0x00a0bb, 0x00a0bc,
    0x00ccd8, 0x00cefe, 0x00a0bd, 0x00a0be, 0x00a0bf, 0x00eaf5, 0x00eaf6, 0x00cfac, 0x00c0e7,
    0x00a0c0, 0x00a0c1, 0x00eaf7, 0x00a0c2, 0x00a0c3, 0x00a0c4, 0x00a0c5, 0x00a0c6, 0x00b6bf,
    0x00eaf8, 0x00a0c7, 0x00eaf9, 0x00a0c8, 0x00eafa, 0x00a0c9, 0x00a0ca, 0x00eafb, 0x00a0cb,
    0x00a0cc, 0x00a0cd, 0x00a0ce, 0x00a0cf, 0x00a0d0, 0x00a0d1, 0x00a0d2, 0x00a0d3, 0x00a0d4,
    0x00a0d5, 0x00a0d6, 0x00eaf1, 0x00a0d7, 0x00a0d8, 0x00a0d9, 0x00a0da, 0x00a0db, 0x00a0dc,
    0x00a0dd, 0x00a0de, 0x00a0df, 0x00a0e0, 0x00a0e1, 0x00a0e2, 0x00c8ae, 0x00e1eb, 0x00a0e3,
    0x00b7b8, 0x00e1ec, 0x00a0e4, 0x00a0e5, 0x00a0e6, 0x00e1ed, 0x00a0e7, 0x00d7b4, 0x00e1ee,
    0x00e1ef, 0x00d3cc, 0x00a0e8, 0x00a0e9, 0x00a0ea, 0x00a0eb, 0x00a0ec, 0x00a0ed, 0x00a0ee,
    0x00e1f1, 0x00bff1, 0x00e1f0, 0x00b5d2, 0x00a0ef, 0x00a0f0, 0x00a0f1, 0x00b1b7, 0x00a0f2,
    0x00a0f3, 0x00a0f4, 0x00a0f5, 0x00e1f3, 0x00e1f2, 0x00a0f6, 0x00bafc, 0x00a0f7, 0x00e1f4,
    0x00a0f8, 0x00a0f9, 0x00a0fa, 0x00a0fb, 0x00b9b7, 0x00a0fc, 0x00bed1, 0x00a0fd, 0x00a0fe,
    0x00aa40, 0x00aa41, 0x00c4fc, 0x00aa42, 0x00badd, 0x00bdc6, 0x00aa43, 0x00aa44, 0x00aa45,
    0x00aa46, 0x00aa47, 0x00aa48, 0x00e1f5, 0x00e1f7, 0x00aa49, 0x00aa4a, 0x00b6c0, 0x00cfc1,
    0x00caa8, 0x00e1f6, 0x00d5f8, 0x00d3fc, 0x00e1f8, 0x00e1fc, 0x00e1f9, 0x00aa4b, 0x00aa4c,
    0x00e1fa, 0x00c0ea, 0x00aa4d, 0x00e1fe, 0x00e2a1, 0x00c0c7, 0x00aa4e, 0x00aa4f, 0x00aa50,
    0x00aa51, 0x00e1fb, 0x00aa52, 0x00e1fd, 0x00aa53, 0x00aa54, 0x00aa55, 0x00aa56, 0x00aa57,
    0x00aa58, 0x00e2a5, 0x00aa59, 0x00aa5a, 0x00aa5b, 0x00c1d4, 0x00aa5c, 0x00aa5d, 0x00aa5e,
    0x00aa5f, 0x00e2a3, 0x00aa60, 0x00e2a8, 0x00b2fe, 0x00e2a2, 0x00aa61, 0x00aa62, 0x00aa63,
    0x00c3cd, 0x00b2c2, 0x00e2a7, 0x00e2a6, 0x00aa64, 0x00aa65, 0x00e2a4, 0x00e2a9, 0x00aa66,
    0x00aa67, 0x00e2ab, 0x00aa68, 0x00aa69, 0x00aa6a, 0x00d0c9, 0x00d6ed, 0x00c3a8, 0x00e2ac,
    0x00aa6b, 0x00cfd7, 0x00aa6c, 0x00aa6d, 0x00e2ae, 0x00aa6e, 0x00aa6f, 0x00baef, 0x00aa70,
    0x00aa71, 0x00e9e0, 0x00e2ad, 0x00e2aa, 0x00aa72, 0x00aa73, 0x00aa74, 0x00aa75, 0x00bbab,
    0x00d4b3, 0x00aa76, 0x00aa77, 0x00aa78, 0x00aa79, 0x00aa7a, 0x00aa7b, 0x00aa7c, 0x00aa7d,
    0x00aa7e, 0x00aa80, 0x00aa81, 0x00aa82, 0x00aa83, 0x00e2b0, 0x00aa84, 0x00aa85, 0x00e2af,
    0x00aa86, 0x00e9e1, 0x00aa87, 0x00aa88, 0x00aa89, 0x00aa8a, 0x00e2b1, 0x00aa8b, 0x00aa8c,
    0x00aa8d, 0x00aa8e, 0x00aa8f, 0x00aa90, 0x00aa91, 0x00aa92, 0x00e2b2, 0x00aa93, 0x00aa94,
    0x00aa95, 0x00aa96, 0x00aa97, 0x00aa98, 0x00aa99, 0x00aa9a, 0x00aa9b, 0x00aa9c, 0x00aa9d,
    0x00e2b3, 0x00cca1, 0x00aa9e, 0x00e2b4, 0x00aa9f, 0x00aaa0, 0x00ab40, 0x00ab41, 0x00ab42,
    0x00ab43, 0x00ab44, 0x00ab45, 0x00ab46, 0x00ab47, 0x00ab48, 0x00ab49, 0x00ab4a, 0x00ab4b,
    0x00e2b5, 0x00ab4c, 0x00ab4d, 0x00ab4e, 0x00ab4f, 0x00ab50, 0x00d0fe, 0x00ab51, 0x00ab52,
    0x00c2ca, 0x00ab53, 0x00d3f1, 0x00ab54, 0x00cdf5, 0x00ab55, 0x00ab56, 0x00e7e0, 0x00ab57,
    0x00ab58, 0x00e7e1, 0x00ab59, 0x00ab5a, 0x00ab5b, 0x00ab5c, 0x00bec1, 0x00ab5d, 0x00ab5e,
    0x00ab5f, 0x00ab60, 0x00c2ea, 0x00ab61, 0x00ab62, 0x00ab63, 0x00e7e4, 0x00ab64, 0x00ab65,
    0x00e7e3, 0x00ab66, 0x00ab67, 0x00ab68, 0x00ab69, 0x00ab6a, 0x00ab6b, 0x00cde6, 0x00ab6c,
    0x00c3b5, 0x00ab6d, 0x00ab6e, 0x00e7e2, 0x00bbb7, 0x00cfd6, 0x00ab6f, 0x00c1e1, 0x00e7e9,
    0x00ab70, 0x00ab71, 0x00ab72, 0x00e7e8, 0x00ab73, 0x00ab74, 0x00e7f4, 0x00b2a3, 0x00ab75,
    0x00ab76, 0x00ab77, 0x00ab78, 0x00e7ea, 0x00ab79, 0x00e7e6, 0x00ab7a, 0x00ab7b, 0x00ab7c,
    0x00ab7d, 0x00ab7e, 0x00e7ec, 0x00e7eb, 0x00c9ba, 0x00ab80, 0x00ab81, 0x00d5e4, 0x00ab82,
    0x00e7e5, 0x00b7a9, 0x00e7e7, 0x00ab83, 0x00ab84, 0x00ab85, 0x00ab86, 0x00ab87, 0x00ab88,
    0x00ab89, 0x00e7ee, 0x00ab8a, 0x00ab8b, 0x00ab8c, 0x00ab8d, 0x00e7f3, 0x00ab8e, 0x00d6e9,
    0x00ab8f, 0x00ab90, 0x00ab91, 0x00ab92, 0x00e7ed, 0x00ab93, 0x00e7f2, 0x00ab94, 0x00e7f1,
    0x00ab95, 0x00ab96, 0x00ab97, 0x00b0e0, 0x00ab98, 0x00ab99, 0x00ab9a, 0x00ab9b, 0x00e7f5,
    0x00ab9c, 0x00ab9d, 0x00ab9e, 0x00ab9f, 0x00aba0, 0x00ac40, 0x00ac41, 0x00ac42, 0x00ac43,
    0x00ac44, 0x00ac45, 0x00ac46, 0x00ac47, 0x00ac48, 0x00ac49, 0x00ac4a, 0x00c7f2, 0x00ac4b,
    0x00c0c5, 0x00c0ed, 0x00ac4c, 0x00ac4d, 0x00c1f0, 0x00e7f0, 0x00ac4e, 0x00ac4f, 0x00ac50,
    0x00ac51, 0x00e7f6, 0x00cbf6, 0x00ac52, 0x00ac53, 0x00ac54, 0x00ac55, 0x00ac56, 0x00ac57,
    0x00ac58, 0x00ac59, 0x00ac5a, 0x00e8a2, 0x00e8a1, 0x00ac5b, 0x00ac5c, 0x00ac5d, 0x00ac5e,
    0x00ac5f, 0x00ac60, 0x00d7c1, 0x00ac61, 0x00ac62, 0x00e7fa, 0x00e7f9, 0x00ac63, 0x00e7fb,
    0x00ac64, 0x00e7f7, 0x00ac65, 0x00e7fe, 0x00ac66, 0x00e7fd, 0x00ac67, 0x00e7fc, 0x00ac68,
    0x00ac69, 0x00c1d5, 0x00c7d9, 0x00c5fd, 0x00c5c3, 0x00ac6a, 0x00ac6b, 0x00ac6c, 0x00ac6d,
    0x00ac6e, 0x00c7ed, 0x00ac6f, 0x00ac70, 0x00ac71, 0x00ac72, 0x00e8a3, 0x00ac73, 0x00ac74,
    0x00ac75, 0x00ac76, 0x00ac77, 0x00ac78, 0x00ac79, 0x00ac7a, 0x00ac7b, 0x00ac7c, 0x00ac7d,
    0x00ac7e, 0x00ac80, 0x00ac81, 0x00ac82, 0x00ac83, 0x00ac84, 0x00ac85, 0x00ac86, 0x00e8a6,
    0x00ac87, 0x00e8a5, 0x00ac88, 0x00e8a7, 0x00baf7, 0x00e7f8, 0x00e8a4, 0x00ac89, 0x00c8f0,
    0x00c9aa, 0x00ac8a, 0x00ac8b, 0x00ac8c, 0x00ac8d, 0x00ac8e, 0x00ac8f, 0x00ac90, 0x00ac91,
    0x00ac92, 0x00ac93, 0x00ac94, 0x00ac95, 0x00ac96, 0x00e8a9, 0x00ac97, 0x00ac98, 0x00b9e5,
    0x00ac99, 0x00ac9a, 0x00ac9b, 0x00ac9c, 0x00ac9d, 0x00d1fe, 0x00e8a8, 0x00ac9e, 0x00ac9f,
    0x00aca0, 0x00ad40, 0x00ad41, 0x00ad42, 0x00e8aa, 0x00ad43, 0x00e8ad, 0x00e8ae, 0x00ad44,
    0x00c1a7, 0x00ad45, 0x00ad46, 0x00ad47, 0x00e8af, 0x00ad48, 0x00ad49, 0x00ad4a, 0x00e8b0,
    0x00ad4b, 0x00ad4c, 0x00e8ac, 0x00ad4d, 0x00e8b4, 0x00ad4e, 0x00ad4f, 0x00ad50, 0x00ad51,
    0x00ad52, 0x00ad53, 0x00ad54, 0x00ad55, 0x00ad56, 0x00ad57, 0x00ad58, 0x00e8ab, 0x00ad59,
    0x00e8b1, 0x00ad5a, 0x00ad5b, 0x00ad5c, 0x00ad5d, 0x00ad5e, 0x00ad5f, 0x00ad60, 0x00ad61,
    0x00e8b5, 0x00e8b2, 0x00e8b3, 0x00ad62, 0x00ad63, 0x00ad64, 0x00ad65, 0x00ad66, 0x00ad67,
    0x00ad68, 0x00ad69, 0x00ad6a, 0x00ad6b, 0x00ad6c, 0x00ad6d, 0x00ad6e, 0x00ad6f, 0x00ad70,
    0x00ad71, 0x00e8b7, 0x00ad72, 0x00ad73, 0x00ad74, 0x00ad75, 0x00ad76, 0x00ad77, 0x00ad78,
    0x00ad79, 0x00ad7a, 0x00ad7b, 0x00ad7c, 0x00ad7d, 0x00ad7e, 0x00ad80, 0x00ad81, 0x00ad82,
    0x00ad83, 0x00ad84, 0x00ad85, 0x00ad86, 0x00ad87, 0x00ad88, 0x00ad89, 0x00e8b6, 0x00ad8a,
    0x00ad8b, 0x00ad8c, 0x00ad8d, 0x00ad8e, 0x00ad8f, 0x00ad90, 0x00ad91, 0x00ad92, 0x00b9cf,
    0x00ad93, 0x00f0ac, 0x00ad94, 0x00f0ad, 0x00ad95, 0x00c6b0, 0x00b0ea, 0x00c8bf, 0x00ad96,
    0x00cddf, 0x00ad97, 0x00ad98, 0x00ad99, 0x00ad9a, 0x00ad9b, 0x00ad9c, 0x00ad9d, 0x00cecd,
    0x00eab1, 0x00ad9e, 0x00ad9f, 0x00ada0, 0x00ae40, 0x00eab2, 0x00ae41, 0x00c6bf, 0x00b4c9,
    0x00ae42, 0x00ae43, 0x00ae44, 0x00ae45, 0x00ae46, 0x00ae47, 0x00ae48, 0x00eab3, 0x00ae49,
    0x00ae4a, 0x00ae4b, 0x00ae4c, 0x00d5e7, 0x00ae4d, 0x00ae4e, 0x00ae4f, 0x00ae50, 0x00ae51,
    0x00ae52, 0x00ae53, 0x00ae54, 0x00ddf9, 0x00ae55, 0x00eab4, 0x00ae56, 0x00eab5, 0x00ae57,
    0x00eab6, 0x00ae58, 0x00ae59, 0x00ae5a, 0x00ae5b, 0x00b8ca, 0x00dfb0, 0x00c9f5, 0x00ae5c,
    0x00ccf0, 0x00ae5d, 0x00ae5e, 0x00c9fa, 0x00ae5f, 0x00ae60, 0x00ae61, 0x00ae62, 0x00ae63,
    0x00c9fb, 0x00ae64, 0x00ae65, 0x00d3c3, 0x00cba6, 0x00ae66, 0x00b8a6, 0x00f0ae, 0x00b1c2,
    0x00ae67, 0x00e5b8, 0x00ccef, 0x00d3c9, 0x00bcd7, 0x00c9ea, 0x00ae68, 0x00b5e7, 0x00ae69,
    0x00c4d0, 0x00b5e9, 0x00ae6a, 0x00eeae, 0x00bbad, 0x00ae6b, 0x00ae6c, 0x00e7de, 0x00ae6d,
    0x00eeaf, 0x00ae6e, 0x00ae6f, 0x00ae70, 0x00ae71, 0x00b3a9, 0x00ae72, 0x00ae73, 0x00eeb2,
    0x00ae74, 0x00ae75, 0x00eeb1, 0x00bde7, 0x00ae76, 0x00eeb0, 0x00ceb7, 0x00ae77, 0x00ae78,
    0x00ae79, 0x00ae7a, 0x00c5cf, 0x00ae7b, 0x00ae7c, 0x00ae7d, 0x00ae7e, 0x00c1f4, 0x00dbce,
    0x00eeb3, 0x00d0f3, 0x00ae80, 0x00ae81, 0x00ae82, 0x00ae83, 0x00ae84, 0x00ae85, 0x00ae86,
    0x00ae87, 0x00c2d4, 0x00c6e8, 0x00ae88, 0x00ae89, 0x00ae8a, 0x00b7ac, 0x00ae8b, 0x00ae8c,
    0x00ae8d, 0x00ae8e, 0x00ae8f, 0x00ae90, 0x00ae91, 0x00eeb4, 0x00ae92, 0x00b3eb, 0x00ae93,
    0x00ae94, 0x00ae95, 0x00bbfb, 0x00eeb5, 0x00ae96, 0x00ae97, 0x00ae98, 0x00ae99, 0x00ae9a,
    0x00e7dc, 0x00ae9b, 0x00ae9c, 0x00ae9d, 0x00eeb6, 0x00ae9e, 0x00ae9f, 0x00bdae, 0x00aea0,
    0x00af40, 0x00af41, 0x00af42, 0x00f1e2, 0x00af43, 0x00af44, 0x00af45, 0x00cae8, 0x00af46,
    0x00d2c9, 0x00f0da, 0x00af47, 0x00f0db, 0x00af48, 0x00f0dc, 0x00c1c6, 0x00af49, 0x00b8ed,
    0x00bece, 0x00af4a, 0x00af4b, 0x00f0de, 0x00af4c, 0x00c5b1, 0x00f0dd, 0x00d1f1, 0x00af4d,
    0x00f0e0, 0x00b0cc, 0x00bdea, 0x00af4e, 0x00af4f, 0x00af50, 0x00af51, 0x00af52, 0x00d2df,
    0x00f0df, 0x00af53, 0x00b4af, 0x00b7e8, 0x00f0e6, 0x00f0e5, 0x00c6a3, 0x00f0e1, 0x00f0e2,
    0x00b4c3, 0x00af54, 0x00af55, 0x00f0e3, 0x00d5ee, 0x00af56, 0x00af57, 0x00ccdb, 0x00bed2,
    0x00bcb2, 0x00af58, 0x00af59, 0x00af5a, 0x00f0e8, 0x00f0e7, 0x00f0e4, 0x00b2a1, 0x00af5b,
    0x00d6a2, 0x00d3b8, 0x00beb7, 0x00c8ac, 0x00af5c, 0x00af5d, 0x00f0ea, 0x00af5e, 0x00af5f,
    0x00af60, 0x00af61, 0x00d1f7, 0x00af62, 0x00d6cc, 0x00badb, 0x00f0e9, 0x00af63, 0x00b6bb,
    0x00af64, 0x00af65, 0x00cdb4, 0x00af66, 0x00af67, 0x00c6a6, 0x00af68, 0x00af69, 0x00af6a,
    0x00c1a1, 0x00f0eb, 0x00f0ee, 0x00af6b, 0x00f0ed, 0x00f0f0, 0x00f0ec, 0x00af6c, 0x00bbbe,
    0x00f0ef, 0x00af6d, 0x00af6e, 0x00af6f, 0x00af70, 0x00ccb5, 0x00f0f2, 0x00af71, 0x00af72,
    0x00b3d5, 0x00af73, 0x00af74, 0x00af75, 0x00af76, 0x00b1d4, 0x00af77, 0x00af78, 0x00f0f3,
    0x00af79, 0x00af7a, 0x00f0f4, 0x00f0f6, 0x00b4e1, 0x00af7b, 0x00f0f1, 0x00af7c, 0x00f0f7,
    0x00af7d, 0x00af7e, 0x00af80, 0x00af81, 0x00f0fa, 0x00af82, 0x00f0f8, 0x00af83, 0x00af84,
    0x00af85, 0x00f0f5, 0x00af86, 0x00af87, 0x00af88, 0x00af89, 0x00f0fd, 0x00af8a, 0x00f0f9,
    0x00f0fc, 0x00f0fe, 0x00af8b, 0x00f1a1, 0x00af8c, 0x00af8d, 0x00af8e, 0x00cec1, 0x00f1a4,
    0x00af8f, 0x00f1a3, 0x00af90, 0x00c1f6, 0x00f0fb, 0x00cadd, 0x00af91, 0x00af92, 0x00b4f1,
    0x00b1f1, 0x00ccb1, 0x00af93, 0x00f1a6, 0x00af94, 0x00af95, 0x00f1a7, 0x00af96, 0x00af97,
    0x00f1ac, 0x00d5ce, 0x00f1a9, 0x00af98, 0x00af99, 0x00c8b3, 0x00af9a, 0x00af9b, 0x00af9c,
    0x00f1a2, 0x00af9d, 0x00f1ab, 0x00f1a8, 0x00f1a5, 0x00af9e, 0x00af9f, 0x00f1aa, 0x00afa0,
    0x00b040, 0x00b041, 0x00b042, 0x00b043, 0x00b044, 0x00b045, 0x00b046, 0x00b0a9, 0x00f1ad,
    0x00b047, 0x00b048, 0x00b049, 0x00b04a, 0x00b04b, 0x00b04c, 0x00f1af, 0x00b04d, 0x00f1b1,
    0x00b04e, 0x00b04f, 0x00b050, 0x00b051, 0x00b052, 0x00f1b0, 0x00b053, 0x00f1ae, 0x00b054,
    0x00b055, 0x00b056, 0x00b057, 0x00d1a2, 0x00b058, 0x00b059, 0x00b05a, 0x00b05b, 0x00b05c,
    0x00b05d, 0x00b05e, 0x00f1b2, 0x00b05f, 0x00b060, 0x00b061, 0x00f1b3, 0x00b062, 0x00b063,
    0x00b064, 0x00b065, 0x00b066, 0x00b067, 0x00b068, 0x00b069, 0x00b9ef, 0x00b06a, 0x00b06b,
    0x00b5c7, 0x00b06c, 0x00b0d7, 0x00b0d9, 0x00b06d, 0x00b06e, 0x00b06f, 0x00d4ed, 0x00b070,
    0x00b5c4, 0x00b071, 0x00bdd4, 0x00bbca, 0x00f0a7, 0x00b072, 0x00b073, 0x00b8de, 0x00b074,
    0x00b075, 0x00f0a8, 0x00b076, 0x00b077, 0x00b0a8, 0x00b078, 0x00f0a9, 0x00b079, 0x00b07a,
    0x00cdee, 0x00b07b, 0x00b07c, 0x00f0aa, 0x00b07d, 0x00b07e, 0x00b080, 0x00b081, 0x00b082,
    0x00b083, 0x00b084, 0x00b085, 0x00b086, 0x00b087, 0x00f0ab, 0x00b088, 0x00b089, 0x00b08a,
    0x00b08b, 0x00b08c, 0x00b08d, 0x00b08e, 0x00b08f, 0x00b090, 0x00c6a4, 0x00b091, 0x00b092,
    0x00d6e5, 0x00f1e4, 0x00b093, 0x00f1e5, 0x00b094, 0x00b095, 0x00b096, 0x00b097, 0x00b098,
    0x00b099, 0x00b09a, 0x00b09b, 0x00b09c, 0x00b09d, 0x00c3f3, 0x00b09e, 0x00b09f, 0x00d3db,
    0x00b0a0, 0x00b140, 0x00d6d1, 0x00c5e8, 0x00b141, 0x00d3af, 0x00b142, 0x00d2e6, 0x00b143,
    0x00b144, 0x00eec1, 0x00b0bb, 0x00d5b5, 0x00d1ce, 0x00bce0, 0x00bad0, 0x00b145, 0x00bff8,
    0x00b146, 0x00b8c7, 0x00b5c1, 0x00c5cc, 0x00b147, 0x00b148, 0x00caa2, 0x00b149, 0x00b14a,
    0x00b14b, 0x00c3cb, 0x00b14c, 0x00b14d, 0x00b14e, 0x00b14f, 0x00b150, 0x00eec2, 0x00b151,
    0x00b152, 0x00b153, 0x00b154, 0x00b155, 0x00b156, 0x00b157, 0x00b158, 0x00c4bf, 0x00b6a2,
    0x00b159, 0x00edec, 0x00c3a4, 0x00b15a, 0x00d6b1, 0x00b15b, 0x00b15c, 0x00b15d, 0x00cfe0,
    0x00edef, 0x00b15e, 0x00b15f, 0x00c5ce, 0x00b160, 0x00b6dc, 0x00b161, 0x00b162, 0x00caa1,
    0x00b163, 0x00b164, 0x00eded, 0x00b165, 0x00b166, 0x00edf0, 0x00edf1, 0x00c3bc, 0x00b167,
    0x00bfb4, 0x00b168, 0x00edee, 0x00b169, 0x00b16a, 0x00b16b, 0x00b16c, 0x00b16d, 0x00b16e,
    0x00b16f, 0x00b170, 0x00b171, 0x00b172, 0x00b173, 0x00edf4, 0x00edf2, 0x00b174, 0x00b175,
    0x00b176, 0x00b177, 0x00d5e6, 0x00c3df, 0x00b178, 0x00edf3, 0x00b179, 0x00b17a, 0x00b17b,
    0x00edf6, 0x00b17c, 0x00d5a3, 0x00d1a3, 0x00b17d, 0x00b17e, 0x00b180, 0x00edf5, 0x00b181,
    0x00c3d0, 0x00b182, 0x00b183, 0x00b184, 0x00b185, 0x00b186, 0x00edf7, 0x00bff4, 0x00beec,
    0x00edf8, 0x00b187, 0x00ccf7, 0x00b188, 0x00d1db, 0x00b189, 0x00b18a, 0x00b18b, 0x00d7c5,
    0x00d5f6, 0x00b18c, 0x00edfc, 0x00b18d, 0x00b18e, 0x00b18f, 0x00edfb, 0x00b190, 0x00b191,
    0x00b192, 0x00b193, 0x00b194, 0x00b195, 0x00b196, 0x00b197, 0x00edf9, 0x00edfa, 0x00b198,
    0x00b199, 0x00b19a, 0x00b19b, 0x00b19c, 0x00b19d, 0x00b19e, 0x00b19f, 0x00edfd, 0x00bea6,
    0x00b1a0, 0x00b240, 0x00b241, 0x00b242, 0x00b243, 0x00cbaf, 0x00eea1, 0x00b6bd, 0x00b244,
    0x00eea2, 0x00c4c0, 0x00b245, 0x00edfe, 0x00b246, 0x00b247, 0x00bdde, 0x00b2c7, 0x00b248,
    0x00b249, 0x00b24a, 0x00b24b, 0x00b24c, 0x00b24d, 0x00b24e, 0x00b24f, 0x00b250, 0x00b251,
    0x00b252, 0x00b253, 0x00b6c3, 0x00b254, 0x00b255, 0x00b256, 0x00eea5, 0x00d8ba, 0x00eea3,
    0x00eea6, 0x00b257, 0x00b258, 0x00b259, 0x00c3e9, 0x00b3f2, 0x00b25a, 0x00b25b, 0x00b25c,
    0x00b25d, 0x00b25e, 0x00b25f, 0x00eea7, 0x00eea4, 0x00cfb9, 0x00b260, 0x00b261, 0x00eea8,
    0x00c2f7, 0x00b262, 0x00b263, 0x00b264, 0x00b265, 0x00b266, 0x00b267, 0x00b268, 0x00b269,
    0x00b26a, 0x00b26b, 0x00b26c, 0x00b26d, 0x00eea9, 0x00eeaa, 0x00b26e, 0x00deab, 0x00b26f,
    0x00b270, 0x00c6b3, 0x00b271, 0x00c7c6, 0x00b272, 0x00d6f5, 0x00b5c9, 0x00b273, 0x00cbb2,
    0x00b274, 0x00b275, 0x00b276, 0x00eeab, 0x00b277, 0x00b278, 0x00cdab, 0x00b279, 0x00eeac,
    0x00b27a, 0x00b27b, 0x00b27c, 0x00b27d, 0x00b27e, 0x00d5b0, 0x00b280, 0x00eead, 0x00b281,
    0x00f6c4, 0x00b282, 0x00b283, 0x00b284, 0x00b285, 0x00b286, 0x00b287, 0x00b288, 0x00b289,
    0x00b28a, 0x00b28b, 0x00b28c, 0x00b28d, 0x00b28e, 0x00dbc7, 0x00b28f, 0x00b290, 0x00b291,
    0x00b292, 0x00b293, 0x00b294, 0x00b295, 0x00b296, 0x00b297, 0x00b4a3, 0x00b298, 0x00b299,
    0x00b29a, 0x00c3ac, 0x00f1e6, 0x00b29b, 0x00b29c, 0x00b29d, 0x00b29e, 0x00b29f, 0x00cab8,
    0x00d2d3, 0x00b2a0, 0x00d6aa, 0x00b340, 0x00eff2, 0x00b341, 0x00bed8, 0x00b342, 0x00bdc3,
    0x00eff3, 0x00b6cc, 0x00b0ab, 0x00b343, 0x00b344, 0x00b345, 0x00b346, 0x00caaf, 0x00b347,
    0x00b348, 0x00edb6, 0x00b349, 0x00edb7, 0x00b34a, 0x00b34b, 0x00b34c, 0x00b34d, 0x00cef9,
    0x00b7af, 0x00bff3, 0x00edb8, 0x00c2eb, 0x00c9b0, 0x00b34e, 0x00b34f, 0x00b350, 0x00b351,
    0x00b352, 0x00b353, 0x00edb9, 0x00b354, 0x00b355, 0x00c6f6, 0x00bfb3, 0x00b356, 0x00b357,
    0x00b358, 0x00edbc, 0x00c5f8, 0x00b359, 0x00d1d0, 0x00b35a, 0x00d7a9, 0x00edba, 0x00edbb,
    0x00b35b, 0x00d1e2, 0x00b35c, 0x00edbf, 0x00edc0, 0x00b35d, 0x00edc4, 0x00b35e, 0x00b35f,
    0x00b360, 0x00edc8, 0x00b361, 0x00edc6, 0x00edce, 0x00d5e8, 0x00b362, 0x00edc9, 0x00b363,
    0x00b364, 0x00edc7, 0x00edbe, 0x00b365, 0x00b366, 0x00c5e9, 0x00b367, 0x00b368, 0x00b369,
    0x00c6c6, 0x00b36a, 0x00b36b, 0x00c9e9, 0x00d4d2, 0x00edc1, 0x00edc2, 0x00edc3, 0x00edc5,
    0x00b36c, 0x00c0f9, 0x00b36d, 0x00b4a1, 0x00b36e, 0x00b36f, 0x00b370, 0x00b371, 0x00b9e8,
    0x00b372, 0x00edd0, 0x00b373, 0x00b374, 0x00b375, 0x00b376, 0x00edd1, 0x00b377, 0x00edca,
    0x00b378, 0x00edcf, 0x00b379, 0x00cef8, 0x00b37a, 0x00b37b, 0x00cbb6, 0x00edcc, 0x00edcd,
    0x00b37c, 0x00b37d, 0x00b37e, 0x00b380, 0x00b381, 0x00cff5, 0x00b382, 0x00b383, 0x00b384,
    0x00b385, 0x00b386, 0x00b387, 0x00b388, 0x00b389, 0x00b38a, 0x00b38b, 0x00b38c, 0x00b38d,
    0x00edd2, 0x00c1f2, 0x00d3b2, 0x00edcb, 0x00c8b7, 0x00b38e, 0x00b38f, 0x00b390, 0x00b391,
    0x00b392, 0x00b393, 0x00b394, 0x00b395, 0x00bcef, 0x00b396, 0x00b397, 0x00b398, 0x00b399,
    0x00c5f0, 0x00b39a, 0x00b39b, 0x00b39c, 0x00b39d, 0x00b39e, 0x00b39f, 0x00b3a0, 0x00b440,
    0x00b441, 0x00b442, 0x00edd6, 0x00b443, 0x00b5ef, 0x00b444, 0x00b445, 0x00c2b5, 0x00b0ad,
    0x00cbe9, 0x00b446, 0x00b447, 0x00b1ae, 0x00b448, 0x00edd4, 0x00b449, 0x00b44a, 0x00b44b,
    0x00cdeb, 0x00b5e2, 0x00b44c, 0x00edd5, 0x00edd3, 0x00edd7, 0x00b44d, 0x00b44e, 0x00b5fa,
    0x00b44f, 0x00edd8, 0x00b450, 0x00edd9, 0x00b451, 0x00eddc, 0x00b452, 0x00b1cc, 0x00b453,
    0x00b454, 0x00b455, 0x00b456, 0x00b457, 0x00b458, 0x00b459, 0x00b45a, 0x00c5f6, 0x00bcee,
    0x00edda, 0x00ccbc, 0x00b2ea, 0x00b45b, 0x00b45c, 0x00b45d, 0x00b45e, 0x00eddb, 0x00b45f,
    0x00b460, 0x00b461, 0x00b462, 0x00c4eb, 0x00b463, 0x00b464, 0x00b4c5, 0x00b465, 0x00b466,
    0x00b467, 0x00b0f5, 0x00b468, 0x00b469, 0x00b46a, 0x00eddf, 0x00c0da, 0x00b4e8, 0x00b46b,
    0x00b46c, 0x00b46d, 0x00b46e, 0x00c5cd, 0x00b46f, 0x00b470, 0x00b471, 0x00eddd, 0x00bfc4,
    0x00b472, 0x00b473, 0x00b474, 0x00edde, 0x00b475, 0x00b476, 0x00b477, 0x00b478, 0x00b479,
    0x00b47a, 0x00b47b, 0x00b47c, 0x00b47d, 0x00b47e, 0x00b480, 0x00b481, 0x00b482, 0x00b483,
    0x00c4a5, 0x00b484, 0x00b485, 0x00b486, 0x00ede0, 0x00b487, 0x00b488, 0x00b489, 0x00b48a,
    0x00b48b, 0x00ede1, 0x00b48c, 0x00ede3, 0x00b48d, 0x00b48e, 0x00c1d7, 0x00b48f, 0x00b490,
    0x00bbc7, 0x00b491, 0x00b492, 0x00b493, 0x00b494, 0x00b495, 0x00b496, 0x00bdb8, 0x00b497,
    0x00b498, 0x00b499, 0x00ede2, 0x00b49a, 0x00b49b, 0x00b49c, 0x00b49d, 0x00b49e, 0x00b49f,
    0x00b4a0, 0x00b540, 0x00b541, 0x00b542, 0x00b543, 0x00b544, 0x00b545, 0x00ede4, 0x00b546,
    0x00b547, 0x00b548, 0x00b549, 0x00b54a, 0x00b54b, 0x00b54c, 0x00b54d, 0x00b54e, 0x00b54f,
    0x00ede6, 0x00b550, 0x00b551, 0x00b552, 0x00b553, 0x00b554, 0x00ede5, 0x00b555, 0x00b556,
    0x00b557, 0x00b558, 0x00b559, 0x00b55a, 0x00b55b, 0x00b55c, 0x00b55d, 0x00b55e, 0x00b55f,
    0x00b560, 0x00b561, 0x00b562, 0x00b563, 0x00ede7, 0x00b564, 0x00b565, 0x00b566, 0x00b567,
    0x00b568, 0x00cabe, 0x00ecea, 0x00c0f1, 0x00b569, 0x00c9e7, 0x00b56a, 0x00eceb, 0x00c6ee,
    0x00b56b, 0x00b56c, 0x00b56d, 0x00b56e, 0x00ecec, 0x00b56f, 0x00c6ed, 0x00eced, 0x00b570,
    0x00b571, 0x00b572, 0x00b573, 0x00b574, 0x00b575, 0x00b576, 0x00b577, 0x00b578, 0x00ecf0,
    0x00b579, 0x00b57a, 0x00d7e6, 0x00ecf3, 0x00b57b, 0x00b57c, 0x00ecf1, 0x00ecee, 0x00ecef,
    0x00d7a3, 0x00c9f1, 0x00cbee, 0x00ecf4, 0x00b57d, 0x00ecf2, 0x00b57e, 0x00b580, 0x00cfe9,
    0x00b581, 0x00ecf6, 0x00c6b1, 0x00b582, 0x00b583, 0x00b584, 0x00b585, 0x00bcc0, 0x00b586,
    0x00ecf5, 0x00b587, 0x00b588, 0x00b589, 0x00b58a, 0x00b58b, 0x00b58c, 0x00b58d, 0x00b5bb,
    0x00bbf6, 0x00b58e, 0x00ecf7, 0x00b58f, 0x00b590, 0x00b591, 0x00b592, 0x00b593, 0x00d9f7,
    0x00bdfb, 0x00b594, 0x00b595, 0x00c2bb, 0x00ecf8, 0x00b596, 0x00b597, 0x00b598, 0x00b599,
    0x00ecf9, 0x00b59a, 0x00b59b, 0x00b59c, 0x00b59d, 0x00b8a3, 0x00b59e, 0x00b59f, 0x00b5a0,
    0x00b640, 0x00b641, 0x00b642, 0x00b643, 0x00b644, 0x00b645, 0x00b646, 0x00ecfa, 0x00b647,
    0x00b648, 0x00b649, 0x00b64a, 0x00b64b, 0x00b64c, 0x00b64d, 0x00b64e, 0x00b64f, 0x00b650,
    0x00b651, 0x00b652, 0x00ecfb, 0x00b653, 0x00b654, 0x00b655, 0x00b656, 0x00b657, 0x00b658,
    0x00b659, 0x00b65a, 0x00b65b, 0x00b65c, 0x00b65d, 0x00ecfc, 0x00b65e, 0x00b65f, 0x00b660,
    0x00b661, 0x00b662, 0x00d3ed, 0x00d8ae, 0x00c0eb, 0x00b663, 0x00c7dd, 0x00bacc, 0x00b664,
    0x00d0e3, 0x00cbbd, 0x00b665, 0x00cdba, 0x00b666, 0x00b667, 0x00b8d1, 0x00b668, 0x00b669,
    0x00b1fc, 0x00b66a, 0x00c7ef, 0x00b66b, 0x00d6d6, 0x00b66c, 0x00b66d, 0x00b66e, 0x00bfc6,
    0x00c3eb, 0x00b66f, 0x00b670, 0x00eff5, 0x00b671, 0x00b672, 0x00c3d8, 0x00b673, 0x00b674,
    0x00b675, 0x00b676, 0x00b677, 0x00b678, 0x00d7e2, 0x00b679, 0x00b67a, 0x00b67b, 0x00eff7,
    0x00b3d3, 0x00b67c, 0x00c7d8, 0x00d1ed, 0x00b67d, 0x00d6c8, 0x00b67e, 0x00eff8, 0x00b680,
    0x00eff6, 0x00b681, 0x00bbfd, 0x00b3c6, 0x00b682, 0x00b683, 0x00b684, 0x00b685, 0x00b686,
    0x00b687, 0x00b688, 0x00bdd5, 0x00b689, 0x00b68a, 0x00d2c6, 0x00b68b, 0x00bbe0, 0x00b68c,
    0x00b68d, 0x00cfa1, 0x00b68e, 0x00effc, 0x00effb, 0x00b68f, 0x00b690, 0x00eff9, 0x00b691,
    0x00b692, 0x00b693, 0x00b694, 0x00b3cc, 0x00b695, 0x00c9d4, 0x00cbb0, 0x00b696, 0x00b697,
    0x00b698, 0x00b699, 0x00b69a, 0x00effe, 0x00b69b, 0x00b69c, 0x00b0de, 0x00b69d, 0x00b69e,
    0x00d6c9, 0x00b69f, 0x00b6a0, 0x00b740, 0x00effd, 0x00b741, 0x00b3ed, 0x00b742, 0x00b743,
    0x00f6d5, 0x00b744, 0x00b745, 0x00b746, 0x00b747, 0x00b748, 0x00b749, 0x00b74a, 0x00b74b,
    0x00b74c, 0x00b74d, 0x00b74e, 0x00b74f, 0x00b750, 0x00b751, 0x00b752, 0x00cec8, 0x00b753,
    0x00b754, 0x00b755, 0x00f0a2, 0x00b756, 0x00f0a1, 0x00b757, 0x00b5be, 0x00bcda, 0x00bbfc,
    0x00b758, 0x00b8e5, 0x00b759, 0x00b75a, 0x00b75b, 0x00b75c, 0x00b75d, 0x00b75e, 0x00c4c2,
    0x00b75f, 0x00b760, 0x00b761, 0x00b762, 0x00b763, 0x00b764, 0x00b765, 0x00b766, 0x00b767,
    0x00b768, 0x00f0a3, 0x00b769, 0x00b76a, 0x00b76b, 0x00b76c, 0x00b76d, 0x00cbeb, 0x00b76e,
    0x00b76f, 0x00b770, 0x00b771, 0x00b772, 0x00b773, 0x00b774, 0x00b775, 0x00b776, 0x00b777,
    0x00b778, 0x00b779, 0x00b77a, 0x00b77b, 0x00b77c, 0x00b77d, 0x00b77e, 0x00b780, 0x00b781,
    0x00b782, 0x00b783, 0x00b784, 0x00b785, 0x00b786, 0x00f0a6, 0x00b787, 0x00b788, 0x00b789,
    0x00d1a8, 0x00b78a, 0x00bebf, 0x00c7ee, 0x00f1b6, 0x00f1b7, 0x00bfd5, 0x00b78b, 0x00b78c,
    0x00b78d, 0x00b78e, 0x00b4a9, 0x00f1b8, 0x00cdbb, 0x00b78f, 0x00c7d4, 0x00d5ad, 0x00b790,
    0x00f1b9, 0x00b791, 0x00f1ba, 0x00b792, 0x00b793, 0x00b794, 0x00b795, 0x00c7cf, 0x00b796,
    0x00b797, 0x00b798, 0x00d2a4, 0x00d6cf, 0x00b799, 0x00b79a, 0x00f1bb, 0x00bdd1, 0x00b4b0,
    0x00bebd, 0x00b79b, 0x00b79c, 0x00b79d, 0x00b4dc, 0x00ced1, 0x00b79e, 0x00bfdf, 0x00f1bd,
    0x00b79f, 0x00b7a0, 0x00b840, 0x00b841, 0x00bffa, 0x00f1bc, 0x00b842, 0x00f1bf, 0x00b843,
    0x00b844, 0x00b845, 0x00f1be, 0x00f1c0, 0x00b846, 0x00b847, 0x00b848, 0x00b849, 0x00b84a,
    0x00f1c1, 0x00b84b, 0x00b84c, 0x00b84d, 0x00b84e, 0x00b84f, 0x00b850, 0x00b851, 0x00b852,
    0x00b853, 0x00b854, 0x00b855, 0x00c1fe, 0x00b856, 0x00b857, 0x00b858, 0x00b859, 0x00b85a,
    0x00b85b, 0x00b85c, 0x00b85d, 0x00b85e, 0x00b85f, 0x00b860, 0x00c1a2, 0x00b861, 0x00b862,
    0x00b863, 0x00b864, 0x00b865, 0x00b866, 0x00b867, 0x00b868, 0x00b869, 0x00b86a, 0x00cafa,
    0x00b86b, 0x00b86c, 0x00d5be, 0x00b86d, 0x00b86e, 0x00b86f, 0x00b870, 0x00beba, 0x00beb9,
    0x00d5c2, 0x00b871, 0x00b872, 0x00bfa2, 0x00b873, 0x00cdaf, 0x00f1b5, 0x00b874, 0x00b875,
    0x00b876, 0x00b877, 0x00b878, 0x00b879, 0x00bddf, 0x00b87a, 0x00b6cb, 0x00b87b, 0x00b87c,
    0x00b87d, 0x00b87e, 0x00b880, 0x00b881, 0x00b882, 0x00b883, 0x00b884, 0x00d6f1, 0x00f3c3,
    0x00b885, 0x00b886, 0x00f3c4, 0x00b887, 0x00b8cd, 0x00b888, 0x00b889, 0x00b88a, 0x00f3c6,
    0x00f3c7, 0x00b88b, 0x00b0ca, 0x00b88c, 0x00f3c5, 0x00b88d, 0x00f3c9, 0x00cbf1, 0x00b88e,
    0x00b88f, 0x00b890, 0x00f3cb, 0x00b891, 0x00d0a6, 0x00b892, 0x00b893, 0x00b1ca, 0x00f3c8,
    0x00b894, 0x00b895, 0x00b896, 0x00f3cf, 0x00b897, 0x00b5d1, 0x00b898, 0x00b899, 0x00f3d7,
    0x00b89a, 0x00f3d2, 0x00b89b, 0x00b89c, 0x00b89d, 0x00f3d4, 0x00f3d3, 0x00b7fb, 0x00b89e,
    0x00b1bf, 0x00b89f, 0x00f3ce, 0x00f3ca, 0x00b5da, 0x00b8a0, 0x00f3d0, 0x00b940, 0x00b941,
    0x00f3d1, 0x00b942, 0x00f3d5, 0x00b943, 0x00b944, 0x00b945, 0x00b946, 0x00f3cd, 0x00b947,
    0x00bce3, 0x00b948, 0x00c1fd, 0x00b949, 0x00f3d6, 0x00b94a, 0x00b94b, 0x00b94c, 0x00b94d,
    0x00b94e, 0x00b94f, 0x00f3da, 0x00b950, 0x00f3cc, 0x00b951, 0x00b5c8, 0x00b952, 0x00bdee,
    0x00f3dc, 0x00b953, 0x00b954, 0x00b7a4, 0x00bff0, 0x00d6fe, 0x00cdb2, 0x00b955, 0x00b4f0,
    0x00b956, 0x00b2df, 0x00b957, 0x00f3d8, 0x00b958, 0x00f3d9, 0x00c9b8, 0x00b959, 0x00f3dd,
    0x00b95a, 0x00b95b, 0x00f3de, 0x00b95c, 0x00f3e1, 0x00b95d, 0x00b95e, 0x00b95f, 0x00b960,
    0x00b961, 0x00b962, 0x00b963, 0x00b964, 0x00b965, 0x00b966, 0x00b967, 0x00f3df, 0x00b968,
    0x00b969, 0x00f3e3, 0x00f3e2, 0x00b96a, 0x00b96b, 0x00f3db, 0x00b96c, 0x00bfea, 0x00b96d,
    0x00b3ef, 0x00b96e, 0x00f3e0, 0x00b96f, 0x00b970, 0x00c7a9, 0x00b971, 0x00bcf2, 0x00b972,
    0x00b973, 0x00b974, 0x00b975, 0x00f3eb, 0x00b976, 0x00b977, 0x00b978, 0x00b979, 0x00b97a,
    0x00b97b, 0x00b97c, 0x00b9bf, 0x00b97d, 0x00b97e, 0x00f3e4, 0x00b980, 0x00b981, 0x00b982,
    0x00b2ad, 0x00bbfe, 0x00b983, 0x00cbe3, 0x00b984, 0x00b985, 0x00b986, 0x00b987, 0x00f3ed,
    0x00f3e9, 0x00b988, 0x00b989, 0x00b98a, 0x00b9dc, 0x00f3ee, 0x00b98b, 0x00b98c, 0x00b98d,
    0x00f3e5, 0x00f3e6, 0x00f3ea, 0x00c2e1, 0x00f3ec, 0x00f3ef, 0x00f3e8, 0x00bcfd, 0x00b98e,
    0x00b98f, 0x00b990, 0x00cfe4, 0x00b991, 0x00b992, 0x00f3f0, 0x00b993, 0x00b994, 0x00b995,
    0x00f3e7, 0x00b996, 0x00b997, 0x00b998, 0x00b999, 0x00b99a, 0x00b99b, 0x00b99c, 0x00b99d,
    0x00f3f2, 0x00b99e, 0x00b99f, 0x00b9a0, 0x00ba40, 0x00d7ad, 0x00c6aa, 0x00ba41, 0x00ba42,
    0x00ba43, 0x00ba44, 0x00f3f3, 0x00ba45, 0x00ba46, 0x00ba47, 0x00ba48, 0x00f3f1, 0x00ba49,
    0x00c2a8, 0x00ba4a, 0x00ba4b, 0x00ba4c, 0x00ba4d, 0x00ba4e, 0x00b8dd, 0x00f3f5, 0x00ba4f,
    0x00ba50, 0x00f3f4, 0x00ba51, 0x00ba52, 0x00ba53, 0x00b4db, 0x00ba54, 0x00ba55, 0x00ba56,
    0x00f3f6, 0x00f3f7, 0x00ba57, 0x00ba58, 0x00ba59, 0x00f3f8, 0x00ba5a, 0x00ba5b, 0x00ba5c,
    0x00c0ba, 0x00ba5d, 0x00ba5e, 0x00c0e9, 0x00ba5f, 0x00ba60, 0x00ba61, 0x00ba62, 0x00ba63,
    0x00c5f1, 0x00ba64, 0x00ba65, 0x00ba66, 0x00ba67, 0x00f3fb, 0x00ba68, 0x00f3fa, 0x00ba69,
    0x00ba6a, 0x00ba6b, 0x00ba6c, 0x00ba6d, 0x00ba6e, 0x00ba6f, 0x00ba70, 0x00b4d8, 0x00ba71,
    0x00ba72, 0x00ba73, 0x00f3fe, 0x00f3f9, 0x00ba74, 0x00ba75, 0x00f3fc, 0x00ba76, 0x00ba77,
    0x00ba78, 0x00ba79, 0x00ba7a, 0x00ba7b, 0x00f3fd, 0x00ba7c, 0x00ba7d, 0x00ba7e, 0x00ba80,
    0x00ba81, 0x00ba82, 0x00ba83, 0x00ba84, 0x00f4a1, 0x00ba85, 0x00ba86, 0x00ba87, 0x00ba88,
    0x00ba89, 0x00ba8a, 0x00f4a3, 0x00bbc9, 0x00ba8b, 0x00ba8c, 0x00f4a2, 0x00ba8d, 0x00ba8e,
    0x00ba8f, 0x00ba90, 0x00ba91, 0x00ba92, 0x00ba93, 0x00ba94, 0x00ba95, 0x00ba96, 0x00ba97,
    0x00ba98, 0x00ba99, 0x00f4a4, 0x00ba9a, 0x00ba9b, 0x00ba9c, 0x00ba9d, 0x00ba9e, 0x00ba9f,
    0x00b2be, 0x00f4a6, 0x00f4a5, 0x00baa0, 0x00bb40, 0x00bb41, 0x00bb42, 0x00bb43, 0x00bb44,
    0x00bb45, 0x00bb46, 0x00bb47, 0x00bb48, 0x00bb49, 0x00bcae, 0x00bb4a, 0x00bb4b, 0x00bb4c,
    0x00bb4d, 0x00bb4e, 0x00bb4f, 0x00bb50, 0x00bb51, 0x00bb52, 0x00bb53, 0x00bb54, 0x00bb55,
    0x00bb56, 0x00bb57, 0x00bb58, 0x00bb59, 0x00bb5a, 0x00bb5b, 0x00bb5c, 0x00bb5d, 0x00bb5e,
    0x00bb5f, 0x00bb60, 0x00bb61, 0x00bb62, 0x00bb63, 0x00bb64, 0x00bb65, 0x00bb66, 0x00bb67,
    0x00bb68, 0x00bb69, 0x00bb6a, 0x00bb6b, 0x00bb6c, 0x00bb6d, 0x00bb6e, 0x00c3d7, 0x00d9e1,
    0x00bb6f, 0x00bb70, 0x00bb71, 0x00bb72, 0x00bb73, 0x00bb74, 0x00c0e0, 0x00f4cc, 0x00d7d1,
    0x00bb75, 0x00bb76, 0x00bb77, 0x00bb78, 0x00bb79, 0x00bb7a, 0x00bb7b, 0x00bb7c, 0x00bb7d,
    0x00bb7e, 0x00bb80, 0x00b7db, 0x00bb81, 0x00bb82, 0x00bb83, 0x00bb84, 0x00bb85, 0x00bb86,
    0x00bb87, 0x00f4ce, 0x00c1a3, 0x00bb88, 0x00bb89, 0x00c6c9, 0x00bb8a, 0x00b4d6, 0x00d5b3,
    0x00bb8b, 0x00bb8c, 0x00bb8d, 0x00f4d0, 0x00f4cf, 0x00f4d1, 0x00cbda, 0x00bb8e, 0x00bb8f,
    0x00f4d2, 0x00bb90, 0x00d4c1, 0x00d6e0, 0x00bb91, 0x00bb92, 0x00bb93, 0x00bb94, 0x00b7e0,
    0x00bb95, 0x00bb96, 0x00bb97, 0x00c1b8, 0x00bb98, 0x00bb99, 0x00c1bb, 0x00f4d3, 0x00beac,
    0x00bb9a, 0x00bb9b, 0x00bb9c, 0x00bb9d, 0x00bb9e, 0x00b4e2, 0x00bb9f, 0x00bba0, 0x00f4d4,
    0x00f4d5, 0x00beab, 0x00bc40, 0x00bc41, 0x00f4d6, 0x00bc42, 0x00bc43, 0x00bc44, 0x00f4db,
    0x00bc45, 0x00f4d7, 0x00f4da, 0x00bc46, 0x00bafd, 0x00bc47, 0x00f4d8, 0x00f4d9, 0x00bc48,
    0x00bc49, 0x00bc4a, 0x00bc4b, 0x00bc4c, 0x00bc4d, 0x00bc4e, 0x00b8e2, 0x00ccc7, 0x00f4dc,
    0x00bc4f, 0x00b2da, 0x00bc50, 0x00bc51, 0x00c3d3, 0x00bc52, 0x00bc53, 0x00d4e3, 0x00bfb7,
    0x00bc54, 0x00bc55, 0x00bc56, 0x00bc57, 0x00bc58, 0x00bc59, 0x00bc5a, 0x00f4dd, 0x00bc5b,
    0x00bc5c, 0x00bc5d, 0x00bc5e, 0x00bc5f, 0x00bc60, 0x00c5b4, 0x00bc61, 0x00bc62, 0x00bc63,
    0x00bc64, 0x00bc65, 0x00bc66, 0x00bc67, 0x00bc68, 0x00f4e9, 0x00bc69, 0x00bc6a, 0x00cfb5,
    0x00bc6b, 0x00bc6c, 0x00bc6d, 0x00bc6e, 0x00bc6f, 0x00bc70, 0x00bc71, 0x00bc72, 0x00bc73,
    0x00bc74, 0x00bc75, 0x00bc76, 0x00bc77, 0x00bc78, 0x00cec9, 0x00bc79, 0x00bc7a, 0x00bc7b,
    0x00bc7c, 0x00bc7d, 0x00bc7e, 0x00bc80, 0x00bc81, 0x00bc82, 0x00bc83, 0x00bc84, 0x00bc85,
    0x00bc86, 0x00bc87, 0x00bc88, 0x00bc89, 0x00bc8a, 0x00bc8b, 0x00bc8c, 0x00bc8d, 0x00bc8e,
    0x00cbd8, 0x00bc8f, 0x00cbf7, 0x00bc90, 0x00bc91, 0x00bc92, 0x00bc93, 0x00bdf4, 0x00bc94,
    0x00bc95, 0x00bc96, 0x00d7cf, 0x00bc97, 0x00bc98, 0x00bc99, 0x00c0db, 0x00bc9a, 0x00bc9b,
    0x00bc9c, 0x00bc9d, 0x00bc9e, 0x00bc9f, 0x00bca0, 0x00bd40, 0x00bd41, 0x00bd42, 0x00bd43,
    0x00bd44, 0x00bd45, 0x00bd46, 0x00bd47, 0x00bd48, 0x00bd49, 0x00bd4a, 0x00bd4b, 0x00bd4c,
    0x00bd4d, 0x00bd4e, 0x00bd4f, 0x00bd50, 0x00bd51, 0x00bd52, 0x00bd53, 0x00bd54, 0x00bd55,
    0x00bd56, 0x00bd57, 0x00bd58, 0x00bd59, 0x00bd5a, 0x00bd5b, 0x00bd5c, 0x00bd5d, 0x00bd5e,
    0x00bd5f, 0x00bd60, 0x00bd61, 0x00bd62, 0x00bd63, 0x00bd64, 0x00bd65, 0x00bd66, 0x00bd67,
    0x00bd68, 0x00bd69, 0x00bd6a, 0x00bd6b, 0x00bd6c, 0x00bd6d, 0x00bd6e, 0x00bd6f, 0x00bd70,
    0x00bd71, 0x00bd72, 0x00bd73, 0x00bd74, 0x00bd75, 0x00bd76, 0x00d0f5, 0x00bd77, 0x00bd78,
    0x00bd79, 0x00bd7a, 0x00bd7b, 0x00bd7c, 0x00bd7d, 0x00bd7e, 0x00f4ea, 0x00bd80, 0x00bd81,
    0x00bd82, 0x00bd83, 0x00bd84, 0x00bd85, 0x00bd86, 0x00bd87, 0x00bd88, 0x00bd89, 0x00bd8a,
    0x00bd8b, 0x00bd8c, 0x00bd8d, 0x00bd8e, 0x00bd8f, 0x00bd90, 0x00bd91, 0x00bd92, 0x00bd93,
    0x00bd94, 0x00bd95, 0x00bd96, 0x00bd97, 0x00bd98, 0x00bd99, 0x00bd9a, 0x00bd9b, 0x00bd9c,
    0x00bd9d, 0x00bd9e, 0x00bd9f, 0x00bda0, 0x00be40, 0x00be41, 0x00be42, 0x00be43, 0x00be44,
    0x00be45, 0x00be46, 0x00be47, 0x00be48, 0x00be49, 0x00be4a, 0x00be4b, 0x00be4c, 0x00f4eb,
    0x00be4d, 0x00be4e, 0x00be4f, 0x00be50, 0x00be51, 0x00be52, 0x00be53, 0x00f4ec, 0x00be54,
    0x00be55, 0x00be56, 0x00be57, 0x00be58, 0x00be59, 0x00be5a, 0x00be5b, 0x00be5c, 0x00be5d,
    0x00be5e, 0x00be5f, 0x00be60, 0x00be61, 0x00be62, 0x00be63, 0x00be64, 0x00be65, 0x00be66,
    0x00be67, 0x00be68, 0x00be69, 0x00be6a, 0x00be6b, 0x00be6c, 0x00be6d, 0x00be6e, 0x00be6f,
    0x00be70, 0x00be71, 0x00be72, 0x00be73, 0x00be74, 0x00be75, 0x00be76, 0x00be77, 0x00be78,
    0x00be79, 0x00be7a, 0x00be7b, 0x00be7c, 0x00be7d, 0x00be7e, 0x00be80, 0x00be81, 0x00be82,
    0x00be83, 0x00be84, 0x00be85, 0x00be86, 0x00be87, 0x00be88, 0x00be89, 0x00be8a, 0x00be8b,
    0x00be8c, 0x00be8d, 0x00be8e, 0x00be8f, 0x00be90, 0x00be91, 0x00be92, 0x00be93, 0x00be94,
    0x00be95, 0x00be96, 0x00be97, 0x00be98, 0x00be99, 0x00be9a, 0x00be9b, 0x00be9c, 0x00be9d,
    0x00be9e, 0x00be9f, 0x00bea0, 0x00bf40, 0x00bf41, 0x00bf42, 0x00bf43, 0x00bf44, 0x00bf45,
    0x00bf46, 0x00bf47, 0x00bf48, 0x00bf49, 0x00bf4a, 0x00bf4b, 0x00bf4c, 0x00bf4d, 0x00bf4e,
    0x00bf4f, 0x00bf50, 0x00bf51, 0x00bf52, 0x00bf53, 0x00bf54, 0x00bf55, 0x00bf56, 0x00bf57,
    0x00bf58, 0x00bf59, 0x00bf5a, 0x00bf5b, 0x00bf5c, 0x00bf5d, 0x00bf5e, 0x00bf5f, 0x00bf60,
    0x00bf61, 0x00bf62, 0x00bf63, 0x00bf64, 0x00bf65, 0x00bf66, 0x00bf67, 0x00bf68, 0x00bf69,
    0x00bf6a, 0x00bf6b, 0x00bf6c, 0x00bf6d, 0x00bf6e, 0x00bf6f, 0x00bf70, 0x00bf71, 0x00bf72,
    0x00bf73, 0x00bf74, 0x00bf75, 0x00bf76, 0x00bf77, 0x00bf78, 0x00bf79, 0x00bf7a, 0x00bf7b,
    0x00bf7c, 0x00bf7d, 0x00bf7e, 0x00bf80, 0x00f7e3, 0x00bf81, 0x00bf82, 0x00bf83, 0x00bf84,
    0x00bf85, 0x00b7b1, 0x00bf86, 0x00bf87, 0x00bf88, 0x00bf89, 0x00bf8a, 0x00f4ed, 0x00bf8b,
    0x00bf8c, 0x00bf8d, 0x00bf8e, 0x00bf8f, 0x00bf90, 0x00bf91, 0x00bf92, 0x00bf93, 0x00bf94,
    0x00bf95, 0x00bf96, 0x00bf97, 0x00bf98, 0x00bf99, 0x00bf9a, 0x00bf9b, 0x00bf9c, 0x00bf9d,
    0x00bf9e, 0x00bf9f, 0x00bfa0, 0x00c040, 0x00c041, 0x00c042, 0x00c043, 0x00c044, 0x00c045,
    0x00c046, 0x00c047, 0x00c048, 0x00c049, 0x00c04a, 0x00c04b, 0x00c04c, 0x00c04d, 0x00c04e,
    0x00c04f, 0x00c050, 0x00c051, 0x00c052, 0x00c053, 0x00c054, 0x00c055, 0x00c056, 0x00c057,
    0x00c058, 0x00c059, 0x00c05a, 0x00c05b, 0x00c05c, 0x00c05d, 0x00c05e, 0x00c05f, 0x00c060,
    0x00c061, 0x00c062, 0x00c063, 0x00d7eb, 0x00c064, 0x00c065, 0x00c066, 0x00c067, 0x00c068,
    0x00c069, 0x00c06a, 0x00c06b, 0x00c06c, 0x00c06d, 0x00c06e, 0x00c06f, 0x00c070, 0x00c071,
    0x00c072, 0x00c073, 0x00c074, 0x00c075, 0x00c076, 0x00c077, 0x00c078, 0x00c079, 0x00c07a,
    0x00c07b, 0x00f4ee, 0x00c07c, 0x00c07d, 0x00c07e, 0x00e6f9, 0x00bec0, 0x00e6fa, 0x00baec,
    0x00e6fb, 0x00cfcb, 0x00e6fc, 0x00d4bc, 0x00bcb6, 0x00e6fd, 0x00e6fe, 0x00bccd, 0x00c8d2,
    0x00ceb3, 0x00e7a1, 0x00c080, 0x00b4bf, 0x00e7a2, 0x00c9b4, 0x00b8d9, 0x00c4c9, 0x00c081,
    0x00d7dd, 0x00c2da, 0x00b7d7, 0x00d6bd, 0x00cec6, 0x00b7c4, 0x00c082, 0x00c083, 0x00c5a6,
    0x00e7a3, 0x00cfdf, 0x00e7a4, 0x00e7a5, 0x00e7a6, 0x00c1b7, 0x00d7e9, 0x00c9f0, 0x00cfb8,
    0x00d6af, 0x00d6d5, 0x00e7a7, 0x00b0ed, 0x00e7a8, 0x00e7a9, 0x00c9dc, 0x00d2ef, 0x00bead,
    0x00e7aa, 0x00b0f3, 0x00c8de, 0x00bde1, 0x00e7ab, 0x00c8c6, 0x00c084, 0x00e7ac, 0x00bbe6,
    0x00b8f8, 0x00d1a4, 0x00e7ad, 0x00c2e7, 0x00bef8, 0x00bdca, 0x00cdb3, 0x00e7ae, 0x00e7af,
    0x00beee, 0x00d0e5, 0x00c085, 0x00cbe7, 0x00ccd0, 0x00bccc, 0x00e7b0, 0x00bca8, 0x00d0f7,
    0x00e7b1, 0x00c086, 0x00d0f8, 0x00e7b2, 0x00e7b3, 0x00b4c2, 0x00e7b4, 0x00e7b5, 0x00c9fe,
    0x00ceac, 0x00c3e0, 0x00e7b7, 0x00b1c1, 0x00b3f1, 0x00c087, 0x00e7b8, 0x00e7b9, 0x00d7db,
    0x00d5c0, 0x00e7ba, 0x00c2cc, 0x00d7ba, 0x00e7bb, 0x00e7bc, 0x00e7bd, 0x00bcea, 0x00c3e5,
    0x00c0c2, 0x00e7be, 0x00e7bf, 0x00bca9, 0x00c088, 0x00e7c0, 0x00e7c1, 0x00e7b6, 0x00b6d0,
    0x00e7c2, 0x00c089, 0x00e7c3, 0x00e7c4, 0x00bbba, 0x00b5de, 0x00c2c6, 0x00b1e0, 0x00e7c5,
    0x00d4b5, 0x00e7c6, 0x00b8bf, 0x00e7c8, 0x00e7c7, 0x00b7ec, 0x00c08a, 0x00e7c9, 0x00b2f8,
    0x00e7ca, 0x00e7cb, 0x00e7cc, 0x00e7cd, 0x00e7ce, 0x00e7cf, 0x00e7d0, 0x00d3a7, 0x00cbf5,
    0x00e7d1, 0x00e7d2, 0x00e7d3, 0x00e7d4, 0x00c9c9, 0x00e7d5, 0x00e7d6, 0x00e7d7, 0x00e7d8,
    0x00e7d9, 0x00bdc9, 0x00e7da, 0x00f3be, 0x00c08b, 0x00b8d7, 0x00c08c, 0x00c8b1, 0x00c08d,
    0x00c08e, 0x00c08f, 0x00c090, 0x00c091, 0x00c092, 0x00c093, 0x00f3bf, 0x00c094, 0x00f3c0,
    0x00f3c1, 0x00c095, 0x00c096, 0x00c097, 0x00c098, 0x00c099, 0x00c09a, 0x00c09b, 0x00c09c,
    0x00c09d, 0x00c09e, 0x00b9de, 0x00cdf8, 0x00c09f, 0x00c0a0, 0x00d8e8, 0x00bab1, 0x00c140,
    0x00c2de, 0x00eeb7, 0x00c141, 0x00b7a3, 0x00c142, 0x00c143, 0x00c144, 0x00c145, 0x00eeb9,
    0x00c146, 0x00eeb8, 0x00b0d5, 0x00c147, 0x00c148, 0x00c149, 0x00c14a, 0x00c14b, 0x00eebb,
    0x00d5d6, 0x00d7ef, 0x00c14c, 0x00c14d, 0x00c14e, 0x00d6c3, 0x00c14f, 0x00c150, 0x00eebd,
    0x00caf0, 0x00c151, 0x00eebc, 0x00c152, 0x00c153, 0x00c154, 0x00c155, 0x00eebe, 0x00c156,
    0x00c157, 0x00c158, 0x00c159, 0x00eec0, 0x00c15a, 0x00c15b, 0x00eebf, 0x00c15c, 0x00c15d,
    0x00c15e, 0x00c15f, 0x00c160, 0x00c161, 0x00c162, 0x00c163, 0x00d1f2, 0x00c164, 0x00c7bc,
    0x00c165, 0x00c3c0, 0x00c166, 0x00c167, 0x00c168, 0x00c169, 0x00c16a, 0x00b8e1, 0x00c16b,
    0x00c16c, 0x00c16d, 0x00c16e, 0x00c16f, 0x00c1e7, 0x00c170, 0x00c171, 0x00f4c6, 0x00d0df,
    0x00f4c7, 0x00c172, 0x00cfdb, 0x00c173, 0x00c174, 0x00c8ba, 0x00c175, 0x00c176, 0x00f4c8,
    0x00c177, 0x00c178, 0x00c179, 0x00c17a, 0x00c17b, 0x00c17c, 0x00c17d, 0x00f4c9, 0x00f4ca,
    0x00c17e, 0x00f4cb, 0x00c180, 0x00c181, 0x00c182, 0x00c183, 0x00c184, 0x00d9fa, 0x00b8fe,
    0x00c185, 0x00c186, 0x00e5f1, 0x00d3f0, 0x00c187, 0x00f4e0, 0x00c188, 0x00cecc, 0x00c189,
    0x00c18a, 0x00c18b, 0x00b3e1, 0x00c18c, 0x00c18d, 0x00c18e, 0x00c18f, 0x00f1b4, 0x00c190,
    0x00d2ee, 0x00c191, 0x00f4e1, 0x00c192, 0x00c193, 0x00c194, 0x00c195, 0x00c196, 0x00cfe8,
    0x00f4e2, 0x00c197, 0x00c198, 0x00c7cc, 0x00c199, 0x00c19a, 0x00c19b, 0x00c19c, 0x00c19d,
    0x00c19e, 0x00b5d4, 0x00b4e4, 0x00f4e4, 0x00c19f, 0x00c1a0, 0x00c240, 0x00f4e3, 0x00f4e5,
    0x00c241, 0x00c242, 0x00f4e6, 0x00c243, 0x00c244, 0x00c245, 0x00c246, 0x00f4e7, 0x00c247,
    0x00bab2, 0x00b0bf, 0x00c248, 0x00f4e8, 0x00c249, 0x00c24a, 0x00c24b, 0x00c24c, 0x00c24d,
    0x00c24e, 0x00c24f, 0x00b7ad, 0x00d2ed, 0x00c250, 0x00c251, 0x00c252, 0x00d2ab, 0x00c0cf,
    0x00c253, 0x00bfbc, 0x00eba3, 0x00d5df, 0x00eac8, 0x00c254, 0x00c255, 0x00c256, 0x00c257,
    0x00f1f3, 0x00b6f8, 0x00cba3, 0x00c258, 0x00c259, 0x00c4cd, 0x00c25a, 0x00f1e7, 0x00c25b,
    0x00f1e8, 0x00b8fb, 0x00f1e9, 0x00bac4, 0x00d4c5, 0x00b0d2, 0x00c25c, 0x00c25d, 0x00f1ea,
    0x00c25e, 0x00c25f, 0x00c260, 0x00f1eb, 0x00c261, 0x00f1ec, 0x00c262, 0x00c263, 0x00f1ed,
    0x00f1ee, 0x00f1ef, 0x00f1f1, 0x00f1f0, 0x00c5d5, 0x00c264, 0x00c265, 0x00c266, 0x00c267,
    0x00c268, 0x00c269, 0x00f1f2, 0x00c26a, 0x00b6fa, 0x00c26b, 0x00f1f4, 0x00d2ae, 0x00dec7,
    0x00cbca, 0x00c26c, 0x00c26d, 0x00b3dc, 0x00c26e, 0x00b5a2, 0x00c26f, 0x00b9a2, 0x00c270,
    0x00c271, 0x00c4f4, 0x00f1f5, 0x00c272, 0x00c273, 0x00f1f6, 0x00c274, 0x00c275, 0x00c276,
    0x00c1c4, 0x00c1fb, 0x00d6b0, 0x00f1f7, 0x00c277, 0x00c278, 0x00c279, 0x00c27a, 0x00f1f8,
    0x00c27b, 0x00c1aa, 0x00c27c, 0x00c27d, 0x00c27e, 0x00c6b8, 0x00c280, 0x00bedb, 0x00c281,
    0x00c282, 0x00c283, 0x00c284, 0x00c285, 0x00c286, 0x00c287, 0x00c288, 0x00c289, 0x00c28a,
    0x00c28b, 0x00c28c, 0x00c28d, 0x00c28e, 0x00f1f9, 0x00b4cf, 0x00c28f, 0x00c290, 0x00c291,
    0x00c292, 0x00c293, 0x00c294, 0x00f1fa, 0x00c295, 0x00c296, 0x00c297, 0x00c298, 0x00c299,
    0x00c29a, 0x00c29b, 0x00c29c, 0x00c29d, 0x00c29e, 0x00c29f, 0x00c2a0, 0x00c340, 0x00edb2,
    0x00edb1, 0x00c341, 0x00c342, 0x00cbe0, 0x00d2de, 0x00c343, 0x00cbc1, 0x00d5d8, 0x00c344,
    0x00c8e2, 0x00c345, 0x00c0df, 0x00bca1, 0x00c346, 0x00c347, 0x00c348, 0x00c349, 0x00c34a,
    0x00c34b, 0x00ebc1, 0x00c34c, 0x00c34d, 0x00d0a4, 0x00c34e, 0x00d6e2, 0x00c34f, 0x00b6c7,
    0x00b8d8, 0x00ebc0, 0x00b8ce, 0x00c350, 0x00ebbf, 0x00b3a6, 0x00b9c9, 0x00d6ab, 0x00c351,
    0x00b7f4, 0x00b7ca, 0x00c352, 0x00c353, 0x00c354, 0x00bce7, 0x00b7be, 0x00ebc6, 0x00c355,
    0x00ebc7, 0x00b0b9, 0x00bfcf, 0x00c356, 0x00ebc5, 0x00d3fd, 0x00c357, 0x00ebc8, 0x00c358,
    0x00c359, 0x00ebc9, 0x00c35a, 0x00c35b, 0x00b7ce, 0x00c35c, 0x00ebc2, 0x00ebc4, 0x00c9f6,
    0x00d6d7, 0x00d5cd, 0x00d0b2, 0x00ebcf, 0x00ceb8, 0x00ebd0, 0x00c35d, 0x00b5a8, 0x00c35e,
    0x00c35f, 0x00c360, 0x00c361, 0x00c362, 0x00b1b3, 0x00ebd2, 0x00cca5, 0x00c363, 0x00c364,
    0x00c365, 0x00c366, 0x00c367, 0x00c368, 0x00c369, 0x00c5d6, 0x00ebd3, 0x00c36a, 0x00ebd1,
    0x00c5df, 0x00ebce, 0x00caa4, 0x00ebd5, 0x00b0fb, 0x00c36b, 0x00c36c, 0x00bafa, 0x00c36d,
    0x00c36e, 0x00d8b7, 0x00f1e3, 0x00c36f, 0x00ebca, 0x00ebcb, 0x00ebcc, 0x00ebcd, 0x00ebd6,
    0x00e6c0, 0x00ebd9, 0x00c370, 0x00bfe8, 0x00d2c8, 0x00ebd7, 0x00ebdc, 0x00b8ec, 0x00ebd8,
    0x00c371, 0x00bdba, 0x00c372, 0x00d0d8, 0x00c373, 0x00b0b7, 0x00c374, 0x00ebdd, 0x00c4dc,
    0x00c375, 0x00c376, 0x00c377, 0x00c378, 0x00d6ac, 0x00c379, 0x00c37a, 0x00c37b, 0x00b4e0,
    0x00c37c, 0x00c37d, 0x00c2f6, 0x00bcb9, 0x00c37e, 0x00c380, 0x00ebda, 0x00ebdb, 0x00d4e0,
    0x00c6ea, 0x00c4d4, 0x00ebdf, 0x00c5a7, 0x00d9f5, 0x00c381, 0x00b2b1, 0x00c382, 0x00ebe4,
    0x00c383, 0x00bdc5, 0x00c384, 0x00c385, 0x00c386, 0x00ebe2, 0x00c387, 0x00c388, 0x00c389,
    0x00c38a, 0x00c38b, 0x00c38c, 0x00c38d, 0x00c38e, 0x00c38f, 0x00c390, 0x00c391, 0x00c392,
    0x00c393, 0x00ebe3, 0x00c394, 0x00c395, 0x00b8ac, 0x00c396, 0x00cdd1, 0x00ebe5, 0x00c397,
    0x00c398, 0x00c399, 0x00ebe1, 0x00c39a, 0x00c1b3, 0x00c39b, 0x00c39c, 0x00c39d, 0x00c39e,
    0x00c39f, 0x00c6a2, 0x00c3a0, 0x00c440, 0x00c441, 0x00c442, 0x00c443, 0x00c444, 0x00c445,
    0x00ccf3, 0x00c446, 0x00ebe6, 0x00c447, 0x00c0b0, 0x00d2b8, 0x00ebe7, 0x00c448, 0x00c449,
    0x00c44a, 0x00b8af, 0x00b8ad, 0x00c44b, 0x00ebe8, 0x00c7bb, 0x00cdf3, 0x00c44c, 0x00c44d,
    0x00c44e, 0x00ebea, 0x00ebeb, 0x00c44f, 0x00c450, 0x00c451, 0x00c452, 0x00c453, 0x00ebed,
    0x00c454, 0x00c455, 0x00c456, 0x00c457, 0x00d0c8, 0x00c458, 0x00ebf2, 0x00c459, 0x00ebee,
    0x00c45a, 0x00c45b, 0x00c45c, 0x00ebf1, 0x00c8f9, 0x00c45d, 0x00d1fc, 0x00ebec, 0x00c45e,
    0x00c45f, 0x00ebe9, 0x00c460, 0x00c461, 0x00c462, 0x00c463, 0x00b8b9, 0x00cfd9, 0x00c4e5,
    0x00ebef, 0x00ebf0, 0x00ccda, 0x00cdc8, 0x00b0f2, 0x00c464, 0x00ebf6, 0x00c465, 0x00c466,
    0x00c467, 0x00c468, 0x00c469, 0x00ebf5, 0x00c46a, 0x00b2b2, 0x00c46b, 0x00c46c, 0x00c46d,
    0x00c46e, 0x00b8e0, 0x00c46f, 0x00ebf7, 0x00c470, 0x00c471, 0x00c472, 0x00c473, 0x00c474,
    0x00c475, 0x00b1ec, 0x00c476, 0x00c477, 0x00ccc5, 0x00c4a4, 0x00cfa5, 0x00c478, 0x00c479,
    0x00c47a, 0x00c47b, 0x00c47c, 0x00ebf9, 0x00c47d, 0x00c47e, 0x00eca2, 0x00c480, 0x00c5f2,
    0x00c481, 0x00ebfa, 0x00c482, 0x00c483, 0x00c484, 0x00c485, 0x00c486, 0x00c487, 0x00c488,
    0x00c489, 0x00c9c5, 0x00c48a, 0x00c48b, 0x00c48c, 0x00c48d, 0x00c48e, 0x00c48f, 0x00e2df,
    0x00ebfe, 0x00c490, 0x00c491, 0x00c492, 0x00c493, 0x00cdce, 0x00eca1, 0x00b1db, 0x00d3b7,
    0x00c494, 0x00c495, 0x00d2dc, 0x00c496, 0x00c497, 0x00c498, 0x00ebfd, 0x00c499, 0x00ebfb,
    0x00c49a, 0x00c49b, 0x00c49c, 0x00c49d, 0x00c49e, 0x00c49f, 0x00c4a0, 0x00c540, 0x00c541,
    0x00c542, 0x00c543, 0x00c544, 0x00c545, 0x00c546, 0x00c547, 0x00c548, 0x00c549, 0x00c54a,
    0x00c54b, 0x00c54c, 0x00c54d, 0x00c54e, 0x00b3bc, 0x00c54f, 0x00c550, 0x00c551, 0x00eab0,
    0x00c552, 0x00c553, 0x00d7d4, 0x00c554, 0x00f4ab, 0x00b3f4, 0x00c555, 0x00c556, 0x00c557,
    0x00c558, 0x00c559, 0x00d6c1, 0x00d6c2, 0x00c55a, 0x00c55b, 0x00c55c, 0x00c55d, 0x00c55e,
    0x00c55f, 0x00d5e9, 0x00beca, 0x00c560, 0x00f4a7, 0x00c561, 0x00d2a8, 0x00f4a8, 0x00f4a9,
    0x00c562, 0x00f4aa, 0x00becb, 0x00d3df, 0x00c563, 0x00c564, 0x00c565, 0x00c566, 0x00c567,
    0x00c9e0, 0x00c9e1, 0x00c568, 0x00c569, 0x00f3c2, 0x00c56a, 0x00cae6, 0x00c56b, 0x00ccf2,
    0x00c56c, 0x00c56d, 0x00c56e, 0x00c56f, 0x00c570, 0x00c571, 0x00e2b6, 0x00cbb4, 0x00c572,
    0x00cee8, 0x00d6db, 0x00c573, 0x00f4ad, 0x00f4ae, 0x00f4af, 0x00c574, 0x00c575, 0x00c576,
    0x00c577, 0x00f4b2, 0x00c578, 0x00babd, 0x00f4b3, 0x00b0e3, 0x00f4b0, 0x00c579, 0x00f4b1,
    0x00bda2, 0x00b2d5, 0x00c57a, 0x00f4b6, 0x00f4b7, 0x00b6e6, 0x00b2b0, 0x00cfcf, 0x00f4b4,
    0x00b4ac, 0x00c57b, 0x00f4b5, 0x00c57c, 0x00c57d, 0x00f4b8, 0x00c57e, 0x00c580, 0x00c581,
    0x00c582, 0x00c583, 0x00f4b9, 0x00c584, 0x00c585, 0x00cda7, 0x00c586, 0x00f4ba, 0x00c587,
    0x00f4bb, 0x00c588, 0x00c589, 0x00c58a, 0x00f4bc, 0x00c58b, 0x00c58c, 0x00c58d, 0x00c58e,
    0x00c58f, 0x00c590, 0x00c591, 0x00c592, 0x00cbd2, 0x00c593, 0x00f4bd, 0x00c594, 0x00c595,
    0x00c596, 0x00c597, 0x00f4be, 0x00c598, 0x00c599, 0x00c59a, 0x00c59b, 0x00c59c, 0x00c59d,
    0x00c59e, 0x00c59f, 0x00f4bf, 0x00c5a0, 0x00c640, 0x00c641, 0x00c642, 0x00c643, 0x00f4de,
    0x00c1bc, 0x00bce8, 0x00c644, 0x00c9ab, 0x00d1de, 0x00e5f5, 0x00c645, 0x00c646, 0x00c647,
    0x00c648, 0x00dcb3, 0x00d2d5, 0x00c649, 0x00c64a, 0x00dcb4, 0x00b0ac, 0x00dcb5, 0x00c64b,
    0x00c64c, 0x00bdda, 0x00c64d, 0x00dcb9, 0x00c64e, 0x00c64f, 0x00c650, 0x00d8c2, 0x00c651,
    0x00dcb7, 0x00d3f3, 0x00c652, 0x00c9d6, 0x00dcba, 0x00dcb6, 0x00c653, 0x00dcbb, 0x00c3a2,
    0x00c654, 0x00c655, 0x00c656, 0x00c657, 0x00dcbc, 0x00dcc5, 0x00dcbd, 0x00c658, 0x00c659,
    0x00cedf, 0x00d6a5, 0x00c65a, 0x00dccf, 0x00c65b, 0x00dccd, 0x00c65c, 0x00c65d, 0x00dcd2,
    0x00bde6, 0x00c2ab, 0x00c65e, 0x00dcb8, 0x00dccb, 0x00dcce, 0x00dcbe, 0x00b7d2, 0x00b0c5,
    0x00dcc7, 0x00d0be, 0x00dcc1, 0x00bba8, 0x00c65f, 0x00b7bc, 0x00dccc, 0x00c660, 0x00c661,
    0x00dcc6, 0x00dcbf, 0x00c7db, 0x00c662, 0x00c663, 0x00c664, 0x00d1bf, 0x00dcc0, 0x00c665,
    0x00c666, 0x00dcca, 0x00c667, 0x00c668, 0x00dcd0, 0x00c669, 0x00c66a, 0x00cead, 0x00dcc2,
    0x00c66b, 0x00dcc3, 0x00dcc8, 0x00dcc9, 0x00b2d4, 0x00dcd1, 0x00cbd5, 0x00c66c, 0x00d4b7,
    0x00dcdb, 0x00dcdf, 0x00cca6, 0x00dce6, 0x00c66d, 0x00c3e7, 0x00dcdc, 0x00c66e, 0x00c66f,
    0x00bfc1, 0x00dcd9, 0x00c670, 0x00b0fa, 0x00b9b6, 0x00dce5, 0x00dcd3, 0x00c671, 0x00dcc4,
    0x00dcd6, 0x00c8f4, 0x00bfe0, 0x00c672, 0x00c673, 0x00c674, 0x00c675, 0x00c9bb, 0x00c676,
    0x00c677, 0x00c678, 0x00b1bd, 0x00c679, 0x00d3a2, 0x00c67a, 0x00c67b, 0x00dcda, 0x00c67c,
    0x00c67d, 0x00dcd5, 0x00c67e, 0x00c6bb, 0x00c680, 0x00dcde, 0x00c681, 0x00c682, 0x00c683,
    0x00c684, 0x00c685, 0x00d7c2, 0x00c3af, 0x00b7b6, 0x00c7d1, 0x00c3a9, 0x00dce2, 0x00dcd8,
    0x00dceb, 0x00dcd4, 0x00c686, 0x00c687, 0x00dcdd, 0x00c688, 0x00bea5, 0x00dcd7, 0x00c689,
    0x00dce0, 0x00c68a, 0x00c68b, 0x00dce3, 0x00dce4, 0x00c68c, 0x00dcf8, 0x00c68d, 0x00c68e,
    0x00dce1, 0x00dda2, 0x00dce7, 0x00c68f, 0x00c690, 0x00c691, 0x00c692, 0x00c693, 0x00c694,
    0x00c695, 0x00c696, 0x00c697, 0x00c698, 0x00bceb, 0x00b4c4, 0x00c699, 0x00c69a, 0x00c3a3,
    0x00b2e7, 0x00dcfa, 0x00c69b, 0x00dcf2, 0x00c69c, 0x00dcef, 0x00c69d, 0x00dcfc, 0x00dcee,
    0x00d2f0, 0x00b2e8, 0x00c69e, 0x00c8d7, 0x00c8e3, 0x00dcfb, 0x00c69f, 0x00dced, 0x00c6a0,
    0x00c740, 0x00c741, 0x00dcf7, 0x00c742, 0x00c743, 0x00dcf5, 0x00c744, 0x00c745, 0x00bea3,
    0x00dcf4, 0x00c746, 0x00b2dd, 0x00c747, 0x00c748, 0x00c749, 0x00c74a, 0x00c74b, 0x00dcf3,
    0x00bcf6, 0x00dce8, 0x00bbc4, 0x00c74c, 0x00c0f3, 0x00c74d, 0x00c74e, 0x00c74f, 0x00c750,
    0x00c751, 0x00bcd4, 0x00dce9, 0x00dcea, 0x00c752, 0x00dcf1, 0x00dcf6, 0x00dcf9, 0x00b5b4,
    0x00c753, 0x00c8d9, 0x00bbe7, 0x00dcfe, 0x00dcfd, 0x00d3ab, 0x00dda1, 0x00dda3, 0x00dda5,
    0x00d2f1, 0x00dda4, 0x00dda6, 0x00dda7, 0x00d2a9, 0x00c754, 0x00c755, 0x00c756, 0x00c757,
    0x00c758, 0x00c759, 0x00c75a, 0x00bac9, 0x00dda9, 0x00c75b, 0x00c75c, 0x00ddb6, 0x00ddb1,
    0x00ddb4, 0x00c75d, 0x00c75e, 0x00c75f, 0x00c760, 0x00c761, 0x00c762, 0x00c763, 0x00ddb0,
    0x00c6ce, 0x00c764, 0x00c765, 0x00c0f2, 0x00c766, 0x00c767, 0x00c768, 0x00c769, 0x00c9af,
    0x00c76a, 0x00c76b, 0x00c76c, 0x00dcec, 0x00ddae, 0x00c76d, 0x00c76e, 0x00c76f, 0x00c770,
    0x00ddb7, 0x00c771, 0x00c772, 0x00dcf0, 0x00ddaf, 0x00c773, 0x00ddb8, 0x00c774, 0x00ddac,
    0x00c775, 0x00c776, 0x00c777, 0x00c778, 0x00c779, 0x00c77a, 0x00c77b, 0x00ddb9, 0x00ddb3,
    0x00ddad, 0x00c4aa, 0x00c77c, 0x00c77d, 0x00c77e, 0x00c780, 0x00dda8, 0x00c0b3, 0x00c1ab,
    0x00ddaa, 0x00ddab, 0x00c781, 0x00ddb2, 0x00bbf1, 0x00ddb5, 0x00d3a8, 0x00ddba, 0x00c782,
    0x00ddbb, 0x00c3a7, 0x00c783, 0x00c784, 0x00ddd2, 0x00ddbc, 0x00c785, 0x00c786, 0x00c787,
    0x00ddd1, 0x00c788, 0x00b9bd, 0x00c789, 0x00c78a, 0x00bed5, 0x00c78b, 0x00befa, 0x00c78c,
    0x00c78d, 0x00baca, 0x00c78e, 0x00c78f, 0x00c790, 0x00c791, 0x00ddca, 0x00c792, 0x00ddc5,
    0x00c793, 0x00ddbf, 0x00c794, 0x00c795, 0x00c796, 0x00b2cb, 0x00ddc3, 0x00c797, 0x00ddcb,
    0x00b2a4, 0x00ddd5, 0x00c798, 0x00c799, 0x00c79a, 0x00ddbe, 0x00c79b, 0x00c79c, 0x00c79d,
    0x00c6d0, 0x00ddd0, 0x00c79e, 0x00c79f, 0x00c7a0, 0x00c840, 0x00c841, 0x00ddd4, 0x00c1e2,
    0x00b7c6, 0x00c842, 0x00c843, 0x00c844, 0x00c845, 0x00c846, 0x00ddce, 0x00ddcf, 0x00c847,
    0x00c848, 0x00c849, 0x00ddc4, 0x00c84a, 0x00c84b, 0x00c84c, 0x00ddbd, 0x00c84d, 0x00ddcd,
    0x00ccd1, 0x00c84e, 0x00ddc9, 0x00c84f, 0x00c850, 0x00c851, 0x00c852, 0x00ddc2, 0x00c3c8,
    0x00c6bc, 0x00ceae, 0x00ddcc, 0x00c853, 0x00ddc8, 0x00c854, 0x00c855, 0x00c856, 0x00c857,
    0x00c858, 0x00c859, 0x00ddc1, 0x00c85a, 0x00c85b, 0x00c85c, 0x00ddc6, 0x00c2dc, 0x00c85d,
    0x00c85e, 0x00c85f, 0x00c860, 0x00c861, 0x00c862, 0x00d3a9, 0x00d3aa, 0x00ddd3, 0x00cff4,
    0x00c8f8, 0x00c863, 0x00c864, 0x00c865, 0x00c866, 0x00c867, 0x00c868, 0x00c869, 0x00c86a,
    0x00dde6, 0x00c86b, 0x00c86c, 0x00c86d, 0x00c86e, 0x00c86f, 0x00c870, 0x00ddc7, 0x00c871,
    0x00c872, 0x00c873, 0x00dde0, 0x00c2e4, 0x00c874, 0x00c875, 0x00c876, 0x00c877, 0x00c878,
    0x00c879, 0x00c87a, 0x00c87b, 0x00dde1, 0x00c87c, 0x00c87d, 0x00c87e, 0x00c880, 0x00c881,
    0x00c882, 0x00c883, 0x00c884, 0x00c885, 0x00c886, 0x00ddd7, 0x00c887, 0x00c888, 0x00c889,
    0x00c88a, 0x00c88b, 0x00d6f8, 0x00c88c, 0x00ddd9, 0x00ddd8, 0x00b8f0, 0x00ddd6, 0x00c88d,
    0x00c88e, 0x00c88f, 0x00c890, 0x00c6cf, 0x00c891, 0x00b6ad, 0x00c892, 0x00c893, 0x00c894,
    0x00c895, 0x00c896, 0x00dde2, 0x00c897, 0x00baf9, 0x00d4e1, 0x00dde7, 0x00c898, 0x00c899,
    0x00c89a, 0x00b4d0, 0x00c89b, 0x00ddda, 0x00c89c, 0x00bffb, 0x00dde3, 0x00c89d, 0x00dddf,
    0x00c89e, 0x00dddd, 0x00c89f, 0x00c8a0, 0x00c940, 0x00c941, 0x00c942, 0x00c943, 0x00c944,
    0x00b5d9, 0x00c945, 0x00c946, 0x00c947, 0x00c948, 0x00dddb, 0x00dddc, 0x00ddde, 0x00c949,
    0x00bdaf, 0x00dde4, 0x00c94a, 0x00dde5, 0x00c94b, 0x00c94c, 0x00c94d, 0x00c94e, 0x00c94f,
    0x00c950, 0x00c951, 0x00c952, 0x00ddf5, 0x00c953, 0x00c3c9, 0x00c954, 0x00c955, 0x00cbe2,
    0x00c956, 0x00c957, 0x00c958, 0x00c959, 0x00ddf2, 0x00c95a, 0x00c95b, 0x00c95c, 0x00c95d,
    0x00c95e, 0x00c95f, 0x00c960, 0x00c961, 0x00c962, 0x00c963, 0x00c964, 0x00c965, 0x00c966,
    0x00d8e1, 0x00c967, 0x00c968, 0x00c6d1, 0x00c969, 0x00ddf4, 0x00c96a, 0x00c96b, 0x00c96c,
    0x00d5f4, 0x00ddf3, 0x00ddf0, 0x00c96d, 0x00c96e, 0x00ddec, 0x00c96f, 0x00ddef, 0x00c970,
    0x00dde8, 0x00c971, 0x00c972, 0x00d0ee, 0x00c973, 0x00c974, 0x00c975, 0x00c976, 0x00c8d8,
    0x00ddee, 0x00c977, 0x00c978, 0x00dde9, 0x00c979, 0x00c97a, 0x00ddea, 0x00cbf2, 0x00c97b,
    0x00dded, 0x00c97c, 0x00c97d, 0x00b1cd, 0x00c97e, 0x00c980, 0x00c981, 0x00c982, 0x00c983,
    0x00c984, 0x00c0b6, 0x00c985, 0x00bcbb, 0x00ddf1, 0x00c986, 0x00c987, 0x00ddf7, 0x00c988,
    0x00ddf6, 0x00ddeb, 0x00c989, 0x00c98a, 0x00c98b, 0x00c98c, 0x00c98d, 0x00c5ee, 0x00c98e,
    0x00c98f, 0x00c990, 0x00ddfb, 0x00c991, 0x00c992, 0x00c993, 0x00c994, 0x00c995, 0x00c996,
    0x00c997, 0x00c998, 0x00c999, 0x00c99a, 0x00c99b, 0x00dea4, 0x00c99c, 0x00c99d, 0x00dea3,
    0x00c99e, 0x00c99f, 0x00c9a0, 0x00ca40, 0x00ca41, 0x00ca42, 0x00ca43, 0x00ca44, 0x00ca45,
    0x00ca46, 0x00ca47, 0x00ca48, 0x00ddf8, 0x00ca49, 0x00ca4a, 0x00ca4b, 0x00ca4c, 0x00c3ef,
    0x00ca4d, 0x00c2fb, 0x00ca4e, 0x00ca4f, 0x00ca50, 0x00d5e1, 0x00ca51, 0x00ca52, 0x00ceb5,
    0x00ca53, 0x00ca54, 0x00ca55, 0x00ca56, 0x00ddfd, 0x00ca57, 0x00b2cc, 0x00ca58, 0x00ca59,
    0x00ca5a, 0x00ca5b, 0x00ca5c, 0x00ca5d, 0x00ca5e, 0x00ca5f, 0x00ca60, 0x00c4e8, 0x00cadf,
    0x00ca61, 0x00ca62, 0x00ca63, 0x00ca64, 0x00ca65, 0x00ca66, 0x00ca67, 0x00ca68, 0x00ca69,
    0x00ca6a, 0x00c7be, 0x00ddfa, 0x00ddfc, 0x00ddfe, 0x00dea2, 0x00b0aa, 0x00b1ce, 0x00ca6b,
    0x00ca6c, 0x00ca6d, 0x00ca6e, 0x00ca6f, 0x00deac, 0x00ca70, 0x00ca71, 0x00ca72, 0x00ca73,
    0x00dea6, 0x00bdb6, 0x00c8ef, 0x00ca74, 0x00ca75, 0x00ca76, 0x00ca77, 0x00ca78, 0x00ca79,
    0x00ca7a, 0x00ca7b, 0x00ca7c, 0x00ca7d, 0x00ca7e, 0x00dea1, 0x00ca80, 0x00ca81, 0x00dea5,
    0x00ca82, 0x00ca83, 0x00ca84, 0x00ca85, 0x00dea9, 0x00ca86, 0x00ca87, 0x00ca88, 0x00ca89,
    0x00ca8a, 0x00dea8, 0x00ca8b, 0x00ca8c, 0x00ca8d, 0x00dea7, 0x00ca8e, 0x00ca8f, 0x00ca90,
    0x00ca91, 0x00ca92, 0x00ca93, 0x00ca94, 0x00ca95, 0x00ca96, 0x00dead, 0x00ca97, 0x00d4cc,
    0x00ca98, 0x00ca99, 0x00ca9a, 0x00ca9b, 0x00deb3, 0x00deaa, 0x00deae, 0x00ca9c, 0x00ca9d,
    0x00c0d9, 0x00ca9e, 0x00ca9f, 0x00caa0, 0x00cb40, 0x00cb41, 0x00b1a1, 0x00deb6, 0x00cb42,
    0x00deb1, 0x00cb43, 0x00cb44, 0x00cb45, 0x00cb46, 0x00cb47, 0x00cb48, 0x00cb49, 0x00deb2,
    0x00cb4a, 0x00cb4b, 0x00cb4c, 0x00cb4d, 0x00cb4e, 0x00cb4f, 0x00cb50, 0x00cb51, 0x00cb52,
    0x00cb53, 0x00cb54, 0x00d1a6, 0x00deb5, 0x00cb55, 0x00cb56, 0x00cb57, 0x00cb58, 0x00cb59,
    0x00cb5a, 0x00cb5b, 0x00deaf, 0x00cb5c, 0x00cb5d, 0x00cb5e, 0x00deb0, 0x00cb5f, 0x00d0bd,
    0x00cb60, 0x00cb61, 0x00cb62, 0x00deb4, 0x00caed, 0x00deb9, 0x00cb63, 0x00cb64, 0x00cb65,
    0x00cb66, 0x00cb67, 0x00cb68, 0x00deb8, 0x00cb69, 0x00deb7, 0x00cb6a, 0x00cb6b, 0x00cb6c,
    0x00cb6d, 0x00cb6e, 0x00cb6f, 0x00cb70, 0x00debb, 0x00cb71, 0x00cb72, 0x00cb73, 0x00cb74,
    0x00cb75, 0x00cb76, 0x00cb77, 0x00bde5, 0x00cb78, 0x00cb79, 0x00cb7a, 0x00cb7b, 0x00cb7c,
    0x00b2d8, 0x00c3ea, 0x00cb7d, 0x00cb7e, 0x00deba, 0x00cb80, 0x00c5ba, 0x00cb81, 0x00cb82,
    0x00cb83, 0x00cb84, 0x00cb85, 0x00cb86, 0x00debc, 0x00cb87, 0x00cb88, 0x00cb89, 0x00cb8a,
    0x00cb8b, 0x00cb8c, 0x00cb8d, 0x00ccd9, 0x00cb8e, 0x00cb8f, 0x00cb90, 0x00cb91, 0x00b7aa,
    0x00cb92, 0x00cb93, 0x00cb94, 0x00cb95, 0x00cb96, 0x00cb97, 0x00cb98, 0x00cb99, 0x00cb9a,
    0x00cb9b, 0x00cb9c, 0x00cb9d, 0x00cb9e, 0x00cb9f, 0x00cba0, 0x00cc40, 0x00cc41, 0x00d4e5,
    0x00cc42, 0x00cc43, 0x00cc44, 0x00debd, 0x00cc45, 0x00cc46, 0x00cc47, 0x00cc48, 0x00cc49,
    0x00debf, 0x00cc4a, 0x00cc4b, 0x00cc4c, 0x00cc4d, 0x00cc4e, 0x00cc4f, 0x00cc50, 0x00cc51,
    0x00cc52, 0x00cc53, 0x00cc54, 0x00c4a2, 0x00cc55, 0x00cc56, 0x00cc57, 0x00cc58, 0x00dec1,
    0x00cc59, 0x00cc5a, 0x00cc5b, 0x00cc5c, 0x00cc5d, 0x00cc5e, 0x00cc5f, 0x00cc60, 0x00cc61,
    0x00cc62, 0x00cc63, 0x00cc64, 0x00cc65, 0x00cc66, 0x00cc67, 0x00cc68, 0x00debe, 0x00cc69,
    0x00dec0, 0x00cc6a, 0x00cc6b, 0x00cc6c, 0x00cc6d, 0x00cc6e, 0x00cc6f, 0x00cc70, 0x00cc71,
    0x00cc72, 0x00cc73, 0x00cc74, 0x00cc75, 0x00cc76, 0x00cc77, 0x00d5ba, 0x00cc78, 0x00cc79,
    0x00cc7a, 0x00dec2, 0x00cc7b, 0x00cc7c, 0x00cc7d, 0x00cc7e, 0x00cc80, 0x00cc81, 0x00cc82,
    0x00cc83, 0x00cc84, 0x00cc85, 0x00cc86, 0x00cc87, 0x00cc88, 0x00cc89, 0x00cc8a, 0x00cc8b,
    0x00f2ae, 0x00bba2, 0x00c2b2, 0x00c5b0, 0x00c2c7, 0x00cc8c, 0x00cc8d, 0x00f2af, 0x00cc8e,
    0x00cc8f, 0x00cc90, 0x00cc91, 0x00cc92, 0x00d0e9, 0x00cc93, 0x00cc94, 0x00cc95, 0x00d3dd,
    0x00cc96, 0x00cc97, 0x00cc98, 0x00ebbd, 0x00cc99, 0x00cc9a, 0x00cc9b, 0x00cc9c, 0x00cc9d,
    0x00cc9e, 0x00cc9f, 0x00cca0, 0x00b3e6, 0x00f2b0, 0x00cd40, 0x00f2b1, 0x00cd41, 0x00cd42,
    0x00caad, 0x00cd43, 0x00cd44, 0x00cd45, 0x00cd46, 0x00cd47, 0x00cd48, 0x00cd49, 0x00bae7,
    0x00f2b3, 0x00f2b5, 0x00f2b4, 0x00cbe4, 0x00cfba, 0x00f2b2, 0x00cab4, 0x00d2cf, 0x00c2ec,
    0x00cd4a, 0x00cd4b, 0x00cd4c, 0x00cd4d, 0x00cd4e, 0x00cd4f, 0x00cd50, 0x00cec3, 0x00f2b8,
    0x00b0f6, 0x00f2b7, 0x00cd51, 0x00cd52, 0x00cd53, 0x00cd54, 0x00cd55, 0x00f2be, 0x00cd56,
    0x00b2cf, 0x00cd57, 0x00cd58, 0x00cd59, 0x00cd5a, 0x00cd5b, 0x00cd5c, 0x00d1c1, 0x00f2ba,
    0x00cd5d, 0x00cd5e, 0x00cd5f, 0x00cd60, 0x00cd61, 0x00f2bc, 0x00d4e9, 0x00cd62, 0x00cd63,
    0x00f2bb, 0x00f2b6, 0x00f2bf, 0x00f2bd, 0x00cd64, 0x00f2b9, 0x00cd65, 0x00cd66, 0x00f2c7,
    0x00f2c4, 0x00f2c6, 0x00cd67, 0x00cd68, 0x00f2ca, 0x00f2c2, 0x00f2c0, 0x00cd69, 0x00cd6a,
    0x00cd6b, 0x00f2c5, 0x00cd6c, 0x00cd6d, 0x00cd6e, 0x00cd6f, 0x00cd70, 0x00d6fb, 0x00cd71,
    0x00cd72, 0x00cd73, 0x00f2c1, 0x00cd74, 0x00c7f9, 0x00c9df, 0x00cd75, 0x00f2c8, 0x00b9c6,
    0x00b5b0, 0x00cd76, 0x00cd77, 0x00f2c3, 0x00f2c9, 0x00f2d0, 0x00f2d6, 0x00cd78, 0x00cd79,
    0x00bbd7, 0x00cd7a, 0x00cd7b, 0x00cd7c, 0x00f2d5, 0x00cddc, 0x00cd7d, 0x00d6eb, 0x00cd7e,
    0x00cd80, 0x00f2d2, 0x00f2d4, 0x00cd81, 0x00cd82, 0x00cd83, 0x00cd84, 0x00b8f2, 0x00cd85,
    0x00cd86, 0x00cd87, 0x00cd88, 0x00f2cb, 0x00cd89, 0x00cd8a, 0x00cd8b, 0x00f2ce, 0x00c2f9,
    0x00cd8c, 0x00d5dd, 0x00f2cc, 0x00f2cd, 0x00f2cf, 0x00f2d3, 0x00cd8d, 0x00cd8e, 0x00cd8f,
    0x00f2d9, 0x00d3bc, 0x00cd90, 0x00cd91, 0x00cd92, 0x00cd93, 0x00b6ea, 0x00cd94, 0x00caf1,
    0x00cd95, 0x00b7e4, 0x00f2d7, 0x00cd96, 0x00cd97, 0x00cd98, 0x00f2d8, 0x00f2da, 0x00f2dd,
    0x00f2db, 0x00cd99, 0x00cd9a, 0x00f2dc, 0x00cd9b, 0x00cd9c, 0x00cd9d, 0x00cd9e, 0x00d1d1,
    0x00f2d1, 0x00cd9f, 0x00cdc9, 0x00cda0, 0x00cecf, 0x00d6a9, 0x00ce40, 0x00f2e3, 0x00ce41,
    0x00c3db, 0x00ce42, 0x00f2e0, 0x00ce43, 0x00ce44, 0x00c0af, 0x00f2ec, 0x00f2de, 0x00ce45,
    0x00f2e1, 0x00ce46, 0x00ce47, 0x00ce48, 0x00f2e8, 0x00ce49, 0x00ce4a, 0x00ce4b, 0x00ce4c,
    0x00f2e2, 0x00ce4d, 0x00ce4e, 0x00f2e7, 0x00ce4f, 0x00ce50, 0x00f2e6, 0x00ce51, 0x00ce52,
    0x00f2e9, 0x00ce53, 0x00ce54, 0x00ce55, 0x00f2df, 0x00ce56, 0x00ce57, 0x00f2e4, 0x00f2ea,
    0x00ce58, 0x00ce59, 0x00ce5a, 0x00ce5b, 0x00ce5c, 0x00ce5d, 0x00ce5e, 0x00d3ac, 0x00f2e5,
    0x00b2f5, 0x00ce5f, 0x00ce60, 0x00f2f2, 0x00ce61, 0x00d0ab, 0x00ce62, 0x00ce63, 0x00ce64,
    0x00ce65, 0x00f2f5, 0x00ce66, 0x00ce67, 0x00ce68, 0x00bbc8, 0x00ce69, 0x00f2f9, 0x00ce6a,
    0x00ce6b, 0x00ce6c, 0x00ce6d, 0x00ce6e, 0x00ce6f, 0x00f2f0, 0x00ce70, 0x00ce71, 0x00f2f6,
    0x00f2f8, 0x00f2fa, 0x00ce72, 0x00ce73, 0x00ce74, 0x00ce75, 0x00ce76, 0x00ce77, 0x00ce78,
    0x00ce79, 0x00f2f3, 0x00ce7a, 0x00f2f1, 0x00ce7b, 0x00ce7c, 0x00ce7d, 0x00bafb, 0x00ce7e,
    0x00b5fb, 0x00ce80, 0x00ce81, 0x00ce82, 0x00ce83, 0x00f2ef, 0x00f2f7, 0x00f2ed, 0x00f2ee,
    0x00ce84, 0x00ce85, 0x00ce86, 0x00f2eb, 0x00f3a6, 0x00ce87, 0x00f3a3, 0x00ce88, 0x00ce89,
    0x00f3a2, 0x00ce8a, 0x00ce8b, 0x00f2f4, 0x00ce8c, 0x00c8da, 0x00ce8d, 0x00ce8e, 0x00ce8f,
    0x00ce90, 0x00ce91, 0x00f2fb, 0x00ce92, 0x00ce93, 0x00ce94, 0x00f3a5, 0x00ce95, 0x00ce96,
    0x00ce97, 0x00ce98, 0x00ce99, 0x00ce9a, 0x00ce9b, 0x00c3f8, 0x00ce9c, 0x00ce9d, 0x00ce9e,
    0x00ce9f, 0x00cea0, 0x00cf40, 0x00cf41, 0x00cf42, 0x00f2fd, 0x00cf43, 0x00cf44, 0x00f3a7,
    0x00f3a9, 0x00f3a4, 0x00cf45, 0x00f2fc, 0x00cf46, 0x00cf47, 0x00cf48, 0x00f3ab, 0x00cf49,
    0x00f3aa, 0x00cf4a, 0x00cf4b, 0x00cf4c, 0x00cf4d, 0x00c2dd, 0x00cf4e, 0x00cf4f, 0x00f3ae,
    0x00cf50, 0x00cf51, 0x00f3b0, 0x00cf52, 0x00cf53, 0x00cf54, 0x00cf55, 0x00cf56, 0x00f3a1,
    0x00cf57, 0x00cf58, 0x00cf59, 0x00f3b1, 0x00f3ac, 0x00cf5a, 0x00cf5b, 0x00cf5c, 0x00cf5d,
    0x00cf5e, 0x00f3af, 0x00f2fe, 0x00f3ad, 0x00cf5f, 0x00cf60, 0x00cf61, 0x00cf62, 0x00cf63,
    0x00cf64, 0x00cf65, 0x00f3b2, 0x00cf66, 0x00cf67, 0x00cf68, 0x00cf69, 0x00f3b4, 0x00cf6a,
    0x00cf6b, 0x00cf6c, 0x00cf6d, 0x00f3a8, 0x00cf6e, 0x00cf6f, 0x00cf70, 0x00cf71, 0x00f3b3,
    0x00cf72, 0x00cf73, 0x00cf74, 0x00f3b5, 0x00cf75, 0x00cf76, 0x00cf77, 0x00cf78, 0x00cf79,
    0x00cf7a, 0x00cf7b, 0x00cf7c, 0x00cf7d, 0x00cf7e, 0x00d0b7, 0x00cf80, 0x00cf81, 0x00cf82,
    0x00cf83, 0x00f3b8, 0x00cf84, 0x00cf85, 0x00cf86, 0x00cf87, 0x00d9f9, 0x00cf88, 0x00cf89,
    0x00cf8a, 0x00cf8b, 0x00cf8c, 0x00cf8d, 0x00f3b9, 0x00cf8e, 0x00cf8f, 0x00cf90, 0x00cf91,
    0x00cf92, 0x00cf93, 0x00cf94, 0x00cf95, 0x00f3b7, 0x00cf96, 0x00c8e4, 0x00f3b6, 0x00cf97,
    0x00cf98, 0x00cf99, 0x00cf9a, 0x00f3ba, 0x00cf9b, 0x00cf9c, 0x00cf9d, 0x00cf9e, 0x00cf9f,
    0x00f3bb, 0x00b4c0, 0x00cfa0, 0x00d040, 0x00d041, 0x00d042, 0x00d043, 0x00d044, 0x00d045,
    0x00d046, 0x00d047, 0x00d048, 0x00d049, 0x00d04a, 0x00d04b, 0x00d04c, 0x00d04d, 0x00eec3,
    0x00d04e, 0x00d04f, 0x00d050, 0x00d051, 0x00d052, 0x00d053, 0x00f3bc, 0x00d054, 0x00d055,
    0x00f3bd, 0x00d056, 0x00d057, 0x00d058, 0x00d1aa, 0x00d059, 0x00d05a, 0x00d05b, 0x00f4ac,
    0x00d0c6, 0x00d05c, 0x00d05d, 0x00d05e, 0x00d05f, 0x00d060, 0x00d061, 0x00d0d0, 0x00d1dc,
    0x00d062, 0x00d063, 0x00d064, 0x00d065, 0x00d066, 0x00d067, 0x00cfce, 0x00d068, 0x00d069,
    0x00bdd6, 0x00d06a, 0x00d1c3, 0x00d06b, 0x00d06c, 0x00d06d, 0x00d06e, 0x00d06f, 0x00d070,
    0x00d071, 0x00bae2, 0x00e1e9, 0x00d2c2, 0x00f1c2, 0x00b2b9, 0x00d072, 0x00d073, 0x00b1ed,
    0x00f1c3, 0x00d074, 0x00c9c0, 0x00b3c4, 0x00d075, 0x00d9f2, 0x00d076, 0x00cba5, 0x00d077,
    0x00f1c4, 0x00d078, 0x00d079, 0x00d07a, 0x00d07b, 0x00d6d4, 0x00d07c, 0x00d07d, 0x00d07e,
    0x00d080, 0x00d081, 0x00f1c5, 0x00f4c0, 0x00f1c6, 0x00d082, 0x00d4ac, 0x00f1c7, 0x00d083,
    0x00b0c0, 0x00f4c1, 0x00d084, 0x00d085, 0x00f4c2, 0x00d086, 0x00d087, 0x00b4fc, 0x00d088,
    0x00c5db, 0x00d089, 0x00d08a, 0x00d08b, 0x00d08c, 0x00ccbb, 0x00d08d, 0x00d08e, 0x00d08f,
    0x00d0e4, 0x00d090, 0x00d091, 0x00d092, 0x00d093, 0x00d094, 0x00cde0, 0x00d095, 0x00d096,
    0x00d097, 0x00d098, 0x00d099, 0x00f1c8, 0x00d09a, 0x00d9f3, 0x00d09b, 0x00d09c, 0x00d09d,
    0x00d09e, 0x00d09f, 0x00d0a0, 0x00b1bb, 0x00d140, 0x00cfae, 0x00d141, 0x00d142, 0x00d143,
    0x00b8a4, 0x00d144, 0x00d145, 0x00d146, 0x00d147, 0x00d148, 0x00f1ca, 0x00d149, 0x00d14a,
    0x00d14b, 0x00d14c, 0x00f1cb, 0x00d14d, 0x00d14e, 0x00d14f, 0x00d150, 0x00b2c3, 0x00c1d1,
    0x00d151, 0x00d152, 0x00d7b0, 0x00f1c9, 0x00d153, 0x00d154, 0x00f1cc, 0x00d155, 0x00d156,
    0x00d157, 0x00d158, 0x00f1ce, 0x00d159, 0x00d15a, 0x00d15b, 0x00d9f6, 0x00d15c, 0x00d2e1,
    0x00d4a3, 0x00d15d, 0x00d15e, 0x00f4c3, 0x00c8b9, 0x00d15f, 0x00d160, 0x00d161, 0x00d162,
    0x00d163, 0x00f4c4, 0x00d164, 0x00d165, 0x00f1cd, 0x00f1cf, 0x00bfe3, 0x00f1d0, 0x00d166,
    0x00d167, 0x00f1d4, 0x00d168, 0x00d169, 0x00d16a, 0x00d16b, 0x00d16c, 0x00d16d, 0x00d16e,
    0x00f1d6, 0x00f1d1, 0x00d16f, 0x00c9d1, 0x00c5e1, 0x00d170, 0x00d171, 0x00d172, 0x00c2e3,
    0x00b9fc, 0x00d173, 0x00d174, 0x00f1d3, 0x00d175, 0x00f1d5, 0x00d176, 0x00d177, 0x00d178,
    0x00b9d3, 0x00d179, 0x00d17a, 0x00d17b, 0x00d17c, 0x00d17d, 0x00d17e, 0x00d180, 0x00f1db,
    0x00d181, 0x00d182, 0x00d183, 0x00d184, 0x00d185, 0x00bad6, 0x00d186, 0x00b0fd, 0x00f1d9,
    0x00d187, 0x00d188, 0x00d189, 0x00d18a, 0x00d18b, 0x00f1d8, 0x00f1d2, 0x00f1da, 0x00d18c,
    0x00d18d, 0x00d18e, 0x00d18f, 0x00d190, 0x00f1d7, 0x00d191, 0x00d192, 0x00d193, 0x00c8ec,
    0x00d194, 0x00d195, 0x00d196, 0x00d197, 0x00cdca, 0x00f1dd, 0x00d198, 0x00d199, 0x00d19a,
    0x00d19b, 0x00e5bd, 0x00d19c, 0x00d19d, 0x00d19e, 0x00f1dc, 0x00d19f, 0x00f1de, 0x00d1a0,
    0x00d240, 0x00d241, 0x00d242, 0x00d243, 0x00d244, 0x00d245, 0x00d246, 0x00d247, 0x00d248,
    0x00f1df, 0x00d249, 0x00d24a, 0x00cfe5, 0x00d24b, 0x00d24c, 0x00d24d, 0x00d24e, 0x00d24f,
    0x00d250, 0x00d251, 0x00d252, 0x00d253, 0x00d254, 0x00d255, 0x00d256, 0x00d257, 0x00d258,
    0x00d259, 0x00d25a, 0x00d25b, 0x00d25c, 0x00d25d, 0x00d25e, 0x00d25f, 0x00d260, 0x00d261,
    0x00d262, 0x00d263, 0x00f4c5, 0x00bdf3, 0x00d264, 0x00d265, 0x00d266, 0x00d267, 0x00d268,
    0x00d269, 0x00f1e0, 0x00d26a, 0x00d26b, 0x00d26c, 0x00d26d, 0x00d26e, 0x00d26f, 0x00d270,
    0x00d271, 0x00d272, 0x00d273, 0x00d274, 0x00d275, 0x00d276, 0x00d277, 0x00d278, 0x00d279,
    0x00d27a, 0x00d27b, 0x00d27c, 0x00d27d, 0x00f1e1, 0x00d27e, 0x00d280, 0x00d281, 0x00cef7,
    0x00d282, 0x00d2aa, 0x00d283, 0x00f1fb, 0x00d284, 0x00d285, 0x00b8b2, 0x00d286, 0x00d287,
    0x00d288, 0x00d289, 0x00d28a, 0x00d28b, 0x00d28c, 0x00d28d, 0x00d28e, 0x00d28f, 0x00d290,
    0x00d291, 0x00d292, 0x00d293, 0x00d294, 0x00d295, 0x00d296, 0x00d297, 0x00d298, 0x00d299,
    0x00d29a, 0x00d29b, 0x00d29c, 0x00d29d, 0x00d29e, 0x00d29f, 0x00d2a0, 0x00d340, 0x00d341,
    0x00d342, 0x00d343, 0x00d344, 0x00d345, 0x00d346, 0x00d347, 0x00d348, 0x00d349, 0x00d34a,
    0x00d34b, 0x00d34c, 0x00d34d, 0x00d34e, 0x00d34f, 0x00d350, 0x00d351, 0x00d352, 0x00d353,
    0x00d354, 0x00d355, 0x00d356, 0x00d357, 0x00d358, 0x00d359, 0x00d35a, 0x00d35b, 0x00d35c,
    0x00d35d, 0x00d35e, 0x00bcfb, 0x00b9db, 0x00d35f, 0x00b9e6, 0x00c3d9, 0x00cad3, 0x00eae8,
    0x00c0c0, 0x00bef5, 0x00eae9, 0x00eaea, 0x00eaeb, 0x00d360, 0x00eaec, 0x00eaed, 0x00eaee,
    0x00eaef, 0x00bdc7, 0x00d361, 0x00d362, 0x00d363, 0x00f5fb, 0x00d364, 0x00d365, 0x00d366,
    0x00f5fd, 0x00d367, 0x00f5fe, 0x00d368, 0x00f5fc, 0x00d369, 0x00d36a, 0x00d36b, 0x00d36c,
    0x00bde2, 0x00d36d, 0x00f6a1, 0x00b4a5, 0x00d36e, 0x00d36f, 0x00d370, 0x00d371, 0x00f6a2,
    0x00d372, 0x00d373, 0x00d374, 0x00f6a3, 0x00d375, 0x00d376, 0x00d377, 0x00ecb2, 0x00d378,
    0x00d379, 0x00d37a, 0x00d37b, 0x00d37c, 0x00d37d, 0x00d37e, 0x00d380, 0x00d381, 0x00d382,
    0x00d383, 0x00d384, 0x00d1d4, 0x00d385, 0x00d386, 0x00d387, 0x00d388, 0x00d389, 0x00d38a,
    0x00d9ea, 0x00d38b, 0x00d38c, 0x00d38d, 0x00d38e, 0x00d38f, 0x00d390, 0x00d391, 0x00d392,
    0x00d393, 0x00d394, 0x00d395, 0x00d396, 0x00d397, 0x00d398, 0x00d399, 0x00d39a, 0x00d39b,
    0x00d39c, 0x00d39d, 0x00d39e, 0x00d39f, 0x00d3a0, 0x00d440, 0x00d441, 0x00d442, 0x00d443,
    0x00d444, 0x00d445, 0x00d446, 0x00d447, 0x00d448, 0x00d449, 0x00d44a, 0x00d44b, 0x00d44c,
    0x00d44d, 0x00d44e, 0x00d44f, 0x00d450, 0x00d451, 0x00d452, 0x00d453, 0x00d454, 0x00d455,
    0x00d456, 0x00d457, 0x00d458, 0x00d459, 0x00d45a, 0x00d45b, 0x00d45c, 0x00d45d, 0x00d45e,
    0x00d45f, 0x00f6a4, 0x00d460, 0x00d461, 0x00d462, 0x00d463, 0x00d464, 0x00d465, 0x00d466,
    0x00d467, 0x00d468, 0x00eeba, 0x00d469, 0x00d46a, 0x00d46b, 0x00d46c, 0x00d46d, 0x00d46e,
    0x00d46f, 0x00d470, 0x00d471, 0x00d472, 0x00d473, 0x00d474, 0x00d475, 0x00d476, 0x00d477,
    0x00d478, 0x00d479, 0x00d47a, 0x00d47b, 0x00d47c, 0x00d47d, 0x00d47e, 0x00d480, 0x00d481,
    0x00d482, 0x00d483, 0x00d484, 0x00d485, 0x00d486, 0x00d487, 0x00d488, 0x00d489, 0x00d48a,
    0x00d48b, 0x00d48c, 0x00d48d, 0x00d48e, 0x00d48f, 0x00d490, 0x00d491, 0x00d492, 0x00d493,
    0x00d494, 0x00d495, 0x00d496, 0x00d497, 0x00d498, 0x00d499, 0x00d5b2, 0x00d49a, 0x00d49b,
    0x00d49c, 0x00d49d, 0x00d49e, 0x00d49f, 0x00d4a0, 0x00d540, 0x00d541, 0x00d542, 0x00d543,
    0x00d544, 0x00d545, 0x00d546, 0x00d547, 0x00d3fe, 0x00ccdc, 0x00d548, 0x00d549, 0x00d54a,
    0x00d54b, 0x00d54c, 0x00d54d, 0x00d54e, 0x00d54f, 0x00cac4, 0x00d550, 0x00d551, 0x00d552,
    0x00d553, 0x00d554, 0x00d555, 0x00d556, 0x00d557, 0x00d558, 0x00d559, 0x00d55a, 0x00d55b,
    0x00d55c, 0x00d55d, 0x00d55e, 0x00d55f, 0x00d560, 0x00d561, 0x00d562, 0x00d563, 0x00d564,
    0x00d565, 0x00d566, 0x00d567, 0x00d568, 0x00d569, 0x00d56a, 0x00d56b, 0x00d56c, 0x00d56d,
    0x00d56e, 0x00d56f, 0x00d570, 0x00d571, 0x00d572, 0x00d573, 0x00d574, 0x00d575, 0x00d576,
    0x00d577, 0x00d578, 0x00d579, 0x00d57a, 0x00d57b, 0x00d57c, 0x00d57d, 0x00d57e, 0x00d580,
    0x00d581, 0x00d582, 0x00d583, 0x00d584, 0x00d585, 0x00d586, 0x00d587, 0x00d588, 0x00d589,
    0x00d58a, 0x00d58b, 0x00d58c, 0x00d58d, 0x00d58e, 0x00d58f, 0x00d590, 0x00d591, 0x00d592,
    0x00d593, 0x00d594, 0x00d595, 0x00d596, 0x00d597, 0x00d598, 0x00d599, 0x00d59a, 0x00d59b,
    0x00d59c, 0x00d59d, 0x00d59e, 0x00d59f, 0x00d5a0, 0x00d640, 0x00d641, 0x00d642, 0x00d643,
    0x00d644, 0x00d645, 0x00d646, 0x00d647, 0x00d648, 0x00d649, 0x00d64a, 0x00d64b, 0x00d64c,
    0x00d64d, 0x00d64e, 0x00d64f, 0x00d650, 0x00d651, 0x00d652, 0x00d653, 0x00d654, 0x00d655,
    0x00d656, 0x00d657, 0x00d658, 0x00d659, 0x00d65a, 0x00d65b, 0x00d65c, 0x00d65d, 0x00d65e,
    0x00d65f, 0x00d660, 0x00d661, 0x00d662, 0x00e5c0, 0x00d663, 0x00d664, 0x00d665, 0x00d666,
    0x00d667, 0x00d668, 0x00d669, 0x00d66a, 0x00d66b, 0x00d66c, 0x00d66d, 0x00d66e, 0x00d66f,
    0x00d670, 0x00d671, 0x00d672, 0x00d673, 0x00d674, 0x00d675, 0x00d676, 0x00d677, 0x00d678,
    0x00d679, 0x00d67a, 0x00d67b, 0x00d67c, 0x00d67d, 0x00d67e, 0x00d680, 0x00d681, 0x00f6a5,
    0x00d682, 0x00d683, 0x00d684, 0x00d685, 0x00d686, 0x00d687, 0x00d688, 0x00d689, 0x00d68a,
    0x00d68b, 0x00d68c, 0x00d68d, 0x00d68e, 0x00d68f, 0x00d690, 0x00d691, 0x00d692, 0x00d693,
    0x00d694, 0x00d695, 0x00d696, 0x00d697, 0x00d698, 0x00d699, 0x00d69a, 0x00d69b, 0x00d69c,
    0x00d69d, 0x00d69e, 0x00d69f, 0x00d6a0, 0x00d740, 0x00d741, 0x00d742, 0x00d743, 0x00d744,
    0x00d745, 0x00d746, 0x00d747, 0x00d748, 0x00d749, 0x00d74a, 0x00d74b, 0x00d74c, 0x00d74d,
    0x00d74e, 0x00d74f, 0x00d750, 0x00d751, 0x00d752, 0x00d753, 0x00d754, 0x00d755, 0x00d756,
    0x00d757, 0x00d758, 0x00d759, 0x00d75a, 0x00d75b, 0x00d75c, 0x00d75d, 0x00d75e, 0x00d75f,
    0x00beaf, 0x00d760, 0x00d761, 0x00d762, 0x00d763, 0x00d764, 0x00c6a9, 0x00d765, 0x00d766,
    0x00d767, 0x00d768, 0x00d769, 0x00d76a, 0x00d76b, 0x00d76c, 0x00d76d, 0x00d76e, 0x00d76f,
    0x00d770, 0x00d771, 0x00d772, 0x00d773, 0x00d774, 0x00d775, 0x00d776, 0x00d777, 0x00d778,
    0x00d779, 0x00d77a, 0x00d77b, 0x00d77c, 0x00d77d, 0x00d77e, 0x00d780, 0x00d781, 0x00d782,
    0x00d783, 0x00d784, 0x00d785, 0x00d786, 0x00d787, 0x00d788, 0x00d789, 0x00d78a, 0x00d78b,
    0x00d78c, 0x00d78d, 0x00d78e, 0x00d78f, 0x00d790, 0x00d791, 0x00d792, 0x00d793, 0x00d794,
    0x00d795, 0x00d796, 0x00d797, 0x00d798, 0x00daa5, 0x00bcc6, 0x00b6a9, 0x00b8bc, 0x00c8cf,
    0x00bca5, 0x00daa6, 0x00daa7, 0x00ccd6, 0x00c8c3, 0x00daa8, 0x00c6fd, 0x00d799, 0x00d1b5,
    0x00d2e9, 0x00d1b6, 0x00bcc7, 0x00d79a, 0x00bdb2, 0x00bbe4, 0x00daa9, 0x00daaa, 0x00d1c8,
    0x00daab, 0x00d0ed, 0x00b6ef, 0x00c2db, 0x00d79b, 0x00cbcf, 0x00b7ed, 0x00c9e8, 0x00b7c3,
    0x00bef7, 0x00d6a4, 0x00daac, 0x00daad, 0x00c6c0, 0x00d7e7, 0x00cab6, 0x00d79c, 0x00d5a9,
    0x00cbdf, 0x00d5ef, 0x00daae, 0x00d6df, 0x00b4ca, 0x00dab0, 0x00daaf, 0x00d79d, 0x00d2eb,
    0x00dab1, 0x00dab2, 0x00dab3, 0x00cad4, 0x00dab4, 0x00caab, 0x00dab5, 0x00dab6, 0x00b3cf,
    0x00d6ef, 0x00dab7, 0x00bbb0, 0x00b5ae, 0x00dab8, 0x00dab9, 0x00b9ee, 0x00d1af, 0x00d2e8,
    0x00daba, 0x00b8c3, 0x00cfea, 0x00b2ef, 0x00dabb, 0x00dabc, 0x00d79e, 0x00bdeb, 0x00cedc,
    0x00d3ef, 0x00dabd, 0x00cef3, 0x00dabe, 0x00d3d5, 0x00bbe5, 0x00dabf, 0x00cbb5, 0x00cbd0,
    0x00dac0, 0x00c7eb, 0x00d6ee, 0x00dac1, 0x00c5b5, 0x00b6c1, 0x00dac2, 0x00b7cc, 0x00bfce,
    0x00dac3, 0x00dac4, 0x00cbad, 0x00dac5, 0x00b5f7, 0x00dac6, 0x00c1c2, 0x00d7bb, 0x00dac7,
    0x00ccb8, 0x00d79f, 0x00d2ea, 0x00c4b1, 0x00dac8, 0x00b5fd, 0x00bbd1, 0x00dac9, 0x00d0b3,
    0x00daca, 0x00dacb, 0x00cebd, 0x00dacc, 0x00dacd, 0x00dace, 0x00b2f7, 0x00dad1, 0x00dacf,
    0x00d1e8, 0x00dad0, 0x00c3d5, 0x00dad2, 0x00d7a0, 0x00dad3, 0x00dad4, 0x00dad5, 0x00d0bb,
    0x00d2a5, 0x00b0f9, 0x00dad6, 0x00c7ab, 0x00dad7, 0x00bdf7, 0x00c3a1, 0x00dad8, 0x00dad9,
    0x00c3fd, 0x00ccb7, 0x00dada, 0x00dadb, 0x00c0be, 0x00c6d7, 0x00dadc, 0x00dadd, 0x00c7b4,
    0x00dade, 0x00dadf, 0x00b9c8, 0x00d840, 0x00d841, 0x00d842, 0x00d843, 0x00d844, 0x00d845,
    0x00d846, 0x00d847, 0x00d848, 0x00bbed, 0x00d849, 0x00d84a, 0x00d84b, 0x00d84c, 0x00b6b9,
    0x00f4f8, 0x00d84d, 0x00f4f9, 0x00d84e, 0x00d84f, 0x00cde3, 0x00d850, 0x00d851, 0x00d852,
    0x00d853, 0x00d854, 0x00d855, 0x00d856, 0x00d857, 0x00f5b9, 0x00d858, 0x00d859, 0x00d85a,
    0x00d85b, 0x00ebe0, 0x00d85c, 0x00d85d, 0x00d85e, 0x00d85f, 0x00d860, 0x00d861, 0x00cff3,
    0x00bbbf, 0x00d862, 0x00d863, 0x00d864, 0x00d865, 0x00d866, 0x00d867, 0x00d868, 0x00bac0,
    0x00d4a5, 0x00d869, 0x00d86a, 0x00d86b, 0x00d86c, 0x00d86d, 0x00d86e, 0x00d86f, 0x00e1d9,
    0x00d870, 0x00d871, 0x00d872, 0x00d873, 0x00f5f4, 0x00b1aa, 0x00b2f2, 0x00d874, 0x00d875,
    0x00d876, 0x00d877, 0x00d878, 0x00d879, 0x00d87a, 0x00f5f5, 0x00d87b, 0x00d87c, 0x00f5f7,
    0x00d87d, 0x00d87e, 0x00d880, 0x00bad1, 0x00f5f6, 0x00d881, 0x00c3b2, 0x00d882, 0x00d883,
    0x00d884, 0x00d885, 0x00d886, 0x00d887, 0x00d888, 0x00f5f9, 0x00d889, 0x00d88a, 0x00d88b,
    0x00f5f8, 0x00d88c, 0x00d88d, 0x00d88e, 0x00d88f, 0x00d890, 0x00d891, 0x00d892, 0x00d893,
    0x00d894, 0x00d895, 0x00d896, 0x00d897, 0x00d898, 0x00d899, 0x00d89a, 0x00d89b, 0x00d89c,
    0x00d89d, 0x00d89e, 0x00d89f, 0x00d8a0, 0x00d940, 0x00d941, 0x00d942, 0x00d943, 0x00d944,
    0x00d945, 0x00d946, 0x00d947, 0x00d948, 0x00d949, 0x00d94a, 0x00d94b, 0x00d94c, 0x00d94d,
    0x00d94e, 0x00d94f, 0x00d950, 0x00d951, 0x00d952, 0x00d953, 0x00d954, 0x00d955, 0x00d956,
    0x00d957, 0x00d958, 0x00d959, 0x00d95a, 0x00d95b, 0x00d95c, 0x00d95d, 0x00d95e, 0x00d95f,
    0x00d960, 0x00d961, 0x00d962, 0x00d963, 0x00d964, 0x00d965, 0x00d966, 0x00d967, 0x00d968,
    0x00d969, 0x00d96a, 0x00d96b, 0x00d96c, 0x00d96d, 0x00d96e, 0x00d96f, 0x00d970, 0x00d971,
    0x00d972, 0x00d973, 0x00d974, 0x00d975, 0x00d976, 0x00d977, 0x00d978, 0x00d979, 0x00d97a,
    0x00d97b, 0x00d97c, 0x00d97d, 0x00d97e, 0x00d980, 0x00d981, 0x00d982, 0x00d983, 0x00d984,
    0x00d985, 0x00d986, 0x00d987, 0x00d988, 0x00d989, 0x00d98a, 0x00d98b, 0x00d98c, 0x00d98d,
    0x00d98e, 0x00d98f, 0x00d990, 0x00d991, 0x00d992, 0x00d993, 0x00d994, 0x00d995, 0x00d996,
    0x00d997, 0x00d998, 0x00d999, 0x00d99a, 0x00d99b, 0x00d99c, 0x00d99d, 0x00d99e, 0x00d99f,
    0x00d9a0, 0x00da40, 0x00da41, 0x00da42, 0x00da43, 0x00da44, 0x00da45, 0x00da46, 0x00da47,
    0x00da48, 0x00da49, 0x00da4a, 0x00da4b, 0x00da4c, 0x00da4d, 0x00da4e, 0x00b1b4, 0x00d5ea,
    0x00b8ba, 0x00da4f, 0x00b9b1, 0x00b2c6, 0x00d4f0, 0x00cfcd, 0x00b0dc, 0x00d5cb, 0x00bbf5,
    0x00d6ca, 0x00b7b7, 0x00ccb0, 0x00c6b6, 0x00b1e1, 0x00b9ba, 0x00d6fc, 0x00b9e1, 0x00b7a1,
    0x00bcfa, 0x00eada, 0x00eadb, 0x00ccf9, 0x00b9f3, 0x00eadc, 0x00b4fb, 0x00c3b3, 0x00b7d1,
    0x00bad8, 0x00eadd, 0x00d4f4, 0x00eade, 0x00bcd6, 0x00bbdf, 0x00eadf, 0x00c1de, 0x00c2b8,
    0x00d4df, 0x00d7ca, 0x00eae0, 0x00eae1, 0x00eae4, 0x00eae2, 0x00eae3, 0x00c9de, 0x00b8b3,
    0x00b6c4, 0x00eae5, 0x00caea, 0x00c9cd, 0x00b4cd, 0x00da50, 0x00da51, 0x00e2d9, 0x00c5e2,
    0x00eae6, 0x00c0b5, 0x00da52, 0x00d7b8, 0x00eae7, 0x00d7ac, 0x00c8fc, 0x00d8d3, 0x00d8cd,
    0x00d4de, 0x00da53, 0x00d4f9, 0x00c9c4, 0x00d3ae, 0x00b8d3, 0x00b3e0, 0x00da54, 0x00c9e2,
    0x00f4f6, 0x00da55, 0x00da56, 0x00da57, 0x00bad5, 0x00da58, 0x00f4f7, 0x00da59, 0x00da5a,
    0x00d7df, 0x00da5b, 0x00da5c, 0x00f4f1, 0x00b8b0, 0x00d5d4, 0x00b8cf, 0x00c6f0, 0x00da5d,
    0x00da5e, 0x00da5f, 0x00da60, 0x00da61, 0x00da62, 0x00da63, 0x00da64, 0x00da65, 0x00b3c3,
    0x00da66, 0x00da67, 0x00f4f2, 0x00b3ac, 0x00da68, 0x00da69, 0x00da6a, 0x00da6b, 0x00d4bd,
    0x00c7f7, 0x00da6c, 0x00da6d, 0x00da6e, 0x00da6f, 0x00da70, 0x00f4f4, 0x00da71, 0x00da72,
    0x00f4f3, 0x00da73, 0x00da74, 0x00da75, 0x00da76, 0x00da77, 0x00da78, 0x00da79, 0x00da7a,
    0x00da7b, 0x00da7c, 0x00cccb, 0x00da7d, 0x00da7e, 0x00da80, 0x00c8a4, 0x00da81, 0x00da82,
    0x00da83, 0x00da84, 0x00da85, 0x00da86, 0x00da87, 0x00da88, 0x00da89, 0x00da8a, 0x00da8b,
    0x00da8c, 0x00da8d, 0x00f4f5, 0x00da8e, 0x00d7e3, 0x00c5bf, 0x00f5c0, 0x00da8f, 0x00da90,
    0x00f5bb, 0x00da91, 0x00f5c3, 0x00da92, 0x00f5c2, 0x00da93, 0x00d6ba, 0x00f5c1, 0x00da94,
    0x00da95, 0x00da96, 0x00d4be, 0x00f5c4, 0x00da97, 0x00f5cc, 0x00da98, 0x00da99, 0x00da9a,
    0x00da9b, 0x00b0cf, 0x00b5f8, 0x00da9c, 0x00f5c9, 0x00f5ca, 0x00da9d, 0x00c5dc, 0x00da9e,
    0x00da9f, 0x00daa0, 0x00db40, 0x00f5c5, 0x00f5c6, 0x00db41, 0x00db42, 0x00f5c7, 0x00f5cb,
    0x00db43, 0x00bee0, 0x00f5c8, 0x00b8fa, 0x00db44, 0x00db45, 0x00db46, 0x00f5d0, 0x00f5d3,
    0x00db47, 0x00db48, 0x00db49, 0x00bfe7, 0x00db4a, 0x00b9f2, 0x00f5bc, 0x00f5cd, 0x00db4b,
    0x00db4c, 0x00c2b7, 0x00db4d, 0x00db4e, 0x00db4f, 0x00ccf8, 0x00db50, 0x00bcf9, 0x00db51,
    0x00f5ce, 0x00f5cf, 0x00f5d1, 0x00b6e5, 0x00f5d2, 0x00db52, 0x00f5d5, 0x00db53, 0x00db54,
    0x00db55, 0x00db56, 0x00db57, 0x00db58, 0x00db59, 0x00f5bd, 0x00db5a, 0x00db5b, 0x00db5c,
    0x00f5d4, 0x00d3bb, 0x00db5d, 0x00b3ec, 0x00db5e, 0x00db5f, 0x00cca4, 0x00db60, 0x00db61,
    0x00db62, 0x00db63, 0x00f5d6, 0x00db64, 0x00db65, 0x00db66, 0x00db67, 0x00db68, 0x00db69,
    0x00db6a, 0x00db6b, 0x00f5d7, 0x00bee1, 0x00f5d8, 0x00db6c, 0x00db6d, 0x00ccdf, 0x00f5db,
    0x00db6e, 0x00db6f, 0x00db70, 0x00db71, 0x00db72, 0x00b2c8, 0x00d7d9, 0x00db73, 0x00f5d9,
    0x00db74, 0x00f5da, 0x00f5dc, 0x00db75, 0x00f5e2, 0x00db76, 0x00db77, 0x00db78, 0x00f5e0,
    0x00db79, 0x00db7a, 0x00db7b, 0x00f5df, 0x00f5dd, 0x00db7c, 0x00db7d, 0x00f5e1, 0x00db7e,
    0x00db80, 0x00f5de, 0x00f5e4, 0x00f5e5, 0x00db81, 0x00cce3, 0x00db82, 0x00db83, 0x00e5bf,
    0x00b5b8, 0x00f5e3, 0x00f5e8, 0x00cca3, 0x00db84, 0x00db85, 0x00db86, 0x00db87, 0x00db88,
    0x00f5e6, 0x00f5e7, 0x00db89, 0x00db8a, 0x00db8b, 0x00db8c, 0x00db8d, 0x00db8e, 0x00f5be,
    0x00db8f, 0x00db90, 0x00db91, 0x00db92, 0x00db93, 0x00db94, 0x00db95, 0x00db96, 0x00db97,
    0x00db98, 0x00db99, 0x00db9a, 0x00b1c4, 0x00db9b, 0x00db9c, 0x00f5bf, 0x00db9d, 0x00db9e,
    0x00b5c5, 0x00b2e4, 0x00db9f, 0x00f5ec, 0x00f5e9, 0x00dba0, 0x00b6d7, 0x00dc40, 0x00f5ed,
    0x00dc41, 0x00f5ea, 0x00dc42, 0x00dc43, 0x00dc44, 0x00dc45, 0x00dc46, 0x00f5eb, 0x00dc47,
    0x00dc48, 0x00b4da, 0x00dc49, 0x00d4ea, 0x00dc4a, 0x00dc4b, 0x00dc4c, 0x00f5ee, 0x00dc4d,
    0x00b3f9, 0x00dc4e, 0x00dc4f, 0x00dc50, 0x00dc51, 0x00dc52, 0x00dc53, 0x00dc54, 0x00f5ef,
    0x00f5f1, 0x00dc55, 0x00dc56, 0x00dc57, 0x00f5f0, 0x00dc58, 0x00dc59, 0x00dc5a, 0x00dc5b,
    0x00dc5c, 0x00dc5d, 0x00dc5e, 0x00f5f2, 0x00dc5f, 0x00f5f3, 0x00dc60, 0x00dc61, 0x00dc62,
    0x00dc63, 0x00dc64, 0x00dc65, 0x00dc66, 0x00dc67, 0x00dc68, 0x00dc69, 0x00dc6a, 0x00dc6b,
    0x00c9ed, 0x00b9aa, 0x00dc6c, 0x00dc6d, 0x00c7fb, 0x00dc6e, 0x00dc6f, 0x00b6e3, 0x00dc70,
    0x00dc71, 0x00dc72, 0x00dc73, 0x00dc74, 0x00dc75, 0x00dc76, 0x00ccc9, 0x00dc77, 0x00dc78,
    0x00dc79, 0x00dc7a, 0x00dc7b, 0x00dc7c, 0x00dc7d, 0x00dc7e, 0x00dc80, 0x00dc81, 0x00dc82,
    0x00dc83, 0x00dc84, 0x00dc85, 0x00dc86, 0x00dc87, 0x00dc88, 0x00dc89, 0x00dc8a, 0x00eaa6,
    0x00dc8b, 0x00dc8c, 0x00dc8d, 0x00dc8e, 0x00dc8f, 0x00dc90, 0x00dc91, 0x00dc92, 0x00dc93,
    0x00dc94, 0x00dc95, 0x00dc96, 0x00dc97, 0x00dc98, 0x00dc99, 0x00dc9a, 0x00dc9b, 0x00dc9c,
    0x00dc9d, 0x00dc9e, 0x00dc9f, 0x00dca0, 0x00dd40, 0x00dd41, 0x00dd42, 0x00dd43, 0x00dd44,
    0x00dd45, 0x00dd46, 0x00dd47, 0x00dd48, 0x00dd49, 0x00dd4a, 0x00dd4b, 0x00dd4c, 0x00dd4d,
    0x00dd4e, 0x00dd4f, 0x00dd50, 0x00dd51, 0x00dd52, 0x00dd53, 0x00dd54, 0x00dd55, 0x00dd56,
    0x00dd57, 0x00dd58, 0x00dd59, 0x00dd5a, 0x00dd5b, 0x00dd5c, 0x00dd5d, 0x00dd5e, 0x00dd5f,
    0x00dd60, 0x00dd61, 0x00dd62, 0x00dd63, 0x00dd64, 0x00dd65, 0x00dd66, 0x00dd67, 0x00dd68,
    0x00dd69, 0x00dd6a, 0x00dd6b, 0x00dd6c, 0x00dd6d, 0x00dd6e, 0x00dd6f, 0x00dd70, 0x00dd71,
    0x00dd72, 0x00dd73, 0x00dd74, 0x00dd75, 0x00dd76, 0x00dd77, 0x00dd78, 0x00dd79, 0x00dd7a,
    0x00dd7b, 0x00dd7c, 0x00dd7d, 0x00dd7e, 0x00dd80, 0x00dd81, 0x00dd82, 0x00dd83, 0x00dd84,
    0x00dd85, 0x00dd86, 0x00dd87, 0x00dd88, 0x00dd89, 0x00dd8a, 0x00dd8b, 0x00dd8c, 0x00dd8d,
    0x00dd8e, 0x00dd8f, 0x00dd90, 0x00dd91, 0x00dd92, 0x00dd93, 0x00dd94, 0x00dd95, 0x00dd96,
    0x00dd97, 0x00dd98, 0x00dd99, 0x00dd9a, 0x00dd9b, 0x00dd9c, 0x00dd9d, 0x00dd9e, 0x00dd9f,
    0x00dda0, 0x00de40, 0x00de41, 0x00de42, 0x00de43, 0x00de44, 0x00de45, 0x00de46, 0x00de47,
    0x00de48, 0x00de49, 0x00de4a, 0x00de4b, 0x00de4c, 0x00de4d, 0x00de4e, 0x00de4f, 0x00de50,
    0x00de51, 0x00de52, 0x00de53, 0x00de54, 0x00de55, 0x00de56, 0x00de57, 0x00de58, 0x00de59,
    0x00de5a, 0x00de5b, 0x00de5c, 0x00de5d, 0x00de5e, 0x00de5f, 0x00de60, 0x00b3b5, 0x00d4fe,
    0x00b9ec, 0x00d0f9, 0x00de61, 0x00e9ed, 0x00d7aa, 0x00e9ee, 0x00c2d6, 0x00c8ed, 0x00bae4,
    0x00e9ef, 0x00e9f0, 0x00e9f1, 0x00d6e1, 0x00e9f2, 0x00e9f3, 0x00e9f5, 0x00e9f4, 0x00e9f6,
    0x00e9f7, 0x00c7e1, 0x00e9f8, 0x00d4d8, 0x00e9f9, 0x00bdce, 0x00de62, 0x00e9fa, 0x00e9fb,
    0x00bdcf, 0x00e9fc, 0x00b8a8, 0x00c1be, 0x00e9fd, 0x00b1b2, 0x00bbd4, 0x00b9f5, 0x00e9fe,
    0x00de63, 0x00eaa1, 0x00eaa2, 0x00eaa3, 0x00b7f8, 0x00bcad, 0x00de64, 0x00cae4, 0x00e0ce,
    0x00d4af, 0x00cfbd, 0x00d5b7, 0x00eaa4, 0x00d5de, 0x00eaa5, 0x00d0c1, 0x00b9bc, 0x00de65,
    0x00b4c7, 0x00b1d9, 0x00de66, 0x00de67, 0x00de68, 0x00c0b1, 0x00de69, 0x00de6a, 0x00de6b,
    0x00de6c, 0x00b1e6, 0x00b1e7, 0x00de6d, 0x00b1e8, 0x00de6e, 0x00de6f, 0x00de70, 0x00de71,
    0x00b3bd, 0x00c8e8, 0x00de72, 0x00de73, 0x00de74, 0x00de75, 0x00e5c1, 0x00de76, 0x00de77,
    0x00b1df, 0x00de78, 0x00de79, 0x00de7a, 0x00c1c9, 0x00b4ef, 0x00de7b, 0x00de7c, 0x00c7a8,
    0x00d3d8, 0x00de7d, 0x00c6f9, 0x00d1b8, 0x00de7e, 0x00b9fd, 0x00c2f5, 0x00de80, 0x00de81,
    0x00de82, 0x00de83, 0x00de84, 0x00d3ad, 0x00de85, 0x00d4cb, 0x00bdfc, 0x00de86, 0x00e5c2,
    0x00b7b5, 0x00e5c3, 0x00de87, 0x00de88, 0x00bbb9, 0x00d5e2, 0x00de89, 0x00bdf8, 0x00d4b6,
    0x00cea5, 0x00c1ac, 0x00b3d9, 0x00de8a, 0x00de8b, 0x00ccf6, 0x00de8c, 0x00e5c6, 0x00e5c4,
    0x00e5c8, 0x00de8d, 0x00e5ca, 0x00e5c7, 0x00b5cf, 0x00c6c8, 0x00de8e, 0x00b5fc, 0x00e5c5,
    0x00de8f, 0x00caf6, 0x00de90, 0x00de91, 0x00e5c9, 0x00de92, 0x00de93, 0x00de94, 0x00c3d4,
    0x00b1c5, 0x00bca3, 0x00de95, 0x00de96, 0x00de97, 0x00d7b7, 0x00de98, 0x00de99, 0x00cdcb,
    0x00cbcd, 0x00caca, 0x00ccd3, 0x00e5cc, 0x00e5cb, 0x00c4e6, 0x00de9a, 0x00de9b, 0x00d1a1,
    0x00d1b7, 0x00e5cd, 0x00de9c, 0x00e5d0, 0x00de9d, 0x00cdb8, 0x00d6f0, 0x00e5cf, 0x00b5dd,
    0x00de9e, 0x00cdbe, 0x00de9f, 0x00e5d1, 0x00b6ba, 0x00dea0, 0x00df40, 0x00cda8, 0x00b9e4,
    0x00df41, 0x00cac5, 0x00b3d1, 0x00cbd9, 0x00d4ec, 0x00e5d2, 0x00b7ea, 0x00df42, 0x00df43,
    0x00df44, 0x00e5ce, 0x00df45, 0x00df46, 0x00df47, 0x00df48, 0x00df49, 0x00df4a, 0x00e5d5,
    0x00b4fe, 0x00e5d6, 0x00df4b, 0x00df4c, 0x00df4d, 0x00df4e, 0x00df4f, 0x00e5d3, 0x00e5d4,
    0x00df50, 0x00d2dd, 0x00df51, 0x00df52, 0x00c2df, 0x00b1c6, 0x00df53, 0x00d3e2, 0x00df54,
    0x00df55, 0x00b6dd, 0x00cbec, 0x00df56, 0x00e5d7, 0x00df57, 0x00df58, 0x00d3f6, 0x00df59,
    0x00df5a, 0x00df5b, 0x00df5c, 0x00df5d, 0x00b1e9, 0x00df5e, 0x00b6f4, 0x00e5da, 0x00e5d8,
    0x00e5d9, 0x00b5c0, 0x00df5f, 0x00df60, 0x00df61, 0x00d2c5, 0x00e5dc, 0x00df62, 0x00df63,
    0x00e5de, 0x00df64, 0x00df65, 0x00df66, 0x00df67, 0x00df68, 0x00df69, 0x00e5dd, 0x00c7b2,
    0x00df6a, 0x00d2a3, 0x00df6b, 0x00df6c, 0x00e5db, 0x00df6d, 0x00df6e, 0x00df6f, 0x00df70,
    0x00d4e2, 0x00d5da, 0x00df71, 0x00df72, 0x00df73, 0x00df74, 0x00df75, 0x00e5e0, 0x00d7f1,
    0x00df76, 0x00df77, 0x00df78, 0x00df79, 0x00df7a, 0x00df7b, 0x00df7c, 0x00e5e1, 0x00df7d,
    0x00b1dc, 0x00d1fb, 0x00df7e, 0x00e5e2, 0x00e5e4, 0x00df80, 0x00df81, 0x00df82, 0x00df83,
    0x00e5e3, 0x00df84, 0x00df85, 0x00e5e5, 0x00df86, 0x00df87, 0x00df88, 0x00df89, 0x00df8a,
    0x00d2d8, 0x00df8b, 0x00b5cb, 0x00df8c, 0x00e7df, 0x00df8d, 0x00daf5, 0x00df8e, 0x00daf8,
    0x00df8f, 0x00daf6, 0x00df90, 0x00daf7, 0x00df91, 0x00df92, 0x00df93, 0x00dafa, 0x00d0cf,
    0x00c4c7, 0x00df94, 0x00df95, 0x00b0ee, 0x00df96, 0x00df97, 0x00df98, 0x00d0b0, 0x00df99,
    0x00daf9, 0x00df9a, 0x00d3ca, 0x00baaa, 0x00dba2, 0x00c7f1, 0x00df9b, 0x00dafc, 0x00dafb,
    0x00c9db, 0x00dafd, 0x00df9c, 0x00dba1, 0x00d7de, 0x00dafe, 0x00c1da, 0x00df9d, 0x00df9e,
    0x00dba5, 0x00df9f, 0x00dfa0, 0x00d3f4, 0x00e040, 0x00e041, 0x00dba7, 0x00dba4, 0x00e042,
    0x00dba8, 0x00e043, 0x00e044, 0x00bdbc, 0x00e045, 0x00e046, 0x00e047, 0x00c0c9, 0x00dba3,
    0x00dba6, 0x00d6a3, 0x00e048, 0x00dba9, 0x00e049, 0x00e04a, 0x00e04b, 0x00dbad, 0x00e04c,
    0x00e04d, 0x00e04e, 0x00dbae, 0x00dbac, 0x00bac2, 0x00e04f, 0x00e050, 0x00e051, 0x00bfa4,
    0x00dbab, 0x00e052, 0x00e053, 0x00e054, 0x00dbaa, 0x00d4c7, 0x00b2bf, 0x00e055, 0x00e056,
    0x00dbaf, 0x00e057, 0x00b9f9, 0x00e058, 0x00dbb0, 0x00e059, 0x00e05a, 0x00e05b, 0x00e05c,
    0x00b3bb, 0x00e05d, 0x00e05e, 0x00e05f, 0x00b5a6, 0x00e060, 0x00e061, 0x00e062, 0x00e063,
    0x00b6bc, 0x00dbb1, 0x00e064, 0x00e065, 0x00e066, 0x00b6f5, 0x00e067, 0x00dbb2, 0x00e068,
    0x00e069, 0x00e06a, 0x00e06b, 0x00e06c, 0x00e06d, 0x00e06e, 0x00e06f, 0x00e070, 0x00e071,
    0x00e072, 0x00e073, 0x00e074, 0x00e075, 0x00e076, 0x00e077, 0x00e078, 0x00e079, 0x00e07a,
    0x00e07b, 0x00b1c9, 0x00e07c, 0x00e07d, 0x00e07e, 0x00e080, 0x00dbb4, 0x00e081, 0x00e082,
    0x00e083, 0x00dbb3, 0x00dbb5, 0x00e084, 0x00e085, 0x00e086, 0x00e087, 0x00e088, 0x00e089,
    0x00e08a, 0x00e08b, 0x00e08c, 0x00e08d, 0x00e08e, 0x00dbb7, 0x00e08f, 0x00dbb6, 0x00e090,
    0x00e091, 0x00e092, 0x00e093, 0x00e094, 0x00e095, 0x00e096, 0x00dbb8, 0x00e097, 0x00e098,
    0x00e099, 0x00e09a, 0x00e09b, 0x00e09c, 0x00e09d, 0x00e09e, 0x00e09f, 0x00dbb9, 0x00e0a0,
    0x00e140, 0x00dbba, 0x00e141, 0x00e142, 0x00d3cf, 0x00f4fa, 0x00c7f5, 0x00d7c3, 0x00c5e4,
    0x00f4fc, 0x00f4fd, 0x00f4fb, 0x00e143, 0x00bec6, 0x00e144, 0x00e145, 0x00e146, 0x00e147,
    0x00d0ef, 0x00e148, 0x00e149, 0x00b7d3, 0x00e14a, 0x00e14b, 0x00d4cd, 0x00ccaa, 0x00e14c,
    0x00e14d, 0x00f5a2, 0x00f5a1, 0x00baa8, 0x00f4fe, 0x00cbd6, 0x00e14e, 0x00e14f, 0x00e150,
    0x00f5a4, 0x00c0d2, 0x00e151, 0x00b3ea, 0x00e152, 0x00cdaa, 0x00f5a5, 0x00f5a3, 0x00bdb4,
    0x00f5a8, 0x00e153, 0x00f5a9, 0x00bdcd, 0x00c3b8, 0x00bfe1, 0x00cbe1, 0x00f5aa, 0x00e154,
    0x00e155, 0x00e156, 0x00f5a6, 0x00f5a7, 0x00c4f0, 0x00e157, 0x00e158, 0x00e159, 0x00e15a,
    0x00e15b, 0x00f5ac, 0x00e15c, 0x00b4bc, 0x00e15d, 0x00d7ed, 0x00e15e, 0x00b4d7, 0x00f5ab,
    0x00f5ae, 0x00e15f, 0x00e160, 0x00f5ad, 0x00f5af, 0x00d0d1, 0x00e161, 0x00e162, 0x00e163,
    0x00e164, 0x00e165, 0x00e166, 0x00e167, 0x00c3d1, 0x00c8a9, 0x00e168, 0x00e169, 0x00e16a,
    0x00e16b, 0x00e16c, 0x00e16d, 0x00f5b0, 0x00f5b1, 0x00e16e, 0x00e16f, 0x00e170, 0x00e171,
    0x00e172, 0x00e173, 0x00f5b2, 0x00e174, 0x00e175, 0x00f5b3, 0x00f5b4, 0x00f5b5, 0x00e176,
    0x00e177, 0x00e178, 0x00e179, 0x00f5b7, 0x00f5b6, 0x00e17a, 0x00e17b, 0x00e17c, 0x00e17d,
    0x00f5b8, 0x00e17e, 0x00e180, 0x00e181, 0x00e182, 0x00e183, 0x00e184, 0x00e185, 0x00e186,
    0x00e187, 0x00e188, 0x00e189, 0x00e18a, 0x00b2c9, 0x00e18b, 0x00d3d4, 0x00cacd, 0x00e18c,
    0x00c0ef, 0x00d6d8, 0x00d2b0, 0x00c1bf, 0x00e18d, 0x00bdf0, 0x00e18e, 0x00e18f, 0x00e190,
    0x00e191, 0x00e192, 0x00e193, 0x00e194, 0x00e195, 0x00e196, 0x00e197, 0x00b8aa, 0x00e198,
    0x00e199, 0x00e19a, 0x00e19b, 0x00e19c, 0x00e19d, 0x00e19e, 0x00e19f, 0x00e1a0, 0x00e240,
    0x00e241, 0x00e242, 0x00e243, 0x00e244, 0x00e245, 0x00e246, 0x00e247, 0x00e248, 0x00e249,
    0x00e24a, 0x00e24b, 0x00e24c, 0x00e24d, 0x00e24e, 0x00e24f, 0x00e250, 0x00e251, 0x00e252,
    0x00e253, 0x00e254, 0x00e255, 0x00e256, 0x00e257, 0x00e258, 0x00e259, 0x00e25a, 0x00e25b,
    0x00e25c, 0x00e25d, 0x00e25e, 0x00e25f, 0x00e260, 0x00e261, 0x00e262, 0x00e263, 0x00e264,
    0x00e265, 0x00e266, 0x00e267, 0x00e268, 0x00e269, 0x00e26a, 0x00e26b, 0x00e26c, 0x00e26d,
    0x00e26e, 0x00e26f, 0x00e270, 0x00e271, 0x00e272, 0x00e273, 0x00e274, 0x00e275, 0x00e276,
    0x00e277, 0x00e278, 0x00e279, 0x00e27a, 0x00e27b, 0x00e27c, 0x00e27d, 0x00e27e, 0x00e280,
    0x00e281, 0x00e282, 0x00e283, 0x00e284, 0x00e285, 0x00e286, 0x00e287, 0x00e288, 0x00e289,
    0x00e28a, 0x00e28b, 0x00e28c, 0x00e28d, 0x00e28e, 0x00e28f, 0x00e290, 0x00e291, 0x00e292,
    0x00e293, 0x00e294, 0x00e295, 0x00e296, 0x00e297, 0x00e298, 0x00e299, 0x00e29a, 0x00e29b,
    0x00e29c, 0x00e29d, 0x00e29e, 0x00e29f, 0x00e2a0, 0x00e340, 0x00e341, 0x00e342, 0x00e343,
    0x00e344, 0x00e345, 0x00e346, 0x00e347, 0x00e348, 0x00e349, 0x00e34a, 0x00e34b, 0x00e34c,
    0x00e34d, 0x00e34e, 0x00e34f, 0x00e350, 0x00e351, 0x00e352, 0x00e353, 0x00e354, 0x00e355,
    0x00e356, 0x00e357, 0x00e358, 0x00e359, 0x00e35a, 0x00e35b, 0x00e35c, 0x00e35d, 0x00e35e,
    0x00e35f, 0x00e360, 0x00e361, 0x00e362, 0x00e363, 0x00e364, 0x00e365, 0x00e366, 0x00e367,
    0x00e368, 0x00e369, 0x00e36a, 0x00e36b, 0x00e36c, 0x00e36d, 0x00bcf8, 0x00e36e, 0x00e36f,
    0x00e370, 0x00e371, 0x00e372, 0x00e373, 0x00e374, 0x00e375, 0x00e376, 0x00e377, 0x00e378,
    0x00e379, 0x00e37a, 0x00e37b, 0x00e37c, 0x00e37d, 0x00e37e, 0x00e380, 0x00e381, 0x00e382,
    0x00e383, 0x00e384, 0x00e385, 0x00e386, 0x00e387, 0x00f6c6, 0x00e388, 0x00e389, 0x00e38a,
    0x00e38b, 0x00e38c, 0x00e38d, 0x00e38e, 0x00e38f, 0x00e390, 0x00e391, 0x00e392, 0x00e393,
    0x00e394, 0x00e395, 0x00e396, 0x00e397, 0x00e398, 0x00e399, 0x00e39a, 0x00e39b, 0x00e39c,
    0x00e39d, 0x00e39e, 0x00e39f, 0x00e3a0, 0x00e440, 0x00e441, 0x00e442, 0x00e443, 0x00e444,
    0x00e445, 0x00f6c7, 0x00e446, 0x00e447, 0x00e448, 0x00e449, 0x00e44a, 0x00e44b, 0x00e44c,
    0x00e44d, 0x00e44e, 0x00e44f, 0x00e450, 0x00e451, 0x00e452, 0x00e453, 0x00e454, 0x00e455,
    0x00e456, 0x00e457, 0x00e458, 0x00e459, 0x00e45a, 0x00e45b, 0x00e45c, 0x00e45d, 0x00e45e,
    0x00f6c8, 0x00e45f, 0x00e460, 0x00e461, 0x00e462, 0x00e463, 0x00e464, 0x00e465, 0x00e466,
    0x00e467, 0x00e468, 0x00e469, 0x00e46a, 0x00e46b, 0x00e46c, 0x00e46d, 0x00e46e, 0x00e46f,
    0x00e470, 0x00e471, 0x00e472, 0x00e473, 0x00e474, 0x00e475, 0x00e476, 0x00e477, 0x00e478,
    0x00e479, 0x00e47a, 0x00e47b, 0x00e47c, 0x00e47d, 0x00e47e, 0x00e480, 0x00e481, 0x00e482,
    0x00e483, 0x00e484, 0x00e485, 0x00e486, 0x00e487, 0x00e488, 0x00e489, 0x00e48a, 0x00e48b,
    0x00e48c, 0x00e48d, 0x00e48e, 0x00e48f, 0x00e490, 0x00e491, 0x00e492, 0x00e493, 0x00e494,
    0x00e495, 0x00e496, 0x00e497, 0x00e498, 0x00e499, 0x00e49a, 0x00e49b, 0x00e49c, 0x00e49d,
    0x00e49e, 0x00e49f, 0x00e4a0, 0x00e540, 0x00e541, 0x00e542, 0x00e543, 0x00e544, 0x00e545,
    0x00e546, 0x00e547, 0x00e548, 0x00e549, 0x00e54a, 0x00e54b, 0x00e54c, 0x00e54d, 0x00e54e,
    0x00e54f, 0x00e550, 0x00e551, 0x00e552, 0x00e553, 0x00e554, 0x00e555, 0x00e556, 0x00e557,
    0x00e558, 0x00e559, 0x00e55a, 0x00e55b, 0x00e55c, 0x00e55d, 0x00e55e, 0x00e55f, 0x00e560,
    0x00e561, 0x00e562, 0x00e563, 0x00e564, 0x00e565, 0x00e566, 0x00e567, 0x00e568, 0x00e569,
    0x00e56a, 0x00e56b, 0x00e56c, 0x00e56d, 0x00e56e, 0x00e56f, 0x00e570, 0x00e571, 0x00e572,
    0x00e573, 0x00f6c9, 0x00e574, 0x00e575, 0x00e576, 0x00e577, 0x00e578, 0x00e579, 0x00e57a,
    0x00e57b, 0x00e57c, 0x00e57d, 0x00e57e, 0x00e580, 0x00e581, 0x00e582, 0x00e583, 0x00e584,
    0x00e585, 0x00e586, 0x00e587, 0x00e588, 0x00e589, 0x00e58a, 0x00e58b, 0x00e58c, 0x00e58d,
    0x00e58e, 0x00e58f, 0x00e590, 0x00e591, 0x00e592, 0x00e593, 0x00e594, 0x00e595, 0x00e596,
    0x00e597, 0x00e598, 0x00e599, 0x00e59a, 0x00e59b, 0x00e59c, 0x00e59d, 0x00e59e, 0x00e59f,
    0x00f6ca, 0x00e5a0, 0x00e640, 0x00e641, 0x00e642, 0x00e643, 0x00e644, 0x00e645, 0x00e646,
    0x00e647, 0x00e648, 0x00e649, 0x00e64a, 0x00e64b, 0x00e64c, 0x00e64d, 0x00e64e, 0x00e64f,
    0x00e650, 0x00e651, 0x00e652, 0x00e653, 0x00e654, 0x00e655, 0x00e656, 0x00e657, 0x00e658,
    0x00e659, 0x00e65a, 0x00e65b, 0x00e65c, 0x00e65d, 0x00e65e, 0x00e65f, 0x00e660, 0x00e661,
    0x00e662, 0x00f6cc, 0x00e663, 0x00e664, 0x00e665, 0x00e666, 0x00e667, 0x00e668, 0x00e669,
    0x00e66a, 0x00e66b, 0x00e66c, 0x00e66d, 0x00e66e, 0x00e66f, 0x00e670, 0x00e671, 0x00e672,
    0x00e673, 0x00e674, 0x00e675, 0x00e676, 0x00e677, 0x00e678, 0x00e679, 0x00e67a, 0x00e67b,
    0x00e67c, 0x00e67d, 0x00e67e, 0x00e680, 0x00e681, 0x00e682, 0x00e683, 0x00e684, 0x00e685,
    0x00e686, 0x00e687, 0x00e688, 0x00e689, 0x00e68a, 0x00e68b, 0x00e68c, 0x00e68d, 0x00e68e,
    0x00e68f, 0x00e690, 0x00e691, 0x00e692, 0x00e693, 0x00e694, 0x00e695, 0x00e696, 0x00e697,
    0x00e698, 0x00e699, 0x00e69a, 0x00e69b, 0x00e69c, 0x00e69d, 0x00f6cb, 0x00e69e, 0x00e69f,
    0x00e6a0, 0x00e740, 0x00e741, 0x00e742, 0x00e743, 0x00e744, 0x00e745, 0x00e746, 0x00e747,
    0x00f7e9, 0x00e748, 0x00e749, 0x00e74a, 0x00e74b, 0x00e74c, 0x00e74d, 0x00e74e, 0x00e74f,
    0x00e750, 0x00e751, 0x00e752, 0x00e753, 0x00e754, 0x00e755, 0x00e756, 0x00e757, 0x00e758,
    0x00e759, 0x00e75a, 0x00e75b, 0x00e75c, 0x00e75d, 0x00e75e, 0x00e75f, 0x00e760, 0x00e761,
    0x00e762, 0x00e763, 0x00e764, 0x00e765, 0x00e766, 0x00e767, 0x00e768, 0x00e769, 0x00e76a,
    0x00e76b, 0x00e76c, 0x00e76d, 0x00e76e, 0x00e76f, 0x00e770, 0x00e771, 0x00e772, 0x00e773,
    0x00e774, 0x00e775, 0x00e776, 0x00e777, 0x00e778, 0x00e779, 0x00e77a, 0x00e77b, 0x00e77c,
    0x00e77d, 0x00e77e, 0x00e780, 0x00e781, 0x00e782, 0x00e783, 0x00e784, 0x00e785, 0x00e786,
    0x00e787, 0x00e788, 0x00e789, 0x00e78a, 0x00e78b, 0x00e78c, 0x00e78d, 0x00e78e, 0x00e78f,
    0x00e790, 0x00e791, 0x00e792, 0x00e793, 0x00e794, 0x00e795, 0x00e796, 0x00e797, 0x00e798,
    0x00e799, 0x00e79a, 0x00e79b, 0x00e79c, 0x00e79d, 0x00e79e, 0x00e79f, 0x00e7a0, 0x00e840,
    0x00e841, 0x00e842, 0x00e843, 0x00e844, 0x00e845, 0x00e846, 0x00e847, 0x00e848, 0x00e849,
    0x00e84a, 0x00e84b, 0x00e84c, 0x00e84d, 0x00e84e, 0x00f6cd, 0x00e84f, 0x00e850, 0x00e851,
    0x00e852, 0x00e853, 0x00e854, 0x00e855, 0x00e856, 0x00e857, 0x00e858, 0x00e859, 0x00e85a,
    0x00e85b, 0x00e85c, 0x00e85d, 0x00e85e, 0x00e85f, 0x00e860, 0x00e861, 0x00e862, 0x00e863,
    0x00e864, 0x00e865, 0x00e866, 0x00e867, 0x00e868, 0x00e869, 0x00e86a, 0x00e86b, 0x00e86c,
    0x00e86d, 0x00e86e, 0x00e86f, 0x00e870, 0x00e871, 0x00e872, 0x00e873, 0x00e874, 0x00e875,
    0x00e876, 0x00e877, 0x00e878, 0x00e879, 0x00e87a, 0x00f6ce, 0x00e87b, 0x00e87c, 0x00e87d,
    0x00e87e, 0x00e880, 0x00e881, 0x00e882, 0x00e883, 0x00e884, 0x00e885, 0x00e886, 0x00e887,
    0x00e888, 0x00e889, 0x00e88a, 0x00e88b, 0x00e88c, 0x00e88d, 0x00e88e, 0x00e88f, 0x00e890,
    0x00e891, 0x00e892, 0x00e893, 0x00e894, 0x00eec4, 0x00eec5, 0x00eec6, 0x00d5eb, 0x00b6a4,
    0x00eec8, 0x00eec7, 0x00eec9, 0x00eeca, 0x00c7a5, 0x00eecb, 0x00eecc, 0x00e895, 0x00b7b0,
    0x00b5f6, 0x00eecd, 0x00eecf, 0x00e896, 0x00eece, 0x00e897, 0x00b8c6, 0x00eed0, 0x00eed1,
    0x00eed2, 0x00b6db, 0x00b3ae, 0x00d6d3, 0x00c4c6, 0x00b1b5, 0x00b8d6, 0x00eed3, 0x00eed4,
    0x00d4bf, 0x00c7d5, 0x00befb, 0x00ced9, 0x00b9b3, 0x00eed6, 0x00eed5, 0x00eed8, 0x00eed7,
    0x00c5a5, 0x00eed9, 0x00eeda, 0x00c7ae, 0x00eedb, 0x00c7af, 0x00eedc, 0x00b2a7, 0x00eedd,
    0x00eede, 0x00eedf, 0x00eee0, 0x00eee1, 0x00d7ea, 0x00eee2, 0x00eee3, 0x00bcd8, 0x00eee4,
    0x00d3cb, 0x00ccfa, 0x00b2ac, 0x00c1e5, 0x00eee5, 0x00c7a6, 0x00c3ad, 0x00e898, 0x00eee6,
    0x00eee7, 0x00eee8, 0x00eee9, 0x00eeea, 0x00eeeb, 0x00eeec, 0x00e899, 0x00eeed, 0x00eeee,
    0x00eeef, 0x00e89a, 0x00e89b, 0x00eef0, 0x00eef1, 0x00eef2, 0x00eef4, 0x00eef3, 0x00e89c,
    0x00eef5, 0x00cdad, 0x00c2c1, 0x00eef6, 0x00eef7, 0x00eef8, 0x00d5a1, 0x00eef9, 0x00cfb3,
    0x00eefa, 0x00eefb, 0x00e89d, 0x00eefc, 0x00eefd, 0x00efa1, 0x00eefe, 0x00efa2, 0x00b8f5,
    0x00c3fa, 0x00efa3, 0x00efa4, 0x00bdc2, 0x00d2bf, 0x00b2f9, 0x00efa5, 0x00efa6, 0x00efa7,
    0x00d2f8, 0x00efa8, 0x00d6fd, 0x00efa9, 0x00c6cc, 0x00e89e, 0x00efaa, 0x00efab, 0x00c1b4,
    0x00efac, 0x00cffa, 0x00cbf8, 0x00efae, 0x00efad, 0x00b3fa, 0x00b9f8, 0x00efaf, 0x00efb0,
    0x00d0e2, 0x00efb1, 0x00efb2, 0x00b7e6, 0x00d0bf, 0x00efb3, 0x00efb4, 0x00efb5, 0x00c8f1,
    0x00cce0, 0x00efb6, 0x00efb7, 0x00efb8, 0x00efb9, 0x00efba, 0x00d5e0, 0x00efbb, 0x00b4ed,
    0x00c3aa, 0x00efbc, 0x00e89f, 0x00efbd, 0x00efbe, 0x00efbf, 0x00e8a0, 0x00cefd, 0x00efc0,
    0x00c2e0, 0x00b4b8, 0x00d7b6, 0x00bdf5, 0x00e940, 0x00cfc7, 0x00efc3, 0x00efc1, 0x00efc2,
    0x00efc4, 0x00b6a7, 0x00bcfc, 0x00bee2, 0x00c3cc, 0x00efc5, 0x00efc6, 0x00e941, 0x00efc7,
    0x00efcf, 0x00efc8, 0x00efc9, 0x00efca, 0x00c7c2, 0x00eff1, 0x00b6cd, 0x00efcb, 0x00e942,
    0x00efcc, 0x00efcd, 0x00b6c6, 0x00c3be, 0x00efce, 0x00e943, 0x00efd0, 0x00efd1, 0x00efd2,
    0x00d5f2, 0x00e944, 0x00efd3, 0x00c4f7, 0x00e945, 0x00efd4, 0x00c4f8, 0x00efd5, 0x00efd6,
    0x00b8e4, 0x00b0f7, 0x00efd7, 0x00efd8, 0x00efd9, 0x00e946, 0x00efda, 0x00efdb, 0x00efdc,
    0x00efdd, 0x00e947, 0x00efde, 0x00beb5, 0x00efe1, 0x00efdf, 0x00efe0, 0x00e948, 0x00efe2,
    0x00efe3, 0x00c1cd, 0x00efe4, 0x00efe5, 0x00efe6, 0x00efe7, 0x00efe8, 0x00efe9, 0x00efea,
    0x00efeb, 0x00efec, 0x00c0d8, 0x00e949, 0x00efed, 0x00c1ad, 0x00efee, 0x00efef, 0x00eff0,
    0x00e94a, 0x00e94b, 0x00cfe2, 0x00e94c, 0x00e94d, 0x00e94e, 0x00e94f, 0x00e950, 0x00e951,
    0x00e952, 0x00e953, 0x00b3a4, 0x00e954, 0x00e955, 0x00e956, 0x00e957, 0x00e958, 0x00e959,
    0x00e95a, 0x00e95b, 0x00e95c, 0x00e95d, 0x00e95e, 0x00e95f, 0x00e960, 0x00e961, 0x00e962,
    0x00e963, 0x00e964, 0x00e965, 0x00e966, 0x00e967, 0x00e968, 0x00e969, 0x00e96a, 0x00e96b,
    0x00e96c, 0x00e96d, 0x00e96e, 0x00e96f, 0x00e970, 0x00e971, 0x00e972, 0x00e973, 0x00e974,
    0x00e975, 0x00e976, 0x00e977, 0x00e978, 0x00e979, 0x00e97a, 0x00e97b, 0x00e97c, 0x00e97d,
    0x00e97e, 0x00e980, 0x00e981, 0x00e982, 0x00e983, 0x00e984, 0x00e985, 0x00e986, 0x00e987,
    0x00e988, 0x00e989, 0x00e98a, 0x00e98b, 0x00e98c, 0x00e98d, 0x00e98e, 0x00e98f, 0x00e990,
    0x00e991, 0x00e992, 0x00e993, 0x00e994, 0x00e995, 0x00e996, 0x00e997, 0x00e998, 0x00e999,
    0x00e99a, 0x00e99b, 0x00e99c, 0x00e99d, 0x00e99e, 0x00e99f, 0x00e9a0, 0x00ea40, 0x00ea41,
    0x00ea42, 0x00ea43, 0x00ea44, 0x00ea45, 0x00ea46, 0x00ea47, 0x00ea48, 0x00ea49, 0x00ea4a,
    0x00ea4b, 0x00ea4c, 0x00ea4d, 0x00ea4e, 0x00ea4f, 0x00ea50, 0x00ea51, 0x00ea52, 0x00ea53,
    0x00ea54, 0x00ea55, 0x00ea56, 0x00ea57, 0x00ea58, 0x00ea59, 0x00ea5a, 0x00ea5b, 0x00c3c5,
    0x00e3c5, 0x00c9c1, 0x00e3c6, 0x00ea5c, 0x00b1d5, 0x00ceca, 0x00b4b3, 0x00c8f2, 0x00e3c7,
    0x00cfd0, 0x00e3c8, 0x00bce4, 0x00e3c9, 0x00e3ca, 0x00c3c6, 0x00d5a2, 0x00c4d6, 0x00b9eb,
    0x00cec5, 0x00e3cb, 0x00c3f6, 0x00e3cc, 0x00ea5d, 0x00b7a7, 0x00b8f3, 0x00bad2, 0x00e3cd,
    0x00e3ce, 0x00d4c4, 0x00e3cf, 0x00ea5e, 0x00e3d0, 0x00d1cb, 0x00e3d1, 0x00e3d2, 0x00e3d3,
    0x00e3d4, 0x00d1d6, 0x00e3d5, 0x00b2fb, 0x00c0bb, 0x00e3d6, 0x00ea5f, 0x00c0ab, 0x00e3d7,
    0x00e3d8, 0x00e3d9, 0x00ea60, 0x00e3da, 0x00e3db, 0x00ea61, 0x00b8b7, 0x00dae2, 0x00ea62,
    0x00b6d3, 0x00ea63, 0x00dae4, 0x00dae3, 0x00ea64, 0x00ea65, 0x00ea66, 0x00ea67, 0x00ea68,
    0x00ea69, 0x00ea6a, 0x00dae6, 0x00ea6b, 0x00ea6c, 0x00ea6d, 0x00c8ee, 0x00ea6e, 0x00ea6f,
    0x00dae5, 0x00b7c0, 0x00d1f4, 0x00d2f5, 0x00d5f3, 0x00bdd7, 0x00ea70, 0x00ea71, 0x00ea72,
    0x00ea73, 0x00d7e8, 0x00dae8, 0x00dae7, 0x00ea74, 0x00b0a2, 0x00cdd3, 0x00ea75, 0x00dae9,
    0x00ea76, 0x00b8bd, 0x00bcca, 0x00c2bd, 0x00c2a4, 0x00b3c2, 0x00daea, 0x00ea77, 0x00c2aa,
    0x00c4b0, 0x00bdb5, 0x00ea78, 0x00ea79, 0x00cfde, 0x00ea7a, 0x00ea7b, 0x00ea7c, 0x00daeb,
    0x00c9c2, 0x00ea7d, 0x00ea7e, 0x00ea80, 0x00ea81, 0x00ea82, 0x00b1dd, 0x00ea83, 0x00ea84,
    0x00ea85, 0x00daec, 0x00ea86, 0x00b6b8, 0x00d4ba, 0x00ea87, 0x00b3fd, 0x00ea88, 0x00ea89,
    0x00daed, 0x00d4c9, 0x00cfd5, 0x00c5e3, 0x00ea8a, 0x00daee, 0x00ea8b, 0x00ea8c, 0x00ea8d,
    0x00ea8e, 0x00ea8f, 0x00daef, 0x00ea90, 0x00daf0, 0x00c1ea, 0x00ccd5, 0x00cfdd, 0x00ea91,
    0x00ea92, 0x00ea93, 0x00ea94, 0x00ea95, 0x00ea96, 0x00ea97, 0x00ea98, 0x00ea99, 0x00ea9a,
    0x00ea9b, 0x00ea9c, 0x00ea9d, 0x00d3e7, 0x00c2a1, 0x00ea9e, 0x00daf1, 0x00ea9f, 0x00eaa0,
    0x00cbe5, 0x00eb40, 0x00daf2, 0x00eb41, 0x00cbe6, 0x00d2fe, 0x00eb42, 0x00eb43, 0x00eb44,
    0x00b8f4, 0x00eb45, 0x00eb46, 0x00daf3, 0x00b0af, 0x00cfb6, 0x00eb47, 0x00eb48, 0x00d5cf,
    0x00eb49, 0x00eb4a, 0x00eb4b, 0x00eb4c, 0x00eb4d, 0x00eb4e, 0x00eb4f, 0x00eb50, 0x00eb51,
    0x00eb52, 0x00cbed, 0x00eb53, 0x00eb54, 0x00eb55, 0x00eb56, 0x00eb57, 0x00eb58, 0x00eb59,
    0x00eb5a, 0x00daf4, 0x00eb5b, 0x00eb5c, 0x00e3c4, 0x00eb5d, 0x00eb5e, 0x00c1a5, 0x00eb5f,
    0x00eb60, 0x00f6bf, 0x00eb61, 0x00eb62, 0x00f6c0, 0x00f6c1, 0x00c4d1, 0x00eb63, 0x00c8b8,
    0x00d1e3, 0x00eb64, 0x00eb65, 0x00d0db, 0x00d1c5, 0x00bcaf, 0x00b9cd, 0x00eb66, 0x00eff4,
    0x00eb67, 0x00eb68, 0x00b4c6, 0x00d3ba, 0x00f6c2, 0x00b3fb, 0x00eb69, 0x00eb6a, 0x00f6c3,
    0x00eb6b, 0x00eb6c, 0x00b5f1, 0x00eb6d, 0x00eb6e, 0x00eb6f, 0x00eb70, 0x00eb71, 0x00eb72,
    0x00eb73, 0x00eb74, 0x00eb75, 0x00eb76, 0x00f6c5, 0x00eb77, 0x00eb78, 0x00eb79, 0x00eb7a,
    0x00eb7b, 0x00eb7c, 0x00eb7d, 0x00d3ea, 0x00f6a7, 0x00d1a9, 0x00eb7e, 0x00eb80, 0x00eb81,
    0x00eb82, 0x00f6a9, 0x00eb83, 0x00eb84, 0x00eb85, 0x00f6a8, 0x00eb86, 0x00eb87, 0x00c1e3,
    0x00c0d7, 0x00eb88, 0x00b1a2, 0x00eb89, 0x00eb8a, 0x00eb8b, 0x00eb8c, 0x00ceed, 0x00eb8d,
    0x00d0e8, 0x00f6ab, 0x00eb8e, 0x00eb8f, 0x00cff6, 0x00eb90, 0x00f6aa, 0x00d5f0, 0x00f6ac,
    0x00c3b9, 0x00eb91, 0x00eb92, 0x00eb93, 0x00bbf4, 0x00f6ae, 0x00f6ad, 0x00eb94, 0x00eb95,
    0x00eb96, 0x00c4de, 0x00eb97, 0x00eb98, 0x00c1d8, 0x00eb99, 0x00eb9a, 0x00eb9b, 0x00eb9c,
    0x00eb9d, 0x00cbaa, 0x00eb9e, 0x00cfbc, 0x00eb9f, 0x00eba0, 0x00ec40, 0x00ec41, 0x00ec42,
    0x00ec43, 0x00ec44, 0x00ec45, 0x00ec46, 0x00ec47, 0x00ec48, 0x00f6af, 0x00ec49, 0x00ec4a,
    0x00f6b0, 0x00ec4b, 0x00ec4c, 0x00f6b1, 0x00ec4d, 0x00c2b6, 0x00ec4e, 0x00ec4f, 0x00ec50,
    0x00ec51, 0x00ec52, 0x00b0d4, 0x00c5f9, 0x00ec53, 0x00ec54, 0x00ec55, 0x00ec56, 0x00f6b2,
    0x00ec57, 0x00ec58, 0x00ec59, 0x00ec5a, 0x00ec5b, 0x00ec5c, 0x00ec5d, 0x00ec5e, 0x00ec5f,
    0x00ec60, 0x00ec61, 0x00ec62, 0x00ec63, 0x00ec64, 0x00ec65, 0x00ec66, 0x00ec67, 0x00ec68,
    0x00ec69, 0x00c7e0, 0x00f6a6, 0x00ec6a, 0x00ec6b, 0x00beb8, 0x00ec6c, 0x00ec6d, 0x00beb2,
    0x00ec6e, 0x00b5e5, 0x00ec6f, 0x00ec70, 0x00b7c7, 0x00ec71, 0x00bfbf, 0x00c3d2, 0x00c3e6,
    0x00ec72, 0x00ec73, 0x00d8cc, 0x00ec74, 0x00ec75, 0x00ec76, 0x00b8ef, 0x00ec77, 0x00ec78,
    0x00ec79, 0x00ec7a, 0x00ec7b, 0x00ec7c, 0x00ec7d, 0x00ec7e, 0x00ec80, 0x00bdf9, 0x00d1a5,
    0x00ec81, 0x00b0d0, 0x00ec82, 0x00ec83, 0x00ec84, 0x00ec85, 0x00ec86, 0x00f7b0, 0x00ec87,
    0x00ec88, 0x00ec89, 0x00ec8a, 0x00ec8b, 0x00ec8c, 0x00ec8d, 0x00ec8e, 0x00f7b1, 0x00ec8f,
    0x00ec90, 0x00ec91, 0x00ec92, 0x00ec93, 0x00d0ac, 0x00ec94, 0x00b0b0, 0x00ec95, 0x00ec96,
    0x00ec97, 0x00f7b2, 0x00f7b3, 0x00ec98, 0x00f7b4, 0x00ec99, 0x00ec9a, 0x00ec9b, 0x00c7ca,
    0x00ec9c, 0x00ec9d, 0x00ec9e, 0x00ec9f, 0x00eca0, 0x00ed40, 0x00ed41, 0x00becf, 0x00ed42,
    0x00ed43, 0x00f7b7, 0x00ed44, 0x00ed45, 0x00ed46, 0x00ed47, 0x00ed48, 0x00ed49, 0x00ed4a,
    0x00f7b6, 0x00ed4b, 0x00b1de, 0x00ed4c, 0x00f7b5, 0x00ed4d, 0x00ed4e, 0x00f7b8, 0x00ed4f,
    0x00f7b9, 0x00ed50, 0x00ed51, 0x00ed52, 0x00ed53, 0x00ed54, 0x00ed55, 0x00ed56, 0x00ed57,
    0x00ed58, 0x00ed59, 0x00ed5a, 0x00ed5b, 0x00ed5c, 0x00ed5d, 0x00ed5e, 0x00ed5f, 0x00ed60,
    0x00ed61, 0x00ed62, 0x00ed63, 0x00ed64, 0x00ed65, 0x00ed66, 0x00ed67, 0x00ed68, 0x00ed69,
    0x00ed6a, 0x00ed6b, 0x00ed6c, 0x00ed6d, 0x00ed6e, 0x00ed6f, 0x00ed70, 0x00ed71, 0x00ed72,
    0x00ed73, 0x00ed74, 0x00ed75, 0x00ed76, 0x00ed77, 0x00ed78, 0x00ed79, 0x00ed7a, 0x00ed7b,
    0x00ed7c, 0x00ed7d, 0x00ed7e, 0x00ed80, 0x00ed81, 0x00cea4, 0x00c8cd, 0x00ed82, 0x00baab,
    0x00e8b8, 0x00e8b9, 0x00e8ba, 0x00bec2, 0x00ed83, 0x00ed84, 0x00ed85, 0x00ed86, 0x00ed87,
    0x00d2f4, 0x00ed88, 0x00d4cf, 0x00c9d8, 0x00ed89, 0x00ed8a, 0x00ed8b, 0x00ed8c, 0x00ed8d,
    0x00ed8e, 0x00ed8f, 0x00ed90, 0x00ed91, 0x00ed92, 0x00ed93, 0x00ed94, 0x00ed95, 0x00ed96,
    0x00ed97, 0x00ed98, 0x00ed99, 0x00ed9a, 0x00ed9b, 0x00ed9c, 0x00ed9d, 0x00ed9e, 0x00ed9f,
    0x00eda0, 0x00ee40, 0x00ee41, 0x00ee42, 0x00ee43, 0x00ee44, 0x00ee45, 0x00ee46, 0x00ee47,
    0x00ee48, 0x00ee49, 0x00ee4a, 0x00ee4b, 0x00ee4c, 0x00ee4d, 0x00ee4e, 0x00ee4f, 0x00ee50,
    0x00ee51, 0x00ee52, 0x00ee53, 0x00ee54, 0x00ee55, 0x00ee56, 0x00ee57, 0x00ee58, 0x00ee59,
    0x00ee5a, 0x00ee5b, 0x00ee5c, 0x00ee5d, 0x00ee5e, 0x00ee5f, 0x00ee60, 0x00ee61, 0x00ee62,
    0x00ee63, 0x00ee64, 0x00ee65, 0x00ee66, 0x00ee67, 0x00ee68, 0x00ee69, 0x00ee6a, 0x00ee6b,
    0x00ee6c, 0x00ee6d, 0x00ee6e, 0x00ee6f, 0x00ee70, 0x00ee71, 0x00ee72, 0x00ee73, 0x00ee74,
    0x00ee75, 0x00ee76, 0x00ee77, 0x00ee78, 0x00ee79, 0x00ee7a, 0x00ee7b, 0x00ee7c, 0x00ee7d,
    0x00ee7e, 0x00ee80, 0x00ee81, 0x00ee82, 0x00ee83, 0x00ee84, 0x00ee85, 0x00ee86, 0x00ee87,
    0x00ee88, 0x00ee89, 0x00ee8a, 0x00ee8b, 0x00ee8c, 0x00ee8d, 0x00ee8e, 0x00ee8f, 0x00ee90,
    0x00ee91, 0x00ee92, 0x00ee93, 0x00ee94, 0x00ee95, 0x00ee96, 0x00ee97, 0x00ee98, 0x00ee99,
    0x00ee9a, 0x00ee9b, 0x00ee9c, 0x00ee9d, 0x00ee9e, 0x00ee9f, 0x00eea0, 0x00ef40, 0x00ef41,
    0x00ef42, 0x00ef43, 0x00ef44, 0x00ef45, 0x00d2b3, 0x00b6a5, 0x00c7ea, 0x00f1fc, 0x00cfee,
    0x00cbb3, 0x00d0eb, 0x00e7ef, 0x00cde7, 0x00b9cb, 0x00b6d9, 0x00f1fd, 0x00b0e4, 0x00cbcc,
    0x00f1fe, 0x00d4a4, 0x00c2ad, 0x00c1ec, 0x00c6c4, 0x00beb1, 0x00f2a1, 0x00bcd5, 0x00ef46,
    0x00f2a2, 0x00f2a3, 0x00ef47, 0x00f2a4, 0x00d2c3, 0x00c6b5, 0x00ef48, 0x00cdc7, 0x00f2a5,
    0x00ef49, 0x00d3b1, 0x00bfc5, 0x00cce2, 0x00ef4a, 0x00f2a6, 0x00f2a7, 0x00d1d5, 0x00b6ee,
    0x00f2a8, 0x00f2a9, 0x00b5df, 0x00f2aa, 0x00f2ab, 0x00ef4b, 0x00b2fc, 0x00f2ac, 0x00f2ad,
    0x00c8a7, 0x00ef4c, 0x00ef4d, 0x00ef4e, 0x00ef4f, 0x00ef50, 0x00ef51, 0x00ef52, 0x00ef53,
    0x00ef54, 0x00ef55, 0x00ef56, 0x00ef57, 0x00ef58, 0x00ef59, 0x00ef5a, 0x00ef5b, 0x00ef5c,
    0x00ef5d, 0x00ef5e, 0x00ef5f, 0x00ef60, 0x00ef61, 0x00ef62, 0x00ef63, 0x00ef64, 0x00ef65,
    0x00ef66, 0x00ef67, 0x00ef68, 0x00ef69, 0x00ef6a, 0x00ef6b, 0x00ef6c, 0x00ef6d, 0x00ef6e,
    0x00ef6f, 0x00ef70, 0x00ef71, 0x00b7e7, 0x00ef72, 0x00ef73, 0x00eca9, 0x00ecaa, 0x00ecab,
    0x00ef74, 0x00ecac, 0x00ef75, 0x00ef76, 0x00c6ae, 0x00ecad, 0x00ecae, 0x00ef77, 0x00ef78,
    0x00ef79, 0x00b7c9, 0x00cab3, 0x00ef7a, 0x00ef7b, 0x00ef7c, 0x00ef7d, 0x00ef7e, 0x00ef80,
    0x00ef81, 0x00e2b8, 0x00f7cf, 0x00ef82, 0x00ef83, 0x00ef84, 0x00ef85, 0x00ef86, 0x00ef87,
    0x00ef88, 0x00ef89, 0x00ef8a, 0x00ef8b, 0x00ef8c, 0x00ef8d, 0x00ef8e, 0x00ef8f, 0x00ef90,
    0x00ef91, 0x00ef92, 0x00ef93, 0x00ef94, 0x00ef95, 0x00ef96, 0x00ef97, 0x00ef98, 0x00ef99,
    0x00ef9a, 0x00ef9b, 0x00ef9c, 0x00ef9d, 0x00ef9e, 0x00ef9f, 0x00efa0, 0x00f040, 0x00f041,
    0x00f042, 0x00f043, 0x00f044, 0x00f7d0, 0x00f045, 0x00f046, 0x00b2cd, 0x00f047, 0x00f048,
    0x00f049, 0x00f04a, 0x00f04b, 0x00f04c, 0x00f04d, 0x00f04e, 0x00f04f, 0x00f050, 0x00f051,
    0x00f052, 0x00f053, 0x00f054, 0x00f055, 0x00f056, 0x00f057, 0x00f058, 0x00f059, 0x00f05a,
    0x00f05b, 0x00f05c, 0x00f05d, 0x00f05e, 0x00f05f, 0x00f060, 0x00f061, 0x00f062, 0x00f063,
    0x00f7d1, 0x00f064, 0x00f065, 0x00f066, 0x00f067, 0x00f068, 0x00f069, 0x00f06a, 0x00f06b,
    0x00f06c, 0x00f06d, 0x00f06e, 0x00f06f, 0x00f070, 0x00f071, 0x00f072, 0x00f073, 0x00f074,
    0x00f075, 0x00f076, 0x00f077, 0x00f078, 0x00f079, 0x00f07a, 0x00f07b, 0x00f07c, 0x00f07d,
    0x00f07e, 0x00f080, 0x00f081, 0x00f082, 0x00f083, 0x00f084, 0x00f085, 0x00f086, 0x00f087,
    0x00f088, 0x00f089, 0x00f7d3, 0x00f7d2, 0x00f08a, 0x00f08b, 0x00f08c, 0x00f08d, 0x00f08e,
    0x00f08f, 0x00f090, 0x00f091, 0x00f092, 0x00f093, 0x00f094, 0x00f095, 0x00f096, 0x00e2bb,
    0x00f097, 0x00bca2, 0x00f098, 0x00e2bc, 0x00e2bd, 0x00e2be, 0x00e2bf, 0x00e2c0, 0x00e2c1,
    0x00b7b9, 0x00d2fb, 0x00bda4, 0x00cace, 0x00b1a5, 0x00cbc7, 0x00f099, 0x00e2c2, 0x00b6fc,
    0x00c8c4, 0x00e2c3, 0x00f09a, 0x00f09b, 0x00bdc8, 0x00f09c, 0x00b1fd, 0x00e2c4, 0x00f09d,
    0x00b6f6, 0x00e2c5, 0x00c4d9, 0x00f09e, 0x00f09f, 0x00e2c6, 0x00cfda, 0x00b9dd, 0x00e2c7,
    0x00c0a1, 0x00f0a0, 0x00e2c8, 0x00b2f6, 0x00f140, 0x00e2c9, 0x00f141, 0x00c1f3, 0x00e2ca,
    0x00e2cb, 0x00c2f8, 0x00e2cc, 0x00e2cd, 0x00e2ce, 0x00cad7, 0x00d8b8, 0x00d9e5, 0x00cfe3,
    0x00f142, 0x00f143, 0x00f144, 0x00f145, 0x00f146, 0x00f147, 0x00f148, 0x00f149, 0x00f14a,
    0x00f14b, 0x00f14c, 0x00f0a5, 0x00f14d, 0x00f14e, 0x00dcb0, 0x00f14f, 0x00f150, 0x00f151,
    0x00f152, 0x00f153, 0x00f154, 0x00f155, 0x00f156, 0x00f157, 0x00f158, 0x00f159, 0x00f15a,
    0x00f15b, 0x00f15c, 0x00f15d, 0x00f15e, 0x00f15f, 0x00f160, 0x00f161, 0x00f162, 0x00f163,
    0x00f164, 0x00f165, 0x00f166, 0x00f167, 0x00f168, 0x00f169, 0x00f16a, 0x00f16b, 0x00f16c,
    0x00f16d, 0x00f16e, 0x00f16f, 0x00f170, 0x00f171, 0x00f172, 0x00f173, 0x00f174, 0x00f175,
    0x00f176, 0x00f177, 0x00f178, 0x00f179, 0x00f17a, 0x00f17b, 0x00f17c, 0x00f17d, 0x00f17e,
    0x00f180, 0x00f181, 0x00f182, 0x00f183, 0x00f184, 0x00f185, 0x00f186, 0x00f187, 0x00f188,
    0x00f189, 0x00f18a, 0x00f18b, 0x00f18c, 0x00f18d, 0x00f18e, 0x00f18f, 0x00f190, 0x00f191,
    0x00f192, 0x00f193, 0x00f194, 0x00f195, 0x00f196, 0x00f197, 0x00f198, 0x00f199, 0x00f19a,
    0x00f19b, 0x00f19c, 0x00f19d, 0x00f19e, 0x00f19f, 0x00f1a0, 0x00f240, 0x00f241, 0x00f242,
    0x00f243, 0x00f244, 0x00f245, 0x00f246, 0x00f247, 0x00f248, 0x00f249, 0x00f24a, 0x00f24b,
    0x00f24c, 0x00f24d, 0x00f24e, 0x00f24f, 0x00f250, 0x00f251, 0x00f252, 0x00f253, 0x00f254,
    0x00f255, 0x00f256, 0x00f257, 0x00f258, 0x00f259, 0x00f25a, 0x00f25b, 0x00f25c, 0x00f25d,
    0x00f25e, 0x00f25f, 0x00f260, 0x00f261, 0x00f262, 0x00f263, 0x00f264, 0x00f265, 0x00f266,
    0x00f267, 0x00f268, 0x00f269, 0x00f26a, 0x00f26b, 0x00f26c, 0x00f26d, 0x00f26e, 0x00f26f,
    0x00f270, 0x00f271, 0x00f272, 0x00f273, 0x00f274, 0x00f275, 0x00f276, 0x00f277, 0x00f278,
    0x00f279, 0x00f27a, 0x00f27b, 0x00f27c, 0x00f27d, 0x00f27e, 0x00f280, 0x00f281, 0x00f282,
    0x00f283, 0x00f284, 0x00f285, 0x00f286, 0x00f287, 0x00f288, 0x00f289, 0x00f28a, 0x00f28b,
    0x00f28c, 0x00f28d, 0x00f28e, 0x00f28f, 0x00f290, 0x00f291, 0x00f292, 0x00f293, 0x00f294,
    0x00f295, 0x00f296, 0x00f297, 0x00f298, 0x00f299, 0x00f29a, 0x00f29b, 0x00f29c, 0x00f29d,
    0x00f29e, 0x00f29f, 0x00f2a0, 0x00f340, 0x00f341, 0x00f342, 0x00f343, 0x00f344, 0x00f345,
    0x00f346, 0x00f347, 0x00f348, 0x00f349, 0x00f34a, 0x00f34b, 0x00f34c, 0x00f34d, 0x00f34e,
    0x00f34f, 0x00f350, 0x00f351, 0x00c2ed, 0x00d4a6, 0x00cdd4, 0x00d1b1, 0x00b3db, 0x00c7fd,
    0x00f352, 0x00b2b5, 0x00c2bf, 0x00e6e0, 0x00cabb, 0x00e6e1, 0x00e6e2, 0x00bed4, 0x00e6e3,
    0x00d7a4, 0x00cdd5, 0x00e6e5, 0x00bcdd, 0x00e6e4, 0x00e6e6, 0x00e6e7, 0x00c2ee, 0x00f353,
    0x00bdbe, 0x00e6e8, 0x00c2e6, 0x00baa7, 0x00e6e9, 0x00f354, 0x00e6ea, 0x00b3d2, 0x00d1e9,
    0x00f355, 0x00f356, 0x00bfa5, 0x00e6eb, 0x00c6ef, 0x00e6ec, 0x00e6ed, 0x00f357, 0x00f358,
    0x00e6ee, 0x00c6ad, 0x00e6ef, 0x00f359, 0x00c9a7, 0x00e6f0, 0x00e6f1, 0x00e6f2, 0x00e5b9,
    0x00e6f3, 0x00e6f4, 0x00c2e2, 0x00e6f5, 0x00e6f6, 0x00d6e8, 0x00e6f7, 0x00f35a, 0x00e6f8,
    0x00b9c7, 0x00f35b, 0x00f35c, 0x00f35d, 0x00f35e, 0x00f35f, 0x00f360, 0x00f361, 0x00f7bb,
    0x00f7ba, 0x00f362, 0x00f363, 0x00f364, 0x00f365, 0x00f7be, 0x00f7bc, 0x00baa1, 0x00f366,
    0x00f7bf, 0x00f367, 0x00f7c0, 0x00f368, 0x00f369, 0x00f36a, 0x00f7c2, 0x00f7c1, 0x00f7c4,
    0x00f36b, 0x00f36c, 0x00f7c3, 0x00f36d, 0x00f36e, 0x00f36f, 0x00f370, 0x00f371, 0x00f7c5,
    0x00f7c6, 0x00f372, 0x00f373, 0x00f374, 0x00f375, 0x00f7c7, 0x00f376, 0x00cbe8, 0x00f377,
    0x00f378, 0x00f379, 0x00f37a, 0x00b8df, 0x00f37b, 0x00f37c, 0x00f37d, 0x00f37e, 0x00f380,
    0x00f381, 0x00f7d4, 0x00f382, 0x00f7d5, 0x00f383, 0x00f384, 0x00f385, 0x00f386, 0x00f7d6,
    0x00f387, 0x00f388, 0x00f389, 0x00f38a, 0x00f7d8, 0x00f38b, 0x00f7da, 0x00f38c, 0x00f7d7,
    0x00f38d, 0x00f38e, 0x00f38f, 0x00f390, 0x00f391, 0x00f392, 0x00f393, 0x00f394, 0x00f395,
    0x00f7db, 0x00f396, 0x00f7d9, 0x00f397, 0x00f398, 0x00f399, 0x00f39a, 0x00f39b, 0x00f39c,
    0x00f39d, 0x00d7d7, 0x00f39e, 0x00f39f, 0x00f3a0, 0x00f440, 0x00f7dc, 0x00f441, 0x00f442,
    0x00f443, 0x00f444, 0x00f445, 0x00f446, 0x00f7dd, 0x00f447, 0x00f448, 0x00f449, 0x00f7de,
    0x00f44a, 0x00f44b, 0x00f44c, 0x00f44d, 0x00f44e, 0x00f44f, 0x00f450, 0x00f451, 0x00f452,
    0x00f453, 0x00f454, 0x00f7df, 0x00f455, 0x00f456, 0x00f457, 0x00f7e0, 0x00f458, 0x00f459,
    0x00f45a, 0x00f45b, 0x00f45c, 0x00f45d, 0x00f45e, 0x00f45f, 0x00f460, 0x00f461, 0x00f462,
    0x00dbcb, 0x00f463, 0x00f464, 0x00d8aa, 0x00f465, 0x00f466, 0x00f467, 0x00f468, 0x00f469,
    0x00f46a, 0x00f46b, 0x00f46c, 0x00e5f7, 0x00b9ed, 0x00f46d, 0x00f46e, 0x00f46f, 0x00f470,
    0x00bffd, 0x00bbea, 0x00f7c9, 0x00c6c7, 0x00f7c8, 0x00f471, 0x00f7ca, 0x00f7cc, 0x00f7cb,
    0x00f472, 0x00f473, 0x00f474, 0x00f7cd, 0x00f475, 0x00ceba, 0x00f476, 0x00f7ce, 0x00f477,
    0x00f478, 0x00c4a7, 0x00f479, 0x00f47a, 0x00f47b, 0x00f47c, 0x00f47d, 0x00f47e, 0x00f480,
    0x00f481, 0x00f482, 0x00f483, 0x00f484, 0x00f485, 0x00f486, 0x00f487, 0x00f488, 0x00f489,
    0x00f48a, 0x00f48b, 0x00f48c, 0x00f48d, 0x00f48e, 0x00f48f, 0x00f490, 0x00f491, 0x00f492,
    0x00f493, 0x00f494, 0x00f495, 0x00f496, 0x00f497, 0x00f498, 0x00f499, 0x00f49a, 0x00f49b,
    0x00f49c, 0x00f49d, 0x00f49e, 0x00f49f, 0x00f4a0, 0x00f540, 0x00f541, 0x00f542, 0x00f543,
    0x00f544, 0x00f545, 0x00f546, 0x00f547, 0x00f548, 0x00f549, 0x00f54a, 0x00f54b, 0x00f54c,
    0x00f54d, 0x00f54e, 0x00f54f, 0x00f550, 0x00f551, 0x00f552, 0x00f553, 0x00f554, 0x00f555,
    0x00f556, 0x00f557, 0x00f558, 0x00f559, 0x00f55a, 0x00f55b, 0x00f55c, 0x00f55d, 0x00f55e,
    0x00f55f, 0x00f560, 0x00f561, 0x00f562, 0x00f563, 0x00f564, 0x00f565, 0x00f566, 0x00f567,
    0x00f568, 0x00f569, 0x00f56a, 0x00f56b, 0x00f56c, 0x00f56d, 0x00f56e, 0x00f56f, 0x00f570,
    0x00f571, 0x00f572, 0x00f573, 0x00f574, 0x00f575, 0x00f576, 0x00f577, 0x00f578, 0x00f579,
    0x00f57a, 0x00f57b, 0x00f57c, 0x00f57d, 0x00f57e, 0x00f580, 0x00f581, 0x00f582, 0x00f583,
    0x00f584, 0x00f585, 0x00f586, 0x00f587, 0x00f588, 0x00f589, 0x00f58a, 0x00f58b, 0x00f58c,
    0x00f58d, 0x00f58e, 0x00f58f, 0x00f590, 0x00f591, 0x00f592, 0x00f593, 0x00f594, 0x00f595,
    0x00f596, 0x00f597, 0x00f598, 0x00f599, 0x00f59a, 0x00f59b, 0x00f59c, 0x00f59d, 0x00f59e,
    0x00f59f, 0x00f5a0, 0x00f640, 0x00f641, 0x00f642, 0x00f643, 0x00f644, 0x00f645, 0x00f646,
    0x00f647, 0x00f648, 0x00f649, 0x00f64a, 0x00f64b, 0x00f64c, 0x00f64d, 0x00f64e, 0x00f64f,
    0x00f650, 0x00f651, 0x00f652, 0x00f653, 0x00f654, 0x00f655, 0x00f656, 0x00f657, 0x00f658,
    0x00f659, 0x00f65a, 0x00f65b, 0x00f65c, 0x00f65d, 0x00f65e, 0x00f65f, 0x00f660, 0x00f661,
    0x00f662, 0x00f663, 0x00f664, 0x00f665, 0x00f666, 0x00f667, 0x00f668, 0x00f669, 0x00f66a,
    0x00f66b, 0x00f66c, 0x00f66d, 0x00f66e, 0x00f66f, 0x00f670, 0x00f671, 0x00f672, 0x00f673,
    0x00f674, 0x00f675, 0x00f676, 0x00f677, 0x00f678, 0x00f679, 0x00f67a, 0x00f67b, 0x00f67c,
    0x00f67d, 0x00f67e, 0x00f680, 0x00f681, 0x00f682, 0x00f683, 0x00f684, 0x00f685, 0x00f686,
    0x00f687, 0x00f688, 0x00f689, 0x00f68a, 0x00f68b, 0x00f68c, 0x00f68d, 0x00f68e, 0x00f68f,
    0x00f690, 0x00f691, 0x00f692, 0x00f693, 0x00f694, 0x00f695, 0x00f696, 0x00f697, 0x00f698,
    0x00f699, 0x00f69a, 0x00f69b, 0x00f69c, 0x00f69d, 0x00f69e, 0x00f69f, 0x00f6a0, 0x00f740,
    0x00f741, 0x00f742, 0x00f743, 0x00f744, 0x00f745, 0x00f746, 0x00f747, 0x00f748, 0x00f749,
    0x00f74a, 0x00f74b, 0x00f74c, 0x00f74d, 0x00f74e, 0x00f74f, 0x00f750, 0x00f751, 0x00f752,
    0x00f753, 0x00f754, 0x00f755, 0x00f756, 0x00f757, 0x00f758, 0x00f759, 0x00f75a, 0x00f75b,
    0x00f75c, 0x00f75d, 0x00f75e, 0x00f75f, 0x00f760, 0x00f761, 0x00f762, 0x00f763, 0x00f764,
    0x00f765, 0x00f766, 0x00f767, 0x00f768, 0x00f769, 0x00f76a, 0x00f76b, 0x00f76c, 0x00f76d,
    0x00f76e, 0x00f76f, 0x00f770, 0x00f771, 0x00f772, 0x00f773, 0x00f774, 0x00f775, 0x00f776,
    0x00f777, 0x00f778, 0x00f779, 0x00f77a, 0x00f77b, 0x00f77c, 0x00f77d, 0x00f77e, 0x00f780,
    0x00d3e3, 0x00f781, 0x00f782, 0x00f6cf, 0x00f783, 0x00c2b3, 0x00f6d0, 0x00f784, 0x00f785,
    0x00f6d1, 0x00f6d2, 0x00f6d3, 0x00f6d4, 0x00f786, 0x00f787, 0x00f6d6, 0x00f788, 0x00b1ab,
    0x00f6d7, 0x00f789, 0x00f6d8, 0x00f6d9, 0x00f6da, 0x00f78a, 0x00f6db, 0x00f6dc, 0x00f78b,
    0x00f78c, 0x00f78d, 0x00f78e, 0x00f6dd, 0x00f6de, 0x00cfca, 0x00f78f, 0x00f6df, 0x00f6e0,
    0x00f6e1, 0x00f6e2, 0x00f6e3, 0x00f6e4, 0x00c0f0, 0x00f6e5, 0x00f6e6, 0x00f6e7, 0x00f6e8,
    0x00f6e9, 0x00f790, 0x00f6ea, 0x00f791, 0x00f6eb, 0x00f6ec, 0x00f792, 0x00f6ed, 0x00f6ee,
    0x00f6ef, 0x00f6f0, 0x00f6f1, 0x00f6f2, 0x00f6f3, 0x00f6f4, 0x00bea8, 0x00f793, 0x00f6f5,
    0x00f6f6, 0x00f6f7, 0x00f6f8, 0x00f794, 0x00f795, 0x00f796, 0x00f797, 0x00f798, 0x00c8fa,
    0x00f6f9, 0x00f6fa, 0x00f6fb, 0x00f6fc, 0x00f799, 0x00f79a, 0x00f6fd, 0x00f6fe, 0x00f7a1,
    0x00f7a2, 0x00f7a3, 0x00f7a4, 0x00f7a5, 0x00f79b, 0x00f79c, 0x00f7a6, 0x00f7a7, 0x00f7a8,
    0x00b1ee, 0x00f7a9, 0x00f7aa, 0x00f7ab, 0x00f79d, 0x00f79e, 0x00f7ac, 0x00f7ad, 0x00c1db,
    0x00f7ae, 0x00f79f, 0x00f7a0, 0x00f7af, 0x00f840, 0x00f841, 0x00f842, 0x00f843, 0x00f844,
    0x00f845, 0x00f846, 0x00f847, 0x00f848, 0x00f849, 0x00f84a, 0x00f84b, 0x00f84c, 0x00f84d,
    0x00f84e, 0x00f84f, 0x00f850, 0x00f851, 0x00f852, 0x00f853, 0x00f854, 0x00f855, 0x00f856,
    0x00f857, 0x00f858, 0x00f859, 0x00f85a, 0x00f85b, 0x00f85c, 0x00f85d, 0x00f85e, 0x00f85f,
    0x00f860, 0x00f861, 0x00f862, 0x00f863, 0x00f864, 0x00f865, 0x00f866, 0x00f867, 0x00f868,
    0x00f869, 0x00f86a, 0x00f86b, 0x00f86c, 0x00f86d, 0x00f86e, 0x00f86f, 0x00f870, 0x00f871,
    0x00f872, 0x00f873, 0x00f874, 0x00f875, 0x00f876, 0x00f877, 0x00f878, 0x00f879, 0x00f87a,
    0x00f87b, 0x00f87c, 0x00f87d, 0x00f87e, 0x00f880, 0x00f881, 0x00f882, 0x00f883, 0x00f884,
    0x00f885, 0x00f886, 0x00f887, 0x00f888, 0x00f889, 0x00f88a, 0x00f88b, 0x00f88c, 0x00f88d,
    0x00f88e, 0x00f88f, 0x00f890, 0x00f891, 0x00f892, 0x00f893, 0x00f894, 0x00f895, 0x00f896,
    0x00f897, 0x00f898, 0x00f899, 0x00f89a, 0x00f89b, 0x00f89c, 0x00f89d, 0x00f89e, 0x00f89f,
    0x00f8a0, 0x00f940, 0x00f941, 0x00f942, 0x00f943, 0x00f944, 0x00f945, 0x00f946, 0x00f947,
    0x00f948, 0x00f949, 0x00f94a, 0x00f94b, 0x00f94c, 0x00f94d, 0x00f94e, 0x00f94f, 0x00f950,
    0x00f951, 0x00f952, 0x00f953, 0x00f954, 0x00f955, 0x00f956, 0x00f957, 0x00f958, 0x00f959,
    0x00f95a, 0x00f95b, 0x00f95c, 0x00f95d, 0x00f95e, 0x00f95f, 0x00f960, 0x00f961, 0x00f962,
    0x00f963, 0x00f964, 0x00f965, 0x00f966, 0x00f967, 0x00f968, 0x00f969, 0x00f96a, 0x00f96b,
    0x00f96c, 0x00f96d, 0x00f96e, 0x00f96f, 0x00f970, 0x00f971, 0x00f972, 0x00f973, 0x00f974,
    0x00f975, 0x00f976, 0x00f977, 0x00f978, 0x00f979, 0x00f97a, 0x00f97b, 0x00f97c, 0x00f97d,
    0x00f97e, 0x00f980, 0x00f981, 0x00f982, 0x00f983, 0x00f984, 0x00f985, 0x00f986, 0x00f987,
    0x00f988, 0x00f989, 0x00f98a, 0x00f98b, 0x00f98c, 0x00f98d, 0x00f98e, 0x00f98f, 0x00f990,
    0x00f991, 0x00f992, 0x00f993, 0x00f994, 0x00f995, 0x00f996, 0x00f997, 0x00f998, 0x00f999,
    0x00f99a, 0x00f99b, 0x00f99c, 0x00f99d, 0x00f99e, 0x00f99f, 0x00f9a0, 0x00fa40, 0x00fa41,
    0x00fa42, 0x00fa43, 0x00fa44, 0x00fa45, 0x00fa46, 0x00fa47, 0x00fa48, 0x00fa49, 0x00fa4a,
    0x00fa4b, 0x00fa4c, 0x00fa4d, 0x00fa4e, 0x00fa4f, 0x00fa50, 0x00fa51, 0x00fa52, 0x00fa53,
    0x00fa54, 0x00fa55, 0x00fa56, 0x00fa57, 0x00fa58, 0x00fa59, 0x00fa5a, 0x00fa5b, 0x00fa5c,
    0x00fa5d, 0x00fa5e, 0x00fa5f, 0x00fa60, 0x00fa61, 0x00fa62, 0x00fa63, 0x00fa64, 0x00fa65,
    0x00fa66, 0x00fa67, 0x00fa68, 0x00fa69, 0x00fa6a, 0x00fa6b, 0x00fa6c, 0x00fa6d, 0x00fa6e,
    0x00fa6f, 0x00fa70, 0x00fa71, 0x00fa72, 0x00fa73, 0x00fa74, 0x00fa75, 0x00fa76, 0x00fa77,
    0x00fa78, 0x00fa79, 0x00fa7a, 0x00fa7b, 0x00fa7c, 0x00fa7d, 0x00fa7e, 0x00fa80, 0x00fa81,
    0x00fa82, 0x00fa83, 0x00fa84, 0x00fa85, 0x00fa86, 0x00fa87, 0x00fa88, 0x00fa89, 0x00fa8a,
    0x00fa8b, 0x00fa8c, 0x00fa8d, 0x00fa8e, 0x00fa8f, 0x00fa90, 0x00fa91, 0x00fa92, 0x00fa93,
    0x00fa94, 0x00fa95, 0x00fa96, 0x00fa97, 0x00fa98, 0x00fa99, 0x00fa9a, 0x00fa9b, 0x00fa9c,
    0x00fa9d, 0x00fa9e, 0x00fa9f, 0x00faa0, 0x00fb40, 0x00fb41, 0x00fb42, 0x00fb43, 0x00fb44,
    0x00fb45, 0x00fb46, 0x00fb47, 0x00fb48, 0x00fb49, 0x00fb4a, 0x00fb4b, 0x00fb4c, 0x00fb4d,
    0x00fb4e, 0x00fb4f, 0x00fb50, 0x00fb51, 0x00fb52, 0x00fb53, 0x00fb54, 0x00fb55, 0x00fb56,
    0x00fb57, 0x00fb58, 0x00fb59, 0x00fb5a, 0x00fb5b, 0x00c4f1, 0x00f0af, 0x00bca6, 0x00f0b0,
    0x00c3f9, 0x00fb5c, 0x00c5b8, 0x00d1bb, 0x00fb5d, 0x00f0b1, 0x00f0b2, 0x00f0b3, 0x00f0b4,
    0x00f0b5, 0x00d1bc, 0x00fb5e, 0x00d1ec, 0x00fb5f, 0x00f0b7, 0x00f0b6, 0x00d4a7, 0x00fb60,
    0x00cdd2, 0x00f0b8, 0x00f0ba, 0x00f0b9, 0x00f0bb, 0x00f0bc, 0x00fb61, 0x00fb62, 0x00b8eb,
    0x00f0bd, 0x00bae8, 0x00fb63, 0x00f0be, 0x00f0bf, 0x00bee9, 0x00f0c0, 0x00b6ec, 0x00f0c1,
    0x00f0c2, 0x00f0c3, 0x00f0c4, 0x00c8b5, 0x00f0c5, 0x00f0c6, 0x00fb64, 0x00f0c7, 0x00c5f4,
    0x00fb65, 0x00f0c8, 0x00fb66, 0x00fb67, 0x00fb68, 0x00f0c9, 0x00fb69, 0x00f0ca, 0x00f7bd,
    0x00fb6a, 0x00f0cb, 0x00f0cc, 0x00f0cd, 0x00fb6b, 0x00f0ce, 0x00fb6c, 0x00fb6d, 0x00fb6e,
    0x00fb6f, 0x00f0cf, 0x00bad7, 0x00fb70, 0x00f0d0, 0x00f0d1, 0x00f0d2, 0x00f0d3, 0x00f0d4,
    0x00f0d5, 0x00f0d6, 0x00f0d8, 0x00fb71, 0x00fb72, 0x00d3a5, 0x00f0d7, 0x00fb73, 0x00f0d9,
    0x00fb74, 0x00fb75, 0x00fb76, 0x00fb77, 0x00fb78, 0x00fb79, 0x00fb7a, 0x00fb7b, 0x00fb7c,
    0x00fb7d, 0x00f5ba, 0x00c2b9, 0x00fb7e, 0x00fb80, 0x00f7e4, 0x00fb81, 0x00fb82, 0x00fb83,
    0x00fb84, 0x00f7e5, 0x00f7e6, 0x00fb85, 0x00fb86, 0x00f7e7, 0x00fb87, 0x00fb88, 0x00fb89,
    0x00fb8a, 0x00fb8b, 0x00fb8c, 0x00f7e8, 0x00c2b4, 0x00fb8d, 0x00fb8e, 0x00fb8f, 0x00fb90,
    0x00fb91, 0x00fb92, 0x00fb93, 0x00fb94, 0x00fb95, 0x00f7ea, 0x00fb96, 0x00f7eb, 0x00fb97,
    0x00fb98, 0x00fb99, 0x00fb9a, 0x00fb9b, 0x00fb9c, 0x00c2f3, 0x00fb9d, 0x00fb9e, 0x00fb9f,
    0x00fba0, 0x00fc40, 0x00fc41, 0x00fc42, 0x00fc43, 0x00fc44, 0x00fc45, 0x00fc46, 0x00fc47,
    0x00fc48, 0x00f4f0, 0x00fc49, 0x00fc4a, 0x00fc4b, 0x00f4ef, 0x00fc4c, 0x00fc4d, 0x00c2e9,
    0x00fc4e, 0x00f7e1, 0x00f7e2, 0x00fc4f, 0x00fc50, 0x00fc51, 0x00fc52, 0x00fc53, 0x00bbc6,
    0x00fc54, 0x00fc55, 0x00fc56, 0x00fc57, 0x00d9e4, 0x00fc58, 0x00fc59, 0x00fc5a, 0x00caf2,
    0x00c0e8, 0x00f0a4, 0x00fc5b, 0x00bada, 0x00fc5c, 0x00fc5d, 0x00c7ad, 0x00fc5e, 0x00fc5f,
    0x00fc60, 0x00c4ac, 0x00fc61, 0x00fc62, 0x00f7ec, 0x00f7ed, 0x00f7ee, 0x00fc63, 0x00f7f0,
    0x00f7ef, 0x00fc64, 0x00f7f1, 0x00fc65, 0x00fc66, 0x00f7f4, 0x00fc67, 0x00f7f3, 0x00fc68,
    0x00f7f2, 0x00f7f5, 0x00fc69, 0x00fc6a, 0x00fc6b, 0x00fc6c, 0x00f7f6, 0x00fc6d, 0x00fc6e,
    0x00fc6f, 0x00fc70, 0x00fc71, 0x00fc72, 0x00fc73, 0x00fc74, 0x00fc75, 0x00ede9, 0x00fc76,
    0x00edea, 0x00edeb, 0x00fc77, 0x00f6bc, 0x00fc78, 0x00fc79, 0x00fc7a, 0x00fc7b, 0x00fc7c,
    0x00fc7d, 0x00fc7e, 0x00fc80, 0x00fc81, 0x00fc82, 0x00fc83, 0x00fc84, 0x00f6bd, 0x00fc85,
    0x00f6be, 0x00b6a6, 0x00fc86, 0x00d8be, 0x00fc87, 0x00fc88, 0x00b9c4, 0x00fc89, 0x00fc8a,
    0x00fc8b, 0x00d8bb, 0x00fc8c, 0x00dcb1, 0x00fc8d, 0x00fc8e, 0x00fc8f, 0x00fc90, 0x00fc91,
    0x00fc92, 0x00caf3, 0x00fc93, 0x00f7f7, 0x00fc94, 0x00fc95, 0x00fc96, 0x00fc97, 0x00fc98,
    0x00fc99, 0x00fc9a, 0x00fc9b, 0x00fc9c, 0x00f7f8, 0x00fc9d, 0x00fc9e, 0x00f7f9, 0x00fc9f,
    0x00fca0, 0x00fd40, 0x00fd41, 0x00fd42, 0x00fd43, 0x00fd44, 0x00f7fb, 0x00fd45, 0x00f7fa,
    0x00fd46, 0x00b1c7, 0x00fd47, 0x00f7fc, 0x00f7fd, 0x00fd48, 0x00fd49, 0x00fd4a, 0x00fd4b,
    0x00fd4c, 0x00f7fe, 0x00fd4d, 0x00fd4e, 0x00fd4f, 0x00fd50, 0x00fd51, 0x00fd52, 0x00fd53,
    0x00fd54, 0x00fd55, 0x00fd56, 0x00fd57, 0x00c6eb, 0x00ecb4, 0x00fd58, 0x00fd59, 0x00fd5a,
    0x00fd5b, 0x00fd5c, 0x00fd5d, 0x00fd5e, 0x00fd5f, 0x00fd60, 0x00fd61, 0x00fd62, 0x00fd63,
    0x00fd64, 0x00fd65, 0x00fd66, 0x00fd67, 0x00fd68, 0x00fd69, 0x00fd6a, 0x00fd6b, 0x00fd6c,
    0x00fd6d, 0x00fd6e, 0x00fd6f, 0x00fd70, 0x00fd71, 0x00fd72, 0x00fd73, 0x00fd74, 0x00fd75,
    0x00fd76, 0x00fd77, 0x00fd78, 0x00fd79, 0x00fd7a, 0x00fd7b, 0x00fd7c, 0x00fd7d, 0x00fd7e,
    0x00fd80, 0x00fd81, 0x00fd82, 0x00fd83, 0x00fd84, 0x00fd85, 0x00b3dd, 0x00f6b3, 0x00fd86,
    0x00fd87, 0x00f6b4, 0x00c1e4, 0x00f6b5, 0x00f6b6, 0x00f6b7, 0x00f6b8, 0x00f6b9, 0x00f6ba,
    0x00c8a3, 0x00f6bb, 0x00fd88, 0x00fd89, 0x00fd8a, 0x00fd8b, 0x00fd8c, 0x00fd8d, 0x00fd8e,
    0x00fd8f, 0x00fd90, 0x00fd91, 0x00fd92, 0x00fd93, 0x00c1fa, 0x00b9a8, 0x00ede8, 0x00fd94,
    0x00fd95, 0x00fd96, 0x00b9ea, 0x00d9df, 0x00fd97, 0x00fd98, 0x00fd99, 0x00fd9a, 0x00fd9b,
    0x000000, 0x000000, 0x000000, 0x000000, 0x000000, 0x000000, 0x000000, 0x000000, 0x000000,
    0x000000, 0x000000, 0x000000, 0x000000, 0x000000, 0x000000, 0x000000, 0x000000, 0x000000,
    0x000000, 0x000000, 0x000000, 0x000000, 0x000000, 0x000000, 0x000000, 0x000000, 0x00aaa1,
    0x00aaa2, 0x00aaa3, 0x00aaa4, 0x00aaa5, 0x00aaa6, 0x00aaa7, 0x00aaa8, 0x00aaa9, 0x00aaaa,
    0x00aaab, 0x00aaac, 0x00aaad, 0x00aaae, 0x00aaaf, 0x00aab0, 0x00aab1, 0x00aab2, 0x00aab3,
    0x00aab4, 0x00aab5, 0x00aab6, 0x00aab7, 0x00aab8, 0x00aab9, 0x00aaba, 0x00aabb, 0x00aabc,
    0x00aabd, 0x00aabe, 0x00aabf, 0x00aac0, 0x00aac1, 0x00aac2, 0x00aac3, 0x00aac4, 0x00aac5,
    0x00aac6, 0x00aac7, 0x00aac8, 0x00aac9, 0x00aaca, 0x00aacb, 0x00aacc, 0x00aacd, 0x00aace,
    0x00aacf, 0x00aad0, 0x00aad1, 0x00aad2, 0x00aad3, 0x00aad4, 0x00aad5, 0x00aad6, 0x00aad7,
    0x00aad8, 0x00aad9, 0x00aada, 0x00aadb, 0x00aadc, 0x00aadd, 0x00aade, 0x00aadf, 0x00aae0,
    0x00aae1, 0x00aae2, 0x00aae3, 0x00aae4, 0x00aae5, 0x00aae6, 0x00aae7, 0x00aae8, 0x00aae9,
    0x00aaea, 0x00aaeb, 0x00aaec, 0x00aaed, 0x00aaee, 0x00aaef, 0x00aaf0, 0x00aaf1, 0x00aaf2,
    0x00aaf3, 0x00aaf4, 0x00aaf5, 0x00aaf6, 0x00aaf7, 0x00aaf8, 0x00aaf9, 0x00aafa, 0x00aafb,
    0x00aafc, 0x00aafd, 0x00aafe, 0x00aba1, 0x00aba2, 0x00aba3, 0x00aba4, 0x00aba5, 0x00aba6,
    0x00aba7, 0x00aba8, 0x00aba9, 0x00abaa, 0x00abab, 0x00abac, 0x00abad, 0x00abae, 0x00abaf,
    0x00abb0, 0x00abb1, 0x00abb2, 0x00abb3, 0x00abb4, 0x00abb5, 0x00abb6, 0x00abb7, 0x00abb8,
    0x00abb9, 0x00abba, 0x00abbb, 0x00abbc, 0x00abbd, 0x00abbe, 0x00abbf, 0x00abc0, 0x00abc1,
    0x00abc2, 0x00abc3, 0x00abc4, 0x00abc5, 0x00abc6, 0x00abc7, 0x00abc8, 0x00abc9, 0x00abca,
    0x00abcb, 0x00abcc, 0x00abcd, 0x00abce, 0x00abcf, 0x00abd0, 0x00abd1, 0x00abd2, 0x00abd3,
    0x00abd4, 0x00abd5, 0x00abd6, 0x00abd7, 0x00abd8, 0x00abd9, 0x00abda, 0x00abdb, 0x00abdc,
    0x00abdd, 0x00abde, 0x00abdf, 0x00abe0, 0x00abe1, 0x00abe2, 0x00abe3, 0x00abe4, 0x00abe5,
    0x00abe6, 0x00abe7, 0x00abe8, 0x00abe9, 0x00abea, 0x00abeb, 0x00abec, 0x00abed, 0x00abee,
    0x00abef, 0x00abf0, 0x00abf1, 0x00abf2, 0x00abf3, 0x00abf4, 0x00abf5, 0x00abf6, 0x00abf7,
    0x00abf8, 0x00abf9, 0x00abfa, 0x00abfb, 0x00abfc, 0x00abfd, 0x00abfe, 0x00aca1, 0x00aca2,
    0x00aca3, 0x00aca4, 0x00aca5, 0x00aca6, 0x00aca7, 0x00aca8, 0x00aca9, 0x00acaa, 0x00acab,
    0x00acac, 0x00acad, 0x00acae, 0x00acaf, 0x00acb0, 0x00acb1, 0x00acb2, 0x00acb3, 0x00acb4,
    0x00acb5, 0x00acb6, 0x00acb7, 0x00acb8, 0x00acb9, 0x00acba, 0x00acbb, 0x00acbc, 0x00acbd,
    0x00acbe, 0x00acbf, 0x00acc0, 0x00acc1, 0x00acc2, 0x00acc3, 0x00acc4, 0x00acc5, 0x00acc6,
    0x00acc7, 0x00acc8, 0x00acc9, 0x00acca, 0x00accb, 0x00accc, 0x00accd, 0x00acce, 0x00accf,
    0x00acd0, 0x00acd1, 0x00acd2, 0x00acd3, 0x00acd4, 0x00acd5, 0x00acd6, 0x00acd7, 0x00acd8,
    0x00acd9, 0x00acda, 0x00acdb, 0x00acdc, 0x00acdd, 0x00acde, 0x00acdf, 0x00ace0, 0x00ace1,
    0x00ace2, 0x00ace3, 0x00ace4, 0x00ace5, 0x00ace6, 0x00ace7, 0x00ace8, 0x00ace9, 0x00acea,
    0x00aceb, 0x00acec, 0x00aced, 0x00acee, 0x00acef, 0x00acf0, 0x00acf1, 0x00acf2, 0x00acf3,
    0x00acf4, 0x00acf5, 0x00acf6, 0x00acf7, 0x00acf8, 0x00acf9, 0x00acfa, 0x00acfb, 0x00acfc,
    0x00acfd, 0x00acfe, 0x00ada1, 0x00ada2, 0x00ada3, 0x00ada4, 0x00ada5, 0x00ada6, 0x00ada7,
    0x00ada8, 0x00ada9, 0x00adaa, 0x00adab, 0x00adac, 0x00adad, 0x00adae, 0x00adaf, 0x00adb0,
    0x00adb1, 0x00adb2, 0x00adb3, 0x00adb4, 0x00adb5, 0x00adb6, 0x00adb7, 0x00adb8, 0x00adb9,
    0x00adba, 0x00adbb, 0x00adbc, 0x00adbd, 0x00adbe, 0x00adbf, 0x00adc0, 0x00adc1, 0x00adc2,
    0x00adc3, 0x00adc4, 0x00adc5, 0x00adc6, 0x00adc7, 0x00adc8, 0x00adc9, 0x00adca, 0x00adcb,
    0x00adcc, 0x00adcd, 0x00adce, 0x00adcf, 0x00add0, 0x00add1, 0x00add2, 0x00add3, 0x00add4,
    0x00add5, 0x00add6, 0x00add7, 0x00add8, 0x00add9, 0x00adda, 0x00addb, 0x00addc, 0x00addd,
    0x00adde, 0x00addf, 0x00ade0, 0x00ade1, 0x00ade2, 0x00ade3, 0x00ade4, 0x00ade5, 0x00ade6,
    0x00ade7, 0x00ade8, 0x00ade9, 0x00adea, 0x00adeb, 0x00adec, 0x00aded, 0x00adee, 0x00adef,
    0x00adf0, 0x00adf1, 0x00adf2, 0x00adf3, 0x00adf4, 0x00adf5, 0x00adf6, 0x00adf7, 0x00adf8,
    0x00adf9, 0x00adfa, 0x00adfb, 0x00adfc, 0x00adfd, 0x00adfe, 0x00aea1, 0x00aea2, 0x00aea3,
    0x00aea4, 0x00aea5, 0x00aea6, 0x00aea7, 0x00aea8, 0x00aea9, 0x00aeaa, 0x00aeab, 0x00aeac,
    0x00aead, 0x00aeae, 0x00aeaf, 0x00aeb0, 0x00aeb1, 0x00aeb2, 0x00aeb3, 0x00aeb4, 0x00aeb5,
    0x00aeb6, 0x00aeb7, 0x00aeb8, 0x00aeb9, 0x00aeba, 0x00aebb, 0x00aebc, 0x00aebd, 0x00aebe,
    0x00aebf, 0x00aec0, 0x00aec1, 0x00aec2, 0x00aec3, 0x00aec4, 0x00aec5, 0x00aec6, 0x00aec7,
    0x00aec8, 0x00aec9, 0x00aeca, 0x00aecb, 0x00aecc, 0x00aecd, 0x00aece, 0x00aecf, 0x00aed0,
    0x00aed1, 0x00aed2, 0x00aed3, 0x00aed4, 0x00aed5, 0x00aed6, 0x00aed7, 0x00aed8, 0x00aed9,
    0x00aeda, 0x00aedb, 0x00aedc, 0x00aedd, 0x00aede, 0x00aedf, 0x00aee0, 0x00aee1, 0x00aee2,
    0x00aee3, 0x00aee4, 0x00aee5, 0x00aee6, 0x00aee7, 0x00aee8, 0x00aee9, 0x00aeea, 0x00aeeb,
    0x00aeec, 0x00aeed, 0x00aeee, 0x00aeef, 0x00aef0, 0x00aef1, 0x00aef2, 0x00aef3, 0x00aef4,
    0x00aef5, 0x00aef6, 0x00aef7, 0x00aef8, 0x00aef9, 0x00aefa, 0x00aefb, 0x00aefc, 0x00aefd,
    0x00aefe, 0x00afa1, 0x00afa2, 0x00afa3, 0x00afa4, 0x00afa5, 0x00afa6, 0x00afa7, 0x00afa8,
    0x00afa9, 0x00afaa, 0x00afab, 0x00afac, 0x00afad, 0x00afae, 0x00afaf, 0x00afb0, 0x00afb1,
    0x00afb2, 0x00afb3, 0x00afb4, 0x00afb5, 0x00afb6, 0x00afb7, 0x00afb8, 0x00afb9, 0x00afba,
    0x00afbb, 0x00afbc, 0x00afbd, 0x00afbe, 0x00afbf, 0x00afc0, 0x00afc1, 0x00afc2, 0x00afc3,
    0x00afc4, 0x00afc5, 0x00afc6, 0x00afc7, 0x00afc8, 0x00afc9, 0x00afca, 0x00afcb, 0x00afcc,
    0x00afcd, 0x00afce, 0x00afcf, 0x00afd0, 0x00afd1, 0x00afd2, 0x00afd3, 0x00afd4, 0x00afd5,
    0x00afd6, 0x00afd7, 0x00afd8, 0x00afd9, 0x00afda, 0x00afdb, 0x00afdc, 0x00afdd, 0x00afde,
    0x00afdf, 0x00afe0, 0x00afe1, 0x00afe2, 0x00afe3, 0x00afe4, 0x00afe5, 0x00afe6, 0x00afe7,
    0x00afe8, 0x00afe9, 0x00afea, 0x00afeb, 0x00afec, 0x00afed, 0x00afee, 0x00afef, 0x00aff0,
    0x00aff1, 0x00aff2, 0x00aff3, 0x00aff4, 0x00aff5, 0x00aff6, 0x00aff7, 0x00aff8, 0x00aff9,
    0x00affa, 0x00affb, 0x00affc, 0x00affd, 0x00affe, 0x00f8a1, 0x00f8a2, 0x00f8a3, 0x00f8a4,
    0x00f8a5, 0x00f8a6, 0x00f8a7, 0x00f8a8, 0x00f8a9, 0x00f8aa, 0x00f8ab, 0x00f8ac, 0x00f8ad,
    0x00f8ae, 0x00f8af, 0x00f8b0, 0x00f8b1, 0x00f8b2, 0x00f8b3, 0x00f8b4, 0x00f8b5, 0x00f8b6,
    0x00f8b7, 0x00f8b8, 0x00f8b9, 0x00f8ba, 0x00f8bb, 0x00f8bc, 0x00f8bd, 0x00f8be, 0x00f8bf,
    0x00f8c0, 0x00f8c1, 0x00f8c2, 0x00f8c3, 0x00f8c4, 0x00f8c5, 0x00f8c6, 0x00f8c7, 0x00f8c8,
    0x00f8c9, 0x00f8ca, 0x00f8cb, 0x00f8cc, 0x00f8cd, 0x00f8ce, 0x00f8cf, 0x00f8d0, 0x00f8d1,
    0x00f8d2, 0x00f8d3, 0x00f8d4, 0x00f8d5, 0x00f8d6, 0x00f8d7, 0x00f8d8, 0x00f8d9, 0x00f8da,
    0x00f8db, 0x00f8dc, 0x00f8dd, 0x00f8de, 0x00f8df, 0x00f8e0, 0x00f8e1, 0x00f8e2, 0x00f8e3,
    0x00f8e4, 0x00f8e5, 0x00f8e6, 0x00f8e7, 0x00f8e8, 0x00f8e9, 0x00f8ea, 0x00f8eb, 0x00f8ec,
    0x00f8ed, 0x00f8ee, 0x00f8ef, 0x00f8f0, 0x00f8f1, 0x00f8f2, 0x00f8f3, 0x00f8f4, 0x00f8f5,
    0x00f8f6, 0x00f8f7, 0x00f8f8, 0x00f8f9, 0x00f8fa, 0x00f8fb, 0x00f8fc, 0x00f8fd, 0x00f8fe,
    0x00f9a1, 0x00f9a2, 0x00f9a3, 0x00f9a4, 0x00f9a5, 0x00f9a6, 0x00f9a7, 0x00f9a8, 0x00f9a9,
    0x00f9aa, 0x00f9ab, 0x00f9ac, 0x00f9ad, 0x00f9ae, 0x00f9af, 0x00f9b0, 0x00f9b1, 0x00f9b2,
    0x00f9b3, 0x00f9b4, 0x00f9b5, 0x00f9b6, 0x00f9b7, 0x00f9b8, 0x00f9b9, 0x00f9ba, 0x00f9bb,
    0x00f9bc, 0x00f9bd, 0x00f9be, 0x00f9bf, 0x00f9c0, 0x00f9c1, 0x00f9c2, 0x00f9c3, 0x00f9c4,
    0x00f9c5, 0x00f9c6, 0x00f9c7, 0x00f9c8, 0x00f9c9, 0x00f9ca, 0x00f9cb, 0x00f9cc, 0x00f9cd,
    0x00f9ce, 0x00f9cf, 0x00f9d0, 0x00f9d1, 0x00f9d2, 0x00f9d3, 0x00f9d4, 0x00f9d5, 0x00f9d6,
    0x00f9d7, 0x00f9d8, 0x00f9d9, 0x00f9da, 0x00f9db, 0x00f9dc, 0x00f9dd, 0x00f9de, 0x00f9df,
    0x00f9e0, 0x00f9e1, 0x00f9e2, 0x00f9e3, 0x00f9e4, 0x00f9e5, 0x00f9e6, 0x00f9e7, 0x00f9e8,
    0x00f9e9, 0x00f9ea, 0x00f9eb, 0x00f9ec, 0x00f9ed, 0x00f9ee, 0x00f9ef, 0x00f9f0, 0x00f9f1,
    0x00f9f2, 0x00f9f3, 0x00f9f4, 0x00f9f5, 0x00f9f6, 0x00f9f7, 0x00f9f8, 0x00f9f9, 0x00f9fa,
    0x00f9fb, 0x00f9fc, 0x00f9fd, 0x00f9fe, 0x00faa1, 0x00faa2, 0x00faa3, 0x00faa4, 0x00faa5,
    0x00faa6, 0x00faa7, 0x00faa8, 0x00faa9, 0x00faaa, 0x00faab, 0x00faac, 0x00faad, 0x00faae,
    0x00faaf, 0x00fab0, 0x00fab1, 0x00fab2, 0x00fab3, 0x00fab4, 0x00fab5, 0x00fab6, 0x00fab7,
    0x00fab8, 0x00fab9, 0x00faba, 0x00fabb, 0x00fabc, 0x00fabd, 0x00fabe, 0x00fabf, 0x00fac0,
    0x00fac1, 0x00fac2, 0x00fac3, 0x00fac4, 0x00fac5, 0x00fac6, 0x00fac7, 0x00fac8, 0x00fac9,
    0x00faca, 0x00facb, 0x00facc, 0x00facd, 0x00face, 0x00facf, 0x00fad0, 0x00fad1, 0x00fad2,
    0x00fad3, 0x00fad4, 0x00fad5, 0x00fad6, 0x00fad7, 0x00fad8, 0x00fad9, 0x00fada, 0x00fadb,
    0x00fadc, 0x00fadd, 0x00fade, 0x00fadf, 0x00fae0, 0x00fae1, 0x00fae2, 0x00fae3, 0x00fae4,
    0x00fae5, 0x00fae6, 0x00fae7, 0x00fae8, 0x00fae9, 0x00faea, 0x00faeb, 0x00faec, 0x00faed,
    0x00faee, 0x00faef, 0x00faf0, 0x00faf1, 0x00faf2, 0x00faf3, 0x00faf4, 0x00faf5, 0x00faf6,
    0x00faf7, 0x00faf8, 0x00faf9, 0x00fafa, 0x00fafb, 0x00fafc, 0x00fafd, 0x00fafe, 0x00fba1,
    0x00fba2, 0x00fba3, 0x00fba4, 0x00fba5, 0x00fba6, 0x00fba7, 0x00fba8, 0x00fba9, 0x00fbaa,
    0x00fbab, 0x00fbac, 0x00fbad, 0x00fbae, 0x00fbaf, 0x00fbb0, 0x00fbb1, 0x00fbb2, 0x00fbb3,
    0x00fbb4, 0x00fbb5, 0x00fbb6, 0x00fbb7, 0x00fbb8, 0x00fbb9, 0x00fbba, 0x00fbbb, 0x00fbbc,
    0x00fbbd, 0x00fbbe, 0x00fbbf, 0x00fbc0, 0x00fbc1, 0x00fbc2, 0x00fbc3, 0x00fbc4, 0x00fbc5,
    0x00fbc6, 0x00fbc7, 0x00fbc8, 0x00fbc9, 0x00fbca, 0x00fbcb, 0x00fbcc, 0x00fbcd, 0x00fbce,
    0x00fbcf, 0x00fbd0, 0x00fbd1, 0x00fbd2, 0x00fbd3, 0x00fbd4, 0x00fbd5, 0x00fbd6, 0x00fbd7,
    0x00fbd8, 0x00fbd9, 0x00fbda, 0x00fbdb, 0x00fbdc, 0x00fbdd, 0x00fbde, 0x00fbdf, 0x00fbe0,
    0x00fbe1, 0x00fbe2, 0x00fbe3, 0x00fbe4, 0x00fbe5, 0x00fbe6, 0x00fbe7, 0x00fbe8, 0x00fbe9,
    0x00fbea, 0x00fbeb, 0x00fbec, 0x00fbed, 0x00fbee, 0x00fbef, 0x00fbf0, 0x00fbf1, 0x00fbf2,
    0x00fbf3, 0x00fbf4, 0x00fbf5, 0x00fbf6, 0x00fbf7, 0x00fbf8, 0x00fbf9, 0x00fbfa, 0x00fbfb,
    0x00fbfc, 0x00fbfd, 0x00fbfe, 0x00fca1, 0x00fca2, 0x00fca3, 0x00fca4, 0x00fca5, 0x00fca6,
    0x00fca7, 0x00fca8, 0x00fca9, 0x00fcaa, 0x00fcab, 0x00fcac, 0x00fcad, 0x00fcae, 0x00fcaf,
    0x00fcb0, 0x00fcb1, 0x00fcb2, 0x00fcb3, 0x00fcb4, 0x00fcb5, 0x00fcb6, 0x00fcb7, 0x00fcb8,
    0x00fcb9, 0x00fcba, 0x00fcbb, 0x00fcbc, 0x00fcbd, 0x00fcbe, 0x00fcbf, 0x00fcc0, 0x00fcc1,
    0x00fcc2, 0x00fcc3, 0x00fcc4, 0x00fcc5, 0x00fcc6, 0x00fcc7, 0x00fcc8, 0x00fcc9, 0x00fcca,
    0x00fccb, 0x00fccc, 0x00fccd, 0x00fcce, 0x00fccf, 0x00fcd0, 0x00fcd1, 0x00fcd2, 0x00fcd3,
    0x00fcd4, 0x00fcd5, 0x00fcd6, 0x00fcd7, 0x00fcd8, 0x00fcd9, 0x00fcda, 0x00fcdb, 0x00fcdc,
    0x00fcdd, 0x00fcde, 0x00fcdf, 0x00fce0, 0x00fce1, 0x00fce2, 0x00fce3, 0x00fce4, 0x00fce5,
    0x00fce6, 0x00fce7, 0x00fce8, 0x00fce9, 0x00fcea, 0x00fceb, 0x00fcec, 0x00fced, 0x00fcee,
    0x00fcef, 0x00fcf0, 0x00fcf1, 0x00fcf2, 0x00fcf3, 0x00fcf4, 0x00fcf5, 0x00fcf6, 0x00fcf7,
    0x00fcf8, 0x00fcf9, 0x00fcfa, 0x00fcfb, 0x00fcfc, 0x00fcfd, 0x00fcfe, 0x00fda1, 0x00fda2,
    0x00fda3, 0x00fda4, 0x00fda5, 0x00fda6, 0x00fda7, 0x00fda8, 0x00fda9, 0x00fdaa, 0x00fdab,
    0x00fdac, 0x00fdad, 0x00fdae, 0x00fdaf, 0x00fdb0, 0x00fdb1, 0x00fdb2, 0x00fdb3, 0x00fdb4,
    0x00fdb5, 0x00fdb6, 0x00fdb7, 0x00fdb8, 0x00fdb9, 0x00fdba, 0x00fdbb, 0x00fdbc, 0x00fdbd,
    0x00fdbe, 0x00fdbf, 0x00fdc0, 0x00fdc1, 0x00fdc2, 0x00fdc3, 0x00fdc4, 0x00fdc5, 0x00fdc6,
    0x00fdc7, 0x00fdc8, 0x00fdc9, 0x00fdca, 0x00fdcb, 0x00fdcc, 0x00fdcd, 0x00fdce, 0x00fdcf,
    0x00fdd0, 0x00fdd1, 0x00fdd2, 0x00fdd3, 0x00fdd4, 0x00fdd5, 0x00fdd6, 0x00fdd7, 0x00fdd8,
    0x00fdd9, 0x00fdda, 0x00fddb, 0x00fddc, 0x00fddd, 0x00fdde, 0x00fddf, 0x00fde0, 0x00fde1,
    0x00fde2, 0x00fde3, 0x00fde4, 0x00fde5, 0x00fde6, 0x00fde7, 0x00fde8, 0x00fde9, 0x00fdea,
    0x00fdeb, 0x00fdec, 0x00fded, 0x00fdee, 0x00fdef, 0x00fdf0, 0x00fdf1, 0x00fdf2, 0x00fdf3,
    0x00fdf4, 0x00fdf5, 0x00fdf6, 0x00fdf7, 0x00fdf8, 0x00fdf9, 0x00fdfa, 0x00fdfb, 0x00fdfc,
    0x00fdfd, 0x00fdfe, 0x00fea1, 0x00fea2, 0x00fea3, 0x00fea4, 0x00fea5, 0x00fea6, 0x00fea7,
    0x00fea8, 0x00fea9, 0x00feaa, 0x00feab, 0x00feac, 0x00fead, 0x00feae, 0x00feaf, 0x00feb0,
    0x00feb1, 0x00feb2, 0x00feb3, 0x00feb4, 0x00feb5, 0x00feb6, 0x00feb7, 0x00feb8, 0x00feb9,
    0x00feba, 0x00febb, 0x00febc, 0x00febd, 0x00febe, 0x00febf, 0x00fec0, 0x00fec1, 0x00fec2,
    0x00fec3, 0x00fec4, 0x00fec5, 0x00fec6, 0x00fec7, 0x00fec8, 0x00fec9, 0x00feca, 0x00fecb,
    0x00fecc, 0x00fecd, 0x00fece, 0x00fecf, 0x00fed0, 0x00fed1, 0x00fed2, 0x00fed3, 0x00fed4,
    0x00fed5, 0x00fed6, 0x00fed7, 0x00fed8, 0x00fed9, 0x00feda, 0x00fedb, 0x00fedc, 0x00fedd,
    0x00fede, 0x00fedf, 0x00fee0, 0x00fee1, 0x00fee2, 0x00fee3, 0x00fee4, 0x00fee5, 0x00fee6,
    0x00fee7, 0x00fee8, 0x00fee9, 0x00feea, 0x00feeb, 0x00feec, 0x00feed, 0x00feee, 0x00feef,
    0x00fef0, 0x00fef1, 0x00fef2, 0x00fef3, 0x00fef4, 0x00fef5, 0x00fef6, 0x00fef7, 0x00fef8,
    0x00fef9, 0x00fefa, 0x00fefb, 0x00fefc, 0x00fefd, 0x00fefe, 0x00a140, 0x00a141, 0x00a142,
    0x00a143, 0x00a144, 0x00a145, 0x00a146, 0x00a147, 0x00a148, 0x00a149, 0x00a14a, 0x00a14b,
    0x00a14c, 0x00a14d, 0x00a14e, 0x00a14f, 0x00a150, 0x00a151, 0x00a152, 0x00a153, 0x00a154,
    0x00a155, 0x00a156, 0x00a157, 0x00a158, 0x00a159, 0x00a15a, 0x00a15b, 0x00a15c, 0x00a15d,
    0x00a15e, 0x00a15f, 0x00a160, 0x00a161, 0x00a162, 0x00a163, 0x00a164, 0x00a165, 0x00a166,
    0x00a167, 0x00a168, 0x00a169, 0x00a16a, 0x00a16b, 0x00a16c, 0x00a16d, 0x00a16e, 0x00a16f,
    0x00a170, 0x00a171, 0x00a172, 0x00a173, 0x00a174, 0x00a175, 0x00a176, 0x00a177, 0x00a178,
    0x00a179, 0x00a17a, 0x00a17b, 0x00a17c, 0x00a17d, 0x00a17e, 0x00a180, 0x00a181, 0x00a182,
    0x00a183, 0x00a184, 0x00a185, 0x00a186, 0x00a187, 0x00a188, 0x00a189, 0x00a18a, 0x00a18b,
    0x00a18c, 0x00a18d, 0x00a18e, 0x00a18f, 0x00a190, 0x00a191, 0x00a192, 0x00a193, 0x00a194,
    0x00a195, 0x00a196, 0x00a197, 0x00a198, 0x00a199, 0x00a19a, 0x00a19b, 0x00a19c, 0x00a19d,
    0x00a19e, 0x00a19f, 0x00a1a0, 0x00a240, 0x00a241, 0x00a242, 0x00a243, 0x00a244, 0x00a245,
    0x00a246, 0x00a247, 0x00a248, 0x00a249, 0x00a24a, 0x00a24b, 0x00a24c, 0x00a24d, 0x00a24e,
    0x00a24f, 0x00a250, 0x00a251, 0x00a252, 0x00a253, 0x00a254, 0x00a255, 0x00a256, 0x00a257,
    0x00a258, 0x00a259, 0x00a25a, 0x00a25b, 0x00a25c, 0x00a25d, 0x00a25e, 0x00a25f, 0x00a260,
    0x00a261, 0x00a262, 0x00a263, 0x00a264, 0x00a265, 0x00a266, 0x00a267, 0x00a268, 0x00a269,
    0x00a26a, 0x00a26b, 0x00a26c, 0x00a26d, 0x00a26e, 0x00a26f, 0x00a270, 0x00a271, 0x00a272,
    0x00a273, 0x00a274, 0x00a275, 0x00a276, 0x00a277, 0x00a278, 0x00a279, 0x00a27a, 0x00a27b,
    0x00a27c, 0x00a27d, 0x00a27e, 0x00a280, 0x00a281, 0x00a282, 0x00a283, 0x00a284, 0x00a285,
    0x00a286, 0x00a287, 0x00a288, 0x00a289, 0x00a28a, 0x00a28b, 0x00a28c, 0x00a28d, 0x00a28e,
    0x00a28f, 0x00a290, 0x00a291, 0x00a292, 0x00a293, 0x00a294, 0x00a295, 0x00a296, 0x00a297,
    0x00a298, 0x00a299, 0x00a29a, 0x00a29b, 0x00a29c, 0x00a29d, 0x00a29e, 0x00a29f, 0x00a2a0,
    0x00a340, 0x00a341, 0x00a342, 0x00a343, 0x00a344, 0x00a345, 0x00a346, 0x00a347, 0x00a348,
    0x00a349, 0x00a34a, 0x00a34b, 0x00a34c, 0x00a34d, 0x00a34e, 0x00a34f, 0x00a350, 0x00a351,
    0x00a352, 0x00a353, 0x00a354, 0x00a355, 0x00a356, 0x00a357, 0x00a358, 0x00a359, 0x00a35a,
    0x00a35b, 0x00a35c, 0x00a35d, 0x00a35e, 0x00a35f, 0x00a360, 0x00a361, 0x00a362, 0x00a363,
    0x00a364, 0x00a365, 0x00a366, 0x00a367, 0x00a368, 0x00a369, 0x00a36a, 0x00a36b, 0x00a36c,
    0x00a36d, 0x00a36e, 0x00a36f, 0x00a370, 0x00a371, 0x00a372, 0x00a373, 0x00a374, 0x00a375,
    0x00a376, 0x00a377, 0x00a378, 0x00a379, 0x00a37a, 0x00a37b, 0x00a37c, 0x00a37d, 0x00a37e,
    0x00a380, 0x00a381, 0x00a382, 0x00a383, 0x00a384, 0x00a385, 0x00a386, 0x00a387, 0x00a388,
    0x00a389, 0x00a38a, 0x00a38b, 0x00a38c, 0x00a38d, 0x00a38e, 0x00a38f, 0x00a390, 0x00a391,
    0x00a392, 0x00a393, 0x00a394, 0x00a395, 0x00a396, 0x00a397, 0x00a398, 0x00a399, 0x00a39a,
    0x00a39b, 0x00a39c, 0x00a39d, 0x00a39e, 0x00a39f, 0x00a3a0, 0x00a440, 0x00a441, 0x00a442,
    0x00a443, 0x00a444, 0x00a445, 0x00a446, 0x00a447, 0x00a448, 0x00a449, 0x00a44a, 0x00a44b,
    0x00a44c, 0x00a44d, 0x00a44e, 0x00a44f, 0x00a450, 0x00a451, 0x00a452, 0x00a453, 0x00a454,
    0x00a455, 0x00a456, 0x00a457, 0x00a458, 0x00a459, 0x00a45a, 0x00a45b, 0x00a45c, 0x00a45d,
    0x00a45e, 0x00a45f, 0x00a460, 0x00a461, 0x00a462, 0x00a463, 0x00a464, 0x00a465, 0x00a466,
    0x00a467, 0x00a468, 0x00a469, 0x00a46a, 0x00a46b, 0x00a46c, 0x00a46d, 0x00a46e, 0x00a46f,
    0x00a470, 0x00a471, 0x00a472, 0x00a473, 0x00a474, 0x00a475, 0x00a476, 0x00a477, 0x00a478,
    0x00a479, 0x00a47a, 0x00a47b, 0x00a47c, 0x00a47d, 0x00a47e, 0x00a480, 0x00a481, 0x00a482,
    0x00a483, 0x00a484, 0x00a485, 0x00a486, 0x00a487, 0x00a488, 0x00a489, 0x00a48a, 0x00a48b,
    0x00a48c, 0x00a48d, 0x00a48e, 0x00a48f, 0x00a490, 0x00a491, 0x00a492, 0x00a493, 0x00a494,
    0x00a495, 0x00a496, 0x00a497, 0x00a498, 0x00a499, 0x00a49a, 0x00a49b, 0x00a49c, 0x00a49d,
    0x00a49e, 0x00a49f, 0x00a4a0, 0x00a540, 0x00a541, 0x00a542, 0x00a543, 0x00a544, 0x00a545,
    0x00a546, 0x00a547, 0x00a548, 0x00a549, 0x00a54a, 0x00a54b, 0x00a54c, 0x00a54d, 0x00a54e,
    0x00a54f, 0x00a550, 0x00a551, 0x00a552, 0x00a553, 0x00a554, 0x00a555, 0x00a556, 0x00a557,
    0x00a558, 0x00a559, 0x00a55a, 0x00a55b, 0x00a55c, 0x00a55d, 0x00a55e, 0x00a55f, 0x00a560,
    0x00a561, 0x00a562, 0x00a563, 0x00a564, 0x00a565, 0x00a566, 0x00a567, 0x00a568, 0x00a569,
    0x00a56a, 0x00a56b, 0x00a56c, 0x00a56d, 0x00a56e, 0x00a56f, 0x00a570, 0x00a571, 0x00a572,
    0x00a573, 0x00a574, 0x00a575, 0x00a576, 0x00a577, 0x00a578, 0x00a579, 0x00a57a, 0x00a57b,
    0x00a57c, 0x00a57d, 0x00a57e, 0x00a580, 0x00a581, 0x00a582, 0x00a583, 0x00a584, 0x00a585,
    0x00a586, 0x00a587, 0x00a588, 0x00a589, 0x00a58a, 0x00a58b, 0x00a58c, 0x00a58d, 0x00a58e,
    0x00a58f, 0x00a590, 0x00a591, 0x00a592, 0x00a593, 0x00a594, 0x00a595, 0x00a596, 0x00a597,
    0x00a598, 0x00a599, 0x00a59a, 0x00a59b, 0x00a59c, 0x00a59d, 0x00a59e, 0x00a59f, 0x00a5a0,
    0x00a640, 0x00a641, 0x00a642, 0x00a643, 0x00a644, 0x00a645, 0x00a646, 0x00a647, 0x00a648,
    0x00a649, 0x00a64a, 0x00a64b, 0x00a64c, 0x00a64d, 0x00a64e, 0x00a64f, 0x00a650, 0x00a651,
    0x00a652, 0x00a653, 0x00a654, 0x00a655, 0x00a656, 0x00a657, 0x00a658, 0x00a659, 0x00a65a,
    0x00a65b, 0x00a65c, 0x00a65d, 0x00a65e, 0x00a65f, 0x00a660, 0x00a661, 0x00a662, 0x00a663,
    0x00a664, 0x00a665, 0x00a666, 0x00a667, 0x00a668, 0x00a669, 0x00a66a, 0x00a66b, 0x00a66c,
    0x00a66d, 0x00a66e, 0x00a66f, 0x00a670, 0x00a671, 0x00a672, 0x00a673, 0x00a674, 0x00a675,
    0x00a676, 0x00a677, 0x00a678, 0x00a679, 0x00a67a, 0x00a67b, 0x00a67c, 0x00a67d, 0x00a67e,
    0x00a680, 0x00a681, 0x00a682, 0x00a683, 0x00a684, 0x00a685, 0x00a686, 0x00a687, 0x00a688,
    0x00a689, 0x00a68a, 0x00a68b, 0x00a68c, 0x00a68d, 0x00a68e, 0x00a68f, 0x00a690, 0x00a691,
    0x00a692, 0x00a693, 0x00a694, 0x00a695, 0x00a696, 0x00a697, 0x00a698, 0x00a699, 0x00a69a,
    0x00a69b, 0x00a69c, 0x00a69d, 0x00a69e, 0x00a69f, 0x00a6a0, 0x00a740, 0x00a741, 0x00a742,
    0x00a743, 0x00a744, 0x00a745, 0x00a746, 0x00a747, 0x00a748, 0x00a749, 0x00a74a, 0x00a74b,
    0x00a74c, 0x00a74d, 0x00a74e, 0x00a74f, 0x00a750, 0x00a751, 0x00a752, 0x00a753, 0x00a754,
    0x00a755, 0x00a756, 0x00a757, 0x00a758, 0x00a759, 0x00a75a, 0x00a75b, 0x00a75c, 0x00a75d,
    0x00a75e, 0x00a75f, 0x00a760, 0x00a761, 0x00a762, 0x00a763, 0x00a764, 0x00a765, 0x00a766,
    0x00a767, 0x00a768, 0x00a769, 0x00a76a, 0x00a76b, 0x00a76c, 0x00a76d, 0x00a76e, 0x00a76f,
    0x00a770, 0x00a771, 0x00a772, 0x00a773, 0x00a774, 0x00a775, 0x00a776, 0x00a777, 0x00a778,
    0x00a779, 0x00a77a, 0x00a77b, 0x00a77c, 0x00a77d, 0x00a77e, 0x00a780, 0x00a781, 0x00a782,
    0x00a783, 0x00a784, 0x00a785, 0x00a786, 0x00a787, 0x00a788, 0x00a789, 0x00a78a, 0x00a78b,
    0x00a78c, 0x00a78d, 0x00a78e, 0x00a78f, 0x00a790, 0x00a791, 0x00a792, 0x00a793, 0x00a794,
    0x00a795, 0x00a796, 0x00a797, 0x00a798, 0x00a799, 0x00a79a, 0x00a79b, 0x00a79c, 0x00a79d,
    0x00a79e, 0x00a79f, 0x00a7a0, 0x00a2ab, 0x00a2ac, 0x00a2ad, 0x00a2ae, 0x00a2af, 0x00a2b0,
    0x8336c739, 0x00a2e4, 0x00a2ef, 0x00a2f0, 0x00a2fd, 0x00a2fe, 0x00a4f4, 0x00a4f5, 0x00a4f6,
    0x00a4f7, 0x00a4f8, 0x00a4f9, 0x00a4fa, 0x00a4fb, 0x00a4fc, 0x00a4fd, 0x00a4fe, 0x00a5f7,
    0x00a5f8, 0x00a5f9, 0x00a5fa, 0x00a5fb, 0x00a5fc, 0x00a5fd, 0x00a5fe, 0x00a6b9, 0x00a6ba,
    0x00a6bb, 0x00a6bc, 0x00a6bd, 0x00a6be, 0x00a6bf, 0x00a6c0, 0x00a6d9, 0x00a6da, 0x00a6db,
    0x00a6dc, 0x00a6dd, 0x00a6de, 0x00a6df, 0x00a6ec, 0x00a6ed, 0x00a6f3, 0x00a6f6, 0x00a6f7,
    0x00a6f8, 0x00a6f9, 0x00a6fa, 0x00a6fb, 0x00a6fc, 0x00a6fd, 0x00a6fe, 0x00a7c2, 0x00a7c3,
    0x00a7c4, 0x00a7c5, 0x00a7c6, 0x00a7c7, 0x00a7c8, 0x00a7c9, 0x00a7ca, 0x00a7cb, 0x00a7cc,
    0x00a7cd, 0x00a7ce, 0x00a7cf, 0x00a7d0, 0x00a7f2, 0x00a7f3, 0x00a7f4, 0x00a7f5, 0x00a7f6,
    0x00a7f7, 0x00a7f8, 0x00a7f9, 0x00a7fa, 0x00a7fb, 0x00a7fc, 0x00a7fd, 0x00a7fe, 0x00a896,
    0x00a897, 0x00a898, 0x00a899, 0x00a89a, 0x00a89b, 0x00a89c, 0x00a89d, 0x00a89e, 0x00a89f,
    0x00a8a0, 0x00a8bc, 0x8336c830, 0x00a8c1, 0x00a8c2, 0x00a8c3, 0x00a8c4, 0x00a8ea, 0x00a8eb,
    0x00a8ec, 0x00a8ed, 0x00a8ee, 0x00a8ef, 0x00a8f0, 0x00a8f1, 0x00a8f2, 0x00a8f3, 0x00a8f4,
    0x00a8f5, 0x00a8f6, 0x00a8f7, 0x00a8f8, 0x00a8f9, 0x00a8fa, 0x00a8fb, 0x00a8fc, 0x00a8fd,
    0x00a8fe, 0x00a958, 0x00a95b, 0x00a95d, 0x00a95e, 0x00a95f, 0x8336c831, 0x8336c832, 0x8336c833,
    0x8336c834, 0x8336c835, 0x8336c836, 0x8336c837, 0x8336c838, 0x8336c839, 0x8336c930, 0x8336c931,
    0x8336c932, 0x8336c933, 0x00a997, 0x00a998, 0x00a999, 0x00a99a, 0x00a99b, 0x00a99c, 0x00a99d,
    0x00a99e, 0x00a99f, 0x00a9a0, 0x00a9a1, 0x00a9a2, 0x00a9a3, 0x00a9f0, 0x00a9f1, 0x00a9f2,
    0x00a9f3, 0x00a9f4, 0x00a9f5, 0x00a9f6, 0x00a9f7, 0x00a9f8, 0x00a9f9, 0x00a9fa, 0x00a9fb,
    0x00a9fc, 0x00a9fd, 0x00a9fe, 0x00d7fa, 0x00d7fb, 0x00d7fc, 0x00d7fd, 0x00d7fe, 0x8336c934,
    0x00fe51, 0x00fe52, 0x00fe53, 0x8336c935, 0x8336c936, 0x8336c937, 0x8336c938, 0x8336c939,
    0x00fe59, 0x8336ca30, 0x8336ca31, 0x8336ca32, 0x8336ca33, 0x8336ca34, 0x8336ca35, 0x8336ca36,
    0x00fe61, 0x8336ca37, 0x8336ca38, 0x8336ca39, 0x8336cb30, 0x00fe66, 0x00fe67, 0x8336cb31,
    0x8336cb32, 0x8336cb33, 0x8336cb34, 0x00fe6c, 0x00fe6d, 0x8336cb35, 0x8336cb36, 0x8336cb37,
    0x8336cb38, 0x8336cb39, 0x8336cc30, 0x8336cc31, 0x8336cc32, 0x00fe76, 0x8336cc33, 0x8336cc34,
    0x8336cc35, 0x8336cc36, 0x8336cc37, 0x8336cc38, 0x8336cc39, 0x00fe7e, 0x8336cd30, 0x8336cd31,
    0x8336cd32, 0x8336cd33, 0x8336cd34, 0x8336cd35, 0x8336cd36, 0x8336cd37, 0x8336cd38, 0x8336cd39,
    0x8336ce30, 0x8336ce31, 0x8336ce32, 0x8336ce33, 0x8336ce34, 0x8336ce35, 0x00fe90, 0x00fe91,
    0x8336ce36, 0x8336ce37, 0x8336ce38, 0x8336ce39, 0x8336cf30, 0x8336cf31, 0x8336cf32, 0x8336cf33,
    0x8336cf34, 0x8336cf35, 0x8336cf36, 0x8336cf37, 0x8336cf38, 0x8336cf39, 0x00fea0, 0x000000,
    0x000000, 0x000000, 0x000000, 0x000000, 0x000000, 0x000000, 0x000000, 0x000000, 0x000000,
    0x000000, 0x000000, 0x000000, 0x000000, 0x000000, 0x000000, 0x000000, 0x000000, 0x000000,
    0x000000, 0x000000, 0x000000, 0x000000, 0x000000, 0x000000, 0x000000, 0x000000, 0x000000,
    0x000000, 0x000000, 0x000000, 0x000000, 0x000000, 0x000000, 0x000000, 0x000000, 0x000000,
    0x000000, 0x000000, 0x000000, 0x000000, 0x000000, 0x000000, 0x000000, 0x00fd9c, 0x84308535,
    0x84308536, 0x84308537, 0x84308538, 0x84308539, 0x84308630, 0x84308631, 0x84308632, 0x84308633,
    0x84308634, 0x84308635, 0x84308636, 0x84308637, 0x84308638, 0x84308639, 0x84308730, 0x84308731,
    0x84308732, 0x84308733, 0x84308734, 0x84308735, 0x84308736, 0x84308737, 0x84308738, 0x84308739,
    0x84308830, 0x84308831, 0x84308832, 0x84308833, 0x84308834, 0x84308835, 0x84308836, 0x84308837,
    0x84308838, 0x84308839, 0x84308930, 0x84308931, 0x84308932, 0x84308933, 0x84308934, 0x84308935,
    0x84308936, 0x84308937, 0x84308938, 0x84308939, 0x84308a30, 0x84308a31, 0x84308a32, 0x84308a33,
    0x84308a34, 0x84308a35, 0x84308a36, 0x84308a37, 0x84308a38, 0x84308a39, 0x84308b30, 0x84308b31,
    0x84308b32, 0x84308b33, 0x84308b34, 0x84308b35, 0x84308b36, 0x84308b37, 0x84308b38, 0x84308b39,
    0x84308c30, 0x84308c31, 0x84308c32, 0x84308c33, 0x84308c34, 0x84308c35, 0x84308c36, 0x84308c37,
    0x84308c38, 0x84308c39, 0x84308d30, 0x00fd9d, 0x84308d31, 0x84308d32, 0x84308d33, 0x84308d34,
    0x84308d35, 0x84308d36, 0x84308d37, 0x84308d38, 0x84308d39, 0x84308e30, 0x84308e31, 0x84308e32,
    0x84308e33, 0x84308e34, 0x84308e35, 0x84308e36, 0x84308e37, 0x84308e38, 0x84308e39, 0x84308f30,
    0x84308f31, 0x84308f32, 0x84308f33, 0x84308f34, 0x84308f35, 0x84308f36, 0x84308f37, 0x00fd9e,
    0x84308f38, 0x84308f39, 0x84309030, 0x84309031, 0x84309032, 0x84309033, 0x84309034, 0x84309035,
    0x84309036, 0x84309037, 0x84309038, 0x84309039, 0x84309130, 0x84309131, 0x84309132, 0x84309133,
    0x84309134, 0x84309135, 0x84309136, 0x84309137, 0x84309138, 0x84309139, 0x84309230, 0x84309231,
    0x84309232, 0x84309233, 0x84309234, 0x84309235, 0x84309236, 0x84309237, 0x84309238, 0x84309239,
    0x84309330, 0x84309331, 0x84309332, 0x84309333, 0x84309334, 0x84309335, 0x84309336, 0x84309337,
    0x84309338, 0x84309339, 0x84309430, 0x84309431, 0x84309432, 0x84309433, 0x84309434, 0x84309435,
    0x84309436, 0x84309437, 0x84309438, 0x84309439, 0x84309530, 0x84309531, 0x84309532, 0x84309533,
    0x84309534, 0x84309535, 0x84309536, 0x84309537, 0x84309538, 0x84309539, 0x84309630, 0x84309631,
    0x84309632, 0x84309633, 0x84309634, 0x84309635, 0x84309636, 0x84309637, 0x84309638, 0x84309639,
    0x84309730, 0x84309731, 0x84309732, 0x84309733, 0x84309734, 0x84309735, 0x84309736, 0x84309737,
    0x84309738, 0x00fd9f, 0x84309739, 0x84309830, 0x84309831, 0x84309832, 0x84309833, 0x84309834,
    0x84309835, 0x84309836, 0x84309837, 0x00fda0, 0x84309838, 0x84309839, 0x84309930, 0x84309931,
    0x84309932, 0x84309933, 0x84309934, 0x84309935, 0x84309936, 0x84309937, 0x84309938, 0x84309939,
    0x84309a30, 0x84309a31, 0x84309a32, 0x84309a33, 0x84309a34, 0x84309a35, 0x84309a36, 0x84309a37,
    0x84309a38, 0x84309a39, 0x84309b30, 0x84309b31, 0x84309b32, 0x84309b33, 0x00fe40, 0x00fe41,
    0x00fe42, 0x00fe43, 0x84309b34, 0x00fe44, 0x84309b35, 0x00fe45, 0x00fe46, 0x84309b36,
    0x84309b37, 0x84309b38, 0x00fe47, 0x84309b39, 0x84309c30, 0x84309c31, 0x84309c32, 0x84309c33,
    0x84309c34, 0x00fe48, 0x00fe49, 0x00fe4a, 0x84309c35, 0x00fe4b, 0x00fe4c, 0x84309c36,
    0x84309c37, 0x00fe4d, 0x00fe4e, 0x00fe4f, 0x000000, 0x000000, 0x000000, 0x000000, 0x000000,
    0x000000, 0x000000, 0x000000, 0x000000, 0x000000, 0x000000, 0x000000, 0x000000, 0x000000,
    0x000000, 0x000000, 0x000000, 0x000000, 0x000000, 0x000000, 0x000000, 0x000000, 0x000000,
    0x000000, 0x000000, 0x000000, 0x000000, 0x000000, 0x000000, 0x000000, 0x000000, 0x000000,
    0x000000, 0x000000, 0x000000, 0x000000, 0x000000, 0x000000, 0x000000, 0x000000, 0x000000,
    0x000000, 0x000000, 0x000000, 0x000000, 0x000000, 0x000000, 0x000000, 0x00a955, 0x00a6f2,
    0x84318538, 0x00a6f4, 0x00a6f5, 0x00a6e0, 0x00a6e1, 0x00a6f0, 0x00a6f1, 0x00a6e2, 0x00a6e3,
    0x00a6ee, 0x00a6ef, 0x00a6e6, 0x00a6e7, 0x00a6e4, 0x00a6e5, 0x00a6e8, 0x00a6e9, 0x00a6ea,
    0x00a6eb, 0x84318539, 0x84318630, 0x84318631, 0x84318632, 0x00a968, 0x00a969, 0x00a96a,
    0x00a96b, 0x00a96c, 0x00a96d, 0x00a96e, 0x00a96f, 0x00a970, 0x00a971, 0x84318633, 0x00a972,
    0x00a973, 0x00a974, 0x00a975, 0x84318634, 0x00a976, 0x00a977, 0x00a978, 0x00a979, 0x00a97a,
    0x00a97b, 0x00a97c, 0x00a97d, 0x00a97e, 0x00a980, 0x00a981, 0x00a982, 0x00a983, 0x00a984,
    0x84318635, 0x00a985, 0x00a986, 0x00a987, 0x00a988, 0x84318636, 0x84318637, 0x84318638,
    0x84318639, 0x84318730, 0x84318731, 0x84318732, 0x84318733, 0x84318734, 0x84318735, 0x84318736,
    0x84318737, 0x84318738, 0x84318739, 0x84318830, 0x84318831, 0x84318832, 0x84318833, 0x84318834,
    0x84318835, 0x84318836, 0x84318837, 0x84318838, 0x84318839, 0x84318930, 0x84318931, 0x84318932,
    0x84318933, 0x84318934, 0x84318935, 0x84318936, 0x84318937, 0x84318938, 0x84318939, 0x84318a30,
    0x84318a31, 0x84318a32, 0x84318a33, 0x84318a34, 0x84318a35, 0x84318a36, 0x84318a37, 0x84318a38,
    0x84318a39, 0x84318b30, 0x84318b31, 0x84318b32, 0x84318b33, 0x84318b34, 0x84318b35, 0x84318b36,
    0x84318b37, 0x84318b38, 0x84318b39, 0x84318c30, 0x84318c31, 0x84318c32, 0x84318c33, 0x84318c34,
    0x84318c35, 0x84318c36, 0x84318c37, 0x84318c38, 0x84318c39, 0x84318d30, 0x84318d31, 0x84318d32,
    0x84318d33, 0x84318d34, 0x84318d35, 0x84318d36, 0x84318d37, 0x84318d38, 0x84318d39, 0x84318e30,
    0x84318e31, 0x84318e32, 0x84318e33, 0x84318e34, 0x84318e35, 0x84318e36, 0x84318e37, 0x84318e38,
    0x84318e39, 0x84318f30, 0x84318f31, 0x84318f32, 0x84318f33, 0x84318f34, 0x84318f35, 0x84318f36,
    0x84318f37, 0x84318f38, 0x84318f39, 0x84319030, 0x84319031, 0x84319032, 0x84319033, 0x84319034,
    0x84319035, 0x84319036, 0x84319037, 0x84319038, 0x84319039, 0x84319130, 0x84319131, 0x84319132,
    0x84319133, 0x84319134, 0x84319135, 0x84319136, 0x84319137, 0x84319138, 0x84319139, 0x84319230,
    0x84319231, 0x84319232, 0x84319233, 0x84319234, 0x84319235, 0x84319236, 0x84319237, 0x84319238,
    0x84319239, 0x84319330, 0x84319331, 0x84319332, 0x84319333, 0x84319334, 0x84319335, 0x84319336,
    0x84319337, 0x84319338, 0x84319339, 0x84319430, 0x84319431, 0x84319432, 0x84319433, 0x84319434,
    0x84319435, 0x84319436, 0x84319437, 0x84319438, 0x84319439, 0x84319530, 0x84319531, 0x84319532,
    0x84319533, 0x84319534, 0x00a3a1, 0x00a3a2, 0x00a3a3, 0x00a1e7, 0x00a3a5, 0x00a3a6, 0x00a3a7,
    0x00a3a8, 0x00a3a9, 0x00a3aa, 0x00a3ab, 0x00a3ac, 0x00a3ad, 0x00a3ae, 0x00a3af, 0x00a3b0,
    0x00a3b1, 0x00a3b2, 0x00a3b3, 0x00a3b4, 0x00a3b5, 0x00a3b6, 0x00a3b7, 0x00a3b8, 0x00a3b9,
    0x00a3ba, 0x00a3bb, 0x00a3bc, 0x00a3bd, 0x00a3be, 0x00a3bf, 0x00a3c0, 0x00a3c1, 0x00a3c2,
    0x00a3c3, 0x00a3c4, 0x00a3c5, 0x00a3c6, 0x00a3c7, 0x00a3c8, 0x00a3c9, 0x00a3ca, 0x00a3cb,
    0x00a3cc, 0x00a3cd, 0x00a3ce, 0x00a3cf, 0x00a3d0, 0x00a3d1, 0x00a3d2, 0x00a3d3, 0x00a3d4,
    0x00a3d5, 0x00a3d6, 0x00a3d7, 0x00a3d8, 0x00a3d9, 0x00a3da, 0x00a3db, 0x00a3dc, 0x00a3dd,
    0x00a3de, 0x00a3df, 0x00a3e0, 0x00a3e1, 0x00a3e2, 0x00a3e3, 0x00a3e4, 0x00a3e5, 0x00a3e6,
    0x00a3e7, 0x00a3e8, 0x00a3e9, 0x00a3ea, 0x00a3eb, 0x00a3ec, 0x00a3ed, 0x00a3ee, 0x00a3ef,
    0x00a3f0, 0x00a3f1, 0x00a3f2, 0x00a3f3, 0x00a3f4, 0x00a3f5, 0x00a3f6, 0x00a3f7, 0x00a3f8,
    0x00a3f9, 0x00a3fa, 0x00a3fb, 0x00a3fc, 0x00a3fd, 0x00a1ab, 0x84319535, 0x84319536, 0x84319537,
    0x84319538, 0x84319539, 0x84319630, 0x84319631, 0x84319632, 0x84319633, 0x84319634, 0x84319635,
    0x84319636, 0x84319637, 0x84319638, 0x84319639, 0x84319730, 0x84319731, 0x84319732, 0x84319733,
    0x84319734, 0x84319735, 0x84319736, 0x84319737, 0x84319738, 0x84319739, 0x84319830, 0x84319831,
    0x84319832, 0x84319833, 0x84319834, 0x84319835, 0x84319836, 0x84319837, 0x84319838, 0x84319839,
    0x84319930, 0x84319931, 0x84319932, 0x84319933, 0x84319934, 0x84319935, 0x84319936, 0x84319937,
    0x84319938, 0x84319939, 0x84319a30, 0x84319a31, 0x84319a32, 0x84319a33, 0x84319a34, 0x84319a35,
    0x84319a36, 0x84319a37, 0x84319a38, 0x84319a39, 0x84319b30, 0x84319b31, 0x84319b32, 0x84319b33,
    0x84319b34, 0x84319b35, 0x84319b36, 0x84319b37, 0x84319b38, 0x84319b39, 0x84319c30, 0x84319c31,
    0x84319c32, 0x84319c33, 0x84319c34, 0x84319c35, 0x84319c36, 0x84319c37, 0x84319c38, 0x84319c39,
    0x84319d30, 0x84319d31, 0x84319d32, 0x84319d33, 0x84319d34, 0x84319d35, 0x84319d36, 0x84319d37,
    0x84319d38, 0x84319d39, 0x84319e30, 0x84319e31, 0x84319e32, 0x84319e33, 0x84319e34, 0x84319e35,
    0x84319e36, 0x84319e37, 0x84319e38, 0x84319e39, 0x84319f30, 0x84319f31, 0x84319f32, 0x84319f33,
    0x84319f34, 0x84319f35, 0x84319f36, 0x84319f37, 0x84319f38, 0x84319f39, 0x8431a030, 0x8431a031,
    0x8431a032, 0x8431a033, 0x8431a034, 0x8431a035, 0x8431a036, 0x8431a037, 0x8431a038, 0x8431a039,
    0x8431a130, 0x8431a131, 0x8431a132, 0x8431a133, 0x8431a134, 0x8431a135, 0x8431a136, 0x8431a137,
    0x8431a138, 0x8431a139, 0x8431a230, 0x8431a231, 0x8431a232, 0x8431a233, 0x00a1e9, 0x00a1ea,
    0x00a956, 0x00a3fe, 0x00a957, 0x00a3a4, 0x000000, 0x000000, 0x000000, 0x000000, 0x000000,
    0x000000, 0x000000, 0x000000, 0x000000, 0x000000, 0x000000, 0x000000, 0x000000, 0x000000,
    0x000000, 0x000000, 0x000000, 0x000000, 0x000000, 0x000000, 0x000000, 0x000000, 0x000000,
    0x000000, 0x000000, 0x000000,
];
pub static GB18030_FROM_UNICODE_TREE: PgMbRadixTree = PgMbRadixTree {
    chars16: &[],
    chars32: &GB18030_FROM_UNICODE_TREE_TABLE,
    b1root: 0x0,
    b1_lower: 0x0,
    b1_upper: 0x0,
    b2root: 0x40,
    b2_1_lower: 0xc2,
    b2_1_upper: 0xd1,
    b2_2_lower: 0x80,
    b2_2_upper: 0xbf,
    b3root: 0x450,
    b3_1_lower: 0xe2,
    b3_1_upper: 0xef,
    b3_2_lower: 0x80,
    b3_2_upper: 0xbf,
    b3_3_lower: 0x80,
    b3_3_upper: 0xbf,
    b4root: 0x0,
    b4_1_lower: 0x0,
    b4_1_upper: 0x0,
    b4_2_lower: 0x0,
    b4_2_upper: 0x0,
    b4_3_lower: 0x0,
    b4_3_upper: 0x0,
    b4_4_lower: 0x0,
    b4_4_upper: 0x0,
};
