// Generated by scripts/gen_radix_tables.py from postgres-18.3 C sources. Do not edit.
use crate::PgMbRadixTree;
static JOHAB_TO_UNICODE_TREE_TABLE: [u32; 22987] = [
    0x000000, 0x000000, 0x000000, 0x000000, 0x000000, 0x000000, 0x000000, 0x000000, 0x000000,
    0x000000, 0x000000, 0x000000, 0x000000, 0x000000, 0x000000, 0x000000, 0x000000, 0x000000,
    0x000000, 0x000000, 0x000000, 0x000000, 0x000000, 0x000000, 0x000000, 0x000000, 0x000000,
    0x000000, 0x000000, 0x000000, 0x000000, 0x000000, 0x000000, 0x000000, 0x000000, 0x000000,
    0x000000, 0x000000, 0x000000, 0x000000, 0x000000, 0x000000, 0x000000, 0x000000, 0x000000,
    0x000000, 0x000000, 0x000000, 0x000000, 0x000000, 0x000000, 0x000000, 0x000000, 0x000000,
    0x000000, 0x000000, 0x000000, 0x000000, 0x000000, 0x000000, 0x000000, 0x000000, 0x000000,
    0x000000, 0x000000, 0x000000, 0x000000, 0x000000, 0x000000, 0x000000, 0x000000, 0x000000,
    0x000000, 0x000000, 0x000000, 0x000000, 0x000000, 0x000000, 0x000000, 0x000000, 0x000000,
    0x000000, 0x000000, 0x000000, 0x000000, 0x000000, 0x000000, 0x000000, 0x000000, 0x000000,
    0x000000, 0x000000, 0x000000, 0x000000, 0x000000, 0x000000, 0x000000, 0x000000, 0x000000,
    0x000000, 0x000000, 0x000000, 0x000000, 0x000000, 0x000000, 0x000000, 0x000000, 0x000000,
    0x000000, 0x000000, 0x000000, 0x000000, 0x000000, 0x000000, 0x000000, 0x000000, 0x000000,
    0x000000, 0x000000, 0x000000, 0x000000, 0x000000, 0x000000, 0x000000, 0x000000, 0x000000,
    0x000000, 0x000000, 0x000000, 0x000000, 0x000000, 0x000000, 0x000000, 0x000000, 0x000000,
    0x000000, 0x000000, 0x000000, 0x000000, 0x000000, 0x000000, 0x000000, 0x000000, 0x000000,
    0x000000, 0x000000, 0x000000, 0x000000, 0x000000, 0x000000, 0x000000, 0x000000, 0x000000,
    0x000000, 0x000000, 0x000000, 0x000000, 0x000000, 0x000000, 0x000000, 0x000000, 0x000000,
    0x000000, 0x000000, 0x000000, 0x000000, 0x000000, 0x000000, 0x000000, 0x000000, 0x000000,
    0x000000, 0x000000, 0x000000, 0x000000, 0x000000, 0x000000, 0x000000, 0x000000, 0x000000,
    0x000000, 0x000000, 0x000000, 0x000000, 0x000000, 0x000000, 0x000000, 0x000000, 0x000000,
    0x000000, 0x000000, 0x000000, 0x000000, 0x000000, 0x000000, 0x000000, 0x000000, 0x000000,
    0x000000, 0x000000, 0x000000, 0x000000, 0x000000, 0x000000, 0x000000, 0x000000, 0x000144,
    0x000202, 0x0002c0, 0x00037e, 0x00043c, 0x000509, 0x0005d6, 0x0006a3, 0x000761, 0x00082e,
    0x0008fb, 0x0009c8, 0x000a86, 0x000b53, 0x000c20, 0x000ced, 0x000dab, 0x000e78, 0x000f45,
    0x001012, 0x0010d0, 0x00119d, 0x00126a, 0x001337, 0x0013f5, 0x0014c2, 0x00158f, 0x00165c,
    0x00171a, 0x0017e7, 0x0018b4, 0x001981, 0x001a3f, 0x001b0c, 0x001bd9, 0x001ca6, 0x001d64,
    0x001e31, 0x001efe, 0x001fcb, 0x002089, 0x002156, 0x002223, 0x0022f0, 0x0023ae, 0x00247b,
    0x002548, 0x002615, 0x0026d3, 0x0027a0, 0x00286d, 0x00293a, 0x0029f8, 0x002ac5, 0x002b92,
    0x002c5f, 0x002d1d, 0x002dea, 0x002eb7, 0x002f84, 0x003042, 0x00310f, 0x0031dc, 0x0032a9,
    0x003367, 0x003434, 0x003501, 0x0035ce, 0x00368c, 0x003759, 0x003826, 0x0038f3, 0x0039b1,
    0x003a7e, 0x003b4b, 0x003c18, 0x003cd6, 0x003da3, 0x003e70, 0x003f3d, 0x000000, 0x000000,
    0x000000, 0x000000, 0x000000, 0x00400b, 0x0040d9, 0x0041a7, 0x004275, 0x004343, 0x004411,
    0x000000, 0x0044df, 0x0045ad, 0x00467b, 0x004749, 0x004817, 0x0048e5, 0x0049b3, 0x004a81,
    0x004b4f, 0x004c1d, 0x004ceb, 0x004db9, 0x004e87, 0x004f55, 0x005023, 0x0050f1, 0x0051bf,
    0x00528d, 0x00535b, 0x005429, 0x0054f7, 0x0055c5, 0x005693, 0x005761, 0x00582f, 0x0058fd,
    0x000000, 0x000000, 0x000000, 0x000000, 0x000000, 0x000000, 0x000000, 0x000000, 0x000000,
    0x000000, 0x000000, 0x000000, 0x000000, 0x000000, 0x000000, 0x000000, 0x000000, 0x000000,
    0x000000, 0xe384b3, 0x000000, 0xe384b5, 0xe384b6, 0x000000, 0x000000, 0xe384ba, 0xe384bb,
    0xe384bc, 0xe384bd, 0xe384be, 0xe384bf, 0xe38580, 0x000000, 0x000000, 0x000000, 0xe38584,
    0x000000, 0x000000, 0x000000, 0x000000, 0x000000, 0x000000, 0x000000, 0x000000, 0x000000,
    0x000000, 0x000000, 0x000000, 0xe3858f, 0x000000, 0x000000, 0x000000, 0x000000, 0x000000,
    0x000000, 0x000000, 0x000000, 0x000000, 0x000000, 0x000000, 0x000000, 0x000000, 0x000000,
    0x000000, 0x000000, 0x000000, 0x000000, 0x000000, 0x000000, 0x000000, 0x000000, 0x000000,
    0x000000, 0x000000, 0x000000, 0x000000, 0x000000, 0x000000, 0x000000, 0x000000, 0xe38590,
    0x000000, 0x000000, 0x000000, 0x000000, 0x000000, 0x000000, 0x000000, 0x000000, 0x000000,
    0x000000, 0x000000, 0x000000, 0x000000, 0x000000, 0x000000, 0x000000, 0x000000, 0x000000,
    0x000000, 0x000000, 0x000000, 0x000000, 0x000000, 0x000000, 0x000000, 0x000000, 0x000000,
    0x000000, 0x000000, 0x000000, 0x000000, 0xe38591, 0x000000, 0x000000, 0x000000, 0x000000,
    0x000000, 0x000000, 0x000000, 0x000000, 0x000000, 0x000000, 0x000000, 0x000000, 0x000000,
    0x000000, 0x000000, 0x000000, 0x000000, 0x000000, 0x000000, 0x000000, 0x000000, 0x000000,
    0x000000, 0x000000, 0x000000, 0x000000, 0x000000, 0x000000, 0x000000, 0x000000, 0x000000,
    0xe38592, 0x000000, 0x000000, 0x000000, 0x000000, 0x000000, 0x000000, 0x000000, 0x000000,
    0x000000, 0x000000, 0x000000, 0x000000, 0x000000, 0x000000, 0x000000, 0x000000, 0x000000,
    0x000000, 0x000000, 0x000000, 0x000000, 0x000000, 0x000000, 0x000000, 0x000000, 0x000000,
    0x000000, 0x000000, 0x000000, 0x000000, 0x000000, 0xe38593, 0x000000, 0x000000, 0x000000,
    0x000000, 0x000000, 0x000000, 0x000000, 0x000000, 0x000000, 0x000000, 0x000000, 0x000000,
    0x000000, 0x000000, 0x000000, 0x000000, 0x000000, 0x000000, 0x000000, 0x000000, 0x000000,
    0x000000, 0x000000, 0x000000, 0x000000, 0x000000, 0x000000, 0x000000, 0x000000, 0xe38594,
    0x000000, 0x000000, 0x000000, 0x000000, 0x000000, 0x000000, 0x000000, 0x000000, 0x000000,
    0x000000, 0x000000, 0x000000, 0x000000, 0x000000, 0x000000, 0x000000, 0x000000, 0x000000,
    0x000000, 0x000000, 0x000000, 0x000000, 0x000000, 0x000000, 0x000000, 0x000000, 0x000000,
    0x000000, 0x000000, 0x000000, 0x000000, 0xe38595, 0x000000, 0x000000, 0x000000, 0x000000,
    0x000000, 0x000000, 0x000000, 0x000000, 0x000000, 0x000000, 0x000000, 0x000000, 0x000000,
    0x000000, 0x000000, 0x000000, 0x000000, 0x000000, 0x000000, 0x000000, 0x000000, 0x000000,
    0x000000, 0x000000, 0x000000, 0x000000, 0x000000, 0x000000, 0x000000, 0x000000, 0x000000,
    0xe38596, 0x000000, 0x000000, 0x000000, 0x000000, 0x000000, 0x000000, 0x000000, 0x000000,
    0x000000, 0x000000, 0x000000, 0x000000, 0x000000, 0x000000, 0x000000, 0x000000, 0x000000,
    0x000000, 0x000000, 0x000000, 0x000000, 0x000000, 0x000000, 0x000000, 0x000000, 0x000000,
    0x000000, 0x000000, 0x000000, 0x000000, 0x000000, 0xe38597, 0x000000, 0x000000, 0x000000,
    0x000000, 0x000000, 0x000000, 0x000000, 0x000000, 0x000000, 0x000000, 0x000000, 0x000000,
    0x000000, 0x000000, 0x000000, 0x000000, 0x000000, 0x000000, 0x000000, 0x000000, 0x000000,
    0x000000, 0x000000, 0x000000, 0x000000, 0x000000, 0x000000, 0x000000, 0x000000, 0x000000,
    0x000000, 0xe38598, 0x000000, 0x000000, 0x000000, 0x000000, 0x000000, 0x000000, 0x000000,
    0x000000, 0x000000, 0x000000, 0x000000, 0x000000, 0x000000, 0x000000, 0x000000, 0x000000,
    0x000000, 0x000000, 0x000000, 0x000000, 0x000000, 0x000000, 0x000000, 0x000000, 0x000000,
    0x000000, 0x000000, 0x000000, 0x000000, 0x000000, 0x000000, 0xe38599, 0x000000, 0x000000,
    0x000000, 0x000000, 0x000000, 0x000000, 0x000000, 0x000000, 0x000000, 0x000000, 0x000000,
    0x000000, 0x000000, 0x000000, 0x000000, 0x000000, 0x000000, 0x000000, 0x000000, 0x000000,
    0x000000, 0x000000, 0x000000, 0x000000, 0x000000, 0x000000, 0x000000, 0x000000, 0x000000,
    0xe3859a, 0x000000, 0x000000, 0x000000, 0x000000, 0x000000, 0x000000, 0x000000, 0x000000,
    0x000000, 0x000000, 0x000000, 0x000000, 0x000000, 0x000000, 0x000000, 0x000000, 0x000000,
    0x000000, 0x000000, 0x000000, 0x000000, 0x000000, 0x000000, 0x000000, 0x000000, 0x000000,
    0x000000, 0x000000, 0x000000, 0x000000, 0x000000, 0xe3859b, 0x000000, 0x000000, 0x000000,
    0x000000, 0x000000, 0x000000, 0x000000, 0x000000, 0x000000, 0x000000, 0x000000, 0x000000,
    0x000000, 0x000000, 0x000000, 0x000000, 0x000000, 0x000000, 0x000000, 0x000000, 0x000000,
    0x000000, 0x000000, 0x000000, 0x000000, 0x000000, 0x000000, 0x000000, 0x000000, 0x000000,
    0x000000, 0xe3859c, 0x000000, 0x000000, 0x000000, 0x000000, 0x000000, 0x000000, 0x000000,
    0x000000, 0x000000, 0x000000, 0x000000, 0x000000, 0x000000, 0x000000, 0x000000, 0x000000,
    0x000000, 0x000000, 0x000000, 0x000000, 0x000000, 0x000000, 0x000000, 0x000000, 0x000000,
    0x000000, 0x000000, 0x000000, 0x000000, 0x000000, 0x000000, 0xe3859d, 0x000000, 0x000000,
    0x000000, 0x000000, 0x000000, 0x000000, 0x000000, 0x000000, 0x000000, 0x000000, 0x000000,
    0x000000, 0x000000, 0x000000, 0x000000, 0x000000, 0x000000, 0x000000, 0x000000, 0x000000,
    0x000000, 0x000000, 0x000000, 0x000000, 0x000000, 0x000000, 0x000000, 0x000000, 0x000000,
    0x000000, 0x000000, 0xe3859e, 0x000000, 0x000000, 0x000000, 0x000000, 0x000000, 0x000000,
    0x000000, 0x000000, 0x000000, 0x000000, 0x000000, 0x000000, 0x000000, 0x000000, 0x000000,
    0x000000, 0x000000, 0x000000, 0x000000, 0x000000, 0x000000, 0x000000, 0x000000, 0x000000,
    0x000000, 0x000000, 0x000000, 0x000000, 0x000000, 0x000000, 0x000000, 0xe3859f, 0x000000,
    0x000000, 0x000000, 0x000000, 0x000000, 0x000000, 0x000000, 0x000000, 0x000000, 0x000000,
    0x000000, 0x000000, 0x000000, 0x000000, 0x000000, 0x000000, 0x000000, 0x000000, 0x000000,
    0x000000, 0x000000, 0x000000, 0x000000, 0x000000, 0x000000, 0x000000, 0x000000, 0x000000,
    0x000000, 0xe385a0, 0x000000, 0x000000, 0x000000, 0x000000, 0x000000, 0x000000, 0x000000,
    0x000000, 0x000000, 0x000000, 0x000000, 0x000000, 0x000000, 0x000000, 0x000000, 0x000000,
    0x000000, 0x000000, 0x000000, 0x000000, 0x000000, 0x000000, 0x000000, 0x000000, 0x000000,
    0x000000, 0x000000, 0x000000, 0x000000, 0x000000, 0x000000, 0xe385a1, 0x000000, 0x000000,
    0x000000, 0x000000, 0x000000, 0x000000, 0x000000, 0x000000, 0x000000, 0x000000, 0x000000,
    0x000000, 0x000000, 0x000000, 0x000000, 0x000000, 0x000000, 0x000000, 0x000000, 0x000000,
    0x000000, 0x000000, 0x000000, 0x000000, 0x000000, 0x000000, 0x000000, 0x000000, 0x000000,
    0x000000, 0x000000, 0xe385a2, 0x000000, 0x000000, 0x000000, 0x000000, 0x000000, 0x000000,
    0x000000, 0x000000, 0x000000, 0x000000, 0x000000, 0x000000, 0x000000, 0x000000, 0x000000,
    0x000000, 0x000000, 0x000000, 0x000000, 0x000000, 0x000000, 0x000000, 0x000000, 0x000000,
    0x000000, 0x000000, 0x000000, 0x000000, 0x000000, 0x000000, 0x000000, 0xe385a3, 0x000000,
    0x000000, 0x000000, 0x000000, 0x000000, 0x000000, 0x000000, 0x000000, 0x000000, 0x000000,
    0x000000, 0x000000, 0x000000, 0x000000, 0x000000, 0x000000, 0x000000, 0x000000, 0x000000,
    0x000000, 0x000000, 0x000000, 0x000000, 0x000000, 0x000000, 0x000000, 0x000000, 0x000000,
    0x000000, 0x000000, 0x000000, 0x000000, 0x000000, 0x000000, 0x000000, 0x000000, 0x000000,
    0x000000, 0x000000, 0x000000, 0x000000, 0x000000, 0x000000, 0x000000, 0x000000, 0x000000,
    0x000000, 0x000000, 0x000000, 0x000000, 0x000000, 0x000000, 0x000000, 0x000000, 0x000000,
    0x000000, 0x000000, 0x000000, 0x000000, 0x000000, 0x000000, 0x000000, 0x000000, 0x000000,
    0x000000, 0x000000, 0x000000, 0x000000, 0x000000, 0x000000, 0x000000, 0x000000, 0x000000,
    0x000000, 0x000000, 0x000000, 0x000000, 0x000000, 0x000000, 0x000000, 0x000000, 0x000000,
    0x000000, 0x000000, 0x000000, 0x000000, 0x000000, 0x000000, 0x000000, 0x000000, 0x000000,
    0x000000, 0x000000, 0xe384b1, 0x000000, 0x000000, 0x000000, 0x000000, 0x000000, 0x000000,
    0x000000, 0x000000, 0x000000, 0x000000, 0x000000, 0x000000, 0x000000, 0x000000, 0x000000,
    0x000000, 0x000000, 0x000000, 0x000000, 0x000000, 0x000000, 0x000000, 0x000000, 0x000000,
    0x000000, 0x000000, 0x000000, 0x000000, 0x000000, 0x000000, 0x000000, 0xeab080, 0xeab081,
    0xeab082, 0xeab083, 0xeab084, 0xeab085, 0xeab086, 0xeab087, 0xeab088, 0xeab089, 0xeab08a,
    0xeab08b, 0xeab08c, 0xeab08d, 0xeab08e, 0xeab08f, 0xeab090, 0x000000, 0xeab091, 0xeab092,
    0xeab093, 0xeab094, 0xeab095, 0xeab096, 0xeab097, 0xeab098, 0xeab099, 0xeab09a, 0xeab09b,
    0x000000, 0x000000, 0x000000, 0xeab09c, 0xeab09d, 0xeab09e, 0xeab09f, 0xeab0a0, 0xeab0a1,
    0xeab0a2, 0xeab0a3, 0xeab0a4, 0xeab0a5, 0xeab0a6, 0xeab0a7, 0xeab0a8, 0xeab0a9, 0xeab0aa,
    0xeab0ab, 0xeab0ac, 0x000000, 0xeab0ad, 0xeab0ae, 0xeab0af, 0xeab0b0, 0xeab0b1, 0xeab0b2,
    0xeab0b3, 0xeab0b4, 0xeab0b5, 0xeab0b6, 0xeab0b7, 0x000000, 0x000000, 0x000000, 0xeab0b8,
    0xeab0b9, 0xeab0ba, 0xeab0bb, 0xeab0bc, 0xeab0bd, 0xeab0be, 0xeab0bf, 0xeab180, 0xeab181,
    0xeab182, 0xeab183, 0xeab184, 0xeab185, 0xeab186, 0xeab187, 0xeab188, 0x000000, 0xeab189,
    0xeab18a, 0xeab18b, 0xeab18c, 0xeab18d, 0xeab18e, 0xeab18f, 0xeab190, 0xeab191, 0xeab192,
    0xeab193, 0x000000, 0x000000, 0x000000, 0xeab194, 0xeab195, 0xeab196, 0xeab197, 0xeab198,
    0xeab199, 0xeab19a, 0xeab19b, 0xeab19c, 0xeab19d, 0xeab19e, 0xeab19f, 0xeab1a0, 0xeab1a1,
    0xeab1a2, 0xeab1a3, 0xeab1a4, 0x000000, 0xeab1a5, 0xeab1a6, 0xeab1a7, 0xeab1a8, 0xeab1a9,
    0xeab1aa, 0xeab1ab, 0xeab1ac, 0xeab1ad, 0xeab1ae, 0xeab1af, 0x000000, 0x000000, 0x000000,
    0xeab1b0, 0xeab1b1, 0xeab1b2, 0xeab1b3, 0xeab1b4, 0xeab1b5, 0xeab1b6, 0xeab1b7, 0xeab1b8,
    0xeab1b9, 0xeab1ba, 0xeab1bb, 0xeab1bc, 0xeab1bd, 0xeab1be, 0xeab1bf, 0xeab280, 0x000000,
    0xeab281, 0xeab282, 0xeab283, 0xeab284, 0xeab285, 0xeab286, 0xeab287, 0xeab288, 0xeab289,
    0xeab28a, 0xeab28b, 0x000000, 0x000000, 0x000000, 0x000000, 0x000000, 0x000000, 0x000000,
    0x000000, 0x000000, 0x000000, 0x000000, 0x000000, 0x000000, 0x000000, 0x000000, 0x000000,
    0xeab28c, 0xeab28d, 0xeab28e, 0xeab28f, 0xeab290, 0xeab291, 0xeab292, 0xeab293, 0xeab294,
    0xeab295, 0xeab296, 0xeab297, 0xeab298, 0xeab299, 0xeab29a, 0xeab29b, 0xeab29c, 0x000000,
    0xeab29d, 0xeab29e, 0xeab29f, 0xeab2a0, 0xeab2a1, 0xeab2a2, 0xeab2a3, 0xeab2a4, 0xeab2a5,
    0xeab2a6, 0xeab2a7, 0x000000, 0x000000, 0x000000, 0xeab2a8, 0xeab2a9, 0xeab2aa, 0xeab2ab,
    0xeab2ac, 0xeab2ad, 0xeab2ae, 0xeab2af, 0xeab2b0, 0xeab2b1, 0xeab2b2, 0xeab2b3, 0xeab2b4,
    0xeab2b5, 0xeab2b6, 0xeab2b7, 0xeab2b8, 0x000000, 0xeab2b9, 0xeab2ba, 0xeab2bb, 0xeab2bc,
    0xeab2bd, 0xeab2be, 0xeab2bf, 0xeab380, 0xeab381, 0xeab382, 0xeab383, 0x000000, 0x000000,
    0x000000, 0xeab384, 0xeab385, 0xeab386, 0xeab387, 0xeab388, 0xeab389, 0xeab38a, 0xeab38b,
    0xeab38c, 0xeab38d, 0xeab38e, 0xeab38f, 0xeab390, 0xeab391, 0xeab392, 0xeab393, 0xeab394,
    0x000000, 0xeab395, 0xeab396, 0xeab397, 0xeab398, 0xeab399, 0xeab39a, 0xeab39b, 0xeab39c,
    0xeab39d, 0xeab39e, 0xeab39f, 0x000000, 0x000000, 0x000000, 0xeab3a0, 0xeab3a1, 0xeab3a2,
    0xeab3a3, 0xeab3a4, 0xeab3a5, 0xeab3a6, 0xeab3a7, 0xeab3a8, 0xeab3a9, 0xeab3aa, 0xeab3ab,
    0xeab3ac, 0xeab3ad, 0xeab3ae, 0xeab3af, 0xeab3b0, 0x000000, 0xeab3b1, 0xeab3b2, 0xeab3b3,
    0xeab3b4, 0xeab3b5, 0xeab3b6, 0xeab3b7, 0xeab3b8, 0xeab3b9, 0xeab3ba, 0xeab3bb, 0x000000,
    0x000000, 0x000000, 0xeab3bc, 0xeab3bd, 0xeab3be, 0xeab3bf, 0xeab480, 0xeab481, 0xeab482,
    0xeab483, 0xeab484, 0xeab485, 0xeab486, 0xeab487, 0xeab488, 0xeab489, 0xeab48a, 0xeab48b,
    0xeab48c, 0x000000, 0xeab48d, 0xeab48e, 0xeab48f, 0xeab490, 0xeab491, 0xeab492, 0xeab493,
    0xeab494, 0xeab495, 0xeab496, 0xeab497, 0x000000, 0x000000, 0x000000, 0xeab498, 0xeab499,
    0xeab49a, 0xeab49b, 0xeab49c, 0xeab49d, 0xeab49e, 0xeab49f, 0xeab4a0, 0xeab4a1, 0xeab4a2,
    0xeab4a3, 0xeab4a4, 0xeab4a5, 0xeab4a6, 0xeab4a7, 0xeab4a8, 0x000000, 0xeab4a9, 0xeab4aa,
    0xeab4ab, 0xeab4ac, 0xeab4ad, 0xeab4ae, 0xeab4af, 0xeab4b0, 0xeab4b1, 0xeab4b2, 0xeab4b3,
    0x000000, 0x000000, 0x000000, 0x000000, 0x000000, 0x000000, 0x000000, 0x000000, 0x000000,
    0x000000, 0x000000, 0x000000, 0x000000, 0x000000, 0x000000, 0x000000, 0xeab4b4, 0xeab4b5,
    0xeab4b6, 0xeab4b7, 0xeab4b8, 0xeab4b9, 0xeab4ba, 0xeab4bb, 0xeab4bc, 0xeab4bd, 0xeab4be,
    0xeab4bf, 0xeab580, 0xeab581, 0xeab582, 0xeab583, 0xeab584, 0x000000, 0xeab585, 0xeab586,
    0xeab587, 0xeab588, 0xeab589, 0xeab58a, 0xeab58b, 0xeab58c, 0xeab58d, 0xeab58e, 0xeab58f,
    0x000000, 0x000000, 0x000000, 0xeab590, 0xeab591, 0xeab592, 0xeab593, 0xeab594, 0xeab595,
    0xeab596, 0xeab597, 0xeab598, 0xeab599, 0xeab59a, 0xeab59b, 0xeab59c, 0xeab59d, 0xeab59e,
    0xeab59f, 0xeab5a0, 0x000000, 0xeab5a1, 0xeab5a2, 0xeab5a3, 0xeab5a4, 0xeab5a5, 0xeab5a6,
    0xeab5a7, 0xeab5a8, 0xeab5a9, 0xeab5aa, 0xeab5ab, 0x000000, 0x000000, 0x000000, 0xeab5ac,
    0xeab5ad, 0xeab5ae, 0xeab5af, 0xeab5b0, 0xeab5b1, 0xeab5b2, 0xeab5b3, 0xeab5b4, 0xeab5b5,
    0xeab5b6, 0xeab5b7, 0xeab5b8, 0xeab5b9, 0xeab5ba, 0xeab5bb, 0xeab5bc, 0x000000, 0xeab5bd,
    0xeab5be, 0xeab5bf, 0xeab680, 0xeab681, 0xeab682, 0xeab683, 0xeab684, 0xeab685, 0xeab686,
    0xeab687, 0x000000, 0x000000, 0x000000, 0xeab688, 0xeab689, 0xeab68a, 0xeab68b, 0xeab68c,
    0xeab68d, 0xeab68e, 0xeab68f, 0xeab690, 0xeab691, 0xeab692, 0xeab693, 0xeab694, 0xeab695,
    0xeab696, 0xeab697, 0xeab698, 0x000000, 0xeab699, 0xeab69a, 0xeab69b, 0xeab69c, 0xeab69d,
    0xeab69e, 0xeab69f, 0xeab6a0, 0xeab6a1, 0xeab6a2, 0xeab6a3, 0x000000, 0x000000, 0x000000,
    0xeab6a4, 0xeab6a5, 0xeab6a6, 0xeab6a7, 0xeab6a8, 0xeab6a9, 0xeab6aa, 0xeab6ab, 0xeab6ac,
    0xeab6ad, 0xeab6ae, 0xeab6af, 0xeab6b0, 0xeab6b1, 0xeab6b2, 0xeab6b3, 0xeab6b4, 0x000000,
    0xeab6b5, 0xeab6b6, 0xeab6b7, 0xeab6b8, 0xeab6b9, 0xeab6ba, 0xeab6bb, 0xeab6bc, 0xeab6bd,
    0xeab6be, 0xeab6bf, 0x000000, 0x000000, 0x000000, 0xeab780, 0xeab781, 0xeab782, 0xeab783,
    0xeab784, 0xeab785, 0xeab786, 0xeab787, 0xeab788, 0xeab789, 0xeab78a, 0xeab78b, 0xeab78c,
    0xeab78d, 0xeab78e, 0xeab78f, 0xeab790, 0x000000, 0xeab791, 0xeab792, 0xeab793, 0xeab794,
    0xeab795, 0xeab796, 0xeab797, 0xeab798, 0xeab799, 0xeab79a, 0xeab79b, 0x000000, 0x000000,
    0x000000, 0x000000, 0x000000, 0x000000, 0x000000, 0x000000, 0x000000, 0x000000, 0x000000,
    0x000000, 0x000000, 0x000000, 0x000000, 0x000000, 0xeab79c, 0xeab79d, 0xeab79e, 0xeab79f,
    0xeab7a0, 0xeab7a1, 0xeab7a2, 0xeab7a3, 0xeab7a4, 0xeab7a5, 0xeab7a6, 0xeab7a7, 0xeab7a8,
    0xeab7a9, 0xeab7aa, 0xeab7ab, 0xeab7ac, 0x000000, 0xeab7ad, 0xeab7ae, 0xeab7af, 0xeab7b0,
    0xeab7b1, 0xeab7b2, 0xeab7b3, 0xeab7b4, 0xeab7b5, 0xeab7b6, 0xeab7b7, 0x000000, 0x000000,
    0x000000, 0xeab7b8, 0xeab7b9, 0xeab7ba, 0xeab7bb, 0xeab7bc, 0xeab7bd, 0xeab7be, 0xeab7bf,
    0xeab880, 0xeab881, 0xeab882, 0xeab883, 0xeab884, 0xeab885, 0xeab886, 0xeab887, 0xeab888,
    0x000000, 0xeab889, 0xeab88a, 0xeab88b, 0xeab88c, 0xeab88d, 0xeab88e, 0xeab88f, 0xeab890,
    0xeab891, 0xeab892, 0xeab893, 0x000000, 0x000000, 0x000000, 0xeab894, 0xeab895, 0xeab896,
    0xeab897, 0xeab898, 0xeab899, 0xeab89a, 0xeab89b, 0xeab89c, 0xeab89d, 0xeab89e, 0xeab89f,
    0xeab8a0, 0xeab8a1, 0xeab8a2, 0xeab8a3, 0xeab8a4, 0x000000, 0xeab8a5, 0xeab8a6, 0xeab8a7,
    0xeab8a8, 0xeab8a9, 0xeab8aa, 0xeab8ab, 0xeab8ac, 0xeab8ad, 0xeab8ae, 0xeab8af, 0x000000,
    0x000000, 0x000000, 0xeab8b0, 0xeab8b1, 0xeab8b2, 0xeab8b3, 0xeab8b4, 0xeab8b5, 0xeab8b6,
    0xeab8b7, 0xeab8b8, 0xeab8b9, 0xeab8ba, 0xeab8bb, 0xeab8bc, 0xeab8bd, 0xeab8be, 0xeab8bf,
    0xeab980, 0x000000, 0xeab981, 0xeab982, 0xeab983, 0xeab984, 0xeab985, 0xeab986, 0xeab987,
    0xeab988, 0xeab989, 0xeab98a, 0xeab98b, 0x000000, 0x000000, 0x000000, 0x000000, 0x000000,
    0x000000, 0x000000, 0x000000, 0x000000, 0x000000, 0x000000, 0x000000, 0x000000, 0x000000,
    0x000000, 0x000000, 0x000000, 0x000000, 0x000000, 0x000000, 0x000000, 0x000000, 0x000000,
    0x000000, 0x000000, 0x000000, 0x000000, 0x000000, 0x000000, 0x000000, 0x000000, 0x000000,
    0x000000, 0x000000, 0x000000, 0x000000, 0x000000, 0x000000, 0x000000, 0x000000, 0x000000,
    0x000000, 0x000000, 0x000000, 0x000000, 0x000000, 0x000000, 0x000000, 0x000000, 0x000000,
    0x000000, 0x000000, 0x000000, 0x000000, 0x000000, 0x000000, 0x000000, 0x000000, 0x000000,
    0x000000, 0x000000, 0x000000, 0x000000, 0x000000, 0x000000, 0xe384b2, 0x000000, 0x000000,
    0x000000, 0x000000, 0x000000, 0x000000, 0x000000, 0x000000, 0x000000, 0x000000, 0x000000,
    0x000000, 0x000000, 0x000000, 0x000000, 0x000000, 0x000000, 0x000000, 0x000000, 0x000000,
    0x000000, 0x000000, 0x000000, 0x000000, 0x000000, 0x000000, 0x000000, 0x000000, 0x000000,
    0x000000, 0x000000, 0xeab98c, 0xeab98d, 0xeab98e, 0xeab98f, 0xeab990, 0xeab991, 0xeab992,
    0xeab993, 0xeab994, 0xeab995, 0xeab996, 0xeab997, 0xeab998, 0xeab999, 0xeab99a, 0xeab99b,
    0xeab99c, 0x000000, 0xeab99d, 0xeab99e, 0xeab99f, 0xeab9a0, 0xeab9a1, 0xeab9a2, 0xeab9a3,
    0xeab9a4, 0xeab9a5, 0xeab9a6, 0xeab9a7, 0x000000, 0x000000, 0x000000, 0xeab9a8, 0xeab9a9,
    0xeab9aa, 0xeab9ab, 0xeab9ac, 0xeab9ad, 0xeab9ae, 0xeab9af, 0xeab9b0, 0xeab9b1, 0xeab9b2,
    0xeab9b3, 0xeab9b4, 0xeab9b5, 0xeab9b6, 0xeab9b7, 0xeab9b8, 0x000000, 0xeab9b9, 0xeab9ba,
    0xeab9bb, 0xeab9bc, 0xeab9bd, 0xeab9be, 0xeab9bf, 0xeaba80, 0xeaba81, 0xeaba82, 0xeaba83,
    0x000000, 0x000000, 0x000000, 0xeaba84, 0xeaba85, 0xeaba86, 0xeaba87, 0xeaba88, 0xeaba89,
    0xeaba8a, 0xeaba8b, 0xeaba8c, 0xeaba8d, 0xeaba8e, 0xeaba8f, 0xeaba90, 0xeaba91, 0xeaba92,
    0xeaba93, 0xeaba94, 0x000000, 0xeaba95, 0xeaba96, 0xeaba97, 0xeaba98, 0xeaba99, 0xeaba9a,
    0xeaba9b, 0xeaba9c, 0xeaba9d, 0xeaba9e, 0xeaba9f, 0x000000, 0x000000, 0x000000, 0xeabaa0,
    0xeabaa1, 0xeabaa2, 0xeabaa3, 0xeabaa4, 0xeabaa5, 0xeabaa6, 0xeabaa7, 0xeabaa8, 0xeabaa9,
    0xeabaaa, 0xeabaab, 0xeabaac, 0xeabaad, 0xeabaae, 0xeabaaf, 0xeabab0, 0x000000, 0xeabab1,
    0xeabab2, 0xeabab3, 0xeabab4, 0xeabab5, 0xeabab6, 0xeabab7, 0xeabab8, 0xeabab9, 0xeababa,
    0xeababb, 0x000000, 0x000000, 0x000000, 0xeababc, 0xeababd, 0xeababe, 0xeababf, 0xeabb80,
    0xeabb81, 0xeabb82, 0xeabb83, 0xeabb84, 0xeabb85, 0xeabb86, 0xeabb87, 0xeabb88, 0xeabb89,
    0xeabb8a, 0xeabb8b, 0xeabb8c, 0x000000, 0xeabb8d, 0xeabb8e, 0xeabb8f, 0xeabb90, 0xeabb91,
    0xeabb92, 0xeabb93, 0xeabb94, 0xeabb95, 0xeabb96, 0xeabb97, 0x000000, 0x000000, 0x000000,
    0x000000, 0x000000, 0x000000, 0x000000, 0x000000, 0x000000, 0x000000, 0x000000, 0x000000,
    0x000000, 0x000000, 0x000000, 0x000000, 0xeabb98, 0xeabb99, 0xeabb9a, 0xeabb9b, 0xeabb9c,
    0xeabb9d, 0xeabb9e, 0xeabb9f, 0xeabba0, 0xeabba1, 0xeabba2, 0xeabba3, 0xeabba4, 0xeabba5,
    0xeabba6, 0xeabba7, 0xeabba8, 0x000000, 0xeabba9, 0xeabbaa, 0xeabbab, 0xeabbac, 0xeabbad,
    0xeabbae, 0xeabbaf, 0xeabbb0, 0xeabbb1, 0xeabbb2, 0xeabbb3, 0x000000, 0x000000, 0x000000,
    0xeabbb4, 0xeabbb5, 0xeabbb6, 0xeabbb7, 0xeabbb8, 0xeabbb9, 0xeabbba, 0xeabbbb, 0xeabbbc,
    0xeabbbd, 0xeabbbe, 0xeabbbf, 0xeabc80, 0xeabc81, 0xeabc82, 0xeabc83, 0xeabc84, 0x000000,
    0xeabc85, 0xeabc86, 0xeabc87, 0xeabc88, 0xeabc89, 0xeabc8a, 0xeabc8b, 0xeabc8c, 0xeabc8d,
    0xeabc8e, 0xeabc8f, 0x000000, 0x000000, 0x000000, 0xeabc90, 0xeabc91, 0xeabc92, 0xeabc93,
    0xeabc94, 0xeabc95, 0xeabc96, 0xeabc97, 0xeabc98, 0xeabc99, 0xeabc9a, 0xeabc9b, 0xeabc9c,
    0xeabc9d, 0xeabc9e, 0xeabc9f, 0xeabca0, 0x000000, 0xeabca1, 0xeabca2, 0xeabca3, 0xeabca4,
    0xeabca5, 0xeabca6, 0xeabca7, 0xeabca8, 0xeabca9, 0xeabcaa, 0xeabcab, 0x000000, 0x000000,
    0x000000, 0xeabcac, 0xeabcad, 0xeabcae, 0xeabcaf, 0xeabcb0, 0xeabcb1, 0xeabcb2, 0xeabcb3,
    0xeabcb4, 0xeabcb5, 0xeabcb6, 0xeabcb7, 0xeabcb8, 0xeabcb9, 0xeabcba, 0xeabcbb, 0xeabcbc,
    0x000000, 0xeabcbd, 0xeabcbe, 0xeabcbf, 0xeabd80, 0xeabd81, 0xeabd82, 0xeabd83, 0xeabd84,
    0xeabd85, 0xeabd86, 0xeabd87, 0x000000, 0x000000, 0x000000, 0xeabd88, 0xeabd89, 0xeabd8a,
    0xeabd8b, 0xeabd8c, 0xeabd8d, 0xeabd8e, 0xeabd8f, 0xeabd90, 0xeabd91, 0xeabd92, 0xeabd93,
    0xeabd94, 0xeabd95, 0xeabd96, 0xeabd97, 0xeabd98, 0x000000, 0xeabd99, 0xeabd9a, 0xeabd9b,
    0xeabd9c, 0xeabd9d, 0xeabd9e, 0xeabd9f, 0xeabda0, 0xeabda1, 0xeabda2, 0xeabda3, 0x000000,
    0x000000, 0x000000, 0xeabda4, 0xeabda5, 0xeabda6, 0xeabda7, 0xeabda8, 0xeabda9, 0xeabdaa,
    0xeabdab, 0xeabdac, 0xeabdad, 0xeabdae, 0xeabdaf, 0xeabdb0, 0xeabdb1, 0xeabdb2, 0xeabdb3,
    0xeabdb4, 0x000000, 0xeabdb5, 0xeabdb6, 0xeabdb7, 0xeabdb8, 0xeabdb9, 0xeabdba, 0xeabdbb,
    0xeabdbc, 0xeabdbd, 0xeabdbe, 0xeabdbf, 0x000000, 0x000000, 0x000000, 0x000000, 0x000000,
    0x000000, 0x000000, 0x000000, 0x000000, 0x000000, 0x000000, 0x000000, 0x000000, 0x000000,
    0x000000, 0x000000, 0xeabe80, 0xeabe81, 0xeabe82, 0xeabe83, 0xeabe84, 0xeabe85, 0xeabe86,
    0xeabe87, 0xeabe88, 0xeabe89, 0xeabe8a, 0xeabe8b, 0xeabe8c, 0xeabe8d, 0xeabe8e, 0xeabe8f,
    0xeabe90, 0x000000, 0xeabe91, 0xeabe92, 0xeabe93, 0xeabe94, 0xeabe95, 0xeabe96, 0xeabe97,
    0xeabe98, 0xeabe99, 0xeabe9a, 0xeabe9b, 0x000000, 0x000000, 0x000000, 0xeabe9c, 0xeabe9d,
    0xeabe9e, 0xeabe9f, 0xeabea0, 0xeabea1, 0xeabea2, 0xeabea3, 0xeabea4, 0xeabea5, 0xeabea6,
    0xeabea7, 0xeabea8, 0xeabea9, 0xeabeaa, 0xeabeab, 0xeabeac, 0x000000, 0xeabead, 0xeabeae,
    0xeabeaf, 0xeabeb0, 0xeabeb1, 0xeabeb2, 0xeabeb3, 0xeabeb4, 0xeabeb5, 0xeabeb6, 0xeabeb7,
    0x000000, 0x000000, 0x000000, 0xeabeb8, 0xeabeb9, 0xeabeba, 0xeabebb, 0xeabebc, 0xeabebd,
    0xeabebe, 0xeabebf, 0xeabf80, 0xeabf81, 0xeabf82, 0xeabf83, 0xeabf84, 0xeabf85, 0xeabf86,
    0xeabf87, 0xeabf88, 0x000000, 0xeabf89, 0xeabf8a, 0xeabf8b, 0xeabf8c, 0xeabf8d, 0xeabf8e,
    0xeabf8f, 0xeabf90, 0xeabf91, 0xeabf92, 0xeabf93, 0x000000, 0x000000, 0x000000, 0xeabf94,
    0xeabf95, 0xeabf96, 0xeabf97, 0xeabf98, 0xeabf99, 0xeabf9a, 0xeabf9b, 0xeabf9c, 0xeabf9d,
    0xeabf9e, 0xeabf9f, 0xeabfa0, 0xeabfa1, 0xeabfa2, 0xeabfa3, 0xeabfa4, 0x000000, 0xeabfa5,
    0xeabfa6, 0xeabfa7, 0xeabfa8, 0xeabfa9, 0xeabfaa, 0xeabfab, 0xeabfac, 0xeabfad, 0xeabfae,
    0xeabfaf, 0x000000, 0x000000, 0x000000, 0xeabfb0, 0xeabfb1, 0xeabfb2, 0xeabfb3, 0xeabfb4,
    0xeabfb5, 0xeabfb6, 0xeabfb7, 0xeabfb8, 0xeabfb9, 0xeabfba, 0xeabfbb, 0xeabfbc, 0xeabfbd,
    0xeabfbe, 0xeabfbf, 0xeb8080, 0x000000, 0xeb8081, 0xeb8082, 0xeb8083, 0xeb8084, 0xeb8085,
    0xeb8086, 0xeb8087, 0xeb8088, 0xeb8089, 0xeb808a, 0xeb808b, 0x000000, 0x000000, 0x000000,
    0xeb808c, 0xeb808d, 0xeb808e, 0xeb808f, 0xeb8090, 0xeb8091, 0xeb8092, 0xeb8093, 0xeb8094,
    0xeb8095, 0xeb8096, 0xeb8097, 0xeb8098, 0xeb8099, 0xeb809a, 0xeb809b, 0xeb809c, 0x000000,
    0xeb809d, 0xeb809e, 0xeb809f, 0xeb80a0, 0xeb80a1, 0xeb80a2, 0xeb80a3, 0xeb80a4, 0xeb80a5,
    0xeb80a6, 0xeb80a7, 0x000000, 0x000000, 0x000000, 0x000000, 0x000000, 0x000000, 0x000000,
    0x000000, 0x000000, 0x000000, 0x000000, 0x000000, 0x000000, 0x000000, 0x000000, 0x000000,
    0xeb80a8, 0xeb80a9, 0xeb80aa, 0xeb80ab, 0xeb80ac, 0xeb80ad, 0xeb80ae, 0xeb80af, 0xeb80b0,
    0xeb80b1, 0xeb80b2, 0xeb80b3, 0xeb80b4, 0xeb80b5, 0xeb80b6, 0xeb80b7, 0xeb80b8, 0x000000,
    0xeb80b9, 0xeb80ba, 0xeb80bb, 0xeb80bc, 0xeb80bd, 0xeb80be, 0xeb80bf, 0xeb8180, 0xeb8181,
    0xeb8182, 0xeb8183, 0x000000, 0x000000, 0x000000, 0xeb8184, 0xeb8185, 0xeb8186, 0xeb8187,
    0xeb8188, 0xeb8189, 0xeb818a, 0xeb818b, 0xeb818c, 0xeb818d, 0xeb818e, 0xeb818f, 0xeb8190,
    0xeb8191, 0xeb8192, 0xeb8193, 0xeb8194, 0x000000, 0xeb8195, 0xeb8196, 0xeb8197, 0xeb8198,
    0xeb8199, 0xeb819a, 0xeb819b, 0xeb819c, 0xeb819d, 0xeb819e, 0xeb819f, 0x000000, 0x000000,
    0x000000, 0xeb81a0, 0xeb81a1, 0xeb81a2, 0xeb81a3, 0xeb81a4, 0xeb81a5, 0xeb81a6, 0xeb81a7,
    0xeb81a8, 0xeb81a9, 0xeb81aa, 0xeb81ab, 0xeb81ac, 0xeb81ad, 0xeb81ae, 0xeb81af, 0xeb81b0,
    0x000000, 0xeb81b1, 0xeb81b2, 0xeb81b3, 0xeb81b4, 0xeb81b5, 0xeb81b6, 0xeb81b7, 0xeb81b8,
    0xeb81b9, 0xeb81ba, 0xeb81bb, 0x000000, 0x000000, 0x000000, 0xeb81bc, 0xeb81bd, 0xeb81be,
    0xeb81bf, 0xeb8280, 0xeb8281, 0xeb8282, 0xeb8283, 0xeb8284, 0xeb8285, 0xeb8286, 0xeb8287,
    0xeb8288, 0xeb8289, 0xeb828a, 0xeb828b, 0xeb828c, 0x000000, 0xeb828d, 0xeb828e, 0xeb828f,
    0xeb8290, 0xeb8291, 0xeb8292, 0xeb8293, 0xeb8294, 0xeb8295, 0xeb8296, 0xeb8297, 0x000000,
    0x000000, 0x000000, 0x000000, 0x000000, 0x000000, 0x000000, 0x000000, 0x000000, 0x000000,
    0x000000, 0x000000, 0x000000, 0x000000, 0x000000, 0x000000, 0x000000, 0x000000, 0x000000,
    0x000000, 0x000000, 0x000000, 0x000000, 0x000000, 0x000000, 0x000000, 0x000000, 0x000000,
    0x000000, 0x000000, 0x000000, 0x000000, 0x000000, 0x000000, 0x000000, 0x000000, 0x000000,
    0x000000, 0x000000, 0x000000, 0x000000, 0x000000, 0x000000, 0x000000, 0x000000, 0x000000,
    0x000000, 0x000000, 0x000000, 0x000000, 0x000000, 0x000000, 0x000000, 0x000000, 0x000000,
    0x000000, 0x000000, 0x000000, 0x000000, 0x000000, 0x000000, 0x000000, 0x000000, 0x000000,
    0x000000, 0xe384b4, 0x000000, 0x000000, 0x000000, 0x000000, 0x000000, 0x000000, 0x000000,
    0x000000, 0x000000, 0x000000, 0x000000, 0x000000, 0x000000, 0x000000, 0x000000, 0x000000,
    0x000000, 0x000000, 0x000000, 0x000000, 0x000000, 0x000000, 0x000000, 0x000000, 0x000000,
    0x000000, 0x000000, 0x000000, 0x000000, 0x000000, 0x000000, 0xeb8298, 0xeb8299, 0xeb829a,
    0xeb829b, 0xeb829c, 0xeb829d, 0xeb829e, 0xeb829f, 0xeb82a0, 0xeb82a1, 0xeb82a2, 0xeb82a3,
    0xeb82a4, 0xeb82a5, 0xeb82a6, 0xeb82a7, 0xeb82a8, 0x000000, 0xeb82a9, 0xeb82aa, 0xeb82ab,
    0xeb82ac, 0xeb82ad, 0xeb82ae, 0xeb82af, 0xeb82b0, 0xeb82b1, 0xeb82b2, 0xeb82b3, 0x000000,
    0x000000, 0x000000, 0xeb82b4, 0xeb82b5, 0xeb82b6, 0xeb82b7, 0xeb82b8, 0xeb82b9, 0xeb82ba,
    0xeb82bb, 0xeb82bc, 0xeb82bd, 0xeb82be, 0xeb82bf, 0xeb8380, 0xeb8381, 0xeb8382, 0xeb8383,
    0xeb8384, 0x000000, 0xeb8385, 0xeb8386, 0xeb8387, 0xeb8388, 0xeb8389, 0xeb838a, 0xeb838b,
    0xeb838c, 0xeb838d, 0xeb838e, 0xeb838f, 0x000000, 0x000000, 0x000000, 0xeb8390, 0xeb8391,
    0xeb8392, 0xeb8393, 0xeb8394, 0xeb8395, 0xeb8396, 0xeb8397, 0xeb8398, 0xeb8399, 0xeb839a,
    0xeb839b, 0xeb839c, 0xeb839d, 0xeb839e, 0xeb839f, 0xeb83a0, 0x000000, 0xeb83a1, 0xeb83a2,
    0xeb83a3, 0xeb83a4, 0xeb83a5, 0xeb83a6, 0xeb83a7, 0xeb83a8, 0xeb83a9, 0xeb83aa, 0xeb83ab,
    0x000000, 0x000000, 0x000000, 0xeb83ac, 0xeb83ad, 0xeb83ae, 0xeb83af, 0xeb83b0, 0xeb83b1,
    0xeb83b2, 0xeb83b3, 0xeb83b4, 0xeb83b5, 0xeb83b6, 0xeb83b7, 0xeb83b8, 0xeb83b9, 0xeb83ba,
    0xeb83bb, 0xeb83bc, 0x000000, 0xeb83bd, 0xeb83be, 0xeb83bf, 0xeb8480, 0xeb8481, 0xeb8482,
    0xeb8483, 0xeb8484, 0xeb8485, 0xeb8486, 0xeb8487, 0x000000, 0x000000, 0x000000, 0xeb8488,
    0xeb8489, 0xeb848a, 0xeb848b, 0xeb848c, 0xeb848d, 0xeb848e, 0xeb848f, 0xeb8490, 0xeb8491,
    0xeb8492, 0xeb8493, 0xeb8494, 0xeb8495, 0xeb8496, 0xeb8497, 0xeb8498, 0x000000, 0xeb8499,
    0xeb849a, 0xeb849b, 0xeb849c, 0xeb849d, 0xeb849e, 0xeb849f, 0xeb84a0, 0xeb84a1, 0xeb84a2,
    0xeb84a3, 0x000000, 0x000000, 0x000000, 0x000000, 0x000000, 0x000000, 0x000000, 0x000000,
    0x000000, 0x000000, 0x000000, 0x000000, 0x000000, 0x000000, 0x000000, 0x000000, 0xeb84a4,
    0xeb84a5, 0xeb84a6, 0xeb84a7, 0xeb84a8, 0xeb84a9, 0xeb84aa, 0xeb84ab, 0xeb84ac, 0xeb84ad,
    0xeb84ae, 0xeb84af, 0xeb84b0, 0xeb84b1, 0xeb84b2, 0xeb84b3, 0xeb84b4, 0x000000, 0xeb84b5,
    0xeb84b6, 0xeb84b7, 0xeb84b8, 0xeb84b9, 0xeb84ba, 0xeb84bb, 0xeb84bc, 0xeb84bd, 0xeb84be,
    0xeb84bf, 0x000000, 0x000000, 0x000000, 0xeb8580, 0xeb8581, 0xeb8582, 0xeb8583, 0xeb8584,
    0xeb8585, 0xeb8586, 0xeb8587, 0xeb8588, 0xeb8589, 0xeb858a, 0xeb858b, 0xeb858c, 0xeb858d,
    0xeb858e, 0xeb858f, 0xeb8590, 0x000000, 0xeb8591, 0xeb8592, 0xeb8593, 0xeb8594, 0xeb8595,
    0xeb8596, 0xeb8597, 0xeb8598, 0xeb8599, 0xeb859a, 0xeb859b, 0x000000, 0x000000, 0x000000,
    0xeb859c, 0xeb859d, 0xeb859e, 0xeb859f, 0xeb85a0, 0xeb85a1, 0xeb85a2, 0xeb85a3, 0xeb85a4,
    0xeb85a5, 0xeb85a6, 0xeb85a7, 0xeb85a8, 0xeb85a9, 0xeb85aa, 0xeb85ab, 0xeb85ac, 0x000000,
    0xeb85ad, 0xeb85ae, 0xeb85af, 0xeb85b0, 0xeb85b1, 0xeb85b2, 0xeb85b3, 0xeb85b4, 0xeb85b5,
    0xeb85b6, 0xeb85b7, 0x000000, 0x000000, 0x000000, 0xeb85b8, 0xeb85b9, 0xeb85ba, 0xeb85bb,
    0xeb85bc, 0xeb85bd, 0xeb85be, 0xeb85bf, 0xeb8680, 0xeb8681, 0xeb8682, 0xeb8683, 0xeb8684,
    0xeb8685, 0xeb8686, 0xeb8687, 0xeb8688, 0x000000, 0xeb8689, 0xeb868a, 0xeb868b, 0xeb868c,
    0xeb868d, 0xeb868e, 0xeb868f, 0xeb8690, 0xeb8691, 0xeb8692, 0xeb8693, 0x000000, 0x000000,
    0x000000, 0xeb8694, 0xeb8695, 0xeb8696, 0xeb8697, 0xeb8698, 0xeb8699, 0xeb869a, 0xeb869b,
    0xeb869c, 0xeb869d, 0xeb869e, 0xeb869f, 0xeb86a0, 0xeb86a1, 0xeb86a2, 0xeb86a3, 0xeb86a4,
    0x000000, 0xeb86a5, 0xeb86a6, 0xeb86a7, 0xeb86a8, 0xeb86a9, 0xeb86aa, 0xeb86ab, 0xeb86ac,
    0xeb86ad, 0xeb86ae, 0xeb86af, 0x000000, 0x000000, 0x000000, 0xeb86b0, 0xeb86b1, 0xeb86b2,
    0xeb86b3, 0xeb86b4, 0xeb86b5, 0xeb86b6, 0xeb86b7, 0xeb86b8, 0xeb86b9, 0xeb86ba, 0xeb86bb,
    0xeb86bc, 0xeb86bd, 0xeb86be, 0xeb86bf, 0xeb8780, 0x000000, 0xeb8781, 0xeb8782, 0xeb8783,
    0xeb8784, 0xeb8785, 0xeb8786, 0xeb8787, 0xeb8788, 0xeb8789, 0xeb878a, 0xeb878b, 0x000000,
    0x000000, 0x000000, 0x000000, 0x000000, 0x000000, 0x000000, 0x000000, 0x000000, 0x000000,
    0x000000, 0x000000, 0x000000, 0x000000, 0x000000, 0x000000, 0xeb878c, 0xeb878d, 0xeb878e,
    0xeb878f, 0xeb8790, 0xeb8791, 0xeb8792, 0xeb8793, 0xeb8794, 0xeb8795, 0xeb8796, 0xeb8797,
    0xeb8798, 0xeb8799, 0xeb879a, 0xeb879b, 0xeb879c, 0x000000, 0xeb879d, 0xeb879e, 0xeb879f,
    0xeb87a0, 0xeb87a1, 0xeb87a2, 0xeb87a3, 0xeb87a4, 0xeb87a5, 0xeb87a6, 0xeb87a7, 0x000000,
    0x000000, 0x000000, 0xeb87a8, 0xeb87a9, 0xeb87aa, 0xeb87ab, 0xeb87ac, 0xeb87ad, 0xeb87ae,
    0xeb87af, 0xeb87b0, 0xeb87b1, 0xeb87b2, 0xeb87b3, 0xeb87b4, 0xeb87b5, 0xeb87b6, 0xeb87b7,
    0xeb87b8, 0x000000, 0xeb87b9, 0xeb87ba, 0xeb87bb, 0xeb87bc, 0xeb87bd, 0xeb87be, 0xeb87bf,
    0xeb8880, 0xeb8881, 0xeb8882, 0xeb8883, 0x000000, 0x000000, 0x000000, 0xeb8884, 0xeb8885,
    0xeb8886, 0xeb8887, 0xeb8888, 0xeb8889, 0xeb888a, 0xeb888b, 0xeb888c, 0xeb888d, 0xeb888e,
    0xeb888f, 0xeb8890, 0xeb8891, 0xeb8892, 0xeb8893, 0xeb8894, 0x000000, 0xeb8895, 0xeb8896,
    0xeb8897, 0xeb8898, 0xeb8899, 0xeb889a, 0xeb889b, 0xeb889c, 0xeb889d, 0xeb889e, 0xeb889f,
    0x000000, 0x000000, 0x000000, 0xeb88a0, 0xeb88a1, 0xeb88a2, 0xeb88a3, 0xeb88a4, 0xeb88a5,
    0xeb88a6, 0xeb88a7, 0xeb88a8, 0xeb88a9, 0xeb88aa, 0xeb88ab, 0xeb88ac, 0xeb88ad, 0xeb88ae,
    0xeb88af, 0xeb88b0, 0x000000, 0xeb88b1, 0xeb88b2, 0xeb88b3, 0xeb88b4, 0xeb88b5, 0xeb88b6,
    0xeb88b7, 0xeb88b8, 0xeb88b9, 0xeb88ba, 0xeb88bb, 0x000000, 0x000000, 0x000000, 0xeb88bc,
    0xeb88bd, 0xeb88be, 0xeb88bf, 0xeb8980, 0xeb8981, 0xeb8982, 0xeb8983, 0xeb8984, 0xeb8985,
    0xeb8986, 0xeb8987, 0xeb8988, 0xeb8989, 0xeb898a, 0xeb898b, 0xeb898c, 0x000000, 0xeb898d,
    0xeb898e, 0xeb898f, 0xeb8990, 0xeb8991, 0xeb8992, 0xeb8993, 0xeb8994, 0xeb8995, 0xeb8996,
    0xeb8997, 0x000000, 0x000000, 0x000000, 0xeb8998, 0xeb8999, 0xeb899a, 0xeb899b, 0xeb899c,
    0xeb899d, 0xeb899e, 0xeb899f, 0xeb89a0, 0xeb89a1, 0xeb89a2, 0xeb89a3, 0xeb89a4, 0xeb89a5,
    0xeb89a6, 0xeb89a7, 0xeb89a8, 0x000000, 0xeb89a9, 0xeb89aa, 0xeb89ab, 0xeb89ac, 0xeb89ad,
    0xeb89ae, 0xeb89af, 0xeb89b0, 0xeb89b1, 0xeb89b2, 0xeb89b3, 0x000000, 0x000000, 0x000000,
    0x000000, 0x000000, 0x000000, 0x000000, 0x000000, 0x000000, 0x000000, 0x000000, 0x000000,
    0x000000, 0x000000, 0x000000, 0x000000, 0xeb89b4, 0xeb89b5, 0xeb89b6, 0xeb89b7, 0xeb89b8,
    0xeb89b9, 0xeb89ba, 0xeb89bb, 0xeb89bc, 0xeb89bd, 0xeb89be, 0xeb89bf, 0xeb8a80, 0xeb8a81,
    0xeb8a82, 0xeb8a83, 0xeb8a84, 0x000000, 0xeb8a85, 0xeb8a86, 0xeb8a87, 0xeb8a88, 0xeb8a89,
    0xeb8a8a, 0xeb8a8b, 0xeb8a8c, 0xeb8a8d, 0xeb8a8e, 0xeb8a8f, 0x000000, 0x000000, 0x000000,
    0xeb8a90, 0xeb8a91, 0xeb8a92, 0xeb8a93, 0xeb8a94, 0xeb8a95, 0xeb8a96, 0xeb8a97, 0xeb8a98,
    0xeb8a99, 0xeb8a9a, 0xeb8a9b, 0xeb8a9c, 0xeb8a9d, 0xeb8a9e, 0xeb8a9f, 0xeb8aa0, 0x000000,
    0xeb8aa1, 0xeb8aa2, 0xeb8aa3, 0xeb8aa4, 0xeb8aa5, 0xeb8aa6, 0xeb8aa7, 0xeb8aa8, 0xeb8aa9,
    0xeb8aaa, 0xeb8aab, 0x000000, 0x000000, 0x000000, 0xeb8aac, 0xeb8aad, 0xeb8aae, 0xeb8aaf,
    0xeb8ab0, 0xeb8ab1, 0xeb8ab2, 0xeb8ab3, 0xeb8ab4, 0xeb8ab5, 0xeb8ab6, 0xeb8ab7, 0xeb8ab8,
    0xeb8ab9, 0xeb8aba, 0xeb8abb, 0xeb8abc, 0x000000, 0xeb8abd, 0xeb8abe, 0xeb8abf, 0xeb8b80,
    0xeb8b81, 0xeb8b82, 0xeb8b83, 0xeb8b84, 0xeb8b85, 0xeb8b86, 0xeb8b87, 0x000000, 0x000000,
    0x000000, 0xeb8b88, 0xeb8b89, 0xeb8b8a, 0xeb8b8b, 0xeb8b8c, 0xeb8b8d, 0xeb8b8e, 0xeb8b8f,
    0xeb8b90, 0xeb8b91, 0xeb8b92, 0xeb8b93, 0xeb8b94, 0xeb8b95, 0xeb8b96, 0xeb8b97, 0xeb8b98,
    0x000000, 0xeb8b99, 0xeb8b9a, 0xeb8b9b, 0xeb8b9c, 0xeb8b9d, 0xeb8b9e, 0xeb8b9f, 0xeb8ba0,
    0xeb8ba1, 0xeb8ba2, 0xeb8ba3, 0x000000, 0x000000, 0x000000, 0x000000, 0x000000, 0x000000,
    0x000000, 0x000000, 0x000000, 0x000000, 0x000000, 0x000000, 0x000000, 0x000000, 0x000000,
    0x000000, 0x000000, 0x000000, 0x000000, 0x000000, 0x000000, 0x000000, 0x000000, 0x000000,
    0x000000, 0x000000, 0x000000, 0x000000, 0x000000, 0x000000, 0x000000, 0x000000, 0x000000,
    0x000000, 0x000000, 0x000000, 0x000000, 0x000000, 0x000000, 0x000000, 0x000000, 0x000000,
    0x000000, 0x000000, 0x000000, 0x000000, 0x000000, 0x000000, 0x000000, 0x000000, 0x000000,
    0x000000, 0x000000, 0x000000, 0x000000, 0x000000, 0x000000, 0x000000, 0x000000, 0x000000,
    0x000000, 0x000000, 0x000000, 0x000000, 0x000000, 0xe384b7, 0x000000, 0x000000, 0x000000,
    0x000000, 0x000000, 0x000000, 0x000000, 0x000000, 0x000000, 0x000000, 0x000000, 0x000000,
    0x000000, 0x000000, 0x000000, 0x000000, 0x000000, 0x000000, 0x000000, 0x000000, 0x000000,
    0x000000, 0x000000, 0x000000, 0x000000, 0x000000, 0x000000, 0x000000, 0x000000, 0x000000,
    0x000000, 0xeb8ba4, 0xeb8ba5, 0xeb8ba6, 0xeb8ba7, 0xeb8ba8, 0xeb8ba9, 0xeb8baa, 0xeb8bab,
    0xeb8bac, 0xeb8bad, 0xeb8bae, 0xeb8baf, 0xeb8bb0, 0xeb8bb1, 0xeb8bb2, 0xeb8bb3, 0xeb8bb4,
    0x000000, 0xeb8bb5, 0xeb8bb6, 0xeb8bb7, 0xeb8bb8, 0xeb8bb9, 0xeb8bba, 0xeb8bbb, 0xeb8bbc,
    0xeb8bbd, 0xeb8bbe, 0xeb8bbf, 0x000000, 0x000000, 0x000000, 0xeb8c80, 0xeb8c81, 0xeb8c82,
    0xeb8c83, 0xeb8c84, 0xeb8c85, 0xeb8c86, 0xeb8c87, 0xeb8c88, 0xeb8c89, 0xeb8c8a, 0xeb8c8b,
    0xeb8c8c, 0xeb8c8d, 0xeb8c8e, 0xeb8c8f, 0xeb8c90, 0x000000, 0xeb8c91, 0xeb8c92, 0xeb8c93,
    0xeb8c94, 0xeb8c95, 0xeb8c96, 0xeb8c97, 0xeb8c98, 0xeb8c99, 0xeb8c9a, 0xeb8c9b, 0x000000,
    0x000000, 0x000000, 0xeb8c9c, 0xeb8c9d, 0xeb8c9e, 0xeb8c9f, 0xeb8ca0, 0xeb8ca1, 0xeb8ca2,
    0xeb8ca3, 0xeb8ca4, 0xeb8ca5, 0xeb8ca6, 0xeb8ca7, 0xeb8ca8, 0xeb8ca9, 0xeb8caa, 0xeb8cab,
    0xeb8cac, 0x000000, 0xeb8cad, 0xeb8cae, 0xeb8caf, 0xeb8cb0, 0xeb8cb1, 0xeb8cb2, 0xeb8cb3,
    0xeb8cb4, 0xeb8cb5, 0xeb8cb6, 0xeb8cb7, 0x000000, 0x000000, 0x000000, 0xeb8cb8, 0xeb8cb9,
    0xeb8cba, 0xeb8cbb, 0xeb8cbc, 0xeb8cbd, 0xeb8cbe, 0xeb8cbf, 0xeb8d80, 0xeb8d81, 0xeb8d82,
    0xeb8d83, 0xeb8d84, 0xeb8d85, 0xeb8d86, 0xeb8d87, 0xeb8d88, 0x000000, 0xeb8d89, 0xeb8d8a,
    0xeb8d8b, 0xeb8d8c, 0xeb8d8d, 0xeb8d8e, 0xeb8d8f, 0xeb8d90, 0xeb8d91, 0xeb8d92, 0xeb8d93,
    0x000000, 0x000000, 0x000000, 0xeb8d94, 0xeb8d95, 0xeb8d96, 0xeb8d97, 0xeb8d98, 0xeb8d99,
    0xeb8d9a, 0xeb8d9b, 0xeb8d9c, 0xeb8d9d, 0xeb8d9e, 0xeb8d9f, 0xeb8da0, 0xeb8da1, 0xeb8da2,
    0xeb8da3, 0xeb8da4, 0x000000, 0xeb8da5, 0xeb8da6, 0xeb8da7, 0xeb8da8, 0xeb8da9, 0xeb8daa,
    0xeb8dab, 0xeb8dac, 0xeb8dad, 0xeb8dae, 0xeb8daf, 0x000000, 0x000000, 0x000000, 0x000000,
    0x000000, 0x000000, 0x000000, 0x000000, 0x000000, 0x000000, 0x000000, 0x000000, 0x000000,
    0x000000, 0x000000, 0x000000, 0xeb8db0, 0xeb8db1, 0xeb8db2, 0xeb8db3, 0xeb8db4, 0xeb8db5,
    0xeb8db6, 0xeb8db7, 0xeb8db8, 0xeb8db9, 0xeb8dba, 0xeb8dbb, 0xeb8dbc, 0xeb8dbd, 0xeb8dbe,
    0xeb8dbf, 0xeb8e80, 0x000000, 0xeb8e81, 0xeb8e82, 0xeb8e83, 0xeb8e84, 0xeb8e85, 0xeb8e86,
    0xeb8e87, 0xeb8e88, 0xeb8e89, 0xeb8e8a, 0xeb8e8b, 0x000000, 0x000000, 0x000000, 0xeb8e8c,
    0xeb8e8d, 0xeb8e8e, 0xeb8e8f, 0xeb8e90, 0xeb8e91, 0xeb8e92, 0xeb8e93, 0xeb8e94, 0xeb8e95,
    0xeb8e96, 0xeb8e97, 0xeb8e98, 0xeb8e99, 0xeb8e9a, 0xeb8e9b, 0xeb8e9c, 0x000000, 0xeb8e9d,
    0xeb8e9e, 0xeb8e9f, 0xeb8ea0, 0xeb8ea1, 0xeb8ea2, 0xeb8ea3, 0xeb8ea4, 0xeb8ea5, 0xeb8ea6,
    0xeb8ea7, 0x000000, 0x000000, 0x000000, 0xeb8ea8, 0xeb8ea9, 0xeb8eaa, 0xeb8eab, 0xeb8eac,
    0xeb8ead, 0xeb8eae, 0xeb8eaf, 0xeb8eb0, 0xeb8eb1, 0xeb8eb2, 0xeb8eb3, 0xeb8eb4, 0xeb8eb5,
    0xeb8eb6, 0xeb8eb7, 0xeb8eb8, 0x000000, 0xeb8eb9, 0xeb8eba, 0xeb8ebb, 0xeb8ebc, 0xeb8ebd,
    0xeb8ebe, 0xeb8ebf, 0xeb8f80, 0xeb8f81, 0xeb8f82, 0xeb8f83, 0x000000, 0x000000, 0x000000,
    0xeb8f84, 0xeb8f85, 0xeb8f86, 0xeb8f87, 0xeb8f88, 0xeb8f89, 0xeb8f8a, 0xeb8f8b, 0xeb8f8c,
    0xeb8f8d, 0xeb8f8e, 0xeb8f8f, 0xeb8f90, 0xeb8f91, 0xeb8f92, 0xeb8f93, 0xeb8f94, 0x000000,
    0xeb8f95, 0xeb8f96, 0xeb8f97, 0xeb8f98, 0xeb8f99, 0xeb8f9a, 0xeb8f9b, 0xeb8f9c, 0xeb8f9d,
    0xeb8f9e, 0xeb8f9f, 0x000000, 0x000000, 0x000000, 0xeb8fa0, 0xeb8fa1, 0xeb8fa2, 0xeb8fa3,
    0xeb8fa4, 0xeb8fa5, 0xeb8fa6, 0xeb8fa7, 0xeb8fa8, 0xeb8fa9, 0xeb8faa, 0xeb8fab, 0xeb8fac,
    0xeb8fad, 0xeb8fae, 0xeb8faf, 0xeb8fb0, 0x000000, 0xeb8fb1, 0xeb8fb2, 0xeb8fb3, 0xeb8fb4,
    0xeb8fb5, 0xeb8fb6, 0xeb8fb7, 0xeb8fb8, 0xeb8fb9, 0xeb8fba, 0xeb8fbb, 0x000000, 0x000000,
    0x000000, 0xeb8fbc, 0xeb8fbd, 0xeb8fbe, 0xeb8fbf, 0xeb9080, 0xeb9081, 0xeb9082, 0xeb9083,
    0xeb9084, 0xeb9085, 0xeb9086, 0xeb9087, 0xeb9088, 0xeb9089, 0xeb908a, 0xeb908b, 0xeb908c,
    0x000000, 0xeb908d, 0xeb908e, 0xeb908f, 0xeb9090, 0xeb9091, 0xeb9092, 0xeb9093, 0xeb9094,
    0xeb9095, 0xeb9096, 0xeb9097, 0x000000, 0x000000, 0x000000, 0x000000, 0x000000, 0x000000,
    0x000000, 0x000000, 0x000000, 0x000000, 0x000000, 0x000000, 0x000000, 0x000000, 0x000000,
    0x000000, 0xeb9098, 0xeb9099, 0xeb909a, 0xeb909b, 0xeb909c, 0xeb909d, 0xeb909e, 0xeb909f,
    0xeb90a0, 0xeb90a1, 0xeb90a2, 0xeb90a3, 0xeb90a4, 0xeb90a5, 0xeb90a6, 0xeb90a7, 0xeb90a8,
    0x000000, 0xeb90a9, 0xeb90aa, 0xeb90ab, 0xeb90ac, 0xeb90ad, 0xeb90ae, 0xeb90af, 0xeb90b0,
    0xeb90b1, 0xeb90b2, 0xeb90b3, 0x000000, 0x000000, 0x000000, 0xeb90b4, 0xeb90b5, 0xeb90b6,
    0xeb90b7, 0xeb90b8, 0xeb90b9, 0xeb90ba, 0xeb90bb, 0xeb90bc, 0xeb90bd, 0xeb90be, 0xeb90bf,
    0xeb9180, 0xeb9181, 0xeb9182, 0xeb9183, 0xeb9184, 0x000000, 0xeb9185, 0xeb9186, 0xeb9187,
    0xeb9188, 0xeb9189, 0xeb918a, 0xeb918b, 0xeb918c, 0xeb918d, 0xeb918e, 0xeb918f, 0x000000,
    0x000000, 0x000000, 0xeb9190, 0xeb9191, 0xeb9192, 0xeb9193, 0xeb9194, 0xeb9195, 0xeb9196,
    0xeb9197, 0xeb9198, 0xeb9199, 0xeb919a, 0xeb919b, 0xeb919c, 0xeb919d, 0xeb919e, 0xeb919f,
    0xeb91a0, 0x000000, 0xeb91a1, 0xeb91a2, 0xeb91a3, 0xeb91a4, 0xeb91a5, 0xeb91a6, 0xeb91a7,
    0xeb91a8, 0xeb91a9, 0xeb91aa, 0xeb91ab, 0x000000, 0x000000, 0x000000, 0xeb91ac, 0xeb91ad,
    0xeb91ae, 0xeb91af, 0xeb91b0, 0xeb91b1, 0xeb91b2, 0xeb91b3, 0xeb91b4, 0xeb91b5, 0xeb91b6,
    0xeb91b7, 0xeb91b8, 0xeb91b9, 0xeb91ba, 0xeb91bb, 0xeb91bc, 0x000000, 0xeb91bd, 0xeb91be,
    0xeb91bf, 0xeb9280, 0xeb9281, 0xeb9282, 0xeb9283, 0xeb9284, 0xeb9285, 0xeb9286, 0xeb9287,
    0x000000, 0x000000, 0x000000, 0xeb9288, 0xeb9289, 0xeb928a, 0xeb928b, 0xeb928c, 0xeb928d,
    0xeb928e, 0xeb928f, 0xeb9290, 0xeb9291, 0xeb9292, 0xeb9293, 0xeb9294, 0xeb9295, 0xeb9296,
    0xeb9297, 0xeb9298, 0x000000, 0xeb9299, 0xeb929a, 0xeb929b, 0xeb929c, 0xeb929d, 0xeb929e,
    0xeb929f, 0xeb92a0, 0xeb92a1, 0xeb92a2, 0xeb92a3, 0x000000, 0x000000, 0x000000, 0xeb92a4,
    0xeb92a5, 0xeb92a6, 0xeb92a7, 0xeb92a8, 0xeb92a9, 0xeb92aa, 0xeb92ab, 0xeb92ac, 0xeb92ad,
    0xeb92ae, 0xeb92af, 0xeb92b0, 0xeb92b1, 0xeb92b2, 0xeb92b3, 0xeb92b4, 0x000000, 0xeb92b5,
    0xeb92b6, 0xeb92b7, 0xeb92b8, 0xeb92b9, 0xeb92ba, 0xeb92bb, 0xeb92bc, 0xeb92bd, 0xeb92be,
    0xeb92bf, 0x000000, 0x000000, 0x000000, 0x000000, 0x000000, 0x000000, 0x000000, 0x000000,
    0x000000, 0x000000, 0x000000, 0x000000, 0x000000, 0x000000, 0x000000, 0x000000, 0xeb9380,
    0xeb9381, 0xeb9382, 0xeb9383, 0xeb9384, 0xeb9385, 0xeb9386, 0xeb9387, 0xeb9388, 0xeb9389,
    0xeb938a, 0xeb938b, 0xeb938c, 0xeb938d, 0xeb938e, 0xeb938f, 0xeb9390, 0x000000, 0xeb9391,
    0xeb9392, 0xeb9393, 0xeb9394, 0xeb9395, 0xeb9396, 0xeb9397, 0xeb9398, 0xeb9399, 0xeb939a,
    0xeb939b, 0x000000, 0x000000, 0x000000, 0xeb939c, 0xeb939d, 0xeb939e, 0xeb939f, 0xeb93a0,
    0xeb93a1, 0xeb93a2, 0xeb93a3, 0xeb93a4, 0xeb93a5, 0xeb93a6, 0xeb93a7, 0xeb93a8, 0xeb93a9,
    0xeb93aa, 0xeb93ab, 0xeb93ac, 0x000000, 0xeb93ad, 0xeb93ae, 0xeb93af, 0xeb93b0, 0xeb93b1,
    0xeb93b2, 0xeb93b3, 0xeb93b4, 0xeb93b5, 0xeb93b6, 0xeb93b7, 0x000000, 0x000000, 0x000000,
    0xeb93b8, 0xeb93b9, 0xeb93ba, 0xeb93bb, 0xeb93bc, 0xeb93bd, 0xeb93be, 0xeb93bf, 0xeb9480,
    0xeb9481, 0xeb9482, 0xeb9483, 0xeb9484, 0xeb9485, 0xeb9486, 0xeb9487, 0xeb9488, 0x000000,
    0xeb9489, 0xeb948a, 0xeb948b, 0xeb948c, 0xeb948d, 0xeb948e, 0xeb948f, 0xeb9490, 0xeb9491,
    0xeb9492, 0xeb9493, 0x000000, 0x000000, 0x000000, 0xeb9494, 0xeb9495, 0xeb9496, 0xeb9497,
    0xeb9498, 0xeb9499, 0xeb949a, 0xeb949b, 0xeb949c, 0xeb949d, 0xeb949e, 0xeb949f, 0xeb94a0,
    0xeb94a1, 0xeb94a2, 0xeb94a3, 0xeb94a4, 0x000000, 0xeb94a5, 0xeb94a6, 0xeb94a7, 0xeb94a8,
    0xeb94a9, 0xeb94aa, 0xeb94ab, 0xeb94ac, 0xeb94ad, 0xeb94ae, 0xeb94af, 0x000000, 0x000000,
    0x000000, 0x000000, 0x000000, 0x000000, 0x000000, 0x000000, 0x000000, 0x000000, 0x000000,
    0x000000, 0x000000, 0x000000, 0x000000, 0x000000, 0x000000, 0x000000, 0x000000, 0x000000,
    0x000000, 0x000000, 0x000000, 0x000000, 0x000000, 0x000000, 0x000000, 0x000000, 0x000000,
    0x000000, 0x000000, 0x000000, 0x000000, 0x000000, 0x000000, 0x000000, 0x000000, 0x000000,
    0x000000, 0x000000, 0x000000, 0x000000, 0x000000, 0x000000, 0x000000, 0x000000, 0x000000,
    0x000000, 0x000000, 0x000000, 0x000000, 0x000000, 0x000000, 0x000000, 0x000000, 0x000000,
    0x000000, 0x000000, 0x000000, 0x000000, 0x000000, 0x000000, 0x000000, 0x000000, 0x000000,
    0xe384b8, 0x000000, 0x000000, 0x000000, 0x000000, 0x000000, 0x000000, 0x000000, 0x000000,
    0x000000, 0x000000, 0x000000, 0x000000, 0x000000, 0x000000, 0x000000, 0x000000, 0x000000,
    0x000000, 0x000000, 0x000000, 0x000000, 0x000000, 0x000000, 0x000000, 0x000000, 0x000000,
    0x000000, 0x000000, 0x000000, 0x000000, 0x000000, 0xeb94b0, 0xeb94b1, 0xeb94b2, 0xeb94b3,
    0xeb94b4, 0xeb94b5, 0xeb94b6, 0xeb94b7, 0xeb94b8, 0xeb94b9, 0xeb94ba, 0xeb94bb, 0xeb94bc,
    0xeb94bd, 0xeb94be, 0xeb94bf, 0xeb9580, 0x000000, 0xeb9581, 0xeb9582, 0xeb9583, 0xeb9584,
    0xeb9585, 0xeb9586, 0xeb9587, 0xeb9588, 0xeb9589, 0xeb958a, 0xeb958b, 0x000000, 0x000000,
    0x000000, 0xeb958c, 0xeb958d, 0xeb958e, 0xeb958f, 0xeb9590, 0xeb9591, 0xeb9592, 0xeb9593,
    0xeb9594, 0xeb9595, 0xeb9596, 0xeb9597, 0xeb9598, 0xeb9599, 0xeb959a, 0xeb959b, 0xeb959c,
    0x000000, 0xeb959d, 0xeb959e, 0xeb959f, 0xeb95a0, 0xeb95a1, 0xeb95a2, 0xeb95a3, 0xeb95a4,
    0xeb95a5, 0xeb95a6, 0xeb95a7, 0x000000, 0x000000, 0x000000, 0xeb95a8, 0xeb95a9, 0xeb95aa,
    0xeb95ab, 0xeb95ac, 0xeb95ad, 0xeb95ae, 0xeb95af, 0xeb95b0, 0xeb95b1, 0xeb95b2, 0xeb95b3,
    0xeb95b4, 0xeb95b5, 0xeb95b6, 0xeb95b7, 0xeb95b8, 0x000000, 0xeb95b9, 0xeb95ba, 0xeb95bb,
    0xeb95bc, 0xeb95bd, 0xeb95be, 0xeb95bf, 0xeb9680, 0xeb9681, 0xeb9682, 0xeb9683, 0x000000,
    0x000000, 0x000000, 0xeb9684, 0xeb9685, 0xeb9686, 0xeb9687, 0xeb9688, 0xeb9689, 0xeb968a,
    0xeb968b, 0xeb968c, 0xeb968d, 0xeb968e, 0xeb968f, 0xeb9690, 0xeb9691, 0xeb9692, 0xeb9693,
    0xeb9694, 0x000000, 0xeb9695, 0xeb9696, 0xeb9697, 0xeb9698, 0xeb9699, 0xeb969a, 0xeb969b,
    0xeb969c, 0xeb969d, 0xeb969e, 0xeb969f, 0x000000, 0x000000, 0x000000, 0xeb96a0, 0xeb96a1,
    0xeb96a2, 0xeb96a3, 0xeb96a4, 0xeb96a5, 0xeb96a6, 0xeb96a7, 0xeb96a8, 0xeb96a9, 0xeb96aa,
    0xeb96ab, 0xeb96ac, 0xeb96ad, 0xeb96ae, 0xeb96af, 0xeb96b0, 0x000000, 0xeb96b1, 0xeb96b2,
    0xeb96b3, 0xeb96b4, 0xeb96b5, 0xeb96b6, 0xeb96b7, 0xeb96b8, 0xeb96b9, 0xeb96ba, 0xeb96bb,
    0x000000, 0x000000, 0x000000, 0x000000, 0x000000, 0x000000, 0x000000, 0x000000, 0x000000,
    0x000000, 0x000000, 0x000000, 0x000000, 0x000000, 0x000000, 0x000000, 0xeb96bc, 0xeb96bd,
    0xeb96be, 0xeb96bf, 0xeb9780, 0xeb9781, 0xeb9782, 0xeb9783, 0xeb9784, 0xeb9785, 0xeb9786,
    0xeb9787, 0xeb9788, 0xeb9789, 0xeb978a, 0xeb978b, 0xeb978c, 0x000000, 0xeb978d, 0xeb978e,
    0xeb978f, 0xeb9790, 0xeb9791, 0xeb9792, 0xeb9793, 0xeb9794, 0xeb9795, 0xeb9796, 0xeb9797,
    0x000000, 0x000000, 0x000000, 0xeb9798, 0xeb9799, 0xeb979a, 0xeb979b, 0xeb979c, 0xeb979d,
    0xeb979e, 0xeb979f, 0xeb97a0, 0xeb97a1, 0xeb97a2, 0xeb97a3, 0xeb97a4, 0xeb97a5, 0xeb97a6,
    0xeb97a7, 0xeb97a8, 0x000000, 0xeb97a9, 0xeb97aa, 0xeb97ab, 0xeb97ac, 0xeb97ad, 0xeb97ae,
    0xeb97af, 0xeb97b0, 0xeb97b1, 0xeb97b2, 0xeb97b3, 0x000000, 0x000000, 0x000000, 0xeb97b4,
    0xeb97b5, 0xeb97b6, 0xeb97b7, 0xeb97b8, 0xeb97b9, 0xeb97ba, 0xeb97bb, 0xeb97bc, 0xeb97bd,
    0xeb97be, 0xeb97bf, 0xeb9880, 0xeb9881, 0xeb9882, 0xeb9883, 0xeb9884, 0x000000, 0xeb9885,
    0xeb9886, 0xeb9887, 0xeb9888, 0xeb9889, 0xeb988a, 0xeb988b, 0xeb988c, 0xeb988d, 0xeb988e,
    0xeb988f, 0x000000, 0x000000, 0x000000, 0xeb9890, 0xeb9891, 0xeb9892, 0xeb9893, 0xeb9894,
    0xeb9895, 0xeb9896, 0xeb9897, 0xeb9898, 0xeb9899, 0xeb989a, 0xeb989b, 0xeb989c, 0xeb989d,
    0xeb989e, 0xeb989f, 0xeb98a0, 0x000000, 0xeb98a1, 0xeb98a2, 0xeb98a3, 0xeb98a4, 0xeb98a5,
    0xeb98a6, 0xeb98a7, 0xeb98a8, 0xeb98a9, 0xeb98aa, 0xeb98ab, 0x000000, 0x000000, 0x000000,
    0xeb98ac, 0xeb98ad, 0xeb98ae, 0xeb98af, 0xeb98b0, 0xeb98b1, 0xeb98b2, 0xeb98b3, 0xeb98b4,
    0xeb98b5, 0xeb98b6, 0xeb98b7, 0xeb98b8, 0xeb98b9, 0xeb98ba, 0xeb98bb, 0xeb98bc, 0x000000,
    0xeb98bd, 0xeb98be, 0xeb98bf, 0xeb9980, 0xeb9981, 0xeb9982, 0xeb9983, 0xeb9984, 0xeb9985,
    0xeb9986, 0xeb9987, 0x000000, 0x000000, 0x000000, 0xeb9988, 0xeb9989, 0xeb998a, 0xeb998b,
    0xeb998c, 0xeb998d, 0xeb998e, 0xeb998f, 0xeb9990, 0xeb9991, 0xeb9992, 0xeb9993, 0xeb9994,
    0xeb9995, 0xeb9996, 0xeb9997, 0xeb9998, 0x000000, 0xeb9999, 0xeb999a, 0xeb999b, 0xeb999c,
    0xeb999d, 0xeb999e, 0xeb999f, 0xeb99a0, 0xeb99a1, 0xeb99a2, 0xeb99a3, 0x000000, 0x000000,
    0x000000, 0x000000, 0x000000, 0x000000, 0x000000, 0x000000, 0x000000, 0x000000, 0x000000,
    0x000000, 0x000000, 0x000000, 0x000000, 0x000000, 0xeb99a4, 0xeb99a5, 0xeb99a6, 0xeb99a7,
    0xeb99a8, 0xeb99a9, 0xeb99aa, 0xeb99ab, 0xeb99ac, 0xeb99ad, 0xeb99ae, 0xeb99af, 0xeb99b0,
    0xeb99b1, 0xeb99b2, 0xeb99b3, 0xeb99b4, 0x000000, 0xeb99b5, 0xeb99b6, 0xeb99b7, 0xeb99b8,
    0xeb99b9, 0xeb99ba, 0xeb99bb, 0xeb99bc, 0xeb99bd, 0xeb99be, 0xeb99bf, 0x000000, 0x000000,
    0x000000, 0xeb9a80, 0xeb9a81, 0xeb9a82, 0xeb9a83, 0xeb9a84, 0xeb9a85, 0xeb9a86, 0xeb9a87,
    0xeb9a88, 0xeb9a89, 0xeb9a8a, 0xeb9a8b, 0xeb9a8c, 0xeb9a8d, 0xeb9a8e, 0xeb9a8f, 0xeb9a90,
    0x000000, 0xeb9a91, 0xeb9a92, 0xeb9a93, 0xeb9a94, 0xeb9a95, 0xeb9a96, 0xeb9a97, 0xeb9a98,
    0xeb9a99, 0xeb9a9a, 0xeb9a9b, 0x000000, 0x000000, 0x000000, 0xeb9a9c, 0xeb9a9d, 0xeb9a9e,
    0xeb9a9f, 0xeb9aa0, 0xeb9aa1, 0xeb9aa2, 0xeb9aa3, 0xeb9aa4, 0xeb9aa5, 0xeb9aa6, 0xeb9aa7,
    0xeb9aa8, 0xeb9aa9, 0xeb9aaa, 0xeb9aab, 0xeb9aac, 0x000000, 0xeb9aad, 0xeb9aae, 0xeb9aaf,
    0xeb9ab0, 0xeb9ab1, 0xeb9ab2, 0xeb9ab3, 0xeb9ab4, 0xeb9ab5, 0xeb9ab6, 0xeb9ab7, 0x000000,
    0x000000, 0x000000, 0xeb9ab8, 0xeb9ab9, 0xeb9aba, 0xeb9abb, 0xeb9abc, 0xeb9abd, 0xeb9abe,
    0xeb9abf, 0xeb9b80, 0xeb9b81, 0xeb9b82, 0xeb9b83, 0xeb9b84, 0xeb9b85, 0xeb9b86, 0xeb9b87,
    0xeb9b88, 0x000000, 0xeb9b89, 0xeb9b8a, 0xeb9b8b, 0xeb9b8c, 0xeb9b8d, 0xeb9b8e, 0xeb9b8f,
    0xeb9b90, 0xeb9b91, 0xeb9b92, 0xeb9b93, 0x000000, 0x000000, 0x000000, 0xeb9b94, 0xeb9b95,
    0xeb9b96, 0xeb9b97, 0xeb9b98, 0xeb9b99, 0xeb9b9a, 0xeb9b9b, 0xeb9b9c, 0xeb9b9d, 0xeb9b9e,
    0xeb9b9f, 0xeb9ba0, 0xeb9ba1, 0xeb9ba2, 0xeb9ba3, 0xeb9ba4, 0x000000, 0xeb9ba5, 0xeb9ba6,
    0xeb9ba7, 0xeb9ba8, 0xeb9ba9, 0xeb9baa, 0xeb9bab, 0xeb9bac, 0xeb9bad, 0xeb9bae, 0xeb9baf,
    0x000000, 0x000000, 0x000000, 0xeb9bb0, 0xeb9bb1, 0xeb9bb2, 0xeb9bb3, 0xeb9bb4, 0xeb9bb5,
    0xeb9bb6, 0xeb9bb7, 0xeb9bb8, 0xeb9bb9, 0xeb9bba, 0xeb9bbb, 0xeb9bbc, 0xeb9bbd, 0xeb9bbe,
    0xeb9bbf, 0xeb9c80, 0x000000, 0xeb9c81, 0xeb9c82, 0xeb9c83, 0xeb9c84, 0xeb9c85, 0xeb9c86,
    0xeb9c87, 0xeb9c88, 0xeb9c89, 0xeb9c8a, 0xeb9c8b, 0x000000, 0x000000, 0x000000, 0x000000,
    0x000000, 0x000000, 0x000000, 0x000000, 0x000000, 0x000000, 0x000000, 0x000000, 0x000000,
    0x000000, 0x000000, 0x000000, 0xeb9c8c, 0xeb9c8d, 0xeb9c8e, 0xeb9c8f, 0xeb9c90, 0xeb9c91,
    0xeb9c92, 0xeb9c93, 0xeb9c94, 0xeb9c95, 0xeb9c96, 0xeb9c97, 0xeb9c98, 0xeb9c99, 0xeb9c9a,
    0xeb9c9b, 0xeb9c9c, 0x000000, 0xeb9c9d, 0xeb9c9e, 0xeb9c9f, 0xeb9ca0, 0xeb9ca1, 0xeb9ca2,
    0xeb9ca3, 0xeb9ca4, 0xeb9ca5, 0xeb9ca6, 0xeb9ca7, 0x000000, 0x000000, 0x000000, 0xeb9ca8,
    0xeb9ca9, 0xeb9caa, 0xeb9cab, 0xeb9cac, 0xeb9cad, 0xeb9cae, 0xeb9caf, 0xeb9cb0, 0xeb9cb1,
    0xeb9cb2, 0xeb9cb3, 0xeb9cb4, 0xeb9cb5, 0xeb9cb6, 0xeb9cb7, 0xeb9cb8, 0x000000, 0xeb9cb9,
    0xeb9cba, 0xeb9cbb, 0xeb9cbc, 0xeb9cbd, 0xeb9cbe, 0xeb9cbf, 0xeb9d80, 0xeb9d81, 0xeb9d82,
    0xeb9d83, 0x000000, 0x000000, 0x000000, 0xeb9d84, 0xeb9d85, 0xeb9d86, 0xeb9d87, 0xeb9d88,
    0xeb9d89, 0xeb9d8a, 0xeb9d8b, 0xeb9d8c, 0xeb9d8d, 0xeb9d8e, 0xeb9d8f, 0xeb9d90, 0xeb9d91,
    0xeb9d92, 0xeb9d93, 0xeb9d94, 0x000000, 0xeb9d95, 0xeb9d96, 0xeb9d97, 0xeb9d98, 0xeb9d99,
    0xeb9d9a, 0xeb9d9b, 0xeb9d9c, 0xeb9d9d, 0xeb9d9e, 0xeb9d9f, 0x000000, 0x000000, 0x000000,
    0xeb9da0, 0xeb9da1, 0xeb9da2, 0xeb9da3, 0xeb9da4, 0xeb9da5, 0xeb9da6, 0xeb9da7, 0xeb9da8,
    0xeb9da9, 0xeb9daa, 0xeb9dab, 0xeb9dac, 0xeb9dad, 0xeb9dae, 0xeb9daf, 0xeb9db0, 0x000000,
    0xeb9db1, 0xeb9db2, 0xeb9db3, 0xeb9db4, 0xeb9db5, 0xeb9db6, 0xeb9db7, 0xeb9db8, 0xeb9db9,
    0xeb9dba, 0xeb9dbb, 0x000000, 0x000000, 0x000000, 0x000000, 0x000000, 0x000000, 0x000000,
    0x000000, 0x000000, 0x000000, 0x000000, 0x000000, 0x000000, 0x000000, 0x000000, 0x000000,
    0x000000, 0x000000, 0x000000, 0x000000, 0x000000, 0x000000, 0x000000, 0x000000, 0x000000,
    0x000000, 0x000000, 0x000000, 0x000000, 0x000000, 0x000000, 0x000000, 0x000000, 0x000000,
    0x000000, 0x000000, 0x000000, 0x000000, 0x000000, 0x000000, 0x000000, 0x000000, 0x000000,
    0x000000, 0x000000, 0x000000, 0x000000, 0x000000, 0x000000, 0x000000, 0x000000, 0x000000,
    0x000000, 0x000000, 0x000000, 0x000000, 0x000000, 0x000000, 0x000000, 0x000000, 0x000000,
    0x000000, 0x000000, 0x000000, 0x000000, 0xe384b9, 0x000000, 0x000000, 0x000000, 0x000000,
    0x000000, 0x000000, 0x000000, 0x000000, 0x000000, 0x000000, 0x000000, 0x000000, 0x000000,
    0x000000, 0x000000, 0x000000, 0x000000, 0x000000, 0x000000, 0x000000, 0x000000, 0x000000,
    0x000000, 0x000000, 0x000000, 0x000000, 0x000000, 0x000000, 0x000000, 0x000000, 0x000000,
    0xeb9dbc, 0xeb9dbd, 0xeb9dbe, 0xeb9dbf, 0xeb9e80, 0xeb9e81, 0xeb9e82, 0xeb9e83, 0xeb9e84,
    0xeb9e85, 0xeb9e86, 0xeb9e87, 0xeb9e88, 0xeb9e89, 0xeb9e8a, 0xeb9e8b, 0xeb9e8c, 0x000000,
    0xeb9e8d, 0xeb9e8e, 0xeb9e8f, 0xeb9e90, 0xeb9e91, 0xeb9e92, 0xeb9e93, 0xeb9e94, 0xeb9e95,
    0xeb9e96, 0xeb9e97, 0x000000, 0x000000, 0x000000, 0xeb9e98, 0xeb9e99, 0xeb9e9a, 0xeb9e9b,
    0xeb9e9c, 0xeb9e9d, 0xeb9e9e, 0xeb9e9f, 0xeb9ea0, 0xeb9ea1, 0xeb9ea2, 0xeb9ea3, 0xeb9ea4,
    0xeb9ea5, 0xeb9ea6, 0xeb9ea7, 0xeb9ea8, 0x000000, 0xeb9ea9, 0xeb9eaa, 0xeb9eab, 0xeb9eac,
    0xeb9ead, 0xeb9eae, 0xeb9eaf, 0xeb9eb0, 0xeb9eb1, 0xeb9eb2, 0xeb9eb3, 0x000000, 0x000000,
    0x000000, 0xeb9eb4, 0xeb9eb5, 0xeb9eb6, 0xeb9eb7, 0xeb9eb8, 0xeb9eb9, 0xeb9eba, 0xeb9ebb,
    0xeb9ebc, 0xeb9ebd, 0xeb9ebe, 0xeb9ebf, 0xeb9f80, 0xeb9f81, 0xeb9f82, 0xeb9f83, 0xeb9f84,
    0x000000, 0xeb9f85, 0xeb9f86, 0xeb9f87, 0xeb9f88, 0xeb9f89, 0xeb9f8a, 0xeb9f8b, 0xeb9f8c,
    0xeb9f8d, 0xeb9f8e, 0xeb9f8f, 0x000000, 0x000000, 0x000000, 0xeb9f90, 0xeb9f91, 0xeb9f92,
    0xeb9f93, 0xeb9f94, 0xeb9f95, 0xeb9f96, 0xeb9f97, 0xeb9f98, 0xeb9f99, 0xeb9f9a, 0xeb9f9b,
    0xeb9f9c, 0xeb9f9d, 0xeb9f9e, 0xeb9f9f, 0xeb9fa0, 0x000000, 0xeb9fa1, 0xeb9fa2, 0xeb9fa3,
    0xeb9fa4, 0xeb9fa5, 0xeb9fa6, 0xeb9fa7, 0xeb9fa8, 0xeb9fa9, 0xeb9faa, 0xeb9fab, 0x000000,
    0x000000, 0x000000, 0xeb9fac, 0xeb9fad, 0xeb9fae, 0xeb9faf, 0xeb9fb0, 0xeb9fb1, 0xeb9fb2,
    0xeb9fb3, 0xeb9fb4, 0xeb9fb5, 0xeb9fb6, 0xeb9fb7, 0xeb9fb8, 0xeb9fb9, 0xeb9fba, 0xeb9fbb,
    0xeb9fbc, 0x000000, 0xeb9fbd, 0xeb9fbe, 0xeb9fbf, 0xeba080, 0xeba081, 0xeba082, 0xeba083,
    0xeba084, 0xeba085, 0xeba086, 0xeba087, 0x000000, 0x000000, 0x000000, 0x000000, 0x000000,
    0x000000, 0x000000, 0x000000, 0x000000, 0x000000, 0x000000, 0x000000, 0x000000, 0x000000,
    0x000000, 0x000000, 0xeba088, 0xeba089, 0xeba08a, 0xeba08b, 0xeba08c, 0xeba08d, 0xeba08e,
    0xeba08f, 0xeba090, 0xeba091, 0xeba092, 0xeba093, 0xeba094, 0xeba095, 0xeba096, 0xeba097,
    0xeba098, 0x000000, 0xeba099, 0xeba09a, 0xeba09b, 0xeba09c, 0xeba09d, 0xeba09e, 0xeba09f,
    0xeba0a0, 0xeba0a1, 0xeba0a2, 0xeba0a3, 0x000000, 0x000000, 0x000000, 0xeba0a4, 0xeba0a5,
    0xeba0a6, 0xeba0a7, 0xeba0a8, 0xeba0a9, 0xeba0aa, 0xeba0ab, 0xeba0ac, 0xeba0ad, 0xeba0ae,
    0xeba0af, 0xeba0b0, 0xeba0b1, 0xeba0b2, 0xeba0b3, 0xeba0b4, 0x000000, 0xeba0b5, 0xeba0b6,
    0xeba0b7, 0xeba0b8, 0xeba0b9, 0xeba0ba, 0xeba0bb, 0xeba0bc, 0xeba0bd, 0xeba0be, 0xeba0bf,
    0x000000, 0x000000, 0x000000, 0xeba180, 0xeba181, 0xeba182, 0xeba183, 0xeba184, 0xeba185,
    0xeba186, 0xeba187, 0xeba188, 0xeba189, 0xeba18a, 0xeba18b, 0xeba18c, 0xeba18d, 0xeba18e,
    0xeba18f, 0xeba190, 0x000000, 0xeba191, 0xeba192, 0xeba193, 0xeba194, 0xeba195, 0xeba196,
    0xeba197, 0xeba198, 0xeba199, 0xeba19a, 0xeba19b, 0x000000, 0x000000, 0x000000, 0xeba19c,
    0xeba19d, 0xeba19e, 0xeba19f, 0xeba1a0, 0xeba1a1, 0xeba1a2, 0xeba1a3, 0xeba1a4, 0xeba1a5,
    0xeba1a6, 0xeba1a7, 0xeba1a8, 0xeba1a9, 0xeba1aa, 0xeba1ab, 0xeba1ac, 0x000000, 0xeba1ad,
    0xeba1ae, 0xeba1af, 0xeba1b0, 0xeba1b1, 0xeba1b2, 0xeba1b3, 0xeba1b4, 0xeba1b5, 0xeba1b6,
    0xeba1b7, 0x000000, 0x000000, 0x000000, 0xeba1b8, 0xeba1b9, 0xeba1ba, 0xeba1bb, 0xeba1bc,
    0xeba1bd, 0xeba1be, 0xeba1bf, 0xeba280, 0xeba281, 0xeba282, 0xeba283, 0xeba284, 0xeba285,
    0xeba286, 0xeba287, 0xeba288, 0x000000, 0xeba289, 0xeba28a, 0xeba28b, 0xeba28c, 0xeba28d,
    0xeba28e, 0xeba28f, 0xeba290, 0xeba291, 0xeba292, 0xeba293, 0x000000, 0x000000, 0x000000,
    0xeba294, 0xeba295, 0xeba296, 0xeba297, 0xeba298, 0xeba299, 0xeba29a, 0xeba29b, 0xeba29c,
    0xeba29d, 0xeba29e, 0xeba29f, 0xeba2a0, 0xeba2a1, 0xeba2a2, 0xeba2a3, 0xeba2a4, 0x000000,
    0xeba2a5, 0xeba2a6, 0xeba2a7, 0xeba2a8, 0xeba2a9, 0xeba2aa, 0xeba2ab, 0xeba2ac, 0xeba2ad,
    0xeba2ae, 0xeba2af, 0x000000, 0x000000, 0x000000, 0x000000, 0x000000, 0x000000, 0x000000,
    0x000000, 0x000000, 0x000000, 0x000000, 0x000000, 0x000000, 0x000000, 0x000000, 0x000000,
    0xeba2b0, 0xeba2b1, 0xeba2b2, 0xeba2b3, 0xeba2b4, 0xeba2b5, 0xeba2b6, 0xeba2b7, 0xeba2b8,
    0xeba2b9, 0xeba2ba, 0xeba2bb, 0xeba2bc, 0xeba2bd, 0xeba2be, 0xeba2bf, 0xeba380, 0x000000,
    0xeba381, 0xeba382, 0xeba383, 0xeba384, 0xeba385, 0xeba386, 0xeba387, 0xeba388, 0xeba389,
    0xeba38a, 0xeba38b, 0x000000, 0x000000, 0x000000, 0xeba38c, 0xeba38d, 0xeba38e, 0xeba38f,
    0xeba390, 0xeba391, 0xeba392, 0xeba393, 0xeba394, 0xeba395, 0xeba396, 0xeba397, 0xeba398,
    0xeba399, 0xeba39a, 0xeba39b, 0xeba39c, 0x000000, 0xeba39d, 0xeba39e, 0xeba39f, 0xeba3a0,
    0xeba3a1, 0xeba3a2, 0xeba3a3, 0xeba3a4, 0xeba3a5, 0xeba3a6, 0xeba3a7, 0x000000, 0x000000,
    0x000000, 0xeba3a8, 0xeba3a9, 0xeba3aa, 0xeba3ab, 0xeba3ac, 0xeba3ad, 0xeba3ae, 0xeba3af,
    0xeba3b0, 0xeba3b1, 0xeba3b2, 0xeba3b3, 0xeba3b4, 0xeba3b5, 0xeba3b6, 0xeba3b7, 0xeba3b8,
    0x000000, 0xeba3b9, 0xeba3ba, 0xeba3bb, 0xeba3bc, 0xeba3bd, 0xeba3be, 0xeba3bf, 0xeba480,
    0xeba481, 0xeba482, 0xeba483, 0x000000, 0x000000, 0x000000, 0xeba484, 0xeba485, 0xeba486,
    0xeba487, 0xeba488, 0xeba489, 0xeba48a, 0xeba48b, 0xeba48c, 0xeba48d, 0xeba48e, 0xeba48f,
    0xeba490, 0xeba491, 0xeba492, 0xeba493, 0xeba494, 0x000000, 0xeba495, 0xeba496, 0xeba497,
    0xeba498, 0xeba499, 0xeba49a, 0xeba49b, 0xeba49c, 0xeba49d, 0xeba49e, 0xeba49f, 0x000000,
    0x000000, 0x000000, 0xeba4a0, 0xeba4a1, 0xeba4a2, 0xeba4a3, 0xeba4a4, 0xeba4a5, 0xeba4a6,
    0xeba4a7, 0xeba4a8, 0xeba4a9, 0xeba4aa, 0xeba4ab, 0xeba4ac, 0xeba4ad, 0xeba4ae, 0xeba4af,
    0xeba4b0, 0x000000, 0xeba4b1, 0xeba4b2, 0xeba4b3, 0xeba4b4, 0xeba4b5, 0xeba4b6, 0xeba4b7,
    0xeba4b8, 0xeba4b9, 0xeba4ba, 0xeba4bb, 0x000000, 0x000000, 0x000000, 0xeba4bc, 0xeba4bd,
    0xeba4be, 0xeba4bf, 0xeba580, 0xeba581, 0xeba582, 0xeba583, 0xeba584, 0xeba585, 0xeba586,
    0xeba587, 0xeba588, 0xeba589, 0xeba58a, 0xeba58b, 0xeba58c, 0x000000, 0xeba58d, 0xeba58e,
    0xeba58f, 0xeba590, 0xeba591, 0xeba592, 0xeba593, 0xeba594, 0xeba595, 0xeba596, 0xeba597,
    0x000000, 0x000000, 0x000000, 0x000000, 0x000000, 0x000000, 0x000000, 0x000000, 0x000000,
    0x000000, 0x000000, 0x000000, 0x000000, 0x000000, 0x000000, 0x000000, 0xeba598, 0xeba599,
    0xeba59a, 0xeba59b, 0xeba59c, 0xeba59d, 0xeba59e, 0xeba59f, 0xeba5a0, 0xeba5a1, 0xeba5a2,
    0xeba5a3, 0xeba5a4, 0xeba5a5, 0xeba5a6, 0xeba5a7, 0xeba5a8, 0x000000, 0xeba5a9, 0xeba5aa,
    0xeba5ab, 0xeba5ac, 0xeba5ad, 0xeba5ae, 0xeba5af, 0xeba5b0, 0xeba5b1, 0xeba5b2, 0xeba5b3,
    0x000000, 0x000000, 0x000000, 0xeba5b4, 0xeba5b5, 0xeba5b6, 0xeba5b7, 0xeba5b8, 0xeba5b9,
    0xeba5ba, 0xeba5bb, 0xeba5bc, 0xeba5bd, 0xeba5be, 0xeba5bf, 0xeba680, 0xeba681, 0xeba682,
    0xeba683, 0xeba684, 0x000000, 0xeba685, 0xeba686, 0xeba687, 0xeba688, 0xeba689, 0xeba68a,
    0xeba68b, 0xeba68c, 0xeba68d, 0xeba68e, 0xeba68f, 0x000000, 0x000000, 0x000000, 0xeba690,
    0xeba691, 0xeba692, 0xeba693, 0xeba694, 0xeba695, 0xeba696, 0xeba697, 0xeba698, 0xeba699,
    0xeba69a, 0xeba69b, 0xeba69c, 0xeba69d, 0xeba69e, 0xeba69f, 0xeba6a0, 0x000000, 0xeba6a1,
    0xeba6a2, 0xeba6a3, 0xeba6a4, 0xeba6a5, 0xeba6a6, 0xeba6a7, 0xeba6a8, 0xeba6a9, 0xeba6aa,
    0xeba6ab, 0x000000, 0x000000, 0x000000, 0xeba6ac, 0xeba6ad, 0xeba6ae, 0xeba6af, 0xeba6b0,
    0xeba6b1, 0xeba6b2, 0xeba6b3, 0xeba6b4, 0xeba6b5, 0xeba6b6, 0xeba6b7, 0xeba6b8, 0xeba6b9,
    0xeba6ba, 0xeba6bb, 0xeba6bc, 0x000000, 0xeba6bd, 0xeba6be, 0xeba6bf, 0xeba780, 0xeba781,
    0xeba782, 0xeba783, 0xeba784, 0xeba785, 0xeba786, 0xeba787, 0x000000, 0x000000, 0x000000,
    0x000000, 0x000000, 0x000000, 0x000000, 0x000000, 0x000000, 0x000000, 0x000000, 0x000000,
    0x000000, 0x000000, 0x000000, 0x000000, 0x000000, 0x000000, 0x000000, 0x000000, 0x000000,
    0x000000, 0x000000, 0x000000, 0x000000, 0x000000, 0x000000, 0x000000, 0x000000, 0x000000,
    0x000000, 0x000000, 0x000000, 0x000000, 0x000000, 0x000000, 0x000000, 0x000000, 0x000000,
    0x000000, 0x000000, 0x000000, 0x000000, 0x000000, 0x000000, 0x000000, 0x000000, 0x000000,
    0x000000, 0x000000, 0x000000, 0x000000, 0x000000, 0x000000, 0x000000, 0x000000, 0x000000,
    0x000000, 0x000000, 0x000000, 0x000000, 0x000000, 0x000000, 0x000000, 0x000000, 0xe38581,
    0x000000, 0x000000, 0x000000, 0x000000, 0x000000, 0x000000, 0x000000, 0x000000, 0x000000,
    0x000000, 0x000000, 0x000000, 0x000000, 0x000000, 0x000000, 0x000000, 0x000000, 0x000000,
    0x000000, 0x000000, 0x000000, 0x000000, 0x000000, 0x000000, 0x000000, 0x000000, 0x000000,
    0x000000, 0x000000, 0x000000, 0x000000, 0xeba788, 0xeba789, 0xeba78a, 0xeba78b, 0xeba78c,
    0xeba78d, 0xeba78e, 0xeba78f, 0xeba790, 0xeba791, 0xeba792, 0xeba793, 0xeba794, 0xeba795,
    0xeba796, 0xeba797, 0xeba798, 0x000000, 0xeba799, 0xeba79a, 0xeba79b, 0xeba79c, 0xeba79d,
    0xeba79e, 0xeba79f, 0xeba7a0, 0xeba7a1, 0xeba7a2, 0xeba7a3, 0x000000, 0x000000, 0x000000,
    0xeba7a4, 0xeba7a5, 0xeba7a6, 0xeba7a7, 0xeba7a8, 0xeba7a9, 0xeba7aa, 0xeba7ab, 0xeba7ac,
    0xeba7ad, 0xeba7ae, 0xeba7af, 0xeba7b0, 0xeba7b1, 0xeba7b2, 0xeba7b3, 0xeba7b4, 0x000000,
    0xeba7b5, 0xeba7b6, 0xeba7b7, 0xeba7b8, 0xeba7b9, 0xeba7ba, 0xeba7bb, 0xeba7bc, 0xeba7bd,
    0xeba7be, 0xeba7bf, 0x000000, 0x000000, 0x000000, 0xeba880, 0xeba881, 0xeba882, 0xeba883,
    0xeba884, 0xeba885, 0xeba886, 0xeba887, 0xeba888, 0xeba889, 0xeba88a, 0xeba88b, 0xeba88c,
    0xeba88d, 0xeba88e, 0xeba88f, 0xeba890, 0x000000, 0xeba891, 0xeba892, 0xeba893, 0xeba894,
    0xeba895, 0xeba896, 0xeba897, 0xeba898, 0xeba899, 0xeba89a, 0xeba89b, 0x000000, 0x000000,
    0x000000, 0xeba89c, 0xeba89d, 0xeba89e, 0xeba89f, 0xeba8a0, 0xeba8a1, 0xeba8a2, 0xeba8a3,
    0xeba8a4, 0xeba8a5, 0xeba8a6, 0xeba8a7, 0xeba8a8, 0xeba8a9, 0xeba8aa, 0xeba8ab, 0xeba8ac,
    0x000000, 0xeba8ad, 0xeba8ae, 0xeba8af, 0xeba8b0, 0xeba8b1, 0xeba8b2, 0xeba8b3, 0xeba8b4,
    0xeba8b5, 0xeba8b6, 0xeba8b7, 0x000000, 0x000000, 0x000000, 0xeba8b8, 0xeba8b9, 0xeba8ba,
    0xeba8bb, 0xeba8bc, 0xeba8bd, 0xeba8be, 0xeba8bf, 0xeba980, 0xeba981, 0xeba982, 0xeba983,
    0xeba984, 0xeba985, 0xeba986, 0xeba987, 0xeba988, 0x000000, 0xeba989, 0xeba98a, 0xeba98b,
    0xeba98c, 0xeba98d, 0xeba98e, 0xeba98f, 0xeba990, 0xeba991, 0xeba992, 0xeba993, 0x000000,
    0x000000, 0x000000, 0x000000, 0x000000, 0x000000, 0x000000, 0x000000, 0x000000, 0x000000,
    0x000000, 0x000000, 0x000000, 0x000000, 0x000000, 0x000000, 0xeba994, 0xeba995, 0xeba996,
    0xeba997, 0xeba998, 0xeba999, 0xeba99a, 0xeba99b, 0xeba99c, 0xeba99d, 0xeba99e, 0xeba99f,
    0xeba9a0, 0xeba9a1, 0xeba9a2, 0xeba9a3, 0xeba9a4, 0x000000, 0xeba9a5, 0xeba9a6, 0xeba9a7,
    0xeba9a8, 0xeba9a9, 0xeba9aa, 0xeba9ab, 0xeba9ac, 0xeba9ad, 0xeba9ae, 0xeba9af, 0x000000,
    0x000000, 0x000000, 0xeba9b0, 0xeba9b1, 0xeba9b2, 0xeba9b3, 0xeba9b4, 0xeba9b5, 0xeba9b6,
    0xeba9b7, 0xeba9b8, 0xeba9b9, 0xeba9ba, 0xeba9bb, 0xeba9bc, 0xeba9bd, 0xeba9be, 0xeba9bf,
    0xebaa80, 0x000000, 0xebaa81, 0xebaa82, 0xebaa83, 0xebaa84, 0xebaa85, 0xebaa86, 0xebaa87,
    0xebaa88, 0xebaa89, 0xebaa8a, 0xebaa8b, 0x000000, 0x000000, 0x000000, 0xebaa8c, 0xebaa8d,
    0xebaa8e, 0xebaa8f, 0xebaa90, 0xebaa91, 0xebaa92, 0xebaa93, 0xebaa94, 0xebaa95, 0xebaa96,
    0xebaa97, 0xebaa98, 0xebaa99, 0xebaa9a, 0xebaa9b, 0xebaa9c, 0x000000, 0xebaa9d, 0xebaa9e,
    0xebaa9f, 0xebaaa0, 0xebaaa1, 0xebaaa2, 0xebaaa3, 0xebaaa4, 0xebaaa5, 0xebaaa6, 0xebaaa7,
    0x000000, 0x000000, 0x000000, 0xebaaa8, 0xebaaa9, 0xebaaaa, 0xebaaab, 0xebaaac, 0xebaaad,
    0xebaaae, 0xebaaaf, 0xebaab0, 0xebaab1, 0xebaab2, 0xebaab3, 0xebaab4, 0xebaab5, 0xebaab6,
    0xebaab7, 0xebaab8, 0x000000, 0xebaab9, 0xebaaba, 0xebaabb, 0xebaabc, 0xebaabd, 0xebaabe,
    0xebaabf, 0xebab80, 0xebab81, 0xebab82, 0xebab83, 0x000000, 0x000000, 0x000000, 0xebab84,
    0xebab85, 0xebab86, 0xebab87, 0xebab88, 0xebab89, 0xebab8a, 0xebab8b, 0xebab8c, 0xebab8d,
    0xebab8e, 0xebab8f, 0xebab90, 0xebab91, 0xebab92, 0xebab93, 0xebab94, 0x000000, 0xebab95,
    0xebab96, 0xebab97, 0xebab98, 0xebab99, 0xebab9a, 0xebab9b, 0xebab9c, 0xebab9d, 0xebab9e,
    0xebab9f, 0x000000, 0x000000, 0x000000, 0xebaba0, 0xebaba1, 0xebaba2, 0xebaba3, 0xebaba4,
    0xebaba5, 0xebaba6, 0xebaba7, 0xebaba8, 0xebaba9, 0xebabaa, 0xebabab, 0xebabac, 0xebabad,
    0xebabae, 0xebabaf, 0xebabb0, 0x000000, 0xebabb1, 0xebabb2, 0xebabb3, 0xebabb4, 0xebabb5,
    0xebabb6, 0xebabb7, 0xebabb8, 0xebabb9, 0xebabba, 0xebabbb, 0x000000, 0x000000, 0x000000,
    0x000000, 0x000000, 0x000000, 0x000000, 0x000000, 0x000000, 0x000000, 0x000000, 0x000000,
    0x000000, 0x000000, 0x000000, 0x000000, 0xebabbc, 0xebabbd, 0xebabbe, 0xebabbf, 0xebac80,
    0xebac81, 0xebac82, 0xebac83, 0xebac84, 0xebac85, 0xebac86, 0xebac87, 0xebac88, 0xebac89,
    0xebac8a, 0xebac8b, 0xebac8c, 0x000000, 0xebac8d, 0xebac8e, 0xebac8f, 0xebac90, 0xebac91,
    0xebac92, 0xebac93, 0xebac94, 0xebac95, 0xebac96, 0xebac97, 0x000000, 0x000000, 0x000000,
    0xebac98, 0xebac99, 0xebac9a, 0xebac9b, 0xebac9c, 0xebac9d, 0xebac9e, 0xebac9f, 0xebaca0,
    0xebaca1, 0xebaca2, 0xebaca3, 0xebaca4, 0xebaca5, 0xebaca6, 0xebaca7, 0xebaca8, 0x000000,
    0xebaca9, 0xebacaa, 0xebacab, 0xebacac, 0xebacad, 0xebacae, 0xebacaf, 0xebacb0, 0xebacb1,
    0xebacb2, 0xebacb3, 0x000000, 0x000000, 0x000000, 0xebacb4, 0xebacb5, 0xebacb6, 0xebacb7,
    0xebacb8, 0xebacb9, 0xebacba, 0xebacbb, 0xebacbc, 0xebacbd, 0xebacbe, 0xebacbf, 0xebad80,
    0xebad81, 0xebad82, 0xebad83, 0xebad84, 0x000000, 0xebad85, 0xebad86, 0xebad87, 0xebad88,
    0xebad89, 0xebad8a, 0xebad8b, 0xebad8c, 0xebad8d, 0xebad8e, 0xebad8f, 0x000000, 0x000000,
    0x000000, 0xebad90, 0xebad91, 0xebad92, 0xebad93, 0xebad94, 0xebad95, 0xebad96, 0xebad97,
    0xebad98, 0xebad99, 0xebad9a, 0xebad9b, 0xebad9c, 0xebad9d, 0xebad9e, 0xebad9f, 0xebada0,
    0x000000, 0xebada1, 0xebada2, 0xebada3, 0xebada4, 0xebada5, 0xebada6, 0xebada7, 0xebada8,
    0xebada9, 0xebadaa, 0xebadab, 0x000000, 0x000000, 0x000000, 0xebadac, 0xebadad, 0xebadae,
    0xebadaf, 0xebadb0, 0xebadb1, 0xebadb2, 0xebadb3, 0xebadb4, 0xebadb5, 0xebadb6, 0xebadb7,
    0xebadb8, 0xebadb9, 0xebadba, 0xebadbb, 0xebadbc, 0x000000, 0xebadbd, 0xebadbe, 0xebadbf,
    0xebae80, 0xebae81, 0xebae82, 0xebae83, 0xebae84, 0xebae85, 0xebae86, 0xebae87, 0x000000,
    0x000000, 0x000000, 0xebae88, 0xebae89, 0xebae8a, 0xebae8b, 0xebae8c, 0xebae8d, 0xebae8e,
    0xebae8f, 0xebae90, 0xebae91, 0xebae92, 0xebae93, 0xebae94, 0xebae95, 0xebae96, 0xebae97,
    0xebae98, 0x000000, 0xebae99, 0xebae9a, 0xebae9b, 0xebae9c, 0xebae9d, 0xebae9e, 0xebae9f,
    0xebaea0, 0xebaea1, 0xebaea2, 0xebaea3, 0x000000, 0x000000, 0x000000, 0x000000, 0x000000,
    0x000000, 0x000000, 0x000000, 0x000000, 0x000000, 0x000000, 0x000000, 0x000000, 0x000000,
    0x000000, 0x000000, 0xebaea4, 0xebaea5, 0xebaea6, 0xebaea7, 0xebaea8, 0xebaea9, 0xebaeaa,
    0xebaeab, 0xebaeac, 0xebaead, 0xebaeae, 0xebaeaf, 0xebaeb0, 0xebaeb1, 0xebaeb2, 0xebaeb3,
    0xebaeb4, 0x000000, 0xebaeb5, 0xebaeb6, 0xebaeb7, 0xebaeb8, 0xebaeb9, 0xebaeba, 0xebaebb,
    0xebaebc, 0xebaebd, 0xebaebe, 0xebaebf, 0x000000, 0x000000, 0x000000, 0xebaf80, 0xebaf81,
    0xebaf82, 0xebaf83, 0xebaf84, 0xebaf85, 0xebaf86, 0xebaf87, 0xebaf88, 0xebaf89, 0xebaf8a,
    0xebaf8b, 0xebaf8c, 0xebaf8d, 0xebaf8e, 0xebaf8f, 0xebaf90, 0x000000, 0xebaf91, 0xebaf92,
    0xebaf93, 0xebaf94, 0xebaf95, 0xebaf96, 0xebaf97, 0xebaf98, 0xebaf99, 0xebaf9a, 0xebaf9b,
    0x000000, 0x000000, 0x000000, 0xebaf9c, 0xebaf9d, 0xebaf9e, 0xebaf9f, 0xebafa0, 0xebafa1,
    0xebafa2, 0xebafa3, 0xebafa4, 0xebafa5, 0xebafa6, 0xebafa7, 0xebafa8, 0xebafa9, 0xebafaa,
    0xebafab, 0xebafac, 0x000000, 0xebafad, 0xebafae, 0xebafaf, 0xebafb0, 0xebafb1, 0xebafb2,
    0xebafb3, 0xebafb4, 0xebafb5, 0xebafb6, 0xebafb7, 0x000000, 0x000000, 0x000000, 0xebafb8,
    0xebafb9, 0xebafba, 0xebafbb, 0xebafbc, 0xebafbd, 0xebafbe, 0xebafbf, 0xebb080, 0xebb081,
    0xebb082, 0xebb083, 0xebb084, 0xebb085, 0xebb086, 0xebb087, 0xebb088, 0x000000, 0xebb089,
    0xebb08a, 0xebb08b, 0xebb08c, 0xebb08d, 0xebb08e, 0xebb08f, 0xebb090, 0xebb091, 0xebb092,
    0xebb093, 0x000000, 0x000000, 0x000000, 0x000000, 0x000000, 0x000000, 0x000000, 0x000000,
    0x000000, 0x000000, 0x000000, 0x000000, 0x000000, 0x000000, 0x000000, 0x000000, 0x000000,
    0x000000, 0x000000, 0x000000, 0x000000, 0x000000, 0x000000, 0x000000, 0x000000, 0x000000,
    0x000000, 0x000000, 0x000000, 0x000000, 0x000000, 0x000000, 0x000000, 0x000000, 0x000000,
    0x000000, 0x000000, 0x000000, 0x000000, 0x000000, 0x000000, 0x000000, 0x000000, 0x000000,
    0x000000, 0x000000, 0x000000, 0x000000, 0x000000, 0x000000, 0x000000, 0x000000, 0x000000,
    0x000000, 0x000000, 0x000000, 0x000000, 0x000000, 0x000000, 0x000000, 0x000000, 0x000000,
    0x000000, 0x000000, 0x000000, 0xe38582, 0x000000, 0x000000, 0x000000, 0x000000, 0x000000,
    0x000000, 0x000000, 0x000000, 0x000000, 0x000000, 0x000000, 0x000000, 0x000000, 0x000000,
    0x000000, 0x000000, 0x000000, 0x000000, 0x000000, 0x000000, 0x000000, 0x000000, 0x000000,
    0x000000, 0x000000, 0x000000, 0x000000, 0x000000, 0x000000, 0x000000, 0x000000, 0xebb094,
    0xebb095, 0xebb096, 0xebb097, 0xebb098, 0xebb099, 0xebb09a, 0xebb09b, 0xebb09c, 0xebb09d,
    0xebb09e, 0xebb09f, 0xebb0a0, 0xebb0a1, 0xebb0a2, 0xebb0a3, 0xebb0a4, 0x000000, 0xebb0a5,
    0xebb0a6, 0xebb0a7, 0xebb0a8, 0xebb0a9, 0xebb0aa, 0xebb0ab, 0xebb0ac, 0xebb0ad, 0xebb0ae,
    0xebb0af, 0x000000, 0x000000, 0x000000, 0xebb0b0, 0xebb0b1, 0xebb0b2, 0xebb0b3, 0xebb0b4,
    0xebb0b5, 0xebb0b6, 0xebb0b7, 0xebb0b8, 0xebb0b9, 0xebb0ba, 0xebb0bb, 0xebb0bc, 0xebb0bd,
    0xebb0be, 0xebb0bf, 0xebb180, 0x000000, 0xebb181, 0xebb182, 0xebb183, 0xebb184, 0xebb185,
    0xebb186, 0xebb187, 0xebb188, 0xebb189, 0xebb18a, 0xebb18b, 0x000000, 0x000000, 0x000000,
    0xebb18c, 0xebb18d, 0xebb18e, 0xebb18f, 0xebb190, 0xebb191, 0xebb192, 0xebb193, 0xebb194,
    0xebb195, 0xebb196, 0xebb197, 0xebb198, 0xebb199, 0xebb19a, 0xebb19b, 0xebb19c, 0x000000,
    0xebb19d, 0xebb19e, 0xebb19f, 0xebb1a0, 0xebb1a1, 0xebb1a2, 0xebb1a3, 0xebb1a4, 0xebb1a5,
    0xebb1a6, 0xebb1a7, 0x000000, 0x000000, 0x000000, 0xebb1a8, 0xebb1a9, 0xebb1aa, 0xebb1ab,
    0xebb1ac, 0xebb1ad, 0xebb1ae, 0xebb1af, 0xebb1b0, 0xebb1b1, 0xebb1b2, 0xebb1b3, 0xebb1b4,
    0xebb1b5, 0xebb1b6, 0xebb1b7, 0xebb1b8, 0x000000, 0xebb1b9, 0xebb1ba, 0xebb1bb, 0xebb1bc,
    0xebb1bd, 0xebb1be, 0xebb1bf, 0xebb280, 0xebb281, 0xebb282, 0xebb283, 0x000000, 0x000000,
    0x000000, 0xebb284, 0xebb285, 0xebb286, 0xebb287, 0xebb288, 0xebb289, 0xebb28a, 0xebb28b,
    0xebb28c, 0xebb28d, 0xebb28e, 0xebb28f, 0xebb290, 0xebb291, 0xebb292, 0xebb293, 0xebb294,
    0x000000, 0xebb295, 0xebb296, 0xebb297, 0xebb298, 0xebb299, 0xebb29a, 0xebb29b, 0xebb29c,
    0xebb29d, 0xebb29e, 0xebb29f, 0x000000, 0x000000, 0x000000, 0x000000, 0x000000, 0x000000,
    0x000000, 0x000000, 0x000000, 0x000000, 0x000000, 0x000000, 0x000000, 0x000000, 0x000000,
    0x000000, 0xebb2a0, 0xebb2a1, 0xebb2a2, 0xebb2a3, 0xebb2a4, 0xebb2a5, 0xebb2a6, 0xebb2a7,
    0xebb2a8, 0xebb2a9, 0xebb2aa, 0xebb2ab, 0xebb2ac, 0xebb2ad, 0xebb2ae, 0xebb2af, 0xebb2b0,
    0x000000, 0xebb2b1, 0xebb2b2, 0xebb2b3, 0xebb2b4, 0xebb2b5, 0xebb2b6, 0xebb2b7, 0xebb2b8,
    0xebb2b9, 0xebb2ba, 0xebb2bb, 0x000000, 0x000000, 0x000000, 0xebb2bc, 0xebb2bd, 0xebb2be,
    0xebb2bf, 0xebb380, 0xebb381, 0xebb382, 0xebb383, 0xebb384, 0xebb385, 0xebb386, 0xebb387,
    0xebb388, 0xebb389, 0xebb38a, 0xebb38b, 0xebb38c, 0x000000, 0xebb38d, 0xebb38e, 0xebb38f,
    0xebb390, 0xebb391, 0xebb392, 0xebb393, 0xebb394, 0xebb395, 0xebb396, 0xebb397, 0x000000,
    0x000000, 0x000000, 0xebb398, 0xebb399, 0xebb39a, 0xebb39b, 0xebb39c, 0xebb39d, 0xebb39e,
    0xebb39f, 0xebb3a0, 0xebb3a1, 0xebb3a2, 0xebb3a3, 0xebb3a4, 0xebb3a5, 0xebb3a6, 0xebb3a7,
    0xebb3a8, 0x000000, 0xebb3a9, 0xebb3aa, 0xebb3ab, 0xebb3ac, 0xebb3ad, 0xebb3ae, 0xebb3af,
    0xebb3b0, 0xebb3b1, 0xebb3b2, 0xebb3b3, 0x000000, 0x000000, 0x000000, 0xebb3b4, 0xebb3b5,
    0xebb3b6, 0xebb3b7, 0xebb3b8, 0xebb3b9, 0xebb3ba, 0xebb3bb, 0xebb3bc, 0xebb3bd, 0xebb3be,
    0xebb3bf, 0xebb480, 0xebb481, 0xebb482, 0xebb483, 0xebb484, 0x000000, 0xebb485, 0xebb486,
    0xebb487, 0xebb488, 0xebb489, 0xebb48a, 0xebb48b, 0xebb48c, 0xebb48d, 0xebb48e, 0xebb48f,
    0x000000, 0x000000, 0x000000, 0xebb490, 0xebb491, 0xebb492, 0xebb493, 0xebb494, 0xebb495,
    0xebb496, 0xebb497, 0xebb498, 0xebb499, 0xebb49a, 0xebb49b, 0xebb49c, 0xebb49d, 0xebb49e,
    0xebb49f, 0xebb4a0, 0x000000, 0xebb4a1, 0xebb4a2, 0xebb4a3, 0xebb4a4, 0xebb4a5, 0xebb4a6,
    0xebb4a7, 0xebb4a8, 0xebb4a9, 0xebb4aa, 0xebb4ab, 0x000000, 0x000000, 0x000000, 0xebb4ac,
    0xebb4ad, 0xebb4ae, 0xebb4af, 0xebb4b0, 0xebb4b1, 0xebb4b2, 0xebb4b3, 0xebb4b4, 0xebb4b5,
    0xebb4b6, 0xebb4b7, 0xebb4b8, 0xebb4b9, 0xebb4ba, 0xebb4bb, 0xebb4bc, 0x000000, 0xebb4bd,
    0xebb4be, 0xebb4bf, 0xebb580, 0xebb581, 0xebb582, 0xebb583, 0xebb584, 0xebb585, 0xebb586,
    0xebb587, 0x000000, 0x000000, 0x000000, 0x000000, 0x000000, 0x000000, 0x000000, 0x000000,
    0x000000, 0x000000, 0x000000, 0x000000, 0x000000, 0x000000, 0x000000, 0x000000, 0xebb588,
    0xebb589, 0xebb58a, 0xebb58b, 0xebb58c, 0xebb58d, 0xebb58e, 0xebb58f, 0xebb590, 0xebb591,
    0xebb592, 0xebb593, 0xebb594, 0xebb595, 0xebb596, 0xebb597, 0xebb598, 0x000000, 0xebb599,
    0xebb59a, 0xebb59b, 0xebb59c, 0xebb59d, 0xebb59e, 0xebb59f, 0xebb5a0, 0xebb5a1, 0xebb5a2,
    0xebb5a3, 0x000000, 0x000000, 0x000000, 0xebb5a4, 0xebb5a5, 0xebb5a6, 0xebb5a7, 0xebb5a8,
    0xebb5a9, 0xebb5aa, 0xebb5ab, 0xebb5ac, 0xebb5ad, 0xebb5ae, 0xebb5af, 0xebb5b0, 0xebb5b1,
    0xebb5b2, 0xebb5b3, 0xebb5b4, 0x000000, 0xebb5b5, 0xebb5b6, 0xebb5b7, 0xebb5b8, 0xebb5b9,
    0xebb5ba, 0xebb5bb, 0xebb5bc, 0xebb5bd, 0xebb5be, 0xebb5bf, 0x000000, 0x000000, 0x000000,
    0xebb680, 0xebb681, 0xebb682, 0xebb683, 0xebb684, 0xebb685, 0xebb686, 0xebb687, 0xebb688,
    0xebb689, 0xebb68a, 0xebb68b, 0xebb68c, 0xebb68d, 0xebb68e, 0xebb68f, 0xebb690, 0x000000,
    0xebb691, 0xebb692, 0xebb693, 0xebb694, 0xebb695, 0xebb696, 0xebb697, 0xebb698, 0xebb699,
    0xebb69a, 0xebb69b, 0x000000, 0x000000, 0x000000, 0xebb69c, 0xebb69d, 0xebb69e, 0xebb69f,
    0xebb6a0, 0xebb6a1, 0xebb6a2, 0xebb6a3, 0xebb6a4, 0xebb6a5, 0xebb6a6, 0xebb6a7, 0xebb6a8,
    0xebb6a9, 0xebb6aa, 0xebb6ab, 0xebb6ac, 0x000000, 0xebb6ad, 0xebb6ae, 0xebb6af, 0xebb6b0,
    0xebb6b1, 0xebb6b2, 0xebb6b3, 0xebb6b4, 0xebb6b5, 0xebb6b6, 0xebb6b7, 0x000000, 0x000000,
    0x000000, 0xebb6b8, 0xebb6b9, 0xebb6ba, 0xebb6bb, 0xebb6bc, 0xebb6bd, 0xebb6be, 0xebb6bf,
    0xebb780, 0xebb781, 0xebb782, 0xebb783, 0xebb784, 0xebb785, 0xebb786, 0xebb787, 0xebb788,
    0x000000, 0xebb789, 0xebb78a, 0xebb78b, 0xebb78c, 0xebb78d, 0xebb78e, 0xebb78f, 0xebb790,
    0xebb791, 0xebb792, 0xebb793, 0x000000, 0x000000, 0x000000, 0xebb794, 0xebb795, 0xebb796,
    0xebb797, 0xebb798, 0xebb799, 0xebb79a, 0xebb79b, 0xebb79c, 0xebb79d, 0xebb79e, 0xebb79f,
    0xebb7a0, 0xebb7a1, 0xebb7a2, 0xebb7a3, 0xebb7a4, 0x000000, 0xebb7a5, 0xebb7a6, 0xebb7a7,
    0xebb7a8, 0xebb7a9, 0xebb7aa, 0xebb7ab, 0xebb7ac, 0xebb7ad, 0xebb7ae, 0xebb7af, 0x000000,
    0x000000, 0x000000, 0x000000, 0x000000, 0x000000, 0x000000, 0x000000, 0x000000, 0x000000,
    0x000000, 0x000000, 0x000000, 0x000000, 0x000000, 0x000000, 0xebb7b0, 0xebb7b1, 0xebb7b2,
    0xebb7b3, 0xebb7b4, 0xebb7b5, 0xebb7b6, 0xebb7b7, 0xebb7b8, 0xebb7b9, 0xebb7ba, 0xebb7bb,
    0xebb7bc, 0xebb7bd, 0xebb7be, 0xebb7bf, 0xebb880, 0x000000, 0xebb881, 0xebb882, 0xebb883,
    0xebb884, 0xebb885, 0xebb886, 0xebb887, 0xebb888, 0xebb889, 0xebb88a, 0xebb88b, 0x000000,
    0x000000, 0x000000, 0xebb88c, 0xebb88d, 0xebb88e, 0xebb88f, 0xebb890, 0xebb891, 0xebb892,
    0xebb893, 0xebb894, 0xebb895, 0xebb896, 0xebb897, 0xebb898, 0xebb899, 0xebb89a, 0xebb89b,
    0xebb89c, 0x000000, 0xebb89d, 0xebb89e, 0xebb89f, 0xebb8a0, 0xebb8a1, 0xebb8a2, 0xebb8a3,
    0xebb8a4, 0xebb8a5, 0xebb8a6, 0xebb8a7, 0x000000, 0x000000, 0x000000, 0xebb8a8, 0xebb8a9,
    0xebb8aa, 0xebb8ab, 0xebb8ac, 0xebb8ad, 0xebb8ae, 0xebb8af, 0xebb8b0, 0xebb8b1, 0xebb8b2,
    0xebb8b3, 0xebb8b4, 0xebb8b5, 0xebb8b6, 0xebb8b7, 0xebb8b8, 0x000000, 0xebb8b9, 0xebb8ba,
    0xebb8bb, 0xebb8bc, 0xebb8bd, 0xebb8be, 0xebb8bf, 0xebb980, 0xebb981, 0xebb982, 0xebb983,
    0x000000, 0x000000, 0x000000, 0xebb984, 0xebb985, 0xebb986, 0xebb987, 0xebb988, 0xebb989,
    0xebb98a, 0xebb98b, 0xebb98c, 0xebb98d, 0xebb98e, 0xebb98f, 0xebb990, 0xebb991, 0xebb992,
    0xebb993, 0xebb994, 0x000000, 0xebb995, 0xebb996, 0xebb997, 0xebb998, 0xebb999, 0xebb99a,
    0xebb99b, 0xebb99c, 0xebb99d, 0xebb99e, 0xebb99f, 0x000000, 0x000000, 0x000000, 0x000000,
    0x000000, 0x000000, 0x000000, 0x000000, 0x000000, 0x000000, 0x000000, 0x000000, 0x000000,
    0x000000, 0x000000, 0x000000, 0x000000, 0x000000, 0x000000, 0x000000, 0x000000, 0x000000,
    0x000000, 0x000000, 0x000000, 0x000000, 0x000000, 0x000000, 0x000000, 0x000000, 0x000000,
    0x000000, 0x000000, 0x000000, 0x000000, 0x000000, 0x000000, 0x000000, 0x000000, 0x000000,
    0x000000, 0x000000, 0x000000, 0x000000, 0x000000, 0x000000, 0x000000, 0x000000, 0x000000,
    0x000000, 0x000000, 0x000000, 0x000000, 0x000000, 0x000000, 0x000000, 0x000000, 0x000000,
    0x000000, 0x000000, 0x000000, 0x000000, 0x000000, 0x000000, 0x000000, 0xe38583, 0x000000,
    0x000000, 0x000000, 0x000000, 0x000000, 0x000000, 0x000000, 0x000000, 0x000000, 0x000000,
    0x000000, 0x000000, 0x000000, 0x000000, 0x000000, 0x000000, 0x000000, 0x000000, 0x000000,
    0x000000, 0x000000, 0x000000, 0x000000, 0x000000, 0x000000, 0x000000, 0x000000, 0x000000,
    0x000000, 0x000000, 0x000000, 0xebb9a0, 0xebb9a1, 0xebb9a2, 0xebb9a3, 0xebb9a4, 0xebb9a5,
    0xebb9a6, 0xebb9a7, 0xebb9a8, 0xebb9a9, 0xebb9aa, 0xebb9ab, 0xebb9ac, 0xebb9ad, 0xebb9ae,
    0xebb9af, 0xebb9b0, 0x000000, 0xebb9b1, 0xebb9b2, 0xebb9b3, 0xebb9b4, 0xebb9b5, 0xebb9b6,
    0xebb9b7, 0xebb9b8, 0xebb9b9, 0xebb9ba, 0xebb9bb, 0x000000, 0x000000, 0x000000, 0xebb9bc,
    0xebb9bd, 0xebb9be, 0xebb9bf, 0xebba80, 0xebba81, 0xebba82, 0xebba83, 0xebba84, 0xebba85,
    0xebba86, 0xebba87, 0xebba88, 0xebba89, 0xebba8a, 0xebba8b, 0xebba8c, 0x000000, 0xebba8d,
    0xebba8e, 0xebba8f, 0xebba90, 0xebba91, 0xebba92, 0xebba93, 0xebba94, 0xebba95, 0xebba96,
    0xebba97, 0x000000, 0x000000, 0x000000, 0xebba98, 0xebba99, 0xebba9a, 0xebba9b, 0xebba9c,
    0xebba9d, 0xebba9e, 0xebba9f, 0xebbaa0, 0xebbaa1, 0xebbaa2, 0xebbaa3, 0xebbaa4, 0xebbaa5,
    0xebbaa6, 0xebbaa7, 0xebbaa8, 0x000000, 0xebbaa9, 0xebbaaa, 0xebbaab, 0xebbaac, 0xebbaad,
    0xebbaae, 0xebbaaf, 0xebbab0, 0xebbab1, 0xebbab2, 0xebbab3, 0x000000, 0x000000, 0x000000,
    0xebbab4, 0xebbab5, 0xebbab6, 0xebbab7, 0xebbab8, 0xebbab9, 0xebbaba, 0xebbabb, 0xebbabc,
    0xebbabd, 0xebbabe, 0xebbabf, 0xebbb80, 0xebbb81, 0xebbb82, 0xebbb83, 0xebbb84, 0x000000,
    0xebbb85, 0xebbb86, 0xebbb87, 0xebbb88, 0xebbb89, 0xebbb8a, 0xebbb8b, 0xebbb8c, 0xebbb8d,
    0xebbb8e, 0xebbb8f, 0x000000, 0x000000, 0x000000, 0xebbb90, 0xebbb91, 0xebbb92, 0xebbb93,
    0xebbb94, 0xebbb95, 0xebbb96, 0xebbb97, 0xebbb98, 0xebbb99, 0xebbb9a, 0xebbb9b, 0xebbb9c,
    0xebbb9d, 0xebbb9e, 0xebbb9f, 0xebbba0, 0x000000, 0xebbba1, 0xebbba2, 0xebbba3, 0xebbba4,
    0xebbba5, 0xebbba6, 0xebbba7, 0xebbba8, 0xebbba9, 0xebbbaa, 0xebbbab, 0x000000, 0x000000,
    0x000000, 0x000000, 0x000000, 0x000000, 0x000000, 0x000000, 0x000000, 0x000000, 0x000000,
    0x000000, 0x000000, 0x000000, 0x000000, 0x000000, 0xebbbac, 0xebbbad, 0xebbbae, 0xebbbaf,
    0xebbbb0, 0xebbbb1, 0xebbbb2, 0xebbbb3, 0xebbbb4, 0xebbbb5, 0xebbbb6, 0xebbbb7, 0xebbbb8,
    0xebbbb9, 0xebbbba, 0xebbbbb, 0xebbbbc, 0x000000, 0xebbbbd, 0xebbbbe, 0xebbbbf, 0xebbc80,
    0xebbc81, 0xebbc82, 0xebbc83, 0xebbc84, 0xebbc85, 0xebbc86, 0xebbc87, 0x000000, 0x000000,
    0x000000, 0xebbc88, 0xebbc89, 0xebbc8a, 0xebbc8b, 0xebbc8c, 0xebbc8d, 0xebbc8e, 0xebbc8f,
    0xebbc90, 0xebbc91, 0xebbc92, 0xebbc93, 0xebbc94, 0xebbc95, 0xebbc96, 0xebbc97, 0xebbc98,
    0x000000, 0xebbc99, 0xebbc9a, 0xebbc9b, 0xebbc9c, 0xebbc9d, 0xebbc9e, 0xebbc9f, 0xebbca0,
    0xebbca1, 0xebbca2, 0xebbca3, 0x000000, 0x000000, 0x000000, 0xebbca4, 0xebbca5, 0xebbca6,
    0xebbca7, 0xebbca8, 0xebbca9, 0xebbcaa, 0xebbcab, 0xebbcac, 0xebbcad, 0xebbcae, 0xebbcaf,
    0xebbcb0, 0xebbcb1, 0xebbcb2, 0xebbcb3, 0xebbcb4, 0x000000, 0xebbcb5, 0xebbcb6, 0xebbcb7,
    0xebbcb8, 0xebbcb9, 0xebbcba, 0xebbcbb, 0xebbcbc, 0xebbcbd, 0xebbcbe, 0xebbcbf, 0x000000,
    0x000000, 0x000000, 0xebbd80, 0xebbd81, 0xebbd82, 0xebbd83, 0xebbd84, 0xebbd85, 0xebbd86,
    0xebbd87, 0xebbd88, 0xebbd89, 0xebbd8a, 0xebbd8b, 0xebbd8c, 0xebbd8d, 0xebbd8e, 0xebbd8f,
    0xebbd90, 0x000000, 0xebbd91, 0xebbd92, 0xebbd93, 0xebbd94, 0xebbd95, 0xebbd96, 0xebbd97,
    0xebbd98, 0xebbd99, 0xebbd9a, 0xebbd9b, 0x000000, 0x000000, 0x000000, 0xebbd9c, 0xebbd9d,
    0xebbd9e, 0xebbd9f, 0xebbda0, 0xebbda1, 0xebbda2, 0xebbda3, 0xebbda4, 0xebbda5, 0xebbda6,
    0xebbda7, 0xebbda8, 0xebbda9, 0xebbdaa, 0xebbdab, 0xebbdac, 0x000000, 0xebbdad, 0xebbdae,
    0xebbdaf, 0xebbdb0, 0xebbdb1, 0xebbdb2, 0xebbdb3, 0xebbdb4, 0xebbdb5, 0xebbdb6, 0xebbdb7,
    0x000000, 0x000000, 0x000000, 0xebbdb8, 0xebbdb9, 0xebbdba, 0xebbdbb, 0xebbdbc, 0xebbdbd,
    0xebbdbe, 0xebbdbf, 0xebbe80, 0xebbe81, 0xebbe82, 0xebbe83, 0xebbe84, 0xebbe85, 0xebbe86,
    0xebbe87, 0xebbe88, 0x000000, 0xebbe89, 0xebbe8a, 0xebbe8b, 0xebbe8c, 0xebbe8d, 0xebbe8e,
    0xebbe8f, 0xebbe90, 0xebbe91, 0xebbe92, 0xebbe93, 0x000000, 0x000000, 0x000000, 0x000000,
    0x000000, 0x000000, 0x000000, 0x000000, 0x000000, 0x000000, 0x000000, 0x000000, 0x000000,
    0x000000, 0x000000, 0x000000, 0xebbe94, 0xebbe95, 0xebbe96, 0xebbe97, 0xebbe98, 0xebbe99,
    0xebbe9a, 0xebbe9b, 0xebbe9c, 0xebbe9d, 0xebbe9e, 0xebbe9f, 0xebbea0, 0xebbea1, 0xebbea2,
    0xebbea3, 0xebbea4, 0x000000, 0xebbea5, 0xebbea6, 0xebbea7, 0xebbea8, 0xebbea9, 0xebbeaa,
    0xebbeab, 0xebbeac, 0xebbead, 0xebbeae, 0xebbeaf, 0x000000, 0x000000, 0x000000, 0xebbeb0,
    0xebbeb1, 0xebbeb2, 0xebbeb3, 0xebbeb4, 0xebbeb5, 0xebbeb6, 0xebbeb7, 0xebbeb8, 0xebbeb9,
    0xebbeba, 0xebbebb, 0xebbebc, 0xebbebd, 0xebbebe, 0xebbebf, 0xebbf80, 0x000000, 0xebbf81,
    0xebbf82, 0xebbf83, 0xebbf84, 0xebbf85, 0xebbf86, 0xebbf87, 0xebbf88, 0xebbf89, 0xebbf8a,
    0xebbf8b, 0x000000, 0x000000, 0x000000, 0xebbf8c, 0xebbf8d, 0xebbf8e, 0xebbf8f, 0xebbf90,
    0xebbf91, 0xebbf92, 0xebbf93, 0xebbf94, 0xebbf95, 0xebbf96, 0xebbf97, 0xebbf98, 0xebbf99,
    0xebbf9a, 0xebbf9b, 0xebbf9c, 0x000000, 0xebbf9d, 0xebbf9e, 0xebbf9f, 0xebbfa0, 0xebbfa1,
    0xebbfa2, 0xebbfa3, 0xebbfa4, 0xebbfa5, 0xebbfa6, 0xebbfa7, 0x000000, 0x000000, 0x000000,
    0xebbfa8, 0xebbfa9, 0xebbfaa, 0xebbfab, 0xebbfac, 0xebbfad, 0xebbfae, 0xebbfaf, 0xebbfb0,
    0xebbfb1, 0xebbfb2, 0xebbfb3, 0xebbfb4, 0xebbfb5, 0xebbfb6, 0xebbfb7, 0xebbfb8, 0x000000,
    0xebbfb9, 0xebbfba, 0xebbfbb, 0xebbfbc, 0xebbfbd, 0xebbfbe, 0xebbfbf, 0xec8080, 0xec8081,
    0xec8082, 0xec8083, 0x000000, 0x000000, 0x000000, 0xec8084, 0xec8085, 0xec8086, 0xec8087,
    0xec8088, 0xec8089, 0xec808a, 0xec808b, 0xec808c, 0xec808d, 0xec808e, 0xec808f, 0xec8090,
    0xec8091, 0xec8092, 0xec8093, 0xec8094, 0x000000, 0xec8095, 0xec8096, 0xec8097, 0xec8098,
    0xec8099, 0xec809a, 0xec809b, 0xec809c, 0xec809d, 0xec809e, 0xec809f, 0x000000, 0x000000,
    0x000000, 0xec80a0, 0xec80a1, 0xec80a2, 0xec80a3, 0xec80a4, 0xec80a5, 0xec80a6, 0xec80a7,
    0xec80a8, 0xec80a9, 0xec80aa, 0xec80ab, 0xec80ac, 0xec80ad, 0xec80ae, 0xec80af, 0xec80b0,
    0x000000, 0xec80b1, 0xec80b2, 0xec80b3, 0xec80b4, 0xec80b5, 0xec80b6, 0xec80b7, 0xec80b8,
    0xec80b9, 0xec80ba, 0xec80bb, 0x000000, 0x000000, 0x000000, 0x000000, 0x000000, 0x000000,
    0x000000, 0x000000, 0x000000, 0x000000, 0x000000, 0x000000, 0x000000, 0x000000, 0x000000,
    0x000000, 0xec80bc, 0xec80bd, 0xec80be, 0xec80bf, 0xec8180, 0xec8181, 0xec8182, 0xec8183,
    0xec8184, 0xec8185, 0xec8186, 0xec8187, 0xec8188, 0xec8189, 0xec818a, 0xec818b, 0xec818c,
    0x000000, 0xec818d, 0xec818e, 0xec818f, 0xec8190, 0xec8191, 0xec8192, 0xec8193, 0xec8194,
    0xec8195, 0xec8196, 0xec8197, 0x000000, 0x000000, 0x000000, 0xec8198, 0xec8199, 0xec819a,
    0xec819b, 0xec819c, 0xec819d, 0xec819e, 0xec819f, 0xec81a0, 0xec81a1, 0xec81a2, 0xec81a3,
    0xec81a4, 0xec81a5, 0xec81a6, 0xec81a7, 0xec81a8, 0x000000, 0xec81a9, 0xec81aa, 0xec81ab,
    0xec81ac, 0xec81ad, 0xec81ae, 0xec81af, 0xec81b0, 0xec81b1, 0xec81b2, 0xec81b3, 0x000000,
    0x000000, 0x000000, 0xec81b4, 0xec81b5, 0xec81b6, 0xec81b7, 0xec81b8, 0xec81b9, 0xec81ba,
    0xec81bb, 0xec81bc, 0xec81bd, 0xec81be, 0xec81bf, 0xec8280, 0xec8281, 0xec8282, 0xec8283,
    0xec8284, 0x000000, 0xec8285, 0xec8286, 0xec8287, 0xec8288, 0xec8289, 0xec828a, 0xec828b,
    0xec828c, 0xec828d, 0xec828e, 0xec828f, 0x000000, 0x000000, 0x000000, 0xec8290, 0xec8291,
    0xec8292, 0xec8293, 0xec8294, 0xec8295, 0xec8296, 0xec8297, 0xec8298, 0xec8299, 0xec829a,
    0xec829b, 0xec829c, 0xec829d, 0xec829e, 0xec829f, 0xec82a0, 0x000000, 0xec82a1, 0xec82a2,
    0xec82a3, 0xec82a4, 0xec82a5, 0xec82a6, 0xec82a7, 0xec82a8, 0xec82a9, 0xec82aa, 0xec82ab,
    0x000000, 0x000000, 0x000000, 0x000000, 0x000000, 0x000000, 0x000000, 0x000000, 0x000000,
    0x000000, 0x000000, 0x000000, 0x000000, 0x000000, 0x000000, 0x000000, 0x000000, 0x000000,
    0x000000, 0x000000, 0x000000, 0x000000, 0x000000, 0x000000, 0x000000, 0x000000, 0x000000,
    0x000000, 0x000000, 0x000000, 0x000000, 0x000000, 0x000000, 0x000000, 0x000000, 0x000000,
    0x000000, 0x000000, 0x000000, 0x000000, 0x000000, 0x000000, 0x000000, 0x000000, 0x000000,
    0x000000, 0x000000, 0x000000, 0x000000, 0x000000, 0x000000, 0x000000, 0x000000, 0x000000,
    0x000000, 0x000000, 0x000000, 0x000000, 0x000000, 0x000000, 0x000000, 0x000000, 0x000000,
    0x000000, 0x000000, 0xe38585, 0x000000, 0x000000, 0x000000, 0x000000, 0x000000, 0x000000,
    0x000000, 0x000000, 0x000000, 0x000000, 0x000000, 0x000000, 0x000000, 0x000000, 0x000000,
    0x000000, 0x000000, 0x000000, 0x000000, 0x000000, 0x000000, 0x000000, 0x000000, 0x000000,
    0x000000, 0x000000, 0x000000, 0x000000, 0x000000, 0x000000, 0x000000, 0xec82ac, 0xec82ad,
    0xec82ae, 0xec82af, 0xec82b0, 0xec82b1, 0xec82b2, 0xec82b3, 0xec82b4, 0xec82b5, 0xec82b6,
    0xec82b7, 0xec82b8, 0xec82b9, 0xec82ba, 0xec82bb, 0xec82bc, 0x000000, 0xec82bd, 0xec82be,
    0xec82bf, 0xec8380, 0xec8381, 0xec8382, 0xec8383, 0xec8384, 0xec8385, 0xec8386, 0xec8387,
    0x000000, 0x000000, 0x000000, 0xec8388, 0xec8389, 0xec838a, 0xec838b, 0xec838c, 0xec838d,
    0xec838e, 0xec838f, 0xec8390, 0xec8391, 0xec8392, 0xec8393, 0xec8394, 0xec8395, 0xec8396,
    0xec8397, 0xec8398, 0x000000, 0xec8399, 0xec839a, 0xec839b, 0xec839c, 0xec839d, 0xec839e,
    0xec839f, 0xec83a0, 0xec83a1, 0xec83a2, 0xec83a3, 0x000000, 0x000000, 0x000000, 0xec83a4,
    0xec83a5, 0xec83a6, 0xec83a7, 0xec83a8, 0xec83a9, 0xec83aa, 0xec83ab, 0xec83ac, 0xec83ad,
    0xec83ae, 0xec83af, 0xec83b0, 0xec83b1, 0xec83b2, 0xec83b3, 0xec83b4, 0x000000, 0xec83b5,
    0xec83b6, 0xec83b7, 0xec83b8, 0xec83b9, 0xec83ba, 0xec83bb, 0xec83bc, 0xec83bd, 0xec83be,
    0xec83bf, 0x000000, 0x000000, 0x000000, 0xec8480, 0xec8481, 0xec8482, 0xec8483, 0xec8484,
    0xec8485, 0xec8486, 0xec8487, 0xec8488, 0xec8489, 0xec848a, 0xec848b, 0xec848c, 0xec848d,
    0xec848e, 0xec848f, 0xec8490, 0x000000, 0xec8491, 0xec8492, 0xec8493, 0xec8494, 0xec8495,
    0xec8496, 0xec8497, 0xec8498, 0xec8499, 0xec849a, 0xec849b, 0x000000, 0x000000, 0x000000,
    0xec849c, 0xec849d, 0xec849e, 0xec849f, 0xec84a0, 0xec84a1, 0xec84a2, 0xec84a3, 0xec84a4,
    0xec84a5, 0xec84a6, 0xec84a7, 0xec84a8, 0xec84a9, 0xec84aa, 0xec84ab, 0xec84ac, 0x000000,
    0xec84ad, 0xec84ae, 0xec84af, 0xec84b0, 0xec84b1, 0xec84b2, 0xec84b3, 0xec84b4, 0xec84b5,
    0xec84b6, 0xec84b7, 0x000000, 0x000000, 0x000000, 0x000000, 0x000000, 0x000000, 0x000000,
    0x000000, 0x000000, 0x000000, 0x000000, 0x000000, 0x000000, 0x000000, 0x000000, 0x000000,
    0xec84b8, 0xec84b9, 0xec84ba, 0xec84bb, 0xec84bc, 0xec84bd, 0xec84be, 0xec84bf, 0xec8580,
    0xec8581, 0xec8582, 0xec8583, 0xec8584, 0xec8585, 0xec8586, 0xec8587, 0xec8588, 0x000000,
    0xec8589, 0xec858a, 0xec858b, 0xec858c, 0xec858d, 0xec858e, 0xec858f, 0xec8590, 0xec8591,
    0xec8592, 0xec8593, 0x000000, 0x000000, 0x000000, 0xec8594, 0xec8595, 0xec8596, 0xec8597,
    0xec8598, 0xec8599, 0xec859a, 0xec859b, 0xec859c, 0xec859d, 0xec859e, 0xec859f, 0xec85a0,
    0xec85a1, 0xec85a2, 0xec85a3, 0xec85a4, 0x000000, 0xec85a5, 0xec85a6, 0xec85a7, 0xec85a8,
    0xec85a9, 0xec85aa, 0xec85ab, 0xec85ac, 0xec85ad, 0xec85ae, 0xec85af, 0x000000, 0x000000,
    0x000000, 0xec85b0, 0xec85b1, 0xec85b2, 0xec85b3, 0xec85b4, 0xec85b5, 0xec85b6, 0xec85b7,
    0xec85b8, 0xec85b9, 0xec85ba, 0xec85bb, 0xec85bc, 0xec85bd, 0xec85be, 0xec85bf, 0xec8680,
    0x000000, 0xec8681, 0xec8682, 0xec8683, 0xec8684, 0xec8685, 0xec8686, 0xec8687, 0xec8688,
    0xec8689, 0xec868a, 0xec868b, 0x000000, 0x000000, 0x000000, 0xec868c, 0xec868d, 0xec868e,
    0xec868f, 0xec8690, 0xec8691, 0xec8692, 0xec8693, 0xec8694, 0xec8695, 0xec8696, 0xec8697,
    0xec8698, 0xec8699, 0xec869a, 0xec869b, 0xec869c, 0x000000, 0xec869d, 0xec869e, 0xec869f,
    0xec86a0, 0xec86a1, 0xec86a2, 0xec86a3, 0xec86a4, 0xec86a5, 0xec86a6, 0xec86a7, 0x000000,
    0x000000, 0x000000, 0xec86a8, 0xec86a9, 0xec86aa, 0xec86ab, 0xec86ac, 0xec86ad, 0xec86ae,
    0xec86af, 0xec86b0, 0xec86b1, 0xec86b2, 0xec86b3, 0xec86b4, 0xec86b5, 0xec86b6, 0xec86b7,
    0xec86b8, 0x000000, 0xec86b9, 0xec86ba, 0xec86bb, 0xec86bc, 0xec86bd, 0xec86be, 0xec86bf,
    0xec8780, 0xec8781, 0xec8782, 0xec8783, 0x000000, 0x000000, 0x000000, 0xec8784, 0xec8785,
    0xec8786, 0xec8787, 0xec8788, 0xec8789, 0xec878a, 0xec878b, 0xec878c, 0xec878d, 0xec878e,
    0xec878f, 0xec8790, 0xec8791, 0xec8792, 0xec8793, 0xec8794, 0x000000, 0xec8795, 0xec8796,
    0xec8797, 0xec8798, 0xec8799, 0xec879a, 0xec879b, 0xec879c, 0xec879d, 0xec879e, 0xec879f,
    0x000000, 0x000000, 0x000000, 0x000000, 0x000000, 0x000000, 0x000000, 0x000000, 0x000000,
    0x000000, 0x000000, 0x000000, 0x000000, 0x000000, 0x000000, 0x000000, 0xec87a0, 0xec87a1,
    0xec87a2, 0xec87a3, 0xec87a4, 0xec87a5, 0xec87a6, 0xec87a7, 0xec87a8, 0xec87a9, 0xec87aa,
    0xec87ab, 0xec87ac, 0xec87ad, 0xec87ae, 0xec87af, 0xec87b0, 0x000000, 0xec87b1, 0xec87b2,
    0xec87b3, 0xec87b4, 0xec87b5, 0xec87b6, 0xec87b7, 0xec87b8, 0xec87b9, 0xec87ba, 0xec87bb,
    0x000000, 0x000000, 0x000000, 0xec87bc, 0xec87bd, 0xec87be, 0xec87bf, 0xec8880, 0xec8881,
    0xec8882, 0xec8883, 0xec8884, 0xec8885, 0xec8886, 0xec8887, 0xec8888, 0xec8889, 0xec888a,
    0xec888b, 0xec888c, 0x000000, 0xec888d, 0xec888e, 0xec888f, 0xec8890, 0xec8891, 0xec8892,
    0xec8893, 0xec8894, 0xec8895, 0xec8896, 0xec8897, 0x000000, 0x000000, 0x000000, 0xec8898,
    0xec8899, 0xec889a, 0xec889b, 0xec889c, 0xec889d, 0xec889e, 0xec889f, 0xec88a0, 0xec88a1,
    0xec88a2, 0xec88a3, 0xec88a4, 0xec88a5, 0xec88a6, 0xec88a7, 0xec88a8, 0x000000, 0xec88a9,
    0xec88aa, 0xec88ab, 0xec88ac, 0xec88ad, 0xec88ae, 0xec88af, 0xec88b0, 0xec88b1, 0xec88b2,
    0xec88b3, 0x000000, 0x000000, 0x000000, 0xec88b4, 0xec88b5, 0xec88b6, 0xec88b7, 0xec88b8,
    0xec88b9, 0xec88ba, 0xec88bb, 0xec88bc, 0xec88bd, 0xec88be, 0xec88bf, 0xec8980, 0xec8981,
    0xec8982, 0xec8983, 0xec8984, 0x000000, 0xec8985, 0xec8986, 0xec8987, 0xec8988, 0xec8989,
    0xec898a, 0xec898b, 0xec898c, 0xec898d, 0xec898e, 0xec898f, 0x000000, 0x000000, 0x000000,
    0xec8990, 0xec8991, 0xec8992, 0xec8993, 0xec8994, 0xec8995, 0xec8996, 0xec8997, 0xec8998,
    0xec8999, 0xec899a, 0xec899b, 0xec899c, 0xec899d, 0xec899e, 0xec899f, 0xec89a0, 0x000000,
    0xec89a1, 0xec89a2, 0xec89a3, 0xec89a4, 0xec89a5, 0xec89a6, 0xec89a7, 0xec89a8, 0xec89a9,
    0xec89aa, 0xec89ab, 0x000000, 0x000000, 0x000000, 0xec89ac, 0xec89ad, 0xec89ae, 0xec89af,
    0xec89b0, 0xec89b1, 0xec89b2, 0xec89b3, 0xec89b4, 0xec89b5, 0xec89b6, 0xec89b7, 0xec89b8,
    0xec89b9, 0xec89ba, 0xec89bb, 0xec89bc, 0x000000, 0xec89bd, 0xec89be, 0xec89bf, 0xec8a80,
    0xec8a81, 0xec8a82, 0xec8a83, 0xec8a84, 0xec8a85, 0xec8a86, 0xec8a87, 0x000000, 0x000000,
    0x000000, 0x000000, 0x000000, 0x000000, 0x000000, 0x000000, 0x000000, 0x000000, 0x000000,
    0x000000, 0x000000, 0x000000, 0x000000, 0x000000, 0xec8a88, 0xec8a89, 0xec8a8a, 0xec8a8b,
    0xec8a8c, 0xec8a8d, 0xec8a8e, 0xec8a8f, 0xec8a90, 0xec8a91, 0xec8a92, 0xec8a93, 0xec8a94,
    0xec8a95, 0xec8a96, 0xec8a97, 0xec8a98, 0x000000, 0xec8a99, 0xec8a9a, 0xec8a9b, 0xec8a9c,
    0xec8a9d, 0xec8a9e, 0xec8a9f, 0xec8aa0, 0xec8aa1, 0xec8aa2, 0xec8aa3, 0x000000, 0x000000,
    0x000000, 0xec8aa4, 0xec8aa5, 0xec8aa6, 0xec8aa7, 0xec8aa8, 0xec8aa9, 0xec8aaa, 0xec8aab,
    0xec8aac, 0xec8aad, 0xec8aae, 0xec8aaf, 0xec8ab0, 0xec8ab1, 0xec8ab2, 0xec8ab3, 0xec8ab4,
    0x000000, 0xec8ab5, 0xec8ab6, 0xec8ab7, 0xec8ab8, 0xec8ab9, 0xec8aba, 0xec8abb, 0xec8abc,
    0xec8abd, 0xec8abe, 0xec8abf, 0x000000, 0x000000, 0x000000, 0xec8b80, 0xec8b81, 0xec8b82,
    0xec8b83, 0xec8b84, 0xec8b85, 0xec8b86, 0xec8b87, 0xec8b88, 0xec8b89, 0xec8b8a, 0xec8b8b,
    0xec8b8c, 0xec8b8d, 0xec8b8e, 0xec8b8f, 0xec8b90, 0x000000, 0xec8b91, 0xec8b92, 0xec8b93,
    0xec8b94, 0xec8b95, 0xec8b96, 0xec8b97, 0xec8b98, 0xec8b99, 0xec8b9a, 0xec8b9b, 0x000000,
    0x000000, 0x000000, 0xec8b9c, 0xec8b9d, 0xec8b9e, 0xec8b9f, 0xec8ba0, 0xec8ba1, 0xec8ba2,
    0xec8ba3, 0xec8ba4, 0xec8ba5, 0xec8ba6, 0xec8ba7, 0xec8ba8, 0xec8ba9, 0xec8baa, 0xec8bab,
    0xec8bac, 0x000000, 0xec8bad, 0xec8bae, 0xec8baf, 0xec8bb0, 0xec8bb1, 0xec8bb2, 0xec8bb3,
    0xec8bb4, 0xec8bb5, 0xec8bb6, 0xec8bb7, 0x000000, 0x000000, 0x000000, 0x000000, 0x000000,
    0x000000, 0x000000, 0x000000, 0x000000, 0x000000, 0x000000, 0x000000, 0x000000, 0x000000,
    0x000000, 0x000000, 0x000000, 0x000000, 0x000000, 0x000000, 0x000000, 0x000000, 0x000000,
    0x000000, 0x000000, 0x000000, 0x000000, 0x000000, 0x000000, 0x000000, 0x000000, 0x000000,
    0x000000, 0x000000, 0x000000, 0x000000, 0x000000, 0x000000, 0x000000, 0x000000, 0x000000,
    0x000000, 0x000000, 0x000000, 0x000000, 0x000000, 0x000000, 0x000000, 0x000000, 0x000000,
    0x000000, 0x000000, 0x000000, 0x000000, 0x000000, 0x000000, 0x000000, 0x000000, 0x000000,
    0x000000, 0x000000, 0x000000, 0x000000, 0x000000, 0x000000, 0xe38586, 0x000000, 0x000000,
    0x000000, 0x000000, 0x000000, 0x000000, 0x000000, 0x000000, 0x000000, 0x000000, 0x000000,
    0x000000, 0x000000, 0x000000, 0x000000, 0x000000, 0x000000, 0x000000, 0x000000, 0x000000,
    0x000000, 0x000000, 0x000000, 0x000000, 0x000000, 0x000000, 0x000000, 0x000000, 0x000000,
    0x000000, 0x000000, 0xec8bb8, 0xec8bb9, 0xec8bba, 0xec8bbb, 0xec8bbc, 0xec8bbd, 0xec8bbe,
    0xec8bbf, 0xec8c80, 0xec8c81, 0xec8c82, 0xec8c83, 0xec8c84, 0xec8c85, 0xec8c86, 0xec8c87,
    0xec8c88, 0x000000, 0xec8c89, 0xec8c8a, 0xec8c8b, 0xec8c8c, 0xec8c8d, 0xec8c8e, 0xec8c8f,
    0xec8c90, 0xec8c91, 0xec8c92, 0xec8c93, 0x000000, 0x000000, 0x000000, 0xec8c94, 0xec8c95,
    0xec8c96, 0xec8c97, 0xec8c98, 0xec8c99, 0xec8c9a, 0xec8c9b, 0xec8c9c, 0xec8c9d, 0xec8c9e,
    0xec8c9f, 0xec8ca0, 0xec8ca1, 0xec8ca2, 0xec8ca3, 0xec8ca4, 0x000000, 0xec8ca5, 0xec8ca6,
    0xec8ca7, 0xec8ca8, 0xec8ca9, 0xec8caa, 0xec8cab, 0xec8cac, 0xec8cad, 0xec8cae, 0xec8caf,
    0x000000, 0x000000, 0x000000, 0xec8cb0, 0xec8cb1, 0xec8cb2, 0xec8cb3, 0xec8cb4, 0xec8cb5,
    0xec8cb6, 0xec8cb7, 0xec8cb8, 0xec8cb9, 0xec8cba, 0xec8cbb, 0xec8cbc, 0xec8cbd, 0xec8cbe,
    0xec8cbf, 0xec8d80, 0x000000, 0xec8d81, 0xec8d82, 0xec8d83, 0xec8d84, 0xec8d85, 0xec8d86,
    0xec8d87, 0xec8d88, 0xec8d89, 0xec8d8a, 0xec8d8b, 0x000000, 0x000000, 0x000000, 0xec8d8c,
    0xec8d8d, 0xec8d8e, 0xec8d8f, 0xec8d90, 0xec8d91, 0xec8d92, 0xec8d93, 0xec8d94, 0xec8d95,
    0xec8d96, 0xec8d97, 0xec8d98, 0xec8d99, 0xec8d9a, 0xec8d9b, 0xec8d9c, 0x000000, 0xec8d9d,
    0xec8d9e, 0xec8d9f, 0xec8da0, 0xec8da1, 0xec8da2, 0xec8da3, 0xec8da4, 0xec8da5, 0xec8da6,
    0xec8da7, 0x000000, 0x000000, 0x000000, 0xec8da8, 0xec8da9, 0xec8daa, 0xec8dab, 0xec8dac,
    0xec8dad, 0xec8dae, 0xec8daf, 0xec8db0, 0xec8db1, 0xec8db2, 0xec8db3, 0xec8db4, 0xec8db5,
    0xec8db6, 0xec8db7, 0xec8db8, 0x000000, 0xec8db9, 0xec8dba, 0xec8dbb, 0xec8dbc, 0xec8dbd,
    0xec8dbe, 0xec8dbf, 0xec8e80, 0xec8e81, 0xec8e82, 0xec8e83, 0x000000, 0x000000, 0x000000,
    0x000000, 0x000000, 0x000000, 0x000000, 0x000000, 0x000000, 0x000000, 0x000000, 0x000000,
    0x000000, 0x000000, 0x000000, 0x000000, 0xec8e84, 0xec8e85, 0xec8e86, 0xec8e87, 0xec8e88,
    0xec8e89, 0xec8e8a, 0xec8e8b, 0xec8e8c, 0xec8e8d, 0xec8e8e, 0xec8e8f, 0xec8e90, 0xec8e91,
    0xec8e92, 0xec8e93, 0xec8e94, 0x000000, 0xec8e95, 0xec8e96, 0xec8e97, 0xec8e98, 0xec8e99,
    0xec8e9a, 0xec8e9b, 0xec8e9c, 0xec8e9d, 0xec8e9e, 0xec8e9f, 0x000000, 0x000000, 0x000000,
    0xec8ea0, 0xec8ea1, 0xec8ea2, 0xec8ea3, 0xec8ea4, 0xec8ea5, 0xec8ea6, 0xec8ea7, 0xec8ea8,
    0xec8ea9, 0xec8eaa, 0xec8eab, 0xec8eac, 0xec8ead, 0xec8eae, 0xec8eaf, 0xec8eb0, 0x000000,
    0xec8eb1, 0xec8eb2, 0xec8eb3, 0xec8eb4, 0xec8eb5, 0xec8eb6, 0xec8eb7, 0xec8eb8, 0xec8eb9,
    0xec8eba, 0xec8ebb, 0x000000, 0x000000, 0x000000, 0xec8ebc, 0xec8ebd, 0xec8ebe, 0xec8ebf,
    0xec8f80, 0xec8f81, 0xec8f82, 0xec8f83, 0xec8f84, 0xec8f85, 0xec8f86, 0xec8f87, 0xec8f88,
    0xec8f89, 0xec8f8a, 0xec8f8b, 0xec8f8c, 0x000000, 0xec8f8d, 0xec8f8e, 0xec8f8f, 0xec8f90,
    0xec8f91, 0xec8f92, 0xec8f93, 0xec8f94, 0xec8f95, 0xec8f96, 0xec8f97, 0x000000, 0x000000,
    0x000000, 0xec8f98, 0xec8f99, 0xec8f9a, 0xec8f9b, 0xec8f9c, 0xec8f9d, 0xec8f9e, 0xec8f9f,
    0xec8fa0, 0xec8fa1, 0xec8fa2, 0xec8fa3, 0xec8fa4, 0xec8fa5, 0xec8fa6, 0xec8fa7, 0xec8fa8,
    0x000000, 0xec8fa9, 0xec8faa, 0xec8fab, 0xec8fac, 0xec8fad, 0xec8fae, 0xec8faf, 0xec8fb0,
    0xec8fb1, 0xec8fb2, 0xec8fb3, 0x000000, 0x000000, 0x000000, 0xec8fb4, 0xec8fb5, 0xec8fb6,
    0xec8fb7, 0xec8fb8, 0xec8fb9, 0xec8fba, 0xec8fbb, 0xec8fbc, 0xec8fbd, 0xec8fbe, 0xec8fbf,
    0xec9080, 0xec9081, 0xec9082, 0xec9083, 0xec9084, 0x000000, 0xec9085, 0xec9086, 0xec9087,
    0xec9088, 0xec9089, 0xec908a, 0xec908b, 0xec908c, 0xec908d, 0xec908e, 0xec908f, 0x000000,
    0x000000, 0x000000, 0xec9090, 0xec9091, 0xec9092, 0xec9093, 0xec9094, 0xec9095, 0xec9096,
    0xec9097, 0xec9098, 0xec9099, 0xec909a, 0xec909b, 0xec909c, 0xec909d, 0xec909e, 0xec909f,
    0xec90a0, 0x000000, 0xec90a1, 0xec90a2, 0xec90a3, 0xec90a4, 0xec90a5, 0xec90a6, 0xec90a7,
    0xec90a8, 0xec90a9, 0xec90aa, 0xec90ab, 0x000000, 0x000000, 0x000000, 0x000000, 0x000000,
    0x000000, 0x000000, 0x000000, 0x000000, 0x000000, 0x000000, 0x000000, 0x000000, 0x000000,
    0x000000, 0x000000, 0xec90ac, 0xec90ad, 0xec90ae, 0xec90af, 0xec90b0, 0xec90b1, 0xec90b2,
    0xec90b3, 0xec90b4, 0xec90b5, 0xec90b6, 0xec90b7, 0xec90b8, 0xec90b9, 0xec90ba, 0xec90bb,
    0xec90bc, 0x000000, 0xec90bd, 0xec90be, 0xec90bf, 0xec9180, 0xec9181, 0xec9182, 0xec9183,
    0xec9184, 0xec9185, 0xec9186, 0xec9187, 0x000000, 0x000000, 0x000000, 0xec9188, 0xec9189,
    0xec918a, 0xec918b, 0xec918c, 0xec918d, 0xec918e, 0xec918f, 0xec9190, 0xec9191, 0xec9192,
    0xec9193, 0xec9194, 0xec9195, 0xec9196, 0xec9197, 0xec9198, 0x000000, 0xec9199, 0xec919a,
    0xec919b, 0xec919c, 0xec919d, 0xec919e, 0xec919f, 0xec91a0, 0xec91a1, 0xec91a2, 0xec91a3,
    0x000000, 0x000000, 0x000000, 0xec91a4, 0xec91a5, 0xec91a6, 0xec91a7, 0xec91a8, 0xec91a9,
    0xec91aa, 0xec91ab, 0xec91ac, 0xec91ad, 0xec91ae, 0xec91af, 0xec91b0, 0xec91b1, 0xec91b2,
    0xec91b3, 0xec91b4, 0x000000, 0xec91b5, 0xec91b6, 0xec91b7, 0xec91b8, 0xec91b9, 0xec91ba,
    0xec91bb, 0xec91bc, 0xec91bd, 0xec91be, 0xec91bf, 0x000000, 0x000000, 0x000000, 0xec9280,
    0xec9281, 0xec9282, 0xec9283, 0xec9284, 0xec9285, 0xec9286, 0xec9287, 0xec9288, 0xec9289,
    0xec928a, 0xec928b, 0xec928c, 0xec928d, 0xec928e, 0xec928f, 0xec9290, 0x000000, 0xec9291,
    0xec9292, 0xec9293, 0xec9294, 0xec9295, 0xec9296, 0xec9297, 0xec9298, 0xec9299, 0xec929a,
    0xec929b, 0x000000, 0x000000, 0x000000, 0xec929c, 0xec929d, 0xec929e, 0xec929f, 0xec92a0,
    0xec92a1, 0xec92a2, 0xec92a3, 0xec92a4, 0xec92a5, 0xec92a6, 0xec92a7, 0xec92a8, 0xec92a9,
    0xec92aa, 0xec92ab, 0xec92ac, 0x000000, 0xec92ad, 0xec92ae, 0xec92af, 0xec92b0, 0xec92b1,
    0xec92b2, 0xec92b3, 0xec92b4, 0xec92b5, 0xec92b6, 0xec92b7, 0x000000, 0x000000, 0x000000,
    0xec92b8, 0xec92b9, 0xec92ba, 0xec92bb, 0xec92bc, 0xec92bd, 0xec92be, 0xec92bf, 0xec9380,
    0xec9381, 0xec9382, 0xec9383, 0xec9384, 0xec9385, 0xec9386, 0xec9387, 0xec9388, 0x000000,
    0xec9389, 0xec938a, 0xec938b, 0xec938c, 0xec938d, 0xec938e, 0xec938f, 0xec9390, 0xec9391,
    0xec9392, 0xec9393, 0x000000, 0x000000, 0x000000, 0x000000, 0x000000, 0x000000, 0x000000,
    0x000000, 0x000000, 0x000000, 0x000000, 0x000000, 0x000000, 0x000000, 0x000000, 0x000000,
    0xec9394, 0xec9395, 0xec9396, 0xec9397, 0xec9398, 0xec9399, 0xec939a, 0xec939b, 0xec939c,
    0xec939d, 0xec939e, 0xec939f, 0xec93a0, 0xec93a1, 0xec93a2, 0xec93a3, 0xec93a4, 0x000000,
    0xec93a5, 0xec93a6, 0xec93a7, 0xec93a8, 0xec93a9, 0xec93aa, 0xec93ab, 0xec93ac, 0xec93ad,
    0xec93ae, 0xec93af, 0x000000, 0x000000, 0x000000, 0xec93b0, 0xec93b1, 0xec93b2, 0xec93b3,
    0xec93b4, 0xec93b5, 0xec93b6, 0xec93b7, 0xec93b8, 0xec93b9, 0xec93ba, 0xec93bb, 0xec93bc,
    0xec93bd, 0xec93be, 0xec93bf, 0xec9480, 0x000000, 0xec9481, 0xec9482, 0xec9483, 0xec9484,
    0xec9485, 0xec9486, 0xec9487, 0xec9488, 0xec9489, 0xec948a, 0xec948b, 0x000000, 0x000000,
    0x000000, 0xec948c, 0xec948d, 0xec948e, 0xec948f, 0xec9490, 0xec9491, 0xec9492, 0xec9493,
    0xec9494, 0xec9495, 0xec9496, 0xec9497, 0xec9498, 0xec9499, 0xec949a, 0xec949b, 0xec949c,
    0x000000, 0xec949d, 0xec949e, 0xec949f, 0xec94a0, 0xec94a1, 0xec94a2, 0xec94a3, 0xec94a4,
    0xec94a5, 0xec94a6, 0xec94a7, 0x000000, 0x000000, 0x000000, 0xec94a8, 0xec94a9, 0xec94aa,
    0xec94ab, 0xec94ac, 0xec94ad, 0xec94ae, 0xec94af, 0xec94b0, 0xec94b1, 0xec94b2, 0xec94b3,
    0xec94b4, 0xec94b5, 0xec94b6, 0xec94b7, 0xec94b8, 0x000000, 0xec94b9, 0xec94ba, 0xec94bb,
    0xec94bc, 0xec94bd, 0xec94be, 0xec94bf, 0xec9580, 0xec9581, 0xec9582, 0xec9583, 0x000000,
    0x000000, 0x000000, 0x000000, 0x000000, 0x000000, 0x000000, 0x000000, 0x000000, 0x000000,
    0x000000, 0x000000, 0x000000, 0x000000, 0x000000, 0x000000, 0x000000, 0x000000, 0x000000,
    0x000000, 0x000000, 0x000000, 0x000000, 0x000000, 0x000000, 0x000000, 0x000000, 0x000000,
    0x000000, 0x000000, 0x000000, 0x000000, 0x000000, 0x000000, 0x000000, 0x000000, 0x000000,
    0x000000, 0x000000, 0x000000, 0x000000, 0x000000, 0x000000, 0x000000, 0x000000, 0x000000,
    0x000000, 0x000000, 0x000000, 0x000000, 0x000000, 0x000000, 0x000000, 0x000000, 0x000000,
    0x000000, 0x000000, 0x000000, 0x000000, 0x000000, 0x000000, 0x000000, 0x000000, 0x000000,
    0x000000, 0xe38587, 0x000000, 0x000000, 0x000000, 0x000000, 0x000000, 0x000000, 0x000000,
    0x000000, 0x000000, 0x000000, 0x000000, 0x000000, 0x000000, 0x000000, 0x000000, 0x000000,
    0x000000, 0x000000, 0x000000, 0x000000, 0x000000, 0x000000, 0x000000, 0x000000, 0x000000,
    0x000000, 0x000000, 0x000000, 0x000000, 0x000000, 0x000000, 0xec9584, 0xec9585, 0xec9586,
    0xec9587, 0xec9588, 0xec9589, 0xec958a, 0xec958b, 0xec958c, 0xec958d, 0xec958e, 0xec958f,
    0xec9590, 0xec9591, 0xec9592, 0xec9593, 0xec9594, 0x000000, 0xec9595, 0xec9596, 0xec9597,
    0xec9598, 0xec9599, 0xec959a, 0xec959b, 0xec959c, 0xec959d, 0xec959e, 0xec959f, 0x000000,
    0x000000, 0x000000, 0xec95a0, 0xec95a1, 0xec95a2, 0xec95a3, 0xec95a4, 0xec95a5, 0xec95a6,
    0xec95a7, 0xec95a8, 0xec95a9, 0xec95aa, 0xec95ab, 0xec95ac, 0xec95ad, 0xec95ae, 0xec95af,
    0xec95b0, 0x000000, 0xec95b1, 0xec95b2, 0xec95b3, 0xec95b4, 0xec95b5, 0xec95b6, 0xec95b7,
    0xec95b8, 0xec95b9, 0xec95ba, 0xec95bb, 0x000000, 0x000000, 0x000000, 0xec95bc, 0xec95bd,
    0xec95be, 0xec95bf, 0xec9680, 0xec9681, 0xec9682, 0xec9683, 0xec9684, 0xec9685, 0xec9686,
    0xec9687, 0xec9688, 0xec9689, 0xec968a, 0xec968b, 0xec968c, 0x000000, 0xec968d, 0xec968e,
    0xec968f, 0xec9690, 0xec9691, 0xec9692, 0xec9693, 0xec9694, 0xec9695, 0xec9696, 0xec9697,
    0x000000, 0x000000, 0x000000, 0xec9698, 0xec9699, 0xec969a, 0xec969b, 0xec969c, 0xec969d,
    0xec969e, 0xec969f, 0xec96a0, 0xec96a1, 0xec96a2, 0xec96a3, 0xec96a4, 0xec96a5, 0xec96a6,
    0xec96a7, 0xec96a8, 0x000000, 0xec96a9, 0xec96aa, 0xec96ab, 0xec96ac, 0xec96ad, 0xec96ae,
    0xec96af, 0xec96b0, 0xec96b1, 0xec96b2, 0xec96b3, 0x000000, 0x000000, 0x000000, 0xec96b4,
    0xec96b5, 0xec96b6, 0xec96b7, 0xec96b8, 0xec96b9, 0xec96ba, 0xec96bb, 0xec96bc, 0xec96bd,
    0xec96be, 0xec96bf, 0xec9780, 0xec9781, 0xec9782, 0xec9783, 0xec9784, 0x000000, 0xec9785,
    0xec9786, 0xec9787, 0xec9788, 0xec9789, 0xec978a, 0xec978b, 0xec978c, 0xec978d, 0xec978e,
    0xec978f, 0x000000, 0x000000, 0x000000, 0x000000, 0x000000, 0x000000, 0x000000, 0x000000,
    0x000000, 0x000000, 0x000000, 0x000000, 0x000000, 0x000000, 0x000000, 0x000000, 0xec9790,
    0xec9791, 0xec9792, 0xec9793, 0xec9794, 0xec9795, 0xec9796, 0xec9797, 0xec9798, 0xec9799,
    0xec979a, 0xec979b, 0xec979c, 0xec979d, 0xec979e, 0xec979f, 0xec97a0, 0x000000, 0xec97a1,
    0xec97a2, 0xec97a3, 0xec97a4, 0xec97a5, 0xec97a6, 0xec97a7, 0xec97a8, 0xec97a9, 0xec97aa,
    0xec97ab, 0x000000, 0x000000, 0x000000, 0xec97ac, 0xec97ad, 0xec97ae, 0xec97af, 0xec97b0,
    0xec97b1, 0xec97b2, 0xec97b3, 0xec97b4, 0xec97b5, 0xec97b6, 0xec97b7, 0xec97b8, 0xec97b9,
    0xec97ba, 0xec97bb, 0xec97bc, 0x000000, 0xec97bd, 0xec97be, 0xec97bf, 0xec9880, 0xec9881,
    0xec9882, 0xec9883, 0xec9884, 0xec9885, 0xec9886, 0xec9887, 0x000000, 0x000000, 0x000000,
    0xec9888, 0xec9889, 0xec988a, 0xec988b, 0xec988c, 0xec988d, 0xec988e, 0xec988f, 0xec9890,
    0xec9891, 0xec9892, 0xec9893, 0xec9894, 0xec9895, 0xec9896, 0xec9897, 0xec9898, 0x000000,
    0xec9899, 0xec989a, 0xec989b, 0xec989c, 0xec989d, 0xec989e, 0xec989f, 0xec98a0, 0xec98a1,
    0xec98a2, 0xec98a3, 0x000000, 0x000000, 0x000000, 0xec98a4, 0xec98a5, 0xec98a6, 0xec98a7,
    0xec98a8, 0xec98a9, 0xec98aa, 0xec98ab, 0xec98ac, 0xec98ad, 0xec98ae, 0xec98af, 0xec98b0,
    0xec98b1, 0xec98b2, 0xec98b3, 0xec98b4, 0x000000, 0xec98b5, 0xec98b6, 0xec98b7, 0xec98b8,
    0xec98b9, 0xec98ba, 0xec98bb, 0xec98bc, 0xec98bd, 0xec98be, 0xec98bf, 0x000000, 0x000000,
    0x000000, 0xec9980, 0xec9981, 0xec9982, 0xec9983, 0xec9984, 0xec9985, 0xec9986, 0xec9987,
    0xec9988, 0xec9989, 0xec998a, 0xec998b, 0xec998c, 0xec998d, 0xec998e, 0xec998f, 0xec9990,
    0x000000, 0xec9991, 0xec9992, 0xec9993, 0xec9994, 0xec9995, 0xec9996, 0xec9997, 0xec9998,
    0xec9999, 0xec999a, 0xec999b, 0x000000, 0x000000, 0x000000, 0xec999c, 0xec999d, 0xec999e,
    0xec999f, 0xec99a0, 0xec99a1, 0xec99a2, 0xec99a3, 0xec99a4, 0xec99a5, 0xec99a6, 0xec99a7,
    0xec99a8, 0xec99a9, 0xec99aa, 0xec99ab, 0xec99ac, 0x000000, 0xec99ad, 0xec99ae, 0xec99af,
    0xec99b0, 0xec99b1, 0xec99b2, 0xec99b3, 0xec99b4, 0xec99b5, 0xec99b6, 0xec99b7, 0x000000,
    0x000000, 0x000000, 0x000000, 0x000000, 0x000000, 0x000000, 0x000000, 0x000000, 0x000000,
    0x000000, 0x000000, 0x000000, 0x000000, 0x000000, 0x000000, 0xec99b8, 0xec99b9, 0xec99ba,
    0xec99bb, 0xec99bc, 0xec99bd, 0xec99be, 0xec99bf, 0xec9a80, 0xec9a81, 0xec9a82, 0xec9a83,
    0xec9a84, 0xec9a85, 0xec9a86, 0xec9a87, 0xec9a88, 0x000000, 0xec9a89, 0xec9a8a, 0xec9a8b,
    0xec9a8c, 0xec9a8d, 0xec9a8e, 0xec9a8f, 0xec9a90, 0xec9a91, 0xec9a92, 0xec9a93, 0x000000,
    0x000000, 0x000000, 0xec9a94, 0xec9a95, 0xec9a96, 0xec9a97, 0xec9a98, 0xec9a99, 0xec9a9a,
    0xec9a9b, 0xec9a9c, 0xec9a9d, 0xec9a9e, 0xec9a9f, 0xec9aa0, 0xec9aa1, 0xec9aa2, 0xec9aa3,
    0xec9aa4, 0x000000, 0xec9aa5, 0xec9aa6, 0xec9aa7, 0xec9aa8, 0xec9aa9, 0xec9aaa, 0xec9aab,
    0xec9aac, 0xec9aad, 0xec9aae, 0xec9aaf, 0x000000, 0x000000, 0x000000, 0xec9ab0, 0xec9ab1,
    0xec9ab2, 0xec9ab3, 0xec9ab4, 0xec9ab5, 0xec9ab6, 0xec9ab7, 0xec9ab8, 0xec9ab9, 0xec9aba,
    0xec9abb, 0xec9abc, 0xec9abd, 0xec9abe, 0xec9abf, 0xec9b80, 0x000000, 0xec9b81, 0xec9b82,
    0xec9b83, 0xec9b84, 0xec9b85, 0xec9b86, 0xec9b87, 0xec9b88, 0xec9b89, 0xec9b8a, 0xec9b8b,
    0x000000, 0x000000, 0x000000, 0xec9b8c, 0xec9b8d, 0xec9b8e, 0xec9b8f, 0xec9b90, 0xec9b91,
    0xec9b92, 0xec9b93, 0xec9b94, 0xec9b95, 0xec9b96, 0xec9b97, 0xec9b98, 0xec9b99, 0xec9b9a,
    0xec9b9b, 0xec9b9c, 0x000000, 0xec9b9d, 0xec9b9e, 0xec9b9f, 0xec9ba0, 0xec9ba1, 0xec9ba2,
    0xec9ba3, 0xec9ba4, 0xec9ba5, 0xec9ba6, 0xec9ba7, 0x000000, 0x000000, 0x000000, 0xec9ba8,
    0xec9ba9, 0xec9baa, 0xec9bab, 0xec9bac, 0xec9bad, 0xec9bae, 0xec9baf, 0xec9bb0, 0xec9bb1,
    0xec9bb2, 0xec9bb3, 0xec9bb4, 0xec9bb5, 0xec9bb6, 0xec9bb7, 0xec9bb8, 0x000000, 0xec9bb9,
    0xec9bba, 0xec9bbb, 0xec9bbc, 0xec9bbd, 0xec9bbe, 0xec9bbf, 0xec9c80, 0xec9c81, 0xec9c82,
    0xec9c83, 0x000000, 0x000000, 0x000000, 0xec9c84, 0xec9c85, 0xec9c86, 0xec9c87, 0xec9c88,
    0xec9c89, 0xec9c8a, 0xec9c8b, 0xec9c8c, 0xec9c8d, 0xec9c8e, 0xec9c8f, 0xec9c90, 0xec9c91,
    0xec9c92, 0xec9c93, 0xec9c94, 0x000000, 0xec9c95, 0xec9c96, 0xec9c97, 0xec9c98, 0xec9c99,
    0xec9c9a, 0xec9c9b, 0xec9c9c, 0xec9c9d, 0xec9c9e, 0xec9c9f, 0x000000, 0x000000, 0x000000,
    0x000000, 0x000000, 0x000000, 0x000000, 0x000000, 0x000000, 0x000000, 0x000000, 0x000000,
    0x000000, 0x000000, 0x000000, 0x000000, 0xec9ca0, 0xec9ca1, 0xec9ca2, 0xec9ca3, 0xec9ca4,
    0xec9ca5, 0xec9ca6, 0xec9ca7, 0xec9ca8, 0xec9ca9, 0xec9caa, 0xec9cab, 0xec9cac, 0xec9cad,
    0xec9cae, 0xec9caf, 0xec9cb0, 0x000000, 0xec9cb1, 0xec9cb2, 0xec9cb3, 0xec9cb4, 0xec9cb5,
    0xec9cb6, 0xec9cb7, 0xec9cb8, 0xec9cb9, 0xec9cba, 0xec9cbb, 0x000000, 0x000000, 0x000000,
    0xec9cbc, 0xec9cbd, 0xec9cbe, 0xec9cbf, 0xec9d80, 0xec9d81, 0xec9d82, 0xec9d83, 0xec9d84,
    0xec9d85, 0xec9d86, 0xec9d87, 0xec9d88, 0xec9d89, 0xec9d8a, 0xec9d8b, 0xec9d8c, 0x000000,
    0xec9d8d, 0xec9d8e, 0xec9d8f, 0xec9d90, 0xec9d91, 0xec9d92, 0xec9d93, 0xec9d94, 0xec9d95,
    0xec9d96, 0xec9d97, 0x000000, 0x000000, 0x000000, 0xec9d98, 0xec9d99, 0xec9d9a, 0xec9d9b,
    0xec9d9c, 0xec9d9d, 0xec9d9e, 0xec9d9f, 0xec9da0, 0xec9da1, 0xec9da2, 0xec9da3, 0xec9da4,
    0xec9da5, 0xec9da6, 0xec9da7, 0xec9da8, 0x000000, 0xec9da9, 0xec9daa, 0xec9dab, 0xec9dac,
    0xec9dad, 0xec9dae, 0xec9daf, 0xec9db0, 0xec9db1, 0xec9db2, 0xec9db3, 0x000000, 0x000000,
    0x000000, 0xec9db4, 0xec9db5, 0xec9db6, 0xec9db7, 0xec9db8, 0xec9db9, 0xec9dba, 0xec9dbb,
    0xec9dbc, 0xec9dbd, 0xec9dbe, 0xec9dbf, 0xec9e80, 0xec9e81, 0xec9e82, 0xec9e83, 0xec9e84,
    0x000000, 0xec9e85, 0xec9e86, 0xec9e87, 0xec9e88, 0xec9e89, 0xec9e8a, 0xec9e8b, 0xec9e8c,
    0xec9e8d, 0xec9e8e, 0xec9e8f, 0x000000, 0x000000, 0x000000, 0x000000, 0x000000, 0x000000,
    0x000000, 0x000000, 0x000000, 0x000000, 0x000000, 0x000000, 0x000000, 0x000000, 0x000000,
    0x000000, 0x000000, 0x000000, 0x000000, 0x000000, 0x000000, 0x000000, 0x000000, 0x000000,
    0x000000, 0x000000, 0x000000, 0x000000, 0x000000, 0x000000, 0x000000, 0x000000, 0x000000,
    0x000000, 0x000000, 0x000000, 0x000000, 0x000000, 0x000000, 0x000000, 0x000000, 0x000000,
    0x000000, 0x000000, 0x000000, 0x000000, 0x000000, 0x000000, 0x000000, 0x000000, 0x000000,
    0x000000, 0x000000, 0x000000, 0x000000, 0x000000, 0x000000, 0x000000, 0x000000, 0x000000,
    0x000000, 0x000000, 0x000000, 0x000000, 0x000000, 0xe38588, 0x000000, 0x000000, 0x000000,
    0x000000, 0x000000, 0x000000, 0x000000, 0x000000, 0x000000, 0x000000, 0x000000, 0x000000,
    0x000000, 0x000000, 0x000000, 0x000000, 0x000000, 0x000000, 0x000000, 0x000000, 0x000000,
    0x000000, 0x000000, 0x000000, 0x000000, 0x000000, 0x000000, 0x000000, 0x000000, 0x000000,
    0x000000, 0xec9e90, 0xec9e91, 0xec9e92, 0xec9e93, 0xec9e94, 0xec9e95, 0xec9e96, 0xec9e97,
    0xec9e98, 0xec9e99, 0xec9e9a, 0xec9e9b, 0xec9e9c, 0xec9e9d, 0xec9e9e, 0xec9e9f, 0xec9ea0,
    0x000000, 0xec9ea1, 0xec9ea2, 0xec9ea3, 0xec9ea4, 0xec9ea5, 0xec9ea6, 0xec9ea7, 0xec9ea8,
    0xec9ea9, 0xec9eaa, 0xec9eab, 0x000000, 0x000000, 0x000000, 0xec9eac, 0xec9ead, 0xec9eae,
    0xec9eaf, 0xec9eb0, 0xec9eb1, 0xec9eb2, 0xec9eb3, 0xec9eb4, 0xec9eb5, 0xec9eb6, 0xec9eb7,
    0xec9eb8, 0xec9eb9, 0xec9eba, 0xec9ebb, 0xec9ebc, 0x000000, 0xec9ebd, 0xec9ebe, 0xec9ebf,
    0xec9f80, 0xec9f81, 0xec9f82, 0xec9f83, 0xec9f84, 0xec9f85, 0xec9f86, 0xec9f87, 0x000000,
    0x000000, 0x000000, 0xec9f88, 0xec9f89, 0xec9f8a, 0xec9f8b, 0xec9f8c, 0xec9f8d, 0xec9f8e,
    0xec9f8f, 0xec9f90, 0xec9f91, 0xec9f92, 0xec9f93, 0xec9f94, 0xec9f95, 0xec9f96, 0xec9f97,
    0xec9f98, 0x000000, 0xec9f99, 0xec9f9a, 0xec9f9b, 0xec9f9c, 0xec9f9d, 0xec9f9e, 0xec9f9f,
    0xec9fa0, 0xec9fa1, 0xec9fa2, 0xec9fa3, 0x000000, 0x000000, 0x000000, 0xec9fa4, 0xec9fa5,
    0xec9fa6, 0xec9fa7, 0xec9fa8, 0xec9fa9, 0xec9faa, 0xec9fab, 0xec9fac, 0xec9fad, 0xec9fae,
    0xec9faf, 0xec9fb0, 0xec9fb1, 0xec9fb2, 0xec9fb3, 0xec9fb4, 0x000000, 0xec9fb5, 0xec9fb6,
    0xec9fb7, 0xec9fb8, 0xec9fb9, 0xec9fba, 0xec9fbb, 0xec9fbc, 0xec9fbd, 0xec9fbe, 0xec9fbf,
    0x000000, 0x000000, 0x000000, 0xeca080, 0xeca081, 0xeca082, 0xeca083, 0xeca084, 0xeca085,
    0xeca086, 0xeca087, 0xeca088, 0xeca089, 0xeca08a, 0xeca08b, 0xeca08c, 0xeca08d, 0xeca08e,
    0xeca08f, 0xeca090, 0x000000, 0xeca091, 0xeca092, 0xeca093, 0xeca094, 0xeca095, 0xeca096,
    0xeca097, 0xeca098, 0xeca099, 0xeca09a, 0xeca09b, 0x000000, 0x000000, 0x000000, 0x000000,
    0x000000, 0x000000, 0x000000, 0x000000, 0x000000, 0x000000, 0x000000, 0x000000, 0x000000,
    0x000000, 0x000000, 0x000000, 0xeca09c, 0xeca09d, 0xeca09e, 0xeca09f, 0xeca0a0, 0xeca0a1,
    0xeca0a2, 0xeca0a3, 0xeca0a4, 0xeca0a5, 0xeca0a6, 0xeca0a7, 0xeca0a8, 0xeca0a9, 0xeca0aa,
    0xeca0ab, 0xeca0ac, 0x000000, 0xeca0ad, 0xeca0ae, 0xeca0af, 0xeca0b0, 0xeca0b1, 0xeca0b2,
    0xeca0b3, 0xeca0b4, 0xeca0b5, 0xeca0b6, 0xeca0b7, 0x000000, 0x000000, 0x000000, 0xeca0b8,
    0xeca0b9, 0xeca0ba, 0xeca0bb, 0xeca0bc, 0xeca0bd, 0xeca0be, 0xeca0bf, 0xeca180, 0xeca181,
    0xeca182, 0xeca183, 0xeca184, 0xeca185, 0xeca186, 0xeca187, 0xeca188, 0x000000, 0xeca189,
    0xeca18a, 0xeca18b, 0xeca18c, 0xeca18d, 0xeca18e, 0xeca18f, 0xeca190, 0xeca191, 0xeca192,
    0xeca193, 0x000000, 0x000000, 0x000000, 0xeca194, 0xeca195, 0xeca196, 0xeca197, 0xeca198,
    0xeca199, 0xeca19a, 0xeca19b, 0xeca19c, 0xeca19d, 0xeca19e, 0xeca19f, 0xeca1a0, 0xeca1a1,
    0xeca1a2, 0xeca1a3, 0xeca1a4, 0x000000, 0xeca1a5, 0xeca1a6, 0xeca1a7, 0xeca1a8, 0xeca1a9,
    0xeca1aa, 0xeca1ab, 0xeca1ac, 0xeca1ad, 0xeca1ae, 0xeca1af, 0x000000, 0x000000, 0x000000,
    0xeca1b0, 0xeca1b1, 0xeca1b2, 0xeca1b3, 0xeca1b4, 0xeca1b5, 0xeca1b6, 0xeca1b7, 0xeca1b8,
    0xeca1b9, 0xeca1ba, 0xeca1bb, 0xeca1bc, 0xeca1bd, 0xeca1be, 0xeca1bf, 0xeca280, 0x000000,
    0xeca281, 0xeca282, 0xeca283, 0xeca284, 0xeca285, 0xeca286, 0xeca287, 0xeca288, 0xeca289,
    0xeca28a, 0xeca28b, 0x000000, 0x000000, 0x000000, 0xeca28c, 0xeca28d, 0xeca28e, 0xeca28f,
    0xeca290, 0xeca291, 0xeca292, 0xeca293, 0xeca294, 0xeca295, 0xeca296, 0xeca297, 0xeca298,
    0xeca299, 0xeca29a, 0xeca29b, 0xeca29c, 0x000000, 0xeca29d, 0xeca29e, 0xeca29f, 0xeca2a0,
    0xeca2a1, 0xeca2a2, 0xeca2a3, 0xeca2a4, 0xeca2a5, 0xeca2a6, 0xeca2a7, 0x000000, 0x000000,
    0x000000, 0xeca2a8, 0xeca2a9, 0xeca2aa, 0xeca2ab, 0xeca2ac, 0xeca2ad, 0xeca2ae, 0xeca2af,
    0xeca2b0, 0xeca2b1, 0xeca2b2, 0xeca2b3, 0xeca2b4, 0xeca2b5, 0xeca2b6, 0xeca2b7, 0xeca2b8,
    0x000000, 0xeca2b9, 0xeca2ba, 0xeca2bb, 0xeca2bc, 0xeca2bd, 0xeca2be, 0xeca2bf, 0xeca380,
    0xeca381, 0xeca382, 0xeca383, 0x000000, 0x000000, 0x000000, 0x000000, 0x000000, 0x000000,
    0x000000, 0x000000, 0x000000, 0x000000, 0x000000, 0x000000, 0x000000, 0x000000, 0x000000,
    0x000000, 0xeca384, 0xeca385, 0xeca386, 0xeca387, 0xeca388, 0xeca389, 0xeca38a, 0xeca38b,
    0xeca38c, 0xeca38d, 0xeca38e, 0xeca38f, 0xeca390, 0xeca391, 0xeca392, 0xeca393, 0xeca394,
    0x000000, 0xeca395, 0xeca396, 0xeca397, 0xeca398, 0xeca399, 0xeca39a, 0xeca39b, 0xeca39c,
    0xeca39d, 0xeca39e, 0xeca39f, 0x000000, 0x000000, 0x000000, 0xeca3a0, 0xeca3a1, 0xeca3a2,
    0xeca3a3, 0xeca3a4, 0xeca3a5, 0xeca3a6, 0xeca3a7, 0xeca3a8, 0xeca3a9, 0xeca3aa, 0xeca3ab,
    0xeca3ac, 0xeca3ad, 0xeca3ae, 0xeca3af, 0xeca3b0, 0x000000, 0xeca3b1, 0xeca3b2, 0xeca3b3,
    0xeca3b4, 0xeca3b5, 0xeca3b6, 0xeca3b7, 0xeca3b8, 0xeca3b9, 0xeca3ba, 0xeca3bb, 0x000000,
    0x000000, 0x000000, 0xeca3bc, 0xeca3bd, 0xeca3be, 0xeca3bf, 0xeca480, 0xeca481, 0xeca482,
    0xeca483, 0xeca484, 0xeca485, 0xeca486, 0xeca487, 0xeca488, 0xeca489, 0xeca48a, 0xeca48b,
    0xeca48c, 0x000000, 0xeca48d, 0xeca48e, 0xeca48f, 0xeca490, 0xeca491, 0xeca492, 0xeca493,
    0xeca494, 0xeca495, 0xeca496, 0xeca497, 0x000000, 0x000000, 0x000000, 0xeca498, 0xeca499,
    0xeca49a, 0xeca49b, 0xeca49c, 0xeca49d, 0xeca49e, 0xeca49f, 0xeca4a0, 0xeca4a1, 0xeca4a2,
    0xeca4a3, 0xeca4a4, 0xeca4a5, 0xeca4a6, 0xeca4a7, 0xeca4a8, 0x000000, 0xeca4a9, 0xeca4aa,
    0xeca4ab, 0xeca4ac, 0xeca4ad, 0xeca4ae, 0xeca4af, 0xeca4b0, 0xeca4b1, 0xeca4b2, 0xeca4b3,
    0x000000, 0x000000, 0x000000, 0xeca4b4, 0xeca4b5, 0xeca4b6, 0xeca4b7, 0xeca4b8, 0xeca4b9,
    0xeca4ba, 0xeca4bb, 0xeca4bc, 0xeca4bd, 0xeca4be, 0xeca4bf, 0xeca580, 0xeca581, 0xeca582,
    0xeca583, 0xeca584, 0x000000, 0xeca585, 0xeca586, 0xeca587, 0xeca588, 0xeca589, 0xeca58a,
    0xeca58b, 0xeca58c, 0xeca58d, 0xeca58e, 0xeca58f, 0x000000, 0x000000, 0x000000, 0xeca590,
    0xeca591, 0xeca592, 0xeca593, 0xeca594, 0xeca595, 0xeca596, 0xeca597, 0xeca598, 0xeca599,
    0xeca59a, 0xeca59b, 0xeca59c, 0xeca59d, 0xeca59e, 0xeca59f, 0xeca5a0, 0x000000, 0xeca5a1,
    0xeca5a2, 0xeca5a3, 0xeca5a4, 0xeca5a5, 0xeca5a6, 0xeca5a7, 0xeca5a8, 0xeca5a9, 0xeca5aa,
    0xeca5ab, 0x000000, 0x000000, 0x000000, 0x000000, 0x000000, 0x000000, 0x000000, 0x000000,
    0x000000, 0x000000, 0x000000, 0x000000, 0x000000, 0x000000, 0x000000, 0x000000, 0xeca5ac,
    0xeca5ad, 0xeca5ae, 0xeca5af, 0xeca5b0, 0xeca5b1, 0xeca5b2, 0xeca5b3, 0xeca5b4, 0xeca5b5,
    0xeca5b6, 0xeca5b7, 0xeca5b8, 0xeca5b9, 0xeca5ba, 0xeca5bb, 0xeca5bc, 0x000000, 0xeca5bd,
    0xeca5be, 0xeca5bf, 0xeca680, 0xeca681, 0xeca682, 0xeca683, 0xeca684, 0xeca685, 0xeca686,
    0xeca687, 0x000000, 0x000000, 0x000000, 0xeca688, 0xeca689, 0xeca68a, 0xeca68b, 0xeca68c,
    0xeca68d, 0xeca68e, 0xeca68f, 0xeca690, 0xeca691, 0xeca692, 0xeca693, 0xeca694, 0xeca695,
    0xeca696, 0xeca697, 0xeca698, 0x000000, 0xeca699, 0xeca69a, 0xeca69b, 0xeca69c, 0xeca69d,
    0xeca69e, 0xeca69f, 0xeca6a0, 0xeca6a1, 0xeca6a2, 0xeca6a3, 0x000000, 0x000000, 0x000000,
    0xeca6a4, 0xeca6a5, 0xeca6a6, 0xeca6a7, 0xeca6a8, 0xeca6a9, 0xeca6aa, 0xeca6ab, 0xeca6ac,
    0xeca6ad, 0xeca6ae, 0xeca6af, 0xeca6b0, 0xeca6b1, 0xeca6b2, 0xeca6b3, 0xeca6b4, 0x000000,
    0xeca6b5, 0xeca6b6, 0xeca6b7, 0xeca6b8, 0xeca6b9, 0xeca6ba, 0xeca6bb, 0xeca6bc, 0xeca6bd,
    0xeca6be, 0xeca6bf, 0x000000, 0x000000, 0x000000, 0xeca780, 0xeca781, 0xeca782, 0xeca783,
    0xeca784, 0xeca785, 0xeca786, 0xeca787, 0xeca788, 0xeca789, 0xeca78a, 0xeca78b, 0xeca78c,
    0xeca78d, 0xeca78e, 0xeca78f, 0xeca790, 0x000000, 0xeca791, 0xeca792, 0xeca793, 0xeca794,
    0xeca795, 0xeca796, 0xeca797, 0xeca798, 0xeca799, 0xeca79a, 0xeca79b, 0x000000, 0x000000,
    0x000000, 0x000000, 0x000000, 0x000000, 0x000000, 0x000000, 0x000000, 0x000000, 0x000000,
    0x000000, 0x000000, 0x000000, 0x000000, 0x000000, 0x000000, 0x000000, 0x000000, 0x000000,
    0x000000, 0x000000, 0x000000, 0x000000, 0x000000, 0x000000, 0x000000, 0x000000, 0x000000,
    0x000000, 0x000000, 0x000000, 0x000000, 0x000000, 0x000000, 0x000000, 0x000000, 0x000000,
    0x000000, 0x000000, 0x000000, 0x000000, 0x000000, 0x000000, 0x000000, 0x000000, 0x000000,
    0x000000, 0x000000, 0x000000, 0x000000, 0x000000, 0x000000, 0x000000, 0x000000, 0x000000,
    0x000000, 0x000000, 0x000000, 0x000000, 0x000000, 0x000000, 0x000000, 0x000000, 0x000000,
    0xe38589, 0x000000, 0x000000, 0x000000, 0x000000, 0x000000, 0x000000, 0x000000, 0x000000,
    0x000000, 0x000000, 0x000000, 0x000000, 0x000000, 0x000000, 0x000000, 0x000000, 0x000000,
    0x000000, 0x000000, 0x000000, 0x000000, 0x000000, 0x000000, 0x000000, 0x000000, 0x000000,
    0x000000, 0x000000, 0x000000, 0x000000, 0x000000, 0xeca79c, 0xeca79d, 0xeca79e, 0xeca79f,
    0xeca7a0, 0xeca7a1, 0xeca7a2, 0xeca7a3, 0xeca7a4, 0xeca7a5, 0xeca7a6, 0xeca7a7, 0xeca7a8,
    0xeca7a9, 0xeca7aa, 0xeca7ab, 0xeca7ac, 0x000000, 0xeca7ad, 0xeca7ae, 0xeca7af, 0xeca7b0,
    0xeca7b1, 0xeca7b2, 0xeca7b3, 0xeca7b4, 0xeca7b5, 0xeca7b6, 0xeca7b7, 0x000000, 0x000000,
    0x000000, 0xeca7b8, 0xeca7b9, 0xeca7ba, 0xeca7bb, 0xeca7bc, 0xeca7bd, 0xeca7be, 0xeca7bf,
    0xeca880, 0xeca881, 0xeca882, 0xeca883, 0xeca884, 0xeca885, 0xeca886, 0xeca887, 0xeca888,
    0x000000, 0xeca889, 0xeca88a, 0xeca88b, 0xeca88c, 0xeca88d, 0xeca88e, 0xeca88f, 0xeca890,
    0xeca891, 0xeca892, 0xeca893, 0x000000, 0x000000, 0x000000, 0xeca894, 0xeca895, 0xeca896,
    0xeca897, 0xeca898, 0xeca899, 0xeca89a, 0xeca89b, 0xeca89c, 0xeca89d, 0xeca89e, 0xeca89f,
    0xeca8a0, 0xeca8a1, 0xeca8a2, 0xeca8a3, 0xeca8a4, 0x000000, 0xeca8a5, 0xeca8a6, 0xeca8a7,
    0xeca8a8, 0xeca8a9, 0xeca8aa, 0xeca8ab, 0xeca8ac, 0xeca8ad, 0xeca8ae, 0xeca8af, 0x000000,
    0x000000, 0x000000, 0xeca8b0, 0xeca8b1, 0xeca8b2, 0xeca8b3, 0xeca8b4, 0xeca8b5, 0xeca8b6,
    0xeca8b7, 0xeca8b8, 0xeca8b9, 0xeca8ba, 0xeca8bb, 0xeca8bc, 0xeca8bd, 0xeca8be, 0xeca8bf,
    0xeca980, 0x000000, 0xeca981, 0xeca982, 0xeca983, 0xeca984, 0xeca985, 0xeca986, 0xeca987,
    0xeca988, 0xeca989, 0xeca98a, 0xeca98b, 0x000000, 0x000000, 0x000000, 0xeca98c, 0xeca98d,
    0xeca98e, 0xeca98f, 0xeca990, 0xeca991, 0xeca992, 0xeca993, 0xeca994, 0xeca995, 0xeca996,
    0xeca997, 0xeca998, 0xeca999, 0xeca99a, 0xeca99b, 0xeca99c, 0x000000, 0xeca99d, 0xeca99e,
    0xeca99f, 0xeca9a0, 0xeca9a1, 0xeca9a2, 0xeca9a3, 0xeca9a4, 0xeca9a5, 0xeca9a6, 0xeca9a7,
    0x000000, 0x000000, 0x000000, 0x000000, 0x000000, 0x000000, 0x000000, 0x000000, 0x000000,
    0x000000, 0x000000, 0x000000, 0x000000, 0x000000, 0x000000, 0x000000, 0xeca9a8, 0xeca9a9,
    0xeca9aa, 0xeca9ab, 0xeca9ac, 0xeca9ad, 0xeca9ae, 0xeca9af, 0xeca9b0, 0xeca9b1, 0xeca9b2,
    0xeca9b3, 0xeca9b4, 0xeca9b5, 0xeca9b6, 0xeca9b7, 0xeca9b8, 0x000000, 0xeca9b9, 0xeca9ba,
    0xeca9bb, 0xeca9bc, 0xeca9bd, 0xeca9be, 0xeca9bf, 0xecaa80, 0xecaa81, 0xecaa82, 0xecaa83,
    0x000000, 0x000000, 0x000000, 0xecaa84, 0xecaa85, 0xecaa86, 0xecaa87, 0xecaa88, 0xecaa89,
    0xecaa8a, 0xecaa8b, 0xecaa8c, 0xecaa8d, 0xecaa8e, 0xecaa8f, 0xecaa90, 0xecaa91, 0xecaa92,
    0xecaa93, 0xecaa94, 0x000000, 0xecaa95, 0xecaa96, 0xecaa97, 0xecaa98, 0xecaa99, 0xecaa9a,
    0xecaa9b, 0xecaa9c, 0xecaa9d, 0xecaa9e, 0xecaa9f, 0x000000, 0x000000, 0x000000, 0xecaaa0,
    0xecaaa1, 0xecaaa2, 0xecaaa3, 0xecaaa4, 0xecaaa5, 0xecaaa6, 0xecaaa7, 0xecaaa8, 0xecaaa9,
    0xecaaaa, 0xecaaab, 0xecaaac, 0xecaaad, 0xecaaae, 0xecaaaf, 0xecaab0, 0x000000, 0xecaab1,
    0xecaab2, 0xecaab3, 0xecaab4, 0xecaab5, 0xecaab6, 0xecaab7, 0xecaab8, 0xecaab9, 0xecaaba,
    0xecaabb, 0x000000, 0x000000, 0x000000, 0xecaabc, 0xecaabd, 0xecaabe, 0xecaabf, 0xecab80,
    0xecab81, 0xecab82, 0xecab83, 0xecab84, 0xecab85, 0xecab86, 0xecab87, 0xecab88, 0xecab89,
    0xecab8a, 0xecab8b, 0xecab8c, 0x000000, 0xecab8d, 0xecab8e, 0xecab8f, 0xecab90, 0xecab91,
    0xecab92, 0xecab93, 0xecab94, 0xecab95, 0xecab96, 0xecab97, 0x000000, 0x000000, 0x000000,
    0xecab98, 0xecab99, 0xecab9a, 0xecab9b, 0xecab9c, 0xecab9d, 0xecab9e, 0xecab9f, 0xecaba0,
    0xecaba1, 0xecaba2, 0xecaba3, 0xecaba4, 0xecaba5, 0xecaba6, 0xecaba7, 0xecaba8, 0x000000,
    0xecaba9, 0xecabaa, 0xecabab, 0xecabac, 0xecabad, 0xecabae, 0xecabaf, 0xecabb0, 0xecabb1,
    0xecabb2, 0xecabb3, 0x000000, 0x000000, 0x000000, 0xecabb4, 0xecabb5, 0xecabb6, 0xecabb7,
    0xecabb8, 0xecabb9, 0xecabba, 0xecabbb, 0xecabbc, 0xecabbd, 0xecabbe, 0xecabbf, 0xecac80,
    0xecac81, 0xecac82, 0xecac83, 0xecac84, 0x000000, 0xecac85, 0xecac86, 0xecac87, 0xecac88,
    0xecac89, 0xecac8a, 0xecac8b, 0xecac8c, 0xecac8d, 0xecac8e, 0xecac8f, 0x000000, 0x000000,
    0x000000, 0x000000, 0x000000, 0x000000, 0x000000, 0x000000, 0x000000, 0x000000, 0x000000,
    0x000000, 0x000000, 0x000000, 0x000000, 0x000000, 0xecac90, 0xecac91, 0xecac92, 0xecac93,
    0xecac94, 0xecac95, 0xecac96, 0xecac97, 0xecac98, 0xecac99, 0xecac9a, 0xecac9b, 0xecac9c,
    0xecac9d, 0xecac9e, 0xecac9f, 0xecaca0, 0x000000, 0xecaca1, 0xecaca2, 0xecaca3, 0xecaca4,
    0xecaca5, 0xecaca6, 0xecaca7, 0xecaca8, 0xecaca9, 0xecacaa, 0xecacab, 0x000000, 0x000000,
    0x000000, 0xecacac, 0xecacad, 0xecacae, 0xecacaf, 0xecacb0, 0xecacb1, 0xecacb2, 0xecacb3,
    0xecacb4, 0xecacb5, 0xecacb6, 0xecacb7, 0xecacb8, 0xecacb9, 0xecacba, 0xecacbb, 0xecacbc,
    0x000000, 0xecacbd, 0xecacbe, 0xecacbf, 0xecad80, 0xecad81, 0xecad82, 0xecad83, 0xecad84,
    0xecad85, 0xecad86, 0xecad87, 0x000000, 0x000000, 0x000000, 0xecad88, 0xecad89, 0xecad8a,
    0xecad8b, 0xecad8c, 0xecad8d, 0xecad8e, 0xecad8f, 0xecad90, 0xecad91, 0xecad92, 0xecad93,
    0xecad94, 0xecad95, 0xecad96, 0xecad97, 0xecad98, 0x000000, 0xecad99, 0xecad9a, 0xecad9b,
    0xecad9c, 0xecad9d, 0xecad9e, 0xecad9f, 0xecada0, 0xecada1, 0xecada2, 0xecada3, 0x000000,
    0x000000, 0x000000, 0xecada4, 0xecada5, 0xecada6, 0xecada7, 0xecada8, 0xecada9, 0xecadaa,
    0xecadab, 0xecadac, 0xecadad, 0xecadae, 0xecadaf, 0xecadb0, 0xecadb1, 0xecadb2, 0xecadb3,
    0xecadb4, 0x000000, 0xecadb5, 0xecadb6, 0xecadb7, 0xecadb8, 0xecadb9, 0xecadba, 0xecadbb,
    0xecadbc, 0xecadbd, 0xecadbe, 0xecadbf, 0x000000, 0x000000, 0x000000, 0xecae80, 0xecae81,
    0xecae82, 0xecae83, 0xecae84, 0xecae85, 0xecae86, 0xecae87, 0xecae88, 0xecae89, 0xecae8a,
    0xecae8b, 0xecae8c, 0xecae8d, 0xecae8e, 0xecae8f, 0xecae90, 0x000000, 0xecae91, 0xecae92,
    0xecae93, 0xecae94, 0xecae95, 0xecae96, 0xecae97, 0xecae98, 0xecae99, 0xecae9a, 0xecae9b,
    0x000000, 0x000000, 0x000000, 0xecae9c, 0xecae9d, 0xecae9e, 0xecae9f, 0xecaea0, 0xecaea1,
    0xecaea2, 0xecaea3, 0xecaea4, 0xecaea5, 0xecaea6, 0xecaea7, 0xecaea8, 0xecaea9, 0xecaeaa,
    0xecaeab, 0xecaeac, 0x000000, 0xecaead, 0xecaeae, 0xecaeaf, 0xecaeb0, 0xecaeb1, 0xecaeb2,
    0xecaeb3, 0xecaeb4, 0xecaeb5, 0xecaeb6, 0xecaeb7, 0x000000, 0x000000, 0x000000, 0x000000,
    0x000000, 0x000000, 0x000000, 0x000000, 0x000000, 0x000000, 0x000000, 0x000000, 0x000000,
    0x000000, 0x000000, 0x000000, 0xecaeb8, 0xecaeb9, 0xecaeba, 0xecaebb, 0xecaebc, 0xecaebd,
    0xecaebe, 0xecaebf, 0xecaf80, 0xecaf81, 0xecaf82, 0xecaf83, 0xecaf84, 0xecaf85, 0xecaf86,
    0xecaf87, 0xecaf88, 0x000000, 0xecaf89, 0xecaf8a, 0xecaf8b, 0xecaf8c, 0xecaf8d, 0xecaf8e,
    0xecaf8f, 0xecaf90, 0xecaf91, 0xecaf92, 0xecaf93, 0x000000, 0x000000, 0x000000, 0xecaf94,
    0xecaf95, 0xecaf96, 0xecaf97, 0xecaf98, 0xecaf99, 0xecaf9a, 0xecaf9b, 0xecaf9c, 0xecaf9d,
    0xecaf9e, 0xecaf9f, 0xecafa0, 0xecafa1, 0xecafa2, 0xecafa3, 0xecafa4, 0x000000, 0xecafa5,
    0xecafa6, 0xecafa7, 0xecafa8, 0xecafa9, 0xecafaa, 0xecafab, 0xecafac, 0xecafad, 0xecafae,
    0xecafaf, 0x000000, 0x000000, 0x000000, 0xecafb0, 0xecafb1, 0xecafb2, 0xecafb3, 0xecafb4,
    0xecafb5, 0xecafb6, 0xecafb7, 0xecafb8, 0xecafb9, 0xecafba, 0xecafbb, 0xecafbc, 0xecafbd,
    0xecafbe, 0xecafbf, 0xecb080, 0x000000, 0xecb081, 0xecb082, 0xecb083, 0xecb084, 0xecb085,
    0xecb086, 0xecb087, 0xecb088, 0xecb089, 0xecb08a, 0xecb08b, 0x000000, 0x000000, 0x000000,
    0xecb08c, 0xecb08d, 0xecb08e, 0xecb08f, 0xecb090, 0xecb091, 0xecb092, 0xecb093, 0xecb094,
    0xecb095, 0xecb096, 0xecb097, 0xecb098, 0xecb099, 0xecb09a, 0xecb09b, 0xecb09c, 0x000000,
    0xecb09d, 0xecb09e, 0xecb09f, 0xecb0a0, 0xecb0a1, 0xecb0a2, 0xecb0a3, 0xecb0a4, 0xecb0a5,
    0xecb0a6, 0xecb0a7, 0x000000, 0x000000, 0x000000, 0x000000, 0x000000, 0x000000, 0x000000,
    0x000000, 0x000000, 0x000000, 0x000000, 0x000000, 0x000000, 0x000000, 0x000000, 0x000000,
    0x000000, 0x000000, 0x000000, 0x000000, 0x000000, 0x000000, 0x000000, 0x000000, 0x000000,
    0x000000, 0x000000, 0x000000, 0x000000, 0x000000, 0x000000, 0x000000, 0x000000, 0x000000,
    0x000000, 0x000000, 0x000000, 0x000000, 0x000000, 0x000000, 0x000000, 0x000000, 0x000000,
    0x000000, 0x000000, 0x000000, 0x000000, 0x000000, 0x000000, 0x000000, 0x000000, 0x000000,
    0x000000, 0x000000, 0x000000, 0x000000, 0x000000, 0x000000, 0x000000, 0x000000, 0x000000,
    0x000000, 0x000000, 0x000000, 0x000000, 0xe3858a, 0x000000, 0x000000, 0x000000, 0x000000,
    0x000000, 0x000000, 0x000000, 0x000000, 0x000000, 0x000000, 0x000000, 0x000000, 0x000000,
    0x000000, 0x000000, 0x000000, 0x000000, 0x000000, 0x000000, 0x000000, 0x000000, 0x000000,
    0x000000, 0x000000, 0x000000, 0x000000, 0x000000, 0x000000, 0x000000, 0x000000, 0x000000,
    0xecb0a8, 0xecb0a9, 0xecb0aa, 0xecb0ab, 0xecb0ac, 0xecb0ad, 0xecb0ae, 0xecb0af, 0xecb0b0,
    0xecb0b1, 0xecb0b2, 0xecb0b3, 0xecb0b4, 0xecb0b5, 0xecb0b6, 0xecb0b7, 0xecb0b8, 0x000000,
    0xecb0b9, 0xecb0ba, 0xecb0bb, 0xecb0bc, 0xecb0bd, 0xecb0be, 0xecb0bf, 0xecb180, 0xecb181,
    0xecb182, 0xecb183, 0x000000, 0x000000, 0x000000, 0xecb184, 0xecb185, 0xecb186, 0xecb187,
    0xecb188, 0xecb189, 0xecb18a, 0xecb18b, 0xecb18c, 0xecb18d, 0xecb18e, 0xecb18f, 0xecb190,
    0xecb191, 0xecb192, 0xecb193, 0xecb194, 0x000000, 0xecb195, 0xecb196, 0xecb197, 0xecb198,
    0xecb199, 0xecb19a, 0xecb19b, 0xecb19c, 0xecb19d, 0xecb19e, 0xecb19f, 0x000000, 0x000000,
    0x000000, 0xecb1a0, 0xecb1a1, 0xecb1a2, 0xecb1a3, 0xecb1a4, 0xecb1a5, 0xecb1a6, 0xecb1a7,
    0xecb1a8, 0xecb1a9, 0xecb1aa, 0xecb1ab, 0xecb1ac, 0xecb1ad, 0xecb1ae, 0xecb1af, 0xecb1b0,
    0x000000, 0xecb1b1, 0xecb1b2, 0xecb1b3, 0xecb1b4, 0xecb1b5, 0xecb1b6, 0xecb1b7, 0xecb1b8,
    0xecb1b9, 0xecb1ba, 0xecb1bb, 0x000000, 0x000000, 0x000000, 0xecb1bc, 0xecb1bd, 0xecb1be,
    0xecb1bf, 0xecb280, 0xecb281, 0xecb282, 0xecb283, 0xecb284, 0xecb285, 0xecb286, 0xecb287,
    0xecb288, 0xecb289, 0xecb28a, 0xecb28b, 0xecb28c, 0x000000, 0xecb28d, 0xecb28e, 0xecb28f,
    0xecb290, 0xecb291, 0xecb292, 0xecb293, 0xecb294, 0xecb295, 0xecb296, 0xecb297, 0x000000,
    0x000000, 0x000000, 0xecb298, 0xecb299, 0xecb29a, 0xecb29b, 0xecb29c, 0xecb29d, 0xecb29e,
    0xecb29f, 0xecb2a0, 0xecb2a1, 0xecb2a2, 0xecb2a3, 0xecb2a4, 0xecb2a5, 0xecb2a6, 0xecb2a7,
    0xecb2a8, 0x000000, 0xecb2a9, 0xecb2aa, 0xecb2ab, 0xecb2ac, 0xecb2ad, 0xecb2ae, 0xecb2af,
    0xecb2b0, 0xecb2b1, 0xecb2b2, 0xecb2b3, 0x000000, 0x000000, 0x000000, 0x000000, 0x000000,
    0x000000, 0x000000, 0x000000, 0x000000, 0x000000, 0x000000, 0x000000, 0x000000, 0x000000,
    0x000000, 0x000000, 0xecb2b4, 0xecb2b5, 0xecb2b6, 0xecb2b7, 0xecb2b8, 0xecb2b9, 0xecb2ba,
    0xecb2bb, 0xecb2bc, 0xecb2bd, 0xecb2be, 0xecb2bf, 0xecb380, 0xecb381, 0xecb382, 0xecb383,
    0xecb384, 0x000000, 0xecb385, 0xecb386, 0xecb387, 0xecb388, 0xecb389, 0xecb38a, 0xecb38b,
    0xecb38c, 0xecb38d, 0xecb38e, 0xecb38f, 0x000000, 0x000000, 0x000000, 0xecb390, 0xecb391,
    0xecb392, 0xecb393, 0xecb394, 0xecb395, 0xecb396, 0xecb397, 0xecb398, 0xecb399, 0xecb39a,
    0xecb39b, 0xecb39c, 0xecb39d, 0xecb39e, 0xecb39f, 0xecb3a0, 0x000000, 0xecb3a1, 0xecb3a2,
    0xecb3a3, 0xecb3a4, 0xecb3a5, 0xecb3a6, 0xecb3a7, 0xecb3a8, 0xecb3a9, 0xecb3aa, 0xecb3ab,
    0x000000, 0x000000, 0x000000, 0xecb3ac, 0xecb3ad, 0xecb3ae, 0xecb3af, 0xecb3b0, 0xecb3b1,
    0xecb3b2, 0xecb3b3, 0xecb3b4, 0xecb3b5, 0xecb3b6, 0xecb3b7, 0xecb3b8, 0xecb3b9, 0xecb3ba,
    0xecb3bb, 0xecb3bc, 0x000000, 0xecb3bd, 0xecb3be, 0xecb3bf, 0xecb480, 0xecb481, 0xecb482,
    0xecb483, 0xecb484, 0xecb485, 0xecb486, 0xecb487, 0x000000, 0x000000, 0x000000, 0xecb488,
    0xecb489, 0xecb48a, 0xecb48b, 0xecb48c, 0xecb48d, 0xecb48e, 0xecb48f, 0xecb490, 0xecb491,
    0xecb492, 0xecb493, 0xecb494, 0xecb495, 0xecb496, 0xecb497, 0xecb498, 0x000000, 0xecb499,
    0xecb49a, 0xecb49b, 0xecb49c, 0xecb49d, 0xecb49e, 0xecb49f, 0xecb4a0, 0xecb4a1, 0xecb4a2,
    0xecb4a3, 0x000000, 0x000000, 0x000000, 0xecb4a4, 0xecb4a5, 0xecb4a6, 0xecb4a7, 0xecb4a8,
    0xecb4a9, 0xecb4aa, 0xecb4ab, 0xecb4ac, 0xecb4ad, 0xecb4ae, 0xecb4af, 0xecb4b0, 0xecb4b1,
    0xecb4b2, 0xecb4b3, 0xecb4b4, 0x000000, 0xecb4b5, 0xecb4b6, 0xecb4b7, 0xecb4b8, 0xecb4b9,
    0xecb4ba, 0xecb4bb, 0xecb4bc, 0xecb4bd, 0xecb4be, 0xecb4bf, 0x000000, 0x000000, 0x000000,
    0xecb580, 0xecb581, 0xecb582, 0xecb583, 0xecb584, 0xecb585, 0xecb586, 0xecb587, 0xecb588,
    0xecb589, 0xecb58a, 0xecb58b, 0xecb58c, 0xecb58d, 0xecb58e, 0xecb58f, 0xecb590, 0x000000,
    0xecb591, 0xecb592, 0xecb593, 0xecb594, 0xecb595, 0xecb596, 0xecb597, 0xecb598, 0xecb599,
    0xecb59a, 0xecb59b, 0x000000, 0x000000, 0x000000, 0x000000, 0x000000, 0x000000, 0x000000,
    0x000000, 0x000000, 0x000000, 0x000000, 0x000000, 0x000000, 0x000000, 0x000000, 0x000000,
    0xecb59c, 0xecb59d, 0xecb59e, 0xecb59f, 0xecb5a0, 0xecb5a1, 0xecb5a2, 0xecb5a3, 0xecb5a4,
    0xecb5a5, 0xecb5a6, 0xecb5a7, 0xecb5a8, 0xecb5a9, 0xecb5aa, 0xecb5ab, 0xecb5ac, 0x000000,
    0xecb5ad, 0xecb5ae, 0xecb5af, 0xecb5b0, 0xecb5b1, 0xecb5b2, 0xecb5b3, 0xecb5b4, 0xecb5b5,
    0xecb5b6, 0xecb5b7, 0x000000, 0x000000, 0x000000, 0xecb5b8, 0xecb5b9, 0xecb5ba, 0xecb5bb,
    0xecb5bc, 0xecb5bd, 0xecb5be, 0xecb5bf, 0xecb680, 0xecb681, 0xecb682, 0xecb683, 0xecb684,
    0xecb685, 0xecb686, 0xecb687, 0xecb688, 0x000000, 0xecb689, 0xecb68a, 0xecb68b, 0xecb68c,
    0xecb68d, 0xecb68e, 0xecb68f, 0xecb690, 0xecb691, 0xecb692, 0xecb693, 0x000000, 0x000000,
    0x000000, 0xecb694, 0xecb695, 0xecb696, 0xecb697, 0xecb698, 0xecb699, 0xecb69a, 0xecb69b,
    0xecb69c, 0xecb69d, 0xecb69e, 0xecb69f, 0xecb6a0, 0xecb6a1, 0xecb6a2, 0xecb6a3, 0xecb6a4,
    0x000000, 0xecb6a5, 0xecb6a6, 0xecb6a7, 0xecb6a8, 0xecb6a9, 0xecb6aa, 0xecb6ab, 0xecb6ac,
    0xecb6ad, 0xecb6ae, 0xecb6af, 0x000000, 0x000000, 0x000000, 0xecb6b0, 0xecb6b1, 0xecb6b2,
    0xecb6b3, 0xecb6b4, 0xecb6b5, 0xecb6b6, 0xecb6b7, 0xecb6b8, 0xecb6b9, 0xecb6ba, 0xecb6bb,
    0xecb6bc, 0xecb6bd, 0xecb6be, 0xecb6bf, 0xecb780, 0x000000, 0xecb781, 0xecb782, 0xecb783,
    0xecb784, 0xecb785, 0xecb786, 0xecb787, 0xecb788, 0xecb789, 0xecb78a, 0xecb78b, 0x000000,
    0x000000, 0x000000, 0xecb78c, 0xecb78d, 0xecb78e, 0xecb78f, 0xecb790, 0xecb791, 0xecb792,
    0xecb793, 0xecb794, 0xecb795, 0xecb796, 0xecb797, 0xecb798, 0xecb799, 0xecb79a, 0xecb79b,
    0xecb79c, 0x000000, 0xecb79d, 0xecb79e, 0xecb79f, 0xecb7a0, 0xecb7a1, 0xecb7a2, 0xecb7a3,
    0xecb7a4, 0xecb7a5, 0xecb7a6, 0xecb7a7, 0x000000, 0x000000, 0x000000, 0xecb7a8, 0xecb7a9,
    0xecb7aa, 0xecb7ab, 0xecb7ac, 0xecb7ad, 0xecb7ae, 0xecb7af, 0xecb7b0, 0xecb7b1, 0xecb7b2,
    0xecb7b3, 0xecb7b4, 0xecb7b5, 0xecb7b6, 0xecb7b7, 0xecb7b8, 0x000000, 0xecb7b9, 0xecb7ba,
    0xecb7bb, 0xecb7bc, 0xecb7bd, 0xecb7be, 0xecb7bf, 0xecb880, 0xecb881, 0xecb882, 0xecb883,
    0x000000, 0x000000, 0x000000, 0x000000, 0x000000, 0x000000, 0x000000, 0x000000, 0x000000,
    0x000000, 0x000000, 0x000000, 0x000000, 0x000000, 0x000000, 0x000000, 0xecb884, 0xecb885,
    0xecb886, 0xecb887, 0xecb888, 0xecb889, 0xecb88a, 0xecb88b, 0xecb88c, 0xecb88d, 0xecb88e,
    0xecb88f, 0xecb890, 0xecb891, 0xecb892, 0xecb893, 0xecb894, 0x000000, 0xecb895, 0xecb896,
    0xecb897, 0xecb898, 0xecb899, 0xecb89a, 0xecb89b, 0xecb89c, 0xecb89d, 0xecb89e, 0xecb89f,
    0x000000, 0x000000, 0x000000, 0xecb8a0, 0xecb8a1, 0xecb8a2, 0xecb8a3, 0xecb8a4, 0xecb8a5,
    0xecb8a6, 0xecb8a7, 0xecb8a8, 0xecb8a9, 0xecb8aa, 0xecb8ab, 0xecb8ac, 0xecb8ad, 0xecb8ae,
    0xecb8af, 0xecb8b0, 0x000000, 0xecb8b1, 0xecb8b2, 0xecb8b3, 0xecb8b4, 0xecb8b5, 0xecb8b6,
    0xecb8b7, 0xecb8b8, 0xecb8b9, 0xecb8ba, 0xecb8bb, 0x000000, 0x000000, 0x000000, 0xecb8bc,
    0xecb8bd, 0xecb8be, 0xecb8bf, 0xecb980, 0xecb981, 0xecb982, 0xecb983, 0xecb984, 0xecb985,
    0xecb986, 0xecb987, 0xecb988, 0xecb989, 0xecb98a, 0xecb98b, 0xecb98c, 0x000000, 0xecb98d,
    0xecb98e, 0xecb98f, 0xecb990, 0xecb991, 0xecb992, 0xecb993, 0xecb994, 0xecb995, 0xecb996,
    0xecb997, 0x000000, 0x000000, 0x000000, 0xecb998, 0xecb999, 0xecb99a, 0xecb99b, 0xecb99c,
    0xecb99d, 0xecb99e, 0xecb99f, 0xecb9a0, 0xecb9a1, 0xecb9a2, 0xecb9a3, 0xecb9a4, 0xecb9a5,
    0xecb9a6, 0xecb9a7, 0xecb9a8, 0x000000, 0xecb9a9, 0xecb9aa, 0xecb9ab, 0xecb9ac, 0xecb9ad,
    0xecb9ae, 0xecb9af, 0xecb9b0, 0xecb9b1, 0xecb9b2, 0xecb9b3, 0x000000, 0x000000, 0x000000,
    0x000000, 0x000000, 0x000000, 0x000000, 0x000000, 0x000000, 0x000000, 0x000000, 0x000000,
    0x000000, 0x000000, 0x000000, 0x000000, 0x000000, 0x000000, 0x000000, 0x000000, 0x000000,
    0x000000, 0x000000, 0x000000, 0x000000, 0x000000, 0x000000, 0x000000, 0x000000, 0x000000,
    0x000000, 0x000000, 0x000000, 0x000000, 0x000000, 0x000000, 0x000000, 0x000000, 0x000000,
    0x000000, 0x000000, 0x000000, 0x000000, 0x000000, 0x000000, 0x000000, 0x000000, 0x000000,
    0x000000, 0x000000, 0x000000, 0x000000, 0x000000, 0x000000, 0x000000, 0x000000, 0x000000,
    0x000000, 0x000000, 0x000000, 0x000000, 0x000000, 0x000000, 0x000000, 0x000000, 0xe3858b,
    0x000000, 0x000000, 0x000000, 0x000000, 0x000000, 0x000000, 0x000000, 0x000000, 0x000000,
    0x000000, 0x000000, 0x000000, 0x000000, 0x000000, 0x000000, 0x000000, 0x000000, 0x000000,
    0x000000, 0x000000, 0x000000, 0x000000, 0x000000, 0x000000, 0x000000, 0x000000, 0x000000,
    0x000000, 0x000000, 0x000000, 0x000000, 0xecb9b4, 0xecb9b5, 0xecb9b6, 0xecb9b7, 0xecb9b8,
    0xecb9b9, 0xecb9ba, 0xecb9bb, 0xecb9bc, 0xecb9bd, 0xecb9be, 0xecb9bf, 0xecba80, 0xecba81,
    0xecba82, 0xecba83, 0xecba84, 0x000000, 0xecba85, 0xecba86, 0xecba87, 0xecba88, 0xecba89,
    0xecba8a, 0xecba8b, 0xecba8c, 0xecba8d, 0xecba8e, 0xecba8f, 0x000000, 0x000000, 0x000000,
    0xecba90, 0xecba91, 0xecba92, 0xecba93, 0xecba94, 0xecba95, 0xecba96, 0xecba97, 0xecba98,
    0xecba99, 0xecba9a, 0xecba9b, 0xecba9c, 0xecba9d, 0xecba9e, 0xecba9f, 0xecbaa0, 0x000000,
    0xecbaa1, 0xecbaa2, 0xecbaa3, 0xecbaa4, 0xecbaa5, 0xecbaa6, 0xecbaa7, 0xecbaa8, 0xecbaa9,
    0xecbaaa, 0xecbaab, 0x000000, 0x000000, 0x000000, 0xecbaac, 0xecbaad, 0xecbaae, 0xecbaaf,
    0xecbab0, 0xecbab1, 0xecbab2, 0xecbab3, 0xecbab4, 0xecbab5, 0xecbab6, 0xecbab7, 0xecbab8,
    0xecbab9, 0xecbaba, 0xecbabb, 0xecbabc, 0x000000, 0xecbabd, 0xecbabe, 0xecbabf, 0xecbb80,
    0xecbb81, 0xecbb82, 0xecbb83, 0xecbb84, 0xecbb85, 0xecbb86, 0xecbb87, 0x000000, 0x000000,
    0x000000, 0xecbb88, 0xecbb89, 0xecbb8a, 0xecbb8b, 0xecbb8c, 0xecbb8d, 0xecbb8e, 0xecbb8f,
    0xecbb90, 0xecbb91, 0xecbb92, 0xecbb93, 0xecbb94, 0xecbb95, 0xecbb96, 0xecbb97, 0xecbb98,
    0x000000, 0xecbb99, 0xecbb9a, 0xecbb9b, 0xecbb9c, 0xecbb9d, 0xecbb9e, 0xecbb9f, 0xecbba0,
    0xecbba1, 0xecbba2, 0xecbba3, 0x000000, 0x000000, 0x000000, 0xecbba4, 0xecbba5, 0xecbba6,
    0xecbba7, 0xecbba8, 0xecbba9, 0xecbbaa, 0xecbbab, 0xecbbac, 0xecbbad, 0xecbbae, 0xecbbaf,
    0xecbbb0, 0xecbbb1, 0xecbbb2, 0xecbbb3, 0xecbbb4, 0x000000, 0xecbbb5, 0xecbbb6, 0xecbbb7,
    0xecbbb8, 0xecbbb9, 0xecbbba, 0xecbbbb, 0xecbbbc, 0xecbbbd, 0xecbbbe, 0xecbbbf, 0x000000,
    0x000000, 0x000000, 0x000000, 0x000000, 0x000000, 0x000000, 0x000000, 0x000000, 0x000000,
    0x000000, 0x000000, 0x000000, 0x000000, 0x000000, 0x000000, 0xecbc80, 0xecbc81, 0xecbc82,
    0xecbc83, 0xecbc84, 0xecbc85, 0xecbc86, 0xecbc87, 0xecbc88, 0xecbc89, 0xecbc8a, 0xecbc8b,
    0xecbc8c, 0xecbc8d, 0xecbc8e, 0xecbc8f, 0xecbc90, 0x000000, 0xecbc91, 0xecbc92, 0xecbc93,
    0xecbc94, 0xecbc95, 0xecbc96, 0xecbc97, 0xecbc98, 0xecbc99, 0xecbc9a, 0xecbc9b, 0x000000,
    0x000000, 0x000000, 0xecbc9c, 0xecbc9d, 0xecbc9e, 0xecbc9f, 0xecbca0, 0xecbca1, 0xecbca2,
    0xecbca3, 0xecbca4, 0xecbca5, 0xecbca6, 0xecbca7, 0xecbca8, 0xecbca9, 0xecbcaa, 0xecbcab,
    0xecbcac, 0x000000, 0xecbcad, 0xecbcae, 0xecbcaf, 0xecbcb0, 0xecbcb1, 0xecbcb2, 0xecbcb3,
    0xecbcb4, 0xecbcb5, 0xecbcb6, 0xecbcb7, 0x000000, 0x000000, 0x000000, 0xecbcb8, 0xecbcb9,
    0xecbcba, 0xecbcbb, 0xecbcbc, 0xecbcbd, 0xecbcbe, 0xecbcbf, 0xecbd80, 0xecbd81, 0xecbd82,
    0xecbd83, 0xecbd84, 0xecbd85, 0xecbd86, 0xecbd87, 0xecbd88, 0x000000, 0xecbd89, 0xecbd8a,
    0xecbd8b, 0xecbd8c, 0xecbd8d, 0xecbd8e, 0xecbd8f, 0xecbd90, 0xecbd91, 0xecbd92, 0xecbd93,
    0x000000, 0x000000, 0x000000, 0xecbd94, 0xecbd95, 0xecbd96, 0xecbd97, 0xecbd98, 0xecbd99,
    0xecbd9a, 0xecbd9b, 0xecbd9c, 0xecbd9d, 0xecbd9e, 0xecbd9f, 0xecbda0, 0xecbda1, 0xecbda2,
    0xecbda3, 0xecbda4, 0x000000, 0xecbda5, 0xecbda6, 0xecbda7, 0xecbda8, 0xecbda9, 0xecbdaa,
    0xecbdab, 0xecbdac, 0xecbdad, 0xecbdae, 0xecbdaf, 0x000000, 0x000000, 0x000000, 0xecbdb0,
    0xecbdb1, 0xecbdb2, 0xecbdb3, 0xecbdb4, 0xecbdb5, 0xecbdb6, 0xecbdb7, 0xecbdb8, 0xecbdb9,
    0xecbdba, 0xecbdbb, 0xecbdbc, 0xecbdbd, 0xecbdbe, 0xecbdbf, 0xecbe80, 0x000000, 0xecbe81,
    0xecbe82, 0xecbe83, 0xecbe84, 0xecbe85, 0xecbe86, 0xecbe87, 0xecbe88, 0xecbe89, 0xecbe8a,
    0xecbe8b, 0x000000, 0x000000, 0x000000, 0xecbe8c, 0xecbe8d, 0xecbe8e, 0xecbe8f, 0xecbe90,
    0xecbe91, 0xecbe92, 0xecbe93, 0xecbe94, 0xecbe95, 0xecbe96, 0xecbe97, 0xecbe98, 0xecbe99,
    0xecbe9a, 0xecbe9b, 0xecbe9c, 0x000000, 0xecbe9d, 0xecbe9e, 0xecbe9f, 0xecbea0, 0xecbea1,
    0xecbea2, 0xecbea3, 0xecbea4, 0xecbea5, 0xecbea6, 0xecbea7, 0x000000, 0x000000, 0x000000,
    0x000000, 0x000000, 0x000000, 0x000000, 0x000000, 0x000000, 0x000000, 0x000000, 0x000000,
    0x000000, 0x000000, 0x000000, 0x000000, 0xecbea8, 0xecbea9, 0xecbeaa, 0xecbeab, 0xecbeac,
    0xecbead, 0xecbeae, 0xecbeaf, 0xecbeb0, 0xecbeb1, 0xecbeb2, 0xecbeb3, 0xecbeb4, 0xecbeb5,
    0xecbeb6, 0xecbeb7, 0xecbeb8, 0x000000, 0xecbeb9, 0xecbeba, 0xecbebb, 0xecbebc, 0xecbebd,
    0xecbebe, 0xecbebf, 0xecbf80, 0xecbf81, 0xecbf82, 0xecbf83, 0x000000, 0x000000, 0x000000,
    0xecbf84, 0xecbf85, 0xecbf86, 0xecbf87, 0xecbf88, 0xecbf89, 0xecbf8a, 0xecbf8b, 0xecbf8c,
    0xecbf8d, 0xecbf8e, 0xecbf8f, 0xecbf90, 0xecbf91, 0xecbf92, 0xecbf93, 0xecbf94, 0x000000,
    0xecbf95, 0xecbf96, 0xecbf97, 0xecbf98, 0xecbf99, 0xecbf9a, 0xecbf9b, 0xecbf9c, 0xecbf9d,
    0xecbf9e, 0xecbf9f, 0x000000, 0x000000, 0x000000, 0xecbfa0, 0xecbfa1, 0xecbfa2, 0xecbfa3,
    0xecbfa4, 0xecbfa5, 0xecbfa6, 0xecbfa7, 0xecbfa8, 0xecbfa9, 0xecbfaa, 0xecbfab, 0xecbfac,
    0xecbfad, 0xecbfae, 0xecbfaf, 0xecbfb0, 0x000000, 0xecbfb1, 0xecbfb2, 0xecbfb3, 0xecbfb4,
    0xecbfb5, 0xecbfb6, 0xecbfb7, 0xecbfb8, 0xecbfb9, 0xecbfba, 0xecbfbb, 0x000000, 0x000000,
    0x000000, 0xecbfbc, 0xecbfbd, 0xecbfbe, 0xecbfbf, 0xed8080, 0xed8081, 0xed8082, 0xed8083,
    0xed8084, 0xed8085, 0xed8086, 0xed8087, 0xed8088, 0xed8089, 0xed808a, 0xed808b, 0xed808c,
    0x000000, 0xed808d, 0xed808e, 0xed808f, 0xed8090, 0xed8091, 0xed8092, 0xed8093, 0xed8094,
    0xed8095, 0xed8096, 0xed8097, 0x000000, 0x000000, 0x000000, 0xed8098, 0xed8099, 0xed809a,
    0xed809b, 0xed809c, 0xed809d, 0xed809e, 0xed809f, 0xed80a0, 0xed80a1, 0xed80a2, 0xed80a3,
    0xed80a4, 0xed80a5, 0xed80a6, 0xed80a7, 0xed80a8, 0x000000, 0xed80a9, 0xed80aa, 0xed80ab,
    0xed80ac, 0xed80ad, 0xed80ae, 0xed80af, 0xed80b0, 0xed80b1, 0xed80b2, 0xed80b3, 0x000000,
    0x000000, 0x000000, 0xed80b4, 0xed80b5, 0xed80b6, 0xed80b7, 0xed80b8, 0xed80b9, 0xed80ba,
    0xed80bb, 0xed80bc, 0xed80bd, 0xed80be, 0xed80bf, 0xed8180, 0xed8181, 0xed8182, 0xed8183,
    0xed8184, 0x000000, 0xed8185, 0xed8186, 0xed8187, 0xed8188, 0xed8189, 0xed818a, 0xed818b,
    0xed818c, 0xed818d, 0xed818e, 0xed818f, 0x000000, 0x000000, 0x000000, 0x000000, 0x000000,
    0x000000, 0x000000, 0x000000, 0x000000, 0x000000, 0x000000, 0x000000, 0x000000, 0x000000,
    0x000000, 0x000000, 0xed8190, 0xed8191, 0xed8192, 0xed8193, 0xed8194, 0xed8195, 0xed8196,
    0xed8197, 0xed8198, 0xed8199, 0xed819a, 0xed819b, 0xed819c, 0xed819d, 0xed819e, 0xed819f,
    0xed81a0, 0x000000, 0xed81a1, 0xed81a2, 0xed81a3, 0xed81a4, 0xed81a5, 0xed81a6, 0xed81a7,
    0xed81a8, 0xed81a9, 0xed81aa, 0xed81ab, 0x000000, 0x000000, 0x000000, 0xed81ac, 0xed81ad,
    0xed81ae, 0xed81af, 0xed81b0, 0xed81b1, 0xed81b2, 0xed81b3, 0xed81b4, 0xed81b5, 0xed81b6,
    0xed81b7, 0xed81b8, 0xed81b9, 0xed81ba, 0xed81bb, 0xed81bc, 0x000000, 0xed81bd, 0xed81be,
    0xed81bf, 0xed8280, 0xed8281, 0xed8282, 0xed8283, 0xed8284, 0xed8285, 0xed8286, 0xed8287,
    0x000000, 0x000000, 0x000000, 0xed8288, 0xed8289, 0xed828a, 0xed828b, 0xed828c, 0xed828d,
    0xed828e, 0xed828f, 0xed8290, 0xed8291, 0xed8292, 0xed8293, 0xed8294, 0xed8295, 0xed8296,
    0xed8297, 0xed8298, 0x000000, 0xed8299, 0xed829a, 0xed829b, 0xed829c, 0xed829d, 0xed829e,
    0xed829f, 0xed82a0, 0xed82a1, 0xed82a2, 0xed82a3, 0x000000, 0x000000, 0x000000, 0xed82a4,
    0xed82a5, 0xed82a6, 0xed82a7, 0xed82a8, 0xed82a9, 0xed82aa, 0xed82ab, 0xed82ac, 0xed82ad,
    0xed82ae, 0xed82af, 0xed82b0, 0xed82b1, 0xed82b2, 0xed82b3, 0xed82b4, 0x000000, 0xed82b5,
    0xed82b6, 0xed82b7, 0xed82b8, 0xed82b9, 0xed82ba, 0xed82bb, 0xed82bc, 0xed82bd, 0xed82be,
    0xed82bf, 0x000000, 0x000000, 0x000000, 0x000000, 0x000000, 0x000000, 0x000000, 0x000000,
    0x000000, 0x000000, 0x000000, 0x000000, 0x000000, 0x000000, 0x000000, 0x000000, 0x000000,
    0x000000, 0x000000, 0x000000, 0x000000, 0x000000, 0x000000, 0x000000, 0x000000, 0x000000,
    0x000000, 0x000000, 0x000000, 0x000000, 0x000000, 0x000000, 0x000000, 0x000000, 0x000000,
    0x000000, 0x000000, 0x000000, 0x000000, 0x000000, 0x000000, 0x000000, 0x000000, 0x000000,
    0x000000, 0x000000, 0x000000, 0x000000, 0x000000, 0x000000, 0x000000, 0x000000, 0x000000,
    0x000000, 0x000000, 0x000000, 0x000000, 0x000000, 0x000000, 0x000000, 0x000000, 0x000000,
    0x000000, 0x000000, 0x000000, 0xe3858c, 0x000000, 0x000000, 0x000000, 0x000000, 0x000000,
    0x000000, 0x000000, 0x000000, 0x000000, 0x000000, 0x000000, 0x000000, 0x000000, 0x000000,
    0x000000, 0x000000, 0x000000, 0x000000, 0x000000, 0x000000, 0x000000, 0x000000, 0x000000,
    0x000000, 0x000000, 0x000000, 0x000000, 0x000000, 0x000000, 0x000000, 0x000000, 0xed8380,
    0xed8381, 0xed8382, 0xed8383, 0xed8384, 0xed8385, 0xed8386, 0xed8387, 0xed8388, 0xed8389,
    0xed838a, 0xed838b, 0xed838c, 0xed838d, 0xed838e, 0xed838f, 0xed8390, 0x000000, 0xed8391,
    0xed8392, 0xed8393, 0xed8394, 0xed8395, 0xed8396, 0xed8397, 0xed8398, 0xed8399, 0xed839a,
    0xed839b, 0x000000, 0x000000, 0x000000, 0xed839c, 0xed839d, 0xed839e, 0xed839f, 0xed83a0,
    0xed83a1, 0xed83a2, 0xed83a3, 0xed83a4, 0xed83a5, 0xed83a6, 0xed83a7, 0xed83a8, 0xed83a9,
    0xed83aa, 0xed83ab, 0xed83ac, 0x000000, 0xed83ad, 0xed83ae, 0xed83af, 0xed83b0, 0xed83b1,
    0xed83b2, 0xed83b3, 0xed83b4, 0xed83b5, 0xed83b6, 0xed83b7, 0x000000, 0x000000, 0x000000,
    0xed83b8, 0xed83b9, 0xed83ba, 0xed83bb, 0xed83bc, 0xed83bd, 0xed83be, 0xed83bf, 0xed8480,
    0xed8481, 0xed8482, 0xed8483, 0xed8484, 0xed8485, 0xed8486, 0xed8487, 0xed8488, 0x000000,
    0xed8489, 0xed848a, 0xed848b, 0xed848c, 0xed848d, 0xed848e, 0xed848f, 0xed8490, 0xed8491,
    0xed8492, 0xed8493, 0x000000, 0x000000, 0x000000, 0xed8494, 0xed8495, 0xed8496, 0xed8497,
    0xed8498, 0xed8499, 0xed849a, 0xed849b, 0xed849c, 0xed849d, 0xed849e, 0xed849f, 0xed84a0,
    0xed84a1, 0xed84a2, 0xed84a3, 0xed84a4, 0x000000, 0xed84a5, 0xed84a6, 0xed84a7, 0xed84a8,
    0xed84a9, 0xed84aa, 0xed84ab, 0xed84ac, 0xed84ad, 0xed84ae, 0xed84af, 0x000000, 0x000000,
    0x000000, 0xed84b0, 0xed84b1, 0xed84b2, 0xed84b3, 0xed84b4, 0xed84b5, 0xed84b6, 0xed84b7,
    0xed84b8, 0xed84b9, 0xed84ba, 0xed84bb, 0xed84bc, 0xed84bd, 0xed84be, 0xed84bf, 0xed8580,
    0x000000, 0xed8581, 0xed8582, 0xed8583, 0xed8584, 0xed8585, 0xed8586, 0xed8587, 0xed8588,
    0xed8589, 0xed858a, 0xed858b, 0x000000, 0x000000, 0x000000, 0x000000, 0x000000, 0x000000,
    0x000000, 0x000000, 0x000000, 0x000000, 0x000000, 0x000000, 0x000000, 0x000000, 0x000000,
    0x000000, 0xed858c, 0xed858d, 0xed858e, 0xed858f, 0xed8590, 0xed8591, 0xed8592, 0xed8593,
    0xed8594, 0xed8595, 0xed8596, 0xed8597, 0xed8598, 0xed8599, 0xed859a, 0xed859b, 0xed859c,
    0x000000, 0xed859d, 0xed859e, 0xed859f, 0xed85a0, 0xed85a1, 0xed85a2, 0xed85a3, 0xed85a4,
    0xed85a5, 0xed85a6, 0xed85a7, 0x000000, 0x000000, 0x000000, 0xed85a8, 0xed85a9, 0xed85aa,
    0xed85ab, 0xed85ac, 0xed85ad, 0xed85ae, 0xed85af, 0xed85b0, 0xed85b1, 0xed85b2, 0xed85b3,
    0xed85b4, 0xed85b5, 0xed85b6, 0xed85b7, 0xed85b8, 0x000000, 0xed85b9, 0xed85ba, 0xed85bb,
    0xed85bc, 0xed85bd, 0xed85be, 0xed85bf, 0xed8680, 0xed8681, 0xed8682, 0xed8683, 0x000000,
    0x000000, 0x000000, 0xed8684, 0xed8685, 0xed8686, 0xed8687, 0xed8688, 0xed8689, 0xed868a,
    0xed868b, 0xed868c, 0xed868d, 0xed868e, 0xed868f, 0xed8690, 0xed8691, 0xed8692, 0xed8693,
    0xed8694, 0x000000, 0xed8695, 0xed8696, 0xed8697, 0xed8698, 0xed8699, 0xed869a, 0xed869b,
    0xed869c, 0xed869d, 0xed869e, 0xed869f, 0x000000, 0x000000, 0x000000, 0xed86a0, 0xed86a1,
    0xed86a2, 0xed86a3, 0xed86a4, 0xed86a5, 0xed86a6, 0xed86a7, 0xed86a8, 0xed86a9, 0xed86aa,
    0xed86ab, 0xed86ac, 0xed86ad, 0xed86ae, 0xed86af, 0xed86b0, 0x000000, 0xed86b1, 0xed86b2,
    0xed86b3, 0xed86b4, 0xed86b5, 0xed86b6, 0xed86b7, 0xed86b8, 0xed86b9, 0xed86ba, 0xed86bb,
    0x000000, 0x000000, 0x000000, 0xed86bc, 0xed86bd, 0xed86be, 0xed86bf, 0xed8780, 0xed8781,
    0xed8782, 0xed8783, 0xed8784, 0xed8785, 0xed8786, 0xed8787, 0xed8788, 0xed8789, 0xed878a,
    0xed878b, 0xed878c, 0x000000, 0xed878d, 0xed878e, 0xed878f, 0xed8790, 0xed8791, 0xed8792,
    0xed8793, 0xed8794, 0xed8795, 0xed8796, 0xed8797, 0x000000, 0x000000, 0x000000, 0xed8798,
    0xed8799, 0xed879a, 0xed879b, 0xed879c, 0xed879d, 0xed879e, 0xed879f, 0xed87a0, 0xed87a1,
    0xed87a2, 0xed87a3, 0xed87a4, 0xed87a5, 0xed87a6, 0xed87a7, 0xed87a8, 0x000000, 0xed87a9,
    0xed87aa, 0xed87ab, 0xed87ac, 0xed87ad, 0xed87ae, 0xed87af, 0xed87b0, 0xed87b1, 0xed87b2,
    0xed87b3, 0x000000, 0x000000, 0x000000, 0x000000, 0x000000, 0x000000, 0x000000, 0x000000,
    0x000000, 0x000000, 0x000000, 0x000000, 0x000000, 0x000000, 0x000000, 0x000000, 0xed87b4,
    0xed87b5, 0xed87b6, 0xed87b7, 0xed87b8, 0xed87b9, 0xed87ba, 0xed87bb, 0xed87bc, 0xed87bd,
    0xed87be, 0xed87bf, 0xed8880, 0xed8881, 0xed8882, 0xed8883, 0xed8884, 0x000000, 0xed8885,
    0xed8886, 0xed8887, 0xed8888, 0xed8889, 0xed888a, 0xed888b, 0xed888c, 0xed888d, 0xed888e,
    0xed888f, 0x000000, 0x000000, 0x000000, 0xed8890, 0xed8891, 0xed8892, 0xed8893, 0xed8894,
    0xed8895, 0xed8896, 0xed8897, 0xed8898, 0xed8899, 0xed889a, 0xed889b, 0xed889c, 0xed889d,
    0xed889e, 0xed889f, 0xed88a0, 0x000000, 0xed88a1, 0xed88a2, 0xed88a3, 0xed88a4, 0xed88a5,
    0xed88a6, 0xed88a7, 0xed88a8, 0xed88a9, 0xed88aa, 0xed88ab, 0x000000, 0x000000, 0x000000,
    0xed88ac, 0xed88ad, 0xed88ae, 0xed88af, 0xed88b0, 0xed88b1, 0xed88b2, 0xed88b3, 0xed88b4,
    0xed88b5, 0xed88b6, 0xed88b7, 0xed88b8, 0xed88b9, 0xed88ba, 0xed88bb, 0xed88bc, 0x000000,
    0xed88bd, 0xed88be, 0xed88bf, 0xed8980, 0xed8981, 0xed8982, 0xed8983, 0xed8984, 0xed8985,
    0xed8986, 0xed8987, 0x000000, 0x000000, 0x000000, 0xed8988, 0xed8989, 0xed898a, 0xed898b,
    0xed898c, 0xed898d, 0xed898e, 0xed898f, 0xed8990, 0xed8991, 0xed8992, 0xed8993, 0xed8994,
    0xed8995, 0xed8996, 0xed8997, 0xed8998, 0x000000, 0xed8999, 0xed899a, 0xed899b, 0xed899c,
    0xed899d, 0xed899e, 0xed899f, 0xed89a0, 0xed89a1, 0xed89a2, 0xed89a3, 0x000000, 0x000000,
    0x000000, 0xed89a4, 0xed89a5, 0xed89a6, 0xed89a7, 0xed89a8, 0xed89a9, 0xed89aa, 0xed89ab,
    0xed89ac, 0xed89ad, 0xed89ae, 0xed89af, 0xed89b0, 0xed89b1, 0xed89b2, 0xed89b3, 0xed89b4,
    0x000000, 0xed89b5, 0xed89b6, 0xed89b7, 0xed89b8, 0xed89b9, 0xed89ba, 0xed89bb, 0xed89bc,
    0xed89bd, 0xed89be, 0xed89bf, 0x000000, 0x000000, 0x000000, 0xed8a80, 0xed8a81, 0xed8a82,
    0xed8a83, 0xed8a84, 0xed8a85, 0xed8a86, 0xed8a87, 0xed8a88, 0xed8a89, 0xed8a8a, 0xed8a8b,
    0xed8a8c, 0xed8a8d, 0xed8a8e, 0xed8a8f, 0xed8a90, 0x000000, 0xed8a91, 0xed8a92, 0xed8a93,
    0xed8a94, 0xed8a95, 0xed8a96, 0xed8a97, 0xed8a98, 0xed8a99, 0xed8a9a, 0xed8a9b, 0x000000,
    0x000000, 0x000000, 0x000000, 0x000000, 0x000000, 0x000000, 0x000000, 0x000000, 0x000000,
    0x000000, 0x000000, 0x000000, 0x000000, 0x000000, 0x000000, 0xed8a9c, 0xed8a9d, 0xed8a9e,
    0xed8a9f, 0xed8aa0, 0xed8aa1, 0xed8aa2, 0xed8aa3, 0xed8aa4, 0xed8aa5, 0xed8aa6, 0xed8aa7,
    0xed8aa8, 0xed8aa9, 0xed8aaa, 0xed8aab, 0xed8aac, 0x000000, 0xed8aad, 0xed8aae, 0xed8aaf,
    0xed8ab0, 0xed8ab1, 0xed8ab2, 0xed8ab3, 0xed8ab4, 0xed8ab5, 0xed8ab6, 0xed8ab7, 0x000000,
    0x000000, 0x000000, 0xed8ab8, 0xed8ab9, 0xed8aba, 0xed8abb, 0xed8abc, 0xed8abd, 0xed8abe,
    0xed8abf, 0xed8b80, 0xed8b81, 0xed8b82, 0xed8b83, 0xed8b84, 0xed8b85, 0xed8b86, 0xed8b87,
    0xed8b88, 0x000000, 0xed8b89, 0xed8b8a, 0xed8b8b, 0xed8b8c, 0xed8b8d, 0xed8b8e, 0xed8b8f,
    0xed8b90, 0xed8b91, 0xed8b92, 0xed8b93, 0x000000, 0x000000, 0x000000, 0xed8b94, 0xed8b95,
    0xed8b96, 0xed8b97, 0xed8b98, 0xed8b99, 0xed8b9a, 0xed8b9b, 0xed8b9c, 0xed8b9d, 0xed8b9e,
    0xed8b9f, 0xed8ba0, 0xed8ba1, 0xed8ba2, 0xed8ba3, 0xed8ba4, 0x000000, 0xed8ba5, 0xed8ba6,
    0xed8ba7, 0xed8ba8, 0xed8ba9, 0xed8baa, 0xed8bab, 0xed8bac, 0xed8bad, 0xed8bae, 0xed8baf,
    0x000000, 0x000000, 0x000000, 0xed8bb0, 0xed8bb1, 0xed8bb2, 0xed8bb3, 0xed8bb4, 0xed8bb5,
    0xed8bb6, 0xed8bb7, 0xed8bb8, 0xed8bb9, 0xed8bba, 0xed8bbb, 0xed8bbc, 0xed8bbd, 0xed8bbe,
    0xed8bbf, 0xed8c80, 0x000000, 0xed8c81, 0xed8c82, 0xed8c83, 0xed8c84, 0xed8c85, 0xed8c86,
    0xed8c87, 0xed8c88, 0xed8c89, 0xed8c8a, 0xed8c8b, 0x000000, 0x000000, 0x000000, 0x000000,
    0x000000, 0x000000, 0x000000, 0x000000, 0x000000, 0x000000, 0x000000, 0x000000, 0x000000,
    0x000000, 0x000000, 0x000000, 0x000000, 0x000000, 0x000000, 0x000000, 0x000000, 0x000000,
    0x000000, 0x000000, 0x000000, 0x000000, 0x000000, 0x000000, 0x000000, 0x000000, 0x000000,
    0x000000, 0x000000, 0x000000, 0x000000, 0x000000, 0x000000, 0x000000, 0x000000, 0x000000,
    0x000000, 0x000000, 0x000000, 0x000000, 0x000000, 0x000000, 0x000000, 0x000000, 0x000000,
    0x000000, 0x000000, 0x000000, 0x000000, 0x000000, 0x000000, 0x000000, 0x000000, 0x000000,
    0x000000, 0x000000, 0x000000, 0x000000, 0x000000, 0x000000, 0x000000, 0xe3858d, 0x000000,
    0x000000, 0x000000, 0x000000, 0x000000, 0x000000, 0x000000, 0x000000, 0x000000, 0x000000,
    0x000000, 0x000000, 0x000000, 0x000000, 0x000000, 0x000000, 0x000000, 0x000000, 0x000000,
    0x000000, 0x000000, 0x000000, 0x000000, 0x000000, 0x000000, 0x000000, 0x000000, 0x000000,
    0x000000, 0x000000, 0x000000, 0xed8c8c, 0xed8c8d, 0xed8c8e, 0xed8c8f, 0xed8c90, 0xed8c91,
    0xed8c92, 0xed8c93, 0xed8c94, 0xed8c95, 0xed8c96, 0xed8c97, 0xed8c98, 0xed8c99, 0xed8c9a,
    0xed8c9b, 0xed8c9c, 0x000000, 0xed8c9d, 0xed8c9e, 0xed8c9f, 0xed8ca0, 0xed8ca1, 0xed8ca2,
    0xed8ca3, 0xed8ca4, 0xed8ca5, 0xed8ca6, 0xed8ca7, 0x000000, 0x000000, 0x000000, 0xed8ca8,
    0xed8ca9, 0xed8caa, 0xed8cab, 0xed8cac, 0xed8cad, 0xed8cae, 0xed8caf, 0xed8cb0, 0xed8cb1,
    0xed8cb2, 0xed8cb3, 0xed8cb4, 0xed8cb5, 0xed8cb6, 0xed8cb7, 0xed8cb8, 0x000000, 0xed8cb9,
    0xed8cba, 0xed8cbb, 0xed8cbc, 0xed8cbd, 0xed8cbe, 0xed8cbf, 0xed8d80, 0xed8d81, 0xed8d82,
    0xed8d83, 0x000000, 0x000000, 0x000000, 0xed8d84, 0xed8d85, 0xed8d86, 0xed8d87, 0xed8d88,
    0xed8d89, 0xed8d8a, 0xed8d8b, 0xed8d8c, 0xed8d8d, 0xed8d8e, 0xed8d8f, 0xed8d90, 0xed8d91,
    0xed8d92, 0xed8d93, 0xed8d94, 0x000000, 0xed8d95, 0xed8d96, 0xed8d97, 0xed8d98, 0xed8d99,
    0xed8d9a, 0xed8d9b, 0xed8d9c, 0xed8d9d, 0xed8d9e, 0xed8d9f, 0x000000, 0x000000, 0x000000,
    0xed8da0, 0xed8da1, 0xed8da2, 0xed8da3, 0xed8da4, 0xed8da5, 0xed8da6, 0xed8da7, 0xed8da8,
    0xed8da9, 0xed8daa, 0xed8dab, 0xed8dac, 0xed8dad, 0xed8dae, 0xed8daf, 0xed8db0, 0x000000,
    0xed8db1, 0xed8db2, 0xed8db3, 0xed8db4, 0xed8db5, 0xed8db6, 0xed8db7, 0xed8db8, 0xed8db9,
    0xed8dba, 0xed8dbb, 0x000000, 0x000000, 0x000000, 0xed8dbc, 0xed8dbd, 0xed8dbe, 0xed8dbf,
    0xed8e80, 0xed8e81, 0xed8e82, 0xed8e83, 0xed8e84, 0xed8e85, 0xed8e86, 0xed8e87, 0xed8e88,
    0xed8e89, 0xed8e8a, 0xed8e8b, 0xed8e8c, 0x000000, 0xed8e8d, 0xed8e8e, 0xed8e8f, 0xed8e90,
    0xed8e91, 0xed8e92, 0xed8e93, 0xed8e94, 0xed8e95, 0xed8e96, 0xed8e97, 0x000000, 0x000000,
    0x000000, 0x000000, 0x000000, 0x000000, 0x000000, 0x000000, 0x000000, 0x000000, 0x000000,
    0x000000, 0x000000, 0x000000, 0x000000, 0x000000, 0xed8e98, 0xed8e99, 0xed8e9a, 0xed8e9b,
    0xed8e9c, 0xed8e9d, 0xed8e9e, 0xed8e9f, 0xed8ea0, 0xed8ea1, 0xed8ea2, 0xed8ea3, 0xed8ea4,
    0xed8ea5, 0xed8ea6, 0xed8ea7, 0xed8ea8, 0x000000, 0xed8ea9, 0xed8eaa, 0xed8eab, 0xed8eac,
    0xed8ead, 0xed8eae, 0xed8eaf, 0xed8eb0, 0xed8eb1, 0xed8eb2, 0xed8eb3, 0x000000, 0x000000,
    0x000000, 0xed8eb4, 0xed8eb5, 0xed8eb6, 0xed8eb7, 0xed8eb8, 0xed8eb9, 0xed8eba, 0xed8ebb,
    0xed8ebc, 0xed8ebd, 0xed8ebe, 0xed8ebf, 0xed8f80, 0xed8f81, 0xed8f82, 0xed8f83, 0xed8f84,
    0x000000, 0xed8f85, 0xed8f86, 0xed8f87, 0xed8f88, 0xed8f89, 0xed8f8a, 0xed8f8b, 0xed8f8c,
    0xed8f8d, 0xed8f8e, 0xed8f8f, 0x000000, 0x000000, 0x000000, 0xed8f90, 0xed8f91, 0xed8f92,
    0xed8f93, 0xed8f94, 0xed8f95, 0xed8f96, 0xed8f97, 0xed8f98, 0xed8f99, 0xed8f9a, 0xed8f9b,
    0xed8f9c, 0xed8f9d, 0xed8f9e, 0xed8f9f, 0xed8fa0, 0x000000, 0xed8fa1, 0xed8fa2, 0xed8fa3,
    0xed8fa4, 0xed8fa5, 0xed8fa6, 0xed8fa7, 0xed8fa8, 0xed8fa9, 0xed8faa, 0xed8fab, 0x000000,
    0x000000, 0x000000, 0xed8fac, 0xed8fad, 0xed8fae, 0xed8faf, 0xed8fb0, 0xed8fb1, 0xed8fb2,
    0xed8fb3, 0xed8fb4, 0xed8fb5, 0xed8fb6, 0xed8fb7, 0xed8fb8, 0xed8fb9, 0xed8fba, 0xed8fbb,
    0xed8fbc, 0x000000, 0xed8fbd, 0xed8fbe, 0xed8fbf, 0xed9080, 0xed9081, 0xed9082, 0xed9083,
    0xed9084, 0xed9085, 0xed9086, 0xed9087, 0x000000, 0x000000, 0x000000, 0xed9088, 0xed9089,
    0xed908a, 0xed908b, 0xed908c, 0xed908d, 0xed908e, 0xed908f, 0xed9090, 0xed9091, 0xed9092,
    0xed9093, 0xed9094, 0xed9095, 0xed9096, 0xed9097, 0xed9098, 0x000000, 0xed9099, 0xed909a,
    0xed909b, 0xed909c, 0xed909d, 0xed909e, 0xed909f, 0xed90a0, 0xed90a1, 0xed90a2, 0xed90a3,
    0x000000, 0x000000, 0x000000, 0xed90a4, 0xed90a5, 0xed90a6, 0xed90a7, 0xed90a8, 0xed90a9,
    0xed90aa, 0xed90ab, 0xed90ac, 0xed90ad, 0xed90ae, 0xed90af, 0xed90b0, 0xed90b1, 0xed90b2,
    0xed90b3, 0xed90b4, 0x000000, 0xed90b5, 0xed90b6, 0xed90b7, 0xed90b8, 0xed90b9, 0xed90ba,
    0xed90bb, 0xed90bc, 0xed90bd, 0xed90be, 0xed90bf, 0x000000, 0x000000, 0x000000, 0x000000,
    0x000000, 0x000000, 0x000000, 0x000000, 0x000000, 0x000000, 0x000000, 0x000000, 0x000000,
    0x000000, 0x000000, 0x000000, 0xed9180, 0xed9181, 0xed9182, 0xed9183, 0xed9184, 0xed9185,
    0xed9186, 0xed9187, 0xed9188, 0xed9189, 0xed918a, 0xed918b, 0xed918c, 0xed918d, 0xed918e,
    0xed918f, 0xed9190, 0x000000, 0xed9191, 0xed9192, 0xed9193, 0xed9194, 0xed9195, 0xed9196,
    0xed9197, 0xed9198, 0xed9199, 0xed919a, 0xed919b, 0x000000, 0x000000, 0x000000, 0xed919c,
    0xed919d, 0xed919e, 0xed919f, 0xed91a0, 0xed91a1, 0xed91a2, 0xed91a3, 0xed91a4, 0xed91a5,
    0xed91a6, 0xed91a7, 0xed91a8, 0xed91a9, 0xed91aa, 0xed91ab, 0xed91ac, 0x000000, 0xed91ad,
    0xed91ae, 0xed91af, 0xed91b0, 0xed91b1, 0xed91b2, 0xed91b3, 0xed91b4, 0xed91b5, 0xed91b6,
    0xed91b7, 0x000000, 0x000000, 0x000000, 0xed91b8, 0xed91b9, 0xed91ba, 0xed91bb, 0xed91bc,
    0xed91bd, 0xed91be, 0xed91bf, 0xed9280, 0xed9281, 0xed9282, 0xed9283, 0xed9284, 0xed9285,
    0xed9286, 0xed9287, 0xed9288, 0x000000, 0xed9289, 0xed928a, 0xed928b, 0xed928c, 0xed928d,
    0xed928e, 0xed928f, 0xed9290, 0xed9291, 0xed9292, 0xed9293, 0x000000, 0x000000, 0x000000,
    0xed9294, 0xed9295, 0xed9296, 0xed9297, 0xed9298, 0xed9299, 0xed929a, 0xed929b, 0xed929c,
    0xed929d, 0xed929e, 0xed929f, 0xed92a0, 0xed92a1, 0xed92a2, 0xed92a3, 0xed92a4, 0x000000,
    0xed92a5, 0xed92a6, 0xed92a7, 0xed92a8, 0xed92a9, 0xed92aa, 0xed92ab, 0xed92ac, 0xed92ad,
    0xed92ae, 0xed92af, 0x000000, 0x000000, 0x000000, 0xed92b0, 0xed92b1, 0xed92b2, 0xed92b3,
    0xed92b4, 0xed92b5, 0xed92b6, 0xed92b7, 0xed92b8, 0xed92b9, 0xed92ba, 0xed92bb, 0xed92bc,
    0xed92bd, 0xed92be, 0xed92bf, 0xed9380, 0x000000, 0xed9381, 0xed9382, 0xed9383, 0xed9384,
    0xed9385, 0xed9386, 0xed9387, 0xed9388, 0xed9389, 0xed938a, 0xed938b, 0x000000, 0x000000,
    0x000000, 0xed938c, 0xed938d, 0xed938e, 0xed938f, 0xed9390, 0xed9391, 0xed9392, 0xed9393,
    0xed9394, 0xed9395, 0xed9396, 0xed9397, 0xed9398, 0xed9399, 0xed939a, 0xed939b, 0xed939c,
    0x000000, 0xed939d, 0xed939e, 0xed939f, 0xed93a0, 0xed93a1, 0xed93a2, 0xed93a3, 0xed93a4,
    0xed93a5, 0xed93a6, 0xed93a7, 0x000000, 0x000000, 0x000000, 0x000000, 0x000000, 0x000000,
    0x000000, 0x000000, 0x000000, 0x000000, 0x000000, 0x000000, 0x000000, 0x000000, 0x000000,
    0x000000, 0xed93a8, 0xed93a9, 0xed93aa, 0xed93ab, 0xed93ac, 0xed93ad, 0xed93ae, 0xed93af,
    0xed93b0, 0xed93b1, 0xed93b2, 0xed93b3, 0xed93b4, 0xed93b5, 0xed93b6, 0xed93b7, 0xed93b8,
    0x000000, 0xed93b9, 0xed93ba, 0xed93bb, 0xed93bc, 0xed93bd, 0xed93be, 0xed93bf, 0xed9480,
    0xed9481, 0xed9482, 0xed9483, 0x000000, 0x000000, 0x000000, 0xed9484, 0xed9485, 0xed9486,
    0xed9487, 0xed9488, 0xed9489, 0xed948a, 0xed948b, 0xed948c, 0xed948d, 0xed948e, 0xed948f,
    0xed9490, 0xed9491, 0xed9492, 0xed9493, 0xed9494, 0x000000, 0xed9495, 0xed9496, 0xed9497,
    0xed9498, 0xed9499, 0xed949a, 0xed949b, 0xed949c, 0xed949d, 0xed949e, 0xed949f, 0x000000,
    0x000000, 0x000000, 0xed94a0, 0xed94a1, 0xed94a2, 0xed94a3, 0xed94a4, 0xed94a5, 0xed94a6,
    0xed94a7, 0xed94a8, 0xed94a9, 0xed94aa, 0xed94ab, 0xed94ac, 0xed94ad, 0xed94ae, 0xed94af,
    0xed94b0, 0x000000, 0xed94b1, 0xed94b2, 0xed94b3, 0xed94b4, 0xed94b5, 0xed94b6, 0xed94b7,
    0xed94b8, 0xed94b9, 0xed94ba, 0xed94bb, 0x000000, 0x000000, 0x000000, 0xed94bc, 0xed94bd,
    0xed94be, 0xed94bf, 0xed9580, 0xed9581, 0xed9582, 0xed9583, 0xed9584, 0xed9585, 0xed9586,
    0xed9587, 0xed9588, 0xed9589, 0xed958a, 0xed958b, 0xed958c, 0x000000, 0xed958d, 0xed958e,
    0xed958f, 0xed9590, 0xed9591, 0xed9592, 0xed9593, 0xed9594, 0xed9595, 0xed9596, 0xed9597,
    0x000000, 0x000000, 0x000000, 0x000000, 0x000000, 0x000000, 0x000000, 0x000000, 0x000000,
    0x000000, 0x000000, 0x000000, 0x000000, 0x000000, 0x000000, 0x000000, 0x000000, 0x000000,
    0x000000, 0x000000, 0x000000, 0x000000, 0x000000, 0x000000, 0x000000, 0x000000, 0x000000,
    0x000000, 0x000000, 0x000000, 0x000000, 0x000000, 0x000000, 0x000000, 0x000000, 0x000000,
    0x000000, 0x000000, 0x000000, 0x000000, 0x000000, 0x000000, 0x000000, 0x000000, 0x000000,
    0x000000, 0x000000, 0x000000, 0x000000, 0x000000, 0x000000, 0x000000, 0x000000, 0x000000,
    0x000000, 0x000000, 0x000000, 0x000000, 0x000000, 0x000000, 0x000000, 0x000000, 0x000000,
    0x000000, 0x000000, 0xe3858e, 0x000000, 0x000000, 0x000000, 0x000000, 0x000000, 0x000000,
    0x000000, 0x000000, 0x000000, 0x000000, 0x000000, 0x000000, 0x000000, 0x000000, 0x000000,
    0x000000, 0x000000, 0x000000, 0x000000, 0x000000, 0x000000, 0x000000, 0x000000, 0x000000,
    0x000000, 0x000000, 0x000000, 0x000000, 0x000000, 0x000000, 0x000000, 0xed9598, 0xed9599,
    0xed959a, 0xed959b, 0xed959c, 0xed959d, 0xed959e, 0xed959f, 0xed95a0, 0xed95a1, 0xed95a2,
    0xed95a3, 0xed95a4, 0xed95a5, 0xed95a6, 0xed95a7, 0xed95a8, 0x000000, 0xed95a9, 0xed95aa,
    0xed95ab, 0xed95ac, 0xed95ad, 0xed95ae, 0xed95af, 0xed95b0, 0xed95b1, 0xed95b2, 0xed95b3,
    0x000000, 0x000000, 0x000000, 0xed95b4, 0xed95b5, 0xed95b6, 0xed95b7, 0xed95b8, 0xed95b9,
    0xed95ba, 0xed95bb, 0xed95bc, 0xed95bd, 0xed95be, 0xed95bf, 0xed9680, 0xed9681, 0xed9682,
    0xed9683, 0xed9684, 0x000000, 0xed9685, 0xed9686, 0xed9687, 0xed9688, 0xed9689, 0xed968a,
    0xed968b, 0xed968c, 0xed968d, 0xed968e, 0xed968f, 0x000000, 0x000000, 0x000000, 0xed9690,
    0xed9691, 0xed9692, 0xed9693, 0xed9694, 0xed9695, 0xed9696, 0xed9697, 0xed9698, 0xed9699,
    0xed969a, 0xed969b, 0xed969c, 0xed969d, 0xed969e, 0xed969f, 0xed96a0, 0x000000, 0xed96a1,
    0xed96a2, 0xed96a3, 0xed96a4, 0xed96a5, 0xed96a6, 0xed96a7, 0xed96a8, 0xed96a9, 0xed96aa,
    0xed96ab, 0x000000, 0x000000, 0x000000, 0xed96ac, 0xed96ad, 0xed96ae, 0xed96af, 0xed96b0,
    0xed96b1, 0xed96b2, 0xed96b3, 0xed96b4, 0xed96b5, 0xed96b6, 0xed96b7, 0xed96b8, 0xed96b9,
    0xed96ba, 0xed96bb, 0xed96bc, 0x000000, 0xed96bd, 0xed96be, 0xed96bf, 0xed9780, 0xed9781,
    0xed9782, 0xed9783, 0xed9784, 0xed9785, 0xed9786, 0xed9787, 0x000000, 0x000000, 0x000000,
    0xed9788, 0xed9789, 0xed978a, 0xed978b, 0xed978c, 0xed978d, 0xed978e, 0xed978f, 0xed9790,
    0xed9791, 0xed9792, 0xed9793, 0xed9794, 0xed9795, 0xed9796, 0xed9797, 0xed9798, 0x000000,
    0xed9799, 0xed979a, 0xed979b, 0xed979c, 0xed979d, 0xed979e, 0xed979f, 0xed97a0, 0xed97a1,
    0xed97a2, 0xed97a3, 0x000000, 0x000000, 0x000000, 0x000000, 0x000000, 0x000000, 0x000000,
    0x000000, 0x000000, 0x000000, 0x000000, 0x000000, 0x000000, 0x000000, 0x000000, 0x000000,
    0xed97a4, 0xed97a5, 0xed97a6, 0xed97a7, 0xed97a8, 0xed97a9, 0xed97aa, 0xed97ab, 0xed97ac,
    0xed97ad, 0xed97ae, 0xed97af, 0xed97b0, 0xed97b1, 0xed97b2, 0xed97b3, 0xed97b4, 0x000000,
    0xed97b5, 0xed97b6, 0xed97b7, 0xed97b8, 0xed97b9, 0xed97ba, 0xed97bb, 0xed97bc, 0xed97bd,
    0xed97be, 0xed97bf, 0x000000, 0x000000, 0x000000, 0xed9880, 0xed9881, 0xed9882, 0xed9883,
    0xed9884, 0xed9885, 0xed9886, 0xed9887, 0xed9888, 0xed9889, 0xed988a, 0xed988b, 0xed988c,
    0xed988d, 0xed988e, 0xed988f, 0xed9890, 0x000000, 0xed9891, 0xed9892, 0xed9893, 0xed9894,
    0xed9895, 0xed9896, 0xed9897, 0xed9898, 0xed9899, 0xed989a, 0xed989b, 0x000000, 0x000000,
    0x000000, 0xed989c, 0xed989d, 0xed989e, 0xed989f, 0xed98a0, 0xed98a1, 0xed98a2, 0xed98a3,
    0xed98a4, 0xed98a5, 0xed98a6, 0xed98a7, 0xed98a8, 0xed98a9, 0xed98aa, 0xed98ab, 0xed98ac,
    0x000000, 0xed98ad, 0xed98ae, 0xed98af, 0xed98b0, 0xed98b1, 0xed98b2, 0xed98b3, 0xed98b4,
    0xed98b5, 0xed98b6, 0xed98b7, 0x000000, 0x000000, 0x000000, 0xed98b8, 0xed98b9, 0xed98ba,
    0xed98bb, 0xed98bc, 0xed98bd, 0xed98be, 0xed98bf, 0xed9980, 0xed9981, 0xed9982, 0xed9983,
    0xed9984, 0xed9985, 0xed9986, 0xed9987, 0xed9988, 0x000000, 0xed9989, 0xed998a, 0xed998b,
    0xed998c, 0xed998d, 0xed998e, 0xed998f, 0xed9990, 0xed9991, 0xed9992, 0xed9993, 0x000000,
    0x000000, 0x000000, 0xed9994, 0xed9995, 0xed9996, 0xed9997, 0xed9998, 0xed9999, 0xed999a,
    0xed999b, 0xed999c, 0xed999d, 0xed999e, 0xed999f, 0xed99a0, 0xed99a1, 0xed99a2, 0xed99a3,
    0xed99a4, 0x000000, 0xed99a5, 0xed99a6, 0xed99a7, 0xed99a8, 0xed99a9, 0xed99aa, 0xed99ab,
    0xed99ac, 0xed99ad, 0xed99ae, 0xed99af, 0x000000, 0x000000, 0x000000, 0xed99b0, 0xed99b1,
    0xed99b2, 0xed99b3, 0xed99b4, 0xed99b5, 0xed99b6, 0xed99b7, 0xed99b8, 0xed99b9, 0xed99ba,
    0xed99bb, 0xed99bc, 0xed99bd, 0xed99be, 0xed99bf, 0xed9a80, 0x000000, 0xed9a81, 0xed9a82,
    0xed9a83, 0xed9a84, 0xed9a85, 0xed9a86, 0xed9a87, 0xed9a88, 0xed9a89, 0xed9a8a, 0xed9a8b,
    0x000000, 0x000000, 0x000000, 0x000000, 0x000000, 0x000000, 0x000000, 0x000000, 0x000000,
    0x000000, 0x000000, 0x000000, 0x000000, 0x000000, 0x000000, 0x000000, 0xed9a8c, 0xed9a8d,
    0xed9a8e, 0xed9a8f, 0xed9a90, 0xed9a91, 0xed9a92, 0xed9a93, 0xed9a94, 0xed9a95, 0xed9a96,
    0xed9a97, 0xed9a98, 0xed9a99, 0xed9a9a, 0xed9a9b, 0xed9a9c, 0x000000, 0xed9a9d, 0xed9a9e,
    0xed9a9f, 0xed9aa0, 0xed9aa1, 0xed9aa2, 0xed9aa3, 0xed9aa4, 0xed9aa5, 0xed9aa6, 0xed9aa7,
    0x000000, 0x000000, 0x000000, 0xed9aa8, 0xed9aa9, 0xed9aaa, 0xed9aab, 0xed9aac, 0xed9aad,
    0xed9aae, 0xed9aaf, 0xed9ab0, 0xed9ab1, 0xed9ab2, 0xed9ab3, 0xed9ab4, 0xed9ab5, 0xed9ab6,
    0xed9ab7, 0xed9ab8, 0x000000, 0xed9ab9, 0xed9aba, 0xed9abb, 0xed9abc, 0xed9abd, 0xed9abe,
    0xed9abf, 0xed9b80, 0xed9b81, 0xed9b82, 0xed9b83, 0x000000, 0x000000, 0x000000, 0xed9b84,
    0xed9b85, 0xed9b86, 0xed9b87, 0xed9b88, 0xed9b89, 0xed9b8a, 0xed9b8b, 0xed9b8c, 0xed9b8d,
    0xed9b8e, 0xed9b8f, 0xed9b90, 0xed9b91, 0xed9b92, 0xed9b93, 0xed9b94, 0x000000, 0xed9b95,
    0xed9b96, 0xed9b97, 0xed9b98, 0xed9b99, 0xed9b9a, 0xed9b9b, 0xed9b9c, 0xed9b9d, 0xed9b9e,
    0xed9b9f, 0x000000, 0x000000, 0x000000, 0xed9ba0, 0xed9ba1, 0xed9ba2, 0xed9ba3, 0xed9ba4,
    0xed9ba5, 0xed9ba6, 0xed9ba7, 0xed9ba8, 0xed9ba9, 0xed9baa, 0xed9bab, 0xed9bac, 0xed9bad,
    0xed9bae, 0xed9baf, 0xed9bb0, 0x000000, 0xed9bb1, 0xed9bb2, 0xed9bb3, 0xed9bb4, 0xed9bb5,
    0xed9bb6, 0xed9bb7, 0xed9bb8, 0xed9bb9, 0xed9bba, 0xed9bbb, 0x000000, 0x000000, 0x000000,
    0xed9bbc, 0xed9bbd, 0xed9bbe, 0xed9bbf, 0xed9c80, 0xed9c81, 0xed9c82, 0xed9c83, 0xed9c84,
    0xed9c85, 0xed9c86, 0xed9c87, 0xed9c88, 0xed9c89, 0xed9c8a, 0xed9c8b, 0xed9c8c, 0x000000,
    0xed9c8d, 0xed9c8e, 0xed9c8f, 0xed9c90, 0xed9c91, 0xed9c92, 0xed9c93, 0xed9c94, 0xed9c95,
    0xed9c96, 0xed9c97, 0x000000, 0x000000, 0x000000, 0xed9c98, 0xed9c99, 0xed9c9a, 0xed9c9b,
    0xed9c9c, 0xed9c9d, 0xed9c9e, 0xed9c9f, 0xed9ca0, 0xed9ca1, 0xed9ca2, 0xed9ca3, 0xed9ca4,
    0xed9ca5, 0xed9ca6, 0xed9ca7, 0xed9ca8, 0x000000, 0xed9ca9, 0xed9caa, 0xed9cab, 0xed9cac,
    0xed9cad, 0xed9cae, 0xed9caf, 0xed9cb0, 0xed9cb1, 0xed9cb2, 0xed9cb3, 0x000000, 0x000000,
    0x000000, 0x000000, 0x000000, 0x000000, 0x000000, 0x000000, 0x000000, 0x000000, 0x000000,
    0x000000, 0x000000, 0x000000, 0x000000, 0x000000, 0xed9cb4, 0xed9cb5, 0xed9cb6, 0xed9cb7,
    0xed9cb8, 0xed9cb9, 0xed9cba, 0xed9cbb, 0xed9cbc, 0xed9cbd, 0xed9cbe, 0xed9cbf, 0xed9d80,
    0xed9d81, 0xed9d82, 0xed9d83, 0xed9d84, 0x000000, 0xed9d85, 0xed9d86, 0xed9d87, 0xed9d88,
    0xed9d89, 0xed9d8a, 0xed9d8b, 0xed9d8c, 0xed9d8d, 0xed9d8e, 0xed9d8f, 0x000000, 0x000000,
    0x000000, 0xed9d90, 0xed9d91, 0xed9d92, 0xed9d93, 0xed9d94, 0xed9d95, 0xed9d96, 0xed9d97,
    0xed9d98, 0xed9d99, 0xed9d9a, 0xed9d9b, 0xed9d9c, 0xed9d9d, 0xed9d9e, 0xed9d9f, 0xed9da0,
    0x000000, 0xed9da1, 0xed9da2, 0xed9da3, 0xed9da4, 0xed9da5, 0xed9da6, 0xed9da7, 0xed9da8,
    0xed9da9, 0xed9daa, 0xed9dab, 0x000000, 0x000000, 0x000000, 0xed9dac, 0xed9dad, 0xed9dae,
    0xed9daf, 0xed9db0, 0xed9db1, 0xed9db2, 0xed9db3, 0xed9db4, 0xed9db5, 0xed9db6, 0xed9db7,
    0xed9db8, 0xed9db9, 0xed9dba, 0xed9dbb, 0xed9dbc, 0x000000, 0xed9dbd, 0xed9dbe, 0xed9dbf,
    0xed9e80, 0xed9e81, 0xed9e82, 0xed9e83, 0xed9e84, 0xed9e85, 0xed9e86, 0xed9e87, 0x000000,
    0x000000, 0x000000, 0xed9e88, 0xed9e89, 0xed9e8a, 0xed9e8b, 0xed9e8c, 0xed9e8d, 0xed9e8e,
    0xed9e8f, 0xed9e90, 0xed9e91, 0xed9e92, 0xed9e93, 0xed9e94, 0xed9e95, 0xed9e96, 0xed9e97,
    0xed9e98, 0x000000, 0xed9e99, 0xed9e9a, 0xed9e9b, 0xed9e9c, 0xed9e9d, 0xed9e9e, 0xed9e9f,
    0xed9ea0, 0xed9ea1, 0xed9ea2, 0xed9ea3, 0x000000, 0x000000, 0x000000, 0x000000, 0x000000,
    0x000000, 0x000000, 0x000000, 0x000000, 0x000000, 0x000000, 0x000000, 0x000000, 0x000000,
    0x000000, 0x000000, 0x000000, 0x000000, 0x000000, 0x000000, 0x000000, 0x000000, 0x000000,
    0x000000, 0x000000, 0x000000, 0x000000, 0x000000, 0x000000, 0x000000, 0x000000, 0x000000,
    0x000000, 0x000000, 0x000000, 0x000000, 0x000000, 0x000000, 0x000000, 0x000000, 0x000000,
    0x000000, 0x000000, 0x000000, 0x000000, 0x000000, 0x000000, 0x000000, 0x000000, 0x000000,
    0x000000, 0x000000, 0x000000, 0x000000, 0x000000, 0x000000, 0x000000, 0x000000, 0x000000,
    0x000000, 0x000000, 0x000000, 0x000000, 0x000000, 0x000000, 0xe38080, 0xe38081, 0xe38082,
    0x00c2b7, 0xe280a5, 0xe280a6, 0x00c2a8, 0xe38083, 0x00c2ad, 0xe28095, 0xe288a5, 0xefbcbc,
    0xe288bc, 0xe28098, 0xe28099, 0xe2809c, 0xe2809d, 0xe38094, 0xe38095, 0xe38088, 0xe38089,
    0xe3808a, 0xe3808b, 0xe3808c, 0xe3808d, 0xe3808e, 0xe3808f, 0xe38090, 0xe38091, 0x00c2b1,
    0x00c397, 0x00c3b7, 0xe289a0, 0xe289a4, 0xe289a5, 0xe2889e, 0xe288b4, 0x00c2b0, 0xe280b2,
    0xe280b3, 0xe28483, 0xe284ab, 0xefbfa0, 0xefbfa1, 0xefbfa5, 0xe29982, 0xe29980, 0xe288a0,
    0xe28aa5, 0xe28c92, 0xe28882, 0xe28887, 0xe289a1, 0xe28992, 0x00c2a7, 0xe280bb, 0xe29886,
    0xe29885, 0xe2978b, 0xe2978f, 0xe2978e, 0xe29787, 0xe29786, 0xe296a1, 0xe296a0, 0xe296b3,
    0xe296b2, 0xe296bd, 0xe296bc, 0xe28692, 0xe28690, 0xe28691, 0xe28693, 0xe28694, 0xe38093,
    0xe289aa, 0xe289ab, 0xe2889a, 0x000000, 0x000000, 0x000000, 0x000000, 0x000000, 0x000000,
    0x000000, 0x000000, 0x000000, 0x000000, 0x000000, 0x000000, 0x000000, 0x000000, 0x000000,
    0x000000, 0x000000, 0x000000, 0xe288bd, 0xe2889d, 0xe288b5, 0xe288ab, 0xe288ac, 0xe28888,
    0xe2888b, 0xe28a86, 0xe28a87, 0xe28a82, 0xe28a83, 0xe288aa, 0xe288a9, 0xe288a7, 0xe288a8,
    0xefbfa2, 0xe28792, 0xe28794, 0xe28880, 0xe28883, 0x00c2b4, 0xefbd9e, 0x00cb87, 0x00cb98,
    0x00cb9d, 0x00cb9a, 0x00cb99, 0x00c2b8, 0x00cb9b, 0x00c2a1, 0x00c2bf, 0x00cb90, 0xe288ae,
    0xe28891, 0xe2888f, 0x00c2a4, 0xe28489, 0xe280b0, 0xe29781, 0xe29780, 0xe296b7, 0xe296b6,
    0xe299a4, 0xe299a0, 0xe299a1, 0xe299a5, 0xe299a7, 0xe299a3, 0xe28a99, 0xe29788, 0xe296a3,
    0xe29790, 0xe29791, 0xe29692, 0xe296a4, 0xe296a5, 0xe296a8, 0xe296a7, 0xe296a6, 0xe296a9,
    0xe299a8, 0xe2988f, 0xe2988e, 0xe2989c, 0xe2989e, 0x00c2b6, 0xe280a0, 0xe280a1, 0xe28695,
    0xe28697, 0xe28699, 0xe28696, 0xe28698, 0xe299ad, 0xe299a9, 0xe299aa, 0xe299ac, 0xe389bf,
    0xe3889c, 0xe28496, 0xe38f87, 0xe284a2, 0xe38f82, 0xe38f98, 0xe284a1, 0xe282ac, 0x00c2ae,
    0xe389be, 0x000000, 0x000000, 0x000000, 0x000000, 0x000000, 0x000000, 0x000000, 0x000000,
    0x000000, 0x000000, 0x000000, 0x000000, 0x000000, 0x000000, 0x000000, 0x000000, 0x000000,
    0x000000, 0x000000, 0x000000, 0x000000, 0x000000, 0xefbc81, 0xefbc82, 0xefbc83, 0xefbc84,
    0xefbc85, 0xefbc86, 0xefbc87, 0xefbc88, 0xefbc89, 0xefbc8a, 0xefbc8b, 0xefbc8c, 0xefbc8d,
    0xefbc8e, 0xefbc8f, 0xefbc90, 0xefbc91, 0xefbc92, 0xefbc93, 0xefbc94, 0xefbc95, 0xefbc96,
    0xefbc97, 0xefbc98, 0xefbc99, 0xefbc9a, 0xefbc9b, 0xefbc9c, 0xefbc9d, 0xefbc9e, 0xefbc9f,
    0xefbca0, 0xefbca1, 0xefbca2, 0xefbca3, 0xefbca4, 0xefbca5, 0xefbca6, 0xefbca7, 0xefbca8,
    0xefbca9, 0xefbcaa, 0xefbcab, 0xefbcac, 0xefbcad, 0xefbcae, 0xefbcaf, 0xefbcb0, 0xefbcb1,
    0xefbcb2, 0xefbcb3, 0xefbcb4, 0xefbcb5, 0xefbcb6, 0xefbcb7, 0xefbcb8, 0xefbcb9, 0xefbcba,
    0xefbcbb, 0xefbfa6, 0xefbcbd, 0xefbcbe, 0xefbcbf, 0xefbd80, 0xefbd81, 0xefbd82, 0xefbd83,
    0xefbd84, 0xefbd85, 0xefbd86, 0xefbd87, 0xefbd88, 0xefbd89, 0xefbd8a, 0xefbd8b, 0xefbd8c,
    0xefbd8d, 0xefbd8e, 0x000000, 0x000000, 0x000000, 0x000000, 0x000000, 0x000000, 0x000000,
    0x000000, 0x000000, 0x000000, 0x000000, 0x000000, 0x000000, 0x000000, 0x000000, 0x000000,
    0x000000, 0x000000, 0xefbd8f, 0xefbd90, 0xefbd91, 0xefbd92, 0xefbd93, 0xefbd94, 0xefbd95,
    0xefbd96, 0xefbd97, 0xefbd98, 0xefbd99, 0xefbd9a, 0xefbd9b, 0xefbd9c, 0xefbd9d, 0xefbfa3,
    0x000000, 0x000000, 0x000000, 0x000000, 0x000000, 0x000000, 0x000000, 0x000000, 0x000000,
    0x000000, 0x000000, 0x000000, 0x000000, 0x000000, 0x000000, 0x000000, 0x000000, 0x000000,
    0x000000, 0x000000, 0x000000, 0x000000, 0x000000, 0x000000, 0x000000, 0x000000, 0x000000,
    0x000000, 0x000000, 0x000000, 0x000000, 0x000000, 0x000000, 0x000000, 0x000000, 0x000000,
    0x000000, 0x000000, 0x000000, 0x000000, 0x000000, 0x000000, 0x000000, 0x000000, 0x000000,
    0x000000, 0x000000, 0x000000, 0x000000, 0x000000, 0x000000, 0xe385a4, 0xe385a5, 0xe385a6,
    0xe385a7, 0xe385a8, 0xe385a9, 0xe385aa, 0xe385ab, 0xe385ac, 0xe385ad, 0xe385ae, 0xe385af,
    0xe385b0, 0xe385b1, 0xe385b2, 0xe385b3, 0xe385b4, 0xe385b5, 0xe385b6, 0xe385b7, 0xe385b8,
    0xe385b9, 0xe385ba, 0xe385bb, 0xe385bc, 0xe385bd, 0xe385be, 0xe385bf, 0xe38680, 0xe38681,
    0xe38682, 0xe38683, 0xe38684, 0xe38685, 0xe38686, 0xe38687, 0xe38688, 0xe38689, 0xe3868a,
    0xe3868b, 0xe3868c, 0xe3868d, 0xe3868e, 0xe285b0, 0xe285b1, 0xe285b2, 0xe285b3, 0xe285b4,
    0xe285b5, 0xe285b6, 0xe285b7, 0xe285b8, 0xe285b9, 0x000000, 0x000000, 0x000000, 0x000000,
    0x000000, 0xe285a0, 0xe285a1, 0xe285a2, 0xe285a3, 0xe285a4, 0xe285a5, 0xe285a6, 0xe285a7,
    0xe285a8, 0xe285a9, 0x000000, 0x000000, 0x000000, 0x000000, 0x000000, 0x000000, 0x000000,
    0x00ce91, 0x00ce92, 0x00ce93, 0x00ce94, 0x00ce95, 0x00ce96, 0x00ce97, 0x00ce98, 0x00ce99,
    0x00ce9a, 0x00ce9b, 0x00ce9c, 0x00ce9d, 0x00ce9e, 0x00ce9f, 0x00cea0, 0x00cea1, 0x00cea3,
    0x00cea4, 0x00cea5, 0x00cea6, 0x00cea7, 0x00cea8, 0x00cea9, 0x000000, 0x000000, 0x000000,
    0x000000, 0x000000, 0x000000, 0x000000, 0x000000, 0x00ceb1, 0x00ceb2, 0x00ceb3, 0x00ceb4,
    0x00ceb5, 0x00ceb6, 0x00ceb7, 0x00ceb8, 0x00ceb9, 0x00ceba, 0x00cebb, 0x00cebc, 0x00cebd,
    0x00cebe, 0x000000, 0x000000, 0x000000, 0x000000, 0x000000, 0x000000, 0x000000, 0x000000,
    0x000000, 0x000000, 0x000000, 0x000000, 0x000000, 0x000000, 0x000000, 0x000000, 0x000000,
    0x000000, 0x00cebf, 0x00cf80, 0x00cf81, 0x00cf83, 0x00cf84, 0x00cf85, 0x00cf86, 0x00cf87,
    0x00cf88, 0x00cf89, 0x000000, 0x000000, 0x000000, 0x000000, 0x000000, 0x000000, 0xe29480,
    0xe29482, 0xe2948c, 0xe29490, 0xe29498, 0xe29494, 0xe2949c, 0xe294ac, 0xe294a4, 0xe294b4,
    0xe294bc, 0xe29481, 0xe29483, 0xe2948f, 0xe29493, 0xe2949b, 0xe29497, 0xe294a3, 0xe294b3,
    0xe294ab, 0xe294bb, 0xe2958b, 0xe294a0, 0xe294af, 0xe294a8, 0xe294b7, 0xe294bf, 0xe2949d,
    0xe294b0, 0xe294a5, 0xe294b8, 0xe29582, 0xe29492, 0xe29491, 0xe2949a, 0xe29499, 0xe29496,
    0xe29495, 0xe2948e, 0xe2948d, 0xe2949e, 0xe2949f, 0xe294a1, 0xe294a2, 0xe294a6, 0xe294a7,
    0xe294a9, 0xe294aa, 0xe294ad, 0xe294ae, 0xe294b1, 0xe294b2, 0xe294b5, 0xe294b6, 0xe294b9,
    0xe294ba, 0xe294bd, 0xe294be, 0xe29580, 0xe29581, 0xe29583, 0xe29584, 0xe29585, 0xe29586,
    0xe29587, 0xe29588, 0xe29589, 0xe2958a, 0x000000, 0x000000, 0x000000, 0x000000, 0x000000,
    0x000000, 0x000000, 0x000000, 0x000000, 0x000000, 0x000000, 0x000000, 0x000000, 0x000000,
    0x000000, 0x000000, 0x000000, 0x000000, 0x000000, 0x000000, 0x000000, 0x000000, 0x000000,
    0x000000, 0x000000, 0x000000, 0xe38e95, 0xe38e96, 0xe38e97, 0xe28493, 0xe38e98, 0xe38f84,
    0xe38ea3, 0xe38ea4, 0xe38ea5, 0xe38ea6, 0xe38e99, 0xe38e9a, 0xe38e9b, 0xe38e9c, 0xe38e9d,
    0xe38e9e, 0xe38e9f, 0xe38ea0, 0xe38ea1, 0xe38ea2, 0xe38f8a, 0xe38e8d, 0xe38e8e, 0xe38e8f,
    0xe38f8f, 0xe38e88, 0xe38e89, 0xe38f88, 0xe38ea7, 0xe38ea8, 0xe38eb0, 0xe38eb1, 0xe38eb2,
    0xe38eb3, 0xe38eb4, 0xe38eb5, 0xe38eb6, 0xe38eb7, 0xe38eb8, 0xe38eb9, 0xe38e80, 0xe38e81,
    0xe38e82, 0xe38e83, 0xe38e84, 0xe38eba, 0xe38ebb, 0xe38ebc, 0xe38ebd, 0xe38ebe, 0xe38ebf,
    0xe38e90, 0xe38e91, 0xe38e92, 0xe38e93, 0xe38e94, 0xe284a6, 0xe38f80, 0xe38f81, 0xe38e8a,
    0xe38e8b, 0xe38e8c, 0xe38f96, 0xe38f85, 0xe38ead, 0xe38eae, 0xe38eaf, 0xe38f9b, 0xe38ea9,
    0xe38eaa, 0xe38eab, 0xe38eac, 0xe38f9d, 0xe38f90, 0xe38f93, 0xe38f83, 0xe38f89, 0xe38f9c,
    0x000000, 0x000000, 0x000000, 0x000000, 0x000000, 0x000000, 0x000000, 0x000000, 0x000000,
    0x000000, 0x000000, 0x000000, 0x000000, 0x000000, 0x000000, 0x000000, 0x000000, 0x000000,
    0xe38f86, 0x000000, 0x000000, 0x000000, 0x000000, 0x000000, 0x000000, 0x000000, 0x000000,
    0x000000, 0x000000, 0x000000, 0x000000, 0x000000, 0x000000, 0x000000, 0x00c386, 0x00c390,
    0x00c2aa, 0x00c4a6, 0x000000, 0x00c4b2, 0x000000, 0x00c4bf, 0x00c581, 0x00c398, 0x00c592,
    0x00c2ba, 0x00c39e, 0x00c5a6, 0x00c58a, 0x000000, 0xe389a0, 0xe389a1, 0xe389a2, 0xe389a3,
    0xe389a4, 0xe389a5, 0xe389a6, 0xe389a7, 0xe389a8, 0xe389a9, 0xe389aa, 0xe389ab, 0xe389ac,
    0xe389ad, 0xe389ae, 0xe389af, 0xe389b0, 0xe389b1, 0xe389b2, 0xe389b3, 0xe389b4, 0xe389b5,
    0xe389b6, 0xe389b7, 0xe389b8, 0xe389b9, 0xe389ba, 0xe389bb, 0xe29390, 0xe29391, 0xe29392,
    0xe29393, 0xe29394, 0xe29395, 0xe29396, 0xe29397, 0xe29398, 0xe29399, 0xe2939a, 0xe2939b,
    0xe2939c, 0xe2939d, 0xe2939e, 0xe2939f, 0xe293a0, 0xe293a1, 0xe293a2, 0xe293a3, 0xe293a4,
    0xe293a5, 0xe293a6, 0xe293a7, 0xe293a8, 0xe293a9, 0xe291a0, 0xe291a1, 0xe291a2, 0xe291a3,
    0xe291a4, 0xe291a5, 0xe291a6, 0xe291a7, 0xe291a8, 0xe291a9, 0xe291aa, 0xe291ab, 0xe291ac,
    0xe291ad, 0xe291ae, 0x00c2bd, 0xe28593, 0xe28594, 0x00c2bc, 0x00c2be, 0xe2859b, 0xe2859c,
    0xe2859d, 0xe2859e, 0x00c3a6, 0x00c491, 0x00c3b0, 0x00c4a7, 0x00c4b1, 0x00c4b3, 0x00c4b8,
    0x00c580, 0x00c582, 0x00c3b8, 0x00c593, 0x00c39f, 0x00c3be, 0x00c5a7, 0x00c58b, 0x00c589,
    0xe38880, 0xe38881, 0xe38882, 0xe38883, 0xe38884, 0xe38885, 0xe38886, 0xe38887, 0xe38888,
    0xe38889, 0xe3888a, 0xe3888b, 0xe3888c, 0xe3888d, 0xe3888e, 0xe3888f, 0xe38890, 0xe38891,
    0xe38892, 0xe38893, 0xe38894, 0xe38895, 0xe38896, 0xe38897, 0xe38898, 0xe38899, 0xe3889a,
    0xe3889b, 0xe2929c, 0xe2929d, 0xe2929e, 0xe2929f, 0xe292a0, 0xe292a1, 0xe292a2, 0xe292a3,
    0xe292a4, 0xe292a5, 0xe292a6, 0xe292a7, 0xe292a8, 0xe292a9, 0xe292aa, 0xe292ab, 0xe292ac,
    0xe292ad, 0xe292ae, 0xe292af, 0xe292b0, 0xe292b1, 0xe292b2, 0xe292b3, 0xe292b4, 0xe292b5,
    0xe291b4, 0xe291b5, 0xe291b6, 0xe291b7, 0xe291b8, 0xe291b9, 0xe291ba, 0xe291bb, 0x000000,
    0x000000, 0x000000, 0x000000, 0x000000, 0x000000, 0x000000, 0x000000, 0x000000, 0x000000,
    0x000000, 0x000000, 0x000000, 0x000000, 0x000000, 0x000000, 0x000000, 0x000000, 0xe291bc,
    0xe291bd, 0xe291be, 0xe291bf, 0xe29280, 0xe29281, 0xe29282, 0x00c2b9, 0x00c2b2, 0x00c2b3,
    0xe281b4, 0xe281bf, 0xe28281, 0xe28282, 0xe28283, 0xe28284, 0xe38181, 0xe38182, 0xe38183,
    0xe38184, 0xe38185, 0xe38186, 0xe38187, 0xe38188, 0xe38189, 0xe3818a, 0xe3818b, 0xe3818c,
    0xe3818d, 0xe3818e, 0xe3818f, 0xe38190, 0xe38191, 0xe38192, 0xe38193, 0xe38194, 0xe38195,
    0xe38196, 0xe38197, 0xe38198, 0xe38199, 0xe3819a, 0xe3819b, 0xe3819c, 0xe3819d, 0xe3819e,
    0xe3819f, 0xe381a0, 0xe381a1, 0xe381a2, 0xe381a3, 0xe381a4, 0xe381a5, 0xe381a6, 0xe381a7,
    0xe381a8, 0xe381a9, 0xe381aa, 0xe381ab, 0xe381ac, 0xe381ad, 0xe381ae, 0xe381af, 0xe381b0,
    0xe381b1, 0xe381b2, 0xe381b3, 0xe381b4, 0xe381b5, 0xe381b6, 0xe381b7, 0xe381b8, 0xe381b9,
    0xe381ba, 0xe381bb, 0xe381bc, 0xe381bd, 0xe381be, 0xe381bf, 0xe38280, 0xe38281, 0xe38282,
    0xe38283, 0xe38284, 0xe38285, 0xe38286, 0xe38287, 0xe38288, 0xe38289, 0xe3828a, 0xe3828b,
    0xe3828c, 0xe3828d, 0xe3828e, 0xe3828f, 0xe38290, 0xe38291, 0xe38292, 0xe38293, 0x000000,
    0x000000, 0x000000, 0x000000, 0x000000, 0x000000, 0x000000, 0x000000, 0x000000, 0x000000,
    0x000000, 0xe382a1, 0xe382a2, 0xe382a3, 0xe382a4, 0xe382a5, 0xe382a6, 0xe382a7, 0xe382a8,
    0xe382a9, 0xe382aa, 0xe382ab, 0xe382ac, 0xe382ad, 0xe382ae, 0xe382af, 0xe382b0, 0xe382b1,
    0xe382b2, 0xe382b3, 0xe382b4, 0xe382b5, 0xe382b6, 0xe382b7, 0xe382b8, 0xe382b9, 0xe382ba,
    0xe382bb, 0xe382bc, 0xe382bd, 0xe382be, 0xe382bf, 0xe38380, 0xe38381, 0xe38382, 0xe38383,
    0xe38384, 0xe38385, 0xe38386, 0xe38387, 0xe38388, 0xe38389, 0xe3838a, 0xe3838b, 0xe3838c,
    0xe3838d, 0xe3838e, 0xe3838f, 0xe38390, 0xe38391, 0xe38392, 0xe38393, 0xe38394, 0xe38395,
    0xe38396, 0xe38397, 0xe38398, 0xe38399, 0xe3839a, 0xe3839b, 0xe3839c, 0xe3839d, 0xe3839e,
    0xe3839f, 0xe383a0, 0xe383a1, 0xe383a2, 0xe383a3, 0xe383a4, 0xe383a5, 0xe383a6, 0xe383a7,
    0xe383a8, 0xe383a9, 0xe383aa, 0xe383ab, 0xe383ac, 0xe383ad, 0xe383ae, 0x000000, 0x000000,
    0x000000, 0x000000, 0x000000, 0x000000, 0x000000, 0x000000, 0x000000, 0x000000, 0x000000,
    0x000000, 0x000000, 0x000000, 0x000000, 0x000000, 0x000000, 0x000000, 0xe383af, 0xe383b0,
    0xe383b1, 0xe383b2, 0xe383b3, 0xe383b4, 0xe383b5, 0xe383b6, 0x000000, 0x000000, 0x000000,
    0x000000, 0x000000, 0x000000, 0x000000, 0x000000, 0x00d090, 0x00d091, 0x00d092, 0x00d093,
    0x00d094, 0x00d095, 0x00d081, 0x00d096, 0x00d097, 0x00d098, 0x00d099, 0x00d09a, 0x00d09b,
    0x00d09c, 0x00d09d, 0x00d09e, 0x00d09f, 0x00d0a0, 0x00d0a1, 0x00d0a2, 0x00d0a3, 0x00d0a4,
    0x00d0a5, 0x00d0a6, 0x00d0a7, 0x00d0a8, 0x00d0a9, 0x00d0aa, 0x00d0ab, 0x00d0ac, 0x00d0ad,
    0x00d0ae, 0x00d0af, 0x000000, 0x000000, 0x000000, 0x000000, 0x000000, 0x000000, 0x000000,
    0x000000, 0x000000, 0x000000, 0x000000, 0x000000, 0x000000, 0x000000, 0x000000, 0x00d0b0,
    0x00d0b1, 0x00d0b2, 0x00d0b3, 0x00d0b4, 0x00d0b5, 0x00d191, 0x00d0b6, 0x00d0b7, 0x00d0b8,
    0x00d0b9, 0x00d0ba, 0x00d0bb, 0x00d0bc, 0x00d0bd, 0x00d0be, 0x00d0bf, 0x00d180, 0x00d181,
    0x00d182, 0x00d183, 0x00d184, 0x00d185, 0x00d186, 0x00d187, 0x00d188, 0x00d189, 0x00d18a,
    0x00d18b, 0x00d18c, 0x00d18d, 0x00d18e, 0x00d18f, 0x000000, 0x000000, 0x000000, 0x000000,
    0x000000, 0x000000, 0x000000, 0x000000, 0x000000, 0x000000, 0x000000, 0x000000, 0x000000,
    0xe4bcbd, 0xe4bdb3, 0xe58187, 0xe583b9, 0xe58aa0, 0xe58faf, 0xe591b5, 0xe593a5, 0xe59889,
    0xe5ab81, 0xe5aeb6, 0xe69a87, 0xe69eb6, 0xe69eb7, 0xe69faf, 0xe6ad8c, 0xe78f82, 0xe79782,
    0xe7a8bc, 0xe88b9b, 0xe88c84, 0xe8a197, 0xe8a288, 0xe8a8b6, 0xe8b388, 0xe8b78f, 0xe8bbbb,
    0xe8bfa6, 0xe9a795, 0xe588bb, 0xe58db4, 0xe59084, 0xe681aa, 0xe685a4, 0xe6aebc, 0xe78f8f,
    0xe8849a, 0xe8a6ba, 0xe8a792, 0xe996a3, 0xe4be83, 0xe5888a, 0xe5a2be, 0xe5a5b8, 0xe5a7a6,
    0xe5b9b2, 0xe5b9b9, 0xe68787, 0xe68f80, 0xe69d86, 0xe69fac, 0xe6a1bf, 0xe6be97, 0xe7998e,
    0xe79c8b, 0xe7a3b5, 0xe7a888, 0xe7abbf, 0xe7b0a1, 0xe8829d, 0xe889ae, 0xe889b1, 0xe8abab,
    0xe99693, 0xe4b9ab, 0xe5969d, 0xe69bb7, 0xe6b8b4, 0xe7a2a3, 0xe7abad, 0xe8919b, 0xe8a490,
    0xe89d8e, 0xe99ea8, 0xe58b98, 0xe59d8e, 0xe5a0aa, 0xe5b58c, 0x000000, 0x000000, 0x000000,
    0x000000, 0x000000, 0x000000, 0x000000, 0x000000, 0x000000, 0x000000, 0x000000, 0x000000,
    0x000000, 0x000000, 0x000000, 0x000000, 0x000000, 0x000000, 0xe6849f, 0xe686be, 0xe688a1,
    0xe695a2, 0xe69f91, 0xe6a984, 0xe6b89b, 0xe79498, 0xe796b3, 0xe79ba3, 0xe79eb0, 0xe7b4ba,
    0xe982af, 0xe99191, 0xe99192, 0xe9be95, 0xe58ca3, 0xe5b2ac, 0xe794b2, 0xe8839b, 0xe98980,
    0xe99698, 0xe5899b, 0xe5a088, 0xe5a79c, 0xe5b2a1, 0xe5b497, 0xe5bab7, 0xe5bcba, 0xe5bd8a,
    0xe685b7, 0xe6b19f, 0xe795ba, 0xe79686, 0xe7b3a0, 0xe7b5b3, 0xe7b6b1, 0xe7be8c, 0xe88594,
    0xe888a1, 0xe89691, 0xe8a581, 0xe8ac9b, 0xe98bbc, 0xe9998d, 0xe9b187, 0xe4bb8b, 0xe4bbb7,
    0xe5808b, 0xe587b1, 0xe5a18f, 0xe684b7, 0xe684be, 0xe685a8, 0xe694b9, 0xe6a7aa, 0xe6bc91,
    0xe796a5, 0xe79a86, 0xe79b96, 0xe7ae87, 0xe88aa5, 0xe8938b, 0xefa480, 0xe98ea7, 0xe9968b,
    0xe59680, 0xe5aea2, 0xe59d91, 0xefa481, 0xe7b2b3, 0xe7beb9, 0xe986b5, 0xe580a8, 0xe58ebb,
    0xe5b185, 0xe5b7a8, 0xe68b92, 0xe68dae, 0xe6939a, 0xe693a7, 0xe6b8a0, 0xe782ac, 0xe7a59b,
    0xe8b79d, 0xe8b89e, 0xefa482, 0xe981bd, 0xe98985, 0xe98bb8, 0xe4b9be, 0xe4bbb6, 0xe581a5,
    0xe5b7be, 0xe5bbba, 0xe68486, 0xe6a597, 0xe885b1, 0xe89994, 0xe8b987, 0xe98db5, 0xe9a8ab,
    0xe4b99e, 0xe58291, 0xe69db0, 0xe6a180, 0xe58489, 0xe58a8d, 0xe58a92, 0xe6aaa2, 0xe79ebc,
    0xe98890, 0xe9bb94, 0xe58aab, 0xe680af, 0xe8bfb2, 0xe58188, 0xe686a9, 0xe68fad, 0xe6938a,
    0xe6a0bc, 0xe6aa84, 0xe6bf80, 0xe88688, 0xe8a6a1, 0xe99a94, 0xe5a085, 0xe789bd, 0xe78aac,
    0xe79484, 0xe7b5b9, 0xe7b9ad, 0xe882a9, 0xe8a68b, 0xe8adb4, 0xe981a3, 0xe9b591, 0xe68a89,
    0xe6b1ba, 0xe6bd94, 0xe7b590, 0xe7bcba, 0xe8a8a3, 0xe585bc, 0xe6858a, 0xe7ae9d, 0xe8ac99,
    0xe98997, 0xe98e8c, 0xe4baac, 0xe4bf93, 0xe5809e, 0xe582be, 0xe58486, 0xe58b81, 0xe58b8d,
    0xe58dbf, 0xe59db0, 0xe5a283, 0xe5ba9a, 0xe5be91, 0xe685b6, 0xe686ac, 0xe6938e, 0xe695ac,
    0xe699af, 0xe69abb, 0xe69bb4, 0xe6a297, 0xe6b687, 0xe78285, 0xe783b1, 0xe7929f, 0xe792a5,
    0xe7938a, 0xe79799, 0xe7a1ac, 0xe7a3ac, 0xe7ab9f, 0xe7abb6, 0xe7b585, 0xe7b693, 0xe88095,
    0xe880bf, 0xe8849b, 0xe88e96, 0xe8ada6, 0xe8bc95, 0x000000, 0x000000, 0x000000, 0x000000,
    0x000000, 0x000000, 0x000000, 0x000000, 0x000000, 0x000000, 0x000000, 0x000000, 0x000000,
    0x000000, 0x000000, 0x000000, 0x000000, 0x000000, 0xe98095, 0xe98fa1, 0xe9a083, 0xe9a0b8,
    0xe9a99a, 0xe9afa8, 0xe4bf82, 0xe59593, 0xe5a0ba, 0xe5a591, 0xe5ada3, 0xe5b186, 0xe682b8,
    0xe68892, 0xe6a182, 0xe6a2b0, 0xe6a3a8, 0xe6baaa, 0xe7958c, 0xe799b8, 0xe7a38e, 0xe7a8bd,
    0xe7b3bb, 0xe7b9ab, 0xe7b9bc, 0xe8a888, 0xe8aaa1, 0xe8b0bf, 0xe99a8e, 0xe9b784, 0xe58fa4,
    0xe58fa9, 0xe5918a, 0xe591b1, 0xe59bba, 0xe5a791, 0xe5ada4, 0xe5b0bb, 0xe5baab, 0xe68bb7,
    0xe694b7, 0xe69585, 0xe695b2, 0xe69aa0, 0xe69eaf, 0xe6a781, 0xe6b2bd, 0xe797bc, 0xe79a90,
    0xe79dbe, 0xe7a8bf, 0xe7be94, 0xe88083, 0xe882a1, 0xe8868f, 0xe88ba6, 0xe88bbd, 0xe88fb0,
    0xe89781, 0xe8a0b1, 0xe8a2b4, 0xe8aaa5, 0xefa483, 0xe8be9c, 0xe98cae, 0xe99b87, 0xe9a1a7,
    0xe9ab98, 0xe9bc93, 0xe593ad, 0xe6969b, 0xe69bb2, 0xe6a28f, 0xe7a980, 0xe8b0b7, 0xe9b5a0,
    0xe59bb0, 0xe59da4, 0xe5b491, 0xe69886, 0xe6a2b1, 0xe6a38d, 0xe6bbbe, 0xe790a8, 0xe8a29e,
    0xe9afa4, 0xe6b1a8, 0xefa484, 0xe9aaa8, 0xe4be9b, 0xe585ac, 0xe585b1, 0xe58a9f, 0xe5ad94,
    0xe5b7a5, 0xe68190, 0xe681ad, 0xe68bb1, 0xe68ea7, 0xe694bb, 0xe78f99, 0xe7a9ba, 0xe89aa3,
    0xe8b2a2, 0xe99e8f, 0xe4b8b2, 0xe5afa1, 0xe68888, 0xe69e9c, 0xe7939c, 0xe7a791, 0xe88f93,
    0xe8aa87, 0xe8aab2, 0xe8b7a8, 0xe9818e, 0xe98d8b, 0xe9a186, 0xe5bb93, 0xe6a7a8, 0xe897bf,
    0xe983ad, 0xefa485, 0xe586a0, 0xe5ae98, 0xe5afac, 0xe685a3, 0xe6a3ba, 0xe6acbe, 0xe7818c,
    0xe790af, 0xe79398, 0xe7aea1, 0xe7bd90, 0xe88f85, 0xe8a780, 0xe8b2ab, 0xe9979c, 0xe9a4a8,
    0xe588ae, 0xe6819d, 0xe68bac, 0xe98082, 0xe4be8a, 0xe58589, 0xe58ca1, 0xe5a399, 0xe5bba3,
    0xe69ba0, 0xe6b4b8, 0xe7829a, 0xe78b82, 0xe78f96, 0xe7ad90, 0xe883b1, 0xe9919b, 0xe58da6,
    0xe68e9b, 0xe7bdab, 0xe4b996, 0xe58280, 0xe5a18a, 0xe5a39e, 0xe680aa, 0xe684a7, 0xe68b90,
    0xe6a790, 0xe9ad81, 0xe5ae8f, 0xe7b498, 0xe882b1, 0xe8bd9f, 0xe4baa4, 0xe58391, 0xe592ac,
    0xe596ac, 0xe5ac8c, 0xe5b6a0, 0xe5b7a7, 0xe694aa, 0xe6958e, 0xe6a0a1, 0xe6a98b, 0xe78ba1,
    0xe79a8e, 0xe79faf, 0xe7b59e, 0xe7bfb9, 0x000000, 0x000000, 0x000000, 0x000000, 0x000000,
    0x000000, 0x000000, 0x000000, 0x000000, 0x000000, 0x000000, 0x000000, 0x000000, 0x000000,
    0x000000, 0x000000, 0x000000, 0x000000, 0xe886a0, 0xe8958e, 0xe89b9f, 0xe8bc83, 0xe8bd8e,
    0xe9838a, 0xe9a483, 0xe9a995, 0xe9aeab, 0xe4b898, 0xe4b985, 0xe4b99d, 0xe4bb87, 0xe4bfb1,
    0xe585b7, 0xe58bbe, 0xe58d80, 0xe58fa3, 0xe58fa5, 0xe5928e, 0xe59894, 0xe59db5, 0xe59ea2,
    0xe5af87, 0xe5b687, 0xe5bb90, 0xe687bc, 0xe68b98, 0xe69591, 0xe69eb8, 0xe69fa9, 0xe6a78b,
    0xe6ad90, 0xe6af86, 0xe6afac, 0xe6b182, 0xe6ba9d, 0xe781b8, 0xe78b97, 0xe78e96, 0xe79083,
    0xe79ebf, 0xe79fa9, 0xe7a9b6, 0xe7b5bf, 0xe88089, 0xe887bc, 0xe88885, 0xe8888a, 0xe88b9f,
    0xe8a1a2, 0xe8acb3, 0xe8b3bc, 0xe8bb80, 0xe98091, 0xe982b1, 0xe989a4, 0xe98ab6, 0xe9a792,
    0xe9a985, 0xe9b3a9, 0xe9b797, 0xe9be9c, 0xe59c8b, 0xe5b180, 0xe88f8a, 0xe99ea0, 0xe99eab,
    0xe9bab4, 0xe5909b, 0xe7aa98, 0xe7bea4, 0xe8a399, 0xe8bb8d, 0xe983a1, 0xe5a080, 0xe5b188,
    0xe68e98, 0xe7aa9f, 0xe5aeae, 0xe5bc93, 0xe7a9b9, 0xe7aaae, 0xe88a8e, 0xe8baac, 0xe580a6,
    0xe588b8, 0xe58bb8, 0xe58db7, 0xe59c88, 0xe68bb3, 0xe68db2, 0xe6ac8a, 0xe6b783, 0xe79cb7,
    0xe58ea5, 0xe78d97, 0xe895a8, 0xe8b9b6, 0xe99795, 0xe69cba, 0xe6ab83, 0xe6bdb0, 0xe8a9ad,
    0xe8bb8c, 0xe9a58b, 0xefa486, 0xe699b7, 0xe6adb8, 0xe8b2b4, 0xe9acbc, 0xefa487, 0xe58fab,
    0xe59cad, 0xe5a58e, 0xe68f86, 0xe6a7bb, 0xe78faa, 0xe7a185, 0xe7aaba, 0xe7ab85, 0xe7b3be,
    0xe891b5, 0xe8a68f, 0xe8b5b3, 0xe980b5, 0xe996a8, 0xe58bbb, 0xe59d87, 0xe79587, 0xe7ada0,
    0xe88f8c, 0xe9889e, 0xefa488, 0xe6a998, 0xe5858b, 0xe5898b, 0xe58a87, 0xe6889f, 0xe6a398,
    0xe6a5b5, 0xe99a99, 0xe58385, 0xe58aa4, 0xe58ba4, 0xe68783, 0xe696a4, 0xe6a0b9, 0xe6a7bf,
    0xe791be, 0xe7ad8b, 0xe88ab9, 0xe88fab, 0xe8a6b2, 0xe8acb9, 0xe8bf91, 0xe9a589, 0xefa489,
    0xe4bb8a, 0xe5a697, 0xe69392, 0xe69891, 0xe6aa8e, 0xe790b4, 0xe7a681, 0xe7a6bd, 0xe88aa9,
    0xe8a1be, 0xe8a1bf, 0xe8a59f, 0xefa48a, 0xe98ca6, 0xe4bc8b, 0xe58f8a, 0xe680a5, 0xe689b1,
    0xe6b1b2, 0xe7b49a, 0xe7b5a6, 0xe4ba98, 0xe585a2, 0xe79f9c, 0xe882af, 0xe4bc81, 0xe4bc8e,
    0xe585b6, 0xe58680, 0xe5979c, 0x000000, 0x000000, 0x000000, 0x000000, 0x000000, 0x000000,
    0x000000, 0x000000, 0x000000, 0x000000, 0x000000, 0x000000, 0x000000, 0x000000, 0x000000,
    0x000000, 0x000000, 0x000000, 0xe599a8, 0xe59cbb, 0xe59fba, 0xe59fbc, 0xe5a494, 0xe5a587,
    0xe5a693, 0xe5af84, 0xe5b290, 0xe5b48e, 0xe5b7b1, 0xe5b9be, 0xe5bf8c, 0xe68a80, 0xe69797,
    0xe697a3, 0xe69c9e, 0xe69c9f, 0xe69d9e, 0xe6a38b, 0xe6a384, 0xe6a99f, 0xe6acba, 0xe6b0a3,
    0xe6b1bd, 0xe6b282, 0xe6b787, 0xe78e98, 0xe790a6, 0xe790aa, 0xe79282, 0xe792a3, 0xe795b8,
    0xe795bf, 0xe7a281, 0xe7a3af, 0xe7a581, 0xe7a587, 0xe7a588, 0xe7a5ba, 0xe7ae95, 0xe7b480,
    0xe7b6ba, 0xe7be88, 0xe88086, 0xe880ad, 0xe8828c, 0xe8a898, 0xe8ad8f, 0xe8b188, 0xe8b5b7,
    0xe98ca1, 0xe98ca4, 0xe9a3a2, 0xe9a591, 0xe9a88e, 0xe9a88f, 0xe9a9a5, 0xe9ba92, 0xe7b78a,
    0xe4bdb6, 0xe59089, 0xe68bae, 0xe6a194, 0xe98791, 0xe596ab, 0xe584ba, 0xefa48b, 0xefa48c,
    0xe5a89c, 0xe687a6, 0xefa48d, 0xe68b8f, 0xe68bbf, 0xefa48e, 0xefa48f, 0xefa490, 0xefa491,
    0xefa492, 0xefa493, 0xe982a3, 0xefa494, 0xefa495, 0xefa496, 0xefa497, 0xefa498, 0xe8abbe,
    0xefa499, 0xefa49a, 0xefa49b, 0xefa49c, 0xe69a96, 0xefa49d, 0xe78596, 0xefa49e, 0xefa49f,
    0xe99ba3, 0xefa4a0, 0xe68d8f, 0xe68dba, 0xe58d97, 0xefa4a1, 0xe69e8f, 0xe6a5a0, 0xe6b9b3,
    0xefa4a2, 0xe794b7, 0xefa4a3, 0xefa4a4, 0xefa4a5, 0xe7b48d, 0xefa4a6, 0xefa4a7, 0xe8a1b2,
    0xe59b8a, 0xe5a898, 0xefa4a8, 0xefa4a9, 0xefa4aa, 0xefa4ab, 0xefa4ac, 0xe4b983, 0xefa4ad,
    0xe585a7, 0xe5a588, 0xe69fb0, 0xe88090, 0xefa4ae, 0xe5a5b3, 0xe5b9b4, 0xe6929a, 0xe7a78a,
    0xe5bfb5, 0xe681ac, 0xe68b88, 0xe68dbb, 0xe5afa7, 0xe5af97, 0xe58aaa, 0xefa4af, 0xe5a5b4,
    0xe5bca9, 0xe68092, 0xefa4b0, 0xefa4b1, 0xefa4b2, 0xe79199, 0xefa4b3, 0xefa4b4, 0xefa4b5,
    0xefa4b6, 0xefa4b7, 0xefa4b8, 0xe9a791, 0xefa4b9, 0xefa4ba, 0xefa4bb, 0xefa4bc, 0xefa4bd,
    0xefa4be, 0xefa4bf, 0xefa580, 0xefa581, 0xefa582, 0xefa583, 0xe6bf83, 0xefa584, 0xefa585,
    0xe886bf, 0xe8beb2, 0xe683b1, 0xefa586, 0xefa587, 0xe885a6, 0xefa588, 0xefa589, 0xe5b0bf,
    0xefa58a, 0xefa58b, 0xefa58c, 0xefa58d, 0xefa58e, 0xefa58f, 0xefa590, 0xefa591, 0xe5aba9,
    0xe8a8a5, 0xe69dbb, 0x000000, 0x000000, 0x000000, 0x000000, 0x000000, 0x000000, 0x000000,
    0x000000, 0x000000, 0x000000, 0x000000, 0x000000, 0x000000, 0x000000, 0x000000, 0x000000,
    0x000000, 0x000000, 0xe7b490, 0xefa592, 0xefa593, 0xefa594, 0xefa595, 0xefa596, 0xefa597,
    0xe883bd, 0xefa598, 0xefa599, 0xe5b0bc, 0xe6b3a5, 0xe58cbf, 0xe6baba, 0xe5a49a, 0xe88cb6,
    0xe4b8b9, 0xe4bab6, 0xe4bd86, 0xe596ae, 0xe59c98, 0xe5a387, 0xe5bd96, 0xe696b7, 0xe697a6,
    0xe6aa80, 0xe6aeb5, 0xe6b98d, 0xe79fad, 0xe7abaf, 0xe7b09e, 0xe7b79e, 0xe89b8b, 0xe8a292,
    0xe984b2, 0xe98d9b, 0xe692bb, 0xe6bebe, 0xe78dba, 0xe796b8, 0xe98194, 0xe59596, 0xe59d8d,
    0xe686ba, 0xe69394, 0xe69b87, 0xe6b7a1, 0xe6b99b, 0xe6bdad, 0xe6beb9, 0xe797b0, 0xe88183,
    0xe886bd, 0xe89581, 0xe8a683, 0xe8ab87, 0xe8ad9a, 0xe98c9f, 0xe6b293, 0xe79593, 0xe7ad94,
    0xe8b88f, 0xe9819d, 0xe59490, 0xe5a082, 0xe5a198, 0xe5b9a2, 0xe68887, 0xe6929e, 0xe6a3a0,
    0xe795b6, 0xe7b396, 0xe89eb3, 0xe9bba8, 0xe4bba3, 0xe59e88, 0xe59dae, 0xe5a4a7, 0xe5b08d,
    0xe5b2b1, 0xe5b8b6, 0xe5be85, 0xe688b4, 0xe693a1, 0xe78eb3, 0xe887ba, 0xe8a28b, 0xe8b2b8,
    0xe99a8a, 0xe9bb9b, 0xe5ae85, 0xe5beb7, 0xe682b3, 0xe58092, 0xe58880, 0xe588b0, 0xe59c96,
    0xe5a0b5, 0xe5a197, 0xe5b08e, 0xe5b1a0, 0xe5b3b6, 0xe5b68b, 0xe5baa6, 0xe5be92, 0xe682bc,
    0xe68c91, 0xe68e89, 0xe69097, 0xe6a183, 0xe6a3b9, 0xe6ab82, 0xe6b798, 0xe6b8a1, 0xe6bb94,
    0xe6bfa4, 0xe787be, 0xe79b9c, 0xe79db9, 0xe7a6b1, 0xe7a8bb, 0xe89084, 0xe8a6a9, 0xe8b3ad,
    0xe8b7b3, 0xe8b988, 0xe98083, 0xe98094, 0xe98193, 0xe983bd, 0xe98d8d, 0xe999b6, 0xe99f9c,
    0xe6af92, 0xe78086, 0xe78998, 0xe78aa2, 0xe78da8, 0xe79da3, 0xe7a6bf, 0xe7afa4, 0xe7ba9b,
    0xe8ae80, 0xe5a2a9, 0xe68387, 0xe695a6, 0xe697bd, 0xe69abe, 0xe6b28c, 0xe7849e, 0xe78789,
    0xe8b19a, 0xe9a093, 0xe4b9ad, 0xe7aa81, 0xe4bb9d, 0xe586ac, 0xe5878d, 0xe58b95, 0xe5908c,
    0xe686a7, 0xe69db1, 0xe6a190, 0xe6a39f, 0xe6b49e, 0xe6bdbc, 0xe796bc, 0xe79eb3, 0xe7aba5,
    0xe883b4, 0xe891a3, 0xe98a85, 0xe5859c, 0xe69697, 0xe69d9c, 0xe69e93, 0xe79798, 0xe7ab87,
    0xe88db3, 0xefa59a, 0xe8b186, 0xe98097, 0xe9a0ad, 0xe5b1af, 0xe88780, 0xe88a9a, 0xe98181,
    0xe981af, 0x000000, 0x000000, 0x000000, 0x000000, 0x000000, 0x000000, 0x000000, 0x000000,
    0x000000, 0x000000, 0x000000, 0x000000, 0x000000, 0x000000, 0x000000, 0x000000, 0x000000,
    0x000000, 0xe9888d, 0xe5be97, 0xe5b69d, 0xe6a999, 0xe78788, 0xe799bb, 0xe7ad89, 0xe897a4,
    0xe8ac84, 0xe984a7, 0xe9a8b0, 0xe59687, 0xe687b6, 0xefa59b, 0xe799a9, 0xe7be85, 0xe898bf,
    0xe89eba, 0xe8a3b8, 0xe9828f, 0xefa59c, 0xe6b49b, 0xe78399, 0xe78f9e, 0xe7b5a1, 0xe890bd,
    0xefa59d, 0xe985aa, 0xe9a7b1, 0xefa59e, 0xe4ba82, 0xe58db5, 0xe6ac84, 0xe6ac92, 0xe780be,
    0xe7889b, 0xe898ad, 0xe9b89e, 0xe5898c, 0xe8bea3, 0xe5b590, 0xe693a5, 0xe694ac, 0xe6ac96,
    0xe6bfab, 0xe7b183, 0xe7ba9c, 0xe8978d, 0xe8a5a4, 0xe8a6bd, 0xe68b89, 0xe88798, 0xe8a09f,
    0xe5bb8a, 0xe69c97, 0xe6b5aa, 0xe78bbc, 0xe79085, 0xe791af, 0xe89e82, 0xe9839e, 0xe4be86,
    0xe5b48d, 0xe5bea0, 0xe8908a, 0xe586b7, 0xe68ea0, 0xe795a5, 0xe4baae, 0xe58086, 0xe585a9,
    0xe58789, 0xe6a281, 0xe6a891, 0xe7b2ae, 0xe7b2b1, 0xe7b3a7, 0xe889af, 0xe8ab92, 0xe8bc9b,
    0xe9878f, 0xe4beb6, 0xe584b7, 0xe58bb5, 0xe59182, 0xe5bbac, 0xe685ae, 0xe688be, 0xe69785,
    0xe6ab9a, 0xe6bfbe, 0xe7a4aa, 0xe8979c, 0xe8a0a3, 0xe996ad, 0xe9a9a2, 0xe9a9aa, 0xe9ba97,
    0xe9bb8e, 0xe58a9b, 0xe69b86, 0xe6adb7, 0xe7809d, 0xe7a4ab, 0xe8bda2, 0xe99d82, 0xe68690,
    0xe68880, 0xe694a3, 0xe6bca3, 0xe78589, 0xe79289, 0xe7b7b4, 0xe881af, 0xe893ae, 0xe8bca6,
    0xe980a3, 0xe98d8a, 0xe586bd, 0xe58897, 0xe58aa3, 0xe6b48c, 0xe78388, 0xe8a382, 0xe5bb89,
    0xe69682, 0xe6aeae, 0xe6bf82, 0xe7b0be, 0xe78db5, 0xe4bba4, 0xe4bcb6, 0xe59bb9, 0xefa59f,
    0xe5b2ba, 0xe5b6ba, 0xe6809c, 0xe78eb2, 0xe7acad, 0xe7be9a, 0xe7bf8e, 0xe88186, 0xe9809e,
    0xe988b4, 0xe99bb6, 0xe99d88, 0xe9a098, 0xe9bda1, 0xe4be8b, 0xe6bea7, 0xe7a6ae, 0xe986b4,
    0xe99ab7, 0xe58b9e, 0xefa5a0, 0xe69288, 0xe69384, 0xe6ab93, 0xe6bd9e, 0xe78098, 0xe78890,
    0xe79ba7, 0xe88081, 0xe89886, 0xe8999c, 0xe8b7af, 0xe8bc85, 0xe99cb2, 0xe9adaf, 0xe9b7ba,
    0xe9b9b5, 0xe7a28c, 0xe7a5bf, 0xe7b6a0, 0xe88f89, 0xe98c84, 0xe9b9bf, 0xe9ba93, 0xe8ab96,
    0xe5a39f, 0xe5bc84, 0xe69ca7, 0xe780a7, 0xe7938f, 0xe7b1a0, 0xe881be, 0xe584a1, 0xe780a8,
    0x000000, 0x000000, 0x000000, 0x000000, 0x000000, 0x000000, 0x000000, 0x000000, 0x000000,
    0x000000, 0x000000, 0x000000, 0x000000, 0x000000, 0x000000, 0x000000, 0x000000, 0x000000,
    0xe789a2, 0xe7a38a, 0xe8b382, 0xe8b39a, 0xe8b3b4, 0xe99bb7, 0xe4ba86, 0xe5839a, 0xe5afae,
    0xe5bb96, 0xe69699, 0xe7878e, 0xe79982, 0xe79ead, 0xe8818a, 0xe893bc, 0xe981bc, 0xe9aca7,
    0xe9be8d, 0xe5a398, 0xe5a981, 0xe5b1a2, 0xe6a893, 0xe6b79a, 0xe6bc8f, 0xe798bb, 0xe7b4af,
    0xe7b8b7, 0xe8949e, 0xe8a4b8, 0xe98fa4, 0xe9998b, 0xe58a89, 0xe69792, 0xe69fb3, 0xe6a6b4,
    0xe6b581, 0xe6ba9c, 0xe7808f, 0xe79089, 0xe791a0, 0xe79599, 0xe798a4, 0xe7a1ab, 0xe8acac,
    0xe9a19e, 0xe585ad, 0xe688ae, 0xe999b8, 0xe4be96, 0xe580ab, 0xe5b499, 0xe6b7aa, 0xe7b6b8,
    0xe8bcaa, 0xe5be8b, 0xe68584, 0xe6a097, 0xefa5a1, 0xe99a86, 0xe58b92, 0xe8828b, 0xe5879c,
    0xe5878c, 0xe6a59e, 0xe7a89c, 0xe7b6be, 0xe88fb1, 0xe999b5, 0xe4bf9a, 0xe588a9, 0xe58e98,
    0xe5908f, 0xe5948e, 0xe5b1a5, 0xe682a7, 0xe69d8e, 0xe6a2a8, 0xe6b5ac, 0xe78a81, 0xe78bb8,
    0xe79086, 0xe79283, 0xefa5a2, 0xe797a2, 0xe7b1ac, 0xe7bdb9, 0xe7beb8, 0xe88e89, 0xe8a38f,
    0xe8a3a1, 0xe9878c, 0xe98790, 0xe99ba2, 0xe9af89, 0xe5909d, 0xe6bdbe, 0xe78790, 0xe79298,
    0xe897ba, 0xe8baaa, 0xe99aa3, 0xe9b197, 0xe9ba9f, 0xe69e97, 0xe6b78b, 0xe790b3, 0xe887a8,
    0xe99c96, 0xe7a0ac, 0xe7ab8b, 0xe7aca0, 0xe7b292, 0xe691a9, 0xe791aa, 0xe797b2, 0xe7a2bc,
    0xe7a3a8, 0xe9a6ac, 0xe9ad94, 0xe9babb, 0xe5af9e, 0xe5b995, 0xe6bca0, 0xe8869c, 0xe88eab,
    0xe98288, 0xe4b887, 0xe58d8d, 0xe5a8a9, 0xe5b792, 0xe5bd8e, 0xe685a2, 0xe68cbd, 0xe699a9,
    0xe69bbc, 0xe6bbbf, 0xe6bcab, 0xe781a3, 0xe79e9e, 0xe890ac, 0xe89493, 0xe8a0bb, 0xe8bc93,
    0xe9a585, 0xe9b0bb, 0xe5949c, 0xe68ab9, 0xe69cab, 0xe6b2ab, 0xe88c89, 0xe8a5aa, 0xe99dba,
    0xe4baa1, 0xe5a684, 0xe5bf98, 0xe5bf99, 0xe69c9b, 0xe7b6b2, 0xe7bd94, 0xe88a92, 0xe88cab,
    0xe88ebd, 0xe8bc9e, 0xe98299, 0xe59f8b, 0xe5a6b9, 0xe5aa92, 0xe5af90, 0xe698a7, 0xe69e9a,
    0xe6a285, 0xe6af8f, 0xe785a4, 0xe7bdb5, 0xe8b2b7, 0xe8b3a3, 0xe98281, 0xe9ad85, 0xe88488,
    0xe8b28a, 0xe9998c, 0xe9a980, 0xe9baa5, 0xe5ad9f, 0xe6b093, 0xe78c9b, 0xe79bb2, 0x000000,
    0x000000, 0x000000, 0x000000, 0x000000, 0x000000, 0x000000, 0x000000, 0x000000, 0x000000,
    0x000000, 0x000000, 0x000000, 0x000000, 0x000000, 0x000000, 0x000000, 0x000000, 0xe79b9f,
    0xe8908c, 0xe586aa, 0xe8a693, 0xe5858d, 0xe58695, 0xe58b89, 0xe6a389, 0xe6b294, 0xe79c84,
    0xe79ca0, 0xe7b6bf, 0xe7b7ac, 0xe99da2, 0xe9bab5, 0xe6bb85, 0xe89491, 0xe586a5, 0xe5908d,
    0xe591bd, 0xe6988e, 0xe69a9d, 0xe6a4a7, 0xe6ba9f, 0xe79abf, 0xe79e91, 0xe88c97, 0xe89382,
    0xe89e9f, 0xe985a9, 0xe98a98, 0xe9b3b4, 0xe8a282, 0xe4beae, 0xe58692, 0xe58b9f, 0xe5a786,
    0xe5b8bd, 0xe68595, 0xe691b8, 0xe691b9, 0xe69aae, 0xe69f90, 0xe6a8a1, 0xe6af8d, 0xe6af9b,
    0xe7899f, 0xe789a1, 0xe79181, 0xe79cb8, 0xe79f9b, 0xe88097, 0xe88abc, 0xe88c85, 0xe8ac80,
    0xe8aca8, 0xe8b28c, 0xe69ca8, 0xe6b290, 0xe789a7, 0xe79bae, 0xe79da6, 0xe7a986, 0xe9b6a9,
    0xe6adbf, 0xe6b292, 0xe5a4a2, 0xe69ca6, 0xe89299, 0xe58daf, 0xe5a293, 0xe5a699, 0xe5bb9f,
    0xe68f8f, 0xe698b4, 0xe69db3, 0xe6b8ba, 0xe78cab, 0xe7ab97, 0xe88b97, 0xe98ca8, 0xe58b99,
    0xe5b7ab, 0xe686ae, 0xe6878b, 0xe6888a, 0xe68b87, 0xe692ab, 0xe697a0, 0xe6a599, 0xe6ada6,
    0xe6af8b, 0xe784a1, 0xe78fb7, 0xe7959d, 0xe7b986, 0xe8889e, 0xe88c82, 0xe895aa, 0xe8aaa3,
    0xe8b2bf, 0xe99ca7, 0xe9b5a1, 0xe5a2a8, 0xe9bb98, 0xe58091, 0xe5888e, 0xe590bb, 0xe5958f,
    0xe69687, 0xe6b1b6, 0xe7b48a, 0xe7b48b, 0xe8819e, 0xe89a8a, 0xe99680, 0xe99baf, 0xe58bbf,
    0xe6b295, 0xe789a9, 0xe591b3, 0xe5aa9a, 0xe5b0be, 0xe5b58b, 0xe5bd8c, 0xe5beae, 0xe69caa,
    0xe6a2b6, 0xe6a5a3, 0xe6b8bc, 0xe6b984, 0xe79c89, 0xe7b1b3, 0xe7be8e, 0xe89687, 0xe8ac8e,
    0xe8bfb7, 0xe99da1, 0xe9bbb4, 0xe5b2b7, 0xe682b6, 0xe6848d, 0xe686ab, 0xe6958f, 0xe697bb,
    0xe697bc, 0xe6b091, 0xe6b3af, 0xe78e9f, 0xe78f89, 0xe7b7a1, 0xe99694, 0xe5af86, 0xe89c9c,
    0xe8ac90, 0xe5899d, 0xe58d9a, 0xe68b8d, 0xe6908f, 0xe692b2, 0xe69cb4, 0xe6a8b8, 0xe6b38a,
    0xe78f80, 0xe7929e, 0xe7ae94, 0xe7b295, 0xe7b89b, 0xe8868a, 0xe888b6, 0xe89684, 0xe8bfab,
    0xe99bb9, 0xe9a781, 0xe4bcb4, 0xe58d8a, 0xe58f8d, 0xe58f9b, 0xe68b8c, 0xe690ac, 0xe69480,
    0xe69691, 0xe6a783, 0xe6b3ae, 0xe6bd98, 0xe78fad, 0xe79594, 0xe798a2, 0x000000, 0x000000,
    0x000000, 0x000000, 0x000000, 0x000000, 0x000000, 0x000000, 0x000000, 0x000000, 0x000000,
    0x000000, 0x000000, 0x000000, 0x000000, 0x000000, 0x000000, 0x000000, 0xe79ba4, 0xe79bbc,
    0xe7a390, 0xe7a3bb, 0xe7a4ac, 0xe7b586, 0xe888ac, 0xe89fa0, 0xe8bf94, 0xe9a092, 0xe9a3af,
    0xe58b83, 0xe68b94, 0xe692a5, 0xe6b8a4, 0xe6bd91, 0xe799bc, 0xe8b78b, 0xe986b1, 0xe989a2,
    0xe9abae, 0xe9ad83, 0xe580a3, 0xe5828d, 0xe59d8a, 0xe5a6a8, 0xe5b0a8, 0xe5b987, 0xe5bdb7,
    0xe688bf, 0xe694be, 0xe696b9, 0xe69781, 0xe69889, 0xe69e8b, 0xe6a69c, 0xe6bb82, 0xe7a385,
    0xe7b4a1, 0xe882aa, 0xe88680, 0xe888ab, 0xe88ab3, 0xe892a1, 0xe89a8c, 0xe8a8aa, 0xe8ac97,
    0xe982a6, 0xe998b2, 0xe9be90, 0xe5808d, 0xe4bfb3, 0xefa5a3, 0xe59fb9, 0xe5be98, 0xe68b9c,
    0xe68e92, 0xe69daf, 0xe6b983, 0xe78499, 0xe79b83, 0xe8838c, 0xe8839a, 0xe8a3b4, 0xe8a3b5,
    0xe8a499, 0xe8b3a0, 0xe8bca9, 0xe9858d, 0xe999aa, 0xe4bcaf, 0xe4bdb0, 0xe5b89b, 0xe69f8f,
    0xe6a0a2, 0xe799bd, 0xe799be, 0xe9ad84, 0xe5b9a1, 0xe6a88a, 0xe785a9, 0xe78794, 0xe795aa,
    0xefa5a4, 0xe7b981, 0xe89583, 0xe897a9, 0xe9a39c, 0xe4bc90, 0xe7ad8f, 0xe7bdb0, 0xe996a5,
    0xe587a1, 0xe5b886, 0xe6a2b5, 0xe6b0be, 0xe6b18e, 0xe6b39b, 0xe78aaf, 0xe7af84, 0xe88c83,
    0xe6b395, 0xe790ba, 0xe583bb, 0xe58a88, 0xe5a381, 0xe69398, 0xe6aa97, 0xe792a7, 0xe79996,
    0xe7a2a7, 0xe89897, 0xe997a2, 0xe99cb9, 0xefa5a5, 0xe58d9e, 0xe5bc81, 0xe8ae8a, 0xe8bea8,
    0xe8beaf, 0xe9828a, 0xe588a5, 0xe79ea5, 0xe9b189, 0xe9bc88, 0xe4b899, 0xe58082, 0xe585b5,
    0xe5b19b, 0xe5b9b7, 0xe6989e, 0xe698ba, 0xe69f84, 0xe6a385, 0xe782b3, 0xe79481, 0xe79785,
    0xe7a789, 0xe7ab9d, 0xe8bca7, 0xe9a4a0, 0xe9a888, 0xe4bf9d, 0xe5a0a1, 0xe5a0b1, 0xe5afb6,
    0xe699ae, 0xe6ada5, 0xe6b491, 0xe6b9ba, 0xe6bdbd, 0xe78fa4, 0xe794ab, 0xe88fa9, 0xe8a39c,
    0xe8a493, 0xe8ad9c, 0xe8bc94, 0xe4bc8f, 0xe58395, 0xe58c90, 0xe58d9c, 0xe5ae93, 0xe5bea9,
    0xe69c8d, 0xe7a68f, 0xe885b9, 0xe88caf, 0xe89494, 0xe8a487, 0xe8a686, 0xe8bcb9, 0xe8bcbb,
    0xe9a6a5, 0xe9b092, 0xe69cac, 0xe4b9b6, 0xe4bfb8, 0xe5a589, 0xe5b081, 0xe5b3af, 0xe5b3b0,
    0xe68da7, 0xe6a392, 0xe783bd, 0xe786a2, 0xe790ab, 0xe7b8ab, 0x000000, 0x000000, 0x000000,
    0x000000, 0x000000, 0x000000, 0x000000, 0x000000, 0x000000, 0x000000, 0x000000, 0x000000,
    0x000000, 0x000000, 0x000000, 0x000000, 0x000000, 0x000000, 0xe893ac, 0xe89c82, 0xe980a2,
    0xe98b92, 0xe9b3b3, 0xe4b88d, 0xe4bb98, 0xe4bfaf, 0xe58285, 0xe58996, 0xe589af, 0xe590a6,
    0xe59290, 0xe59fa0, 0xe5a4ab, 0xe5a9a6, 0xe5ad9a, 0xe5adb5, 0xe5af8c, 0xe5ba9c, 0xefa5a6,
    0xe689b6, 0xe695b7, 0xe696a7, 0xe6b5ae, 0xe6baa5, 0xe788b6, 0xe7aca6, 0xe7b0bf, 0xe7bcb6,
    0xe88590, 0xe88591, 0xe8869a, 0xe88980, 0xe88a99, 0xe88ea9, 0xe8a883, 0xe8b2a0, 0xe8b3a6,
    0xe8b3bb, 0xe8b5b4, 0xe8b6ba, 0xe983a8, 0xe9879c, 0xe9989c, 0xe99984, 0xe9a799, 0xe9b3a7,
    0xe58c97, 0xe58886, 0xe590a9, 0xe599b4, 0xe5a2b3, 0xe5a594, 0xe5a5ae, 0xe5bfbf, 0xe686a4,
    0xe689ae, 0xe69890, 0xe6b1be, 0xe7849a, 0xe79b86, 0xe7b289, 0xe7b39e, 0xe7b49b, 0xe88aac,
    0xe8b381, 0xe99bb0, 0xefa5a7, 0xe4bd9b, 0xe5bc97, 0xe5bdbf, 0xe68b82, 0xe5b4a9, 0xe69c8b,
    0xe6a39a, 0xe7a1bc, 0xe7b983, 0xe9b5ac, 0xe4b895, 0xe58299, 0xe58c95, 0xe58caa, 0xe58d91,
    0xe5a683, 0xe5a9a2, 0xe5ba87, 0xe682b2, 0xe6868a, 0xe68989, 0xe689b9, 0xe69690, 0xe69e87,
    0xe6a6a7, 0xe6af94, 0xe6af96, 0xe6af97, 0xe6af98, 0xe6b2b8, 0xefa5a8, 0xe790b5, 0xe797ba,
    0xe7a092, 0xe7a291, 0xe7a795, 0xe7a798, 0xe7b283, 0xe7b78b, 0xe7bfa1, 0xe882a5, 0xe884be,
    0xe88782, 0xe88fb2, 0xe89c9a, 0xe8a3a8, 0xe8aab9, 0xe8adac, 0xe8b2bb, 0xe98499, 0xe99d9e,
    0xe9a39b, 0xe9bcbb, 0xe59aac, 0xe5acaa, 0xe5bdac, 0xe6968c, 0xe6aab3, 0xe6aeaf, 0xe6b59c,
    0xe6bfb1, 0xe78095, 0xe7899d, 0xe78ead, 0xe8b2a7, 0xe8b393, 0xe9a0bb, 0xe68691, 0xe6b0b7,
    0xe88198, 0xe9a881, 0xe4b98d, 0xe4ba8b, 0xe4ba9b, 0xe4bb95, 0xe4bcba, 0xe4bcbc, 0xe4bdbf,
    0xe4bf9f, 0xe583bf, 0xe58fb2, 0xe58fb8, 0xe59486, 0xe597a3, 0xe59b9b, 0xe5a3ab, 0xe5a5a2,
    0xe5a891, 0xe5afab, 0xe5afba, 0xe5b084, 0xe5b7b3, 0xe5b8ab, 0xe5be99, 0xe6809d, 0xe68da8,
    0xe6969c, 0xe696af, 0xe69fb6, 0xe69fbb, 0xe6a2ad, 0xe6adbb, 0xe6b299, 0xe6b397, 0xe6b8a3,
    0xe78089, 0xe78d85, 0xe7a082, 0xe7a4be, 0xe7a580, 0xe7a5a0, 0xe7a781, 0xe7afa9, 0xe7b497,
    0xe7b5b2, 0xe88286, 0xe8888d, 0xe88e8e, 0xe89391, 0x000000, 0x000000, 0x000000, 0x000000,
    0x000000, 0x000000, 0x000000, 0x000000, 0x000000, 0x000000, 0x000000, 0x000000, 0x000000,
    0x000000, 0x000000, 0x000000, 0x000000, 0x000000, 0xe89b87, 0xe8a39f, 0xe8a990, 0xe8a99e,
    0xe8ac9d, 0xe8b39c, 0xe8b5a6, 0xe8bead, 0xe982aa, 0xe9a3bc, 0xe9a79f, 0xe9ba9d, 0xe5898a,
    0xefa5a9, 0xe69c94, 0xefa5aa, 0xe58298, 0xe588aa, 0xe5b1b1, 0xe695a3, 0xe6b195, 0xe78f8a,
    0xe794a3, 0xe7969d, 0xe7ae97, 0xe8929c, 0xe985b8, 0xe99cb0, 0xe4b9b7, 0xe69292, 0xe6aeba,
    0xe7859e, 0xe896a9, 0xe4b889, 0xefa5ab, 0xe69d89, 0xe6a3ae, 0xe6b897, 0xe88a9f, 0xe89498,
    0xe8a1ab, 0xe68fb7, 0xe6be81, 0xe98892, 0xe9a2af, 0xe4b88a, 0xe582b7, 0xe5838f, 0xe5849f,
    0xe59586, 0xe596aa, 0xe59897, 0xe5ad80, 0xe5b099, 0xe5b3a0, 0xe5b8b8, 0xe5ba8a, 0xe5baa0,
    0xe5bb82, 0xe683b3, 0xe6a191, 0xe6a9a1, 0xe6b998, 0xe788bd, 0xe78980, 0xe78b80, 0xe79bb8,
    0xe7a5a5, 0xe7aeb1, 0xe7bf94, 0xe8a3b3, 0xe8a7b4, 0xe8a9b3, 0xe8b1a1, 0xe8b39e, 0xe99c9c,
    0xe5a19e, 0xe792bd, 0xe8b3bd, 0xe59787, 0xefa5ac, 0xe7a9a1, 0xe7b4a2, 0xe889b2, 0xe789b2,
    0xe7949f, 0xe794a5, 0xefa5ad, 0xe7ac99, 0xe5a285, 0xe5a3bb, 0xe5b6bc, 0xe5ba8f, 0xe5bab6,
    0xe5be90, 0xe68195, 0xe68a92, 0xe68dbf, 0xe6958d, 0xe69a91, 0xe69b99, 0xe69bb8, 0xe6a096,
    0xe6a3b2, 0xe78a80, 0xe7919e, 0xe7adae, 0xe7b5ae, 0xe7b796, 0xe7bdb2, 0xe883a5, 0xe88892,
    0xe896af, 0xe8a5bf, 0xe8aa93, 0xe9809d, 0xe98ba4, 0xe9bb8d, 0xe9bca0, 0xe5a495, 0xe5a5ad,
    0xe5b8ad, 0xe6839c, 0xe69894, 0xe699b3, 0xe69e90, 0xe6b190, 0xe6b785, 0xe6bd9f, 0xe79fb3,
    0xe7a2a9, 0xe89386, 0xe9878b, 0xe98cab, 0xe4bb99, 0xe5838a, 0xe58588, 0xe59684, 0xe5ac8b,
    0xe5aea3, 0xe68987, 0xe695be, 0xe6978b, 0xe6b8b2, 0xe785bd, 0xe79081, 0xe79184, 0xe79287,
    0xe792bf, 0xe799ac, 0xe7a6aa, 0xe7b79a, 0xe7b995, 0xe7bea8, 0xe885ba, 0xe886b3, 0xe888b9,
    0xe8989a, 0xe89fac, 0xe8a9b5, 0xe8b7a3, 0xe981b8, 0xe98a91, 0xe990a5, 0xe9a58d, 0xe9aeae,
    0xe58da8, 0xe5b191, 0xe6a594, 0xe6b384, 0xe6b4a9, 0xe6b8ab, 0xe8888c, 0xe8969b, 0xe8a4bb,
    0xe8a8ad, 0xe8aaaa, 0xe99baa, 0xe9bda7, 0xe589a1, 0xe69ab9, 0xe6aeb2, 0xe7ba96, 0xe89fbe,
    0xe8b48d, 0xe99683, 0xe9999d, 0xe6949d, 0x000000, 0x000000, 0x000000, 0x000000, 0x000000,
    0x000000, 0x000000, 0x000000, 0x000000, 0x000000, 0x000000, 0x000000, 0x000000, 0x000000,
    0x000000, 0x000000, 0x000000, 0x000000, 0xe6b689, 0xe787ae, 0xefa5ae, 0xe59f8e, 0xe5a793,
    0xe5aeac, 0xe680a7, 0xe683ba, 0xe68890, 0xe6989f, 0xe6999f, 0xe78ca9, 0xe78fb9, 0xe79b9b,
    0xe79c81, 0xe7adac, 0xe88196, 0xe881b2, 0xe885a5, 0xe8aaa0, 0xe98692, 0xe4b896, 0xe58ba2,
    0xe6adb2, 0xe6b497, 0xe7a885, 0xe7acb9, 0xe7b4b0, 0xefa5af, 0xe8b2b0, 0xe58fac, 0xe598af,
    0xe5a191, 0xe5aeb5, 0xe5b08f, 0xe5b091, 0xe5b7a2, 0xe68980, 0xe68e83, 0xe69094, 0xe698ad,
    0xe6a2b3, 0xe6b2bc, 0xe6b688, 0xe6baaf, 0xe7809f, 0xe782a4, 0xe78792, 0xe794a6, 0xe7968f,
    0xe7968e, 0xe79899, 0xe7ac91, 0xe7afa0, 0xe7b0ab, 0xe7b4a0, 0xe7b4b9, 0xe894ac, 0xe895ad,
    0xe89887, 0xe8a8b4, 0xe9808d, 0xe981a1, 0xe982b5, 0xe98ab7, 0xe99fb6, 0xe9a8b7, 0xe4bf97,
    0xe5b1ac, 0xe69d9f, 0xe6b691, 0xe7b29f, 0xe7ba8c, 0xe8ac96, 0xe8b496, 0xe9809f, 0xe5adab,
    0xe5b7bd, 0xe6908d, 0xe89380, 0xe9819c, 0xe9a3a1, 0xe78e87, 0xe5ae8b, 0xe6829a, 0xe69dbe,
    0xe6b79e, 0xe8a89f, 0xe8aaa6, 0xe98081, 0xe9a08c, 0xe588b7, 0xefa5b0, 0xe78191, 0xe7a28e,
    0xe98e96, 0xe8a1b0, 0xe98797, 0xe4bfae, 0xe58f97, 0xe597bd, 0xe59b9a, 0xe59e82, 0xe5a3bd,
    0xe5ab82, 0xe5ae88, 0xe5b2ab, 0xe5b380, 0xe5b8a5, 0xe68481, 0xe6888d, 0xe6898b, 0xe68e88,
    0xe6909c, 0xe694b6, 0xe695b8, 0xe6a8b9, 0xe6ae8a, 0xe6b0b4, 0xe6b499, 0xe6bcb1, 0xe787a7,
    0xe78ba9, 0xe78db8, 0xe79087, 0xe792b2, 0xe798a6, 0xe79da1, 0xe7a780, 0xe7a997, 0xe7abaa,
    0xe7b2b9, 0xe7b68f, 0xe7b6ac, 0xe7b9a1, 0xe7be9e, 0xe884a9, 0xe88cb1, 0xe89290, 0xe8939a,
    0xe897aa, 0xe8a296, 0xe8aab0, 0xe8ae90, 0xe8bcb8, 0xe98182, 0xe98283, 0xe985ac, 0xe98a96,
    0xe98ab9, 0xe99a8b, 0xe99aa7, 0xe99aa8, 0xe99b96, 0xe99c80, 0xe9a088, 0xe9a696, 0xe9ab93,
    0xe9ac9a, 0xe58f94, 0xe5a1be, 0xe5a499, 0xe5adb0, 0xe5aebf, 0xe6b791, 0xe6bd9a, 0xe7869f,
    0xe790a1, 0xe792b9, 0xe88285, 0xe88fbd, 0xe5b7a1, 0xe5be87, 0xe5beaa, 0xe68182, 0xe697ac,
    0xe6a092, 0xe6a5af, 0xe6a993, 0xe6ae89, 0xe6b4b5, 0xe6b7b3, 0xe78fa3, 0xe79bbe, 0xe79eac,
    0xe7ad8d, 0xe7b494, 0xe884a3, 0x000000, 0x000000, 0x000000, 0x000000, 0x000000, 0x000000,
    0x000000, 0x000000, 0x000000, 0x000000, 0x000000, 0x000000, 0x000000, 0x000000, 0x000000,
    0x000000, 0x000000, 0x000000, 0xe8889c, 0xe88d80, 0xe893b4, 0xe895a3, 0xe8a9a2, 0xe8ab84,
    0xe98687, 0xe98c9e, 0xe9a086, 0xe9a6b4, 0xe6888c, 0xe8a193, 0xe8bfb0, 0xe989a5, 0xe5b487,
    0xe5b4a7, 0xe5b5a9, 0xe7919f, 0xe8869d, 0xe89da8, 0xe6bf95, 0xe68bbe, 0xe7bf92, 0xe8a4b6,
    0xe8a5b2, 0xe4b89e, 0xe4b998, 0xe583a7, 0xe58b9d, 0xe58d87, 0xe689bf, 0xe69887, 0xe7b9a9,
    0xe8a085, 0xe9999e, 0xe4be8d, 0xe58c99, 0xe598b6, 0xe5a78b, 0xe5aaa4, 0xe5b0b8, 0xe5b18e,
    0xe5b18d, 0xe5b882, 0xe5bc91, 0xe68183, 0xe696bd, 0xe698af, 0xe69982, 0xe69ebe, 0xe69fb4,
    0xe78c9c, 0xe79fa2, 0xe7a4ba, 0xe7bf85, 0xe89294, 0xe8938d, 0xe8a696, 0xe8a9a6, 0xe8a9a9,
    0xe8aba1, 0xe8b195, 0xe8b1ba, 0xe59fb4, 0xe5af94, 0xe5bc8f, 0xe681af, 0xe68bad, 0xe6a48d,
    0xe6ae96, 0xe6b99c, 0xe78684, 0xe7af92, 0xe89d95, 0xe8ad98, 0xe8bbbe, 0xe9a39f, 0xe9a3be,
    0xe4bcb8, 0xe4be81, 0xe4bfa1, 0xe591bb, 0xe5a8a0, 0xe5aeb8, 0xe684bc, 0xe696b0, 0xe699a8,
    0xe787bc, 0xe794b3, 0xe7a59e, 0xe7b4b3, 0xe8858e, 0xe887a3, 0xe88e98, 0xe896aa, 0xe8978e,
    0xe89c83, 0xe8a88a, 0xe8baab, 0xe8be9b, 0xefa5b1, 0xe8bf85, 0xe5a4b1, 0xe5aea4, 0xe5afa6,
    0xe68289, 0xe5afa9, 0xe5b08b, 0xe5bf83, 0xe6b281, 0xefa5b2, 0xe6b7b1, 0xe7808b, 0xe7949a,
    0xe88aaf, 0xe8abb6, 0xe4bb80, 0xe58d81, 0xefa5b3, 0xe99b99, 0xe6b08f, 0xe4ba9e, 0xe4bf84,
    0xe58592, 0xe5959e, 0xe5a8a5, 0xe5b3a8, 0xe68891, 0xe78999, 0xe88abd, 0xe88eaa, 0xe89bbe,
    0xe8a199, 0xe8a89d, 0xe998bf, 0xe99b85, 0xe9a493, 0xe9b489, 0xe9b59d, 0xe5a08a, 0xe5b2b3,
    0xe5b6bd, 0xe5b984, 0xe683a1, 0xe68495, 0xe68fa1, 0xe6a882, 0xe6b8a5, 0xe98482, 0xe98d94,
    0xe9a18e, 0xe9b090, 0xe9bdb7, 0xe5ae89, 0xe5b2b8, 0xe68c89, 0xe6998f, 0xe6a188, 0xe79cbc,
    0xe99b81, 0xe99e8d, 0xe9a194, 0xe9ae9f, 0xe696a1, 0xe8ac81, 0xe8bb8b, 0xe996bc, 0xe594b5,
    0xe5b2a9, 0xe5b796, 0xe5bab5, 0xe69a97, 0xe7998c, 0xe88fb4, 0xe99787, 0xe5a393, 0xe68abc,
    0xe78b8e, 0xe9b4a8, 0xe4bbb0, 0xe5a4ae, 0xe6808f, 0xe698bb, 0xe6ae83, 0xe7a7a7, 0xe9b4a6,
    0xe58e93, 0xe59380, 0x000000, 0x000000, 0x000000, 0x000000, 0x000000, 0x000000, 0x000000,
    0x000000, 0x000000, 0x000000, 0x000000, 0x000000, 0x000000, 0x000000, 0x000000, 0x000000,
    0x000000, 0x000000, 0xe59f83, 0xe5b496, 0xe6849b, 0xe69b96, 0xe6b6af, 0xe7a28d, 0xe889be,
    0xe99a98, 0xe99d84, 0xe58e84, 0xe689bc, 0xe68e96, 0xe6b6b2, 0xe7b88a, 0xe8858b, 0xe9a18d,
    0xe6abbb, 0xe7bd8c, 0xe9b6af, 0xe9b89a, 0xe4b99f, 0xe580bb, 0xe586b6, 0xe5a49c, 0xe683b9,
    0xe68fb6, 0xe6a4b0, 0xe788ba, 0xe880b6, 0xefa5b4, 0xe9878e, 0xe5bcb1, 0xefa5b5, 0xefa5b6,
    0xe7b484, 0xe88ba5, 0xe891af, 0xe892bb, 0xe897a5, 0xe8ba8d, 0xefa5b7, 0xe4bdaf, 0xefa5b8,
    0xefa5b9, 0xe5a3a4, 0xe5ad83, 0xe68199, 0xe68f9a, 0xe69498, 0xe695ad, 0xe69a98, 0xefa5ba,
    0xe6a58a, 0xe6a8a3, 0xe6b48b, 0xe78081, 0xe785ac, 0xe79792, 0xe7988d, 0xe7a6b3, 0xe7a9b0,
    0xefa5bb, 0xe7be8a, 0xefa5bc, 0xe8a584, 0xefa5bd, 0xe8ae93, 0xe98780, 0xe999bd, 0xefa5be,
    0xe9a48a, 0xe59c84, 0xe5bea1, 0xe696bc, 0xe6bc81, 0xe79880, 0xe7a6a6, 0xe8aa9e, 0xe9a6ad,
    0xe9ad9a, 0xe9bdac, 0xe58484, 0xe686b6, 0xe68a91, 0xe6aa8d, 0xe88786, 0xe58183, 0xe5a0b0,
    0xe5bda6, 0xe78489, 0xe8a880, 0xe8abba, 0xe5adbc, 0xe89896, 0xe4bfba, 0xe584bc, 0xe59ab4,
    0xe5a584, 0xe68ea9, 0xe6b7b9, 0xe5b6aa, 0xe6a5ad, 0xe58686, 0xe4ba88, 0xe4bd99, 0xefa5bf,
    0xefa680, 0xefa681, 0xe5a682, 0xefa682, 0xefa683, 0xe6ad9f, 0xe6b19d, 0xefa684, 0xe792b5,
    0xe7a496, 0xefa685, 0xe88887, 0xe88985, 0xe88cb9, 0xe8bcbf, 0xe8bd9d, 0xefa686, 0xe9a498,
    0xefa687, 0xefa688, 0xefa689, 0xe4baa6, 0xefa68a, 0xe59f9f, 0xe5bdb9, 0xe69893, 0xefa68b,
    0xefa68c, 0xe796ab, 0xe7b9b9, 0xe8adaf, 0xefa68d, 0xe98086, 0xe9a99b, 0xe59aa5, 0xe5a0a7,
    0xe5a7b8, 0xe5a89f, 0xe5aeb4, 0xefa68e, 0xe5bbb6, 0xefa68f, 0xefa690, 0xe68d90, 0xe68cbb,
    0xefa691, 0xe6a4bd, 0xe6b287, 0xe6b2bf, 0xe6b68e, 0xe6b693, 0xe6b7b5, 0xe6bc94, 0xefa692,
    0xe7839f, 0xe784b6, 0xe78599, 0xefa693, 0xe78783, 0xe78795, 0xefa694, 0xe7a18f, 0xe7a1af,
    0xefa695, 0xe7adb5, 0xe7b7a3, 0xefa696, 0xe7b8af, 0xefa697, 0xe8a18d, 0xe8bb9f, 0xefa698,
    0xefa699, 0xefa69a, 0xe9899b, 0xefa69b, 0xe9b3b6, 0xefa69c, 0xefa69d, 0xefa69e, 0xe68285,
    0xe6b685, 0x000000, 0x000000, 0x000000, 0x000000, 0x000000, 0x000000, 0x000000, 0x000000,
    0x000000, 0x000000, 0x000000, 0x000000, 0x000000, 0x000000, 0x000000, 0x000000, 0x000000,
    0x000000, 0xefa69f, 0xe786b1, 0xefa6a0, 0xefa6a1, 0xe996b1, 0xe58ead, 0xefa6a2, 0xefa6a3,
    0xefa6a4, 0xe69f93, 0xefa6a5, 0xe7828e, 0xe784b0, 0xe790b0, 0xe889b6, 0xe88b92, 0xefa6a6,
    0xe996bb, 0xe9aba5, 0xe9b9bd, 0xe69b84, 0xefa6a7, 0xe78781, 0xe89189, 0xefa6a8, 0xefa6a9,
    0xe5a18b, 0xefa6aa, 0xefa6ab, 0xe5b6b8, 0xe5bdb1, 0xefa6ac, 0xe698a0, 0xe69a8e, 0xe6a5b9,
    0xe6a6ae, 0xe6b0b8, 0xe6b3b3, 0xe6b8b6, 0xe6bd81, 0xe6bf9a, 0xe7809b, 0xe780af, 0xe78590,
    0xe7879f, 0xe78db0, 0xefa6ad, 0xe7919b, 0xefa6ae, 0xe79394, 0xe79b88, 0xe7a98e, 0xe7ba93,
    0xefa6af, 0xefa6b0, 0xe88bb1, 0xe8a9a0, 0xe8bf8e, 0xefa6b1, 0xe98d88, 0xefa6b2, 0xe99c99,
    0xefa6b3, 0xefa6b4, 0xe4b982, 0xe580aa, 0xefa6b5, 0xe58888, 0xe58fa1, 0xe69bb3, 0xe6b1ad,
    0xe6bf8a, 0xe78c8a, 0xe79dbf, 0xe7a9a2, 0xe88aae, 0xe8979d, 0xe89882, 0xefa6b6, 0xe8a394,
    0xe8a9a3, 0xe8adbd, 0xe8b1ab, 0xefa6b7, 0xe98ab3, 0xefa6b8, 0xe99c93, 0xe9a090, 0xe4ba94,
    0xe4bc8d, 0xe4bf89, 0xe582b2, 0xe58d88, 0xe590be, 0xe590b3, 0xe5979a, 0xe5a1a2, 0xe5a2ba,
    0xe5a5a7, 0xe5a89b, 0xe5afa4, 0xe6829f, 0xefa6b9, 0xe6878a, 0xe69596, 0xe697bf, 0xe699a4,
    0xe6a2a7, 0xe6b19a, 0xe6beb3, 0xe7838f, 0xe786ac, 0xe78d92, 0xe7adbd, 0xe89c88, 0xe8aaa4,
    0xe9b0b2, 0xe9bc87, 0xe5b18b, 0xe6b283, 0xe78d84, 0xe78e89, 0xe988ba, 0xe6baab, 0xe791a5,
    0xe7989f, 0xe7a9a9, 0xe7b895, 0xe8988a, 0xe58580, 0xe5a385, 0xe69381, 0xe793ae, 0xe79495,
    0xe799b0, 0xe7bf81, 0xe98295, 0xe99b8d, 0xe9a594, 0xe6b8a6, 0xe793a6, 0xe7aaa9, 0xe7aaaa,
    0xe887a5, 0xe89b99, 0xe89db8, 0xe8a89b, 0xe5a989, 0xe5ae8c, 0xe5ae9b, 0xe6a2a1, 0xe6a480,
    0xe6b5a3, 0xe78ea9, 0xe79093, 0xe790ac, 0xe7a297, 0xe7b7a9, 0xe7bfab, 0xe88498, 0xe88595,
    0xe88e9e, 0xe8b18c, 0xe998ae, 0xe9a091, 0xe69bb0, 0xe5be80, 0xe697ba, 0xe69e89, 0xe6b1aa,
    0xe78e8b, 0xe580ad, 0xe5a883, 0xe6adaa, 0xe79fae, 0xe5a496, 0xe5b5ac, 0xe5b78d, 0xe78ca5,
    0xe7958f, 0xefa6ba, 0xefa6bb, 0xe583a5, 0xe587b9, 0xe5a0af, 0xe5a4ad, 0xe5a696, 0xe5a79a,
    0x000000, 0x000000, 0x000000, 0x000000, 0x000000, 0x000000, 0x000000, 0x000000, 0x000000,
    0x000000, 0x000000, 0x000000, 0x000000, 0x000000, 0x000000, 0x000000, 0x000000, 0x000000,
    0xe5afa5, 0xefa6bc, 0xefa6bd, 0xe5b6a2, 0xe68b97, 0xe69096, 0xe69293, 0xe693be, 0xefa6be,
    0xe69b9c, 0xefa6bf, 0xe6a988, 0xefa780, 0xe787bf, 0xe791a4, 0xefa781, 0xe7aa88, 0xe7aaaf,
    0xe7b987, 0xe7b99e, 0xe88080, 0xe885b0, 0xefa782, 0xe89faf, 0xe8a681, 0xe8aca0, 0xe98199,
    0xefa783, 0xe98280, 0xe9a592, 0xe685be, 0xe6acb2, 0xe6b5b4, 0xe7b89f, 0xe8a4a5, 0xe8beb1,
    0xe4bf91, 0xe582ad, 0xe58697, 0xe58b87, 0xe59f87, 0xe5a289, 0xe5aeb9, 0xe5bab8, 0xe68582,
    0xe6a695, 0xe6b68c, 0xe6b9a7, 0xe6bab6, 0xe78694, 0xe791a2, 0xe794a8, 0xe794ac, 0xe881b3,
    0xe88cb8, 0xe89389, 0xe8b88a, 0xe98e94, 0xe98f9e, 0xefa784, 0xe4ba8e, 0xe4bd91, 0xe581b6,
    0xe584aa, 0xe58f88, 0xe58f8b, 0xe58fb3, 0xe5ae87, 0xe5af93, 0xe5b0a4, 0xe6849a, 0xe68682,
    0xe697b4, 0xe7899b, 0xe78e97, 0xe79180, 0xe79b82, 0xe7a590, 0xe7a691, 0xe7a6b9, 0xe7b486,
    0xe7bebd, 0xe88a8b, 0xe89795, 0xe8999e, 0xe8bf82, 0xe98187, 0xe983b5, 0xe987aa, 0xe99a85,
    0xe99ba8, 0xe99ba9, 0xe58b96, 0xe5bda7, 0xe697ad, 0xe698b1, 0xe6a0af, 0xe7859c, 0xe7a8b6,
    0xe98381, 0xe9a08a, 0xe4ba91, 0xefa785, 0xe6a992, 0xe6ae9e, 0xe6be90, 0xe78689, 0xe88098,
    0xe88ab8, 0xe89593, 0xe9818b, 0xe99a95, 0xe99bb2, 0xe99fbb, 0xe8949a, 0xe9acb1, 0xe4ba90,
    0xe7868a, 0xe99b84, 0xe58583, 0xe58e9f, 0xe593a1, 0xe59c93, 0xe59c92, 0xe59ea3, 0xe5aa9b,
    0xe5ab84, 0xe5af83, 0xe680a8, 0xe684bf, 0xe68fb4, 0xe6b285, 0xe6b4b9, 0xe6b9b2, 0xe6ba90,
    0xe788b0, 0xe78cbf, 0xe79197, 0xe88b91, 0xe8a281, 0xe8bd85, 0xe981a0, 0xefa786, 0xe999a2,
    0xe9a198, 0xe9b49b, 0xe69c88, 0xe8b68a, 0xe9899e, 0xe4bd8d, 0xe58189, 0xe5839e, 0xe58db1,
    0xe59c8d, 0xe5a794, 0xe5a881, 0xe5b089, 0xe685b0, 0xe69a90, 0xe6b8ad, 0xe788b2, 0xe7918b,
    0xe7b7af, 0xe88383, 0xe8908e, 0xe891a6, 0xe894bf, 0xe89d9f, 0xe8a19b, 0xe8a498, 0xe8ac82,
    0xe98195, 0xe99f8b, 0xe9ad8f, 0xe4b9b3, 0xe4be91, 0xe58492, 0xe585aa, 0xefa787, 0xe594af,
    0xe596a9, 0xe5adba, 0xe5aea5, 0xe5b9bc, 0xe5b9bd, 0xe5babe, 0xe682a0, 0xe6839f, 0x000000,
    0x000000, 0x000000, 0x000000, 0x000000, 0x000000, 0x000000, 0x000000, 0x000000, 0x000000,
    0x000000, 0x000000, 0x000000, 0x000000, 0x000000, 0x000000, 0x000000, 0x000000, 0xe68488,
    0xe68489, 0xe68f84, 0xe694b8, 0xe69c89, 0xefa788, 0xe69f94, 0xe69f9a, 0xefa789, 0xe6a5a1,
    0xe6a5a2, 0xe6b2b9, 0xe6b4a7, 0xefa78a, 0xe6b8b8, 0xefa78b, 0xe6bfa1, 0xe78cb6, 0xe78cb7,
    0xefa78c, 0xe7919c, 0xe794b1, 0xefa78d, 0xe79992, 0xefa78e, 0xefa78f, 0xe7b6ad, 0xe887be,
    0xe890b8, 0xe8a395, 0xe8aa98, 0xe8ab9b, 0xe8abad, 0xe8b8b0, 0xe8b982, 0xe9818a, 0xe980be,
    0xe981ba, 0xe98589, 0xe98789, 0xe98dae, 0xefa790, 0xefa791, 0xe5a089, 0xefa792, 0xe6af93,
    0xe88289, 0xe882b2, 0xefa793, 0xefa794, 0xe58581, 0xe5a5ab, 0xe5b0b9, 0xefa795, 0xefa796,
    0xe6bda4, 0xe78ea7, 0xe883a4, 0xe8b487, 0xefa797, 0xe98897, 0xe9968f, 0xefa798, 0xefa799,
    0xefa79a, 0xefa79b, 0xe881bf, 0xe6888e, 0xe7809c, 0xe7b5a8, 0xe89e8d, 0xefa79c, 0xe59ea0,
    0xe681a9, 0xe68587, 0xe6aeb7, 0xe8aabe, 0xe98a80, 0xe99ab1, 0xe4b999, 0xe5909f, 0xe6b7ab,
    0xe894ad, 0xe999b0, 0xe99fb3, 0xe9a3ae, 0xe68f96, 0xe6b3a3, 0xe98291, 0xe5879d, 0xe68789,
    0xe886ba, 0xe9b7b9, 0xe4be9d, 0xe5809a, 0xe58480, 0xe5ae9c, 0xe6848f, 0xe687bf, 0xe693ac,
    0xe6a485, 0xe6af85, 0xe79691, 0xe79fa3, 0xe7bea9, 0xe889a4, 0xe8968f, 0xe89fbb, 0xe8a1a3,
    0xe8aabc, 0xe8adb0, 0xe986ab, 0xe4ba8c, 0xe4bba5, 0xe4bc8a, 0xefa79d, 0xefa79e, 0xe5a4b7,
    0xe5a7a8, 0xefa79f, 0xe5b7b2, 0xe5bc9b, 0xe5bd9b, 0xe680a1, 0xefa7a0, 0xefa7a1, 0xefa7a2,
    0xefa7a3, 0xe788be, 0xe78fa5, 0xefa7a4, 0xe795b0, 0xe7978d, 0xefa7a5, 0xe7a7bb, 0xefa7a6,
    0xe8808c, 0xe880b3, 0xe88284, 0xe88ba1, 0xe88d91, 0xefa7a7, 0xefa7a8, 0xe8b2bd, 0xe8b2b3,
    0xe98287, 0xefa7a9, 0xefa7aa, 0xe9a3b4, 0xe9a48c, 0xefa7ab, 0xefa7ac, 0xe780b7, 0xe79b8a,
    0xe7bf8a, 0xe7bf8c, 0xe7bfbc, 0xe8ac9a, 0xe4baba, 0xe4bb81, 0xe58883, 0xe58db0, 0xefa7ad,
    0xe592bd, 0xe59ba0, 0xe5a7bb, 0xe5af85, 0xe5bc95, 0xe5bf8d, 0xe6b9ae, 0xefa7ae, 0xefa7af,
    0xe7b5aa, 0xe88cb5, 0xefa7b0, 0xe89a93, 0xe8aa8d, 0xefa7b1, 0xe99dad, 0xe99db7, 0xefa7b2,
    0xefa7b3, 0xe4b880, 0xe4bd9a, 0xe4bdbe, 0xe5a3b9, 0xe697a5, 0xe6baa2, 0x000000, 0x000000,
    0x000000, 0x000000, 0x000000, 0x000000, 0x000000, 0x000000, 0x000000, 0x000000, 0x000000,
    0x000000, 0x000000, 0x000000, 0x000000, 0x000000, 0x000000, 0x000000, 0xe980b8, 0xe98eb0,
    0xe9a6b9, 0xe4bbbb, 0xe5a3ac, 0xe5a68a, 0xe5a799, 0xe68181, 0xefa7b4, 0xefa7b5, 0xe7a894,
    0xefa7b6, 0xe88d8f, 0xe8b383, 0xe585a5, 0xe58d84, 0xefa7b7, 0xefa7b8, 0xefa7b9, 0xe4bb8d,
    0xe589a9, 0xe5ad95, 0xe88abf, 0xe4bb94, 0xe588ba, 0xe592a8, 0xe5a789, 0xe5a7bf, 0xe5ad90,
    0xe5ad97, 0xe5ad9c, 0xe681a3, 0xe68588, 0xe6bb8b, 0xe78299, 0xe785ae, 0xe78e86, 0xe793b7,
    0xe796b5, 0xe7a381, 0xe7b4ab, 0xe88085, 0xe887aa, 0xe88ca8, 0xe89497, 0xe89789, 0xe8abae,
    0xe8b387, 0xe99b8c, 0xe4bd9c, 0xe58bba, 0xe59abc, 0xe696ab, 0xe698a8, 0xe781bc, 0xe782b8,
    0xe788b5, 0xe7b6bd, 0xe88a8d, 0xe9858c, 0xe99b80, 0xe9b5b2, 0xe5adb1, 0xe6a3a7, 0xe6ae98,
    0xe6bdba, 0xe79b9e, 0xe5b291, 0xe69aab, 0xe6bd9b, 0xe7aeb4, 0xe7b0aa, 0xe8a0b6, 0xe99b9c,
    0xe4b888, 0xe4bb97, 0xe58ca0, 0xe5a0b4, 0xe5a2bb, 0xe5a3af, 0xe5a5ac, 0xe5b087, 0xe5b8b3,
    0xe5ba84, 0xe5bcb5, 0xe68e8c, 0xe69ab2, 0xe69d96, 0xe6a89f, 0xe6aaa3, 0xe6ac8c, 0xe6bcbf,
    0xe78986, 0xefa7ba, 0xe78d90, 0xe7928b, 0xe7aba0, 0xe7b2a7, 0xe885b8, 0xe8879f, 0xe887a7,
    0xe88e8a, 0xe891ac, 0xe894a3, 0xe89694, 0xe8978f, 0xe8a39d, 0xe8b493, 0xe986ac, 0xe995b7,
    0xe99a9c, 0xe5868d, 0xe59389, 0xe59ca8, 0xe5aeb0, 0xe6898d, 0xe69d90, 0xe6a0bd, 0xe6a293,
    0xe6b8bd, 0xe6bb93, 0xe781bd, 0xe7b8a1, 0xe8a381, 0xe8b2a1, 0xe8bc89, 0xe9bd8b, 0xe9bd8e,
    0xe788ad, 0xe7ae8f, 0xe8ab8d, 0xe98c9a, 0xe4bd87, 0xe4bd8e, 0xe584b2, 0xe59280, 0xe5a790,
    0xe5ba95, 0xe68ab5, 0xe69db5, 0xe6a5ae, 0xe6a897, 0xe6b2ae, 0xe6b89a, 0xe78b99, 0xe78caa,
    0xe796bd, 0xe7aeb8, 0xe7b4b5, 0xe88ba7, 0xe88fb9, 0xe89197, 0xe897b7, 0xe8a99b, 0xe8b2af,
    0xe8ba87, 0xe98099, 0xe982b8, 0xe99b8e, 0xe9bd9f, 0xe58ba3, 0xe5908a, 0xe5aba1, 0xe5af82,
    0xe69198, 0xe695b5, 0xe6bbb4, 0xe78b84, 0xefa7bb, 0xe79a84, 0xe7a98d, 0xe7ac9b, 0xe7b18d,
    0xe7b8be, 0xe7bf9f, 0xe88dbb, 0xe8acab, 0xe8b38a, 0xe8b5a4, 0xe8b7a1, 0xe8b99f, 0xe8bfaa,
    0xe8bfb9, 0xe981a9, 0xe98f91, 0xe4bd83, 0xe4bdba, 0xe582b3, 0x000000, 0x000000, 0x000000,
    0x000000, 0x000000, 0x000000, 0x000000, 0x000000, 0x000000, 0x000000, 0x000000, 0x000000,
    0x000000, 0x000000, 0x000000, 0x000000, 0x000000, 0x000000, 0xe585a8, 0xe585b8, 0xe5898d,
    0xe589aa, 0xe5a1a1, 0xe5a1bc, 0xe5a5a0, 0xe5b088, 0xe5b195, 0xe5bb9b, 0xe6829b, 0xe688b0,
    0xe6a093, 0xe6aebf, 0xe6b088, 0xe6beb1, 0xe7858e, 0xe790a0, 0xe794b0, 0xe794b8, 0xe79591,
    0xe799b2, 0xe7ad8c, 0xe7ae8b, 0xe7aead, 0xe7af86, 0xe7ba8f, 0xe8a9ae, 0xe8bcbe, 0xe8bd89,
    0xe988bf, 0xe98a93, 0xe98ca2, 0xe990ab, 0xe99bbb, 0xe9a19a, 0xe9a1ab, 0xe9a49e, 0xe58887,
    0xe688aa, 0xe68a98, 0xe6b599, 0xe799a4, 0xe7ab8a, 0xe7af80, 0xe7b5b6, 0xe58da0, 0xe5b2be,
    0xe5ba97, 0xe6bcb8, 0xe782b9, 0xe7b298, 0xe99c91, 0xe9ae8e, 0xe9bb9e, 0xe68ea5, 0xe691ba,
    0xe89db6, 0xe4b881, 0xe4ba95, 0xe4baad, 0xe5819c, 0xe581b5, 0xe59188, 0xe5a783, 0xe5ae9a,
    0xe5b980, 0xe5baad, 0xe5bbb7, 0xe5be81, 0xe68385, 0xe68cba, 0xe694bf, 0xe695b4, 0xe6978c,
    0xe699b6, 0xe699b8, 0xe69fbe, 0xe6a5a8, 0xe6aa89, 0xe6ada3, 0xe6b180, 0xe6b780, 0xe6b7a8,
    0xe6b89f, 0xe6b99e, 0xe7809e, 0xe782a1, 0xe78e8e, 0xe78fbd, 0xe794ba, 0xe79d9b, 0xe7a287,
    0xe7a68e, 0xe7a88b, 0xe7a9bd, 0xe7b2be, 0xe7b68e, 0xe88987, 0xe8a882, 0xe8abaa, 0xe8b29e,
    0xe984ad, 0xe9858a, 0xe98798, 0xe989a6, 0xe98b8c, 0xe98ca0, 0xe99c86, 0xe99d96, 0xe99d9c,
    0xe9a082, 0xe9bc8e, 0xe588b6, 0xe58a91, 0xe595bc, 0xe5a0a4, 0xe5b89d, 0xe5bc9f, 0xe6828c,
    0xe68f90, 0xe6a2af, 0xe6bf9f, 0xe7a5ad, 0xe7acac, 0xe8878d, 0xe896ba, 0xe8a3bd, 0xe8abb8,
    0xe8b984, 0xe9868d, 0xe999a4, 0xe99a9b, 0xe99cbd, 0xe9a18c, 0xe9bd8a, 0xe4bf8e, 0xe58586,
    0xe5878b, 0xe58aa9, 0xe598b2, 0xe5bc94, 0xe5bdab, 0xe68eaa, 0xe6938d, 0xe697a9, 0xe69981,
    0xe69bba, 0xe69bb9, 0xe69c9d, 0xe6a29d, 0xe6a397, 0xe6a7bd, 0xe6bc95, 0xe6bdae, 0xe785a7,
    0xe787a5, 0xe788aa, 0xe792aa, 0xe79cba, 0xe7a596, 0xe7a59a, 0xe7a79f, 0xe7a8a0, 0xe7aa95,
    0xe7b297, 0xe7b39f, 0xe7b584, 0xe7b9b0, 0xe88287, 0xe897bb, 0xe89aa4, 0xe8a994, 0xe8aabf,
    0xe8b699, 0xe8ba81, 0xe980a0, 0xe981ad, 0xe987a3, 0xe998bb, 0xe99b95, 0xe9b3a5, 0xe6978f,
    0xe7b087, 0xe8b6b3, 0xe98f83, 0xe5ad98, 0xe5b08a, 0x000000, 0x000000, 0x000000, 0x000000,
    0x000000, 0x000000, 0x000000, 0x000000, 0x000000, 0x000000, 0x000000, 0x000000, 0x000000,
    0x000000, 0x000000, 0x000000, 0x000000, 0x000000, 0xe58d92, 0xe68b99, 0xe78c9d, 0xe580a7,
    0xe5ae97, 0xe5be9e, 0xe682b0, 0xe685ab, 0xe6a395, 0xe6b799, 0xe790ae, 0xe7a8ae, 0xe7b582,
    0xe7b69c, 0xe7b8b1, 0xe885ab, 0xe8b8aa, 0xe8b8b5, 0xe98dbe, 0xe99098, 0xe4bd90, 0xe59d90,
    0xe5b7a6, 0xe5baa7, 0xe68cab, 0xe7bdaa, 0xe4b8bb, 0xe4bd8f, 0xe4be8f, 0xe5819a, 0xe5a79d,
    0xe88384, 0xe591aa, 0xe591a8, 0xe597be, 0xe5a58f, 0xe5ae99, 0xe5b79e, 0xe5bb9a, 0xe6999d,
    0xe69cb1, 0xe69fb1, 0xe6a0aa, 0xe6b3a8, 0xe6b4b2, 0xe6b98a, 0xe6be8d, 0xe782b7, 0xe78fa0,
    0xe79687, 0xe7b18c, 0xe7b482, 0xe7b4ac, 0xe7b6a2, 0xe8889f, 0xe89b9b, 0xe8a8bb, 0xe8aa85,
    0xe8b5b0, 0xe8ba8a, 0xe8bcb3, 0xe980b1, 0xe9858e, 0xe98592, 0xe99184, 0xe9a790, 0xe7abb9,
    0xe7b2a5, 0xe4bf8a, 0xe58481, 0xe58786, 0xe59f88, 0xe5afaf, 0xe5b3bb, 0xe69999, 0xe6a8bd,
    0xe6b59a, 0xe6ba96, 0xe6bfac, 0xe7848c, 0xe795af, 0xe7aba3, 0xe8a0a2, 0xe980a1, 0xe981b5,
    0xe99b8b, 0xe9a7bf, 0xe88c81, 0xe4b8ad, 0xe4bbb2, 0xe8a186, 0xe9878d, 0xe58dbd, 0xe6ab9b,
    0xe6a5ab, 0xe6b181, 0xe891ba, 0xe5a29e, 0xe6868e, 0xe69bbe, 0xe68baf, 0xe7839d, 0xe79491,
    0xe79787, 0xe7b992, 0xe892b8, 0xe8ad89, 0xe8b488, 0xe4b98b, 0xe58faa, 0xe592ab, 0xe59cb0,
    0xe59d80, 0xe5bf97, 0xe68c81, 0xe68c87, 0xe691af, 0xe694af, 0xe697a8, 0xe699ba, 0xe69e9d,
    0xe69eb3, 0xe6ada2, 0xe6b1a0, 0xe6b29a, 0xe6bcac, 0xe79fa5, 0xe7a0a5, 0xe7a589, 0xe7a597,
    0xe7b499, 0xe882a2, 0xe88482, 0xe887b3, 0xe88a9d, 0xe88ab7, 0xe89c98, 0xe8aa8c, 0xefa7bc,
    0xe8b484, 0xe8b6be, 0xe981b2, 0xe79bb4, 0xe7a899, 0xe7a8b7, 0xe7b994, 0xe881b7, 0xe59487,
    0xe59794, 0xe5a1b5, 0xe68caf, 0xe690a2, 0xe69989, 0xe6998b, 0xe6a1ad, 0xe6a69b, 0xe6ae84,
    0xe6b4a5, 0xe6bab1, 0xe78f8d, 0xe791a8, 0xe792a1, 0xe7959b, 0xe796b9, 0xe79ba1, 0xe79c9e,
    0xe79e8b, 0xe7a7a6, 0xe7b889, 0xe7b89d, 0xe887bb, 0xe894af, 0xe8a297, 0xe8a8ba, 0xe8b391,
    0xe8bbab, 0xe8beb0, 0xe980b2, 0xe98ead, 0xe999a3, 0xe999b3, 0xe99c87, 0xe4be84, 0xe58fb1,
    0xe5a7aa, 0xe5ab89, 0xe5b899, 0xe6a18e, 0x000000, 0x000000, 0x000000, 0x000000, 0x000000,
    0x000000, 0x000000, 0x000000, 0x000000, 0x000000, 0x000000, 0x000000, 0x000000, 0x000000,
    0x000000, 0x000000, 0x000000, 0x000000, 0xe79386, 0xe796be, 0xe7a7a9, 0xe7aa92, 0xe886a3,
    0xe89bad, 0xe8b3aa, 0xe8b78c, 0xe8bfad, 0xe6969f, 0xe69c95, 0xefa7bd, 0xe59fb7, 0xe6bd97,
    0xe7b79d, 0xe8bcaf, 0xe98fb6, 0xe99b86, 0xe5beb5, 0xe687b2, 0xe6be84, 0xe4b894, 0xe4be98,
    0xe5809f, 0xe58f89, 0xe5979f, 0xe5b5af, 0xe5b7ae, 0xe6aca1, 0xe6ada4, 0xe7a38b, 0xe7ae9a,
    0xefa7be, 0xe8b989, 0xe8bb8a, 0xe981ae, 0xe68d89, 0xe690be, 0xe79d80, 0xe7aa84, 0xe98caf,
    0xe991bf, 0xe9bdaa, 0xe692b0, 0xe6beaf, 0xe787a6, 0xe792a8, 0xe7939a, 0xe7ab84, 0xe7b092,
    0xe7ba82, 0xe7b2b2, 0xe7ba98, 0xe8ae9a, 0xe8b48a, 0xe991bd, 0xe9a490, 0xe9a58c, 0xe588b9,
    0xe5af9f, 0xe693a6, 0xe69cad, 0xe7b4ae, 0xe583ad, 0xe58f83, 0xe5a1b9, 0xe68598, 0xe68599,
    0xe687ba, 0xe696ac, 0xe7ab99, 0xe8ae92, 0xe8ae96, 0xe58089, 0xe580a1, 0xe589b5, 0xe594b1,
    0xe5a8bc, 0xe5bba0, 0xe5bdb0, 0xe684b4, 0xe6959e, 0xe6988c, 0xe698b6, 0xe69aa2, 0xe6a78d,
    0xe6bb84, 0xe6bcb2, 0xe78c96, 0xe798a1, 0xe7aa93, 0xe884b9, 0xe88999, 0xe88f96, 0xe892bc,
    0xe582b5, 0xe59fb0, 0xe5af80, 0xe5afa8, 0xe5bda9, 0xe68ea1, 0xe7a0a6, 0xe7b6b5, 0xe88f9c,
    0xe894a1, 0xe98787, 0xe987b5, 0xe5868a, 0xe69fb5, 0xe7ad96, 0xe8b2ac, 0xe58784, 0xe5a6bb,
    0xe682bd, 0xe89995, 0xe5809c, 0xefa7bf, 0xe58994, 0xe5b0ba, 0xe685bd, 0xe6889a, 0xe68b93,
    0xe693b2, 0xe696a5, 0xe6bb8c, 0xe798a0, 0xe8848a, 0xe8b9a0, 0xe9999f, 0xe99abb, 0xe4bb9f,
    0xe58d83, 0xe59698, 0xe5a4a9, 0xe5b79d, 0xe69385, 0xe6b389, 0xe6b7ba, 0xe78e94, 0xe7a9bf,
    0xe8889b, 0xe896a6, 0xe8b3a4, 0xe8b890, 0xe981b7, 0xe987a7, 0xe997a1, 0xe998a1, 0xe99f86,
    0xe587b8, 0xe593b2, 0xe59686, 0xe5beb9, 0xe692a4, 0xe6be88, 0xe7b6b4, 0xe8bc9f, 0xe8bd8d,
    0xe990b5, 0xe58389, 0xe5b096, 0xe6b2be, 0xe6b7bb, 0xe7949b, 0xe79ebb, 0xe7b0bd, 0xe7b1a4,
    0xe8a9b9, 0xe8ab82, 0xe5a09e, 0xe5a6be, 0xe5b896, 0xe68db7, 0xe78992, 0xe7968a, 0xe79dab,
    0xe8ab9c, 0xe8b2bc, 0xe8bc92, 0xe5bbb3, 0xe699b4, 0xe6b7b8, 0xe881bd, 0xe88f81, 0xe8ab8b,
    0xe99d91, 0xe9af96, 0xefa880, 0x000000, 0x000000, 0x000000, 0x000000, 0x000000, 0x000000,
    0x000000, 0x000000, 0x000000, 0x000000, 0x000000, 0x000000, 0x000000, 0x000000, 0x000000,
    0x000000, 0x000000, 0x000000, 0xe58983, 0xe69bbf, 0xe6b695, 0xe6bbaf, 0xe7b7a0, 0xe8aba6,
    0xe980ae, 0xe9819e, 0xe9ab94, 0xe5889d, 0xe589bf, 0xe593a8, 0xe68694, 0xe68a84, 0xe68b9b,
    0xe6a2a2, 0xe6a492, 0xe6a59a, 0xe6a8b5, 0xe78292, 0xe784a6, 0xe7a19d, 0xe7a481, 0xe7a48e,
    0xe7a792, 0xe7a88d, 0xe88296, 0xe889b8, 0xe88b95, 0xe88d89, 0xe89589, 0xe8b282, 0xe8b685,
    0xe985a2, 0xe9868b, 0xe986ae, 0xe4bf83, 0xe59b91, 0xe787ad, 0xe79f97, 0xe89c80, 0xe8a7b8,
    0xe5afb8, 0xe5bf96, 0xe69d91, 0xe982a8, 0xe58fa2, 0xe5a19a, 0xe5afb5, 0xe682a4, 0xe68681,
    0xe691a0, 0xe7b8bd, 0xe881b0, 0xe894a5, 0xe98a83, 0xe692ae, 0xe582ac, 0xe5b494, 0xe69c80,
    0xe5a29c, 0xe68abd, 0xe68ea8, 0xe6a48e, 0xe6a5b8, 0xe6a89e, 0xe6b9ab, 0xe79aba, 0xe7a78b,
    0xe88abb, 0xe890a9, 0xe8ab8f, 0xe8b6a8, 0xe8bfbd, 0xe98492, 0xe9858b, 0xe9869c, 0xe98c90,
    0xe98c98, 0xe98e9a, 0xe99b9b, 0xe9a8b6, 0xe9b08d, 0xe4b891, 0xe7959c, 0xe7a59d, 0xe7abba,
    0xe7ad91, 0xe7af89, 0xe7b8ae, 0xe89384, 0xe8b999, 0xe8b9b4, 0xe8bbb8, 0xe98090, 0xe698a5,
    0xe6a4bf, 0xe79183, 0xe587ba, 0xe69cae, 0xe9bb9c, 0xe58585, 0xe5bfa0, 0xe6b296, 0xe89fb2,
    0xe8a19d, 0xe8a1b7, 0xe682b4, 0xe886b5, 0xe89083, 0xe8b485, 0xe58f96, 0xe590b9, 0xe598b4,
    0xe5a8b6, 0xe5b0b1, 0xe7828a, 0xe7bfa0, 0xe8819a, 0xe88486, 0xe887ad, 0xe8b6a3, 0xe98689,
    0xe9a99f, 0xe9b7b2, 0xe581b4, 0xe4bb84, 0xe58ea0, 0xe683bb, 0xe6b8ac, 0xe5b1a4, 0xe4be88,
    0xe580a4, 0xe597a4, 0xe5b399, 0xe5b99f, 0xe681a5, 0xe6a294, 0xe6b2bb, 0xe6b784, 0xe786be,
    0xe79794, 0xe797b4, 0xe799a1, 0xe7a89a, 0xe7a989, 0xe7b787, 0xe7b7bb, 0xe7bdae, 0xe887b4,
    0xe89aa9, 0xe8bc9c, 0xe99b89, 0xe9a6b3, 0xe9bd92, 0xe58987, 0xe58b85, 0xe9a3ad, 0xe8a6aa,
    0xe4b883, 0xe69f92, 0xe6bc86, 0xe4beb5, 0xe5afa2, 0xe69e95, 0xe6b288, 0xe6b5b8, 0xe7909b,
    0xe7a0a7, 0xe9879d, 0xe98dbc, 0xe89f84, 0xe7a7a4, 0xe7a8b1, 0xe5bfab, 0xe4bb96, 0xe592a4,
    0xe594be, 0xe5a2ae, 0xe5a6a5, 0xe683b0, 0xe68993, 0xe68b96, 0xe69cb6, 0xe6a595, 0xe888b5,
    0xe99980, 0xe9a6b1, 0x000000, 0x000000, 0x000000, 0x000000, 0x000000, 0x000000, 0x000000,
    0x000000, 0x000000, 0x000000, 0x000000, 0x000000, 0x000000, 0x000000, 0x000000, 0x000000,
    0x000000, 0x000000, 0xe9a79d, 0xe580ac, 0xe58d93, 0xe59584, 0xe59dbc, 0xefa881, 0xe68998,
    0xefa882, 0xe693a2, 0xe699ab, 0xe69f9d, 0xe6bf81, 0xe6bfaf, 0xe790a2, 0xe790b8, 0xe8a897,
    0xe990b8, 0xe59191, 0xe59886, 0xe59da6, 0xe5bd88, 0xe6869a, 0xe6ad8e, 0xe78198, 0xe782ad,
    0xe7b6bb, 0xe8aa95, 0xe5a5aa, 0xe884ab, 0xe68ea2, 0xe79c88, 0xe880bd, 0xe8b2aa, 0xe5a194,
    0xe690ad, 0xe6a6bb, 0xe5ae95, 0xe5b891, 0xe6b9af, 0xefa883, 0xe895a9, 0xe5858c, 0xe58fb0,
    0xe5a4aa, 0xe680a0, 0xe6858b, 0xe6ae86, 0xe6b1b0, 0xe6b3b0, 0xe7ac9e, 0xe8838e, 0xe88b94,
    0xe8b786, 0xe982b0, 0xe9a2b1, 0xefa884, 0xe69387, 0xe6bea4, 0xe69291, 0xe69484, 0xe5858e,
    0xe59090, 0xe59c9f, 0xe8a88e, 0xe6859f, 0xe6a1b6, 0xefa885, 0xe7979b, 0xe7ad92, 0xe7b5b1,
    0xe9809a, 0xe5a086, 0xe6a78c, 0xe885bf, 0xe8a4aa, 0xe98080, 0xe9a0b9, 0xe581b8, 0xe5a597,
    0xe5a6ac, 0xe68a95, 0xe9808f, 0xe9acaa, 0xe6859d, 0xe789b9, 0xe99796, 0xe59da1, 0xe5a986,
    0xe5b7b4, 0xe68a8a, 0xe692ad, 0xe693ba, 0xe69db7, 0xe6b3a2, 0xe6b4be, 0xe788ac, 0xe790b6,
    0xe7a0b4, 0xe7bdb7, 0xe88aad, 0xe8b79b, 0xe9a097, 0xe588a4, 0xe59d82, 0xe69dbf, 0xe78988,
    0xe793a3, 0xe8b2a9, 0xe8bea6, 0xe98891, 0xe998aa, 0xe585ab, 0xe58fad, 0xe68d8c, 0xe4bda9,
    0xe59484, 0xe68296, 0xe69597, 0xe6b29b, 0xe6b5bf, 0xe7898c, 0xe78bbd, 0xe7a897, 0xe8a687,
    0xe8b29d, 0xe5bdad, 0xe6be8e, 0xe783b9, 0xe886a8, 0xe6848e, 0xe4bebf, 0xe5818f, 0xe68981,
    0xe78987, 0xe7af87, 0xe7b7a8, 0xe7bfa9, 0xe9818d, 0xe99ead, 0xe9a899, 0xe8b2b6, 0xe59daa,
    0xe5b9b3, 0xe69eb0, 0xe8908d, 0xe8a995, 0xe590a0, 0xe5ac96, 0xe5b9a3, 0xe5bba2, 0xe5bc8a,
    0xe69683, 0xe882ba, 0xe894bd, 0xe99689, 0xe9999b, 0xe4bd88, 0xe58c85, 0xe58c8d, 0xe58c8f,
    0xe59286, 0xe593ba, 0xe59c83, 0xe5b883, 0xe68096, 0xe68a9b, 0xe68ab1, 0xe68d95, 0xefa886,
    0xe6b3a1, 0xe6b5a6, 0xe796b1, 0xe7a0b2, 0xe8839e, 0xe884af, 0xe88b9e, 0xe891a1, 0xe892b2,
    0xe8a28d, 0xe8a492, 0xe9808b, 0xe98baa, 0xe9a3bd, 0xe9ae91, 0xe5b985, 0xe69ab4, 0xe69b9d,
    0xe78091, 0x000000, 0x000000, 0x000000, 0x000000, 0x000000, 0x000000, 0x000000, 0x000000,
    0x000000, 0x000000, 0x000000, 0x000000, 0x000000, 0x000000, 0x000000, 0x000000, 0x000000,
    0x000000, 0xe78886, 0xefa887, 0xe4bfb5, 0xe589bd, 0xe5bdaa, 0xe68593, 0xe69d93, 0xe6a899,
    0xe6bc82, 0xe793a2, 0xe7a5a8, 0xe8a1a8, 0xe8b1b9, 0xe9a387, 0xe9a384, 0xe9a983, 0xe59381,
    0xe7a89f, 0xe6a593, 0xe8abb7, 0xe8b18a, 0xe9a2a8, 0xe9a6ae, 0xe5bdbc, 0xe68aab, 0xe796b2,
    0xe79aae, 0xe8a2ab, 0xe981bf, 0xe99982, 0xe58cb9, 0xe5bcbc, 0xe5bf85, 0xe6b38c, 0xe78f8c,
    0xe795a2, 0xe7968b, 0xe7ad86, 0xe88bbe, 0xe9a69d, 0xe4b98f, 0xe980bc, 0xe4b88b, 0xe4bd95,
    0xe58ea6, 0xe5a48f, 0xe5bb88, 0xe698b0, 0xe6b2b3, 0xe79195, 0xe88db7, 0xe89da6, 0xe8b380,
    0xe98190, 0xe99c9e, 0xe9b095, 0xe5a391, 0xe5adb8, 0xe89990, 0xe8ac94, 0xe9b6b4, 0xe5af92,
    0xe681a8, 0xe6828d, 0xe697b1, 0xe6b197, 0xe6bca2, 0xe6bea3, 0xe7809a, 0xe7bd95, 0xe7bfb0,
    0xe99691, 0xe99692, 0xe99990, 0xe99f93, 0xe589b2, 0xe8bd84, 0xe587bd, 0xe590ab, 0xe592b8,
    0xe595a3, 0xe5968a, 0xe6aabb, 0xe6b6b5, 0xe7b798, 0xe889a6, 0xe98a9c, 0xe999b7, 0xe9b9b9,
    0xe59088, 0xe59388, 0xe79b92, 0xe89ba4, 0xe996a4, 0xe99794, 0xe9999c, 0xe4baa2, 0xe4bc89,
    0xe5a7ae, 0xe5aba6, 0xe5b7b7, 0xe68192, 0xe68a97, 0xe69dad, 0xe6a181, 0xe6b286, 0xe6b8af,
    0xe7bcb8, 0xe8829b, 0xe888aa, 0xefa888, 0xefa889, 0xe9a085, 0xe4baa5, 0xe58195, 0xe592b3,
    0xe59e93, 0xe5a59a, 0xe5ada9, 0xe5aeb3, 0xe68788, 0xe6a5b7, 0xe6b5b7, 0xe780a3, 0xe89fb9,
    0xe8a7a3, 0xe8a9b2, 0xe8aba7, 0xe98282, 0xe9a7ad, 0xe9aab8, 0xe58abe, 0xe6a0b8, 0xe58096,
    0xe5b9b8, 0xe69d8f, 0xe88d87, 0xe8a18c, 0xe4baab, 0xe59091, 0xe59aae, 0xe78fa6, 0xe98495,
    0xe99fbf, 0xe9a489, 0xe9a597, 0xe9a699, 0xe59993, 0xe5a29f, 0xe8999b, 0xe8a8b1, 0xe686b2,
    0xe6abb6, 0xe78dbb, 0xe8bb92, 0xe6ad87, 0xe99aaa, 0xe9a997, 0xe5a595, 0xe78880, 0xe8b5ab,
    0xe99da9, 0xe4bf94, 0xe5b3b4, 0xe5bca6, 0xe687b8, 0xe6999b, 0xe6b3ab, 0xe782ab, 0xe78e84,
    0xe78eb9, 0xe78fbe, 0xe79ca9, 0xe79d8d, 0xe7b583, 0xe7b5a2, 0xe7b8a3, 0xe888b7, 0xe8a192,
    0xefa88a, 0xe8b3a2, 0xe98989, 0xe9a1af, 0xe5ad91, 0xe7a9b4, 0xe8a180, 0xe9a081, 0xe5ab8c,
    0x000000, 0x000000, 0x000000, 0x000000, 0x000000, 0x000000, 0x000000, 0x000000, 0x000000,
    0x000000, 0x000000, 0x000000, 0x000000, 0x000000, 0x000000, 0x000000, 0x000000, 0x000000,
    0xe4bfa0, 0xe58d94, 0xe5a4be, 0xe5b3bd, 0xe68cbe, 0xe6b5b9, 0xe78bb9, 0xe88485, 0xe88487,
    0xe88ea2, 0xe98b8f, 0xe9a0b0, 0xe4baa8, 0xe58584, 0xe58891, 0xe59e8b, 0xe5bda2, 0xe6b382,
    0xe6bb8e, 0xe78085, 0xe78190, 0xe782af, 0xe78692, 0xe78fa9, 0xe791a9, 0xe88d8a, 0xe89ea2,
    0xe8a1a1, 0xe98088, 0xe982a2, 0xe98ea3, 0xe9a6a8, 0xe585ae, 0xe5bd97, 0xe683a0, 0xe685a7,
    0xe69ab3, 0xe89599, 0xe8b98a, 0xe986af, 0xe99e8b, 0xe4b98e, 0xe4ba92, 0xe591bc, 0xe5a395,
    0xe5a3ba, 0xe5a5bd, 0xe5b2b5, 0xe5bca7, 0xe688b6, 0xe68988, 0xe6988a, 0xe699a7, 0xe6afab,
    0xe6b5a9, 0xe6b78f, 0xe6b996, 0xe6bbb8, 0xe6be94, 0xe6bfa0, 0xe6bfa9, 0xe7819d, 0xe78b90,
    0xe790a5, 0xe7919a, 0xe793a0, 0xe79a93, 0xe7a59c, 0xe7b38a, 0xe7b89e, 0xe883a1, 0xe88aa6,
    0xe891ab, 0xe892bf, 0xe8998e, 0xe8999f, 0xe89db4, 0xe8adb7, 0xe8b1aa, 0xe98eac, 0xe9a080,
    0xe9a1a5, 0xe68391, 0xe68896, 0xe985b7, 0xe5a99a, 0xe6988f, 0xe6b7b7, 0xe6b8be, 0xe790bf,
    0xe9ad82, 0xe5bfbd, 0xe6839a, 0xe7ac8f, 0xe59384, 0xe5bc98, 0xe6b19e, 0xe6b393, 0xe6b4aa,
    0xe78398, 0xe7b485, 0xe899b9, 0xe8a88c, 0xe9b4bb, 0xe58c96, 0xe5928c, 0xe5ac85, 0xe6a8ba,
    0xe781ab, 0xe795b5, 0xe7a68d, 0xe7a6be, 0xe88ab1, 0xe88faf, 0xe8a9b1, 0xe8ad81, 0xe8b2a8,
    0xe99db4, 0xefa88b, 0xe693b4, 0xe694ab, 0xe7a2ba, 0xe7a2bb, 0xe7a9ab, 0xe4b8b8, 0xe5969a,
    0xe5a590, 0xe5aea6, 0xe5b9bb, 0xe682a3, 0xe68f9b, 0xe6ada1, 0xe699a5, 0xe6a193, 0xe6b899,
    0xe785a5, 0xe792b0, 0xe7b488, 0xe98284, 0xe9a9a9, 0xe9b0a5, 0xe6b4bb, 0xe6bb91, 0xe78cbe,
    0xe8b181, 0xe9978a, 0xe587b0, 0xe5b98c, 0xe5bea8, 0xe6818d, 0xe683b6, 0xe684b0, 0xe6858c,
    0xe69983, 0xe69984, 0xe6a6a5, 0xe6b381, 0xe6b99f, 0xe6bb89, 0xe6bda2, 0xe7858c, 0xe7929c,
    0xe79a87, 0xe7af81, 0xe7b0a7, 0xe88d92, 0xe89d97, 0xe98191, 0xe99a8d, 0xe9bb83, 0xe58caf,
    0xe59b9e, 0xe5bbbb, 0xe5be8a, 0xe681a2, 0xe68294, 0xe687b7, 0xe699a6, 0xe69c83, 0xe6aa9c,
    0xe6b7ae, 0xe6beae, 0xe781b0, 0xe78daa, 0xe7b9aa, 0xe886be, 0xe88cb4, 0xe89b94, 0x000000,
    0x000000, 0x000000, 0x000000, 0x000000, 0x000000, 0x000000, 0x000000, 0x000000, 0x000000,
    0x000000, 0x000000, 0x000000, 0x000000, 0x000000, 0x000000, 0x000000, 0x000000, 0xe8aaa8,
    0xe8b384, 0xe58a83, 0xe78db2, 0xe5ae96, 0xe6a9ab, 0xe99084, 0xe593ae, 0xe59a86, 0xe5ad9d,
    0xe69588, 0xe69685, 0xe69b89, 0xe6a29f, 0xe6b68d, 0xe6b786, 0xe788bb, 0xe882b4, 0xe985b5,
    0xe9a98d, 0xe4beaf, 0xe58099, 0xe58e9a, 0xe5908e, 0xe590bc, 0xe59689, 0xe59785, 0xe5b8bf,
    0xe5be8c, 0xe69cbd, 0xe785a6, 0xe78f9d, 0xe98085, 0xe58b9b, 0xe58bb3, 0xe5a1a4, 0xe5a38e,
    0xe78484, 0xe7868f, 0xe787bb, 0xe896b0, 0xe8a893, 0xe69a88, 0xe896a8, 0xe596a7, 0xe69a84,
    0xe7858a, 0xe890b1, 0xe58d89, 0xe59699, 0xe6af81, 0xe5bd99, 0xe5bebd, 0xe68fae, 0xe69a89,
    0xe78587, 0xe8abb1, 0xe8bc9d, 0xe9babe, 0xe4bc91, 0xe690ba, 0xe7838b, 0xe795a6, 0xe899a7,
    0xe681a4, 0xe8ad8e, 0xe9b7b8, 0xe58587, 0xe587b6, 0xe58c88, 0xe6b4b6, 0xe883b8, 0xe9bb91,
    0xe69895, 0xe6aca3, 0xe78298, 0xe79795, 0xe59083, 0xe5b1b9, 0xe7b487, 0xe8a896, 0xe6aca0,
    0xe6acbd, 0xe6ad86, 0xe590b8, 0xe681b0, 0xe6b4bd, 0xe7bf95, 0xe88888, 0xe58396, 0xe5879e,
    0xe5969c, 0xe599ab, 0xe59b8d, 0xe5a7ac, 0xe5ac89, 0xe5b88c, 0xe68699, 0xe68698, 0xe688b1,
    0xe6999e, 0xe69ba6, 0xe78699, 0xe786b9, 0xe786ba, 0xe78aa7, 0xe7a6a7, 0xe7a880, 0xe7beb2,
    0xe8a9b0,
];
pub static JOHAB_TO_UNICODE_TREE: PgMbRadixTree = PgMbRadixTree {
    chars16: &[],
    chars32: &JOHAB_TO_UNICODE_TREE_TABLE,
    b1root: 0x0,
    b1_lower: 0x0,
    b1_upper: 0x0,
    b2root: 0xce,
    b2_1_lower: 0x84,
    b2_1_upper: 0xf9,
    b2_2_lower: 0x31,
    b2_2_upper: 0xfe,
    b3root: 0x0,
    b3_1_lower: 0x0,
    b3_1_upper: 0x0,
    b3_2_lower: 0x0,
    b3_2_upper: 0x0,
    b3_3_lower: 0x0,
    b3_3_upper: 0x0,
    b4root: 0x0,
    b4_1_lower: 0x0,
    b4_1_upper: 0x0,
    b4_2_lower: 0x0,
    b4_2_upper: 0x0,
    b4_3_lower: 0x0,
    b4_3_upper: 0x0,
    b4_4_lower: 0x0,
    b4_4_upper: 0x0,
};
static JOHAB_FROM_UNICODE_TREE_TABLE: [u16; 34515] = [
    0x000000, 0x000000, 0x000000, 0x000000, 0x000000, 0x000000, 0x000000, 0x000000, 0x000000,
    0x000000, 0x000000, 0x000000, 0x000000, 0x000000, 0x000000, 0x000000, 0x000000, 0x000000,
    0x000000, 0x000000, 0x000000, 0x000000, 0x000000, 0x000000, 0x000000, 0x000000, 0x000000,
    0x000000, 0x000000, 0x000000, 0x000000, 0x000000, 0x000000, 0x000000, 0x000000, 0x000000,
    0x000000, 0x000000, 0x000000, 0x000000, 0x000000, 0x000000, 0x000000, 0x000000, 0x000000,
    0x000000, 0x000000, 0x000000, 0x000000, 0x000000, 0x000000, 0x000000, 0x000000, 0x000000,
    0x000000, 0x000000, 0x000000, 0x000000, 0x000000, 0x000000, 0x000000, 0x000000, 0x000000,
    0x000000, 0x000050, 0x000090, 0x0000cf, 0x00010f, 0x000000, 0x000000, 0x000000, 0x000000,
    0x000000, 0x000148, 0x000000, 0x000000, 0x000177, 0x0001b7, 0x0001f6, 0x000236, 0x000000,
    0x000000, 0x000000, 0x000000, 0x000000, 0x000000, 0x000000, 0x000000, 0x000000, 0x000000,
    0x000000, 0x000000, 0x000000, 0x000000, 0x000000, 0x000000, 0x000000, 0x000000, 0x000000,
    0x000000, 0x000000, 0x000000, 0x000000, 0x000000, 0x000000, 0x000000, 0x000000, 0x000000,
    0x000000, 0x000000, 0x000000, 0x000000, 0x000000, 0x00d9ae, 0x000000, 0x000000, 0x00d9b4,
    0x000000, 0x000000, 0x00d967, 0x00d937, 0x000000, 0x00dca3, 0x000000, 0x000000, 0x00d939,
    0x00d9e7, 0x000000, 0x00d956, 0x00d94e, 0x00dd99, 0x00dd9a, 0x00d9a5, 0x000000, 0x00d9d2,
    0x00d934, 0x00d9ac, 0x00dd98, 0x00dcac, 0x000000, 0x00dcf9, 0x00dcf6, 0x00dcfa, 0x00d9af,
    0x000000, 0x000000, 0x000000, 0x000000, 0x000000, 0x000000, 0x00dca1, 0x000000, 0x000000,
    0x000000, 0x000000, 0x000000, 0x000000, 0x000000, 0x000000, 0x000000, 0x00dca2, 0x000000,
    0x000000, 0x000000, 0x000000, 0x000000, 0x000000, 0x00d94f, 0x00dcaa, 0x000000, 0x000000,
    0x000000, 0x000000, 0x000000, 0x00dcad, 0x00dd3c, 0x000000, 0x000000, 0x000000, 0x000000,
    0x000000, 0x000000, 0x00dd31, 0x000000, 0x000000, 0x000000, 0x000000, 0x000000, 0x000000,
    0x000000, 0x000000, 0x000000, 0x00dd33, 0x000000, 0x000000, 0x000000, 0x000000, 0x000000,
    0x000000, 0x00d950, 0x00dd3a, 0x000000, 0x000000, 0x000000, 0x000000, 0x000000, 0x00dd3d,
    0x000000, 0x000000, 0x000000, 0x000000, 0x000000, 0x000000, 0x000000, 0x000000, 0x000000,
    0x000000, 0x000000, 0x000000, 0x000000, 0x000000, 0x000000, 0x000000, 0x000000, 0x00dd32,
    0x000000, 0x000000, 0x000000, 0x000000, 0x000000, 0x000000, 0x000000, 0x000000, 0x000000,
    0x000000, 0x000000, 0x000000, 0x000000, 0x000000, 0x000000, 0x000000, 0x000000, 0x000000,
    0x000000, 0x000000, 0x00dca4, 0x00dd34, 0x000000, 0x000000, 0x000000, 0x000000, 0x000000,
    0x000000, 0x000000, 0x000000, 0x000000, 0x00dd35, 0x00dca6, 0x00dd36, 0x000000, 0x000000,
    0x000000, 0x000000, 0x00dd37, 0x000000, 0x000000, 0x000000, 0x000000, 0x000000, 0x000000,
    0x00dca8, 0x00dd38, 0x00dca9, 0x00dd39, 0x000000, 0x000000, 0x000000, 0x000000, 0x000000,
    0x000000, 0x00dd40, 0x00dcaf, 0x00dd3f, 0x000000, 0x000000, 0x000000, 0x000000, 0x000000,
    0x000000, 0x00dcab, 0x00dd3b, 0x000000, 0x000000, 0x000000, 0x000000, 0x000000, 0x000000,
    0x000000, 0x000000, 0x000000, 0x000000, 0x000000, 0x000000, 0x000000, 0x000000, 0x000000,
    0x000000, 0x000000, 0x000000, 0x00dcae, 0x00dd3e, 0x000000, 0x000000, 0x000000, 0x000000,
    0x000000, 0x000000, 0x000000, 0x000000, 0x000000, 0x000000, 0x000000, 0x000000, 0x000000,
    0x000000, 0x000000, 0x000000, 0x000000, 0x000000, 0x000000, 0x000000, 0x000000, 0x000000,
    0x000000, 0x000000, 0x00d9a7, 0x000000, 0x000000, 0x000000, 0x000000, 0x000000, 0x000000,
    0x000000, 0x000000, 0x00d9b0, 0x000000, 0x000000, 0x000000, 0x000000, 0x000000, 0x000000,
    0x000000, 0x00d9a8, 0x00d9ab, 0x00d9aa, 0x00d9ad, 0x000000, 0x00d9a9, 0x000000, 0x000000,
    0x000000, 0x000000, 0x000000, 0x000000, 0x000000, 0x000000, 0x000000, 0x000000, 0x000000,
    0x000000, 0x000000, 0x000000, 0x000000, 0x000000, 0x000000, 0x000000, 0x000000, 0x000000,
    0x000000, 0x000000, 0x000000, 0x000000, 0x000000, 0x000000, 0x000000, 0x000000, 0x000000,
    0x000000, 0x000000, 0x000000, 0x000000, 0x000000, 0x00db51, 0x00db52, 0x00db53, 0x00db54,
    0x00db55, 0x00db56, 0x00db57, 0x00db58, 0x00db59, 0x00db5a, 0x00db5b, 0x00db5c, 0x00db5d,
    0x00db5e, 0x00db5f, 0x00db60, 0x00db61, 0x000000, 0x00db62, 0x00db63, 0x00db64, 0x00db65,
    0x00db66, 0x00db67, 0x00db68, 0x000000, 0x000000, 0x000000, 0x000000, 0x000000, 0x000000,
    0x000000, 0x00db71, 0x00db72, 0x00db73, 0x00db74, 0x00db75, 0x00db76, 0x00db77, 0x00db78,
    0x00db79, 0x00db7a, 0x00db7b, 0x00db7c, 0x00db7d, 0x00db7e, 0x00db91, 0x00db92, 0x00db93,
    0x000000, 0x00db94, 0x00db95, 0x00db96, 0x00db97, 0x00db98, 0x00db99, 0x00db9a, 0x000000,
    0x000000, 0x000000, 0x000000, 0x000000, 0x000000, 0x000000, 0x000000, 0x000000, 0x000000,
    0x000000, 0x000000, 0x000000, 0x000000, 0x000000, 0x000000, 0x000000, 0x000000, 0x000000,
    0x000000, 0x000000, 0x000000, 0x000000, 0x000000, 0x000000, 0x000000, 0x000000, 0x000000,
    0x000000, 0x000000, 0x000000, 0x000000, 0x000000, 0x000000, 0x000000, 0x000000, 0x000000,
    0x000000, 0x000000, 0x000000, 0x000000, 0x000000, 0x000000, 0x000000, 0x000000, 0x000000,
    0x000000, 0x000000, 0x000000, 0x000000, 0x000000, 0x000000, 0x000000, 0x000000, 0x00dea7,
    0x000000, 0x000000, 0x000000, 0x000000, 0x000000, 0x000000, 0x000000, 0x000000, 0x000000,
    0x000000, 0x000000, 0x000000, 0x000000, 0x000000, 0x00dea1, 0x00dea2, 0x00dea3, 0x00dea4,
    0x00dea5, 0x00dea6, 0x00dea8, 0x00dea9, 0x00deaa, 0x00deab, 0x00deac, 0x00dead, 0x00deae,
    0x00deaf, 0x00deb0, 0x00deb1, 0x00deb2, 0x00deb3, 0x00deb4, 0x00deb5, 0x00deb6, 0x00deb7,
    0x00deb8, 0x00deb9, 0x00deba, 0x00debb, 0x00debc, 0x00debd, 0x00debe, 0x00debf, 0x00dec0,
    0x00dec1, 0x00ded1, 0x00ded2, 0x00ded3, 0x00ded4, 0x00ded5, 0x00ded6, 0x00ded8, 0x00ded9,
    0x00deda, 0x00dedb, 0x00dedc, 0x00dedd, 0x00dede, 0x00dedf, 0x00dee0, 0x00dee1, 0x00dee2,
    0x00dee3, 0x00dee4, 0x00dee5, 0x00dee6, 0x00dee7, 0x00dee8, 0x00dee9, 0x00deea, 0x00deeb,
    0x00deec, 0x00deed, 0x00deee, 0x00deef, 0x00def0, 0x00def1, 0x000000, 0x00ded7, 0x000000,
    0x000000, 0x000000, 0x000000, 0x000000, 0x000000, 0x000000, 0x000000, 0x000000, 0x000000,
    0x000000, 0x000000, 0x000000, 0x000000, 0x000000, 0x000000, 0x000000, 0x000000, 0x000000,
    0x000000, 0x000000, 0x000000, 0x000000, 0x000000, 0x000000, 0x000000, 0x000000, 0x000000,
    0x000000, 0x000000, 0x000000, 0x000000, 0x000000, 0x000000, 0x000000, 0x000000, 0x000000,
    0x000000, 0x000000, 0x000000, 0x000000, 0x000000, 0x000000, 0x000000, 0x000000, 0x000000,
    0x000284, 0x0002c4, 0x0002d4, 0x000314, 0x000354, 0x000394, 0x0003d4, 0x000414, 0x000453,
    0x000493, 0x0004d3, 0x000513, 0x000000, 0x000532, 0x000572, 0x0005ae, 0x0005ee, 0x000000,
    0x00062b, 0x000658, 0x000692, 0x0006c0, 0x000700, 0x00073e, 0x00077c, 0x000000, 0x0007aa,
    0x000000, 0x000000, 0x000000, 0x000000, 0x0007ca, 0x00080a, 0x000840, 0x000880, 0x0008c0,
    0x0008ee, 0x00092e, 0x000969, 0x0009a9, 0x000000, 0x000000, 0x000000, 0x000000, 0x000000,
    0x000000, 0x000000, 0x000000, 0x000000, 0x000000, 0x000000, 0x000000, 0x000000, 0x000000,
    0x000000, 0x000000, 0x000000, 0x000000, 0x000000, 0x000000, 0x000000, 0x000000, 0x000000,
    0x000000, 0x000000, 0x000000, 0x000000, 0x000000, 0x000000, 0x000000, 0x000000, 0x000000,
    0x000000, 0x000000, 0x000000, 0x000000, 0x000000, 0x000000, 0x0009e9, 0x000a28, 0x000a68,
    0x000aa8, 0x000adf, 0x000b1f, 0x000b5f, 0x000000, 0x000b9f, 0x000bbf, 0x000000, 0x000000,
    0x000000, 0x000000, 0x000bff, 0x000c3f, 0x000000, 0x000000, 0x000000, 0x000000, 0x000000,
    0x000000, 0x000000, 0x000000, 0x000000, 0x000000, 0x000000, 0x000000, 0x000000, 0x000000,
    0x000000, 0x000000, 0x000000, 0x000000, 0x000000, 0x000000, 0x000000, 0x000000, 0x000000,
    0x000000, 0x000000, 0x000000, 0x000000, 0x000000, 0x000000, 0x000000, 0x000000, 0x000000,
    0x000000, 0x000000, 0x000000, 0x000000, 0x000000, 0x000000, 0x000000, 0x000000, 0x000000,
    0x000000, 0x000000, 0x000000, 0x000000, 0x000000, 0x000000, 0x000000, 0x000000, 0x000000,
    0x000000, 0x000000, 0x000000, 0x000000, 0x000000, 0x000000, 0x000c7f, 0x000cbd, 0x000cfc,
    0x000d3c, 0x000d7b, 0x000db9, 0x000df9, 0x000e39, 0x000e77, 0x000eb4, 0x000ef4, 0x000f33,
    0x000f73, 0x000fb3, 0x000ff3, 0x001031, 0x001071, 0x0010ae, 0x0010ee, 0x00112d, 0x00116d,
    0x0011ad, 0x0011ed, 0x00122a, 0x001267, 0x0012a6, 0x0012e6, 0x001326, 0x001362, 0x0013a1,
    0x0013e1, 0x00141c, 0x00145b, 0x001492, 0x0014cc, 0x001509, 0x001546, 0x001586, 0x0015c4,
    0x001601, 0x001641, 0x00167c, 0x0016bb, 0x0016fa, 0x001738, 0x001777, 0x0017b5, 0x0017f4,
    0x001834, 0x001873, 0x0018a1, 0x0018e0, 0x00191b, 0x00195b, 0x001998, 0x0019d8, 0x001a17,
    0x001a57, 0x001a91, 0x001ad1, 0x001b0f, 0x001b44, 0x001b7d, 0x001bbb, 0x001bfa, 0x001c3a,
    0x001c79, 0x001cb8, 0x001cf7, 0x001d34, 0x001d74, 0x001db2, 0x001df2, 0x001e31, 0x001e6c,
    0x001eaa, 0x001ee9, 0x001f29, 0x001f68, 0x001fa7, 0x001fe7, 0x002027, 0x002067, 0x0020a5,
    0x0020e5, 0x002124, 0x002164, 0x0021a4, 0x0021dc, 0x00221b, 0x002256, 0x002295, 0x0022d5,
    0x002315, 0x002354, 0x002393, 0x0023d3, 0x002412, 0x00244e, 0x00248d, 0x0024cd, 0x00250b,
    0x00254b, 0x00258a, 0x0025c9, 0x002609, 0x002649, 0x002685, 0x0026c5, 0x002705, 0x00273f,
    0x00277e, 0x0027be, 0x0027fc, 0x00283c, 0x00287a, 0x0028b6, 0x0028f5, 0x002935, 0x002975,
    0x0029ad, 0x0029ed, 0x002a2c, 0x002a6c, 0x002aa1, 0x002ae0, 0x002b20, 0x002b60, 0x002b9c,
    0x002bdb, 0x002c16, 0x002c54, 0x002c94, 0x002cd4, 0x002d13, 0x002d53, 0x002d92, 0x002dd1,
    0x002e0f, 0x002e49, 0x002e87, 0x002ec0, 0x002efe, 0x002f3d, 0x002f7d, 0x002fbd, 0x002ffd,
    0x00303d, 0x00307b, 0x0030bb, 0x0030f7, 0x003137, 0x003176, 0x0031b6, 0x0031f5, 0x003235,
    0x003274, 0x0032af, 0x0032ef, 0x00332e, 0x00336e, 0x0033ac, 0x0033eb, 0x00342b, 0x00346a,
    0x0034aa, 0x0034ea, 0x00352a, 0x003568, 0x0035a3, 0x0035e2, 0x003621, 0x003660, 0x0036a0,
    0x0036e0, 0x003720, 0x003760, 0x0037a0, 0x0037e0, 0x00381c, 0x00385c, 0x003896, 0x0038d4,
    0x003914, 0x00394d, 0x00398d, 0x0039ca, 0x003a09, 0x003a49, 0x003a87, 0x003ac7, 0x003b07,
    0x003b43, 0x003b82, 0x003bc0, 0x000000, 0x003bdd, 0x003c18, 0x003c53, 0x003c92, 0x003cd2,
    0x003d12, 0x003d52, 0x003d8f, 0x003dcd, 0x003e0c, 0x003e4c, 0x003e8c, 0x003ecb, 0x003f0b,
    0x003f4a, 0x003f8a, 0x003fc9, 0x004009, 0x004045, 0x004084, 0x0040c2, 0x004100, 0x00413b,
    0x00417b, 0x0041b8, 0x0041f8, 0x004234, 0x004273, 0x0042b3, 0x0042f3, 0x00432d, 0x004366,
    0x0043a6, 0x0043d8, 0x004416, 0x004452, 0x004491, 0x0044d1, 0x004511, 0x004550, 0x00458e,
    0x0045cd, 0x00460d, 0x00464d, 0x00468d, 0x0046c9, 0x004704, 0x004744, 0x004784, 0x0047c3,
    0x004803, 0x000000, 0x00481e, 0x00485e, 0x00489c, 0x0048dc, 0x00491a, 0x004936, 0x004971,
    0x0049b0, 0x0049e6, 0x004a24, 0x004a63, 0x004aa3, 0x004ae2, 0x004b22, 0x004b47, 0x004b85,
    0x004bc5, 0x004c04, 0x004c44, 0x004c83, 0x004cc1, 0x004cf8, 0x004d31, 0x004d71, 0x004da7,
    0x004de7, 0x004e27, 0x004e61, 0x004e9e, 0x004ed6, 0x004f15, 0x004f52, 0x004f8e, 0x004fca,
    0x000000, 0x000000, 0x000000, 0x00500a, 0x00504a, 0x005087, 0x0050ab, 0x0050eb, 0x005129,
    0x005169, 0x0051a9, 0x0051e7, 0x005222, 0x00525c, 0x00529c, 0x0052d8, 0x005308, 0x005344,
    0x005383, 0x0053be, 0x0053e8, 0x005427, 0x005467, 0x0054a7, 0x0054d2, 0x00550b, 0x00553a,
    0x005579, 0x0055ab, 0x0055e2, 0x005615, 0x005651, 0x000000, 0x00566c, 0x0056a3, 0x0056df,
    0x005712, 0x00574e, 0x005789, 0x0057a8, 0x0057e8, 0x005827, 0x005860, 0x00589c, 0x0058d4,
    0x000000, 0x000000, 0x000000, 0x000000, 0x000000, 0x000000, 0x000000, 0x000000, 0x000000,
    0x000000, 0x000000, 0x000000, 0x000000, 0x000000, 0x000000, 0x000000, 0x000000, 0x000000,
    0x000000, 0x000000, 0x000000, 0x000000, 0x000000, 0x000000, 0x000000, 0x000000, 0x000000,
    0x000000, 0x000000, 0x000000, 0x000000, 0x000000, 0x000000, 0x000000, 0x000000, 0x000000,
    0x000000, 0x000000, 0x000000, 0x000000, 0x000000, 0x000000, 0x000000, 0x000000, 0x000000,
    0x000000, 0x000000, 0x000000, 0x005914, 0x005954, 0x005994, 0x0059d4, 0x005a14, 0x005a54,
    0x005a94, 0x005ad4, 0x005b14, 0x005b54, 0x005b94, 0x005bd4, 0x005c14, 0x005c54, 0x005c94,
    0x005cd4, 0x005d14, 0x005d54, 0x005d94, 0x005dd4, 0x005e14, 0x005e54, 0x005e94, 0x005ed4,
    0x005f14, 0x005f54, 0x005f94, 0x005fd4, 0x006014, 0x006054, 0x006094, 0x0060d4, 0x006114,
    0x006154, 0x006194, 0x0061d4, 0x006214, 0x006254, 0x006294, 0x0062d4, 0x006314, 0x006354,
    0x006394, 0x0063d4, 0x006414, 0x006454, 0x006494, 0x0064d4, 0x006514, 0x006554, 0x006594,
    0x0065d4, 0x006614, 0x006654, 0x006694, 0x0066d4, 0x006714, 0x006754, 0x006794, 0x0067d4,
    0x006814, 0x006854, 0x006894, 0x0068d4, 0x006914, 0x006954, 0x006994, 0x0069d4, 0x006a14,
    0x006a54, 0x006a94, 0x006ad4, 0x006b14, 0x006b54, 0x006b94, 0x006bd4, 0x006c14, 0x006c54,
    0x006c94, 0x006cd4, 0x006d14, 0x006d54, 0x006d94, 0x006dd4, 0x006e14, 0x006e54, 0x006e94,
    0x006ed4, 0x006f14, 0x006f54, 0x006f94, 0x006fd4, 0x007014, 0x007054, 0x007094, 0x0070d4,
    0x007114, 0x007154, 0x007194, 0x0071d4, 0x007214, 0x007254, 0x007294, 0x0072d4, 0x007314,
    0x007354, 0x007394, 0x0073d4, 0x007414, 0x007454, 0x007494, 0x0074d4, 0x007514, 0x007554,
    0x007594, 0x0075d4, 0x007614, 0x007654, 0x007694, 0x0076d4, 0x007714, 0x007754, 0x007794,
    0x0077d4, 0x007814, 0x007854, 0x007894, 0x0078d4, 0x007914, 0x007954, 0x007994, 0x0079d4,
    0x007a14, 0x007a54, 0x007a94, 0x007ad4, 0x007b14, 0x007b54, 0x007b94, 0x007bd4, 0x007c14,
    0x007c54, 0x007c94, 0x007cd4, 0x007d14, 0x007d54, 0x007d94, 0x007dd4, 0x007e14, 0x007e54,
    0x007e94, 0x007ed4, 0x007f14, 0x007f54, 0x007f94, 0x007fd4, 0x008014, 0x008054, 0x008094,
    0x0080d4, 0x008114, 0x008154, 0x008194, 0x0081d4, 0x008214, 0x008254, 0x008294, 0x0082d4,
    0x008314, 0x008354, 0x008394, 0x0083d4, 0x008414, 0x008454, 0x008494, 0x000000, 0x000000,
    0x000000, 0x000000, 0x000000, 0x000000, 0x000000, 0x000000, 0x000000, 0x000000, 0x000000,
    0x000000, 0x000000, 0x000000, 0x000000, 0x000000, 0x000000, 0x000000, 0x000000, 0x000000,
    0x000000, 0x000000, 0x000000, 0x000000, 0x000000, 0x000000, 0x000000, 0x000000, 0x000000,
    0x000000, 0x000000, 0x000000, 0x000000, 0x000000, 0x000000, 0x000000, 0x0084d4, 0x008514,
    0x008554, 0x008594, 0x0085d4, 0x000000, 0x000000, 0x000000, 0x000000, 0x000000, 0x000000,
    0x000000, 0x000000, 0x000000, 0x000000, 0x000000, 0x000000, 0x000000, 0x000000, 0x000000,
    0x000000, 0x000000, 0x000000, 0x000000, 0x008613, 0x008653, 0x000000, 0x008693, 0x000000,
    0x000000, 0x000000, 0x000000, 0x000000, 0x000000, 0x000000, 0x000000, 0x000000, 0x000000,
    0x000000, 0x000000, 0x000000, 0x000000, 0x000000, 0x000000, 0x000000, 0x000000, 0x000000,
    0x000000, 0x000000, 0x00d93a, 0x000000, 0x000000, 0x00d93e, 0x00d93f, 0x000000, 0x000000,
    0x00d940, 0x00d941, 0x000000, 0x000000, 0x00d9d3, 0x00d9d4, 0x000000, 0x000000, 0x000000,
    0x00d935, 0x00d936, 0x000000, 0x000000, 0x000000, 0x000000, 0x000000, 0x000000, 0x000000,
    0x000000, 0x000000, 0x00d9b6, 0x000000, 0x00d957, 0x00d958, 0x000000, 0x000000, 0x000000,
    0x000000, 0x000000, 0x000000, 0x000000, 0x00d968, 0x000000, 0x000000, 0x000000, 0x000000,
    0x000000, 0x000000, 0x000000, 0x000000, 0x000000, 0x000000, 0x000000, 0x000000, 0x000000,
    0x000000, 0x000000, 0x000000, 0x000000, 0x000000, 0x000000, 0x000000, 0x000000, 0x000000,
    0x000000, 0x000000, 0x000000, 0x000000, 0x000000, 0x000000, 0x000000, 0x000000, 0x000000,
    0x000000, 0x000000, 0x000000, 0x000000, 0x000000, 0x000000, 0x000000, 0x000000, 0x000000,
    0x000000, 0x000000, 0x000000, 0x000000, 0x000000, 0x000000, 0x000000, 0x000000, 0x000000,
    0x000000, 0x000000, 0x000000, 0x00dd9b, 0x000000, 0x000000, 0x000000, 0x000000, 0x000000,
    0x000000, 0x000000, 0x000000, 0x000000, 0x000000, 0x00dd9c, 0x000000, 0x00dd9d, 0x00dd9e,
    0x00dd9f, 0x00dda0, 0x000000, 0x000000, 0x000000, 0x000000, 0x000000, 0x000000, 0x000000,
    0x000000, 0x000000, 0x000000, 0x000000, 0x000000, 0x000000, 0x000000, 0x000000, 0x000000,
    0x000000, 0x000000, 0x000000, 0x000000, 0x000000, 0x000000, 0x000000, 0x000000, 0x000000,
    0x000000, 0x000000, 0x000000, 0x000000, 0x000000, 0x000000, 0x000000, 0x000000, 0x000000,
    0x000000, 0x000000, 0x000000, 0x000000, 0x000000, 0x00d9e6, 0x000000, 0x000000, 0x000000,
    0x000000, 0x000000, 0x000000, 0x000000, 0x000000, 0x000000, 0x000000, 0x000000, 0x000000,
    0x000000, 0x000000, 0x000000, 0x000000, 0x000000, 0x000000, 0x000000, 0x00d959, 0x000000,
    0x000000, 0x000000, 0x000000, 0x000000, 0x00d9b5, 0x000000, 0x000000, 0x000000, 0x000000,
    0x000000, 0x000000, 0x000000, 0x000000, 0x000000, 0x00dc34, 0x000000, 0x000000, 0x00d9e0,
    0x000000, 0x000000, 0x000000, 0x000000, 0x000000, 0x000000, 0x000000, 0x000000, 0x000000,
    0x000000, 0x00d9e5, 0x00d9e2, 0x000000, 0x000000, 0x000000, 0x00dc69, 0x000000, 0x000000,
    0x000000, 0x000000, 0x00d95a, 0x000000, 0x000000, 0x000000, 0x000000, 0x000000, 0x000000,
    0x000000, 0x000000, 0x000000, 0x000000, 0x000000, 0x000000, 0x000000, 0x000000, 0x000000,
    0x000000, 0x000000, 0x000000, 0x000000, 0x000000, 0x00dcf7, 0x00dcf8, 0x000000, 0x000000,
    0x000000, 0x000000, 0x000000, 0x000000, 0x00dcfb, 0x00dcfc, 0x00dcfd, 0x00dcfe, 0x000000,
    0x00db40, 0x00db41, 0x00db42, 0x00db43, 0x00db44, 0x00db45, 0x00db46, 0x00db47, 0x00db48,
    0x00db49, 0x000000, 0x000000, 0x000000, 0x000000, 0x000000, 0x000000, 0x00db31, 0x00db32,
    0x00db33, 0x00db34, 0x00db35, 0x00db36, 0x00db37, 0x00db38, 0x00db39, 0x00db3a, 0x000000,
    0x000000, 0x000000, 0x000000, 0x000000, 0x000000, 0x000000, 0x000000, 0x000000, 0x000000,
    0x000000, 0x000000, 0x000000, 0x000000, 0x000000, 0x000000, 0x00d977, 0x00d978, 0x00d976,
    0x00d979, 0x00d97a, 0x00d9d5, 0x00d9d8, 0x00d9d6, 0x00d9d9, 0x00d9d7, 0x000000, 0x000000,
    0x000000, 0x000000, 0x000000, 0x000000, 0x000000, 0x000000, 0x000000, 0x000000, 0x000000,
    0x000000, 0x000000, 0x000000, 0x000000, 0x000000, 0x000000, 0x000000, 0x000000, 0x000000,
    0x000000, 0x000000, 0x000000, 0x000000, 0x000000, 0x000000, 0x000000, 0x000000, 0x000000,
    0x000000, 0x000000, 0x000000, 0x000000, 0x000000, 0x000000, 0x000000, 0x000000, 0x000000,
    0x00d9a1, 0x000000, 0x00d9a2, 0x000000, 0x000000, 0x000000, 0x000000, 0x000000, 0x000000,
    0x000000, 0x000000, 0x000000, 0x000000, 0x000000, 0x000000, 0x000000, 0x000000, 0x000000,
    0x000000, 0x000000, 0x000000, 0x000000, 0x000000, 0x000000, 0x000000, 0x000000, 0x000000,
    0x000000, 0x000000, 0x000000, 0x000000, 0x000000, 0x000000, 0x000000, 0x000000, 0x000000,
    0x000000, 0x000000, 0x000000, 0x000000, 0x000000, 0x000000, 0x000000, 0x000000, 0x000000,
    0x000000, 0x00d9a3, 0x000000, 0x00d963, 0x00d9a4, 0x000000, 0x000000, 0x000000, 0x00d964,
    0x00d996, 0x000000, 0x000000, 0x00d997, 0x000000, 0x000000, 0x000000, 0x00d9b3, 0x000000,
    0x00d9b2, 0x000000, 0x000000, 0x000000, 0x000000, 0x000000, 0x000000, 0x000000, 0x000000,
    0x00d97e, 0x000000, 0x000000, 0x00d992, 0x00d954, 0x000000, 0x00d960, 0x000000, 0x000000,
    0x000000, 0x000000, 0x00d93b, 0x000000, 0x00d99e, 0x00d99f, 0x00d99d, 0x00d99c, 0x00d994,
    0x00d995, 0x000000, 0x00d9b1, 0x000000, 0x000000, 0x000000, 0x000000, 0x000000, 0x00d955,
    0x00d993, 0x000000, 0x000000, 0x000000, 0x000000, 0x000000, 0x000000, 0x00d93d, 0x00d991,
    0x000000, 0x000000, 0x000000, 0x000000, 0x000000, 0x000000, 0x000000, 0x000000, 0x000000,
    0x000000, 0x000000, 0x000000, 0x000000, 0x000000, 0x000000, 0x000000, 0x000000, 0x000000,
    0x00d966, 0x000000, 0x000000, 0x000000, 0x000000, 0x000000, 0x000000, 0x000000, 0x000000,
    0x000000, 0x000000, 0x000000, 0x000000, 0x000000, 0x00d951, 0x00d965, 0x000000, 0x000000,
    0x00d952, 0x00d953, 0x000000, 0x000000, 0x000000, 0x000000, 0x00d97c, 0x00d97d, 0x000000,
    0x000000, 0x000000, 0x000000, 0x000000, 0x000000, 0x000000, 0x000000, 0x000000, 0x000000,
    0x000000, 0x000000, 0x000000, 0x000000, 0x000000, 0x000000, 0x000000, 0x000000, 0x000000,
    0x000000, 0x00d99a, 0x00d99b, 0x000000, 0x000000, 0x00d998, 0x00d999, 0x000000, 0x000000,
    0x000000, 0x000000, 0x000000, 0x000000, 0x000000, 0x000000, 0x000000, 0x000000, 0x000000,
    0x000000, 0x000000, 0x000000, 0x000000, 0x000000, 0x000000, 0x00d9c1, 0x000000, 0x000000,
    0x000000, 0x000000, 0x000000, 0x000000, 0x000000, 0x000000, 0x000000, 0x000000, 0x000000,
    0x00d961, 0x000000, 0x000000, 0x000000, 0x000000, 0x000000, 0x000000, 0x000000, 0x000000,
    0x000000, 0x000000, 0x000000, 0x000000, 0x000000, 0x000000, 0x000000, 0x000000, 0x000000,
    0x000000, 0x000000, 0x000000, 0x000000, 0x000000, 0x000000, 0x000000, 0x000000, 0x000000,
    0x00d962, 0x000000, 0x000000, 0x000000, 0x000000, 0x000000, 0x000000, 0x000000, 0x000000,
    0x000000, 0x000000, 0x000000, 0x000000, 0x000000, 0x000000, 0x000000, 0x000000, 0x000000,
    0x000000, 0x000000, 0x000000, 0x000000, 0x000000, 0x000000, 0x000000, 0x000000, 0x000000,
    0x000000, 0x000000, 0x000000, 0x000000, 0x000000, 0x000000, 0x000000, 0x000000, 0x000000,
    0x000000, 0x000000, 0x000000, 0x000000, 0x000000, 0x000000, 0x000000, 0x000000, 0x000000,
    0x000000, 0x00dce7, 0x00dce8, 0x00dce9, 0x00dcea, 0x00dceb, 0x00dcec, 0x00dced, 0x00dcee,
    0x00dcef, 0x00dcf0, 0x00dcf1, 0x00dcf2, 0x00dcf3, 0x00dcf4, 0x00dcf5, 0x000000, 0x000000,
    0x000000, 0x000000, 0x000000, 0x00dd77, 0x00dd78, 0x00dd79, 0x00dd7a, 0x00dd7b, 0x00dd7c,
    0x00dd7d, 0x00dd7e, 0x00dd91, 0x00dd92, 0x00dd93, 0x00dd94, 0x00dd95, 0x00dd96, 0x00dd97,
    0x000000, 0x000000, 0x000000, 0x000000, 0x000000, 0x000000, 0x000000, 0x000000, 0x000000,
    0x000000, 0x000000, 0x000000, 0x000000, 0x000000, 0x000000, 0x000000, 0x000000, 0x000000,
    0x000000, 0x000000, 0x000000, 0x000000, 0x000000, 0x000000, 0x000000, 0x00dd5d, 0x00dd5e,
    0x00dd5f, 0x00dd60, 0x00dd61, 0x00dd62, 0x00dd63, 0x00dd64, 0x00dd65, 0x00dd66, 0x00dd67,
    0x00dd68, 0x00dd69, 0x00dd6a, 0x00dd6b, 0x00dd6c, 0x00dd6d, 0x00dd6e, 0x00dd6f, 0x00dd70,
    0x00dd71, 0x00dd72, 0x00dd73, 0x00dd74, 0x00dd75, 0x00dd76, 0x000000, 0x000000, 0x000000,
    0x000000, 0x000000, 0x000000, 0x000000, 0x000000, 0x000000, 0x000000, 0x000000, 0x000000,
    0x000000, 0x000000, 0x000000, 0x000000, 0x00dccd, 0x00dcce, 0x00dccf, 0x00dcd0, 0x00dcd1,
    0x00dcd2, 0x00dcd3, 0x00dcd4, 0x00dcd5, 0x00dcd6, 0x00dcd7, 0x00dcd8, 0x00dcd9, 0x00dcda,
    0x00dcdb, 0x00dcdc, 0x00dcdd, 0x00dcde, 0x00dcdf, 0x00dce0, 0x00dce1, 0x00dce2, 0x00dce3,
    0x00dce4, 0x00dce5, 0x00dce6, 0x000000, 0x000000, 0x000000, 0x000000, 0x000000, 0x000000,
    0x000000, 0x000000, 0x000000, 0x000000, 0x000000, 0x000000, 0x000000, 0x000000, 0x000000,
    0x000000, 0x000000, 0x000000, 0x000000, 0x000000, 0x000000, 0x000000, 0x00dba1, 0x00dbac,
    0x00dba2, 0x00dbad, 0x000000, 0x000000, 0x000000, 0x000000, 0x000000, 0x000000, 0x000000,
    0x000000, 0x00dba3, 0x00dbc8, 0x00dbc7, 0x00dbae, 0x00dba4, 0x00dbc2, 0x00dbc1, 0x00dbaf,
    0x00dba6, 0x00dbc6, 0x00dbc5, 0x00dbb1, 0x00dba5, 0x00dbc4, 0x00dbc3, 0x00dbb0, 0x00dba7,
    0x00dbbc, 0x00dbc9, 0x00dbca, 0x00dbb7, 0x00dbcb, 0x00dbcc, 0x00dbb2, 0x00dba9, 0x00dbbe,
    0x00dbcd, 0x00dbce, 0x00dbb9, 0x00dbcf, 0x00dbd0, 0x00dbb4, 0x00dba8, 0x00dbd1, 0x00dbd2,
    0x00dbb8, 0x00dbbd, 0x00dbd3, 0x00dbd4, 0x00dbb3, 0x00dbaa, 0x00dbd5, 0x00dbd6, 0x00dbba,
    0x00dbbf, 0x00dbd7, 0x00dbd8, 0x00dbb5, 0x00dbab, 0x00dbd9, 0x00dbda, 0x00dbbb, 0x00dbdb,
    0x00dbdc, 0x00dbc0, 0x00dbdd, 0x00dbde, 0x00dbdf, 0x00dbe0, 0x00dbe1, 0x00dbe2, 0x00dbe3,
    0x00dbe4, 0x00dbb6, 0x000000, 0x000000, 0x000000, 0x000000, 0x000000, 0x000000, 0x000000,
    0x000000, 0x000000, 0x000000, 0x000000, 0x000000, 0x000000, 0x000000, 0x000000, 0x000000,
    0x000000, 0x000000, 0x000000, 0x000000, 0x000000, 0x000000, 0x000000, 0x000000, 0x000000,
    0x000000, 0x000000, 0x000000, 0x000000, 0x000000, 0x000000, 0x000000, 0x000000, 0x000000,
    0x000000, 0x000000, 0x000000, 0x000000, 0x000000, 0x000000, 0x000000, 0x000000, 0x000000,
    0x000000, 0x000000, 0x000000, 0x000000, 0x000000, 0x000000, 0x000000, 0x000000, 0x000000,
    0x00d9c6, 0x000000, 0x000000, 0x000000, 0x000000, 0x000000, 0x000000, 0x000000, 0x000000,
    0x000000, 0x000000, 0x000000, 0x000000, 0x000000, 0x00d971, 0x00d970, 0x000000, 0x00d9c3,
    0x00d9c7, 0x00d9c8, 0x00d9cb, 0x00d9ca, 0x00d9c9, 0x00d9cc, 0x000000, 0x000000, 0x000000,
    0x000000, 0x000000, 0x000000, 0x000000, 0x000000, 0x00d973, 0x00d972, 0x000000, 0x000000,
    0x00d9ba, 0x00d9b9, 0x000000, 0x000000, 0x000000, 0x000000, 0x00d975, 0x00d974, 0x000000,
    0x000000, 0x00d9b8, 0x00d9b7, 0x000000, 0x000000, 0x000000, 0x000000, 0x00d96f, 0x00d96e,
    0x00d9c2, 0x000000, 0x000000, 0x00d96b, 0x000000, 0x000000, 0x00d96d, 0x00d96c, 0x00d9c4,
    0x00d9c5, 0x000000, 0x000000, 0x000000, 0x000000, 0x000000, 0x000000, 0x000000, 0x000000,
    0x000000, 0x000000, 0x000000, 0x000000, 0x000000, 0x000000, 0x000000, 0x000000, 0x000000,
    0x000000, 0x000000, 0x000000, 0x000000, 0x000000, 0x000000, 0x000000, 0x000000, 0x000000,
    0x000000, 0x000000, 0x000000, 0x000000, 0x000000, 0x000000, 0x000000, 0x000000, 0x000000,
    0x000000, 0x000000, 0x000000, 0x000000, 0x000000, 0x000000, 0x000000, 0x000000, 0x000000,
    0x000000, 0x000000, 0x00d96a, 0x00d969, 0x000000, 0x000000, 0x000000, 0x000000, 0x000000,
    0x000000, 0x000000, 0x00d9cf, 0x00d9ce, 0x000000, 0x000000, 0x000000, 0x000000, 0x000000,
    0x000000, 0x000000, 0x000000, 0x000000, 0x000000, 0x000000, 0x000000, 0x00d9d0, 0x000000,
    0x00d9d1, 0x000000, 0x000000, 0x000000, 0x000000, 0x000000, 0x000000, 0x000000, 0x000000,
    0x000000, 0x000000, 0x000000, 0x000000, 0x000000, 0x000000, 0x000000, 0x000000, 0x000000,
    0x000000, 0x000000, 0x000000, 0x000000, 0x000000, 0x000000, 0x000000, 0x000000, 0x000000,
    0x000000, 0x000000, 0x000000, 0x000000, 0x000000, 0x000000, 0x000000, 0x00d95f, 0x000000,
    0x00d95e, 0x000000, 0x000000, 0x000000, 0x000000, 0x000000, 0x000000, 0x000000, 0x000000,
    0x000000, 0x000000, 0x000000, 0x000000, 0x000000, 0x000000, 0x000000, 0x000000, 0x000000,
    0x000000, 0x000000, 0x000000, 0x000000, 0x000000, 0x000000, 0x000000, 0x000000, 0x000000,
    0x000000, 0x000000, 0x000000, 0x00d9bc, 0x00d9bd, 0x000000, 0x00d9c0, 0x00d9bb, 0x00d9be,
    0x000000, 0x00d9bf, 0x00d9cd, 0x00d9db, 0x00d9dc, 0x000000, 0x00d9dd, 0x00d9da, 0x000000,
    0x000000, 0x000000, 0x000000, 0x000000, 0x000000, 0x000000, 0x000000, 0x000000, 0x000000,
    0x000000, 0x000000, 0x000000, 0x000000, 0x000000, 0x000000, 0x000000, 0x000000, 0x00d931,
    0x00d932, 0x00d933, 0x00d938, 0x000000, 0x000000, 0x000000, 0x000000, 0x00d944, 0x00d945,
    0x00d946, 0x00d947, 0x00d948, 0x00d949, 0x00d94a, 0x00d94b, 0x00d94c, 0x00d94d, 0x000000,
    0x00d97b, 0x00d942, 0x00d943, 0x000000, 0x000000, 0x000000, 0x000000, 0x000000, 0x000000,
    0x000000, 0x000000, 0x000000, 0x000000, 0x000000, 0x000000, 0x000000, 0x000000, 0x000000,
    0x000000, 0x000000, 0x000000, 0x000000, 0x000000, 0x000000, 0x000000, 0x000000, 0x000000,
    0x000000, 0x000000, 0x000000, 0x000000, 0x000000, 0x000000, 0x000000, 0x000000, 0x000000,
    0x000000, 0x000000, 0x000000, 0x000000, 0x000000, 0x000000, 0x000000, 0x000000, 0x000000,
    0x00dda1, 0x00dda2, 0x00dda3, 0x00dda4, 0x00dda5, 0x00dda6, 0x00dda7, 0x00dda8, 0x00dda9,
    0x00ddaa, 0x00ddab, 0x00ddac, 0x00ddad, 0x00ddae, 0x00ddaf, 0x00ddb0, 0x00ddb1, 0x00ddb2,
    0x00ddb3, 0x00ddb4, 0x00ddb5, 0x00ddb6, 0x00ddb7, 0x00ddb8, 0x00ddb9, 0x00ddba, 0x00ddbb,
    0x00ddbc, 0x00ddbd, 0x00ddbe, 0x00ddbf, 0x00ddc0, 0x00ddc1, 0x00ddc2, 0x00ddc3, 0x00ddc4,
    0x00ddc5, 0x00ddc6, 0x00ddc7, 0x00ddc8, 0x00ddc9, 0x00ddca, 0x00ddcb, 0x00ddcc, 0x00ddcd,
    0x00ddce, 0x00ddcf, 0x00ddd0, 0x00ddd1, 0x00ddd2, 0x00ddd3, 0x00ddd4, 0x00ddd5, 0x00ddd6,
    0x00ddd7, 0x00ddd8, 0x00ddd9, 0x00ddda, 0x00dddb, 0x00dddc, 0x00dddd, 0x00ddde, 0x00dddf,
    0x00dde0, 0x00dde1, 0x00dde2, 0x00dde3, 0x00dde4, 0x00dde5, 0x00dde6, 0x00dde7, 0x00dde8,
    0x00dde9, 0x00ddea, 0x00ddeb, 0x00ddec, 0x00dded, 0x00ddee, 0x00ddef, 0x00ddf0, 0x00ddf1,
    0x00ddf2, 0x00ddf3, 0x000000, 0x000000, 0x000000, 0x000000, 0x000000, 0x000000, 0x000000,
    0x000000, 0x000000, 0x000000, 0x000000, 0x000000, 0x000000, 0x00de31, 0x00de32, 0x00de33,
    0x00de34, 0x00de35, 0x00de36, 0x00de37, 0x00de38, 0x00de39, 0x00de3a, 0x00de3b, 0x00de3c,
    0x00de3d, 0x00de3e, 0x00de3f, 0x00de40, 0x00de41, 0x00de42, 0x00de43, 0x00de44, 0x00de45,
    0x00de46, 0x00de47, 0x00de48, 0x00de49, 0x00de4a, 0x00de4b, 0x00de4c, 0x00de4d, 0x00de4e,
    0x00de4f, 0x00de50, 0x00de51, 0x00de52, 0x00de53, 0x00de54, 0x00de55, 0x00de56, 0x00de57,
    0x00de58, 0x00de59, 0x00de5a, 0x00de5b, 0x00de5c, 0x00de5d, 0x00de5e, 0x00de5f, 0x00de60,
    0x00de61, 0x00de62, 0x00de63, 0x00de64, 0x00de65, 0x00de66, 0x00de67, 0x00de68, 0x00de69,
    0x00de6a, 0x00de6b, 0x00de6c, 0x00de6d, 0x00de6e, 0x00de6f, 0x00de70, 0x00de71, 0x00de72,
    0x00de73, 0x00de74, 0x00de75, 0x00de76, 0x00de77, 0x00de78, 0x00de79, 0x00de7a, 0x00de7b,
    0x00de7c, 0x00de7d, 0x00de7e, 0x00de91, 0x00de92, 0x00de93, 0x00de94, 0x00de95, 0x00de96,
    0x00de97, 0x00de98, 0x000000, 0x000000, 0x000000, 0x000000, 0x000000, 0x000000, 0x000000,
    0x000000, 0x000000, 0x000000, 0x000000, 0x000000, 0x000000, 0x000000, 0x000000, 0x000000,
    0x000000, 0x000000, 0x000000, 0x000000, 0x000000, 0x000000, 0x000000, 0x000000, 0x000000,
    0x000000, 0x000000, 0x000000, 0x000000, 0x000000, 0x000000, 0x000000, 0x000000, 0x000000,
    0x000000, 0x000000, 0x000000, 0x000000, 0x000000, 0x000000, 0x000000, 0x000000, 0x000000,
    0x000000, 0x000000, 0x000000, 0x000000, 0x000000, 0x000000, 0x008841, 0x008c41, 0x008444,
    0x009041, 0x008446, 0x008447, 0x009441, 0x009841, 0x009c41, 0x00844a, 0x00844b, 0x00844c,
    0x00844d, 0x00844e, 0x00844f, 0x008450, 0x00a041, 0x00a441, 0x00a841, 0x008454, 0x00ac41,
    0x00b041, 0x00b441, 0x00b841, 0x00bc41, 0x00c041, 0x00c441, 0x00c841, 0x00cc41, 0x00d041,
    0x008461, 0x008481, 0x0084a1, 0x0084c1, 0x0084e1, 0x008541, 0x008561, 0x008581, 0x0085a1,
    0x0085c1, 0x0085e1, 0x008641, 0x008661, 0x008681, 0x0086a1, 0x0086c1, 0x0086e1, 0x008741,
    0x008761, 0x008781, 0x0087a1, 0x00dad4, 0x00dad5, 0x00dad6, 0x00dad7, 0x00dad8, 0x00dad9,
    0x00dada, 0x00dadb, 0x00dadc, 0x00dadd, 0x00dade, 0x00dadf, 0x00dae0, 0x00dae1, 0x00dae2,
    0x00dae3, 0x00dae4, 0x00dae5, 0x00dae6, 0x00dae7, 0x00dae8, 0x00dae9, 0x00daea, 0x00daeb,
    0x00daec, 0x00daed, 0x00daee, 0x00daef, 0x00daf0, 0x00daf1, 0x00daf2, 0x00daf3, 0x00daf4,
    0x00daf5, 0x00daf6, 0x00daf7, 0x00daf8, 0x00daf9, 0x00dafa, 0x00dafb, 0x00dafc, 0x00dafd,
    0x00dafe, 0x000000, 0x000000, 0x000000, 0x000000, 0x000000, 0x000000, 0x000000, 0x000000,
    0x000000, 0x000000, 0x000000, 0x000000, 0x000000, 0x000000, 0x000000, 0x000000, 0x000000,
    0x000000, 0x000000, 0x000000, 0x000000, 0x000000, 0x000000, 0x000000, 0x000000, 0x000000,
    0x000000, 0x000000, 0x000000, 0x000000, 0x000000, 0x000000, 0x000000, 0x000000, 0x000000,
    0x000000, 0x000000, 0x000000, 0x000000, 0x000000, 0x000000, 0x000000, 0x000000, 0x000000,
    0x000000, 0x000000, 0x000000, 0x000000, 0x000000, 0x00dd41, 0x00dd42, 0x00dd43, 0x00dd44,
    0x00dd45, 0x00dd46, 0x00dd47, 0x00dd48, 0x00dd49, 0x00dd4a, 0x00dd4b, 0x00dd4c, 0x00dd4d,
    0x00dd4e, 0x00dd4f, 0x00dd50, 0x00dd51, 0x00dd52, 0x00dd53, 0x00dd54, 0x00dd55, 0x00dd56,
    0x00dd57, 0x00dd58, 0x00dd59, 0x00dd5a, 0x00dd5b, 0x00dd5c, 0x00d9df, 0x000000, 0x000000,
    0x000000, 0x000000, 0x000000, 0x000000, 0x000000, 0x000000, 0x000000, 0x000000, 0x000000,
    0x000000, 0x000000, 0x000000, 0x000000, 0x000000, 0x000000, 0x000000, 0x000000, 0x000000,
    0x000000, 0x000000, 0x000000, 0x000000, 0x000000, 0x000000, 0x000000, 0x000000, 0x000000,
    0x000000, 0x000000, 0x000000, 0x000000, 0x000000, 0x000000, 0x00dcb1, 0x00dcb2, 0x00dcb3,
    0x00dcb4, 0x00dcb5, 0x00dcb6, 0x00dcb7, 0x00dcb8, 0x00dcb9, 0x00dcba, 0x00dcbb, 0x00dcbc,
    0x00dcbd, 0x00dcbe, 0x00dcbf, 0x00dcc0, 0x00dcc1, 0x00dcc2, 0x00dcc3, 0x00dcc4, 0x00dcc5,
    0x00dcc6, 0x00dcc7, 0x00dcc8, 0x00dcc9, 0x00dcca, 0x00dccb, 0x00dccc, 0x000000, 0x000000,
    0x00d9e8, 0x00d9de, 0x00dc59, 0x00dc5a, 0x00dc5b, 0x00dc5c, 0x00dc5d, 0x000000, 0x000000,
    0x000000, 0x00dc4a, 0x00dc4b, 0x00dc6c, 0x00dc6d, 0x00dc6e, 0x00dc46, 0x00dc47, 0x00dc48,
    0x00dc64, 0x00dc65, 0x00dc66, 0x00dc67, 0x00dc68, 0x00dc31, 0x00dc32, 0x00dc33, 0x00dc35,
    0x00dc3b, 0x00dc3c, 0x00dc3d, 0x00dc3e, 0x00dc3f, 0x00dc40, 0x00dc41, 0x00dc42, 0x00dc43,
    0x00dc44, 0x00dc37, 0x00dc38, 0x00dc39, 0x00dc3a, 0x00dc4d, 0x00dc4e, 0x00dc75, 0x00dc76,
    0x00dc77, 0x00dc78, 0x00dc71, 0x00dc72, 0x00dc73, 0x00dc4f, 0x00dc50, 0x00dc51, 0x00dc52,
    0x00dc53, 0x00dc54, 0x00dc55, 0x00dc56, 0x00dc57, 0x00dc58, 0x00dc5e, 0x00dc5f, 0x00dc60,
    0x00dc61, 0x00dc62, 0x00dc63, 0x00dc6a, 0x00dc6b, 0x00d9e3, 0x00dc7c, 0x00dc36, 0x00dc70,
    0x00dc91, 0x00d9e1, 0x00dc4c, 0x00dc7d, 0x00dc45, 0x000000, 0x000000, 0x000000, 0x000000,
    0x00dc49, 0x00dc7a, 0x000000, 0x000000, 0x00dc7b, 0x000000, 0x000000, 0x00dc6f, 0x000000,
    0x00d9e4, 0x000000, 0x000000, 0x00dc74, 0x00dc7e, 0x00dc79, 0x000000, 0x000000, 0x000000,
    0x000000, 0x000000, 0x000000, 0x000000, 0x000000, 0x000000, 0x000000, 0x000000, 0x000000,
    0x000000, 0x000000, 0x000000, 0x000000, 0x000000, 0x000000, 0x000000, 0x000000, 0x000000,
    0x000000, 0x000000, 0x000000, 0x000000, 0x000000, 0x000000, 0x000000, 0x000000, 0x000000,
    0x000000, 0x000000, 0x000000, 0x000000, 0x00f179, 0x00f2cb, 0x000000, 0x00f662, 0x000000,
    0x000000, 0x000000, 0x00e742, 0x00f1db, 0x00eab2, 0x00eabe, 0x00f7bb, 0x000000, 0x00e996,
    0x000000, 0x000000, 0x000000, 0x00f5e4, 0x000000, 0x000000, 0x00f4a6, 0x00e9e0, 0x00eba6,
    0x000000, 0x00e29a, 0x00e940, 0x000000, 0x000000, 0x000000, 0x000000, 0x00ecaa, 0x000000,
    0x000000, 0x000000, 0x000000, 0x000000, 0x000000, 0x000000, 0x000000, 0x000000, 0x000000,
    0x000000, 0x000000, 0x000000, 0x000000, 0x00f3e9, 0x000000, 0x000000, 0x000000, 0x000000,
    0x00e1fa, 0x000000, 0x000000, 0x000000, 0x000000, 0x000000, 0x00f93f, 0x00e4a1, 0x000000,
    0x00f3ab, 0x000000, 0x000000, 0x000000, 0x000000, 0x00eed1, 0x00e43c, 0x000000, 0x00e29b,
    0x000000, 0x000000, 0x000000, 0x000000, 0x000000, 0x00f3fd, 0x000000, 0x00ea4f, 0x00f8ba,
    0x00f7b9, 0x000000, 0x000000, 0x000000, 0x000000, 0x000000, 0x000000, 0x00e262, 0x000000,
    0x00ecab, 0x00f0e0, 0x000000, 0x000000, 0x000000, 0x00e29c, 0x00e0f7, 0x00eda5, 0x000000,
    0x000000, 0x000000, 0x000000, 0x000000, 0x000000, 0x000000, 0x000000, 0x000000, 0x000000,
    0x000000, 0x00e071, 0x000000, 0x00e55c, 0x000000, 0x000000, 0x000000, 0x000000, 0x000000,
    0x00f071, 0x000000, 0x000000, 0x00e973, 0x00eaad, 0x000000, 0x000000, 0x000000, 0x000000,
    0x000000, 0x000000, 0x00e0eb, 0x000000, 0x000000, 0x00e5af, 0x000000, 0x000000, 0x000000,
    0x00e697, 0x000000, 0x00edf8, 0x000000, 0x000000, 0x00ea50, 0x00f133, 0x000000, 0x00efcd,
    0x000000, 0x00f037, 0x00eff6, 0x00f8bb, 0x000000, 0x00eee9, 0x00f2cc, 0x000000, 0x000000,
    0x00e376, 0x000000, 0x000000, 0x00ea51, 0x000000, 0x000000, 0x00ed3c, 0x000000, 0x000000,
    0x00e75c, 0x00f7f1, 0x000000, 0x00e26f, 0x00f834, 0x00ee42, 0x000000, 0x00f89d, 0x000000,
    0x000000, 0x00f84d, 0x00e158, 0x00f2cd, 0x00e5d5, 0x000000, 0x000000, 0x000000, 0x000000,
    0x000000, 0x000000, 0x000000, 0x00e4a2, 0x000000, 0x000000, 0x000000, 0x00f161, 0x000000,
    0x000000, 0x000000, 0x000000, 0x000000, 0x00ed37, 0x00f162, 0x000000, 0x000000, 0x00f641,
    0x000000, 0x000000, 0x00e29d, 0x000000, 0x000000, 0x00e361, 0x00e0bf, 0x000000, 0x00f1a4,
    0x000000, 0x000000, 0x000000, 0x000000, 0x000000, 0x000000, 0x00f1a8, 0x00ea52, 0x00f672,
    0x00f1dc, 0x00e997, 0x00eb49, 0x000000, 0x000000, 0x000000, 0x00e55e, 0x000000, 0x00f545,
    0x000000, 0x000000, 0x000000, 0x00e4db, 0x00e645, 0x00f134, 0x000000, 0x000000, 0x000000,
    0x000000, 0x000000, 0x000000, 0x000000, 0x000000, 0x000000, 0x000000, 0x00ed76, 0x000000,
    0x00f3ea, 0x000000, 0x000000, 0x000000, 0x00e0ec, 0x00e0c0, 0x000000, 0x000000, 0x000000,
    0x00f194, 0x000000, 0x000000, 0x000000, 0x000000, 0x00e37a, 0x000000, 0x000000, 0x000000,
    0x000000, 0x000000, 0x000000, 0x000000, 0x00f7f2, 0x00f135, 0x00e36f, 0x000000, 0x00eeea,
    0x00e37b, 0x00e961, 0x00e8e9, 0x00f9cc, 0x000000, 0x000000, 0x000000, 0x000000, 0x000000,
    0x000000, 0x000000, 0x000000, 0x000000, 0x000000, 0x000000, 0x000000, 0x000000, 0x000000,
    0x000000, 0x000000, 0x000000, 0x000000, 0x000000, 0x000000, 0x000000, 0x000000, 0x000000,
    0x000000, 0x000000, 0x000000, 0x000000, 0x000000, 0x000000, 0x00e8d7, 0x000000, 0x000000,
    0x000000, 0x000000, 0x00e871, 0x000000, 0x00e646, 0x000000, 0x00ecdf, 0x000000, 0x00ea53,
    0x000000, 0x00ea54, 0x00e031, 0x000000, 0x000000, 0x000000, 0x00f27c, 0x000000, 0x000000,
    0x00e4a3, 0x00f247, 0x00f75f, 0x000000, 0x000000, 0x000000, 0x000000, 0x00f058, 0x00f248,
    0x00f3ac, 0x00f3a5, 0x00efce, 0x000000, 0x000000, 0x000000, 0x00f7bc, 0x000000, 0x000000,
    0x000000, 0x00edf9, 0x00f17a, 0x00e9d6, 0x00f1c2, 0x000000, 0x000000, 0x000000, 0x000000,
    0x000000, 0x000000, 0x000000, 0x000000, 0x000000, 0x000000, 0x000000, 0x000000, 0x00f735,
    0x000000, 0x000000, 0x000000, 0x000000, 0x000000, 0x00edba, 0x00e8d8, 0x000000, 0x000000,
    0x00e032, 0x000000, 0x000000, 0x00e3cd, 0x000000, 0x000000, 0x000000, 0x00f27d, 0x000000,
    0x000000, 0x000000, 0x00f17b, 0x00ea55, 0x000000, 0x00ece0, 0x000000, 0x00e059, 0x00f479,
    0x000000, 0x00e5ce, 0x000000, 0x00f646, 0x000000, 0x00e252, 0x00e657, 0x000000, 0x00ecb4,
    0x000000, 0x00f3ad, 0x000000, 0x00f072, 0x000000, 0x000000, 0x000000, 0x000000, 0x00e6c2,
    0x000000, 0x00f4a7, 0x000000, 0x000000, 0x00e1ea, 0x000000, 0x00f0ee, 0x000000, 0x000000,
    0x000000, 0x000000, 0x000000, 0x000000, 0x000000, 0x000000, 0x000000, 0x000000, 0x000000,
    0x000000, 0x000000, 0x000000, 0x000000, 0x000000, 0x00e7b2, 0x00f9a5, 0x000000, 0x000000,
    0x000000, 0x000000, 0x000000, 0x00f665, 0x00e5e2, 0x000000, 0x000000, 0x000000, 0x000000,
    0x000000, 0x000000, 0x000000, 0x000000, 0x00f745, 0x000000, 0x000000, 0x00e197, 0x00f5b5,
    0x00ed3d, 0x000000, 0x000000, 0x000000, 0x000000, 0x00eeeb, 0x00f3d5, 0x000000, 0x000000,
    0x000000, 0x00f34b, 0x000000, 0x000000, 0x00efb5, 0x000000, 0x00e159, 0x00f865, 0x000000,
    0x000000, 0x00ebd4, 0x000000, 0x000000, 0x00e6d6, 0x000000, 0x000000, 0x00e951, 0x000000,
    0x00ea56, 0x00f891, 0x00ece1, 0x000000, 0x000000, 0x000000, 0x000000, 0x000000, 0x000000,
    0x000000, 0x000000, 0x000000, 0x000000, 0x000000, 0x000000, 0x00ebf3, 0x00e998, 0x000000,
    0x00e29e, 0x000000, 0x00e8c4, 0x000000, 0x00f793, 0x000000, 0x000000, 0x00e974, 0x000000,
    0x00edef, 0x000000, 0x000000, 0x000000, 0x000000, 0x000000, 0x00e941, 0x000000, 0x000000,
    0x000000, 0x00e5d6, 0x000000, 0x000000, 0x00f4da, 0x000000, 0x00e0c1, 0x000000, 0x00e8c3,
    0x000000, 0x000000, 0x000000, 0x00e7fa, 0x00e4ee, 0x000000, 0x000000, 0x000000, 0x00f848,
    0x000000, 0x000000, 0x00f9a6, 0x00f0ef, 0x000000, 0x00f536, 0x000000, 0x00e15a, 0x00f4a8,
    0x000000, 0x00f4db, 0x000000, 0x00e8a7, 0x00f647, 0x000000, 0x00e2e6, 0x00f394, 0x00e0da,
    0x000000, 0x00eed2, 0x00e6c3, 0x00f692, 0x00ef6e, 0x000000, 0x000000, 0x000000, 0x000000,
    0x000000, 0x000000, 0x000000, 0x000000, 0x000000, 0x000000, 0x000000, 0x000000, 0x000000,
    0x00eda6, 0x000000, 0x000000, 0x000000, 0x000000, 0x00ede7, 0x000000, 0x000000, 0x000000,
    0x00e033, 0x00e137, 0x00f059, 0x000000, 0x000000, 0x000000, 0x000000, 0x000000, 0x00f746,
    0x000000, 0x000000, 0x000000, 0x000000, 0x000000, 0x00f835, 0x000000, 0x000000, 0x000000,
    0x000000, 0x00f3ae, 0x000000, 0x00f2ce, 0x000000, 0x000000, 0x000000, 0x000000, 0x000000,
    0x000000, 0x000000, 0x000000, 0x00e0ed, 0x000000, 0x000000, 0x000000, 0x000000, 0x000000,
    0x000000, 0x000000, 0x000000, 0x000000, 0x000000, 0x000000, 0x000000, 0x000000, 0x000000,
    0x00f640, 0x00f2cf, 0x00efcf, 0x000000, 0x00f6de, 0x000000, 0x000000, 0x000000, 0x000000,
    0x000000, 0x000000, 0x000000, 0x00e263, 0x000000, 0x000000, 0x000000, 0x000000, 0x00e999,
    0x000000, 0x000000, 0x000000, 0x000000, 0x000000, 0x000000, 0x000000, 0x00e8a8, 0x000000,
    0x000000, 0x000000, 0x00e0f8, 0x000000, 0x000000, 0x000000, 0x000000, 0x000000, 0x000000,
    0x00eaa1, 0x00e9e1, 0x000000, 0x000000, 0x000000, 0x000000, 0x000000, 0x000000, 0x000000,
    0x000000, 0x000000, 0x000000, 0x000000, 0x000000, 0x000000, 0x000000, 0x000000, 0x000000,
    0x000000, 0x000000, 0x00f5ca, 0x00efb6, 0x000000, 0x000000, 0x000000, 0x000000, 0x00eeec,
    0x00f27e, 0x000000, 0x00f4f0, 0x000000, 0x00eabf, 0x000000, 0x000000, 0x000000, 0x000000,
    0x000000, 0x000000, 0x00e15b, 0x000000, 0x000000, 0x000000, 0x000000, 0x000000, 0x00e351,
    0x000000, 0x000000, 0x000000, 0x00f562, 0x00eb4a, 0x000000, 0x000000, 0x000000, 0x000000,
    0x00eac0, 0x000000, 0x00e270, 0x000000, 0x000000, 0x000000, 0x00e962, 0x00f9ea, 0x000000,
    0x000000, 0x000000, 0x00e698, 0x000000, 0x000000, 0x000000, 0x00f05a, 0x000000, 0x000000,
    0x000000, 0x000000, 0x000000, 0x000000, 0x00ef79, 0x000000, 0x00ecac, 0x000000, 0x000000,
    0x000000, 0x000000, 0x000000, 0x00f4d0, 0x000000, 0x000000, 0x000000, 0x000000, 0x000000,
    0x000000, 0x000000, 0x000000, 0x000000, 0x000000, 0x000000, 0x00e034, 0x000000, 0x00e8f8,
    0x000000, 0x000000, 0x000000, 0x00ea57, 0x00f0f0, 0x00f3d6, 0x000000, 0x000000, 0x00ede2,
    0x000000, 0x00e15c, 0x000000, 0x000000, 0x00e0fb, 0x000000, 0x000000, 0x000000, 0x000000,
    0x000000, 0x000000, 0x000000, 0x000000, 0x00f073, 0x000000, 0x000000, 0x000000, 0x000000,
    0x000000, 0x000000, 0x000000, 0x000000, 0x000000, 0x000000, 0x000000, 0x000000, 0x00eac1,
    0x000000, 0x00e67d, 0x000000, 0x000000, 0x000000, 0x000000, 0x000000, 0x000000, 0x000000,
    0x000000, 0x00efd0, 0x000000, 0x000000, 0x000000, 0x000000, 0x000000, 0x000000, 0x000000,
    0x00f249, 0x000000, 0x000000, 0x000000, 0x000000, 0x00e5e3, 0x000000, 0x000000, 0x00e3d3,
    0x000000, 0x00edf0, 0x000000, 0x000000, 0x000000, 0x00ef44, 0x00f0c3, 0x000000, 0x00f03a,
    0x00f89e, 0x00f5f6, 0x00f34c, 0x00f9d4, 0x00eb4b, 0x00e253, 0x000000, 0x00e34a, 0x00f6ba,
    0x00e795, 0x00f6cd, 0x000000, 0x000000, 0x000000, 0x00ed3e, 0x000000, 0x000000, 0x000000,
    0x000000, 0x000000, 0x000000, 0x000000, 0x000000, 0x000000, 0x00e56f, 0x000000, 0x000000,
    0x000000, 0x000000, 0x000000, 0x00e377, 0x000000, 0x000000, 0x00f19f, 0x000000, 0x00e43e,
    0x00f291, 0x00e5d7, 0x00f074, 0x00f732, 0x00e1eb, 0x00e6bf, 0x00f8b1, 0x000000, 0x000000,
    0x00e1ec, 0x000000, 0x000000, 0x000000, 0x00e942, 0x00e37c, 0x00e29f, 0x00f292, 0x000000,
    0x000000, 0x000000, 0x00e152, 0x000000, 0x000000, 0x000000, 0x00e37d, 0x000000, 0x000000,
    0x000000, 0x000000, 0x000000, 0x00edf7, 0x000000, 0x000000, 0x000000, 0x00f4fc, 0x000000,
    0x000000, 0x00f232, 0x000000, 0x000000, 0x000000, 0x000000, 0x00e7b3, 0x000000, 0x000000,
    0x00e796, 0x000000, 0x00efb7, 0x000000, 0x000000, 0x000000, 0x000000, 0x000000, 0x000000,
    0x000000, 0x000000, 0x00e23e, 0x000000, 0x000000, 0x000000, 0x000000, 0x00e7a2, 0x000000,
    0x000000, 0x000000, 0x000000, 0x00e793, 0x000000, 0x00e55f, 0x000000, 0x000000, 0x000000,
    0x000000, 0x000000, 0x000000, 0x000000, 0x000000, 0x000000, 0x00eda7, 0x00e5d2, 0x000000,
    0x000000, 0x000000, 0x000000, 0x000000, 0x00e639, 0x000000, 0x000000, 0x000000, 0x000000,
    0x00f532, 0x000000, 0x00f3d7, 0x000000, 0x000000, 0x00e5d8, 0x000000, 0x00f34d, 0x00e6d0,
    0x00e560, 0x000000, 0x000000, 0x000000, 0x000000, 0x000000, 0x000000, 0x000000, 0x000000,
    0x000000, 0x000000, 0x000000, 0x000000, 0x000000, 0x000000, 0x00e6cf, 0x00f0ea, 0x00f9eb,
    0x000000, 0x000000, 0x00e8ed, 0x000000, 0x000000, 0x000000, 0x000000, 0x000000, 0x000000,
    0x000000, 0x000000, 0x000000, 0x000000, 0x000000, 0x000000, 0x000000, 0x000000, 0x00f955,
    0x00e0c2, 0x000000, 0x000000, 0x000000, 0x000000, 0x00f9d5, 0x000000, 0x00f558, 0x00ef7a,
    0x00f5f3, 0x000000, 0x000000, 0x00f7de, 0x000000, 0x000000, 0x00e4ef, 0x000000, 0x000000,
    0x00f163, 0x000000, 0x000000, 0x00e9c2, 0x00f2b7, 0x00eed4, 0x000000, 0x00e05a, 0x000000,
    0x000000, 0x000000, 0x00e7fb, 0x000000, 0x000000, 0x00f89f, 0x000000, 0x000000, 0x000000,
    0x000000, 0x000000, 0x00e63a, 0x000000, 0x000000, 0x000000, 0x000000, 0x000000, 0x00f59a,
    0x000000, 0x000000, 0x000000, 0x000000, 0x000000, 0x000000, 0x00f6f7, 0x00e93c, 0x000000,
    0x000000, 0x000000, 0x00e6d7, 0x00eaa2, 0x000000, 0x000000, 0x000000, 0x00e24e, 0x000000,
    0x00e4f0, 0x000000, 0x000000, 0x000000, 0x000000, 0x000000, 0x00f334, 0x00ebec, 0x00e2e7,
    0x00f4cb, 0x00f1a9, 0x00e04e, 0x000000, 0x000000, 0x000000, 0x000000, 0x00f591, 0x000000,
    0x000000, 0x000000, 0x00f65e, 0x000000, 0x000000, 0x00ea9d, 0x00e34b, 0x00e5b7, 0x00f293,
    0x000000, 0x000000, 0x000000, 0x000000, 0x000000, 0x000000, 0x00f538, 0x000000, 0x00e99a,
    0x000000, 0x000000, 0x000000, 0x000000, 0x00e0a7, 0x000000, 0x00e85e, 0x000000, 0x000000,
    0x000000, 0x00eb76, 0x000000, 0x000000, 0x000000, 0x000000, 0x000000, 0x000000, 0x000000,
    0x00f1a5, 0x00f294, 0x000000, 0x000000, 0x000000, 0x000000, 0x00e99b, 0x000000, 0x000000,
    0x00f7dc, 0x000000, 0x000000, 0x00f4dc, 0x000000, 0x000000, 0x000000, 0x000000, 0x000000,
    0x000000, 0x000000, 0x00f794, 0x000000, 0x00f59b, 0x000000, 0x000000, 0x000000, 0x00f993,
    0x000000, 0x000000, 0x000000, 0x00e34c, 0x00e8f9, 0x00e6b1, 0x000000, 0x000000, 0x000000,
    0x00e0fc, 0x000000, 0x000000, 0x000000, 0x00f335, 0x00e0fd, 0x000000, 0x000000, 0x000000,
    0x000000, 0x000000, 0x000000, 0x000000, 0x000000, 0x00e5f4, 0x000000, 0x000000, 0x000000,
    0x00e1ed, 0x00e035, 0x000000, 0x000000, 0x00e63b, 0x00e352, 0x000000, 0x000000, 0x000000,
    0x000000, 0x00f34e, 0x00e44d, 0x00e134, 0x000000, 0x000000, 0x000000, 0x000000, 0x000000,
    0x000000, 0x000000, 0x000000, 0x000000, 0x000000, 0x000000, 0x000000, 0x000000, 0x000000,
    0x000000, 0x000000, 0x000000, 0x000000, 0x00f846, 0x000000, 0x00e15d, 0x000000, 0x00e89c,
    0x000000, 0x00f65f, 0x000000, 0x00efb8, 0x000000, 0x00e797, 0x000000, 0x000000, 0x000000,
    0x00e15e, 0x000000, 0x000000, 0x000000, 0x000000, 0x00e6cd, 0x000000, 0x000000, 0x00e561,
    0x00efed, 0x000000, 0x00e07b, 0x00e7e2, 0x000000, 0x00f9b2, 0x000000, 0x00ecad, 0x00e65c,
    0x00e7b4, 0x000000, 0x000000, 0x00eba7, 0x00f263, 0x00e353, 0x000000, 0x000000, 0x000000,
    0x000000, 0x000000, 0x000000, 0x000000, 0x000000, 0x000000, 0x000000, 0x000000, 0x000000,
    0x000000, 0x000000, 0x00f9b3, 0x000000, 0x00e5e4, 0x000000, 0x000000, 0x00e2e8, 0x000000,
    0x00f1c3, 0x00e342, 0x000000, 0x000000, 0x00e2a0, 0x00e838, 0x000000, 0x000000, 0x000000,
    0x000000, 0x000000, 0x00f760, 0x000000, 0x000000, 0x00f9d6, 0x000000, 0x000000, 0x000000,
    0x000000, 0x00f761, 0x000000, 0x00f762, 0x00e963, 0x000000, 0x000000, 0x000000, 0x000000,
    0x00e9e2, 0x00f8f9, 0x00e9c1, 0x000000, 0x00ecb5, 0x000000, 0x000000, 0x000000, 0x000000,
    0x000000, 0x000000, 0x00f1dd, 0x00e254, 0x000000, 0x00e0a1, 0x000000, 0x000000, 0x000000,
    0x000000, 0x000000, 0x000000, 0x00e9e3, 0x000000, 0x000000, 0x000000, 0x000000, 0x00f96d,
    0x000000, 0x000000, 0x000000, 0x000000, 0x000000, 0x000000, 0x000000, 0x000000, 0x000000,
    0x00f7af, 0x000000, 0x000000, 0x000000, 0x000000, 0x000000, 0x00e49d, 0x00e2a1, 0x00ed38,
    0x000000, 0x00f546, 0x00f1a0, 0x000000, 0x000000, 0x00ecae, 0x00eeed, 0x00f9c1, 0x00e872,
    0x000000, 0x000000, 0x00e743, 0x000000, 0x000000, 0x000000, 0x00e9e4, 0x00f391, 0x00f693,
    0x00f892, 0x000000, 0x000000, 0x00e3f5, 0x000000, 0x000000, 0x00e85f, 0x000000, 0x00e964,
    0x000000, 0x00e936, 0x000000, 0x00f2bf, 0x000000, 0x000000, 0x000000, 0x000000, 0x000000,
    0x00e25f, 0x000000, 0x00eb69, 0x000000, 0x000000, 0x000000, 0x000000, 0x000000, 0x000000,
    0x00e7d6, 0x00f164, 0x00f05b, 0x000000, 0x000000, 0x00e04f, 0x00e5b0, 0x000000, 0x00e2e9,
    0x000000, 0x000000, 0x000000, 0x000000, 0x000000, 0x00f3ed, 0x000000, 0x00e15f, 0x000000,
    0x000000, 0x000000, 0x000000, 0x00ed9a, 0x000000, 0x000000, 0x000000, 0x000000, 0x000000,
    0x000000, 0x000000, 0x000000, 0x000000, 0x000000, 0x000000, 0x000000, 0x000000, 0x000000,
    0x00ed7d, 0x000000, 0x000000, 0x000000, 0x000000, 0x00e6d8, 0x000000, 0x00f9a7, 0x000000,
    0x000000, 0x000000, 0x000000, 0x00f03b, 0x00f642, 0x000000, 0x000000, 0x000000, 0x000000,
    0x00e2f0, 0x00f7bd, 0x000000, 0x000000, 0x000000, 0x000000, 0x000000, 0x000000, 0x00ee96,
    0x000000, 0x000000, 0x000000, 0x000000, 0x000000, 0x000000, 0x000000, 0x000000, 0x000000,
    0x000000, 0x000000, 0x000000, 0x000000, 0x00e0db, 0x000000, 0x000000, 0x000000, 0x000000,
    0x00f4d1, 0x000000, 0x000000, 0x000000, 0x000000, 0x00efd1, 0x00f4a9, 0x00e370, 0x00efd2,
    0x000000, 0x00e873, 0x000000, 0x000000, 0x000000, 0x000000, 0x000000, 0x000000, 0x00ec62,
    0x000000, 0x00f632, 0x00ebf4, 0x000000, 0x000000, 0x000000, 0x00e874, 0x000000, 0x000000,
    0x000000, 0x000000, 0x000000, 0x00eed5, 0x00f5bf, 0x00e2a2, 0x00e1af, 0x00e2a3, 0x000000,
    0x000000, 0x000000, 0x00e1b0, 0x00f3fe, 0x00e333, 0x00ebaf, 0x00f733, 0x000000, 0x00e036,
    0x00f6bb, 0x00f47a, 0x00ea58, 0x00efd3, 0x000000, 0x000000, 0x000000, 0x000000, 0x00ea59,
    0x000000, 0x000000, 0x000000, 0x000000, 0x000000, 0x000000, 0x000000, 0x00f9de, 0x00e050,
    0x000000, 0x000000, 0x000000, 0x00f7ea, 0x00e3ce, 0x00f264, 0x000000, 0x00e562, 0x00e7a3,
    0x00f9a8, 0x00e6d9, 0x00f6ce, 0x00f84e, 0x000000, 0x000000, 0x000000, 0x000000, 0x000000,
    0x000000, 0x000000, 0x000000, 0x000000, 0x00e2d6, 0x000000, 0x00e6f0, 0x000000, 0x00f0e1,
    0x00f755, 0x000000, 0x000000, 0x000000, 0x000000, 0x000000, 0x00e99c, 0x000000, 0x000000,
    0x00e9c3, 0x000000, 0x00f7df, 0x000000, 0x000000, 0x000000, 0x000000, 0x000000, 0x000000,
    0x000000, 0x00eeef, 0x000000, 0x000000, 0x000000, 0x000000, 0x00f9e5, 0x00f633, 0x000000,
    0x00e7fc, 0x00f9a9, 0x000000, 0x00eeee, 0x000000, 0x000000, 0x00e5e5, 0x000000, 0x000000,
    0x000000, 0x000000, 0x000000, 0x00f2d0, 0x000000, 0x00e1b1, 0x000000, 0x000000, 0x000000,
    0x000000, 0x000000, 0x000000, 0x00f6a2, 0x000000, 0x000000, 0x000000, 0x000000, 0x000000,
    0x000000, 0x000000, 0x000000, 0x000000, 0x000000, 0x000000, 0x000000, 0x000000, 0x000000,
    0x000000, 0x000000, 0x000000, 0x000000, 0x000000, 0x000000, 0x000000, 0x000000, 0x00f3b2,
    0x000000, 0x00f3b1, 0x000000, 0x000000, 0x000000, 0x000000, 0x000000, 0x000000, 0x00e1b2,
    0x000000, 0x00e83b, 0x000000, 0x00e037, 0x000000, 0x000000, 0x000000, 0x000000, 0x000000,
    0x00ece2, 0x00f8bc, 0x00e7a4, 0x000000, 0x000000, 0x00f24a, 0x000000, 0x000000, 0x000000,
    0x000000, 0x000000, 0x00f763, 0x000000, 0x000000, 0x000000, 0x000000, 0x000000, 0x00f8fa,
    0x000000, 0x00e2a4, 0x000000, 0x00e99d, 0x000000, 0x000000, 0x000000, 0x000000, 0x000000,
    0x000000, 0x000000, 0x000000, 0x000000, 0x000000, 0x000000, 0x000000, 0x000000, 0x000000,
    0x000000, 0x000000, 0x000000, 0x000000, 0x000000, 0x00f673, 0x000000, 0x000000, 0x000000,
    0x00f1aa, 0x000000, 0x000000, 0x00f431, 0x00e271, 0x000000, 0x000000, 0x000000, 0x000000,
    0x000000, 0x000000, 0x00f836, 0x000000, 0x000000, 0x000000, 0x000000, 0x00f7e0, 0x000000,
    0x000000, 0x000000, 0x000000, 0x00f166, 0x000000, 0x000000, 0x00ed7e, 0x00f7a1, 0x000000,
    0x000000, 0x00f8ef, 0x000000, 0x000000, 0x000000, 0x00f7eb, 0x00f233, 0x000000, 0x000000,
    0x000000, 0x000000, 0x000000, 0x000000, 0x000000, 0x000000, 0x000000, 0x000000, 0x000000,
    0x000000, 0x000000, 0x000000, 0x000000, 0x000000, 0x000000, 0x000000, 0x000000, 0x000000,
    0x000000, 0x000000, 0x000000, 0x00f03c, 0x000000, 0x000000, 0x000000, 0x00e038, 0x000000,
    0x000000, 0x00f59c, 0x000000, 0x000000, 0x000000, 0x000000, 0x00e1d6, 0x00f998, 0x000000,
    0x000000, 0x000000, 0x00f559, 0x000000, 0x000000, 0x000000, 0x000000, 0x000000, 0x000000,
    0x000000, 0x00f764, 0x000000, 0x000000, 0x000000, 0x000000, 0x000000, 0x00f736, 0x000000,
    0x00ea5a, 0x00f456, 0x000000, 0x000000, 0x000000, 0x000000, 0x000000, 0x000000, 0x00e6da,
    0x000000, 0x00e4d0, 0x000000, 0x000000, 0x000000, 0x000000, 0x000000, 0x000000, 0x000000,
    0x000000, 0x000000, 0x000000, 0x000000, 0x00e755, 0x000000, 0x000000, 0x000000, 0x000000,
    0x000000, 0x000000, 0x000000, 0x000000, 0x000000, 0x000000, 0x000000, 0x000000, 0x000000,
    0x000000, 0x000000, 0x000000, 0x000000, 0x000000, 0x00f076, 0x000000, 0x00f4dd, 0x000000,
    0x000000, 0x000000, 0x00ed6a, 0x000000, 0x000000, 0x000000, 0x000000, 0x000000, 0x000000,
    0x000000, 0x000000, 0x00f674, 0x000000, 0x000000, 0x000000, 0x000000, 0x00f694, 0x000000,
    0x00eac2, 0x000000, 0x000000, 0x000000, 0x000000, 0x000000, 0x000000, 0x000000, 0x000000,
    0x00e7fd, 0x000000, 0x000000, 0x000000, 0x00e198, 0x000000, 0x000000, 0x00e4ba, 0x000000,
    0x000000, 0x000000, 0x000000, 0x000000, 0x000000, 0x000000, 0x00ed3f, 0x000000, 0x000000,
    0x000000, 0x000000, 0x00f7e1, 0x000000, 0x000000, 0x000000, 0x000000, 0x000000, 0x000000,
    0x000000, 0x000000, 0x000000, 0x000000, 0x000000, 0x000000, 0x000000, 0x000000, 0x000000,
    0x000000, 0x000000, 0x000000, 0x000000, 0x000000, 0x000000, 0x000000, 0x000000, 0x000000,
    0x00f336, 0x000000, 0x000000, 0x000000, 0x00e0d3, 0x000000, 0x000000, 0x000000, 0x00eb4c,
    0x000000, 0x00f55a, 0x00e59c, 0x000000, 0x00f9aa, 0x00f7e2, 0x000000, 0x000000, 0x000000,
    0x000000, 0x000000, 0x000000, 0x000000, 0x000000, 0x000000, 0x000000, 0x000000, 0x000000,
    0x000000, 0x00f547, 0x00f9c2, 0x00f940, 0x000000, 0x00f9ec, 0x00e072, 0x000000, 0x000000,
    0x000000, 0x000000, 0x000000, 0x000000, 0x000000, 0x000000, 0x000000, 0x00f9bd, 0x000000,
    0x00f077, 0x00eac3, 0x00e3d2, 0x00e272, 0x000000, 0x00e4a4, 0x000000, 0x000000, 0x000000,
    0x000000, 0x000000, 0x000000, 0x000000, 0x000000, 0x000000, 0x000000, 0x000000, 0x000000,
    0x000000, 0x000000, 0x000000, 0x000000, 0x000000, 0x00f9ab, 0x000000, 0x00eae0, 0x000000,
    0x000000, 0x000000, 0x000000, 0x000000, 0x000000, 0x000000, 0x000000, 0x000000, 0x000000,
    0x000000, 0x000000, 0x00f457, 0x000000, 0x000000, 0x000000, 0x000000, 0x000000, 0x00eef0,
    0x000000, 0x00e37e, 0x000000, 0x000000, 0x00f4aa, 0x000000, 0x000000, 0x000000, 0x00ea5b,
    0x00f648, 0x000000, 0x000000, 0x000000, 0x000000, 0x000000, 0x000000, 0x000000, 0x000000,
    0x000000, 0x000000, 0x000000, 0x000000, 0x000000, 0x000000, 0x000000, 0x000000, 0x000000,
    0x000000, 0x000000, 0x000000, 0x000000, 0x000000, 0x000000, 0x000000, 0x00ebf5, 0x00f3b3,
    0x000000, 0x000000, 0x000000, 0x000000, 0x000000, 0x000000, 0x00f6a3, 0x000000, 0x000000,
    0x00e039, 0x000000, 0x000000, 0x000000, 0x000000, 0x000000, 0x000000, 0x000000, 0x000000,
    0x000000, 0x000000, 0x00e2a5, 0x000000, 0x000000, 0x00eac4, 0x000000, 0x000000, 0x000000,
    0x000000, 0x000000, 0x000000, 0x000000, 0x000000, 0x000000, 0x000000, 0x000000, 0x000000,
    0x000000, 0x000000, 0x000000, 0x000000, 0x000000, 0x000000, 0x000000, 0x000000, 0x000000,
    0x000000, 0x000000, 0x00ebb0, 0x000000, 0x000000, 0x00f34f, 0x000000, 0x00f634, 0x000000,
    0x00ecb6, 0x000000, 0x000000, 0x000000, 0x000000, 0x000000, 0x000000, 0x000000, 0x000000,
    0x000000, 0x000000, 0x000000, 0x000000, 0x000000, 0x000000, 0x000000, 0x000000, 0x000000,
    0x000000, 0x000000, 0x00f856, 0x000000, 0x000000, 0x000000, 0x000000, 0x000000, 0x000000,
    0x000000, 0x000000, 0x000000, 0x000000, 0x000000, 0x000000, 0x000000, 0x000000, 0x000000,
    0x000000, 0x000000, 0x000000, 0x000000, 0x000000, 0x00e391, 0x000000, 0x000000, 0x00f9ed,
    0x000000, 0x000000, 0x000000, 0x000000, 0x000000, 0x000000, 0x000000, 0x000000, 0x00e9c4,
    0x000000, 0x000000, 0x000000, 0x000000, 0x000000, 0x000000, 0x000000, 0x000000, 0x000000,
    0x000000, 0x000000, 0x00f999, 0x000000, 0x000000, 0x000000, 0x000000, 0x000000, 0x000000,
    0x000000, 0x000000, 0x000000, 0x000000, 0x000000, 0x000000, 0x000000, 0x000000, 0x000000,
    0x000000, 0x000000, 0x000000, 0x000000, 0x000000, 0x000000, 0x000000, 0x000000, 0x000000,
    0x000000, 0x000000, 0x000000, 0x000000, 0x000000, 0x000000, 0x00ee4f, 0x000000, 0x000000,
    0x000000, 0x000000, 0x000000, 0x000000, 0x00ea3d, 0x000000, 0x00f84f, 0x000000, 0x000000,
    0x000000, 0x000000, 0x000000, 0x00edf1, 0x000000, 0x000000, 0x000000, 0x000000, 0x000000,
    0x000000, 0x000000, 0x00f1c4, 0x000000, 0x000000, 0x000000, 0x000000, 0x000000, 0x000000,
    0x000000, 0x000000, 0x000000, 0x000000, 0x00e435, 0x000000, 0x000000, 0x00f9ee, 0x000000,
    0x000000, 0x000000, 0x00f5b6, 0x000000, 0x000000, 0x000000, 0x000000, 0x000000, 0x000000,
    0x000000, 0x000000, 0x00ebf6, 0x00ea5c, 0x000000, 0x000000, 0x00f96e, 0x000000, 0x00f167,
    0x000000, 0x000000, 0x000000, 0x000000, 0x000000, 0x000000, 0x000000, 0x000000, 0x000000,
    0x000000, 0x000000, 0x000000, 0x000000, 0x000000, 0x000000, 0x00e1dd, 0x000000, 0x000000,
    0x000000, 0x000000, 0x000000, 0x000000, 0x000000, 0x000000, 0x00e647, 0x00e1b3, 0x000000,
    0x000000, 0x000000, 0x000000, 0x000000, 0x00f765, 0x00edd8, 0x000000, 0x000000, 0x000000,
    0x00e2ea, 0x000000, 0x000000, 0x00e2d0, 0x000000, 0x00f05c, 0x000000, 0x000000, 0x000000,
    0x000000, 0x00f03e, 0x00f03d, 0x000000, 0x000000, 0x00e4f1, 0x000000, 0x00e4a5, 0x000000,
    0x000000, 0x000000, 0x000000, 0x000000, 0x000000, 0x00f6cf, 0x000000, 0x000000, 0x000000,
    0x000000, 0x000000, 0x000000, 0x000000, 0x000000, 0x00f234, 0x000000, 0x000000, 0x000000,
    0x000000, 0x00e334, 0x000000, 0x000000, 0x00f432, 0x000000, 0x000000, 0x000000, 0x000000,
    0x000000, 0x000000, 0x000000, 0x000000, 0x000000, 0x000000, 0x00e392, 0x000000, 0x000000,
    0x000000, 0x000000, 0x00f433, 0x000000, 0x00f6f8, 0x000000, 0x000000, 0x000000, 0x000000,
    0x00e343, 0x000000, 0x000000, 0x00e8a9, 0x000000, 0x000000, 0x00e4bb, 0x00e07c, 0x000000,
    0x00f3a6, 0x00e0d5, 0x000000, 0x000000, 0x000000, 0x000000, 0x000000, 0x000000, 0x000000,
    0x000000, 0x000000, 0x000000, 0x000000, 0x000000, 0x000000, 0x000000, 0x000000, 0x00f6e7,
    0x000000, 0x000000, 0x00e1de, 0x000000, 0x00f6a4, 0x000000, 0x000000, 0x000000, 0x00f750,
    0x000000, 0x000000, 0x000000, 0x00e4dd, 0x000000, 0x00e160, 0x000000, 0x000000, 0x000000,
    0x000000, 0x00e2a6, 0x000000, 0x000000, 0x000000, 0x000000, 0x000000, 0x000000, 0x00f695,
    0x000000, 0x000000, 0x000000, 0x00ebf7, 0x000000, 0x000000, 0x000000, 0x000000, 0x000000,
    0x00e4dc, 0x000000, 0x000000, 0x00f8a0, 0x000000, 0x000000, 0x000000, 0x000000, 0x000000,
    0x000000, 0x000000, 0x00f837, 0x000000, 0x000000, 0x000000, 0x000000, 0x000000, 0x000000,
    0x000000, 0x000000, 0x000000, 0x000000, 0x000000, 0x000000, 0x00f0d9, 0x000000, 0x00e2a7,
    0x00f03f, 0x000000, 0x000000, 0x000000, 0x000000, 0x000000, 0x000000, 0x000000, 0x000000,
    0x000000, 0x000000, 0x000000, 0x000000, 0x000000, 0x000000, 0x000000, 0x000000, 0x000000,
    0x000000, 0x000000, 0x000000, 0x000000, 0x000000, 0x000000, 0x000000, 0x000000, 0x000000,
    0x000000, 0x000000, 0x00ed91, 0x000000, 0x000000, 0x000000, 0x00efb9, 0x00f3d8, 0x000000,
    0x000000, 0x00e768, 0x000000, 0x000000, 0x00eb94, 0x000000, 0x000000, 0x000000, 0x000000,
    0x000000, 0x000000, 0x000000, 0x000000, 0x000000, 0x000000, 0x000000, 0x000000, 0x000000,
    0x000000, 0x000000, 0x000000, 0x00ee44, 0x00e99e, 0x000000, 0x000000, 0x000000, 0x000000,
    0x000000, 0x000000, 0x000000, 0x000000, 0x000000, 0x000000, 0x000000, 0x000000, 0x000000,
    0x000000, 0x000000, 0x00f4f1, 0x000000, 0x000000, 0x000000, 0x00ecd0, 0x000000, 0x000000,
    0x00f49d, 0x000000, 0x00e8c6, 0x00e393, 0x000000, 0x00e394, 0x000000, 0x000000, 0x000000,
    0x00e2dc, 0x000000, 0x00e4d1, 0x000000, 0x000000, 0x00e141, 0x00f6d8, 0x000000, 0x00e0a8,
    0x00f0bc, 0x00ed4e, 0x000000, 0x000000, 0x000000, 0x000000, 0x000000, 0x000000, 0x000000,
    0x000000, 0x000000, 0x000000, 0x000000, 0x000000, 0x000000, 0x000000, 0x000000, 0x000000,
    0x000000, 0x000000, 0x000000, 0x00f56c, 0x000000, 0x000000, 0x00e952, 0x000000, 0x000000,
    0x00f337, 0x000000, 0x000000, 0x00ee50, 0x000000, 0x000000, 0x00e07d, 0x000000, 0x000000,
    0x000000, 0x000000, 0x00ef7b, 0x00ede8, 0x00e953, 0x000000, 0x000000, 0x00f1de, 0x00e4f2,
    0x000000, 0x000000, 0x000000, 0x000000, 0x00e199, 0x000000, 0x000000, 0x000000, 0x000000,
    0x000000, 0x000000, 0x000000, 0x000000, 0x000000, 0x000000, 0x00e264, 0x00eeab, 0x000000,
    0x000000, 0x000000, 0x00e0c3, 0x000000, 0x00ebb1, 0x000000, 0x000000, 0x00f6b2, 0x000000,
    0x000000, 0x00e4f3, 0x00e4d2, 0x000000, 0x00f5c0, 0x000000, 0x000000, 0x000000, 0x00eadd,
    0x000000, 0x000000, 0x00f295, 0x00eef1, 0x000000, 0x00f9b4, 0x000000, 0x000000, 0x000000,
    0x000000, 0x000000, 0x000000, 0x000000, 0x000000, 0x000000, 0x000000, 0x000000, 0x000000,
    0x000000, 0x000000, 0x000000, 0x000000, 0x00f458, 0x000000, 0x000000, 0x000000, 0x00f4d2,
    0x000000, 0x000000, 0x00f296, 0x000000, 0x00ec63, 0x000000, 0x000000, 0x000000, 0x00e161,
    0x000000, 0x00eaea, 0x000000, 0x000000, 0x000000, 0x00efba, 0x000000, 0x000000, 0x000000,
    0x000000, 0x000000, 0x000000, 0x000000, 0x000000, 0x000000, 0x00e7d7, 0x000000, 0x000000,
    0x000000, 0x000000, 0x000000, 0x000000, 0x000000, 0x000000, 0x00f5cd, 0x000000, 0x00f3f2,
    0x00f857, 0x000000, 0x000000, 0x000000, 0x000000, 0x000000, 0x000000, 0x000000, 0x000000,
    0x00e7f8, 0x00e552, 0x000000, 0x000000, 0x000000, 0x000000, 0x00f675, 0x000000, 0x000000,
    0x000000, 0x000000, 0x00e9c5, 0x000000, 0x000000, 0x000000, 0x000000, 0x000000, 0x000000,
    0x00eef2, 0x00f1df, 0x000000, 0x000000, 0x00e05b, 0x000000, 0x00e8fa, 0x000000, 0x000000,
    0x000000, 0x00ef45, 0x000000, 0x00e4a6, 0x000000, 0x000000, 0x000000, 0x000000, 0x000000,
    0x000000, 0x00f9b5, 0x000000, 0x000000, 0x00f7c9, 0x000000, 0x00ed72, 0x000000, 0x00f8bd,
    0x000000, 0x000000, 0x00e6a4, 0x00e255, 0x000000, 0x000000, 0x000000, 0x000000, 0x00e265,
    0x00e676, 0x000000, 0x000000, 0x000000, 0x000000, 0x00edbd, 0x000000, 0x000000, 0x000000,
    0x000000, 0x000000, 0x000000, 0x00ea5d, 0x00f195, 0x000000, 0x000000, 0x00f1e0, 0x000000,
    0x000000, 0x000000, 0x000000, 0x000000, 0x000000, 0x000000, 0x000000, 0x000000, 0x00f17c,
    0x00f8be, 0x00eaeb, 0x000000, 0x00ebf8, 0x000000, 0x000000, 0x000000, 0x000000, 0x000000,
    0x000000, 0x000000, 0x000000, 0x000000, 0x000000, 0x000000, 0x000000, 0x000000, 0x000000,
    0x000000, 0x00f7be, 0x000000, 0x000000, 0x000000, 0x000000, 0x00e395, 0x00eb3a, 0x00ef72,
    0x000000, 0x000000, 0x00ec64, 0x00e49f, 0x000000, 0x00eda8, 0x000000, 0x000000, 0x000000,
    0x000000, 0x000000, 0x00e7d3, 0x000000, 0x000000, 0x000000, 0x000000, 0x00e4de, 0x000000,
    0x00f548, 0x00f6bc, 0x00e99f, 0x000000, 0x00ef7c, 0x00ed77, 0x000000, 0x000000, 0x00ecf7,
    0x000000, 0x000000, 0x000000, 0x000000, 0x000000, 0x00f138, 0x000000, 0x000000, 0x000000,
    0x000000, 0x000000, 0x000000, 0x00f893, 0x000000, 0x000000, 0x000000, 0x000000, 0x00edf2,
    0x000000, 0x000000, 0x00e396, 0x00e43f, 0x00e975, 0x000000, 0x000000, 0x000000, 0x000000,
    0x00e335, 0x00f3b4, 0x00f941, 0x00e19a, 0x000000, 0x000000, 0x00e9c6, 0x00f861, 0x000000,
    0x00f6df, 0x000000, 0x000000, 0x00f838, 0x000000, 0x000000, 0x000000, 0x000000, 0x000000,
    0x00f297, 0x000000, 0x00ea5e, 0x000000, 0x000000, 0x000000, 0x000000, 0x00eef3, 0x000000,
    0x000000, 0x00f6ac, 0x00f0c4, 0x00f1e1, 0x00eb3b, 0x00e9c7, 0x000000, 0x000000, 0x000000,
    0x000000, 0x00e443, 0x00e44f, 0x000000, 0x000000, 0x000000, 0x00e05c, 0x000000, 0x000000,
    0x000000, 0x000000, 0x00f8bf, 0x000000, 0x000000, 0x00edfd, 0x00e9e5, 0x00e75d, 0x000000,
    0x000000, 0x000000, 0x000000, 0x000000, 0x00f196, 0x000000, 0x000000, 0x000000, 0x000000,
    0x000000, 0x000000, 0x000000, 0x000000, 0x00e397, 0x000000, 0x000000, 0x00ef7d, 0x00e362,
    0x000000, 0x00e7d8, 0x000000, 0x000000, 0x000000, 0x000000, 0x000000, 0x000000, 0x000000,
    0x000000, 0x000000, 0x000000, 0x000000, 0x00f676, 0x000000, 0x000000, 0x00e8aa, 0x000000,
    0x000000, 0x000000, 0x00f6e0, 0x000000, 0x000000, 0x000000, 0x000000, 0x000000, 0x000000,
    0x000000, 0x000000, 0x000000, 0x000000, 0x000000, 0x000000, 0x00e769, 0x000000, 0x00f533,
    0x000000, 0x000000, 0x00f56d, 0x000000, 0x000000, 0x000000, 0x00f2d1, 0x000000, 0x000000,
    0x00e7b5, 0x000000, 0x000000, 0x00f1ab, 0x000000, 0x00ecb7, 0x000000, 0x000000, 0x000000,
    0x000000, 0x00f24b, 0x00e1b4, 0x000000, 0x00eb95, 0x00f05d, 0x000000, 0x000000, 0x000000,
    0x000000, 0x00f197, 0x00ef7e, 0x000000, 0x00e0a9, 0x00f3af, 0x000000, 0x000000, 0x000000,
    0x000000, 0x000000, 0x000000, 0x000000, 0x000000, 0x00e05d, 0x000000, 0x00f139, 0x000000,
    0x00f47b, 0x000000, 0x00f9ef, 0x000000, 0x00f7f3, 0x000000, 0x000000, 0x000000, 0x000000,
    0x000000, 0x000000, 0x000000, 0x000000, 0x000000, 0x00ee51, 0x000000, 0x000000, 0x00f168,
    0x000000, 0x000000, 0x000000, 0x00f1ac, 0x000000, 0x00f05e, 0x000000, 0x00ef6f, 0x000000,
    0x000000, 0x000000, 0x000000, 0x000000, 0x000000, 0x000000, 0x000000, 0x000000, 0x000000,
    0x000000, 0x000000, 0x000000, 0x00ea5f, 0x000000, 0x000000, 0x000000, 0x000000, 0x000000,
    0x000000, 0x00e436, 0x000000, 0x000000, 0x00eef4, 0x00e3d6, 0x000000, 0x000000, 0x00ee52,
    0x00ece3, 0x000000, 0x000000, 0x000000, 0x000000, 0x00ed40, 0x000000, 0x000000, 0x000000,
    0x00e744, 0x000000, 0x000000, 0x000000, 0x000000, 0x000000, 0x000000, 0x000000, 0x000000,
    0x000000, 0x000000, 0x000000, 0x000000, 0x00f635, 0x000000, 0x000000, 0x000000, 0x000000,
    0x000000, 0x00f4de, 0x000000, 0x000000, 0x000000, 0x00e6a5, 0x000000, 0x000000, 0x000000,
    0x000000, 0x00f6e8, 0x000000, 0x000000, 0x00ef56, 0x000000, 0x000000, 0x000000, 0x000000,
    0x000000, 0x000000, 0x000000, 0x000000, 0x000000, 0x000000, 0x000000, 0x000000, 0x000000,
    0x000000, 0x000000, 0x000000, 0x00f8e6, 0x000000, 0x000000, 0x000000, 0x000000, 0x000000,
    0x000000, 0x000000, 0x00e9e6, 0x000000, 0x000000, 0x000000, 0x00e9a0, 0x000000, 0x000000,
    0x000000, 0x000000, 0x000000, 0x000000, 0x000000, 0x000000, 0x000000, 0x000000, 0x000000,
    0x000000, 0x000000, 0x000000, 0x000000, 0x000000, 0x000000, 0x000000, 0x000000, 0x000000,
    0x000000, 0x000000, 0x000000, 0x000000, 0x000000, 0x00e76a, 0x000000, 0x000000, 0x000000,
    0x000000, 0x000000, 0x000000, 0x000000, 0x00e83c, 0x00f040, 0x000000, 0x000000, 0x000000,
    0x000000, 0x000000, 0x000000, 0x000000, 0x000000, 0x00ecb8, 0x000000, 0x000000, 0x000000,
    0x000000, 0x000000, 0x000000, 0x000000, 0x000000, 0x000000, 0x000000, 0x000000, 0x000000,
    0x000000, 0x000000, 0x000000, 0x000000, 0x000000, 0x000000, 0x000000, 0x000000, 0x000000,
    0x000000, 0x000000, 0x000000, 0x000000, 0x000000, 0x000000, 0x00e03a, 0x00ebf9, 0x000000,
    0x00f041, 0x000000, 0x000000, 0x000000, 0x000000, 0x00f47c, 0x000000, 0x000000, 0x00f87e,
    0x000000, 0x000000, 0x000000, 0x000000, 0x000000, 0x000000, 0x000000, 0x000000, 0x000000,
    0x000000, 0x000000, 0x000000, 0x000000, 0x000000, 0x000000, 0x000000, 0x000000, 0x000000,
    0x000000, 0x000000, 0x00f265, 0x000000, 0x000000, 0x000000, 0x000000, 0x00f7f4, 0x000000,
    0x000000, 0x00e47c, 0x000000, 0x000000, 0x000000, 0x000000, 0x000000, 0x000000, 0x000000,
    0x000000, 0x000000, 0x000000, 0x000000, 0x000000, 0x000000, 0x000000, 0x000000, 0x000000,
    0x000000, 0x000000, 0x000000, 0x000000, 0x000000, 0x000000, 0x00f8fb, 0x000000, 0x000000,
    0x000000, 0x00f9f0, 0x000000, 0x00eb4d, 0x00e273, 0x000000, 0x000000, 0x000000, 0x000000,
    0x000000, 0x000000, 0x000000, 0x000000, 0x000000, 0x00f756, 0x000000, 0x000000, 0x000000,
    0x000000, 0x000000, 0x000000, 0x000000, 0x000000, 0x000000, 0x000000, 0x000000, 0x000000,
    0x000000, 0x000000, 0x000000, 0x000000, 0x000000, 0x000000, 0x000000, 0x00ea3e, 0x000000,
    0x000000, 0x000000, 0x000000, 0x000000, 0x000000, 0x000000, 0x000000, 0x000000, 0x000000,
    0x000000, 0x000000, 0x000000, 0x000000, 0x000000, 0x000000, 0x000000, 0x000000, 0x000000,
    0x000000, 0x000000, 0x00eac5, 0x000000, 0x000000, 0x00edbe, 0x000000, 0x000000, 0x000000,
    0x000000, 0x000000, 0x000000, 0x000000, 0x000000, 0x000000, 0x000000, 0x000000, 0x000000,
    0x00f1ad, 0x00f87a, 0x000000, 0x000000, 0x00e1ee, 0x00f1a6, 0x000000, 0x00f1ae, 0x00f37d,
    0x000000, 0x00e9a1, 0x000000, 0x00f1af, 0x00f99a, 0x000000, 0x00e77b, 0x000000, 0x000000,
    0x000000, 0x00e19b, 0x00e1b5, 0x000000, 0x000000, 0x000000, 0x000000, 0x00f839, 0x000000,
    0x00ebdd, 0x000000, 0x000000, 0x000000, 0x000000, 0x00ec65, 0x00f1cf, 0x000000, 0x000000,
    0x000000, 0x00e9a2, 0x000000, 0x000000, 0x00f7ca, 0x000000, 0x00f078, 0x000000, 0x00eded,
    0x000000, 0x000000, 0x000000, 0x000000, 0x000000, 0x00e4eb, 0x000000, 0x00efd4, 0x00ebfa,
    0x00ed5c, 0x000000, 0x00ebe4, 0x00ef57, 0x000000, 0x000000, 0x00e26b, 0x000000, 0x000000,
    0x000000, 0x00e965, 0x000000, 0x00f6b5, 0x00f995, 0x00f395, 0x00e23f, 0x00f3b5, 0x00f2d2,
    0x00ef58, 0x00f0f1, 0x000000, 0x000000, 0x000000, 0x000000, 0x000000, 0x00e0d4, 0x00eb4e,
    0x00ecf8, 0x00f079, 0x00f942, 0x000000, 0x000000, 0x000000, 0x000000, 0x000000, 0x00eb96,
    0x000000, 0x00e2e0, 0x000000, 0x00f235, 0x000000, 0x000000, 0x00f83a, 0x00ee53, 0x00ebb2,
    0x00e03b, 0x000000, 0x00ece4, 0x00efbb, 0x000000, 0x000000, 0x000000, 0x000000, 0x000000,
    0x00ec66, 0x00f4f2, 0x000000, 0x00f266, 0x00f042, 0x00e398, 0x00f169, 0x00e85b, 0x00e2a8,
    0x000000, 0x000000, 0x000000, 0x000000, 0x00e9a3, 0x000000, 0x000000, 0x000000, 0x00e76b,
    0x000000, 0x00f7ce, 0x00efd5, 0x00ecd1, 0x000000, 0x000000, 0x00e44c, 0x000000, 0x000000,
    0x000000, 0x000000, 0x000000, 0x000000, 0x00e73c, 0x00f4cc, 0x000000, 0x00e1fb, 0x00f666,
    0x000000, 0x00eef5, 0x00ef91, 0x00ecf9, 0x00e44b, 0x00f4f3, 0x00ecfb, 0x000000, 0x00ea60,
    0x00e240, 0x000000, 0x00e699, 0x00f3d9, 0x000000, 0x000000, 0x000000, 0x000000, 0x000000,
    0x00f5c1, 0x00e954, 0x000000, 0x00f5bb, 0x000000, 0x00ea61, 0x000000, 0x000000, 0x000000,
    0x000000, 0x000000, 0x00e976, 0x000000, 0x000000, 0x00ea62, 0x000000, 0x000000, 0x00f1e2,
    0x00f298, 0x00f05f, 0x00f37e, 0x00ecfc, 0x000000, 0x00e4df, 0x00e4f4, 0x00ebb3, 0x000000,
    0x00ebb4, 0x000000, 0x000000, 0x000000, 0x000000, 0x00f563, 0x000000, 0x000000, 0x00eac6,
    0x000000, 0x000000, 0x000000, 0x000000, 0x000000, 0x000000, 0x000000, 0x000000, 0x000000,
    0x000000, 0x00efd6, 0x000000, 0x000000, 0x000000, 0x00e8ab, 0x000000, 0x000000, 0x000000,
    0x000000, 0x000000, 0x000000, 0x000000, 0x000000, 0x00f636, 0x000000, 0x000000, 0x000000,
    0x000000, 0x000000, 0x000000, 0x00ecb9, 0x00f0c5, 0x00f539, 0x00e1b6, 0x00e49b, 0x000000,
    0x00e83d, 0x00e473, 0x00e2d1, 0x000000, 0x000000, 0x000000, 0x000000, 0x00e0dc, 0x00e19c,
    0x000000, 0x00e2dd, 0x000000, 0x000000, 0x00ef39, 0x000000, 0x00ecbb, 0x00ecba, 0x000000,
    0x000000, 0x00eb6a, 0x000000, 0x000000, 0x000000, 0x00f299, 0x000000, 0x000000, 0x000000,
    0x000000, 0x000000, 0x00e943, 0x000000, 0x000000, 0x000000, 0x000000, 0x00e4f5, 0x000000,
    0x00e6a6, 0x000000, 0x00f645, 0x00e6db, 0x000000, 0x000000, 0x000000, 0x000000, 0x000000,
    0x000000, 0x00ebd5, 0x000000, 0x000000, 0x00e57a, 0x000000, 0x00eaa3, 0x000000, 0x000000,
    0x000000, 0x000000, 0x000000, 0x000000, 0x000000, 0x00f9df, 0x000000, 0x000000, 0x000000,
    0x000000, 0x000000, 0x000000, 0x000000, 0x000000, 0x000000, 0x000000, 0x000000, 0x000000,
    0x000000, 0x000000, 0x000000, 0x000000, 0x00e399, 0x00f1d4, 0x000000, 0x000000, 0x000000,
    0x000000, 0x000000, 0x000000, 0x000000, 0x000000, 0x000000, 0x000000, 0x000000, 0x000000,
    0x000000, 0x000000, 0x000000, 0x00e0aa, 0x000000, 0x000000, 0x000000, 0x000000, 0x000000,
    0x000000, 0x000000, 0x00ed6b, 0x000000, 0x00ebfb, 0x00e0a2, 0x000000, 0x000000, 0x000000,
    0x000000, 0x00e4e0, 0x000000, 0x00ed4f, 0x000000, 0x00f8c0, 0x000000, 0x00e84e, 0x00ed5d,
    0x000000, 0x00e649, 0x000000, 0x000000, 0x000000, 0x00f2c0, 0x000000, 0x00ebfc, 0x000000,
    0x000000, 0x000000, 0x000000, 0x000000, 0x000000, 0x000000, 0x000000, 0x000000, 0x000000,
    0x000000, 0x000000, 0x000000, 0x000000, 0x000000, 0x000000, 0x000000, 0x000000, 0x000000,
    0x000000, 0x000000, 0x000000, 0x000000, 0x000000, 0x00f649, 0x000000, 0x000000, 0x000000,
    0x000000, 0x000000, 0x000000, 0x00eac7, 0x000000, 0x000000, 0x000000, 0x000000, 0x000000,
    0x000000, 0x000000, 0x00ed41, 0x000000, 0x000000, 0x000000, 0x000000, 0x000000, 0x000000,
    0x00e977, 0x00e978, 0x000000, 0x000000, 0x000000, 0x00f866, 0x000000, 0x00e4f6, 0x000000,
    0x000000, 0x000000, 0x000000, 0x00f3da, 0x000000, 0x00f894, 0x000000, 0x000000, 0x000000,
    0x000000, 0x000000, 0x000000, 0x000000, 0x00ec9f, 0x000000, 0x000000, 0x000000, 0x000000,
    0x000000, 0x00e5cf, 0x00e39a, 0x000000, 0x000000, 0x00e1df, 0x000000, 0x000000, 0x00f5cb,
    0x000000, 0x00ed92, 0x00e0ab, 0x000000, 0x00e6c4, 0x000000, 0x000000, 0x000000, 0x000000,
    0x000000, 0x000000, 0x000000, 0x000000, 0x000000, 0x000000, 0x000000, 0x000000, 0x000000,
    0x00eca0, 0x000000, 0x00e9da, 0x000000, 0x000000, 0x000000, 0x000000, 0x000000, 0x000000,
    0x000000, 0x000000, 0x000000, 0x000000, 0x000000, 0x000000, 0x000000, 0x000000, 0x000000,
    0x000000, 0x000000, 0x000000, 0x000000, 0x000000, 0x000000, 0x000000, 0x00e83e, 0x00e07e,
    0x000000, 0x000000, 0x000000, 0x00e5b9, 0x000000, 0x000000, 0x000000, 0x000000, 0x000000,
    0x000000, 0x000000, 0x000000, 0x000000, 0x000000, 0x000000, 0x000000, 0x000000, 0x000000,
    0x000000, 0x000000, 0x000000, 0x000000, 0x000000, 0x000000, 0x000000, 0x000000, 0x000000,
    0x000000, 0x00eca1, 0x000000, 0x000000, 0x00ef73, 0x000000, 0x000000, 0x00f4ab, 0x000000,
    0x000000, 0x000000, 0x000000, 0x000000, 0x000000, 0x000000, 0x000000, 0x000000, 0x000000,
    0x000000, 0x000000, 0x000000, 0x000000, 0x000000, 0x000000, 0x00e2a9, 0x000000, 0x000000,
    0x000000, 0x00e4f7, 0x000000, 0x000000, 0x000000, 0x000000, 0x000000, 0x000000, 0x000000,
    0x000000, 0x000000, 0x000000, 0x000000, 0x000000, 0x000000, 0x000000, 0x000000, 0x000000,
    0x000000, 0x00e593, 0x000000, 0x000000, 0x00e274, 0x000000, 0x00ef94, 0x000000, 0x000000,
    0x000000, 0x000000, 0x000000, 0x000000, 0x000000, 0x00edf5, 0x000000, 0x000000, 0x000000,
    0x000000, 0x000000, 0x000000, 0x000000, 0x000000, 0x000000, 0x000000, 0x000000, 0x000000,
    0x000000, 0x00eeae, 0x000000, 0x00e64a, 0x000000, 0x00eaec, 0x00ed50, 0x000000, 0x000000,
    0x000000, 0x000000, 0x000000, 0x000000, 0x000000, 0x000000, 0x000000, 0x000000, 0x000000,
    0x000000, 0x000000, 0x00ef74, 0x000000, 0x000000, 0x000000, 0x000000, 0x00e745, 0x000000,
    0x000000, 0x000000, 0x00ed6c, 0x000000, 0x000000, 0x000000, 0x000000, 0x000000, 0x000000,
    0x00f549, 0x00f3b6, 0x000000, 0x000000, 0x00ec6e, 0x00ebb5, 0x000000, 0x000000, 0x00e1ef,
    0x00f3a7, 0x00e275, 0x00e0dd, 0x000000, 0x000000, 0x00e7e3, 0x000000, 0x000000, 0x00f4ac,
    0x000000, 0x000000, 0x00e39b, 0x00f13b, 0x00ea63, 0x00f6e9, 0x000000, 0x000000, 0x00f7f5,
    0x000000, 0x000000, 0x000000, 0x000000, 0x000000, 0x00ebde, 0x00e0ee, 0x000000, 0x000000,
    0x00ecbc, 0x00f766, 0x000000, 0x000000, 0x00e8ee, 0x000000, 0x000000, 0x000000, 0x000000,
    0x000000, 0x00f9f1, 0x000000, 0x000000, 0x000000, 0x000000, 0x00f6b6, 0x000000, 0x000000,
    0x000000, 0x000000, 0x00f56e, 0x000000, 0x000000, 0x00f47d, 0x000000, 0x00e8d9, 0x000000,
    0x00f338, 0x000000, 0x000000, 0x000000, 0x000000, 0x000000, 0x000000, 0x000000, 0x00ebfd,
    0x000000, 0x000000, 0x000000, 0x000000, 0x000000, 0x00ea64, 0x000000, 0x00eb3c, 0x000000,
    0x000000, 0x000000, 0x000000, 0x000000, 0x00f1e3, 0x000000, 0x000000, 0x00e4e1, 0x000000,
    0x00eac8, 0x000000, 0x000000, 0x000000, 0x000000, 0x00e7b6, 0x000000, 0x00f9ac, 0x00f2d3,
    0x000000, 0x000000, 0x000000, 0x00ed51, 0x00f77b, 0x000000, 0x00e8ac, 0x000000, 0x000000,
    0x000000, 0x000000, 0x00f956, 0x000000, 0x000000, 0x000000, 0x000000, 0x000000, 0x000000,
    0x000000, 0x000000, 0x00e73d, 0x000000, 0x000000, 0x000000, 0x000000, 0x000000, 0x000000,
    0x000000, 0x000000, 0x000000, 0x00f64a, 0x000000, 0x00e8df, 0x00e4d3, 0x00f757, 0x000000,
    0x000000, 0x000000, 0x000000, 0x000000, 0x000000, 0x000000, 0x000000, 0x000000, 0x000000,
    0x000000, 0x000000, 0x000000, 0x000000, 0x00e05e, 0x00f751, 0x00e444, 0x000000, 0x000000,
    0x00e944, 0x00f849, 0x00e05f, 0x000000, 0x00f943, 0x00f07a, 0x00f07b, 0x00e39c, 0x000000,
    0x000000, 0x000000, 0x000000, 0x00f1e4, 0x000000, 0x000000, 0x00e9e7, 0x000000, 0x000000,
    0x00eac9, 0x000000, 0x000000, 0x000000, 0x000000, 0x00eaed, 0x000000, 0x000000, 0x000000,
    0x000000, 0x000000, 0x00f24c, 0x000000, 0x00f2c1, 0x000000, 0x000000, 0x00e162, 0x000000,
    0x00e9a4, 0x000000, 0x000000, 0x000000, 0x00eaca, 0x000000, 0x000000, 0x000000, 0x000000,
    0x000000, 0x00e4f8, 0x00f3a8, 0x000000, 0x000000, 0x000000, 0x00e1b7, 0x000000, 0x00f2d4,
    0x000000, 0x000000, 0x000000, 0x000000, 0x000000, 0x000000, 0x000000, 0x00ed6d, 0x00eaee,
    0x00e0ac, 0x00efbc, 0x000000, 0x000000, 0x000000, 0x000000, 0x000000, 0x00f07c, 0x000000,
    0x000000, 0x00eacb, 0x000000, 0x000000, 0x000000, 0x000000, 0x000000, 0x00f7bf, 0x00e63f,
    0x00e5c6, 0x000000, 0x000000, 0x000000, 0x000000, 0x000000, 0x00e2aa, 0x000000, 0x000000,
    0x00e239, 0x000000, 0x000000, 0x00e69a, 0x000000, 0x000000, 0x000000, 0x00f3b7, 0x00f29a,
    0x000000, 0x000000, 0x000000, 0x00e7d9, 0x00f4df, 0x000000, 0x00f758, 0x00e256, 0x000000,
    0x000000, 0x000000, 0x000000, 0x000000, 0x000000, 0x000000, 0x000000, 0x00e5e6, 0x000000,
    0x000000, 0x000000, 0x000000, 0x000000, 0x000000, 0x00f576, 0x000000, 0x000000, 0x00ee55,
    0x00f2d5, 0x000000, 0x000000, 0x00e0ef, 0x00f96f, 0x000000, 0x000000, 0x000000, 0x000000,
    0x00e937, 0x000000, 0x000000, 0x00e677, 0x000000, 0x000000, 0x000000, 0x000000, 0x000000,
    0x00f759, 0x000000, 0x000000, 0x000000, 0x000000, 0x00ecd2, 0x000000, 0x00ecbd, 0x000000,
    0x00e2e1, 0x00f350, 0x00f16a, 0x000000, 0x00e9d7, 0x00f8f0, 0x000000, 0x000000, 0x00f13c,
    0x000000, 0x000000, 0x000000, 0x00f339, 0x000000, 0x000000, 0x000000, 0x000000, 0x000000,
    0x000000, 0x00f867, 0x00f8c1, 0x000000, 0x00e450, 0x000000, 0x000000, 0x000000, 0x000000,
    0x000000, 0x000000, 0x000000, 0x00edb0, 0x000000, 0x000000, 0x000000, 0x00f1e5, 0x000000,
    0x000000, 0x000000, 0x000000, 0x00e0ad, 0x000000, 0x00f7b0, 0x000000, 0x000000, 0x000000,
    0x000000, 0x000000, 0x000000, 0x000000, 0x000000, 0x00f6a5, 0x000000, 0x00e0ae, 0x000000,
    0x00e83f, 0x000000, 0x00e746, 0x000000, 0x000000, 0x000000, 0x000000, 0x000000, 0x000000,
    0x000000, 0x00e4a7, 0x00f8b2, 0x000000, 0x00f9c4, 0x000000, 0x00f13d, 0x000000, 0x000000,
    0x000000, 0x000000, 0x000000, 0x000000, 0x00f8a1, 0x000000, 0x000000, 0x000000, 0x00ede9,
    0x00efee, 0x000000, 0x00f4f4, 0x00f795, 0x00f351, 0x00ea3f, 0x00f740, 0x000000, 0x000000,
    0x00f4e0, 0x00eeaf, 0x000000, 0x000000, 0x000000, 0x000000, 0x000000, 0x00e8ad, 0x000000,
    0x00ee45, 0x000000, 0x000000, 0x00f7a8, 0x000000, 0x000000, 0x00e9d8, 0x00ef69, 0x00f2d6,
    0x000000, 0x000000, 0x000000, 0x00e4e2, 0x000000, 0x00ec6f, 0x000000, 0x000000, 0x00f970,
    0x00e6c8, 0x00f9ad, 0x000000, 0x000000, 0x000000, 0x00eaef, 0x00e163, 0x00e4f9, 0x000000,
    0x000000, 0x000000, 0x000000, 0x00e592, 0x00e8c7, 0x00ea65, 0x000000, 0x000000, 0x000000,
    0x000000, 0x00f396, 0x000000, 0x00e5d0, 0x00edd9, 0x000000, 0x000000, 0x000000, 0x000000,
    0x000000, 0x000000, 0x00f957, 0x00e966, 0x00ec70, 0x000000, 0x000000, 0x000000, 0x00e840,
    0x000000, 0x000000, 0x000000, 0x000000, 0x000000, 0x000000, 0x00f4a3, 0x000000, 0x00e4ec,
    0x000000, 0x00f55b, 0x000000, 0x000000, 0x000000, 0x00f9c5, 0x000000, 0x000000, 0x000000,
    0x00ecfd, 0x000000, 0x00f7b1, 0x000000, 0x000000, 0x000000, 0x000000, 0x000000, 0x000000,
    0x00e39d, 0x00f16b, 0x000000, 0x000000, 0x000000, 0x000000, 0x000000, 0x000000, 0x000000,
    0x000000, 0x00f5bc, 0x00f434, 0x00e75e, 0x00e75f, 0x000000, 0x000000, 0x000000, 0x000000,
    0x000000, 0x000000, 0x00f5f7, 0x000000, 0x000000, 0x000000, 0x000000, 0x000000, 0x000000,
    0x000000, 0x000000, 0x000000, 0x000000, 0x00f671, 0x000000, 0x000000, 0x000000, 0x000000,
    0x000000, 0x000000, 0x000000, 0x000000, 0x000000, 0x00e447, 0x000000, 0x000000, 0x000000,
    0x000000, 0x000000, 0x000000, 0x000000, 0x00f8ec, 0x000000, 0x00e9c8, 0x000000, 0x000000,
    0x000000, 0x000000, 0x000000, 0x000000, 0x000000, 0x000000, 0x000000, 0x000000, 0x000000,
    0x000000, 0x000000, 0x000000, 0x000000, 0x00ed78, 0x000000, 0x000000, 0x00e451, 0x000000,
    0x000000, 0x000000, 0x00f767, 0x000000, 0x000000, 0x000000, 0x000000, 0x000000, 0x00e64b,
    0x00ea66, 0x000000, 0x000000, 0x00f6bd, 0x00f13e, 0x000000, 0x000000, 0x000000, 0x00e371,
    0x000000, 0x00eb97, 0x00f043, 0x000000, 0x00e266, 0x000000, 0x000000, 0x000000, 0x000000,
    0x00e135, 0x000000, 0x000000, 0x000000, 0x000000, 0x000000, 0x000000, 0x000000, 0x000000,
    0x000000, 0x000000, 0x000000, 0x000000, 0x000000, 0x000000, 0x000000, 0x000000, 0x00f198,
    0x00ec71, 0x00ecbe, 0x000000, 0x000000, 0x000000, 0x000000, 0x000000, 0x000000, 0x000000,
    0x000000, 0x000000, 0x00f958, 0x000000, 0x000000, 0x00e1f0, 0x000000, 0x00f7f6, 0x000000,
    0x000000, 0x00eaf0, 0x000000, 0x000000, 0x000000, 0x00edbf, 0x000000, 0x000000, 0x000000,
    0x00e24f, 0x000000, 0x000000, 0x000000, 0x000000, 0x00f971, 0x00f1b0, 0x00f9d1, 0x00f64b,
    0x000000, 0x000000, 0x00f7cf, 0x00f0da, 0x00e051, 0x000000, 0x00e448, 0x00e1f1, 0x000000,
    0x00ecd3, 0x00f9e6, 0x000000, 0x000000, 0x000000, 0x000000, 0x000000, 0x000000, 0x000000,
    0x000000, 0x000000, 0x000000, 0x000000, 0x000000, 0x000000, 0x000000, 0x000000, 0x00ee7d,
    0x000000, 0x000000, 0x000000, 0x00ecfa, 0x000000, 0x000000, 0x00f33a, 0x00f7d0, 0x000000,
    0x000000, 0x000000, 0x000000, 0x000000, 0x000000, 0x00f972, 0x000000, 0x00f737, 0x000000,
    0x000000, 0x000000, 0x00ebe5, 0x00f29b, 0x000000, 0x000000, 0x000000, 0x00eef6, 0x00f07d,
    0x000000, 0x000000, 0x00f944, 0x00f5c2, 0x000000, 0x000000, 0x00e6dc, 0x000000, 0x000000,
    0x000000, 0x000000, 0x000000, 0x000000, 0x000000, 0x000000, 0x00f397, 0x000000, 0x00e9e8,
    0x00e4ed, 0x00f5fc, 0x000000, 0x00e84f, 0x000000, 0x00e19d, 0x000000, 0x000000, 0x000000,
    0x00e4fa, 0x00f534, 0x000000, 0x000000, 0x000000, 0x000000, 0x000000, 0x00f2d7, 0x000000,
    0x00e553, 0x000000, 0x000000, 0x000000, 0x000000, 0x000000, 0x000000, 0x000000, 0x000000,
    0x000000, 0x00f8e3, 0x000000, 0x000000, 0x000000, 0x000000, 0x000000, 0x000000, 0x000000,
    0x000000, 0x00f8ed, 0x000000, 0x00eb3d, 0x000000, 0x000000, 0x00f07e, 0x00f8b3, 0x00ed52,
    0x000000, 0x000000, 0x000000, 0x000000, 0x000000, 0x000000, 0x000000, 0x000000, 0x000000,
    0x000000, 0x000000, 0x000000, 0x000000, 0x000000, 0x00f677, 0x00e46d, 0x000000, 0x00eacc,
    0x000000, 0x000000, 0x00f959, 0x000000, 0x000000, 0x00eda9, 0x00eb98, 0x00f643, 0x000000,
    0x000000, 0x000000, 0x000000, 0x00ebfe, 0x000000, 0x000000, 0x000000, 0x000000, 0x00e0f0,
    0x000000, 0x00f091, 0x00f092, 0x000000, 0x000000, 0x000000, 0x00e850, 0x00f744, 0x00f0f2,
    0x000000, 0x000000, 0x000000, 0x000000, 0x000000, 0x00ed53, 0x000000, 0x000000, 0x000000,
    0x000000, 0x00efd7, 0x00ed93, 0x000000, 0x000000, 0x000000, 0x00e091, 0x000000, 0x000000,
    0x000000, 0x000000, 0x000000, 0x000000, 0x000000, 0x00e267, 0x000000, 0x000000, 0x000000,
    0x000000, 0x000000, 0x000000, 0x000000, 0x000000, 0x00f95a, 0x000000, 0x000000, 0x000000,
    0x00f4e1, 0x000000, 0x000000, 0x00e0c4, 0x000000, 0x000000, 0x000000, 0x000000, 0x00ece5,
    0x000000, 0x00e0c5, 0x00f044, 0x000000, 0x000000, 0x00efbd, 0x000000, 0x00e6c9, 0x000000,
    0x000000, 0x00f0db, 0x00f1b1, 0x000000, 0x00e153, 0x00f6be, 0x00f95b, 0x000000, 0x000000,
    0x000000, 0x000000, 0x000000, 0x000000, 0x00f796, 0x000000, 0x00e7b7, 0x000000, 0x000000,
    0x00f4d3, 0x00f4d4, 0x000000, 0x000000, 0x000000, 0x00f6e4, 0x000000, 0x00f6d1, 0x000000,
    0x000000, 0x00e747, 0x00e241, 0x00e052, 0x000000, 0x000000, 0x00f8b4, 0x00e0c6, 0x000000,
    0x000000, 0x00f398, 0x000000, 0x000000, 0x00e5e7, 0x000000, 0x00f060, 0x000000, 0x000000,
    0x000000, 0x000000, 0x000000, 0x00e164, 0x00e0af, 0x000000, 0x000000, 0x000000, 0x000000,
    0x000000, 0x00f53a, 0x00efaf, 0x000000, 0x00f5c3, 0x00efd8, 0x000000, 0x000000, 0x000000,
    0x000000, 0x000000, 0x000000, 0x000000, 0x00e9e9, 0x000000, 0x000000, 0x000000, 0x00f3f3,
    0x000000, 0x00e5fb, 0x00ea4b, 0x000000, 0x000000, 0x00f59d, 0x000000, 0x000000, 0x000000,
    0x00f9f3, 0x00f9f2, 0x00f6a6, 0x000000, 0x000000, 0x000000, 0x000000, 0x000000, 0x000000,
    0x000000, 0x000000, 0x000000, 0x00e9c9, 0x000000, 0x000000, 0x00e563, 0x000000, 0x00e138,
    0x000000, 0x00e851, 0x00e165, 0x000000, 0x00e7e4, 0x000000, 0x000000, 0x000000, 0x00f85a,
    0x000000, 0x000000, 0x000000, 0x00ede3, 0x000000, 0x000000, 0x000000, 0x00e4bc, 0x000000,
    0x000000, 0x000000, 0x00e092, 0x000000, 0x000000, 0x000000, 0x00e354, 0x000000, 0x000000,
    0x000000, 0x00e060, 0x00f83b, 0x00f0eb, 0x00eef8, 0x00e7e5, 0x000000, 0x000000, 0x000000,
    0x000000, 0x000000, 0x000000, 0x000000, 0x000000, 0x000000, 0x000000, 0x000000, 0x000000,
    0x000000, 0x000000, 0x000000, 0x000000, 0x000000, 0x000000, 0x000000, 0x000000, 0x000000,
    0x000000, 0x000000, 0x000000, 0x000000, 0x000000, 0x00e3d7, 0x000000, 0x000000, 0x000000,
    0x000000, 0x000000, 0x000000, 0x000000, 0x000000, 0x000000, 0x000000, 0x000000, 0x00f4a4,
    0x000000, 0x000000, 0x000000, 0x00e59d, 0x00f973, 0x00f868, 0x000000, 0x00f4d5, 0x000000,
    0x00e2ab, 0x000000, 0x000000, 0x00f0f3, 0x00e5fc, 0x000000, 0x000000, 0x000000, 0x000000,
    0x000000, 0x000000, 0x00e4d4, 0x00e1fc, 0x000000, 0x00e7e6, 0x000000, 0x00ec9b, 0x00ec31,
    0x00f0d4, 0x000000, 0x00eb99, 0x00ed42, 0x00e19e, 0x000000, 0x000000, 0x000000, 0x00f8e4,
    0x000000, 0x000000, 0x000000, 0x00f53b, 0x000000, 0x000000, 0x000000, 0x000000, 0x00e34d,
    0x000000, 0x00e093, 0x000000, 0x000000, 0x000000, 0x000000, 0x000000, 0x000000, 0x000000,
    0x000000, 0x00f2b8, 0x000000, 0x000000, 0x000000, 0x00e6c0, 0x000000, 0x00f29c, 0x00f9f4,
    0x000000, 0x000000, 0x00e4e3, 0x000000, 0x00f8c2, 0x000000, 0x000000, 0x000000, 0x000000,
    0x000000, 0x000000, 0x000000, 0x00e5e8, 0x00e8ae, 0x00ebb6, 0x00f747, 0x000000, 0x000000,
    0x000000, 0x000000, 0x000000, 0x00eb4f, 0x00f8c3, 0x00e9ea, 0x000000, 0x00ec32, 0x000000,
    0x00f236, 0x000000, 0x000000, 0x000000, 0x000000, 0x000000, 0x00f678, 0x000000, 0x000000,
    0x000000, 0x000000, 0x00f697, 0x000000, 0x000000, 0x000000, 0x000000, 0x000000, 0x000000,
    0x000000, 0x000000, 0x000000, 0x000000, 0x000000, 0x000000, 0x000000, 0x000000, 0x000000,
    0x000000, 0x000000, 0x000000, 0x000000, 0x000000, 0x000000, 0x00e9ca, 0x000000, 0x000000,
    0x00e372, 0x000000, 0x000000, 0x000000, 0x000000, 0x00e9a6, 0x000000, 0x000000, 0x00e9eb,
    0x000000, 0x000000, 0x00ed9b, 0x000000, 0x000000, 0x00ecaf, 0x00e39e, 0x000000, 0x000000,
    0x000000, 0x00f59e, 0x000000, 0x000000, 0x000000, 0x000000, 0x00e14c, 0x00f6ea, 0x000000,
    0x000000, 0x000000, 0x000000, 0x000000, 0x000000, 0x00ede4, 0x00eaf1, 0x000000, 0x000000,
    0x00f6e1, 0x000000, 0x00f7f7, 0x00f2b9, 0x000000, 0x000000, 0x00f768, 0x000000, 0x000000,
    0x000000, 0x000000, 0x000000, 0x000000, 0x000000, 0x000000, 0x000000, 0x000000, 0x000000,
    0x000000, 0x000000, 0x000000, 0x000000, 0x00f7a9, 0x000000, 0x000000, 0x000000, 0x000000,
    0x000000, 0x00f769, 0x000000, 0x000000, 0x000000, 0x00f24d, 0x000000, 0x000000, 0x000000,
    0x00e756, 0x000000, 0x000000, 0x00ed73, 0x00f5ce, 0x000000, 0x000000, 0x00e9d9, 0x000000,
    0x000000, 0x000000, 0x000000, 0x00e7e7, 0x00e449, 0x00e5c3, 0x000000, 0x000000, 0x00e875,
    0x00e860, 0x000000, 0x00e3d9, 0x00e268, 0x000000, 0x00e0de, 0x00f53c, 0x00e89d, 0x000000,
    0x00f679, 0x00ef95, 0x00e2ac, 0x00f392, 0x000000, 0x00f59f, 0x00e8c8, 0x000000, 0x000000,
    0x000000, 0x000000, 0x000000, 0x000000, 0x000000, 0x000000, 0x000000, 0x000000, 0x000000,
    0x000000, 0x000000, 0x000000, 0x000000, 0x00e250, 0x00ecd4, 0x00e3cf, 0x00f3f5, 0x000000,
    0x00e1f2, 0x000000, 0x00e2eb, 0x000000, 0x000000, 0x000000, 0x00e1b8, 0x000000, 0x000000,
    0x000000, 0x000000, 0x000000, 0x000000, 0x00eca6, 0x00e3da, 0x000000, 0x00f435, 0x000000,
    0x000000, 0x000000, 0x000000, 0x000000, 0x00f436, 0x000000, 0x00ed5e, 0x000000, 0x000000,
    0x000000, 0x000000, 0x000000, 0x000000, 0x000000, 0x00e4fb, 0x000000, 0x000000, 0x000000,
    0x000000, 0x000000, 0x000000, 0x000000, 0x000000, 0x000000, 0x000000, 0x000000, 0x000000,
    0x000000, 0x000000, 0x000000, 0x000000, 0x000000, 0x000000, 0x000000, 0x000000, 0x000000,
    0x000000, 0x000000, 0x000000, 0x000000, 0x00f3a9, 0x000000, 0x000000, 0x000000, 0x00f459,
    0x000000, 0x000000, 0x000000, 0x000000, 0x000000, 0x000000, 0x000000, 0x000000, 0x000000,
    0x000000, 0x00f2d8, 0x00ee59, 0x000000, 0x00e748, 0x00f895, 0x000000, 0x000000, 0x000000,
    0x000000, 0x000000, 0x000000, 0x000000, 0x000000, 0x000000, 0x00f4b5, 0x000000, 0x000000,
    0x00f734, 0x000000, 0x000000, 0x00e3f3, 0x00ee58, 0x000000, 0x000000, 0x000000, 0x000000,
    0x00f76a, 0x000000, 0x000000, 0x000000, 0x000000, 0x000000, 0x000000, 0x000000, 0x000000,
    0x000000, 0x000000, 0x000000, 0x000000, 0x000000, 0x000000, 0x000000, 0x000000, 0x000000,
    0x00e979, 0x00ea67, 0x000000, 0x000000, 0x000000, 0x000000, 0x000000, 0x00e0df, 0x000000,
    0x000000, 0x000000, 0x00e2ec, 0x000000, 0x000000, 0x000000, 0x000000, 0x00f56f, 0x000000,
    0x000000, 0x00e3f4, 0x00e44a, 0x000000, 0x000000, 0x000000, 0x00eaf2, 0x000000, 0x000000,
    0x000000, 0x00ebb7, 0x000000, 0x000000, 0x000000, 0x000000, 0x00ec33, 0x00e4fc, 0x000000,
    0x000000, 0x00f1e6, 0x000000, 0x000000, 0x000000, 0x000000, 0x000000, 0x00e8c9, 0x000000,
    0x000000, 0x000000, 0x00ed9c, 0x000000, 0x00e2de, 0x000000, 0x000000, 0x00e260, 0x000000,
    0x000000, 0x000000, 0x000000, 0x00e5d3, 0x00f4f5, 0x00f6ae, 0x000000, 0x000000, 0x00f2c8,
    0x000000, 0x00e1f3, 0x00f5cf, 0x00edf3, 0x00f352, 0x000000, 0x000000, 0x000000, 0x000000,
    0x000000, 0x000000, 0x000000, 0x000000, 0x000000, 0x000000, 0x000000, 0x000000, 0x000000,
    0x000000, 0x000000, 0x000000, 0x000000, 0x000000, 0x000000, 0x000000, 0x000000, 0x00e061,
    0x000000, 0x000000, 0x000000, 0x00f093, 0x000000, 0x00e336, 0x000000, 0x000000, 0x000000,
    0x000000, 0x000000, 0x000000, 0x000000, 0x000000, 0x00e7da, 0x00f33b, 0x000000, 0x000000,
    0x000000, 0x000000, 0x000000, 0x00f0e7, 0x000000, 0x000000, 0x000000, 0x00edc0, 0x00f945,
    0x000000, 0x000000, 0x000000, 0x000000, 0x000000, 0x00ed54, 0x000000, 0x000000, 0x000000,
    0x000000, 0x000000, 0x000000, 0x000000, 0x000000, 0x000000, 0x000000, 0x000000, 0x00e139,
    0x00f9c6, 0x000000, 0x000000, 0x000000, 0x000000, 0x000000, 0x00f045, 0x000000, 0x00edaa,
    0x00eaba, 0x000000, 0x000000, 0x000000, 0x000000, 0x000000, 0x000000, 0x000000, 0x000000,
    0x000000, 0x000000, 0x000000, 0x000000, 0x000000, 0x00ebdf, 0x000000, 0x00e861, 0x000000,
    0x000000, 0x000000, 0x000000, 0x00ebb8, 0x000000, 0x00ef96, 0x00e4fd, 0x000000, 0x000000,
    0x000000, 0x000000, 0x00ec34, 0x000000, 0x000000, 0x000000, 0x000000, 0x000000, 0x00f45a,
    0x000000, 0x000000, 0x000000, 0x000000, 0x000000, 0x000000, 0x000000, 0x000000, 0x000000,
    0x00e876, 0x00f6b3, 0x000000, 0x000000, 0x000000, 0x000000, 0x000000, 0x000000, 0x000000,
    0x000000, 0x000000, 0x000000, 0x000000, 0x000000, 0x00f9cd, 0x000000, 0x000000, 0x000000,
    0x00f4b6, 0x000000, 0x000000, 0x000000, 0x000000, 0x000000, 0x000000, 0x000000, 0x000000,
    0x000000, 0x000000, 0x000000, 0x000000, 0x000000, 0x000000, 0x000000, 0x000000, 0x000000,
    0x000000, 0x000000, 0x000000, 0x000000, 0x000000, 0x000000, 0x000000, 0x00f267, 0x000000,
    0x000000, 0x000000, 0x000000, 0x000000, 0x000000, 0x000000, 0x00f5c4, 0x000000, 0x000000,
    0x000000, 0x000000, 0x000000, 0x000000, 0x000000, 0x000000, 0x00e734, 0x000000, 0x000000,
    0x000000, 0x000000, 0x000000, 0x00f437, 0x000000, 0x000000, 0x000000, 0x000000, 0x000000,
    0x000000, 0x000000, 0x000000, 0x00e7b8, 0x00e7b9, 0x00f2c9, 0x000000, 0x000000, 0x000000,
    0x000000, 0x000000, 0x000000, 0x000000, 0x000000, 0x00e65e, 0x000000, 0x000000, 0x000000,
    0x000000, 0x000000, 0x000000, 0x000000, 0x000000, 0x00f6cb, 0x00eaae, 0x00ef97, 0x000000,
    0x000000, 0x000000, 0x000000, 0x000000, 0x000000, 0x00e445, 0x000000, 0x000000, 0x000000,
    0x00e4d5, 0x000000, 0x000000, 0x000000, 0x000000, 0x000000, 0x00f55c, 0x00e89e, 0x000000,
    0x000000, 0x000000, 0x000000, 0x000000, 0x00e7e8, 0x000000, 0x00f6eb, 0x00f5c9, 0x000000,
    0x00f4bc, 0x000000, 0x00e862, 0x000000, 0x000000, 0x000000, 0x000000, 0x000000, 0x000000,
    0x000000, 0x000000, 0x00e4b5, 0x000000, 0x000000, 0x000000, 0x000000, 0x00ef46, 0x000000,
    0x000000, 0x00e65f, 0x00f54a, 0x000000, 0x00f6c9, 0x000000, 0x000000, 0x00e13a, 0x000000,
    0x000000, 0x00f353, 0x00e166, 0x000000, 0x000000, 0x000000, 0x00e363, 0x000000, 0x00e4bd,
    0x000000, 0x000000, 0x000000, 0x00e8fb, 0x000000, 0x00e0e0, 0x000000, 0x000000, 0x000000,
    0x000000, 0x000000, 0x000000, 0x00e4e4, 0x00f699, 0x000000, 0x000000, 0x00e5ba, 0x00f4cd,
    0x00e0e1, 0x000000, 0x000000, 0x000000, 0x000000, 0x00f0f4, 0x000000, 0x000000, 0x000000,
    0x000000, 0x000000, 0x00f53d, 0x000000, 0x00f93a, 0x000000, 0x000000, 0x000000, 0x000000,
    0x000000, 0x00f6ec, 0x000000, 0x000000, 0x000000, 0x00ef98, 0x000000, 0x00e877, 0x000000,
    0x000000, 0x000000, 0x00f6cc, 0x000000, 0x000000, 0x000000, 0x000000, 0x000000, 0x000000,
    0x000000, 0x000000, 0x000000, 0x000000, 0x000000, 0x000000, 0x000000, 0x000000, 0x000000,
    0x000000, 0x000000, 0x000000, 0x000000, 0x00edc1, 0x000000, 0x000000, 0x000000, 0x000000,
    0x00eb7e, 0x000000, 0x000000, 0x000000, 0x000000, 0x000000, 0x00e5fd, 0x000000, 0x000000,
    0x000000, 0x000000, 0x000000, 0x000000, 0x00e276, 0x00f93b, 0x00e5bb, 0x000000, 0x000000,
    0x00f438, 0x000000, 0x000000, 0x000000, 0x000000, 0x000000, 0x000000, 0x00ec35, 0x00e1b9,
    0x00f094, 0x00e0c7, 0x000000, 0x00e1f4, 0x000000, 0x000000, 0x00e8af, 0x00f2d9, 0x000000,
    0x000000, 0x000000, 0x000000, 0x000000, 0x00e1ba, 0x000000, 0x000000, 0x00f99b, 0x000000,
    0x000000, 0x000000, 0x000000, 0x00eaf3, 0x00e277, 0x00e852, 0x000000, 0x00e2ad, 0x000000,
    0x000000, 0x000000, 0x000000, 0x00eef9, 0x00f738, 0x000000, 0x000000, 0x000000, 0x000000,
    0x000000, 0x000000, 0x00f4e2, 0x000000, 0x000000, 0x000000, 0x00e094, 0x00eaa4, 0x000000,
    0x000000, 0x00e554, 0x000000, 0x000000, 0x000000, 0x000000, 0x000000, 0x00e167, 0x00edc2,
    0x000000, 0x000000, 0x000000, 0x000000, 0x00e1bb, 0x000000, 0x00f2da, 0x00f268, 0x000000,
    0x00e9a7, 0x00ec36, 0x000000, 0x000000, 0x000000, 0x000000, 0x000000, 0x00eb50, 0x000000,
    0x000000, 0x00e640, 0x00f75a, 0x000000, 0x00f99c, 0x000000, 0x00e7fe, 0x000000, 0x000000,
    0x000000, 0x000000, 0x00ea40, 0x000000, 0x000000, 0x000000, 0x00e9ec, 0x00e878, 0x000000,
    0x000000, 0x000000, 0x000000, 0x000000, 0x00e570, 0x000000, 0x00e69b, 0x000000, 0x00e1d7,
    0x00ea68, 0x000000, 0x000000, 0x00f49a, 0x000000, 0x00ed66, 0x000000, 0x000000, 0x00e355,
    0x00f53e, 0x000000, 0x00e9a8, 0x000000, 0x000000, 0x000000, 0x00f1c5, 0x00f4d6, 0x000000,
    0x000000, 0x00ea69, 0x00ece6, 0x000000, 0x000000, 0x000000, 0x000000, 0x000000, 0x000000,
    0x00e4a8, 0x000000, 0x00e8b0, 0x000000, 0x000000, 0x00edda, 0x00ecbf, 0x000000, 0x000000,
    0x00e8b1, 0x000000, 0x000000, 0x000000, 0x00e5e9, 0x000000, 0x000000, 0x000000, 0x000000,
    0x000000, 0x00eb51, 0x00f2db, 0x000000, 0x000000, 0x00f379, 0x000000, 0x000000, 0x00e6b2,
    0x000000, 0x000000, 0x000000, 0x000000, 0x00e39f, 0x000000, 0x000000, 0x000000, 0x000000,
    0x000000, 0x000000, 0x000000, 0x000000, 0x00e7e9, 0x000000, 0x000000, 0x00e3a0, 0x000000,
    0x00f17d, 0x00e4a9, 0x000000, 0x00f439, 0x00f354, 0x000000, 0x000000, 0x00ec72, 0x00efef,
    0x000000, 0x000000, 0x000000, 0x00f7d1, 0x000000, 0x000000, 0x00efd9, 0x000000, 0x000000,
    0x000000, 0x000000, 0x000000, 0x00ef6a, 0x00e853, 0x00e854, 0x00e555, 0x000000, 0x00eefa,
    0x000000, 0x000000, 0x000000, 0x000000, 0x000000, 0x000000, 0x00e1e0, 0x00ecb0, 0x000000,
    0x00e8b2, 0x00f8c4, 0x000000, 0x00f4e3, 0x000000, 0x00e7a5, 0x00f8e7, 0x00e9cb, 0x00e364,
    0x000000, 0x00ee46, 0x00eb3e, 0x00f9da, 0x000000, 0x000000, 0x000000, 0x000000, 0x000000,
    0x000000, 0x000000, 0x000000, 0x00e945, 0x00eb9a, 0x00eeb1, 0x000000, 0x000000, 0x000000,
    0x000000, 0x00f5f0, 0x000000, 0x00e76c, 0x00f1c6, 0x000000, 0x000000, 0x000000, 0x000000,
    0x00ebb9, 0x000000, 0x00ecc0, 0x00f7c0, 0x00eff0, 0x000000, 0x000000, 0x00e7db, 0x000000,
    0x00f4e4, 0x000000, 0x000000, 0x000000, 0x00e946, 0x00ed79, 0x000000, 0x000000, 0x000000,
    0x000000, 0x00f355, 0x00ecc1, 0x00f95c, 0x00f95d, 0x000000, 0x000000, 0x000000, 0x000000,
    0x00f45b, 0x000000, 0x00f45c, 0x000000, 0x000000, 0x000000, 0x00ed5f, 0x000000, 0x000000,
    0x000000, 0x000000, 0x000000, 0x000000, 0x000000, 0x000000, 0x000000, 0x00f3db, 0x000000,
    0x00f869, 0x000000, 0x00f3b8, 0x00f9f5, 0x00eb9b, 0x000000, 0x000000, 0x000000, 0x000000,
    0x00eefb, 0x00f947, 0x00f974, 0x00f8c5, 0x00ece7, 0x00e749, 0x000000, 0x00f69a, 0x000000,
    0x000000, 0x00e955, 0x00e168, 0x000000, 0x000000, 0x000000, 0x00eb3f, 0x00f577, 0x000000,
    0x00f2dc, 0x00e2fc, 0x00f2dd, 0x000000, 0x00f43a, 0x000000, 0x000000, 0x000000, 0x000000,
    0x000000, 0x00f9be, 0x000000, 0x000000, 0x00e03c, 0x00f9bb, 0x00f9c7, 0x000000, 0x000000,
    0x000000, 0x000000, 0x00eeb2, 0x000000, 0x00f061, 0x00eaf4, 0x000000, 0x000000, 0x000000,
    0x000000, 0x00e3ec, 0x00ed6e, 0x00edc3, 0x000000, 0x000000, 0x000000, 0x000000, 0x00e7a6,
    0x000000, 0x000000, 0x00e1bc, 0x000000, 0x00f4e5, 0x000000, 0x000000, 0x000000, 0x000000,
    0x000000, 0x000000, 0x000000, 0x000000, 0x00f1d5, 0x000000, 0x000000, 0x00e7ba, 0x000000,
    0x000000, 0x000000, 0x00f1e7, 0x00f8b5, 0x00f77c, 0x000000, 0x000000, 0x000000, 0x000000,
    0x00eb77, 0x000000, 0x00e169, 0x000000, 0x000000, 0x00e556, 0x000000, 0x000000, 0x000000,
    0x000000, 0x00eea5, 0x000000, 0x00e5f5, 0x00e4be, 0x000000, 0x00f99d, 0x000000, 0x000000,
    0x000000, 0x000000, 0x000000, 0x000000, 0x000000, 0x000000, 0x000000, 0x000000, 0x000000,
    0x000000, 0x00ed94, 0x000000, 0x000000, 0x00eaf5, 0x000000, 0x000000, 0x00ef9a, 0x00f77d,
    0x000000, 0x000000, 0x00e257, 0x000000, 0x000000, 0x000000, 0x000000, 0x000000, 0x00f9f6,
    0x000000, 0x000000, 0x000000, 0x000000, 0x000000, 0x000000, 0x000000, 0x000000, 0x000000,
    0x00ef68, 0x000000, 0x00e1d8, 0x00eed6, 0x00e16a, 0x000000, 0x000000, 0x00e073, 0x00eaf6,
    0x00f357, 0x00f356, 0x000000, 0x00e74a, 0x000000, 0x00f3f4, 0x00f592, 0x00f5cc, 0x000000,
    0x000000, 0x00f975, 0x000000, 0x000000, 0x000000, 0x000000, 0x00f055, 0x00f095, 0x000000,
    0x00e9db, 0x000000, 0x00e967, 0x000000, 0x000000, 0x000000, 0x000000, 0x000000, 0x000000,
    0x00ea9f, 0x00f49b, 0x000000, 0x00e5c7, 0x000000, 0x000000, 0x000000, 0x00e760, 0x000000,
    0x00f358, 0x00e3a1, 0x00e3a2, 0x000000, 0x000000, 0x000000, 0x000000, 0x000000, 0x000000,
    0x00e7d4, 0x00e678, 0x00e7ca, 0x000000, 0x00e841, 0x00e757, 0x00e972, 0x00f4ce, 0x00f5f4,
    0x000000, 0x000000, 0x00f3b9, 0x000000, 0x000000, 0x00e863, 0x000000, 0x00f67a, 0x000000,
    0x000000, 0x000000, 0x00e2f5, 0x000000, 0x000000, 0x00f9ae, 0x000000, 0x000000, 0x000000,
    0x000000, 0x000000, 0x000000, 0x00e062, 0x000000, 0x000000, 0x00eab4, 0x000000, 0x000000,
    0x000000, 0x000000, 0x00e6dd, 0x00f84a, 0x00f237, 0x00f5bd, 0x000000, 0x00f797, 0x000000,
    0x000000, 0x00f1e8, 0x000000, 0x000000, 0x000000, 0x000000, 0x000000, 0x00e571, 0x000000,
    0x00e3a3, 0x00ebd6, 0x000000, 0x000000, 0x000000, 0x000000, 0x000000, 0x000000, 0x000000,
    0x000000, 0x000000, 0x000000, 0x000000, 0x000000, 0x000000, 0x00f7f8, 0x000000, 0x00e8ca,
    0x00e0f9, 0x00e564, 0x000000, 0x00e7dc, 0x000000, 0x00f24e, 0x000000, 0x00f6ed, 0x000000,
    0x000000, 0x000000, 0x00e47e, 0x000000, 0x000000, 0x00ebe6, 0x00f6f9, 0x000000, 0x000000,
    0x000000, 0x000000, 0x000000, 0x000000, 0x000000, 0x00e9ed, 0x000000, 0x00ef6b, 0x000000,
    0x00e8b3, 0x000000, 0x000000, 0x000000, 0x00e3f7, 0x00eb40, 0x000000, 0x000000, 0x00e572,
    0x000000, 0x00f667, 0x000000, 0x00e6f9, 0x000000, 0x000000, 0x00e76d, 0x000000, 0x00e1fd,
    0x00f43b, 0x000000, 0x000000, 0x000000, 0x000000, 0x000000, 0x000000, 0x000000, 0x000000,
    0x000000, 0x000000, 0x000000, 0x000000, 0x000000, 0x000000, 0x000000, 0x000000, 0x000000,
    0x00e1bd, 0x00f752, 0x000000, 0x000000, 0x00f43c, 0x000000, 0x000000, 0x00e03d, 0x00e03e,
    0x00e2ae, 0x000000, 0x000000, 0x000000, 0x000000, 0x000000, 0x00ecc2, 0x000000, 0x000000,
    0x000000, 0x000000, 0x00e947, 0x000000, 0x000000, 0x000000, 0x000000, 0x000000, 0x000000,
    0x000000, 0x000000, 0x000000, 0x000000, 0x00e8da, 0x00e7bb, 0x00e095, 0x00f663, 0x00ee9a,
    0x00f097, 0x000000, 0x000000, 0x000000, 0x000000, 0x000000, 0x00f098, 0x000000, 0x000000,
    0x00f69b, 0x000000, 0x000000, 0x000000, 0x000000, 0x000000, 0x000000, 0x000000, 0x000000,
    0x000000, 0x000000, 0x000000, 0x00e2af, 0x000000, 0x000000, 0x00e063, 0x000000, 0x000000,
    0x00e03f, 0x00e440, 0x00f3ba, 0x000000, 0x00e6b3, 0x00ecc3, 0x00f4fd, 0x00ea6a, 0x000000,
    0x000000, 0x000000, 0x000000, 0x00ea6b, 0x000000, 0x000000, 0x00f2de, 0x000000, 0x000000,
    0x000000, 0x000000, 0x000000, 0x000000, 0x000000, 0x000000, 0x000000, 0x000000, 0x000000,
    0x000000, 0x000000, 0x000000, 0x000000, 0x000000, 0x000000, 0x000000, 0x00ec73, 0x00f29d,
    0x000000, 0x000000, 0x00eaf7, 0x00e6ca, 0x000000, 0x000000, 0x000000, 0x000000, 0x000000,
    0x000000, 0x000000, 0x000000, 0x000000, 0x00e278, 0x00e8db, 0x000000, 0x000000, 0x000000,
    0x000000, 0x000000, 0x000000, 0x000000, 0x00f3bb, 0x000000, 0x000000, 0x000000, 0x000000,
    0x00eff1, 0x000000, 0x000000, 0x000000, 0x000000, 0x000000, 0x000000, 0x000000, 0x000000,
    0x00f847, 0x00e356, 0x000000, 0x000000, 0x00e13b, 0x00f238, 0x000000, 0x000000, 0x00e0fa,
    0x00f7f9, 0x00e19f, 0x00e4fe, 0x000000, 0x000000, 0x000000, 0x000000, 0x00ed60, 0x000000,
    0x000000, 0x000000, 0x000000, 0x000000, 0x00f47e, 0x000000, 0x00e565, 0x00eacd, 0x000000,
    0x00f948, 0x00e3d0, 0x000000, 0x000000, 0x000000, 0x000000, 0x000000, 0x000000, 0x000000,
    0x000000, 0x000000, 0x000000, 0x000000, 0x000000, 0x000000, 0x000000, 0x000000, 0x000000,
    0x000000, 0x000000, 0x000000, 0x000000, 0x000000, 0x000000, 0x000000, 0x000000, 0x00f45d,
    0x000000, 0x000000, 0x000000, 0x000000, 0x000000, 0x000000, 0x000000, 0x000000, 0x00f6d2,
    0x000000, 0x000000, 0x000000, 0x000000, 0x000000, 0x000000, 0x000000, 0x000000, 0x00e064,
    0x000000, 0x00e5d9, 0x000000, 0x000000, 0x000000, 0x00e76e, 0x000000, 0x000000, 0x000000,
    0x000000, 0x000000, 0x000000, 0x000000, 0x000000, 0x000000, 0x00e1d9, 0x000000, 0x000000,
    0x000000, 0x00f239, 0x00f64c, 0x000000, 0x000000, 0x00e16b, 0x000000, 0x000000, 0x000000,
    0x000000, 0x000000, 0x00f359, 0x000000, 0x00f99e, 0x000000, 0x00ef59, 0x00f5a0, 0x000000,
    0x000000, 0x000000, 0x000000, 0x00eefc, 0x00e6de, 0x000000, 0x000000, 0x000000, 0x000000,
    0x00ea6c, 0x000000, 0x00f33c, 0x00e1a0, 0x00e1e1, 0x000000, 0x00ebba, 0x000000, 0x00e8ef,
    0x00e842, 0x000000, 0x000000, 0x000000, 0x000000, 0x000000, 0x000000, 0x000000, 0x000000,
    0x000000, 0x00e3a5, 0x00e948, 0x000000, 0x000000, 0x000000, 0x00e798, 0x000000, 0x00e3a4,
    0x000000, 0x00e1e2, 0x000000, 0x000000, 0x000000, 0x000000, 0x00e97a, 0x000000, 0x000000,
    0x00f399, 0x000000, 0x00f35a, 0x00e34e, 0x000000, 0x00e9dc, 0x000000, 0x000000, 0x000000,
    0x000000, 0x00e566, 0x00e4d6, 0x000000, 0x000000, 0x000000, 0x000000, 0x000000, 0x000000,
    0x00f1d0, 0x00e1a1, 0x000000, 0x000000, 0x000000, 0x000000, 0x000000, 0x00eab5, 0x000000,
    0x000000, 0x000000, 0x00eaf8, 0x000000, 0x000000, 0x000000, 0x000000, 0x000000, 0x000000,
    0x00e531, 0x00e242, 0x000000, 0x000000, 0x000000, 0x000000, 0x000000, 0x00ef5a, 0x000000,
    0x000000, 0x000000, 0x000000, 0x00f0f5, 0x000000, 0x000000, 0x000000, 0x000000, 0x000000,
    0x000000, 0x000000, 0x00ecd5, 0x00f5d0, 0x000000, 0x000000, 0x000000, 0x00f5a1, 0x000000,
    0x000000, 0x000000, 0x000000, 0x000000, 0x000000, 0x000000, 0x000000, 0x000000, 0x000000,
    0x000000, 0x000000, 0x000000, 0x000000, 0x000000, 0x000000, 0x000000, 0x000000, 0x000000,
    0x000000, 0x00e7a7, 0x000000, 0x000000, 0x000000, 0x000000, 0x000000, 0x000000, 0x000000,
    0x000000, 0x00edab, 0x000000, 0x000000, 0x000000, 0x000000, 0x000000, 0x000000, 0x000000,
    0x000000, 0x000000, 0x000000, 0x000000, 0x000000, 0x00ee5b, 0x000000, 0x00f5f1, 0x000000,
    0x000000, 0x000000, 0x000000, 0x000000, 0x000000, 0x000000, 0x000000, 0x000000, 0x000000,
    0x00edc5, 0x000000, 0x000000, 0x000000, 0x000000, 0x000000, 0x000000, 0x000000, 0x000000,
    0x00f7a3, 0x00eb6b, 0x00f67b, 0x000000, 0x00e0f1, 0x000000, 0x00e7ea, 0x00f5a2, 0x000000,
    0x000000, 0x000000, 0x00e6d1, 0x000000, 0x00e3f8, 0x00f09a, 0x00f09b, 0x00e843, 0x000000,
    0x000000, 0x000000, 0x000000, 0x00f2df, 0x000000, 0x000000, 0x00f3ef, 0x000000, 0x00edf6,
    0x00f24f, 0x00ec74, 0x000000, 0x000000, 0x000000, 0x000000, 0x000000, 0x00e34f, 0x000000,
    0x00f83c, 0x00f5d1, 0x00eeb3, 0x000000, 0x000000, 0x000000, 0x000000, 0x000000, 0x000000,
    0x000000, 0x000000, 0x000000, 0x000000, 0x000000, 0x000000, 0x000000, 0x000000, 0x000000,
    0x000000, 0x000000, 0x000000, 0x000000, 0x000000, 0x000000, 0x00efbe, 0x000000, 0x000000,
    0x000000, 0x000000, 0x000000, 0x00f45e, 0x00e8b4, 0x000000, 0x000000, 0x000000, 0x000000,
    0x000000, 0x000000, 0x000000, 0x000000, 0x00f95e, 0x000000, 0x00e9ee, 0x000000, 0x000000,
    0x000000, 0x000000, 0x000000, 0x000000, 0x00eeb4, 0x000000, 0x000000, 0x000000, 0x000000,
    0x000000, 0x00e6b4, 0x000000, 0x000000, 0x000000, 0x000000, 0x000000, 0x000000, 0x00f6b4,
    0x000000, 0x000000, 0x000000, 0x000000, 0x00e1be, 0x000000, 0x00e879, 0x000000, 0x000000,
    0x000000, 0x000000, 0x000000, 0x000000, 0x000000, 0x00e2b0, 0x00f6d9, 0x00f4e6, 0x000000,
    0x000000, 0x00e269, 0x000000, 0x000000, 0x000000, 0x000000, 0x000000, 0x000000, 0x000000,
    0x000000, 0x000000, 0x000000, 0x000000, 0x000000, 0x000000, 0x000000, 0x000000, 0x000000,
    0x000000, 0x000000, 0x000000, 0x000000, 0x000000, 0x000000, 0x000000, 0x00e23a, 0x000000,
    0x00e0c8, 0x000000, 0x000000, 0x000000, 0x000000, 0x000000, 0x000000, 0x000000, 0x000000,
    0x000000, 0x000000, 0x000000, 0x000000, 0x000000, 0x000000, 0x000000, 0x000000, 0x00e337,
    0x000000, 0x00f35b, 0x000000, 0x00e357, 0x000000, 0x000000, 0x00ed55, 0x000000, 0x000000,
    0x000000, 0x000000, 0x000000, 0x000000, 0x000000, 0x00e8e0, 0x000000, 0x000000, 0x000000,
    0x000000, 0x000000, 0x000000, 0x00e5da, 0x000000, 0x00e6a7, 0x000000, 0x000000, 0x000000,
    0x00f250, 0x000000, 0x00f798, 0x000000, 0x000000, 0x000000, 0x000000, 0x00f5d2, 0x00f1e9,
    0x000000, 0x00e7bc, 0x000000, 0x00edc6, 0x000000, 0x000000, 0x000000, 0x000000, 0x000000,
    0x000000, 0x000000, 0x000000, 0x000000, 0x000000, 0x000000, 0x000000, 0x000000, 0x000000,
    0x000000, 0x000000, 0x000000, 0x00f5a3, 0x000000, 0x000000, 0x00e864, 0x00ec37, 0x00f8fc,
    0x000000, 0x000000, 0x00f3dc, 0x000000, 0x000000, 0x000000, 0x000000, 0x00e096, 0x000000,
    0x000000, 0x000000, 0x00ef9c, 0x000000, 0x000000, 0x00e279, 0x000000, 0x000000, 0x000000,
    0x000000, 0x000000, 0x000000, 0x00eff8, 0x00ec75, 0x000000, 0x000000, 0x000000, 0x000000,
    0x00e349, 0x00e594, 0x000000, 0x000000, 0x000000, 0x000000, 0x000000, 0x00e3a6, 0x000000,
    0x00eace, 0x000000, 0x000000, 0x000000, 0x000000, 0x000000, 0x000000, 0x000000, 0x000000,
    0x000000, 0x00f996, 0x000000, 0x000000, 0x000000, 0x000000, 0x000000, 0x000000, 0x000000,
    0x000000, 0x000000, 0x000000, 0x000000, 0x000000, 0x000000, 0x000000, 0x000000, 0x000000,
    0x000000, 0x000000, 0x000000, 0x000000, 0x00e4aa, 0x000000, 0x000000, 0x000000, 0x00e13c,
    0x000000, 0x000000, 0x000000, 0x000000, 0x00f2e0, 0x000000, 0x000000, 0x000000, 0x00ede5,
    0x00e365, 0x000000, 0x000000, 0x000000, 0x000000, 0x000000, 0x000000, 0x000000, 0x000000,
    0x00e8fc, 0x000000, 0x000000, 0x000000, 0x000000, 0x00f976, 0x000000, 0x000000, 0x000000,
    0x000000, 0x000000, 0x00e0fe, 0x00f1ea, 0x000000, 0x000000, 0x000000, 0x000000, 0x000000,
    0x000000, 0x000000, 0x000000, 0x000000, 0x000000, 0x000000, 0x000000, 0x000000, 0x000000,
    0x000000, 0x00ea41, 0x000000, 0x000000, 0x000000, 0x000000, 0x000000, 0x000000, 0x000000,
    0x00f7e3, 0x000000, 0x000000, 0x000000, 0x000000, 0x00e532, 0x00e2f6, 0x000000, 0x000000,
    0x000000, 0x000000, 0x000000, 0x000000, 0x000000, 0x000000, 0x000000, 0x000000, 0x000000,
    0x000000, 0x000000, 0x000000, 0x000000, 0x00e660, 0x000000, 0x000000, 0x000000, 0x000000,
    0x000000, 0x000000, 0x00e5ea, 0x00f3ee, 0x000000, 0x000000, 0x000000, 0x000000, 0x000000,
    0x000000, 0x000000, 0x000000, 0x000000, 0x000000, 0x000000, 0x000000, 0x000000, 0x000000,
    0x000000, 0x000000, 0x000000, 0x000000, 0x000000, 0x000000, 0x000000, 0x000000, 0x000000,
    0x000000, 0x000000, 0x000000, 0x00f85b, 0x000000, 0x000000, 0x000000, 0x000000, 0x00eda1,
    0x000000, 0x000000, 0x000000, 0x000000, 0x00e5b1, 0x000000, 0x000000, 0x000000, 0x000000,
    0x000000, 0x00e2ed, 0x000000, 0x00f1eb, 0x000000, 0x000000, 0x000000, 0x000000, 0x000000,
    0x00e5b2, 0x000000, 0x000000, 0x000000, 0x00e5bc, 0x000000, 0x000000, 0x000000, 0x000000,
    0x000000, 0x000000, 0x000000, 0x000000, 0x000000, 0x00f9e2, 0x00f4ad, 0x000000, 0x00f9db,
    0x000000, 0x000000, 0x000000, 0x000000, 0x000000, 0x000000, 0x000000, 0x000000, 0x000000,
    0x000000, 0x000000, 0x000000, 0x000000, 0x000000, 0x00efb0, 0x000000, 0x000000, 0x000000,
    0x000000, 0x000000, 0x000000, 0x000000, 0x00e3a7, 0x000000, 0x000000, 0x00f9e3, 0x00e243,
    0x000000, 0x000000, 0x000000, 0x000000, 0x000000, 0x000000, 0x00f9e4, 0x00f85e, 0x000000,
    0x000000, 0x000000, 0x000000, 0x00e040, 0x000000, 0x00f6a7, 0x000000, 0x00e2b1, 0x000000,
    0x000000, 0x000000, 0x000000, 0x000000, 0x000000, 0x000000, 0x000000, 0x000000, 0x000000,
    0x000000, 0x000000, 0x000000, 0x000000, 0x00ee32, 0x000000, 0x00f946, 0x00f43d, 0x00f2e1,
    0x00f4ae, 0x00e956, 0x00e7eb, 0x000000, 0x000000, 0x000000, 0x00ef70, 0x000000, 0x000000,
    0x000000, 0x000000, 0x000000, 0x000000, 0x000000, 0x00eba8, 0x000000, 0x000000, 0x000000,
    0x000000, 0x00e5f6, 0x00e2fd, 0x000000, 0x000000, 0x00ea6d, 0x000000, 0x000000, 0x000000,
    0x00e7d1, 0x000000, 0x000000, 0x000000, 0x00ed7a, 0x00f45f, 0x000000, 0x00f6bf, 0x000000,
    0x000000, 0x00ec76, 0x00ec38, 0x000000, 0x000000, 0x000000, 0x000000, 0x000000, 0x000000,
    0x000000, 0x000000, 0x000000, 0x000000, 0x000000, 0x00ecd6, 0x000000, 0x00f1d1, 0x000000,
    0x000000, 0x000000, 0x000000, 0x000000, 0x00eff9, 0x000000, 0x000000, 0x000000, 0x000000,
    0x000000, 0x000000, 0x000000, 0x000000, 0x000000, 0x000000, 0x000000, 0x000000, 0x000000,
    0x000000, 0x000000, 0x00e641, 0x00ea42, 0x000000, 0x000000, 0x00eb78, 0x000000, 0x000000,
    0x00e4ab, 0x000000, 0x00f0dc, 0x000000, 0x000000, 0x00eaaf, 0x000000, 0x00e053, 0x000000,
    0x000000, 0x00f29e, 0x000000, 0x00f9c3, 0x000000, 0x000000, 0x000000, 0x00f0f6, 0x00e2b2,
    0x000000, 0x000000, 0x000000, 0x000000, 0x00e7ec, 0x000000, 0x00e7bd, 0x000000, 0x00e76f,
    0x000000, 0x000000, 0x00e548, 0x00f0be, 0x00e9ef, 0x000000, 0x00e9f0, 0x00e9f1, 0x00e9f2,
    0x000000, 0x000000, 0x00e7be, 0x000000, 0x000000, 0x000000, 0x000000, 0x000000, 0x000000,
    0x000000, 0x000000, 0x000000, 0x000000, 0x000000, 0x000000, 0x000000, 0x000000, 0x000000,
    0x00f8c6, 0x00e2b3, 0x000000, 0x000000, 0x000000, 0x000000, 0x000000, 0x000000, 0x000000,
    0x000000, 0x000000, 0x000000, 0x000000, 0x000000, 0x000000, 0x000000, 0x000000, 0x000000,
    0x000000, 0x000000, 0x000000, 0x00f29f, 0x000000, 0x000000, 0x000000, 0x000000, 0x000000,
    0x000000, 0x00ed3b, 0x000000, 0x00e855, 0x000000, 0x00e77c, 0x000000, 0x000000, 0x000000,
    0x000000, 0x000000, 0x000000, 0x000000, 0x000000, 0x000000, 0x000000, 0x000000, 0x000000,
    0x000000, 0x000000, 0x000000, 0x00e3a8, 0x000000, 0x000000, 0x000000, 0x000000, 0x000000,
    0x000000, 0x000000, 0x000000, 0x000000, 0x000000, 0x000000, 0x000000, 0x000000, 0x000000,
    0x000000, 0x000000, 0x00ec39, 0x000000, 0x000000, 0x00ea4c, 0x00eeb5, 0x000000, 0x000000,
    0x000000, 0x000000, 0x000000, 0x00e8f0, 0x000000, 0x00f2e2, 0x00f3f0, 0x00e2b4, 0x000000,
    0x000000, 0x000000, 0x000000, 0x000000, 0x000000, 0x000000, 0x000000, 0x000000, 0x000000,
    0x000000, 0x00e8f1, 0x000000, 0x00eb41, 0x000000, 0x000000, 0x000000, 0x000000, 0x00eaa5,
    0x000000, 0x00f7d2, 0x000000, 0x000000, 0x00eefd, 0x000000, 0x000000, 0x00ee33, 0x00f8f1,
    0x00e0b0, 0x00f43e, 0x000000, 0x000000, 0x000000, 0x000000, 0x000000, 0x000000, 0x000000,
    0x00e1e7, 0x000000, 0x00ef6c, 0x000000, 0x000000, 0x00eed7, 0x000000, 0x000000, 0x00f6c0,
    0x000000, 0x00e373, 0x000000, 0x000000, 0x000000, 0x00e831, 0x000000, 0x000000, 0x000000,
    0x00e14d, 0x000000, 0x000000, 0x00e3a9, 0x00e9cc, 0x000000, 0x00ecfe, 0x00e3aa, 0x00ef3a,
    0x000000, 0x00f046, 0x00f7fa, 0x00ee5c, 0x00f668, 0x000000, 0x000000, 0x000000, 0x00e557,
    0x000000, 0x000000, 0x000000, 0x00e7cb, 0x000000, 0x00e7d2, 0x00e4cb, 0x00e799, 0x00e839,
    0x00f5f8, 0x000000, 0x000000, 0x00ea6e, 0x00f43f, 0x00f739, 0x000000, 0x000000, 0x000000,
    0x000000, 0x000000, 0x000000, 0x000000, 0x000000, 0x000000, 0x000000, 0x000000, 0x000000,
    0x000000, 0x000000, 0x000000, 0x00e758, 0x000000, 0x000000, 0x00f251, 0x000000, 0x000000,
    0x000000, 0x000000, 0x00f7c1, 0x000000, 0x000000, 0x000000, 0x000000, 0x00e9f3, 0x00f09c,
    0x000000, 0x00f64d, 0x00ebbb, 0x00e1bf, 0x00f564, 0x00ee5d, 0x000000, 0x00f95f, 0x00f8a2,
    0x000000, 0x00eb6c, 0x000000, 0x000000, 0x000000, 0x000000, 0x00f54b, 0x00e865, 0x000000,
    0x00f7b2, 0x000000, 0x000000, 0x000000, 0x000000, 0x000000, 0x000000, 0x00f8f2, 0x000000,
    0x00e8f6, 0x000000, 0x00ea6f, 0x000000, 0x000000, 0x000000, 0x00e8f2, 0x000000, 0x000000,
    0x000000, 0x000000, 0x000000, 0x00f76c, 0x00f6ee, 0x00f0e8, 0x000000, 0x00e49c, 0x000000,
    0x000000, 0x00f3bc, 0x000000, 0x000000, 0x00f86a, 0x000000, 0x000000, 0x00e87a, 0x00e856,
    0x00f6c1, 0x000000, 0x000000, 0x00eeb6, 0x000000, 0x000000, 0x000000, 0x000000, 0x000000,
    0x000000, 0x000000, 0x000000, 0x000000, 0x000000, 0x000000, 0x000000, 0x00edc7, 0x00e63c,
    0x000000, 0x000000, 0x000000, 0x000000, 0x00e957, 0x000000, 0x000000, 0x000000, 0x000000,
    0x000000, 0x00eba9, 0x000000, 0x00ec3a, 0x000000, 0x00e5a6, 0x000000, 0x000000, 0x00e567,
    0x000000, 0x000000, 0x000000, 0x000000, 0x000000, 0x000000, 0x00f460, 0x000000, 0x00f09d,
    0x000000, 0x00eb6d, 0x00f8f3, 0x000000, 0x000000, 0x000000, 0x000000, 0x000000, 0x000000,
    0x000000, 0x00f3bd, 0x000000, 0x000000, 0x00ec77, 0x00f9d7, 0x000000, 0x00e258, 0x00f047,
    0x000000, 0x00f950, 0x000000, 0x00f9e7, 0x00f6ef, 0x000000, 0x00e6b5, 0x000000, 0x000000,
    0x000000, 0x000000, 0x000000, 0x000000, 0x000000, 0x000000, 0x000000, 0x000000, 0x000000,
    0x000000, 0x000000, 0x000000, 0x000000, 0x000000, 0x000000, 0x000000, 0x000000, 0x000000,
    0x000000, 0x000000, 0x000000, 0x00f2ba, 0x00f3dd, 0x000000, 0x00ea43, 0x000000, 0x000000,
    0x000000, 0x000000, 0x000000, 0x000000, 0x00ef5b, 0x000000, 0x000000, 0x00f76d, 0x000000,
    0x000000, 0x00f8c7, 0x00e5c8, 0x000000, 0x00e6df, 0x000000, 0x00e9a9, 0x000000, 0x000000,
    0x000000, 0x000000, 0x000000, 0x00efb1, 0x000000, 0x000000, 0x00f83d, 0x00f669, 0x00f896,
    0x000000, 0x000000, 0x000000, 0x000000, 0x000000, 0x00f73a, 0x000000, 0x000000, 0x000000,
    0x000000, 0x000000, 0x00ee7e, 0x000000, 0x00e16c, 0x00ebbc, 0x00eb91, 0x000000, 0x000000,
    0x00efbf, 0x00f99f, 0x00ee5e, 0x000000, 0x000000, 0x00ebd7, 0x000000, 0x00ee5f, 0x000000,
    0x00f593, 0x000000, 0x000000, 0x000000, 0x000000, 0x000000, 0x000000, 0x000000, 0x000000,
    0x000000, 0x000000, 0x000000, 0x000000, 0x000000, 0x000000, 0x000000, 0x000000, 0x000000,
    0x000000, 0x000000, 0x000000, 0x000000, 0x000000, 0x000000, 0x000000, 0x000000, 0x00ed95,
    0x000000, 0x000000, 0x00ed9d, 0x000000, 0x000000, 0x00f7e4, 0x000000, 0x000000, 0x000000,
    0x000000, 0x000000, 0x000000, 0x000000, 0x000000, 0x000000, 0x000000, 0x00f2e3, 0x000000,
    0x000000, 0x00e2ee, 0x00f64e, 0x00eb42, 0x00f9a0, 0x00e3ab, 0x000000, 0x000000, 0x000000,
    0x00e6fa, 0x000000, 0x000000, 0x000000, 0x00f8c8, 0x000000, 0x00ec67, 0x000000, 0x000000,
    0x000000, 0x000000, 0x000000, 0x000000, 0x00e533, 0x00f39a, 0x00e6a8, 0x000000, 0x000000,
    0x000000, 0x00ebe7, 0x000000, 0x000000, 0x00e4bf, 0x000000, 0x000000, 0x000000, 0x000000,
    0x000000, 0x000000, 0x00f2e4, 0x000000, 0x00e6c5, 0x00f0e2, 0x000000, 0x000000, 0x00f977,
    0x000000, 0x000000, 0x00ed32, 0x000000, 0x00ec78, 0x000000, 0x00ee60, 0x000000, 0x00f8e8,
    0x00f578, 0x00edf4, 0x00f54c, 0x00f565, 0x000000, 0x000000, 0x000000, 0x000000, 0x000000,
    0x000000, 0x000000, 0x000000, 0x000000, 0x000000, 0x000000, 0x000000, 0x000000, 0x000000,
    0x000000, 0x000000, 0x000000, 0x000000, 0x000000, 0x000000, 0x000000, 0x000000, 0x000000,
    0x00eab6, 0x000000, 0x00f949, 0x00f252, 0x00e097, 0x000000, 0x000000, 0x000000, 0x00f2e5,
    0x00e0e2, 0x00e534, 0x000000, 0x00ea70, 0x00e89f, 0x00ed56, 0x00ef4e, 0x000000, 0x000000,
    0x000000, 0x000000, 0x00eb6e, 0x00f644, 0x00f062, 0x000000, 0x00f7fb, 0x000000, 0x000000,
    0x00eb52, 0x000000, 0x00e074, 0x000000, 0x00eeb7, 0x000000, 0x00f09f, 0x000000, 0x00e7dd,
    0x000000, 0x00e844, 0x00f23a, 0x00f8e9, 0x000000, 0x000000, 0x000000, 0x00e8cb, 0x00e845,
    0x000000, 0x000000, 0x000000, 0x000000, 0x000000, 0x00f3be, 0x000000, 0x000000, 0x00e4ac,
    0x000000, 0x000000, 0x000000, 0x000000, 0x000000, 0x000000, 0x000000, 0x000000, 0x00f8c9,
    0x000000, 0x00eacf, 0x000000, 0x000000, 0x00e4c0, 0x00ecd7, 0x000000, 0x00f2e6, 0x00f960,
    0x000000, 0x000000, 0x000000, 0x000000, 0x000000, 0x000000, 0x000000, 0x00efc0, 0x000000,
    0x000000, 0x000000, 0x00f5d3, 0x000000, 0x000000, 0x00f16c, 0x00f6b7, 0x000000, 0x000000,
    0x00f048, 0x00e3f9, 0x000000, 0x000000, 0x000000, 0x000000, 0x000000, 0x000000, 0x00e958,
    0x000000, 0x000000, 0x000000, 0x000000, 0x000000, 0x000000, 0x000000, 0x000000, 0x000000,
    0x000000, 0x000000, 0x000000, 0x000000, 0x000000, 0x000000, 0x000000, 0x00f049, 0x000000,
    0x000000, 0x000000, 0x000000, 0x000000, 0x00f3de, 0x000000, 0x000000, 0x000000, 0x000000,
    0x000000, 0x00e6b6, 0x00e2b5, 0x000000, 0x00e7a8, 0x000000, 0x000000, 0x00f17e, 0x000000,
    0x000000, 0x00e9aa, 0x000000, 0x000000, 0x000000, 0x000000, 0x00e1a2, 0x00ef3e, 0x000000,
    0x000000, 0x000000, 0x00ebbd, 0x000000, 0x00f461, 0x000000, 0x000000, 0x000000, 0x000000,
    0x00efc1, 0x000000, 0x000000, 0x000000, 0x00e49e, 0x000000, 0x000000, 0x000000, 0x000000,
    0x000000, 0x00e8b5, 0x000000, 0x00f4e7, 0x00e7a0, 0x000000, 0x000000, 0x000000, 0x00f961,
    0x000000, 0x00f1b2, 0x00f53f, 0x000000, 0x00f8a3, 0x000000, 0x000000, 0x00f951, 0x000000,
    0x00f23b, 0x00e535, 0x000000, 0x000000, 0x000000, 0x000000, 0x000000, 0x000000, 0x000000,
    0x000000, 0x000000, 0x000000, 0x000000, 0x000000, 0x000000, 0x000000, 0x000000, 0x000000,
    0x000000, 0x000000, 0x000000, 0x000000, 0x000000, 0x000000, 0x000000, 0x000000, 0x000000,
    0x000000, 0x00f594, 0x000000, 0x000000, 0x000000, 0x000000, 0x00f269, 0x000000, 0x000000,
    0x000000, 0x00f8ca, 0x000000, 0x000000, 0x000000, 0x000000, 0x000000, 0x00e1e3, 0x00e74b,
    0x000000, 0x00eddb, 0x00f799, 0x000000, 0x000000, 0x000000, 0x00f664, 0x000000, 0x000000,
    0x000000, 0x000000, 0x000000, 0x000000, 0x000000, 0x000000, 0x00e6a9, 0x000000, 0x00e0c9,
    0x000000, 0x000000, 0x00ee61, 0x00f35c, 0x000000, 0x000000, 0x000000, 0x000000, 0x000000,
    0x000000, 0x000000, 0x000000, 0x000000, 0x000000, 0x00e73e, 0x000000, 0x00f7d3, 0x00e5fe,
    0x000000, 0x000000, 0x000000, 0x000000, 0x000000, 0x000000, 0x000000, 0x00e74c, 0x00f440,
    0x000000, 0x000000, 0x000000, 0x000000, 0x00ec3b, 0x00f4e8, 0x000000, 0x000000, 0x000000,
    0x000000, 0x000000, 0x00f2c2, 0x000000, 0x000000, 0x000000, 0x000000, 0x000000, 0x000000,
    0x00f1ec, 0x000000, 0x00eeb8, 0x000000, 0x000000, 0x000000, 0x000000, 0x000000, 0x000000,
    0x000000, 0x000000, 0x000000, 0x000000, 0x000000, 0x000000, 0x000000, 0x000000, 0x000000,
    0x00e8a0, 0x000000, 0x000000, 0x00e14e, 0x000000, 0x000000, 0x00f49e, 0x00e87b, 0x000000,
    0x00ec68, 0x00f1d6, 0x000000, 0x000000, 0x00e661, 0x00eb43, 0x000000, 0x000000, 0x00f962,
    0x000000, 0x00f0c8, 0x000000, 0x000000, 0x000000, 0x000000, 0x000000, 0x000000, 0x000000,
    0x000000, 0x00e4c1, 0x00f35d, 0x000000, 0x00e2f7, 0x000000, 0x000000, 0x000000, 0x000000,
    0x000000, 0x000000, 0x000000, 0x000000, 0x000000, 0x00f1d2, 0x000000, 0x00e568, 0x00e959,
    0x00e6f1, 0x000000, 0x00eabb, 0x000000, 0x000000, 0x00f4a5, 0x000000, 0x000000, 0x000000,
    0x00f55d, 0x000000, 0x000000, 0x000000, 0x000000, 0x00f3bf, 0x00f741, 0x000000, 0x00effa,
    0x000000, 0x000000, 0x000000, 0x00f8cb, 0x000000, 0x000000, 0x00e065, 0x000000, 0x000000,
    0x000000, 0x000000, 0x000000, 0x000000, 0x000000, 0x000000, 0x000000, 0x000000, 0x000000,
    0x00f7d4, 0x00f6ca, 0x000000, 0x000000, 0x00e658, 0x000000, 0x000000, 0x000000, 0x000000,
    0x000000, 0x000000, 0x00f978, 0x00f4bd, 0x000000, 0x00f2a0, 0x000000, 0x00eefe, 0x000000,
    0x000000, 0x000000, 0x000000, 0x000000, 0x00e4c2, 0x000000, 0x000000, 0x000000, 0x000000,
    0x00e4b6, 0x000000, 0x00e13d, 0x00f69c, 0x00e642, 0x00e468, 0x000000, 0x000000, 0x000000,
    0x000000, 0x000000, 0x000000, 0x00eed8, 0x000000, 0x000000, 0x000000, 0x000000, 0x000000,
    0x000000, 0x000000, 0x000000, 0x000000, 0x000000, 0x00eca5, 0x000000, 0x000000, 0x000000,
    0x000000, 0x00eeb9, 0x000000, 0x000000, 0x000000, 0x000000, 0x00f33d, 0x00f8cc, 0x00f0a1,
    0x000000, 0x000000, 0x00e536, 0x000000, 0x000000, 0x000000, 0x000000, 0x00f8cd, 0x000000,
    0x00e5bd, 0x00f3df, 0x000000, 0x000000, 0x00f69d, 0x000000, 0x00ea44, 0x000000, 0x000000,
    0x000000, 0x000000, 0x000000, 0x000000, 0x000000, 0x000000, 0x000000, 0x000000, 0x000000,
    0x000000, 0x00e5eb, 0x000000, 0x00edc8, 0x000000, 0x000000, 0x000000, 0x00f8a4, 0x00e549,
    0x000000, 0x000000, 0x00ea71, 0x000000, 0x00ed33, 0x000000, 0x000000, 0x000000, 0x00e6b7,
    0x000000, 0x00f77e, 0x000000, 0x000000, 0x000000, 0x00ea45, 0x000000, 0x000000, 0x00e662,
    0x000000, 0x00f7d5, 0x00eeba, 0x00f0d5, 0x00e5f7, 0x00f2e7, 0x00ebbe, 0x000000, 0x000000,
    0x000000, 0x00f83e, 0x000000, 0x000000, 0x000000, 0x00e679, 0x00e67e, 0x000000, 0x000000,
    0x000000, 0x000000, 0x000000, 0x000000, 0x00eebb, 0x000000, 0x000000, 0x000000, 0x000000,
    0x000000, 0x000000, 0x000000, 0x00f15b, 0x000000, 0x000000, 0x000000, 0x000000, 0x000000,
    0x000000, 0x00e5b3, 0x000000, 0x000000, 0x000000, 0x000000, 0x000000, 0x000000, 0x000000,
    0x000000, 0x000000, 0x000000, 0x000000, 0x000000, 0x00e244, 0x000000, 0x000000, 0x000000,
    0x00f8a5, 0x00ebee, 0x000000, 0x000000, 0x000000, 0x000000, 0x000000, 0x000000, 0x00f6a8,
    0x000000, 0x000000, 0x000000, 0x000000, 0x00f8ce, 0x000000, 0x000000, 0x000000, 0x000000,
    0x000000, 0x00e74d, 0x000000, 0x000000, 0x000000, 0x000000, 0x000000, 0x000000, 0x000000,
    0x00f8fd, 0x000000, 0x000000, 0x000000, 0x000000, 0x00f979, 0x000000, 0x000000, 0x000000,
    0x000000, 0x000000, 0x000000, 0x000000, 0x00e2b6, 0x000000, 0x000000, 0x000000, 0x00f1c7,
    0x00f23c, 0x000000, 0x000000, 0x000000, 0x000000, 0x000000, 0x00e16d, 0x000000, 0x000000,
    0x000000, 0x000000, 0x00f637, 0x000000, 0x000000, 0x000000, 0x00ee9c, 0x000000, 0x000000,
    0x000000, 0x00f5a4, 0x000000, 0x000000, 0x000000, 0x000000, 0x000000, 0x00f9dc, 0x00f1b3,
    0x00e259, 0x000000, 0x000000, 0x000000, 0x000000, 0x000000, 0x000000, 0x00f2e8, 0x000000,
    0x000000, 0x00ebbf, 0x000000, 0x000000, 0x000000, 0x000000, 0x000000, 0x000000, 0x00f86b,
    0x00e0e3, 0x00f6a9, 0x000000, 0x00f8a6, 0x000000, 0x000000, 0x000000, 0x00e949, 0x000000,
    0x000000, 0x000000, 0x00f3c0, 0x00f1c8, 0x00f2c3, 0x000000, 0x000000, 0x000000, 0x000000,
    0x000000, 0x000000, 0x000000, 0x000000, 0x00e63d, 0x000000, 0x000000, 0x00f9ce, 0x000000,
    0x000000, 0x000000, 0x00ef31, 0x000000, 0x000000, 0x000000, 0x000000, 0x000000, 0x000000,
    0x000000, 0x000000, 0x00f8f4, 0x00e5a7, 0x000000, 0x000000, 0x000000, 0x00f3f6, 0x000000,
    0x00ee63, 0x000000, 0x000000, 0x000000, 0x000000, 0x000000, 0x000000, 0x000000, 0x000000,
    0x000000, 0x000000, 0x000000, 0x000000, 0x000000, 0x000000, 0x000000, 0x000000, 0x000000,
    0x00e16e, 0x000000, 0x000000, 0x000000, 0x000000, 0x000000, 0x000000, 0x000000, 0x00f742,
    0x000000, 0x000000, 0x000000, 0x00e97b, 0x000000, 0x000000, 0x000000, 0x000000, 0x00f9b6,
    0x000000, 0x000000, 0x000000, 0x000000, 0x00edea, 0x000000, 0x000000, 0x00f3e0, 0x000000,
    0x000000, 0x000000, 0x000000, 0x000000, 0x000000, 0x000000, 0x000000, 0x000000, 0x000000,
    0x000000, 0x000000, 0x00e8cc, 0x00e9cd, 0x000000, 0x000000, 0x000000, 0x00e558, 0x000000,
    0x000000, 0x00e7ed, 0x000000, 0x000000, 0x000000, 0x000000, 0x00f5a5, 0x000000, 0x000000,
    0x000000, 0x000000, 0x000000, 0x000000, 0x000000, 0x000000, 0x000000, 0x00ee9d, 0x000000,
    0x000000, 0x000000, 0x000000, 0x000000, 0x00ee64, 0x000000, 0x000000, 0x000000, 0x000000,
    0x000000, 0x000000, 0x000000, 0x000000, 0x000000, 0x00f9c8, 0x000000, 0x00e631, 0x00f9bf,
    0x000000, 0x00f963, 0x000000, 0x00f2a1, 0x000000, 0x00eebc, 0x000000, 0x000000, 0x000000,
    0x000000, 0x000000, 0x00e3ee, 0x000000, 0x000000, 0x00ee65, 0x000000, 0x000000, 0x00eff2,
    0x000000, 0x00eab0, 0x000000, 0x000000, 0x000000, 0x000000, 0x000000, 0x00e770, 0x00f94a,
    0x00f9af, 0x00f35e, 0x000000, 0x00e8e1, 0x000000, 0x000000, 0x00edc9, 0x000000, 0x00f1b4,
    0x000000, 0x000000, 0x000000, 0x000000, 0x000000, 0x000000, 0x000000, 0x000000, 0x000000,
    0x000000, 0x000000, 0x000000, 0x000000, 0x000000, 0x00eb53, 0x000000, 0x000000, 0x000000,
    0x000000, 0x00ecd8, 0x000000, 0x000000, 0x000000, 0x000000, 0x00effb, 0x00f038, 0x000000,
    0x000000, 0x000000, 0x000000, 0x00f9b7, 0x000000, 0x000000, 0x00f8a7, 0x000000, 0x00efc2,
    0x000000, 0x000000, 0x000000, 0x000000, 0x00f9f7, 0x000000, 0x000000, 0x000000, 0x000000,
    0x000000, 0x00ec69, 0x000000, 0x000000, 0x00e97c, 0x000000, 0x000000, 0x000000, 0x000000,
    0x000000, 0x000000, 0x000000, 0x000000, 0x000000, 0x00ef32, 0x000000, 0x000000, 0x000000,
    0x000000, 0x00ee92, 0x000000, 0x000000, 0x000000, 0x000000, 0x000000, 0x000000, 0x000000,
    0x00f9f8, 0x00f9f9, 0x000000, 0x000000, 0x000000, 0x00f64f, 0x000000, 0x00eea7, 0x000000,
    0x00ee67, 0x000000, 0x000000, 0x000000, 0x000000, 0x00e595, 0x00e559, 0x000000, 0x000000,
    0x000000, 0x000000, 0x00e69c, 0x000000, 0x00e6f2, 0x000000, 0x00ebc0, 0x000000, 0x00e8e2,
    0x00ee68, 0x000000, 0x000000, 0x000000, 0x000000, 0x000000, 0x000000, 0x000000, 0x000000,
    0x000000, 0x00eebd, 0x000000, 0x000000, 0x000000, 0x000000, 0x000000, 0x00f35f, 0x00f4be,
    0x00ec3c, 0x000000, 0x000000, 0x000000, 0x000000, 0x000000, 0x00f5b7, 0x00eb92, 0x000000,
    0x000000, 0x000000, 0x000000, 0x000000, 0x000000, 0x000000, 0x000000, 0x000000, 0x000000,
    0x000000, 0x000000, 0x00f9b8, 0x00ece8, 0x000000, 0x00e537, 0x00ef9e, 0x00f862, 0x000000,
    0x000000, 0x000000, 0x000000, 0x000000, 0x00f791, 0x000000, 0x000000, 0x000000, 0x000000,
    0x000000, 0x000000, 0x000000, 0x000000, 0x000000, 0x00e663, 0x000000, 0x000000, 0x000000,
    0x000000, 0x000000, 0x000000, 0x000000, 0x000000, 0x000000, 0x000000, 0x00e5b4, 0x000000,
    0x000000, 0x000000, 0x000000, 0x000000, 0x000000, 0x000000, 0x000000, 0x000000, 0x000000,
    0x000000, 0x000000, 0x000000, 0x000000, 0x00f360, 0x000000, 0x00f6f0, 0x00f243, 0x000000,
    0x000000, 0x00f04a, 0x000000, 0x00f063, 0x000000, 0x000000, 0x00f1c9, 0x00e9ab, 0x000000,
    0x000000, 0x000000, 0x00edac, 0x00f9a1, 0x000000, 0x00ead0, 0x00f143, 0x000000, 0x00ead1,
    0x000000, 0x000000, 0x000000, 0x000000, 0x000000, 0x00f1ed, 0x00f748, 0x00f6fa, 0x000000,
    0x000000, 0x000000, 0x00f73b, 0x000000, 0x000000, 0x000000, 0x000000, 0x000000, 0x00f570,
    0x000000, 0x000000, 0x000000, 0x000000, 0x000000, 0x00e54a, 0x00ed43, 0x000000, 0x00efda,
    0x000000, 0x00ea46, 0x000000, 0x00e7bf, 0x000000, 0x00e7c0, 0x00e691, 0x000000, 0x000000,
    0x000000, 0x000000, 0x00e7cc, 0x000000, 0x00e83a, 0x000000, 0x000000, 0x000000, 0x000000,
    0x000000, 0x000000, 0x000000, 0x000000, 0x00eae5, 0x000000, 0x000000, 0x000000, 0x000000,
    0x000000, 0x000000, 0x00f6e5, 0x000000, 0x000000, 0x000000, 0x00e142, 0x000000, 0x000000,
    0x00eaf9, 0x00e6e0, 0x000000, 0x000000, 0x000000, 0x000000, 0x000000, 0x000000, 0x000000,
    0x000000, 0x000000, 0x000000, 0x000000, 0x000000, 0x000000, 0x000000, 0x000000, 0x000000,
    0x000000, 0x000000, 0x000000, 0x000000, 0x000000, 0x000000, 0x000000, 0x000000, 0x000000,
    0x000000, 0x000000, 0x000000, 0x000000, 0x000000, 0x000000, 0x000000, 0x00e54b, 0x000000,
    0x000000, 0x000000, 0x000000, 0x00f9fa, 0x000000, 0x000000, 0x000000, 0x000000, 0x00e143,
    0x000000, 0x000000, 0x00e8f3, 0x000000, 0x000000, 0x000000, 0x000000, 0x000000, 0x000000,
    0x000000, 0x000000, 0x000000, 0x000000, 0x000000, 0x000000, 0x000000, 0x000000, 0x000000,
    0x000000, 0x00ead2, 0x000000, 0x00e25a, 0x000000, 0x00f26a, 0x000000, 0x000000, 0x000000,
    0x000000, 0x000000, 0x000000, 0x000000, 0x000000, 0x000000, 0x00ed74, 0x000000, 0x00f8cf,
    0x000000, 0x000000, 0x000000, 0x000000, 0x000000, 0x000000, 0x00e2b7, 0x000000, 0x00f253,
    0x000000, 0x000000, 0x000000, 0x000000, 0x000000, 0x000000, 0x000000, 0x00e27a, 0x000000,
    0x000000, 0x000000, 0x000000, 0x000000, 0x000000, 0x000000, 0x00ec3d, 0x000000, 0x000000,
    0x000000, 0x000000, 0x000000, 0x000000, 0x000000, 0x000000, 0x000000, 0x000000, 0x000000,
    0x000000, 0x000000, 0x000000, 0x00e6e1, 0x00f897, 0x000000, 0x000000, 0x00e5c9, 0x00f73c,
    0x000000, 0x000000, 0x000000, 0x000000, 0x000000, 0x000000, 0x000000, 0x000000, 0x000000,
    0x000000, 0x00eed9, 0x000000, 0x000000, 0x000000, 0x000000, 0x000000, 0x000000, 0x000000,
    0x000000, 0x000000, 0x000000, 0x000000, 0x00f4e9, 0x000000, 0x000000, 0x000000, 0x000000,
    0x00e77d, 0x00ecc4, 0x00f393, 0x000000, 0x000000, 0x000000, 0x000000, 0x000000, 0x000000,
    0x000000, 0x00ef75, 0x000000, 0x000000, 0x000000, 0x00eb9c, 0x00f254, 0x00e7de, 0x000000,
    0x000000, 0x000000, 0x000000, 0x000000, 0x000000, 0x000000, 0x000000, 0x000000, 0x000000,
    0x00f0a2, 0x00f0a3, 0x000000, 0x000000, 0x000000, 0x000000, 0x000000, 0x000000, 0x00f952,
    0x00f04b, 0x000000, 0x000000, 0x000000, 0x000000, 0x00ef3b, 0x00ea72, 0x000000, 0x000000,
    0x000000, 0x000000, 0x000000, 0x000000, 0x000000, 0x000000, 0x000000, 0x000000, 0x00f1ef,
    0x000000, 0x00ef33, 0x000000, 0x000000, 0x000000, 0x000000, 0x00e2f1, 0x000000, 0x000000,
    0x000000, 0x000000, 0x000000, 0x000000, 0x000000, 0x000000, 0x000000, 0x000000, 0x000000,
    0x000000, 0x000000, 0x000000, 0x000000, 0x000000, 0x00e54c, 0x000000, 0x00f97a, 0x000000,
    0x000000, 0x000000, 0x000000, 0x000000, 0x00eebe, 0x000000, 0x00f994, 0x000000, 0x000000,
    0x00e644, 0x000000, 0x000000, 0x00ec3e, 0x000000, 0x00e4b7, 0x00f85c, 0x000000, 0x000000,
    0x000000, 0x000000, 0x00f86c, 0x000000, 0x00f1b5, 0x00ebe3, 0x000000, 0x00ef3c, 0x000000,
    0x00ef6d, 0x000000, 0x000000, 0x00f2e9, 0x000000, 0x000000, 0x000000, 0x000000, 0x000000,
    0x00f54d, 0x000000, 0x00e2b8, 0x00efdb, 0x00e3ac, 0x000000, 0x000000, 0x000000, 0x000000,
    0x000000, 0x000000, 0x00e857, 0x000000, 0x000000, 0x000000, 0x000000, 0x000000, 0x000000,
    0x000000, 0x00f0c9, 0x000000, 0x00ef5c, 0x000000, 0x000000, 0x000000, 0x00ea47, 0x000000,
    0x000000, 0x000000, 0x000000, 0x00e64c, 0x00e4e5, 0x000000, 0x000000, 0x000000, 0x000000,
    0x000000, 0x00f86d, 0x000000, 0x000000, 0x000000, 0x000000, 0x000000, 0x000000, 0x00e866,
    0x000000, 0x00e041, 0x000000, 0x000000, 0x000000, 0x000000, 0x000000, 0x000000, 0x00e858,
    0x00eaa6, 0x000000, 0x00f7b3, 0x00f462, 0x000000, 0x00e054, 0x000000, 0x000000, 0x000000,
    0x000000, 0x000000, 0x000000, 0x00e25b, 0x000000, 0x000000, 0x00e1f5, 0x000000, 0x000000,
    0x000000, 0x00f9b0, 0x00e5a8, 0x000000, 0x00f3c1, 0x000000, 0x000000, 0x00ec79, 0x00e95a,
    0x00f144, 0x00f850, 0x000000, 0x000000, 0x00f8a8, 0x00e338, 0x000000, 0x000000, 0x00e87c,
    0x000000, 0x000000, 0x000000, 0x000000, 0x000000, 0x000000, 0x000000, 0x000000, 0x000000,
    0x00e7ee, 0x000000, 0x00eb9d, 0x000000, 0x000000, 0x000000, 0x00f2ea, 0x00f86e, 0x000000,
    0x00eb54, 0x000000, 0x00e2b9, 0x000000, 0x00e5ca, 0x00e6e2, 0x00ec3f, 0x000000, 0x00e6b8,
    0x000000, 0x000000, 0x000000, 0x000000, 0x000000, 0x000000, 0x000000, 0x000000, 0x000000,
    0x00ef5d, 0x000000, 0x000000, 0x000000, 0x000000, 0x000000, 0x000000, 0x000000, 0x00f66a,
    0x000000, 0x000000, 0x000000, 0x000000, 0x00f2a2, 0x00ec6a, 0x00f69e, 0x000000, 0x000000,
    0x00f8d0, 0x00e3ad, 0x000000, 0x00e1e4, 0x000000, 0x00e3ae, 0x00e97d, 0x00ef5e, 0x000000,
    0x00f39b, 0x00e245, 0x00ee9e, 0x000000, 0x000000, 0x00e6fb, 0x00e366, 0x00e9f5, 0x00f6f1,
    0x000000, 0x00f69f, 0x000000, 0x00e8f7, 0x000000, 0x000000, 0x000000, 0x000000, 0x00f8ea,
    0x00efdc, 0x00e7c1, 0x000000, 0x00f5f2, 0x00eb55, 0x000000, 0x000000, 0x000000, 0x000000,
    0x000000, 0x000000, 0x00f064, 0x000000, 0x000000, 0x000000, 0x000000, 0x000000, 0x000000,
    0x000000, 0x000000, 0x000000, 0x00f7c2, 0x000000, 0x00f04c, 0x000000, 0x00e455, 0x00f8d1,
    0x00eec0, 0x00f0a5, 0x000000, 0x00eafa, 0x00eca2, 0x00e6b9, 0x000000, 0x00efc3, 0x000000,
    0x00ef9f, 0x00ef3f, 0x000000, 0x000000, 0x00f463, 0x00f8a9, 0x00e735, 0x000000, 0x000000,
    0x000000, 0x000000, 0x00e5cb, 0x000000, 0x000000, 0x000000, 0x000000, 0x000000, 0x000000,
    0x000000, 0x000000, 0x000000, 0x000000, 0x000000, 0x000000, 0x000000, 0x000000, 0x00e358,
    0x000000, 0x000000, 0x00e3af, 0x00e6e3, 0x000000, 0x000000, 0x000000, 0x00eb56, 0x000000,
    0x00e632, 0x000000, 0x00f1f0, 0x000000, 0x000000, 0x000000, 0x000000, 0x000000, 0x000000,
    0x000000, 0x000000, 0x000000, 0x000000, 0x000000, 0x000000, 0x00e6f3, 0x000000, 0x000000,
    0x000000, 0x00f964, 0x000000, 0x00e867, 0x00e16f, 0x000000, 0x00f464, 0x000000, 0x00e3b0,
    0x000000, 0x00e170, 0x000000, 0x00e8fd, 0x00f4bf, 0x000000, 0x00f361, 0x000000, 0x000000,
    0x000000, 0x000000, 0x000000, 0x00f94b, 0x000000, 0x00ec40, 0x000000, 0x000000, 0x00ee35,
    0x000000, 0x000000, 0x000000, 0x00ec6b, 0x000000, 0x000000, 0x000000, 0x00eade, 0x000000,
    0x00eb57, 0x000000, 0x000000, 0x000000, 0x000000, 0x000000, 0x000000, 0x00f491, 0x000000,
    0x000000, 0x000000, 0x00e171, 0x000000, 0x000000, 0x000000, 0x000000, 0x00e67a, 0x000000,
    0x000000, 0x000000, 0x000000, 0x00eec2, 0x000000, 0x000000, 0x000000, 0x00e246, 0x000000,
    0x00f4c0, 0x000000, 0x00e1fe, 0x000000, 0x000000, 0x000000, 0x00f8d2, 0x000000, 0x00f79a,
    0x00f6fb, 0x000000, 0x000000, 0x00ef4f, 0x000000, 0x000000, 0x000000, 0x000000, 0x000000,
    0x000000, 0x000000, 0x00ef47, 0x000000, 0x000000, 0x000000, 0x000000, 0x000000, 0x000000,
    0x000000, 0x000000, 0x00f1b6, 0x000000, 0x000000, 0x000000, 0x000000, 0x000000, 0x000000,
    0x000000, 0x000000, 0x00e94a, 0x000000, 0x000000, 0x00e144, 0x000000, 0x000000, 0x000000,
    0x000000, 0x000000, 0x000000, 0x000000, 0x000000, 0x000000, 0x000000, 0x000000, 0x000000,
    0x00f3f7, 0x000000, 0x000000, 0x000000, 0x00ef48, 0x000000, 0x000000, 0x00e098, 0x000000,
    0x00ed34, 0x00f566, 0x000000, 0x000000, 0x000000, 0x00eae6, 0x000000, 0x000000, 0x000000,
    0x00eaa7, 0x000000, 0x00eae7, 0x00ebc1, 0x000000, 0x00efc4, 0x000000, 0x000000, 0x00e95b,
    0x00efc5, 0x000000, 0x000000, 0x000000, 0x00f2a3, 0x00f0a6, 0x00e0a3, 0x00ece9, 0x000000,
    0x000000, 0x000000, 0x00e3fb, 0x00f2a4, 0x000000, 0x00f2eb, 0x000000, 0x000000, 0x000000,
    0x000000, 0x000000, 0x000000, 0x000000, 0x00e344, 0x000000, 0x000000, 0x000000, 0x000000,
    0x00e1a3, 0x000000, 0x000000, 0x00ef76, 0x000000, 0x00f2a5, 0x000000, 0x00e4cc, 0x00e87d,
    0x000000, 0x000000, 0x000000, 0x000000, 0x00e6ba, 0x000000, 0x00f465, 0x00f5e5, 0x00e7ef,
    0x000000, 0x000000, 0x000000, 0x000000, 0x00f7b4, 0x000000, 0x000000, 0x00e5d4, 0x00f9cf,
    0x000000, 0x000000, 0x000000, 0x00e8e3, 0x000000, 0x000000, 0x000000, 0x000000, 0x00f3e1,
    0x00f146, 0x000000, 0x000000, 0x000000, 0x000000, 0x00f8fe, 0x00e4d7, 0x000000, 0x00e3b1,
    0x000000, 0x00e0b1, 0x000000, 0x000000, 0x000000, 0x000000, 0x00e3b2, 0x000000, 0x000000,
    0x000000, 0x000000, 0x000000, 0x000000, 0x00e0b2, 0x00f3c2, 0x000000, 0x000000, 0x00f571,
    0x00f7b5, 0x000000, 0x000000, 0x00ebc3, 0x00ebc2, 0x000000, 0x00f0f7, 0x000000, 0x000000,
    0x000000, 0x000000, 0x000000, 0x000000, 0x000000, 0x000000, 0x000000, 0x000000, 0x000000,
    0x00eaa8, 0x000000, 0x000000, 0x000000, 0x000000, 0x000000, 0x000000, 0x000000, 0x00e0ca,
    0x000000, 0x000000, 0x000000, 0x000000, 0x000000, 0x00ee49, 0x000000, 0x000000, 0x000000,
    0x000000, 0x000000, 0x00f76e, 0x00f7aa, 0x00e099, 0x000000, 0x00f1b7, 0x000000, 0x000000,
    0x00e4b8, 0x00f466, 0x000000, 0x000000, 0x00e569, 0x00f255, 0x00f492, 0x000000, 0x000000,
    0x00e042, 0x000000, 0x000000, 0x00e94b, 0x000000, 0x00f3f8, 0x000000, 0x000000, 0x000000,
    0x000000, 0x000000, 0x00f147, 0x000000, 0x000000, 0x000000, 0x000000, 0x00edca, 0x000000,
    0x00f650, 0x00f9dd, 0x000000, 0x000000, 0x00e573, 0x00e172, 0x000000, 0x00f6d4, 0x000000,
    0x000000, 0x000000, 0x000000, 0x000000, 0x000000, 0x00e6e5, 0x000000, 0x000000, 0x000000,
    0x000000, 0x000000, 0x000000, 0x000000, 0x000000, 0x000000, 0x000000, 0x000000, 0x000000,
    0x000000, 0x00e4c3, 0x000000, 0x00e736, 0x000000, 0x00f651, 0x000000, 0x000000, 0x000000,
    0x000000, 0x000000, 0x00e9f6, 0x000000, 0x00e1c0, 0x000000, 0x000000, 0x000000, 0x00eddc,
    0x000000, 0x000000, 0x000000, 0x000000, 0x000000, 0x000000, 0x000000, 0x000000, 0x000000,
    0x000000, 0x000000, 0x000000, 0x00edcb, 0x000000, 0x000000, 0x000000, 0x000000, 0x000000,
    0x000000, 0x000000, 0x000000, 0x000000, 0x000000, 0x000000, 0x00ebc4, 0x000000, 0x000000,
    0x000000, 0x000000, 0x000000, 0x00ef40, 0x00f540, 0x00f4ea, 0x00e87e, 0x000000, 0x00e6bb,
    0x000000, 0x00ec41, 0x000000, 0x000000, 0x000000, 0x000000, 0x000000, 0x000000, 0x000000,
    0x000000, 0x000000, 0x000000, 0x000000, 0x000000, 0x000000, 0x000000, 0x000000, 0x000000,
    0x000000, 0x000000, 0x000000, 0x000000, 0x00e6aa, 0x000000, 0x000000, 0x000000, 0x000000,
    0x00e69d, 0x000000, 0x000000, 0x000000, 0x000000, 0x000000, 0x000000, 0x000000, 0x000000,
    0x000000, 0x00ed6f, 0x000000, 0x00e066, 0x000000, 0x000000, 0x000000, 0x00f0a8, 0x000000,
    0x000000, 0x000000, 0x00e8fe, 0x000000, 0x000000, 0x000000, 0x000000, 0x000000, 0x000000,
    0x000000, 0x000000, 0x000000, 0x000000, 0x00f652, 0x000000, 0x000000, 0x00f2bb, 0x000000,
    0x000000, 0x000000, 0x000000, 0x00e59f, 0x000000, 0x000000, 0x00eb58, 0x000000, 0x000000,
    0x000000, 0x00ef49, 0x000000, 0x00f2a6, 0x000000, 0x000000, 0x000000, 0x000000, 0x000000,
    0x00e1a4, 0x000000, 0x000000, 0x00e596, 0x00e8a1, 0x00e8dc, 0x00e8dd, 0x000000, 0x000000,
    0x000000, 0x000000, 0x00f26c, 0x000000, 0x00e0cb, 0x00f965, 0x000000, 0x000000, 0x000000,
    0x000000, 0x000000, 0x000000, 0x00e27b, 0x000000, 0x00e1c1, 0x000000, 0x000000, 0x00f8d3,
    0x000000, 0x000000, 0x000000, 0x000000, 0x000000, 0x000000, 0x000000, 0x000000, 0x000000,
    0x000000, 0x000000, 0x000000, 0x000000, 0x000000, 0x000000, 0x000000, 0x000000, 0x000000,
    0x000000, 0x000000, 0x000000, 0x000000, 0x000000, 0x000000, 0x000000, 0x000000, 0x00f7ab,
    0x000000, 0x000000, 0x000000, 0x000000, 0x000000, 0x000000, 0x000000, 0x000000, 0x000000,
    0x000000, 0x000000, 0x00f5d4, 0x000000, 0x000000, 0x000000, 0x000000, 0x00e7a9, 0x000000,
    0x000000, 0x00efdd, 0x00e8cd, 0x000000, 0x000000, 0x00e9ce, 0x000000, 0x00eec3, 0x000000,
    0x00f15c, 0x000000, 0x000000, 0x000000, 0x000000, 0x000000, 0x000000, 0x000000, 0x00f7ec,
    0x000000, 0x000000, 0x000000, 0x00e0cc, 0x000000, 0x000000, 0x000000, 0x000000, 0x00eb9e,
    0x00e538, 0x000000, 0x00f1d3, 0x00e791, 0x000000, 0x00f467, 0x000000, 0x00e09a, 0x00e891,
    0x000000, 0x000000, 0x00e664, 0x000000, 0x000000, 0x000000, 0x000000, 0x000000, 0x000000,
    0x00e7cd, 0x000000, 0x000000, 0x000000, 0x00e77e, 0x000000, 0x00f451, 0x000000, 0x000000,
    0x000000, 0x00ead3, 0x000000, 0x000000, 0x000000, 0x00e892, 0x000000, 0x00ec7a, 0x000000,
    0x00eb9f, 0x000000, 0x000000, 0x00e79a, 0x000000, 0x000000, 0x000000, 0x00f6af, 0x00e846,
    0x000000, 0x00e067, 0x000000, 0x000000, 0x000000, 0x000000, 0x000000, 0x000000, 0x000000,
    0x000000, 0x000000, 0x000000, 0x000000, 0x000000, 0x000000, 0x000000, 0x000000, 0x000000,
    0x000000, 0x000000, 0x00f468, 0x000000, 0x00e79b, 0x000000, 0x000000, 0x000000, 0x000000,
    0x000000, 0x000000, 0x000000, 0x000000, 0x00f86f, 0x000000, 0x000000, 0x000000, 0x000000,
    0x000000, 0x000000, 0x000000, 0x000000, 0x000000, 0x000000, 0x000000, 0x000000, 0x000000,
    0x00e2ef, 0x00e7c2, 0x000000, 0x00f362, 0x000000, 0x00ed61, 0x000000, 0x000000, 0x000000,
    0x00f4b7, 0x000000, 0x000000, 0x000000, 0x000000, 0x000000, 0x000000, 0x000000, 0x000000,
    0x000000, 0x000000, 0x000000, 0x000000, 0x00f870, 0x000000, 0x000000, 0x000000, 0x000000,
    0x000000, 0x000000, 0x000000, 0x000000, 0x000000, 0x000000, 0x000000, 0x000000, 0x000000,
    0x00f2ec, 0x000000, 0x000000, 0x000000, 0x000000, 0x000000, 0x00ec42, 0x000000, 0x00e54d,
    0x000000, 0x000000, 0x00e7ce, 0x000000, 0x000000, 0x000000, 0x000000, 0x00f572, 0x000000,
    0x000000, 0x000000, 0x000000, 0x000000, 0x000000, 0x000000, 0x000000, 0x000000, 0x000000,
    0x000000, 0x000000, 0x000000, 0x00e539, 0x000000, 0x000000, 0x000000, 0x000000, 0x00e1c2,
    0x00eeda, 0x000000, 0x000000, 0x000000, 0x000000, 0x000000, 0x000000, 0x000000, 0x000000,
    0x000000, 0x000000, 0x000000, 0x00f469, 0x000000, 0x000000, 0x000000, 0x000000, 0x000000,
    0x00e7aa, 0x000000, 0x000000, 0x000000, 0x000000, 0x000000, 0x000000, 0x000000, 0x000000,
    0x000000, 0x000000, 0x000000, 0x000000, 0x00e74e, 0x000000, 0x000000, 0x000000, 0x000000,
    0x000000, 0x000000, 0x00e93d, 0x000000, 0x000000, 0x000000, 0x000000, 0x000000, 0x000000,
    0x00ec7b, 0x00e69e, 0x000000, 0x000000, 0x00e09b, 0x000000, 0x000000, 0x00e56a, 0x000000,
    0x000000, 0x000000, 0x000000, 0x000000, 0x000000, 0x000000, 0x00f567, 0x00e131, 0x000000,
    0x000000, 0x00e2ba, 0x000000, 0x000000, 0x000000, 0x000000, 0x000000, 0x000000, 0x000000,
    0x000000, 0x000000, 0x000000, 0x000000, 0x000000, 0x000000, 0x000000, 0x000000, 0x000000,
    0x000000, 0x000000, 0x000000, 0x000000, 0x000000, 0x000000, 0x000000, 0x00f5b8, 0x000000,
    0x000000, 0x000000, 0x00e7c3, 0x00e378, 0x000000, 0x000000, 0x000000, 0x000000, 0x000000,
    0x00ecc5, 0x00f0f8, 0x000000, 0x00f441, 0x000000, 0x000000, 0x000000, 0x00e2bb, 0x000000,
    0x000000, 0x000000, 0x00e4ad, 0x00ef71, 0x00e27c, 0x000000, 0x000000, 0x000000, 0x00eb44,
    0x000000, 0x000000, 0x000000, 0x000000, 0x000000, 0x000000, 0x000000, 0x000000, 0x000000,
    0x000000, 0x000000, 0x000000, 0x00ea73, 0x000000, 0x000000, 0x000000, 0x000000, 0x000000,
    0x000000, 0x000000, 0x000000, 0x000000, 0x000000, 0x000000, 0x000000, 0x000000, 0x000000,
    0x000000, 0x00e9f7, 0x000000, 0x000000, 0x000000, 0x000000, 0x000000, 0x000000, 0x000000,
    0x000000, 0x000000, 0x000000, 0x000000, 0x000000, 0x000000, 0x000000, 0x000000, 0x000000,
    0x000000, 0x000000, 0x00f442, 0x00f4f6, 0x00f66b, 0x000000, 0x000000, 0x000000, 0x000000,
    0x00e6fe, 0x000000, 0x000000, 0x000000, 0x000000, 0x000000, 0x00f76f, 0x000000, 0x00f6f2,
    0x000000, 0x000000, 0x000000, 0x000000, 0x000000, 0x000000, 0x000000, 0x000000, 0x000000,
    0x000000, 0x000000, 0x00e339, 0x000000, 0x000000, 0x000000, 0x000000, 0x000000, 0x000000,
    0x000000, 0x000000, 0x000000, 0x00ee6a, 0x000000, 0x000000, 0x000000, 0x000000, 0x000000,
    0x000000, 0x000000, 0x000000, 0x000000, 0x000000, 0x000000, 0x000000, 0x000000, 0x00f5a6,
    0x000000, 0x000000, 0x000000, 0x000000, 0x000000, 0x000000, 0x000000, 0x000000, 0x000000,
    0x000000, 0x000000, 0x000000, 0x000000, 0x00e6bc, 0x00e173, 0x000000, 0x000000, 0x00ee6b,
    0x000000, 0x000000, 0x000000, 0x000000, 0x000000, 0x000000, 0x000000, 0x000000, 0x000000,
    0x000000, 0x000000, 0x000000, 0x00e9dd, 0x000000, 0x000000, 0x000000, 0x00e3b3, 0x000000,
    0x000000, 0x000000, 0x000000, 0x000000, 0x00f2ed, 0x000000, 0x000000, 0x000000, 0x000000,
    0x00e66e, 0x00ed96, 0x00ebef, 0x000000, 0x000000, 0x00e9f8, 0x000000, 0x000000, 0x000000,
    0x000000, 0x000000, 0x00ef5f, 0x000000, 0x000000, 0x000000, 0x000000, 0x000000, 0x000000,
    0x000000, 0x000000, 0x000000, 0x000000, 0x000000, 0x00e075, 0x000000, 0x000000, 0x000000,
    0x00e931, 0x000000, 0x00eb45, 0x000000, 0x000000, 0x000000, 0x000000, 0x000000, 0x000000,
    0x000000, 0x000000, 0x000000, 0x000000, 0x000000, 0x000000, 0x000000, 0x000000, 0x000000,
    0x000000, 0x00f93c, 0x00f93d, 0x00e737, 0x000000, 0x000000, 0x000000, 0x00f1b8, 0x000000,
    0x000000, 0x000000, 0x00e8b6, 0x000000, 0x000000, 0x000000, 0x000000, 0x00e692, 0x00f4af,
    0x000000, 0x000000, 0x00e1a5, 0x000000, 0x00e893, 0x000000, 0x000000, 0x000000, 0x000000,
    0x000000, 0x000000, 0x000000, 0x000000, 0x000000, 0x000000, 0x000000, 0x000000, 0x000000,
    0x000000, 0x000000, 0x000000, 0x000000, 0x000000, 0x000000, 0x000000, 0x000000, 0x000000,
    0x000000, 0x00e738, 0x000000, 0x000000, 0x000000, 0x00e174, 0x000000, 0x000000, 0x00e3b4,
    0x000000, 0x000000, 0x000000, 0x000000, 0x000000, 0x00e068, 0x000000, 0x000000, 0x000000,
    0x000000, 0x000000, 0x00e894, 0x000000, 0x000000, 0x000000, 0x000000, 0x00f5a7, 0x000000,
    0x000000, 0x000000, 0x000000, 0x000000, 0x000000, 0x000000, 0x000000, 0x000000, 0x000000,
    0x000000, 0x000000, 0x00f5a8, 0x000000, 0x000000, 0x000000, 0x000000, 0x000000, 0x000000,
    0x000000, 0x00ee36, 0x000000, 0x000000, 0x000000, 0x000000, 0x000000, 0x000000, 0x000000,
    0x000000, 0x000000, 0x000000, 0x000000, 0x000000, 0x000000, 0x000000, 0x000000, 0x000000,
    0x000000, 0x000000, 0x000000, 0x00e5ec, 0x00e5f8, 0x00e895, 0x000000, 0x000000, 0x000000,
    0x000000, 0x000000, 0x000000, 0x000000, 0x000000, 0x000000, 0x000000, 0x000000, 0x000000,
    0x000000, 0x00ecc6, 0x000000, 0x000000, 0x000000, 0x00ea74, 0x000000, 0x00ea75, 0x00e3b5,
    0x000000, 0x000000, 0x000000, 0x000000, 0x000000, 0x00e3b6, 0x00e3b7, 0x00f443, 0x000000,
    0x000000, 0x000000, 0x000000, 0x000000, 0x000000, 0x00efde, 0x000000, 0x000000, 0x000000,
    0x000000, 0x000000, 0x00f363, 0x00f444, 0x000000, 0x000000, 0x00f364, 0x00e0e4, 0x00f8d4,
    0x00f5e6, 0x00ecea, 0x000000, 0x00ea76, 0x000000, 0x000000, 0x000000, 0x000000, 0x00ead4,
    0x000000, 0x000000, 0x00f79b, 0x000000, 0x000000, 0x000000, 0x000000, 0x00f33e, 0x000000,
    0x000000, 0x000000, 0x000000, 0x000000, 0x000000, 0x000000, 0x000000, 0x000000, 0x000000,
    0x000000, 0x000000, 0x00e3b8, 0x000000, 0x000000, 0x000000, 0x000000, 0x00e66f, 0x000000,
    0x00e367, 0x000000, 0x000000, 0x000000, 0x000000, 0x000000, 0x000000, 0x000000, 0x000000,
    0x000000, 0x000000, 0x000000, 0x00f931, 0x00f2ee, 0x00e968, 0x000000, 0x00efdf, 0x000000,
    0x000000, 0x000000, 0x000000, 0x000000, 0x000000, 0x000000, 0x000000, 0x000000, 0x000000,
    0x000000, 0x000000, 0x000000, 0x000000, 0x000000, 0x000000, 0x000000, 0x000000, 0x000000,
    0x000000, 0x00eddd, 0x00f9fb, 0x000000, 0x000000, 0x00eb59, 0x000000, 0x000000, 0x000000,
    0x00e659, 0x000000, 0x000000, 0x00e53a, 0x000000, 0x00edcc, 0x000000, 0x000000, 0x000000,
    0x000000, 0x000000, 0x00efe0, 0x000000, 0x000000, 0x000000, 0x00e368, 0x00f932, 0x00e54e,
    0x00ec43, 0x00ea77, 0x000000, 0x000000, 0x000000, 0x000000, 0x000000, 0x000000, 0x000000,
    0x00e94c, 0x00e446, 0x00f5d5, 0x000000, 0x000000, 0x000000, 0x000000, 0x000000, 0x00e231,
    0x00f5a9, 0x000000, 0x000000, 0x00e9f9, 0x000000, 0x000000, 0x00e9fa, 0x000000, 0x000000,
    0x000000, 0x000000, 0x000000, 0x000000, 0x00f365, 0x000000, 0x000000, 0x000000, 0x000000,
    0x00f66f, 0x000000, 0x00f46a, 0x00ed7b, 0x000000, 0x00f493, 0x000000, 0x000000, 0x000000,
    0x000000, 0x000000, 0x000000, 0x000000, 0x000000, 0x000000, 0x000000, 0x000000, 0x000000,
    0x000000, 0x000000, 0x000000, 0x000000, 0x000000, 0x00f149, 0x000000, 0x000000, 0x000000,
    0x000000, 0x00f9fc, 0x000000, 0x000000, 0x000000, 0x000000, 0x00ebaa, 0x000000, 0x000000,
    0x00e069, 0x000000, 0x000000, 0x00f2ef, 0x000000, 0x00f5aa, 0x000000, 0x000000, 0x000000,
    0x000000, 0x000000, 0x000000, 0x00f19b, 0x000000, 0x000000, 0x00f73d, 0x000000, 0x00f452,
    0x00f653, 0x000000, 0x00e6d2, 0x000000, 0x000000, 0x00f7a2, 0x00f366, 0x000000, 0x000000,
    0x000000, 0x000000, 0x000000, 0x000000, 0x000000, 0x000000, 0x000000, 0x000000, 0x000000,
    0x000000, 0x000000, 0x00f39c, 0x000000, 0x000000, 0x00f670, 0x000000, 0x000000, 0x000000,
    0x000000, 0x00eff3, 0x00f453, 0x000000, 0x000000, 0x000000, 0x00e53b, 0x00e043, 0x00e1a6,
    0x000000, 0x00e1c3, 0x00e1da, 0x000000, 0x000000, 0x000000, 0x000000, 0x000000, 0x00e7cf,
    0x000000, 0x000000, 0x00f654, 0x000000, 0x000000, 0x000000, 0x00f26d, 0x00eec4, 0x000000,
    0x000000, 0x000000, 0x000000, 0x000000, 0x000000, 0x000000, 0x000000, 0x00ec44, 0x000000,
    0x000000, 0x000000, 0x000000, 0x000000, 0x000000, 0x000000, 0x000000, 0x000000, 0x00eae2,
    0x00eedb, 0x000000, 0x000000, 0x000000, 0x000000, 0x000000, 0x000000, 0x00ef41, 0x000000,
    0x00f93e, 0x000000, 0x000000, 0x000000, 0x000000, 0x00edcd, 0x000000, 0x000000, 0x000000,
    0x00f87b, 0x000000, 0x00e2bc, 0x000000, 0x000000, 0x00e2e2, 0x00e1f6, 0x000000, 0x000000,
    0x00f2f0, 0x000000, 0x00f54e, 0x000000, 0x00e55d, 0x000000, 0x000000, 0x00f4b8, 0x000000,
    0x000000, 0x000000, 0x00efa1, 0x000000, 0x000000, 0x000000, 0x000000, 0x000000, 0x000000,
    0x000000, 0x000000, 0x000000, 0x00f494, 0x00f4eb, 0x000000, 0x00f367, 0x000000, 0x000000,
    0x00e2d7, 0x000000, 0x000000, 0x000000, 0x000000, 0x000000, 0x000000, 0x00e2df, 0x000000,
    0x000000, 0x000000, 0x000000, 0x000000, 0x000000, 0x000000, 0x000000, 0x000000, 0x00ef50,
    0x00ef51, 0x000000, 0x000000, 0x000000, 0x00e2e3, 0x00efa2, 0x000000, 0x000000, 0x000000,
    0x000000, 0x000000, 0x000000, 0x000000, 0x000000, 0x000000, 0x000000, 0x00e33a, 0x000000,
    0x000000, 0x000000, 0x000000, 0x000000, 0x00f4c1, 0x00e33b, 0x000000, 0x00e574, 0x000000,
    0x000000, 0x00f2bc, 0x00e731, 0x000000, 0x000000, 0x000000, 0x000000, 0x000000, 0x000000,
    0x000000, 0x000000, 0x000000, 0x000000, 0x000000, 0x00e7df, 0x000000, 0x00f4d7, 0x000000,
    0x000000, 0x000000, 0x00e94d, 0x000000, 0x00e175, 0x00f1f1, 0x000000, 0x000000, 0x00f3e2,
    0x000000, 0x00e56b, 0x000000, 0x000000, 0x000000, 0x000000, 0x00ec45, 0x000000, 0x000000,
    0x00e076, 0x000000, 0x00e4ae, 0x000000, 0x000000, 0x000000, 0x000000, 0x000000, 0x000000,
    0x00e176, 0x000000, 0x000000, 0x00f3d3, 0x00f5e7, 0x000000, 0x000000, 0x000000, 0x000000,
    0x00e06a, 0x000000, 0x000000, 0x000000, 0x000000, 0x000000, 0x000000, 0x000000, 0x000000,
    0x000000, 0x000000, 0x000000, 0x000000, 0x000000, 0x000000, 0x000000, 0x00f8ee, 0x000000,
    0x00ebc5, 0x000000, 0x000000, 0x000000, 0x000000, 0x000000, 0x000000, 0x000000, 0x00eae9,
    0x000000, 0x00f26e, 0x000000, 0x000000, 0x00f6c2, 0x000000, 0x00e732, 0x000000, 0x000000,
    0x000000, 0x000000, 0x000000, 0x00e9ac, 0x000000, 0x000000, 0x000000, 0x000000, 0x000000,
    0x00f33f, 0x00e64d, 0x000000, 0x000000, 0x000000, 0x000000, 0x000000, 0x000000, 0x000000,
    0x000000, 0x000000, 0x000000, 0x000000, 0x00ebab, 0x000000, 0x000000, 0x000000, 0x000000,
    0x000000, 0x000000, 0x00f7b6, 0x000000, 0x000000, 0x00e597, 0x000000, 0x00e359, 0x00f2a7,
    0x00ec7c, 0x000000, 0x00e8ea, 0x00e25c, 0x00f5e8, 0x00f6d5, 0x000000, 0x00e4cd, 0x000000,
    0x00f4fe, 0x000000, 0x000000, 0x000000, 0x000000, 0x000000, 0x000000, 0x000000, 0x000000,
    0x000000, 0x00e345, 0x000000, 0x000000, 0x000000, 0x000000, 0x000000, 0x000000, 0x000000,
    0x000000, 0x000000, 0x000000, 0x000000, 0x00eba0, 0x000000, 0x00eafb, 0x000000, 0x000000,
    0x000000, 0x000000, 0x000000, 0x000000, 0x00ee6d, 0x000000, 0x000000, 0x000000, 0x000000,
    0x000000, 0x000000, 0x000000, 0x00ef34, 0x000000, 0x000000, 0x000000, 0x000000, 0x000000,
    0x000000, 0x000000, 0x00e0cd, 0x000000, 0x000000, 0x000000, 0x00f2a8, 0x000000, 0x000000,
    0x000000, 0x00f244, 0x000000, 0x000000, 0x000000, 0x000000, 0x00e868, 0x00e3b9, 0x000000,
    0x00eaa9, 0x000000, 0x000000, 0x00f4b0, 0x000000, 0x000000, 0x00e154, 0x000000, 0x000000,
    0x000000, 0x00e247, 0x000000, 0x000000, 0x000000, 0x000000, 0x000000, 0x000000, 0x000000,
    0x000000, 0x000000, 0x000000, 0x000000, 0x00f2a9, 0x000000, 0x000000, 0x000000, 0x00ead5,
    0x000000, 0x000000, 0x00f1d7, 0x000000, 0x000000, 0x000000, 0x00f256, 0x000000, 0x000000,
    0x000000, 0x000000, 0x000000, 0x000000, 0x000000, 0x00f2bd, 0x00f966, 0x000000, 0x000000,
    0x00e8f4, 0x000000, 0x00f2aa, 0x00f749, 0x000000, 0x00f5e9, 0x000000, 0x000000, 0x000000,
    0x000000, 0x000000, 0x000000, 0x000000, 0x000000, 0x00ecd9, 0x000000, 0x000000, 0x000000,
    0x000000, 0x000000, 0x000000, 0x000000, 0x000000, 0x000000, 0x000000, 0x000000, 0x000000,
    0x000000, 0x00ebc6, 0x000000, 0x000000, 0x000000, 0x00e54f, 0x000000, 0x000000, 0x000000,
    0x000000, 0x00ea78, 0x000000, 0x000000, 0x000000, 0x000000, 0x000000, 0x000000, 0x000000,
    0x000000, 0x000000, 0x000000, 0x000000, 0x000000, 0x000000, 0x000000, 0x000000, 0x000000,
    0x000000, 0x000000, 0x000000, 0x000000, 0x000000, 0x000000, 0x00f37a, 0x000000, 0x000000,
    0x000000, 0x000000, 0x000000, 0x000000, 0x000000, 0x000000, 0x000000, 0x000000, 0x00f4c2,
    0x000000, 0x000000, 0x000000, 0x000000, 0x000000, 0x000000, 0x000000, 0x000000, 0x000000,
    0x000000, 0x000000, 0x00e4af, 0x000000, 0x000000, 0x00e06b, 0x000000, 0x000000, 0x000000,
    0x000000, 0x000000, 0x00f967, 0x000000, 0x000000, 0x00f1d8, 0x00ebc7, 0x000000, 0x000000,
    0x000000, 0x000000, 0x000000, 0x000000, 0x000000, 0x000000, 0x000000, 0x000000, 0x000000,
    0x000000, 0x000000, 0x000000, 0x000000, 0x000000, 0x000000, 0x00f568, 0x00e643, 0x00e9ad,
    0x000000, 0x000000, 0x000000, 0x00e5be, 0x000000, 0x000000, 0x000000, 0x000000, 0x000000,
    0x000000, 0x000000, 0x000000, 0x00f3c3, 0x00f26f, 0x000000, 0x000000, 0x000000, 0x000000,
    0x000000, 0x000000, 0x000000, 0x000000, 0x000000, 0x000000, 0x000000, 0x000000, 0x000000,
    0x000000, 0x000000, 0x000000, 0x000000, 0x000000, 0x00e67b, 0x000000, 0x000000, 0x000000,
    0x00f569, 0x000000, 0x000000, 0x000000, 0x000000, 0x000000, 0x000000, 0x000000, 0x00e6e6,
    0x000000, 0x000000, 0x000000, 0x000000, 0x000000, 0x000000, 0x00e847, 0x000000, 0x000000,
    0x000000, 0x000000, 0x000000, 0x000000, 0x000000, 0x000000, 0x000000, 0x000000, 0x000000,
    0x000000, 0x00e9fb, 0x000000, 0x000000, 0x000000, 0x000000, 0x000000, 0x00e9cf, 0x000000,
    0x000000, 0x000000, 0x000000, 0x000000, 0x000000, 0x000000, 0x000000, 0x00e733, 0x000000,
    0x000000, 0x00e869, 0x000000, 0x00f368, 0x00f2c4, 0x000000, 0x000000, 0x000000, 0x000000,
    0x000000, 0x000000, 0x00ebd8, 0x000000, 0x000000, 0x000000, 0x000000, 0x000000, 0x00f3d4,
    0x000000, 0x00f1f2, 0x000000, 0x000000, 0x000000, 0x000000, 0x000000, 0x000000, 0x00e5db,
    0x000000, 0x000000, 0x00e5dc, 0x00f4c4, 0x00e0d7, 0x000000, 0x000000, 0x000000, 0x000000,
    0x000000, 0x00ec46, 0x000000, 0x000000, 0x000000, 0x000000, 0x00f2f1, 0x000000, 0x000000,
    0x000000, 0x000000, 0x000000, 0x000000, 0x000000, 0x000000, 0x000000, 0x000000, 0x00f8d5,
    0x000000, 0x000000, 0x000000, 0x000000, 0x000000, 0x000000, 0x000000, 0x000000, 0x000000,
    0x000000, 0x000000, 0x00e4d8, 0x000000, 0x000000, 0x000000, 0x000000, 0x000000, 0x000000,
    0x000000, 0x00e9d0, 0x00f369, 0x00e0b3, 0x000000, 0x000000, 0x000000, 0x000000, 0x000000,
    0x000000, 0x00e5dd, 0x000000, 0x000000, 0x000000, 0x000000, 0x000000, 0x000000, 0x000000,
    0x000000, 0x000000, 0x000000, 0x000000, 0x000000, 0x000000, 0x000000, 0x000000, 0x000000,
    0x000000, 0x000000, 0x000000, 0x00e1a7, 0x000000, 0x000000, 0x00e33c, 0x000000, 0x00e3ba,
    0x000000, 0x00f3c4, 0x000000, 0x00edb3, 0x00f8f5, 0x00efe1, 0x00f9e0, 0x00f94c, 0x000000,
    0x00e832, 0x00e833, 0x000000, 0x00e431, 0x000000, 0x000000, 0x00e491, 0x000000, 0x000000,
    0x000000, 0x00ec7d, 0x000000, 0x000000, 0x00ea79, 0x00e26c, 0x00f445, 0x00e374, 0x00e9d1,
    0x000000, 0x000000, 0x000000, 0x000000, 0x00ebc8, 0x00e8b7, 0x00eae3, 0x000000, 0x000000,
    0x000000, 0x000000, 0x000000, 0x000000, 0x000000, 0x000000, 0x00f1b9, 0x00f3c5, 0x000000,
    0x00f4cf, 0x00e6ab, 0x00ebac, 0x000000, 0x000000, 0x00eceb, 0x000000, 0x00f257, 0x000000,
    0x000000, 0x000000, 0x00ebc9, 0x00e09c, 0x000000, 0x000000, 0x000000, 0x000000, 0x000000,
    0x00f39d, 0x00f871, 0x00f36a, 0x00e177, 0x00e896, 0x000000, 0x000000, 0x000000, 0x000000,
    0x000000, 0x000000, 0x000000, 0x000000, 0x000000, 0x00e14f, 0x000000, 0x000000, 0x000000,
    0x000000, 0x000000, 0x000000, 0x000000, 0x000000, 0x000000, 0x000000, 0x000000, 0x000000,
    0x000000, 0x00e27d, 0x000000, 0x000000, 0x00e5a9, 0x00f872, 0x000000, 0x000000, 0x000000,
    0x00e375, 0x000000, 0x00f0d6, 0x000000, 0x00f16f, 0x000000, 0x000000, 0x000000, 0x00eafc,
    0x000000, 0x000000, 0x00f6d6, 0x00ea7a, 0x00e0b4, 0x000000, 0x000000, 0x00f2be, 0x000000,
    0x000000, 0x00e145, 0x000000, 0x000000, 0x000000, 0x000000, 0x000000, 0x00e2bd, 0x000000,
    0x000000, 0x000000, 0x000000, 0x000000, 0x000000, 0x000000, 0x000000, 0x000000, 0x000000,
    0x000000, 0x000000, 0x000000, 0x000000, 0x00f2f2, 0x00ec47, 0x000000, 0x000000, 0x000000,
    0x00e178, 0x000000, 0x000000, 0x000000, 0x000000, 0x000000, 0x000000, 0x000000, 0x000000,
    0x00f39e, 0x000000, 0x000000, 0x000000, 0x00e670, 0x000000, 0x00f3c6, 0x000000, 0x000000,
    0x000000, 0x000000, 0x000000, 0x000000, 0x000000, 0x000000, 0x000000, 0x00ec48, 0x00f0ab,
    0x000000, 0x000000, 0x000000, 0x00e0b5, 0x00e761, 0x000000, 0x00f55e, 0x00f4f7, 0x000000,
    0x000000, 0x00e6c6, 0x000000, 0x00e3bb, 0x00f6aa, 0x000000, 0x00f1ca, 0x00e6d3, 0x00e79c,
    0x000000, 0x000000, 0x000000, 0x000000, 0x000000, 0x000000, 0x000000, 0x00f655, 0x000000,
    0x000000, 0x00e3cc, 0x00e9fc, 0x000000, 0x000000, 0x000000, 0x000000, 0x000000, 0x000000,
    0x000000, 0x000000, 0x000000, 0x000000, 0x00eafd, 0x000000, 0x00f7e5, 0x000000, 0x00eb5a,
    0x000000, 0x000000, 0x00f49f, 0x00e4b0, 0x000000, 0x00f595, 0x00e859, 0x000000, 0x00ee6e,
    0x000000, 0x000000, 0x000000, 0x000000, 0x00f74a, 0x00ef60, 0x000000, 0x000000, 0x00e79d,
    0x000000, 0x000000, 0x00f065, 0x000000, 0x000000, 0x000000, 0x000000, 0x00e633, 0x000000,
    0x000000, 0x000000, 0x000000, 0x000000, 0x000000, 0x00f656, 0x000000, 0x000000, 0x000000,
    0x000000, 0x000000, 0x000000, 0x000000, 0x000000, 0x000000, 0x00f46b, 0x00ed9e, 0x000000,
    0x000000, 0x000000, 0x000000, 0x000000, 0x000000, 0x000000, 0x000000, 0x000000, 0x000000,
    0x00ef42, 0x000000, 0x000000, 0x000000, 0x000000, 0x000000, 0x00e86a, 0x000000, 0x00f46c,
    0x00f8d6, 0x00efb2, 0x000000, 0x00f23d, 0x000000, 0x00f873, 0x000000, 0x000000, 0x000000,
    0x000000, 0x000000, 0x000000, 0x000000, 0x00e97e, 0x000000, 0x000000, 0x00f5ea, 0x00ee70,
    0x000000, 0x00f39f, 0x000000, 0x000000, 0x000000, 0x000000, 0x000000, 0x00e6ac, 0x000000,
    0x000000, 0x000000, 0x000000, 0x000000, 0x00f5c5, 0x00f270, 0x000000, 0x00e8e5, 0x000000,
    0x00e9de, 0x000000, 0x000000, 0x00e7f0, 0x00efa3, 0x000000, 0x000000, 0x000000, 0x000000,
    0x000000, 0x000000, 0x000000, 0x000000, 0x000000, 0x000000, 0x00f3f9, 0x000000, 0x00f454,
    0x00eb5b, 0x000000, 0x000000, 0x000000, 0x000000, 0x000000, 0x000000, 0x000000, 0x000000,
    0x00efa4, 0x000000, 0x000000, 0x00ec49, 0x000000, 0x000000, 0x000000, 0x000000, 0x000000,
    0x000000, 0x000000, 0x00ecb1, 0x00f97b, 0x00e1a8, 0x000000, 0x00e146, 0x000000, 0x000000,
    0x00f36b, 0x000000, 0x000000, 0x000000, 0x000000, 0x000000, 0x000000, 0x000000, 0x000000,
    0x00ee4a, 0x000000, 0x000000, 0x00e1a9, 0x000000, 0x000000, 0x000000, 0x00f4c3, 0x000000,
    0x000000, 0x000000, 0x000000, 0x000000, 0x000000, 0x000000, 0x000000, 0x000000, 0x00ebd9,
    0x000000, 0x000000, 0x00f2ab, 0x000000, 0x000000, 0x000000, 0x00eec5, 0x000000, 0x000000,
    0x00eb79, 0x000000, 0x00f4c5, 0x000000, 0x000000, 0x00e550, 0x00e5bf, 0x000000, 0x000000,
    0x000000, 0x000000, 0x000000, 0x000000, 0x000000, 0x000000, 0x000000, 0x000000, 0x000000,
    0x000000, 0x000000, 0x000000, 0x000000, 0x000000, 0x000000, 0x000000, 0x000000, 0x000000,
    0x000000, 0x000000, 0x000000, 0x000000, 0x000000, 0x000000, 0x000000, 0x000000, 0x000000,
    0x000000, 0x000000, 0x000000, 0x000000, 0x000000, 0x000000, 0x000000, 0x000000, 0x000000,
    0x000000, 0x000000, 0x000000, 0x000000, 0x000000, 0x000000, 0x000000, 0x000000, 0x000000,
    0x000000, 0x000000, 0x000000, 0x000000, 0x000000, 0x000000, 0x000000, 0x00e9ae, 0x000000,
    0x00f7fc, 0x000000, 0x00e150, 0x000000, 0x000000, 0x000000, 0x000000, 0x000000, 0x000000,
    0x000000, 0x000000, 0x000000, 0x000000, 0x000000, 0x000000, 0x00eda2, 0x000000, 0x000000,
    0x000000, 0x00e248, 0x000000, 0x000000, 0x000000, 0x00e762, 0x00f7d6, 0x000000, 0x000000,
    0x000000, 0x000000, 0x000000, 0x000000, 0x000000, 0x000000, 0x000000, 0x000000, 0x000000,
    0x000000, 0x000000, 0x000000, 0x000000, 0x000000, 0x000000, 0x000000, 0x000000, 0x000000,
    0x00f3aa, 0x00e261, 0x000000, 0x000000, 0x00f657, 0x000000, 0x00e8eb, 0x000000, 0x00eafe,
    0x000000, 0x000000, 0x00e771, 0x000000, 0x00f6f3, 0x000000, 0x00e6e7, 0x000000, 0x000000,
    0x000000, 0x000000, 0x000000, 0x000000, 0x00e5a0, 0x000000, 0x000000, 0x00e3bc, 0x000000,
    0x00edcf, 0x000000, 0x00e0b6, 0x000000, 0x00e848, 0x000000, 0x000000, 0x000000, 0x000000,
    0x000000, 0x00e1c4, 0x000000, 0x000000, 0x000000, 0x000000, 0x000000, 0x00e64e, 0x000000,
    0x000000, 0x000000, 0x00ec4a, 0x000000, 0x000000, 0x000000, 0x000000, 0x000000, 0x00e2d8,
    0x000000, 0x000000, 0x000000, 0x00eb5c, 0x00f0f9, 0x000000, 0x000000, 0x000000, 0x000000,
    0x000000, 0x000000, 0x000000, 0x000000, 0x00f9fd, 0x000000, 0x000000, 0x000000, 0x000000,
    0x000000, 0x00e6e8, 0x00e0d8, 0x000000, 0x000000, 0x000000, 0x00efe2, 0x000000, 0x000000,
    0x00ef4a, 0x000000, 0x000000, 0x000000, 0x00ecc7, 0x000000, 0x000000, 0x000000, 0x000000,
    0x00f15d, 0x000000, 0x00f15e, 0x000000, 0x00e64f, 0x000000, 0x000000, 0x000000, 0x00eca7,
    0x000000, 0x00ead6, 0x00f9e8, 0x000000, 0x000000, 0x000000, 0x000000, 0x000000, 0x000000,
    0x000000, 0x000000, 0x000000, 0x00f271, 0x00f638, 0x00e9fd, 0x000000, 0x000000, 0x000000,
    0x000000, 0x000000, 0x000000, 0x000000, 0x00f74b, 0x000000, 0x00ef61, 0x000000, 0x000000,
    0x000000, 0x000000, 0x00f7d7, 0x000000, 0x000000, 0x000000, 0x000000, 0x000000, 0x000000,
    0x000000, 0x000000, 0x00e27e, 0x000000, 0x000000, 0x00f15f, 0x000000, 0x000000, 0x000000,
    0x00efa5, 0x00e665, 0x000000, 0x00e1c5, 0x000000, 0x00f1ba, 0x00e3bd, 0x000000, 0x000000,
    0x00e2be, 0x000000, 0x000000, 0x00f14b, 0x000000, 0x000000, 0x000000, 0x00e441, 0x000000,
    0x000000, 0x000000, 0x000000, 0x00e179, 0x000000, 0x00e7c4, 0x00effc, 0x000000, 0x000000,
    0x000000, 0x000000, 0x000000, 0x000000, 0x000000, 0x000000, 0x000000, 0x000000, 0x000000,
    0x000000, 0x000000, 0x000000, 0x000000, 0x000000, 0x000000, 0x000000, 0x000000, 0x000000,
    0x00e3be, 0x000000, 0x000000, 0x000000, 0x000000, 0x000000, 0x00f14c, 0x000000, 0x000000,
    0x00edad, 0x000000, 0x000000, 0x000000, 0x000000, 0x000000, 0x000000, 0x00f6b0, 0x000000,
    0x00e17a, 0x000000, 0x000000, 0x000000, 0x00e4c4, 0x000000, 0x000000, 0x00e650, 0x000000,
    0x000000, 0x000000, 0x00e69f, 0x000000, 0x000000, 0x000000, 0x000000, 0x000000, 0x000000,
    0x000000, 0x000000, 0x000000, 0x000000, 0x000000, 0x00eba1, 0x000000, 0x00ea4d, 0x000000,
    0x00f639, 0x000000, 0x000000, 0x000000, 0x00e834, 0x000000, 0x000000, 0x000000, 0x000000,
    0x000000, 0x000000, 0x000000, 0x000000, 0x000000, 0x000000, 0x000000, 0x000000, 0x000000,
    0x000000, 0x000000, 0x000000, 0x00e634, 0x00f5c6, 0x000000, 0x00eba2, 0x00efc6, 0x000000,
    0x000000, 0x000000, 0x00f455, 0x000000, 0x000000, 0x000000, 0x000000, 0x000000, 0x00f579,
    0x00e67c, 0x00f0d3, 0x000000, 0x000000, 0x000000, 0x000000, 0x00f14d, 0x00ec6c, 0x00ea7b,
    0x00f36c, 0x000000, 0x00f0bf, 0x000000, 0x00e6ce, 0x00e3bf, 0x000000, 0x000000, 0x000000,
    0x000000, 0x000000, 0x000000, 0x000000, 0x000000, 0x000000, 0x00f5ab, 0x000000, 0x000000,
    0x000000, 0x000000, 0x00f7fd, 0x000000, 0x00e06c, 0x000000, 0x000000, 0x000000, 0x00e1c6,
    0x00f446, 0x000000, 0x000000, 0x00e9fe, 0x000000, 0x000000, 0x000000, 0x00e147, 0x00e8b8,
    0x000000, 0x000000, 0x000000, 0x000000, 0x00e379, 0x000000, 0x00e26d, 0x00f0c0, 0x000000,
    0x00f9a2, 0x000000, 0x000000, 0x000000, 0x000000, 0x000000, 0x00f75b, 0x000000, 0x000000,
    0x000000, 0x000000, 0x000000, 0x00f066, 0x00f3b0, 0x000000, 0x000000, 0x000000, 0x000000,
    0x000000, 0x000000, 0x000000, 0x00e8ce, 0x000000, 0x00f6c3, 0x000000, 0x000000, 0x000000,
    0x000000, 0x000000, 0x000000, 0x000000, 0x000000, 0x000000, 0x000000, 0x000000, 0x00e8cf,
    0x00e0a4, 0x000000, 0x000000, 0x00f770, 0x000000, 0x000000, 0x00f8d7, 0x000000, 0x000000,
    0x00f0ca, 0x00eb31, 0x000000, 0x000000, 0x000000, 0x000000, 0x000000, 0x000000, 0x000000,
    0x000000, 0x000000, 0x000000, 0x000000, 0x00e25d, 0x000000, 0x000000, 0x00e56c, 0x000000,
    0x000000, 0x000000, 0x00f9d8, 0x000000, 0x000000, 0x000000, 0x000000, 0x00e498, 0x000000,
    0x000000, 0x00f447, 0x000000, 0x000000, 0x00f898, 0x00f63a, 0x00f899, 0x00e776, 0x000000,
    0x00f541, 0x000000, 0x000000, 0x000000, 0x000000, 0x000000, 0x000000, 0x000000, 0x000000,
    0x000000, 0x000000, 0x000000, 0x000000, 0x000000, 0x00ef62, 0x000000, 0x00e055, 0x00e17b,
    0x000000, 0x000000, 0x000000, 0x000000, 0x000000, 0x000000, 0x000000, 0x00ec7e, 0x000000,
    0x000000, 0x000000, 0x000000, 0x000000, 0x00ec4b, 0x000000, 0x00f6ad, 0x000000, 0x000000,
    0x000000, 0x00f771, 0x000000, 0x000000, 0x000000, 0x000000, 0x000000, 0x000000, 0x000000,
    0x000000, 0x000000, 0x00f4ec, 0x000000, 0x000000, 0x000000, 0x000000, 0x00ea31, 0x000000,
    0x000000, 0x000000, 0x000000, 0x000000, 0x000000, 0x000000, 0x000000, 0x000000, 0x000000,
    0x000000, 0x00ed9f, 0x000000, 0x000000, 0x00ecec, 0x000000, 0x00e9af, 0x00e9b0, 0x000000,
    0x000000, 0x00e0b7, 0x00ef63, 0x000000, 0x000000, 0x000000, 0x000000, 0x000000, 0x000000,
    0x000000, 0x000000, 0x000000, 0x000000, 0x000000, 0x000000, 0x000000, 0x000000, 0x000000,
    0x00eba3, 0x00e470, 0x000000, 0x000000, 0x000000, 0x000000, 0x00f3a0, 0x000000, 0x000000,
    0x000000, 0x000000, 0x00efa6, 0x00e0f2, 0x000000, 0x000000, 0x000000, 0x000000, 0x000000,
    0x000000, 0x00f1f3, 0x00e969, 0x00eb5d, 0x000000, 0x000000, 0x000000, 0x000000, 0x00f6da,
    0x00e8b9, 0x000000, 0x000000, 0x000000, 0x000000, 0x000000, 0x000000, 0x000000, 0x00e13e,
    0x000000, 0x00e86b, 0x000000, 0x000000, 0x000000, 0x000000, 0x00e1c7, 0x000000, 0x000000,
    0x000000, 0x000000, 0x000000, 0x000000, 0x000000, 0x000000, 0x000000, 0x000000, 0x00e9b1,
    0x000000, 0x00e73f, 0x00eca3, 0x000000, 0x000000, 0x00e291, 0x000000, 0x000000, 0x00f495,
    0x000000, 0x000000, 0x000000, 0x000000, 0x00f743, 0x000000, 0x000000, 0x000000, 0x000000,
    0x000000, 0x000000, 0x000000, 0x000000, 0x000000, 0x000000, 0x00eb5e, 0x000000, 0x00f5fd,
    0x000000, 0x000000, 0x000000, 0x000000, 0x00f0ec, 0x000000, 0x000000, 0x00e4c5, 0x00f97c,
    0x00e46b, 0x00e57b, 0x000000, 0x00ea32, 0x000000, 0x000000, 0x000000, 0x00ede6, 0x000000,
    0x000000, 0x000000, 0x000000, 0x000000, 0x000000, 0x00f340, 0x000000, 0x000000, 0x000000,
    0x000000, 0x000000, 0x000000, 0x000000, 0x000000, 0x000000, 0x000000, 0x00e5c4, 0x000000,
    0x000000, 0x000000, 0x000000, 0x000000, 0x000000, 0x00f1f4, 0x000000, 0x000000, 0x000000,
    0x00eced, 0x000000, 0x00ef52, 0x000000, 0x00f1f5, 0x00e6fc, 0x000000, 0x00f1bb, 0x000000,
    0x000000, 0x00f63b, 0x000000, 0x000000, 0x000000, 0x000000, 0x000000, 0x00f448, 0x00f658,
    0x000000, 0x000000, 0x000000, 0x000000, 0x000000, 0x00e4e6, 0x00f46d, 0x00e2bf, 0x000000,
    0x00f0ac, 0x000000, 0x000000, 0x000000, 0x000000, 0x000000, 0x00e2c0, 0x000000, 0x00ee38,
    0x00f9e9, 0x000000, 0x00e2c1, 0x000000, 0x00eb6f, 0x00ea7c, 0x000000, 0x000000, 0x000000,
    0x000000, 0x00eb32, 0x000000, 0x000000, 0x000000, 0x000000, 0x000000, 0x000000, 0x000000,
    0x000000, 0x00f54f, 0x00ec91, 0x000000, 0x00e7f1, 0x00f3c7, 0x000000, 0x00e0b8, 0x000000,
    0x000000, 0x000000, 0x000000, 0x000000, 0x000000, 0x000000, 0x000000, 0x00f7fe, 0x00e8ba,
    0x00e897, 0x000000, 0x000000, 0x000000, 0x000000, 0x000000, 0x000000, 0x000000, 0x000000,
    0x00f67c, 0x00e86c, 0x00f874, 0x000000, 0x00eb5f, 0x000000, 0x000000, 0x000000, 0x000000,
    0x000000, 0x000000, 0x00e9b2, 0x000000, 0x000000, 0x000000, 0x000000, 0x00ee39, 0x000000,
    0x00f2f3, 0x000000, 0x000000, 0x000000, 0x000000, 0x000000, 0x000000, 0x000000, 0x000000,
    0x000000, 0x000000, 0x000000, 0x000000, 0x000000, 0x000000, 0x000000, 0x000000, 0x000000,
    0x00f4ed, 0x000000, 0x000000, 0x000000, 0x000000, 0x000000, 0x000000, 0x000000, 0x000000,
    0x000000, 0x000000, 0x00f0fa, 0x000000, 0x00f7e6, 0x000000, 0x000000, 0x000000, 0x000000,
    0x000000, 0x000000, 0x000000, 0x00e06d, 0x00e5de, 0x000000, 0x00e06e, 0x00eae4, 0x000000,
    0x000000, 0x000000, 0x00ee9f, 0x000000, 0x00f5ac, 0x000000, 0x000000, 0x000000, 0x000000,
    0x000000, 0x00ed97, 0x000000, 0x000000, 0x000000, 0x000000, 0x000000, 0x000000, 0x000000,
    0x000000, 0x000000, 0x000000, 0x000000, 0x00efe3, 0x000000, 0x00f1cb, 0x00e2e4, 0x000000,
    0x000000, 0x000000, 0x00e763, 0x000000, 0x000000, 0x000000, 0x000000, 0x000000, 0x000000,
    0x00e9b3, 0x00e57c, 0x000000, 0x000000, 0x00f449, 0x000000, 0x00eab7, 0x000000, 0x000000,
    0x000000, 0x000000, 0x000000, 0x00e0ce, 0x00f8d8, 0x000000, 0x000000, 0x00e369, 0x000000,
    0x000000, 0x00e9d2, 0x00f6f4, 0x00eedc, 0x00ed35, 0x000000, 0x00f933, 0x000000, 0x00e8bb,
    0x000000, 0x000000, 0x000000, 0x00f44a, 0x00effd, 0x00e35a, 0x000000, 0x00f5d6, 0x00e7c5,
    0x00ed44, 0x000000, 0x00f1a7, 0x000000, 0x000000, 0x000000, 0x000000, 0x000000, 0x000000,
    0x000000, 0x000000, 0x000000, 0x000000, 0x000000, 0x000000, 0x000000, 0x000000, 0x000000,
    0x000000, 0x000000, 0x00f04d, 0x00eea0, 0x000000, 0x00f6c4, 0x00f5ad, 0x000000, 0x00e7e0,
    0x000000, 0x000000, 0x000000, 0x00e044, 0x000000, 0x000000, 0x00f772, 0x00e2c2, 0x000000,
    0x00f14e, 0x000000, 0x000000, 0x000000, 0x00edb4, 0x00e1c8, 0x00f258, 0x000000, 0x000000,
    0x000000, 0x000000, 0x000000, 0x000000, 0x000000, 0x000000, 0x000000, 0x00eec8, 0x000000,
    0x000000, 0x000000, 0x000000, 0x000000, 0x000000, 0x000000, 0x000000, 0x000000, 0x000000,
    0x000000, 0x00e1c9, 0x00f7b7, 0x000000, 0x00f3e8, 0x00e7f2, 0x00e8f5, 0x00e045, 0x00e7c6,
    0x000000, 0x000000, 0x000000, 0x00e759, 0x000000, 0x000000, 0x000000, 0x000000, 0x000000,
    0x000000, 0x000000, 0x000000, 0x000000, 0x000000, 0x000000, 0x000000, 0x000000, 0x00e7ab,
    0x000000, 0x000000, 0x000000, 0x000000, 0x000000, 0x000000, 0x000000, 0x000000, 0x000000,
    0x000000, 0x000000, 0x000000, 0x000000, 0x000000, 0x000000, 0x000000, 0x00f1bc, 0x000000,
    0x000000, 0x00e764, 0x000000, 0x000000, 0x000000, 0x00e96a, 0x000000, 0x00ec4c, 0x000000,
    0x000000, 0x00f97d, 0x00f170, 0x00e4a0, 0x000000, 0x00efc7, 0x00ee3a, 0x000000, 0x000000,
    0x000000, 0x000000, 0x000000, 0x000000, 0x00ec92, 0x000000, 0x000000, 0x000000, 0x000000,
    0x000000, 0x000000, 0x00f84b, 0x000000, 0x00f5ae, 0x00f8aa, 0x000000, 0x000000, 0x000000,
    0x000000, 0x00f19d, 0x000000, 0x00f14f, 0x00f968, 0x000000, 0x000000, 0x000000, 0x000000,
    0x000000, 0x000000, 0x000000, 0x000000, 0x000000, 0x000000, 0x000000, 0x000000, 0x000000,
    0x000000, 0x000000, 0x000000, 0x000000, 0x000000, 0x000000, 0x000000, 0x000000, 0x000000,
    0x000000, 0x000000, 0x000000, 0x000000, 0x000000, 0x000000, 0x000000, 0x000000, 0x000000,
    0x000000, 0x00e575, 0x000000, 0x000000, 0x000000, 0x00f7c3, 0x000000, 0x000000, 0x000000,
    0x00f272, 0x000000, 0x000000, 0x000000, 0x000000, 0x000000, 0x000000, 0x000000, 0x000000,
    0x000000, 0x00e6e9, 0x00f1f6, 0x000000, 0x000000, 0x000000, 0x00ea7d, 0x000000, 0x000000,
    0x000000, 0x000000, 0x000000, 0x000000, 0x000000, 0x00e17c, 0x000000, 0x00ecee, 0x000000,
    0x000000, 0x000000, 0x000000, 0x000000, 0x00ef64, 0x000000, 0x000000, 0x000000, 0x00f89a,
    0x000000, 0x000000, 0x000000, 0x000000, 0x000000, 0x000000, 0x00e9b4, 0x00ed45, 0x00e740,
    0x000000, 0x000000, 0x000000, 0x000000, 0x000000, 0x000000, 0x000000, 0x000000, 0x000000,
    0x000000, 0x000000, 0x000000, 0x000000, 0x000000, 0x000000, 0x000000, 0x000000, 0x00e765,
    0x000000, 0x000000, 0x00f57a, 0x000000, 0x000000, 0x000000, 0x00e249, 0x000000, 0x000000,
    0x000000, 0x00e671, 0x00e2d2, 0x000000, 0x00e346, 0x000000, 0x000000, 0x000000, 0x000000,
    0x000000, 0x000000, 0x00e232, 0x000000, 0x000000, 0x00f4ee, 0x000000, 0x000000, 0x000000,
    0x000000, 0x000000, 0x00f4f8, 0x000000, 0x000000, 0x000000, 0x000000, 0x000000, 0x000000,
    0x000000, 0x000000, 0x000000, 0x000000, 0x000000, 0x000000, 0x00e95c, 0x000000, 0x00e35b,
    0x000000, 0x000000, 0x000000, 0x00f934, 0x00e1ca, 0x00e6d4, 0x00ea33, 0x000000, 0x00ed70,
    0x000000, 0x000000, 0x000000, 0x000000, 0x00f259, 0x000000, 0x000000, 0x000000, 0x00ec6d,
    0x000000, 0x000000, 0x000000, 0x00f5fe, 0x00e53c, 0x000000, 0x000000, 0x000000, 0x000000,
    0x000000, 0x00e5d1, 0x000000, 0x00e792, 0x00f753, 0x00f067, 0x000000, 0x000000, 0x000000,
    0x000000, 0x000000, 0x000000, 0x000000, 0x000000, 0x000000, 0x000000, 0x000000, 0x000000,
    0x000000, 0x000000, 0x000000, 0x000000, 0x000000, 0x000000, 0x000000, 0x000000, 0x000000,
    0x000000, 0x000000, 0x000000, 0x000000, 0x000000, 0x00f5d7, 0x000000, 0x000000, 0x00e74f,
    0x000000, 0x000000, 0x000000, 0x000000, 0x00f9c0, 0x000000, 0x000000, 0x000000, 0x000000,
    0x000000, 0x000000, 0x00f0ad, 0x000000, 0x000000, 0x000000, 0x000000, 0x00e5aa, 0x000000,
    0x000000, 0x000000, 0x000000, 0x000000, 0x000000, 0x000000, 0x000000, 0x000000, 0x00eea8,
    0x000000, 0x000000, 0x000000, 0x000000, 0x000000, 0x000000, 0x000000, 0x000000, 0x000000,
    0x000000, 0x000000, 0x000000, 0x000000, 0x00f25a, 0x000000, 0x000000, 0x000000, 0x00e077,
    0x000000, 0x000000, 0x000000, 0x000000, 0x000000, 0x00f773, 0x000000, 0x00e56d, 0x000000,
    0x000000, 0x00f068, 0x000000, 0x000000, 0x000000, 0x000000, 0x00f8d9, 0x00f1f7, 0x000000,
    0x000000, 0x00edb5, 0x000000, 0x000000, 0x000000, 0x000000, 0x000000, 0x00e33d, 0x000000,
    0x000000, 0x000000, 0x000000, 0x00f3f1, 0x000000, 0x000000, 0x000000, 0x000000, 0x000000,
    0x000000, 0x000000, 0x000000, 0x000000, 0x000000, 0x000000, 0x000000, 0x000000, 0x000000,
    0x000000, 0x000000, 0x00ec4d, 0x000000, 0x000000, 0x000000, 0x00ecc8, 0x000000, 0x000000,
    0x000000, 0x000000, 0x00e7d5, 0x000000, 0x000000, 0x00eaaa, 0x000000, 0x000000, 0x000000,
    0x000000, 0x00e8bc, 0x000000, 0x000000, 0x000000, 0x000000, 0x000000, 0x000000, 0x000000,
    0x000000, 0x000000, 0x000000, 0x000000, 0x000000, 0x000000, 0x000000, 0x000000, 0x000000,
    0x00f774, 0x000000, 0x000000, 0x000000, 0x000000, 0x000000, 0x00f3fa, 0x000000, 0x000000,
    0x00edb6, 0x00f4ef, 0x000000, 0x000000, 0x00f8da, 0x00ebe0, 0x000000, 0x00e7ac, 0x000000,
    0x00f5eb, 0x000000, 0x00eb46, 0x000000, 0x000000, 0x00efc8, 0x000000, 0x00e0cf, 0x000000,
    0x00ecc9, 0x000000, 0x000000, 0x000000, 0x00ea7e, 0x000000, 0x000000, 0x000000, 0x000000,
    0x000000, 0x000000, 0x000000, 0x000000, 0x00ec4e, 0x000000, 0x000000, 0x000000, 0x000000,
    0x000000, 0x000000, 0x000000, 0x000000, 0x000000, 0x000000, 0x000000, 0x000000, 0x000000,
    0x000000, 0x000000, 0x000000, 0x000000, 0x00e991, 0x000000, 0x00e635, 0x000000, 0x000000,
    0x000000, 0x000000, 0x000000, 0x00ec93, 0x000000, 0x000000, 0x000000, 0x000000, 0x000000,
    0x000000, 0x000000, 0x00e6a0, 0x000000, 0x000000, 0x000000, 0x000000, 0x000000, 0x000000,
    0x000000, 0x000000, 0x000000, 0x000000, 0x000000, 0x000000, 0x000000, 0x000000, 0x000000,
    0x000000, 0x000000, 0x00e7a1, 0x000000, 0x00e750, 0x00e96b, 0x000000, 0x000000, 0x00f1bd,
    0x00eab8, 0x000000, 0x00f035, 0x000000, 0x000000, 0x000000, 0x00e6ad, 0x000000, 0x000000,
    0x00f4f9, 0x000000, 0x00f1f8, 0x000000, 0x00f5c7, 0x000000, 0x000000, 0x000000, 0x000000,
    0x000000, 0x000000, 0x00ebca, 0x00f0e3, 0x000000, 0x00f46e, 0x000000, 0x000000, 0x000000,
    0x000000, 0x000000, 0x000000, 0x000000, 0x000000, 0x000000, 0x000000, 0x000000, 0x000000,
    0x000000, 0x00f75c, 0x000000, 0x00f069, 0x000000, 0x00e4c6, 0x000000, 0x00e8e6, 0x000000,
    0x000000, 0x000000, 0x000000, 0x000000, 0x00f5af, 0x000000, 0x000000, 0x000000, 0x000000,
    0x00e292, 0x000000, 0x000000, 0x000000, 0x000000, 0x00effe, 0x000000, 0x000000, 0x000000,
    0x000000, 0x000000, 0x00f8b6, 0x000000, 0x000000, 0x000000, 0x000000, 0x000000, 0x000000,
    0x000000, 0x000000, 0x000000, 0x00ec94, 0x000000, 0x000000, 0x000000, 0x000000, 0x00e2f2,
    0x00f6b9, 0x00e7f3, 0x000000, 0x000000, 0x00ebcb, 0x000000, 0x000000, 0x000000, 0x000000,
    0x000000, 0x000000, 0x000000, 0x000000, 0x000000, 0x000000, 0x000000, 0x000000, 0x000000,
    0x000000, 0x000000, 0x000000, 0x000000, 0x000000, 0x00e86d, 0x000000, 0x000000, 0x00e849,
    0x000000, 0x000000, 0x000000, 0x000000, 0x000000, 0x000000, 0x000000, 0x00f0fb, 0x000000,
    0x00e0b9, 0x000000, 0x000000, 0x00f1f9, 0x000000, 0x000000, 0x000000, 0x000000, 0x000000,
    0x000000, 0x00eb70, 0x000000, 0x000000, 0x000000, 0x000000, 0x000000, 0x000000, 0x000000,
    0x000000, 0x000000, 0x000000, 0x00f550, 0x000000, 0x00f9bc, 0x00eab1, 0x00ecef, 0x000000,
    0x000000, 0x000000, 0x000000, 0x00eb33, 0x00f9b9, 0x000000, 0x000000, 0x000000, 0x000000,
    0x000000, 0x000000, 0x000000, 0x000000, 0x000000, 0x00f341, 0x000000, 0x000000, 0x000000,
    0x000000, 0x000000, 0x00e1cb, 0x000000, 0x000000, 0x000000, 0x000000, 0x000000, 0x000000,
    0x000000, 0x00f1be, 0x000000, 0x000000, 0x000000, 0x00e5c0, 0x00ecf0, 0x00f1fa, 0x000000,
    0x000000, 0x000000, 0x000000, 0x000000, 0x00efe4, 0x000000, 0x000000, 0x000000, 0x000000,
    0x000000, 0x000000, 0x00e5ed, 0x00eedd, 0x000000, 0x000000, 0x000000, 0x000000, 0x000000,
    0x000000, 0x00e598, 0x00edb7, 0x000000, 0x000000, 0x000000, 0x00e8e7, 0x00ec4f, 0x000000,
    0x000000, 0x000000, 0x000000, 0x000000, 0x000000, 0x000000, 0x000000, 0x000000, 0x000000,
    0x000000, 0x000000, 0x00f25b, 0x000000, 0x000000, 0x00e6f4, 0x00f36d, 0x000000, 0x000000,
    0x000000, 0x00e23b, 0x000000, 0x000000, 0x00eede, 0x000000, 0x000000, 0x000000, 0x00e666,
    0x00ebcc, 0x000000, 0x000000, 0x00ef43, 0x000000, 0x000000, 0x000000, 0x000000, 0x000000,
    0x000000, 0x000000, 0x000000, 0x000000, 0x000000, 0x000000, 0x00edee, 0x00e932, 0x000000,
    0x000000, 0x00eb60, 0x000000, 0x000000, 0x000000, 0x000000, 0x000000, 0x000000, 0x000000,
    0x000000, 0x000000, 0x000000, 0x000000, 0x000000, 0x000000, 0x000000, 0x000000, 0x000000,
    0x000000, 0x000000, 0x00e5b5, 0x000000, 0x000000, 0x000000, 0x000000, 0x000000, 0x000000,
    0x000000, 0x000000, 0x000000, 0x000000, 0x000000, 0x000000, 0x000000, 0x000000, 0x000000,
    0x000000, 0x000000, 0x00e5a1, 0x000000, 0x000000, 0x000000, 0x000000, 0x000000, 0x000000,
    0x000000, 0x000000, 0x000000, 0x000000, 0x000000, 0x000000, 0x000000, 0x000000, 0x00f8db,
    0x000000, 0x00f7cb, 0x000000, 0x000000, 0x000000, 0x00e0f3, 0x00f535, 0x000000, 0x000000,
    0x000000, 0x000000, 0x000000, 0x00f858, 0x00e667, 0x000000, 0x00efe5, 0x00f8dc, 0x000000,
    0x000000, 0x000000, 0x000000, 0x000000, 0x000000, 0x000000, 0x00f9d0, 0x000000, 0x000000,
    0x000000, 0x000000, 0x000000, 0x000000, 0x000000, 0x000000, 0x000000, 0x000000, 0x000000,
    0x000000, 0x000000, 0x000000, 0x000000, 0x000000, 0x000000, 0x00f8f6, 0x000000, 0x000000,
    0x000000, 0x000000, 0x000000, 0x000000, 0x000000, 0x000000, 0x000000, 0x000000, 0x00e835,
    0x000000, 0x00e8bd, 0x000000, 0x000000, 0x000000, 0x000000, 0x000000, 0x000000, 0x00f172,
    0x000000, 0x000000, 0x000000, 0x000000, 0x000000, 0x000000, 0x000000, 0x000000, 0x000000,
    0x000000, 0x000000, 0x000000, 0x000000, 0x000000, 0x000000, 0x00e1f7, 0x00f36e, 0x000000,
    0x000000, 0x000000, 0x000000, 0x00f659, 0x000000, 0x000000, 0x000000, 0x000000, 0x000000,
    0x000000, 0x000000, 0x000000, 0x000000, 0x000000, 0x000000, 0x000000, 0x000000, 0x000000,
    0x000000, 0x000000, 0x000000, 0x000000, 0x000000, 0x000000, 0x000000, 0x000000, 0x00ea91,
    0x000000, 0x000000, 0x000000, 0x00e4b1, 0x000000, 0x000000, 0x000000, 0x000000, 0x000000,
    0x000000, 0x000000, 0x000000, 0x00f97e, 0x000000, 0x000000, 0x000000, 0x000000, 0x00ef53,
    0x000000, 0x00f3c8, 0x000000, 0x000000, 0x000000, 0x00e293, 0x000000, 0x000000, 0x000000,
    0x000000, 0x00f7ed, 0x000000, 0x000000, 0x000000, 0x000000, 0x000000, 0x000000, 0x000000,
    0x000000, 0x00f496, 0x000000, 0x000000, 0x000000, 0x000000, 0x000000, 0x000000, 0x000000,
    0x000000, 0x000000, 0x000000, 0x000000, 0x000000, 0x000000, 0x000000, 0x000000, 0x000000,
    0x00ed46, 0x000000, 0x00f5b9, 0x000000, 0x00e992, 0x00ecf1, 0x000000, 0x000000, 0x000000,
    0x000000, 0x00ef35, 0x000000, 0x000000, 0x000000, 0x000000, 0x000000, 0x000000, 0x000000,
    0x000000, 0x000000, 0x000000, 0x000000, 0x000000, 0x000000, 0x000000, 0x000000, 0x00f44b,
    0x000000, 0x00ea34, 0x000000, 0x00e85c, 0x000000, 0x000000, 0x000000, 0x000000, 0x000000,
    0x000000, 0x000000, 0x000000, 0x000000, 0x000000, 0x000000, 0x000000, 0x000000, 0x000000,
    0x000000, 0x000000, 0x000000, 0x000000, 0x000000, 0x000000, 0x000000, 0x000000, 0x000000,
    0x000000, 0x000000, 0x000000, 0x000000, 0x000000, 0x000000, 0x000000, 0x000000, 0x000000,
    0x000000, 0x000000, 0x000000, 0x00e079, 0x000000, 0x000000, 0x000000, 0x000000, 0x000000,
    0x000000, 0x00ecda, 0x000000, 0x00f969, 0x000000, 0x000000, 0x000000, 0x000000, 0x000000,
    0x000000, 0x000000, 0x00f06a, 0x000000, 0x000000, 0x000000, 0x000000, 0x000000, 0x000000,
    0x00f7c4, 0x000000, 0x00eca4, 0x000000, 0x000000, 0x000000, 0x000000, 0x000000, 0x000000,
    0x000000, 0x000000, 0x000000, 0x000000, 0x000000, 0x00f8dd, 0x000000, 0x00f2ca, 0x000000,
    0x00ef54, 0x000000, 0x000000, 0x000000, 0x000000, 0x000000, 0x000000, 0x000000, 0x00e5cc,
    0x000000, 0x000000, 0x000000, 0x000000, 0x000000, 0x000000, 0x000000, 0x000000, 0x000000,
    0x000000, 0x00f0d7, 0x000000, 0x000000, 0x000000, 0x000000, 0x000000, 0x000000, 0x000000,
    0x000000, 0x000000, 0x000000, 0x000000, 0x000000, 0x000000, 0x000000, 0x000000, 0x000000,
    0x000000, 0x00e7ad, 0x000000, 0x000000, 0x00f8ab, 0x000000, 0x000000, 0x000000, 0x000000,
    0x000000, 0x000000, 0x000000, 0x000000, 0x000000, 0x000000, 0x000000, 0x000000, 0x000000,
    0x000000, 0x000000, 0x000000, 0x00e4d9, 0x000000, 0x000000, 0x000000, 0x000000, 0x000000,
    0x000000, 0x00e5a2, 0x000000, 0x000000, 0x000000, 0x000000, 0x000000, 0x00f66e, 0x000000,
    0x000000, 0x000000, 0x000000, 0x000000, 0x000000, 0x000000, 0x000000, 0x000000, 0x000000,
    0x000000, 0x000000, 0x000000, 0x000000, 0x000000, 0x000000, 0x000000, 0x000000, 0x000000,
    0x000000, 0x000000, 0x000000, 0x000000, 0x000000, 0x000000, 0x000000, 0x000000, 0x00e898,
    0x000000, 0x000000, 0x000000, 0x000000, 0x000000, 0x000000, 0x000000, 0x000000, 0x000000,
    0x000000, 0x000000, 0x00eb61, 0x000000, 0x000000, 0x00efa8, 0x000000, 0x000000, 0x00f5f9,
    0x000000, 0x000000, 0x000000, 0x000000, 0x000000, 0x000000, 0x00f83f, 0x000000, 0x00f0fc,
    0x000000, 0x000000, 0x00eb7a, 0x000000, 0x000000, 0x000000, 0x000000, 0x000000, 0x00ecb2,
    0x000000, 0x000000, 0x000000, 0x000000, 0x000000, 0x000000, 0x000000, 0x000000, 0x000000,
    0x000000, 0x000000, 0x000000, 0x000000, 0x000000, 0x000000, 0x000000, 0x000000, 0x000000,
    0x000000, 0x000000, 0x000000, 0x000000, 0x000000, 0x000000, 0x000000, 0x00e5c5, 0x000000,
    0x000000, 0x00f3e3, 0x00e5ee, 0x000000, 0x000000, 0x000000, 0x000000, 0x000000, 0x000000,
    0x000000, 0x000000, 0x000000, 0x000000, 0x000000, 0x000000, 0x000000, 0x00e1cc, 0x000000,
    0x000000, 0x000000, 0x000000, 0x00f1d9, 0x000000, 0x000000, 0x000000, 0x000000, 0x00e751,
    0x000000, 0x000000, 0x000000, 0x000000, 0x00f87c, 0x000000, 0x000000, 0x000000, 0x000000,
    0x000000, 0x00f3eb, 0x000000, 0x000000, 0x000000, 0x000000, 0x000000, 0x00f84c, 0x00ee72,
    0x000000, 0x000000, 0x000000, 0x000000, 0x00f875, 0x00ec9c, 0x000000, 0x000000, 0x000000,
    0x00e046, 0x000000, 0x00ed47, 0x000000, 0x00f06b, 0x000000, 0x00f5fa, 0x000000, 0x000000,
    0x000000, 0x00f8ac, 0x00e2c3, 0x00f0fd, 0x000000, 0x000000, 0x000000, 0x000000, 0x00f79c,
    0x000000, 0x000000, 0x00eab9, 0x000000, 0x000000, 0x000000, 0x000000, 0x00ebf1, 0x000000,
    0x00e434, 0x000000, 0x000000, 0x000000, 0x000000, 0x00f5fb, 0x000000, 0x000000, 0x000000,
    0x000000, 0x000000, 0x000000, 0x00e36a, 0x00e36b, 0x000000, 0x00f04e, 0x00e7b1, 0x000000,
    0x000000, 0x000000, 0x000000, 0x000000, 0x00e047, 0x000000, 0x000000, 0x00e4e7, 0x000000,
    0x00f775, 0x000000, 0x000000, 0x000000, 0x000000, 0x00e4b2, 0x000000, 0x000000, 0x000000,
    0x00ec50, 0x00f46f, 0x000000, 0x000000, 0x000000, 0x000000, 0x000000, 0x000000, 0x00e1e5,
    0x000000, 0x000000, 0x000000, 0x000000, 0x000000, 0x000000, 0x000000, 0x000000, 0x000000,
    0x000000, 0x000000, 0x000000, 0x00f7ac, 0x000000, 0x000000, 0x000000, 0x000000, 0x000000,
    0x000000, 0x000000, 0x000000, 0x00e1cd, 0x000000, 0x000000, 0x000000, 0x000000, 0x000000,
    0x000000, 0x000000, 0x000000, 0x000000, 0x000000, 0x000000, 0x00f23e, 0x00e63e, 0x000000,
    0x000000, 0x000000, 0x000000, 0x000000, 0x000000, 0x000000, 0x000000, 0x000000, 0x000000,
    0x000000, 0x000000, 0x00e6ea, 0x000000, 0x000000, 0x000000, 0x000000, 0x00eee0, 0x00f0ae,
    0x000000, 0x000000, 0x000000, 0x00e2d9, 0x000000, 0x000000, 0x00e95d, 0x00f1fb, 0x000000,
    0x00ea92, 0x000000, 0x00e6eb, 0x000000, 0x000000, 0x000000, 0x000000, 0x000000, 0x000000,
    0x00ea35, 0x000000, 0x000000, 0x000000, 0x000000, 0x000000, 0x000000, 0x000000, 0x000000,
    0x000000, 0x000000, 0x00ead7, 0x00e8d0, 0x00e8d1, 0x000000, 0x000000, 0x00e5a3, 0x000000,
    0x000000, 0x000000, 0x000000, 0x00f342, 0x000000, 0x000000, 0x000000, 0x000000, 0x000000,
    0x000000, 0x000000, 0x00e96c, 0x000000, 0x000000, 0x000000, 0x000000, 0x000000, 0x000000,
    0x000000, 0x000000, 0x00e078, 0x000000, 0x00f776, 0x00e95e, 0x000000, 0x000000, 0x000000,
    0x000000, 0x00f06c, 0x00e8d2, 0x000000, 0x000000, 0x000000, 0x000000, 0x000000, 0x000000,
    0x000000, 0x000000, 0x000000, 0x000000, 0x000000, 0x00efb3, 0x000000, 0x000000, 0x000000,
    0x000000, 0x00f6db, 0x000000, 0x000000, 0x000000, 0x000000, 0x000000, 0x000000, 0x000000,
    0x000000, 0x000000, 0x000000, 0x000000, 0x00eca8, 0x000000, 0x00e6ae, 0x000000, 0x000000,
    0x00eb71, 0x000000, 0x000000, 0x000000, 0x000000, 0x00e0ba, 0x000000, 0x000000, 0x00edd1,
    0x000000, 0x000000, 0x000000, 0x000000, 0x000000, 0x000000, 0x000000, 0x000000, 0x000000,
    0x000000, 0x000000, 0x000000, 0x000000, 0x000000, 0x000000, 0x000000, 0x000000, 0x000000,
    0x000000, 0x000000, 0x000000, 0x000000, 0x000000, 0x000000, 0x000000, 0x000000, 0x00e36c,
    0x000000, 0x000000, 0x000000, 0x000000, 0x00e5c1, 0x000000, 0x000000, 0x000000, 0x000000,
    0x000000, 0x00e75a, 0x000000, 0x000000, 0x000000, 0x000000, 0x000000, 0x000000, 0x000000,
    0x00eca9, 0x000000, 0x000000, 0x000000, 0x000000, 0x000000, 0x000000, 0x000000, 0x000000,
    0x000000, 0x000000, 0x000000, 0x000000, 0x00eb34, 0x000000, 0x00efa9, 0x000000, 0x00e4c7,
    0x000000, 0x000000, 0x00e96d, 0x00f73e, 0x000000, 0x000000, 0x000000, 0x00e148, 0x000000,
    0x000000, 0x000000, 0x00e33e, 0x000000, 0x000000, 0x000000, 0x00e794, 0x000000, 0x000000,
    0x00ecca, 0x000000, 0x000000, 0x000000, 0x000000, 0x000000, 0x000000, 0x000000, 0x000000,
    0x000000, 0x000000, 0x00e13f, 0x000000, 0x000000, 0x000000, 0x000000, 0x000000, 0x000000,
    0x000000, 0x00e53d, 0x00f661, 0x000000, 0x000000, 0x000000, 0x000000, 0x000000, 0x000000,
    0x000000, 0x00e35c, 0x000000, 0x000000, 0x000000, 0x000000, 0x000000, 0x000000, 0x000000,
    0x00e056, 0x000000, 0x000000, 0x00e5c2, 0x000000, 0x000000, 0x00e24a, 0x000000, 0x000000,
    0x000000, 0x000000, 0x000000, 0x000000, 0x000000, 0x000000, 0x000000, 0x000000, 0x000000,
    0x000000, 0x000000, 0x000000, 0x000000, 0x000000, 0x000000, 0x00e057, 0x000000, 0x000000,
    0x000000, 0x000000, 0x000000, 0x000000, 0x000000, 0x000000, 0x000000, 0x000000, 0x000000,
    0x000000, 0x000000, 0x000000, 0x000000, 0x000000, 0x00f840, 0x000000, 0x000000, 0x000000,
    0x000000, 0x000000, 0x000000, 0x000000, 0x000000, 0x000000, 0x000000, 0x000000, 0x000000,
    0x000000, 0x000000, 0x000000, 0x000000, 0x00ead8, 0x000000, 0x000000, 0x000000, 0x00f5ba,
    0x000000, 0x000000, 0x000000, 0x000000, 0x000000, 0x000000, 0x000000, 0x00edeb, 0x000000,
    0x00f2f4, 0x00e9b5, 0x000000, 0x000000, 0x000000, 0x000000, 0x00e1aa, 0x000000, 0x00ecf2,
    0x000000, 0x00f8f7, 0x000000, 0x00f6d0, 0x000000, 0x000000, 0x000000, 0x000000, 0x00f9ba,
    0x000000, 0x000000, 0x00f9e1, 0x00f6a0, 0x00e3c0, 0x000000, 0x000000, 0x00ef55, 0x000000,
    0x00ed48, 0x000000, 0x00ebe8, 0x000000, 0x000000, 0x000000, 0x00e151, 0x000000, 0x00e47d,
    0x000000, 0x000000, 0x000000, 0x000000, 0x00e8be, 0x000000, 0x000000, 0x00eb72, 0x000000,
    0x000000, 0x000000, 0x00f859, 0x000000, 0x000000, 0x00ebcd, 0x000000, 0x00e048, 0x000000,
    0x000000, 0x000000, 0x00f470, 0x00f3c9, 0x000000, 0x000000, 0x000000, 0x000000, 0x000000,
    0x000000, 0x000000, 0x000000, 0x000000, 0x000000, 0x000000, 0x000000, 0x000000, 0x000000,
    0x000000, 0x000000, 0x00ea93, 0x000000, 0x000000, 0x000000, 0x00f36f, 0x00f754, 0x000000,
    0x000000, 0x000000, 0x000000, 0x000000, 0x00f25c, 0x000000, 0x000000, 0x00ea94, 0x000000,
    0x00eec9, 0x000000, 0x00ec95, 0x00eee1, 0x000000, 0x000000, 0x00eccb, 0x000000, 0x000000,
    0x00eccc, 0x000000, 0x000000, 0x000000, 0x00e2f8, 0x00f2ac, 0x000000, 0x00f9fe, 0x00f935,
    0x00f841, 0x00ead9, 0x000000, 0x00eb62, 0x000000, 0x000000, 0x000000, 0x00f56a, 0x000000,
    0x000000, 0x000000, 0x000000, 0x000000, 0x000000, 0x00f3ca, 0x000000, 0x00e233, 0x000000,
    0x000000, 0x000000, 0x000000, 0x00f44c, 0x00f173, 0x000000, 0x000000, 0x000000, 0x000000,
    0x000000, 0x00eb35, 0x000000, 0x00f6ab, 0x000000, 0x000000, 0x00f0af, 0x000000, 0x000000,
    0x000000, 0x000000, 0x000000, 0x00edde, 0x000000, 0x00eba4, 0x00e1ab, 0x000000, 0x00e7f4,
    0x00ef36, 0x00e1ce, 0x00ebe9, 0x000000, 0x00f991, 0x000000, 0x00eb73, 0x000000, 0x000000,
    0x000000, 0x000000, 0x000000, 0x00ec51, 0x000000, 0x00e234, 0x000000, 0x000000, 0x000000,
    0x000000, 0x000000, 0x000000, 0x00ea36, 0x000000, 0x000000, 0x00f0fe, 0x000000, 0x00f0dd,
    0x00f370, 0x000000, 0x000000, 0x00f56b, 0x000000, 0x00ec96, 0x000000, 0x000000, 0x00e4c8,
    0x000000, 0x000000, 0x000000, 0x00f57b, 0x000000, 0x00f245, 0x000000, 0x00f5d8, 0x000000,
    0x000000, 0x00e5df, 0x000000, 0x000000, 0x000000, 0x00e675, 0x000000, 0x000000, 0x000000,
    0x000000, 0x00f0b0, 0x00f573, 0x000000, 0x000000, 0x000000, 0x000000, 0x00eccd, 0x000000,
    0x000000, 0x000000, 0x000000, 0x00f596, 0x00f842, 0x000000, 0x000000, 0x00f2f5, 0x00e06f,
    0x000000, 0x00f0b1, 0x00f1bf, 0x000000, 0x000000, 0x00f9c9, 0x000000, 0x000000, 0x000000,
    0x000000, 0x00ed36, 0x00f7a4, 0x00f343, 0x000000, 0x00edec, 0x000000, 0x000000, 0x000000,
    0x00e3e7, 0x000000, 0x00e7c7, 0x00ed67, 0x00f06d, 0x000000, 0x00e599, 0x000000, 0x000000,
    0x000000, 0x000000, 0x000000, 0x000000, 0x000000, 0x000000, 0x000000, 0x00e84a, 0x000000,
    0x00e85d, 0x000000, 0x000000, 0x000000, 0x00f7cc, 0x000000, 0x00ebda, 0x00e8bf, 0x000000,
    0x00e155, 0x00f160, 0x00e0bb, 0x000000, 0x00ea95, 0x000000, 0x000000, 0x00efaa, 0x000000,
    0x000000, 0x000000, 0x000000, 0x000000, 0x000000, 0x000000, 0x00e7c8, 0x000000, 0x000000,
    0x00f273, 0x00e6bd, 0x000000, 0x000000, 0x000000, 0x000000, 0x000000, 0x000000, 0x00e2c4,
    0x000000, 0x000000, 0x000000, 0x000000, 0x000000, 0x00e35d, 0x000000, 0x000000, 0x000000,
    0x000000, 0x000000, 0x000000, 0x00f936, 0x000000, 0x000000, 0x000000, 0x000000, 0x000000,
    0x000000, 0x000000, 0x00f3fb, 0x000000, 0x000000, 0x000000, 0x000000, 0x00f9d2, 0x00e3c1,
    0x000000, 0x000000, 0x000000, 0x000000, 0x000000, 0x000000, 0x000000, 0x000000, 0x00ecdb,
    0x000000, 0x00e4c9, 0x000000, 0x00e95f, 0x000000, 0x000000, 0x000000, 0x000000, 0x000000,
    0x000000, 0x000000, 0x000000, 0x000000, 0x00e17d, 0x000000, 0x000000, 0x000000, 0x000000,
    0x000000, 0x00ea37, 0x000000, 0x000000, 0x00ee4b, 0x00f131, 0x000000, 0x000000, 0x000000,
    0x00e149, 0x000000, 0x000000, 0x00f8de, 0x000000, 0x000000, 0x000000, 0x000000, 0x000000,
    0x00eee2, 0x000000, 0x000000, 0x00e551, 0x000000, 0x000000, 0x000000, 0x000000, 0x000000,
    0x000000, 0x000000, 0x000000, 0x000000, 0x00e938, 0x000000, 0x000000, 0x000000, 0x000000,
    0x000000, 0x00ec52, 0x000000, 0x00f4d8, 0x00edd3, 0x000000, 0x000000, 0x00f4d9, 0x000000,
    0x000000, 0x000000, 0x00f4c6, 0x000000, 0x000000, 0x000000, 0x000000, 0x000000, 0x000000,
    0x000000, 0x000000, 0x000000, 0x000000, 0x000000, 0x000000, 0x000000, 0x000000, 0x000000,
    0x000000, 0x000000, 0x000000, 0x000000, 0x000000, 0x000000, 0x000000, 0x000000, 0x000000,
    0x000000, 0x000000, 0x000000, 0x000000, 0x000000, 0x000000, 0x000000, 0x000000, 0x000000,
    0x000000, 0x000000, 0x000000, 0x000000, 0x000000, 0x000000, 0x000000, 0x000000, 0x000000,
    0x000000, 0x000000, 0x000000, 0x000000, 0x000000, 0x000000, 0x000000, 0x000000, 0x000000,
    0x000000, 0x000000, 0x000000, 0x000000, 0x00e1db, 0x000000, 0x000000, 0x000000, 0x000000,
    0x000000, 0x000000, 0x000000, 0x00e1ac, 0x000000, 0x00f953, 0x000000, 0x000000, 0x000000,
    0x000000, 0x00e577, 0x000000, 0x00e3c2, 0x000000, 0x00f7a5, 0x000000, 0x00ef65, 0x000000,
    0x000000, 0x000000, 0x000000, 0x000000, 0x000000, 0x000000, 0x000000, 0x00ecce, 0x000000,
    0x000000, 0x000000, 0x000000, 0x00e55a, 0x000000, 0x000000, 0x000000, 0x000000, 0x000000,
    0x000000, 0x00eada, 0x000000, 0x000000, 0x000000, 0x000000, 0x000000, 0x000000, 0x000000,
    0x000000, 0x00f8df, 0x00eee3, 0x000000, 0x000000, 0x000000, 0x000000, 0x000000, 0x000000,
    0x000000, 0x000000, 0x000000, 0x000000, 0x000000, 0x000000, 0x000000, 0x00f79d, 0x00eccf,
    0x000000, 0x000000, 0x000000, 0x000000, 0x000000, 0x00f5b0, 0x000000, 0x000000, 0x000000,
    0x000000, 0x000000, 0x000000, 0x000000, 0x00e777, 0x000000, 0x00e7c9, 0x000000, 0x000000,
    0x000000, 0x000000, 0x000000, 0x000000, 0x000000, 0x000000, 0x000000, 0x000000, 0x000000,
    0x000000, 0x000000, 0x000000, 0x000000, 0x000000, 0x00f73f, 0x00f2f6, 0x000000, 0x00e9b6,
    0x00f23f, 0x00e1f8, 0x000000, 0x000000, 0x000000, 0x000000, 0x00ea48, 0x00f937, 0x00f6fc,
    0x00f6b1, 0x00e24b, 0x00f531, 0x000000, 0x000000, 0x00f25d, 0x00ebae, 0x000000, 0x000000,
    0x00f153, 0x00e2fe, 0x000000, 0x00f74f, 0x00e772, 0x00e4e8, 0x000000, 0x000000, 0x00ea38,
    0x00f574, 0x00f152, 0x000000, 0x00e7f5, 0x00f7c5, 0x00e9d3, 0x00e693, 0x00f19e, 0x00f992,
    0x000000, 0x000000, 0x00f1c0, 0x00e049, 0x000000, 0x00f274, 0x000000, 0x000000, 0x000000,
    0x000000, 0x000000, 0x000000, 0x00f471, 0x000000, 0x00ea49, 0x000000, 0x000000, 0x000000,
    0x000000, 0x000000, 0x000000, 0x00e694, 0x000000, 0x00ea96, 0x000000, 0x00eadb, 0x000000,
    0x00e8d3, 0x000000, 0x00f877, 0x00e773, 0x00f551, 0x000000, 0x00e9b7, 0x000000, 0x000000,
    0x000000, 0x00f497, 0x000000, 0x000000, 0x00e53e, 0x000000, 0x000000, 0x000000, 0x000000,
    0x000000, 0x000000, 0x00e695, 0x000000, 0x000000, 0x000000, 0x000000, 0x000000, 0x000000,
    0x00e9b8, 0x00e2c5, 0x00eadf, 0x000000, 0x000000, 0x000000, 0x000000, 0x00f44e, 0x00f631,
    0x000000, 0x00f0cb, 0x00f3fc, 0x000000, 0x00f4c7, 0x000000, 0x000000, 0x00eb7b, 0x000000,
    0x000000, 0x000000, 0x000000, 0x000000, 0x00f1fc, 0x000000, 0x000000, 0x00ebdb, 0x000000,
    0x000000, 0x000000, 0x000000, 0x000000, 0x000000, 0x000000, 0x000000, 0x000000, 0x000000,
    0x000000, 0x000000, 0x000000, 0x000000, 0x000000, 0x000000, 0x000000, 0x000000, 0x000000,
    0x000000, 0x000000, 0x000000, 0x000000, 0x000000, 0x000000, 0x000000, 0x000000, 0x000000,
    0x000000, 0x000000, 0x000000, 0x000000, 0x000000, 0x000000, 0x000000, 0x000000, 0x000000,
    0x000000, 0x000000, 0x000000, 0x000000, 0x00f275, 0x000000, 0x00ea97, 0x000000, 0x000000,
    0x000000, 0x000000, 0x00f863, 0x000000, 0x000000, 0x000000, 0x000000, 0x00f3cb, 0x000000,
    0x000000, 0x00e33f, 0x00e9b9, 0x000000, 0x000000, 0x00e3c3, 0x000000, 0x000000, 0x000000,
    0x000000, 0x000000, 0x000000, 0x000000, 0x000000, 0x00f5b1, 0x000000, 0x000000, 0x000000,
    0x000000, 0x00f056, 0x000000, 0x000000, 0x000000, 0x000000, 0x000000, 0x000000, 0x000000,
    0x000000, 0x000000, 0x000000, 0x000000, 0x000000, 0x000000, 0x000000, 0x00f371, 0x000000,
    0x000000, 0x000000, 0x000000, 0x000000, 0x000000, 0x000000, 0x000000, 0x000000, 0x00f63c,
    0x000000, 0x000000, 0x000000, 0x000000, 0x00f5d9, 0x000000, 0x000000, 0x000000, 0x000000,
    0x000000, 0x000000, 0x000000, 0x000000, 0x000000, 0x000000, 0x00f37b, 0x000000, 0x000000,
    0x000000, 0x000000, 0x000000, 0x000000, 0x00e9ba, 0x000000, 0x000000, 0x000000, 0x00f44f,
    0x000000, 0x000000, 0x000000, 0x000000, 0x000000, 0x000000, 0x00f6c5, 0x000000, 0x000000,
    0x000000, 0x000000, 0x00e8a2, 0x00f498, 0x000000, 0x000000, 0x00e04a, 0x000000, 0x000000,
    0x000000, 0x000000, 0x000000, 0x000000, 0x000000, 0x000000, 0x000000, 0x000000, 0x000000,
    0x00f6f5, 0x000000, 0x00e0e5, 0x000000, 0x000000, 0x000000, 0x00f276, 0x000000, 0x00eb63,
    0x000000, 0x000000, 0x000000, 0x000000, 0x00e235, 0x000000, 0x000000, 0x000000, 0x000000,
    0x000000, 0x000000, 0x00e668, 0x000000, 0x000000, 0x000000, 0x00e53f, 0x000000, 0x000000,
    0x000000, 0x000000, 0x000000, 0x000000, 0x000000, 0x000000, 0x000000, 0x000000, 0x000000,
    0x000000, 0x00efc9, 0x000000, 0x000000, 0x000000, 0x000000, 0x00e4ce, 0x00f552, 0x000000,
    0x000000, 0x000000, 0x000000, 0x000000, 0x000000, 0x000000, 0x000000, 0x000000, 0x000000,
    0x000000, 0x000000, 0x000000, 0x00e0e6, 0x000000, 0x000000, 0x000000, 0x000000, 0x000000,
    0x000000, 0x000000, 0x000000, 0x000000, 0x000000, 0x000000, 0x00f3a1, 0x000000, 0x000000,
    0x000000, 0x000000, 0x000000, 0x00f0b2, 0x000000, 0x000000, 0x000000, 0x000000, 0x00f3a2,
    0x000000, 0x000000, 0x000000, 0x000000, 0x000000, 0x000000, 0x000000, 0x000000, 0x000000,
    0x000000, 0x00f0b3, 0x000000, 0x00f344, 0x000000, 0x000000, 0x00e0f4, 0x00e540, 0x00f4b2,
    0x00f8b7, 0x000000, 0x000000, 0x000000, 0x000000, 0x000000, 0x000000, 0x000000, 0x000000,
    0x000000, 0x000000, 0x000000, 0x000000, 0x000000, 0x000000, 0x00f5ec, 0x000000, 0x000000,
    0x000000, 0x000000, 0x000000, 0x00f277, 0x00f542, 0x000000, 0x000000, 0x000000, 0x000000,
    0x000000, 0x000000, 0x000000, 0x000000, 0x000000, 0x000000, 0x000000, 0x000000, 0x000000,
    0x000000, 0x000000, 0x000000, 0x000000, 0x000000, 0x000000, 0x00f5ed, 0x000000, 0x00e2f3,
    0x000000, 0x000000, 0x000000, 0x000000, 0x000000, 0x000000, 0x000000, 0x000000, 0x000000,
    0x00f372, 0x000000, 0x000000, 0x000000, 0x000000, 0x000000, 0x00f25e, 0x000000, 0x000000,
    0x00f3cc, 0x000000, 0x000000, 0x00edb8, 0x000000, 0x000000, 0x000000, 0x000000, 0x000000,
    0x000000, 0x000000, 0x000000, 0x000000, 0x000000, 0x000000, 0x000000, 0x000000, 0x000000,
    0x000000, 0x000000, 0x000000, 0x000000, 0x000000, 0x000000, 0x000000, 0x000000, 0x000000,
    0x000000, 0x000000, 0x000000, 0x000000, 0x000000, 0x00e6f5, 0x00ecf3, 0x00e2e5, 0x000000,
    0x000000, 0x000000, 0x000000, 0x000000, 0x000000, 0x000000, 0x000000, 0x000000, 0x000000,
    0x000000, 0x000000, 0x000000, 0x000000, 0x000000, 0x000000, 0x000000, 0x000000, 0x000000,
    0x00e2c6, 0x000000, 0x000000, 0x000000, 0x000000, 0x000000, 0x000000, 0x000000, 0x000000,
    0x000000, 0x00f4b3, 0x00ed68, 0x00e2f9, 0x00e2da, 0x000000, 0x000000, 0x000000, 0x000000,
    0x00f85d, 0x000000, 0x000000, 0x000000, 0x000000, 0x000000, 0x000000, 0x000000, 0x000000,
    0x000000, 0x000000, 0x000000, 0x000000, 0x00ee73, 0x000000, 0x000000, 0x000000, 0x000000,
    0x000000, 0x000000, 0x000000, 0x000000, 0x000000, 0x000000, 0x000000, 0x00f472, 0x000000,
    0x000000, 0x000000, 0x000000, 0x000000, 0x000000, 0x000000, 0x000000, 0x000000, 0x000000,
    0x000000, 0x000000, 0x00f5ee, 0x000000, 0x000000, 0x00e04b, 0x000000, 0x000000, 0x00ecdc,
    0x000000, 0x000000, 0x000000, 0x00e294, 0x000000, 0x00e669, 0x000000, 0x000000, 0x000000,
    0x00f240, 0x000000, 0x000000, 0x000000, 0x000000, 0x000000, 0x000000, 0x000000, 0x000000,
    0x00f575, 0x00e752, 0x00e960, 0x00e17e, 0x000000, 0x000000, 0x000000, 0x000000, 0x000000,
    0x00e5e0, 0x00f65a, 0x00f9ca, 0x00e766, 0x00f55f, 0x000000, 0x000000, 0x000000, 0x000000,
    0x000000, 0x000000, 0x00e636, 0x00e94e, 0x000000, 0x00e8d4, 0x00e6c7, 0x000000, 0x000000,
    0x000000, 0x000000, 0x00f4a0, 0x000000, 0x000000, 0x000000, 0x00f3cd, 0x000000, 0x000000,
    0x000000, 0x000000, 0x00ec53, 0x00e96e, 0x000000, 0x00e96f, 0x000000, 0x000000, 0x00f2ad,
    0x00ee3b, 0x000000, 0x000000, 0x000000, 0x000000, 0x00f7dd, 0x00f04f, 0x000000, 0x000000,
    0x000000, 0x00f2ae, 0x000000, 0x000000, 0x000000, 0x00f560, 0x00e295, 0x000000, 0x000000,
    0x000000, 0x000000, 0x000000, 0x000000, 0x000000, 0x000000, 0x000000, 0x000000, 0x000000,
    0x000000, 0x000000, 0x000000, 0x00ee3c, 0x000000, 0x00e26e, 0x000000, 0x000000, 0x00e5f9,
    0x000000, 0x000000, 0x000000, 0x000000, 0x000000, 0x000000, 0x000000, 0x000000, 0x000000,
    0x000000, 0x000000, 0x000000, 0x000000, 0x000000, 0x000000, 0x000000, 0x000000, 0x000000,
    0x000000, 0x000000, 0x000000, 0x000000, 0x000000, 0x000000, 0x000000, 0x000000, 0x000000,
    0x000000, 0x000000, 0x00ecf4, 0x00e1d0, 0x000000, 0x000000, 0x000000, 0x000000, 0x000000,
    0x000000, 0x00e5b8, 0x000000, 0x000000, 0x00f6fd, 0x000000, 0x00e939, 0x000000, 0x000000,
    0x000000, 0x000000, 0x00ea98, 0x000000, 0x00e93a, 0x00f473, 0x00efb4, 0x00e46c, 0x000000,
    0x000000, 0x000000, 0x000000, 0x000000, 0x000000, 0x000000, 0x000000, 0x000000, 0x000000,
    0x000000, 0x000000, 0x000000, 0x00efe6, 0x000000, 0x000000, 0x00ecf6, 0x000000, 0x000000,
    0x000000, 0x000000, 0x000000, 0x000000, 0x000000, 0x000000, 0x00eeca, 0x000000, 0x000000,
    0x00e35e, 0x000000, 0x000000, 0x00e899, 0x000000, 0x000000, 0x000000, 0x000000, 0x000000,
    0x000000, 0x000000, 0x000000, 0x000000, 0x000000, 0x000000, 0x000000, 0x000000, 0x000000,
    0x000000, 0x000000, 0x000000, 0x00e04c, 0x000000, 0x000000, 0x000000, 0x00f278, 0x00e86e,
    0x000000, 0x00f499, 0x000000, 0x000000, 0x00ec9d, 0x000000, 0x00e136, 0x000000, 0x000000,
    0x000000, 0x000000, 0x00e84b, 0x000000, 0x00f279, 0x000000, 0x000000, 0x000000, 0x00f5da,
    0x000000, 0x000000, 0x00f6dc, 0x00ebea, 0x00e251, 0x00e541, 0x000000, 0x00f9b1, 0x00ee4d,
    0x000000, 0x00f8ad, 0x000000, 0x000000, 0x00f777, 0x000000, 0x00ebce, 0x000000, 0x00f6e2,
    0x00f5ef, 0x00e2c7, 0x000000, 0x000000, 0x00e542, 0x00e191, 0x000000, 0x00e578, 0x000000,
    0x00f25f, 0x00f6d7, 0x000000, 0x000000, 0x00eb36, 0x00e651, 0x00ebdc, 0x00f373, 0x00f3e4,
    0x00e993, 0x00e637, 0x000000, 0x000000, 0x000000, 0x000000, 0x000000, 0x000000, 0x000000,
    0x000000, 0x000000, 0x000000, 0x00f597, 0x000000, 0x000000, 0x00f3ce, 0x00f474, 0x000000,
    0x000000, 0x00e340, 0x000000, 0x000000, 0x00f191, 0x000000, 0x000000, 0x000000, 0x00f7ba,
    0x000000, 0x00f0b5, 0x000000, 0x00e57d, 0x00ec54, 0x000000, 0x000000, 0x000000, 0x000000,
    0x00efe7, 0x000000, 0x000000, 0x00f0b4, 0x00f031, 0x000000, 0x00f74c, 0x00e236, 0x000000,
    0x00f7c6, 0x00f96a, 0x000000, 0x00e543, 0x00e4b9, 0x00f06e, 0x000000, 0x000000, 0x000000,
    0x00efab, 0x000000, 0x000000, 0x00ebe1, 0x00e4cf, 0x00f598, 0x000000, 0x00f050, 0x00ebcf,
    0x000000, 0x00e14a, 0x000000, 0x000000, 0x000000, 0x000000, 0x000000, 0x00f27a, 0x000000,
    0x000000, 0x000000, 0x00f374, 0x00f4b4, 0x00e57e, 0x000000, 0x000000, 0x00f450, 0x000000,
    0x000000, 0x00f3e5, 0x000000, 0x00f553, 0x00eb64, 0x000000, 0x00f0b6, 0x000000, 0x00e6a1,
    0x00e0e8, 0x000000, 0x00f7ad, 0x00efad, 0x00e774, 0x00f843, 0x00ec55, 0x00f94d, 0x000000,
    0x000000, 0x00f154, 0x00e741, 0x000000, 0x00e93b, 0x000000, 0x000000, 0x000000, 0x000000,
    0x00e5a4, 0x000000, 0x00f0e9, 0x000000, 0x000000, 0x000000, 0x00ef4b, 0x000000, 0x000000,
    0x000000, 0x00e767, 0x000000, 0x000000, 0x000000, 0x000000, 0x000000, 0x000000, 0x000000,
    0x000000, 0x00f8ae, 0x00e3e1, 0x000000, 0x000000, 0x00e8c0, 0x000000, 0x00f5be, 0x000000,
    0x00ea99, 0x000000, 0x000000, 0x000000, 0x000000, 0x00e09d, 0x00f6c6, 0x00e2c8, 0x000000,
    0x000000, 0x000000, 0x00ebd0, 0x000000, 0x000000, 0x00f260, 0x000000, 0x000000, 0x000000,
    0x000000, 0x000000, 0x000000, 0x000000, 0x00eff4, 0x000000, 0x000000, 0x000000, 0x000000,
    0x000000, 0x000000, 0x000000, 0x000000, 0x00e296, 0x000000, 0x000000, 0x000000, 0x000000,
    0x000000, 0x000000, 0x000000, 0x000000, 0x000000, 0x000000, 0x000000, 0x000000, 0x000000,
    0x000000, 0x000000, 0x000000, 0x000000, 0x000000, 0x000000, 0x00e5cd, 0x000000, 0x000000,
    0x00e2db, 0x000000, 0x000000, 0x000000, 0x000000, 0x000000, 0x000000, 0x00e9bb, 0x000000,
    0x000000, 0x000000, 0x000000, 0x00e23c, 0x000000, 0x000000, 0x000000, 0x000000, 0x000000,
    0x000000, 0x000000, 0x00efe8, 0x000000, 0x000000, 0x000000, 0x000000, 0x000000, 0x000000,
    0x000000, 0x00e544, 0x000000, 0x000000, 0x00ed57, 0x000000, 0x000000, 0x000000, 0x000000,
    0x000000, 0x000000, 0x000000, 0x000000, 0x000000, 0x000000, 0x000000, 0x000000, 0x000000,
    0x000000, 0x000000, 0x00f5db, 0x000000, 0x000000, 0x00f851, 0x000000, 0x000000, 0x000000,
    0x00ea39, 0x000000, 0x000000, 0x000000, 0x000000, 0x000000, 0x000000, 0x000000, 0x000000,
    0x000000, 0x000000, 0x000000, 0x000000, 0x000000, 0x00e59a, 0x000000, 0x000000, 0x000000,
    0x000000, 0x000000, 0x00f2f7, 0x000000, 0x000000, 0x000000, 0x000000, 0x00e4b3, 0x000000,
    0x000000, 0x000000, 0x000000, 0x000000, 0x000000, 0x000000, 0x000000, 0x000000, 0x000000,
    0x000000, 0x000000, 0x000000, 0x00f0b7, 0x00f2f8, 0x00f5dc, 0x00f1cc, 0x00e8d5, 0x00f3cf,
    0x000000, 0x000000, 0x000000, 0x00f3d0, 0x000000, 0x000000, 0x000000, 0x000000, 0x000000,
    0x000000, 0x000000, 0x000000, 0x000000, 0x000000, 0x000000, 0x000000, 0x000000, 0x000000,
    0x000000, 0x00f5b2, 0x000000, 0x000000, 0x000000, 0x000000, 0x000000, 0x000000, 0x00e7ae,
    0x00e5ac, 0x000000, 0x00ec56, 0x000000, 0x000000, 0x000000, 0x000000, 0x000000, 0x000000,
    0x000000, 0x000000, 0x00f9a3, 0x000000, 0x00f8e5, 0x00eaab, 0x000000, 0x000000, 0x000000,
    0x000000, 0x000000, 0x000000, 0x000000, 0x00ec97, 0x000000, 0x00f63d, 0x000000, 0x00f5b3,
    0x000000, 0x00f345, 0x000000, 0x000000, 0x000000, 0x000000, 0x00eba5, 0x000000, 0x000000,
    0x000000, 0x000000, 0x000000, 0x000000, 0x000000, 0x000000, 0x000000, 0x00f5dd, 0x000000,
    0x000000, 0x000000, 0x000000, 0x000000, 0x000000, 0x000000, 0x000000, 0x000000, 0x000000,
    0x000000, 0x000000, 0x000000, 0x000000, 0x00f132, 0x00f1fd, 0x000000, 0x00f5b4, 0x00f8b8,
    0x000000, 0x00e8a3, 0x000000, 0x000000, 0x00e65a, 0x00e0d9, 0x000000, 0x000000, 0x000000,
    0x000000, 0x000000, 0x000000, 0x000000, 0x000000, 0x000000, 0x000000, 0x00edd4, 0x000000,
    0x000000, 0x000000, 0x000000, 0x000000, 0x000000, 0x00f4fa, 0x000000, 0x00f0b8, 0x000000,
    0x00eb47, 0x00e6ec, 0x00f3ec, 0x00edaf, 0x00e5e1, 0x00e6ed, 0x00e3d1, 0x000000, 0x000000,
    0x000000, 0x000000, 0x000000, 0x00ebf2, 0x00f2f9, 0x000000, 0x000000, 0x000000, 0x00e9bc,
    0x00f66c, 0x000000, 0x000000, 0x000000, 0x000000, 0x000000, 0x00f375, 0x000000, 0x000000,
    0x000000, 0x00f554, 0x000000, 0x000000, 0x00efe9, 0x000000, 0x000000, 0x000000, 0x000000,
    0x000000, 0x000000, 0x000000, 0x000000, 0x000000, 0x000000, 0x00f4fb, 0x000000, 0x000000,
    0x000000, 0x000000, 0x000000, 0x000000, 0x000000, 0x000000, 0x000000, 0x000000, 0x000000,
    0x000000, 0x000000, 0x00e591, 0x000000, 0x000000, 0x00e132, 0x00f6fe, 0x00eabc, 0x000000,
    0x000000, 0x000000, 0x000000, 0x00f0cd, 0x000000, 0x000000, 0x000000, 0x000000, 0x000000,
    0x000000, 0x00e347, 0x000000, 0x000000, 0x000000, 0x000000, 0x000000, 0x000000, 0x000000,
    0x000000, 0x000000, 0x000000, 0x000000, 0x000000, 0x000000, 0x000000, 0x000000, 0x000000,
    0x000000, 0x000000, 0x000000, 0x000000, 0x000000, 0x00e652, 0x000000, 0x000000, 0x000000,
    0x000000, 0x000000, 0x00ef3d, 0x000000, 0x000000, 0x000000, 0x000000, 0x00f2af, 0x00e0a5,
    0x000000, 0x000000, 0x000000, 0x000000, 0x00e0e9, 0x000000, 0x000000, 0x000000, 0x00f878,
    0x000000, 0x000000, 0x000000, 0x000000, 0x000000, 0x000000, 0x000000, 0x000000, 0x000000,
    0x000000, 0x000000, 0x000000, 0x000000, 0x00e156, 0x000000, 0x000000, 0x000000, 0x00ee77,
    0x000000, 0x000000, 0x00f057, 0x000000, 0x000000, 0x000000, 0x00e8a4, 0x000000, 0x00e2c9,
    0x00ec9e, 0x00f2fa, 0x000000, 0x000000, 0x000000, 0x000000, 0x000000, 0x000000, 0x000000,
    0x000000, 0x000000, 0x000000, 0x000000, 0x000000, 0x000000, 0x000000, 0x000000, 0x000000,
    0x000000, 0x000000, 0x000000, 0x000000, 0x000000, 0x000000, 0x000000, 0x000000, 0x000000,
    0x00f0de, 0x000000, 0x000000, 0x00f5c8, 0x000000, 0x00e56e, 0x000000, 0x000000, 0x000000,
    0x000000, 0x000000, 0x000000, 0x000000, 0x000000, 0x000000, 0x000000, 0x000000, 0x00eb65,
    0x000000, 0x00f2b0, 0x000000, 0x000000, 0x00ec57, 0x000000, 0x00e7af, 0x000000, 0x000000,
    0x000000, 0x00f7e7, 0x000000, 0x000000, 0x000000, 0x000000, 0x000000, 0x000000, 0x000000,
    0x000000, 0x000000, 0x000000, 0x000000, 0x000000, 0x000000, 0x000000, 0x000000, 0x000000,
    0x000000, 0x000000, 0x000000, 0x000000, 0x000000, 0x000000, 0x00eee5, 0x000000, 0x000000,
    0x00e2ca, 0x00ebd1, 0x000000, 0x00ec58, 0x000000, 0x000000, 0x000000, 0x000000, 0x000000,
    0x000000, 0x000000, 0x000000, 0x000000, 0x000000, 0x000000, 0x000000, 0x00f2fb, 0x000000,
    0x000000, 0x00f89b, 0x000000, 0x000000, 0x00e994, 0x000000, 0x000000, 0x000000, 0x000000,
    0x000000, 0x000000, 0x000000, 0x000000, 0x000000, 0x000000, 0x000000, 0x000000, 0x000000,
    0x000000, 0x000000, 0x000000, 0x000000, 0x00eb37, 0x000000, 0x000000, 0x000000, 0x000000,
    0x000000, 0x00f778, 0x000000, 0x000000, 0x000000, 0x000000, 0x000000, 0x000000, 0x000000,
    0x000000, 0x000000, 0x000000, 0x000000, 0x000000, 0x000000, 0x00e0ea, 0x000000, 0x000000,
    0x000000, 0x00e0bc, 0x000000, 0x000000, 0x000000, 0x000000, 0x00e672, 0x000000, 0x000000,
    0x000000, 0x000000, 0x000000, 0x000000, 0x000000, 0x000000, 0x000000, 0x000000, 0x000000,
    0x00f5de, 0x000000, 0x000000, 0x000000, 0x000000, 0x000000, 0x000000, 0x000000, 0x00f5df,
    0x000000, 0x00f246, 0x000000, 0x000000, 0x000000, 0x00ec98, 0x00e4ca, 0x00f2fc, 0x00e3c4,
    0x00f2b1, 0x000000, 0x00e3c5, 0x000000, 0x00e36e, 0x000000, 0x00e7e1, 0x000000, 0x000000,
    0x00eb48, 0x000000, 0x000000, 0x00e1d1, 0x00f4b9, 0x000000, 0x000000, 0x000000, 0x000000,
    0x000000, 0x000000, 0x000000, 0x000000, 0x000000, 0x000000, 0x000000, 0x000000, 0x000000,
    0x000000, 0x000000, 0x000000, 0x00eecc, 0x000000, 0x00e638, 0x00e237, 0x000000, 0x00e545,
    0x000000, 0x000000, 0x000000, 0x000000, 0x000000, 0x000000, 0x00ed58, 0x000000, 0x000000,
    0x000000, 0x000000, 0x000000, 0x000000, 0x00e4b4, 0x000000, 0x000000, 0x000000, 0x000000,
    0x000000, 0x000000, 0x000000, 0x000000, 0x000000, 0x000000, 0x000000, 0x000000, 0x000000,
    0x000000, 0x000000, 0x000000, 0x000000, 0x000000, 0x00f0b9, 0x000000, 0x000000, 0x000000,
    0x000000, 0x000000, 0x000000, 0x00e0f5, 0x000000, 0x000000, 0x000000, 0x000000, 0x000000,
    0x000000, 0x00f66d, 0x000000, 0x00f3a3, 0x000000, 0x000000, 0x000000, 0x000000, 0x000000,
    0x000000, 0x000000, 0x000000, 0x000000, 0x000000, 0x000000, 0x000000, 0x00e157, 0x000000,
    0x000000, 0x000000, 0x000000, 0x000000, 0x000000, 0x000000, 0x00efca, 0x000000, 0x00ebf0,
    0x000000, 0x000000, 0x000000, 0x00f5e0, 0x000000, 0x000000, 0x000000, 0x000000, 0x000000,
    0x000000, 0x000000, 0x000000, 0x00f8af, 0x000000, 0x000000, 0x000000, 0x00e0d1, 0x000000,
    0x000000, 0x000000, 0x000000, 0x00f8e0, 0x00f475, 0x000000, 0x000000, 0x00f192, 0x000000,
    0x000000, 0x000000, 0x000000, 0x000000, 0x000000, 0x000000, 0x000000, 0x000000, 0x000000,
    0x000000, 0x000000, 0x000000, 0x000000, 0x000000, 0x00f37c, 0x000000, 0x000000, 0x000000,
    0x000000, 0x000000, 0x000000, 0x000000, 0x000000, 0x000000, 0x000000, 0x000000, 0x000000,
    0x000000, 0x00f27b, 0x000000, 0x000000, 0x000000, 0x000000, 0x000000, 0x000000, 0x000000,
    0x000000, 0x000000, 0x000000, 0x000000, 0x000000, 0x00efcb, 0x000000, 0x000000, 0x00e192,
    0x000000, 0x000000, 0x00e6af, 0x000000, 0x000000, 0x000000, 0x000000, 0x000000, 0x000000,
    0x000000, 0x000000, 0x000000, 0x000000, 0x000000, 0x000000, 0x000000, 0x000000, 0x000000,
    0x000000, 0x000000, 0x00f4a1, 0x000000, 0x000000, 0x000000, 0x000000, 0x000000, 0x000000,
    0x000000, 0x000000, 0x000000, 0x00f997, 0x000000, 0x000000, 0x000000, 0x000000, 0x000000,
    0x000000, 0x000000, 0x000000, 0x000000, 0x000000, 0x000000, 0x000000, 0x000000, 0x000000,
    0x000000, 0x000000, 0x000000, 0x000000, 0x000000, 0x00f3a4, 0x000000, 0x000000, 0x000000,
    0x000000, 0x000000, 0x000000, 0x000000, 0x000000, 0x000000, 0x000000, 0x000000, 0x000000,
    0x00eb66, 0x000000, 0x000000, 0x000000, 0x000000, 0x000000, 0x00f2b2, 0x000000, 0x000000,
    0x000000, 0x000000, 0x000000, 0x000000, 0x000000, 0x000000, 0x000000, 0x00f561, 0x000000,
    0x000000, 0x00f6a1, 0x000000, 0x000000, 0x000000, 0x000000, 0x000000, 0x000000, 0x000000,
    0x00f3d1, 0x000000, 0x000000, 0x000000, 0x000000, 0x000000, 0x000000, 0x000000, 0x000000,
    0x000000, 0x000000, 0x000000, 0x000000, 0x00e09e, 0x00e09f, 0x000000, 0x000000, 0x000000,
    0x000000, 0x000000, 0x000000, 0x000000, 0x000000, 0x00e25e, 0x000000, 0x000000, 0x000000,
    0x000000, 0x000000, 0x000000, 0x000000, 0x000000, 0x000000, 0x000000, 0x000000, 0x000000,
    0x000000, 0x000000, 0x000000, 0x000000, 0x000000, 0x000000, 0x000000, 0x000000, 0x000000,
    0x000000, 0x000000, 0x000000, 0x000000, 0x000000, 0x000000, 0x000000, 0x000000, 0x000000,
    0x000000, 0x000000, 0x000000, 0x00f4c8, 0x000000, 0x00f4ba, 0x000000, 0x000000, 0x000000,
    0x000000, 0x000000, 0x000000, 0x000000, 0x000000, 0x000000, 0x000000, 0x000000, 0x000000,
    0x000000, 0x000000, 0x000000, 0x000000, 0x000000, 0x000000, 0x000000, 0x000000, 0x000000,
    0x000000, 0x000000, 0x000000, 0x000000, 0x000000, 0x000000, 0x000000, 0x000000, 0x000000,
    0x000000, 0x000000, 0x000000, 0x000000, 0x000000, 0x000000, 0x000000, 0x000000, 0x000000,
    0x000000, 0x000000, 0x000000, 0x000000, 0x000000, 0x000000, 0x000000, 0x000000, 0x000000,
    0x000000, 0x000000, 0x000000, 0x000000, 0x000000, 0x000000, 0x000000, 0x00f1fe, 0x000000,
    0x000000, 0x000000, 0x000000, 0x000000, 0x000000, 0x000000, 0x000000, 0x00e836, 0x000000,
    0x000000, 0x00eb7c, 0x000000, 0x000000, 0x000000, 0x000000, 0x000000, 0x00f75d, 0x000000,
    0x00e0d2, 0x000000, 0x000000, 0x000000, 0x00f0ce, 0x000000, 0x00f7d8, 0x00f7d9, 0x00e070,
    0x00e85a, 0x000000, 0x000000, 0x000000, 0x00e0a6, 0x000000, 0x000000, 0x000000, 0x000000,
    0x000000, 0x000000, 0x000000, 0x000000, 0x000000, 0x000000, 0x00e058, 0x00f7ee, 0x00e8ec,
    0x000000, 0x000000, 0x00e341, 0x000000, 0x000000, 0x000000, 0x000000, 0x00e5ef, 0x000000,
    0x000000, 0x000000, 0x00ee95, 0x000000, 0x000000, 0x000000, 0x000000, 0x000000, 0x000000,
    0x000000, 0x000000, 0x000000, 0x00eea2, 0x00ed69, 0x000000, 0x000000, 0x000000, 0x000000,
    0x000000, 0x000000, 0x000000, 0x00ed71, 0x000000, 0x000000, 0x00f954, 0x000000, 0x000000,
    0x000000, 0x000000, 0x000000, 0x000000, 0x000000, 0x000000, 0x000000, 0x00f7ef, 0x00e2f4,
    0x00f6e6, 0x000000, 0x000000, 0x000000, 0x000000, 0x000000, 0x00e24c, 0x000000, 0x000000,
    0x000000, 0x000000, 0x00f555, 0x00e933, 0x000000, 0x000000, 0x000000, 0x000000, 0x000000,
    0x000000, 0x000000, 0x000000, 0x000000, 0x000000, 0x000000, 0x000000, 0x000000, 0x000000,
    0x000000, 0x000000, 0x000000, 0x000000, 0x000000, 0x000000, 0x000000, 0x000000, 0x000000,
    0x000000, 0x000000, 0x000000, 0x000000, 0x000000, 0x000000, 0x00e9bd, 0x000000, 0x000000,
    0x000000, 0x000000, 0x00f556, 0x000000, 0x000000, 0x000000, 0x000000, 0x000000, 0x000000,
    0x000000, 0x000000, 0x00f731, 0x000000, 0x000000, 0x000000, 0x00ef66, 0x000000, 0x000000,
    0x000000, 0x00e8c1, 0x000000, 0x000000, 0x000000, 0x000000, 0x000000, 0x000000, 0x000000,
    0x000000, 0x00f376, 0x000000, 0x000000, 0x000000, 0x00ed49, 0x00f67d, 0x000000, 0x00f7ae,
    0x000000, 0x00e9be, 0x000000, 0x000000, 0x000000, 0x000000, 0x000000, 0x000000, 0x00e6b0,
    0x00e778, 0x00e0bd, 0x000000, 0x000000, 0x00f7da, 0x000000, 0x000000, 0x000000, 0x000000,
    0x000000, 0x000000, 0x000000, 0x000000, 0x000000, 0x000000, 0x00f75e, 0x00f7f0, 0x00eb7d,
    0x00ecb3, 0x00f543, 0x000000, 0x000000, 0x00f052, 0x00f476, 0x00f346, 0x000000, 0x000000,
    0x000000, 0x000000, 0x000000, 0x00e8d6, 0x000000, 0x000000, 0x000000, 0x000000, 0x000000,
    0x00f0e4, 0x000000, 0x000000, 0x00f477, 0x000000, 0x00e6d5, 0x00e546, 0x00f7e8, 0x00e6c1,
    0x000000, 0x000000, 0x000000, 0x000000, 0x00edd5, 0x000000, 0x000000, 0x000000, 0x000000,
    0x000000, 0x00efea, 0x00e6cc, 0x000000, 0x000000, 0x000000, 0x00e4e9, 0x00ec59, 0x000000,
    0x00f96b, 0x00e1ad, 0x000000, 0x000000, 0x000000, 0x000000, 0x000000, 0x00e140, 0x00f032,
    0x000000, 0x000000, 0x00ed98, 0x00e350, 0x000000, 0x00f347, 0x00f231, 0x000000, 0x000000,
    0x000000, 0x000000, 0x000000, 0x000000, 0x00e6f6, 0x000000, 0x000000, 0x000000, 0x00ec5a,
    0x00ec5b, 0x000000, 0x00f85f, 0x000000, 0x000000, 0x000000, 0x000000, 0x000000, 0x000000,
    0x00f0df, 0x000000, 0x000000, 0x000000, 0x000000, 0x000000, 0x00e65b, 0x000000, 0x000000,
    0x000000, 0x00f544, 0x000000, 0x000000, 0x000000, 0x000000, 0x00f1cd, 0x00ed62, 0x000000,
    0x000000, 0x00f039, 0x00ed4a, 0x00f4a2, 0x00e1d2, 0x000000, 0x00f65b, 0x000000, 0x00f3e6,
    0x00f1c1, 0x00ef4c, 0x00f261, 0x000000, 0x000000, 0x000000, 0x000000, 0x000000, 0x000000,
    0x00f377, 0x00ec5c, 0x000000, 0x000000, 0x00ed3a, 0x000000, 0x00f5e1, 0x00f1da, 0x000000,
    0x000000, 0x000000, 0x000000, 0x000000, 0x00e6ee, 0x00e3f1, 0x000000, 0x000000, 0x000000,
    0x000000, 0x00efeb, 0x00efec, 0x00eb74, 0x000000, 0x000000, 0x000000, 0x000000, 0x00e837,
    0x00e9d4, 0x000000, 0x00f033, 0x000000, 0x000000, 0x000000, 0x00e653, 0x00e696, 0x000000,
    0x00e86f, 0x000000, 0x00f2b3, 0x000000, 0x000000, 0x000000, 0x000000, 0x00ec5d, 0x000000,
    0x000000, 0x000000, 0x000000, 0x000000, 0x00f2fd, 0x00f478, 0x000000, 0x000000, 0x000000,
    0x000000, 0x000000, 0x000000, 0x000000, 0x000000, 0x000000, 0x00f2c5, 0x000000, 0x00eee7,
    0x000000, 0x000000, 0x00e6fd, 0x000000, 0x000000, 0x00eece, 0x000000, 0x000000, 0x00eadc,
    0x000000, 0x00f7c7, 0x000000, 0x000000, 0x000000, 0x000000, 0x000000, 0x000000, 0x000000,
    0x000000, 0x00e7f6, 0x000000, 0x000000, 0x000000, 0x000000, 0x000000, 0x000000, 0x000000,
    0x000000, 0x00eaac, 0x000000, 0x00e66a, 0x000000, 0x000000, 0x000000, 0x000000, 0x000000,
    0x000000, 0x00e934, 0x000000, 0x000000, 0x000000, 0x00f348, 0x000000, 0x000000, 0x00e5fa,
    0x000000, 0x00ed99, 0x000000, 0x000000, 0x000000, 0x00e654, 0x000000, 0x000000, 0x000000,
    0x000000, 0x000000, 0x000000, 0x000000, 0x000000, 0x00f57c, 0x000000, 0x000000, 0x000000,
    0x000000, 0x00f2fe, 0x000000, 0x000000, 0x000000, 0x000000, 0x000000, 0x00f331, 0x000000,
    0x00ea3a, 0x000000, 0x000000, 0x00e84c, 0x00e79e, 0x000000, 0x000000, 0x000000, 0x000000,
    0x000000, 0x000000, 0x00f864, 0x000000, 0x000000, 0x000000, 0x00f175, 0x000000, 0x000000,
    0x000000, 0x000000, 0x000000, 0x000000, 0x00f938, 0x000000, 0x000000, 0x00f176, 0x000000,
    0x000000, 0x00e75b, 0x000000, 0x000000, 0x000000, 0x000000, 0x000000, 0x000000, 0x000000,
    0x000000, 0x000000, 0x000000, 0x000000, 0x00f8b9, 0x000000, 0x00ed63, 0x000000, 0x00e1f9,
    0x000000, 0x000000, 0x000000, 0x000000, 0x000000, 0x000000, 0x000000, 0x000000, 0x000000,
    0x000000, 0x000000, 0x000000, 0x000000, 0x000000, 0x000000, 0x000000, 0x00e2d3, 0x000000,
    0x000000, 0x000000, 0x000000, 0x000000, 0x000000, 0x000000, 0x00e07a, 0x000000, 0x000000,
    0x00e2d4, 0x000000, 0x00f74d, 0x000000, 0x000000, 0x000000, 0x000000, 0x000000, 0x000000,
    0x000000, 0x000000, 0x000000, 0x000000, 0x000000, 0x000000, 0x000000, 0x000000, 0x000000,
    0x000000, 0x000000, 0x000000, 0x00f557, 0x000000, 0x000000, 0x000000, 0x000000, 0x00f06f,
    0x000000, 0x000000, 0x000000, 0x000000, 0x000000, 0x000000, 0x000000, 0x00f7db, 0x000000,
    0x000000, 0x000000, 0x000000, 0x000000, 0x000000, 0x000000, 0x000000, 0x00e547, 0x000000,
    0x000000, 0x000000, 0x000000, 0x000000, 0x000000, 0x000000, 0x000000, 0x000000, 0x000000,
    0x000000, 0x000000, 0x000000, 0x000000, 0x000000, 0x000000, 0x000000, 0x000000, 0x000000,
    0x000000, 0x000000, 0x000000, 0x00f0e5, 0x000000, 0x000000, 0x00ebd2, 0x000000, 0x000000,
    0x000000, 0x000000, 0x00f034, 0x000000, 0x000000, 0x000000, 0x00f852, 0x00f8e1, 0x00f87d,
    0x00f332, 0x00e193, 0x000000, 0x00f833, 0x00ec99, 0x000000, 0x00ec5e, 0x000000, 0x00eff5,
    0x000000, 0x00ebeb, 0x000000, 0x000000, 0x000000, 0x00eee8, 0x00ef67, 0x00e89a, 0x00e55b,
    0x000000, 0x000000, 0x000000, 0x00f6f6, 0x00e655, 0x000000, 0x000000, 0x000000, 0x000000,
    0x000000, 0x000000, 0x000000, 0x000000, 0x000000, 0x000000, 0x000000, 0x000000, 0x000000,
    0x000000, 0x000000, 0x000000, 0x000000, 0x000000, 0x000000, 0x000000, 0x00e579, 0x000000,
    0x000000, 0x00f89c, 0x000000, 0x000000, 0x000000, 0x000000, 0x000000, 0x000000, 0x000000,
    0x00e194, 0x00f6dd, 0x000000, 0x00ea4a, 0x000000, 0x000000, 0x000000, 0x000000, 0x000000,
    0x000000, 0x00e238, 0x000000, 0x000000, 0x000000, 0x000000, 0x000000, 0x00f349, 0x00eda0,
    0x00ed59, 0x000000, 0x000000, 0x000000, 0x000000, 0x000000, 0x00ed64, 0x000000, 0x000000,
    0x000000, 0x00f053, 0x000000, 0x00f2b4, 0x000000, 0x000000, 0x000000, 0x00e6be, 0x000000,
    0x000000, 0x000000, 0x000000, 0x000000, 0x000000, 0x00f8e2, 0x000000, 0x00e1d3, 0x000000,
    0x000000, 0x000000, 0x00f2b5, 0x000000, 0x000000, 0x000000, 0x00f879, 0x000000, 0x000000,
    0x000000, 0x000000, 0x000000, 0x000000, 0x000000, 0x000000, 0x000000, 0x000000, 0x000000,
    0x000000, 0x000000, 0x000000, 0x000000, 0x000000, 0x000000, 0x000000, 0x000000, 0x000000,
    0x000000, 0x000000, 0x000000, 0x000000, 0x000000, 0x000000, 0x000000, 0x000000, 0x000000,
    0x000000, 0x000000, 0x000000, 0x000000, 0x000000, 0x000000, 0x000000, 0x000000, 0x000000,
    0x000000, 0x000000, 0x00f7a6, 0x000000, 0x000000, 0x000000, 0x000000, 0x000000, 0x000000,
    0x00eabd, 0x000000, 0x00f6c7, 0x000000, 0x000000, 0x000000, 0x000000, 0x000000, 0x000000,
    0x000000, 0x000000, 0x000000, 0x000000, 0x000000, 0x000000, 0x000000, 0x000000, 0x00f79f,
    0x000000, 0x000000, 0x00f79e, 0x000000, 0x000000, 0x000000, 0x000000, 0x000000, 0x000000,
    0x000000, 0x000000, 0x000000, 0x000000, 0x000000, 0x000000, 0x000000, 0x000000, 0x000000,
    0x000000, 0x000000, 0x000000, 0x000000, 0x00ea3b, 0x00e8e8, 0x000000, 0x000000, 0x00ecdd,
    0x000000, 0x00ebe2, 0x00e3c6, 0x000000, 0x000000, 0x000000, 0x000000, 0x000000, 0x000000,
    0x000000, 0x000000, 0x000000, 0x000000, 0x00f660, 0x00f0e6, 0x00e89b, 0x000000, 0x000000,
    0x000000, 0x000000, 0x00f157, 0x000000, 0x000000, 0x000000, 0x000000, 0x000000, 0x000000,
    0x000000, 0x00ea9a, 0x00f779, 0x00ecde, 0x000000, 0x000000, 0x000000, 0x00e297, 0x000000,
    0x000000, 0x000000, 0x000000, 0x000000, 0x00f853, 0x00edd7, 0x000000, 0x00f158, 0x000000,
    0x000000, 0x000000, 0x00f4c9, 0x000000, 0x000000, 0x00ed4b, 0x000000, 0x000000, 0x000000,
    0x000000, 0x00ee3e, 0x000000, 0x000000, 0x000000, 0x000000, 0x000000, 0x00f2b6, 0x000000,
    0x00e94f, 0x000000, 0x000000, 0x000000, 0x000000, 0x000000, 0x000000, 0x000000, 0x00e24d,
    0x000000, 0x000000, 0x000000, 0x000000, 0x000000, 0x000000, 0x000000, 0x000000, 0x000000,
    0x000000, 0x000000, 0x000000, 0x000000, 0x000000, 0x000000, 0x000000, 0x000000, 0x000000,
    0x000000, 0x000000, 0x000000, 0x000000, 0x000000, 0x00e753, 0x000000, 0x000000, 0x000000,
    0x00e35f, 0x000000, 0x00e2fa, 0x00f4ca, 0x00eb67, 0x000000, 0x000000, 0x000000, 0x00e3c7,
    0x00efae, 0x000000, 0x00ef4d, 0x000000, 0x000000, 0x00f854, 0x000000, 0x000000, 0x000000,
    0x000000, 0x000000, 0x000000, 0x000000, 0x000000, 0x000000, 0x000000, 0x000000, 0x000000,
    0x000000, 0x000000, 0x000000, 0x000000, 0x000000, 0x000000, 0x000000, 0x000000, 0x000000,
    0x000000, 0x000000, 0x000000, 0x000000, 0x000000, 0x000000, 0x000000, 0x000000, 0x000000,
    0x000000, 0x000000, 0x000000, 0x000000, 0x000000, 0x000000, 0x000000, 0x000000, 0x000000,
    0x000000, 0x00ec5f, 0x000000, 0x000000, 0x00f855, 0x000000, 0x000000, 0x000000, 0x00f7b8,
    0x000000, 0x000000, 0x000000, 0x000000, 0x000000, 0x000000, 0x000000, 0x00e970, 0x000000,
    0x000000, 0x00f8b0, 0x000000, 0x000000, 0x000000, 0x00e739, 0x00eddf, 0x00f7a7, 0x000000,
    0x000000, 0x00f67e, 0x000000, 0x00f65c, 0x00ec9a, 0x000000, 0x000000, 0x000000, 0x000000,
    0x00f193, 0x000000, 0x000000, 0x000000, 0x000000, 0x000000, 0x000000, 0x00e870, 0x000000,
    0x000000, 0x000000, 0x000000, 0x000000, 0x000000, 0x000000, 0x000000, 0x000000, 0x000000,
    0x000000, 0x000000, 0x000000, 0x000000, 0x00f3d2, 0x00e45c, 0x00e2cb, 0x000000, 0x000000,
    0x00e04d, 0x000000, 0x000000, 0x000000, 0x00e9bf, 0x000000, 0x000000, 0x000000, 0x00f691,
    0x000000, 0x00ea9b, 0x000000, 0x000000, 0x000000, 0x000000, 0x000000, 0x000000, 0x000000,
    0x000000, 0x000000, 0x000000, 0x000000, 0x000000, 0x000000, 0x00f844, 0x000000, 0x000000,
    0x000000, 0x00e5ad, 0x000000, 0x000000, 0x000000, 0x000000, 0x000000, 0x000000, 0x000000,
    0x000000, 0x000000, 0x000000, 0x000000, 0x000000, 0x000000, 0x00f3e7, 0x000000, 0x00ea4e,
    0x000000, 0x000000, 0x000000, 0x000000, 0x000000, 0x000000, 0x00e950, 0x000000, 0x000000,
    0x000000, 0x000000, 0x000000, 0x00e3c8, 0x00e3c9, 0x000000, 0x000000, 0x000000, 0x000000,
    0x000000, 0x000000, 0x000000, 0x000000, 0x000000, 0x00f74e, 0x000000, 0x000000, 0x000000,
    0x000000, 0x000000, 0x000000, 0x000000, 0x000000, 0x000000, 0x000000, 0x000000, 0x000000,
    0x000000, 0x000000, 0x000000, 0x000000, 0x000000, 0x00e0f6, 0x000000, 0x000000, 0x000000,
    0x000000, 0x00e59b, 0x000000, 0x000000, 0x000000, 0x000000, 0x000000, 0x00f5e2, 0x00ebd3,
    0x000000, 0x000000, 0x000000, 0x000000, 0x000000, 0x000000, 0x000000, 0x000000, 0x00e779,
    0x000000, 0x000000, 0x00f7a0, 0x000000, 0x00e2cc, 0x000000, 0x000000, 0x000000, 0x000000,
    0x000000, 0x000000, 0x000000, 0x00f9a4, 0x000000, 0x000000, 0x000000, 0x000000, 0x000000,
    0x000000, 0x000000, 0x00e298, 0x000000, 0x00f860, 0x000000, 0x000000, 0x00e195, 0x00ee4e,
    0x000000, 0x000000, 0x000000, 0x00f63e, 0x000000, 0x000000, 0x00e5f0, 0x000000, 0x000000,
    0x00e3ca, 0x000000, 0x000000, 0x000000, 0x00f94e, 0x00e5f1, 0x000000, 0x000000, 0x000000,
    0x000000, 0x000000, 0x000000, 0x000000, 0x000000, 0x000000, 0x000000, 0x000000, 0x000000,
    0x000000, 0x000000, 0x000000, 0x000000, 0x000000, 0x000000, 0x000000, 0x000000, 0x000000,
    0x000000, 0x000000, 0x000000, 0x000000, 0x000000, 0x000000, 0x000000, 0x000000, 0x000000,
    0x000000, 0x000000, 0x000000, 0x000000, 0x000000, 0x000000, 0x000000, 0x000000, 0x000000,
    0x000000, 0x00e1e9, 0x000000, 0x000000, 0x000000, 0x000000, 0x000000, 0x000000, 0x000000,
    0x000000, 0x000000, 0x000000, 0x000000, 0x000000, 0x000000, 0x000000, 0x000000, 0x00f845,
    0x000000, 0x000000, 0x000000, 0x000000, 0x000000, 0x000000, 0x000000, 0x000000, 0x000000,
    0x000000, 0x000000, 0x000000, 0x000000, 0x000000, 0x000000, 0x000000, 0x000000, 0x000000,
    0x000000, 0x00ec60, 0x00f599, 0x000000, 0x000000, 0x000000, 0x00e1d4, 0x000000, 0x000000,
    0x000000, 0x000000, 0x000000, 0x000000, 0x000000, 0x000000, 0x000000, 0x000000, 0x000000,
    0x000000, 0x00eea3, 0x000000, 0x000000, 0x000000, 0x000000, 0x000000, 0x000000, 0x000000,
    0x000000, 0x00e8a5, 0x000000, 0x000000, 0x000000, 0x000000, 0x000000, 0x000000, 0x000000,
    0x000000, 0x000000, 0x000000, 0x000000, 0x000000, 0x000000, 0x000000, 0x000000, 0x000000,
    0x000000, 0x000000, 0x000000, 0x000000, 0x000000, 0x000000, 0x000000, 0x000000, 0x000000,
    0x000000, 0x00ec61, 0x000000, 0x000000, 0x000000, 0x000000, 0x000000, 0x000000, 0x000000,
    0x000000, 0x000000, 0x000000, 0x000000, 0x000000, 0x00e6a2, 0x000000, 0x000000, 0x00f6e3,
    0x000000, 0x000000, 0x000000, 0x000000, 0x000000, 0x000000, 0x00f036, 0x000000, 0x000000,
    0x000000, 0x000000, 0x000000, 0x000000, 0x000000, 0x000000, 0x000000, 0x000000, 0x00e331,
    0x000000, 0x000000, 0x000000, 0x00e26a, 0x00f8eb, 0x00e8a6, 0x00e8de, 0x00e775, 0x000000,
    0x000000, 0x000000, 0x000000, 0x000000, 0x000000, 0x000000, 0x000000, 0x000000, 0x00f070,
    0x000000, 0x000000, 0x000000, 0x000000, 0x00e73a, 0x000000, 0x000000, 0x000000, 0x000000,
    0x000000, 0x00ede0, 0x000000, 0x000000, 0x000000, 0x000000, 0x000000, 0x000000, 0x000000,
    0x000000, 0x000000, 0x000000, 0x000000, 0x000000, 0x000000, 0x000000, 0x000000, 0x000000,
    0x000000, 0x000000, 0x000000, 0x000000, 0x00e66b, 0x000000, 0x000000, 0x000000, 0x000000,
    0x000000, 0x000000, 0x000000, 0x000000, 0x000000, 0x000000, 0x000000, 0x000000, 0x000000,
    0x000000, 0x000000, 0x000000, 0x00f2c6, 0x000000, 0x000000, 0x00f77a, 0x000000, 0x000000,
    0x000000, 0x000000, 0x000000, 0x000000, 0x000000, 0x000000, 0x000000, 0x000000, 0x000000,
    0x000000, 0x000000, 0x00ed65, 0x000000, 0x000000, 0x000000, 0x000000, 0x000000, 0x000000,
    0x000000, 0x000000, 0x000000, 0x000000, 0x000000, 0x00e299, 0x000000, 0x000000, 0x00eb68,
    0x000000, 0x000000, 0x000000, 0x000000, 0x000000, 0x000000, 0x000000, 0x000000, 0x000000,
    0x000000, 0x000000, 0x000000, 0x000000, 0x000000, 0x000000, 0x000000, 0x000000, 0x00e6ef,
    0x000000, 0x000000, 0x000000, 0x000000, 0x000000, 0x000000, 0x000000, 0x000000, 0x000000,
    0x000000, 0x000000, 0x000000, 0x00f57d, 0x000000, 0x000000, 0x000000, 0x000000, 0x000000,
    0x000000, 0x000000, 0x000000, 0x000000, 0x000000, 0x000000, 0x000000, 0x000000, 0x00e1e6,
    0x000000, 0x000000, 0x000000, 0x00e196, 0x000000, 0x000000, 0x000000, 0x000000, 0x000000,
    0x000000, 0x000000, 0x000000, 0x000000, 0x000000, 0x000000, 0x000000, 0x000000, 0x000000,
    0x000000, 0x000000, 0x000000, 0x000000, 0x000000, 0x000000, 0x000000, 0x000000, 0x000000,
    0x00f5e3, 0x000000, 0x000000, 0x00ed5a, 0x000000, 0x00e971, 0x000000, 0x000000, 0x00f7c8,
    0x000000, 0x000000, 0x000000, 0x000000, 0x000000, 0x000000, 0x000000, 0x000000, 0x000000,
    0x000000, 0x000000, 0x000000, 0x000000, 0x000000, 0x000000, 0x00f94f, 0x000000, 0x000000,
    0x000000, 0x000000, 0x000000, 0x000000, 0x000000, 0x000000, 0x000000, 0x000000, 0x000000,
    0x000000, 0x00ef37, 0x000000, 0x000000, 0x000000, 0x000000, 0x000000, 0x000000, 0x000000,
    0x000000, 0x00e754, 0x000000, 0x000000, 0x000000, 0x000000, 0x000000, 0x000000, 0x000000,
    0x00e0be, 0x000000, 0x00e93e, 0x000000, 0x000000, 0x000000, 0x000000, 0x000000, 0x000000,
    0x000000, 0x000000, 0x000000, 0x000000, 0x000000, 0x000000, 0x000000, 0x00e6f7, 0x000000,
    0x000000, 0x000000, 0x000000, 0x000000, 0x000000, 0x000000, 0x000000, 0x000000, 0x000000,
    0x000000, 0x000000, 0x000000, 0x000000, 0x000000, 0x000000, 0x000000, 0x000000, 0x000000,
    0x000000, 0x000000, 0x000000, 0x000000, 0x000000, 0x000000, 0x000000, 0x000000, 0x000000,
    0x000000, 0x000000, 0x000000, 0x000000, 0x000000, 0x000000, 0x000000, 0x000000, 0x000000,
    0x000000, 0x000000, 0x000000, 0x00f378, 0x000000, 0x00e9c0, 0x000000, 0x00e2cd, 0x000000,
    0x000000, 0x000000, 0x000000, 0x000000, 0x000000, 0x000000, 0x000000, 0x000000, 0x00e995,
    0x00e7b0, 0x000000, 0x00ee79, 0x000000, 0x000000, 0x000000, 0x000000, 0x000000, 0x000000,
    0x000000, 0x000000, 0x000000, 0x00ed4c, 0x000000, 0x000000, 0x000000, 0x000000, 0x000000,
    0x000000, 0x000000, 0x000000, 0x000000, 0x000000, 0x000000, 0x000000, 0x000000, 0x000000,
    0x000000, 0x000000, 0x000000, 0x00f054, 0x000000, 0x000000, 0x000000, 0x000000, 0x000000,
    0x000000, 0x000000, 0x000000, 0x000000, 0x000000, 0x00ed7c, 0x000000, 0x00ed75, 0x000000,
    0x000000, 0x000000, 0x000000, 0x000000, 0x000000, 0x000000, 0x000000, 0x000000, 0x000000,
    0x000000, 0x000000, 0x000000, 0x000000, 0x000000, 0x000000, 0x000000, 0x000000, 0x00f8f8,
    0x000000, 0x000000, 0x000000, 0x000000, 0x000000, 0x000000, 0x000000, 0x000000, 0x000000,
    0x000000, 0x000000, 0x000000, 0x000000, 0x000000, 0x000000, 0x000000, 0x000000, 0x00e14b,
    0x000000, 0x000000, 0x000000, 0x000000, 0x000000, 0x000000, 0x000000, 0x000000, 0x000000,
    0x000000, 0x000000, 0x00ed4d, 0x000000, 0x000000, 0x00e1dc, 0x00e7f7, 0x000000, 0x000000,
    0x000000, 0x000000, 0x000000, 0x000000, 0x000000, 0x000000, 0x000000, 0x000000, 0x00e9df,
    0x000000, 0x000000, 0x000000, 0x000000, 0x000000, 0x00f1ce, 0x000000, 0x000000, 0x000000,
    0x000000, 0x000000, 0x000000, 0x000000, 0x000000, 0x000000, 0x000000, 0x000000, 0x000000,
    0x000000, 0x000000, 0x000000, 0x000000, 0x000000, 0x000000, 0x000000, 0x000000, 0x000000,
    0x000000, 0x000000, 0x000000, 0x000000, 0x000000, 0x000000, 0x000000, 0x000000, 0x000000,
    0x000000, 0x000000, 0x000000, 0x000000, 0x000000, 0x000000, 0x000000, 0x000000, 0x000000,
    0x000000, 0x000000, 0x00e7d0, 0x000000, 0x000000, 0x000000, 0x000000, 0x000000, 0x00eda3,
    0x000000, 0x000000, 0x000000, 0x000000, 0x00f7cd, 0x000000, 0x000000, 0x000000, 0x000000,
    0x000000, 0x000000, 0x000000, 0x000000, 0x000000, 0x000000, 0x000000, 0x00e1ae, 0x000000,
    0x000000, 0x000000, 0x000000, 0x000000, 0x000000, 0x000000, 0x000000, 0x000000, 0x000000,
    0x000000, 0x000000, 0x000000, 0x000000, 0x000000, 0x000000, 0x000000, 0x000000, 0x00e2ce,
    0x000000, 0x000000, 0x000000, 0x000000, 0x000000, 0x000000, 0x000000, 0x000000, 0x000000,
    0x000000, 0x000000, 0x000000, 0x000000, 0x000000, 0x000000, 0x000000, 0x000000, 0x000000,
    0x000000, 0x000000, 0x000000, 0x000000, 0x000000, 0x000000, 0x000000, 0x000000, 0x00f63f,
    0x000000, 0x000000, 0x000000, 0x000000, 0x000000, 0x00f9d3, 0x00f0ed, 0x00e66c, 0x000000,
    0x000000, 0x000000, 0x000000, 0x000000, 0x000000, 0x000000, 0x000000, 0x000000, 0x000000,
    0x000000, 0x000000, 0x000000, 0x000000, 0x000000, 0x000000, 0x000000, 0x000000, 0x000000,
    0x000000, 0x000000, 0x000000, 0x000000, 0x000000, 0x000000, 0x000000, 0x00eda4, 0x000000,
    0x000000, 0x000000, 0x00e5b6, 0x000000, 0x000000, 0x000000, 0x000000, 0x000000, 0x000000,
    0x000000, 0x000000, 0x000000, 0x000000, 0x000000, 0x000000, 0x000000, 0x000000, 0x000000,
    0x000000, 0x000000, 0x000000, 0x000000, 0x000000, 0x000000, 0x000000, 0x000000, 0x000000,
    0x000000, 0x000000, 0x000000, 0x000000, 0x000000, 0x000000, 0x000000, 0x000000, 0x000000,
    0x000000, 0x000000, 0x000000, 0x000000, 0x000000, 0x000000, 0x000000, 0x000000, 0x000000,
    0x000000, 0x000000, 0x000000, 0x000000, 0x000000, 0x000000, 0x000000, 0x000000, 0x000000,
    0x000000, 0x000000, 0x00e66d, 0x000000, 0x000000, 0x000000, 0x00f7e9, 0x000000, 0x000000,
    0x000000, 0x00eea4, 0x000000, 0x00e673, 0x000000, 0x000000, 0x000000, 0x000000, 0x000000,
    0x000000, 0x000000, 0x000000, 0x000000, 0x000000, 0x000000, 0x000000, 0x000000, 0x000000,
    0x000000, 0x000000, 0x000000, 0x000000, 0x00e3cb, 0x00e674, 0x000000, 0x000000, 0x000000,
    0x00e5f2, 0x000000, 0x000000, 0x000000, 0x000000, 0x000000, 0x00ea9c, 0x000000, 0x00e6f8,
    0x000000, 0x000000, 0x000000, 0x000000, 0x000000, 0x00e77a, 0x000000, 0x000000, 0x000000,
    0x000000, 0x000000, 0x000000, 0x000000, 0x000000, 0x000000, 0x000000, 0x000000, 0x000000,
    0x000000, 0x000000, 0x00e2d5, 0x00e79f, 0x000000, 0x000000, 0x000000, 0x000000, 0x000000,
    0x00e73b, 0x000000, 0x000000, 0x00f9cb, 0x000000, 0x000000, 0x000000, 0x00f96c, 0x000000,
    0x000000, 0x000000, 0x000000, 0x000000, 0x000000, 0x000000, 0x000000, 0x000000, 0x00eb38,
    0x00e5f3, 0x000000, 0x000000, 0x00f9d9, 0x000000, 0x000000, 0x00e133, 0x000000, 0x000000,
    0x000000, 0x00e7f9, 0x000000, 0x000000, 0x00e4ea, 0x00f5f5, 0x000000, 0x00f2c7, 0x000000,
    0x000000, 0x000000, 0x000000, 0x000000, 0x000000, 0x000000, 0x000000, 0x000000, 0x00e4da,
    0x000000, 0x000000, 0x000000, 0x000000, 0x000000, 0x000000, 0x000000, 0x000000, 0x000000,
    0x000000, 0x000000, 0x00e84d, 0x000000, 0x000000, 0x000000, 0x000000, 0x000000, 0x000000,
    0x000000, 0x000000, 0x000000, 0x000000, 0x000000, 0x00ef38, 0x00e93f, 0x000000, 0x000000,
    0x000000, 0x000000, 0x000000, 0x00f333, 0x000000, 0x000000, 0x000000, 0x000000, 0x00e1d5,
    0x000000, 0x000000, 0x000000, 0x000000, 0x000000, 0x000000, 0x000000, 0x000000, 0x000000,
    0x000000, 0x000000, 0x000000, 0x00eb39, 0x000000, 0x000000, 0x000000, 0x000000, 0x000000,
    0x000000, 0x000000, 0x000000, 0x000000, 0x000000, 0x000000, 0x000000, 0x000000, 0x000000,
    0x000000, 0x000000, 0x000000, 0x000000, 0x000000, 0x000000, 0x000000, 0x000000, 0x000000,
    0x000000, 0x000000, 0x000000, 0x00ea3c, 0x000000, 0x000000, 0x000000, 0x000000, 0x000000,
    0x000000, 0x000000, 0x000000, 0x000000, 0x000000, 0x00f34a, 0x00f241, 0x000000, 0x000000,
    0x00f242, 0x000000, 0x000000, 0x000000, 0x00f65d, 0x000000, 0x000000, 0x000000, 0x000000,
    0x000000, 0x000000, 0x000000, 0x000000, 0x000000, 0x000000, 0x000000, 0x000000, 0x00f262,
    0x000000, 0x00e656, 0x000000, 0x000000, 0x000000, 0x000000, 0x000000, 0x00eb75, 0x000000,
    0x000000, 0x00f4bb, 0x000000, 0x00ede1, 0x000000, 0x000000, 0x000000, 0x000000, 0x000000,
    0x000000, 0x000000, 0x000000, 0x000000, 0x000000, 0x00ed5b, 0x000000, 0x000000, 0x000000,
    0x000000, 0x000000, 0x000000, 0x000000, 0x000000, 0x000000, 0x000000, 0x000000, 0x000000,
    0x000000, 0x00e6a3, 0x000000, 0x000000, 0x00e8c2, 0x000000, 0x000000, 0x000000, 0x000000,
    0x00e0a0, 0x000000, 0x000000, 0x000000, 0x000000, 0x000000, 0x000000, 0x00e2cf, 0x000000,
    0x000000, 0x000000, 0x000000, 0x000000, 0x000000, 0x000000, 0x000000, 0x000000, 0x000000,
    0x000000, 0x000000, 0x000000, 0x000000, 0x000000, 0x000000, 0x000000, 0x000000, 0x000000,
    0x000000, 0x000000, 0x000000, 0x000000, 0x000000, 0x000000, 0x000000, 0x000000, 0x000000,
    0x000000, 0x000000, 0x000000, 0x000000, 0x000000, 0x000000, 0x000000, 0x008861, 0x008862,
    0x008863, 0x008864, 0x008865, 0x008866, 0x008867, 0x008868, 0x008869, 0x00886a, 0x00886b,
    0x00886c, 0x00886d, 0x00886e, 0x00886f, 0x008870, 0x008871, 0x008873, 0x008874, 0x008875,
    0x008876, 0x008877, 0x008878, 0x008879, 0x00887a, 0x00887b, 0x00887c, 0x00887d, 0x008881,
    0x008882, 0x008883, 0x008884, 0x008885, 0x008886, 0x008887, 0x008888, 0x008889, 0x00888a,
    0x00888b, 0x00888c, 0x00888d, 0x00888e, 0x00888f, 0x008890, 0x008891, 0x008893, 0x008894,
    0x008895, 0x008896, 0x008897, 0x008898, 0x008899, 0x00889a, 0x00889b, 0x00889c, 0x00889d,
    0x0088a1, 0x0088a2, 0x0088a3, 0x0088a4, 0x0088a5, 0x0088a6, 0x0088a7, 0x0088a8, 0x0088a9,
    0x0088aa, 0x0088ab, 0x0088ac, 0x0088ad, 0x0088ae, 0x0088af, 0x0088b0, 0x0088b1, 0x0088b3,
    0x0088b4, 0x0088b5, 0x0088b6, 0x0088b7, 0x0088b8, 0x0088b9, 0x0088ba, 0x0088bb, 0x0088bc,
    0x0088bd, 0x0088c1, 0x0088c2, 0x0088c3, 0x0088c4, 0x0088c5, 0x0088c6, 0x0088c7, 0x0088c8,
    0x0088c9, 0x0088ca, 0x0088cb, 0x0088cc, 0x0088cd, 0x0088ce, 0x0088cf, 0x0088d0, 0x0088d1,
    0x0088d3, 0x0088d4, 0x0088d5, 0x0088d6, 0x0088d7, 0x0088d8, 0x0088d9, 0x0088da, 0x0088db,
    0x0088dc, 0x0088dd, 0x0088e1, 0x0088e2, 0x0088e3, 0x0088e4, 0x0088e5, 0x0088e6, 0x0088e7,
    0x0088e8, 0x0088e9, 0x0088ea, 0x0088eb, 0x0088ec, 0x0088ed, 0x0088ee, 0x0088ef, 0x0088f0,
    0x0088f1, 0x0088f3, 0x0088f4, 0x0088f5, 0x0088f6, 0x0088f7, 0x0088f8, 0x0088f9, 0x0088fa,
    0x0088fb, 0x0088fc, 0x0088fd, 0x008941, 0x008942, 0x008943, 0x008944, 0x008945, 0x008946,
    0x008947, 0x008948, 0x008949, 0x00894a, 0x00894b, 0x00894c, 0x00894d, 0x00894e, 0x00894f,
    0x008950, 0x008951, 0x008953, 0x008954, 0x008955, 0x008956, 0x008957, 0x008958, 0x008959,
    0x00895a, 0x00895b, 0x00895c, 0x00895d, 0x008961, 0x008962, 0x008963, 0x008964, 0x008965,
    0x008966, 0x008967, 0x008968, 0x008969, 0x00896a, 0x00896b, 0x00896c, 0x00896d, 0x00896e,
    0x00896f, 0x008970, 0x008971, 0x008973, 0x008974, 0x008975, 0x008976, 0x008977, 0x008978,
    0x008979, 0x00897a, 0x00897b, 0x00897c, 0x00897d, 0x008981, 0x008982, 0x008983, 0x008984,
    0x008985, 0x008986, 0x008987, 0x008988, 0x008989, 0x00898a, 0x00898b, 0x00898c, 0x00898d,
    0x00898e, 0x00898f, 0x008990, 0x008991, 0x008993, 0x008994, 0x008995, 0x008996, 0x008997,
    0x008998, 0x008999, 0x00899a, 0x00899b, 0x00899c, 0x00899d, 0x0089a1, 0x0089a2, 0x0089a3,
    0x0089a4, 0x0089a5, 0x0089a6, 0x0089a7, 0x0089a8, 0x0089a9, 0x0089aa, 0x0089ab, 0x0089ac,
    0x0089ad, 0x0089ae, 0x0089af, 0x0089b0, 0x0089b1, 0x0089b3, 0x0089b4, 0x0089b5, 0x0089b6,
    0x0089b7, 0x0089b8, 0x0089b9, 0x0089ba, 0x0089bb, 0x0089bc, 0x0089bd, 0x0089c1, 0x0089c2,
    0x0089c3, 0x0089c4, 0x0089c5, 0x0089c6, 0x0089c7, 0x0089c8, 0x0089c9, 0x0089ca, 0x0089cb,
    0x0089cc, 0x0089cd, 0x0089ce, 0x0089cf, 0x0089d0, 0x0089d1, 0x0089d3, 0x0089d4, 0x0089d5,
    0x0089d6, 0x0089d7, 0x0089d8, 0x0089d9, 0x0089da, 0x0089db, 0x0089dc, 0x0089dd, 0x0089e1,
    0x0089e2, 0x0089e3, 0x0089e4, 0x0089e5, 0x0089e6, 0x0089e7, 0x0089e8, 0x0089e9, 0x0089ea,
    0x0089eb, 0x0089ec, 0x0089ed, 0x0089ee, 0x0089ef, 0x0089f0, 0x0089f1, 0x0089f3, 0x0089f4,
    0x0089f5, 0x0089f6, 0x0089f7, 0x0089f8, 0x0089f9, 0x0089fa, 0x0089fb, 0x0089fc, 0x0089fd,
    0x008a41, 0x008a42, 0x008a43, 0x008a44, 0x008a45, 0x008a46, 0x008a47, 0x008a48, 0x008a49,
    0x008a4a, 0x008a4b, 0x008a4c, 0x008a4d, 0x008a4e, 0x008a4f, 0x008a50, 0x008a51, 0x008a53,
    0x008a54, 0x008a55, 0x008a56, 0x008a57, 0x008a58, 0x008a59, 0x008a5a, 0x008a5b, 0x008a5c,
    0x008a5d, 0x008a61, 0x008a62, 0x008a63, 0x008a64, 0x008a65, 0x008a66, 0x008a67, 0x008a68,
    0x008a69, 0x008a6a, 0x008a6b, 0x008a6c, 0x008a6d, 0x008a6e, 0x008a6f, 0x008a70, 0x008a71,
    0x008a73, 0x008a74, 0x008a75, 0x008a76, 0x008a77, 0x008a78, 0x008a79, 0x008a7a, 0x008a7b,
    0x008a7c, 0x008a7d, 0x008a81, 0x008a82, 0x008a83, 0x008a84, 0x008a85, 0x008a86, 0x008a87,
    0x008a88, 0x008a89, 0x008a8a, 0x008a8b, 0x008a8c, 0x008a8d, 0x008a8e, 0x008a8f, 0x008a90,
    0x008a91, 0x008a93, 0x008a94, 0x008a95, 0x008a96, 0x008a97, 0x008a98, 0x008a99, 0x008a9a,
    0x008a9b, 0x008a9c, 0x008a9d, 0x008aa1, 0x008aa2, 0x008aa3, 0x008aa4, 0x008aa5, 0x008aa6,
    0x008aa7, 0x008aa8, 0x008aa9, 0x008aaa, 0x008aab, 0x008aac, 0x008aad, 0x008aae, 0x008aaf,
    0x008ab0, 0x008ab1, 0x008ab3, 0x008ab4, 0x008ab5, 0x008ab6, 0x008ab7, 0x008ab8, 0x008ab9,
    0x008aba, 0x008abb, 0x008abc, 0x008abd, 0x008ac1, 0x008ac2, 0x008ac3, 0x008ac4, 0x008ac5,
    0x008ac6, 0x008ac7, 0x008ac8, 0x008ac9, 0x008aca, 0x008acb, 0x008acc, 0x008acd, 0x008ace,
    0x008acf, 0x008ad0, 0x008ad1, 0x008ad3, 0x008ad4, 0x008ad5, 0x008ad6, 0x008ad7, 0x008ad8,
    0x008ad9, 0x008ada, 0x008adb, 0x008adc, 0x008add, 0x008ae1, 0x008ae2, 0x008ae3, 0x008ae4,
    0x008ae5, 0x008ae6, 0x008ae7, 0x008ae8, 0x008ae9, 0x008aea, 0x008aeb, 0x008aec, 0x008aed,
    0x008aee, 0x008aef, 0x008af0, 0x008af1, 0x008af3, 0x008af4, 0x008af5, 0x008af6, 0x008af7,
    0x008af8, 0x008af9, 0x008afa, 0x008afb, 0x008afc, 0x008afd, 0x008b41, 0x008b42, 0x008b43,
    0x008b44, 0x008b45, 0x008b46, 0x008b47, 0x008b48, 0x008b49, 0x008b4a, 0x008b4b, 0x008b4c,
    0x008b4d, 0x008b4e, 0x008b4f, 0x008b50, 0x008b51, 0x008b53, 0x008b54, 0x008b55, 0x008b56,
    0x008b57, 0x008b58, 0x008b59, 0x008b5a, 0x008b5b, 0x008b5c, 0x008b5d, 0x008b61, 0x008b62,
    0x008b63, 0x008b64, 0x008b65, 0x008b66, 0x008b67, 0x008b68, 0x008b69, 0x008b6a, 0x008b6b,
    0x008b6c, 0x008b6d, 0x008b6e, 0x008b6f, 0x008b70, 0x008b71, 0x008b73, 0x008b74, 0x008b75,
    0x008b76, 0x008b77, 0x008b78, 0x008b79, 0x008b7a, 0x008b7b, 0x008b7c, 0x008b7d, 0x008b81,
    0x008b82, 0x008b83, 0x008b84, 0x008b85, 0x008b86, 0x008b87, 0x008b88, 0x008b89, 0x008b8a,
    0x008b8b, 0x008b8c, 0x008b8d, 0x008b8e, 0x008b8f, 0x008b90, 0x008b91, 0x008b93, 0x008b94,
    0x008b95, 0x008b96, 0x008b97, 0x008b98, 0x008b99, 0x008b9a, 0x008b9b, 0x008b9c, 0x008b9d,
    0x008ba1, 0x008ba2, 0x008ba3, 0x008ba4, 0x008ba5, 0x008ba6, 0x008ba7, 0x008ba8, 0x008ba9,
    0x008baa, 0x008bab, 0x008bac, 0x008bad, 0x008bae, 0x008baf, 0x008bb0, 0x008bb1, 0x008bb3,
    0x008bb4, 0x008bb5, 0x008bb6, 0x008bb7, 0x008bb8, 0x008bb9, 0x008bba, 0x008bbb, 0x008bbc,
    0x008bbd, 0x008c61, 0x008c62, 0x008c63, 0x008c64, 0x008c65, 0x008c66, 0x008c67, 0x008c68,
    0x008c69, 0x008c6a, 0x008c6b, 0x008c6c, 0x008c6d, 0x008c6e, 0x008c6f, 0x008c70, 0x008c71,
    0x008c73, 0x008c74, 0x008c75, 0x008c76, 0x008c77, 0x008c78, 0x008c79, 0x008c7a, 0x008c7b,
    0x008c7c, 0x008c7d, 0x008c81, 0x008c82, 0x008c83, 0x008c84, 0x008c85, 0x008c86, 0x008c87,
    0x008c88, 0x008c89, 0x008c8a, 0x008c8b, 0x008c8c, 0x008c8d, 0x008c8e, 0x008c8f, 0x008c90,
    0x008c91, 0x008c93, 0x008c94, 0x008c95, 0x008c96, 0x008c97, 0x008c98, 0x008c99, 0x008c9a,
    0x008c9b, 0x008c9c, 0x008c9d, 0x008ca1, 0x008ca2, 0x008ca3, 0x008ca4, 0x008ca5, 0x008ca6,
    0x008ca7, 0x008ca8, 0x008ca9, 0x008caa, 0x008cab, 0x008cac, 0x008cad, 0x008cae, 0x008caf,
    0x008cb0, 0x008cb1, 0x008cb3, 0x008cb4, 0x008cb5, 0x008cb6, 0x008cb7, 0x008cb8, 0x008cb9,
    0x008cba, 0x008cbb, 0x008cbc, 0x008cbd, 0x008cc1, 0x008cc2, 0x008cc3, 0x008cc4, 0x008cc5,
    0x008cc6, 0x008cc7, 0x008cc8, 0x008cc9, 0x008cca, 0x008ccb, 0x008ccc, 0x008ccd, 0x008cce,
    0x008ccf, 0x008cd0, 0x008cd1, 0x008cd3, 0x008cd4, 0x008cd5, 0x008cd6, 0x008cd7, 0x008cd8,
    0x008cd9, 0x008cda, 0x008cdb, 0x008cdc, 0x008cdd, 0x008ce1, 0x008ce2, 0x008ce3, 0x008ce4,
    0x008ce5, 0x008ce6, 0x008ce7, 0x008ce8, 0x008ce9, 0x008cea, 0x008ceb, 0x008cec, 0x008ced,
    0x008cee, 0x008cef, 0x008cf0, 0x008cf1, 0x008cf3, 0x008cf4, 0x008cf5, 0x008cf6, 0x008cf7,
    0x008cf8, 0x008cf9, 0x008cfa, 0x008cfb, 0x008cfc, 0x008cfd, 0x008d41, 0x008d42, 0x008d43,
    0x008d44, 0x008d45, 0x008d46, 0x008d47, 0x008d48, 0x008d49, 0x008d4a, 0x008d4b, 0x008d4c,
    0x008d4d, 0x008d4e, 0x008d4f, 0x008d50, 0x008d51, 0x008d53, 0x008d54, 0x008d55, 0x008d56,
    0x008d57, 0x008d58, 0x008d59, 0x008d5a, 0x008d5b, 0x008d5c, 0x008d5d, 0x008d61, 0x008d62,
    0x008d63, 0x008d64, 0x008d65, 0x008d66, 0x008d67, 0x008d68, 0x008d69, 0x008d6a, 0x008d6b,
    0x008d6c, 0x008d6d, 0x008d6e, 0x008d6f, 0x008d70, 0x008d71, 0x008d73, 0x008d74, 0x008d75,
    0x008d76, 0x008d77, 0x008d78, 0x008d79, 0x008d7a, 0x008d7b, 0x008d7c, 0x008d7d, 0x008d81,
    0x008d82, 0x008d83, 0x008d84, 0x008d85, 0x008d86, 0x008d87, 0x008d88, 0x008d89, 0x008d8a,
    0x008d8b, 0x008d8c, 0x008d8d, 0x008d8e, 0x008d8f, 0x008d90, 0x008d91, 0x008d93, 0x008d94,
    0x008d95, 0x008d96, 0x008d97, 0x008d98, 0x008d99, 0x008d9a, 0x008d9b, 0x008d9c, 0x008d9d,
    0x008da1, 0x008da2, 0x008da3, 0x008da4, 0x008da5, 0x008da6, 0x008da7, 0x008da8, 0x008da9,
    0x008daa, 0x008dab, 0x008dac, 0x008dad, 0x008dae, 0x008daf, 0x008db0, 0x008db1, 0x008db3,
    0x008db4, 0x008db5, 0x008db6, 0x008db7, 0x008db8, 0x008db9, 0x008dba, 0x008dbb, 0x008dbc,
    0x008dbd, 0x008dc1, 0x008dc2, 0x008dc3, 0x008dc4, 0x008dc5, 0x008dc6, 0x008dc7, 0x008dc8,
    0x008dc9, 0x008dca, 0x008dcb, 0x008dcc, 0x008dcd, 0x008dce, 0x008dcf, 0x008dd0, 0x008dd1,
    0x008dd3, 0x008dd4, 0x008dd5, 0x008dd6, 0x008dd7, 0x008dd8, 0x008dd9, 0x008dda, 0x008ddb,
    0x008ddc, 0x008ddd, 0x008de1, 0x008de2, 0x008de3, 0x008de4, 0x008de5, 0x008de6, 0x008de7,
    0x008de8, 0x008de9, 0x008dea, 0x008deb, 0x008dec, 0x008ded, 0x008dee, 0x008def, 0x008df0,
    0x008df1, 0x008df3, 0x008df4, 0x008df5, 0x008df6, 0x008df7, 0x008df8, 0x008df9, 0x008dfa,
    0x008dfb, 0x008dfc, 0x008dfd, 0x008e41, 0x008e42, 0x008e43, 0x008e44, 0x008e45, 0x008e46,
    0x008e47, 0x008e48, 0x008e49, 0x008e4a, 0x008e4b, 0x008e4c, 0x008e4d, 0x008e4e, 0x008e4f,
    0x008e50, 0x008e51, 0x008e53, 0x008e54, 0x008e55, 0x008e56, 0x008e57, 0x008e58, 0x008e59,
    0x008e5a, 0x008e5b, 0x008e5c, 0x008e5d, 0x008e61, 0x008e62, 0x008e63, 0x008e64, 0x008e65,
    0x008e66, 0x008e67, 0x008e68, 0x008e69, 0x008e6a, 0x008e6b, 0x008e6c, 0x008e6d, 0x008e6e,
    0x008e6f, 0x008e70, 0x008e71, 0x008e73, 0x008e74, 0x008e75, 0x008e76, 0x008e77, 0x008e78,
    0x008e79, 0x008e7a, 0x008e7b, 0x008e7c, 0x008e7d, 0x008e81, 0x008e82, 0x008e83, 0x008e84,
    0x008e85, 0x008e86, 0x008e87, 0x008e88, 0x008e89, 0x008e8a, 0x008e8b, 0x008e8c, 0x008e8d,
    0x008e8e, 0x008e8f, 0x008e90, 0x008e91, 0x008e93, 0x008e94, 0x008e95, 0x008e96, 0x008e97,
    0x008e98, 0x008e99, 0x008e9a, 0x008e9b, 0x008e9c, 0x008e9d, 0x008ea1, 0x008ea2, 0x008ea3,
    0x008ea4, 0x008ea5, 0x008ea6, 0x008ea7, 0x008ea8, 0x008ea9, 0x008eaa, 0x008eab, 0x008eac,
    0x008ead, 0x008eae, 0x008eaf, 0x008eb0, 0x008eb1, 0x008eb3, 0x008eb4, 0x008eb5, 0x008eb6,
    0x008eb7, 0x008eb8, 0x008eb9, 0x008eba, 0x008ebb, 0x008ebc, 0x008ebd, 0x008ec1, 0x008ec2,
    0x008ec3, 0x008ec4, 0x008ec5, 0x008ec6, 0x008ec7, 0x008ec8, 0x008ec9, 0x008eca, 0x008ecb,
    0x008ecc, 0x008ecd, 0x008ece, 0x008ecf, 0x008ed0, 0x008ed1, 0x008ed3, 0x008ed4, 0x008ed5,
    0x008ed6, 0x008ed7, 0x008ed8, 0x008ed9, 0x008eda, 0x008edb, 0x008edc, 0x008edd, 0x008ee1,
    0x008ee2, 0x008ee3, 0x008ee4, 0x008ee5, 0x008ee6, 0x008ee7, 0x008ee8, 0x008ee9, 0x008eea,
    0x008eeb, 0x008eec, 0x008eed, 0x008eee, 0x008eef, 0x008ef0, 0x008ef1, 0x008ef3, 0x008ef4,
    0x008ef5, 0x008ef6, 0x008ef7, 0x008ef8, 0x008ef9, 0x008efa, 0x008efb, 0x008efc, 0x008efd,
    0x008f41, 0x008f42, 0x008f43, 0x008f44, 0x008f45, 0x008f46, 0x008f47, 0x008f48, 0x008f49,
    0x008f4a, 0x008f4b, 0x008f4c, 0x008f4d, 0x008f4e, 0x008f4f, 0x008f50, 0x008f51, 0x008f53,
    0x008f54, 0x008f55, 0x008f56, 0x008f57, 0x008f58, 0x008f59, 0x008f5a, 0x008f5b, 0x008f5c,
    0x008f5d, 0x008f61, 0x008f62, 0x008f63, 0x008f64, 0x008f65, 0x008f66, 0x008f67, 0x008f68,
    0x008f69, 0x008f6a, 0x008f6b, 0x008f6c, 0x008f6d, 0x008f6e, 0x008f6f, 0x008f70, 0x008f71,
    0x008f73, 0x008f74, 0x008f75, 0x008f76, 0x008f77, 0x008f78, 0x008f79, 0x008f7a, 0x008f7b,
    0x008f7c, 0x008f7d, 0x008f81, 0x008f82, 0x008f83, 0x008f84, 0x008f85, 0x008f86, 0x008f87,
    0x008f88, 0x008f89, 0x008f8a, 0x008f8b, 0x008f8c, 0x008f8d, 0x008f8e, 0x008f8f, 0x008f90,
    0x008f91, 0x008f93, 0x008f94, 0x008f95, 0x008f96, 0x008f97, 0x008f98, 0x008f99, 0x008f9a,
    0x008f9b, 0x008f9c, 0x008f9d, 0x008fa1, 0x008fa2, 0x008fa3, 0x008fa4, 0x008fa5, 0x008fa6,
    0x008fa7, 0x008fa8, 0x008fa9, 0x008faa, 0x008fab, 0x008fac, 0x008fad, 0x008fae, 0x008faf,
    0x008fb0, 0x008fb1, 0x008fb3, 0x008fb4, 0x008fb5, 0x008fb6, 0x008fb7, 0x008fb8, 0x008fb9,
    0x008fba, 0x008fbb, 0x008fbc, 0x008fbd, 0x009061, 0x009062, 0x009063, 0x009064, 0x009065,
    0x009066, 0x009067, 0x009068, 0x009069, 0x00906a, 0x00906b, 0x00906c, 0x00906d, 0x00906e,
    0x00906f, 0x009070, 0x009071, 0x009073, 0x009074, 0x009075, 0x009076, 0x009077, 0x009078,
    0x009079, 0x00907a, 0x00907b, 0x00907c, 0x00907d, 0x009081, 0x009082, 0x009083, 0x009084,
    0x009085, 0x009086, 0x009087, 0x009088, 0x009089, 0x00908a, 0x00908b, 0x00908c, 0x00908d,
    0x00908e, 0x00908f, 0x009090, 0x009091, 0x009093, 0x009094, 0x009095, 0x009096, 0x009097,
    0x009098, 0x009099, 0x00909a, 0x00909b, 0x00909c, 0x00909d, 0x0090a1, 0x0090a2, 0x0090a3,
    0x0090a4, 0x0090a5, 0x0090a6, 0x0090a7, 0x0090a8, 0x0090a9, 0x0090aa, 0x0090ab, 0x0090ac,
    0x0090ad, 0x0090ae, 0x0090af, 0x0090b0, 0x0090b1, 0x0090b3, 0x0090b4, 0x0090b5, 0x0090b6,
    0x0090b7, 0x0090b8, 0x0090b9, 0x0090ba, 0x0090bb, 0x0090bc, 0x0090bd, 0x0090c1, 0x0090c2,
    0x0090c3, 0x0090c4, 0x0090c5, 0x0090c6, 0x0090c7, 0x0090c8, 0x0090c9, 0x0090ca, 0x0090cb,
    0x0090cc, 0x0090cd, 0x0090ce, 0x0090cf, 0x0090d0, 0x0090d1, 0x0090d3, 0x0090d4, 0x0090d5,
    0x0090d6, 0x0090d7, 0x0090d8, 0x0090d9, 0x0090da, 0x0090db, 0x0090dc, 0x0090dd, 0x0090e1,
    0x0090e2, 0x0090e3, 0x0090e4, 0x0090e5, 0x0090e6, 0x0090e7, 0x0090e8, 0x0090e9, 0x0090ea,
    0x0090eb, 0x0090ec, 0x0090ed, 0x0090ee, 0x0090ef, 0x0090f0, 0x0090f1, 0x0090f3, 0x0090f4,
    0x0090f5, 0x0090f6, 0x0090f7, 0x0090f8, 0x0090f9, 0x0090fa, 0x0090fb, 0x0090fc, 0x0090fd,
    0x009141, 0x009142, 0x009143, 0x009144, 0x009145, 0x009146, 0x009147, 0x009148, 0x009149,
    0x00914a, 0x00914b, 0x00914c, 0x00914d, 0x00914e, 0x00914f, 0x009150, 0x009151, 0x009153,
    0x009154, 0x009155, 0x009156, 0x009157, 0x009158, 0x009159, 0x00915a, 0x00915b, 0x00915c,
    0x00915d, 0x009161, 0x009162, 0x009163, 0x009164, 0x009165, 0x009166, 0x009167, 0x009168,
    0x009169, 0x00916a, 0x00916b, 0x00916c, 0x00916d, 0x00916e, 0x00916f, 0x009170, 0x009171,
    0x009173, 0x009174, 0x009175, 0x009176, 0x009177, 0x009178, 0x009179, 0x00917a, 0x00917b,
    0x00917c, 0x00917d, 0x009181, 0x009182, 0x009183, 0x009184, 0x009185, 0x009186, 0x009187,
    0x009188, 0x009189, 0x00918a, 0x00918b, 0x00918c, 0x00918d, 0x00918e, 0x00918f, 0x009190,
    0x009191, 0x009193, 0x009194, 0x009195, 0x009196, 0x009197, 0x009198, 0x009199, 0x00919a,
    0x00919b, 0x00919c, 0x00919d, 0x0091a1, 0x0091a2, 0x0091a3, 0x0091a4, 0x0091a5, 0x0091a6,
    0x0091a7, 0x0091a8, 0x0091a9, 0x0091aa, 0x0091ab, 0x0091ac, 0x0091ad, 0x0091ae, 0x0091af,
    0x0091b0, 0x0091b1, 0x0091b3, 0x0091b4, 0x0091b5, 0x0091b6, 0x0091b7, 0x0091b8, 0x0091b9,
    0x0091ba, 0x0091bb, 0x0091bc, 0x0091bd, 0x0091c1, 0x0091c2, 0x0091c3, 0x0091c4, 0x0091c5,
    0x0091c6, 0x0091c7, 0x0091c8, 0x0091c9, 0x0091ca, 0x0091cb, 0x0091cc, 0x0091cd, 0x0091ce,
    0x0091cf, 0x0091d0, 0x0091d1, 0x0091d3, 0x0091d4, 0x0091d5, 0x0091d6, 0x0091d7, 0x0091d8,
    0x0091d9, 0x0091da, 0x0091db, 0x0091dc, 0x0091dd, 0x0091e1, 0x0091e2, 0x0091e3, 0x0091e4,
    0x0091e5, 0x0091e6, 0x0091e7, 0x0091e8, 0x0091e9, 0x0091ea, 0x0091eb, 0x0091ec, 0x0091ed,
    0x0091ee, 0x0091ef, 0x0091f0, 0x0091f1, 0x0091f3, 0x0091f4, 0x0091f5, 0x0091f6, 0x0091f7,
    0x0091f8, 0x0091f9, 0x0091fa, 0x0091fb, 0x0091fc, 0x0091fd, 0x009241, 0x009242, 0x009243,
    0x009244, 0x009245, 0x009246, 0x009247, 0x009248, 0x009249, 0x00924a, 0x00924b, 0x00924c,
    0x00924d, 0x00924e, 0x00924f, 0x009250, 0x009251, 0x009253, 0x009254, 0x009255, 0x009256,
    0x009257, 0x009258, 0x009259, 0x00925a, 0x00925b, 0x00925c, 0x00925d, 0x009261, 0x009262,
    0x009263, 0x009264, 0x009265, 0x009266, 0x009267, 0x009268, 0x009269, 0x00926a, 0x00926b,
    0x00926c, 0x00926d, 0x00926e, 0x00926f, 0x009270, 0x009271, 0x009273, 0x009274, 0x009275,
    0x009276, 0x009277, 0x009278, 0x009279, 0x00927a, 0x00927b, 0x00927c, 0x00927d, 0x009281,
    0x009282, 0x009283, 0x009284, 0x009285, 0x009286, 0x009287, 0x009288, 0x009289, 0x00928a,
    0x00928b, 0x00928c, 0x00928d, 0x00928e, 0x00928f, 0x009290, 0x009291, 0x009293, 0x009294,
    0x009295, 0x009296, 0x009297, 0x009298, 0x009299, 0x00929a, 0x00929b, 0x00929c, 0x00929d,
    0x0092a1, 0x0092a2, 0x0092a3, 0x0092a4, 0x0092a5, 0x0092a6, 0x0092a7, 0x0092a8, 0x0092a9,
    0x0092aa, 0x0092ab, 0x0092ac, 0x0092ad, 0x0092ae, 0x0092af, 0x0092b0, 0x0092b1, 0x0092b3,
    0x0092b4, 0x0092b5, 0x0092b6, 0x0092b7, 0x0092b8, 0x0092b9, 0x0092ba, 0x0092bb, 0x0092bc,
    0x0092bd, 0x0092c1, 0x0092c2, 0x0092c3, 0x0092c4, 0x0092c5, 0x0092c6, 0x0092c7, 0x0092c8,
    0x0092c9, 0x0092ca, 0x0092cb, 0x0092cc, 0x0092cd, 0x0092ce, 0x0092cf, 0x0092d0, 0x0092d1,
    0x0092d3, 0x0092d4, 0x0092d5, 0x0092d6, 0x0092d7, 0x0092d8, 0x0092d9, 0x0092da, 0x0092db,
    0x0092dc, 0x0092dd, 0x0092e1, 0x0092e2, 0x0092e3, 0x0092e4, 0x0092e5, 0x0092e6, 0x0092e7,
    0x0092e8, 0x0092e9, 0x0092ea, 0x0092eb, 0x0092ec, 0x0092ed, 0x0092ee, 0x0092ef, 0x0092f0,
    0x0092f1, 0x0092f3, 0x0092f4, 0x0092f5, 0x0092f6, 0x0092f7, 0x0092f8, 0x0092f9, 0x0092fa,
    0x0092fb, 0x0092fc, 0x0092fd, 0x009341, 0x009342, 0x009343, 0x009344, 0x009345, 0x009346,
    0x009347, 0x009348, 0x009349, 0x00934a, 0x00934b, 0x00934c, 0x00934d, 0x00934e, 0x00934f,
    0x009350, 0x009351, 0x009353, 0x009354, 0x009355, 0x009356, 0x009357, 0x009358, 0x009359,
    0x00935a, 0x00935b, 0x00935c, 0x00935d, 0x009361, 0x009362, 0x009363, 0x009364, 0x009365,
    0x009366, 0x009367, 0x009368, 0x009369, 0x00936a, 0x00936b, 0x00936c, 0x00936d, 0x00936e,
    0x00936f, 0x009370, 0x009371, 0x009373, 0x009374, 0x009375, 0x009376, 0x009377, 0x009378,
    0x009379, 0x00937a, 0x00937b, 0x00937c, 0x00937d, 0x009381, 0x009382, 0x009383, 0x009384,
    0x009385, 0x009386, 0x009387, 0x009388, 0x009389, 0x00938a, 0x00938b, 0x00938c, 0x00938d,
    0x00938e, 0x00938f, 0x009390, 0x009391, 0x009393, 0x009394, 0x009395, 0x009396, 0x009397,
    0x009398, 0x009399, 0x00939a, 0x00939b, 0x00939c, 0x00939d, 0x0093a1, 0x0093a2, 0x0093a3,
    0x0093a4, 0x0093a5, 0x0093a6, 0x0093a7, 0x0093a8, 0x0093a9, 0x0093aa, 0x0093ab, 0x0093ac,
    0x0093ad, 0x0093ae, 0x0093af, 0x0093b0, 0x0093b1, 0x0093b3, 0x0093b4, 0x0093b5, 0x0093b6,
    0x0093b7, 0x0093b8, 0x0093b9, 0x0093ba, 0x0093bb, 0x0093bc, 0x0093bd, 0x009461, 0x009462,
    0x009463, 0x009464, 0x009465, 0x009466, 0x009467, 0x009468, 0x009469, 0x00946a, 0x00946b,
    0x00946c, 0x00946d, 0x00946e, 0x00946f, 0x009470, 0x009471, 0x009473, 0x009474, 0x009475,
    0x009476, 0x009477, 0x009478, 0x009479, 0x00947a, 0x00947b, 0x00947c, 0x00947d, 0x009481,
    0x009482, 0x009483, 0x009484, 0x009485, 0x009486, 0x009487, 0x009488, 0x009489, 0x00948a,
    0x00948b, 0x00948c, 0x00948d, 0x00948e, 0x00948f, 0x009490, 0x009491, 0x009493, 0x009494,
    0x009495, 0x009496, 0x009497, 0x009498, 0x009499, 0x00949a, 0x00949b, 0x00949c, 0x00949d,
    0x0094a1, 0x0094a2, 0x0094a3, 0x0094a4, 0x0094a5, 0x0094a6, 0x0094a7, 0x0094a8, 0x0094a9,
    0x0094aa, 0x0094ab, 0x0094ac, 0x0094ad, 0x0094ae, 0x0094af, 0x0094b0, 0x0094b1, 0x0094b3,
    0x0094b4, 0x0094b5, 0x0094b6, 0x0094b7, 0x0094b8, 0x0094b9, 0x0094ba, 0x0094bb, 0x0094bc,
    0x0094bd, 0x0094c1, 0x0094c2, 0x0094c3, 0x0094c4, 0x0094c5, 0x0094c6, 0x0094c7, 0x0094c8,
    0x0094c9, 0x0094ca, 0x0094cb, 0x0094cc, 0x0094cd, 0x0094ce, 0x0094cf, 0x0094d0, 0x0094d1,
    0x0094d3, 0x0094d4, 0x0094d5, 0x0094d6, 0x0094d7, 0x0094d8, 0x0094d9, 0x0094da, 0x0094db,
    0x0094dc, 0x0094dd, 0x0094e1, 0x0094e2, 0x0094e3, 0x0094e4, 0x0094e5, 0x0094e6, 0x0094e7,
    0x0094e8, 0x0094e9, 0x0094ea, 0x0094eb, 0x0094ec, 0x0094ed, 0x0094ee, 0x0094ef, 0x0094f0,
    0x0094f1, 0x0094f3, 0x0094f4, 0x0094f5, 0x0094f6, 0x0094f7, 0x0094f8, 0x0094f9, 0x0094fa,
    0x0094fb, 0x0094fc, 0x0094fd, 0x009541, 0x009542, 0x009543, 0x009544, 0x009545, 0x009546,
    0x009547, 0x009548, 0x009549, 0x00954a, 0x00954b, 0x00954c, 0x00954d, 0x00954e, 0x00954f,
    0x009550, 0x009551, 0x009553, 0x009554, 0x009555, 0x009556, 0x009557, 0x009558, 0x009559,
    0x00955a, 0x00955b, 0x00955c, 0x00955d, 0x009561, 0x009562, 0x009563, 0x009564, 0x009565,
    0x009566, 0x009567, 0x009568, 0x009569, 0x00956a, 0x00956b, 0x00956c, 0x00956d, 0x00956e,
    0x00956f, 0x009570, 0x009571, 0x009573, 0x009574, 0x009575, 0x009576, 0x009577, 0x009578,
    0x009579, 0x00957a, 0x00957b, 0x00957c, 0x00957d, 0x009581, 0x009582, 0x009583, 0x009584,
    0x009585, 0x009586, 0x009587, 0x009588, 0x009589, 0x00958a, 0x00958b, 0x00958c, 0x00958d,
    0x00958e, 0x00958f, 0x009590, 0x009591, 0x009593, 0x009594, 0x009595, 0x009596, 0x009597,
    0x009598, 0x009599, 0x00959a, 0x00959b, 0x00959c, 0x00959d, 0x0095a1, 0x0095a2, 0x0095a3,
    0x0095a4, 0x0095a5, 0x0095a6, 0x0095a7, 0x0095a8, 0x0095a9, 0x0095aa, 0x0095ab, 0x0095ac,
    0x0095ad, 0x0095ae, 0x0095af, 0x0095b0, 0x0095b1, 0x0095b3, 0x0095b4, 0x0095b5, 0x0095b6,
    0x0095b7, 0x0095b8, 0x0095b9, 0x0095ba, 0x0095bb, 0x0095bc, 0x0095bd, 0x0095c1, 0x0095c2,
    0x0095c3, 0x0095c4, 0x0095c5, 0x0095c6, 0x0095c7, 0x0095c8, 0x0095c9, 0x0095ca, 0x0095cb,
    0x0095cc, 0x0095cd, 0x0095ce, 0x0095cf, 0x0095d0, 0x0095d1, 0x0095d3, 0x0095d4, 0x0095d5,
    0x0095d6, 0x0095d7, 0x0095d8, 0x0095d9, 0x0095da, 0x0095db, 0x0095dc, 0x0095dd, 0x0095e1,
    0x0095e2, 0x0095e3, 0x0095e4, 0x0095e5, 0x0095e6, 0x0095e7, 0x0095e8, 0x0095e9, 0x0095ea,
    0x0095eb, 0x0095ec, 0x0095ed, 0x0095ee, 0x0095ef, 0x0095f0, 0x0095f1, 0x0095f3, 0x0095f4,
    0x0095f5, 0x0095f6, 0x0095f7, 0x0095f8, 0x0095f9, 0x0095fa, 0x0095fb, 0x0095fc, 0x0095fd,
    0x009641, 0x009642, 0x009643, 0x009644, 0x009645, 0x009646, 0x009647, 0x009648, 0x009649,
    0x00964a, 0x00964b, 0x00964c, 0x00964d, 0x00964e, 0x00964f, 0x009650, 0x009651, 0x009653,
    0x009654, 0x009655, 0x009656, 0x009657, 0x009658, 0x009659, 0x00965a, 0x00965b, 0x00965c,
    0x00965d, 0x009661, 0x009662, 0x009663, 0x009664, 0x009665, 0x009666, 0x009667, 0x009668,
    0x009669, 0x00966a, 0x00966b, 0x00966c, 0x00966d, 0x00966e, 0x00966f, 0x009670, 0x009671,
    0x009673, 0x009674, 0x009675, 0x009676, 0x009677, 0x009678, 0x009679, 0x00967a, 0x00967b,
    0x00967c, 0x00967d, 0x009681, 0x009682, 0x009683, 0x009684, 0x009685, 0x009686, 0x009687,
    0x009688, 0x009689, 0x00968a, 0x00968b, 0x00968c, 0x00968d, 0x00968e, 0x00968f, 0x009690,
    0x009691, 0x009693, 0x009694, 0x009695, 0x009696, 0x009697, 0x009698, 0x009699, 0x00969a,
    0x00969b, 0x00969c, 0x00969d, 0x0096a1, 0x0096a2, 0x0096a3, 0x0096a4, 0x0096a5, 0x0096a6,
    0x0096a7, 0x0096a8, 0x0096a9, 0x0096aa, 0x0096ab, 0x0096ac, 0x0096ad, 0x0096ae, 0x0096af,
    0x0096b0, 0x0096b1, 0x0096b3, 0x0096b4, 0x0096b5, 0x0096b6, 0x0096b7, 0x0096b8, 0x0096b9,
    0x0096ba, 0x0096bb, 0x0096bc, 0x0096bd, 0x0096c1, 0x0096c2, 0x0096c3, 0x0096c4, 0x0096c5,
    0x0096c6, 0x0096c7, 0x0096c8, 0x0096c9, 0x0096ca, 0x0096cb, 0x0096cc, 0x0096cd, 0x0096ce,
    0x0096cf, 0x0096d0, 0x0096d1, 0x0096d3, 0x0096d4, 0x0096d5, 0x0096d6, 0x0096d7, 0x0096d8,
    0x0096d9, 0x0096da, 0x0096db, 0x0096dc, 0x0096dd, 0x0096e1, 0x0096e2, 0x0096e3, 0x0096e4,
    0x0096e5, 0x0096e6, 0x0096e7, 0x0096e8, 0x0096e9, 0x0096ea, 0x0096eb, 0x0096ec, 0x0096ed,
    0x0096ee, 0x0096ef, 0x0096f0, 0x0096f1, 0x0096f3, 0x0096f4, 0x0096f5, 0x0096f6, 0x0096f7,
    0x0096f8, 0x0096f9, 0x0096fa, 0x0096fb, 0x0096fc, 0x0096fd, 0x009741, 0x009742, 0x009743,
    0x009744, 0x009745, 0x009746, 0x009747, 0x009748, 0x009749, 0x00974a, 0x00974b, 0x00974c,
    0x00974d, 0x00974e, 0x00974f, 0x009750, 0x009751, 0x009753, 0x009754, 0x009755, 0x009756,
    0x009757, 0x009758, 0x009759, 0x00975a, 0x00975b, 0x00975c, 0x00975d, 0x009761, 0x009762,
    0x009763, 0x009764, 0x009765, 0x009766, 0x009767, 0x009768, 0x009769, 0x00976a, 0x00976b,
    0x00976c, 0x00976d, 0x00976e, 0x00976f, 0x009770, 0x009771, 0x009773, 0x009774, 0x009775,
    0x009776, 0x009777, 0x009778, 0x009779, 0x00977a, 0x00977b, 0x00977c, 0x00977d, 0x009781,
    0x009782, 0x009783, 0x009784, 0x009785, 0x009786, 0x009787, 0x009788, 0x009789, 0x00978a,
    0x00978b, 0x00978c, 0x00978d, 0x00978e, 0x00978f, 0x009790, 0x009791, 0x009793, 0x009794,
    0x009795, 0x009796, 0x009797, 0x009798, 0x009799, 0x00979a, 0x00979b, 0x00979c, 0x00979d,
    0x0097a1, 0x0097a2, 0x0097a3, 0x0097a4, 0x0097a5, 0x0097a6, 0x0097a7, 0x0097a8, 0x0097a9,
    0x0097aa, 0x0097ab, 0x0097ac, 0x0097ad, 0x0097ae, 0x0097af, 0x0097b0, 0x0097b1, 0x0097b3,
    0x0097b4, 0x0097b5, 0x0097b6, 0x0097b7, 0x0097b8, 0x0097b9, 0x0097ba, 0x0097bb, 0x0097bc,
    0x0097bd, 0x009861, 0x009862, 0x009863, 0x009864, 0x009865, 0x009866, 0x009867, 0x009868,
    0x009869, 0x00986a, 0x00986b, 0x00986c, 0x00986d, 0x00986e, 0x00986f, 0x009870, 0x009871,
    0x009873, 0x009874, 0x009875, 0x009876, 0x009877, 0x009878, 0x009879, 0x00987a, 0x00987b,
    0x00987c, 0x00987d, 0x009881, 0x009882, 0x009883, 0x009884, 0x009885, 0x009886, 0x009887,
    0x009888, 0x009889, 0x00988a, 0x00988b, 0x00988c, 0x00988d, 0x00988e, 0x00988f, 0x009890,
    0x009891, 0x009893, 0x009894, 0x009895, 0x009896, 0x009897, 0x009898, 0x009899, 0x00989a,
    0x00989b, 0x00989c, 0x00989d, 0x0098a1, 0x0098a2, 0x0098a3, 0x0098a4, 0x0098a5, 0x0098a6,
    0x0098a7, 0x0098a8, 0x0098a9, 0x0098aa, 0x0098ab, 0x0098ac, 0x0098ad, 0x0098ae, 0x0098af,
    0x0098b0, 0x0098b1, 0x0098b3, 0x0098b4, 0x0098b5, 0x0098b6, 0x0098b7, 0x0098b8, 0x0098b9,
    0x0098ba, 0x0098bb, 0x0098bc, 0x0098bd, 0x0098c1, 0x0098c2, 0x0098c3, 0x0098c4, 0x0098c5,
    0x0098c6, 0x0098c7, 0x0098c8, 0x0098c9, 0x0098ca, 0x0098cb, 0x0098cc, 0x0098cd, 0x0098ce,
    0x0098cf, 0x0098d0, 0x0098d1, 0x0098d3, 0x0098d4, 0x0098d5, 0x0098d6, 0x0098d7, 0x0098d8,
    0x0098d9, 0x0098da, 0x0098db, 0x0098dc, 0x0098dd, 0x0098e1, 0x0098e2, 0x0098e3, 0x0098e4,
    0x0098e5, 0x0098e6, 0x0098e7, 0x0098e8, 0x0098e9, 0x0098ea, 0x0098eb, 0x0098ec, 0x0098ed,
    0x0098ee, 0x0098ef, 0x0098f0, 0x0098f1, 0x0098f3, 0x0098f4, 0x0098f5, 0x0098f6, 0x0098f7,
    0x0098f8, 0x0098f9, 0x0098fa, 0x0098fb, 0x0098fc, 0x0098fd, 0x009941, 0x009942, 0x009943,
    0x009944, 0x009945, 0x009946, 0x009947, 0x009948, 0x009949, 0x00994a, 0x00994b, 0x00994c,
    0x00994d, 0x00994e, 0x00994f, 0x009950, 0x009951, 0x009953, 0x009954, 0x009955, 0x009956,
    0x009957, 0x009958, 0x009959, 0x00995a, 0x00995b, 0x00995c, 0x00995d, 0x009961, 0x009962,
    0x009963, 0x009964, 0x009965, 0x009966, 0x009967, 0x009968, 0x009969, 0x00996a, 0x00996b,
    0x00996c, 0x00996d, 0x00996e, 0x00996f, 0x009970, 0x009971, 0x009973, 0x009974, 0x009975,
    0x009976, 0x009977, 0x009978, 0x009979, 0x00997a, 0x00997b, 0x00997c, 0x00997d, 0x009981,
    0x009982, 0x009983, 0x009984, 0x009985, 0x009986, 0x009987, 0x009988, 0x009989, 0x00998a,
    0x00998b, 0x00998c, 0x00998d, 0x00998e, 0x00998f, 0x009990, 0x009991, 0x009993, 0x009994,
    0x009995, 0x009996, 0x009997, 0x009998, 0x009999, 0x00999a, 0x00999b, 0x00999c, 0x00999d,
    0x0099a1, 0x0099a2, 0x0099a3, 0x0099a4, 0x0099a5, 0x0099a6, 0x0099a7, 0x0099a8, 0x0099a9,
    0x0099aa, 0x0099ab, 0x0099ac, 0x0099ad, 0x0099ae, 0x0099af, 0x0099b0, 0x0099b1, 0x0099b3,
    0x0099b4, 0x0099b5, 0x0099b6, 0x0099b7, 0x0099b8, 0x0099b9, 0x0099ba, 0x0099bb, 0x0099bc,
    0x0099bd, 0x0099c1, 0x0099c2, 0x0099c3, 0x0099c4, 0x0099c5, 0x0099c6, 0x0099c7, 0x0099c8,
    0x0099c9, 0x0099ca, 0x0099cb, 0x0099cc, 0x0099cd, 0x0099ce, 0x0099cf, 0x0099d0, 0x0099d1,
    0x0099d3, 0x0099d4, 0x0099d5, 0x0099d6, 0x0099d7, 0x0099d8, 0x0099d9, 0x0099da, 0x0099db,
    0x0099dc, 0x0099dd, 0x0099e1, 0x0099e2, 0x0099e3, 0x0099e4, 0x0099e5, 0x0099e6, 0x0099e7,
    0x0099e8, 0x0099e9, 0x0099ea, 0x0099eb, 0x0099ec, 0x0099ed, 0x0099ee, 0x0099ef, 0x0099f0,
    0x0099f1, 0x0099f3, 0x0099f4, 0x0099f5, 0x0099f6, 0x0099f7, 0x0099f8, 0x0099f9, 0x0099fa,
    0x0099fb, 0x0099fc, 0x0099fd, 0x009a41, 0x009a42, 0x009a43, 0x009a44, 0x009a45, 0x009a46,
    0x009a47, 0x009a48, 0x009a49, 0x009a4a, 0x009a4b, 0x009a4c, 0x009a4d, 0x009a4e, 0x009a4f,
    0x009a50, 0x009a51, 0x009a53, 0x009a54, 0x009a55, 0x009a56, 0x009a57, 0x009a58, 0x009a59,
    0x009a5a, 0x009a5b, 0x009a5c, 0x009a5d, 0x009a61, 0x009a62, 0x009a63, 0x009a64, 0x009a65,
    0x009a66, 0x009a67, 0x009a68, 0x009a69, 0x009a6a, 0x009a6b, 0x009a6c, 0x009a6d, 0x009a6e,
    0x009a6f, 0x009a70, 0x009a71, 0x009a73, 0x009a74, 0x009a75, 0x009a76, 0x009a77, 0x009a78,
    0x009a79, 0x009a7a, 0x009a7b, 0x009a7c, 0x009a7d, 0x009a81, 0x009a82, 0x009a83, 0x009a84,
    0x009a85, 0x009a86, 0x009a87, 0x009a88, 0x009a89, 0x009a8a, 0x009a8b, 0x009a8c, 0x009a8d,
    0x009a8e, 0x009a8f, 0x009a90, 0x009a91, 0x009a93, 0x009a94, 0x009a95, 0x009a96, 0x009a97,
    0x009a98, 0x009a99, 0x009a9a, 0x009a9b, 0x009a9c, 0x009a9d, 0x009aa1, 0x009aa2, 0x009aa3,
    0x009aa4, 0x009aa5, 0x009aa6, 0x009aa7, 0x009aa8, 0x009aa9, 0x009aaa, 0x009aab, 0x009aac,
    0x009aad, 0x009aae, 0x009aaf, 0x009ab0, 0x009ab1, 0x009ab3, 0x009ab4, 0x009ab5, 0x009ab6,
    0x009ab7, 0x009ab8, 0x009ab9, 0x009aba, 0x009abb, 0x009abc, 0x009abd, 0x009ac1, 0x009ac2,
    0x009ac3, 0x009ac4, 0x009ac5, 0x009ac6, 0x009ac7, 0x009ac8, 0x009ac9, 0x009aca, 0x009acb,
    0x009acc, 0x009acd, 0x009ace, 0x009acf, 0x009ad0, 0x009ad1, 0x009ad3, 0x009ad4, 0x009ad5,
    0x009ad6, 0x009ad7, 0x009ad8, 0x009ad9, 0x009ada, 0x009adb, 0x009adc, 0x009add, 0x009ae1,
    0x009ae2, 0x009ae3, 0x009ae4, 0x009ae5, 0x009ae6, 0x009ae7, 0x009ae8, 0x009ae9, 0x009aea,
    0x009aeb, 0x009aec, 0x009aed, 0x009aee, 0x009aef, 0x009af0, 0x009af1, 0x009af3, 0x009af4,
    0x009af5, 0x009af6, 0x009af7, 0x009af8, 0x009af9, 0x009afa, 0x009afb, 0x009afc, 0x009afd,
    0x009b41, 0x009b42, 0x009b43, 0x009b44, 0x009b45, 0x009b46, 0x009b47, 0x009b48, 0x009b49,
    0x009b4a, 0x009b4b, 0x009b4c, 0x009b4d, 0x009b4e, 0x009b4f, 0x009b50, 0x009b51, 0x009b53,
    0x009b54, 0x009b55, 0x009b56, 0x009b57, 0x009b58, 0x009b59, 0x009b5a, 0x009b5b, 0x009b5c,
    0x009b5d, 0x009b61, 0x009b62, 0x009b63, 0x009b64, 0x009b65, 0x009b66, 0x009b67, 0x009b68,
    0x009b69, 0x009b6a, 0x009b6b, 0x009b6c, 0x009b6d, 0x009b6e, 0x009b6f, 0x009b70, 0x009b71,
    0x009b73, 0x009b74, 0x009b75, 0x009b76, 0x009b77, 0x009b78, 0x009b79, 0x009b7a, 0x009b7b,
    0x009b7c, 0x009b7d, 0x009b81, 0x009b82, 0x009b83, 0x009b84, 0x009b85, 0x009b86, 0x009b87,
    0x009b88, 0x009b89, 0x009b8a, 0x009b8b, 0x009b8c, 0x009b8d, 0x009b8e, 0x009b8f, 0x009b90,
    0x009b91, 0x009b93, 0x009b94, 0x009b95, 0x009b96, 0x009b97, 0x009b98, 0x009b99, 0x009b9a,
    0x009b9b, 0x009b9c, 0x009b9d, 0x009ba1, 0x009ba2, 0x009ba3, 0x009ba4, 0x009ba5, 0x009ba6,
    0x009ba7, 0x009ba8, 0x009ba9, 0x009baa, 0x009bab, 0x009bac, 0x009bad, 0x009bae, 0x009baf,
    0x009bb0, 0x009bb1, 0x009bb3, 0x009bb4, 0x009bb5, 0x009bb6, 0x009bb7, 0x009bb8, 0x009bb9,
    0x009bba, 0x009bbb, 0x009bbc, 0x009bbd, 0x009c61, 0x009c62, 0x009c63, 0x009c64, 0x009c65,
    0x009c66, 0x009c67, 0x009c68, 0x009c69, 0x009c6a, 0x009c6b, 0x009c6c, 0x009c6d, 0x009c6e,
    0x009c6f, 0x009c70, 0x009c71, 0x009c73, 0x009c74, 0x009c75, 0x009c76, 0x009c77, 0x009c78,
    0x009c79, 0x009c7a, 0x009c7b, 0x009c7c, 0x009c7d, 0x009c81, 0x009c82, 0x009c83, 0x009c84,
    0x009c85, 0x009c86, 0x009c87, 0x009c88, 0x009c89, 0x009c8a, 0x009c8b, 0x009c8c, 0x009c8d,
    0x009c8e, 0x009c8f, 0x009c90, 0x009c91, 0x009c93, 0x009c94, 0x009c95, 0x009c96, 0x009c97,
    0x009c98, 0x009c99, 0x009c9a, 0x009c9b, 0x009c9c, 0x009c9d, 0x009ca1, 0x009ca2, 0x009ca3,
    0x009ca4, 0x009ca5, 0x009ca6, 0x009ca7, 0x009ca8, 0x009ca9, 0x009caa, 0x009cab, 0x009cac,
    0x009cad, 0x009cae, 0x009caf, 0x009cb0, 0x009cb1, 0x009cb3, 0x009cb4, 0x009cb5, 0x009cb6,
    0x009cb7, 0x009cb8, 0x009cb9, 0x009cba, 0x009cbb, 0x009cbc, 0x009cbd, 0x009cc1, 0x009cc2,
    0x009cc3, 0x009cc4, 0x009cc5, 0x009cc6, 0x009cc7, 0x009cc8, 0x009cc9, 0x009cca, 0x009ccb,
    0x009ccc, 0x009ccd, 0x009cce, 0x009ccf, 0x009cd0, 0x009cd1, 0x009cd3, 0x009cd4, 0x009cd5,
    0x009cd6, 0x009cd7, 0x009cd8, 0x009cd9, 0x009cda, 0x009cdb, 0x009cdc, 0x009cdd, 0x009ce1,
    0x009ce2, 0x009ce3, 0x009ce4, 0x009ce5, 0x009ce6, 0x009ce7, 0x009ce8, 0x009ce9, 0x009cea,
    0x009ceb, 0x009cec, 0x009ced, 0x009cee, 0x009cef, 0x009cf0, 0x009cf1, 0x009cf3, 0x009cf4,
    0x009cf5, 0x009cf6, 0x009cf7, 0x009cf8, 0x009cf9, 0x009cfa, 0x009cfb, 0x009cfc, 0x009cfd,
    0x009d41, 0x009d42, 0x009d43, 0x009d44, 0x009d45, 0x009d46, 0x009d47, 0x009d48, 0x009d49,
    0x009d4a, 0x009d4b, 0x009d4c, 0x009d4d, 0x009d4e, 0x009d4f, 0x009d50, 0x009d51, 0x009d53,
    0x009d54, 0x009d55, 0x009d56, 0x009d57, 0x009d58, 0x009d59, 0x009d5a, 0x009d5b, 0x009d5c,
    0x009d5d, 0x009d61, 0x009d62, 0x009d63, 0x009d64, 0x009d65, 0x009d66, 0x009d67, 0x009d68,
    0x009d69, 0x009d6a, 0x009d6b, 0x009d6c, 0x009d6d, 0x009d6e, 0x009d6f, 0x009d70, 0x009d71,
    0x009d73, 0x009d74, 0x009d75, 0x009d76, 0x009d77, 0x009d78, 0x009d79, 0x009d7a, 0x009d7b,
    0x009d7c, 0x009d7d, 0x009d81, 0x009d82, 0x009d83, 0x009d84, 0x009d85, 0x009d86, 0x009d87,
    0x009d88, 0x009d89, 0x009d8a, 0x009d8b, 0x009d8c, 0x009d8d, 0x009d8e, 0x009d8f, 0x009d90,
    0x009d91, 0x009d93, 0x009d94, 0x009d95, 0x009d96, 0x009d97, 0x009d98, 0x009d99, 0x009d9a,
    0x009d9b, 0x009d9c, 0x009d9d, 0x009da1, 0x009da2, 0x009da3, 0x009da4, 0x009da5, 0x009da6,
    0x009da7, 0x009da8, 0x009da9, 0x009daa, 0x009dab, 0x009dac, 0x009dad, 0x009dae, 0x009daf,
    0x009db0, 0x009db1, 0x009db3, 0x009db4, 0x009db5, 0x009db6, 0x009db7, 0x009db8, 0x009db9,
    0x009dba, 0x009dbb, 0x009dbc, 0x009dbd, 0x009dc1, 0x009dc2, 0x009dc3, 0x009dc4, 0x009dc5,
    0x009dc6, 0x009dc7, 0x009dc8, 0x009dc9, 0x009dca, 0x009dcb, 0x009dcc, 0x009dcd, 0x009dce,
    0x009dcf, 0x009dd0, 0x009dd1, 0x009dd3, 0x009dd4, 0x009dd5, 0x009dd6, 0x009dd7, 0x009dd8,
    0x009dd9, 0x009dda, 0x009ddb, 0x009ddc, 0x009ddd, 0x009de1, 0x009de2, 0x009de3, 0x009de4,
    0x009de5, 0x009de6, 0x009de7, 0x009de8, 0x009de9, 0x009dea, 0x009deb, 0x009dec, 0x009ded,
    0x009dee, 0x009def, 0x009df0, 0x009df1, 0x009df3, 0x009df4, 0x009df5, 0x009df6, 0x009df7,
    0x009df8, 0x009df9, 0x009dfa, 0x009dfb, 0x009dfc, 0x009dfd, 0x009e41, 0x009e42, 0x009e43,
    0x009e44, 0x009e45, 0x009e46, 0x009e47, 0x009e48, 0x009e49, 0x009e4a, 0x009e4b, 0x009e4c,
    0x009e4d, 0x009e4e, 0x009e4f, 0x009e50, 0x009e51, 0x009e53, 0x009e54, 0x009e55, 0x009e56,
    0x009e57, 0x009e58, 0x009e59, 0x009e5a, 0x009e5b, 0x009e5c, 0x009e5d, 0x009e61, 0x009e62,
    0x009e63, 0x009e64, 0x009e65, 0x009e66, 0x009e67, 0x009e68, 0x009e69, 0x009e6a, 0x009e6b,
    0x009e6c, 0x009e6d, 0x009e6e, 0x009e6f, 0x009e70, 0x009e71, 0x009e73, 0x009e74, 0x009e75,
    0x009e76, 0x009e77, 0x009e78, 0x009e79, 0x009e7a, 0x009e7b, 0x009e7c, 0x009e7d, 0x009e81,
    0x009e82, 0x009e83, 0x009e84, 0x009e85, 0x009e86, 0x009e87, 0x009e88, 0x009e89, 0x009e8a,
    0x009e8b, 0x009e8c, 0x009e8d, 0x009e8e, 0x009e8f, 0x009e90, 0x009e91, 0x009e93, 0x009e94,
    0x009e95, 0x009e96, 0x009e97, 0x009e98, 0x009e99, 0x009e9a, 0x009e9b, 0x009e9c, 0x009e9d,
    0x009ea1, 0x009ea2, 0x009ea3, 0x009ea4, 0x009ea5, 0x009ea6, 0x009ea7, 0x009ea8, 0x009ea9,
    0x009eaa, 0x009eab, 0x009eac, 0x009ead, 0x009eae, 0x009eaf, 0x009eb0, 0x009eb1, 0x009eb3,
    0x009eb4, 0x009eb5, 0x009eb6, 0x009eb7, 0x009eb8, 0x009eb9, 0x009eba, 0x009ebb, 0x009ebc,
    0x009ebd, 0x009ec1, 0x009ec2, 0x009ec3, 0x009ec4, 0x009ec5, 0x009ec6, 0x009ec7, 0x009ec8,
    0x009ec9, 0x009eca, 0x009ecb, 0x009ecc, 0x009ecd, 0x009ece, 0x009ecf, 0x009ed0, 0x009ed1,
    0x009ed3, 0x009ed4, 0x009ed5, 0x009ed6, 0x009ed7, 0x009ed8, 0x009ed9, 0x009eda, 0x009edb,
    0x009edc, 0x009edd, 0x009ee1, 0x009ee2, 0x009ee3, 0x009ee4, 0x009ee5, 0x009ee6, 0x009ee7,
    0x009ee8, 0x009ee9, 0x009eea, 0x009eeb, 0x009eec, 0x009eed, 0x009eee, 0x009eef, 0x009ef0,
    0x009ef1, 0x009ef3, 0x009ef4, 0x009ef5, 0x009ef6, 0x009ef7, 0x009ef8, 0x009ef9, 0x009efa,
    0x009efb, 0x009efc, 0x009efd, 0x009f41, 0x009f42, 0x009f43, 0x009f44, 0x009f45, 0x009f46,
    0x009f47, 0x009f48, 0x009f49, 0x009f4a, 0x009f4b, 0x009f4c, 0x009f4d, 0x009f4e, 0x009f4f,
    0x009f50, 0x009f51, 0x009f53, 0x009f54, 0x009f55, 0x009f56, 0x009f57, 0x009f58, 0x009f59,
    0x009f5a, 0x009f5b, 0x009f5c, 0x009f5d, 0x009f61, 0x009f62, 0x009f63, 0x009f64, 0x009f65,
    0x009f66, 0x009f67, 0x009f68, 0x009f69, 0x009f6a, 0x009f6b, 0x009f6c, 0x009f6d, 0x009f6e,
    0x009f6f, 0x009f70, 0x009f71, 0x009f73, 0x009f74, 0x009f75, 0x009f76, 0x009f77, 0x009f78,
    0x009f79, 0x009f7a, 0x009f7b, 0x009f7c, 0x009f7d, 0x009f81, 0x009f82, 0x009f83, 0x009f84,
    0x009f85, 0x009f86, 0x009f87, 0x009f88, 0x009f89, 0x009f8a, 0x009f8b, 0x009f8c, 0x009f8d,
    0x009f8e, 0x009f8f, 0x009f90, 0x009f91, 0x009f93, 0x009f94, 0x009f95, 0x009f96, 0x009f97,
    0x009f98, 0x009f99, 0x009f9a, 0x009f9b, 0x009f9c, 0x009f9d, 0x009fa1, 0x009fa2, 0x009fa3,
    0x009fa4, 0x009fa5, 0x009fa6, 0x009fa7, 0x009fa8, 0x009fa9, 0x009faa, 0x009fab, 0x009fac,
    0x009fad, 0x009fae, 0x009faf, 0x009fb0, 0x009fb1, 0x009fb3, 0x009fb4, 0x009fb5, 0x009fb6,
    0x009fb7, 0x009fb8, 0x009fb9, 0x009fba, 0x009fbb, 0x009fbc, 0x009fbd, 0x00a061, 0x00a062,
    0x00a063, 0x00a064, 0x00a065, 0x00a066, 0x00a067, 0x00a068, 0x00a069, 0x00a06a, 0x00a06b,
    0x00a06c, 0x00a06d, 0x00a06e, 0x00a06f, 0x00a070, 0x00a071, 0x00a073, 0x00a074, 0x00a075,
    0x00a076, 0x00a077, 0x00a078, 0x00a079, 0x00a07a, 0x00a07b, 0x00a07c, 0x00a07d, 0x00a081,
    0x00a082, 0x00a083, 0x00a084, 0x00a085, 0x00a086, 0x00a087, 0x00a088, 0x00a089, 0x00a08a,
    0x00a08b, 0x00a08c, 0x00a08d, 0x00a08e, 0x00a08f, 0x00a090, 0x00a091, 0x00a093, 0x00a094,
    0x00a095, 0x00a096, 0x00a097, 0x00a098, 0x00a099, 0x00a09a, 0x00a09b, 0x00a09c, 0x00a09d,
    0x00a0a1, 0x00a0a2, 0x00a0a3, 0x00a0a4, 0x00a0a5, 0x00a0a6, 0x00a0a7, 0x00a0a8, 0x00a0a9,
    0x00a0aa, 0x00a0ab, 0x00a0ac, 0x00a0ad, 0x00a0ae, 0x00a0af, 0x00a0b0, 0x00a0b1, 0x00a0b3,
    0x00a0b4, 0x00a0b5, 0x00a0b6, 0x00a0b7, 0x00a0b8, 0x00a0b9, 0x00a0ba, 0x00a0bb, 0x00a0bc,
    0x00a0bd, 0x00a0c1, 0x00a0c2, 0x00a0c3, 0x00a0c4, 0x00a0c5, 0x00a0c6, 0x00a0c7, 0x00a0c8,
    0x00a0c9, 0x00a0ca, 0x00a0cb, 0x00a0cc, 0x00a0cd, 0x00a0ce, 0x00a0cf, 0x00a0d0, 0x00a0d1,
    0x00a0d3, 0x00a0d4, 0x00a0d5, 0x00a0d6, 0x00a0d7, 0x00a0d8, 0x00a0d9, 0x00a0da, 0x00a0db,
    0x00a0dc, 0x00a0dd, 0x00a0e1, 0x00a0e2, 0x00a0e3, 0x00a0e4, 0x00a0e5, 0x00a0e6, 0x00a0e7,
    0x00a0e8, 0x00a0e9, 0x00a0ea, 0x00a0eb, 0x00a0ec, 0x00a0ed, 0x00a0ee, 0x00a0ef, 0x00a0f0,
    0x00a0f1, 0x00a0f3, 0x00a0f4, 0x00a0f5, 0x00a0f6, 0x00a0f7, 0x00a0f8, 0x00a0f9, 0x00a0fa,
    0x00a0fb, 0x00a0fc, 0x00a0fd, 0x00a141, 0x00a142, 0x00a143, 0x00a144, 0x00a145, 0x00a146,
    0x00a147, 0x00a148, 0x00a149, 0x00a14a, 0x00a14b, 0x00a14c, 0x00a14d, 0x00a14e, 0x00a14f,
    0x00a150, 0x00a151, 0x00a153, 0x00a154, 0x00a155, 0x00a156, 0x00a157, 0x00a158, 0x00a159,
    0x00a15a, 0x00a15b, 0x00a15c, 0x00a15d, 0x00a161, 0x00a162, 0x00a163, 0x00a164, 0x00a165,
    0x00a166, 0x00a167, 0x00a168, 0x00a169, 0x00a16a, 0x00a16b, 0x00a16c, 0x00a16d, 0x00a16e,
    0x00a16f, 0x00a170, 0x00a171, 0x00a173, 0x00a174, 0x00a175, 0x00a176, 0x00a177, 0x00a178,
    0x00a179, 0x00a17a, 0x00a17b, 0x00a17c, 0x00a17d, 0x00a181, 0x00a182, 0x00a183, 0x00a184,
    0x00a185, 0x00a186, 0x00a187, 0x00a188, 0x00a189, 0x00a18a, 0x00a18b, 0x00a18c, 0x00a18d,
    0x00a18e, 0x00a18f, 0x00a190, 0x00a191, 0x00a193, 0x00a194, 0x00a195, 0x00a196, 0x00a197,
    0x00a198, 0x00a199, 0x00a19a, 0x00a19b, 0x00a19c, 0x00a19d, 0x00a1a1, 0x00a1a2, 0x00a1a3,
    0x00a1a4, 0x00a1a5, 0x00a1a6, 0x00a1a7, 0x00a1a8, 0x00a1a9, 0x00a1aa, 0x00a1ab, 0x00a1ac,
    0x00a1ad, 0x00a1ae, 0x00a1af, 0x00a1b0, 0x00a1b1, 0x00a1b3, 0x00a1b4, 0x00a1b5, 0x00a1b6,
    0x00a1b7, 0x00a1b8, 0x00a1b9, 0x00a1ba, 0x00a1bb, 0x00a1bc, 0x00a1bd, 0x00a1c1, 0x00a1c2,
    0x00a1c3, 0x00a1c4, 0x00a1c5, 0x00a1c6, 0x00a1c7, 0x00a1c8, 0x00a1c9, 0x00a1ca, 0x00a1cb,
    0x00a1cc, 0x00a1cd, 0x00a1ce, 0x00a1cf, 0x00a1d0, 0x00a1d1, 0x00a1d3, 0x00a1d4, 0x00a1d5,
    0x00a1d6, 0x00a1d7, 0x00a1d8, 0x00a1d9, 0x00a1da, 0x00a1db, 0x00a1dc, 0x00a1dd, 0x00a1e1,
    0x00a1e2, 0x00a1e3, 0x00a1e4, 0x00a1e5, 0x00a1e6, 0x00a1e7, 0x00a1e8, 0x00a1e9, 0x00a1ea,
    0x00a1eb, 0x00a1ec, 0x00a1ed, 0x00a1ee, 0x00a1ef, 0x00a1f0, 0x00a1f1, 0x00a1f3, 0x00a1f4,
    0x00a1f5, 0x00a1f6, 0x00a1f7, 0x00a1f8, 0x00a1f9, 0x00a1fa, 0x00a1fb, 0x00a1fc, 0x00a1fd,
    0x00a241, 0x00a242, 0x00a243, 0x00a244, 0x00a245, 0x00a246, 0x00a247, 0x00a248, 0x00a249,
    0x00a24a, 0x00a24b, 0x00a24c, 0x00a24d, 0x00a24e, 0x00a24f, 0x00a250, 0x00a251, 0x00a253,
    0x00a254, 0x00a255, 0x00a256, 0x00a257, 0x00a258, 0x00a259, 0x00a25a, 0x00a25b, 0x00a25c,
    0x00a25d, 0x00a261, 0x00a262, 0x00a263, 0x00a264, 0x00a265, 0x00a266, 0x00a267, 0x00a268,
    0x00a269, 0x00a26a, 0x00a26b, 0x00a26c, 0x00a26d, 0x00a26e, 0x00a26f, 0x00a270, 0x00a271,
    0x00a273, 0x00a274, 0x00a275, 0x00a276, 0x00a277, 0x00a278, 0x00a279, 0x00a27a, 0x00a27b,
    0x00a27c, 0x00a27d, 0x00a281, 0x00a282, 0x00a283, 0x00a284, 0x00a285, 0x00a286, 0x00a287,
    0x00a288, 0x00a289, 0x00a28a, 0x00a28b, 0x00a28c, 0x00a28d, 0x00a28e, 0x00a28f, 0x00a290,
    0x00a291, 0x00a293, 0x00a294, 0x00a295, 0x00a296, 0x00a297, 0x00a298, 0x00a299, 0x00a29a,
    0x00a29b, 0x00a29c, 0x00a29d, 0x00a2a1, 0x00a2a2, 0x00a2a3, 0x00a2a4, 0x00a2a5, 0x00a2a6,
    0x00a2a7, 0x00a2a8, 0x00a2a9, 0x00a2aa, 0x00a2ab, 0x00a2ac, 0x00a2ad, 0x00a2ae, 0x00a2af,
    0x00a2b0, 0x00a2b1, 0x00a2b3, 0x00a2b4, 0x00a2b5, 0x00a2b6, 0x00a2b7, 0x00a2b8, 0x00a2b9,
    0x00a2ba, 0x00a2bb, 0x00a2bc, 0x00a2bd, 0x00a2c1, 0x00a2c2, 0x00a2c3, 0x00a2c4, 0x00a2c5,
    0x00a2c6, 0x00a2c7, 0x00a2c8, 0x00a2c9, 0x00a2ca, 0x00a2cb, 0x00a2cc, 0x00a2cd, 0x00a2ce,
    0x00a2cf, 0x00a2d0, 0x00a2d1, 0x00a2d3, 0x00a2d4, 0x00a2d5, 0x00a2d6, 0x00a2d7, 0x00a2d8,
    0x00a2d9, 0x00a2da, 0x00a2db, 0x00a2dc, 0x00a2dd, 0x00a2e1, 0x00a2e2, 0x00a2e3, 0x00a2e4,
    0x00a2e5, 0x00a2e6, 0x00a2e7, 0x00a2e8, 0x00a2e9, 0x00a2ea, 0x00a2eb, 0x00a2ec, 0x00a2ed,
    0x00a2ee, 0x00a2ef, 0x00a2f0, 0x00a2f1, 0x00a2f3, 0x00a2f4, 0x00a2f5, 0x00a2f6, 0x00a2f7,
    0x00a2f8, 0x00a2f9, 0x00a2fa, 0x00a2fb, 0x00a2fc, 0x00a2fd, 0x00a341, 0x00a342, 0x00a343,
    0x00a344, 0x00a345, 0x00a346, 0x00a347, 0x00a348, 0x00a349, 0x00a34a, 0x00a34b, 0x00a34c,
    0x00a34d, 0x00a34e, 0x00a34f, 0x00a350, 0x00a351, 0x00a353, 0x00a354, 0x00a355, 0x00a356,
    0x00a357, 0x00a358, 0x00a359, 0x00a35a, 0x00a35b, 0x00a35c, 0x00a35d, 0x00a361, 0x00a362,
    0x00a363, 0x00a364, 0x00a365, 0x00a366, 0x00a367, 0x00a368, 0x00a369, 0x00a36a, 0x00a36b,
    0x00a36c, 0x00a36d, 0x00a36e, 0x00a36f, 0x00a370, 0x00a371, 0x00a373, 0x00a374, 0x00a375,
    0x00a376, 0x00a377, 0x00a378, 0x00a379, 0x00a37a, 0x00a37b, 0x00a37c, 0x00a37d, 0x00a381,
    0x00a382, 0x00a383, 0x00a384, 0x00a385, 0x00a386, 0x00a387, 0x00a388, 0x00a389, 0x00a38a,
    0x00a38b, 0x00a38c, 0x00a38d, 0x00a38e, 0x00a38f, 0x00a390, 0x00a391, 0x00a393, 0x00a394,
    0x00a395, 0x00a396, 0x00a397, 0x00a398, 0x00a399, 0x00a39a, 0x00a39b, 0x00a39c, 0x00a39d,
    0x00a3a1, 0x00a3a2, 0x00a3a3, 0x00a3a4, 0x00a3a5, 0x00a3a6, 0x00a3a7, 0x00a3a8, 0x00a3a9,
    0x00a3aa, 0x00a3ab, 0x00a3ac, 0x00a3ad, 0x00a3ae, 0x00a3af, 0x00a3b0, 0x00a3b1, 0x00a3b3,
    0x00a3b4, 0x00a3b5, 0x00a3b6, 0x00a3b7, 0x00a3b8, 0x00a3b9, 0x00a3ba, 0x00a3bb, 0x00a3bc,
    0x00a3bd, 0x00a461, 0x00a462, 0x00a463, 0x00a464, 0x00a465, 0x00a466, 0x00a467, 0x00a468,
    0x00a469, 0x00a46a, 0x00a46b, 0x00a46c, 0x00a46d, 0x00a46e, 0x00a46f, 0x00a470, 0x00a471,
    0x00a473, 0x00a474, 0x00a475, 0x00a476, 0x00a477, 0x00a478, 0x00a479, 0x00a47a, 0x00a47b,
    0x00a47c, 0x00a47d, 0x00a481, 0x00a482, 0x00a483, 0x00a484, 0x00a485, 0x00a486, 0x00a487,
    0x00a488, 0x00a489, 0x00a48a, 0x00a48b, 0x00a48c, 0x00a48d, 0x00a48e, 0x00a48f, 0x00a490,
    0x00a491, 0x00a493, 0x00a494, 0x00a495, 0x00a496, 0x00a497, 0x00a498, 0x00a499, 0x00a49a,
    0x00a49b, 0x00a49c, 0x00a49d, 0x00a4a1, 0x00a4a2, 0x00a4a3, 0x00a4a4, 0x00a4a5, 0x00a4a6,
    0x00a4a7, 0x00a4a8, 0x00a4a9, 0x00a4aa, 0x00a4ab, 0x00a4ac, 0x00a4ad, 0x00a4ae, 0x00a4af,
    0x00a4b0, 0x00a4b1, 0x00a4b3, 0x00a4b4, 0x00a4b5, 0x00a4b6, 0x00a4b7, 0x00a4b8, 0x00a4b9,
    0x00a4ba, 0x00a4bb, 0x00a4bc, 0x00a4bd, 0x00a4c1, 0x00a4c2, 0x00a4c3, 0x00a4c4, 0x00a4c5,
    0x00a4c6, 0x00a4c7, 0x00a4c8, 0x00a4c9, 0x00a4ca, 0x00a4cb, 0x00a4cc, 0x00a4cd, 0x00a4ce,
    0x00a4cf, 0x00a4d0, 0x00a4d1, 0x00a4d3, 0x00a4d4, 0x00a4d5, 0x00a4d6, 0x00a4d7, 0x00a4d8,
    0x00a4d9, 0x00a4da, 0x00a4db, 0x00a4dc, 0x00a4dd, 0x00a4e1, 0x00a4e2, 0x00a4e3, 0x00a4e4,
    0x00a4e5, 0x00a4e6, 0x00a4e7, 0x00a4e8, 0x00a4e9, 0x00a4ea, 0x00a4eb, 0x00a4ec, 0x00a4ed,
    0x00a4ee, 0x00a4ef, 0x00a4f0, 0x00a4f1, 0x00a4f3, 0x00a4f4, 0x00a4f5, 0x00a4f6, 0x00a4f7,
    0x00a4f8, 0x00a4f9, 0x00a4fa, 0x00a4fb, 0x00a4fc, 0x00a4fd, 0x00a541, 0x00a542, 0x00a543,
    0x00a544, 0x00a545, 0x00a546, 0x00a547, 0x00a548, 0x00a549, 0x00a54a, 0x00a54b, 0x00a54c,
    0x00a54d, 0x00a54e, 0x00a54f, 0x00a550, 0x00a551, 0x00a553, 0x00a554, 0x00a555, 0x00a556,
    0x00a557, 0x00a558, 0x00a559, 0x00a55a, 0x00a55b, 0x00a55c, 0x00a55d, 0x00a561, 0x00a562,
    0x00a563, 0x00a564, 0x00a565, 0x00a566, 0x00a567, 0x00a568, 0x00a569, 0x00a56a, 0x00a56b,
    0x00a56c, 0x00a56d, 0x00a56e, 0x00a56f, 0x00a570, 0x00a571, 0x00a573, 0x00a574, 0x00a575,
    0x00a576, 0x00a577, 0x00a578, 0x00a579, 0x00a57a, 0x00a57b, 0x00a57c, 0x00a57d, 0x00a581,
    0x00a582, 0x00a583, 0x00a584, 0x00a585, 0x00a586, 0x00a587, 0x00a588, 0x00a589, 0x00a58a,
    0x00a58b, 0x00a58c, 0x00a58d, 0x00a58e, 0x00a58f, 0x00a590, 0x00a591, 0x00a593, 0x00a594,
    0x00a595, 0x00a596, 0x00a597, 0x00a598, 0x00a599, 0x00a59a, 0x00a59b, 0x00a59c, 0x00a59d,
    0x00a5a1, 0x00a5a2, 0x00a5a3, 0x00a5a4, 0x00a5a5, 0x00a5a6, 0x00a5a7, 0x00a5a8, 0x00a5a9,
    0x00a5aa, 0x00a5ab, 0x00a5ac, 0x00a5ad, 0x00a5ae, 0x00a5af, 0x00a5b0, 0x00a5b1, 0x00a5b3,
    0x00a5b4, 0x00a5b5, 0x00a5b6, 0x00a5b7, 0x00a5b8, 0x00a5b9, 0x00a5ba, 0x00a5bb, 0x00a5bc,
    0x00a5bd, 0x00a5c1, 0x00a5c2, 0x00a5c3, 0x00a5c4, 0x00a5c5, 0x00a5c6, 0x00a5c7, 0x00a5c8,
    0x00a5c9, 0x00a5ca, 0x00a5cb, 0x00a5cc, 0x00a5cd, 0x00a5ce, 0x00a5cf, 0x00a5d0, 0x00a5d1,
    0x00a5d3, 0x00a5d4, 0x00a5d5, 0x00a5d6, 0x00a5d7, 0x00a5d8, 0x00a5d9, 0x00a5da, 0x00a5db,
    0x00a5dc, 0x00a5dd, 0x00a5e1, 0x00a5e2, 0x00a5e3, 0x00a5e4, 0x00a5e5, 0x00a5e6, 0x00a5e7,
    0x00a5e8, 0x00a5e9, 0x00a5ea, 0x00a5eb, 0x00a5ec, 0x00a5ed, 0x00a5ee, 0x00a5ef, 0x00a5f0,
    0x00a5f1, 0x00a5f3, 0x00a5f4, 0x00a5f5, 0x00a5f6, 0x00a5f7, 0x00a5f8, 0x00a5f9, 0x00a5fa,
    0x00a5fb, 0x00a5fc, 0x00a5fd, 0x00a641, 0x00a642, 0x00a643, 0x00a644, 0x00a645, 0x00a646,
    0x00a647, 0x00a648, 0x00a649, 0x00a64a, 0x00a64b, 0x00a64c, 0x00a64d, 0x00a64e, 0x00a64f,
    0x00a650, 0x00a651, 0x00a653, 0x00a654, 0x00a655, 0x00a656, 0x00a657, 0x00a658, 0x00a659,
    0x00a65a, 0x00a65b, 0x00a65c, 0x00a65d, 0x00a661, 0x00a662, 0x00a663, 0x00a664, 0x00a665,
    0x00a666, 0x00a667, 0x00a668, 0x00a669, 0x00a66a, 0x00a66b, 0x00a66c, 0x00a66d, 0x00a66e,
    0x00a66f, 0x00a670, 0x00a671, 0x00a673, 0x00a674, 0x00a675, 0x00a676, 0x00a677, 0x00a678,
    0x00a679, 0x00a67a, 0x00a67b, 0x00a67c, 0x00a67d, 0x00a681, 0x00a682, 0x00a683, 0x00a684,
    0x00a685, 0x00a686, 0x00a687, 0x00a688, 0x00a689, 0x00a68a, 0x00a68b, 0x00a68c, 0x00a68d,
    0x00a68e, 0x00a68f, 0x00a690, 0x00a691, 0x00a693, 0x00a694, 0x00a695, 0x00a696, 0x00a697,
    0x00a698, 0x00a699, 0x00a69a, 0x00a69b, 0x00a69c, 0x00a69d, 0x00a6a1, 0x00a6a2, 0x00a6a3,
    0x00a6a4, 0x00a6a5, 0x00a6a6, 0x00a6a7, 0x00a6a8, 0x00a6a9, 0x00a6aa, 0x00a6ab, 0x00a6ac,
    0x00a6ad, 0x00a6ae, 0x00a6af, 0x00a6b0, 0x00a6b1, 0x00a6b3, 0x00a6b4, 0x00a6b5, 0x00a6b6,
    0x00a6b7, 0x00a6b8, 0x00a6b9, 0x00a6ba, 0x00a6bb, 0x00a6bc, 0x00a6bd, 0x00a6c1, 0x00a6c2,
    0x00a6c3, 0x00a6c4, 0x00a6c5, 0x00a6c6, 0x00a6c7, 0x00a6c8, 0x00a6c9, 0x00a6ca, 0x00a6cb,
    0x00a6cc, 0x00a6cd, 0x00a6ce, 0x00a6cf, 0x00a6d0, 0x00a6d1, 0x00a6d3, 0x00a6d4, 0x00a6d5,
    0x00a6d6, 0x00a6d7, 0x00a6d8, 0x00a6d9, 0x00a6da, 0x00a6db, 0x00a6dc, 0x00a6dd, 0x00a6e1,
    0x00a6e2, 0x00a6e3, 0x00a6e4, 0x00a6e5, 0x00a6e6, 0x00a6e7, 0x00a6e8, 0x00a6e9, 0x00a6ea,
    0x00a6eb, 0x00a6ec, 0x00a6ed, 0x00a6ee, 0x00a6ef, 0x00a6f0, 0x00a6f1, 0x00a6f3, 0x00a6f4,
    0x00a6f5, 0x00a6f6, 0x00a6f7, 0x00a6f8, 0x00a6f9, 0x00a6fa, 0x00a6fb, 0x00a6fc, 0x00a6fd,
    0x00a741, 0x00a742, 0x00a743, 0x00a744, 0x00a745, 0x00a746, 0x00a747, 0x00a748, 0x00a749,
    0x00a74a, 0x00a74b, 0x00a74c, 0x00a74d, 0x00a74e, 0x00a74f, 0x00a750, 0x00a751, 0x00a753,
    0x00a754, 0x00a755, 0x00a756, 0x00a757, 0x00a758, 0x00a759, 0x00a75a, 0x00a75b, 0x00a75c,
    0x00a75d, 0x00a761, 0x00a762, 0x00a763, 0x00a764, 0x00a765, 0x00a766, 0x00a767, 0x00a768,
    0x00a769, 0x00a76a, 0x00a76b, 0x00a76c, 0x00a76d, 0x00a76e, 0x00a76f, 0x00a770, 0x00a771,
    0x00a773, 0x00a774, 0x00a775, 0x00a776, 0x00a777, 0x00a778, 0x00a779, 0x00a77a, 0x00a77b,
    0x00a77c, 0x00a77d, 0x00a781, 0x00a782, 0x00a783, 0x00a784, 0x00a785, 0x00a786, 0x00a787,
    0x00a788, 0x00a789, 0x00a78a, 0x00a78b, 0x00a78c, 0x00a78d, 0x00a78e, 0x00a78f, 0x00a790,
    0x00a791, 0x00a793, 0x00a794, 0x00a795, 0x00a796, 0x00a797, 0x00a798, 0x00a799, 0x00a79a,
    0x00a79b, 0x00a79c, 0x00a79d, 0x00a7a1, 0x00a7a2, 0x00a7a3, 0x00a7a4, 0x00a7a5, 0x00a7a6,
    0x00a7a7, 0x00a7a8, 0x00a7a9, 0x00a7aa, 0x00a7ab, 0x00a7ac, 0x00a7ad, 0x00a7ae, 0x00a7af,
    0x00a7b0, 0x00a7b1, 0x00a7b3, 0x00a7b4, 0x00a7b5, 0x00a7b6, 0x00a7b7, 0x00a7b8, 0x00a7b9,
    0x00a7ba, 0x00a7bb, 0x00a7bc, 0x00a7bd, 0x00a861, 0x00a862, 0x00a863, 0x00a864, 0x00a865,
    0x00a866, 0x00a867, 0x00a868, 0x00a869, 0x00a86a, 0x00a86b, 0x00a86c, 0x00a86d, 0x00a86e,
    0x00a86f, 0x00a870, 0x00a871, 0x00a873, 0x00a874, 0x00a875, 0x00a876, 0x00a877, 0x00a878,
    0x00a879, 0x00a87a, 0x00a87b, 0x00a87c, 0x00a87d, 0x00a881, 0x00a882, 0x00a883, 0x00a884,
    0x00a885, 0x00a886, 0x00a887, 0x00a888, 0x00a889, 0x00a88a, 0x00a88b, 0x00a88c, 0x00a88d,
    0x00a88e, 0x00a88f, 0x00a890, 0x00a891, 0x00a893, 0x00a894, 0x00a895, 0x00a896, 0x00a897,
    0x00a898, 0x00a899, 0x00a89a, 0x00a89b, 0x00a89c, 0x00a89d, 0x00a8a1, 0x00a8a2, 0x00a8a3,
    0x00a8a4, 0x00a8a5, 0x00a8a6, 0x00a8a7, 0x00a8a8, 0x00a8a9, 0x00a8aa, 0x00a8ab, 0x00a8ac,
    0x00a8ad, 0x00a8ae, 0x00a8af, 0x00a8b0, 0x00a8b1, 0x00a8b3, 0x00a8b4, 0x00a8b5, 0x00a8b6,
    0x00a8b7, 0x00a8b8, 0x00a8b9, 0x00a8ba, 0x00a8bb, 0x00a8bc, 0x00a8bd, 0x00a8c1, 0x00a8c2,
    0x00a8c3, 0x00a8c4, 0x00a8c5, 0x00a8c6, 0x00a8c7, 0x00a8c8, 0x00a8c9, 0x00a8ca, 0x00a8cb,
    0x00a8cc, 0x00a8cd, 0x00a8ce, 0x00a8cf, 0x00a8d0, 0x00a8d1, 0x00a8d3, 0x00a8d4, 0x00a8d5,
    0x00a8d6, 0x00a8d7, 0x00a8d8, 0x00a8d9, 0x00a8da, 0x00a8db, 0x00a8dc, 0x00a8dd, 0x00a8e1,
    0x00a8e2, 0x00a8e3, 0x00a8e4, 0x00a8e5, 0x00a8e6, 0x00a8e7, 0x00a8e8, 0x00a8e9, 0x00a8ea,
    0x00a8eb, 0x00a8ec, 0x00a8ed, 0x00a8ee, 0x00a8ef, 0x00a8f0, 0x00a8f1, 0x00a8f3, 0x00a8f4,
    0x00a8f5, 0x00a8f6, 0x00a8f7, 0x00a8f8, 0x00a8f9, 0x00a8fa, 0x00a8fb, 0x00a8fc, 0x00a8fd,
    0x00a941, 0x00a942, 0x00a943, 0x00a944, 0x00a945, 0x00a946, 0x00a947, 0x00a948, 0x00a949,
    0x00a94a, 0x00a94b, 0x00a94c, 0x00a94d, 0x00a94e, 0x00a94f, 0x00a950, 0x00a951, 0x00a953,
    0x00a954, 0x00a955, 0x00a956, 0x00a957, 0x00a958, 0x00a959, 0x00a95a, 0x00a95b, 0x00a95c,
    0x00a95d, 0x00a961, 0x00a962, 0x00a963, 0x00a964, 0x00a965, 0x00a966, 0x00a967, 0x00a968,
    0x00a969, 0x00a96a, 0x00a96b, 0x00a96c, 0x00a96d, 0x00a96e, 0x00a96f, 0x00a970, 0x00a971,
    0x00a973, 0x00a974, 0x00a975, 0x00a976, 0x00a977, 0x00a978, 0x00a979, 0x00a97a, 0x00a97b,
    0x00a97c, 0x00a97d, 0x00a981, 0x00a982, 0x00a983, 0x00a984, 0x00a985, 0x00a986, 0x00a987,
    0x00a988, 0x00a989, 0x00a98a, 0x00a98b, 0x00a98c, 0x00a98d, 0x00a98e, 0x00a98f, 0x00a990,
    0x00a991, 0x00a993, 0x00a994, 0x00a995, 0x00a996, 0x00a997, 0x00a998, 0x00a999, 0x00a99a,
    0x00a99b, 0x00a99c, 0x00a99d, 0x00a9a1, 0x00a9a2, 0x00a9a3, 0x00a9a4, 0x00a9a5, 0x00a9a6,
    0x00a9a7, 0x00a9a8, 0x00a9a9, 0x00a9aa, 0x00a9ab, 0x00a9ac, 0x00a9ad, 0x00a9ae, 0x00a9af,
    0x00a9b0, 0x00a9b1, 0x00a9b3, 0x00a9b4, 0x00a9b5, 0x00a9b6, 0x00a9b7, 0x00a9b8, 0x00a9b9,
    0x00a9ba, 0x00a9bb, 0x00a9bc, 0x00a9bd, 0x00a9c1, 0x00a9c2, 0x00a9c3, 0x00a9c4, 0x00a9c5,
    0x00a9c6, 0x00a9c7, 0x00a9c8, 0x00a9c9, 0x00a9ca, 0x00a9cb, 0x00a9cc, 0x00a9cd, 0x00a9ce,
    0x00a9cf, 0x00a9d0, 0x00a9d1, 0x00a9d3, 0x00a9d4, 0x00a9d5, 0x00a9d6, 0x00a9d7, 0x00a9d8,
    0x00a9d9, 0x00a9da, 0x00a9db, 0x00a9dc, 0x00a9dd, 0x00a9e1, 0x00a9e2, 0x00a9e3, 0x00a9e4,
    0x00a9e5, 0x00a9e6, 0x00a9e7, 0x00a9e8, 0x00a9e9, 0x00a9ea, 0x00a9eb, 0x00a9ec, 0x00a9ed,
    0x00a9ee, 0x00a9ef, 0x00a9f0, 0x00a9f1, 0x00a9f3, 0x00a9f4, 0x00a9f5, 0x00a9f6, 0x00a9f7,
    0x00a9f8, 0x00a9f9, 0x00a9fa, 0x00a9fb, 0x00a9fc, 0x00a9fd, 0x00aa41, 0x00aa42, 0x00aa43,
    0x00aa44, 0x00aa45, 0x00aa46, 0x00aa47, 0x00aa48, 0x00aa49, 0x00aa4a, 0x00aa4b, 0x00aa4c,
    0x00aa4d, 0x00aa4e, 0x00aa4f, 0x00aa50, 0x00aa51, 0x00aa53, 0x00aa54, 0x00aa55, 0x00aa56,
    0x00aa57, 0x00aa58, 0x00aa59, 0x00aa5a, 0x00aa5b, 0x00aa5c, 0x00aa5d, 0x00aa61, 0x00aa62,
    0x00aa63, 0x00aa64, 0x00aa65, 0x00aa66, 0x00aa67, 0x00aa68, 0x00aa69, 0x00aa6a, 0x00aa6b,
    0x00aa6c, 0x00aa6d, 0x00aa6e, 0x00aa6f, 0x00aa70, 0x00aa71, 0x00aa73, 0x00aa74, 0x00aa75,
    0x00aa76, 0x00aa77, 0x00aa78, 0x00aa79, 0x00aa7a, 0x00aa7b, 0x00aa7c, 0x00aa7d, 0x00aa81,
    0x00aa82, 0x00aa83, 0x00aa84, 0x00aa85, 0x00aa86, 0x00aa87, 0x00aa88, 0x00aa89, 0x00aa8a,
    0x00aa8b, 0x00aa8c, 0x00aa8d, 0x00aa8e, 0x00aa8f, 0x00aa90, 0x00aa91, 0x00aa93, 0x00aa94,
    0x00aa95, 0x00aa96, 0x00aa97, 0x00aa98, 0x00aa99, 0x00aa9a, 0x00aa9b, 0x00aa9c, 0x00aa9d,
    0x00aaa1, 0x00aaa2, 0x00aaa3, 0x00aaa4, 0x00aaa5, 0x00aaa6, 0x00aaa7, 0x00aaa8, 0x00aaa9,
    0x00aaaa, 0x00aaab, 0x00aaac, 0x00aaad, 0x00aaae, 0x00aaaf, 0x00aab0, 0x00aab1, 0x00aab3,
    0x00aab4, 0x00aab5, 0x00aab6, 0x00aab7, 0x00aab8, 0x00aab9, 0x00aaba, 0x00aabb, 0x00aabc,
    0x00aabd, 0x00aac1, 0x00aac2, 0x00aac3, 0x00aac4, 0x00aac5, 0x00aac6, 0x00aac7, 0x00aac8,
    0x00aac9, 0x00aaca, 0x00aacb, 0x00aacc, 0x00aacd, 0x00aace, 0x00aacf, 0x00aad0, 0x00aad1,
    0x00aad3, 0x00aad4, 0x00aad5, 0x00aad6, 0x00aad7, 0x00aad8, 0x00aad9, 0x00aada, 0x00aadb,
    0x00aadc, 0x00aadd, 0x00aae1, 0x00aae2, 0x00aae3, 0x00aae4, 0x00aae5, 0x00aae6, 0x00aae7,
    0x00aae8, 0x00aae9, 0x00aaea, 0x00aaeb, 0x00aaec, 0x00aaed, 0x00aaee, 0x00aaef, 0x00aaf0,
    0x00aaf1, 0x00aaf3, 0x00aaf4, 0x00aaf5, 0x00aaf6, 0x00aaf7, 0x00aaf8, 0x00aaf9, 0x00aafa,
    0x00aafb, 0x00aafc, 0x00aafd, 0x00ab41, 0x00ab42, 0x00ab43, 0x00ab44, 0x00ab45, 0x00ab46,
    0x00ab47, 0x00ab48, 0x00ab49, 0x00ab4a, 0x00ab4b, 0x00ab4c, 0x00ab4d, 0x00ab4e, 0x00ab4f,
    0x00ab50, 0x00ab51, 0x00ab53, 0x00ab54, 0x00ab55, 0x00ab56, 0x00ab57, 0x00ab58, 0x00ab59,
    0x00ab5a, 0x00ab5b, 0x00ab5c, 0x00ab5d, 0x00ab61, 0x00ab62, 0x00ab63, 0x00ab64, 0x00ab65,
    0x00ab66, 0x00ab67, 0x00ab68, 0x00ab69, 0x00ab6a, 0x00ab6b, 0x00ab6c, 0x00ab6d, 0x00ab6e,
    0x00ab6f, 0x00ab70, 0x00ab71, 0x00ab73, 0x00ab74, 0x00ab75, 0x00ab76, 0x00ab77, 0x00ab78,
    0x00ab79, 0x00ab7a, 0x00ab7b, 0x00ab7c, 0x00ab7d, 0x00ab81, 0x00ab82, 0x00ab83, 0x00ab84,
    0x00ab85, 0x00ab86, 0x00ab87, 0x00ab88, 0x00ab89, 0x00ab8a, 0x00ab8b, 0x00ab8c, 0x00ab8d,
    0x00ab8e, 0x00ab8f, 0x00ab90, 0x00ab91, 0x00ab93, 0x00ab94, 0x00ab95, 0x00ab96, 0x00ab97,
    0x00ab98, 0x00ab99, 0x00ab9a, 0x00ab9b, 0x00ab9c, 0x00ab9d, 0x00aba1, 0x00aba2, 0x00aba3,
    0x00aba4, 0x00aba5, 0x00aba6, 0x00aba7, 0x00aba8, 0x00aba9, 0x00abaa, 0x00abab, 0x00abac,
    0x00abad, 0x00abae, 0x00abaf, 0x00abb0, 0x00abb1, 0x00abb3, 0x00abb4, 0x00abb5, 0x00abb6,
    0x00abb7, 0x00abb8, 0x00abb9, 0x00abba, 0x00abbb, 0x00abbc, 0x00abbd, 0x00ac61, 0x00ac62,
    0x00ac63, 0x00ac64, 0x00ac65, 0x00ac66, 0x00ac67, 0x00ac68, 0x00ac69, 0x00ac6a, 0x00ac6b,
    0x00ac6c, 0x00ac6d, 0x00ac6e, 0x00ac6f, 0x00ac70, 0x00ac71, 0x00ac73, 0x00ac74, 0x00ac75,
    0x00ac76, 0x00ac77, 0x00ac78, 0x00ac79, 0x00ac7a, 0x00ac7b, 0x00ac7c, 0x00ac7d, 0x00ac81,
    0x00ac82, 0x00ac83, 0x00ac84, 0x00ac85, 0x00ac86, 0x00ac87, 0x00ac88, 0x00ac89, 0x00ac8a,
    0x00ac8b, 0x00ac8c, 0x00ac8d, 0x00ac8e, 0x00ac8f, 0x00ac90, 0x00ac91, 0x00ac93, 0x00ac94,
    0x00ac95, 0x00ac96, 0x00ac97, 0x00ac98, 0x00ac99, 0x00ac9a, 0x00ac9b, 0x00ac9c, 0x00ac9d,
    0x00aca1, 0x00aca2, 0x00aca3, 0x00aca4, 0x00aca5, 0x00aca6, 0x00aca7, 0x00aca8, 0x00aca9,
    0x00acaa, 0x00acab, 0x00acac, 0x00acad, 0x00acae, 0x00acaf, 0x00acb0, 0x00acb1, 0x00acb3,
    0x00acb4, 0x00acb5, 0x00acb6, 0x00acb7, 0x00acb8, 0x00acb9, 0x00acba, 0x00acbb, 0x00acbc,
    0x00acbd, 0x00acc1, 0x00acc2, 0x00acc3, 0x00acc4, 0x00acc5, 0x00acc6, 0x00acc7, 0x00acc8,
    0x00acc9, 0x00acca, 0x00accb, 0x00accc, 0x00accd, 0x00acce, 0x00accf, 0x00acd0, 0x00acd1,
    0x00acd3, 0x00acd4, 0x00acd5, 0x00acd6, 0x00acd7, 0x00acd8, 0x00acd9, 0x00acda, 0x00acdb,
    0x00acdc, 0x00acdd, 0x00ace1, 0x00ace2, 0x00ace3, 0x00ace4, 0x00ace5, 0x00ace6, 0x00ace7,
    0x00ace8, 0x00ace9, 0x00acea, 0x00aceb, 0x00acec, 0x00aced, 0x00acee, 0x00acef, 0x00acf0,
    0x00acf1, 0x00acf3, 0x00acf4, 0x00acf5, 0x00acf6, 0x00acf7, 0x00acf8, 0x00acf9, 0x00acfa,
    0x00acfb, 0x00acfc, 0x00acfd, 0x00ad41, 0x00ad42, 0x00ad43, 0x00ad44, 0x00ad45, 0x00ad46,
    0x00ad47, 0x00ad48, 0x00ad49, 0x00ad4a, 0x00ad4b, 0x00ad4c, 0x00ad4d, 0x00ad4e, 0x00ad4f,
    0x00ad50, 0x00ad51, 0x00ad53, 0x00ad54, 0x00ad55, 0x00ad56, 0x00ad57, 0x00ad58, 0x00ad59,
    0x00ad5a, 0x00ad5b, 0x00ad5c, 0x00ad5d, 0x00ad61, 0x00ad62, 0x00ad63, 0x00ad64, 0x00ad65,
    0x00ad66, 0x00ad67, 0x00ad68, 0x00ad69, 0x00ad6a, 0x00ad6b, 0x00ad6c, 0x00ad6d, 0x00ad6e,
    0x00ad6f, 0x00ad70, 0x00ad71, 0x00ad73, 0x00ad74, 0x00ad75, 0x00ad76, 0x00ad77, 0x00ad78,
    0x00ad79, 0x00ad7a, 0x00ad7b, 0x00ad7c, 0x00ad7d, 0x00ad81, 0x00ad82, 0x00ad83, 0x00ad84,
    0x00ad85, 0x00ad86, 0x00ad87, 0x00ad88, 0x00ad89, 0x00ad8a, 0x00ad8b, 0x00ad8c, 0x00ad8d,
    0x00ad8e, 0x00ad8f, 0x00ad90, 0x00ad91, 0x00ad93, 0x00ad94, 0x00ad95, 0x00ad96, 0x00ad97,
    0x00ad98, 0x00ad99, 0x00ad9a, 0x00ad9b, 0x00ad9c, 0x00ad9d, 0x00ada1, 0x00ada2, 0x00ada3,
    0x00ada4, 0x00ada5, 0x00ada6, 0x00ada7, 0x00ada8, 0x00ada9, 0x00adaa, 0x00adab, 0x00adac,
    0x00adad, 0x00adae, 0x00adaf, 0x00adb0, 0x00adb1, 0x00adb3, 0x00adb4, 0x00adb5, 0x00adb6,
    0x00adb7, 0x00adb8, 0x00adb9, 0x00adba, 0x00adbb, 0x00adbc, 0x00adbd, 0x00adc1, 0x00adc2,
    0x00adc3, 0x00adc4, 0x00adc5, 0x00adc6, 0x00adc7, 0x00adc8, 0x00adc9, 0x00adca, 0x00adcb,
    0x00adcc, 0x00adcd, 0x00adce, 0x00adcf, 0x00add0, 0x00add1, 0x00add3, 0x00add4, 0x00add5,
    0x00add6, 0x00add7, 0x00add8, 0x00add9, 0x00adda, 0x00addb, 0x00addc, 0x00addd, 0x00ade1,
    0x00ade2, 0x00ade3, 0x00ade4, 0x00ade5, 0x00ade6, 0x00ade7, 0x00ade8, 0x00ade9, 0x00adea,
    0x00adeb, 0x00adec, 0x00aded, 0x00adee, 0x00adef, 0x00adf0, 0x00adf1, 0x00adf3, 0x00adf4,
    0x00adf5, 0x00adf6, 0x00adf7, 0x00adf8, 0x00adf9, 0x00adfa, 0x00adfb, 0x00adfc, 0x00adfd,
    0x00ae41, 0x00ae42, 0x00ae43, 0x00ae44, 0x00ae45, 0x00ae46, 0x00ae47, 0x00ae48, 0x00ae49,
    0x00ae4a, 0x00ae4b, 0x00ae4c, 0x00ae4d, 0x00ae4e, 0x00ae4f, 0x00ae50, 0x00ae51, 0x00ae53,
    0x00ae54, 0x00ae55, 0x00ae56, 0x00ae57, 0x00ae58, 0x00ae59, 0x00ae5a, 0x00ae5b, 0x00ae5c,
    0x00ae5d, 0x00ae61, 0x00ae62, 0x00ae63, 0x00ae64, 0x00ae65, 0x00ae66, 0x00ae67, 0x00ae68,
    0x00ae69, 0x00ae6a, 0x00ae6b, 0x00ae6c, 0x00ae6d, 0x00ae6e, 0x00ae6f, 0x00ae70, 0x00ae71,
    0x00ae73, 0x00ae74, 0x00ae75, 0x00ae76, 0x00ae77, 0x00ae78, 0x00ae79, 0x00ae7a, 0x00ae7b,
    0x00ae7c, 0x00ae7d, 0x00ae81, 0x00ae82, 0x00ae83, 0x00ae84, 0x00ae85, 0x00ae86, 0x00ae87,
    0x00ae88, 0x00ae89, 0x00ae8a, 0x00ae8b, 0x00ae8c, 0x00ae8d, 0x00ae8e, 0x00ae8f, 0x00ae90,
    0x00ae91, 0x00ae93, 0x00ae94, 0x00ae95, 0x00ae96, 0x00ae97, 0x00ae98, 0x00ae99, 0x00ae9a,
    0x00ae9b, 0x00ae9c, 0x00ae9d, 0x00aea1, 0x00aea2, 0x00aea3, 0x00aea4, 0x00aea5, 0x00aea6,
    0x00aea7, 0x00aea8, 0x00aea9, 0x00aeaa, 0x00aeab, 0x00aeac, 0x00aead, 0x00aeae, 0x00aeaf,
    0x00aeb0, 0x00aeb1, 0x00aeb3, 0x00aeb4, 0x00aeb5, 0x00aeb6, 0x00aeb7, 0x00aeb8, 0x00aeb9,
    0x00aeba, 0x00aebb, 0x00aebc, 0x00aebd, 0x00aec1, 0x00aec2, 0x00aec3, 0x00aec4, 0x00aec5,
    0x00aec6, 0x00aec7, 0x00aec8, 0x00aec9, 0x00aeca, 0x00aecb, 0x00aecc, 0x00aecd, 0x00aece,
    0x00aecf, 0x00aed0, 0x00aed1, 0x00aed3, 0x00aed4, 0x00aed5, 0x00aed6, 0x00aed7, 0x00aed8,
    0x00aed9, 0x00aeda, 0x00aedb, 0x00aedc, 0x00aedd, 0x00aee1, 0x00aee2, 0x00aee3, 0x00aee4,
    0x00aee5, 0x00aee6, 0x00aee7, 0x00aee8, 0x00aee9, 0x00aeea, 0x00aeeb, 0x00aeec, 0x00aeed,
    0x00aeee, 0x00aeef, 0x00aef0, 0x00aef1, 0x00aef3, 0x00aef4, 0x00aef5, 0x00aef6, 0x00aef7,
    0x00aef8, 0x00aef9, 0x00aefa, 0x00aefb, 0x00aefc, 0x00aefd, 0x00af41, 0x00af42, 0x00af43,
    0x00af44, 0x00af45, 0x00af46, 0x00af47, 0x00af48, 0x00af49, 0x00af4a, 0x00af4b, 0x00af4c,
    0x00af4d, 0x00af4e, 0x00af4f, 0x00af50, 0x00af51, 0x00af53, 0x00af54, 0x00af55, 0x00af56,
    0x00af57, 0x00af58, 0x00af59, 0x00af5a, 0x00af5b, 0x00af5c, 0x00af5d, 0x00af61, 0x00af62,
    0x00af63, 0x00af64, 0x00af65, 0x00af66, 0x00af67, 0x00af68, 0x00af69, 0x00af6a, 0x00af6b,
    0x00af6c, 0x00af6d, 0x00af6e, 0x00af6f, 0x00af70, 0x00af71, 0x00af73, 0x00af74, 0x00af75,
    0x00af76, 0x00af77, 0x00af78, 0x00af79, 0x00af7a, 0x00af7b, 0x00af7c, 0x00af7d, 0x00af81,
    0x00af82, 0x00af83, 0x00af84, 0x00af85, 0x00af86, 0x00af87, 0x00af88, 0x00af89, 0x00af8a,
    0x00af8b, 0x00af8c, 0x00af8d, 0x00af8e, 0x00af8f, 0x00af90, 0x00af91, 0x00af93, 0x00af94,
    0x00af95, 0x00af96, 0x00af97, 0x00af98, 0x00af99, 0x00af9a, 0x00af9b, 0x00af9c, 0x00af9d,
    0x00afa1, 0x00afa2, 0x00afa3, 0x00afa4, 0x00afa5, 0x00afa6, 0x00afa7, 0x00afa8, 0x00afa9,
    0x00afaa, 0x00afab, 0x00afac, 0x00afad, 0x00afae, 0x00afaf, 0x00afb0, 0x00afb1, 0x00afb3,
    0x00afb4, 0x00afb5, 0x00afb6, 0x00afb7, 0x00afb8, 0x00afb9, 0x00afba, 0x00afbb, 0x00afbc,
    0x00afbd, 0x00b061, 0x00b062, 0x00b063, 0x00b064, 0x00b065, 0x00b066, 0x00b067, 0x00b068,
    0x00b069, 0x00b06a, 0x00b06b, 0x00b06c, 0x00b06d, 0x00b06e, 0x00b06f, 0x00b070, 0x00b071,
    0x00b073, 0x00b074, 0x00b075, 0x00b076, 0x00b077, 0x00b078, 0x00b079, 0x00b07a, 0x00b07b,
    0x00b07c, 0x00b07d, 0x00b081, 0x00b082, 0x00b083, 0x00b084, 0x00b085, 0x00b086, 0x00b087,
    0x00b088, 0x00b089, 0x00b08a, 0x00b08b, 0x00b08c, 0x00b08d, 0x00b08e, 0x00b08f, 0x00b090,
    0x00b091, 0x00b093, 0x00b094, 0x00b095, 0x00b096, 0x00b097, 0x00b098, 0x00b099, 0x00b09a,
    0x00b09b, 0x00b09c, 0x00b09d, 0x00b0a1, 0x00b0a2, 0x00b0a3, 0x00b0a4, 0x00b0a5, 0x00b0a6,
    0x00b0a7, 0x00b0a8, 0x00b0a9, 0x00b0aa, 0x00b0ab, 0x00b0ac, 0x00b0ad, 0x00b0ae, 0x00b0af,
    0x00b0b0, 0x00b0b1, 0x00b0b3, 0x00b0b4, 0x00b0b5, 0x00b0b6, 0x00b0b7, 0x00b0b8, 0x00b0b9,
    0x00b0ba, 0x00b0bb, 0x00b0bc, 0x00b0bd, 0x00b0c1, 0x00b0c2, 0x00b0c3, 0x00b0c4, 0x00b0c5,
    0x00b0c6, 0x00b0c7, 0x00b0c8, 0x00b0c9, 0x00b0ca, 0x00b0cb, 0x00b0cc, 0x00b0cd, 0x00b0ce,
    0x00b0cf, 0x00b0d0, 0x00b0d1, 0x00b0d3, 0x00b0d4, 0x00b0d5, 0x00b0d6, 0x00b0d7, 0x00b0d8,
    0x00b0d9, 0x00b0da, 0x00b0db, 0x00b0dc, 0x00b0dd, 0x00b0e1, 0x00b0e2, 0x00b0e3, 0x00b0e4,
    0x00b0e5, 0x00b0e6, 0x00b0e7, 0x00b0e8, 0x00b0e9, 0x00b0ea, 0x00b0eb, 0x00b0ec, 0x00b0ed,
    0x00b0ee, 0x00b0ef, 0x00b0f0, 0x00b0f1, 0x00b0f3, 0x00b0f4, 0x00b0f5, 0x00b0f6, 0x00b0f7,
    0x00b0f8, 0x00b0f9, 0x00b0fa, 0x00b0fb, 0x00b0fc, 0x00b0fd, 0x00b141, 0x00b142, 0x00b143,
    0x00b144, 0x00b145, 0x00b146, 0x00b147, 0x00b148, 0x00b149, 0x00b14a, 0x00b14b, 0x00b14c,
    0x00b14d, 0x00b14e, 0x00b14f, 0x00b150, 0x00b151, 0x00b153, 0x00b154, 0x00b155, 0x00b156,
    0x00b157, 0x00b158, 0x00b159, 0x00b15a, 0x00b15b, 0x00b15c, 0x00b15d, 0x00b161, 0x00b162,
    0x00b163, 0x00b164, 0x00b165, 0x00b166, 0x00b167, 0x00b168, 0x00b169, 0x00b16a, 0x00b16b,
    0x00b16c, 0x00b16d, 0x00b16e, 0x00b16f, 0x00b170, 0x00b171, 0x00b173, 0x00b174, 0x00b175,
    0x00b176, 0x00b177, 0x00b178, 0x00b179, 0x00b17a, 0x00b17b, 0x00b17c, 0x00b17d, 0x00b181,
    0x00b182, 0x00b183, 0x00b184, 0x00b185, 0x00b186, 0x00b187, 0x00b188, 0x00b189, 0x00b18a,
    0x00b18b, 0x00b18c, 0x00b18d, 0x00b18e, 0x00b18f, 0x00b190, 0x00b191, 0x00b193, 0x00b194,
    0x00b195, 0x00b196, 0x00b197, 0x00b198, 0x00b199, 0x00b19a, 0x00b19b, 0x00b19c, 0x00b19d,
    0x00b1a1, 0x00b1a2, 0x00b1a3, 0x00b1a4, 0x00b1a5, 0x00b1a6, 0x00b1a7, 0x00b1a8, 0x00b1a9,
    0x00b1aa, 0x00b1ab, 0x00b1ac, 0x00b1ad, 0x00b1ae, 0x00b1af, 0x00b1b0, 0x00b1b1, 0x00b1b3,
    0x00b1b4, 0x00b1b5, 0x00b1b6, 0x00b1b7, 0x00b1b8, 0x00b1b9, 0x00b1ba, 0x00b1bb, 0x00b1bc,
    0x00b1bd, 0x00b1c1, 0x00b1c2, 0x00b1c3, 0x00b1c4, 0x00b1c5, 0x00b1c6, 0x00b1c7, 0x00b1c8,
    0x00b1c9, 0x00b1ca, 0x00b1cb, 0x00b1cc, 0x00b1cd, 0x00b1ce, 0x00b1cf, 0x00b1d0, 0x00b1d1,
    0x00b1d3, 0x00b1d4, 0x00b1d5, 0x00b1d6, 0x00b1d7, 0x00b1d8, 0x00b1d9, 0x00b1da, 0x00b1db,
    0x00b1dc, 0x00b1dd, 0x00b1e1, 0x00b1e2, 0x00b1e3, 0x00b1e4, 0x00b1e5, 0x00b1e6, 0x00b1e7,
    0x00b1e8, 0x00b1e9, 0x00b1ea, 0x00b1eb, 0x00b1ec, 0x00b1ed, 0x00b1ee, 0x00b1ef, 0x00b1f0,
    0x00b1f1, 0x00b1f3, 0x00b1f4, 0x00b1f5, 0x00b1f6, 0x00b1f7, 0x00b1f8, 0x00b1f9, 0x00b1fa,
    0x00b1fb, 0x00b1fc, 0x00b1fd, 0x00b241, 0x00b242, 0x00b243, 0x00b244, 0x00b245, 0x00b246,
    0x00b247, 0x00b248, 0x00b249, 0x00b24a, 0x00b24b, 0x00b24c, 0x00b24d, 0x00b24e, 0x00b24f,
    0x00b250, 0x00b251, 0x00b253, 0x00b254, 0x00b255, 0x00b256, 0x00b257, 0x00b258, 0x00b259,
    0x00b25a, 0x00b25b, 0x00b25c, 0x00b25d, 0x00b261, 0x00b262, 0x00b263, 0x00b264, 0x00b265,
    0x00b266, 0x00b267, 0x00b268, 0x00b269, 0x00b26a, 0x00b26b, 0x00b26c, 0x00b26d, 0x00b26e,
    0x00b26f, 0x00b270, 0x00b271, 0x00b273, 0x00b274, 0x00b275, 0x00b276, 0x00b277, 0x00b278,
    0x00b279, 0x00b27a, 0x00b27b, 0x00b27c, 0x00b27d, 0x00b281, 0x00b282, 0x00b283, 0x00b284,
    0x00b285, 0x00b286, 0x00b287, 0x00b288, 0x00b289, 0x00b28a, 0x00b28b, 0x00b28c, 0x00b28d,
    0x00b28e, 0x00b28f, 0x00b290, 0x00b291, 0x00b293, 0x00b294, 0x00b295, 0x00b296, 0x00b297,
    0x00b298, 0x00b299, 0x00b29a, 0x00b29b, 0x00b29c, 0x00b29d, 0x00b2a1, 0x00b2a2, 0x00b2a3,
    0x00b2a4, 0x00b2a5, 0x00b2a6, 0x00b2a7, 0x00b2a8, 0x00b2a9, 0x00b2aa, 0x00b2ab, 0x00b2ac,
    0x00b2ad, 0x00b2ae, 0x00b2af, 0x00b2b0, 0x00b2b1, 0x00b2b3, 0x00b2b4, 0x00b2b5, 0x00b2b6,
    0x00b2b7, 0x00b2b8, 0x00b2b9, 0x00b2ba, 0x00b2bb, 0x00b2bc, 0x00b2bd, 0x00b2c1, 0x00b2c2,
    0x00b2c3, 0x00b2c4, 0x00b2c5, 0x00b2c6, 0x00b2c7, 0x00b2c8, 0x00b2c9, 0x00b2ca, 0x00b2cb,
    0x00b2cc, 0x00b2cd, 0x00b2ce, 0x00b2cf, 0x00b2d0, 0x00b2d1, 0x00b2d3, 0x00b2d4, 0x00b2d5,
    0x00b2d6, 0x00b2d7, 0x00b2d8, 0x00b2d9, 0x00b2da, 0x00b2db, 0x00b2dc, 0x00b2dd, 0x00b2e1,
    0x00b2e2, 0x00b2e3, 0x00b2e4, 0x00b2e5, 0x00b2e6, 0x00b2e7, 0x00b2e8, 0x00b2e9, 0x00b2ea,
    0x00b2eb, 0x00b2ec, 0x00b2ed, 0x00b2ee, 0x00b2ef, 0x00b2f0, 0x00b2f1, 0x00b2f3, 0x00b2f4,
    0x00b2f5, 0x00b2f6, 0x00b2f7, 0x00b2f8, 0x00b2f9, 0x00b2fa, 0x00b2fb, 0x00b2fc, 0x00b2fd,
    0x00b341, 0x00b342, 0x00b343, 0x00b344, 0x00b345, 0x00b346, 0x00b347, 0x00b348, 0x00b349,
    0x00b34a, 0x00b34b, 0x00b34c, 0x00b34d, 0x00b34e, 0x00b34f, 0x00b350, 0x00b351, 0x00b353,
    0x00b354, 0x00b355, 0x00b356, 0x00b357, 0x00b358, 0x00b359, 0x00b35a, 0x00b35b, 0x00b35c,
    0x00b35d, 0x00b361, 0x00b362, 0x00b363, 0x00b364, 0x00b365, 0x00b366, 0x00b367, 0x00b368,
    0x00b369, 0x00b36a, 0x00b36b, 0x00b36c, 0x00b36d, 0x00b36e, 0x00b36f, 0x00b370, 0x00b371,
    0x00b373, 0x00b374, 0x00b375, 0x00b376, 0x00b377, 0x00b378, 0x00b379, 0x00b37a, 0x00b37b,
    0x00b37c, 0x00b37d, 0x00b381, 0x00b382, 0x00b383, 0x00b384, 0x00b385, 0x00b386, 0x00b387,
    0x00b388, 0x00b389, 0x00b38a, 0x00b38b, 0x00b38c, 0x00b38d, 0x00b38e, 0x00b38f, 0x00b390,
    0x00b391, 0x00b393, 0x00b394, 0x00b395, 0x00b396, 0x00b397, 0x00b398, 0x00b399, 0x00b39a,
    0x00b39b, 0x00b39c, 0x00b39d, 0x00b3a1, 0x00b3a2, 0x00b3a3, 0x00b3a4, 0x00b3a5, 0x00b3a6,
    0x00b3a7, 0x00b3a8, 0x00b3a9, 0x00b3aa, 0x00b3ab, 0x00b3ac, 0x00b3ad, 0x00b3ae, 0x00b3af,
    0x00b3b0, 0x00b3b1, 0x00b3b3, 0x00b3b4, 0x00b3b5, 0x00b3b6, 0x00b3b7, 0x00b3b8, 0x00b3b9,
    0x00b3ba, 0x00b3bb, 0x00b3bc, 0x00b3bd, 0x00b461, 0x00b462, 0x00b463, 0x00b464, 0x00b465,
    0x00b466, 0x00b467, 0x00b468, 0x00b469, 0x00b46a, 0x00b46b, 0x00b46c, 0x00b46d, 0x00b46e,
    0x00b46f, 0x00b470, 0x00b471, 0x00b473, 0x00b474, 0x00b475, 0x00b476, 0x00b477, 0x00b478,
    0x00b479, 0x00b47a, 0x00b47b, 0x00b47c, 0x00b47d, 0x00b481, 0x00b482, 0x00b483, 0x00b484,
    0x00b485, 0x00b486, 0x00b487, 0x00b488, 0x00b489, 0x00b48a, 0x00b48b, 0x00b48c, 0x00b48d,
    0x00b48e, 0x00b48f, 0x00b490, 0x00b491, 0x00b493, 0x00b494, 0x00b495, 0x00b496, 0x00b497,
    0x00b498, 0x00b499, 0x00b49a, 0x00b49b, 0x00b49c, 0x00b49d, 0x00b4a1, 0x00b4a2, 0x00b4a3,
    0x00b4a4, 0x00b4a5, 0x00b4a6, 0x00b4a7, 0x00b4a8, 0x00b4a9, 0x00b4aa, 0x00b4ab, 0x00b4ac,
    0x00b4ad, 0x00b4ae, 0x00b4af, 0x00b4b0, 0x00b4b1, 0x00b4b3, 0x00b4b4, 0x00b4b5, 0x00b4b6,
    0x00b4b7, 0x00b4b8, 0x00b4b9, 0x00b4ba, 0x00b4bb, 0x00b4bc, 0x00b4bd, 0x00b4c1, 0x00b4c2,
    0x00b4c3, 0x00b4c4, 0x00b4c5, 0x00b4c6, 0x00b4c7, 0x00b4c8, 0x00b4c9, 0x00b4ca, 0x00b4cb,
    0x00b4cc, 0x00b4cd, 0x00b4ce, 0x00b4cf, 0x00b4d0, 0x00b4d1, 0x00b4d3, 0x00b4d4, 0x00b4d5,
    0x00b4d6, 0x00b4d7, 0x00b4d8, 0x00b4d9, 0x00b4da, 0x00b4db, 0x00b4dc, 0x00b4dd, 0x00b4e1,
    0x00b4e2, 0x00b4e3, 0x00b4e4, 0x00b4e5, 0x00b4e6, 0x00b4e7, 0x00b4e8, 0x00b4e9, 0x00b4ea,
    0x00b4eb, 0x00b4ec, 0x00b4ed, 0x00b4ee, 0x00b4ef, 0x00b4f0, 0x00b4f1, 0x00b4f3, 0x00b4f4,
    0x00b4f5, 0x00b4f6, 0x00b4f7, 0x00b4f8, 0x00b4f9, 0x00b4fa, 0x00b4fb, 0x00b4fc, 0x00b4fd,
    0x00b541, 0x00b542, 0x00b543, 0x00b544, 0x00b545, 0x00b546, 0x00b547, 0x00b548, 0x00b549,
    0x00b54a, 0x00b54b, 0x00b54c, 0x00b54d, 0x00b54e, 0x00b54f, 0x00b550, 0x00b551, 0x00b553,
    0x00b554, 0x00b555, 0x00b556, 0x00b557, 0x00b558, 0x00b559, 0x00b55a, 0x00b55b, 0x00b55c,
    0x00b55d, 0x00b561, 0x00b562, 0x00b563, 0x00b564, 0x00b565, 0x00b566, 0x00b567, 0x00b568,
    0x00b569, 0x00b56a, 0x00b56b, 0x00b56c, 0x00b56d, 0x00b56e, 0x00b56f, 0x00b570, 0x00b571,
    0x00b573, 0x00b574, 0x00b575, 0x00b576, 0x00b577, 0x00b578, 0x00b579, 0x00b57a, 0x00b57b,
    0x00b57c, 0x00b57d, 0x00b581, 0x00b582, 0x00b583, 0x00b584, 0x00b585, 0x00b586, 0x00b587,
    0x00b588, 0x00b589, 0x00b58a, 0x00b58b, 0x00b58c, 0x00b58d, 0x00b58e, 0x00b58f, 0x00b590,
    0x00b591, 0x00b593, 0x00b594, 0x00b595, 0x00b596, 0x00b597, 0x00b598, 0x00b599, 0x00b59a,
    0x00b59b, 0x00b59c, 0x00b59d, 0x00b5a1, 0x00b5a2, 0x00b5a3, 0x00b5a4, 0x00b5a5, 0x00b5a6,
    0x00b5a7, 0x00b5a8, 0x00b5a9, 0x00b5aa, 0x00b5ab, 0x00b5ac, 0x00b5ad, 0x00b5ae, 0x00b5af,
    0x00b5b0, 0x00b5b1, 0x00b5b3, 0x00b5b4, 0x00b5b5, 0x00b5b6, 0x00b5b7, 0x00b5b8, 0x00b5b9,
    0x00b5ba, 0x00b5bb, 0x00b5bc, 0x00b5bd, 0x00b5c1, 0x00b5c2, 0x00b5c3, 0x00b5c4, 0x00b5c5,
    0x00b5c6, 0x00b5c7, 0x00b5c8, 0x00b5c9, 0x00b5ca, 0x00b5cb, 0x00b5cc, 0x00b5cd, 0x00b5ce,
    0x00b5cf, 0x00b5d0, 0x00b5d1, 0x00b5d3, 0x00b5d4, 0x00b5d5, 0x00b5d6, 0x00b5d7, 0x00b5d8,
    0x00b5d9, 0x00b5da, 0x00b5db, 0x00b5dc, 0x00b5dd, 0x00b5e1, 0x00b5e2, 0x00b5e3, 0x00b5e4,
    0x00b5e5, 0x00b5e6, 0x00b5e7, 0x00b5e8, 0x00b5e9, 0x00b5ea, 0x00b5eb, 0x00b5ec, 0x00b5ed,
    0x00b5ee, 0x00b5ef, 0x00b5f0, 0x00b5f1, 0x00b5f3, 0x00b5f4, 0x00b5f5, 0x00b5f6, 0x00b5f7,
    0x00b5f8, 0x00b5f9, 0x00b5fa, 0x00b5fb, 0x00b5fc, 0x00b5fd, 0x00b641, 0x00b642, 0x00b643,
    0x00b644, 0x00b645, 0x00b646, 0x00b647, 0x00b648, 0x00b649, 0x00b64a, 0x00b64b, 0x00b64c,
    0x00b64d, 0x00b64e, 0x00b64f, 0x00b650, 0x00b651, 0x00b653, 0x00b654, 0x00b655, 0x00b656,
    0x00b657, 0x00b658, 0x00b659, 0x00b65a, 0x00b65b, 0x00b65c, 0x00b65d, 0x00b661, 0x00b662,
    0x00b663, 0x00b664, 0x00b665, 0x00b666, 0x00b667, 0x00b668, 0x00b669, 0x00b66a, 0x00b66b,
    0x00b66c, 0x00b66d, 0x00b66e, 0x00b66f, 0x00b670, 0x00b671, 0x00b673, 0x00b674, 0x00b675,
    0x00b676, 0x00b677, 0x00b678, 0x00b679, 0x00b67a, 0x00b67b, 0x00b67c, 0x00b67d, 0x00b681,
    0x00b682, 0x00b683, 0x00b684, 0x00b685, 0x00b686, 0x00b687, 0x00b688, 0x00b689, 0x00b68a,
    0x00b68b, 0x00b68c, 0x00b68d, 0x00b68e, 0x00b68f, 0x00b690, 0x00b691, 0x00b693, 0x00b694,
    0x00b695, 0x00b696, 0x00b697, 0x00b698, 0x00b699, 0x00b69a, 0x00b69b, 0x00b69c, 0x00b69d,
    0x00b6a1, 0x00b6a2, 0x00b6a3, 0x00b6a4, 0x00b6a5, 0x00b6a6, 0x00b6a7, 0x00b6a8, 0x00b6a9,
    0x00b6aa, 0x00b6ab, 0x00b6ac, 0x00b6ad, 0x00b6ae, 0x00b6af, 0x00b6b0, 0x00b6b1, 0x00b6b3,
    0x00b6b4, 0x00b6b5, 0x00b6b6, 0x00b6b7, 0x00b6b8, 0x00b6b9, 0x00b6ba, 0x00b6bb, 0x00b6bc,
    0x00b6bd, 0x00b6c1, 0x00b6c2, 0x00b6c3, 0x00b6c4, 0x00b6c5, 0x00b6c6, 0x00b6c7, 0x00b6c8,
    0x00b6c9, 0x00b6ca, 0x00b6cb, 0x00b6cc, 0x00b6cd, 0x00b6ce, 0x00b6cf, 0x00b6d0, 0x00b6d1,
    0x00b6d3, 0x00b6d4, 0x00b6d5, 0x00b6d6, 0x00b6d7, 0x00b6d8, 0x00b6d9, 0x00b6da, 0x00b6db,
    0x00b6dc, 0x00b6dd, 0x00b6e1, 0x00b6e2, 0x00b6e3, 0x00b6e4, 0x00b6e5, 0x00b6e6, 0x00b6e7,
    0x00b6e8, 0x00b6e9, 0x00b6ea, 0x00b6eb, 0x00b6ec, 0x00b6ed, 0x00b6ee, 0x00b6ef, 0x00b6f0,
    0x00b6f1, 0x00b6f3, 0x00b6f4, 0x00b6f5, 0x00b6f6, 0x00b6f7, 0x00b6f8, 0x00b6f9, 0x00b6fa,
    0x00b6fb, 0x00b6fc, 0x00b6fd, 0x00b741, 0x00b742, 0x00b743, 0x00b744, 0x00b745, 0x00b746,
    0x00b747, 0x00b748, 0x00b749, 0x00b74a, 0x00b74b, 0x00b74c, 0x00b74d, 0x00b74e, 0x00b74f,
    0x00b750, 0x00b751, 0x00b753, 0x00b754, 0x00b755, 0x00b756, 0x00b757, 0x00b758, 0x00b759,
    0x00b75a, 0x00b75b, 0x00b75c, 0x00b75d, 0x00b761, 0x00b762, 0x00b763, 0x00b764, 0x00b765,
    0x00b766, 0x00b767, 0x00b768, 0x00b769, 0x00b76a, 0x00b76b, 0x00b76c, 0x00b76d, 0x00b76e,
    0x00b76f, 0x00b770, 0x00b771, 0x00b773, 0x00b774, 0x00b775, 0x00b776, 0x00b777, 0x00b778,
    0x00b779, 0x00b77a, 0x00b77b, 0x00b77c, 0x00b77d, 0x00b781, 0x00b782, 0x00b783, 0x00b784,
    0x00b785, 0x00b786, 0x00b787, 0x00b788, 0x00b789, 0x00b78a, 0x00b78b, 0x00b78c, 0x00b78d,
    0x00b78e, 0x00b78f, 0x00b790, 0x00b791, 0x00b793, 0x00b794, 0x00b795, 0x00b796, 0x00b797,
    0x00b798, 0x00b799, 0x00b79a, 0x00b79b, 0x00b79c, 0x00b79d, 0x00b7a1, 0x00b7a2, 0x00b7a3,
    0x00b7a4, 0x00b7a5, 0x00b7a6, 0x00b7a7, 0x00b7a8, 0x00b7a9, 0x00b7aa, 0x00b7ab, 0x00b7ac,
    0x00b7ad, 0x00b7ae, 0x00b7af, 0x00b7b0, 0x00b7b1, 0x00b7b3, 0x00b7b4, 0x00b7b5, 0x00b7b6,
    0x00b7b7, 0x00b7b8, 0x00b7b9, 0x00b7ba, 0x00b7bb, 0x00b7bc, 0x00b7bd, 0x00b861, 0x00b862,
    0x00b863, 0x00b864, 0x00b865, 0x00b866, 0x00b867, 0x00b868, 0x00b869, 0x00b86a, 0x00b86b,
    0x00b86c, 0x00b86d, 0x00b86e, 0x00b86f, 0x00b870, 0x00b871, 0x00b873, 0x00b874, 0x00b875,
    0x00b876, 0x00b877, 0x00b878, 0x00b879, 0x00b87a, 0x00b87b, 0x00b87c, 0x00b87d, 0x00b881,
    0x00b882, 0x00b883, 0x00b884, 0x00b885, 0x00b886, 0x00b887, 0x00b888, 0x00b889, 0x00b88a,
    0x00b88b, 0x00b88c, 0x00b88d, 0x00b88e, 0x00b88f, 0x00b890, 0x00b891, 0x00b893, 0x00b894,
    0x00b895, 0x00b896, 0x00b897, 0x00b898, 0x00b899, 0x00b89a, 0x00b89b, 0x00b89c, 0x00b89d,
    0x00b8a1, 0x00b8a2, 0x00b8a3, 0x00b8a4, 0x00b8a5, 0x00b8a6, 0x00b8a7, 0x00b8a8, 0x00b8a9,
    0x00b8aa, 0x00b8ab, 0x00b8ac, 0x00b8ad, 0x00b8ae, 0x00b8af, 0x00b8b0, 0x00b8b1, 0x00b8b3,
    0x00b8b4, 0x00b8b5, 0x00b8b6, 0x00b8b7, 0x00b8b8, 0x00b8b9, 0x00b8ba, 0x00b8bb, 0x00b8bc,
    0x00b8bd, 0x00b8c1, 0x00b8c2, 0x00b8c3, 0x00b8c4, 0x00b8c5, 0x00b8c6, 0x00b8c7, 0x00b8c8,
    0x00b8c9, 0x00b8ca, 0x00b8cb, 0x00b8cc, 0x00b8cd, 0x00b8ce, 0x00b8cf, 0x00b8d0, 0x00b8d1,
    0x00b8d3, 0x00b8d4, 0x00b8d5, 0x00b8d6, 0x00b8d7, 0x00b8d8, 0x00b8d9, 0x00b8da, 0x00b8db,
    0x00b8dc, 0x00b8dd, 0x00b8e1, 0x00b8e2, 0x00b8e3, 0x00b8e4, 0x00b8e5, 0x00b8e6, 0x00b8e7,
    0x00b8e8, 0x00b8e9, 0x00b8ea, 0x00b8eb, 0x00b8ec, 0x00b8ed, 0x00b8ee, 0x00b8ef, 0x00b8f0,
    0x00b8f1, 0x00b8f3, 0x00b8f4, 0x00b8f5, 0x00b8f6, 0x00b8f7, 0x00b8f8, 0x00b8f9, 0x00b8fa,
    0x00b8fb, 0x00b8fc, 0x00b8fd, 0x00b941, 0x00b942, 0x00b943, 0x00b944, 0x00b945, 0x00b946,
    0x00b947, 0x00b948, 0x00b949, 0x00b94a, 0x00b94b, 0x00b94c, 0x00b94d, 0x00b94e, 0x00b94f,
    0x00b950, 0x00b951, 0x00b953, 0x00b954, 0x00b955, 0x00b956, 0x00b957, 0x00b958, 0x00b959,
    0x00b95a, 0x00b95b, 0x00b95c, 0x00b95d, 0x00b961, 0x00b962, 0x00b963, 0x00b964, 0x00b965,
    0x00b966, 0x00b967, 0x00b968, 0x00b969, 0x00b96a, 0x00b96b, 0x00b96c, 0x00b96d, 0x00b96e,
    0x00b96f, 0x00b970, 0x00b971, 0x00b973, 0x00b974, 0x00b975, 0x00b976, 0x00b977, 0x00b978,
    0x00b979, 0x00b97a, 0x00b97b, 0x00b97c, 0x00b97d, 0x00b981, 0x00b982, 0x00b983, 0x00b984,
    0x00b985, 0x00b986, 0x00b987, 0x00b988, 0x00b989, 0x00b98a, 0x00b98b, 0x00b98c, 0x00b98d,
    0x00b98e, 0x00b98f, 0x00b990, 0x00b991, 0x00b993, 0x00b994, 0x00b995, 0x00b996, 0x00b997,
    0x00b998, 0x00b999, 0x00b99a, 0x00b99b, 0x00b99c, 0x00b99d, 0x00b9a1, 0x00b9a2, 0x00b9a3,
    0x00b9a4, 0x00b9a5, 0x00b9a6, 0x00b9a7, 0x00b9a8, 0x00b9a9, 0x00b9aa, 0x00b9ab, 0x00b9ac,
    0x00b9ad, 0x00b9ae, 0x00b9af, 0x00b9b0, 0x00b9b1, 0x00b9b3, 0x00b9b4, 0x00b9b5, 0x00b9b6,
    0x00b9b7, 0x00b9b8, 0x00b9b9, 0x00b9ba, 0x00b9bb, 0x00b9bc, 0x00b9bd, 0x00b9c1, 0x00b9c2,
    0x00b9c3, 0x00b9c4, 0x00b9c5, 0x00b9c6, 0x00b9c7, 0x00b9c8, 0x00b9c9, 0x00b9ca, 0x00b9cb,
    0x00b9cc, 0x00b9cd, 0x00b9ce, 0x00b9cf, 0x00b9d0, 0x00b9d1, 0x00b9d3, 0x00b9d4, 0x00b9d5,
    0x00b9d6, 0x00b9d7, 0x00b9d8, 0x00b9d9, 0x00b9da, 0x00b9db, 0x00b9dc, 0x00b9dd, 0x00b9e1,
    0x00b9e2, 0x00b9e3, 0x00b9e4, 0x00b9e5, 0x00b9e6, 0x00b9e7, 0x00b9e8, 0x00b9e9, 0x00b9ea,
    0x00b9eb, 0x00b9ec, 0x00b9ed, 0x00b9ee, 0x00b9ef, 0x00b9f0, 0x00b9f1, 0x00b9f3, 0x00b9f4,
    0x00b9f5, 0x00b9f6, 0x00b9f7, 0x00b9f8, 0x00b9f9, 0x00b9fa, 0x00b9fb, 0x00b9fc, 0x00b9fd,
    0x00ba41, 0x00ba42, 0x00ba43, 0x00ba44, 0x00ba45, 0x00ba46, 0x00ba47, 0x00ba48, 0x00ba49,
    0x00ba4a, 0x00ba4b, 0x00ba4c, 0x00ba4d, 0x00ba4e, 0x00ba4f, 0x00ba50, 0x00ba51, 0x00ba53,
    0x00ba54, 0x00ba55, 0x00ba56, 0x00ba57, 0x00ba58, 0x00ba59, 0x00ba5a, 0x00ba5b, 0x00ba5c,
    0x00ba5d, 0x00ba61, 0x00ba62, 0x00ba63, 0x00ba64, 0x00ba65, 0x00ba66, 0x00ba67, 0x00ba68,
    0x00ba69, 0x00ba6a, 0x00ba6b, 0x00ba6c, 0x00ba6d, 0x00ba6e, 0x00ba6f, 0x00ba70, 0x00ba71,
    0x00ba73, 0x00ba74, 0x00ba75, 0x00ba76, 0x00ba77, 0x00ba78, 0x00ba79, 0x00ba7a, 0x00ba7b,
    0x00ba7c, 0x00ba7d, 0x00ba81, 0x00ba82, 0x00ba83, 0x00ba84, 0x00ba85, 0x00ba86, 0x00ba87,
    0x00ba88, 0x00ba89, 0x00ba8a, 0x00ba8b, 0x00ba8c, 0x00ba8d, 0x00ba8e, 0x00ba8f, 0x00ba90,
    0x00ba91, 0x00ba93, 0x00ba94, 0x00ba95, 0x00ba96, 0x00ba97, 0x00ba98, 0x00ba99, 0x00ba9a,
    0x00ba9b, 0x00ba9c, 0x00ba9d, 0x00baa1, 0x00baa2, 0x00baa3, 0x00baa4, 0x00baa5, 0x00baa6,
    0x00baa7, 0x00baa8, 0x00baa9, 0x00baaa, 0x00baab, 0x00baac, 0x00baad, 0x00baae, 0x00baaf,
    0x00bab0, 0x00bab1, 0x00bab3, 0x00bab4, 0x00bab5, 0x00bab6, 0x00bab7, 0x00bab8, 0x00bab9,
    0x00baba, 0x00babb, 0x00babc, 0x00babd, 0x00bac1, 0x00bac2, 0x00bac3, 0x00bac4, 0x00bac5,
    0x00bac6, 0x00bac7, 0x00bac8, 0x00bac9, 0x00baca, 0x00bacb, 0x00bacc, 0x00bacd, 0x00bace,
    0x00bacf, 0x00bad0, 0x00bad1, 0x00bad3, 0x00bad4, 0x00bad5, 0x00bad6, 0x00bad7, 0x00bad8,
    0x00bad9, 0x00bada, 0x00badb, 0x00badc, 0x00badd, 0x00bae1, 0x00bae2, 0x00bae3, 0x00bae4,
    0x00bae5, 0x00bae6, 0x00bae7, 0x00bae8, 0x00bae9, 0x00baea, 0x00baeb, 0x00baec, 0x00baed,
    0x00baee, 0x00baef, 0x00baf0, 0x00baf1, 0x00baf3, 0x00baf4, 0x00baf5, 0x00baf6, 0x00baf7,
    0x00baf8, 0x00baf9, 0x00bafa, 0x00bafb, 0x00bafc, 0x00bafd, 0x00bb41, 0x00bb42, 0x00bb43,
    0x00bb44, 0x00bb45, 0x00bb46, 0x00bb47, 0x00bb48, 0x00bb49, 0x00bb4a, 0x00bb4b, 0x00bb4c,
    0x00bb4d, 0x00bb4e, 0x00bb4f, 0x00bb50, 0x00bb51, 0x00bb53, 0x00bb54, 0x00bb55, 0x00bb56,
    0x00bb57, 0x00bb58, 0x00bb59, 0x00bb5a, 0x00bb5b, 0x00bb5c, 0x00bb5d, 0x00bb61, 0x00bb62,
    0x00bb63, 0x00bb64, 0x00bb65, 0x00bb66, 0x00bb67, 0x00bb68, 0x00bb69, 0x00bb6a, 0x00bb6b,
    0x00bb6c, 0x00bb6d, 0x00bb6e, 0x00bb6f, 0x00bb70, 0x00bb71, 0x00bb73, 0x00bb74, 0x00bb75,
    0x00bb76, 0x00bb77, 0x00bb78, 0x00bb79, 0x00bb7a, 0x00bb7b, 0x00bb7c, 0x00bb7d, 0x00bb81,
    0x00bb82, 0x00bb83, 0x00bb84, 0x00bb85, 0x00bb86, 0x00bb87, 0x00bb88, 0x00bb89, 0x00bb8a,
    0x00bb8b, 0x00bb8c, 0x00bb8d, 0x00bb8e, 0x00bb8f, 0x00bb90, 0x00bb91, 0x00bb93, 0x00bb94,
    0x00bb95, 0x00bb96, 0x00bb97, 0x00bb98, 0x00bb99, 0x00bb9a, 0x00bb9b, 0x00bb9c, 0x00bb9d,
    0x00bba1, 0x00bba2, 0x00bba3, 0x00bba4, 0x00bba5, 0x00bba6, 0x00bba7, 0x00bba8, 0x00bba9,
    0x00bbaa, 0x00bbab, 0x00bbac, 0x00bbad, 0x00bbae, 0x00bbaf, 0x00bbb0, 0x00bbb1, 0x00bbb3,
    0x00bbb4, 0x00bbb5, 0x00bbb6, 0x00bbb7, 0x00bbb8, 0x00bbb9, 0x00bbba, 0x00bbbb, 0x00bbbc,
    0x00bbbd, 0x00bc61, 0x00bc62, 0x00bc63, 0x00bc64, 0x00bc65, 0x00bc66, 0x00bc67, 0x00bc68,
    0x00bc69, 0x00bc6a, 0x00bc6b, 0x00bc6c, 0x00bc6d, 0x00bc6e, 0x00bc6f, 0x00bc70, 0x00bc71,
    0x00bc73, 0x00bc74, 0x00bc75, 0x00bc76, 0x00bc77, 0x00bc78, 0x00bc79, 0x00bc7a, 0x00bc7b,
    0x00bc7c, 0x00bc7d, 0x00bc81, 0x00bc82, 0x00bc83, 0x00bc84, 0x00bc85, 0x00bc86, 0x00bc87,
    0x00bc88, 0x00bc89, 0x00bc8a, 0x00bc8b, 0x00bc8c, 0x00bc8d, 0x00bc8e, 0x00bc8f, 0x00bc90,
    0x00bc91, 0x00bc93, 0x00bc94, 0x00bc95, 0x00bc96, 0x00bc97, 0x00bc98, 0x00bc99, 0x00bc9a,
    0x00bc9b, 0x00bc9c, 0x00bc9d, 0x00bca1, 0x00bca2, 0x00bca3, 0x00bca4, 0x00bca5, 0x00bca6,
    0x00bca7, 0x00bca8, 0x00bca9, 0x00bcaa, 0x00bcab, 0x00bcac, 0x00bcad, 0x00bcae, 0x00bcaf,
    0x00bcb0, 0x00bcb1, 0x00bcb3, 0x00bcb4, 0x00bcb5, 0x00bcb6, 0x00bcb7, 0x00bcb8, 0x00bcb9,
    0x00bcba, 0x00bcbb, 0x00bcbc, 0x00bcbd, 0x00bcc1, 0x00bcc2, 0x00bcc3, 0x00bcc4, 0x00bcc5,
    0x00bcc6, 0x00bcc7, 0x00bcc8, 0x00bcc9, 0x00bcca, 0x00bccb, 0x00bccc, 0x00bccd, 0x00bcce,
    0x00bccf, 0x00bcd0, 0x00bcd1, 0x00bcd3, 0x00bcd4, 0x00bcd5, 0x00bcd6, 0x00bcd7, 0x00bcd8,
    0x00bcd9, 0x00bcda, 0x00bcdb, 0x00bcdc, 0x00bcdd, 0x00bce1, 0x00bce2, 0x00bce3, 0x00bce4,
    0x00bce5, 0x00bce6, 0x00bce7, 0x00bce8, 0x00bce9, 0x00bcea, 0x00bceb, 0x00bcec, 0x00bced,
    0x00bcee, 0x00bcef, 0x00bcf0, 0x00bcf1, 0x00bcf3, 0x00bcf4, 0x00bcf5, 0x00bcf6, 0x00bcf7,
    0x00bcf8, 0x00bcf9, 0x00bcfa, 0x00bcfb, 0x00bcfc, 0x00bcfd, 0x00bd41, 0x00bd42, 0x00bd43,
    0x00bd44, 0x00bd45, 0x00bd46, 0x00bd47, 0x00bd48, 0x00bd49, 0x00bd4a, 0x00bd4b, 0x00bd4c,
    0x00bd4d, 0x00bd4e, 0x00bd4f, 0x00bd50, 0x00bd51, 0x00bd53, 0x00bd54, 0x00bd55, 0x00bd56,
    0x00bd57, 0x00bd58, 0x00bd59, 0x00bd5a, 0x00bd5b, 0x00bd5c, 0x00bd5d, 0x00bd61, 0x00bd62,
    0x00bd63, 0x00bd64, 0x00bd65, 0x00bd66, 0x00bd67, 0x00bd68, 0x00bd69, 0x00bd6a, 0x00bd6b,
    0x00bd6c, 0x00bd6d, 0x00bd6e, 0x00bd6f, 0x00bd70, 0x00bd71, 0x00bd73, 0x00bd74, 0x00bd75,
    0x00bd76, 0x00bd77, 0x00bd78, 0x00bd79, 0x00bd7a, 0x00bd7b, 0x00bd7c, 0x00bd7d, 0x00bd81,
    0x00bd82, 0x00bd83, 0x00bd84, 0x00bd85, 0x00bd86, 0x00bd87, 0x00bd88, 0x00bd89, 0x00bd8a,
    0x00bd8b, 0x00bd8c, 0x00bd8d, 0x00bd8e, 0x00bd8f, 0x00bd90, 0x00bd91, 0x00bd93, 0x00bd94,
    0x00bd95, 0x00bd96, 0x00bd97, 0x00bd98, 0x00bd99, 0x00bd9a, 0x00bd9b, 0x00bd9c, 0x00bd9d,
    0x00bda1, 0x00bda2, 0x00bda3, 0x00bda4, 0x00bda5, 0x00bda6, 0x00bda7, 0x00bda8, 0x00bda9,
    0x00bdaa, 0x00bdab, 0x00bdac, 0x00bdad, 0x00bdae, 0x00bdaf, 0x00bdb0, 0x00bdb1, 0x00bdb3,
    0x00bdb4, 0x00bdb5, 0x00bdb6, 0x00bdb7, 0x00bdb8, 0x00bdb9, 0x00bdba, 0x00bdbb, 0x00bdbc,
    0x00bdbd, 0x00bdc1, 0x00bdc2, 0x00bdc3, 0x00bdc4, 0x00bdc5, 0x00bdc6, 0x00bdc7, 0x00bdc8,
    0x00bdc9, 0x00bdca, 0x00bdcb, 0x00bdcc, 0x00bdcd, 0x00bdce, 0x00bdcf, 0x00bdd0, 0x00bdd1,
    0x00bdd3, 0x00bdd4, 0x00bdd5, 0x00bdd6, 0x00bdd7, 0x00bdd8, 0x00bdd9, 0x00bdda, 0x00bddb,
    0x00bddc, 0x00bddd, 0x00bde1, 0x00bde2, 0x00bde3, 0x00bde4, 0x00bde5, 0x00bde6, 0x00bde7,
    0x00bde8, 0x00bde9, 0x00bdea, 0x00bdeb, 0x00bdec, 0x00bded, 0x00bdee, 0x00bdef, 0x00bdf0,
    0x00bdf1, 0x00bdf3, 0x00bdf4, 0x00bdf5, 0x00bdf6, 0x00bdf7, 0x00bdf8, 0x00bdf9, 0x00bdfa,
    0x00bdfb, 0x00bdfc, 0x00bdfd, 0x00be41, 0x00be42, 0x00be43, 0x00be44, 0x00be45, 0x00be46,
    0x00be47, 0x00be48, 0x00be49, 0x00be4a, 0x00be4b, 0x00be4c, 0x00be4d, 0x00be4e, 0x00be4f,
    0x00be50, 0x00be51, 0x00be53, 0x00be54, 0x00be55, 0x00be56, 0x00be57, 0x00be58, 0x00be59,
    0x00be5a, 0x00be5b, 0x00be5c, 0x00be5d, 0x00be61, 0x00be62, 0x00be63, 0x00be64, 0x00be65,
    0x00be66, 0x00be67, 0x00be68, 0x00be69, 0x00be6a, 0x00be6b, 0x00be6c, 0x00be6d, 0x00be6e,
    0x00be6f, 0x00be70, 0x00be71, 0x00be73, 0x00be74, 0x00be75, 0x00be76, 0x00be77, 0x00be78,
    0x00be79, 0x00be7a, 0x00be7b, 0x00be7c, 0x00be7d, 0x00be81, 0x00be82, 0x00be83, 0x00be84,
    0x00be85, 0x00be86, 0x00be87, 0x00be88, 0x00be89, 0x00be8a, 0x00be8b, 0x00be8c, 0x00be8d,
    0x00be8e, 0x00be8f, 0x00be90, 0x00be91, 0x00be93, 0x00be94, 0x00be95, 0x00be96, 0x00be97,
    0x00be98, 0x00be99, 0x00be9a, 0x00be9b, 0x00be9c, 0x00be9d, 0x00bea1, 0x00bea2, 0x00bea3,
    0x00bea4, 0x00bea5, 0x00bea6, 0x00bea7, 0x00bea8, 0x00bea9, 0x00beaa, 0x00beab, 0x00beac,
    0x00bead, 0x00beae, 0x00beaf, 0x00beb0, 0x00beb1, 0x00beb3, 0x00beb4, 0x00beb5, 0x00beb6,
    0x00beb7, 0x00beb8, 0x00beb9, 0x00beba, 0x00bebb, 0x00bebc, 0x00bebd, 0x00bec1, 0x00bec2,
    0x00bec3, 0x00bec4, 0x00bec5, 0x00bec6, 0x00bec7, 0x00bec8, 0x00bec9, 0x00beca, 0x00becb,
    0x00becc, 0x00becd, 0x00bece, 0x00becf, 0x00bed0, 0x00bed1, 0x00bed3, 0x00bed4, 0x00bed5,
    0x00bed6, 0x00bed7, 0x00bed8, 0x00bed9, 0x00beda, 0x00bedb, 0x00bedc, 0x00bedd, 0x00bee1,
    0x00bee2, 0x00bee3, 0x00bee4, 0x00bee5, 0x00bee6, 0x00bee7, 0x00bee8, 0x00bee9, 0x00beea,
    0x00beeb, 0x00beec, 0x00beed, 0x00beee, 0x00beef, 0x00bef0, 0x00bef1, 0x00bef3, 0x00bef4,
    0x00bef5, 0x00bef6, 0x00bef7, 0x00bef8, 0x00bef9, 0x00befa, 0x00befb, 0x00befc, 0x00befd,
    0x00bf41, 0x00bf42, 0x00bf43, 0x00bf44, 0x00bf45, 0x00bf46, 0x00bf47, 0x00bf48, 0x00bf49,
    0x00bf4a, 0x00bf4b, 0x00bf4c, 0x00bf4d, 0x00bf4e, 0x00bf4f, 0x00bf50, 0x00bf51, 0x00bf53,
    0x00bf54, 0x00bf55, 0x00bf56, 0x00bf57, 0x00bf58, 0x00bf59, 0x00bf5a, 0x00bf5b, 0x00bf5c,
    0x00bf5d, 0x00bf61, 0x00bf62, 0x00bf63, 0x00bf64, 0x00bf65, 0x00bf66, 0x00bf67, 0x00bf68,
    0x00bf69, 0x00bf6a, 0x00bf6b, 0x00bf6c, 0x00bf6d, 0x00bf6e, 0x00bf6f, 0x00bf70, 0x00bf71,
    0x00bf73, 0x00bf74, 0x00bf75, 0x00bf76, 0x00bf77, 0x00bf78, 0x00bf79, 0x00bf7a, 0x00bf7b,
    0x00bf7c, 0x00bf7d, 0x00bf81, 0x00bf82, 0x00bf83, 0x00bf84, 0x00bf85, 0x00bf86, 0x00bf87,
    0x00bf88, 0x00bf89, 0x00bf8a, 0x00bf8b, 0x00bf8c, 0x00bf8d, 0x00bf8e, 0x00bf8f, 0x00bf90,
    0x00bf91, 0x00bf93, 0x00bf94, 0x00bf95, 0x00bf96, 0x00bf97, 0x00bf98, 0x00bf99, 0x00bf9a,
    0x00bf9b, 0x00bf9c, 0x00bf9d, 0x00bfa1, 0x00bfa2, 0x00bfa3, 0x00bfa4, 0x00bfa5, 0x00bfa6,
    0x00bfa7, 0x00bfa8, 0x00bfa9, 0x00bfaa, 0x00bfab, 0x00bfac, 0x00bfad, 0x00bfae, 0x00bfaf,
    0x00bfb0, 0x00bfb1, 0x00bfb3, 0x00bfb4, 0x00bfb5, 0x00bfb6, 0x00bfb7, 0x00bfb8, 0x00bfb9,
    0x00bfba, 0x00bfbb, 0x00bfbc, 0x00bfbd, 0x00c061, 0x00c062, 0x00c063, 0x00c064, 0x00c065,
    0x00c066, 0x00c067, 0x00c068, 0x00c069, 0x00c06a, 0x00c06b, 0x00c06c, 0x00c06d, 0x00c06e,
    0x00c06f, 0x00c070, 0x00c071, 0x00c073, 0x00c074, 0x00c075, 0x00c076, 0x00c077, 0x00c078,
    0x00c079, 0x00c07a, 0x00c07b, 0x00c07c, 0x00c07d, 0x00c081, 0x00c082, 0x00c083, 0x00c084,
    0x00c085, 0x00c086, 0x00c087, 0x00c088, 0x00c089, 0x00c08a, 0x00c08b, 0x00c08c, 0x00c08d,
    0x00c08e, 0x00c08f, 0x00c090, 0x00c091, 0x00c093, 0x00c094, 0x00c095, 0x00c096, 0x00c097,
    0x00c098, 0x00c099, 0x00c09a, 0x00c09b, 0x00c09c, 0x00c09d, 0x00c0a1, 0x00c0a2, 0x00c0a3,
    0x00c0a4, 0x00c0a5, 0x00c0a6, 0x00c0a7, 0x00c0a8, 0x00c0a9, 0x00c0aa, 0x00c0ab, 0x00c0ac,
    0x00c0ad, 0x00c0ae, 0x00c0af, 0x00c0b0, 0x00c0b1, 0x00c0b3, 0x00c0b4, 0x00c0b5, 0x00c0b6,
    0x00c0b7, 0x00c0b8, 0x00c0b9, 0x00c0ba, 0x00c0bb, 0x00c0bc, 0x00c0bd, 0x00c0c1, 0x00c0c2,
    0x00c0c3, 0x00c0c4, 0x00c0c5, 0x00c0c6, 0x00c0c7, 0x00c0c8, 0x00c0c9, 0x00c0ca, 0x00c0cb,
    0x00c0cc, 0x00c0cd, 0x00c0ce, 0x00c0cf, 0x00c0d0, 0x00c0d1, 0x00c0d3, 0x00c0d4, 0x00c0d5,
    0x00c0d6, 0x00c0d7, 0x00c0d8, 0x00c0d9, 0x00c0da, 0x00c0db, 0x00c0dc, 0x00c0dd, 0x00c0e1,
    0x00c0e2, 0x00c0e3, 0x00c0e4, 0x00c0e5, 0x00c0e6, 0x00c0e7, 0x00c0e8, 0x00c0e9, 0x00c0ea,
    0x00c0eb, 0x00c0ec, 0x00c0ed, 0x00c0ee, 0x00c0ef, 0x00c0f0, 0x00c0f1, 0x00c0f3, 0x00c0f4,
    0x00c0f5, 0x00c0f6, 0x00c0f7, 0x00c0f8, 0x00c0f9, 0x00c0fa, 0x00c0fb, 0x00c0fc, 0x00c0fd,
    0x00c141, 0x00c142, 0x00c143, 0x00c144, 0x00c145, 0x00c146, 0x00c147, 0x00c148, 0x00c149,
    0x00c14a, 0x00c14b, 0x00c14c, 0x00c14d, 0x00c14e, 0x00c14f, 0x00c150, 0x00c151, 0x00c153,
    0x00c154, 0x00c155, 0x00c156, 0x00c157, 0x00c158, 0x00c159, 0x00c15a, 0x00c15b, 0x00c15c,
    0x00c15d, 0x00c161, 0x00c162, 0x00c163, 0x00c164, 0x00c165, 0x00c166, 0x00c167, 0x00c168,
    0x00c169, 0x00c16a, 0x00c16b, 0x00c16c, 0x00c16d, 0x00c16e, 0x00c16f, 0x00c170, 0x00c171,
    0x00c173, 0x00c174, 0x00c175, 0x00c176, 0x00c177, 0x00c178, 0x00c179, 0x00c17a, 0x00c17b,
    0x00c17c, 0x00c17d, 0x00c181, 0x00c182, 0x00c183, 0x00c184, 0x00c185, 0x00c186, 0x00c187,
    0x00c188, 0x00c189, 0x00c18a, 0x00c18b, 0x00c18c, 0x00c18d, 0x00c18e, 0x00c18f, 0x00c190,
    0x00c191, 0x00c193, 0x00c194, 0x00c195, 0x00c196, 0x00c197, 0x00c198, 0x00c199, 0x00c19a,
    0x00c19b, 0x00c19c, 0x00c19d, 0x00c1a1, 0x00c1a2, 0x00c1a3, 0x00c1a4, 0x00c1a5, 0x00c1a6,
    0x00c1a7, 0x00c1a8, 0x00c1a9, 0x00c1aa, 0x00c1ab, 0x00c1ac, 0x00c1ad, 0x00c1ae, 0x00c1af,
    0x00c1b0, 0x00c1b1, 0x00c1b3, 0x00c1b4, 0x00c1b5, 0x00c1b6, 0x00c1b7, 0x00c1b8, 0x00c1b9,
    0x00c1ba, 0x00c1bb, 0x00c1bc, 0x00c1bd, 0x00c1c1, 0x00c1c2, 0x00c1c3, 0x00c1c4, 0x00c1c5,
    0x00c1c6, 0x00c1c7, 0x00c1c8, 0x00c1c9, 0x00c1ca, 0x00c1cb, 0x00c1cc, 0x00c1cd, 0x00c1ce,
    0x00c1cf, 0x00c1d0, 0x00c1d1, 0x00c1d3, 0x00c1d4, 0x00c1d5, 0x00c1d6, 0x00c1d7, 0x00c1d8,
    0x00c1d9, 0x00c1da, 0x00c1db, 0x00c1dc, 0x00c1dd, 0x00c1e1, 0x00c1e2, 0x00c1e3, 0x00c1e4,
    0x00c1e5, 0x00c1e6, 0x00c1e7, 0x00c1e8, 0x00c1e9, 0x00c1ea, 0x00c1eb, 0x00c1ec, 0x00c1ed,
    0x00c1ee, 0x00c1ef, 0x00c1f0, 0x00c1f1, 0x00c1f3, 0x00c1f4, 0x00c1f5, 0x00c1f6, 0x00c1f7,
    0x00c1f8, 0x00c1f9, 0x00c1fa, 0x00c1fb, 0x00c1fc, 0x00c1fd, 0x00c241, 0x00c242, 0x00c243,
    0x00c244, 0x00c245, 0x00c246, 0x00c247, 0x00c248, 0x00c249, 0x00c24a, 0x00c24b, 0x00c24c,
    0x00c24d, 0x00c24e, 0x00c24f, 0x00c250, 0x00c251, 0x00c253, 0x00c254, 0x00c255, 0x00c256,
    0x00c257, 0x00c258, 0x00c259, 0x00c25a, 0x00c25b, 0x00c25c, 0x00c25d, 0x00c261, 0x00c262,
    0x00c263, 0x00c264, 0x00c265, 0x00c266, 0x00c267, 0x00c268, 0x00c269, 0x00c26a, 0x00c26b,
    0x00c26c, 0x00c26d, 0x00c26e, 0x00c26f, 0x00c270, 0x00c271, 0x00c273, 0x00c274, 0x00c275,
    0x00c276, 0x00c277, 0x00c278, 0x00c279, 0x00c27a, 0x00c27b, 0x00c27c, 0x00c27d, 0x00c281,
    0x00c282, 0x00c283, 0x00c284, 0x00c285, 0x00c286, 0x00c287, 0x00c288, 0x00c289, 0x00c28a,
    0x00c28b, 0x00c28c, 0x00c28d, 0x00c28e, 0x00c28f, 0x00c290, 0x00c291, 0x00c293, 0x00c294,
    0x00c295, 0x00c296, 0x00c297, 0x00c298, 0x00c299, 0x00c29a, 0x00c29b, 0x00c29c, 0x00c29d,
    0x00c2a1, 0x00c2a2, 0x00c2a3, 0x00c2a4, 0x00c2a5, 0x00c2a6, 0x00c2a7, 0x00c2a8, 0x00c2a9,
    0x00c2aa, 0x00c2ab, 0x00c2ac, 0x00c2ad, 0x00c2ae, 0x00c2af, 0x00c2b0, 0x00c2b1, 0x00c2b3,
    0x00c2b4, 0x00c2b5, 0x00c2b6, 0x00c2b7, 0x00c2b8, 0x00c2b9, 0x00c2ba, 0x00c2bb, 0x00c2bc,
    0x00c2bd, 0x00c2c1, 0x00c2c2, 0x00c2c3, 0x00c2c4, 0x00c2c5, 0x00c2c6, 0x00c2c7, 0x00c2c8,
    0x00c2c9, 0x00c2ca, 0x00c2cb, 0x00c2cc, 0x00c2cd, 0x00c2ce, 0x00c2cf, 0x00c2d0, 0x00c2d1,
    0x00c2d3, 0x00c2d4, 0x00c2d5, 0x00c2d6, 0x00c2d7, 0x00c2d8, 0x00c2d9, 0x00c2da, 0x00c2db,
    0x00c2dc, 0x00c2dd, 0x00c2e1, 0x00c2e2, 0x00c2e3, 0x00c2e4, 0x00c2e5, 0x00c2e6, 0x00c2e7,
    0x00c2e8, 0x00c2e9, 0x00c2ea, 0x00c2eb, 0x00c2ec, 0x00c2ed, 0x00c2ee, 0x00c2ef, 0x00c2f0,
    0x00c2f1, 0x00c2f3, 0x00c2f4, 0x00c2f5, 0x00c2f6, 0x00c2f7, 0x00c2f8, 0x00c2f9, 0x00c2fa,
    0x00c2fb, 0x00c2fc, 0x00c2fd, 0x00c341, 0x00c342, 0x00c343, 0x00c344, 0x00c345, 0x00c346,
    0x00c347, 0x00c348, 0x00c349, 0x00c34a, 0x00c34b, 0x00c34c, 0x00c34d, 0x00c34e, 0x00c34f,
    0x00c350, 0x00c351, 0x00c353, 0x00c354, 0x00c355, 0x00c356, 0x00c357, 0x00c358, 0x00c359,
    0x00c35a, 0x00c35b, 0x00c35c, 0x00c35d, 0x00c361, 0x00c362, 0x00c363, 0x00c364, 0x00c365,
    0x00c366, 0x00c367, 0x00c368, 0x00c369, 0x00c36a, 0x00c36b, 0x00c36c, 0x00c36d, 0x00c36e,
    0x00c36f, 0x00c370, 0x00c371, 0x00c373, 0x00c374, 0x00c375, 0x00c376, 0x00c377, 0x00c378,
    0x00c379, 0x00c37a, 0x00c37b, 0x00c37c, 0x00c37d, 0x00c381, 0x00c382, 0x00c383, 0x00c384,
    0x00c385, 0x00c386, 0x00c387, 0x00c388, 0x00c389, 0x00c38a, 0x00c38b, 0x00c38c, 0x00c38d,
    0x00c38e, 0x00c38f, 0x00c390, 0x00c391, 0x00c393, 0x00c394, 0x00c395, 0x00c396, 0x00c397,
    0x00c398, 0x00c399, 0x00c39a, 0x00c39b, 0x00c39c, 0x00c39d, 0x00c3a1, 0x00c3a2, 0x00c3a3,
    0x00c3a4, 0x00c3a5, 0x00c3a6, 0x00c3a7, 0x00c3a8, 0x00c3a9, 0x00c3aa, 0x00c3ab, 0x00c3ac,
    0x00c3ad, 0x00c3ae, 0x00c3af, 0x00c3b0, 0x00c3b1, 0x00c3b3, 0x00c3b4, 0x00c3b5, 0x00c3b6,
    0x00c3b7, 0x00c3b8, 0x00c3b9, 0x00c3ba, 0x00c3bb, 0x00c3bc, 0x00c3bd, 0x00c461, 0x00c462,
    0x00c463, 0x00c464, 0x00c465, 0x00c466, 0x00c467, 0x00c468, 0x00c469, 0x00c46a, 0x00c46b,
    0x00c46c, 0x00c46d, 0x00c46e, 0x00c46f, 0x00c470, 0x00c471, 0x00c473, 0x00c474, 0x00c475,
    0x00c476, 0x00c477, 0x00c478, 0x00c479, 0x00c47a, 0x00c47b, 0x00c47c, 0x00c47d, 0x00c481,
    0x00c482, 0x00c483, 0x00c484, 0x00c485, 0x00c486, 0x00c487, 0x00c488, 0x00c489, 0x00c48a,
    0x00c48b, 0x00c48c, 0x00c48d, 0x00c48e, 0x00c48f, 0x00c490, 0x00c491, 0x00c493, 0x00c494,
    0x00c495, 0x00c496, 0x00c497, 0x00c498, 0x00c499, 0x00c49a, 0x00c49b, 0x00c49c, 0x00c49d,
    0x00c4a1, 0x00c4a2, 0x00c4a3, 0x00c4a4, 0x00c4a5, 0x00c4a6, 0x00c4a7, 0x00c4a8, 0x00c4a9,
    0x00c4aa, 0x00c4ab, 0x00c4ac, 0x00c4ad, 0x00c4ae, 0x00c4af, 0x00c4b0, 0x00c4b1, 0x00c4b3,
    0x00c4b4, 0x00c4b5, 0x00c4b6, 0x00c4b7, 0x00c4b8, 0x00c4b9, 0x00c4ba, 0x00c4bb, 0x00c4bc,
    0x00c4bd, 0x00c4c1, 0x00c4c2, 0x00c4c3, 0x00c4c4, 0x00c4c5, 0x00c4c6, 0x00c4c7, 0x00c4c8,
    0x00c4c9, 0x00c4ca, 0x00c4cb, 0x00c4cc, 0x00c4cd, 0x00c4ce, 0x00c4cf, 0x00c4d0, 0x00c4d1,
    0x00c4d3, 0x00c4d4, 0x00c4d5, 0x00c4d6, 0x00c4d7, 0x00c4d8, 0x00c4d9, 0x00c4da, 0x00c4db,
    0x00c4dc, 0x00c4dd, 0x00c4e1, 0x00c4e2, 0x00c4e3, 0x00c4e4, 0x00c4e5, 0x00c4e6, 0x00c4e7,
    0x00c4e8, 0x00c4e9, 0x00c4ea, 0x00c4eb, 0x00c4ec, 0x00c4ed, 0x00c4ee, 0x00c4ef, 0x00c4f0,
    0x00c4f1, 0x00c4f3, 0x00c4f4, 0x00c4f5, 0x00c4f6, 0x00c4f7, 0x00c4f8, 0x00c4f9, 0x00c4fa,
    0x00c4fb, 0x00c4fc, 0x00c4fd, 0x00c541, 0x00c542, 0x00c543, 0x00c544, 0x00c545, 0x00c546,
    0x00c547, 0x00c548, 0x00c549, 0x00c54a, 0x00c54b, 0x00c54c, 0x00c54d, 0x00c54e, 0x00c54f,
    0x00c550, 0x00c551, 0x00c553, 0x00c554, 0x00c555, 0x00c556, 0x00c557, 0x00c558, 0x00c559,
    0x00c55a, 0x00c55b, 0x00c55c, 0x00c55d, 0x00c561, 0x00c562, 0x00c563, 0x00c564, 0x00c565,
    0x00c566, 0x00c567, 0x00c568, 0x00c569, 0x00c56a, 0x00c56b, 0x00c56c, 0x00c56d, 0x00c56e,
    0x00c56f, 0x00c570, 0x00c571, 0x00c573, 0x00c574, 0x00c575, 0x00c576, 0x00c577, 0x00c578,
    0x00c579, 0x00c57a, 0x00c57b, 0x00c57c, 0x00c57d, 0x00c581, 0x00c582, 0x00c583, 0x00c584,
    0x00c585, 0x00c586, 0x00c587, 0x00c588, 0x00c589, 0x00c58a, 0x00c58b, 0x00c58c, 0x00c58d,
    0x00c58e, 0x00c58f, 0x00c590, 0x00c591, 0x00c593, 0x00c594, 0x00c595, 0x00c596, 0x00c597,
    0x00c598, 0x00c599, 0x00c59a, 0x00c59b, 0x00c59c, 0x00c59d, 0x00c5a1, 0x00c5a2, 0x00c5a3,
    0x00c5a4, 0x00c5a5, 0x00c5a6, 0x00c5a7, 0x00c5a8, 0x00c5a9, 0x00c5aa, 0x00c5ab, 0x00c5ac,
    0x00c5ad, 0x00c5ae, 0x00c5af, 0x00c5b0, 0x00c5b1, 0x00c5b3, 0x00c5b4, 0x00c5b5, 0x00c5b6,
    0x00c5b7, 0x00c5b8, 0x00c5b9, 0x00c5ba, 0x00c5bb, 0x00c5bc, 0x00c5bd, 0x00c5c1, 0x00c5c2,
    0x00c5c3, 0x00c5c4, 0x00c5c5, 0x00c5c6, 0x00c5c7, 0x00c5c8, 0x00c5c9, 0x00c5ca, 0x00c5cb,
    0x00c5cc, 0x00c5cd, 0x00c5ce, 0x00c5cf, 0x00c5d0, 0x00c5d1, 0x00c5d3, 0x00c5d4, 0x00c5d5,
    0x00c5d6, 0x00c5d7, 0x00c5d8, 0x00c5d9, 0x00c5da, 0x00c5db, 0x00c5dc, 0x00c5dd, 0x00c5e1,
    0x00c5e2, 0x00c5e3, 0x00c5e4, 0x00c5e5, 0x00c5e6, 0x00c5e7, 0x00c5e8, 0x00c5e9, 0x00c5ea,
    0x00c5eb, 0x00c5ec, 0x00c5ed, 0x00c5ee, 0x00c5ef, 0x00c5f0, 0x00c5f1, 0x00c5f3, 0x00c5f4,
    0x00c5f5, 0x00c5f6, 0x00c5f7, 0x00c5f8, 0x00c5f9, 0x00c5fa, 0x00c5fb, 0x00c5fc, 0x00c5fd,
    0x00c641, 0x00c642, 0x00c643, 0x00c644, 0x00c645, 0x00c646, 0x00c647, 0x00c648, 0x00c649,
    0x00c64a, 0x00c64b, 0x00c64c, 0x00c64d, 0x00c64e, 0x00c64f, 0x00c650, 0x00c651, 0x00c653,
    0x00c654, 0x00c655, 0x00c656, 0x00c657, 0x00c658, 0x00c659, 0x00c65a, 0x00c65b, 0x00c65c,
    0x00c65d, 0x00c661, 0x00c662, 0x00c663, 0x00c664, 0x00c665, 0x00c666, 0x00c667, 0x00c668,
    0x00c669, 0x00c66a, 0x00c66b, 0x00c66c, 0x00c66d, 0x00c66e, 0x00c66f, 0x00c670, 0x00c671,
    0x00c673, 0x00c674, 0x00c675, 0x00c676, 0x00c677, 0x00c678, 0x00c679, 0x00c67a, 0x00c67b,
    0x00c67c, 0x00c67d, 0x00c681, 0x00c682, 0x00c683, 0x00c684, 0x00c685, 0x00c686, 0x00c687,
    0x00c688, 0x00c689, 0x00c68a, 0x00c68b, 0x00c68c, 0x00c68d, 0x00c68e, 0x00c68f, 0x00c690,
    0x00c691, 0x00c693, 0x00c694, 0x00c695, 0x00c696, 0x00c697, 0x00c698, 0x00c699, 0x00c69a,
    0x00c69b, 0x00c69c, 0x00c69d, 0x00c6a1, 0x00c6a2, 0x00c6a3, 0x00c6a4, 0x00c6a5, 0x00c6a6,
    0x00c6a7, 0x00c6a8, 0x00c6a9, 0x00c6aa, 0x00c6ab, 0x00c6ac, 0x00c6ad, 0x00c6ae, 0x00c6af,
    0x00c6b0, 0x00c6b1, 0x00c6b3, 0x00c6b4, 0x00c6b5, 0x00c6b6, 0x00c6b7, 0x00c6b8, 0x00c6b9,
    0x00c6ba, 0x00c6bb, 0x00c6bc, 0x00c6bd, 0x00c6c1, 0x00c6c2, 0x00c6c3, 0x00c6c4, 0x00c6c5,
    0x00c6c6, 0x00c6c7, 0x00c6c8, 0x00c6c9, 0x00c6ca, 0x00c6cb, 0x00c6cc, 0x00c6cd, 0x00c6ce,
    0x00c6cf, 0x00c6d0, 0x00c6d1, 0x00c6d3, 0x00c6d4, 0x00c6d5, 0x00c6d6, 0x00c6d7, 0x00c6d8,
    0x00c6d9, 0x00c6da, 0x00c6db, 0x00c6dc, 0x00c6dd, 0x00c6e1, 0x00c6e2, 0x00c6e3, 0x00c6e4,
    0x00c6e5, 0x00c6e6, 0x00c6e7, 0x00c6e8, 0x00c6e9, 0x00c6ea, 0x00c6eb, 0x00c6ec, 0x00c6ed,
    0x00c6ee, 0x00c6ef, 0x00c6f0, 0x00c6f1, 0x00c6f3, 0x00c6f4, 0x00c6f5, 0x00c6f6, 0x00c6f7,
    0x00c6f8, 0x00c6f9, 0x00c6fa, 0x00c6fb, 0x00c6fc, 0x00c6fd, 0x00c741, 0x00c742, 0x00c743,
    0x00c744, 0x00c745, 0x00c746, 0x00c747, 0x00c748, 0x00c749, 0x00c74a, 0x00c74b, 0x00c74c,
    0x00c74d, 0x00c74e, 0x00c74f, 0x00c750, 0x00c751, 0x00c753, 0x00c754, 0x00c755, 0x00c756,
    0x00c757, 0x00c758, 0x00c759, 0x00c75a, 0x00c75b, 0x00c75c, 0x00c75d, 0x00c761, 0x00c762,
    0x00c763, 0x00c764, 0x00c765, 0x00c766, 0x00c767, 0x00c768, 0x00c769, 0x00c76a, 0x00c76b,
    0x00c76c, 0x00c76d, 0x00c76e, 0x00c76f, 0x00c770, 0x00c771, 0x00c773, 0x00c774, 0x00c775,
    0x00c776, 0x00c777, 0x00c778, 0x00c779, 0x00c77a, 0x00c77b, 0x00c77c, 0x00c77d, 0x00c781,
    0x00c782, 0x00c783, 0x00c784, 0x00c785, 0x00c786, 0x00c787, 0x00c788, 0x00c789, 0x00c78a,
    0x00c78b, 0x00c78c, 0x00c78d, 0x00c78e, 0x00c78f, 0x00c790, 0x00c791, 0x00c793, 0x00c794,
    0x00c795, 0x00c796, 0x00c797, 0x00c798, 0x00c799, 0x00c79a, 0x00c79b, 0x00c79c, 0x00c79d,
    0x00c7a1, 0x00c7a2, 0x00c7a3, 0x00c7a4, 0x00c7a5, 0x00c7a6, 0x00c7a7, 0x00c7a8, 0x00c7a9,
    0x00c7aa, 0x00c7ab, 0x00c7ac, 0x00c7ad, 0x00c7ae, 0x00c7af, 0x00c7b0, 0x00c7b1, 0x00c7b3,
    0x00c7b4, 0x00c7b5, 0x00c7b6, 0x00c7b7, 0x00c7b8, 0x00c7b9, 0x00c7ba, 0x00c7bb, 0x00c7bc,
    0x00c7bd, 0x00c861, 0x00c862, 0x00c863, 0x00c864, 0x00c865, 0x00c866, 0x00c867, 0x00c868,
    0x00c869, 0x00c86a, 0x00c86b, 0x00c86c, 0x00c86d, 0x00c86e, 0x00c86f, 0x00c870, 0x00c871,
    0x00c873, 0x00c874, 0x00c875, 0x00c876, 0x00c877, 0x00c878, 0x00c879, 0x00c87a, 0x00c87b,
    0x00c87c, 0x00c87d, 0x00c881, 0x00c882, 0x00c883, 0x00c884, 0x00c885, 0x00c886, 0x00c887,
    0x00c888, 0x00c889, 0x00c88a, 0x00c88b, 0x00c88c, 0x00c88d, 0x00c88e, 0x00c88f, 0x00c890,
    0x00c891, 0x00c893, 0x00c894, 0x00c895, 0x00c896, 0x00c897, 0x00c898, 0x00c899, 0x00c89a,
    0x00c89b, 0x00c89c, 0x00c89d, 0x00c8a1, 0x00c8a2, 0x00c8a3, 0x00c8a4, 0x00c8a5, 0x00c8a6,
    0x00c8a7, 0x00c8a8, 0x00c8a9, 0x00c8aa, 0x00c8ab, 0x00c8ac, 0x00c8ad, 0x00c8ae, 0x00c8af,
    0x00c8b0, 0x00c8b1, 0x00c8b3, 0x00c8b4, 0x00c8b5, 0x00c8b6, 0x00c8b7, 0x00c8b8, 0x00c8b9,
    0x00c8ba, 0x00c8bb, 0x00c8bc, 0x00c8bd, 0x00c8c1, 0x00c8c2, 0x00c8c3, 0x00c8c4, 0x00c8c5,
    0x00c8c6, 0x00c8c7, 0x00c8c8, 0x00c8c9, 0x00c8ca, 0x00c8cb, 0x00c8cc, 0x00c8cd, 0x00c8ce,
    0x00c8cf, 0x00c8d0, 0x00c8d1, 0x00c8d3, 0x00c8d4, 0x00c8d5, 0x00c8d6, 0x00c8d7, 0x00c8d8,
    0x00c8d9, 0x00c8da, 0x00c8db, 0x00c8dc, 0x00c8dd, 0x00c8e1, 0x00c8e2, 0x00c8e3, 0x00c8e4,
    0x00c8e5, 0x00c8e6, 0x00c8e7, 0x00c8e8, 0x00c8e9, 0x00c8ea, 0x00c8eb, 0x00c8ec, 0x00c8ed,
    0x00c8ee, 0x00c8ef, 0x00c8f0, 0x00c8f1, 0x00c8f3, 0x00c8f4, 0x00c8f5, 0x00c8f6, 0x00c8f7,
    0x00c8f8, 0x00c8f9, 0x00c8fa, 0x00c8fb, 0x00c8fc, 0x00c8fd, 0x00c941, 0x00c942, 0x00c943,
    0x00c944, 0x00c945, 0x00c946, 0x00c947, 0x00c948, 0x00c949, 0x00c94a, 0x00c94b, 0x00c94c,
    0x00c94d, 0x00c94e, 0x00c94f, 0x00c950, 0x00c951, 0x00c953, 0x00c954, 0x00c955, 0x00c956,
    0x00c957, 0x00c958, 0x00c959, 0x00c95a, 0x00c95b, 0x00c95c, 0x00c95d, 0x00c961, 0x00c962,
    0x00c963, 0x00c964, 0x00c965, 0x00c966, 0x00c967, 0x00c968, 0x00c969, 0x00c96a, 0x00c96b,
    0x00c96c, 0x00c96d, 0x00c96e, 0x00c96f, 0x00c970, 0x00c971, 0x00c973, 0x00c974, 0x00c975,
    0x00c976, 0x00c977, 0x00c978, 0x00c979, 0x00c97a, 0x00c97b, 0x00c97c, 0x00c97d, 0x00c981,
    0x00c982, 0x00c983, 0x00c984, 0x00c985, 0x00c986, 0x00c987, 0x00c988, 0x00c989, 0x00c98a,
    0x00c98b, 0x00c98c, 0x00c98d, 0x00c98e, 0x00c98f, 0x00c990, 0x00c991, 0x00c993, 0x00c994,
    0x00c995, 0x00c996, 0x00c997, 0x00c998, 0x00c999, 0x00c99a, 0x00c99b, 0x00c99c, 0x00c99d,
    0x00c9a1, 0x00c9a2, 0x00c9a3, 0x00c9a4, 0x00c9a5, 0x00c9a6, 0x00c9a7, 0x00c9a8, 0x00c9a9,
    0x00c9aa, 0x00c9ab, 0x00c9ac, 0x00c9ad, 0x00c9ae, 0x00c9af, 0x00c9b0, 0x00c9b1, 0x00c9b3,
    0x00c9b4, 0x00c9b5, 0x00c9b6, 0x00c9b7, 0x00c9b8, 0x00c9b9, 0x00c9ba, 0x00c9bb, 0x00c9bc,
    0x00c9bd, 0x00c9c1, 0x00c9c2, 0x00c9c3, 0x00c9c4, 0x00c9c5, 0x00c9c6, 0x00c9c7, 0x00c9c8,
    0x00c9c9, 0x00c9ca, 0x00c9cb, 0x00c9cc, 0x00c9cd, 0x00c9ce, 0x00c9cf, 0x00c9d0, 0x00c9d1,
    0x00c9d3, 0x00c9d4, 0x00c9d5, 0x00c9d6, 0x00c9d7, 0x00c9d8, 0x00c9d9, 0x00c9da, 0x00c9db,
    0x00c9dc, 0x00c9dd, 0x00c9e1, 0x00c9e2, 0x00c9e3, 0x00c9e4, 0x00c9e5, 0x00c9e6, 0x00c9e7,
    0x00c9e8, 0x00c9e9, 0x00c9ea, 0x00c9eb, 0x00c9ec, 0x00c9ed, 0x00c9ee, 0x00c9ef, 0x00c9f0,
    0x00c9f1, 0x00c9f3, 0x00c9f4, 0x00c9f5, 0x00c9f6, 0x00c9f7, 0x00c9f8, 0x00c9f9, 0x00c9fa,
    0x00c9fb, 0x00c9fc, 0x00c9fd, 0x00ca41, 0x00ca42, 0x00ca43, 0x00ca44, 0x00ca45, 0x00ca46,
    0x00ca47, 0x00ca48, 0x00ca49, 0x00ca4a, 0x00ca4b, 0x00ca4c, 0x00ca4d, 0x00ca4e, 0x00ca4f,
    0x00ca50, 0x00ca51, 0x00ca53, 0x00ca54, 0x00ca55, 0x00ca56, 0x00ca57, 0x00ca58, 0x00ca59,
    0x00ca5a, 0x00ca5b, 0x00ca5c, 0x00ca5d, 0x00ca61, 0x00ca62, 0x00ca63, 0x00ca64, 0x00ca65,
    0x00ca66, 0x00ca67, 0x00ca68, 0x00ca69, 0x00ca6a, 0x00ca6b, 0x00ca6c, 0x00ca6d, 0x00ca6e,
    0x00ca6f, 0x00ca70, 0x00ca71, 0x00ca73, 0x00ca74, 0x00ca75, 0x00ca76, 0x00ca77, 0x00ca78,
    0x00ca79, 0x00ca7a, 0x00ca7b, 0x00ca7c, 0x00ca7d, 0x00ca81, 0x00ca82, 0x00ca83, 0x00ca84,
    0x00ca85, 0x00ca86, 0x00ca87, 0x00ca88, 0x00ca89, 0x00ca8a, 0x00ca8b, 0x00ca8c, 0x00ca8d,
    0x00ca8e, 0x00ca8f, 0x00ca90, 0x00ca91, 0x00ca93, 0x00ca94, 0x00ca95, 0x00ca96, 0x00ca97,
    0x00ca98, 0x00ca99, 0x00ca9a, 0x00ca9b, 0x00ca9c, 0x00ca9d, 0x00caa1, 0x00caa2, 0x00caa3,
    0x00caa4, 0x00caa5, 0x00caa6, 0x00caa7, 0x00caa8, 0x00caa9, 0x00caaa, 0x00caab, 0x00caac,
    0x00caad, 0x00caae, 0x00caaf, 0x00cab0, 0x00cab1, 0x00cab3, 0x00cab4, 0x00cab5, 0x00cab6,
    0x00cab7, 0x00cab8, 0x00cab9, 0x00caba, 0x00cabb, 0x00cabc, 0x00cabd, 0x00cac1, 0x00cac2,
    0x00cac3, 0x00cac4, 0x00cac5, 0x00cac6, 0x00cac7, 0x00cac8, 0x00cac9, 0x00caca, 0x00cacb,
    0x00cacc, 0x00cacd, 0x00cace, 0x00cacf, 0x00cad0, 0x00cad1, 0x00cad3, 0x00cad4, 0x00cad5,
    0x00cad6, 0x00cad7, 0x00cad8, 0x00cad9, 0x00cada, 0x00cadb, 0x00cadc, 0x00cadd, 0x00cae1,
    0x00cae2, 0x00cae3, 0x00cae4, 0x00cae5, 0x00cae6, 0x00cae7, 0x00cae8, 0x00cae9, 0x00caea,
    0x00caeb, 0x00caec, 0x00caed, 0x00caee, 0x00caef, 0x00caf0, 0x00caf1, 0x00caf3, 0x00caf4,
    0x00caf5, 0x00caf6, 0x00caf7, 0x00caf8, 0x00caf9, 0x00cafa, 0x00cafb, 0x00cafc, 0x00cafd,
    0x00cb41, 0x00cb42, 0x00cb43, 0x00cb44, 0x00cb45, 0x00cb46, 0x00cb47, 0x00cb48, 0x00cb49,
    0x00cb4a, 0x00cb4b, 0x00cb4c, 0x00cb4d, 0x00cb4e, 0x00cb4f, 0x00cb50, 0x00cb51, 0x00cb53,
    0x00cb54, 0x00cb55, 0x00cb56, 0x00cb57, 0x00cb58, 0x00cb59, 0x00cb5a, 0x00cb5b, 0x00cb5c,
    0x00cb5d, 0x00cb61, 0x00cb62, 0x00cb63, 0x00cb64, 0x00cb65, 0x00cb66, 0x00cb67, 0x00cb68,
    0x00cb69, 0x00cb6a, 0x00cb6b, 0x00cb6c, 0x00cb6d, 0x00cb6e, 0x00cb6f, 0x00cb70, 0x00cb71,
    0x00cb73, 0x00cb74, 0x00cb75, 0x00cb76, 0x00cb77, 0x00cb78, 0x00cb79, 0x00cb7a, 0x00cb7b,
    0x00cb7c, 0x00cb7d, 0x00cb81, 0x00cb82, 0x00cb83, 0x00cb84, 0x00cb85, 0x00cb86, 0x00cb87,
    0x00cb88, 0x00cb89, 0x00cb8a, 0x00cb8b, 0x00cb8c, 0x00cb8d, 0x00cb8e, 0x00cb8f, 0x00cb90,
    0x00cb91, 0x00cb93, 0x00cb94, 0x00cb95, 0x00cb96, 0x00cb97, 0x00cb98, 0x00cb99, 0x00cb9a,
    0x00cb9b, 0x00cb9c, 0x00cb9d, 0x00cba1, 0x00cba2, 0x00cba3, 0x00cba4, 0x00cba5, 0x00cba6,
    0x00cba7, 0x00cba8, 0x00cba9, 0x00cbaa, 0x00cbab, 0x00cbac, 0x00cbad, 0x00cbae, 0x00cbaf,
    0x00cbb0, 0x00cbb1, 0x00cbb3, 0x00cbb4, 0x00cbb5, 0x00cbb6, 0x00cbb7, 0x00cbb8, 0x00cbb9,
    0x00cbba, 0x00cbbb, 0x00cbbc, 0x00cbbd, 0x00cc61, 0x00cc62, 0x00cc63, 0x00cc64, 0x00cc65,
    0x00cc66, 0x00cc67, 0x00cc68, 0x00cc69, 0x00cc6a, 0x00cc6b, 0x00cc6c, 0x00cc6d, 0x00cc6e,
    0x00cc6f, 0x00cc70, 0x00cc71, 0x00cc73, 0x00cc74, 0x00cc75, 0x00cc76, 0x00cc77, 0x00cc78,
    0x00cc79, 0x00cc7a, 0x00cc7b, 0x00cc7c, 0x00cc7d, 0x00cc81, 0x00cc82, 0x00cc83, 0x00cc84,
    0x00cc85, 0x00cc86, 0x00cc87, 0x00cc88, 0x00cc89, 0x00cc8a, 0x00cc8b, 0x00cc8c, 0x00cc8d,
    0x00cc8e, 0x00cc8f, 0x00cc90, 0x00cc91, 0x00cc93, 0x00cc94, 0x00cc95, 0x00cc96, 0x00cc97,
    0x00cc98, 0x00cc99, 0x00cc9a, 0x00cc9b, 0x00cc9c, 0x00cc9d, 0x00cca1, 0x00cca2, 0x00cca3,
    0x00cca4, 0x00cca5, 0x00cca6, 0x00cca7, 0x00cca8, 0x00cca9, 0x00ccaa, 0x00ccab, 0x00ccac,
    0x00ccad, 0x00ccae, 0x00ccaf, 0x00ccb0, 0x00ccb1, 0x00ccb3, 0x00ccb4, 0x00ccb5, 0x00ccb6,
    0x00ccb7, 0x00ccb8, 0x00ccb9, 0x00ccba, 0x00ccbb, 0x00ccbc, 0x00ccbd, 0x00ccc1, 0x00ccc2,
    0x00ccc3, 0x00ccc4, 0x00ccc5, 0x00ccc6, 0x00ccc7, 0x00ccc8, 0x00ccc9, 0x00ccca, 0x00cccb,
    0x00cccc, 0x00cccd, 0x00ccce, 0x00cccf, 0x00ccd0, 0x00ccd1, 0x00ccd3, 0x00ccd4, 0x00ccd5,
    0x00ccd6, 0x00ccd7, 0x00ccd8, 0x00ccd9, 0x00ccda, 0x00ccdb, 0x00ccdc, 0x00ccdd, 0x00cce1,
    0x00cce2, 0x00cce3, 0x00cce4, 0x00cce5, 0x00cce6, 0x00cce7, 0x00cce8, 0x00cce9, 0x00ccea,
    0x00cceb, 0x00ccec, 0x00cced, 0x00ccee, 0x00ccef, 0x00ccf0, 0x00ccf1, 0x00ccf3, 0x00ccf4,
    0x00ccf5, 0x00ccf6, 0x00ccf7, 0x00ccf8, 0x00ccf9, 0x00ccfa, 0x00ccfb, 0x00ccfc, 0x00ccfd,
    0x00cd41, 0x00cd42, 0x00cd43, 0x00cd44, 0x00cd45, 0x00cd46, 0x00cd47, 0x00cd48, 0x00cd49,
    0x00cd4a, 0x00cd4b, 0x00cd4c, 0x00cd4d, 0x00cd4e, 0x00cd4f, 0x00cd50, 0x00cd51, 0x00cd53,
    0x00cd54, 0x00cd55, 0x00cd56, 0x00cd57, 0x00cd58, 0x00cd59, 0x00cd5a, 0x00cd5b, 0x00cd5c,
    0x00cd5d, 0x00cd61, 0x00cd62, 0x00cd63, 0x00cd64, 0x00cd65, 0x00cd66, 0x00cd67, 0x00cd68,
    0x00cd69, 0x00cd6a, 0x00cd6b, 0x00cd6c, 0x00cd6d, 0x00cd6e, 0x00cd6f, 0x00cd70, 0x00cd71,
    0x00cd73, 0x00cd74, 0x00cd75, 0x00cd76, 0x00cd77, 0x00cd78, 0x00cd79, 0x00cd7a, 0x00cd7b,
    0x00cd7c, 0x00cd7d, 0x00cd81, 0x00cd82, 0x00cd83, 0x00cd84, 0x00cd85, 0x00cd86, 0x00cd87,
    0x00cd88, 0x00cd89, 0x00cd8a, 0x00cd8b, 0x00cd8c, 0x00cd8d, 0x00cd8e, 0x00cd8f, 0x00cd90,
    0x00cd91, 0x00cd93, 0x00cd94, 0x00cd95, 0x00cd96, 0x00cd97, 0x00cd98, 0x00cd99, 0x00cd9a,
    0x00cd9b, 0x00cd9c, 0x00cd9d, 0x00cda1, 0x00cda2, 0x00cda3, 0x00cda4, 0x00cda5, 0x00cda6,
    0x00cda7, 0x00cda8, 0x00cda9, 0x00cdaa, 0x00cdab, 0x00cdac, 0x00cdad, 0x00cdae, 0x00cdaf,
    0x00cdb0, 0x00cdb1, 0x00cdb3, 0x00cdb4, 0x00cdb5, 0x00cdb6, 0x00cdb7, 0x00cdb8, 0x00cdb9,
    0x00cdba, 0x00cdbb, 0x00cdbc, 0x00cdbd, 0x00cdc1, 0x00cdc2, 0x00cdc3, 0x00cdc4, 0x00cdc5,
    0x00cdc6, 0x00cdc7, 0x00cdc8, 0x00cdc9, 0x00cdca, 0x00cdcb, 0x00cdcc, 0x00cdcd, 0x00cdce,
    0x00cdcf, 0x00cdd0, 0x00cdd1, 0x00cdd3, 0x00cdd4, 0x00cdd5, 0x00cdd6, 0x00cdd7, 0x00cdd8,
    0x00cdd9, 0x00cdda, 0x00cddb, 0x00cddc, 0x00cddd, 0x00cde1, 0x00cde2, 0x00cde3, 0x00cde4,
    0x00cde5, 0x00cde6, 0x00cde7, 0x00cde8, 0x00cde9, 0x00cdea, 0x00cdeb, 0x00cdec, 0x00cded,
    0x00cdee, 0x00cdef, 0x00cdf0, 0x00cdf1, 0x00cdf3, 0x00cdf4, 0x00cdf5, 0x00cdf6, 0x00cdf7,
    0x00cdf8, 0x00cdf9, 0x00cdfa, 0x00cdfb, 0x00cdfc, 0x00cdfd, 0x00ce41, 0x00ce42, 0x00ce43,
    0x00ce44, 0x00ce45, 0x00ce46, 0x00ce47, 0x00ce48, 0x00ce49, 0x00ce4a, 0x00ce4b, 0x00ce4c,
    0x00ce4d, 0x00ce4e, 0x00ce4f, 0x00ce50, 0x00ce51, 0x00ce53, 0x00ce54, 0x00ce55, 0x00ce56,
    0x00ce57, 0x00ce58, 0x00ce59, 0x00ce5a, 0x00ce5b, 0x00ce5c, 0x00ce5d, 0x00ce61, 0x00ce62,
    0x00ce63, 0x00ce64, 0x00ce65, 0x00ce66, 0x00ce67, 0x00ce68, 0x00ce69, 0x00ce6a, 0x00ce6b,
    0x00ce6c, 0x00ce6d, 0x00ce6e, 0x00ce6f, 0x00ce70, 0x00ce71, 0x00ce73, 0x00ce74, 0x00ce75,
    0x00ce76, 0x00ce77, 0x00ce78, 0x00ce79, 0x00ce7a, 0x00ce7b, 0x00ce7c, 0x00ce7d, 0x00ce81,
    0x00ce82, 0x00ce83, 0x00ce84, 0x00ce85, 0x00ce86, 0x00ce87, 0x00ce88, 0x00ce89, 0x00ce8a,
    0x00ce8b, 0x00ce8c, 0x00ce8d, 0x00ce8e, 0x00ce8f, 0x00ce90, 0x00ce91, 0x00ce93, 0x00ce94,
    0x00ce95, 0x00ce96, 0x00ce97, 0x00ce98, 0x00ce99, 0x00ce9a, 0x00ce9b, 0x00ce9c, 0x00ce9d,
    0x00cea1, 0x00cea2, 0x00cea3, 0x00cea4, 0x00cea5, 0x00cea6, 0x00cea7, 0x00cea8, 0x00cea9,
    0x00ceaa, 0x00ceab, 0x00ceac, 0x00cead, 0x00ceae, 0x00ceaf, 0x00ceb0, 0x00ceb1, 0x00ceb3,
    0x00ceb4, 0x00ceb5, 0x00ceb6, 0x00ceb7, 0x00ceb8, 0x00ceb9, 0x00ceba, 0x00cebb, 0x00cebc,
    0x00cebd, 0x00cec1, 0x00cec2, 0x00cec3, 0x00cec4, 0x00cec5, 0x00cec6, 0x00cec7, 0x00cec8,
    0x00cec9, 0x00ceca, 0x00cecb, 0x00cecc, 0x00cecd, 0x00cece, 0x00cecf, 0x00ced0, 0x00ced1,
    0x00ced3, 0x00ced4, 0x00ced5, 0x00ced6, 0x00ced7, 0x00ced8, 0x00ced9, 0x00ceda, 0x00cedb,
    0x00cedc, 0x00cedd, 0x00cee1, 0x00cee2, 0x00cee3, 0x00cee4, 0x00cee5, 0x00cee6, 0x00cee7,
    0x00cee8, 0x00cee9, 0x00ceea, 0x00ceeb, 0x00ceec, 0x00ceed, 0x00ceee, 0x00ceef, 0x00cef0,
    0x00cef1, 0x00cef3, 0x00cef4, 0x00cef5, 0x00cef6, 0x00cef7, 0x00cef8, 0x00cef9, 0x00cefa,
    0x00cefb, 0x00cefc, 0x00cefd, 0x00cf41, 0x00cf42, 0x00cf43, 0x00cf44, 0x00cf45, 0x00cf46,
    0x00cf47, 0x00cf48, 0x00cf49, 0x00cf4a, 0x00cf4b, 0x00cf4c, 0x00cf4d, 0x00cf4e, 0x00cf4f,
    0x00cf50, 0x00cf51, 0x00cf53, 0x00cf54, 0x00cf55, 0x00cf56, 0x00cf57, 0x00cf58, 0x00cf59,
    0x00cf5a, 0x00cf5b, 0x00cf5c, 0x00cf5d, 0x00cf61, 0x00cf62, 0x00cf63, 0x00cf64, 0x00cf65,
    0x00cf66, 0x00cf67, 0x00cf68, 0x00cf69, 0x00cf6a, 0x00cf6b, 0x00cf6c, 0x00cf6d, 0x00cf6e,
    0x00cf6f, 0x00cf70, 0x00cf71, 0x00cf73, 0x00cf74, 0x00cf75, 0x00cf76, 0x00cf77, 0x00cf78,
    0x00cf79, 0x00cf7a, 0x00cf7b, 0x00cf7c, 0x00cf7d, 0x00cf81, 0x00cf82, 0x00cf83, 0x00cf84,
    0x00cf85, 0x00cf86, 0x00cf87, 0x00cf88, 0x00cf89, 0x00cf8a, 0x00cf8b, 0x00cf8c, 0x00cf8d,
    0x00cf8e, 0x00cf8f, 0x00cf90, 0x00cf91, 0x00cf93, 0x00cf94, 0x00cf95, 0x00cf96, 0x00cf97,
    0x00cf98, 0x00cf99, 0x00cf9a, 0x00cf9b, 0x00cf9c, 0x00cf9d, 0x00cfa1, 0x00cfa2, 0x00cfa3,
    0x00cfa4, 0x00cfa5, 0x00cfa6, 0x00cfa7, 0x00cfa8, 0x00cfa9, 0x00cfaa, 0x00cfab, 0x00cfac,
    0x00cfad, 0x00cfae, 0x00cfaf, 0x00cfb0, 0x00cfb1, 0x00cfb3, 0x00cfb4, 0x00cfb5, 0x00cfb6,
    0x00cfb7, 0x00cfb8, 0x00cfb9, 0x00cfba, 0x00cfbb, 0x00cfbc, 0x00cfbd, 0x00d061, 0x00d062,
    0x00d063, 0x00d064, 0x00d065, 0x00d066, 0x00d067, 0x00d068, 0x00d069, 0x00d06a, 0x00d06b,
    0x00d06c, 0x00d06d, 0x00d06e, 0x00d06f, 0x00d070, 0x00d071, 0x00d073, 0x00d074, 0x00d075,
    0x00d076, 0x00d077, 0x00d078, 0x00d079, 0x00d07a, 0x00d07b, 0x00d07c, 0x00d07d, 0x00d081,
    0x00d082, 0x00d083, 0x00d084, 0x00d085, 0x00d086, 0x00d087, 0x00d088, 0x00d089, 0x00d08a,
    0x00d08b, 0x00d08c, 0x00d08d, 0x00d08e, 0x00d08f, 0x00d090, 0x00d091, 0x00d093, 0x00d094,
    0x00d095, 0x00d096, 0x00d097, 0x00d098, 0x00d099, 0x00d09a, 0x00d09b, 0x00d09c, 0x00d09d,
    0x00d0a1, 0x00d0a2, 0x00d0a3, 0x00d0a4, 0x00d0a5, 0x00d0a6, 0x00d0a7, 0x00d0a8, 0x00d0a9,
    0x00d0aa, 0x00d0ab, 0x00d0ac, 0x00d0ad, 0x00d0ae, 0x00d0af, 0x00d0b0, 0x00d0b1, 0x00d0b3,
    0x00d0b4, 0x00d0b5, 0x00d0b6, 0x00d0b7, 0x00d0b8, 0x00d0b9, 0x00d0ba, 0x00d0bb, 0x00d0bc,
    0x00d0bd, 0x00d0c1, 0x00d0c2, 0x00d0c3, 0x00d0c4, 0x00d0c5, 0x00d0c6, 0x00d0c7, 0x00d0c8,
    0x00d0c9, 0x00d0ca, 0x00d0cb, 0x00d0cc, 0x00d0cd, 0x00d0ce, 0x00d0cf, 0x00d0d0, 0x00d0d1,
    0x00d0d3, 0x00d0d4, 0x00d0d5, 0x00d0d6, 0x00d0d7, 0x00d0d8, 0x00d0d9, 0x00d0da, 0x00d0db,
    0x00d0dc, 0x00d0dd, 0x00d0e1, 0x00d0e2, 0x00d0e3, 0x00d0e4, 0x00d0e5, 0x00d0e6, 0x00d0e7,
    0x00d0e8, 0x00d0e9, 0x00d0ea, 0x00d0eb, 0x00d0ec, 0x00d0ed, 0x00d0ee, 0x00d0ef, 0x00d0f0,
    0x00d0f1, 0x00d0f3, 0x00d0f4, 0x00d0f5, 0x00d0f6, 0x00d0f7, 0x00d0f8, 0x00d0f9, 0x00d0fa,
    0x00d0fb, 0x00d0fc, 0x00d0fd, 0x00d141, 0x00d142, 0x00d143, 0x00d144, 0x00d145, 0x00d146,
    0x00d147, 0x00d148, 0x00d149, 0x00d14a, 0x00d14b, 0x00d14c, 0x00d14d, 0x00d14e, 0x00d14f,
    0x00d150, 0x00d151, 0x00d153, 0x00d154, 0x00d155, 0x00d156, 0x00d157, 0x00d158, 0x00d159,
    0x00d15a, 0x00d15b, 0x00d15c, 0x00d15d, 0x00d161, 0x00d162, 0x00d163, 0x00d164, 0x00d165,
    0x00d166, 0x00d167, 0x00d168, 0x00d169, 0x00d16a, 0x00d16b, 0x00d16c, 0x00d16d, 0x00d16e,
    0x00d16f, 0x00d170, 0x00d171, 0x00d173, 0x00d174, 0x00d175, 0x00d176, 0x00d177, 0x00d178,
    0x00d179, 0x00d17a, 0x00d17b, 0x00d17c, 0x00d17d, 0x00d181, 0x00d182, 0x00d183, 0x00d184,
    0x00d185, 0x00d186, 0x00d187, 0x00d188, 0x00d189, 0x00d18a, 0x00d18b, 0x00d18c, 0x00d18d,
    0x00d18e, 0x00d18f, 0x00d190, 0x00d191, 0x00d193, 0x00d194, 0x00d195, 0x00d196, 0x00d197,
    0x00d198, 0x00d199, 0x00d19a, 0x00d19b, 0x00d19c, 0x00d19d, 0x00d1a1, 0x00d1a2, 0x00d1a3,
    0x00d1a4, 0x00d1a5, 0x00d1a6, 0x00d1a7, 0x00d1a8, 0x00d1a9, 0x00d1aa, 0x00d1ab, 0x00d1ac,
    0x00d1ad, 0x00d1ae, 0x00d1af, 0x00d1b0, 0x00d1b1, 0x00d1b3, 0x00d1b4, 0x00d1b5, 0x00d1b6,
    0x00d1b7, 0x00d1b8, 0x00d1b9, 0x00d1ba, 0x00d1bb, 0x00d1bc, 0x00d1bd, 0x00d1c1, 0x00d1c2,
    0x00d1c3, 0x00d1c4, 0x00d1c5, 0x00d1c6, 0x00d1c7, 0x00d1c8, 0x00d1c9, 0x00d1ca, 0x00d1cb,
    0x00d1cc, 0x00d1cd, 0x00d1ce, 0x00d1cf, 0x00d1d0, 0x00d1d1, 0x00d1d3, 0x00d1d4, 0x00d1d5,
    0x00d1d6, 0x00d1d7, 0x00d1d8, 0x00d1d9, 0x00d1da, 0x00d1db, 0x00d1dc, 0x00d1dd, 0x00d1e1,
    0x00d1e2, 0x00d1e3, 0x00d1e4, 0x00d1e5, 0x00d1e6, 0x00d1e7, 0x00d1e8, 0x00d1e9, 0x00d1ea,
    0x00d1eb, 0x00d1ec, 0x00d1ed, 0x00d1ee, 0x00d1ef, 0x00d1f0, 0x00d1f1, 0x00d1f3, 0x00d1f4,
    0x00d1f5, 0x00d1f6, 0x00d1f7, 0x00d1f8, 0x00d1f9, 0x00d1fa, 0x00d1fb, 0x00d1fc, 0x00d1fd,
    0x00d241, 0x00d242, 0x00d243, 0x00d244, 0x00d245, 0x00d246, 0x00d247, 0x00d248, 0x00d249,
    0x00d24a, 0x00d24b, 0x00d24c, 0x00d24d, 0x00d24e, 0x00d24f, 0x00d250, 0x00d251, 0x00d253,
    0x00d254, 0x00d255, 0x00d256, 0x00d257, 0x00d258, 0x00d259, 0x00d25a, 0x00d25b, 0x00d25c,
    0x00d25d, 0x00d261, 0x00d262, 0x00d263, 0x00d264, 0x00d265, 0x00d266, 0x00d267, 0x00d268,
    0x00d269, 0x00d26a, 0x00d26b, 0x00d26c, 0x00d26d, 0x00d26e, 0x00d26f, 0x00d270, 0x00d271,
    0x00d273, 0x00d274, 0x00d275, 0x00d276, 0x00d277, 0x00d278, 0x00d279, 0x00d27a, 0x00d27b,
    0x00d27c, 0x00d27d, 0x00d281, 0x00d282, 0x00d283, 0x00d284, 0x00d285, 0x00d286, 0x00d287,
    0x00d288, 0x00d289, 0x00d28a, 0x00d28b, 0x00d28c, 0x00d28d, 0x00d28e, 0x00d28f, 0x00d290,
    0x00d291, 0x00d293, 0x00d294, 0x00d295, 0x00d296, 0x00d297, 0x00d298, 0x00d299, 0x00d29a,
    0x00d29b, 0x00d29c, 0x00d29d, 0x00d2a1, 0x00d2a2, 0x00d2a3, 0x00d2a4, 0x00d2a5, 0x00d2a6,
    0x00d2a7, 0x00d2a8, 0x00d2a9, 0x00d2aa, 0x00d2ab, 0x00d2ac, 0x00d2ad, 0x00d2ae, 0x00d2af,
    0x00d2b0, 0x00d2b1, 0x00d2b3, 0x00d2b4, 0x00d2b5, 0x00d2b6, 0x00d2b7, 0x00d2b8, 0x00d2b9,
    0x00d2ba, 0x00d2bb, 0x00d2bc, 0x00d2bd, 0x00d2c1, 0x00d2c2, 0x00d2c3, 0x00d2c4, 0x00d2c5,
    0x00d2c6, 0x00d2c7, 0x00d2c8, 0x00d2c9, 0x00d2ca, 0x00d2cb, 0x00d2cc, 0x00d2cd, 0x00d2ce,
    0x00d2cf, 0x00d2d0, 0x00d2d1, 0x00d2d3, 0x00d2d4, 0x00d2d5, 0x00d2d6, 0x00d2d7, 0x00d2d8,
    0x00d2d9, 0x00d2da, 0x00d2db, 0x00d2dc, 0x00d2dd, 0x00d2e1, 0x00d2e2, 0x00d2e3, 0x00d2e4,
    0x00d2e5, 0x00d2e6, 0x00d2e7, 0x00d2e8, 0x00d2e9, 0x00d2ea, 0x00d2eb, 0x00d2ec, 0x00d2ed,
    0x00d2ee, 0x00d2ef, 0x00d2f0, 0x00d2f1, 0x00d2f3, 0x00d2f4, 0x00d2f5, 0x00d2f6, 0x00d2f7,
    0x00d2f8, 0x00d2f9, 0x00d2fa, 0x00d2fb, 0x00d2fc, 0x00d2fd, 0x00d341, 0x00d342, 0x00d343,
    0x00d344, 0x00d345, 0x00d346, 0x00d347, 0x00d348, 0x00d349, 0x00d34a, 0x00d34b, 0x00d34c,
    0x00d34d, 0x00d34e, 0x00d34f, 0x00d350, 0x00d351, 0x00d353, 0x00d354, 0x00d355, 0x00d356,
    0x00d357, 0x00d358, 0x00d359, 0x00d35a, 0x00d35b, 0x00d35c, 0x00d35d, 0x00d361, 0x00d362,
    0x00d363, 0x00d364, 0x00d365, 0x00d366, 0x00d367, 0x00d368, 0x00d369, 0x00d36a, 0x00d36b,
    0x00d36c, 0x00d36d, 0x00d36e, 0x00d36f, 0x00d370, 0x00d371, 0x00d373, 0x00d374, 0x00d375,
    0x00d376, 0x00d377, 0x00d378, 0x00d379, 0x00d37a, 0x00d37b, 0x00d37c, 0x00d37d, 0x00d381,
    0x00d382, 0x00d383, 0x00d384, 0x00d385, 0x00d386, 0x00d387, 0x00d388, 0x00d389, 0x00d38a,
    0x00d38b, 0x00d38c, 0x00d38d, 0x00d38e, 0x00d38f, 0x00d390, 0x00d391, 0x00d393, 0x00d394,
    0x00d395, 0x00d396, 0x00d397, 0x00d398, 0x00d399, 0x00d39a, 0x00d39b, 0x00d39c, 0x00d39d,
    0x00d3a1, 0x00d3a2, 0x00d3a3, 0x00d3a4, 0x00d3a5, 0x00d3a6, 0x00d3a7, 0x00d3a8, 0x00d3a9,
    0x00d3aa, 0x00d3ab, 0x00d3ac, 0x00d3ad, 0x00d3ae, 0x00d3af, 0x00d3b0, 0x00d3b1, 0x00d3b3,
    0x00d3b4, 0x00d3b5, 0x00d3b6, 0x00d3b7, 0x00d3b8, 0x00d3b9, 0x00d3ba, 0x00d3bb, 0x00d3bc,
    0x00d3bd, 0x000000, 0x000000, 0x000000, 0x000000, 0x000000, 0x000000, 0x000000, 0x000000,
    0x000000, 0x000000, 0x000000, 0x000000, 0x000000, 0x000000, 0x000000, 0x000000, 0x000000,
    0x000000, 0x000000, 0x000000, 0x000000, 0x000000, 0x000000, 0x000000, 0x000000, 0x000000,
    0x000000, 0x000000, 0x00e0d0, 0x00e0d6, 0x00e0e7, 0x00e1cf, 0x00e1e8, 0x00e23d, 0x00e2fb,
    0x00e332, 0x00e348, 0x00e360, 0x00e36d, 0x00e3d4, 0x00e3d5, 0x00e3d8, 0x00e3db, 0x00e3dc,
    0x00e3dd, 0x00e3de, 0x00e3df, 0x00e3e0, 0x00e3e2, 0x00e3e3, 0x00e3e4, 0x00e3e5, 0x00e3e6,
    0x00e3e8, 0x00e3e9, 0x00e3ea, 0x00e3eb, 0x00e3ed, 0x00e3ef, 0x00e3f0, 0x00e3f2, 0x00e3f6,
    0x00e3fa, 0x00e3fc, 0x00e3fd, 0x00e3fe, 0x00e432, 0x00e433, 0x00e437, 0x00e438, 0x00e439,
    0x00e43a, 0x00e43b, 0x00e43d, 0x00e442, 0x00e44e, 0x00e452, 0x00e453, 0x00e454, 0x00e456,
    0x00e457, 0x00e458, 0x00e459, 0x00e45a, 0x00e45b, 0x00e45d, 0x00e45e, 0x00e45f, 0x00e460,
    0x00e461, 0x00e462, 0x00e463, 0x00e464, 0x00e465, 0x00e466, 0x00e467, 0x00e469, 0x00e46a,
    0x00e46e, 0x00e46f, 0x00e471, 0x00e472, 0x00e474, 0x00e475, 0x00e476, 0x00e477, 0x00e478,
    0x00e479, 0x00e47a, 0x00e47b, 0x00e492, 0x00e493, 0x00e494, 0x00e495, 0x00e496, 0x00e497,
    0x00e499, 0x00e49a, 0x00e576, 0x00e59e, 0x00e5a5, 0x00e5ab, 0x00e5ae, 0x00e648, 0x00e65d,
    0x00e6cb, 0x00e6e4, 0x00e8c5, 0x00e8e4, 0x00e935, 0x00e9a5, 0x00e9d5, 0x00e9f4, 0x00ea9e,
    0x00eaa0, 0x00eab3, 0x00eae1, 0x00eae8, 0x00eb93, 0x00ebad, 0x00ebed, 0x00ecf5, 0x00ed31,
    0x00ed39, 0x00edae, 0x00edb1, 0x00edb2, 0x00edb9, 0x00edbb, 0x00edbc, 0x00edc4, 0x00edce,
    0x00edd0, 0x00edd2, 0x00edd6, 0x00edfa, 0x00edfb, 0x00edfc, 0x00edfe, 0x00ee31, 0x00ee34,
    0x00ee37, 0x00ee3d, 0x00ee3f, 0x00ee40, 0x00ee41, 0x00ee43, 0x00ee47, 0x00ee48, 0x00ee4c,
    0x00ee54, 0x00ee56, 0x00ee57, 0x00ee5a, 0x00ee62, 0x00ee66, 0x00ee69, 0x00ee6c, 0x00ee6f,
    0x00ee71, 0x00ee74, 0x00ee75, 0x00ee76, 0x00ee78, 0x00ee7a, 0x00ee7b, 0x00ee7c, 0x00ee91,
    0x00ee93, 0x00ee94, 0x00ee97, 0x00ee98, 0x00ee99, 0x00ee9b, 0x00eea1, 0x00eea6, 0x00eea9,
    0x00eeaa, 0x00eeac, 0x00eead, 0x00eeb0, 0x00eebf, 0x00eec1, 0x00eec6, 0x00eec7, 0x00eecb,
    0x00eecd, 0x00eecf, 0x00eed0, 0x00eed3, 0x00eedf, 0x00eee4, 0x00eee6, 0x00eef7, 0x00ef77,
    0x00ef78, 0x00ef92, 0x00ef93, 0x00ef99, 0x00ef9b, 0x00ef9d, 0x00efa0, 0x00efa7, 0x00efac,
    0x00efcc, 0x00eff7, 0x00f051, 0x00f075, 0x00f096, 0x00f099, 0x00f09e, 0x00f0a0, 0x00f0a4,
    0x00f0a7, 0x00f0a9, 0x00f0aa, 0x00f0ba, 0x00f0bb, 0x00f0bd, 0x00f0c1, 0x00f0c2, 0x00f0c6,
    0x00f0c7, 0x00f0cc, 0x00f0cf, 0x00f0d0, 0x00f0d1, 0x00f0d2, 0x00f0d8, 0x00f136, 0x00f137,
    0x00f13a, 0x00f13f, 0x00f140, 0x00f141, 0x00f142, 0x00f145, 0x00f148, 0x00f14a, 0x00f150,
    0x00f151, 0x00f155, 0x00f156, 0x00f159, 0x00f15a, 0x00f165, 0x00f16d, 0x00f16e, 0x00f171,
    0x00f174, 0x00f177, 0x00f178, 0x00f199, 0x00f19a, 0x00f19c, 0x00f1a1, 0x00f1a2, 0x00f1a3,
    0x00f1ee, 0x00f26b, 0x00f44d, 0x00f49c, 0x00f4b1, 0x00f537, 0x00f57e, 0x00f696, 0x00f698,
    0x00f6b8, 0x00f6c8, 0x00f6d3, 0x00f76b, 0x00f792, 0x00f831, 0x00f832, 0x00f876, 0x00f939,
    0x000000, 0x000000, 0x000000, 0x000000, 0x000000, 0x000000, 0x000000, 0x000000, 0x000000,
    0x000000, 0x000000, 0x000000, 0x000000, 0x000000, 0x000000, 0x000000, 0x000000, 0x000000,
    0x000000, 0x000000, 0x000000, 0x000000, 0x000000, 0x000000, 0x000000, 0x000000, 0x000000,
    0x000000, 0x000000, 0x000000, 0x000000, 0x000000, 0x000000, 0x000000, 0x000000, 0x000000,
    0x000000, 0x000000, 0x000000, 0x000000, 0x000000, 0x000000, 0x000000, 0x000000, 0x000000,
    0x000000, 0x000000, 0x000000, 0x000000, 0x000000, 0x000000, 0x000000, 0x00da31, 0x00da32,
    0x00da33, 0x00da34, 0x00da35, 0x00da36, 0x00da37, 0x00da38, 0x00da39, 0x00da3a, 0x00da3b,
    0x00da3c, 0x00da3d, 0x00da3e, 0x00da3f, 0x00da40, 0x00da41, 0x00da42, 0x00da43, 0x00da44,
    0x00da45, 0x00da46, 0x00da47, 0x00da48, 0x00da49, 0x00da4a, 0x00da4b, 0x00da4c, 0x00da4d,
    0x00da4e, 0x00da4f, 0x00da50, 0x00da51, 0x00da52, 0x00da53, 0x00da54, 0x00da55, 0x00da56,
    0x00da57, 0x00da58, 0x00da59, 0x00da5a, 0x00da5b, 0x00da5c, 0x00da5d, 0x00da5e, 0x00da5f,
    0x00da60, 0x00da61, 0x00da62, 0x00da63, 0x00da64, 0x00da65, 0x00da66, 0x00da67, 0x00da68,
    0x00da69, 0x00da6a, 0x00da6b, 0x00d93c, 0x00da6d, 0x00da6e, 0x00da6f, 0x00da70, 0x00da71,
    0x00da72, 0x00da73, 0x00da74, 0x00da75, 0x00da76, 0x00da77, 0x00da78, 0x00da79, 0x00da7a,
    0x00da7b, 0x00da7c, 0x00da7d, 0x00da7e, 0x00da91, 0x00da92, 0x00da93, 0x00da94, 0x00da95,
    0x00da96, 0x00da97, 0x00da98, 0x00da99, 0x00da9a, 0x00da9b, 0x00da9c, 0x00da9d, 0x00da9e,
    0x00da9f, 0x00d9a6, 0x000000, 0x000000, 0x000000, 0x000000, 0x000000, 0x000000, 0x000000,
    0x000000, 0x000000, 0x000000, 0x000000, 0x000000, 0x000000, 0x000000, 0x000000, 0x000000,
    0x000000, 0x000000, 0x000000, 0x000000, 0x000000, 0x000000, 0x000000, 0x000000, 0x000000,
    0x000000, 0x000000, 0x000000, 0x000000, 0x000000, 0x000000, 0x000000, 0x000000, 0x000000,
    0x000000, 0x000000, 0x000000, 0x000000, 0x000000, 0x000000, 0x000000, 0x000000, 0x000000,
    0x000000, 0x000000, 0x000000, 0x000000, 0x000000, 0x000000, 0x000000, 0x000000, 0x000000,
    0x000000, 0x000000, 0x000000, 0x000000, 0x000000, 0x000000, 0x000000, 0x000000, 0x000000,
    0x000000, 0x000000, 0x000000, 0x000000, 0x00d95b, 0x00d95c, 0x00d9a0, 0x00daa0, 0x000000,
    0x00d95d, 0x00da6c, 0x000000, 0x000000, 0x000000, 0x000000, 0x000000, 0x000000, 0x000000,
    0x000000, 0x000000, 0x000000, 0x000000, 0x000000, 0x000000, 0x000000, 0x000000, 0x000000,
    0x000000, 0x000000, 0x000000, 0x000000, 0x000000, 0x000000, 0x000000, 0x000000, 0x000000,
];
pub static JOHAB_FROM_UNICODE_TREE: PgMbRadixTree = PgMbRadixTree {
    chars16: &JOHAB_FROM_UNICODE_TREE_TABLE,
    chars32: &[],
    b1root: 0x0,
    b1_lower: 0x0,
    b1_upper: 0x0,
    b2root: 0x40,
    b2_1_lower: 0xc2,
    b2_1_upper: 0xd1,
    b2_2_lower: 0x80,
    b2_2_upper: 0xbf,
    b3root: 0x276,
    b3_1_lower: 0xe2,
    b3_1_upper: 0xef,
    b3_2_lower: 0x80,
    b3_2_upper: 0xbf,
    b3_3_lower: 0x80,
    b3_3_upper: 0xbf,
    b4root: 0x0,
    b4_1_lower: 0x0,
    b4_1_upper: 0x0,
    b4_2_lower: 0x0,
    b4_2_upper: 0x0,
    b4_3_lower: 0x0,
    b4_3_upper: 0x0,
    b4_4_lower: 0x0,
    b4_4_upper: 0x0,
};
